x [mm];y [mm];x-displacement [mm];y-displacement [mm];Transverse strain Exx - GL [S];Axial strain Eyy - GL [S];Shear strain Exy - GL [S];Maximum normal strain - GL [S];Minimum normal strain - GL [S];Affine transformation a [];Affine transformation b [];Affine transformation c [];Affine transformation d [];Confidence region [pixel];Correlation value [count];Enough pixels valid [];Number of iterations [];Vector status []
31.5305;1641.06;5.81715;-0.669149;0.0053399;0.00181902;-0.00121885;0.00572066;0.00143826;1.00322;0.00734543;0.000620559;1.00689;0.0303534;0.976561;1;3;1
54.5305;1641.06;5.93956;-0.730632;0.00200791;-0.00112991;0.00194001;0.00293401;-0.00205602;1.00536;-0.00475324;0.00112037;0.993772;0.0333043;0.980444;1;3;1
77.5306;1641.06;5.90941;-0.700141;-0.000517867;0.000843687;0.00238271;0.00264097;-0.00231515;0.995242;0.00369828;-0.000478665;0.999444;0.0288291;0.983675;1;3;1
100.531;1641.06;5.91531;-0.534321;-0.000285088;0.0069364;0.00283884;0.00791875;-0.00126743;1.00134;-0.00126326;-0.00699017;1.0117;0.0281216;0.982462;1;4;1
123.531;1641.06;5.89616;-0.590928;-0.00099062;0.00351175;3.17174e-05;0.00351197;-0.000990844;0.999422;0.00228154;-0.000955395;1.00113;0.0253738;0.987615;1;3;1
146.531;1641.06;5.86967;-0.601015;0.000827745;0.00397062;-0.00186319;0.00483657;-3.82093e-05;0.997644;-4.3918e-05;0.00343732;1.00846;0.0360979;0.968061;1;4;1
169.531;1641.06;5.93416;-0.668676;0.00232401;-0.00257982;-0.000185404;0.00233101;-0.00258682;0.997247;0.00851451;-0.00163626;0.993882;0.032181;0.984679;1;3;1
192.531;1641.06;5.97635;-0.697107;0.0028645;-0.00203779;0.000560638;0.0029278;-0.00210109;1.00327;0.00188245;0.00216359;0.990717;0.0272929;0.989042;1;3;1
215.531;1641.06;6.06568;-0.598218;0.00125272;0.00274437;0.00179458;0.00394194;5.51538e-05;1.00302;-0.00640972;0.00350749;1.00541;0.0298042;0.988626;1;3;1
238.531;1641.06;6.03388;-0.622574;-0.000188061;0.00643977;0.000401973;0.00646406;-0.000212352;0.999511;-0.00219145;-0.00779802;1.0012;0.0268371;0.983001;1;3;1
261.531;1641.06;6.05684;-0.466062;0.000695119;0.00777292;0.000655729;0.00783315;0.000634881;1.00276;0.00488971;-0.0011614;1.00931;0.0286367;0.985282;1;3;1
284.531;1641.06;6.06569;-0.503832;0.00146724;0.00288344;-0.00152414;0.00385593;0.000494747;1.00035;-0.00469396;-0.00141905;1.0017;0.0253059;0.987151;1;3;1
307.531;1641.06;6.12408;-0.604121;-0.000152724;2.26503e-05;0.00138476;0.0013225;-0.00145257;1.00438;-0.00527261;0.00745026;0.990811;0.0366206;0.963311;1;3;1
330.531;1641.06;6.05862;-0.436686;0.00175725;0.00791146;-0.00212309;0.00857282;0.00109589;0.993198;0.00763497;-0.00683586;1.01695;0.0313245;0.988695;1;4;1
353.531;1641.06;6.20482;-0.641662;0.00262042;-2.16088e-05;-0.0014423;0.00325524;-0.000656436;1.00171;-0.0117729;0.00174516;0.989806;0.0347673;0.981394;1;3;1
376.531;1641.06;6.1788;-0.5719;-0.000184573;0.00198635;0.00163948;0.00286713;-0.00106535;1.00605;0.00578573;-0.00301424;1.01028;0.0303368;0.98218;1;3;1
399.531;1641.06;6.19608;-0.489233;9.21797e-05;0.00587008;-0.000328255;0.00588867;7.35906e-05;0.996805;0.0172677;-0.00362125;1.01605;0.027004;0.986768;1;3;1
422.531;1641.06;6.1828;-0.423041;0.000518353;0.00828276;-0.000961925;0.00840016;0.000400956;0.997841;0.00632368;-0.00306212;1.00638;0.0248025;0.989954;1;3;1
445.531;1641.06;6.21987;-0.422965;0.00259695;0.00632536;-0.00303633;0.00802409;0.000898215;1.00369;0.0038953;0.00495641;1.01014;0.0231157;0.992892;1;3;1
468.531;1641.06;6.3018;-0.59077;0.00406143;-0.00123215;-0.000221767;0.0040707;-0.00124142;1.00318;0.00246473;-8.79377e-05;0.99406;0.0292503;0.986202;1;3;1
491.531;1641.06;6.40625;-0.503023;0.000376732;0.001257;0.00321779;0.00406462;-0.00243089;0.998302;-0.00733067;-0.00195192;0.994339;0.0253103;0.988599;1;3;1
514.531;1641.06;6.3186;-0.371648;-0.000402091;0.0082268;0.000469683;0.00825229;-0.000427582;1.00011;0.00501897;0.000537103;1.00497;0.0308748;0.985684;1;3;1
537.531;1641.06;6.38772;-0.453533;0.00230793;0.00437873;-0.00160952;0.00525712;0.00142954;1.00414;0.000679672;0.00555617;1.00632;0.0279234;0.984739;1;3;1
560.531;1641.06;6.42438;-0.52854;0.00229748;-0.000662067;-0.00100783;0.00260809;-0.000972669;0.998208;-0.0014077;-0.000309581;0.993509;0.031209;0.978159;1;3;1
583.531;1641.06;6.49316;-0.561058;0.000631738;0.000679462;0.0019795;0.00263524;-0.00132404;1.00755;-0.00368952;-0.00232018;0.993154;0.0299516;0.979105;1;3;1
606.531;1641.06;6.45327;-0.407286;0.00160253;0.00630677;0.00147698;0.00673205;0.00117726;1.00445;0.00971636;-0.00816374;1.0071;0.0294635;0.985229;1;3;1
629.531;1641.06;6.56638;-0.359996;0.00286635;0.00573081;0.00261768;0.00728245;0.0013147;1.00101;-0.00602309;0.00259243;1.00181;0.0237035;0.988083;1;3;1
652.531;1641.06;6.58487;-0.327575;0.000698632;0.00989233;0.0006689;0.00994074;0.00065022;1.0009;-0.0103886;-0.00529918;1.01065;0.0269833;0.989977;1;3;1
675.531;1641.06;6.5985;-0.391642;-9.86439e-05;0.00569923;-0.000812669;0.00581098;-0.000210399;0.9986;-0.000421849;0.00652489;1.00064;0.0316518;0.986188;1;3;1
698.531;1641.06;6.58028;-0.392621;0.001237;0.00273849;-0.00171104;0.00385625;0.000119249;1.00282;0.00259755;-0.00398965;1.00426;0.0312836;0.987314;1;2;1
721.531;1641.06;6.65523;-0.502481;0.00291461;-0.00101315;0.00143186;0.00338117;-0.00147971;1.00201;-0.00102168;0.00174299;0.996967;0.0272805;0.987982;1;3;1
744.531;1641.06;6.71414;-0.35565;0.000742401;0.00427802;0.00365955;0.00657438;-0.00155396;1.0013;-0.0108687;-0.00289281;1.01203;0.0274118;0.986609;1;3;1
767.531;1641.06;6.68878;-0.269903;0.00106694;0.0100273;-0.000667994;0.0100768;0.00101742;1.00507;0.0013146;-0.00217128;1.01528;0.0289868;0.986611;1;3;1
790.531;1641.06;6.76319;-0.340747;0.00119281;0.0073816;-3.69258e-05;0.00738182;0.00119259;1.00519;0.00604575;-0.00654998;1.01562;0.0350134;0.984544;1;4;1
813.531;1641.06;6.74361;-0.283878;0.000906926;0.00713943;0.0014522;0.00746119;0.000585169;0.999159;0.00389869;-0.0059832;1.00138;0.0331523;0.977147;1;3;1
836.531;1641.06;6.80464;-0.188684;0.00152831;0.00858403;-0.000210462;0.0085903;0.00152204;1.00229;-0.000603549;0.00355354;1.00971;0.0310113;0.975766;1;3;1
859.531;1641.06;6.81383;-0.230805;0.00130058;0.00728454;-0.00177314;0.00777049;0.00081463;0.998666;-0.00157695;0.00554199;1.01054;0.0301955;0.987957;1;3;1
882.531;1641.06;6.86443;-0.211364;0.0027055;0.00493057;0.00129793;0.00552752;0.00210854;0.996668;-0.00365992;-0.00725405;1.00075;0.0330773;0.977757;1;3;1
905.531;1641.06;6.93811;-0.262195;-0.000928013;0.00405525;-0.000924629;0.00422128;-0.00109404;1.00512;-0.00690942;0.0041612;1.00469;0.0270755;0.986489;1;3;1
928.531;1641.06;6.82167;-0.276875;0.001099;0.00327631;-0.00439854;0.00671891;-0.0023436;0.998925;0.0135077;0.000705313;1.00588;0.0344408;0.975275;1;3;1
951.531;1641.06;6.98853;-0.358334;0.00417659;0.000208104;0.000424901;0.00422158;0.00016312;1.00516;-0.00443966;-0.000936359;0.991536;0.0292369;0.980218;1;4;1
974.531;1641.06;7.01338;-0.237162;0.00184485;0.00300834;0.00193004;0.00444241;0.000410788;1.00538;-0.00450429;-0.00147328;1.0031;0.0339869;0.978729;1;3;1
997.531;1641.06;7.07317;-0.243255;0.00151636;0.00303737;0.00167233;0.004114;0.000439734;0.9998;0.00408237;0.00257867;1.00843;0.0330302;0.978706;1;3;1
1020.53;1641.06;7.08296;-0.13317;0.0012457;0.00441261;0.000770048;0.00458992;0.00106838;1.0055;0.00121378;-0.00327157;1.00947;0.0356369;0.973646;1;3;1
1043.53;1641.06;7.13029;-0.125743;0.00189155;0.00745759;-0.00259538;0.00847999;0.000869152;1.00117;0.00579397;0.00345987;1.00921;0.0324604;0.982336;1;3;1
1066.53;1641.06;7.16941;-0.34319;0.00461313;-0.00375073;-0.000913235;0.00471168;-0.00384928;1.00318;0.00351758;-0.00241483;0.991456;0.0299559;0.981441;1;3;1
1089.53;1641.06;7.34197;-0.18586;-0.00268808;0.00518132;0.00672764;0.0090404;-0.00654716;1.00364;-0.016684;-0.00938745;1.00391;0.027684;0.983271;1;4;1
1112.53;1641.06;7.04481;-0.0761407;-0.00268143;0.00713805;-0.00415616;0.00866098;-0.00420436;1.00239;0.014462;-0.00784909;1.00541;0.0308659;0.986851;1;4;1
1135.53;1641.06;7.21846;-0.187632;0.00541572;0.00150684;-0.00185194;0.00615377;0.000768792;1.00042;0.00158525;-0.00246431;0.99328;0.0304099;0.981862;1;4;1
1158.53;1641.06;7.29316;-0.173088;0.00338286;0.000597232;-0.00126363;0.00387065;0.00010944;1.01048;-0.00181246;0.000561261;0.996764;0.0314963;0.977618;1;3;1
1181.53;1641.06;7.37379;-0.153747;-0.00137973;0.00139529;-0.00024564;0.00141686;-0.0014013;0.992369;-0.00165955;0.00257929;0.999202;0.0319984;0.971389;1;2;1
1204.53;1641.06;7.22965;-0.186314;-0.00222126;-0.00181237;-0.003117;0.00110688;-0.00514051;0.993791;0.0137641;0.00218028;1.00018;0.0328926;0.971971;1;3;1
1227.53;1641.06;7.27147;-0.09901;0.00655891;0.00488073;-0.00219059;0.00806562;0.00337403;1.00987;0.00582416;-0.00437809;1.0045;0.0364314;0.958794;1;4;1
1250.53;1641.06;7.53033;-0.119828;0.00525314;0.00533012;0.000689752;0.00598245;0.0046008;1.00598;-0.0103067;-0.00107185;1.0024;0.0337176;0.970687;1;4;1
1273.53;1641.06;7.51225;-0.245831;-0.000770906;6.83016e-05;-0.00109258;0.000819083;-0.00152169;0.992576;-0.00639487;0.00942349;0.997092;0.0327398;0.979508;1;3;1
31.5305;1618.06;5.81165;-0.710948;0.0010179;0.0026743;0.000590171;0.00286307;0.000829136;1.00535;-0.0034255;-0.000793674;1.00409;0.022378;0.983713;1;2;1
54.5305;1618.06;5.83505;-0.704392;0.00187974;0.00334867;0.00032857;0.00341881;0.0018096;1.00172;0.00493756;0.000244871;1.00528;0.0225698;0.984319;1;2;1
77.5306;1618.06;5.89804;-0.719535;0.000100844;0.00136041;-0.000303728;0.00142983;3.14301e-05;0.997269;0.000325287;-0.000102509;0.999832;0.0245839;0.984714;1;3;1
100.531;1618.06;5.83969;-0.693185;-0.000799807;0.00535282;0.000535164;0.00539902;-0.000846009;1.00087;-0.000902737;-0.00305336;1.00103;0.0226328;0.9821;1;3;1
123.531;1618.06;5.8612;-0.67153;0.00166715;0.00437293;-0.000330332;0.00441267;0.0016274;1.00107;0.00113497;0.00208289;1.00809;0.0208997;0.989043;1;3;1
146.531;1618.06;5.91631;-0.692112;0.000732725;0.00408477;0.000119036;0.00408899;0.000728504;1.00496;0.00136439;-0.00267098;0.998211;0.0239064;0.9858;1;3;1
169.531;1618.06;5.89486;-0.60923;0.00150985;0.00120261;-0.00055816;0.00193515;0.000777317;0.99687;-0.00396907;-0.00187243;1.00128;0.0236621;0.985054;1;3;1
192.531;1618.06;5.98569;-0.650188;0.002737;0.00116307;-0.000480446;0.00287207;0.001028;1.00363;0.00104012;0.00152736;1.00346;0.0215057;0.98885;1;2;1
215.531;1618.06;6.02056;-0.661208;0.00209707;0.0035279;-0.00120304;0.00421216;0.0014128;1.00279;0.00068236;0.00248634;1.00082;0.0239182;0.978805;1;3;1
238.531;1618.06;6.0819;-0.770165;0.00143439;0.00215043;5.77598e-06;0.00215048;0.00143434;1.00097;0.00345817;-0.00225279;1.00825;0.0272118;0.972508;1;3;1
261.531;1618.06;6.08649;-0.64413;-0.000323709;0.00522536;0.00214475;0.00595768;-0.00105603;0.997519;0.000567274;-0.0114023;1.00646;0.024969;0.98469;1;3;1
284.531;1618.06;6.06657;-0.570056;0.000162558;0.00410509;0.000489268;0.0041649;0.000102748;1.00374;0.00428207;0.00101299;1.00737;0.0201618;0.990308;1;2;1
307.531;1618.06;6.09395;-0.604622;0.00153759;0.000693528;-0.000483072;0.00175702;0.000474101;0.999899;0.00326059;0.00334147;1.00592;0.0188132;0.992005;1;3;1
330.531;1618.06;6.13722;-0.617802;0.00238621;0.00557355;-0.00119424;0.00597137;0.0019884;1.00372;-0.00272798;0.000674475;0.998937;0.0239229;0.990735;1;3;1
353.531;1618.06;6.20357;-0.641165;0.000924952;0.00124738;-6.9552e-05;0.00126175;0.000910589;0.998529;-0.00159138;-0.00412204;1.0023;0.0226139;0.985383;1;3;1
376.531;1618.06;6.17975;-0.617541;0.00179449;0.00227408;-0.000407306;0.00250694;0.00156164;0.99888;0.000516646;-0.000497235;0.999094;0.0205246;0.985502;1;3;1
399.531;1618.06;6.28604;-0.623676;0.00175511;0.00454204;-0.000920104;0.0048184;0.00147875;1.00055;-0.000324941;0.00195454;1.0012;0.0215604;0.988541;1;2;1
422.531;1618.06;6.26041;-0.612632;-0.000239044;0.00645677;-0.000395951;0.0064801;-0.000262377;0.999454;0.000997044;-0.000811575;1.00913;0.0197072;0.987745;1;3;1
445.531;1618.06;6.27501;-0.567926;0.000255561;0.00576558;-0.000665398;0.00584479;0.000176345;0.999702;-0.00222123;-0.00380979;1.00616;0.0195347;0.988774;1;2;1
468.531;1618.06;6.27214;-0.562394;0.00202272;0.00163451;0.000277442;0.00216721;0.00149001;1.00529;-0.00205108;3.46963e-05;1.00204;0.019247;0.989448;1;3;1
491.531;1618.06;6.36794;-0.531884;0.00108333;0.00336551;0.00052256;0.00347947;0.000969367;1.00151;0.00170375;0.00078759;1.01268;0.0205896;0.985871;1;3;1
514.531;1618.06;6.32195;-0.560092;0.000327124;0.00749375;-0.00167589;0.00786629;-4.54127e-05;1.00349;0.00208125;-0.000442711;1.01431;0.0225603;0.983279;1;3;1
537.531;1618.06;6.38298;-0.554024;0.00206966;0.00507535;4.57841e-05;0.00507604;0.00206896;1.00033;-0.0020899;-0.00223423;1.00336;0.0185528;0.99203;1;3;1
560.531;1618.06;6.41703;-0.513306;0.00173658;0.000601121;-0.000150686;0.00175623;0.000581464;1.00157;-0.00115343;0.00170176;0.999991;0.0217169;0.990363;1;2;1
583.531;1618.06;6.46279;-0.57666;0.00151041;0.00159098;-0.00016204;0.00171767;0.00138372;1.00285;-0.000220788;-0.000623662;1.00344;0.0185286;0.99138;1;2;1
606.531;1618.06;6.48644;-0.551863;0.000512452;0.00568598;0.000532682;0.00574026;0.000458175;0.999201;0.00189692;-0.00318602;1.00447;0.0211079;0.990326;1;3;1
629.531;1618.06;6.48628;-0.49129;0.00112476;0.00445697;0.000566781;0.00455073;0.00103099;0.999085;0.00157026;0.00108323;1.00591;0.0179111;0.993536;1;3;1
652.531;1618.06;6.53815;-0.553937;0.00254457;0.00577189;-0.000271123;0.00579451;0.00252196;1.007;0.00112968;0.00296783;1.00459;0.0195028;0.991315;1;2;1
675.531;1618.06;6.60317;-0.522353;0.00142156;0.00609004;0.00084737;0.00623909;0.00127252;0.99844;0.00317289;-0.000924009;1.00619;0.0174404;0.993602;1;3;1
698.531;1618.06;6.60339;-0.455508;0.000104729;0.0041719;-0.000140066;0.00417672;9.99114e-05;1.00047;0.00287365;-0.0063591;1.00738;0.0204622;0.990686;1;2;1
721.531;1618.06;6.60797;-0.479118;0.0012886;0.000462399;-8.70242e-06;0.00128869;0.000462308;1.00044;0.00177646;0.00472754;1.00296;0.0189205;0.992213;1;3;1
744.531;1618.06;6.66263;-0.453777;0.00259093;0.00263294;-0.000358618;0.00297117;0.0022527;1.00474;0.00551711;-0.0012185;0.998526;0.0192379;0.990174;1;2;1
767.531;1618.06;6.72699;-0.499354;0.00207317;0.00613258;-0.000816333;0.00629059;0.00191516;1.00616;-0.00214107;-0.000735433;1.00533;0.0230491;0.988378;1;3;1
790.531;1618.06;6.75786;-0.509901;0.000574362;0.00411839;0.000155152;0.00412517;0.000567583;0.998903;0.001707;-0.00282093;1.00409;0.022568;0.990707;1;3;1
813.531;1618.06;6.75338;-0.447501;0.0018134;0.00419744;0.000714198;0.00439502;0.00161582;1.00347;0.00473367;-0.00345537;1.01055;0.0189443;0.990602;1;3;1
836.531;1618.06;6.84103;-0.385248;0.00284172;0.00475618;-5.95415e-05;0.00475803;0.00283987;1.00524;0.000863169;0.00362094;1.00454;0.0227174;0.987846;1;3;1
859.531;1618.06;6.88388;-0.397638;-0.00112633;0.00587178;0.000976422;0.00600546;-0.00126002;0.992209;-0.00207151;-0.00862702;1.00273;0.0266749;0.977575;1;3;1
882.531;1618.06;6.78915;-0.324366;0.00139002;0.00447293;0.000821564;0.0046782;0.00118475;1.00388;0.00197936;0.00132831;1.00523;0.0255664;0.975116;1;3;1
905.531;1618.06;6.94776;-0.355275;0.0040618;0.0043459;4.14353e-05;0.00435182;0.00405588;1.0076;0.00234333;-0.00562632;1.00546;0.0263705;0.98362;1;3;1
928.531;1618.06;6.97561;-0.351593;0.000893581;0.00244788;-0.0014894;0.00335069;-9.2302e-06;0.996888;5.94322e-05;0.00307382;1.00041;0.0242085;0.982579;1;3;1
951.531;1618.06;6.98885;-0.36312;0.000147363;0.00151534;0.000753115;0.00184871;-0.000186009;1.00175;-0.00162273;-0.001389;1.00419;0.0253832;0.988127;1;3;1
974.531;1618.06;6.98236;-0.306229;0.00129691;0.00330249;0.000948304;0.00367987;0.000919526;1.00448;0.00200511;0.00205876;1.00131;0.0254311;0.983404;1;3;1
997.531;1618.06;7.04844;-0.312995;0.00270395;0.00350562;0.00140099;0.00456199;0.00164758;1.0055;-0.00319272;-0.00325223;0.999561;0.0238478;0.985911;1;3;1
1020.53;1618.06;7.10652;-0.234425;0.00207665;0.00535348;9.04861e-05;0.00535598;0.00207416;1.00298;0.000143851;0.000642133;1.00458;0.0234602;0.980609;1;3;1
1043.53;1618.06;7.14386;-0.296629;0.00162961;0.00582395;-1.11903e-06;0.00582395;0.00162961;0.999316;-0.00473294;-0.00540873;1.00847;0.021121;0.987436;1;3;1
1066.53;1618.06;7.18142;-0.256757;0.000486412;0.000766878;-0.000291936;0.000950516;0.000302774;0.995064;0.00104391;0.00202098;1.00331;0.0209609;0.9858;1;3;1
1089.53;1618.06;7.16623;-0.304055;0.00117902;0.00295988;0.00129194;0.00363852;0.000500386;1.00397;0.00389207;-0.00283713;1.00274;0.0184315;0.992391;1;2;1
1112.53;1618.06;7.23562;-0.238948;0.00193106;0.00614878;-0.00114625;0.00644016;0.00163968;0.997944;-0.000300194;-0.000921397;1.00845;0.0191178;0.991415;1;3;1
1135.53;1618.06;7.2549;-0.222234;0.00288248;0.00322487;0.000109181;0.00325672;0.00285062;1.00383;0.000116335;-0.00249456;1.00855;0.0209874;0.988594;1;3;1
1158.53;1618.06;7.36799;-0.186699;0.00269034;0.00299518;0.000132766;0.00304489;0.00264062;1.00777;0.00356817;-0.00108097;1.00277;0.0201529;0.989558;1;3;1
1181.53;1618.06;7.37848;-0.185816;0.000712437;0.00300013;0.00124701;0.00354844;0.000164121;0.995892;-0.00131268;0.000718947;1.00639;0.0226673;0.983364;1;3;1
1204.53;1618.06;7.40073;-0.143954;0.00057186;0.0025782;-0.00116285;0.00311079;3.92673e-05;1.00035;0.000378003;-0.000872727;0.995871;0.0224415;0.988302;1;3;1
1227.53;1618.06;7.40477;-0.21061;0.000537616;0.00512216;-0.00232824;0.00609719;-0.000437408;1.00036;0.00521609;-0.000166281;1.00564;0.0221596;0.985746;1;3;1
1250.53;1618.06;7.42535;-0.241858;0.000689004;0.00528836;0.000811303;0.00542728;0.00055009;1.00047;-0.000202669;-0.00339408;1.00574;0.0243387;0.982454;1;3;1
1273.53;1618.06;7.43644;-0.247277;0.000482081;0.00099782;0.0011127;0.00188214;-0.000402244;0.999191;-0.00400399;0.00606778;1.0037;0.0278151;0.983022;1;3;1
31.5305;1595.06;5.77604;-0.791985;0.00544645;0.00456496;-0.00166437;0.00672744;0.00328397;1.00577;-0.0017607;-0.000747185;1.00379;0.0261675;0.983076;1;3;1
54.5305;1595.06;5.90079;-0.884397;0.00375783;0.00455526;-0.00019903;0.00460218;0.00371091;1.00176;-0.002604;-2.14443e-05;1.0055;0.0248867;0.970594;1;3;1
77.5306;1595.06;5.94857;-0.762661;0.000297174;0.00320453;0.000611508;0.00332791;0.000173791;1.00386;0.00272354;-0.00519443;1.00381;0.0243965;0.977377;1;3;1
100.531;1595.06;5.91434;-0.779895;-0.00045601;0.00403457;-0.00180465;0.00466992;-0.00109136;0.995456;0.00462897;0.0010809;1.00459;0.0193115;0.991882;1;3;1
123.531;1595.06;5.92758;-0.791634;0.000150036;0.00376935;-0.000958929;0.00400772;-8.83317e-05;1.00472;-0.000141436;0.00244005;1.00377;0.0211712;0.988921;1;3;1
146.531;1595.06;5.92124;-0.788504;0.00217221;0.00491569;0.000172468;0.00492649;0.00216141;1.00142;-0.000213266;3.54005e-05;1.00689;0.023795;0.984591;1;3;1
169.531;1595.06;6.02734;-0.723869;0.00102912;0.00602585;-0.000875238;0.00617472;0.000880243;0.9938;0.0019536;-0.00560473;1.00892;0.0246561;0.985771;1;3;1
192.531;1595.06;5.96853;-0.750576;0.000623121;0.00400212;-0.00063022;0.00411584;0.000509405;0.998413;0.000640391;0.00313974;1.00392;0.0218759;0.991485;1;3;1
215.531;1595.06;6.05598;-0.760215;0.0017823;0.00490453;0.000154788;0.00491218;0.00177464;1.00859;0.0030297;-0.00209333;1.00152;0.0266399;0.978796;1;3;1
238.531;1595.06;6.05044;-0.721385;0.000102779;0.00166442;0.000546548;0.0018367;-6.9498e-05;0.99623;-0.00180633;0.00450942;0.99716;0.0254529;0.986505;1;3;1
261.531;1595.06;6.06068;-0.705804;0.000215681;0.00363011;0.000746794;0.00378631;5.94896e-05;0.997991;0.00198591;-0.00358877;1.00115;0.023176;0.98437;1;2;1
284.531;1595.06;6.06035;-0.69228;0.00130783;0.00374324;-1.69333e-06;0.00374324;0.00130783;0.999164;-0.0040177;-0.00208961;1.00278;0.0206831;0.988619;1;2;1
307.531;1595.06;6.12075;-0.636012;0.0015494;0.00373777;-0.000690808;0.0039376;0.00134957;1.00444;-0.00135354;0.000259017;1.00076;0.0212748;0.988904;1;3;1
330.531;1595.06;6.13157;-0.692302;0.00197535;0.00343396;-0.00110173;0.0040259;0.00138341;1.00129;0.00144242;0.00314984;1.00646;0.0189379;0.989702;1;3;1
353.531;1595.06;6.21148;-0.699006;0.00222288;0.00350556;-0.000459255;0.00365304;0.0020754;1.00371;0.000706434;0.000477482;1.00296;0.0191765;0.993036;1;3;1
376.531;1595.06;6.2337;-0.676357;0.00161056;0.0048058;-0.00106598;0.00512878;0.00128758;0.995649;0.00111986;-0.0048144;1.00592;0.0185406;0.991872;1;2;1
399.531;1595.06;6.28551;-0.697608;0.000906374;0.00311002;4.87676e-05;0.0031111;0.000905296;0.998789;-0.00667286;0.00405354;1.00194;0.0222306;0.987559;1;3;1
422.531;1595.06;6.27536;-0.719007;0.00100229;0.00491006;-0.000236928;0.00492437;0.000987977;1.00337;-0.000592722;0.00183244;1.00303;0.0188316;0.988343;1;3;1
445.531;1595.06;6.33159;-0.687287;0.000805259;0.00520552;0.000210691;0.00521558;0.000795194;1.00286;0.00649888;-0.000541759;1.00515;0.0191617;0.991288;1;3;1
468.531;1595.06;6.31235;-0.665895;0.000629687;0.00506721;-0.000302182;0.00508769;0.000609204;1.00153;0.00111823;-0.00243;1.00548;0.0182024;0.991214;1;3;1
491.531;1595.06;6.36053;-0.657554;0.0030069;0.00490912;-0.000251105;0.00494171;0.00297431;1.0011;-0.00152516;0.00370072;1.00313;0.0195281;0.989847;1;2;1
514.531;1595.06;6.45044;-0.714891;0.0015212;0.00373553;-0.000955847;0.00409105;0.00116567;1.00569;0.00273263;0.000832002;1.00182;0.0265258;0.975918;1;3;1
537.531;1595.06;6.43045;-0.68639;-0.000750937;0.00518752;0.00147703;0.0055346;-0.00109802;0.99662;0.00705249;-0.00628643;1.00877;0.0222738;0.992187;1;3;1
560.531;1595.06;6.41561;-0.556182;0.000849702;0.00528557;-0.000500306;0.0053413;0.000793974;1.00173;0.00483282;0.00356352;1.0047;0.019729;0.989741;1;2;1
583.531;1595.06;6.46949;-0.634179;0.00162365;0.0022357;-0.00132731;0.00329181;0.000567542;0.999381;0.00546764;-0.00314644;0.999907;0.0219959;0.987442;1;3;1
606.531;1595.06;6.4901;-0.668087;0.000930446;0.00391976;0.000818643;0.00412927;0.000720939;1.00499;-0.00205266;0.00679047;1.00158;0.0199085;0.991353;1;3;1
629.531;1595.06;6.51221;-0.56453;0.00192678;0.00451178;0.000238718;0.00453364;0.00190492;1.00221;0.000595534;-0.00184435;1.00433;0.0193947;0.990347;1;3;1
652.531;1595.06;6.57858;-0.592319;0.00233842;0.00312632;-0.00191977;0.00469214;0.000772597;1.0052;0.00325722;0.00398688;1.00283;0.0203596;0.988448;1;3;1
675.531;1595.06;6.61953;-0.670931;0.00126152;0.00368421;-0.000237297;0.00370723;0.00123849;1.00149;0.00632264;0.000812132;0.999999;0.024148;0.989425;1;3;1
698.531;1595.06;6.63658;-0.584095;0.000836446;0.00493895;0.00130555;0.00531917;0.000456218;0.998304;0.00144212;-0.00633743;1.00348;0.0173219;0.99434;1;3;1
721.531;1595.06;6.65776;-0.523747;0.00196637;0.00391925;0.000828991;0.00422369;0.00166193;1.00129;-0.00559125;-0.00152199;1.00428;0.0186989;0.990859;1;3;1
744.531;1595.06;6.72681;-0.476604;0.00107941;0.00396993;-0.0009311;0.0042439;0.000805445;1.0029;-0.000690874;0.00377335;1.00559;0.0216897;0.98912;1;3;1
767.531;1595.06;6.70738;-0.551138;0.00161393;0.00324237;-0.000686301;0.00349302;0.00136327;1.00069;0.00562038;-0.0034353;1.00106;0.0230623;0.983147;1;3;1
790.531;1595.06;6.80096;-0.529789;0.00208171;0.00336798;0.00101435;0.00392589;0.00152379;1.00028;0.000446499;-0.00296143;1.00723;0.0233389;0.980051;1;3;1
813.531;1595.06;6.80297;-0.476519;0.00128916;0.00257347;0.00141836;0.00348827;0.00037436;1.00554;0.00064441;-0.00053095;1.00018;0.0218709;0.987468;1;3;1
836.531;1595.06;6.86006;-0.406917;-0.000386063;0.00441576;-0.00110713;0.00465873;-0.000629036;0.998183;-0.000647706;0.00200519;1.00535;0.0238914;0.982069;1;3;1
859.531;1595.06;6.78521;-0.500109;-0.000622077;0.00395263;0.00042057;0.00399097;-0.00066042;0.998839;-0.00219484;-0.00121231;1.00539;0.0237098;0.978937;1;3;1
882.531;1595.06;6.83144;-0.416649;0.00265317;0.00657261;-0.000732938;0.00670518;0.00252059;1.00408;0.00492229;-0.000939903;1.00445;0.0231848;0.978602;1;3;1
905.531;1595.06;6.90707;-0.461663;0.00259652;0.00400069;0.00079117;0.00435637;0.00224084;0.997823;0.00065382;-0.00168035;1.01055;0.0215476;0.982612;1;3;1
928.531;1595.06;6.95072;-0.389159;0.00125337;0.00471757;0.0015136;0.00528573;0.00068522;1.00351;-0.000686935;0.00357071;1.00886;0.0240037;0.982192;1;3;1
951.531;1595.06;6.96468;-0.427981;0.000560047;0.00514125;0.00139507;0.00553264;0.000168655;0.997883;0.000526355;0.00132847;1.00668;0.0222951;0.983365;1;2;1
974.531;1595.06;6.97647;-0.388811;0.00112707;0.00445684;0.000244193;0.00447465;0.00110925;0.998995;-0.00362856;-0.00629247;1.00237;0.0271129;0.982549;1;3;1
997.531;1595.06;7.01649;-0.404197;0.00249445;0.00346498;0.000297029;0.00354867;0.00241076;1.00347;0.00645642;-0.00573728;1.00831;0.0257302;0.970235;1;3;1
1020.53;1595.06;7.09107;-0.378773;0.00199061;0.00613373;0.00108474;0.00640055;0.00172379;1.01082;0.00241012;0.00319646;1.009;0.0215776;0.984257;1;3;1
1043.53;1595.06;7.10797;-0.392864;0.00212738;0.00392453;0.00103515;0.00439671;0.0016552;0.997983;-0.00623977;0.00105754;1.00505;0.0264105;0.977236;1;3;1
1066.53;1595.06;7.18883;-0.378448;0.00289936;0.00381944;0.00168029;0.00510153;0.00161727;0.999729;-0.000299985;-0.00106223;1.00409;0.0216901;0.987594;1;3;1
1089.53;1595.06;7.24109;-0.321703;0.000944083;0.00280063;0.000702833;0.00303669;0.000708026;1.00042;0.00148154;-0.00298289;1.0018;0.0199289;0.988888;1;3;1
1112.53;1595.06;7.23223;-0.357741;0.000426596;0.0053227;-0.000434029;0.00536088;0.000388418;1.00071;0.00539744;0.00327005;1.00293;0.0202553;0.986596;1;3;1
1135.53;1595.06;7.26071;-0.335718;0.00185406;0.00496135;0.00014025;0.00496767;0.00184774;1.00368;0.00213309;-0.00829135;1.00209;0.0191652;0.990965;1;3;1
1158.53;1595.06;7.31741;-0.310654;0.000898366;0.00434345;0.00122485;0.00473453;0.000507282;0.998256;-0.00821448;0.00518426;1.00963;0.0207946;0.986364;1;3;1
1181.53;1595.06;7.30199;-0.29149;-0.000123557;0.00476498;0.00162163;0.00525399;-0.000612567;1.00137;-0.00282833;-0.00866001;1.00537;0.0210434;0.989343;1;3;1
1204.53;1595.06;7.31173;-0.304685;0.00185452;0.00687555;0.000116766;0.00687827;0.0018518;1.00322;-0.00231792;0.00663218;1.01212;0.021687;0.987946;1;3;1
1227.53;1595.06;7.3872;-0.333884;0.00233347;0.00398751;-0.000477918;0.00411567;0.00220531;1.00072;-0.00267326;-0.0014458;0.998445;0.0200728;0.991259;1;3;1
1250.53;1595.06;7.41891;-0.362319;0.000258788;0.00440552;8.85866e-05;0.00440741;0.000256897;1.00471;0.000904553;-0.000926433;1.00576;0.0207085;0.989565;1;3;1
1273.53;1595.06;7.39908;-0.291569;-0.00085677;0.00320689;0.000815972;0.00336461;-0.00101449;0.996831;0.0100105;-0.0037767;1.00184;0.0259145;0.989433;1;3;1
31.5305;1572.06;5.77928;-0.920448;0.00450394;0.00376431;-0.000644657;0.00487733;0.00339093;1.00317;-0.00363284;0.00141976;0.999467;0.0236743;0.987031;1;2;1
54.5305;1572.06;5.88264;-0.913434;0.00364466;0.00287986;0.000179214;0.00368458;0.00283994;1.00089;0.00203178;-2.32143e-05;0.998695;0.0234293;0.980168;1;3;1
77.5306;1572.06;5.9466;-0.866682;0.00204693;0.00462514;0.000206491;0.00464158;0.00203049;1.00513;0.00107706;-0.00169824;1.00572;0.0202113;0.989281;1;3;1
100.531;1572.06;5.97669;-0.878199;-0.000126528;0.00467604;-0.000297441;0.00469439;-0.00014488;0.994804;0.0014511;0.0021688;1.00821;0.02124;0.991952;1;3;1
123.531;1572.06;5.94077;-0.844526;-0.000179156;0.00321153;-0.000687304;0.00334555;-0.000313177;1.00348;0.00091208;0.000137958;1.00256;0.0199535;0.988488;1;3;1
146.531;1572.06;5.96843;-0.917651;0.00158072;0.00371396;-0.000984912;0.00409914;0.00119554;1.00163;0.00061544;0.000905574;1.00287;0.0210647;0.987856;1;3;1
169.531;1572.06;6.01341;-0.885437;0.000844189;0.00417362;0.00192404;0.00505315;-3.53426e-05;1.00415;-0.00454417;-0.00289895;1.00045;0.0221064;0.988393;1;3;1
192.531;1572.06;6.00717;-0.833914;0.000482997;0.00403756;-0.00108517;0.00434266;0.000177894;0.995127;-0.00179831;-0.00229981;1.00272;0.0245243;0.983532;1;3;1
215.531;1572.06;6.03562;-0.886263;0.00171783;0.00285913;-0.000694571;0.00318741;0.00138956;1.00393;-0.00175877;0.00368536;1.0081;0.0239825;0.983648;1;3;1
238.531;1572.06;6.08612;-0.846665;0.000248751;0.00453726;-0.000219522;0.00454846;0.000237543;0.998866;0.00537888;-0.000402204;1.01486;0.0223663;0.986308;1;3;1
261.531;1572.06;6.047;-0.810797;0.00110254;0.0042211;0.000381175;0.00426702;0.00105662;1.00147;0.000190161;-0.00354322;1.00524;0.0219489;0.987725;1;2;1
284.531;1572.06;6.13669;-0.74187;0.00240272;0.00378552;-0.000716727;0.00408997;0.00209826;1.00229;0.00616985;0.00247457;1.0028;0.0258982;0.977025;1;3;1
307.531;1572.06;6.15738;-0.776196;0.000839925;0.00640604;-0.00099508;0.00657858;0.000667379;1.00067;0.00801882;-0.000899851;1.01159;0.0219431;0.989612;1;3;1
330.531;1572.06;6.1753;-0.775478;0.00227033;0.004092;-0.000511031;0.00422557;0.00213676;1.00114;0.0017926;-0.000980218;1.00716;0.0202667;0.991558;1;2;1
353.531;1572.06;6.26169;-0.802103;0.00225931;0.00417135;-0.000295126;0.00421587;0.00221479;1.00746;0.000937574;0.00566416;1.00523;0.0200559;0.990835;1;2;1
376.531;1572.06;6.27907;-0.837972;-0.00049697;0.00504289;-0.000232393;0.00505263;-0.000506701;0.990846;-0.00104593;-0.00846766;1.00454;0.0191917;0.989767;1;3;1
399.531;1572.06;6.23881;-0.766491;0.000293205;0.00383558;0.00038828;0.00387764;0.000251145;1.00276;3.26057e-05;0.00205623;1.00581;0.0190705;0.991667;1;2;1
422.531;1572.06;6.29255;-0.837932;0.00152703;0.00352176;-9.32671e-05;0.00352611;0.00152268;1.0005;0.00289208;0.00396455;1.01028;0.0213008;0.987566;1;3;1
445.531;1572.06;6.30898;-0.806747;0.00081029;0.00383711;0.000695564;0.0039893;0.000658101;0.999592;-0.000545704;-0.00136939;1.00629;0.0207122;0.989251;1;3;1
468.531;1572.06;6.32979;-0.794862;0.000716124;0.00360211;-0.000181388;0.00361346;0.000704768;1.00191;0.0036271;0.000235161;1.0056;0.0187935;0.990484;1;2;1
491.531;1572.06;6.34189;-0.757144;0.00111164;0.00328966;0.000678386;0.00348367;0.000917626;0.999864;-0.000783681;-0.00196036;0.999242;0.0210223;0.990119;1;3;1
514.531;1572.06;6.38085;-0.731569;0.00140907;0.00169623;0.000787202;0.00235284;0.000752461;1.00636;-0.00030526;0.00191834;0.999863;0.0220416;0.989702;1;2;1
537.531;1572.06;6.40665;-0.792028;0.00293068;0.00410598;0.00011359;0.00411686;0.0029198;1.00138;-0.000168951;0.0012544;1.004;0.0211647;0.98833;1;3;1
560.531;1572.06;6.51546;-0.755698;0.00144073;0.00611369;0.000491184;0.00616476;0.00138966;1.0015;0.00256522;-0.00299342;1.00749;0.0178179;0.993048;1;2;1
583.531;1572.06;6.47273;-0.679387;-0.000747608;0.0036941;-0.000411638;0.00373193;-0.000785435;0.99898;0.00026587;0.000171676;1.00397;0.0187884;0.992513;1;3;1
606.531;1572.06;6.48105;-0.73182;0.00147047;0.00213837;-0.00078471;0.00265723;0.000951604;1.00176;0.00312601;0.001133;0.996843;0.0225301;0.987889;1;3;1
629.531;1572.06;6.54032;-0.698335;0.00276105;0.00483544;0.000367524;0.00489863;0.00269786;1.00252;-0.00183306;0.000385415;1.0035;0.0186366;0.993778;1;3;1
652.531;1572.06;6.60787;-0.697471;0.00202155;0.00300316;0.000175997;0.00303376;0.00199095;1.00616;-0.00349755;0.00176662;1.00125;0.0228799;0.984538;1;2;1
675.531;1572.06;6.63322;-0.691505;0.000506585;0.00258377;0.000240403;0.00261123;0.000479125;0.994297;0.00093518;-0.00766429;1.00722;0.0189087;0.990124;1;3;1
698.531;1572.06;6.63117;-0.682133;0.000137899;0.00389064;0.000542308;0.00396744;6.11013e-05;1.00104;-0.00166818;0.00165897;1.0047;0.0181263;0.990353;1;3;1
721.531;1572.06;6.63955;-0.659041;0.00194936;0.00407973;0.000125908;0.00408714;0.00194194;1.00287;0.00455607;-0.00358062;1.00545;0.0209275;0.990348;1;3;1
744.531;1572.06;6.72073;-0.635996;0.0021155;0.00512202;0.000170465;0.00513165;0.00210586;1.00255;0.00432495;0.00410568;1.00225;0.0202431;0.991953;1;3;1
767.531;1572.06;6.73676;-0.648261;0.000407277;0.00269806;-0.000274977;0.00273061;0.000374732;1.00118;-0.00141907;-0.00173875;1.00567;0.0200154;0.994086;1;3;1
790.531;1572.06;6.73945;-0.664564;0.000204338;0.00379982;0.00128815;0.00421369;-0.000209527;0.998969;-0.0071179;-0.00250127;1.00019;0.0208019;0.986954;1;3;1
813.531;1572.06;6.74608;-0.565728;0.00391722;0.00319867;0.000788414;0.00442436;0.00269153;1.00281;-0.00290691;8.83016e-05;0.998532;0.0240849;0.981276;1;3;1
836.531;1572.06;6.91922;-0.58786;0.00194338;0.0056537;0.000210426;0.00566559;0.00193148;1.00144;-0.00211689;-0.0032236;1.0034;0.0228732;0.989936;1;3;1
859.531;1572.06;6.83539;-0.579075;-0.00052616;0.0031105;-0.00135934;0.00356244;-0.000978103;0.995086;0.00499315;0.000916985;1.00192;0.0256817;0.976748;1;3;1
882.531;1572.06;6.895;-0.625598;0.00146446;0.00550683;-0.000365233;0.00553957;0.00143173;1.00353;0.00269472;-0.00216795;1.00963;0.023744;0.979961;1;3;1
905.531;1572.06;6.90269;-0.538918;-0.000535368;0.0022251;0.000691126;0.00238847;-0.000698734;1.00407;-0.00121583;0.00313465;0.995211;0.0232624;0.980493;1;3;1
928.531;1572.06;6.87033;-0.567972;-0.000906762;0.00476994;-0.00027919;0.00478364;-0.00092046;0.995972;-0.00335288;0.00250146;1.00104;0.0267279;0.970944;1;3;1
951.531;1572.06;6.86092;-0.598836;0.00247026;0.00456492;0.00086029;0.00487295;0.00216224;1.00069;-0.00136891;-0.000134201;1.00107;0.0228222;0.980237;1;3;1
974.531;1572.06;6.98379;-0.510789;0.00371297;0.00425739;0.00140451;0.00541582;0.00255454;1.00443;-0.000413605;-0.00372112;0.999017;0.0250731;0.985069;1;3;1
997.531;1572.06;7.03123;-0.472106;0.000750663;0.00373529;0.00032299;0.00376985;0.00071611;1.00008;-0.00387916;-0.000873962;0.993257;0.023264;0.9806;1;2;1
1020.53;1572.06;7.0183;-0.515632;0.000389844;0.00517624;0.000772529;0.00529783;0.000268246;1.00354;-0.00355531;-0.00162614;1.00165;0.0255858;0.979178;1;2;1
1043.53;1572.06;7.04916;-0.476707;0.00174662;0.00401375;0.00207679;0.0052462;0.000514173;1.00239;0.00547395;0.000802298;1.00192;0.0227002;0.979472;1;3;1
1066.53;1572.06;7.0985;-0.432043;0.00159349;0.00436803;0.00118376;0.00480444;0.00115708;1.00338;-0.0035744;-0.00232194;1.00126;0.0212527;0.98449;1;3;1
1089.53;1572.06;7.12238;-0.432684;0.00354918;0.00439712;-1.80878e-05;0.0043975;0.00354879;1.00301;0.00451818;0.000191205;1.0037;0.0230478;0.985434;1;3;1
1112.53;1572.06;7.26145;-0.483137;0.00363442;0.00314081;0.000324482;0.00379529;0.00297993;1.00073;-0.00599118;0.00189818;1.00589;0.0220425;0.986115;1;3;1
1135.53;1572.06;7.28925;-0.44988;0.000836005;0.00413965;0.00136422;0.00463017;0.000345488;1.00445;-0.00496943;-0.0055432;1.00022;0.0215847;0.986529;1;3;1
1158.53;1572.06;7.29979;-0.386015;-0.00117246;0.00502347;0.00109195;0.00521027;-0.00135927;0.998282;0.00403313;0.00220048;1.00549;0.0241512;0.986994;1;3;1
1181.53;1572.06;7.23527;-0.404263;0.00103698;0.00493;-0.000457314;0.004983;0.000983982;0.999112;-0.00160077;-0.0052178;1.00245;0.0225902;0.986256;1;3;1
1204.53;1572.06;7.3474;-0.459119;0.00338921;0.00446231;-0.00038127;0.00458398;0.00326754;0.99808;-0.000408249;-0.00161778;0.999056;0.0253593;0.979576;1;3;1
1227.53;1572.06;7.39091;-0.393669;0.00244413;0.00271904;0.000164089;0.00279564;0.00236753;1.00554;-0.00158345;0.0038106;1.0099;0.0221719;0.984817;1;3;1
1250.53;1572.06;7.45969;-0.444054;0.00244804;0.00113475;0.000349555;0.00253529;0.00104751;1.00132;-0.000637114;-0.000546836;1.00048;0.0194641;0.990042;1;3;1
1273.53;1572.06;7.50338;-0.394509;0.00190341;0.00177169;-6.71142e-05;0.00193158;0.00174352;1.00295;-0.00238242;0.000185095;1.00523;0.0253324;0.987294;1;3;1
31.5305;1549.06;5.8491;-0.964761;0.00387875;0.00261345;-0.00210107;0.00544036;0.00105185;1.00249;0.00485912;0.000871758;1.00815;0.024822;0.977923;1;3;1
54.5305;1549.06;5.93808;-1.01667;0.00252132;0.00322609;-0.00120879;0.00413281;0.0016146;1.00238;0.00224094;-0.00220941;1.00656;0.0220301;0.989551;1;3;1
77.5306;1549.06;5.96494;-0.974925;0.000562953;0.00389869;0.000796293;0.00407903;0.000382615;1.008;-0.000533497;0.00235473;1.00939;0.022694;0.983691;1;2;1
100.531;1549.06;5.96397;-0.994466;-0.000297479;0.00358135;0.000479244;0.00363968;-0.000355814;0.988689;-0.00247987;0.00179653;1.00245;0.0224459;0.986148;1;3;1
123.531;1549.06;5.95124;-0.939122;0.000146852;0.00364034;-0.000636693;0.00375276;3.44317e-05;1.00645;0.00144091;-0.00155129;1.0079;0.0259384;0.975772;1;3;1
146.531;1549.06;5.97071;-0.959003;-0.000363731;0.00144126;-0.00042835;0.00153776;-0.000460226;1.00073;-0.000201265;-0.000852564;1.00585;0.0252482;0.984185;1;3;1
169.531;1549.06;5.93449;-0.915363;0.00210639;0.00386815;-9.07484e-05;0.00387281;0.00210173;1.00093;-0.000661388;0.00137306;1.00369;0.0221132;0.990654;1;3;1
192.531;1549.06;6.06749;-0.935825;0.00375744;0.00442769;-0.00110509;0.00524735;0.00293778;1.01098;0.0039149;-0.00329617;1.00224;0.0237294;0.983139;1;3;1
215.531;1549.06;6.10701;-0.891519;0.00171723;0.00171508;-0.00083507;0.00255123;0.000881084;0.994603;0.0037358;0.00142245;0.999201;0.0230861;0.984208;1;3;1
238.531;1549.06;6.14642;-0.929528;0.000516688;0.00354702;-0.000308197;0.00357805;0.00048566;1.00419;-0.000376239;0.00155872;0.998804;0.0198047;0.990075;1;3;1
261.531;1549.06;6.13077;-0.899513;0.000313197;0.00513149;-0.000186949;0.00513874;0.000305954;0.998988;0.00408027;-0.00300821;1.00391;0.0195058;0.993239;1;3;1
284.531;1549.06;6.16078;-0.865976;0.0010367;0.00455371;-0.000226611;0.00456825;0.00102216;0.999557;-0.00313954;0.000273405;1.00701;0.0236753;0.984977;1;3;1
307.531;1549.06;6.17842;-0.929716;-0.000179455;0.00416452;5.65036e-05;0.00416525;-0.00018019;1.00263;-0.00965429;0.00306616;0.998591;0.0204613;0.990726;1;3;1
330.531;1549.06;6.15252;-0.880145;-5.32271e-05;0.00468007;5.36142e-05;0.00468068;-5.38343e-05;0.995249;0.000325338;-0.00228175;1.00432;0.0210344;0.988721;1;3;1
353.531;1549.06;6.17596;-0.890476;0.003013;0.00541951;-9.09113e-05;0.00542294;0.00300957;1.00499;-0.00192401;0.0022996;1.00525;0.0174504;0.993873;1;2;1
376.531;1549.06;6.2909;-0.907712;0.00160741;0.00268016;0.000684518;0.00301342;0.00127415;0.999887;0.00149974;-0.002058;1.00014;0.0191595;0.992529;1;3;1
399.531;1549.06;6.24984;-0.873694;-0.00102787;0.00445875;0.000260591;0.0044711;-0.00104022;0.995757;0.000908914;-0.000744307;1.00354;0.0201889;0.98896;1;3;1
422.531;1549.06;6.24359;-0.880712;0.00132723;0.00216198;-6.69684e-05;0.00216731;0.00132189;1.00604;0.00141107;0.000483002;0.998081;0.0183309;0.993141;1;3;1
445.531;1549.06;6.31085;-0.863452;0.00294373;0.00289989;0.000722432;0.00364457;0.00219904;1.00416;-0.00466218;0.00210048;1.00241;0.022371;0.980267;1;3;1
468.531;1549.06;6.37877;-0.831246;0.00110512;0.00385688;-0.000194076;0.0038705;0.0010915;1.00255;0.00113148;0.00441083;1.00285;0.0211422;0.988699;1;3;1
491.531;1549.06;6.36162;-0.80863;-0.0007722;0.00432804;-0.000254351;0.0043407;-0.000784853;0.990504;0.00529453;-0.00301947;1.00932;0.0193264;0.990469;1;3;1
514.531;1549.06;6.34322;-0.792727;0.000745843;0.00588601;-0.00131118;0.00620115;0.000430703;1.00823;0.000533575;0.00357014;1.01072;0.0211179;0.985858;1;3;1
537.531;1549.06;6.39587;-0.874865;0.00305782;0.00311872;-0.000943407;0.00403217;0.00214437;0.998778;-0.000295081;0.00147251;1.0067;0.0190964;0.99201;1;3;1
560.531;1549.06;6.48365;-0.836507;0.00295119;0.00354487;0.00172277;0.00499619;0.00149988;1.00439;-0.0058833;-0.000110014;1.0026;0.0191543;0.988929;1;3;1
583.531;1549.06;6.53137;-0.803753;0.00129717;0.0059647;0.000470236;0.00601161;0.00125026;0.99939;-0.000707982;-0.000552928;1.00998;0.0192028;0.990234;1;3;1
606.531;1549.06;6.54323;-0.766316;-0.000401034;0.00378909;-0.000249805;0.00380393;-0.000415875;0.998726;-0.00039001;-0.00496853;1.01011;0.0190142;0.989865;1;2;1
629.531;1549.06;6.51292;-0.786425;0.000566432;0.00413462;0.000439301;0.00418791;0.000513143;1.00322;0.00155211;-0.000339022;1.00956;0.0194065;0.989545;1;3;1
652.531;1549.06;6.56926;-0.730257;0.00217369;0.00331622;0.000646562;0.00360773;0.00188218;1.00147;0.00120156;-0.000959415;1.00544;0.0210279;0.989737;1;2;1
675.531;1549.06;6.6128;-0.789631;0.00108814;0.00272749;-6.3425e-06;0.00272752;0.00108812;0.999641;-0.00191969;-0.000808789;1.00469;0.0171573;0.991231;1;3;1
698.531;1549.06;6.61928;-0.762714;0.00173417;0.00401377;0.000385403;0.00407716;0.00167077;1.00334;-0.000565422;-7.676e-05;1.00494;0.0167894;0.994503;1;3;1
721.531;1549.06;6.69243;-0.71102;0.00223574;0.0033599;0.000369083;0.00347024;0.0021254;1.0032;-0.0007736;-0.00433367;1.00425;0.0193605;0.989915;1;3;1
744.531;1549.06;6.72198;-0.711616;0.00025248;0.00359768;0.00126882;0.00402448;-0.000174324;0.996069;-0.00272939;-0.000744259;1.00809;0.0207436;0.989336;1;3;1
767.531;1549.06;6.70403;-0.675081;0.000942428;0.00353042;-0.000390478;0.00358805;0.000884795;0.999509;0.000194767;-4.24507e-05;1.00794;0.0194785;0.990942;1;2;1
790.531;1549.06;6.76531;-0.704236;0.00224972;0.00342671;-0.000285476;0.0034923;0.00218413;1.00692;0.00521523;-0.00168523;1.00154;0.0230568;0.987851;1;3;1
813.531;1549.06;6.80737;-0.623423;0.00134991;0.00494771;0.000259415;0.00496631;0.0013313;0.993925;-0.00372048;-0.00407345;1.00359;0.0195231;0.989066;1;3;1
836.531;1549.06;6.82735;-0.666245;0.00141596;0.00368936;0.000996011;0.00406399;0.00104133;1.00537;-0.00021979;0.00413891;1.00316;0.0213044;0.987758;1;3;1
859.531;1549.06;6.87246;-0.642888;0.00169628;0.00428765;-0.000762786;0.00449551;0.00148842;0.997601;-1.97157e-05;-0.00567931;1.00659;0.0233486;0.982946;1;3;1
882.531;1549.06;6.90531;-0.66921;0.000627436;0.00119628;0.00114418;0.00209085;-0.00026714;1.00183;-0.00436814;4.33829e-05;0.996111;0.0241465;0.978637;1;3;1
905.531;1549.06;6.90124;-0.563904;0.000236957;0.00469162;0.000545339;0.00475741;0.000171168;1.00452;-0.000638673;0.00505317;1.00777;0.0258141;0.970088;1;4;1
928.531;1549.06;6.91617;-0.608042;0.00091017;0.00418902;-0.00104853;0.00449565;0.000603542;0.996583;0.00455056;-0.00273888;1.00178;0.0274569;0.972343;1;3;1
951.531;1549.06;6.94303;-0.637485;0.00126972;0.00202366;-0.00120645;0.00291067;0.000382715;1.00082;0.00211171;-0.00194236;1.00659;0.0250886;0.979758;1;3;1
974.531;1549.06;6.97453;-0.584236;0.000847097;0.00416889;6.32782e-05;0.0041701;0.000845892;1.00588;0.00406221;0.00138327;1.00801;0.0237556;0.978487;1;3;1
997.531;1549.06;6.98194;-0.575688;0.00088915;0.00442027;0.000322418;0.00444947;0.000859952;1.00016;-0.00532422;0.00111041;1.00579;0.0235434;0.98425;1;3;1
1020.53;1549.06;7.0154;-0.616205;0.000414696;0.00414985;-5.39135e-05;0.00415062;0.000413918;1.00159;-0.00183661;-0.00163311;1.0087;0.0232367;0.9818;1;3;1
1043.53;1549.06;7.00101;-0.577003;0.00236913;0.00340196;0.000368768;0.00352011;0.00225098;1.00132;-0.003769;0.00331553;1.00152;0.0281382;0.978689;1;3;1
1066.53;1549.06;7.12424;-0.578896;0.0041527;0.0055579;0.000397764;0.00566268;0.00404792;1.00264;0.00426457;-0.00287594;1.00802;0.025254;0.979168;1;3;1
1089.53;1549.06;7.19161;-0.523501;0.00132962;0.00502907;0.000831153;0.00520722;0.00115146;1.00278;-0.00497929;-0.00420829;1.01054;0.0219299;0.983876;1;3;1
1112.53;1549.06;7.1853;-0.501968;0.000894616;0.00258519;0.000680506;0.00282507;0.00065473;0.998837;0.000462177;0.00115812;1.00456;0.0247863;0.979721;1;3;1
1135.53;1549.06;7.23274;-0.525741;0.00168523;0.00455144;-0.000219755;0.00456819;0.00166848;1.00024;0.00405011;0.00356676;1.00949;0.0224152;0.983499;1;3;1
1158.53;1549.06;7.26274;-0.541124;0.000824039;0.00528954;0.00105926;0.00552806;0.000585514;1.00073;-0.00247158;-0.00122629;1.00394;0.0259901;0.984284;1;3;1
1181.53;1549.06;7.27063;-0.517704;0.00205793;0.00337572;0.000358267;0.00346682;0.00196683;1.00424;-0.000573704;-0.0027896;1.00806;0.0249035;0.981636;1;3;1
1204.53;1549.06;7.35729;-0.509473;0.00253831;0.00184329;0.000302975;0.00265184;0.00172976;1.00211;0.00571981;0.000570666;1.00608;0.0218716;0.986431;1;3;1
1227.53;1549.06;7.38721;-0.45879;0.000626134;0.00493263;0.00135419;0.00532306;0.0002357;1.00353;0.000980451;-0.00492732;1.00509;0.0216815;0.986397;1;3;1
1250.53;1549.06;7.38599;-0.414476;0.00255092;0.00272442;0.00243941;0.00507862;0.000196718;0.998073;-0.00466129;0.0027525;1.00422;0.0214084;0.990712;1;3;1
1273.53;1549.06;7.50432;-0.372874;0.00515992;0.00417845;0.00130789;0.00606611;0.00327226;1.0087;-0.0018543;-0.00235401;0.996815;0.027202;0.981801;1;3;1
31.5305;1526.06;5.86816;-1.04042;0.00502341;0.00420875;-0.000953456;0.0056529;0.00357926;1.00115;0.00329639;-0.00313405;1.00192;0.0240299;0.984922;1;3;1
54.5305;1526.06;5.9834;-1.06149;0.000598004;0.00304866;-0.000895673;0.00334111;0.000305551;1.00371;0.00143338;0.000928245;1.00225;0.0243697;0.987626;1;3;1
77.5306;1526.06;5.89565;-1.04565;-0.000323128;0.00386252;-8.86429e-05;0.0038644;-0.000325005;1.00133;-0.00137713;0.000282993;0.997421;0.0221193;0.99;1;2;1
100.531;1526.06;5.96852;-1.04265;0.0030325;0.00234631;-5.00219e-05;0.00303613;0.00234268;1.00255;0.00120488;-0.00159406;0.998534;0.0226777;0.987016;1;3;1
123.531;1526.06;6.03493;-1.01158;0.00137409;0.00363206;0.000711935;0.00383779;0.00116836;0.999136;-0.00230721;0.00204543;0.996786;0.0236581;0.987454;1;3;1
146.531;1526.06;6.03165;-0.983858;0.000218792;0.00266936;-0.00148358;0.00336822;-0.000480067;0.998465;0.00857278;-1.22467e-05;1.00171;0.0238144;0.989554;1;3;1
169.531;1526.06;6.04496;-1.06302;0.00219141;0.00343805;-0.00171518;0.00463966;0.000989799;1.00844;0.00657266;0.00382494;1.00396;0.0215653;0.987641;1;3;1
192.531;1526.06;6.13232;-1.03697;0.00160472;0.00339942;0.000698427;0.00363918;0.00136495;1.00769;0.00158407;-0.00195517;1.00472;0.0213032;0.988999;1;3;1
215.531;1526.06;6.11861;-0.965014;-0.000562197;0.00354793;-0.000100296;0.00355038;-0.000564643;0.997387;0.00088234;-0.00127918;1.00859;0.0197124;0.985909;1;3;1
238.531;1526.06;6.10644;-1.00954;0.000206773;0.00411417;-0.000753051;0.00425428;6.66654e-05;1.00095;0.000942819;0.00358441;1.00541;0.0199794;0.991068;1;2;1
261.531;1526.06;6.12805;-1.04617;0.000452366;0.00545955;0.000159264;0.00546461;0.000447305;0.997232;-8.7212e-05;-0.00789946;1.00704;0.023212;0.99113;1;3;1
284.531;1526.06;6.12721;-0.950865;0.000216669;0.00503776;0.000593701;0.00510979;0.000144633;1.001;0.000705913;0.00124022;1.00031;0.0225902;0.986922;1;2;1
307.531;1526.06;6.13795;-0.967362;0.00179725;0.00305618;-0.00102002;0.00362532;0.0012281;1.00486;0.00380747;0.00194894;1.00456;0.0194921;0.990174;1;2;1
330.531;1526.06;6.20979;-0.990247;0.00227477;0.0048834;-0.00142306;0.00550945;0.00164872;1.00124;0.00159134;-0.00098216;1.00497;0.0184199;0.992565;1;3;1
353.531;1526.06;6.2424;-1.05072;0.000504718;0.00409207;-0.00079693;0.00426114;0.000335648;1.00021;0.00528902;0.000375742;1.00797;0.0173634;0.993841;1;3;1
376.531;1526.06;6.23299;-0.961072;-7.99854e-06;0.00286333;0.000819295;0.00308066;-0.000225324;1.00174;0.00059703;0.00117237;1.00361;0.0190549;0.991388;1;3;1
399.531;1526.06;6.24196;-0.971138;0.00165287;0.00375381;-0.000307981;0.00379802;0.00160865;1.00263;0.00230131;0.00271045;1.00434;0.0207439;0.990325;1;3;1
422.531;1526.06;6.30895;-0.937272;0.00109252;0.00370744;-0.000454248;0.0037841;0.00101586;1.0004;-0.00034304;-0.00329526;1.0021;0.0197315;0.988968;1;3;1
445.531;1526.06;6.29218;-0.939946;0.00203806;0.00496131;-0.000846381;0.00518868;0.00181068;1.00302;0.00398879;0.000185949;1.00168;0.0205565;0.987277;1;3;1
468.531;1526.06;6.4026;-0.97188;0.00243437;0.00542544;-0.000394664;0.00547664;0.00238317;1.00442;-1.93863e-05;0.0035895;1.00302;0.0182129;0.992364;1;3;1
491.531;1526.06;6.40402;-0.955764;0.000700895;0.0054828;-0.00109125;0.00572006;0.000463641;0.998314;-0.00308478;-0.000627963;1.00428;0.0219448;0.988268;1;3;1
514.531;1526.06;6.43482;-1.0015;0.000986913;0.0055936;-0.000854869;0.00574712;0.00083339;1.00278;-9.03312e-05;0.00161356;1.00347;0.0193944;0.988493;1;3;1
537.531;1526.06;6.44939;-0.935246;-0.000133822;0.0018249;-0.000457468;0.00192647;-0.000235398;0.996556;0.00385102;-0.00463838;1.0003;0.01963;0.99041;1;3;1
560.531;1526.06;6.42859;-0.918393;0.00110183;0.0037631;-0.000786224;0.00397802;0.000886912;1.00493;0.00599295;0.0019649;1.00651;0.0187429;0.991766;1;3;1
583.531;1526.06;6.50004;-0.952941;0.00202073;0.00499917;0.000337761;0.005037;0.00198291;1.00185;0.00197551;0.00214323;1.00094;0.0207334;0.988884;1;3;1
606.531;1526.06;6.52144;-0.905772;0.000785459;0.00546786;0.00124092;0.00577639;0.000476922;0.997547;-0.00392345;-0.00273383;1.00649;0.01828;0.994632;1;3;1
629.531;1526.06;6.53612;-0.888135;0.000519645;0.00429547;0.00124426;0.00466861;0.000146497;1.00164;-0.00178248;-0.00151633;1.00254;0.0197131;0.98983;1;3;1
652.531;1526.06;6.54531;-0.849722;0.00141905;0.00567561;0.00141078;0.00610074;0.000993921;1.00006;-0.00420737;-0.00151894;1.00721;0.0197068;0.989164;1;3;1
675.531;1526.06;6.60129;-0.816788;0.00281387;0.00357528;0.000225348;0.00363698;0.00275217;1.00371;-0.00031516;0.00389489;0.99858;0.0189638;0.988688;1;3;1
698.531;1526.06;6.67456;-0.866377;0.001208;0.00510513;-3.70067e-05;0.00510548;0.00120765;1.00238;-0.00106513;-0.00328141;1.00581;0.0168783;0.991722;1;3;1
721.531;1526.06;6.65683;-0.813334;-0.000748239;0.00492811;0.000997897;0.00509843;-0.000918558;0.995234;-0.00107393;-0.00153482;1.0092;0.0213935;0.983579;1;3;1
744.531;1526.06;6.64008;-0.801123;0.00268236;0.00408464;0.000225853;0.00412012;0.00264688;1.00866;-0.000498743;0.00235823;1.00074;0.0197305;0.988108;1;3;1
767.531;1526.06;6.78005;-0.810354;0.00386166;0.00646954;-0.000897087;0.00674832;0.00358287;1.00019;-0.0011569;-0.00135517;1.00537;0.0192485;0.991306;1;3;1
790.531;1526.06;6.81737;-0.821858;-0.000427486;0.0043721;0.00039293;0.00440405;-0.000459441;1.00179;-0.010792;0.000321481;1.00393;0.0207234;0.989084;1;2;1
813.531;1526.06;6.76038;-0.79276;-0.000198111;0.00643353;0.000518917;0.00647389;-0.00023847;1.00087;0.00079117;-0.00116599;1.01103;0.0210841;0.987356;1;3;1
836.531;1526.06;6.80821;-0.757125;0.00309392;0.00399636;0.000270013;0.00407098;0.00301931;1.00292;0.00220378;0.00379237;1.00943;0.0211808;0.984426;1;3;1
859.531;1526.06;6.90247;-0.775837;0.00132003;0.00542195;0.000864385;0.00559666;0.00114533;0.996319;-0.000538082;-0.00446635;1.00646;0.0238559;0.988996;1;3;1
882.531;1526.06;6.86883;-0.680587;0.000250025;0.0040277;0.000514299;0.00409646;0.000181259;1.00267;0.00277764;-0.00658681;1.00615;0.0233395;0.983183;1;3;1
905.531;1526.06;6.91397;-0.754228;0.000524572;0.00597156;-0.00109008;0.00618161;0.000314518;1.0038;-0.00643267;0.00970201;1.0034;0.0266457;0.971909;1;3;1
928.531;1526.06;6.89289;-0.76026;0.00177701;0.00577296;0.000429903;0.00581869;0.00173128;0.995731;0.00284405;-0.00421635;1.00651;0.0288279;0.967055;1;3;1
951.531;1526.06;6.9956;-0.691633;0.00320345;0.00461301;0.000424416;0.00473094;0.00308552;1.0043;0.00199114;0.00391754;1.00023;0.0233017;0.983866;1;3;1
974.531;1526.06;7.03997;-0.702125;-0.000566899;0.00526343;0.000777467;0.00536533;-0.000668792;0.996057;-0.001227;-0.000752774;1.00214;0.0249629;0.984122;1;3;1
997.531;1526.06;6.96951;-0.67495;-0.00039189;0.00507032;-0.000709172;0.00516089;-0.000482461;1.00338;0.00504429;-0.00459139;1.00049;0.0215486;0.981046;1;3;1
1020.53;1526.06;7.02194;-0.70613;0.00180962;0.00265648;-0.000746487;0.00309126;0.00137483;0.997804;0.00548475;0.00151704;1.00031;0.0246587;0.984045;1;3;1
1043.53;1526.06;7.05266;-0.632932;0.002039;0.00278234;-0.000548652;0.00307336;0.00174798;1.00306;-0.00170432;-0.000368541;1.00579;0.0258686;0.977568;1;3;1
1066.53;1526.06;7.11564;-0.686997;0.00153544;0.00435545;-0.000200585;0.00436965;0.00152125;1.00142;-0.00428188;0.00576017;1.00221;0.0243746;0.979153;1;3;1
1089.53;1526.06;7.12322;-0.663442;0.00176452;0.00527772;0.00178741;0.0060272;0.00101504;1.00223;-0.000998203;-0.00725446;1.00294;0.0234824;0.980793;1;3;1
1112.53;1526.06;7.19665;-0.601857;0.0031996;0.00486276;0.000706504;0.00512236;0.00294;1.00089;-0.00673864;-0.000176907;1.00467;0.0228067;0.980822;1;2;1
1135.53;1526.06;7.27017;-0.658768;0.000300943;0.00406733;-0.000447193;0.0041197;0.000248575;1.00168;-0.0015362;0.00372077;1.00222;0.021886;0.986044;1;3;1
1158.53;1526.06;7.21049;-0.628608;-0.000782217;0.00294309;0.000806345;0.00311014;-0.000949261;0.999324;-0.00385902;-0.00195816;1.00449;0.0238998;0.986353;1;3;1
1181.53;1526.06;7.23407;-0.559285;0.00366023;0.00349565;0.000537094;0.0041213;0.00303458;1.00318;-0.00116855;-0.0055775;1.00107;0.027603;0.980585;1;3;1
1204.53;1526.06;7.37847;-0.543822;0.00278161;0.00359716;-0.000497766;0.00383285;0.00254592;1.00553;-0.00181957;0.000758701;1.0031;0.0220891;0.986468;1;2;1
1227.53;1526.06;7.3618;-0.620004;-0.00123179;0.00400357;0.000294155;0.00402005;-0.00124826;1.00048;-0.00140438;0.00289551;1.00504;0.0220614;0.986138;1;3;1
1250.53;1526.06;7.32177;-0.569001;0.00228525;0.00541021;-0.000173542;0.00541982;0.00227565;0.994068;0.00712748;-0.00311358;1.00772;0.0223689;0.986643;1;3;1
1273.53;1526.06;7.46679;-0.586304;0.00632548;0.00546852;0.000757806;0.00676756;0.00502645;1.01232;-0.0102654;0.00511449;1.00562;0.025297;0.991361;1;3;1
31.5305;1503.06;5.89429;-1.15794;0.00527064;0.00420356;-0.000912005;0.00579371;0.00368049;1.00036;0.000143389;-0.00198277;1.0048;0.0260283;0.981744;1;2;1
54.5305;1503.06;6.0152;-1.15663;0.00212655;0.00369063;-0.000326299;0.00375597;0.00206121;1.00284;0.000359958;-0.00444989;1.00911;0.0241941;0.985622;1;3;1
77.5306;1503.06;5.99201;-1.15225;-0.00027331;0.00383162;-0.00117912;0.00414621;-0.000587898;0.99966;-0.000775521;0.000219135;1.00763;0.0203592;0.988782;1;3;1
100.531;1503.06;6.00259;-1.10225;-0.00102643;0.00329565;-0.000701361;0.00340662;-0.0011374;0.998892;-0.00054393;-0.00284898;1.00608;0.0228085;0.989154;1;3;1
123.531;1503.06;5.94475;-1.10589;0.00115315;0.00480795;0.00048466;0.00487112;0.00108997;0.999035;-2.33496e-05;0.00408392;1.00778;0.0218031;0.983248;1;3;1
146.531;1503.06;6.0556;-1.08155;0.00204632;0.00405329;0.00049699;0.00416962;0.00192999;1.00143;-0.00441151;-0.00623196;1.00512;0.0237259;0.983021;1;3;1
169.531;1503.06;6.03877;-1.07312;0.000998689;0.00287107;-0.000381532;0.00294583;0.00092393;1.00088;-0.00176419;0.00269464;1.00216;0.0216799;0.988011;1;3;1
192.531;1503.06;6.10152;-1.09192;0.00228564;0.00374199;0.00019432;0.00376747;0.00226016;1.00278;4.79631e-05;0.00218976;1.00484;0.020185;0.988236;1;2;1
215.531;1503.06;6.14379;-1.05442;0.000711071;0.00497686;-0.000702475;0.00508957;0.000598368;1.00518;0.00596786;-0.00201948;1.00451;0.019711;0.98932;1;3;1
238.531;1503.06;6.13421;-1.11839;0.000682793;0.00330215;-0.00207532;0.00444649;-0.000461544;1.00146;0.000995604;0.00369918;1.00326;0.0185852;0.993378;1;3;1
261.531;1503.06;6.17509;-1.14995;0.00111266;0.0032993;-0.000659884;0.003483;0.000928951;0.996457;0.00351774;-0.00623373;1.00743;0.0240557;0.981187;1;3;1
284.531;1503.06;6.18536;-1.09713;0.00125401;0.00577507;3.9619e-05;0.00577542;0.00125366;1.00292;0.00244359;-9.57521e-05;1.00963;0.0186464;0.994031;1;3;1
307.531;1503.06;6.23266;-1.07005;0.000308946;0.00464843;-0.00176606;0.00527632;-0.000318943;1.00036;0.00397419;-0.00194467;1.00524;0.0196017;0.992355;1;3;1
330.531;1503.06;6.19957;-1.10421;0.00099732;0.00419386;-0.000795858;0.00438105;0.000810133;0.997305;0.000833172;0.00613514;1.00753;0.0184789;0.990526;1;3;1
353.531;1503.06;6.27852;-1.07821;0.0020852;0.00231837;-6.1646e-05;0.00233366;0.00206991;1.00068;-0.0037013;-0.00451616;0.999515;0.0181809;0.993046;1;3;1
376.531;1503.06;6.29534;-1.03924;0.000510259;0.00441881;-7.90987e-05;0.00442041;0.000508659;1.00091;0.0012384;-0.00010826;0.996365;0.0200703;0.991531;1;3;1
399.531;1503.06;6.30197;-1.04602;0.000462433;0.00501015;-0.00134089;0.00537607;9.65153e-05;1.00184;0.000166217;0.00148711;1.00477;0.0187625;0.990441;1;3;1
422.531;1503.06;6.31661;-1.05088;0.00112881;0.00587224;-0.00173843;0.00644113;0.000559921;1.00001;0.00188272;0.000685392;1.00702;0.0217306;0.990241;1;3;1
445.531;1503.06;6.35385;-1.09109;0.00179581;0.00393487;-0.00087831;0.00424929;0.00148139;1.00346;-0.00327172;-0.000924462;1.00418;0.0210728;0.9893;1;3;1
468.531;1503.06;6.39913;-1.08014;0.00170464;0.00322888;0.000363745;0.00331123;0.00162228;1.00061;-0.00699496;5.29149e-05;1.00181;0.0165597;0.992095;1;3;1
491.531;1503.06;6.43218;-1.0601;0.000941427;0.00262486;0.000507799;0.00276617;0.000800114;0.999224;0.000150699;-0.00356293;1.00019;0.0186686;0.990599;1;3;1
514.531;1503.06;6.44241;-1.04921;0.00194022;0.00284387;0.000851851;0.0033563;0.00142778;0.997552;0.00324194;-0.00023762;1.00201;0.0171823;0.992664;1;2;1
537.531;1503.06;6.52123;-0.958564;0.00208413;0.00224697;9.05999e-05;0.00228736;0.00204374;1.00409;-0.000275729;-0.00309492;0.999032;0.0220902;0.987407;1;3;1
560.531;1503.06;6.53816;-1.00925;-0.000177308;0.00213321;-0.00200883;0.00329528;-0.00133938;1.00454;0.000327201;0.0045289;1.00036;0.0216793;0.985803;1;3;1
583.531;1503.06;6.51302;-1.03314;-0.000953878;0.00159959;-0.000374964;0.00165352;-0.0010078;0.999019;0.000378081;0.00359676;1.00452;0.0193578;0.991459;1;4;1
606.531;1503.06;6.49426;-1.01713;-0.00126499;0.00353231;0.000507605;0.00358543;-0.00131811;0.99696;0.00610519;-0.0038542;1.00122;0.0172857;0.993376;1;3;1
629.531;1503.06;6.45476;-0.983557;0.000370728;0.00543066;-3.94976e-05;0.00543097;0.000370419;1.00179;-0.000794626;-0.000233031;1.00138;0.021177;0.986695;1;2;1
652.531;1503.06;6.5113;-0.990562;0.00262738;0.00461832;9.28117e-05;0.00462263;0.00262306;1.00019;0.0105291;-0.00498021;1.00301;0.0210883;0.988482;1;3;1
675.531;1503.06;6.57545;-0.953786;0.0024997;0.00575927;-4.77522e-05;0.00575997;0.002499;1.00346;0.0005916;0.00315997;1.00817;0.0213666;0.986569;1;3;1
698.531;1503.06;6.62614;-0.996954;0.00197432;0.00540219;0.000664838;0.00552661;0.00184989;1.0006;-0.00363804;-0.000846861;1.00682;0.0188072;0.990977;1;3;1
721.531;1503.06;6.66618;-0.937149;0.00170141;0.00480803;0.00103251;0.00511989;0.00138955;1.00165;0.000292285;-0.00414811;1.00277;0.0195355;0.99104;1;3;1
744.531;1503.06;6.70424;-0.899124;0.00216078;0.00556889;-0.00153482;0.00615819;0.00157147;1.00211;0.00228646;0.000901921;1.00606;0.0182099;0.99312;1;3;1
767.531;1503.06;6.76546;-0.971683;0.000926143;0.00507421;5.28598e-05;0.00507488;0.00092547;1.00127;0.00234453;-1.00991e-06;1.00486;0.0219428;0.983311;1;3;1
790.531;1503.06;6.74682;-0.904911;0.00129122;0.00353677;0.00130037;0.00413202;0.000695979;1.00179;0.00575191;-0.0016119;1.00557;0.0198057;0.988203;1;3;1
813.531;1503.06;6.82478;-0.918417;0.00158238;0.00431823;6.8467e-05;0.00431995;0.00158067;1.00329;0.00331707;0.0001044;1.00321;0.0187659;0.990418;1;3;1
836.531;1503.06;6.81952;-0.849711;0.000981193;0.00489326;0.000133249;0.00489779;0.00097666;0.997801;-0.00245429;0.000676211;1.00253;0.0214088;0.991133;1;3;1
859.531;1503.06;6.86989;-0.891625;0.00130904;0.00387704;2.53933e-05;0.00387729;0.00130879;1.00092;0.0019723;0.00110344;1.00433;0.0211387;0.984599;1;3;1
882.531;1503.06;6.8797;-0.854106;0.0011205;0.00494345;0.000798308;0.00510345;0.000960494;1.00141;-0.00571037;-0.00236713;1.00837;0.0221603;0.984904;1;3;1
905.531;1503.06;6.92137;-0.837776;0.00130165;0.00211904;-6.89453e-05;0.00212481;0.00129587;1.00397;0.00324186;0.00368812;1.0032;0.0219594;0.986666;1;3;1
928.531;1503.06;6.93953;-0.872831;0.000890734;0.003822;-0.000413749;0.00387928;0.000833453;0.995611;-0.00585385;0.00122402;0.999769;0.0270623;0.978379;1;3;1
951.531;1503.06;6.96233;-0.849192;-0.000429489;0.00581709;0.000681183;0.00589051;-0.000502909;1.00033;-0.00712917;0.0002075;1.01007;0.0201585;0.985316;1;3;1
974.531;1503.06;6.91974;-0.825688;0.00175971;0.00477179;0.00144341;0.00535179;0.0011797;1.00394;-0.0112192;-0.00233421;1.00591;0.0217614;0.986203;1;3;1
997.531;1503.06;7.04318;-0.808294;0.00449587;0.00424534;0.000693414;0.00507524;0.00366596;1.00876;-0.00297575;-0.00374086;1.01148;0.0205281;0.987896;1;3;1
1020.53;1503.06;7.12601;-0.738109;0.000597294;0.00319713;0.000628617;0.00334115;0.000453278;0.998472;0.00127651;-0.00414117;1.00473;0.0246623;0.97469;1;3;1
1043.53;1503.06;7.07053;-0.704761;-0.000302593;0.00458634;-0.000574374;0.00465291;-0.000369166;1.0025;0.00344311;0.00391494;1.0039;0.0251225;0.97916;1;2;1
1066.53;1503.06;7.11207;-0.77881;0.000922205;0.00388574;-0.000866327;0.00412041;0.000687535;1.00269;0.00167719;-0.00266131;1.00466;0.0235888;0.976982;1;3;1
1089.53;1503.06;7.1129;-0.765572;0.000285882;0.00459758;0.00054915;0.00466642;0.00021704;0.998096;-0.00151084;-0.00340812;1.00585;0.0289037;0.970609;1;3;1
1112.53;1503.06;7.12519;-0.725075;0.00292071;0.00480375;0.0010095;0.00524264;0.00248182;1.00388;0.00214329;-7.77825e-06;1.00604;0.0267858;0.979184;1;3;1
1135.53;1503.06;7.24702;-0.712457;0.00355384;0.00309313;0.000784859;0.00414145;0.00250552;0.999626;-0.0085809;-0.00296505;1.00094;0.0242069;0.982832;1;3;1
1158.53;1503.06;7.28835;-0.676301;0.001287;0.00339976;-0.00119399;0.0039376;0.000749157;1.00518;0.00677071;0.00206125;1.00402;0.0197649;0.991298;1;3;1
1181.53;1503.06;7.30617;-0.67821;0.0011712;0.00502619;-0.000727959;0.00515908;0.00103831;1.00287;0.0043208;-0.000447782;1.00623;0.0269786;0.977929;1;3;1
1204.53;1503.06;7.34219;-0.674644;0.000622891;0.004756;0.000655567;0.00485749;0.000521401;1.0011;-0.00416572;0.00147062;1.00422;0.0215432;0.986382;1;3;1
1227.53;1503.06;7.3348;-0.642558;0.00203538;0.00277509;0.000329939;0.00290087;0.0019096;1.00027;0.00221544;-0.000240456;1.00113;0.0225336;0.985014;1;3;1
1250.53;1503.06;7.43572;-0.66265;0.00142856;0.00346917;-0.00100667;0.00388218;0.00101554;1.00255;-0.000410312;-0.00221093;0.999861;0.0205693;0.985907;1;3;1
1273.53;1503.06;7.40047;-0.623625;-0.00153023;0.000512263;0.000330607;0.000564443;-0.00158241;1.00218;0.00395738;-0.00263794;1.00078;0.0252842;0.985775;1;3;1
31.5305;1480.06;5.95424;-1.2333;0.00282169;0.0036845;-0.00165298;0.00496144;0.00154474;0.998501;0.00158484;-0.00544259;1.00236;0.0209432;0.98776;1;3;1
54.5305;1480.06;6.01904;-1.23093;0.00227484;0.00206747;-0.000453106;0.00263597;0.00170634;1.0057;-0.00168615;0.00380506;0.99668;0.0254797;0.981331;1;3;1
77.5306;1480.06;6.05876;-1.22128;0.00131924;0.00396937;-0.000711216;0.00414818;0.00114044;1.00413;0.00439607;-0.00232668;1.00237;0.0216104;0.991377;1;3;1
100.531;1480.06;6.07967;-1.19386;-0.00103407;0.00396981;-0.000787898;0.00409094;-0.0011552;0.99838;0.00456061;-0.000116392;1.00523;0.0202556;0.990517;1;3;1
123.531;1480.06;6.01117;-1.23221;-0.0013211;0.00380382;-0.0014879;0.00420447;-0.00172176;0.999917;0.00188095;0.000108898;1.00173;0.0212807;0.990777;1;3;1
146.531;1480.06;6.01886;-1.16993;0.0012723;0.00377035;-0.000101257;0.00377444;0.0012682;0.99902;0.00233731;0.000265884;1.00392;0.0204956;0.989805;1;2;1
169.531;1480.06;6.06964;-1.19489;0.00248939;0.00444508;-0.00123023;0.00503874;0.00189572;1.0033;-0.00162451;0.00191618;1.00409;0.0214055;0.988707;1;3;1
192.531;1480.06;6.13321;-1.20878;0.00189254;0.00559624;-0.00116747;0.00593353;0.00155525;1.00314;0.00417396;0.000952931;1.00468;0.0201237;0.987503;1;3;1
215.531;1480.06;6.15661;-1.19337;0.00148534;0.00486073;0.000328806;0.00489246;0.00145361;0.999885;-0.00172993;-0.00457318;1.00345;0.0176894;0.994437;1;3;1
238.531;1480.06;6.20146;-1.16109;0.0011614;0.00436606;-0.000630268;0.00448556;0.0010419;1.00529;0.00220081;0.000947277;1.00406;0.0208766;0.986656;1;3;1
261.531;1480.06;6.21001;-1.19762;5.20177e-05;0.00307476;-0.000318064;0.00310787;1.89126e-05;0.996272;-0.00295725;-0.000112097;0.996106;0.0211842;0.985701;1;3;1
284.531;1480.06;6.20382;-1.21569;0.00181159;0.00404863;-0.000742463;0.00427263;0.0015876;1.003;0.00275821;-0.00148575;1.0063;0.0177244;0.990918;1;3;1
307.531;1480.06;6.29326;-1.18043;0.00154337;0.00478013;-0.000263495;0.00480144;0.00152206;0.99804;0.000199232;-0.00192492;1.00712;0.0205647;0.990932;1;3;1
330.531;1480.06;6.27475;-1.18272;0.000430317;0.00394234;-0.000961787;0.00418848;0.000184177;0.997557;0.0059916;0.00544326;1.00382;0.0198998;0.990315;1;3;1
353.531;1480.06;6.31305;-1.15719;-4.69249e-05;0.00447302;0.000180778;0.00448024;-5.41437e-05;1.00744;0.00305929;-0.00404474;1.0059;0.0181304;0.992938;1;4;1
376.531;1480.06;6.27259;-1.16387;0.000881744;0.00488773;-0.000955648;0.00510403;0.000665448;1.00099;-0.00500173;0.000483425;1.01639;0.0208817;0.99103;1;4;1
399.531;1480.06;6.35357;-1.2009;0.00328488;0.004404;-0.000916046;0.00491787;0.00277101;1.0009;0.000185343;0.00294111;1.00568;0.0181061;0.992838;1;4;1
422.531;1480.06;6.42342;-1.20647;-0.000216905;0.00414908;-0.000370195;0.00418025;-0.000248072;0.999139;0.0022199;-0.00336727;1.00535;0.0180707;0.992424;1;3;1
445.531;1480.06;6.34352;-1.12057;-0.00050241;0.00175637;0.000579395;0.00189631;-0.000642359;0.997695;0.00610167;-0.00495705;1.003;0.0171777;0.993292;1;2;1
468.531;1480.06;6.40023;-1.12017;0.000975022;0.00228987;0.000286685;0.00234966;0.000915232;1.00072;0.00813216;0.00426992;1.0031;0.0178689;0.992741;1;3;1
491.531;1480.06;6.38833;-1.07635;0.00126162;0.00311966;-0.000170485;0.00313517;0.0012461;1.00368;0.00535264;-0.00340992;1.0044;0.0253885;0.984784;1;4;1
514.531;1480.06;6.45822;-1.13213;0.00201783;0.00389999;-8.37122e-05;0.00390371;0.00201411;0.998444;-0.00413886;-0.00155209;1.0049;0.018544;0.991563;1;3;1
537.531;1480.06;6.48104;-1.03848;0.00175382;0.00499629;0.00196217;0.00592034;0.000829768;1.0003;-0.00103413;-0.0018018;1.01034;0.0218369;0.988217;1;3;1
560.531;1480.06;6.53868;-1.01628;0.000992731;0.00454825;0.000335872;0.0045797;0.000961281;1.00424;-0.000926974;-0.00074614;1.00794;0.020243;0.990404;1;3;1
583.531;1480.06;6.52668;-1.02646;-0.000307524;0.00419817;-0.00123323;0.00451363;-0.000622979;0.997064;0.00740848;0.000586236;1.01351;0.0213628;0.990914;1;3;1
606.531;1480.06;6.52451;-1.06797;0.000867812;0.00299814;-0.00179435;0.00401967;-0.000153712;0.99815;0.00202172;-0.00326618;1.00297;0.0223405;0.98578;1;3;1
629.531;1480.06;6.56645;-1.13726;0.000915977;0.00386949;-0.00156856;0.00454708;0.000238394;1.00552;0.00582079;0.00226682;1.00732;0.0211693;0.985951;1;3;1
652.531;1480.06;6.56662;-1.06167;0.000714321;0.00397735;-0.000676907;0.0041122;0.000579471;0.995878;-0.00778555;-0.00324748;1.00898;0.0229329;0.986369;1;3;1
675.531;1480.06;6.59926;-1.08096;0.00138396;0.00570761;-0.00164017;0.00625939;0.000832178;0.994253;-0.00122203;0.00542476;1.00613;0.0199429;0.989987;1;3;1
698.531;1480.06;6.63021;-1.11419;0.00132458;0.0039852;-0.000114105;0.00399008;0.00131969;1.00893;-0.000567356;-0.00344736;0.995305;0.0205131;0.989832;1;3;1
721.531;1480.06;6.66013;-1.03397;0.00252838;0.00516224;0.000412055;0.0052252;0.00246542;1.00355;-0.00279554;-0.000613997;1.00284;0.0198423;0.990893;1;3;1
744.531;1480.06;6.74633;-1.05646;0.00237788;0.00556376;0.000107061;0.00556736;0.00237429;1.00214;0.000698054;0.000311034;1.00345;0.0197679;0.987691;1;2;1
767.531;1480.06;6.76938;-1.04318;0.000108766;0.00360285;0.00151002;0.00416499;-0.000453373;1.00055;-0.00271079;-9.68639e-06;1.00469;0.0169974;0.992517;1;3;1
790.531;1480.06;6.75128;-0.984216;0.000871863;0.00531164;3.44084e-05;0.00531191;0.000871597;1.00285;-0.00478985;-0.000438202;1.00662;0.0205671;0.988279;1;3;1
813.531;1480.06;6.80944;-0.990946;0.00155738;0.00464538;-2.08503e-05;0.00464552;0.00155724;1.00245;-0.00129711;0.00463142;1.00253;0.0205335;0.984964;1;3;1
836.531;1480.06;6.82286;-0.981665;0.00187812;0.00505818;-2.42933e-05;0.00505836;0.00187793;1.00213;0.00147845;-0.00642;1.00467;0.0214961;0.981097;1;3;1
859.531;1480.06;6.89574;-0.953836;0.000581056;0.00422934;0.000944201;0.00445922;0.000351175;1.00073;-0.00231333;-0.00382954;1.00272;0.0179182;0.991124;1;3;1
882.531;1480.06;6.84952;-0.907422;0.000129182;0.00451679;0.00180088;0.00516129;-0.000515316;1.00017;0.00289006;-0.00308538;1.00156;0.0208912;0.983689;1;3;1
905.531;1480.06;6.90156;-0.851599;0.00152188;0.00340508;-0.000504325;0.00353163;0.00139532;0.99591;-0.000438511;0.00688902;1.00308;0.0240279;0.982811;1;3;1
928.531;1480.06;6.91947;-0.93573;0.00171663;0.00168852;-0.00148169;0.00318433;0.000220817;1.00162;0.00243574;0.00106856;0.997404;0.0217837;0.987698;1;3;1
951.531;1480.06;6.98034;-0.958443;0.000629944;0.00383263;-5.37529e-05;0.00383353;0.000629042;1.00144;0.00369294;-0.0026681;1.00054;0.0216511;0.984534;1;3;1
974.531;1480.06;6.94843;-0.921016;0.000289285;0.00315681;-0.000273419;0.00318265;0.000263447;0.999986;0.00658826;0.00150317;1.00245;0.0207977;0.984912;1;3;1
997.531;1480.06;6.99356;-0.869816;0.00260255;0.00311847;0.00102987;0.0039222;0.00179882;0.997232;-0.00169043;-0.0053602;1.00162;0.0236097;0.98453;1;3;1
1020.53;1480.06;7.06794;-0.852941;0.00154609;0.00450351;0.00064864;0.00463952;0.00141008;1.00135;-0.00370893;-0.0017306;1.00365;0.0192683;0.9882;1;3;1
1043.53;1480.06;7.06461;-0.843421;0.00144303;0.00547723;0.000247073;0.0054923;0.00142796;1.00195;-0.000542333;0.000386503;1.00352;0.0265542;0.977898;1;2;1
1066.53;1480.06;7.13427;-0.865391;0.00135043;0.00271819;-0.000420783;0.00283727;0.00123135;1.00605;0.00281854;0.00236134;1.00604;0.0250769;0.983175;1;3;1
1089.53;1480.06;7.12668;-0.874447;0.000500352;0.0036567;0.000115874;0.00366094;0.000496103;1.00475;-0.00226196;-0.00315921;1.00434;0.0249023;0.978967;1;3;1
1112.53;1480.06;7.15726;-0.822284;0.00261963;0.00405727;0.000111222;0.00406582;0.00261108;0.992949;0.00352575;0.0018718;1.00293;0.024878;0.983409;1;2;1
1135.53;1480.06;7.24697;-0.800827;0.00429753;0.00401142;0.000666155;0.00483582;0.00347313;1.00679;0.006271;-0.00293365;1.00974;0.022588;0.986563;1;3;1
1158.53;1480.06;7.35451;-0.784507;0.00121062;0.00551885;0.000261799;0.0055347;0.00119477;1.00436;-0.000459795;0.00015056;1.00425;0.0194673;0.989455;1;3;1
1181.53;1480.06;7.30262;-0.789861;-1.1066e-05;0.0053045;0.000729603;0.00540283;-0.000109391;0.999607;-0.000489886;-0.00300889;1.00596;0.0240272;0.988343;1;3;1
1204.53;1480.06;7.354;-0.762073;0.000889717;0.00478268;0.00120062;0.00512318;0.000549217;0.999313;0.00293714;0.00148644;1.0033;0.0204856;0.989901;1;3;1
1227.53;1480.06;7.34351;-0.747478;0.00172402;0.00402028;0.000351733;0.00407295;0.00167135;1.00425;-0.00435635;-0.00263433;1.00532;0.0225887;0.985239;1;3;1
1250.53;1480.06;7.43322;-0.728172;0.00372933;0.00259944;0.00146801;0.00473735;0.00159142;1.00329;0.000913437;-0.00245655;1.00191;0.0216466;0.985572;1;3;1
1273.53;1480.06;7.51454;-0.609837;0.00355494;0.00157761;0.00188467;0.00469453;0.000438027;1.01473;0.00234419;-0.006656;1.00172;0.0260028;0.985561;1;3;1
31.5305;1457.06;6.05069;-1.32685;0.000793584;0.00368318;0.00220808;0.00487714;-0.000400376;0.997802;0.00203511;-0.00287663;1.00405;0.0249996;0.985665;1;3;1
54.5305;1457.06;6.06882;-1.2516;0.000953188;0.00396175;-0.000320845;0.00399559;0.000919352;1.00244;-0.00304049;0.00175973;1.00147;0.025165;0.985922;1;3;1
77.5306;1457.06;6.09452;-1.33437;-0.00010085;0.00388825;-0.000228336;0.00390127;-0.000113877;1.00258;-0.003255;-0.00191082;1.00303;0.0201906;0.991848;1;3;1
100.531;1457.06;6.06417;-1.28446;0.000247465;0.00386756;0.00138693;0.00433783;-0.000222805;1.00319;0.00164516;0.00062593;1.00258;0.021534;0.991311;1;2;1
123.531;1457.06;6.10587;-1.28026;0.000830023;0.00334843;-0.000250503;0.00337311;0.000805347;0.996318;0.00337525;-0.00278245;1.00719;0.0196015;0.990497;1;2;1
146.531;1457.06;6.10232;-1.25464;0.000149512;0.00497393;-0.00110917;0.00521672;-9.32774e-05;1.00078;0.00260472;0.00025368;1.00711;0.0198217;0.993699;1;3;1
169.531;1457.06;6.11275;-1.27709;0.00235121;0.0033068;-0.001883;0.00477168;0.000886328;1.00195;0.00583679;0.00292855;1.0048;0.0232282;0.98481;1;3;1
192.531;1457.06;6.21025;-1.3485;0.00105898;0.00438617;-0.000779015;0.00455953;0.000885621;1.00518;-0.000108621;-0.00345426;1.00484;0.0186732;0.990535;1;2;1
215.531;1457.06;6.16143;-1.27747;-0.00048643;0.00413891;0.000286343;0.00415657;-0.000504089;0.995489;0.000409444;-0.00202997;1.00476;0.0185079;0.992208;1;3;1
238.531;1457.06;6.18786;-1.31876;-0.000257757;0.00438624;-0.000154302;0.00439136;-0.000262878;1.00354;0.000965941;0.000461755;1.00313;0.0220731;0.986327;1;3;1
261.531;1457.06;6.14957;-1.29116;0.00180409;0.00327992;0.000605552;0.00349658;0.00158743;1.00437;0.00410627;0.00295286;1.00592;0.0215503;0.986326;1;3;1
284.531;1457.06;6.27076;-1.28291;0.00305631;0.00321172;-0.000314535;0.00345801;0.00281003;1.00014;0.00190225;-0.00338739;1.00437;0.018518;0.993084;1;2;1
307.531;1457.06;6.28995;-1.28938;0.000882456;0.00328569;0.000516077;0.00339182;0.000776319;0.998927;0.00119163;0.00414625;1.00172;0.0197393;0.992368;1;3;1
330.531;1457.06;6.31134;-1.28507;-0.000198596;0.002935;-0.000260918;0.00295658;-0.000220172;0.997298;0.00207151;-0.00106318;1.00459;0.0191486;0.992448;1;3;1
353.531;1457.06;6.28081;-1.28351;0.000608272;0.00512066;-0.000497521;0.00517486;0.000554068;0.998564;0.00529013;0.000351825;1.00526;0.0174789;0.994744;1;3;1
376.531;1457.06;6.33931;-1.26351;0.00136034;0.00520077;3.60598e-05;0.00520111;0.00136;1.00715;0.0098014;0.000956921;1.00452;0.0237234;0.990826;1;3;1
399.531;1457.06;6.34333;-1.24814;0.00200311;0.00340481;-0.00038272;0.0035025;0.00190542;0.999556;0.00332429;-0.00288434;1.00118;0.0187934;0.991515;1;2;1
422.531;1457.06;6.43135;-1.2412;0.000951221;0.00282914;0.00156911;0.00371877;6.15897e-05;0.999476;-0.00365885;-0.000523751;0.998874;0.0188359;0.989853;1;3;1
445.531;1457.06;6.38701;-1.1718;-0.000309895;0.00446147;0.000267096;0.00447637;-0.0003248;1.00069;-0.00592406;-0.00120944;1.00483;0.0211872;0.989915;1;3;1
468.531;1457.06;6.41706;-1.18535;0.00106299;0.00324348;-0.000996396;0.00363021;0.000676262;1.00008;0.001541;0.00119081;1.00557;0.0189193;0.991154;1;3;1
491.531;1457.06;6.43587;-1.20338;0.00154443;0.00478385;-0.00111598;0.00513108;0.0011972;1.00644;0.000568384;0.00493772;1.0061;0.0199193;0.991103;1;3;1
514.531;1457.06;6.48803;-1.22824;0.000464999;0.00317077;8.90354e-05;0.0031737;0.000462072;0.997741;-0.000733073;-0.00243139;1.00163;0.0175068;0.992708;1;3;1
537.531;1457.06;6.45725;-1.18778;0.000681263;0.00517857;0.000128733;0.00518225;0.000677581;0.999822;-0.0022655;-0.00316878;1.00197;0.0185681;0.988309;1;2;1
560.531;1457.06;6.51936;-1.21799;0.00255449;0.00580429;-7.73017e-05;0.00580613;0.00255265;1.00243;-0.00313949;0.0049517;1.00003;0.0214086;0.9839;1;2;1
583.531;1457.06;6.57459;-1.22581;0.000627247;0.00606537;0.000529051;0.00611637;0.000576257;1.00415;-0.0100242;-3.36619e-05;1.00183;0.0233819;0.989861;1;3;1
606.531;1457.06;6.54816;-1.1548;0.000667917;0.00430958;0.000102834;0.00431248;0.000665016;0.998339;0.000545885;-0.000687191;1.00647;0.0203954;0.988442;1;3;1
629.531;1457.06;6.60526;-1.16097;0.00178132;0.00225631;-4.75807e-05;0.00226103;0.0017766;1.0032;-0.00288944;-0.000430867;1.00603;0.0238804;0.982048;1;3;1
652.531;1457.06;6.63002;-1.17301;0.00148314;0.00361404;-0.000309279;0.00365802;0.00143915;1.00001;0.00702382;-0.00164579;1.00084;0.0213517;0.985448;1;3;1
675.531;1457.06;6.6734;-1.21549;0.00116837;0.00380639;-0.000821808;0.00404145;0.000933306;1.00035;0.00120206;0.00102846;0.998349;0.0215975;0.989906;1;3;1
698.531;1457.06;6.68373;-1.17987;0.000279758;0.00179515;-0.000158093;0.00181147;0.000263441;1.00035;0.0045472;0.00206883;1.00541;0.0218943;0.986691;1;3;1
721.531;1457.06;6.68625;-1.174;3.15946e-05;0.00440581;-0.000109167;0.00440853;2.88718e-05;0.999619;0.00871673;-0.00453197;1.00802;0.0203278;0.989571;1;3;1
744.531;1457.06;6.68518;-1.15435;0.000278595;0.00417393;0.000921359;0.00438087;7.16608e-05;0.998471;0.000280874;0.000265137;1.0042;0.0194852;0.988375;1;3;1
767.531;1457.06;6.69905;-1.13707;0.00241465;0.00495093;5.23461e-05;0.00495201;0.00241357;1.00346;-0.0009636;-0.00501426;1.00501;0.0209701;0.989117;1;3;1
790.531;1457.06;6.79612;-1.14857;0.00283471;0.00464081;-0.000906417;0.00501725;0.00245827;1.00022;0.00379943;0.00326515;1.00101;0.019416;0.99104;1;3;1
813.531;1457.06;6.82926;-1.13161;0.00136847;0.00482811;0.000155455;0.00483508;0.0013615;1.00842;-0.00171033;-0.00334085;1.00641;0.0207387;0.987191;1;3;1
836.531;1457.06;6.85898;-1.08178;0.000616501;0.00463813;-0.000213567;0.00464944;0.000605191;0.997687;0.00214044;-0.00146316;1.00752;0.0201702;0.991302;1;3;1
859.531;1457.06;6.85759;-1.08576;-0.000918117;0.00440674;0.000950217;0.00457123;-0.0010826;0.997107;-0.00375185;-0.000491425;1.00406;0.0178722;0.987862;1;3;1
882.531;1457.06;6.81672;-1.06137;0.0017808;0.00490451;0.000853571;0.00512253;0.00156277;1.00073;-0.000671074;-0.000257037;1.00698;0.0201677;0.983453;1;3;1
905.531;1457.06;6.93934;-0.99414;0.00331379;0.00682307;0.00129694;0.00725036;0.0028865;1.00197;-0.00698998;-0.00396052;1.00882;0.0205821;0.987877;1;3;1
928.531;1457.06;6.96877;-0.950428;0.000928707;0.00294749;-0.000170328;0.00296176;0.000914437;0.999199;0.0015608;0.00288933;1.00984;0.0250978;0.97445;1;3;1
951.531;1457.06;6.98203;-1.02515;0.00141419;0.00407167;0.000127733;0.0040778;0.00140807;1.00088;0.00143019;-0.00200712;1.00516;0.0204922;0.983798;1;3;1
974.531;1457.06;7.03377;-0.970532;0.00075724;0.00552958;1.86187e-05;0.00552966;0.000757167;0.997031;0.0038923;-0.001208;1.00588;0.0218008;0.9844;1;3;1
997.531;1457.06;7.01679;-0.951513;0.00128634;0.00526017;0.00034646;0.00529015;0.00125636;1.00201;0.000285037;-0.00016697;1.00296;0.0196073;0.986674;1;3;1
1020.53;1457.06;7.0929;-0.944794;0.000403273;0.00331232;-1.9708e-05;0.00331246;0.000403139;1.0008;0.00195605;0.00296369;1.00408;0.022056;0.985865;1;3;1
1043.53;1457.06;7.03534;-0.956014;0.000582352;0.00543403;-2.61085e-05;0.00543417;0.000582211;0.995431;0.00501463;-0.00429877;1.01;0.0270142;0.975071;1;3;1
1066.53;1457.06;7.11966;-0.903677;0.00239749;0.00403928;0.000370656;0.00411909;0.00231769;1.00788;-0.00182802;-0.000200901;1.00057;0.0239178;0.981884;1;3;1
1089.53;1457.06;7.14548;-0.933462;0.00150211;0.00340417;-0.00036217;0.0034708;0.00143548;1.00567;0.00581229;-0.000770587;1.0038;0.0242217;0.977228;1;3;1
1112.53;1457.06;7.18871;-0.911288;0.00170353;0.00417814;9.83256e-05;0.00418204;0.00169963;0.997051;0.0032545;0.00440323;1.00611;0.0208178;0.987477;1;3;1
1135.53;1457.06;7.22376;-0.896608;0.00188444;0.00332916;0.000722615;0.00362855;0.00158505;1.00206;-0.00432246;-0.00047874;1.00282;0.0214737;0.990223;1;3;1
1158.53;1457.06;7.2753;-0.929469;0.00082305;0.00490467;0.00100517;0.00513878;0.000588938;0.998913;-0.00310406;-0.0014464;1.00529;0.020056;0.98703;1;3;1
1181.53;1457.06;7.2616;-0.921552;-1.98242e-05;0.00314321;0.000347846;0.00318101;-5.76258e-05;0.998415;-0.000381928;-0.00104536;0.997511;0.023575;0.984206;1;3;1
1204.53;1457.06;7.27438;-0.894074;0.00163118;0.00435582;0.00201355;0.00542461;0.000562384;1.00529;-0.00202589;-0.0038817;1.00502;0.0214232;0.985962;1;3;1
1227.53;1457.06;7.33648;-0.82712;0.0035805;0.0042493;0.00183628;0.00578139;0.00204842;1.00103;-0.00242371;-0.00242443;1.00364;0.021041;0.988017;1;2;1
1250.53;1457.06;7.43865;-0.782069;0.00277785;0.0046746;0.00217093;0.00609526;0.00135719;1.00454;-0.00558559;0.00229054;1.00781;0.0189326;0.988881;1;3;1
1273.53;1457.06;7.4639;-0.696095;0.00110514;0.00408967;0.00345348;0.0063595;-0.00116469;1.00111;-0.0119054;-0.00983817;1.00607;0.026231;0.980646;1;2;1
31.5305;1434.06;5.90218;-1.40239;0.00605356;0.00301798;0.000221442;0.00606963;0.00300191;0.999861;0.00578937;-0.00174161;1.0012;0.0224665;0.985087;1;3;1
54.5305;1434.06;6.04099;-1.4128;0.00314833;0.00509735;-4.69806e-05;0.00509848;0.00314719;0.999771;-0.00200187;0.00214026;1.00331;0.0231415;0.988627;1;3;1
77.5306;1434.06;6.04677;-1.39979;-0.000750952;0.00249836;0.000332061;0.00253195;-0.00078454;1.00065;-0.00151901;0.000804017;1.003;0.0181118;0.992822;1;3;1
100.531;1434.06;6.00641;-1.37137;0.000376569;0.00400347;-0.000463775;0.00406184;0.000318205;0.997663;-0.00287799;-0.00174804;1.00484;0.0229618;0.986883;1;3;1
123.531;1434.06;6.06409;-1.38595;0.00256119;0.00496528;-0.000452437;0.00504761;0.00247887;0.997916;-0.00527942;-0.000270168;1.00356;0.0228742;0.984321;1;3;1
146.531;1434.06;6.12407;-1.39805;0.00183735;0.00422155;-0.000454778;0.00430535;0.00175355;1.0058;-0.000966801;-0.00139278;1.00076;0.020639;0.992394;1;3;1
169.531;1434.06;6.14852;-1.34669;0.00174826;0.00413574;-0.000538011;0.00425138;0.00163262;0.999139;-0.00458998;0.00333497;1.00402;0.0210434;0.987969;1;4;1
192.531;1434.06;6.20442;-1.41005;0.00025298;0.00242966;-2.3145e-05;0.00242991;0.000252734;0.999482;-0.000933273;-0.00255933;1.00271;0.0210191;0.99033;1;3;1
215.531;1434.06;6.16014;-1.38336;-5.41949e-05;0.00374474;-0.00011414;0.00374817;-5.76212e-05;1.00128;0.00123859;-0.00156735;1.00684;0.0201101;0.989693;1;2;1
238.531;1434.06;6.2019;-1.36241;0.000656292;0.00196335;0.000429238;0.0020917;0.000527935;0.997499;-0.00021475;-0.000224687;1.0042;0.0193069;0.989754;1;2;1
261.531;1434.06;6.1903;-1.34824;0.000707898;0.00399551;-0.00138765;0.00450291;0.000200501;1.00188;-0.004301;-0.000309288;1.00328;0.0195247;0.993389;1;2;1
284.531;1434.06;6.23445;-1.36319;0.00116067;0.0031138;0.000790421;0.00339359;0.000880871;1.00145;-0.00239436;0.000317296;1.00109;0.019977;0.99092;1;2;1
307.531;1434.06;6.24366;-1.3313;0.00152755;0.0033913;0.000468542;0.00350246;0.00141639;0.999579;-0.00130687;-0.00506371;1.00604;0.0192233;0.991353;1;3;1
330.531;1434.06;6.30464;-1.31752;0.00297901;0.00206244;-0.000490276;0.00319184;0.00184961;1.00073;6.67533e-05;0.00300777;1.00179;0.0204404;0.988084;1;3;1
353.531;1434.06;6.38045;-1.39209;4.7843e-06;0.00293892;-0.0013229;0.00344729;-0.000503587;1.00408;0.00140524;0.00476566;1.00003;0.0194277;0.989962;1;3;1
376.531;1434.06;6.30479;-1.40248;0.000665541;0.00420934;9.54148e-05;0.00421191;0.000662974;1.00027;-0.00545681;-0.00100385;1.00015;0.020667;0.991075;1;3;1
399.531;1434.06;6.41104;-1.35722;0.00110816;0.00402773;0.000305831;0.00405942;0.00107646;1.00718;-0.00157133;0.0014451;1.00278;0.0196033;0.991602;1;3;1
422.531;1434.06;6.35569;-1.33637;-0.000781695;0.00308616;0.00024152;0.00310118;-0.000796718;0.996454;-0.00208475;-0.000198376;1.00351;0.0221357;0.98989;1;2;1
445.531;1434.06;6.37506;-1.32533;0.00227461;0.00482881;-0.000179668;0.00484139;0.00226203;1.00212;0.0054744;-0.00198694;1.00847;0.0212149;0.985616;1;3;1
468.531;1434.06;6.46015;-1.26909;0.00158301;0.00516285;-0.000377905;0.00520231;0.00154355;1.00529;-0.00154851;-0.00147385;1.00384;0.0187155;0.99055;1;3;1
491.531;1434.06;6.44781;-1.29584;0.000120229;0.0033617;-0.000511403;0.00344047;4.14601e-05;1.00044;-0.00268435;0.00116987;1.0004;0.0193422;0.991196;1;3;1
514.531;1434.06;6.46568;-1.27775;0.00068909;0.00299991;0.000417922;0.00307317;0.000615829;1.00195;0.00342666;0.00151306;1.00279;0.0188262;0.989792;1;2;1
537.531;1434.06;6.47949;-1.27608;0.000912185;0.0044889;-0.000449951;0.00454464;0.00085645;0.999445;0.00432264;-0.00275604;1.00603;0.0207933;0.986507;1;3;1
560.531;1434.06;6.50762;-1.2825;0.00135059;0.0033167;-0.000883357;0.00365528;0.00101201;1.00071;0.00207317;0.00355696;1.00569;0.017495;0.992618;1;3;1
583.531;1434.06;6.54157;-1.30462;0.00157765;0.00394744;0.000473365;0.0040385;0.00148659;1.00165;-0.000749355;-0.00337929;1.00295;0.020664;0.987139;1;3;1
606.531;1434.06;6.58013;-1.26575;0.000240971;0.00405359;0.000847029;0.0042333;6.12616e-05;1.00054;-0.000601441;-0.0031279;1.00263;0.0208706;0.989619;1;2;1
629.531;1434.06;6.55261;-1.24093;-0.000863136;0.00430308;-0.000168111;0.00430854;-0.0008686;0.997431;0.00239527;-0.00275276;1.00306;0.0218882;0.985885;1;3;1
652.531;1434.06;6.54039;-1.22761;0.00250936;0.00282956;-3.58828e-05;0.00283353;0.00250539;0.998427;-0.00264322;0.00193319;1.00088;0.0204853;0.987225;1;3;1
675.531;1434.06;6.66789;-1.25567;0.00317714;0.00353796;0.00121132;0.00458223;0.00213287;1.00343;-0.00108804;0.000722114;1.00334;0.0226697;0.988003;1;3;1
698.531;1434.06;6.6863;-1.19666;0.000607153;0.00362612;7.71079e-05;0.00362809;0.000605185;1.00032;-0.00124499;0.00138593;1.00464;0.0205525;0.988078;1;3;1
721.531;1434.06;6.69581;-1.23618;0.000269399;0.00184946;-0.000740124;0.00214198;-2.31286e-05;0.999594;-0.00572885;-0.00259196;0.99921;0.0199631;0.987672;1;3;1
744.531;1434.06;6.69866;-1.24804;0.00162226;0.00206414;-0.000496624;0.00238675;0.00129964;0.99749;-0.000719663;0.00906354;0.998936;0.01856;0.99156;1;3;1
767.531;1434.06;6.77036;-1.27036;0.00307573;0.00421486;5.52937e-05;0.00421754;0.00307306;1.00689;-0.0024536;-0.00681824;1.00267;0.0184108;0.990468;1;3;1
790.531;1434.06;6.8399;-1.19711;0.00199877;0.00311606;0.000837162;0.00356386;0.00155098;1.00232;-6.26948e-05;-0.000140297;1.00745;0.0182043;0.992904;1;2;1
813.531;1434.06;6.86218;-1.21248;0.00105765;0.00224717;0.000775008;0.00262933;0.000675484;1.00257;0.00304813;0.0017953;1.00422;0.0196485;0.990304;1;3;1
836.531;1434.06;6.88853;-1.19448;-0.000725404;0.00424837;0.000499175;0.00429798;-0.000775007;1.00019;0.0013404;-0.000148479;1.00296;0.0199271;0.994028;1;3;1
859.531;1434.06;6.82876;-1.15605;-0.000552992;0.00395873;0.00113503;0.00422818;-0.000822442;0.99929;0.00104792;-0.00498756;1.00237;0.0183635;0.992551;1;3;1
882.531;1434.06;6.86304;-1.13248;0.00141852;0.00357495;-0.000318564;0.00362103;0.00137245;1.00335;-0.00129177;0.00725353;1.00347;0.0195199;0.987528;1;3;1
905.531;1434.06;6.89397;-1.1644;0.000892734;0.00474096;0.00113255;0.00504953;0.00058416;0.997236;0.00721786;-0.00472504;1.00563;0.0210307;0.988382;1;3;1
928.531;1434.06;6.90405;-1.07111;0.00118513;0.00624685;0.000439785;0.00628477;0.0011472;0.997828;-0.00174411;-0.00156872;1.0021;0.0229417;0.981521;1;3;1
951.531;1434.06;6.94844;-1.14535;0.0025419;0.00352669;-0.000208262;0.00356892;0.00249967;1.00717;-0.00289188;0.00610651;1.0042;0.0213549;0.990299;1;3;1
974.531;1434.06;7.02071;-1.17462;0.000851036;0.00578968;0.0016573;0.00629428;0.000346438;0.996509;-0.00391382;0.00159785;1.00334;0.0238387;0.98024;1;3;1
997.531;1434.06;6.98756;-1.11115;0.000975346;0.00655324;0.00163124;0.00699527;0.00053332;0.999948;-0.000575222;-0.00569158;1.00618;0.0237778;0.980586;1;3;1
1020.53;1434.06;7.06524;-1.00506;0.00262892;0.00426471;0.000330407;0.00432893;0.0025647;1.00207;-0.000710717;0.000803771;1.00366;0.0263546;0.971737;1;3;1
1043.53;1434.06;7.10833;-1.09269;0.00125348;0.00286161;-0.00120225;0.00350389;0.000611202;0.999107;0.00311993;-0.000303844;0.999336;0.0235848;0.9787;1;3;1
1066.53;1434.06;7.12284;-1.05082;0.000957785;0.00444164;0.000529152;0.00452023;0.000879187;1.00205;0.00260034;-0.00360724;1.00405;0.0222957;0.985458;1;2;1
1089.53;1434.06;7.15233;-1.03077;0.00135635;0.00336473;0.000853558;0.00367847;0.0010426;1.00468;-0.00198228;0.00489138;1.00034;0.0215101;0.986269;1;3;1
1112.53;1434.06;7.18518;-1.01407;0.000220557;0.00432428;0.00104125;0.00457336;-2.8526e-05;0.991559;-0.00373586;-0.0071348;1.00415;0.0223782;0.987053;1;3;1
1135.53;1434.06;7.16241;-0.953637;0.00112865;0.00403198;0.000783239;0.0042298;0.000930834;1.00501;0.0017142;0.0031497;1.00113;0.0193846;0.988266;1;3;1
1158.53;1434.06;7.23707;-1.00942;0.00312934;0.00294739;0.000868109;0.00391123;0.0021655;1.00384;-0.000932692;-0.00117196;0.999537;0.0181191;0.988164;1;2;1
1181.53;1434.06;7.30613;-0.934222;0.000580535;0.00210186;0.000513787;0.00225912;0.000423274;0.999953;-0.00595905;-0.00325503;1.00686;0.0222596;0.987339;1;3;1
1204.53;1434.06;7.26374;-0.961918;-0.000410187;0.00261509;-0.0003421;0.00265329;-0.000448389;1.00139;-0.0015294;0.000316768;1.00144;0.023495;0.987263;1;3;1
1227.53;1434.06;7.28725;-0.942498;0.00221082;0.00388807;0.00013078;0.00389821;0.00220068;1.00251;7.30407e-05;-0.00242691;1.00281;0.0211237;0.986406;1;3;1
1250.53;1434.06;7.36532;-0.942654;0.00179726;0.00507488;0.00221268;0.00618955;0.000682591;1.00275;0.0036874;-0.00123461;1.00539;0.0222001;0.99098;1;3;1
1273.53;1434.06;7.36963;-0.797351;0.000207121;0.00645529;0.00507686;0.00929228;-0.00262987;0.998245;0.00370401;-0.00735988;1.00395;0.0284141;0.980504;1;2;1
31.5305;1411.06;6.00968;-1.46545;0.00287649;0.00362661;-0.00234676;0.0056281;0.000875011;1.00146;0.000841268;-0.00131183;1.00652;0.0227993;0.987746;1;2;1
54.5305;1411.06;6.07573;-1.48548;0.00208569;0.00287369;-0.000212993;0.00292758;0.0020318;1.00801;-0.000794078;0.00482596;1.00777;0.0234527;0.988006;1;3;1
77.5306;1411.06;6.10552;-1.44915;0.000978147;0.00164248;3.47095e-05;0.00164428;0.000976339;1.00423;0.00517624;-0.00513601;1.00254;0.0193513;0.991503;1;3;1
100.531;1411.06;6.1207;-1.46822;0.000329851;0.00367322;-0.00247657;0.00498949;-0.000986426;0.996358;0.00212976;0.00397467;1.00597;0.0207052;0.992205;1;3;1
123.531;1411.06;6.12065;-1.50809;0.00136497;0.00425357;-0.00123099;0.00470699;0.000911556;1.00027;0.00508243;-0.00224529;1.00516;0.0215853;0.98854;1;3;1
146.531;1411.06;6.18344;-1.44835;0.000641454;0.00285179;-0.000529188;0.00297195;0.000521291;0.998373;0.00636803;-0.000777033;1.00297;0.02116;0.988866;1;3;1
169.531;1411.06;6.15013;-1.46692;-0.000169925;0.00428945;-0.00107953;0.00453704;-0.00041751;0.996955;0.00889862;-0.0019865;1.00673;0.0207627;0.988443;1;2;1
192.531;1411.06;6.17563;-1.46012;0.00151478;0.00233183;-0.000252049;0.00240333;0.00144328;1.00595;0.00494695;0.00428386;1.00284;0.0231256;0.987081;1;3;1
215.531;1411.06;6.21975;-1.44937;0.000173289;0.00236383;1.30353e-05;0.00236391;0.000173212;1.00159;0.00298421;-0.00147932;1.00111;0.018718;0.992649;1;3;1
238.531;1411.06;6.18357;-1.40899;0.0012318;0.00360675;-0.00108916;0.0040306;0.00080795;0.998847;0.00100344;0.00088765;1.00245;0.0208684;0.989691;1;3;1
261.531;1411.06;6.27637;-1.47442;0.000685849;0.00494823;-0.00136746;0.00534921;0.000284865;1.00264;0.00592113;0.00182888;1.00806;0.0196783;0.990882;1;2;1
284.531;1411.06;6.2151;-1.42589;0.000354348;0.00409804;-0.00067366;0.00421558;0.000236816;0.999928;0.00327464;-0.00177342;1.00692;0.0219655;0.989285;1;2;1
307.531;1411.06;6.29266;-1.44512;0.00175142;0.00446549;-2.79408e-05;0.00446577;0.00175113;0.999165;0.00276166;-0.000881324;1.00695;0.0211819;0.990792;1;3;1
330.531;1411.06;6.29557;-1.37984;0.000536214;0.00347077;0.000502723;0.00355451;0.000452481;1.00402;-0.000102676;-0.000481531;1.00462;0.0211321;0.987804;1;3;1
353.531;1411.06;6.31731;-1.41849;0.0015234;0.0023544;-0.000218746;0.00240847;0.00146934;0.997933;-0.00091001;0.00236444;1.00806;0.0239105;0.983414;1;3;1
376.531;1411.06;6.36553;-1.45672;0.00139699;0.00309456;-0.0012422;0.00375027;0.000741277;1.00512;0.00504785;0.000915429;1.01052;0.0221882;0.986999;1;2;1
399.531;1411.06;6.38153;-1.43303;0.00164592;0.00285529;0.000556011;0.00307206;0.00142915;0.998484;0.000886293;-0.00440682;1.00242;0.0196112;0.990915;1;3;1
422.531;1411.06;6.44112;-1.38295;0.00194627;0.00198593;-7.80585e-05;0.00204664;0.00188556;0.999577;0.00335813;-3.11183e-05;1.00321;0.0198684;0.990521;1;2;1
445.531;1411.06;6.47095;-1.39331;0.000875504;0.00473828;-0.00133026;0.00515207;0.000461719;1.00343;0.00433224;0.00272663;1.00867;0.020187;0.987529;1;3;1
468.531;1411.06;6.48136;-1.42219;7.13295e-05;0.00461717;0.000389731;0.00465034;3.81586e-05;0.999536;0.00367426;0.00196453;1.0066;0.0183065;0.991019;1;3;1
491.531;1411.06;6.47422;-1.35774;-0.000259025;0.00295484;-7.93127e-05;0.0029568;-0.000260981;1.00025;0.00554896;-0.00330028;1.00426;0.0188498;0.989664;1;3;1
514.531;1411.06;6.46941;-1.36603;0.000426991;0.00342291;-0.000493448;0.00350209;0.00034781;0.999732;-0.00377088;0.00193143;1.0063;0.0176401;0.98929;1;3;1
537.531;1411.06;6.49384;-1.39379;0.00223088;0.00327799;-0.000167073;0.003304;0.00220487;1.00068;-0.00308432;-0.000172816;1.00191;0.0182306;0.987306;1;3;1
560.531;1411.06;6.57192;-1.37028;0.00117582;0.00353009;-0.000323723;0.00357379;0.00113212;1.00383;0.00114315;-0.00231129;1.0015;0.0180265;0.991276;1;3;1
583.531;1411.06;6.5479;-1.40703;-0.00081991;0.00450113;5.86722e-05;0.00450178;-0.000820556;1.00197;0.00189196;0.00179293;1.00597;0.017815;0.99402;1;3;1
606.531;1411.06;6.53418;-1.34089;0.00242047;0.00338518;0.000937503;0.00395714;0.00184851;0.998156;0.000818925;-0.004394;1.00485;0.0229748;0.983944;1;3;1
629.531;1411.06;6.65908;-1.35845;0.00183673;0.00505494;0.00020468;0.0050679;0.00182376;1.00064;0.00131747;-0.000876857;1.00534;0.0212537;0.98775;1;3;1
652.531;1411.06;6.61857;-1.30298;-0.0014294;0.00544326;-0.00107393;0.00560716;-0.0015933;0.999836;0.00193966;-0.00168289;1.0065;0.0240923;0.973274;1;3;1
675.531;1411.06;6.59327;-1.37788;0.00168908;0.00508973;0.000142514;0.0050957;0.00168312;1.00274;-0.000123757;0.00652443;1.00968;0.0225026;0.985613;1;3;1
698.531;1411.06;6.69619;-1.34637;0.00238849;0.00481238;0.00127667;0.00536074;0.00184012;1.0029;0.00600073;-0.00454226;1.0071;0.0222226;0.989232;1;3;1
721.531;1411.06;6.70286;-1.25899;1.13224e-05;0.00353621;0.00120478;0.00390864;-0.000361113;0.998984;0.00298238;-0.00301398;1.00845;0.0204586;0.987492;1;3;1
744.531;1411.06;6.6966;-1.2492;0.00091673;0.00213857;-0.00136194;0.00302033;3.49702e-05;1.00025;0.00193302;0.00506281;1.00605;0.0222922;0.986202;1;3;1
767.531;1411.06;6.74495;-1.33052;0.00175409;0.00317167;-0.000926104;0.00362909;0.00129667;1.00303;-0.000115475;-0.00148597;1.00443;0.0193269;0.988478;1;3;1
790.531;1411.06;6.7772;-1.29169;0.000343887;0.00316062;0.00175439;0.004002;-0.000497501;1.00286;-0.00808787;-0.001852;1.00074;0.020831;0.988331;1;3;1
813.531;1411.06;6.76067;-1.23481;0.00201341;0.00337058;0.000518625;0.00354607;0.00183791;1.0023;-0.00638236;-0.00214161;0.999283;0.0185142;0.993823;1;3;1
836.531;1411.06;6.86972;-1.2768;0.00119044;0.00423479;0.000192756;0.00424695;0.00117828;1.00701;-0.00295603;0.00304345;1.00668;0.0187009;0.988517;1;3;1
859.531;1411.06;6.81539;-1.26749;-0.000696904;0.00332058;0.000856603;0.0034956;-0.000871923;0.994386;-0.00239605;-0.0058097;1.00188;0.0180992;0.991196;1;3;1
882.531;1411.06;6.83763;-1.22552;0.00177292;0.00385995;0.000804058;0.00413379;0.00149908;1.00493;-0.000221173;-0.000119413;1.00582;0.0205012;0.98693;1;3;1
905.531;1411.06;6.89684;-1.21169;0.00239144;0.00285875;6.85476e-05;0.0028686;0.0023816;0.998711;-0.00158193;0.000369675;1.00593;0.021101;0.987347;1;3;1
928.531;1411.06;6.9475;-1.23689;1.52369e-05;0.00418438;0.00020905;0.00419484;4.78091e-06;1.00186;-0.000243496;-0.000870331;1.00531;0.0195049;0.992258;1;3;1
951.531;1411.06;6.89753;-1.18702;-0.000688958;0.00328212;0.00143161;0.00374442;-0.00115125;0.999201;-0.00613878;-0.00284273;0.999891;0.023186;0.977142;1;3;1
974.531;1411.06;6.9158;-1.23594;0.00304555;0.00242334;1.09644e-05;0.00304574;0.00242315;1.00214;-0.000956063;0.0100124;1.0028;0.0237303;0.986087;1;3;1
997.531;1411.06;7.03737;-1.25198;0.00360152;0.00286506;0.00105691;0.0043525;0.00211407;1.00473;0.00696325;-0.00745162;1.00519;0.0281684;0.981933;1;3;1
1020.53;1411.06;7.08107;-1.14055;0.00136815;0.0051614;0.00199983;0.00602095;0.000508594;0.998707;-0.00135755;-0.00305238;1.00349;0.02528;0.985468;1;4;1
1043.53;1411.06;7.09996;-1.08741;0.00113337;0.00170904;0.00116462;0.00262086;0.000221538;1.00169;-0.00222764;0.00150773;0.997882;0.0244923;0.979974;1;3;1
1066.53;1411.06;7.13316;-1.10754;8.52954e-05;0.00189122;0.000150471;0.00190367;7.28438e-05;0.999418;-0.00172952;-0.00226992;1.00528;0.0219214;0.989393;1;3;1
1089.53;1411.06;7.10389;-1.08796;0.000809262;0.0030016;-0.000495169;0.00310825;0.00070261;0.996061;0.00107842;-0.000697482;1.00501;0.0247639;0.979497;1;2;1
1112.53;1411.06;7.17038;-1.10977;0.00114329;0.00315998;0.000245438;0.00318942;0.00111385;1.00304;-0.00171926;0.000756903;1.00316;0.0213182;0.984714;1;3;1
1135.53;1411.06;7.15645;-1.08166;0.00097319;0.00480089;0.000725907;0.00493393;0.000840149;0.999809;-0.00197608;0.000711948;1.00632;0.0200203;0.987583;1;3;1
1158.53;1411.06;7.2151;-1.06481;0.00229681;0.00372494;0.00118167;0.00439154;0.00163021;1.00454;-0.00187714;-0.0015383;1.00555;0.0179461;0.991745;1;2;1
1181.53;1411.06;7.26194;-1.01814;0.00179493;0.00432684;0.00190267;0.00534623;0.000775546;0.997927;-0.0031538;-0.00134777;1.00342;0.0214595;0.98571;1;3;1
1204.53;1411.06;7.29756;-1.0142;0.00178058;0.00321705;0.000531347;0.00339223;0.0016054;0.999272;-0.000801339;0.00138554;1.00772;0.0214483;0.986505;1;3;1
1227.53;1411.06;7.34377;-1.00562;0.00181701;0.00282614;-3.96607e-05;0.0028277;0.00181545;1.0039;0.000835395;-0.000727551;1.00385;0.0220837;0.990398;1;3;1
1250.53;1411.06;7.38107;-1.01489;-0.0011827;0.00308439;0.000959794;0.00329034;-0.00138865;1.00035;-0.000302655;0.00307561;1.00651;0.0217158;0.988349;1;3;1
1273.53;1411.06;7.28933;-0.991757;-0.00398022;0.00508832;0.00143091;0.00530874;-0.00420064;0.985054;-0.0108852;-0.0114372;1.00387;0.033662;0.97028;1;3;1
31.5305;1388.06;6.07736;-1.56858;-2.13165e-05;0.00339965;-0.000413602;0.00344894;-7.06116e-05;1.00188;0.00679313;-0.00497125;1.00336;0.0214755;0.990015;1;3;1
54.5305;1388.06;6.07686;-1.54479;-0.000356564;0.00241753;0.00011055;0.00242193;-0.000360962;0.995441;0.000415782;-0.000492997;1.0025;0.0239201;0.986617;1;3;1
77.5306;1388.06;6.06086;-1.47528;0.00213675;0.00370683;0.00025843;0.00374827;0.00209531;1.0023;5.08253e-05;-0.00204361;1.00489;0.0220331;0.986791;1;3;1
100.531;1388.06;6.17504;-1.53972;0.00296912;0.00297282;-0.00174238;0.00471335;0.00122859;1.00121;-0.00268316;0.00228458;0.997579;0.0198188;0.989929;1;3;1
123.531;1388.06;6.19712;-1.58101;0.000846989;0.00106759;-0.00141776;0.00237933;-0.000464753;0.999047;0.00352104;-0.00252502;0.999692;0.0209509;0.992833;1;3;1
146.531;1388.06;6.21399;-1.52895;0.00084661;0.0031515;-0.000271014;0.00318294;0.000815172;1.00167;-0.00347322;0.00267742;1.00468;0.0197098;0.992418;1;3;1
169.531;1388.06;6.23603;-1.5435;0.000677547;0.00326826;-0.000465364;0.00334932;0.000596491;1.00301;-0.00379282;0.00236052;1.00111;0.0217471;0.986112;1;2;1
192.531;1388.06;6.24514;-1.51717;-0.000561073;0.0024348;-2.31822e-05;0.00243498;-0.000561253;0.998902;-0.00119053;-0.00455214;1.00123;0.01975;0.988882;1;3;1
215.531;1388.06;6.21018;-1.49195;0.000690104;0.00327457;-0.000484371;0.00336236;0.000602307;1.00019;0.00177888;0.000875408;1.00182;0.0197519;0.992407;1;2;1
238.531;1388.06;6.27687;-1.52796;0.00193543;0.00514469;-0.00201613;0.00611681;0.000963312;1.00389;0.00369678;0.00223347;1.00339;0.0197619;0.989817;1;3;1
261.531;1388.06;6.29905;-1.57517;0.00106471;0.00255216;-0.000329651;0.00262195;0.000994931;0.999191;-0.00203203;0.00375626;0.99799;0.0177779;0.994047;1;3;1
284.531;1388.06;6.32582;-1.55122;-0.000144289;0.00461964;-0.00148695;0.00504565;-0.000570308;1.00408;0.00431354;-3.02806e-05;1.00371;0.0193031;0.990122;1;3;1
307.531;1388.06;6.2924;-1.53623;-0.000883002;0.00350686;0.000425433;0.00354771;-0.000923852;0.998738;0.000427404;-0.00252066;0.999496;0.0200314;0.990436;1;3;1
330.531;1388.06;6.28512;-1.47689;0.000678847;0.0041546;-0.000249285;0.00417239;0.00066106;0.998801;-0.0011823;-0.00549327;1.00395;0.0192379;0.99013;1;3;1
353.531;1388.06;6.3236;-1.50023;0.00259637;0.00358129;-0.00121532;0.00440013;0.00177753;1.00138;-0.00190175;0.00566533;1.00284;0.0226729;0.990102;1;2;1
376.531;1388.06;6.40435;-1.5445;0.00239938;0.00337922;-0.00046124;0.00356218;0.00221643;1.00125;-0.00069621;0.000126636;1.00062;0.0225631;0.989459;1;3;1
399.531;1388.06;6.43384;-1.48837;-3.55707e-05;0.00216762;0.00174469;0.00312938;-0.000997334;1.00328;0.00237992;-0.00172696;1.00224;0.0206085;0.990303;1;3;1
422.531;1388.06;6.40257;-1.42761;0.000524931;0.0029691;-0.000254833;0.00299539;0.000498644;0.999407;-0.0031924;0.00494177;1.00428;0.0206089;0.988915;1;3;1
445.531;1388.06;6.45795;-1.5427;0.00125067;0.00320659;-0.000859972;0.00353092;0.000926344;0.997714;-0.000512427;-0.0028765;1.00159;0.019339;0.992227;1;3;1
468.531;1388.06;6.46003;-1.48099;0.00116673;0.00361581;0.000423401;0.00368695;0.0010956;1.00449;0.00125241;-0.00125353;1.00119;0.0167996;0.992175;1;2;1
491.531;1388.06;6.51145;-1.43152;0.000323808;0.00413885;-0.000343864;0.00416959;0.000293061;1.00092;0.00196736;0.00276058;1.00742;0.0208732;0.993202;1;3;1
514.531;1388.06;6.4749;-1.43494;-0.000453799;0.00452155;-0.000306944;0.00454041;-0.000472664;0.994392;0.00507279;-0.00102258;0.998814;0.0183981;0.994501;1;3;1
537.531;1388.06;6.49057;-1.42662;0.00107014;0.00262796;-0.00132337;0.00338463;0.000313473;1.00687;0.00300814;0.000113837;1.00525;0.0235704;0.982218;1;3;1
560.531;1388.06;6.5241;-1.4446;0.00163659;0.00354358;-0.000981877;0.00395875;0.00122142;0.99797;-0.00510271;0.00228136;1.00496;0.0183879;0.989458;1;3;1
583.531;1388.06;6.56571;-1.5112;0.000404859;0.00354628;-0.000741996;0.00371272;0.00023842;1.00875;0.000545488;0.00349591;1.00063;0.0180108;0.991728;1;3;1
606.531;1388.06;6.54271;-1.42119;0.000133663;0.00419498;-0.000469223;0.00424849;8.01566e-05;0.993291;0.00220954;-0.00568192;0.999399;0.0226481;0.988533;1;2;1
629.531;1388.06;6.57185;-1.47287;0.00167748;0.00317767;-0.000432042;0.00329319;0.00156195;1.00319;-0.000896626;-0.00119063;1.00413;0.0231264;0.990087;1;3;1
652.531;1388.06;6.61978;-1.47725;0.000857379;0.00508161;-0.00020709;0.00509174;0.000847251;0.997448;-0.000163969;-0.000546387;1.00332;0.0262171;0.970599;1;3;1
675.531;1388.06;6.61127;-1.48917;0.00149153;0.00220011;-0.000528855;0.00248238;0.00120926;1.00012;0.00231789;0.00383694;0.998177;0.0238307;0.988106;1;4;1
698.531;1388.06;6.6883;-1.4175;0.00155145;0.00318053;0.000990127;0.0036481;0.00108387;1.00306;-0.00237572;-0.00414794;1.00159;0.0272735;0.973199;1;3;1
721.531;1388.06;6.68249;-1.39856;0.00139194;0.00468455;0.000692485;0.00482426;0.00125223;1.00243;0.00194387;0.00083893;1.00557;0.0210936;0.991622;1;3;1
744.531;1388.06;6.75223;-1.34628;0.00283832;0.0046578;-0.000717391;0.00490662;0.00258949;1.00499;0.000547756;-0.00219687;1.00396;0.0212729;0.98781;1;3;1
767.531;1388.06;6.81286;-1.41601;0.000484982;0.00279675;-0.000190088;0.00281228;0.000469456;0.998421;0.00583208;-0.00230526;1.00344;0.0221685;0.987662;1;3;1
790.531;1388.06;6.77453;-1.34223;0.000361665;0.00327639;0.000180139;0.00328748;0.000350574;1.00094;0.00355129;-0.00171782;1.0047;0.0202305;0.989609;1;2;1
813.531;1388.06;6.82947;-1.36725;0.00138212;0.00459852;-0.00112846;0.00495494;0.0010257;1.00594;0.00487706;0.00510884;1.00807;0.0200199;0.992414;1;3;1
836.531;1388.06;6.83804;-1.38884;-0.00060963;0.0033483;0.000851486;0.00352371;-0.00078504;0.997543;0.00103991;0.000327272;1.0023;0.019828;0.989266;1;2;1
859.531;1388.06;6.80138;-1.30854;0.000155158;0.00296816;4.02324e-05;0.00296873;0.000154583;0.996642;0.0036173;-0.00442265;1.00642;0.0195255;0.989508;1;3;1
882.531;1388.06;6.84511;-1.30969;0.00163008;0.00419022;0.000246064;0.00421365;0.00160664;1.0062;0.00125378;-0.00285354;1.00139;0.0211749;0.982987;1;3;1
905.531;1388.06;6.8763;-1.29571;0.00140323;0.00403595;0.000294757;0.00406855;0.00137063;0.990786;-0.00359549;0.000831245;0.995686;0.0249255;0.980119;1;3;1
928.531;1388.06;6.90959;-1.26319;-0.00127541;0.00174539;0.000761169;0.00192634;-0.00145637;1.0024;-0.00451022;-0.00182599;0.998954;0.0250065;0.97791;1;3;1
951.531;1388.06;6.8176;-1.29589;0.000983138;0.00302852;0.000218802;0.00305167;0.000959994;0.996243;-0.00384078;-0.00259441;1.00551;0.0238484;0.974723;1;3;1
974.531;1388.06;6.95479;-1.28591;0.00366821;0.0023185;0.000643168;0.00392561;0.0020611;1.00758;-0.004839;0.00144788;1.00002;0.0213842;0.987997;1;3;1
997.531;1388.06;6.98599;-1.24275;0.00200038;0.00202964;0.000807871;0.00282302;0.00120701;1.00049;-0.0063476;0.000518398;0.999282;0.0234608;0.981005;1;3;1
1020.53;1388.06;7.04669;-1.24187;0.00105277;0.00432132;0.000832497;0.00452114;0.000852953;0.995713;-0.000825559;-0.00390849;1.00317;0.0259007;0.977199;1;3;1
1043.53;1388.06;7.03434;-1.17118;0.00134613;0.00448117;0.00217503;0.00559467;0.000232633;1.00089;-0.00460158;-0.00291109;1.01149;0.0250481;0.980407;1;3;1
1066.53;1388.06;7.10845;-1.13773;0.00351193;0.00378184;0.00146014;0.00511325;0.00218052;1.00401;-0.00347119;5.56242e-05;1.00268;0.0253858;0.979204;1;3;1
1089.53;1388.06;7.19561;-1.16861;0.00131589;0.00498206;-0.000267723;0.00500151;0.00129645;1.00056;0.00373077;0.000945045;1.00341;0.0250861;0.979677;1;3;1
1112.53;1388.06;7.16894;-1.1592;-0.00119026;0.00390869;0.000664264;0.00399381;-0.00127537;0.997284;0.00248036;0.00248811;1.00307;0.021414;0.986649;1;3;1
1135.53;1388.06;7.14082;-1.17395;0.000506179;0.00508894;-0.000703455;0.00519449;0.00040063;1.00379;0.00641193;0.000352911;1.00329;0.0208409;0.988996;1;3;1
1158.53;1388.06;7.19221;-1.18043;0.000898784;0.00377706;-6.19569e-05;0.0037784;0.000897451;0.998771;0.0015495;0.000475773;1.00235;0.0194499;0.988953;1;3;1
1181.53;1388.06;7.18213;-1.13266;0.000767952;0.00515944;0.000696613;0.00526729;0.000660098;1.00391;0.00247042;-0.00495871;1.00406;0.0202624;0.986299;1;3;1
1204.53;1388.06;7.22747;-1.10965;0.00235328;0.00454796;0.0018274;0.00558218;0.00131906;1.00285;0.00110441;0.00136204;1.00317;0.0204649;0.99014;1;3;1
1227.53;1388.06;7.29021;-1.07232;0.00137873;0.00359421;0.00112376;0.00406441;0.000908519;1.00331;-0.00308696;-0.00272722;1.00235;0.0201338;0.988337;1;3;1
1250.53;1388.06;7.29084;-1.08426;-0.000131625;0.00264429;0.00224471;0.00389549;-0.00138282;0.995755;-0.00884529;0.00305997;1.00425;0.0208996;0.988749;1;3;1
1273.53;1388.06;7.28414;-1.03074;-0.000288723;0.00449406;0.000140223;0.00449817;-0.00029283;0.997519;0.0043933;-0.00884288;1.0025;0.0271043;0.986021;1;3;1
31.5305;1365.06;6.09547;-1.62149;0.00277182;0.00265993;3.33532e-05;0.002781;0.00265074;1.00174;-0.00199863;-0.00273129;1.00111;0.0208662;0.991924;1;2;1
54.5305;1365.06;6.15912;-1.59648;-0.000186964;0.00228252;-0.000584502;0.00241388;-0.000318322;0.99746;0.00112312;-0.00040794;1.00149;0.022244;0.986126;1;3;1
77.5306;1365.06;6.08687;-1.61934;0.000340816;0.00540404;-0.000403886;0.00543605;0.000308801;1.00022;0.00186588;0.000935699;1.00558;0.0187046;0.99219;1;2;1
100.531;1365.06;6.17479;-1.60474;0.00380974;0.00378539;0.00097714;0.00477478;0.00282035;1.00695;0.00668235;-0.0063793;1.00562;0.0204054;0.986619;1;3;1
123.531;1365.06;6.26174;-1.55696;0.00154824;0.00278537;-0.000822961;0.00319631;0.0011373;1.00066;0.00198413;0.00236788;1.00295;0.0194176;0.991699;1;3;1
146.531;1365.06;6.24596;-1.59305;-0.0012378;0.00310442;-0.00120717;0.00341745;-0.00155084;0.996837;0.00313496;-0.00189074;1.00052;0.0171786;0.994754;1;2;1
169.531;1365.06;6.20473;-1.61699;-0.00035834;0.00370719;-0.000141564;0.00371212;-0.000363263;1.00035;0.000619089;0.00149356;1.0031;0.0191832;0.994926;1;3;1
192.531;1365.06;6.22947;-1.57195;0.00106003;0.00368225;0.000222203;0.00370094;0.00104133;1.00169;0.000162273;0.000184718;1.0043;0.019824;0.991006;1;2;1
215.531;1365.06;6.25346;-1.59974;0.00121365;0.00454829;-0.00220995;0.00564934;0.000112601;1.00664;0.00212769;0.000679875;1.00692;0.0192121;0.992377;1;2;1
238.531;1365.06;6.2852;-1.64493;0.000650612;0.00298036;-0.000796797;0.00322681;0.000404169;0.999061;0.000123202;0.00107796;1.00663;0.0219998;0.987626;1;4;1
261.531;1365.06;6.28338;-1.59167;0.00230367;0.00210637;-0.000847219;0.00305796;0.00135207;0.99964;0.00380166;-0.00254246;1.00416;0.0205755;0.991105;1;2;1
284.531;1365.06;6.39105;-1.63757;0.000973561;0.00162753;-0.000325338;0.00176181;0.000839282;1.00303;0.0022691;0.00457237;1.00254;0.0215033;0.986358;1;3;1
307.531;1365.06;6.32814;-1.60614;-0.000790588;0.00186835;5.33738e-05;0.00186942;-0.000791659;0.992072;0.0011721;-0.00587663;1.00769;0.0196442;0.992682;1;3;1
330.531;1365.06;6.35462;-1.57052;0.000718243;0.00385146;-0.000466787;0.00391953;0.000650179;1.00554;-0.00127062;-0.00339426;1.00575;0.0173288;0.9936;1;3;1
353.531;1365.06;6.36116;-1.58292;0.00141723;0.00297238;-0.000709204;0.00324723;0.00114238;1.00418;0.00144175;0.00363015;1.00278;0.0198234;0.988884;1;3;1
376.531;1365.06;6.41974;-1.61187;-0.000499324;0.00323572;0.000215855;0.00324815;-0.000511757;0.994292;-0.000760953;-0.00335486;1.00504;0.0221933;0.988865;1;3;1
399.531;1365.06;6.33816;-1.53261;-0.000207834;0.00325368;0.000735995;0.00340367;-0.000357824;1.00517;0.000222154;0.00451674;1.00074;0.0253484;0.982253;1;4;1
422.531;1365.06;6.41009;-1.51931;0.00344783;0.00454576;-0.000280925;0.00461347;0.00338013;0.997809;0.0031257;-0.00319581;1.00327;0.0215935;0.986254;1;3;1
445.531;1365.06;6.49648;-1.54057;0.00313248;0.00175508;-0.00150302;0.00409708;0.000790489;1.00903;0.000359273;0.00216169;1.00285;0.0191095;0.991613;1;3;1
468.531;1365.06;6.55391;-1.58816;0.00120918;0.00233492;-0.000149412;0.00235442;0.00118969;1.00208;-0.000284572;-0.000390684;1.00602;0.0219424;0.984778;1;3;1
491.531;1365.06;6.55207;-1.54767;-0.00111498;0.00241906;5.90691e-05;0.00242004;-0.00111597;0.995921;0.00427783;0.0021113;1.00107;0.0199803;0.989641;1;3;1
514.531;1365.06;6.50259;-1.57354;0.00116865;0.002652;-9.00304e-05;0.00265745;0.0011632;0.998714;0.00227909;-0.00373371;1.00643;0.0205908;0.988351;1;4;1
537.531;1365.06;6.60579;-1.51438;0.00162722;0.00311497;-0.000117825;0.00312425;0.00161794;1.00679;-0.00205224;-0.00181806;1.00318;0.0204721;0.9911;1;3;1
560.531;1365.06;6.57736;-1.533;0.000736226;0.00342875;-0.00101457;0.00376824;0.000396733;0.997035;0.00464402;-0.0015073;1.00125;0.0212128;0.991752;1;3;1
583.531;1365.06;6.63961;-1.56978;0.000836567;0.00277684;-0.000535615;0.00291487;0.00069853;1.00265;0.0013024;0.00436625;1.00167;0.0205447;0.987768;1;3;1
606.531;1365.06;6.61583;-1.53339;6.63806e-05;0.00456821;-0.000342257;0.00459408;4.05088e-05;0.997188;0.00141241;-0.00295162;1.00794;0.0198263;0.992001;1;3;1
629.531;1365.06;6.64261;-1.50439;0.000117798;0.00280266;-9.0405e-05;0.0028057;0.000114757;1.00612;0.00398404;-0.00109003;1.00124;0.0212982;0.983001;1;3;1
652.531;1365.06;6.62125;-1.53614;0.00128448;0.00213704;0.000411175;0.00230303;0.00111849;0.996674;0.00273462;0.00116579;1.00075;0.0251376;0.987619;1;3;1
675.531;1365.06;6.70166;-1.47884;0.00162664;0.0023419;-0.000334561;0.00247399;0.00149454;1.00159;0.00348006;-0.000879948;1.00474;0.0232612;0.984255;1;3;1
698.531;1365.06;6.69599;-1.49244;0.000196534;0.00365888;-0.000388885;0.00370202;0.000153392;0.995271;0.00214415;-0.00231702;1.00549;0.0212712;0.987719;1;3;1
721.531;1365.06;6.71069;-1.47398;0.00106494;0.00349466;0.000210826;0.00351282;0.00104678;1.0063;-0.000525321;0.000928971;1.00338;0.020591;0.98981;1;3;1
744.531;1365.06;6.74494;-1.46293;0.00121375;0.00514571;-0.000180988;0.00515402;0.00120544;0.997563;-0.00141805;-0.00144175;1.00352;0.0202362;0.991752;1;3;1
767.531;1365.06;6.76649;-1.45899;0.00140526;0.00209994;0.000688336;0.00252361;0.000981593;1.00158;-0.00521639;-0.00115271;1.00183;0.0252075;0.980946;1;3;1
790.531;1365.06;6.80953;-1.44214;0.00111136;0.00438513;-4.89196e-05;0.00438586;0.00111063;0.999796;0.000556265;-0.000202266;1.0065;0.02242;0.988523;1;3;1
813.531;1365.06;6.81758;-1.44583;0.000886294;0.00372799;0.000237178;0.00374765;0.000866635;1.00426;0.00541659;-0.00254258;1.00231;0.0217141;0.98842;1;3;1
836.531;1365.06;6.85028;-1.43056;0.00159904;0.00186157;0.000579746;0.00232473;0.00113588;0.998554;0.00269554;0.00263698;1.00009;0.0188064;0.987861;1;3;1
859.531;1365.06;6.89106;-1.40376;-0.000486673;0.00414309;-0.000366071;0.00417186;-0.00051544;1.0028;0.0013471;0.000712138;0.999751;0.021651;0.989563;1;3;1
882.531;1365.06;6.82789;-1.41787;0.000550474;0.00344363;-0.000489124;0.00352409;0.000470019;1.00099;-0.00831526;0.000298334;1.0035;0.0244506;0.977279;1;3;1
905.531;1365.06;6.91638;-1.39697;0.00107486;0.00321605;0.000958764;0.00358261;0.000708308;0.999644;0.00801651;-0.00262978;1.00766;0.0234282;0.982182;1;3;1
928.531;1365.06;6.8772;-1.31705;-0.00133969;0.00337527;0.000541004;0.00343655;-0.00140097;0.999854;-0.00040936;-0.000955108;1.01065;0.0242089;0.975286;1;3;1
951.531;1365.06;6.85465;-1.3261;0.000711587;0.00362132;-0.00173787;0.00443291;-0.000100002;0.998077;0.00398426;3.86184e-05;1.00379;0.0267955;0.975356;1;3;1
974.531;1365.06;6.90991;-1.34247;0.00332263;0.00406679;-0.000223844;0.00412894;0.00326049;1.00261;0.00216533;0.0024895;1.00322;0.0252211;0.981591;1;2;1
997.531;1365.06;7.00724;-1.34524;0.00362526;0.00492477;2.89654e-05;0.00492542;0.00362461;1.00567;0.0020135;-0.000314224;1.00802;0.0185136;0.990196;1;3;1
1020.53;1365.06;7.07637;-1.33891;-5.6947e-05;0.00460411;0.000993307;0.00480696;-0.0002598;0.999265;-0.000564003;-0.000554543;1.00937;0.0209944;0.989739;1;2;1
1043.53;1365.06;7.00459;-1.29299;-0.0016175;0.00529917;0.000244806;0.00530782;-0.00162616;0.997064;0.00265961;0.000650055;1.00376;0.0252896;0.98147;1;3;1
1066.53;1365.06;7.00187;-1.28099;0.00222776;0.00359937;-0.000357457;0.00368694;0.00214019;1.00749;0.00435955;-0.00313017;1.00272;0.026876;0.982679;1;2;1
1089.53;1365.06;7.10695;-1.31657;0.00221904;0.00471565;0.000632455;0.00486672;0.00206796;1.00211;-0.00338503;-0.00166145;1.00871;0.0229468;0.987742;1;3;1
1112.53;1365.06;7.10383;-1.28917;0.00202073;0.003415;-0.000314708;0.00348274;0.00195299;1.00156;0.00105748;0.00418138;1.00511;0.0231554;0.982017;1;3;1
1135.53;1365.06;7.1998;-1.31514;0.00344926;0.00237343;0.000976547;0.00402624;0.00179645;1.00798;-0.00507525;-0.00241469;1.00784;0.0205602;0.987247;1;3;1
1158.53;1365.06;7.2622;-1.2382;0.00150593;0.00341653;0.00100273;0.00384617;0.00107629;0.999955;-0.0026361;-0.00466608;1.00756;0.0203297;0.987997;1;3;1
1181.53;1365.06;7.26899;-1.25486;-0.0015614;0.00402769;-0.000364067;0.00405131;-0.00158502;0.997316;-0.00072145;0.00258692;1.00761;0.0231921;0.986196;1;3;1
1204.53;1365.06;7.19031;-1.22281;-6.37608e-05;0.00473221;0.000416762;0.00476815;-9.97074e-05;0.995714;0.000198452;-0.00476757;1.01046;0.0253578;0.981194;1;3;1
1227.53;1365.06;7.26598;-1.1706;0.000565133;0.00522818;0.00118318;0.00551122;0.000282098;1.00037;0.00193582;-0.000272539;1.00274;0.0225737;0.989788;1;3;1
1250.53;1365.06;7.21622;-1.13607;0.00256851;0.00305641;-0.000145057;0.00309628;0.00252864;1.00572;0.00133285;0.00181811;0.998734;0.0242608;0.983883;1;3;1
1273.53;1365.06;7.38397;-1.19792;0.0073236;0.00499581;-0.00199249;0.00846723;0.00385218;1.00257;0.000233113;0.0012717;1.00214;0.0237196;0.988604;1;3;1
31.5305;1342.06;6.1243;-1.69075;0.000370593;0.00346255;0.000941205;0.00372652;0.000106622;1.00534;-0.00142493;-0.00204996;1.00495;0.0213956;0.991518;1;3;1
54.5305;1342.06;6.13279;-1.64963;-0.000751555;0.00351544;0.000209197;0.00352568;-0.000761787;0.996179;-0.00228367;0.00176196;1.00197;0.0239554;0.986285;1;3;1
77.5306;1342.06;6.08971;-1.72319;0.000328812;0.00360764;-0.00145849;0.00416251;-0.000226058;0.999753;-0.00219208;0.000962816;1.00309;0.0220619;0.992009;1;2;1
100.531;1342.06;6.14787;-1.71351;0.00424172;0.0031263;0.000601502;0.00450429;0.00286374;1.00963;-0.00628916;-0.00065421;1.00385;0.0174141;0.99273;1;2;1
123.531;1342.06;6.28441;-1.70888;0.00254777;0.00468464;0.00104671;0.00511192;0.00212049;0.998338;-0.00183715;0.000849165;1.00145;0.0231385;0.993124;1;3;1
146.531;1342.06;6.2649;-1.67151;-0.000308067;0.00350379;-1.296e-05;0.00350383;-0.000308111;0.998122;0.00374565;-0.00445834;1.00514;0.0192021;0.994861;1;3;1
169.531;1342.06;6.27024;-1.7137;-0.000497363;0.00383441;-0.00122274;0.00415572;-0.000818673;1.0005;0.00804315;0.00419197;1.009;0.0188626;0.99168;1;3;1
192.531;1342.06;6.24201;-1.68624;0.00151856;0.00523408;-0.00119577;0.00558566;0.00116699;1.00438;0.00191158;-0.00150557;1.00566;0.0221418;0.990619;1;3;1
215.531;1342.06;6.34004;-1.70051;0.0025297;0.00380672;-0.000122579;0.00381838;0.00251804;1.00419;-0.00252893;-0.000489728;0.999846;0.022648;0.988531;1;3;1
238.531;1342.06;6.35822;-1.66479;0.000960133;0.00379546;0.000111061;0.0037998;0.00095579;1.00178;-0.00695316;-0.00301298;1.0046;0.0211571;0.993656;1;3;1
261.531;1342.06;6.38417;-1.67189;-0.000368763;0.00435844;-0.000454662;0.00440177;-0.000412095;1.00438;0.00146415;9.73706e-05;1.0028;0.0195669;0.992092;1;3;1
284.531;1342.06;6.34124;-1.62602;-0.000639756;0.00217217;0.000482752;0.00225274;-0.000720326;1.0008;-0.00317163;0.000457895;1.00441;0.0221544;0.987466;1;3;1
307.531;1342.06;6.35471;-1.62205;0.000219508;0.00260508;-0.000869411;0.00288831;-6.37183e-05;0.997793;0.00583473;0.00179401;1.00071;0.0220467;0.991835;1;3;1
330.531;1342.06;6.35133;-1.65367;-0.000160205;0.0037673;-0.000418394;0.00381138;-0.000204282;0.999316;0.00382536;0.00104425;1.00192;0.0169422;0.992845;1;2;1
353.531;1342.06;6.34734;-1.63675;0.00182049;0.00364134;-0.000793752;0.00393877;0.00152306;1.00495;0.000517757;-0.000637456;1.00223;0.0169248;0.991942;1;3;1
376.531;1342.06;6.43498;-1.69309;0.00243023;0.00255148;3.15956e-05;0.00255922;0.00242249;1.00388;0.00324429;0.00555876;0.998372;0.0177387;0.992031;1;3;1
399.531;1342.06;6.45899;-1.63779;-0.000317257;0.00423171;-0.000628356;0.00431691;-0.000402457;0.997932;-0.00137417;-0.00332288;1.00715;0.02154;0.988089;1;4;1
422.531;1342.06;6.42035;-1.63624;0.00148053;0.00531214;-0.000135126;0.0053169;0.00147577;1.00051;-0.00166224;0.0019162;1.00656;0.0202923;0.989758;1;3;1
445.531;1342.06;6.52704;-1.62331;0.00100775;0.0050403;0.000600812;0.00512791;0.000920135;0.997993;0.00155314;-0.000746657;1.00799;0.0210606;0.99235;1;3;1
468.531;1342.06;6.46666;-1.58827;-0.000136767;0.00270082;0.00127496;0.00318951;-0.000625461;0.998193;9.19937e-05;-0.00378952;1.00597;0.0224208;0.987124;1;3;1
491.531;1342.06;6.52068;-1.54266;0.00108462;0.00296046;0.000348857;0.00302323;0.00102184;1.00119;-0.00227735;-0.00405701;1.00292;0.0205181;0.986891;1;3;1
514.531;1342.06;6.51651;-1.55675;0.000463548;0.00406068;-0.00121152;0.00443067;9.35631e-05;1.00232;0.00240231;0.00732928;1.00154;0.0209255;0.989895;1;3;1
537.531;1342.06;6.54199;-1.56966;0.000986115;0.00453195;-0.000517489;0.00460593;0.000912135;0.998632;0.0012783;-0.0017159;1.00354;0.0212755;0.989604;1;3;1
560.531;1342.06;6.56183;-1.60203;0.00157998;0.0045992;-0.00111148;0.00496424;0.00121494;1.00477;0.00230771;0.00329577;1.00781;0.0228868;0.981302;1;2;1
583.531;1342.06;6.61456;-1.63873;0.00169845;0.0027584;0.000136135;0.00277561;0.00168124;0.999918;-0.00127522;0.00172962;1.00117;0.0202508;0.982655;1;3;1
606.531;1342.06;6.63988;-1.63075;-0.000807266;0.00364711;0.00028886;0.00366576;-0.00082592;0.999087;6.86275e-05;-0.00132775;1.00335;0.0179287;0.99101;1;3;1
629.531;1342.06;6.5774;-1.60161;-0.000701505;0.00431327;0.00116823;0.00457206;-0.000960299;0.998639;-0.00360035;-0.00236637;1.00534;0.0218696;0.985818;1;3;1
652.531;1342.06;6.60757;-1.57545;0.00235775;0.00304333;-3.95738e-06;0.00304335;0.00235773;1.00227;-0.00651792;0.00311757;1.00344;0.0210664;0.9862;1;3;1
675.531;1342.06;6.68573;-1.59671;0.00264231;0.00456534;-0.000690353;0.0047875;0.00242015;1.00609;-0.00286546;-0.00497191;1.0064;0.019445;0.990391;1;3;1
698.531;1342.06;6.72895;-1.58548;0.000151846;0.00382808;-9.92136e-05;0.00383075;0.000149171;0.992473;0.00315876;0.00153411;0.999142;0.0219949;0.989492;1;3;1
721.531;1342.06;6.69269;-1.55903;0.0011954;0.00445854;-7.86125e-05;0.00446043;0.00119351;1.00602;0.00210465;-0.00160807;1.00622;0.0203335;0.988585;1;3;1
744.531;1342.06;6.78391;-1.58236;0.0016918;0.00559197;0.000131267;0.00559639;0.00168739;0.998256;0.00461558;-0.00491338;1.00759;0.0235045;0.98753;1;3;1
767.531;1342.06;6.77043;-1.51248;0.000181395;0.00271198;0.00189983;0.00372931;-0.000835928;1.00249;0.00950618;0.0013658;1.00646;0.0257167;0.979085;1;3;1
790.531;1342.06;6.79223;-1.5435;0.00106293;0.00320305;-0.000222169;0.00322587;0.00104011;0.995518;-0.00258018;0.0016378;1.00348;0.0200515;0.987502;1;3;1
813.531;1342.06;6.81929;-1.53842;0.000754348;0.00413482;0.000603258;0.00423924;0.00064992;1.00078;-0.00630657;-0.00283721;1.00659;0.0227383;0.984953;1;3;1
836.531;1342.06;6.82687;-1.47439;0.00062091;0.0033481;0.000720244;0.00352663;0.000442382;1.00393;-0.00313018;-0.00185019;1.0018;0.0231981;0.985637;1;3;1
859.531;1342.06;6.84783;-1.4987;0.00152348;0.0035191;0.000666357;0.00372115;0.00132143;1.00017;0.000877327;0.00239255;1.00585;0.018569;0.993056;1;3;1
882.531;1342.06;6.8969;-1.4678;0.000901023;0.00320303;-0.000275736;0.00323559;0.000868456;0.999478;0.0114882;-0.00744798;0.999369;0.0215396;0.988135;1;3;1
905.531;1342.06;6.88922;-1.44341;0.000741228;0.00302157;0.001223;0.00355344;0.000209361;0.9987;-0.000713335;0.00539135;1.00317;0.0240341;0.985114;1;3;1
928.531;1342.06;6.93095;-1.41819;0.00136305;0.00563526;-0.000356889;0.00566487;0.00133344;1.00572;-0.000502109;-0.00345853;1.0007;0.023765;0.978349;1;3;1
951.531;1342.06;6.95187;-1.46198;0.000548891;0.00388184;-0.00158086;0.00451237;-8.16421e-05;0.996358;-0.00643987;0.00415844;0.999436;0.0268723;0.973108;1;3;1
974.531;1342.06;6.95616;-1.47261;0.000761841;0.00325662;-0.00149713;0.00395792;6.05425e-05;1.00124;0.00053091;-0.00037355;1.0016;0.0244779;0.982415;1;3;1
997.531;1342.06;6.98691;-1.46874;0.00112305;0.00333537;0.000641749;0.00350805;0.000950369;1.00465;-0.00875597;-0.00241192;1.00376;0.025522;0.97972;1;3;1
1020.53;1342.06;7.00779;-1.45315;0.0018109;0.00209581;0.000471909;0.00244629;0.00146041;1.0007;0.000234749;0.00159901;0.995306;0.0242183;0.980372;1;3;1
1043.53;1342.06;7.0701;-1.41428;0.00239662;0.0048847;0.00077078;0.00510412;0.00217719;1.00062;0.00234364;-0.00805721;1.00014;0.0277706;0.976599;1;3;1
1066.53;1342.06;7.11766;-1.30301;0.00128895;0.00436594;0.000222595;0.00438196;0.00127293;1.00282;-3.68657e-05;0.000442222;1.00451;0.0248882;0.980239;1;3;1
1089.53;1342.06;7.12934;-1.38498;0.00177579;0.00310441;0.00030517;0.00317116;0.00170905;1.0013;-0.00440468;0.000729385;1.00081;0.0244912;0.984693;1;3;1
1112.53;1342.06;7.19927;-1.31601;-0.000587371;0.00280369;0.000974584;0.00306383;-0.000847508;0.998408;-0.00113219;-0.000576708;1.00231;0.0245942;0.98561;1;3;1
1135.53;1342.06;7.1022;-1.28298;-0.000842544;0.00323905;0.000508243;0.00330139;-0.000904879;0.999976;-0.00179455;-0.00114049;0.998757;0.0261186;0.976239;1;3;1
1158.53;1342.06;7.16049;-1.33731;0.00280746;0.00395688;0.000103042;0.00396604;0.0027983;1.00352;0.000552459;0.00486027;1.002;0.0205276;0.990153;1;3;1
1181.53;1342.06;7.23115;-1.31754;0.00246617;0.0029981;0.00109473;0.00385871;0.00160556;1.00331;-0.000925142;-0.00243986;1.00004;0.0242935;0.989065;1;3;1
1204.53;1342.06;7.27379;-1.3268;0.000813697;0.00316438;-0.000498767;0.00326583;0.000712248;0.998624;0.00114614;-0.00104656;1.00191;0.0251047;0.98192;1;3;1
1227.53;1342.06;7.26857;-1.31218;6.80749e-05;0.00443912;0.000884926;0.00461148;-0.000104283;1.00396;0.0040146;-0.0040758;1.00806;0.0226523;0.987777;1;3;1
1250.53;1342.06;7.27681;-1.22464;0.00161347;0.00603585;-6.35767e-05;0.00603677;0.00161255;0.997736;0.00565222;0.0015283;1.00726;0.0222465;0.988026;1;3;1
1273.53;1342.06;7.3427;-1.25994;0.00286983;0.0027067;-0.00140966;0.00420028;0.00137625;1.01043;0.00350336;0.00128905;0.997086;0.0284911;0.985049;1;3;1
31.5305;1319.06;6.0914;-1.78049;0.000691472;0.00324446;-2.19966e-05;0.00324465;0.000691283;1.00239;0.0012918;0.00225564;1.00191;0.0193951;0.990869;1;3;1
54.5305;1319.06;6.10729;-1.75788;0.00142535;0.00444446;-0.00023001;0.00446188;0.00140793;0.998031;-0.000347379;-0.000647572;1.00451;0.0183311;0.99324;1;3;1
77.5306;1319.06;6.15692;-1.78494;0.000580553;0.00337305;-0.000708587;0.00354256;0.000411041;1.00096;0.00821981;-0.000943235;1.00198;0.0188065;0.990264;1;3;1
100.531;1319.06;6.13398;-1.7483;0.00110642;0.00277874;-0.000268102;0.00282067;0.00106449;1.00102;-0.00108302;5.6293e-06;1.00152;0.0185772;0.99381;1;2;1
123.531;1319.06;6.20778;-1.77192;0.00235769;0.003766;0.000678029;0.00403937;0.00208432;0.997272;-0.00424939;0.000742722;1.0045;0.0221363;0.983617;1;3;1
146.531;1319.06;6.24231;-1.75394;0.00206084;0.00385428;-3.7599e-05;0.00385507;0.00206006;1.0059;-0.00315268;-0.00440076;1.00007;0.020736;0.989882;1;3;1
169.531;1319.06;6.30248;-1.79293;0.00240019;0.00365393;-0.0005482;0.00385982;0.0021943;1.00433;-0.00358242;0.00408931;0.999752;0.0170353;0.994681;1;3;1
192.531;1319.06;6.35255;-1.81193;-0.000353898;0.00368519;-0.000920004;0.00388487;-0.00055358;0.998286;-0.000439869;0.00215089;1.00112;0.0193699;0.990084;1;3;1
215.531;1319.06;6.28619;-1.77451;-0.00106134;0.00242814;-6.19636e-05;0.00242924;-0.00106244;0.99736;0.00213358;-0.00260779;1.0041;0.0162152;0.994416;1;3;1
238.531;1319.06;6.3037;-1.81918;0.00169661;0.00478713;-0.00010246;0.00479052;0.00169322;1.00675;0.00464791;0.0028015;1.00493;0.0191205;0.990666;1;3;1
261.531;1319.06;6.36417;-1.79165;0.00202271;0.00304784;0.000739082;0.0034347;0.00163585;0.999077;-0.00161617;-0.00335922;1.00649;0.0188452;0.991036;1;3;1
284.531;1319.06;6.39658;-1.73738;0.000353719;0.00417668;-7.91627e-05;0.00417832;0.00035208;1.00036;0.00382968;0.00109233;1.00231;0.0183877;0.993792;1;2;1
307.531;1319.06;6.38039;-1.72579;-0.000395999;0.00424542;-0.000143508;0.00424985;-0.000400431;1.00125;0.000837225;0.000299431;1.00198;0.0197186;0.989996;1;2;1
330.531;1319.06;6.37836;-1.74348;0.000308276;0.00457609;-0.00136937;0.00497768;-9.33145e-05;1.00014;0.00109986;-0.000492279;1.00295;0.0157825;0.995535;1;2;1
353.531;1319.06;6.39456;-1.7501;0.000814621;0.00439648;-0.000811216;0.00457163;0.000639463;0.999381;0.00213481;-0.0010937;1.00751;0.0169028;0.991662;1;3;1
376.531;1319.06;6.41581;-1.72909;0.00127347;0.00274349;0.000308339;0.00280555;0.00121142;1.00031;-0.00210615;-0.000435775;1.00783;0.017783;0.992623;1;2;1
399.531;1319.06;6.4531;-1.72671;0.000461687;0.00379692;-0.000827757;0.00399106;0.00026755;1.00119;0.000849671;0.00083051;1.00271;0.0185073;0.988323;1;3;1
422.531;1319.06;6.43703;-1.76302;0.000790518;0.00373534;-0.000883281;0.00397996;0.000545903;1.0002;0.00543188;0.00373841;1.00028;0.0182776;0.991049;1;3;1
445.531;1319.06;6.48942;-1.77185;0.00175087;0.00412799;0.000700791;0.0043192;0.00155965;1.00217;-0.00218588;-0.00184011;1.00243;0.0198536;0.990254;1;3;1
468.531;1319.06;6.51747;-1.71221;0.00135426;0.00441178;0.000203237;0.00442523;0.00134081;1.00234;0.00205688;-0.00487112;1.00321;0.0173172;0.99339;1;3;1
491.531;1319.06;6.55159;-1.68365;0.00151098;0.00504275;-0.000559435;0.00512925;0.00142448;1.0004;0.00163025;0.00508442;1.00155;0.0194143;0.986497;1;3;1
514.531;1319.06;6.5869;-1.75987;0.00122524;0.00539015;-0.00112977;0.00567687;0.000938516;1.00456;0.00149967;-0.000404529;1.00514;0.0182375;0.988718;1;3;1
537.531;1319.06;6.6079;-1.72238;0.00050607;0.00362644;-0.00082936;0.00383318;0.000299332;0.999884;-0.000897488;0.000931405;1.00764;0.0176819;0.993589;1;3;1
560.531;1319.06;6.61017;-1.74407;-0.000207379;0.00388626;-0.000312075;0.00390991;-0.000231033;1.00013;-1.01017e-05;-0.00389163;1.00074;0.016771;0.991871;1;3;1
583.531;1319.06;6.59836;-1.69647;0.00035581;0.0027477;0.000289702;0.00278229;0.000321222;0.997748;0.000896944;-0.00179513;1.00616;0.0181995;0.990965;1;3;1
606.531;1319.06;6.62652;-1.70085;-0.000167773;0.00249055;-0.000275524;0.00251881;-0.000196029;1.00416;-0.00569394;0.00141506;1.00249;0.0191796;0.991834;1;3;1
629.531;1319.06;6.59064;-1.70234;1.36403e-07;0.0036378;-0.000720057;0.00377515;-0.000137209;0.999861;0.00212119;-0.00291633;1.00305;0.0179797;0.990756;1;3;1
652.531;1319.06;6.62652;-1.67592;0.00357848;0.00520573;-0.000938034;0.00563384;0.00315037;1.00687;0.0056719;0.00432127;1.00868;0.0200072;0.988598;1;4;1
675.531;1319.06;6.75495;-1.68834;0.00253392;0.00332618;5.31359e-05;0.00332973;0.00253037;1.00436;0.00180577;-0.00393282;1.00221;0.0187995;0.993311;1;3;1
698.531;1319.06;6.74293;-1.66818;-0.000736751;0.00414207;0.000923451;0.00431101;-0.00090569;0.996263;-0.00236143;0.00228681;1.00801;0.0182272;0.9932;1;4;1
721.531;1319.06;6.72105;-1.67861;0.000798501;0.0041009;-0.000713839;0.0042486;0.000650805;1.00361;-0.00350728;0.000430388;1.0031;0.0209908;0.98737;1;3;1
744.531;1319.06;6.77962;-1.71944;-0.00196009;0.00336079;0.00130027;0.00366154;-0.00226084;1.0022;-0.00294182;0.000514183;0.998132;0.0244182;0.980649;1;3;1
767.531;1319.06;6.6307;-1.58337;0.000533341;0.00442926;0.0010131;0.00467696;0.000285644;0.988098;-0.00123499;-0.00825051;1.00726;0.0316332;0.973956;1;4;1
790.531;1319.06;6.80396;-1.58925;0.0043747;0.00255722;-0.000892689;0.00473981;0.00219211;1.00463;0.00350472;0.0047415;1.00205;0.024359;0.983194;1;3;1
813.531;1319.06;6.83147;-1.63563;0.000433223;0.00284737;0.000114048;0.00285275;0.000427847;1.00366;0.00520832;-0.00248668;1.00089;0.0205081;0.988932;1;3;1
836.531;1319.06;6.82388;-1.5843;0.000109748;0.00473485;0.0012784;0.00506468;-0.000220088;0.998235;0.00104162;-0.00142617;1.00501;0.021044;0.987065;1;3;1
859.531;1319.06;6.83646;-1.56532;0.00184471;0.00334124;-0.000132181;0.00335283;0.00183313;1.00128;-0.00171004;0.00110529;1.0023;0.0248875;0.979236;1;3;1
882.531;1319.06;6.90866;-1.5649;0.000374252;0.0043543;0.000610007;0.00444569;0.000282857;0.999734;-0.00214753;-0.000796144;1.00985;0.0240855;0.983403;1;3;1
905.531;1319.06;6.85366;-1.53571;-0.000376521;0.00382776;9.79779e-05;0.00383004;-0.000378803;1.00087;-0.00263915;-0.00178564;1.00063;0.0254247;0.974234;1;3;1
928.531;1319.06;6.89133;-1.57554;0.00199682;0.00498293;0.000879221;0.00522257;0.00175718;1.00545;0.00131879;0.000558981;1.00462;0.0245745;0.983064;1;3;1
951.531;1319.06;6.94541;-1.50423;0.00325545;0.00309561;0.000677956;0.00385818;0.00249288;0.997576;0.00409051;-0.00623147;1.00503;0.0235857;0.982002;1;3;1
974.531;1319.06;7.04077;-1.49184;0.000485847;0.003335;8.87869e-05;0.00333777;0.000483083;1.00213;0.000900497;0.00641376;1.00518;0.0224565;0.981752;1;3;1
997.531;1319.06;6.96776;-1.49839;0.00101732;0.0027916;0.000464034;0.00290563;0.000903289;0.998231;0.00693569;-0.00144781;1.00294;0.0265282;0.978064;1;4;1
1020.53;1319.06;7.0875;-1.43521;0.00253822;0.00214324;-0.000362111;0.0027532;0.00192826;0.99591;-0.00666084;-0.000332588;1.00253;0.0268835;0.974261;1;2;1
1043.53;1319.06;7.08436;-1.51707;-0.00166524;0.00391935;-0.00050515;0.00396467;-0.00171057;1.00209;-0.00291569;0.000908628;1.00584;0.0234408;0.984019;1;3;1
1066.53;1319.06;7.01082;-1.48138;-0.000400519;0.00566736;0.00102842;0.00583692;-0.000570083;1.00448;-0.00425704;-0.00409313;1.00787;0.0196703;0.98892;1;3;1
1089.53;1319.06;7.0659;-1.45913;0.00230022;0.00267091;0.00124508;0.00374436;0.00122677;1.00101;-0.00153904;0.000449894;1.0033;0.0210973;0.984659;1;3;1
1112.53;1319.06;7.11646;-1.41796;0.00142969;0.00398485;0.00112158;0.00440732;0.00100723;1.00221;-0.000168099;-0.000817747;1.00398;0.0261632;0.976409;1;3;1
1135.53;1319.06;7.13162;-1.46384;0.00221294;0.00543913;-0.000459555;0.00550331;0.00214875;0.997115;0.00318468;0.0026998;1.00801;0.0207533;0.986682;1;3;1
1158.53;1319.06;7.21814;-1.41984;0.00103262;0.00343657;0.00145688;0.00412331;0.000345876;1.00759;-0.00318046;-0.00352465;1.00259;0.0219194;0.982419;1;4;1
1181.53;1319.06;7.17904;-1.39248;0.000509153;0.00331423;0.00124976;0.00379026;3.31243e-05;1.00097;0.00237569;-0.00284165;1.00432;0.0200412;0.988897;1;3;1
1204.53;1319.06;7.24153;-1.36812;0.00235362;0.00245811;0.00075291;0.00316058;0.00165114;1.00433;-0.00134584;0.00127328;1.00343;0.0221408;0.986142;1;3;1
1227.53;1319.06;7.28717;-1.37434;0.000718173;0.00288258;-0.000478152;0.00298351;0.000617248;0.999971;0.000457259;-0.000568728;1.00133;0.0210434;0.98855;1;3;1
1250.53;1319.06;7.27453;-1.41285;0.00338706;0.00519547;0.000676946;0.0054208;0.00316173;0.993621;0.00195266;-0.00370673;1.00333;0.0215252;0.992808;1;3;1
1273.53;1319.06;7.44269;-1.32223;0.0073456;0.00381094;0.00126859;0.00775377;0.00340277;1.01425;-0.00235364;9.47361e-07;1.0059;0.024739;0.98569;1;3;1
31.5305;1296.06;6.17166;-1.83973;-0.000964926;0.00239167;-0.00177187;0.0031539;-0.00172716;0.993676;0.00256611;-0.00164832;1.00453;0.0193867;0.991363;1;2;1
54.5305;1296.06;6.14945;-1.85362;-0.000156116;0.00405066;-0.00201699;0.00486146;-0.000966916;1.00152;0.00462405;0.00282236;1.00254;0.0178887;0.990807;1;3;1
77.5306;1296.06;6.16446;-1.87802;0.000785125;0.00308415;-0.000306795;0.00312439;0.000744889;0.998965;-0.000718867;0.00115501;1.00326;0.0165124;0.995666;1;3;1
100.531;1296.06;6.18555;-1.84114;0.00113267;0.00440977;-0.00074072;0.00456941;0.000973019;1.00158;-0.000617418;0.00227863;1.00159;0.0192971;0.989537;1;3;1
123.531;1296.06;6.21653;-1.88174;0.00134332;0.00293271;-0.000868908;0.00331553;0.000960505;0.998728;0.00781671;-0.00017285;1.00222;0.0216754;0.987369;1;3;1
146.531;1296.06;6.2473;-1.84846;0.000999587;0.00353121;-0.000936036;0.0038397;0.000691091;1.0033;-0.00313044;-0.00184766;1.00405;0.0200019;0.992635;1;3;1
169.531;1296.06;6.26249;-1.88147;0.00212997;0.00389001;-0.000248097;0.00392431;0.00209567;1.00192;0.00115785;-0.000769094;1.00648;0.0185244;0.991983;1;3;1
192.531;1296.06;6.34518;-1.85533;0.00165412;0.00144378;0.000944836;0.00249962;0.000598281;1.00325;0.00331051;0.000829852;1.00029;0.0198693;0.987602;1;3;1
215.531;1296.06;6.33847;-1.81207;0.000114617;0.00353896;-0.00164307;0.0041998;-0.000546229;1.00066;0.00517788;0.00175899;1.00337;0.0206356;0.992192;1;3;1
238.531;1296.06;6.35044;-1.88447;0.00129948;0.0031994;-0.00138088;0.00392552;0.000573354;0.997893;0.00266189;0.00304998;1.00321;0.021015;0.99356;1;3;1
261.531;1296.06;6.3982;-1.81187;0.00139765;0.00223434;3.06474e-05;0.00223547;0.00139653;1.00623;-0.000158652;-0.00360808;0.997457;0.022724;0.986601;1;4;1
284.531;1296.06;6.41464;-1.81769;-0.000791448;0.00416005;-0.000447086;0.0042001;-0.000831493;0.997125;0.0010618;0.00112567;1.00678;0.0212645;0.990845;1;3;1
307.531;1296.06;6.36178;-1.81693;0.000831628;0.00326345;-0.000383634;0.00332253;0.000772543;1.00132;-0.001685;0.00260294;1.00445;0.0192923;0.987742;1;3;1
330.531;1296.06;6.45285;-1.86358;0.00162248;0.00371621;-0.00128078;0.00432352;0.00101517;1.0032;0.00519888;-0.00102534;1.00582;0.0159546;0.993768;1;3;1
353.531;1296.06;6.43635;-1.83846;-0.000494678;0.00291472;-0.000266257;0.00293539;-0.000515346;0.994456;0.00207045;-0.00181311;1.00144;0.0176918;0.995823;1;3;1
376.531;1296.06;6.43007;-1.81912;0.00140809;0.00332944;-0.000548664;0.00347507;0.00126245;1.0073;-0.000745943;0.00223229;1.00071;0.024133;0.986603;1;3;1
399.531;1296.06;6.50107;-1.81209;0.000569951;0.00470487;-0.000944653;0.00491046;0.00036436;0.999513;-0.000281002;-0.00160585;1.00247;0.0185934;0.989956;1;2;1
422.531;1296.06;6.45628;-1.80773;0.000272612;0.00297975;-0.000694558;0.00314755;0.000104814;0.997336;-0.000943174;4.9219e-05;1.00355;0.0189923;0.99083;1;2;1
445.531;1296.06;6.51361;-1.81281;0.00174436;0.001843;0.00094622;0.00274119;0.000846179;1.00211;0.00214948;-0.000523803;1.00219;0.0200869;0.992125;1;2;1
468.531;1296.06;6.53645;-1.79072;0.000231554;0.00410848;2.17941e-06;0.00410848;0.000231553;1.00349;0.00455557;-1.8356e-05;1.00305;0.0186168;0.98908;1;3;1
491.531;1296.06;6.52424;-1.77405;0.000978399;0.00513702;-0.00105702;0.00539027;0.00072515;0.997564;-0.00118449;8.36597e-05;1.00648;0.0192662;0.988472;1;3;1
514.531;1296.06;6.58143;-1.80399;0.00239163;0.00173959;0.000344928;0.00254023;0.00159099;1.00225;-0.0010193;0.000194577;1.00351;0.0179696;0.991262;1;3;1
537.531;1296.06;6.63411;-1.73608;0.00076414;0.00329853;0.000479067;0.00338607;0.000676607;1.00262;-0.0040179;0.00159835;0.9976;0.0203571;0.988031;1;3;1
560.531;1296.06;6.61656;-1.78042;-6.22046e-05;0.00188184;2.44216e-05;0.00188215;-6.25113e-05;0.999984;-0.000203478;-0.00192738;1.00142;0.0188148;0.98982;1;3;1
583.531;1296.06;6.63124;-1.76495;0.000930797;0.00265636;0.000827816;0.00298927;0.00059789;0.999071;0.00132264;0.00115449;1.00078;0.0183981;0.990207;1;2;1
606.531;1296.06;6.65934;-1.74517;0.000813694;0.00371766;-0.000499409;0.00380114;0.000730208;1.00517;0.0042785;-0.00143871;1.00642;0.0202109;0.987719;1;3;1
629.531;1296.06;6.66865;-1.76856;0.00105039;0.00292174;-0.00126165;0.00355682;0.00041531;0.998959;0.00091856;-0.00333909;1.00339;0.0189995;0.989484;1;3;1
652.531;1296.06;6.70758;-1.81419;0.000433843;0.00367257;-0.000682449;0.0038105;0.000295915;0.99789;0.00128679;-0.000221746;1.00305;0.0181844;0.989585;1;3;1
675.531;1296.06;6.6886;-1.74946;-0.00117024;0.00376129;0.00109373;0.00399297;-0.00140193;1.00482;-0.00220969;-0.000788864;1.00695;0.0201033;0.990228;1;3;1
698.531;1296.06;6.65371;-1.77556;0.000397545;0.00292593;0.000200288;0.0029417;0.000381777;0.995264;-0.00478261;0.0043878;1.00376;0.0189675;0.990381;1;2;1
721.531;1296.06;6.70689;-1.74729;0.00230936;0.00347717;-4.06639e-05;0.00347859;0.00230795;1.00288;0.00331593;-0.00535863;1.00421;0.0189409;0.991986;1;3;1
744.531;1296.06;6.7598;-1.73669;0.00220003;0.001993;-0.000238298;0.00235633;0.00183671;1.00317;-0.00111176;-0.000327564;1.00508;0.0191416;0.991193;1;3;1
767.531;1296.06;6.80797;-1.71576;0.00135095;0.00485547;-0.00114903;0.00519861;0.00100781;0.999168;0.00232752;-0.00140817;1.00049;0.0256861;0.981636;1;3;1
790.531;1296.06;6.82184;-1.66097;0.000126426;0.00474103;0.00115324;0.00501319;-0.000145732;1.00012;-0.00503181;-0.00139551;1.00527;0.0214389;0.988317;1;3;1
813.531;1296.06;6.81376;-1.66921;-0.000910898;0.00170591;0.000293168;0.00173835;-0.000943341;1.00193;-0.00636697;0.00142418;1.00339;0.0206605;0.990574;1;3;1
836.531;1296.06;6.77991;-1.69166;0.00142805;0.00306698;0.000431062;0.00317344;0.00132159;0.998729;-0.0112629;0.000615349;1.00433;0.0261126;0.978537;1;3;1
859.531;1296.06;6.8794;-1.65213;0.00197208;0.0037939;-0.000523049;0.00393339;0.00183259;1.00276;0.00136386;0.000281915;1.00775;0.0215305;0.987058;1;4;1
882.531;1296.06;6.87053;-1.66765;-0.000214597;0.00379563;0.000221956;0.00380787;-0.000226844;1.00013;0.00124088;0.001316;1.00339;0.0202823;0.984728;1;3;1
905.531;1296.06;6.86951;-1.61914;0.000245123;0.00352283;-0.000507833;0.00359971;0.000168245;0.99894;0.000883414;-0.00083861;1.00674;0.0212784;0.989109;1;3;1
928.531;1296.06;6.8818;-1.64681;0.00226081;0.00299491;-8.70416e-05;0.00300509;0.00225063;1.00706;0.00162739;0.00172144;1.00339;0.0219431;0.987354;1;3;1
951.531;1296.06;6.97339;-1.60415;0.00156781;0.0040231;0.000126326;0.00402958;0.00156133;0.998289;0.00159428;-0.00529744;1.00048;0.0227258;0.985625;1;2;1
974.531;1296.06;6.95385;-1.62576;0.000600178;0.00504638;0.00085713;0.0052059;0.000440665;0.999506;-0.000936585;0.00269807;1.00183;0.0232225;0.978226;1;3;1
997.531;1296.06;7.00099;-1.59697;0.00149135;0.00250096;0.000564976;0.0027538;0.00123851;1.00751;-0.000221121;-0.00217844;1.00229;0.0186117;0.990154;1;3;1
1020.53;1296.06;7.02235;-1.55164;0.00150608;0.00424397;0.000536989;0.00434552;0.00140453;0.998486;-0.0021002;-0.000144351;1.00666;0.0220301;0.988734;1;3;1
1043.53;1296.06;7.07022;-1.59422;0.00128238;0.00290411;-3.76075e-05;0.00290498;0.00128151;1.00108;0.00180803;0.000277888;1.00026;0.0224645;0.984534;1;3;1
1066.53;1296.06;7.0813;-1.56296;0.000181918;0.0032164;0.000144715;0.00322329;0.000175032;0.9989;0.00345137;-0.00279304;1.00062;0.0206484;0.984609;1;2;1
1089.53;1296.06;7.0785;-1.50765;0.000223047;0.00269745;0.000537435;0.00280914;0.000111359;1.00133;0.00202626;0.00121007;1.00101;0.0189522;0.988746;1;2;1
1112.53;1296.06;7.09151;-1.49882;0.00139241;0.00312766;0.000272904;0.00316957;0.0013505;1.0009;-0.00250668;-0.00122454;1.00147;0.0212263;0.988675;1;3;1
1135.53;1296.06;7.1425;-1.53248;0.000143904;0.0029247;0.000485226;0.00300693;6.16684e-05;1.00075;0.00116314;0.00176363;0.999663;0.0220475;0.986621;1;2;1
1158.53;1296.06;7.09813;-1.49508;0.000557576;0.00318705;0.00106443;0.00356392;0.000180703;1.00253;0.00567078;-0.00575007;1.00336;0.0258472;0.979505;1;3;1
1181.53;1296.06;7.1681;-1.4697;0.0027153;0.00367255;0.000108154;0.00368461;0.00270323;1.00445;-0.00216341;0.00145959;1.00405;0.0222133;0.988654;1;2;1
1204.53;1296.06;7.22283;-1.4397;0.00216756;0.00208215;0.000469954;0.00259675;0.00165297;0.999366;0.000758508;0.000830045;1.00064;0.0206629;0.98423;1;3;1
1227.53;1296.06;7.2677;-1.44459;0.000959705;0.0040662;0.000434652;0.00412587;0.000900036;1.00444;-0.00486746;-0.00179416;1.00144;0.0195448;0.987611;1;2;1
1250.53;1296.06;7.26695;-1.46301;0.00304276;0.00139686;-8.64197e-05;0.00304729;0.00139234;1.00074;-0.00345394;0.00150282;1.00364;0.0200345;0.991211;1;3;1
1273.53;1296.06;7.40745;-1.43487;0.00612806;0.00386651;0.00229703;0.00755756;0.00243701;1.01956;-0.00514058;-0.00182918;1.0071;0.0251139;0.985552;1;3;1
31.5305;1273.06;6.22669;-1.89017;0.00120928;0.0030469;-0.00163139;0.00400043;0.000255752;1.00102;0.00544888;0.00172758;1.00109;0.0189241;0.989644;1;2;1
54.5305;1273.06;6.25442;-1.9436;-0.000631172;0.00359445;-0.00131912;0.00397243;-0.00100915;1.00152;0.00339598;0.00165118;1.00461;0.0165646;0.992972;1;3;1
77.5306;1273.06;6.19763;-1.92658;-0.00121873;0.00323293;-0.00102703;0.00345845;-0.00144426;0.999036;6.37736e-05;0.00274033;1.00389;0.0168721;0.994965;1;3;1
100.531;1273.06;6.19833;-1.95066;0.00179855;0.00413435;-0.000525263;0.00424703;0.00168586;1.00019;0.00390804;-0.00428115;1.0093;0.0219802;0.988875;1;3;1
123.531;1273.06;6.28028;-1.90657;0.0028364;0.00264177;-0.000698824;0.00344465;0.00203351;1.00104;-0.00145948;0.0031431;1.00469;0.0233859;0.989925;1;3;1
146.531;1273.06;6.3286;-1.91601;0.000829315;0.00298024;-0.00102995;0.00339388;0.000415676;1.00131;0.00533482;0.000212782;1.00469;0.0250236;0.983582;1;3;1
169.531;1273.06;6.31837;-1.97152;0.000142827;0.00284174;-0.000500043;0.00293141;5.31607e-05;0.995518;0.00348527;-0.00230594;1.00037;0.0208284;0.986336;1;3;1
192.531;1273.06;6.33516;-1.87829;0.00195292;0.00283793;2.95233e-05;0.00283891;0.00195193;1.00665;-0.00447613;0.000615623;1.00277;0.0206153;0.993058;1;2;1
215.531;1273.06;6.4081;-1.93685;0.00208265;0.0042348;-0.00170578;0.00517556;0.0011419;1.00237;-0.0018383;0.00305354;1.00565;0.0203686;0.990973;1;2;1
238.531;1273.06;6.43078;-1.96595;0.000437027;0.00203115;0.000216347;0.00205999;0.000408187;0.99865;-0.00477132;0.000212469;1.003;0.0203535;0.99149;1;2;1
261.531;1273.06;6.42818;-1.89427;4.1281e-05;0.00383032;0.000360763;0.00386437;7.23776e-06;1.00629;0.00249782;-0.00274624;1.0038;0.0244355;0.983532;1;3;1
284.531;1273.06;6.43266;-1.92833;-0.00127155;0.00325873;0.000453894;0.00330376;-0.00131658;0.992965;-0.00487147;4.62273e-05;0.99961;0.0178013;0.994633;1;3;1
307.531;1273.06;6.36965;-1.87566;0.000908317;0.00315606;-0.000839501;0.00343499;0.000629388;1.00255;0.00188869;-0.00189089;1.00537;0.0188978;0.990939;1;3;1
330.531;1273.06;6.47442;-1.91401;0.00204624;0.00245045;-6.12079e-05;0.00245952;0.00203718;1.00169;-0.00421045;0.00291385;1.00392;0.0173308;0.993518;1;3;1
353.531;1273.06;6.46368;-1.88393;0.000396366;0.00199823;-9.2361e-05;0.00200354;0.000391058;1.00045;-0.00365588;-0.00360367;1.00193;0.019535;0.991187;1;3;1
376.531;1273.06;6.49264;-1.88193;0.00190941;0.00423787;-0.00132671;0.00483874;0.00130853;1.00344;0.00150394;0.00364413;1.00331;0.0178977;0.994258;1;3;1
399.531;1273.06;6.55139;-1.94253;0.000164505;0.00256131;-0.000445001;0.00264126;8.45514e-05;0.998467;0.00125897;0.000867492;1.00422;0.0199782;0.989465;1;3;1
422.531;1273.06;6.5002;-1.89984;-0.0028605;0.00395754;-0.000480532;0.00399124;-0.00289421;0.997374;0.0060588;-0.000686336;1.00515;0.0197738;0.993396;1;3;1
445.531;1273.06;6.41954;-1.85649;0.00121778;0.00401451;-0.000458498;0.00408776;0.00114454;1.00534;0.00252205;0.000943154;1.00457;0.0210737;0.988087;1;3;1
468.531;1273.06;6.55619;-1.9008;0.00470498;0.00414399;-0.000865602;0.00533439;0.00351457;1.0073;-0.00321122;-0.000433752;1.00687;0.0191258;0.987608;1;3;1
491.531;1273.06;6.63542;-1.91927;0.000805543;0.00469841;-7.69285e-05;0.00469993;0.000804024;0.996804;0.00349272;-0.00418569;1.01048;0.0189617;0.989049;1;3;1
514.531;1273.06;6.59318;-1.83982;-0.00104101;0.00257519;0.00068491;0.00270056;-0.00116639;1.00104;0.000242079;-0.000615206;1.00083;0.0200847;0.989067;1;3;1
537.531;1273.06;6.58749;-1.87386;-0.000308321;0.00449301;0.000297419;0.00451136;-0.000326675;1.0011;0.00385805;0.00249391;1.01019;0.0198815;0.986378;1;3;1
560.531;1273.06;6.579;-1.83054;-0.000649149;0.00383994;-2.53151e-05;0.00384008;-0.000649291;0.998935;0.00093217;-0.00178683;1.00341;0.02;0.987526;1;4;1
583.531;1273.06;6.55758;-1.81848;0.00195469;0.00351596;-0.00019063;0.0035389;0.00193175;1.00238;-0.00770479;0.0010757;1.00389;0.0201402;0.987751;1;3;1
606.531;1273.06;6.66881;-1.87152;0.00173769;0.00394344;7.78798e-05;0.00394619;0.00173494;1.00386;0.00185266;0.00243673;1.00095;0.0177862;0.993075;1;3;1
629.531;1273.06;6.63744;-1.83653;0.000861992;0.00191501;-6.56302e-06;0.00191505;0.000861951;1.00035;-0.0034894;-0.0021604;1.00906;0.0204659;0.989516;1;4;1
652.531;1273.06;6.70844;-1.84448;0.00120922;0.00133319;-4.42767e-05;0.00134738;0.00119503;0.999919;0.000361746;-0.000404728;1.00133;0.0182042;0.988537;1;3;1
675.531;1273.06;6.69303;-1.86099;0.000397264;0.00442696;-3.58538e-05;0.00442728;0.000396945;0.999368;0.00222399;0.000496076;1.00122;0.0205873;0.987742;1;3;1
698.531;1273.06;6.72669;-1.80257;0.00153757;0.00234251;-0.000513235;0.00259226;0.00128782;1.00426;0.000263099;-0.00101726;1.00187;0.0217609;0.989254;1;3;1
721.531;1273.06;6.7637;-1.83827;0.00231404;0.00266248;-0.000296984;0.00283258;0.00214395;1.00166;0.0011201;-0.00319554;1.00316;0.0188472;0.989691;1;3;1
744.531;1273.06;6.83301;-1.81099;0.00105632;0.00329293;-0.000458768;0.00338338;0.000965872;1.00228;0.00432969;0.0018933;1.00126;0.0221943;0.983524;1;3;1
767.531;1273.06;6.81225;-1.80583;-0.00191917;0.0030868;0.000804197;0.00321282;-0.00204519;0.997714;0.00148181;-0.000905071;1.00606;0.0257608;0.972702;1;3;1
790.531;1273.06;6.74464;-1.80678;-0.000835615;0.00511397;0.00159299;0.00551364;-0.00123529;1.00012;0.00521407;-0.00223101;1.00673;0.0196112;0.986634;1;3;1
813.531;1273.06;6.7737;-1.714;0.0012359;0.00522334;0.00112553;0.0055191;0.000940139;0.99961;-0.000392953;-0.000841641;1.00323;0.0242833;0.985198;1;3;1
836.531;1273.06;6.80139;-1.72516;0.00293562;0.00311291;-0.000221257;0.00326262;0.00278591;1.00463;0.00398677;0.00292557;1.00439;0.0294335;0.958936;1;3;1
859.531;1273.06;6.90854;-1.73945;0.00261149;0.00316175;-0.000133928;0.00319261;0.00258062;0.99745;-0.000559953;-0.000895404;1.00119;0.0259002;0.98259;1;3;1
882.531;1273.06;6.92136;-1.73917;0.00027754;0.00364273;0.000813065;0.00382888;9.13916e-05;0.996881;-0.0048686;-0.00262778;1.00079;0.022181;0.986998;1;3;1
905.531;1273.06;6.92128;-1.69742;-0.000152664;0.00346264;-3.12664e-05;0.00346291;-0.000152935;0.999802;0.00200853;0.00191672;1.00273;0.0195389;0.989304;1;3;1
928.531;1273.06;6.91433;-1.7131;0.000731307;0.00250192;-0.000219229;0.00252866;0.000704567;1.00034;-0.00185528;-0.00156975;1.00756;0.0207864;0.982678;1;3;1
951.531;1273.06;6.95491;-1.68892;0.00119299;0.00455886;8.22747e-05;0.00456087;0.00119098;1.00314;-0.00391041;0.000292272;1.00397;0.0222205;0.979931;1;3;1
974.531;1273.06;6.96917;-1.72334;0.000765723;0.00348099;-0.000289257;0.00351147;0.000735251;1.0016;0.00254643;-0.00520208;1.00538;0.0243039;0.984763;1;3;1
997.531;1273.06;6.99006;-1.61329;0.00156331;0.00253501;0.000527373;0.00276622;0.0013321;0.999808;0.0037318;-9.93603e-05;1.00543;0.0194699;0.98959;1;3;1
1020.53;1273.06;7.04093;-1.63;0.00188084;0.00334553;-0.000251142;0.0033874;0.00183898;1.00093;0.00357666;-0.000814928;1.00227;0.0245042;0.980395;1;3;1
1043.53;1273.06;7.07648;-1.65047;0.000944179;0.00270516;0.000295607;0.00275345;0.000895881;1.00404;-0.00125196;-0.000158748;1.00632;0.0202173;0.991225;1;3;1
1066.53;1273.06;7.08434;-1.62904;9.41135e-05;0.00305788;0.00102014;0.00337507;-0.000223076;0.999227;6.10963e-05;-0.000479971;1.00627;0.0207118;0.985202;1;2;1
1089.53;1273.06;7.08076;-1.58305;-0.00038657;0.00223082;0.00139608;0.00283568;-0.000991438;0.995931;-0.000593431;0.000486969;1.00329;0.020471;0.98792;1;3;1
1112.53;1273.06;7.06651;-1.56158;0.000216997;0.00337733;0.000276925;0.00340141;0.000192915;0.99918;0.000525771;-0.000994032;1.00626;0.0228914;0.986191;1;3;1
1135.53;1273.06;7.09074;-1.59816;0.00254045;0.00294135;0.000490999;0.00327124;0.00221056;1.00398;-0.00507832;0.00682655;1.00483;0.0244612;0.983488;1;3;1
1158.53;1273.06;7.18322;-1.5662;0.00291345;0.00290902;0.00044308;0.00335432;0.00246815;1.00648;-0.00430155;-0.00976878;1.00393;0.0237699;0.984495;1;3;1
1181.53;1273.06;7.22455;-1.56108;0.000878293;0.0022965;0.000693786;0.00257945;0.000595345;0.997216;0.00195987;-0.000736107;1.00218;0.0207717;0.988299;1;3;1
1204.53;1273.06;7.22349;-1.46379;-1.52068e-05;0.00170406;-0.0005454;0.00186248;-0.000173626;0.998092;0.00153686;0.00283994;1.00531;0.0224865;0.985605;1;3;1
1227.53;1273.06;7.22385;-1.56096;0.00149413;0.00302874;0.000280943;0.00307856;0.00144432;1.00294;0.00190728;-0.00284096;1.00727;0.0193902;0.992003;1;3;1
1250.53;1273.06;7.29217;-1.47706;0.00141397;0.00174675;0.000462263;0.00207166;0.00108906;1.00415;0.00334569;-0.00160214;1.00263;0.0234048;0.986973;1;3;1
1273.53;1273.06;7.2888;-1.49949;-0.000145799;0.00254196;0.00177851;0.00342723;-0.00103107;1.00015;-0.00247333;0.00544683;1.00078;0.0257296;0.987396;1;3;1
31.5305;1250.06;6.21452;-1.97965;0.000862951;0.00393024;-0.000463249;0.00399868;0.000794514;0.999512;-0.00863858;0.000157254;1.00235;0.0208391;0.987476;1;3;1
54.5305;1250.06;6.23433;-2.01859;0.000814871;0.0027731;-0.00018528;0.00279048;0.000797495;1.00008;-0.00454769;0.00256924;1.00041;0.0212889;0.99153;1;3;1
77.5306;1250.06;6.25197;-2.02642;0.000424334;0.00412173;-0.000434593;0.00417213;0.000373939;1.00031;0.00358647;0.00220658;1.00282;0.0210247;0.990435;1;2;1
100.531;1250.06;6.25384;-2.03088;0.00137763;0.00350594;-0.000936079;0.00385906;0.00102451;1.00018;0.00611841;-0.00442402;1.00297;0.0238142;0.992358;1;3;1
123.531;1250.06;6.31529;-2.00299;0.000501637;0.00379446;-0.000449883;0.00385482;0.000441278;0.999668;0.00713144;0.00245291;1.00211;0.0196534;0.993607;1;3;1
146.531;1250.06;6.27689;-1.98534;0.000674587;0.00284894;-0.000938256;0.00319782;0.000325701;0.994543;0.000154601;-0.0012203;0.998127;0.0203221;0.994654;1;3;1
169.531;1250.06;6.34631;-2.01193;0.00218225;0.00200194;-0.000298975;0.00240437;0.00177982;1.00075;-0.000421681;0.00122609;0.999911;0.019307;0.990545;1;3;1
192.531;1250.06;6.37716;-1.98568;0.0013253;0.00432107;-0.000401605;0.00437398;0.0012724;1.00909;0.00656088;0.00105954;1.00334;0.0218287;0.988439;1;3;1
215.531;1250.06;6.40723;-2.00641;-8.63409e-05;0.00474267;-0.00012295;0.00474579;-8.94693e-05;0.993489;0.000146041;-0.00173486;1.00218;0.0225316;0.991709;1;3;1
238.531;1250.06;6.37319;-1.9778;-9.68559e-05;0.00290773;0.00105113;0.00323894;-0.000428071;1.0043;-0.000661543;0.00019062;1.00135;0.0214475;0.987343;1;3;1
261.531;1250.06;6.40277;-1.98773;0.000398596;0.00391491;0.000617166;0.00402009;0.00029342;1.00132;-0.00179908;-0.000920225;1.00408;0.0200557;0.991016;1;2;1
284.531;1250.06;6.39152;-1.96734;0.00109908;0.00373933;0.000564374;0.00385491;0.000983504;0.996121;0.000264038;0.00153721;1.00464;0.0188628;0.989832;1;3;1
307.531;1250.06;6.4533;-1.96179;0.00127635;0.00513369;-0.000401623;0.00517507;0.00123498;1.00603;0.00427156;0.00173125;1.00017;0.019027;0.990284;1;3;1
330.531;1250.06;6.4502;-1.97617;0.000515289;0.00415698;0.000973041;0.00440067;0.000271604;0.997565;-0.000496439;-0.0015334;1.00365;0.0194381;0.990119;1;3;1
353.531;1250.06;6.47698;-1.93027;0.000934923;0.00432933;-0.000803528;0.00450994;0.00075432;1.00289;-0.000347615;0.00188837;0.999651;0.01854;0.992052;1;3;1
376.531;1250.06;6.49317;-2.01361;0.0010237;0.00385236;0.000607487;0.00397731;0.000898756;1.00037;-0.00103953;0.0008713;1.00697;0.0188265;0.991248;1;4;1
399.531;1250.06;6.52405;-1.92976;0.00204721;0.0017307;0.00084733;0.00275094;0.00102697;0.995694;-0.0052267;-0.00394803;0.999499;0.024898;0.98486;1;3;1
422.531;1250.06;6.58724;-1.98923;0.000669312;0.00301803;-0.00160137;0.00382949;-0.000142152;1.00237;-1.94601e-05;0.00394548;1.00361;0.0180881;0.99124;1;3;1
445.531;1250.06;6.55478;-1.99709;-0.000744712;0.00441568;-0.00126485;0.00470903;-0.00103806;1.0007;0.00390354;0.00117312;1.00356;0.0176094;0.992399;1;3;1
468.531;1250.06;6.55297;-1.98094;0.000820976;0.00334366;0.000120134;0.00334937;0.000815268;1.00172;0.000754991;-0.00202322;1.00003;0.0179445;0.992537;1;3;1
491.531;1250.06;6.59253;-1.98962;0.000239187;0.00310633;0.00100522;0.00342365;-7.81237e-05;1.00067;-0.00335896;-0.00262353;0.996304;0.016509;0.993556;1;3;1
514.531;1250.06;6.56393;-1.92229;0.000512503;0.00602978;0.000319593;0.00604824;0.000494052;0.998878;0.00137208;-0.00354726;1.00904;0.0194773;0.990895;1;3;1
537.531;1250.06;6.61607;-1.94229;0.00240724;0.00315589;-0.000815451;0.00367883;0.0018843;1.00977;0.00404314;-0.000618531;0.999411;0.0189732;0.991067;1;4;1
560.531;1250.06;6.67452;-1.95669;-0.000181972;0.00397293;-0.00133736;0.00436617;-0.000575217;0.989882;0.00225866;0.000427466;1.00593;0.0266167;0.982342;1;4;1
583.531;1250.06;6.6077;-1.9264;-0.000877781;0.00470792;-0.000754002;0.00480791;-0.000977772;1.0025;0.00188817;0.00215534;1.00447;0.0228811;0.984918;1;3;1
606.531;1250.06;6.63411;-1.92621;0.00192979;0.00298828;0.00141009;0.00396517;0.000952904;1.00111;-0.00249551;-0.00222442;1.00434;0.0198119;0.989301;1;3;1
629.531;1250.06;6.69633;-1.85656;0.00115497;0.00328165;0.000290648;0.00332066;0.00111596;1.00322;0.00848793;0.000673411;0.998371;0.018907;0.986536;1;3;1
652.531;1250.06;6.68718;-1.87547;0.000821017;0.00278189;-0.0008968;0.00313017;0.00047273;0.999019;0.00138541;0.00320097;1.00371;0.0207052;0.982784;1;3;1
675.531;1250.06;6.73398;-1.95263;0.00079197;0.00338061;0.00017311;0.00339214;0.000780445;0.997153;-0.000880258;-0.000800717;1.00259;0.0229683;0.987218;1;3;1
698.531;1250.06;6.7236;-1.88314;-0.000177894;0.00374376;0.00125677;0.00411195;-0.000546085;1.004;-0.00249597;-0.00394886;1.00047;0.0208652;0.987716;1;3;1
721.531;1250.06;6.72572;-1.8696;0.00241327;0.00301194;1.11124e-05;0.00301214;0.00241306;1.00359;0.00563259;0.000234673;1.00182;0.0186351;0.990902;1;3;1
744.531;1250.06;6.83447;-1.88786;0.000268478;0.00378043;0.000220856;0.00379427;0.000254644;0.997838;0.00452052;0.00093626;1.00697;0.0220853;0.987515;1;3;1
767.531;1250.06;6.73807;-1.85749;-0.0014542;0.00364442;-0.000106518;0.00364665;-0.00145643;0.992893;-0.0068174;-0.000234361;1.00388;0.0235786;0.984361;1;3;1
790.531;1250.06;6.76753;-1.89558;0.00117985;0.00356734;-0.000761748;0.00378968;0.000957516;1.00719;-0.00610521;0.00125236;0.999879;0.0230579;0.979586;1;4;1
813.531;1250.06;6.79228;-1.90886;0.00015777;0.00443808;0.000898058;0.00461886;-2.30176e-05;0.998935;0.00705788;-0.00155826;1.00678;0.0222902;0.982407;1;3;1
836.531;1250.06;6.77475;-1.83463;0.00186114;0.00224499;0.00154821;0.00361312;0.000493006;1.00102;-0.000979682;-0.0013085;1.00469;0.0252823;0.97585;1;3;1
859.531;1250.06;6.87768;-1.79735;0.0013742;0.00357629;0.00114691;0.00406512;0.000885375;1.00571;-0.00331511;-0.0034235;1.00065;0.0228959;0.982057;1;3;1
882.531;1250.06;6.83792;-1.8349;0.000453984;0.00226258;0.0011535;0.00282399;-0.000107431;0.988429;0.00191935;0.00195356;1.00614;0.0248661;0.979285;1;3;1
905.531;1250.06;6.89855;-1.77814;0.00157972;0.00471665;0.000702083;0.00486661;0.00142975;1.008;-0.00415669;-0.00344717;1.00695;0.0229271;0.981647;1;3;1
928.531;1250.06;6.91047;-1.76174;0.00124026;0.00474257;-0.000397179;0.00478704;0.00119578;1.00485;-0.000469521;0.00449008;0.999012;0.0235605;0.978869;1;3;1
951.531;1250.06;6.95556;-1.81338;0.00317509;0.00334426;-1.34464e-05;0.00334533;0.00317403;1.00301;0.00220456;0.00214441;1.00227;0.0226687;0.983344;1;3;1
974.531;1250.06;7.05628;-1.7855;0.00197004;0.0033034;0.00101284;0.00384929;0.00142416;1.00364;-0.00659618;-0.00206805;1.00459;0.0253936;0.9795;1;3;1
997.531;1250.06;7.04598;-1.71341;-0.00104386;0.00434214;0.00103576;0.00453446;-0.00123618;0.997045;-0.0040018;-0.00124403;1.00597;0.0196868;0.989377;1;3;1
1020.53;1250.06;7.00817;-1.70527;-4.29705e-05;0.00234257;0.000171843;0.00235489;-5.52857e-05;0.996578;-0.00269431;0.00202285;1.00263;0.0229084;0.982393;1;3;1
1043.53;1250.06;7.044;-1.71848;0.0010201;0.00143614;0.000691737;0.00195046;0.000505783;1.00504;-0.00480775;-0.00300658;1.00081;0.0188549;0.988227;1;3;1
1066.53;1250.06;7.05507;-1.7034;-0.000569918;0.00366973;0.00183949;0.00435658;-0.00125676;0.998436;-0.00426169;-0.000445658;1.00369;0.0246689;0.97757;1;3;1
1089.53;1250.06;7.01765;-1.61011;-9.07105e-05;0.00189165;0.0010685;0.00235791;-0.000556969;1.00239;-0.00335892;0.000267972;0.999443;0.0234981;0.985782;1;3;1
1112.53;1250.06;7.05087;-1.6539;0.00163639;0.00354338;-0.000793178;0.00383016;0.00134961;0.998096;-0.00416659;-0.00452267;1.00207;0.0238371;0.983085;1;3;1
1135.53;1250.06;7.09283;-1.66756;0.000950357;0.00380306;0.000332494;0.0038413;0.000912116;1.00192;0.00180938;0.00389511;1.0061;0.0224022;0.984842;1;4;1
1158.53;1250.06;7.09456;-1.6287;0.00248451;0.00260684;0.00173115;0.0042779;0.000813446;1.00189;-0.00183665;-0.00476026;1.00041;0.0257565;0.985526;1;3;1
1181.53;1250.06;7.20688;-1.5752;0.00389235;0.00161018;0.00195576;0.00501557;0.000486962;1.01026;-0.00385903;-0.00180546;1.00237;0.0227888;0.982654;1;3;1
1204.53;1250.06;7.27313;-1.518;0.000472311;0.00542892;0.00089968;0.00558717;0.000314061;0.996596;-0.00083938;0.000544894;1.00682;0.0246208;0.980034;1;3;1
1227.53;1250.06;7.2286;-1.58369;0.000279492;0.000987927;-0.000568071;0.00130317;-3.57484e-05;1.00106;0.00315563;-0.00137379;0.996638;0.0215538;0.987111;1;3;1
1250.53;1250.06;7.28598;-1.54329;-0.000646899;0.00261699;0.000959082;0.00287794;-0.000907857;1.00298;0.000369001;-0.00162627;1.00123;0.0195397;0.990794;1;3;1
1273.53;1250.06;7.19882;-1.55118;-0.0037821;0.0021297;0.000331277;0.0021482;-0.00380061;0.990277;-0.0010614;-0.00167187;1.00455;0.0250269;0.989909;1;3;1
31.5305;1227.06;6.19115;-2.0706;0.00145531;0.00242706;-0.000478125;0.00262286;0.00125951;0.999236;0.00442031;-0.00135125;0.998845;0.0204691;0.989923;1;3;1
54.5305;1227.06;6.2246;-2.07098;0.000742301;0.00235737;-0.00100358;0.00283797;0.000261701;1.00356;0.00332814;0.000389519;1.00558;0.020062;0.990606;1;2;1
77.5306;1227.06;6.22526;-2.11578;0.0018107;0.00179929;-0.00114715;0.00295216;0.000657827;0.998703;0.00446639;0.0025184;1.00348;0.0210509;0.988094;1;3;1
100.531;1227.06;6.3078;-2.11152;0.00309375;0.0022574;-0.000549494;0.00336609;0.00198506;1.00623;0.00240145;-0.00464812;1.00556;0.0222747;0.988624;1;3;1
123.531;1227.06;6.36734;-2.0807;0.002136;0.00267222;-0.000118394;0.0026972;0.00211102;0.995518;-0.00106868;0.00337877;1.00175;0.0197396;0.991337;1;3;1
146.531;1227.06;6.4059;-2.04681;-0.000475245;0.00401479;-0.00140315;0.00441721;-0.000877664;1.00862;0.00143354;-0.00371176;1.00574;0.0202458;0.991506;1;3;1
169.531;1227.06;6.34547;-2.06351;-0.000615021;0.00245273;-0.000924361;0.00270972;-0.000872016;0.992183;-0.00392122;0.00326642;1.00094;0.0216927;0.987553;1;3;1
192.531;1227.06;6.3776;-2.07662;0.00178319;0.00333174;-0.0010051;0.00382622;0.00128871;1.01007;-0.00375066;0.00113485;1.00392;0.0229225;0.988654;1;3;1
215.531;1227.06;6.42734;-2.1545;-0.000538817;0.00410272;-0.000828241;0.00424609;-0.000682181;0.999227;0.00690891;0.000181844;1.00579;0.0252468;0.988398;1;3;1
238.531;1227.06;6.3528;-2.09944;-0.000985324;0.00300569;0.000973748;0.00323059;-0.00121023;0.9995;0.00277563;-0.00164071;1.00666;0.0218865;0.988152;1;3;1
261.531;1227.06;6.38192;-2.07398;0.00117469;0.00278673;-0.000101649;0.00279311;0.00116831;0.998263;0.0014262;-0.0037538;1.00238;0.0208678;0.986648;1;3;1
284.531;1227.06;6.4068;-2.10001;0.000343398;0.00263736;-0.00109124;0.00307353;-9.27741e-05;1.00146;0.000947067;0.00700296;0.999817;0.0207371;0.987055;1;3;1
307.531;1227.06;6.3977;-2.1112;0.000212552;0.0029704;-0.000268517;0.0029963;0.000186651;0.998403;-0.00873147;0.00185955;1.0051;0.0225503;0.988385;1;4;1
330.531;1227.06;6.41658;-2.1048;0.00222592;0.00398901;-0.000497554;0.00411973;0.0020952;0.998824;0.00299811;0.00105882;1.00564;0.0195895;0.990177;1;3;1
353.531;1227.06;6.49997;-2.08264;0.000451545;0.00485113;0.000268783;0.00486749;0.000435186;1.00039;0.00367092;-0.00483694;1.00944;0.0183484;0.992829;1;3;1
376.531;1227.06;6.43732;-2.05876;-4.26375e-05;0.0023207;0.00069765;0.00251128;-0.000233214;0.999858;-0.00204509;-0.00107065;0.995864;0.0202368;0.991486;1;4;1
399.531;1227.06;6.49797;-2.02204;0.00310538;0.00289394;0.000299265;0.00331705;0.00268227;1.00069;-0.00247091;0.000454564;0.998918;0.0206672;0.986379;1;3;1
422.531;1227.06;6.57994;-2.03839;0.00100869;0.00359345;-0.000726642;0.00378372;0.000818417;1.0038;-0.00418057;0.000181346;1.00355;0.0189769;0.990852;1;3;1
445.531;1227.06;6.54433;-2.059;-0.000593519;0.00370886;-0.000273767;0.00372621;-0.000610869;1.0016;-0.000157267;0.000774033;1.00654;0.0192789;0.992963;1;3;1
468.531;1227.06;6.55263;-2.05435;0.00124983;0.00341048;-0.000877515;0.00372197;0.000938342;0.998226;0.000702405;0.00223736;1.00464;0.0190739;0.991446;1;3;1
491.531;1227.06;6.60178;-2.06193;0.00127891;0.00296596;-0.000215106;0.00299296;0.00125192;1.00306;0.00217703;-5.46088e-05;1.00354;0.0184157;0.991239;1;3;1
514.531;1227.06;6.61138;-2.11636;0.000568462;0.00391364;-0.000361675;0.0039523;0.000529805;0.997306;0.00289964;0.00311939;0.998221;0.0209262;0.989718;1;4;1
537.531;1227.06;6.62791;-2.01879;0.00232348;0.00276696;0.00129545;0.00385951;0.00123094;1.00685;-0.00603318;-0.00848501;1.00177;0.0189616;0.988791;1;3;1
560.531;1227.06;6.71802;-2.01272;0.000647159;0.00104924;0.000701297;0.00157774;0.000118655;0.9986;-0.00788618;0.0018714;0.998737;0.0220877;0.988223;1;3;1
583.531;1227.06;6.65766;-2.03443;-0.0023619;0.00224549;-0.000300371;0.00226499;-0.0023814;1.00003;0.00869086;-0.000372683;1.00349;0.0206022;0.986809;1;3;1
606.531;1227.06;6.60924;-2.00874;8.56663e-05;0.00350543;2.2545e-05;0.00350558;8.55177e-05;0.998977;0.00497139;0.000533085;1.00408;0.0209041;0.985127;1;3;1
629.531;1227.06;6.66158;-1.98723;0.00185788;0.00492728;0.000875375;0.00515938;0.00162578;1.00211;-0.00496249;-0.00288838;1.00828;0.0191667;0.990839;1;3;1
652.531;1227.06;6.69461;-1.97227;0.000170766;0.00491047;-0.00111013;0.0051576;-7.63637e-05;0.999108;0.00264917;0.00166678;1.0034;0.0218676;0.987357;1;3;1
675.531;1227.06;6.66942;-2.01623;-4.61174e-06;0.00232626;-0.000420482;0.0023998;-7.81456e-05;1.00246;0.000309548;-0.00144125;1.00493;0.0195702;0.990031;1;2;1
698.531;1227.06;6.6944;-1.97445;0.00192676;0.00386183;0.000375847;0.00393227;0.00185632;1.0004;0.00467456;-0.0026103;1.00635;0.020996;0.98684;1;3;1
721.531;1227.06;6.75795;-1.97661;0.00283985;0.00376306;-0.000427683;0.00393073;0.00267217;1.00205;-0.00193974;-0.00272648;1.00737;0.0217704;0.987807;1;3;1
744.531;1227.06;6.82485;-1.98456;0.00122562;0.00237055;0.000769875;0.00275747;0.0008387;1.00437;-0.00629979;0.00415366;0.999326;0.0219857;0.981876;1;3;1
767.531;1227.06;6.8143;-1.97317;-0.00134035;0.00312801;-0.000412443;0.00316576;-0.0013781;0.993298;0.00425671;-0.00503618;0.997774;0.0286139;0.965525;1;3;1
790.531;1227.06;6.76315;-1.97059;-0.00134593;0.00151361;0.00132663;0.00203427;-0.00186659;0.992869;9.63091e-05;0.00193449;1.00306;0.026924;0.982106;1;4;1
813.531;1227.06;6.75231;-1.9177;0.000170415;0.00127647;0.00112629;0.00197818;-0.000531293;1.00548;-0.00330578;-0.00732958;0.996093;0.0242545;0.980256;1;4;1
836.531;1227.06;6.77077;-1.82831;0.00110033;0.00174953;-0.000858456;0.00234271;0.000507156;0.997275;0.00156938;-0.00192303;0.997607;0.0276381;0.970553;1;2;1
859.531;1227.06;6.80289;-1.90355;0.00138697;0.00475949;0.000406713;0.00480784;0.00133862;1.00608;-0.000332774;0.00417208;1.00553;0.0302307;0.969902;1;3;1
882.531;1227.06;6.83452;-1.84304;0.00277089;0.00274542;0.000264169;0.00302263;0.00249368;0.997248;-0.00154539;-0.00770726;0.994887;0.031878;0.955908;1;4;1
905.531;1227.06;6.93018;-1.91388;0.00176287;0.00389577;-0.000974416;0.0042739;0.00138475;1.00248;0.00628696;0.00529065;0.999306;0.0253344;0.971329;1;4;1
928.531;1227.06;6.91546;-1.93074;4.92414e-05;0.00410434;0.000652027;0.0042066;-5.30204e-05;0.999032;0.000618793;-0.000143399;1.00516;0.0298917;0.959327;1;3;1
951.531;1227.06;6.93239;-1.84249;0.00132365;0.00250045;0.00101897;0.0030887;0.000735394;1.00273;-0.000744757;-0.00410684;1.00321;0.0251588;0.979286;1;3;1
974.531;1227.06;6.97627;-1.87504;0.000934045;0.00197778;0.00158948;0.00312887;-0.000217044;1.00383;0.0101677;0.000500114;0.992559;0.0280322;0.965986;1;3;1
997.531;1227.06;6.97532;-1.81259;0.000956319;0.0032119;0.00279107;0.00509442;-0.000926199;0.998223;-0.00299226;-0.00294041;1.00326;0.0218844;0.981529;1;3;1
1020.53;1227.06;7.02004;-1.73762;0.000860268;0.00371356;0.00133192;0.00423866;0.000335162;0.996885;-0.000580927;-0.00102335;1.00757;0.0217466;0.981571;1;3;1
1043.53;1227.06;7.01478;-1.71644;8.36856e-05;0.00365243;-0.000653307;0.00376827;-3.21514e-05;1.00666;0.00578463;-0.00152413;1.00196;0.0219654;0.984703;1;3;1
1066.53;1227.06;7.02385;-1.7975;0.000375893;0.00269303;0.00131006;0.00328333;-0.000214407;0.99855;0.000677574;-0.00239334;1.00012;0.0231429;0.981719;1;4;1
1089.53;1227.06;7.03204;-1.66995;0.00126192;0.00463669;0.00115904;0.00499642;0.000902195;1.00465;-0.0035941;-0.00262674;1.00345;0.0222079;0.983986;1;3;1
1112.53;1227.06;7.0818;-1.72429;0.00116416;0.00475521;-0.00061037;0.00485612;0.00106325;0.992974;-0.000218902;0.00354791;1.01025;0.0264649;0.986842;1;3;1
1135.53;1227.06;7.08545;-1.77277;0.000759771;0.00412933;0.000219646;0.00414359;0.000745514;1.00387;0.00101694;-0.00427247;1.00339;0.0221852;0.983627;1;3;1
1158.53;1227.06;7.11672;-1.68591;0.00153433;0.00322172;0.00146282;0.00406671;0.000689337;1.00789;-0.00124683;-0.00436879;1.00694;0.0241172;0.982173;1;3;1
1181.53;1227.06;7.15577;-1.63504;0.000337351;0.004014;0.00117747;0.00435877;-7.41241e-06;0.99682;-0.00411883;0.00414635;1.0018;0.0246662;0.979122;1;3;1
1204.53;1227.06;7.13223;-1.71276;0.00206797;0.0051183;0.00121575;0.00554357;0.0016427;1.00177;-0.00306478;-0.000433232;1.00173;0.0212605;0.984574;1;3;1
1227.53;1227.06;7.25079;-1.60638;0.00227229;0.003653;0.00122305;0.00436709;0.00155821;1.00474;-0.00398606;-0.0044999;1.00494;0.0221119;0.985694;1;2;1
1250.53;1227.06;7.23649;-1.59725;-0.000183702;0.00311348;0.0011214;0.00345873;-0.000528951;0.99975;-0.00264934;-0.000318329;1.00596;0.0204897;0.991811;1;3;1
1273.53;1227.06;7.24233;-1.59733;0.000254104;0.00380563;-0.00129376;0.00422694;-0.00016721;1.00046;0.00488401;-0.00294769;1.00153;0.0269579;0.988498;1;3;1
31.5305;1204.06;6.25769;-2.09114;0.00102971;0.00220903;-0.00205113;0.00375358;-0.000514836;1.00006;0.00225365;-0.000977933;1.00415;0.020819;0.991505;1;3;1
54.5305;1204.06;6.28133;-2.12688;0.00128514;0.00300444;-0.00156123;0.00392704;0.000362531;1.00313;0.00352014;0.00181806;0.999191;0.0194723;0.995682;1;2;1
77.5306;1204.06;6.31677;-2.10906;0.00126066;0.00156891;-0.00152171;0.00294428;-0.000114704;1.00432;0.00305487;-0.000854218;0.99863;0.0206857;0.990247;1;3;1
100.531;1204.06;6.33929;-2.13452;0.00161309;0.00110718;-0.000543598;0.00195971;0.000760564;0.999801;-0.000840702;-0.00163748;0.997777;0.0178519;0.995491;1;3;1
123.531;1204.06;6.39091;-2.12569;0.00182854;0.00197684;-0.000679458;0.00258618;0.0012192;1.00007;0.000438831;0.00249641;1.00512;0.0186177;0.993236;1;3;1
146.531;1204.06;6.42331;-2.16942;0.000230484;0.00342253;9.57698e-05;0.0034254;0.000227614;1.00282;-0.00388063;-0.00416048;1.0039;0.0215872;0.990243;1;3;1
169.531;1204.06;6.40151;-2.12459;-0.000976888;0.00268104;-0.00065669;0.00279536;-0.00109121;0.994924;0.00296832;0.000748264;1.00202;0.0211268;0.990102;1;3;1
192.531;1204.06;6.37834;-2.13869;0.0012853;0.00306591;-0.00146552;0.00389036;0.000460848;1.00491;0.0022633;0.00229292;1.00194;0.0202969;0.987855;1;3;1
215.531;1204.06;6.46054;-2.19472;-0.00030398;0.00172084;9.32007e-05;0.00172512;-0.000308261;1.00172;-0.00404852;-0.00394045;1.00221;0.023551;0.987658;1;3;1
238.531;1204.06;6.36435;-2.11585;-0.00106312;0.00209511;-0.000473256;0.0021645;-0.00113251;0.99281;-0.00169315;0.000830762;0.996737;0.0202796;0.991724;1;3;1
261.531;1204.06;6.41154;-2.11574;0.00196362;0.00258579;-0.00112479;0.00344172;0.0011077;1.00797;0.00116172;-0.00110064;1.00277;0.0231633;0.984596;1;3;1
284.531;1204.06;6.45458;-2.08846;0.00134114;0.00255926;0.000115853;0.00257019;0.00133022;0.998555;0.00548672;-0.00314055;1.00332;0.0200232;0.993134;1;3;1
307.531;1204.06;6.47319;-2.09822;0.00152182;0.00286591;-0.00188049;0.00419083;0.000196901;0.99891;0.00654353;0.00633769;1.00112;0.0194323;0.991827;1;3;1
330.531;1204.06;6.52448;-2.15924;0.00055121;0.00225241;-0.0015666;0.00318444;-0.000380818;1.00029;-0.00580948;0.000291665;0.99793;0.0225454;0.987551;1;3;1
353.531;1204.06;6.49851;-2.15288;-0.000754883;0.00331736;0.000287136;0.00333751;-0.000775029;0.993509;-0.00159514;0.000784208;1.00069;0.019175;0.991964;1;3;1
376.531;1204.06;6.48972;-2.12024;0.000403344;0.00280939;0.000483206;0.00290281;0.000309929;1.00142;0.00679265;-0.00366281;1.00545;0.0220218;0.985445;1;3;1
399.531;1204.06;6.51697;-2.06269;0.00277017;0.00398235;-0.000830362;0.00440429;0.00234823;1.00606;0.00327926;0.00111529;1.00583;0.0221759;0.984683;1;3;1
422.531;1204.06;6.61696;-2.15423;0.00102446;0.00377139;-0.00155085;0.00446953;0.000326317;0.993122;0.00999017;-0.00174276;1.00977;0.0222178;0.981029;1;3;1
445.531;1204.06;6.56395;-2.16738;0.000297833;0.00294591;-4.07052e-05;0.00294654;0.000297208;1.00464;0.00101394;0.00161141;1.00126;0.0246924;0.983091;1;4;1
468.531;1204.06;6.63066;-2.13749;-0.000298949;0.00285434;-0.000117394;0.00285871;-0.000303314;0.996971;0.000398578;-0.00470675;1.00203;0.0208939;0.991264;1;3;1
491.531;1204.06;6.55018;-2.12583;0.000213717;0.00231534;0.00044583;0.002406;0.000123052;0.999431;-0.00304153;0.0010478;0.999958;0.0227008;0.986066;1;3;1
514.531;1204.06;6.64047;-2.1019;0.00110292;0.000833775;0.000462633;0.00145015;0.000486537;1.00323;-0.00379294;0.00456197;0.999423;0.0235542;0.987513;1;3;1
537.531;1204.06;6.60085;-2.0694;-0.00099919;0.00393433;0.00102259;0.00413789;-0.00120275;1.00042;0.00188335;-0.0112491;1.0063;0.0222205;0.980717;1;3;1
560.531;1204.06;6.59439;-2.00486;0.000838716;0.00193557;0.00220185;0.00365627;-0.000881981;1.00433;0.00292062;0.00414292;1.00356;0.0186802;0.987726;1;3;1
583.531;1204.06;6.6394;-2.02956;0.0018515;0.00168137;-0.00106818;0.002838;0.000694875;0.997504;-0.00486737;0.00280684;1.00254;0.0231525;0.98884;1;3;1
606.531;1204.06;6.6794;-2.08715;0.000286156;0.00139921;-0.00163585;0.00257061;-0.000885243;1.00011;-0.00252138;-0.000874379;0.999539;0.020258;0.992016;1;3;1
629.531;1204.06;6.65253;-2.08263;0.001757;0.00277588;-0.000472321;0.00296115;0.00157173;0.993434;0.00521043;0.00200717;1.00137;0.0236561;0.981455;1;3;1
652.531;1204.06;6.76015;-2.10074;0.00256752;0.00291014;0.000297455;0.00308209;0.00239557;1.01138;0.000153876;0.00403211;1.00847;0.0261269;0.969861;1;4;1
675.531;1204.06;6.77048;-2.0595;-0.000681209;0.000825445;-0.000187179;0.000848351;-0.000704115;0.999022;0.00414769;-0.00368038;0.998812;0.0279058;0.983578;1;3;1
698.531;1204.06;6.72879;-2.06044;-0.00033993;0.00273471;4.96255e-05;0.00273551;-0.000340731;1.00535;-0.0024128;-0.000268849;1.00333;0.0221012;0.985887;1;3;1
721.531;1204.06;6.75483;-2.04236;0.000835866;0.000869211;0.00152679;0.00237942;-0.000674346;0.99563;-0.00579111;-0.00402838;0.993421;0.0241862;0.985596;1;4;1
744.531;1204.06;6.76718;-1.99673;0.00076744;0.001172;0.000661909;0.00166185;0.000277593;1.00824;0.00278299;0.000651581;1.0028;0.022608;0.98022;1;3;1
767.531;1204.06;6.7901;-2.00112;-0.0014386;0.00192001;0.000926683;0.00215873;-0.00167732;0.995509;0.00442441;-0.00148704;1.00776;0.0242672;0.982441;1;3;1
790.531;1204.06;6.70094;-1.96511;0.000892205;0.00175063;0.000240442;0.00181339;0.000829446;0.99891;0.00857648;0.00272173;1.00083;0.0236426;0.978314;1;3;1
813.531;1204.06;6.83111;-1.96752;0.0036344;0.00122833;2.5426e-05;0.00363467;0.00122806;1.0043;0.00393783;-0.00642094;1.0019;0.0269546;0.981151;1;3;1
836.531;1204.06;6.8678;-1.91494;-0.000120943;0.00318762;-0.000653029;0.00331185;-0.000245171;1.00422;0.00284793;0.00335859;1.00713;0.0272477;0.968608;1;3;1
859.531;1204.06;6.82553;-2.01573;-0.00139951;0.00221269;-0.00165007;0.00285296;-0.00203978;0.996008;0.00316337;0.0003554;1.00746;0.0275981;0.974636;1;4;1
882.531;1204.06;6.80335;-1.96101;0.0016246;0.00381431;-0.000422933;0.00389316;0.00154575;0.996498;-0.0130803;-0.00477985;1.00827;0.0273269;0.970654;1;3;1
905.531;1204.06;6.90016;-1.957;0.00258614;0.00267364;0.000452214;0.00308421;0.00217556;1.00445;-0.00878868;0.00219723;1.00343;0.0279651;0.970579;1;3;1
928.531;1204.06;6.92216;-1.95016;0.000381499;0.00225207;-0.000232863;0.00228062;0.000352947;0.995078;0.000501187;-0.00185485;1.00247;0.0252104;0.982433;1;3;1
951.531;1204.06;6.9177;-1.92824;0.000391959;0.00305148;0.000899637;0.00332721;0.000116226;1.00042;-0.000372409;0.00156897;1.00327;0.0203489;0.985852;1;3;1
974.531;1204.06;6.94012;-1.87624;0.000207174;0.00240516;0.00145622;0.00313054;-0.00051821;1.00573;-0.00764005;-0.00320621;1.00323;0.0236935;0.979762;1;2;1
997.531;1204.06;6.92718;-1.86077;0.000914297;0.00209895;0.000821102;0.00251908;0.000494172;0.996922;0.00330818;4.51574e-05;0.999484;0.0231336;0.98225;1;3;1
1020.53;1204.06;6.98216;-1.87577;0.00254328;0.00279618;3.8243e-05;0.00280184;0.00253763;1.00306;-0.0057812;-0.00174378;1.00148;0.0240913;0.975608;1;3;1
1043.53;1204.06;7.04401;-1.88619;-2.06685e-05;0.00483259;0.000648962;0.00491787;-0.000105947;0.999183;-0.01371;-0.00149632;1.01204;0.0258103;0.98203;1;3;1
1066.53;1204.06;6.98119;-1.82705;-0.00128944;0.00298256;0.00111105;0.00325424;-0.00156112;1.00025;-0.00554575;0.000204308;1.00608;0.0254095;0.970425;1;3;1
1089.53;1204.06;6.98461;-1.82289;0.000491659;0.00668957;-0.000593893;0.00674597;0.000435265;0.999561;-0.00653271;-0.0022008;1.00735;0.0272999;0.98247;1;3;1
1112.53;1204.06;7.00378;-1.8721;0.00275469;0.0029947;-0.000427128;0.00331836;0.00243103;0.997076;0.00154115;0.00649826;0.997282;0.0269345;0.976661;1;3;1
1135.53;1204.06;7.11114;-1.85711;0.00205587;0.00231317;0.000960078;0.00315318;0.00121586;1.00541;-0.00700063;-0.00950268;1.00216;0.0221219;0.986489;1;3;1
1158.53;1204.06;7.09815;-1.77666;-0.00085606;0.00281237;0.0017926;0.00354287;-0.00158656;1.00155;-0.00403936;0.00228508;0.998495;0.0245302;0.984816;1;3;1
1181.53;1204.06;7.07164;-1.75928;0.00200462;0.00356209;0.000351486;0.00363774;0.00192897;0.998473;-0.00180363;-0.0011088;1.0052;0.022708;0.986892;1;3;1
1204.53;1204.06;7.19026;-1.75276;0.0034922;0.00232993;-0.000458093;0.00365104;0.00217108;1.00035;0.00436202;-0.00625541;1.00677;0.0207997;0.989403;1;3;1
1227.53;1204.06;7.232;-1.75142;3.60022e-05;0.00564182;0.000888975;0.00577942;-0.000101595;1.00144;0.00399264;0.00187928;1.00529;0.0201952;0.988233;1;3;1
1250.53;1204.06;7.19187;-1.68619;0.00186404;0.00331868;0.000238844;0.00335689;0.00182583;1.00102;-0.00476944;-0.00568461;1.00141;0.0188514;0.989996;1;3;1
1273.53;1204.06;7.31766;-1.72575;0.00548565;0.00524155;-0.000840135;0.00621256;0.00451465;1.00748;-0.00409658;0.00598022;1.00657;0.0250364;0.992385;1;3;1
31.5305;1181.06;6.3081;-2.17195;0.00182876;0.00317988;-0.00139685;0.00405595;0.000952685;1.00418;0.00335359;0.00222529;1.00454;0.0215617;0.9861;1;3;1
54.5305;1181.06;6.3501;-2.2088;0.00107311;0.00243521;-0.00171166;0.00359633;-8.80092e-05;1.00508;0.00843648;0.00169972;1.00923;0.0182319;0.992271;1;3;1
77.5306;1181.06;6.35744;-2.1877;-0.00019481;0.00409487;-0.000332298;0.00412046;-0.000220399;1.00429;-0.00249337;-0.0054705;1.00649;0.020119;0.993694;1;3;1
100.531;1181.06;6.34111;-2.16241;0.000813483;0.00347998;-0.000623471;0.00361856;0.000674907;1.00037;0.00161602;0.0021144;1.00404;0.0179322;0.993731;1;2;1
123.531;1181.06;6.39484;-2.17154;0.00124227;0.00340309;-0.000895569;0.00372601;0.000919353;1.00099;0.00173409;0.00129965;1.0026;0.0187462;0.994281;1;3;1
146.531;1181.06;6.3982;-2.20398;0.00091242;0.00252596;-0.00012978;0.00253633;0.000902048;1.00008;0.00423985;-0.00178455;1.00136;0.0187471;0.99093;1;3;1
169.531;1181.06;6.43679;-2.18658;0.000952522;0.00242916;-0.000100028;0.00243591;0.000945777;0.997624;0.00244776;0.000317186;1.00344;0.0203795;0.988938;1;3;1
192.531;1181.06;6.442;-2.21739;0.000105981;0.00393144;-0.00104663;0.00419907;-0.000161648;1.00124;1.3625e-05;0.00223982;1.00818;0.0202422;0.989293;1;3;1
215.531;1181.06;6.44164;-2.23358;0.000731143;0.00164358;0.000297078;0.00173178;0.000642944;0.999985;-0.000630839;0.00188308;1.0033;0.020386;0.989604;1;4;1
238.531;1181.06;6.47561;-2.19555;0.00154434;0.00336841;-0.000920309;0.00375205;0.0011607;1.00488;0.00361707;-0.00394832;1.0051;0.0202588;0.993182;1;3;1
261.531;1181.06;6.51261;-2.19259;-0.00134491;0.00242287;-0.00158734;0.00300245;-0.00192449;0.993458;0.00689773;0.00335023;1.00108;0.0239238;0.988303;1;3;1
284.531;1181.06;6.4137;-2.21759;-0.000282804;0.00461112;-0.00151183;0.00504048;-0.000712168;1.00392;0.00299976;-0.000579241;1.00106;0.0180032;0.993738;1;3;1
307.531;1181.06;6.49957;-2.24273;0.00200585;0.00312623;-0.00095913;0.00367678;0.0014553;1.00541;-0.000920838;-0.000173495;0.997848;0.0203251;0.990023;1;4;1
330.531;1181.06;6.50587;-2.20821;0.000285245;0.00232997;-0.000474512;0.00243473;0.000180493;0.998624;0.00789459;0.00116195;1.00693;0.020129;0.989753;1;3;1
353.531;1181.06;6.51269;-2.23498;-0.000490654;0.00261095;-0.000550128;0.00270563;-0.000585339;0.993063;0.0018119;-0.00258491;1.00557;0.0189746;0.991002;1;2;1
376.531;1181.06;6.48329;-2.18779;0.000596719;0.00306771;-0.000110475;0.00307264;0.000591789;1.00279;0.000884861;0.000900395;1.006;0.0204829;0.990132;1;3;1
399.531;1181.06;6.54012;-2.20484;0.0029219;0.00391487;-0.00060405;0.00420029;0.00263648;1.00425;-0.00172032;0.000703362;1.00411;0.0181107;0.988861;1;2;1
422.531;1181.06;6.6175;-2.21153;0.000537784;0.00188295;0.000123088;0.00189412;0.000526614;1.00214;-0.00512496;0.001127;0.99531;0.019394;0.988514;1;3;1
445.531;1181.06;6.56485;-2.19431;-0.000269071;0.00105322;2.38011e-05;0.00105365;-0.000269499;0.996482;-0.000919599;-0.003195;0.999159;0.022985;0.984272;1;3;1
468.531;1181.06;6.60511;-2.18543;0.000687186;0.00177275;0.000893579;0.00227548;0.000184455;1.00055;0.00238218;-0.000310712;1.00134;0.020973;0.988076;1;3;1
491.531;1181.06;6.59644;-2.16831;0.000438854;0.00168386;-0.000540524;0.00188578;0.000236932;0.998923;0.00117771;0.000232116;0.999455;0.0202381;0.988683;1;2;1
514.531;1181.06;6.62529;-2.1547;0.00075739;0.00338166;0.000272381;0.00340964;0.000729417;1.0007;0.00345696;0.00381198;1.00952;0.0213667;0.988147;1;3;1
537.531;1181.06;6.63126;-2.19941;-0.00151534;0.00431091;-0.00047516;0.00434941;-0.00155384;0.999039;0.00264327;-0.00533713;1.0071;0.0203847;0.985787;1;3;1
560.531;1181.06;6.5555;-2.10139;0.000919943;0.00387112;0.000708023;0.00403219;0.000758871;1.0059;-0.0022993;0.00376414;1.00541;0.0202805;0.985682;1;3;1
583.531;1181.06;6.67347;-2.11171;0.00328979;0.00456651;-0.000458188;0.00471393;0.00314238;0.998386;0.00488156;-0.00234597;1.00403;0.0205194;0.985941;1;3;1
606.531;1181.06;6.70657;-2.07296;0.000388783;0.00283354;3.90978e-05;0.00283416;0.000388158;0.999117;0.00277828;0.00195286;1.00517;0.0235743;0.986725;1;3;1
629.531;1181.06;6.69135;-2.11473;-0.000349825;0.00197258;-0.000567766;0.00210396;-0.000481197;1.00005;0.000534173;-0.00107024;1.00455;0.0222683;0.983813;1;3;1
652.531;1181.06;6.69046;-2.10594;0.000776474;0.00211612;0.00061264;0.00235404;0.000538558;1.00172;0.00176714;-0.00123926;1.00163;0.0206782;0.984647;1;4;1
675.531;1181.06;6.72702;-2.05415;0.000360064;0.00312693;0.000327402;0.00316514;0.000321851;1.00353;0.00041051;0.00194105;1.00283;0.0250835;0.982607;1;3;1
698.531;1181.06;6.70702;-2.10007;-0.000992538;0.0021832;-0.000756258;0.0023541;-0.00116343;0.99852;0.00130995;-0.00320244;1.00054;0.0228128;0.987564;1;3;1
721.531;1181.06;6.68132;-2.01651;0.00213875;0.00246802;1.44883e-05;0.00246866;0.00213811;0.996443;0.00527238;-0.00520333;1.00599;0.026805;0.979719;1;3;1
744.531;1181.06;6.80526;-2.03844;0.00172628;0.00242532;-0.000661699;0.00282413;0.00132746;1.00614;0.00114307;0.00315103;1.00248;0.020921;0.987404;1;3;1
767.531;1181.06;6.76064;-2.06137;-0.000664535;0.00277006;0.000175607;0.00277902;-0.000673491;0.996135;-0.0056974;0.00336259;1.00319;0.0229919;0.987374;1;3;1
790.531;1181.06;6.77468;-2.05104;0.000858315;0.00498204;-0.000557832;0.00505617;0.000784188;1.00119;0.00112647;-0.00162213;1.00648;0.0218905;0.983172;1;3;1
813.531;1181.06;6.80002;-1.97414;0.000170969;0.00398406;0.000107688;0.0039871;0.00016793;0.998888;0.000754496;-0.00334745;1.00584;0.0240479;0.981414;1;3;1
836.531;1181.06;6.78248;-1.9747;0.00236526;0.00495201;-0.00024966;0.00497589;0.00234138;1.00719;0.00534846;0.00410668;1.00234;0.0277509;0.967873;1;3;1
859.531;1181.06;6.90869;-2.0051;0.00326124;0.000507344;-0.00114754;0.00367673;9.18511e-05;1.00504;-0.00110491;0.00290118;0.991116;0.0288403;0.973574;1;3;1
882.531;1181.06;6.93223;-2.01807;-0.000198793;0.00326364;-0.00146192;0.00379832;-0.00073348;0.996782;0.0134149;-0.00444744;1.00001;0.0264554;0.980796;1;3;1
905.531;1181.06;6.89953;-2.03669;0.000727575;0.00259259;-5.18104e-05;0.00259403;0.000726137;1.0031;0.00368998;0.00622836;1.00511;0.025304;0.982014;1;3;1
928.531;1181.06;6.96568;-2.03419;0.000527744;0.00332256;0.000438662;0.00338979;0.000460511;1.00178;0.00111159;-0.00546642;1.00576;0.0240703;0.981077;1;3;1
951.531;1181.06;6.92377;-1.98265;-0.00121036;0.00308765;0.000723205;0.00320608;-0.00132879;0.996595;0.00182374;0.00440245;1.0038;0.0242099;0.979632;1;3;1
974.531;1181.06;6.90995;-1.9855;-0.000508389;0.0044655;0.00163928;0.00495717;-0.00100006;0.998919;0.00394146;-0.00218303;1.00573;0.0207067;0.989929;1;3;1
997.531;1181.06;6.90032;-1.90898;0.00176913;0.00180245;0.000552089;0.00233813;0.00123345;1.00419;-0.00317131;-0.00486613;1.00056;0.023916;0.978159;1;3;1
1020.53;1181.06;6.9911;-1.86606;0.00225733;0.00194533;0.000340534;0.0024759;0.00172676;1.00287;-0.00163299;0.00130959;1.00396;0.0264523;0.979633;1;3;1
1043.53;1181.06;7.00403;-1.9382;-0.000130067;0.00174618;-0.000735159;0.00199992;-0.000383805;0.993377;0.00138404;-0.00540627;0.999638;0.0274895;0.980077;1;3;1
1066.53;1181.06;6.98507;-1.93448;0.00081154;0.00215429;-0.000160242;0.00217315;0.000792681;1.00775;0.00370104;0.00969627;0.99509;0.0286233;0.968326;1;3;1
1089.53;1181.06;7.04133;-1.97665;0.00221437;0.00429823;-5.87367e-05;0.00429989;0.00221272;1.00145;0.00438593;-0.00764988;1.00663;0.0258924;0.976761;1;3;1
1112.53;1181.06;7.08676;-1.86184;0.00112103;0.00204106;-0.000227236;0.00209412;0.00106796;0.99986;6.90631e-06;0.00214728;1.00072;0.0242297;0.98133;1;3;1
1135.53;1181.06;7.09276;-1.87905;-0.000801336;0.00174587;0.000930857;0.00204979;-0.00110525;1.00061;-0.000271765;-0.00171355;0.997965;0.0215606;0.985749;1;3;1
1158.53;1181.06;7.04986;-1.81505;0.00119067;0.00300352;0.00150356;0.00385274;0.000341449;1.0026;-0.00216941;-0.00225106;1.00768;0.025049;0.978094;1;3;1
1181.53;1181.06;7.14743;-1.79861;0.00287841;0.00285604;-0.000248291;0.00311577;0.00261868;1.00181;-0.000946446;0.00262874;1.00012;0.0225498;0.984754;1;3;1
1204.53;1181.06;7.18208;-1.81978;0.00192727;0.00287268;-5.84389e-05;0.00287628;0.00192367;0.995707;-0.00341103;-0.00353944;1.00008;0.0210012;0.988001;1;3;1
1227.53;1181.06;7.23595;-1.86517;0.00126694;0.00308542;0.00142815;0.0038692;0.000483158;1.00275;0.00181295;-0.00114392;1.00683;0.0242957;0.983701;1;3;1
1250.53;1181.06;7.24026;-1.74965;9.0355e-05;0.0036764;0.000615981;0.00377925;-1.25029e-05;0.995022;0.000779593;0.000516886;1.00566;0.0213855;0.990952;1;3;1
1273.53;1181.06;7.2401;-1.83781;2.33977e-07;0.00253002;-0.00115802;0.00298005;-0.000449796;0.993156;-0.00299367;0.00230339;1.00628;0.0248456;0.988902;1;3;1
31.5305;1158.06;6.31217;-2.23715;0.0048244;0.00316956;-0.00075677;0.00511829;0.00287567;1.00379;0.00486975;0.00207316;1.00366;0.0209021;0.989009;1;3;1
54.5305;1158.06;6.42287;-2.23855;0.00177977;0.00176818;-0.00102339;0.00279738;0.000750565;1.00207;0.000619727;-0.000858413;0.99571;0.022814;0.990719;1;3;1
77.5306;1158.06;6.39393;-2.29698;-0.000217893;0.00289234;-0.00114373;0.00326763;-0.000593191;0.999384;0.00571249;-0.00220491;1.00409;0.0211285;0.992632;1;3;1
100.531;1158.06;6.41281;-2.29427;0.00081806;0.00380514;-0.000699836;0.00396098;0.000662227;0.997201;0.00116619;-0.00224238;1.0011;0.0179705;0.993048;1;3;1
123.531;1158.06;6.43154;-2.28195;0.000160155;0.00281786;-3.8358e-05;0.00281841;0.000159602;1.00317;0.000190931;0.00380198;1.00174;0.0170426;0.995533;1;3;1
146.531;1158.06;6.42017;-2.28547;-0.000744213;0.00259325;0.000311677;0.0026221;-0.000773071;0.998436;-0.000300949;0.000290443;1.00366;0.018293;0.991059;1;3;1
169.531;1158.06;6.39727;-2.23619;0.000158238;0.00263709;-0.00130759;0.00319933;-0.000403996;0.997004;0.0029147;1.95668e-05;1.00644;0.0191827;0.990778;1;3;1
192.531;1158.06;6.42744;-2.31915;0.0012578;0.00261276;-4.5953e-06;0.00261277;0.00125778;1.00599;0.00164023;-0.00411086;0.997654;0.0193404;0.988455;1;3;1
215.531;1158.06;6.45508;-2.27026;0.00136053;0.00219772;-0.000181546;0.0022354;0.00132286;1.00018;0.00320049;0.000244083;1.00086;0.0200329;0.989944;1;2;1
238.531;1158.06;6.48996;-2.27037;0.00175356;0.00244294;0.000115404;0.00246175;0.00173475;1.00437;0.00666748;-0.00132315;1.00207;0.020657;0.992154;1;3;1
261.531;1158.06;6.53566;-2.22689;0.0011611;0.00300336;-0.00040421;0.00308815;0.00107631;0.998692;-0.00438107;0.00048537;1.00531;0.0209098;0.989722;1;3;1
284.531;1158.06;6.54333;-2.3;0.000760886;0.00106038;-0.000845514;0.0017693;5.19588e-05;1.00129;0.00388321;0.00268226;1.00482;0.0184078;0.990661;1;3;1
307.531;1158.06;6.57064;-2.2417;0.000708229;0.000953222;0.000241066;0.00110113;0.000560322;1.00109;0.00499494;-2.58914e-05;1.00488;0.0195262;0.988657;1;3;1
330.531;1158.06;6.57588;-2.26626;-2.18409e-05;0.00383129;-0.00114134;0.00414399;-0.000334541;1.00347;0.00269386;0.000712633;0.998868;0.020622;0.991468;1;3;1
353.531;1158.06;6.56963;-2.27277;-0.000994854;0.00179204;-0.000772965;0.00199207;-0.00119488;0.995773;0.00326659;-0.00541259;1.00184;0.0190656;0.990634;1;3;1
376.531;1158.06;6.53009;-2.26112;-0.000456488;0.00307056;2.18312e-06;0.00307057;-0.000456489;1.00207;-0.000678797;0.00380256;0.999125;0.0191479;0.9924;1;3;1
399.531;1158.06;6.54861;-2.24241;0.00187358;0.00216982;-0.000397258;0.00244568;0.00159773;0.997724;0.000679877;-0.00236747;0.999098;0.0207088;0.989521;1;3;1
422.531;1158.06;6.61619;-2.24076;0.000854475;0.00217644;0.000418521;0.0022978;0.000733116;0.999981;0.00416135;-0.00169673;1.00567;0.0196861;0.988573;1;3;1
445.531;1158.06;6.58789;-2.21579;-0.000905281;0.00251103;-0.000193307;0.00252194;-0.000916184;1.00041;0.000888392;0.00167258;1.0034;0.0166705;0.992707;1;3;1
468.531;1158.06;6.57453;-2.21893;0.000930188;0.00222568;-0.000298564;0.00229118;0.000864692;0.999863;5.667e-06;-0.000389484;1.00424;0.0201017;0.986871;1;3;1
491.531;1158.06;6.63066;-2.20315;0.000211855;0.00239045;-0.00133906;0.00302732;-0.000425017;1.00058;0.00300405;-0.000365942;1.00362;0.0181415;0.990753;1;3;1
514.531;1158.06;6.58426;-2.25716;0.00147138;0.00281543;-0.00100655;0.00335367;0.000933136;0.999521;-0.00419995;0.00302624;1.00099;0.0181417;0.991564;1;3;1
537.531;1158.06;6.69825;-2.26717;0.000719222;0.00181642;-2.78851e-05;0.00181713;0.000718514;1.00083;0.00228672;-0.00346749;0.997204;0.0236764;0.982345;1;3;1
560.531;1158.06;6.61727;-2.18258;0.000252994;0.00474163;-0.000796828;0.00487889;0.000115737;1.00116;0.003576;1.85393e-05;1.00051;0.0195989;0.989877;1;2;1
583.531;1158.06;6.70988;-2.23909;0.0012077;0.00383109;-0.000589988;0.00395767;0.00108112;1.00193;-0.000917825;-0.000934133;1.00223;0.0229642;0.980259;1;4;1
606.531;1158.06;6.67278;-2.21731;-0.000828153;0.00457021;0.00106347;0.00477216;-0.0010301;0.998493;-0.0087714;0.0035892;1.00294;0.0238363;0.981167;1;3;1
629.531;1158.06;6.67172;-2.17328;0.00199592;0.00308772;3.64135e-05;0.00308893;0.00199471;1.00105;-0.00715845;-0.00233005;0.998225;0.0202783;0.988488;1;3;1
652.531;1158.06;6.76449;-2.19798;0.0016217;0.00394096;-0.000886723;0.00424113;0.00132153;0.999198;0.00130061;-0.000427105;1.00033;0.0187676;0.99217;1;3;1
675.531;1158.06;6.74625;-2.20311;0.00156029;0.00358267;0.000993342;0.00398895;0.00115401;1.00322;-0.000848622;0.00167033;1.00502;0.0235993;0.984233;1;3;1
698.531;1158.06;6.83619;-2.16063;0.00149968;0.00371528;0.000218798;0.00373668;0.00147828;1.00743;0.00372371;-0.000518416;1.00286;0.0254694;0.989566;1;3;1
721.531;1158.06;6.81516;-2.15571;-0.00115383;0.00407443;-0.000929821;0.00423487;-0.00131427;0.989773;-0.000106811;-0.00433996;1.0076;0.0210318;0.987032;1;3;1
744.531;1158.06;6.78306;-2.10815;-0.00117014;0.00321359;0.000881356;0.00338415;-0.0013407;1.00105;-0.00437266;0.00293454;1.00054;0.0209692;0.985579;1;3;1
767.531;1158.06;6.76129;-2.12836;0.00123616;0.00121361;-0.000938088;0.00216304;0.00028673;1.00253;0.00257253;0.000380342;1.0016;0.0187849;0.990165;1;3;1
790.531;1158.06;6.83981;-2.19351;0.00297294;0.00267166;-0.000968538;0.00380248;0.00184212;1.00425;0.00344325;-0.00041337;1.00273;0.0202677;0.985339;1;3;1
813.531;1158.06;6.89784;-2.15037;0.000432585;0.00574348;0.000907993;0.00589443;0.000281638;0.996425;0.00627326;0.000581674;1.00511;0.0233607;0.986022;1;3;1
836.531;1158.06;6.85967;-2.14218;-0.000221511;0.00479511;-0.000148056;0.00479948;-0.000225877;0.99677;-0.000902446;-0.00352924;1.00477;0.024447;0.97233;1;3;1
859.531;1158.06;6.88751;-2.03902;0.00101157;0.00415279;0.000901994;0.00439337;0.000770987;1.00095;-0.00316496;0.00261762;1.0096;0.0245728;0.976826;1;3;1
882.531;1158.06;6.90617;-2.11077;2.75775e-05;0.00283004;0.000853143;0.00306933;-0.00021171;1.00321;-0.00627954;-0.00416782;1.00394;0.0254049;0.979857;1;3;1
905.531;1158.06;6.88877;-2.0761;0.000649046;0.00298667;0.000205649;0.00300462;0.000631092;1.00149;0.000686661;0.00680421;1.00778;0.0214755;0.984349;1;3;1
928.531;1158.06;6.93602;-2.10274;0.000243816;0.00241016;0.000712959;0.00262374;3.02333e-05;1.00481;-0.000752468;-0.00343334;0.998797;0.0237451;0.983201;1;3;1
951.531;1158.06;6.89998;-2.07005;-0.00158012;0.0031446;-0.000255575;0.00315839;-0.00159391;0.99141;-0.00241767;-0.000852716;1.00221;0.0274719;0.980802;1;3;1
974.531;1158.06;6.86327;-2.08113;0.00209155;0.00343485;0.00149176;0.00439918;0.00112721;1.00777;-0.00237416;-0.000244224;1.00223;0.027686;0.977467;1;3;1
997.531;1158.06;6.99592;-1.94356;0.00127402;0.00356792;-4.17221e-05;0.00356868;0.00127326;0.998488;0.00512617;-0.0089966;1.00119;0.032674;0.972391;1;3;1
1020.53;1158.06;6.92169;-1.96513;0.00102648;0.00421145;-0.000431756;0.00426895;0.000968991;1.00225;-0.00435968;0.00647463;1.0003;0.0265044;0.971318;1;3;1
1043.53;1158.06;7.04311;-1.96644;0.000777379;0.00198691;0.000332917;0.00207249;0.0006918;0.995294;0.000891085;-0.00315165;0.999404;0.022631;0.986481;1;3;1
1066.53;1158.06;6.95742;-1.92604;0.000428879;0.00195799;-6.3661e-05;0.00196064;0.000426233;1.00397;-0.00161271;0.00436694;1.00389;0.0239716;0.980914;1;3;1
1089.53;1158.06;7.0628;-2.02012;0.00359211;0.000888742;-0.000360793;0.00363943;0.000841419;1.00722;0.00398804;0.000154151;1.00103;0.0222411;0.986527;1;3;1
1112.53;1158.06;7.12234;-1.96574;0.000209169;0.00525615;0.00147839;0.00565732;-0.000192004;0.996346;-0.00599482;-0.00017677;1.00838;0.0286251;0.977289;1;3;1
1135.53;1158.06;7.07234;-1.93734;-0.00177526;0.00378302;0.00123875;0.0040466;-0.00203884;1.00047;-0.00420265;-0.00233011;1.00603;0.0211574;0.985272;1;3;1
1158.53;1158.06;7.04058;-1.91458;0.000377592;0.00317255;-0.000145872;0.00318015;0.00037;0.995532;0.000635403;-0.00290366;1.00227;0.02572;0.978119;1;3;1
1181.53;1158.06;7.08969;-1.89046;0.00192431;0.00338344;0.000227401;0.00341806;0.0018897;1.0056;3.65686e-06;0.00277881;1.0064;0.0246703;0.982714;1;3;1
1204.53;1158.06;7.129;-1.88468;0.00177005;0.00220823;0.00039599;0.0024417;0.00153658;1.00118;0.000427801;0.000866028;1.00343;0.0231285;0.984024;1;3;1
1227.53;1158.06;7.17104;-1.89309;0.000732286;0.00170992;0.00151331;0.0028114;-0.000369191;0.998354;-0.00724869;0.000875166;1.00168;0.0184197;0.991055;1;3;1
1250.53;1158.06;7.16267;-1.85498;0.00166311;0.00310013;0.00159035;0.00412675;0.000636498;1.00054;0.000635831;-0.00329339;1.00456;0.0204213;0.990349;1;3;1
1273.53;1158.06;7.24745;-1.84193;0.00369311;0.00141675;0.000473862;0.00378782;0.00132204;1.00338;0.00567694;0.000367741;0.999927;0.0274502;0.985117;1;3;1
31.5305;1135.06;6.37461;-2.31747;0.000420208;0.00288131;-0.000597223;0.00301858;0.000282939;0.998866;0.00125578;9.20119e-05;1.00103;0.0175873;0.993444;1;3;1
54.5305;1135.06;6.38426;-2.29005;0.000699798;0.00296092;-0.000802808;0.00321697;0.000443756;1.0039;0.00325914;-0.000869305;1.00959;0.0183607;0.991871;1;3;1
77.5306;1135.06;6.40679;-2.32053;0.000789148;0.00155441;-0.00129206;0.0025193;-0.000175744;0.998082;-0.00299705;0.00184344;1.00246;0.0186987;0.993977;1;3;1
100.531;1135.06;6.42052;-2.33705;8.8497e-06;0.0020199;6.65525e-05;0.0020221;6.64965e-06;0.999046;0.00214809;-0.00218298;1.00436;0.0180641;0.994076;1;3;1
123.531;1135.06;6.40719;-2.30098;-0.000110927;0.00143339;9.21418e-05;0.00143887;-0.000116405;1.00071;0.00237726;0.00261548;1.00154;0.0175355;0.993706;1;2;1
146.531;1135.06;6.41542;-2.32311;0.0025272;0.00282873;-0.00100518;0.00369439;0.00166154;1.00216;0.00156118;0.00206643;1.00597;0.0176073;0.992883;1;3;1
169.531;1135.06;6.5233;-2.30765;-0.000154508;0.00318722;-0.000704175;0.00332954;-0.000296831;1.00179;-6.10018e-05;0.00402078;1.00315;0.0204958;0.987404;1;3;1
192.531;1135.06;6.40831;-2.3374;-0.000350896;0.00216771;-0.000695867;0.00234718;-0.000530369;0.999956;0.00198514;-0.000919322;1.00302;0.0172095;0.9946;1;2;1
215.531;1135.06;6.50715;-2.33452;0.0021788;0.00259768;-0.000351922;0.00279777;0.00197871;1.00383;0.000244051;-0.0027198;1.00242;0.0181648;0.991787;1;3;1
238.531;1135.06;6.50841;-2.30778;0.000280942;0.00248965;-2.23299e-05;0.00248988;0.000280716;1.00017;-0.00438753;0.00246257;1.00322;0.0216374;0.986098;1;3;1
261.531;1135.06;6.52007;-2.33054;-0.000690665;0.00302406;0.00060697;0.00312072;-0.000787326;0.99834;1.58393e-05;-0.0018993;0.9994;0.0206317;0.989118;1;3;1
284.531;1135.06;6.47661;-2.2663;-0.000193307;0.00118755;0.000137908;0.00120118;-0.000206945;1.00185;0.00266812;0.00197282;0.999538;0.0197373;0.987265;1;3;1
307.531;1135.06;6.51115;-2.28655;0.00224658;0.00274297;-0.00113603;0.0036576;0.00133195;0.997836;-0.000287301;-0.000592265;0.99848;0.0200977;0.988206;1;3;1
330.531;1135.06;6.57969;-2.38405;0.0016946;0.00275844;-0.000921907;0.00329088;0.00116217;1.00075;0.000449398;-0.00209541;1.00559;0.0215401;0.992716;1;4;1
353.531;1135.06;6.58903;-2.31728;-0.00143574;0.00215686;-0.000653677;0.0022721;-0.00155098;1.00119;0.00659047;-0.00522934;0.999032;0.0192855;0.98774;1;4;1
376.531;1135.06;6.51356;-2.32881;0.000172534;0.00304326;-0.000579819;0.00315595;5.98473e-05;1.00035;0.0053613;0.00468573;1.00568;0.0193365;0.98819;1;3;1
399.531;1135.06;6.59696;-2.30451;0.00200459;0.00387733;-9.07649e-05;0.00388172;0.00200021;1.00307;-0.000526777;-0.00181386;1.00511;0.0169631;0.99385;1;3;1
422.531;1135.06;6.60568;-2.31154;0.000165006;0.00289663;0.00069459;0.00306311;-1.46715e-06;0.998471;-0.0012198;-0.00134804;1.00257;0.0175744;0.991939;1;3;1
445.531;1135.06;6.60455;-2.30965;0.000859951;0.00353771;-4.85389e-05;0.00353859;0.000859071;1.00656;-0.00139331;0.00110826;1.00267;0.0176408;0.989708;1;3;1
468.531;1135.06;6.64521;-2.28768;0.00167;0.00296425;-2.42274e-05;0.0029647;0.00166954;0.995785;0.00233721;-0.00365889;1.0046;0.0200782;0.988186;1;3;1
491.531;1135.06;6.6813;-2.27807;0.000183405;0.00393487;-0.00074194;0.00407628;4.19993e-05;0.998264;0.00205512;-0.000909015;1.00559;0.020643;0.98876;1;3;1
514.531;1135.06;6.65365;-2.28401;0.000591261;0.00228737;-0.00130305;0.00299403;-0.000115401;1.00175;0.00298675;0.00286299;1.00329;0.0203683;0.988383;1;3;1
537.531;1135.06;6.70849;-2.28283;7.28934e-05;0.00113487;-0.000548398;0.00136722;-0.000159459;1.00008;-0.00155669;-0.00106917;1.00258;0.0200001;0.988406;1;3;1
560.531;1135.06;6.65699;-2.31887;-0.000339559;0.00413531;-0.000941095;0.00432518;-0.000529422;1.00061;0.000318806;-0.000268227;1.00443;0.0182341;0.989714;1;3;1
583.531;1135.06;6.69286;-2.2876;0.000387897;0.00173486;0.000586393;0.00195437;0.000168387;1.00309;-0.00547064;0.00150224;1.00444;0.0190131;0.991275;1;3;1
606.531;1135.06;6.67481;-2.2827;0.000315415;0.00139228;-0.000543965;0.00161923;8.84663e-05;1.00045;0.010473;6.99183e-06;1.00452;0.0186206;0.989394;1;3;1
629.531;1135.06;6.70736;-2.25655;0.00146196;0.00363743;-0.000901933;0.00396272;0.00113666;1.00154;0.00815526;-0.00307725;1.00715;0.0226628;0.987013;1;3;1
652.531;1135.06;6.74201;-2.28684;-0.000742172;0.00205014;0.000664378;0.00220015;-0.000892189;1.00026;-0.00118827;0.00356784;1.00449;0.0219142;0.986671;1;3;1
675.531;1135.06;6.67319;-2.21863;-0.000165003;0.00341837;-0.000398469;0.00346215;-0.000208778;0.996613;0.00505519;0.00152795;1.00422;0.0248048;0.975847;1;3;1
698.531;1135.06;6.73442;-2.27065;0.0031905;0.00377219;0.00111201;0.00463077;0.00233193;1.00429;-0.00123821;-0.00148921;1.00529;0.0276163;0.981509;1;3;1
721.531;1135.06;6.81972;-2.20335;0.000374183;0.00162096;0.00207785;0.00316692;-0.00117177;1.0014;-0.00234381;-0.00512056;1.00112;0.0227844;0.985373;1;4;1
744.531;1135.06;6.75155;-2.186;-0.00126342;0.00328131;0.00107011;0.00352068;-0.00150278;0.995334;-0.00122202;0.00323199;1.00659;0.0218728;0.986111;1;3;1
767.531;1135.06;6.76149;-2.11716;0.00195755;0.00287846;-0.00012953;0.00289633;0.00193968;1.00509;-0.001535;-0.0088785;0.997245;0.0224867;0.982242;1;4;1
790.531;1135.06;6.84151;-2.17373;0.000147846;0.000706846;-0.00142719;0.00188165;-0.00102696;1.0039;0.000278762;0.00690504;1.00118;0.0213346;0.984463;1;4;1
813.531;1135.06;6.76813;-2.23758;0.00144677;0.00210661;0.000204136;0.00216466;0.00138873;1;-0.0104955;0.00381108;0.999546;0.0217231;0.98417;1;3;1
836.531;1135.06;6.90801;-2.19458;0.00194053;0.00347583;0.000513808;0.00363191;0.00178445;0.995375;-0.00234321;-0.00435065;1.00489;0.0204214;0.988778;1;4;1
859.531;1135.06;6.85729;-2.1957;-0.0019855;0.00367748;0.00101318;0.00385329;-0.00216131;1.00034;-0.000866104;0.00174192;1.0029;0.0223553;0.982596;1;2;1
882.531;1135.06;6.81656;-2.14792;0.00068272;0.00246199;0.000814196;0.00277832;0.000366384;1.00296;-0.00274798;-0.00234645;1.00241;0.0259319;0.971922;1;3;1
905.531;1135.06;6.88868;-2.17387;0.00194995;0.00282822;-0.000274803;0.00290711;0.00187105;1.0013;-0.00354493;0.001097;1.00225;0.022384;0.981605;1;3;1
928.531;1135.06;6.90617;-2.14489;0.00174886;0.00204098;0.00108683;0.00299153;0.000798317;1.00593;0.00374011;-0.00187328;1.00445;0.0239293;0.982515;1;3;1
951.531;1135.06;6.96903;-2.12705;-0.00014162;0.0027233;-0.00139774;0.00329224;-0.000710568;0.997356;0.000428844;0.00440584;1.00413;0.0245343;0.977505;1;3;1
974.531;1135.06;6.89966;-2.14323;0.00111842;0.00160294;9.48962e-05;0.00162086;0.00110049;1.00173;0.00462113;-0.00253768;0.999318;0.0213676;0.989137;1;3;1
997.531;1135.06;7.02042;-2.07266;0.00235587;0.00473297;0.00198536;0.00585835;0.00123048;1.00667;0.00369121;-0.00226514;1.00088;0.0237115;0.984264;1;3;1
1020.53;1135.06;7.00782;-2.05938;-0.000170222;0.00344477;-0.000192373;0.00345498;-0.000180431;1.00235;0.00658403;0.00438095;1.00044;0.0275498;0.980781;1;3;1
1043.53;1135.06;7.01257;-2.02951;-0.00153463;0.00338386;0.00150138;0.00380594;-0.00195671;0.99014;-0.000478374;-0.00135112;1.00452;0.0262651;0.976962;1;3;1
1066.53;1135.06;6.93716;-2.02444;0.000483643;0.00381859;0.000472863;0.00388434;0.000417892;1.00357;-0.0013805;-0.000369001;1.00666;0.0252064;0.976071;1;3;1
1089.53;1135.06;7.03481;-2.01751;0.00210829;0.00145427;0.000133213;0.00213438;0.00142818;1.0024;-0.00323314;0.00130601;1.00262;0.0251683;0.976187;1;3;1
1112.53;1135.06;7.03397;-2.10296;-0.000103342;0.0035388;0.0015387;0.00410183;-0.000666363;1.00074;0.000383917;-0.00368704;1.00234;0.0259111;0.980376;1;3;1
1135.53;1135.06;7.03004;-2.0527;0.00166497;0.00271869;0.0019657;0.00422691;0.000156746;0.999771;0.00307584;-0.00673204;1.00095;0.023117;0.978171;1;3;1
1158.53;1135.06;7.11028;-1.96072;0.00275521;0.00332361;0.000474399;0.00359242;0.0024864;1.00658;0.00158366;0.00117869;1.00334;0.0237453;0.979722;1;3;1
1181.53;1135.06;7.1565;-1.95398;0.000713681;0.00289136;7.9404e-05;0.00289425;0.000710789;1.00115;-0.00307402;-0.000965149;0.998538;0.0241953;0.986031;1;3;1
1204.53;1135.06;7.14308;-1.92123;-0.000650739;0.00227881;8.37335e-06;0.00227883;-0.000650763;0.993729;-0.000818049;0.00101898;1.00144;0.0239753;0.983249;1;3;1
1227.53;1135.06;7.12655;-1.94363;5.11945e-05;0.0025813;0.000154303;0.00259067;4.18188e-05;1.00636;0.000699489;-0.000637976;1.0044;0.0222021;0.988962;1;3;1
1250.53;1135.06;7.14543;-1.89194;0.00209293;0.00259507;-3.49457e-06;0.00259509;0.0020929;0.999538;-0.000746598;-0.00409352;0.997627;0.022406;0.983995;1;3;1
1273.53;1135.06;7.22271;-1.90293;0.00336591;0.00298986;-0.000122089;0.00340207;0.0029537;1.00106;-0.00790018;0.0054794;1.0031;0.0255205;0.98557;1;3;1
31.5305;1112.06;6.42207;-2.36937;0.00311517;0.00315005;-0.000391629;0.00352462;0.00274059;0.998497;0.00107272;-0.00153424;1.0034;0.0199752;0.990517;1;3;1
54.5305;1112.06;6.49361;-2.3745;0.000948298;0.00357241;-0.000590601;0.00369921;0.0008215;1.00193;0.00142208;0.00223528;1.00011;0.0203317;0.989808;1;3;1
77.5306;1112.06;6.46567;-2.36837;-0.00146251;0.00313787;-0.0009706;0.00333426;-0.00165891;0.997719;0.00446181;0.00169749;0.998178;0.0215501;0.989425;1;3;1
100.531;1112.06;6.42628;-2.38709;-0.000622425;0.00217661;-0.000342594;0.00221793;-0.000663747;0.999315;0.00246893;-0.0021323;1.00096;0.0194227;0.991888;1;2;1
123.531;1112.06;6.43703;-2.34784;0.00172919;0.00289847;-0.00134439;0.00377984;0.000847816;0.999444;1.40954e-05;-0.000820574;1.00439;0.0171644;0.99501;1;3;1
146.531;1112.06;6.50575;-2.41532;0.000232894;0.00141789;-0.00168159;0.00260831;-0.000957525;0.999994;-0.000202464;0.00346996;0.996608;0.0169739;0.996121;1;3;1
169.531;1112.06;6.44773;-2.38254;-0.000895376;0.00228315;-0.000215049;0.00229763;-0.00090986;1.00116;-0.00588942;-0.000858273;0.999952;0.0199143;0.988656;1;3;1
192.531;1112.06;6.46454;-2.41875;0.00150772;0.00206555;-0.00118597;0.00300496;0.000568314;1.00145;0.00264517;0.000237924;1.00148;0.0192338;0.993559;1;2;1
215.531;1112.06;6.51703;-2.38956;0.000684457;0.00268613;2.81234e-05;0.00268652;0.000684062;0.998526;-0.000389876;-0.00296979;1.00284;0.0153064;0.99517;1;2;1
238.531;1112.06;6.496;-2.38475;9.5464e-05;0.00206888;-0.000607877;0.0022411;-7.67528e-05;1.00069;0.00745813;0.00194004;1.00226;0.0191403;0.992071;1;2;1
261.531;1112.06;6.52141;-2.36579;0.00171208;0.000576991;-0.000425696;0.00185399;0.000435083;1.00016;0.00560547;-0.00438864;0.999768;0.0218023;0.98959;1;3;1
284.531;1112.06;6.57468;-2.35458;0.000776199;0.00367437;-0.000391126;0.00372623;0.000724342;1.00191;-0.000412555;0.00312482;1.00368;0.0171579;0.993132;1;3;1
307.531;1112.06;6.5571;-2.3677;0.00119919;0.00349789;-0.000708483;0.00369871;0.000998373;1.00092;-0.00261738;0.00147979;1.00477;0.0202725;0.990659;1;3;1
330.531;1112.06;6.62979;-2.39294;0.00279059;0.00118082;6.61769e-05;0.0027933;0.0011781;1.00177;0.00075956;-0.00282609;1.00171;0.0204752;0.991157;1;3;1
353.531;1112.06;6.68529;-2.37174;-0.000729321;0.00118348;-0.00011903;0.00119085;-0.0007367;1.0044;-0.000562428;-0.00247826;1.00104;0.0239858;0.978063;1;4;1
376.531;1112.06;6.59623;-2.40085;-0.00241051;0.0021342;-0.00181863;0.00277234;-0.00304866;0.993854;0.00481491;0.00154934;0.999373;0.0207385;0.988342;1;4;1
399.531;1112.06;6.57425;-2.42042;-0.00106634;0.00410672;-0.000209242;0.00411517;-0.00107479;1.00027;0.00415778;-6.90191e-05;1.00228;0.0181903;0.989451;1;3;1
422.531;1112.06;6.54715;-2.37376;0.000914437;0.00289345;0.000760218;0.00315176;0.000656123;1.00161;-0.00462503;-0.00374215;1.00136;0.0176352;0.990634;1;3;1
445.531;1112.06;6.61627;-2.37823;0.00133215;0.00167587;0.000120214;0.00171374;0.00129428;1.0005;0.00512906;0.00339352;0.999587;0.018363;0.987544;1;3;1
468.531;1112.06;6.60838;-2.35507;0.00187819;0.00293365;0.000529923;0.00315379;0.00165805;1.00059;-0.00259169;-0.00206018;1.003;0.0200155;0.988228;1;3;1
491.531;1112.06;6.70259;-2.38375;0.00197839;0.00403998;2.00886e-05;0.00404017;0.0019782;1.00026;0.000419273;-0.00255434;1.00089;0.0177259;0.990862;1;3;1
514.531;1112.06;6.6993;-2.36212;0.000244736;0.00331613;0.000492131;0.00339306;0.000167808;0.999248;0.000549505;0.000985741;1.00044;0.0180438;0.988942;1;2;1
537.531;1112.06;6.7138;-2.31934;-4.61928e-06;0.00262906;-4.41714e-05;0.0026298;-5.35991e-06;1.00258;0.00115244;-0.000647022;0.999157;0.0196328;0.991374;1;3;1
560.531;1112.06;6.69908;-2.37234;-0.000469978;0.00373213;-0.00149658;0.00421065;-0.000948492;0.993129;0.00659225;-0.00121848;1.00122;0.0166562;0.993779;1;3;1
583.531;1112.06;6.69218;-2.31882;0.00119411;0.00232256;0.000152443;0.00234279;0.00117388;1.00692;0.00362761;-0.00106804;1.00011;0.0193511;0.989866;1;3;1
606.531;1112.06;6.75389;-2.28124;0.00126716;0.00201067;-0.000690552;0.00242318;0.000854656;0.995437;-0.00418655;-0.000899089;0.995984;0.0199275;0.989056;1;3;1
629.531;1112.06;6.75042;-2.34023;-0.000272654;0.00262161;-0.000659153;0.00276466;-0.000415703;1.00625;-0.00393886;0.00286543;1.00051;0.02096;0.989412;1;3;1
652.531;1112.06;6.74134;-2.29218;0.00106007;0.000649122;-0.000297376;0.00121606;0.000493138;1.00428;-0.00292356;0.00412939;1.00333;0.0244382;0.982753;1;3;1
675.531;1112.06;6.79916;-2.36005;0.000177849;0.00323298;-0.000800722;0.00343013;-1.92919e-05;0.994022;0.000764067;0.00288355;1.0008;0.0230692;0.973299;1;4;1
698.531;1112.06;6.74951;-2.33375;-0.00195782;0.00168881;0.00214455;0.00268038;-0.00294939;0.998307;0.000214481;-0.00532892;0.996447;0.0273046;0.973748;1;3;1
721.531;1112.06;6.70883;-2.23009;0.000469969;0.00331903;0.000952014;0.00360787;0.000181135;0.999257;-0.00146959;-0.00452225;1.00619;0.0231802;0.984975;1;4;1
744.531;1112.06;6.77106;-2.25884;0.0016677;0.00327229;-0.000900689;0.0036762;0.00126379;1.00339;0.000330119;0.00224455;1.00496;0.0231073;0.984711;1;3;1
767.531;1112.06;6.78547;-2.26057;0.00173109;0.00543825;-0.00037989;0.00547678;0.00169256;1.00544;-0.00328928;-0.00255652;1.00571;0.0246319;0.983181;1;4;1
790.531;1112.06;6.85061;-2.22601;0.00158281;0.00261212;0.000434397;0.00277094;0.00142399;0.998043;-0.00123458;0.00233598;0.997795;0.0236858;0.981063;1;4;1
813.531;1112.06;6.85822;-2.24716;8.4444e-05;0.0006954;-0.00175133;0.0021677;-0.00138785;1.00529;0.00422405;0.0025805;1.00071;0.0191589;0.98865;1;3;1
836.531;1112.06;6.85443;-2.30179;-0.000372918;0.00251938;0.00133785;0.0030433;-0.00089684;0.998672;-0.00266175;0.000297291;1.00508;0.0200245;0.987664;1;4;1
859.531;1112.06;6.84104;-2.20786;-2.56406e-05;0.00219676;0.000877821;0.00250166;-0.000330539;0.995578;0.000718079;-0.0021618;1.00308;0.0246181;0.980912;1;4;1
882.531;1112.06;6.85319;-2.22386;0.00165337;0.00270962;-0.000464827;0.00288504;0.00147794;1.00775;0.00225849;0.00283604;1.00453;0.0237787;0.98203;1;3;1
905.531;1112.06;6.91703;-2.20601;0.000649352;0.00177311;0.00104192;0.002395;2.7468e-05;0.992979;-0.00858783;-0.00533799;1.00066;0.0235105;0.980786;1;4;1
928.531;1112.06;6.88304;-2.1965;0.00246429;0.00185144;0.000698869;0.00292096;0.00139477;1.00428;3.12329e-05;0.000172667;0.999846;0.0253296;0.972641;1;3;1
951.531;1112.06;7.03025;-2.19497;0.000564295;0.00275188;0.000757219;0.00298841;0.000327764;1.00282;-6.71252e-05;0.00210389;0.997886;0.0228302;0.985784;1;3;1
974.531;1112.06;6.90897;-2.15478;-0.00287612;0.00348577;0.000446832;0.003517;-0.00290735;0.995977;0.0016631;-0.000616164;1.0027;0.0238656;0.979553;1;3;1
997.531;1112.06;6.89775;-2.16066;0.00160422;0.00366549;0.00145842;0.00442068;0.000849024;1.00157;-0.00544842;0.00134474;1.00626;0.0271245;0.979547;1;3;1
1020.53;1112.06;6.98269;-2.12328;0.000916761;0.0035813;0.000889954;0.0038512;0.000646856;1.00143;-0.00696384;-0.0104077;1.00527;0.0249928;0.975504;1;3;1
1043.53;1112.06;6.93988;-2.12172;-0.00123219;0.00409048;0.000958616;0.00425786;-0.00139957;0.992627;-0.00793183;0.00288437;1.00878;0.0252582;0.978075;1;3;1
1066.53;1112.06;6.92597;-2.10135;0.000700861;0.00481677;4.98993e-05;0.00481738;0.000700256;1.00741;0.00614828;0.000522446;1.00143;0.032158;0.964597;1;3;1
1089.53;1112.06;6.9721;-2.08688;0.000423698;0.00382284;-0.000490369;0.00389217;0.00035437;1.00052;0.00216468;0.00445535;1.0032;0.0217517;0.986622;1;3;1
1112.53;1112.06;6.94545;-2.1279;0.00135098;0.000662591;0.00010934;0.00136793;0.000645642;1.00382;0.00537339;-0.00527506;0.998486;0.0242445;0.984358;1;3;1
1135.53;1112.06;7.03419;-2.06221;0.00327537;0.00312012;0.00112662;0.00432703;0.00206845;1.00369;-0.00209978;-0.00383353;1.00251;0.0200881;0.989229;1;3;1
1158.53;1112.06;7.09583;-2.06718;0.00191007;0.0039173;0.00146893;0.00469273;0.00113464;1.00194;-0.00374525;-0.000305211;1.00229;0.0238072;0.972722;1;3;1
1181.53;1112.06;7.12196;-2.02326;0.000931934;0.00304945;0.0019279;0.00419019;-0.000208803;1.00164;-0.00172823;-0.00259271;1.00411;0.0198681;0.988628;1;2;1
1204.53;1112.06;7.13862;-1.98938;0.00139778;0.00321993;0.000241895;0.0032515;0.00136621;0.995951;-0.00177778;-0.000856299;1.00166;0.0223101;0.984449;1;3;1
1227.53;1112.06;7.18621;-2.01167;0.00141613;0.00361842;-0.000227342;0.00364165;0.00139291;1.00651;0.000310203;0.000825729;1.00079;0.0209977;0.991915;1;2;1
1250.53;1112.06;7.20371;-1.97418;0.00109806;0.00387591;0.000146815;0.00388364;0.00109032;0.994083;-0.00119469;-0.0011611;1.00755;0.0211799;0.989863;1;3;1
1273.53;1112.06;7.23668;-1.97926;0.00143453;0.00352733;0.000222686;0.00355076;0.0014111;1.0112;-2.32462e-05;0.00130863;1.00185;0.0241398;0.987136;1;3;1
31.5305;1089.06;6.40029;-2.46214;0.00170847;0.0031205;-0.000449108;0.00325124;0.00157773;0.999932;-0.00383387;-0.0010676;1.00317;0.0234413;0.991305;1;2;1
54.5305;1089.06;6.43955;-2.45406;0.00181208;0.00308633;-0.000367017;0.00318448;0.00171393;1.00115;-0.00433944;0.00386984;1.00136;0.0207899;0.9949;1;3;1
77.5306;1089.06;6.48357;-2.46459;0.000719978;0.00229193;-0.00011083;0.00229971;0.000712203;1.00451;-0.00284429;-0.00204981;1.00538;0.0191643;0.993236;1;4;1
100.531;1089.06;6.47265;-2.43704;0.000409607;0.00187544;-0.000678251;0.00214112;0.00014393;0.999033;0.000495107;-0.00101211;1.00063;0.0220947;0.99395;1;2;1
123.531;1089.06;6.50239;-2.43402;0.00136426;0.00248758;-0.000655958;0.00278949;0.00106236;0.996187;0.00681588;-0.00073599;1.00029;0.019433;0.996205;1;3;1
146.531;1089.06;6.53534;-2.38813;0.000810729;0.00229833;-0.000772857;0.00262716;0.000481893;1.00958;0.0052395;-0.000349015;1.00534;0.0201084;0.986871;1;3;1
169.531;1089.06;6.53967;-2.41255;-0.000545111;0.0024788;-0.00140929;0.00303376;-0.00110007;0.996442;0.00265948;0.00130424;1.00352;0.0190221;0.991611;1;3;1
192.531;1089.06;6.51023;-2.43221;-2.22152e-05;0.00142862;-0.00158971;0.00245061;-0.0010442;1.00012;0.00151257;0.00039385;1.00037;0.0164809;0.992815;1;3;1
215.531;1089.06;6.53862;-2.45791;0.00169544;0.00152552;-0.000161724;0.00179316;0.0014278;1.00072;0.0056159;0.00264492;0.998715;0.0190326;0.990241;1;3;1
238.531;1089.06;6.58815;-2.40278;0.00110462;0.00176488;-0.000121802;0.00178664;0.00108287;1.00196;-0.00148609;-0.00463162;1.00134;0.0171705;0.991867;1;3;1
261.531;1089.06;6.5893;-2.35702;-0.00168323;0.00215994;-0.000994758;0.00240216;-0.00192544;0.997342;0.000428679;0.00115941;1.00651;0.0218939;0.99019;1;3;1
284.531;1089.06;6.51064;-2.43499;-0.0011168;0.00219933;-0.000919212;0.00243709;-0.00135455;1.00029;-0.00316093;-0.00210786;1.00193;0.0203574;0.992333;1;3;1
307.531;1089.06;6.53781;-2.44717;0.00128223;0.00215751;-0.000863523;0.00268796;0.000751779;1.00492;0.00963808;0.00211479;0.999551;0.0230927;0.986136;1;3;1
330.531;1089.06;6.56959;-2.43834;0.0011816;0.00136355;0.000903868;0.00218101;0.00036414;0.999433;-0.00141195;-0.00222234;1.00215;0.0181937;0.992953;1;3;1
353.531;1089.06;6.59207;-2.37169;0.00136601;0.00234151;0.000351354;0.00245489;0.00125264;1.00349;-0.0009841;-0.00455555;1.00222;0.0215639;0.984245;1;3;1
376.531;1089.06;6.63238;-2.42673;0.00112136;0.00170017;-0.00145106;0.0028904;-6.88735e-05;0.99835;-0.00315093;0.00624571;1.00428;0.017845;0.992856;1;3;1
399.531;1089.06;6.64346;-2.49301;-0.00117995;0.00199938;-0.00104806;0.00231378;-0.00149435;1.00228;0.00208998;-0.00114661;1.00276;0.019469;0.990161;1;3;1
422.531;1089.06;6.57807;-2.44444;-0.000676663;0.00229773;0.000336566;0.00233533;-0.000714271;0.997497;0.0034292;-0.00406214;1.00764;0.0199809;0.98906;1;3;1
445.531;1089.06;6.6122;-2.38668;0.000282017;0.00182267;0.000283249;0.0018731;0.000231592;1.00663;-0.000810887;0.00148166;1.00544;0.0194936;0.991436;1;3;1
468.531;1089.06;6.59103;-2.4224;0.00131082;0.00163019;-0.00184953;0.00332691;-0.000385903;0.993976;0.00895781;0.00360973;1.00183;0.0200833;0.990698;1;3;1
491.531;1089.06;6.6724;-2.46353;0.00178321;0.00159658;-0.000226992;0.00193532;0.00144447;1.00371;-0.00093782;-0.00328608;1.0023;0.017751;0.992786;1;3;1
514.531;1089.06;6.67299;-2.4363;0.000651227;0.0018744;0.000781549;0.00225522;0.000270415;1.00081;-0.00205737;1.8574e-05;1.00276;0.0164848;0.992692;1;2;1
537.531;1089.06;6.7023;-2.4036;0.00266232;0.00283156;-0.000364802;0.00312143;0.00237246;1.00169;-0.00524531;0.00755859;1.00243;0.0208067;0.987536;1;3;1
560.531;1089.06;6.79526;-2.49003;0.00147408;0.00356256;-0.000403078;0.00363765;0.00139898;0.997177;-0.00432091;-0.00388837;1.00224;0.0209409;0.983789;1;3;1
583.531;1089.06;6.77006;-2.39425;-0.0017002;0.00328209;0.000531099;0.00333808;-0.00175618;1.00079;-0.00261809;-0.00163802;1.00659;0.0165285;0.994369;1;3;1
606.531;1089.06;6.71684;-2.37508;-0.000282861;0.0039344;7.06126e-05;0.00393558;-0.000284043;1.00028;0.00261566;-0.00706112;1.00749;0.0187932;0.990657;1;3;1
629.531;1089.06;6.75704;-2.37696;0.000711763;0.00304553;0.000644528;0.0032117;0.000545592;1.00204;0.00183712;-0.00081191;1.00311;0.0212982;0.9854;1;3;1
652.531;1089.06;6.74953;-2.31669;-0.00112733;0.00344671;-0.000256751;0.00346108;-0.0011417;0.993198;0.00303448;-0.000405948;0.998814;0.0229711;0.988693;1;3;1
675.531;1089.06;6.70516;-2.3671;-0.00178865;0.000574181;-0.000921303;0.000890944;-0.00210542;0.999726;-0.000720373;-0.0017405;1.00032;0.0235114;0.983975;1;3;1
698.531;1089.06;6.66717;-2.34822;0.00222284;0.00233711;0.00045636;0.0027399;0.00182005;0.993713;0.000263514;0.00424435;1.00736;0.0241458;0.981161;1;4;1
721.531;1089.06;6.80729;-2.35577;0.00297363;0.00365205;-0.000821548;0.00420166;0.00242402;1.00671;0.00472748;-0.00479219;1.00581;0.0241159;0.984082;1;3;1
744.531;1089.06;6.80375;-2.33625;0.00047926;0.00261804;-4.82224e-05;0.00261913;0.000478173;1.00302;-0.00355432;-0.00135361;1.00341;0.0249119;0.977982;1;3;1
767.531;1089.06;6.82933;-2.3666;0.000245728;0.00272419;0.00056711;0.00284779;0.000122128;0.992394;0.00272639;0.00191901;1.00497;0.02248;0.980008;1;4;1
790.531;1089.06;6.81503;-2.29372;0.000525923;0.00365225;0.00166262;0.00437114;-0.00019297;1.00375;-0.00170178;-0.00472896;1.0112;0.020835;0.982744;1;3;1
813.531;1089.06;6.85341;-2.26947;0.000201476;0.00190269;-0.000184407;0.00192245;0.000181716;0.997529;-0.00132791;0.00413732;1.00325;0.020246;0.986175;1;3;1
836.531;1089.06;6.8243;-2.31025;2.65874e-05;0.000946576;-3.54496e-05;0.00094794;2.52235e-05;1.00294;0.00463925;-0.00180907;1.00232;0.0219835;0.987265;1;4;1
859.531;1089.06;6.85463;-2.29664;0.000800771;0.00260427;0.000593535;0.00278208;0.000622967;1.0032;0.000824795;8.16031e-06;1.00501;0.0217346;0.985739;1;4;1
882.531;1089.06;6.8611;-2.27237;-0.000746252;0.00233482;0.000462037;0.00240262;-0.000814047;1.00121;0.00532942;-0.00312091;1.00497;0.0269357;0.972277;1;4;1
905.531;1089.06;6.82027;-2.25531;-0.000174289;0.00241914;0.000925436;0.00271551;-0.000470653;0.995334;0.00115081;-0.000607918;1.00322;0.0234112;0.987127;1;4;1
928.531;1089.06;6.85307;-2.22994;0.0026326;0.00138014;0.000311261;0.00270569;0.00130705;0.999202;-0.00354942;-0.00306093;1.00126;0.0197023;0.98818;1;3;1
951.531;1089.06;6.94121;-2.25346;0.000868931;0.00236219;0.00130942;0.00312289;0.000108238;1.0065;-0.00300638;0.00517751;1.00589;0.0203872;0.989702;1;3;1
974.531;1089.06;6.89296;-2.3033;-0.000503821;0.00323198;0.00054738;0.00331053;-0.000582373;0.997599;-0.00471216;-0.00253482;1.00317;0.0220343;0.985956;1;3;1
997.531;1089.06;6.91803;-2.24085;0.00157005;0.00255614;0.000565172;0.0028131;0.00131309;1.00493;-0.00121857;0.00110498;1.00277;0.0220254;0.983898;1;3;1
1020.53;1089.06;6.96506;-2.2238;0.000615181;0.00348794;0.000322306;0.00352365;0.000579465;1.00455;0.00241437;-0.000353046;1.00209;0.0267631;0.977407;1;3;1
1043.53;1089.06;6.94631;-2.21724;5.4534e-05;0.00393689;-0.00107039;0.00421245;-0.000221023;0.995918;0.00381954;-0.00181241;1.001;0.0235712;0.990228;1;3;1
1066.53;1089.06;6.96756;-2.24547;0.00232777;0.00264016;-0.000363908;0.00287998;0.00208796;1.011;-0.00323896;0.00756222;1.00001;0.0247968;0.97688;1;3;1
1089.53;1089.06;7.05326;-2.19303;0.00176578;0.00254836;0.000170187;0.00258377;0.00173037;0.998287;0.00295459;0.000621266;1.00263;0.0238532;0.978536;1;3;1
1112.53;1089.06;7.04858;-2.13343;-0.00142989;0.00144271;-0.00184755;0.00234659;-0.00233376;1.00215;0.0030076;-0.00082709;1.00051;0.0199843;0.985693;1;3;1
1135.53;1089.06;6.98744;-2.19599;-0.000742231;0.00281036;5.90197e-05;0.00281134;-0.000743211;0.994706;0.00220569;-0.00221341;1.0003;0.0206016;0.987532;1;4;1
1158.53;1089.06;7.01442;-2.14046;0.00152151;0.00264967;0.0020377;0.00419992;-2.87473e-05;1.002;0.00140802;-0.00510394;1.00407;0.0238619;0.981076;1;3;1
1181.53;1089.06;7.05726;-2.09394;0.00257066;0.00340173;0.00157796;0.00461795;0.00135444;1.00558;-0.00214629;0.00195101;1.00752;0.0213907;0.982954;1;3;1
1204.53;1089.06;7.13247;-2.06911;0.00229427;0.00375387;-0.000360713;0.00383815;0.00220999;0.9987;0.00177741;0.000475603;1.0059;0.0237315;0.97898;1;3;1
1227.53;1089.06;7.16267;-2.10976;0.000695284;0.00254154;0.000429908;0.00263674;0.000600086;0.998272;-2.15544e-05;0.00103827;1.00254;0.0213425;0.986806;1;3;1
1250.53;1089.06;7.16444;-2.06989;0.000639984;0.00145884;0.00108252;0.00220677;-0.000107951;0.999419;-0.00621413;-0.00285781;1.00009;0.0218603;0.987062;1;3;1
1273.53;1089.06;7.19208;-2.06489;0.00120252;0.00253049;0.000350786;0.00261746;0.00111555;1.00488;-0.00241202;0.00143848;1.00475;0.0273989;0.982344;1;3;1
31.5305;1066.06;6.47951;-2.51266;0.00197401;0.00192099;-0.00170579;0.00365349;0.000241511;1.00261;0.0055372;-0.00196457;1.00191;0.0228139;0.989698;1;2;1
54.5305;1066.06;6.52487;-2.51624;0.000291718;0.00325927;-0.000395097;0.00331097;0.000240016;1.00261;0.0025493;-0.00111158;1.002;0.0209068;0.990249;1;3;1
77.5306;1066.06;6.49291;-2.47367;-0.000121221;0.000736917;0.000253185;0.000806047;-0.000190351;1.00026;0.00379157;-0.00242146;0.997191;0.0197723;0.992428;1;3;1
100.531;1066.06;6.51927;-2.47318;0.00116035;0.00222273;-0.00049165;0.00241534;0.000967745;0.998181;0.00257728;-0.00472408;1.00309;0.0189405;0.990736;1;2;1
123.531;1066.06;6.54625;-2.462;0.00171986;0.00196938;-0.0016777;0.00352695;0.000162285;1.00197;-0.00316745;0.0112781;1.00742;0.0193682;0.989541;1;4;1
146.531;1066.06;6.59829;-2.52083;-0.00028257;0.00214664;-0.000897635;0.00244234;-0.000578267;1.00231;0.00177688;0.00091236;1.00199;0.0185304;0.993526;1;3;1
169.531;1066.06;6.53324;-2.49635;-0.000714995;0.00155878;7.74008e-05;0.00156142;-0.000717627;0.996054;0.00358155;-0.00322574;1.00129;0.0170288;0.99483;1;3;1
192.531;1066.06;6.56537;-2.48431;0.000610638;0.00286652;-0.000398383;0.00293481;0.000542352;1.00121;0.000559521;0.000731509;1.00264;0.0180246;0.993116;1;2;1
215.531;1066.06;6.56131;-2.45966;0.000930409;0.00241062;-0.000151941;0.00242605;0.000914973;1.00161;-0.000325636;0.000126684;1.00329;0.0166388;0.993997;1;3;1
238.531;1066.06;6.60815;-2.46573;0.000422709;0.00259707;-0.000175166;0.00261109;0.000408688;1.00094;0.00205958;0.00110617;1.00411;0.0224064;0.989418;1;3;1
261.531;1066.06;6.58075;-2.465;-0.000852974;0.00392142;0.000100099;0.00392352;-0.000855072;0.998844;0.001429;7.7918e-05;1.00139;0.0227065;0.988615;1;2;1
284.531;1066.06;6.56889;-2.45564;0.00113877;0.00298972;-0.00153135;0.00385353;0.000274955;1.00287;0.00308222;-0.000259502;1.00342;0.0190057;0.991897;1;3;1
307.531;1066.06;6.6331;-2.46678;0.00116018;0.0014274;-0.000703001;0.00200938;0.000578209;1.00157;-0.00493597;0.000601073;1.00317;0.0204588;0.990753;1;3;1
330.531;1066.06;6.62223;-2.45562;0.00068584;0.00240067;-0.000668909;0.00263073;0.000455781;0.999366;0.00284155;-0.000465546;1.002;0.0172786;0.993953;1;3;1
353.531;1066.06;6.66464;-2.47932;-0.000305156;0.0043088;-0.00131619;0.00465785;-0.000654211;0.998389;0.00474351;0.000631118;1.00553;0.0196754;0.992366;1;3;1
376.531;1066.06;6.60819;-2.47899;-0.000252322;0.00281913;-0.000233297;0.00283675;-0.000269941;1.00412;-0.000622217;0.00195794;1.00288;0.0206884;0.989992;1;4;1
399.531;1066.06;6.65302;-2.51223;0.000317987;0.000954985;-0.000554027;0.00127554;-2.56619e-06;0.995733;-0.00294333;-0.00100483;1.00461;0.0224237;0.987573;1;3;1
422.531;1066.06;6.62281;-2.47927;-0.000884312;0.00112249;-0.000464068;0.00122461;-0.00098643;0.997175;0.00375802;-0.000587303;0.994851;0.0206837;0.986506;1;4;1
445.531;1066.06;6.61229;-2.462;0.00171136;0.00335274;-0.000377986;0.0034356;0.0016285;1.00275;-0.0024521;-0.00193019;1.00106;0.0178873;0.992957;1;3;1
468.531;1066.06;6.70144;-2.42991;0.00211636;0.00257022;-0.000806205;0.00318083;0.00150576;0.99811;0.00249002;0.0013979;0.998278;0.019531;0.98852;1;3;1
491.531;1066.06;6.70954;-2.45713;-0.000304221;0.00153027;-0.000575966;0.00169611;-0.000470062;1.00087;0.00398953;0.00225396;1.00224;0.0200381;0.98542;1;3;1
514.531;1066.06;6.68744;-2.44826;-0.000347809;0.00170513;-0.000280118;0.00174267;-0.000385344;1.0034;0.00492373;-0.00166842;1.0032;0.0169693;0.989837;1;3;1
537.531;1066.06;6.69354;-2.4494;0.0012645;0.00331478;-0.00123047;0.00389119;0.000688088;0.999228;0.00404931;0.00262929;1.00361;0.0173613;0.990066;1;3;1
560.531;1066.06;6.74549;-2.5359;0.0014189;0.000171182;0.000570883;0.00164068;-5.05984e-05;1.00127;-0.000315995;-0.000739479;1.00527;0.0208559;0.98647;1;3;1
583.531;1066.06;6.75876;-2.4695;0.000420274;0.00235125;0.00111485;0.00286057;-8.90458e-05;0.999882;0.000197546;-0.00204751;0.998528;0.0197163;0.992052;1;3;1
606.531;1066.06;6.76476;-2.46186;-0.000197002;0.00253105;0.000108552;0.00253536;-0.000201314;1.00304;-0.00130648;-0.000826747;1.00073;0.0192156;0.990277;1;3;1
629.531;1066.06;6.74969;-2.48011;0.000220478;0.00183194;-0.00037201;0.00191367;0.000138745;0.996375;-0.000510184;0.00155912;1.00467;0.0178677;0.989979;1;3;1
652.531;1066.06;6.7749;-2.45045;0.00223864;0.00345236;0.000979275;0.00399757;0.00169344;1.0016;0.00102111;-0.00136448;1.00738;0.0191124;0.990806;1;3;1
675.531;1066.06;6.85246;-2.38643;-0.00121558;0.0018051;-0.000449646;0.00187062;-0.00128109;1.00006;0.00643316;-0.00315045;0.998677;0.0208036;0.989887;1;3;1
698.531;1066.06;6.71894;-2.44112;-0.00122298;0.00256429;-0.000658682;0.00267558;-0.00133427;1.00508;0.00235898;0.000536823;1.00032;0.019337;0.988553;1;3;1
721.531;1066.06;6.79617;-2.3977;0.00099484;0.00227035;0.0013243;0.00310246;0.000162731;1.00123;0.00326411;0.00320682;1.00255;0.0242278;0.98312;1;4;1
744.531;1066.06;6.76464;-2.37912;-0.000439658;0.00341667;-0.000468145;0.00347269;-0.000495676;0.993317;0.00401642;-0.00622969;1.00469;0.0233271;0.985212;1;3;1
767.531;1066.06;6.77594;-2.38571;0.00066353;0.00290108;0.000651711;0.00307705;0.000487552;1.00489;-0.00233258;0.00908599;1.00513;0.0259815;0.97508;1;3;1
790.531;1066.06;6.79515;-2.39367;0.00179964;0.00365999;0.00100015;0.00409566;0.00136397;1.00203;0.00554639;-0.00487529;0.999371;0.0292141;0.960878;1;4;1
813.531;1066.06;6.85862;-2.3346;0.000769219;0.0033869;0.00118839;0.00384592;0.000310196;0.997559;-0.00254935;-0.00168467;1.00328;0.0237389;0.979736;1;3;1
836.531;1066.06;6.8305;-2.3453;-0.000742987;0.00233377;-0.000278567;0.00235879;-0.000768005;0.997419;-0.00264519;0.000830129;1.00364;0.0225596;0.987003;1;3;1
859.531;1066.06;6.82443;-2.32749;0.000469853;0.00316968;-9.94463e-05;0.00317334;0.000466195;0.999287;0.00110558;-0.00083612;1.00338;0.0235186;0.977227;1;3;1
882.531;1066.06;6.8521;-2.33113;0.00108733;0.00341477;-0.000918884;0.00373382;0.000768283;1.00702;-0.00315869;-0.00110024;1.00321;0.0247334;0.968561;1;3;1
905.531;1066.06;6.87442;-2.31714;9.31176e-05;0.0041083;-0.000319907;0.00413363;6.77891e-05;0.992924;0.00303099;-0.000644403;1.00406;0.0257548;0.97503;1;2;1
928.531;1066.06;6.85633;-2.25993;-0.000825505;0.00277675;-4.513e-06;0.00277676;-0.00082551;0.998324;0.000356505;-0.00279137;1.00366;0.0243413;0.98067;1;3;1
951.531;1066.06;6.83643;-2.3031;0.000324589;0.0026852;0.000316701;0.00272695;0.000282838;1.00553;-0.00157937;-9.2855e-05;1.00678;0.028196;0.975614;1;3;1
974.531;1066.06;6.87124;-2.3032;0.00193635;0.00116666;-9.8732e-06;0.00193648;0.00116653;1.00394;-0.00080263;-0.000363554;0.999404;0.0236113;0.982482;1;3;1
997.531;1066.06;6.9254;-2.27808;0.00229604;0.00280129;-4.92199e-05;0.00280604;0.00229129;0.99557;0.0053434;-0.00115067;1.00055;0.0217623;0.987368;1;3;1
1020.53;1066.06;6.97673;-2.28344;0.00198474;0.00270334;5.32702e-05;0.00270727;0.00198081;1.01168;0.00104743;0.000101494;1.00291;0.0255045;0.972359;1;3;1
1043.53;1066.06;7.01661;-2.3024;0.000150105;0.00311883;0.00104972;0.00345249;-0.000183565;0.99934;-0.00080936;-0.000620853;1.00218;0.0219248;0.987684;1;3;1
1066.53;1066.06;6.9836;-2.2226;0.0011331;0.00100651;0.00085746;0.0019296;0.00021001;0.995228;0.00191681;-0.00126169;0.999924;0.0214998;0.98453;1;4;1
1089.53;1066.06;7.06859;-2.20386;0.00281076;0.00154016;0.000160765;0.00283078;0.00152013;1.00516;0.000929366;0.000174155;1.00285;0.020959;0.991706;1;3;1
1112.53;1066.06;7.1127;-2.19391;-0.0010189;0.00286147;0.000462525;0.00291584;-0.00107327;0.991744;-0.000298352;-0.00140011;1.00329;0.0212419;0.985612;1;3;1
1135.53;1066.06;7.0217;-2.19131;-0.00221255;0.00165837;-0.000836558;0.00183143;-0.00238561;0.997262;0.000426265;0.000759465;1.00066;0.0184287;0.988408;1;3;1
1158.53;1066.06;7.01081;-2.18883;0.000584226;0.000678003;-0.000431606;0.00106526;0.000196968;1.00154;-0.0012562;-0.00319933;1.00223;0.0205181;0.98877;1;3;1
1181.53;1066.06;7.04856;-2.17942;0.00315873;0.00358935;0.000200159;0.00366802;0.00308006;1.00581;0.000337892;0.00325192;0.999144;0.0222948;0.98105;1;3;1
1204.53;1066.06;7.15588;-2.16173;0.00211901;0.0037124;0.00105922;0.0042411;0.00159031;1.0005;-0.00182965;-0.00141146;1.00421;0.0198591;0.98497;1;3;1
1227.53;1066.06;7.14591;-2.12842;-0.000144096;0.00227473;0.00125677;0.00280949;-0.000678857;1.00095;0.00355382;0.00102581;1.00429;0.0218283;0.980103;1;3;1
1250.53;1066.06;7.14909;-2.04121;0.00149142;0.00267565;-0.000105772;0.00268502;0.00148205;0.999403;0.00341789;-0.00170064;1.00207;0.0236501;0.984263;1;3;1
1273.53;1066.06;7.21445;-2.09551;0.00284857;0.00115531;-0.000815223;0.00317725;0.000826622;1.00209;0.00286763;0.00366623;0.997637;0.0200474;0.991457;1;2;1
31.5305;1043.06;6.54975;-2.55018;-0.00150768;0.00138865;-0.00245944;0.00279461;-0.00291364;1.00045;0.005553;-0.00196186;1.00076;0.0200268;0.990189;1;2;1
54.5305;1043.06;6.51499;-2.60368;-0.00100733;0.00213202;-0.000225055;0.00214808;-0.00102338;1.00507;0.000775839;0.00342562;1.00414;0.0224367;0.990134;1;3;1
77.5306;1043.06;6.50336;-2.49847;0.00031697;0.00308593;0.000470173;0.00316359;0.000239312;0.997793;0.00147891;8.84298e-05;1.00241;0.0210897;0.988515;1;2;1
100.531;1043.06;6.52952;-2.53913;0.00229527;0.00336042;-0.00151514;0.00443386;0.00122183;1.00104;-0.000690758;0.000323449;1.00076;0.0193142;0.988754;1;2;1
123.531;1043.06;6.60882;-2.5244;0.00117497;0.00303172;-6.96776e-05;0.00303433;0.00117236;1.00459;0.00818392;-0.000938601;0.999673;0.0175323;0.992572;1;3;1
146.531;1043.06;6.58351;-2.48675;-0.000861482;0.00113792;0.000437241;0.00122936;-0.000952919;0.998089;-0.00286004;-0.00369837;0.998867;0.0166289;0.995352;1;3;1
169.531;1043.06;6.56915;-2.48419;4.30628e-06;0.00233033;-0.00176559;0.00328153;-0.0009469;0.997771;-0.00146142;0.00160072;0.999606;0.0178314;0.993792;1;3;1
192.531;1043.06;6.58364;-2.56382;4.60636e-05;0.00250756;-0.00153874;0.00324721;-0.000693587;1.00123;0.00415567;0.00399676;1.00237;0.0166948;0.994409;1;3;1
215.531;1043.06;6.57119;-2.56865;0.000332325;0.00266225;-7.70683e-05;0.0026648;0.000329778;1.00682;0.00116218;0.00137321;1.00323;0.0171868;0.99305;1;3;1
238.531;1043.06;6.5989;-2.52209;0.000413801;0.00237001;-0.00036117;0.00243456;0.000349249;0.998826;-0.00124473;-0.00133467;0.997141;0.0214762;0.986589;1;3;1
261.531;1043.06;6.59021;-2.53705;0.00110292;0.00317779;-0.000809202;0.00345606;0.00082465;0.997272;0.00283996;0.000829804;1.00331;0.0231898;0.986708;1;2;1
284.531;1043.06;6.64958;-2.57211;0.000265659;0.0024081;-0.000221303;0.00243072;0.000243039;1.00046;-0.00149799;0.00195334;1.00295;0.0184227;0.991704;1;4;1
307.531;1043.06;6.60243;-2.51274;-0.000674781;0.00156385;9.38053e-05;0.00156778;-0.000678705;0.994212;0.00187719;-0.00232791;1.00028;0.0195954;0.99349;1;3;1
330.531;1043.06;6.61853;-2.54861;0.00190027;0.0029522;-0.00123878;0.00377205;0.00108042;1.00744;-0.00053833;0.00703655;1.00397;0.0206193;0.990347;1;4;1
353.531;1043.06;6.68972;-2.56936;5.02176e-05;0.00276915;-0.00102256;0.00311079;-0.000291427;0.994406;0.00194535;-0.00240242;1.00501;0.0227288;0.986953;1;3;1
376.531;1043.06;6.62084;-2.55622;9.61084e-05;0.00251915;0.000164728;0.0025303;8.49608e-05;1.00209;-0.00134762;-0.00197494;0.999173;0.0200392;0.991956;1;4;1
399.531;1043.06;6.69413;-2.53689;0.00109476;0.00187054;0.000536141;0.0021444;0.000820907;0.998148;0.00204751;5.26414e-06;0.998289;0.0192708;0.988576;1;3;1
422.531;1043.06;6.67113;-2.49595;4.85381e-05;0.00253488;-0.000660385;0.00269939;-0.000115978;1.00041;2.12854e-05;-0.00355289;1.00847;0.0227458;0.987361;1;3;1
445.531;1043.06;6.69636;-2.54057;-2.58e-05;0.00253693;-0.00152684;0.00324884;-0.000737709;1.00308;0.001822;0.000973491;1.00267;0.0198491;0.986458;1;3;1
468.531;1043.06;6.66992;-2.54041;0.000231646;0.00345325;0.000197582;0.00346532;0.000219573;0.999208;-0.00113903;0.00132653;1.01041;0.0175728;0.98851;1;3;1
491.531;1043.06;6.70702;-2.53386;0.000795827;0.00166351;-8.84289e-05;0.00167243;0.000786907;1.0019;0.00129567;-0.000616261;0.998709;0.0186487;0.989662;1;4;1
514.531;1043.06;6.70651;-2.51466;0.000446367;0.00249942;-0.00054625;0.00263571;0.000310076;0.99957;-0.00500048;-1.26256e-05;1.00105;0.0180959;0.990701;1;3;1
537.531;1043.06;6.72754;-2.55582;0.000352978;0.00296353;1.78809e-06;0.00296354;0.000352977;1.00257;-0.00155147;-0.00385374;1.00516;0.0187037;0.991975;1;3;1
560.531;1043.06;6.72274;-2.49784;0.000308918;0.000890204;0.00167274;0.00229737;-0.00109825;1.00192;0.000183064;-0.0005303;0.99713;0.0212201;0.983413;1;3;1
583.531;1043.06;6.74172;-2.50227;-0.000576475;0.00226107;-1.5871e-05;0.00226116;-0.000576564;0.996929;0.00455259;0.000895371;1.00491;0.0194737;0.98738;1;4;1
606.531;1043.06;6.69621;-2.49135;0.00132691;0.00245554;0.00122582;0.00324071;0.000541743;0.999991;-0.000291806;-0.00288667;1.00179;0.0201351;0.988592;1;3;1
629.531;1043.06;6.8027;-2.46113;0.00124491;0.00100714;-0.000224872;0.00138039;0.000871665;1.00263;0.00654724;0.00347504;0.99843;0.0196062;0.98829;1;3;1
652.531;1043.06;6.75344;-2.47522;-0.00101609;0.0011254;0.000173003;0.00113928;-0.00102998;0.998139;0.000407165;-0.00300873;0.997568;0.0187054;0.990239;1;3;1
675.531;1043.06;6.75593;-2.45003;-0.000802102;0.00301929;0.0011195;0.0033231;-0.00110591;1.00136;-0.00510697;0.00171481;1.00629;0.0199721;0.988214;1;4;1
698.531;1043.06;6.71653;-2.466;-0.000179811;0.00112719;-0.000731917;0.0014549;-0.000507516;1.00221;0.00381974;-0.00177953;0.999962;0.0184596;0.989685;1;3;1
721.531;1043.06;6.74766;-2.46005;0.00309945;0.00407915;-0.000251009;0.00413971;0.00303888;1.00323;-0.00417394;0.00350341;1.00401;0.0216955;0.985682;1;3;1
744.531;1043.06;6.85887;-2.49311;0.000156156;0.00219437;-0.00176395;0.00321244;-0.000861918;0.991846;0.00506246;0.00021681;1.0005;0.02675;0.974594;1;3;1
767.531;1043.06;6.75482;-2.49979;-0.00183461;0.00342626;0.000489513;0.00347142;-0.00187977;1.00623;0.00273913;0.000138519;1.00287;0.0225416;0.981475;1;4;1
790.531;1043.06;6.77439;-2.46176;0.000824299;0.00284221;0.00111818;0.00333935;0.000327163;0.995694;-0.00598416;-0.00261795;1.00536;0.0246227;0.975607;1;4;1
813.531;1043.06;6.79266;-2.42497;0.00179949;0.00216298;0.000658746;0.00266459;0.00129787;0.999912;0.000657861;-0.00403532;1.00244;0.0241005;0.985842;1;4;1
836.531;1043.06;6.85707;-2.41747;0.00185652;0.00205719;-0.000310562;0.00228322;0.00163049;1.00074;-0.000724314;0.00975525;0.998509;0.0252643;0.978851;1;4;1
859.531;1043.06;6.87798;-2.44221;0.0021514;0.00357226;2.07016e-05;0.00357256;0.0021511;1.00131;0.000410473;-0.00442893;1.001;0.0201566;0.987847;1;3;1
882.531;1043.06;6.95593;-2.42909;0.000939603;0.00327491;-0.000116319;0.00328069;0.000933824;1.00168;0.000338049;0.00211829;1.00588;0.023539;0.976481;1;3;1
905.531;1043.06;6.92118;-2.4438;-0.00191778;0.00258366;0.000804025;0.00272296;-0.00205708;0.99277;0.000150167;-0.00695244;1.00276;0.026884;0.983315;1;4;1
928.531;1043.06;6.86757;-2.3575;-0.00113889;0.00382508;0.000274163;0.00384018;-0.00115399;1.00233;0.00354875;0.0041556;1.00322;0.0231044;0.982735;1;3;1
951.531;1043.06;6.86872;-2.37675;0.00111562;0.00144883;0.000532676;0.00184035;0.000724105;0.997752;-0.000955797;-0.0069729;0.994971;0.0239297;0.980101;1;4;1
974.531;1043.06;6.91886;-2.35693;0.00160122;0.00224196;-0.000224445;0.00231276;0.00153042;1.0033;0.00193834;0.000451715;1.0037;0.0244683;0.97604;1;4;1
997.531;1043.06;6.94231;-2.36952;0.00036892;0.00254085;0.00039755;0.00261133;0.00029844;0.99824;-0.00303401;0.0013268;1.0014;0.0256933;0.971855;1;3;1
1020.53;1043.06;6.93583;-2.34798;-0.000685292;0.00307906;0.00187282;0.00385208;-0.00145831;1.00335;0.00210976;-0.00248735;1.00049;0.0262002;0.980421;1;3;1
1043.53;1043.06;6.91078;-2.36047;0.0011203;0.00100614;0.00253261;0.00359648;-0.00147003;1.00083;-0.00304299;-0.000975206;1.00336;0.0234665;0.97892;1;3;1
1066.53;1043.06;6.9873;-2.29174;0.00340759;0.00338194;0.00172273;0.00511754;0.00167199;1.00493;-0.00185721;-4.69034e-05;1.00305;0.0205083;0.982387;1;3;1
1089.53;1043.06;7.06716;-2.26382;0.000680444;0.00277631;0.00137435;0.00345666;8.56569e-08;1.0012;-0.00605318;-0.00337572;1.00172;0.0216714;0.988263;1;3;1
1112.53;1043.06;7.01858;-2.26486;5.47505e-05;0.00395177;0.00193007;0.00474586;-0.000739339;1.00465;-0.00861934;0.00201482;1.00805;0.0221776;0.986726;1;3;1
1135.53;1043.06;7.06968;-2.27213;0.00103337;0.00259865;0.000582388;0.00279157;0.000840461;0.998657;-0.00260548;-0.00414695;1.00705;0.0194038;0.990175;1;3;1
1158.53;1043.06;7.066;-2.17161;-7.97314e-05;0.000987222;-0.000183332;0.00101784;-0.000110354;1.0039;0.00149087;0.000872636;0.996962;0.0221377;0.976243;1;3;1
1181.53;1043.06;7.06601;-2.25875;0.000442667;0.0018219;-0.000372962;0.0019163;0.000348273;0.991837;-0.000757158;0.00176691;0.999134;0.0228566;0.979484;1;3;1
1204.53;1043.06;7.08631;-2.23954;0.00221691;0.00169047;0.00204485;0.00401541;-0.000108031;1.0034;-0.00535054;0.000776887;1.00109;0.0219951;0.977147;1;3;1
1227.53;1043.06;7.16785;-2.21428;0.00263003;0.00274701;0.00106233;0.00375246;0.00162458;1.00713;-0.00436717;-0.00230105;0.99794;0.0241208;0.977101;1;3;1
1250.53;1043.06;7.2071;-2.19278;-0.000202134;0.00347909;0.00188661;0.00427422;-0.000997268;0.991091;-0.00513441;-0.00239009;0.998873;0.0283428;0.97888;1;3;1
1273.53;1043.06;7.15845;-2.11799;-0.00210789;0.00238833;0.0026825;0.00364019;-0.00335975;0.996977;-0.00437293;0.000726051;1.00719;0.0256609;0.984827;1;3;1
31.5305;1020.06;6.59881;-2.57634;-5.70698e-05;0.00171361;-0.000518135;0.00185408;-0.000197542;0.995297;-0.00242214;-0.00461612;1.00084;0.0212958;0.991941;1;3;1
54.5305;1020.06;6.59747;-2.61415;-0.0018332;0.000198803;-0.000729316;0.000433466;-0.00206786;1.00097;0.00460526;0.00892051;0.994916;0.0220691;0.991884;1;3;1
77.5306;1020.06;6.51439;-2.6154;0.000759444;0.0036978;-0.00132997;0.00421037;0.000246878;1.00237;-0.00342074;-0.00156194;1.00262;0.0205544;0.993853;1;3;1
100.531;1020.06;6.63239;-2.62737;0.00197482;0.00157103;-0.00103832;0.00283069;0.000715158;1.00132;0.00341549;0.00104942;1.00156;0.0205528;0.991851;1;3;1
123.531;1020.06;6.60514;-2.60121;-0.000739694;0.00124724;0.000457205;0.0013474;-0.000839851;1.00003;-0.00525933;-0.00112855;1.00249;0.0191449;0.991997;1;2;1
146.531;1020.06;6.59832;-2.57315;0.000288685;0.00275319;-0.000184592;0.00276694;0.000274935;1.00273;0.00532913;-0.000675957;1.00302;0.0216619;0.991057;1;3;1
169.531;1020.06;6.61842;-2.60334;0.00052085;0.00341303;-0.00122489;0.00386208;7.18072e-05;0.999569;0.00221975;0.00158284;1.00447;0.0199703;0.991788;1;3;1
192.531;1020.06;6.62226;-2.59947;-0.000177995;0.00173887;-0.000243537;0.00176933;-0.000208453;1.00146;0.00130018;-0.000789521;1.00023;0.018354;0.992014;1;3;1
215.531;1020.06;6.61022;-2.58193;0.00110424;0.00184565;-0.00064332;0.00221743;0.00073246;0.999733;0.000998804;0.00346973;1.00079;0.0202266;0.993356;1;3;1
238.531;1020.06;6.67302;-2.57457;-0.000113624;0.00320587;-0.00109364;0.00353379;-0.000441543;1.00188;0.000810893;-0.00410755;1.00616;0.0217971;0.991027;1;3;1
261.531;1020.06;6.60499;-2.61094;-0.00129059;0.00271055;-0.000192671;0.00271981;-0.00129985;0.994892;-0.000808657;0.000594004;1.00316;0.0197657;0.990171;1;2;1
284.531;1020.06;6.61362;-2.56626;0.000936978;0.00166951;0.000808621;0.00219095;0.000415539;1.00497;-0.000487768;-0.00321598;1.0014;0.0200293;0.989764;1;3;1
307.531;1020.06;6.64801;-2.53866;0.00142904;0.00256226;-0.00116248;0.00328886;0.000702441;0.997755;-0.00140818;0.0024361;1.00421;0.0207142;0.989989;1;3;1
330.531;1020.06;6.6793;-2.59119;0.00224408;0.00156661;-0.00190151;0.00383679;-2.61038e-05;1.00236;0.00263667;8.54389e-05;1.00041;0.0200147;0.990498;1;4;1
353.531;1020.06;6.75107;-2.60644;-0.00116704;0.00158846;-0.00014782;0.00159636;-0.00117494;1.00453;0.00154124;-0.00168114;0.994656;0.0205584;0.990027;1;3;1
376.531;1020.06;6.62558;-2.59472;-0.00188974;0.00151794;-0.000848279;0.00171743;-0.00208922;0.996271;5.14096e-05;-0.00347355;1.00427;0.0213801;0.984947;1;4;1
399.531;1020.06;6.66406;-2.59819;0.001181;0.00207335;5.71826e-05;0.002077;0.00117735;0.997928;0.00109116;0.00499121;0.999525;0.0192742;0.989336;1;3;1
422.531;1020.06;6.67988;-2.5957;0.000959741;0.00395177;3.23181e-06;0.00395177;0.000959738;0.999817;0.00272595;-0.0025246;1.00193;0.0199663;0.987227;1;2;1
445.531;1020.06;6.70819;-2.57845;0.00022019;0.0023823;-0.000196867;0.00240008;0.000202411;1.0033;0.00629634;0.00388887;1.00142;0.0205968;0.988416;1;3;1
468.531;1020.06;6.69;-2.58848;0.000767348;0.00155168;0.00036467;0.00169503;0.000623998;1.00558;-0.0015784;-0.000112875;0.996937;0.0172637;0.99161;1;3;1
491.531;1020.06;6.74345;-2.53357;0.000558021;0.00212039;0.000537431;0.0022874;0.000391006;1.00043;-0.00217818;-0.00323003;1.00485;0.0193227;0.991483;1;3;1
514.531;1020.06;6.71566;-2.56308;-0.000721209;0.00281119;-0.000515691;0.00288494;-0.000794955;0.996063;0.00471854;0.00204247;1.0042;0.0237855;0.983393;1;2;1
537.531;1020.06;6.71023;-2.58552;-0.00152989;0.00193543;-0.000282043;0.00195823;-0.00155269;1.00049;-0.00149125;0.0014998;1.00237;0.0187603;0.991412;1;3;1
560.531;1020.06;6.64523;-2.57672;0.00122897;0.00165226;2.26762e-05;0.00165348;0.00122775;0.998452;0.000875269;-0.000137568;1.00237;0.0217545;0.986895;1;3;1
583.531;1020.06;6.76673;-2.5734;0.00104603;0.00298345;-0.000195139;0.00300291;0.00102657;0.997732;-0.00290578;-6.5903e-05;1.00333;0.0185538;0.990183;1;3;1
606.531;1020.06;6.69332;-2.57463;0.000430006;0.00204677;-0.000504161;0.0021911;0.000285676;1.00169;0.000444404;0.000869203;1.0037;0.0199911;0.986843;1;3;1
629.531;1020.06;6.78648;-2.5264;0.00167139;0.00159721;0.00142116;0.00305595;0.000212654;1.00315;-0.002773;-0.00675946;1.00457;0.0207564;0.986237;1;3;1
652.531;1020.06;6.77008;-2.50219;-0.000605047;0.00144103;-0.000337062;0.00149513;-0.000659143;0.997482;0.00360351;0.00212247;1.00223;0.0187287;0.989188;1;3;1
675.531;1020.06;6.75864;-2.52501;0.000134342;0.00334457;4.23891e-05;0.00334513;0.000133782;1.00171;-0.000310688;-0.000400267;1.00092;0.0190517;0.98932;1;3;1
698.531;1020.06;6.77626;-2.4929;0.00072746;0.00214368;-0.000655779;0.00240069;0.000470446;0.999384;-0.00470008;0.000462468;1.00278;0.0225081;0.98475;1;3;1
721.531;1020.06;6.79205;-2.58496;0.00241193;0.00291324;-7.13538e-05;0.0029232;0.00240198;1.00008;-0.00426974;0.00128631;1.0011;0.0235001;0.98134;1;3;1
744.531;1020.06;6.88708;-2.47978;-0.000645201;0.0013353;0.000997042;0.00175028;-0.00106019;0.998173;-0.00216594;-0.000412873;1.00205;0.026672;0.973102;1;3;1
767.531;1020.06;6.76234;-2.54305;-0.00259911;0.00100619;-0.000803337;0.00117709;-0.00277001;0.995685;-0.00421003;-0.00402492;0.999774;0.0284636;0.97139;1;3;1
790.531;1020.06;6.76734;-2.52422;0.00174522;0.00268291;0.000311761;0.0027771;0.00165103;0.999956;-0.00185532;0.00477285;1;0.0264833;0.971047;1;3;1
813.531;1020.06;6.84242;-2.43399;0.00162104;0.00345994;0.000729266;0.00371404;0.00136694;1.00734;-0.00542325;-0.0115081;1.00165;0.0304836;0.97669;1;4;1
836.531;1020.06;6.84177;-2.43983;-0.000684478;0.00108214;0.00024924;0.00111663;-0.000718968;0.996843;0.00363927;0.0085688;1.00357;0.0247894;0.988464;1;3;1
859.531;1020.06;6.81089;-2.49152;0.00042303;0.00140693;-0.000731572;0.00179657;3.33821e-05;1.00165;0.000492009;-0.00270247;1.00215;0.0239068;0.980831;1;3;1
882.531;1020.06;6.86121;-2.48153;0.00133479;0.00147166;0.000896606;0.00230244;0.000504009;1.00094;-0.00314497;-0.000335279;1.00124;0.0213736;0.9879;1;3;1
905.531;1020.06;6.87222;-2.43583;0.000810674;0.00174356;0.00104774;0.002424;0.00013024;1.0036;0.00178085;-0.00148427;1.00177;0.023486;0.980131;1;3;1
928.531;1020.06;6.89846;-2.43553;-0.00182717;0.00264909;0.000427034;0.00268947;-0.00186755;1.00141;-0.0023077;0.00153137;1.00425;0.0219261;0.987241;1;3;1
951.531;1020.06;6.78804;-2.36967;1.40005e-05;0.00327473;-0.000148075;0.00328144;7.29003e-06;0.994299;-5.61189e-05;0.00135674;1.0046;0.0240164;0.978383;1;4;1
974.531;1020.06;6.89909;-2.40621;0.00238921;0.00282346;-0.00087455;0.00350743;0.00170524;1.00687;-0.00257733;-0.00361624;0.999089;0.0210881;0.986392;1;3;1
997.531;1020.06;6.89781;-2.3948;-0.00186112;0.00194321;0.000236131;0.00195781;-0.00187572;0.996914;0.000152228;-0.000122923;1.00346;0.0230524;0.981063;1;3;1
1020.53;1020.06;6.8134;-2.42457;-0.0012532;0.0019619;0.000515199;0.00204244;-0.00133374;0.998292;0.00286243;-0.00696571;1.00009;0.0243103;0.972507;1;3;1
1043.53;1020.06;6.8401;-2.34832;0.00237061;0.00154733;-0.000157073;0.00239956;0.00151838;1.00045;0.00324529;0.00769789;1.00455;0.0240638;0.976325;1;4;1
1066.53;1020.06;6.92229;-2.37786;0.00280998;0.00269987;0.000500595;0.00325854;0.00225131;1.01092;-0.0049303;-0.00511851;1.00466;0.0215948;0.986709;1;3;1
1089.53;1020.06;6.96918;-2.33128;9.78724e-05;0.00299097;0.000539823;0.00308841;4.29066e-07;1.00055;0.00126741;0.000745948;1.00202;0.020541;0.987213;1;3;1
1112.53;1020.06;6.9268;-2.37496;0.00201057;0.00272717;0.000570621;0.00304265;0.00169508;1.00091;0.0048051;0.000783537;0.993918;0.0209211;0.987344;1;3;1
1135.53;1020.06;7.06157;-2.31067;0.00249213;0.00205055;0.00165517;0.00394118;0.000601503;1.00323;0.00354851;-0.00305412;0.998268;0.0206094;0.984964;1;3;1
1158.53;1020.06;7.04108;-2.23421;-0.00101486;0.00425156;0.000861053;0.00438877;-0.00115207;1.00345;-0.00161393;-0.00345621;1.00641;0.0223971;0.981613;1;3;1
1181.53;1020.06;7.01483;-2.26314;-0.000618613;0.00164525;0.000193058;0.0016616;-0.000634958;0.99724;-0.00233579;-0.00146887;1.00199;0.0246217;0.979135;1;3;1
1204.53;1020.06;7.01261;-2.23921;0.00174851;0.000966399;0.000416287;0.00192861;0.000786298;1.00521;-0.0025303;0.00480887;1.00315;0.0247129;0.975937;1;3;1
1227.53;1020.06;7.09519;-2.25458;0.00129504;0.0021979;0.00077623;0.00264442;0.000848514;1.00012;0.000867615;-0.00120173;1.00372;0.0236189;0.987228;1;3;1
1250.53;1020.06;7.07213;-2.2009;0.000483212;0.00166832;0.00109719;0.00232274;-0.00017121;0.99981;-0.00632191;-0.00490264;0.998583;0.0200421;0.98972;1;3;1
1273.53;1020.06;7.11739;-2.20514;0.00196986;0.00274597;-7.60376e-05;0.00275335;0.00196248;1.0025;0.000212854;0.00424506;0.994226;0.0220075;0.993583;1;3;1
31.5305;997.06;6.52166;-2.62893;0.000931008;0.00173579;0.000759381;0.0021928;0.000473993;0.994707;0.00448304;-0.00462719;1.00445;0.0201227;0.991784;1;3;1
54.5305;997.06;6.54306;-2.61281;0.00197419;0.00186477;0.000363347;0.00228692;0.00155204;1.0024;0.00192873;0.00387734;1.0017;0.0235161;0.988302;1;3;1
77.5306;997.06;6.61237;-2.66812;0.00208879;0.00100768;-0.000499034;0.00228392;0.000812546;1.00669;0.00246381;0.00124046;1.00041;0.0227235;0.98932;1;2;1
100.531;997.06;6.63905;-2.61121;0.000190371;0.00151807;0.000545421;0.0017134;-4.95358e-06;0.992027;0.00052613;-0.00253246;1.00039;0.0199861;0.992102;1;2;1
123.531;997.06;6.62105;-2.58173;-0.000884451;0.00195354;-0.000439764;0.00202013;-0.000951034;1.00597;0.0026606;0.00260097;1.00022;0.021071;0.989315;1;3;1
146.531;997.06;6.59834;-2.61322;0.000747541;0.0027553;-0.00131674;0.00340719;9.5649e-05;1.00121;-0.00548849;0.000584901;1.00463;0.0216957;0.992256;1;3;1
169.531;997.06;6.65538;-2.64084;0.000634262;0.00214958;-0.000770083;0.00247224;0.000311609;0.999591;-0.00239729;-0.000107648;1.00273;0.0203811;0.992676;1;3;1
192.531;997.06;6.6275;-2.64372;-3.19695e-06;0.00185536;-0.000405146;0.00193984;-8.76747e-05;1.00044;0.00303394;0.00104566;0.999779;0.0197761;0.991358;1;3;1
215.531;997.06;6.65523;-2.6534;0.000933833;0.00276504;-0.000620103;0.00295527;0.000743607;1.00058;0.00961201;0.00420363;1.00126;0.0194999;0.988571;1;3;1
238.531;997.06;6.67043;-2.66927;-0.000845784;0.00205866;0.000192113;0.00207131;-0.000858436;0.996977;0.00122877;-0.00170124;1.00148;0.0219671;0.989001;1;2;1
261.531;997.06;6.61631;-2.66156;-0.000496197;0.00195087;-0.000500548;0.0020493;-0.000594625;1.0018;0.00201673;-0.00191696;1.00081;0.0211905;0.989584;1;2;1
284.531;997.06;6.64759;-2.64884;0.00147856;0.00190873;0.000430125;0.00217455;0.00121274;1.00393;-0.001667;-0.000324583;0.998641;0.0192402;0.992079;1;3;1
307.531;997.06;6.68426;-2.63038;0.00169174;0.00372546;0.000235036;0.00375227;0.00166493;0.995475;0.00461656;-0.00188585;1.00407;0.0186257;0.994833;1;3;1
330.531;997.06;6.72534;-2.6205;0.000337744;0.00117003;-0.000206081;0.00121826;0.000289511;1.00507;-0.00247757;0.00010755;1.00014;0.018371;0.989186;1;3;1
353.531;997.06;6.6998;-2.64237;-0.000392001;0.00169194;0.000520183;0.00181457;-0.00051463;0.999813;-0.00414659;-0.00145027;1.00525;0.0189907;0.990944;1;3;1
376.531;997.06;6.7073;-2.62591;-0.000258522;0.00241425;-0.00102601;0.00276269;-0.000606956;1.00149;0.00483187;-0.00141787;1.00179;0.0219185;0.984951;1;3;1
399.531;997.06;6.6879;-2.63217;-0.000361757;0.00215075;-0.00093591;0.00246105;-0.00067206;0.997692;0.000784977;-0.00125683;1.00371;0.0193291;0.991812;1;3;1
422.531;997.06;6.69063;-2.67737;0.000735099;0.00170058;-0.0001908;0.00173692;0.000698761;0.99811;-5.03496e-05;0.00191539;1.00089;0.0234727;0.987909;1;3;1
445.531;997.06;6.7217;-2.65002;-0.000201617;0.00212835;0.000447795;0.00221145;-0.000284715;1.00327;-0.00115202;0.000819838;1.00422;0.0208048;0.987332;1;2;1
468.531;997.06;6.68131;-2.61173;-0.000839896;0.00193384;-0.000750393;0.00212383;-0.00102989;0.997125;-0.000529573;-0.00530216;1.00506;0.0191283;0.9922;1;3;1
491.531;997.06;6.68304;-2.63128;0.000446973;0.00245571;-0.000426293;0.00254243;0.00036025;1.00206;-0.00245866;0.0027123;1.00214;0.0221886;0.983619;1;3;1
514.531;997.06;6.70185;-2.64379;0.00123541;0.00181721;-2.05885e-05;0.00181793;0.00123468;1.0005;0.000485363;-0.00335989;1.00274;0.0230834;0.981452;1;3;1
537.531;997.06;6.73984;-2.64477;0.000673849;0.00192331;0.000348757;0.00201407;0.000583094;1.00088;0.00244554;0.00530044;0.999753;0.0204331;0.987112;1;3;1
560.531;997.06;6.73279;-2.57378;0.000476595;0.000318249;-0.00161117;0.00201053;-0.00121569;0.997916;0.00276008;-0.00584817;0.998587;0.0214263;0.990362;1;3;1
583.531;997.06;6.76175;-2.6393;0.00123677;0.0016048;-0.000316427;0.00178682;0.00105474;1.00012;0.00265748;-0.00397864;0.99759;0.0179896;0.988343;1;3;1
606.531;997.06;6.78964;-2.58531;-0.000370222;0.00176967;0.000915814;0.00210809;-0.000708643;1.00378;0.0038719;0.00239469;0.99637;0.0196839;0.985689;1;2;1
629.531;997.06;6.7446;-2.5345;-8.16306e-05;0.0028836;0.000998681;0.00318858;-0.000386615;0.996286;0.00331209;-0.00187634;1.00404;0.0201505;0.985131;1;4;1
652.531;997.06;6.78587;-2.54145;0.000365157;0.00157232;-0.000552238;0.00178683;0.000150645;0.999872;-0.00194824;0.00298633;1.00255;0.0196132;0.98662;1;2;1
675.531;997.06;6.76134;-2.60362;-0.00150058;0.00274571;-0.00018976;0.00275417;-0.00150904;0.99686;0.00183031;0.000207504;1.00256;0.0194858;0.989811;1;3;1
698.531;997.06;6.71678;-2.56451;0.000130239;0.00310795;0.000252922;0.00312928;0.000108909;1.00373;0.00366654;0.00134214;1.00248;0.0200483;0.987464;1;3;1
721.531;997.06;6.76733;-2.59386;0.00200851;-0.000248494;0.00069315;0.00220438;-0.000444369;0.998296;0.00108258;-0.000162582;1.00116;0.020027;0.986447;1;3;1
744.531;997.06;6.80908;-2.55447;0.000369991;0.0033519;0.00159276;0.00404265;-0.000320757;1.00074;-0.00350838;-0.00329889;1.00198;0.0251952;0.979909;1;2;1
767.531;997.06;6.78432;-2.54604;0.000997389;0.00164388;-0.00137606;0.00273416;-9.28842e-05;1.00066;0.00429751;0.00603421;1.00102;0.0270283;0.974734;1;3;1
790.531;997.06;6.85493;-2.58493;0.000563506;0.000647282;-0.00184777;0.00245364;-0.00124285;0.99763;0.00907087;0.00174592;1.00048;0.026947;0.980577;1;3;1
813.531;997.06;6.81022;-2.58385;-0.0017004;0.00411659;0.00170536;0.00457968;-0.00216349;0.999776;0.000440024;-0.00623702;0.99824;0.0224785;0.986519;1;3;1
836.531;997.06;6.77649;-2.46715;0.00203165;0.002927;0.000321313;0.00303037;0.00192828;1.0079;0.00738953;0.00224672;0.997125;0.0254718;0.974056;1;3;1
859.531;997.06;6.90352;-2.50688;0.00332665;0.00141083;-0.00158976;0.0042248;0.000512687;0.995268;0.00354317;-0.00278978;1.00243;0.0264503;0.980389;1;3;1
882.531;997.06;6.92925;-2.49673;-0.000708571;0.00162757;-0.000544221;0.00174813;-0.00082913;1.00834;0.00358466;0.00101308;1.00048;0.0226968;0.985366;1;3;1
905.531;997.06;6.87091;-2.52391;-0.000751389;0.00218089;0.000158933;0.00218948;-0.000759978;0.992826;-0.00321002;0.00483642;1.00168;0.0296707;0.957068;1;4;1
928.531;997.06;6.89467;-2.47919;0.000888423;0.00359293;0.000339707;0.00363495;0.000846406;1.00201;0.00146944;-0.000946408;1.00166;0.0301738;0.969399;1;3;1
951.531;997.06;6.91176;-2.52712;0.00172563;0.00404282;-0.000997113;0.00441281;0.00135564;1.00019;-0.000827291;0.00176879;1.00281;0.0252882;0.975496;1;3;1
974.531;997.06;6.97398;-2.48659;-0.000208663;0.00269774;0.00116144;0.00310485;-0.000615767;0.997294;0.00584276;0.000471588;0.999074;0.0259031;0.979699;1;3;1
997.531;997.06;6.90211;-2.4588;-0.000846498;0.00213109;0.000324193;0.00216598;-0.000881387;0.998654;0.00159814;-0.00478966;0.998067;0.0214522;0.990007;1;3;1
1020.53;997.06;6.935;-2.43814;0.00151772;0.000496235;-0.00117094;0.00228445;-0.0002705;1.00575;0.00215671;0.00309778;0.999983;0.0222117;0.982031;1;4;1
1043.53;997.06;6.97186;-2.43155;0.000509209;0.00317551;-0.000488481;0.00326218;0.000422534;0.999297;0.00671604;-0.00156368;1.00712;0.0244858;0.979092;1;4;1
1066.53;997.06;6.95841;-2.41576;0.00105614;0.00190246;-2.45427e-05;0.00190317;0.00105543;0.996749;0.00679496;-0.00424115;0.999978;0.0226401;0.98741;1;3;1
1089.53;997.06;7.02041;-2.40117;0.000617726;0.00215416;-0.00011006;0.00216201;0.000609882;1.00149;0.00236139;0.00154203;1.00541;0.0226393;0.987315;1;3;1
1112.53;997.06;6.98681;-2.39012;0.000828045;-0.00105896;-1.5708e-05;0.000828176;-0.00105909;0.997765;0.0027258;0.00345726;1.00304;0.0199447;0.988555;1;3;1
1135.53;997.06;7.05847;-2.36636;0.00103702;0.00112623;0.000430887;0.00151481;0.000648435;1.00394;-0.00166893;-0.00527133;1.00429;0.023028;0.987397;1;2;1
1158.53;997.06;7.03449;-2.36676;-0.000331229;0.00344731;0.00130827;0.00385606;-0.000739981;0.998884;-0.00275806;-0.00026968;1.00521;0.0252743;0.978334;1;3;1
1181.53;997.06;7.04322;-2.33436;0.00048303;0.00239459;0.000953778;0.00278907;8.85473e-05;1.00094;0.00200538;-0.0015434;1.00367;0.0222223;0.98513;1;3;1
1204.53;997.06;7.05662;-2.28397;0.00199435;0.00256646;-9.09519e-05;0.00258057;0.00198024;1.00059;-0.00228092;0.000367064;1.00175;0.0203929;0.989138;1;3;1
1227.53;997.06;7.13487;-2.31526;0.00215643;0.00150745;0.000507862;0.00243461;0.00122926;1.00346;-0.00155611;0.00122172;0.998858;0.022944;0.987148;1;3;1
1250.53;997.06;7.15571;-2.26943;0.000481548;0.0034603;0.000804209;0.00366355;0.000278295;1.00367;0.00193063;-0.00232814;1.00544;0.0229212;0.9852;1;3;1
1273.53;997.06;7.15696;-2.24413;5.47585e-05;0.00327203;-0.00113578;0.00363258;-0.000305793;1.00126;0.00214773;0.000842169;1.00764;0.0285172;0.992122;1;2;1
31.5305;974.06;6.56127;-2.6561;-0.00157758;0.00168932;-0.00235311;0.00292035;-0.00280861;1.003;0.000739923;0.00157563;0.999807;0.0229991;0.986599;1;3;1
54.5305;974.06;6.52492;-2.69979;1.15967e-05;0.00181906;-0.00109217;0.00233292;-0.000502264;0.999248;-0.000932539;0.00340596;1.00247;0.0258828;0.983933;1;3;1
77.5306;974.06;6.5618;-2.66171;0.00313116;0.00073638;-0.000228479;0.00315276;0.000714776;1.00663;0.00617565;-0.00103654;1.00248;0.022298;0.986564;1;3;1
100.531;974.06;6.66873;-2.69713;0.00178053;0.00244505;0.000145938;0.00247568;0.00174989;0.996623;-0.00706051;0.000169193;1.00266;0.0228709;0.99024;1;3;1
123.531;974.06;6.64363;-2.69097;-0.000186642;0.00321411;-2.77325e-05;0.00321434;-0.000186868;1.00018;-0.00336956;-0.00205003;1.00294;0.0209534;0.989317;1;3;1
146.531;974.06;6.66014;-2.69968;0.000327121;0.00271388;-0.00188398;0.00375065;-0.000709643;0.999586;0.0041223;0.000312964;1.00086;0.0170239;0.993714;1;3;1
169.531;974.06;6.65867;-2.7021;-0.000286475;0.00386163;-9.5455e-06;0.00386165;-0.000286497;0.998642;0.00299272;-0.00421902;1.00366;0.0207371;0.990866;1;3;1
192.531;974.06;6.64696;-2.68474;-0.000370444;0.00330378;-0.000997211;0.00355698;-0.000623645;1.00095;0.000990473;0.00272924;1.00709;0.020084;0.990381;1;3;1
215.531;974.06;6.64163;-2.70894;4.08966e-06;0.0023082;-9.03784e-05;0.00231174;5.50019e-07;1.00259;-0.00588681;-3.48254e-05;1.00656;0.0176464;0.991339;1;3;1
238.531;974.06;6.64714;-2.66917;0.000650489;0.000413079;-0.000142735;0.000717429;0.000346138;0.998219;-0.00301631;-0.000499843;0.998716;0.020947;0.990663;1;3;1
261.531;974.06;6.67154;-2.70054;-0.00090915;0.00153034;-0.0002779;0.0015616;-0.000940408;0.997651;0.000526219;-0.00308367;1.0005;0.0205039;0.99209;1;3;1
284.531;974.06;6.6053;-2.65398;-0.000363171;0.00173225;-0.000165709;0.00174528;-0.000376194;1.00299;0.000945517;0.00267737;1.00438;0.0168162;0.994773;1;3;1
307.531;974.06;6.65483;-2.70971;0.00176126;0.00266208;-6.93231e-05;0.00266738;0.00175596;1.00442;-0.00426734;-0.000252411;1.00301;0.0183104;0.990706;1;3;1
330.531;974.06;6.68625;-2.64498;0.000934082;0.00249004;0.00010486;0.00249708;0.000927047;0.999558;0.00148287;-0.00274759;1.00321;0.018753;0.99102;1;3;1
353.531;974.06;6.69777;-2.68417;0.000957579;0.00162964;-0.00150147;0.00283222;-0.000245009;1.00132;0.000728213;0.00430237;1.00455;0.0195696;0.991597;1;3;1
376.531;974.06;6.73023;-2.70552;1.83973e-05;0.00235032;-0.000161538;0.00236146;7.26041e-06;1.00146;-0.00147138;-0.00334855;1.00318;0.0209281;0.987517;1;3;1
399.531;974.06;6.69861;-2.69701;-0.00110098;0.00204126;1.35041e-05;0.00204132;-0.00110104;0.998331;-0.00034944;-0.00391979;1.0012;0.0232074;0.982818;1;3;1
422.531;974.06;6.67955;-2.67386;0.000742854;0.000557959;-0.00034494;0.00100752;0.000293293;0.99887;0.00122935;0.0010801;1.00037;0.0186971;0.989086;1;2;1
445.531;974.06;6.73277;-2.67624;0.00214003;0.000953746;0.000228381;0.00218248;0.000911297;1.00271;-0.0011131;0.00137602;1.00049;0.0220397;0.985269;1;2;1
468.531;974.06;6.77789;-2.67727;0.000386419;0.00195612;-0.000494731;0.00209903;0.000243504;0.998479;0.00287548;-0.00315309;1.00177;0.0201124;0.989486;1;3;1
491.531;974.06;6.75053;-2.6464;-0.0016034;0.00149811;-0.000260099;0.00151977;-0.00162506;0.997875;0.00267489;0.000989534;1.00076;0.0252083;0.979012;1;3;1
514.531;974.06;6.70406;-2.64659;-4.91106e-05;0.00177765;-0.000424671;0.00187154;-0.000143009;1.00102;-0.00106166;9.96667e-05;1.00164;0.0193978;0.989817;1;3;1
537.531;974.06;6.74826;-2.67389;0.00206351;0.000848079;0.000304364;0.00213547;0.000776122;1.00262;0.000423782;-0.00257482;1.00058;0.0215395;0.991179;1;3;1
560.531;974.06;6.79885;-2.59111;0.000783255;0.00176702;-0.000656372;0.00209537;0.000454911;0.997791;0.0016815;0.00122772;1.00367;0.0190282;0.989621;1;3;1
583.531;974.06;6.78427;-2.64715;-0.00184065;0.00228323;-0.000801221;0.00243342;-0.00199084;1.00001;-0.00480166;0.00321375;1.00028;0.0191863;0.986789;1;3;1
606.531;974.06;6.71406;-2.65595;-0.000992654;0.00221874;0.000331041;0.00225251;-0.00102642;1.00188;-0.00481841;-0.000932183;1.00361;0.02035;0.986296;1;3;1
629.531;974.06;6.73858;-2.65883;0.000819503;0.00470548;0.00123262;0.00506348;0.000461504;0.996648;-0.00377798;-0.00282401;1.00505;0.0217464;0.983602;1;2;1
652.531;974.06;6.75167;-2.57445;0.000312816;0.00261322;-0.000125128;0.00262;0.00030603;1.00145;0.00209408;0.00751607;1.00176;0.0211014;0.985756;1;3;1
675.531;974.06;6.75297;-2.65114;0.000242733;0.00211918;-0.000970736;0.00253099;-0.000169078;0.998306;0.000386571;-0.00137962;0.999544;0.0205173;0.985963;1;3;1
698.531;974.06;6.76279;-2.63565;-0.000314772;0.00426104;7.36682e-05;0.00426223;-0.000315958;1.00096;-0.000818001;0.00194642;1.00192;0.0202632;0.988785;1;3;1
721.531;974.06;6.73842;-2.5735;0.000560182;0.00117475;-0.000403733;0.00137484;0.000360096;1.00216;-0.000381231;0.000438942;0.997657;0.0241325;0.981174;1;4;1
744.531;974.06;6.78855;-2.63361;0.00261059;0.0012887;-0.000414604;0.00272987;0.00116942;1.00302;-0.0013209;0.00270235;0.999893;0.0244102;0.982227;1;4;1
767.531;974.06;6.85833;-2.61851;0.00241485;0.00357266;-0.00100563;0.00415411;0.0018334;0.999028;-7.7651e-05;-0.00110642;1.0023;0.0267854;0.980006;1;3;1
790.531;974.06;6.89943;-2.5538;-0.00118623;0.00279271;0.000438589;0.00284049;-0.001234;1.00029;-0.00648603;-0.000527991;0.99966;0.0256062;0.981465;1;3;1
813.531;974.06;6.80373;-2.62295;-0.000219989;0.00166335;-0.000597989;0.00183717;-0.000393816;0.99985;-0.00170583;-0.000720616;1.01017;0.0247805;0.981696;1;4;1
836.531;974.06;6.88931;-2.57425;0.00268754;0.0035379;0.00113217;0.00432209;0.00190335;1.00404;-0.00366032;0.00101756;1.00527;0.028201;0.977784;1;3;1
859.531;974.06;6.92715;-2.55623;0.000107401;0.00259952;0.000917836;0.00290107;-0.000194147;0.998213;0.000895121;-0.00464493;1.00172;0.0235969;0.986389;1;3;1
882.531;974.06;6.89424;-2.55633;-0.00112904;0.00168339;0.000257383;0.00170675;-0.0011524;0.99818;0.00483814;0.000210556;1.00144;0.0208307;0.985581;1;3;1
905.531;974.06;6.87518;-2.53604;-0.000656674;0.00108878;-0.00185304;0.00226432;-0.00183221;0.999284;0.0012064;-3.45634e-05;0.999385;0.0233921;0.984638;1;3;1
928.531;974.06;6.86401;-2.6005;-6.46782e-05;0.00218353;5.80425e-05;0.00218503;-6.61757e-05;0.999695;-0.00141271;0.00154042;1.00079;0.0266724;0.976367;1;3;1
951.531;974.06;6.8722;-2.55519;-6.98654e-05;0.000915079;0.00105716;0.00158885;-0.000743632;0.997187;0.00235585;-0.00503445;1.00255;0.0219247;0.983335;1;3;1
974.531;974.06;6.86074;-2.53012;0.000965624;0.00211638;0.00217011;0.00378609;-0.000704095;1.00415;-0.0093989;0.000100416;0.99884;0.0224596;0.981685;1;3;1
997.531;974.06;6.91655;-2.49273;0.00190447;0.00151833;0.000972231;0.00270261;0.000720181;1.00193;-0.00660595;-0.00416017;1.00463;0.024381;0.979558;1;3;1
1020.53;974.06;6.94818;-2.4472;-0.000197567;0.00242769;0.000128108;0.00243393;-0.000203803;1.00057;-0.000974273;0.00183891;1.00389;0.021432;0.987149;1;3;1
1043.53;974.06;6.90746;-2.49412;0.000147244;0.00158329;-0.000124602;0.00159402;0.000136513;0.997648;-0.00562809;0.000487088;0.999077;0.0231787;0.983015;1;3;1
1066.53;974.06;6.95495;-2.46528;0.00212284;0.0014662;0.00129444;0.00312995;0.000459099;1.00443;-0.00115702;-0.00427034;1.00236;0.0232814;0.989536;1;3;1
1089.53;974.06;7.00497;-2.43025;0.00017917;0.00183305;0.00214869;0.00330844;-0.00129622;1.0032;-0.0012169;-0.00234511;0.99498;0.0236214;0.979125;1;4;1
1112.53;974.06;6.96299;-2.32621;0.000879038;0.00341366;0.00074885;0.00361838;0.000674326;1.00185;-0.00108452;0.00475307;0.999718;0.0264374;0.97231;1;4;1
1135.53;974.06;7.04533;-2.36245;-0.000220503;0.00281839;-0.000308291;0.00284935;-0.000251463;1.00005;-0.00280939;-0.00396786;1.00221;0.0248897;0.980999;1;3;1
1158.53;974.06;6.95279;-2.39243;-0.000766153;0.00156678;-3.51523e-05;0.00156731;-0.000766683;1.00125;0.00308421;0.00563412;0.999383;0.0222968;0.987326;1;3;1
1181.53;974.06;7.01008;-2.37316;0.00189953;0.00219107;0.000880535;0.00293782;0.00115278;1.00177;-0.00367885;-0.00366985;0.99746;0.0220297;0.982401;1;3;1
1204.53;974.06;7.04008;-2.35711;0.00115383;0.00259794;0.000660456;0.00285444;0.00089733;0.999858;-2.92318e-05;0.000574097;1.0037;0.0223222;0.986313;1;3;1
1227.53;974.06;7.0631;-2.32386;0.000640226;0.00251869;-0.000118923;0.00252619;0.000632727;1.003;-0.00774767;0.000711041;1.00726;0.0244373;0.984504;1;3;1
1250.53;974.06;7.06952;-2.3598;0.00456581;0.00259268;0.000750423;0.00481878;0.00233971;0.997142;-0.00071578;0.00212387;1.00304;0.0223807;0.983478;1;3;1
1273.53;974.06;7.27264;-2.35515;0.00887029;0.00347475;-0.000707653;0.00896156;0.00338349;1.01245;-0.000490569;-0.00869343;1.00138;0.0271486;0.984173;1;3;1
31.5305;951.06;6.65082;-2.70639;-0.000560611;0.00283356;-0.00104409;0.00312901;-0.000856068;1.00069;0.000889801;0.0016426;1.00215;0.021782;0.992663;1;2;1
54.5305;951.06;6.63792;-2.69632;-0.000322565;0.00172449;-0.00142579;0.0024561;-0.00105417;0.99745;0.00242798;0.000715365;0.999846;0.024029;0.988673;1;2;1
77.5306;951.06;6.63598;-2.70198;-0.000902816;0.00144135;-0.00139093;0.00208819;-0.00154965;0.994965;0.00195418;0.00207887;1.00346;0.0208561;0.986772;1;3;1
100.531;951.06;6.59637;-2.72353;-0.000324538;0.00175396;-0.000476696;0.00185807;-0.000428652;1.002;0.00189515;-0.00215891;1.00377;0.0218986;0.991852;1;3;1
123.531;951.06;6.62104;-2.72934;0.00357353;0.00133242;-0.00159471;0.00440202;0.000503942;1.00163;0.00540662;-0.00110329;1.00219;0.0177021;0.992464;1;3;1
146.531;951.06;6.76045;-2.7376;0.00109424;0.00102791;-0.00122596;0.00228749;-0.000165335;1.00267;0.00243716;0.00633958;0.999582;0.0209842;0.992821;1;3;1
169.531;951.06;6.67126;-2.81813;-0.00104301;0.00181058;-0.000724603;0.00198403;-0.00121646;0.995504;-0.00344324;-0.000490431;1.00172;0.0232795;0.990732;1;3;1
192.531;951.06;6.71241;-2.79537;0.000172314;0.00186684;0.000479186;0.00199296;4.61939e-05;1.00162;0.00117084;-0.00101618;1.00255;0.0214858;0.992546;1;3;1
215.531;951.06;6.67915;-2.75944;-0.000442162;0.00126683;0.000502299;0.00140353;-0.000578862;0.997572;0.0058051;-0.0035461;0.997852;0.0194732;0.994514;1;3;1
238.531;951.06;6.69194;-2.68826;-0.000478492;0.00246309;-0.000561337;0.00256657;-0.000581971;0.992475;0.0073697;0.00340799;1.00295;0.0190239;0.992111;1;2;1
261.531;951.06;6.65713;-2.73189;-0.000831602;0.00128918;-0.00102655;0.00170467;-0.00124709;1.00283;0.00616105;-0.000283349;1.00339;0.0239985;0.988772;1;2;1
284.531;951.06;6.65366;-2.72846;0.000924598;0.00196751;-0.0012343;0.00278598;0.000106125;0.997939;0.00315877;0.000890089;1.00347;0.0179889;0.990986;1;3;1
307.531;951.06;6.69964;-2.75267;0.00190662;0.000479837;-0.000804891;0.00226877;0.000117693;1.00662;0.00342652;0.00219233;0.999136;0.0188461;0.9916;1;3;1
330.531;951.06;6.74128;-2.73489;0.0016882;0.00243393;-0.000969409;0.00309971;0.00102242;0.999803;0.00144628;-0.00339882;1.00223;0.0198454;0.993435;1;3;1
353.531;951.06;6.77721;-2.71721;-0.000694935;0.00127551;-0.00141132;0.00201148;-0.0014309;0.99932;0.00662596;0.00260044;1.00014;0.0196395;0.989292;1;3;1
376.531;951.06;6.7093;-2.7339;-0.00127717;0.00136055;-0.000257168;0.00138539;-0.00130201;1.00168;0.0027212;-0.00154584;1.00202;0.0196646;0.987272;1;3;1
399.531;951.06;6.71842;-2.72596;0.00073526;0.00177668;-0.000633335;0.00207588;0.00043606;0.999073;0.00364835;-0.00361757;1.00151;0.0209298;0.985348;1;3;1
422.531;951.06;6.7431;-2.703;-0.000458379;0.0021965;-0.000389532;0.00225248;-0.000514352;0.996399;0.00326185;-0.000456689;1.00223;0.0206874;0.984469;1;2;1
445.531;951.06;6.69732;-2.69386;0.000295694;0.00203898;-0.000206517;0.00206311;0.000271563;1.00342;0.00333595;-0.00123292;1.00166;0.0223915;0.983823;1;3;1
468.531;951.06;6.7567;-2.70157;0.000879953;0.00220351;-0.000206023;0.00223484;0.000848625;0.999239;0.00191319;0.00120274;1.00488;0.0183354;0.992496;1;3;1
491.531;951.06;6.73778;-2.70011;-0.000941164;0.00335383;-0.000500277;0.00341133;-0.000998666;1.00106;0.000953501;-0.000674056;1.00372;0.0211561;0.988533;1;3;1
514.531;951.06;6.71338;-2.72549;0.000642237;0.0018077;-0.000487286;0.00198459;0.000465348;1.00106;0.00302565;0.000246589;1.00013;0.0206446;0.9883;1;3;1
537.531;951.06;6.76731;-2.68375;0.00231938;0.00186194;0.000115688;0.00234697;0.00183434;1.0038;0.00218212;0.00109923;0.999768;0.022275;0.988091;1;3;1
560.531;951.06;6.81989;-2.65491;6.98104e-05;0.00298517;-0.000980334;0.00328415;-0.000229179;0.99754;-0.0041746;-0.00149585;1.00053;0.0197294;0.989341;1;3;1
583.531;951.06;6.77048;-2.74421;-0.00157364;0.00264131;-0.000369981;0.00267354;-0.00160587;0.998895;0.00307336;0.00223451;1.00691;0.0211599;0.986343;1;3;1
606.531;951.06;6.74744;-2.68724;-0.00124649;0.001692;-0.000751642;0.0018731;-0.0014276;1.00071;0.00228948;0.00109376;1.00202;0.0221873;0.990192;1;3;1
629.531;951.06;6.71311;-2.75044;0.00125418;0.0018242;0.000422985;0.00204924;0.00102915;1.0005;0.000641717;-0.00171131;1.00251;0.0262182;0.976232;1;3;1
652.531;951.06;6.80509;-2.6615;0.0016587;0.0028776;0.000177275;0.00290286;0.00163344;1.00421;-0.000221233;4.21121e-06;1.00573;0.0191847;0.987736;1;3;1
675.531;951.06;6.78932;-2.70099;-0.000369072;0.000676402;-0.00166878;0.0019024;-0.00159507;0.997593;7.93868e-05;0.00405233;1.00575;0.0213854;0.98633;1;3;1
698.531;951.06;6.788;-2.76004;0.00037408;0.00172432;5.81481e-05;0.00172682;0.00037158;1.00327;0.00586384;-0.000124581;1.00702;0.0200606;0.985422;1;3;1
721.531;951.06;6.80649;-2.64785;0.000313186;0.00243963;0.00105616;0.00287504;-0.000122229;0.999901;0.00304438;-0.00164106;1.00396;0.0210003;0.989522;1;3;1
744.531;951.06;6.80217;-2.61371;0.00326771;0.00196984;-0.000669219;0.00355096;0.00168659;1.00782;0.00711591;0.00185262;1.00264;0.0247537;0.980285;1;3;1
767.531;951.06;6.95652;-2.70977;0.000174067;0.00274711;-0.0015313;0.0034606;-0.000539419;0.997868;-0.000971188;0.00133926;1.00239;0.0222554;0.984984;1;3;1
790.531;951.06;6.81007;-2.7132;-0.00242621;0.00308161;0.000988948;0.0032538;-0.0025984;0.995259;0.0118841;-0.000663607;1.00295;0.0250226;0.98145;1;3;1
813.531;951.06;6.84475;-2.66029;-0.00153388;0.00273499;0.000652459;0.00283249;-0.00163137;1.00259;0.00727523;-0.000560353;0.999605;0.0278265;0.97522;1;3;1
836.531;951.06;6.73938;-2.62959;-0.000166968;0.00416911;0.00129806;0.00452799;-0.000525856;0.995677;-0.000514069;-0.00180294;1.00129;0.025245;0.979724;1;3;1
859.531;951.06;6.83706;-2.62625;0.00406129;0.00238686;0.00160535;0.00503462;0.00141353;1.00306;-0.0045922;-0.00690302;1.00159;0.0233229;0.983842;1;3;1
882.531;951.06;6.92579;-2.5741;0.00348917;0.00212598;0.00160915;0.00455512;0.00106003;1.00468;-0.000719128;0.00140424;1.00234;0.0218436;0.98911;1;3;1
905.531;951.06;6.99725;-2.57379;-0.00120894;0.00306155;0.000203469;0.00307123;-0.00121861;1.00003;-0.00249612;0.00167083;1.00157;0.0241975;0.980706;1;3;1
928.531;951.06;6.87014;-2.57951;-0.00243855;0.00163285;-0.000155959;0.00163882;-0.00244451;1.00337;-0.00398772;-0.00224713;0.999317;0.0282209;0.965744;1;3;1
951.531;951.06;6.88494;-2.56919;-0.000719067;0.00139863;-0.000342785;0.00145274;-0.00077317;0.992634;-0.00082838;0.00306949;1.0014;0.0219177;0.987055;1;3;1
974.531;951.06;6.83706;-2.58364;0.000234793;0.00113187;0.000657945;0.00147962;-0.000112959;0.999663;0.000947036;-0.00473236;1.00291;0.0223099;0.981826;1;3;1
997.531;951.06;6.89572;-2.52859;0.00184467;0.00178405;0.000439012;0.00225441;0.0013743;1.00746;0.0025415;-9.09864e-05;1.00326;0.023564;0.974546;1;3;1
1020.53;951.06;6.92182;-2.54968;0.00151192;0.00265446;0.000156003;0.00267538;0.001491;0.999938;-0.0016175;-0.000366446;1.00059;0.0218333;0.988655;1;3;1
1043.53;951.06;6.96521;-2.50433;-0.000399313;0.00273638;0.000456782;0.00280157;-0.000464498;0.998669;-0.00209085;-0.00778281;1.00672;0.0231596;0.990993;1;3;1
1066.53;951.06;6.9034;-2.48312;-6.82871e-05;0.00157277;0.000434339;0.00168064;-0.000176153;0.996594;-0.00255245;0.00566087;1.00157;0.0237198;0.983402;1;4;1
1089.53;951.06;6.96207;-2.48538;0.00179728;0.0015778;-0.000340439;0.00204523;0.00132985;1.00551;-0.00132974;-0.000548336;1.00609;0.0226899;0.981145;1;3;1
1112.53;951.06;6.98596;-2.54689;0.00126942;0.00451946;-0.000115208;0.00452354;0.00126535;0.999347;-0.00176259;0.00539397;1.01057;0.0243097;0.986274;1;4;1
1135.53;951.06;7.02042;-2.49581;0.000895136;0.00466013;0.00262619;0.00600883;-0.00045357;1.00059;0.0034964;-0.00180735;1.00091;0.0249722;0.979219;1;3;1
1158.53;951.06;7.02699;-2.43877;-0.000493081;0.00280738;-0.000507139;0.00288355;-0.000569248;1.00044;0.00149321;-0.000233849;1.00137;0.0223633;0.984925;1;3;1
1181.53;951.06;6.9977;-2.43502;0.000398515;0.00358876;0.000534829;0.00367604;0.000311241;1.00074;0.00539747;0.000433436;1.0046;0.0197903;0.988703;1;3;1
1204.53;951.06;7.0453;-2.40332;0.00316587;0.00234051;0.000134199;0.00318714;0.00231924;1.00296;0.00121919;-0.00349238;0.9998;0.022967;0.982853;1;4;1
1227.53;951.06;7.1431;-2.43098;0.000227457;0.0034681;0.00072153;0.00362149;7.40684e-05;0.993511;0.00303669;0.0043967;1.00167;0.0273115;0.977556;1;3;1
1250.53;951.06;7.05576;-2.38843;0.00190768;0.0013815;0.000850096;0.00253447;0.000754712;1.00647;-0.00384564;0.00070868;0.996447;0.0222577;0.993154;1;3;1
1273.53;951.06;7.23076;-2.40364;0.00763774;0.00275751;0.00104717;0.00785295;0.00254231;1.00416;-0.001306;-0.00117557;1.00139;0.02521;0.986295;1;3;1
31.5305;928.06;6.6776;-2.78611;-0.000740763;0.00231064;-0.000278049;0.00233576;-0.000765893;1.00351;0.00105483;0.00247885;1.00497;0.0225524;0.989595;1;3;1
54.5305;928.06;6.66056;-2.77885;-0.000325001;0.00283465;0.000307363;0.00286428;-0.000354623;0.996061;0.000156175;-0.00290533;1.00593;0.0213331;0.991352;1;4;1
77.5306;928.06;6.66261;-2.72785;0.000535341;0.00221949;-0.000109013;0.00222652;0.000528314;0.997602;-0.00236596;0.00036462;1.00135;0.0187934;0.992063;1;3;1
100.531;928.06;6.68517;-2.77774;0.00246333;0.00219734;-0.00129794;0.00363507;0.0010256;1.00487;0.000351976;-0.0013569;0.999931;0.0208443;0.989446;1;2;1
123.531;928.06;6.77578;-2.75203;-2.4799e-05;0.0017016;-0.0011798;0.00230026;-0.000623459;1.00221;0.00292627;0.00171241;1.00309;0.0223813;0.985436;1;3;1
146.531;928.06;6.68402;-2.74693;-0.00235141;0.0020523;0.000140981;0.00205681;-0.00235592;0.997305;-1.71977e-05;-0.000227903;1.00165;0.0178712;0.992624;1;3;1
169.531;928.06;6.66747;-2.78531;-0.000485803;0.000334225;-0.0014012;0.00138417;-0.00153575;1.00202;-0.00158046;0.00281728;1.00136;0.0218951;0.989246;1;3;1
192.531;928.06;6.66166;-2.77053;0.000765788;9.2973e-05;-1.96982e-05;0.000766364;9.23968e-05;1.00314;-0.0024991;-0.00356994;0.997915;0.0234733;0.986592;1;2;1
215.531;928.06;6.70268;-2.76713;0.00140938;0.00140268;-2.67915e-05;0.00143303;0.00137903;0.99613;-0.000785859;0.00230564;1.00418;0.0203938;0.993293;1;3;1
238.531;928.06;6.72645;-2.78226;0.000502238;0.0027615;-0.000725176;0.00297424;0.000289503;1.00347;0.000612552;-0.000845764;1.00685;0.0167379;0.995158;1;3;1
261.531;928.06;6.72578;-2.75977;-0.000619107;0.00167949;-0.000896262;0.00198765;-0.000927262;1.0005;0.00016121;0.00111423;1.00196;0.0192689;0.990776;1;3;1
284.531;928.06;6.69795;-2.7443;-7.52345e-05;0.0025204;-0.000907825;0.0028064;-0.000361234;0.997814;0.00223571;-0.00171695;1.00186;0.0170976;0.990684;1;2;1
307.531;928.06;6.72231;-2.73173;0.00245563;0.00117696;-0.000649398;0.0027276;0.000904996;1.00446;0.00200108;0.00092824;1.00085;0.0188212;0.991447;1;2;1
330.531;928.06;6.81077;-2.75664;0.00231539;0.001275;-0.000369566;0.00243331;0.00115709;0.996269;0.000789772;-0.00312428;1.00345;0.0204917;0.987917;1;3;1
353.531;928.06;6.82869;-2.74262;-0.00142534;0.00232943;-0.000349337;0.00236165;-0.00145756;0.999554;-0.00604953;0.000850147;0.999808;0.021475;0.985908;1;3;1
376.531;928.06;6.74515;-2.76807;-0.00088888;0.00153776;-0.00104782;0.00192758;-0.00127871;1.00039;0.00215791;0.000746018;1.00116;0.0179736;0.994396;1;3;1
399.531;928.06;6.78777;-2.77857;5.28994e-05;0.00170923;-0.00115654;0.00230355;-0.000541414;0.997682;0.00528581;-0.00158722;1.00128;0.0196263;0.990255;1;2;1
422.531;928.06;6.74758;-2.77473;-0.000751392;0.00149265;-0.000197826;0.00150996;-0.000768698;1.00297;0.00389816;0.0026916;1.00254;0.0200722;0.990208;1;3;1
445.531;928.06;6.7532;-2.76994;0.000934833;0.00258262;-0.0010317;0.00307903;0.000438418;0.999788;0.00422205;0.000607642;1.00395;0.0193482;0.989054;1;3;1
468.531;928.06;6.79057;-2.77852;0.000421583;0.00328416;-0.000871349;0.00352853;0.000177212;1.00135;0.000372556;0.00031845;1.00318;0.0204293;0.989366;1;2;1
491.531;928.06;6.77257;-2.80041;-0.000549865;0.00306527;0.000160105;0.00307234;-0.000556942;0.995803;0.000943674;7.74678e-05;1.00291;0.0219781;0.988439;1;3;1
514.531;928.06;6.76524;-2.72963;0.000774904;0.00152607;-5.58387e-05;0.0015302;0.000770776;1.00471;-4.7842e-05;-0.00187436;1.00578;0.0207845;0.987435;1;3;1
537.531;928.06;6.80819;-2.75942;0.00137409;0.00149284;-0.000461139;0.00189841;0.00096852;1.00088;-0.00162941;-0.000570897;1.00522;0.0209529;0.988794;1;2;1
560.531;928.06;6.8284;-2.72821;-0.000484454;0.00341092;0.000790008;0.00356504;-0.000638575;0.998811;0.00204511;-0.00144552;1.00612;0.0199155;0.986334;1;2;1
583.531;928.06;6.7859;-2.76849;-0.00111582;0.00187733;-0.00056761;0.00198135;-0.00121985;0.998525;0.00289812;0.00338042;1.00117;0.0200965;0.988001;1;3;1
606.531;928.06;6.77705;-2.73368;-0.00131247;0.00201758;-0.00069526;0.00215691;-0.0014518;0.996874;0.00094372;-0.00108261;1.00375;0.0212452;0.985984;1;3;1
629.531;928.06;6.72548;-2.74267;0.000170615;0.000390146;-0.000857366;0.00114474;-0.000583983;0.999937;-0.000861364;-0.000102457;1.00053;0.0209996;0.985357;1;2;1
652.531;928.06;6.78489;-2.70662;0.00179446;0.00205058;0.00113756;0.00306727;0.00077778;1.00224;-0.000974848;0.00153402;0.997039;0.0177598;0.99026;1;2;1
675.531;928.06;6.80791;-2.68221;0.000560446;0.00106426;-0.000648207;0.00150779;0.000116919;0.999113;0.00238329;-0.00333099;0.996402;0.0233714;0.985656;1;3;1
698.531;928.06;6.81066;-2.71487;-0.000434188;0.000278377;-0.000310942;0.000394982;-0.000550792;1.00253;-0.00565714;-0.000716612;0.998246;0.0277673;0.97358;1;3;1
721.531;928.06;6.78793;-2.68555;-0.000490856;0.00337923;0.000433708;0.00342724;-0.000538865;0.998438;-0.00156751;0.00059611;1.00655;0.0210645;0.983959;1;3;1
744.531;928.06;6.78807;-2.72413;0.00242801;0.0040818;-0.000848313;0.00443955;0.00207026;1.00712;-0.00562341;0.0023932;1.0011;0.022002;0.983041;1;3;1
767.531;928.06;6.89945;-2.74468;0.00152121;0.000413126;0.00178712;0.0028382;-0.000903864;0.998113;0.00670481;-0.00115429;1.00015;0.0227883;0.984635;1;3;1
790.531;928.06;6.85799;-2.69532;-0.00156112;-0.000163136;0.000787069;0.000190519;-0.00191478;1.00281;-0.00849842;0.00185465;0.999992;0.0259801;0.974249;1;3;1
813.531;928.06;6.82758;-2.74858;-0.00117082;0.0018954;-0.00056826;0.00199733;-0.00127275;0.99691;-0.00481348;0.00113164;1.00739;0.0240614;0.976996;1;4;1
836.531;928.06;6.80404;-2.76556;0.000172808;0.00282769;-0.000456449;0.00290398;9.65234e-05;0.998745;0.00648371;-0.00132944;1.00705;0.0263568;0.984493;1;3;1
859.531;928.06;6.83545;-2.6658;-0.000104327;0.00151147;0.000920063;0.001928;-0.000520854;0.999945;-0.000201728;-0.00526801;1.00458;0.0231137;0.978495;1;3;1
882.531;928.06;6.79911;-2.65392;0.000338007;0.0027953;0.00102272;0.00316526;-3.19499e-05;0.996964;-0.00967486;0.00226122;1.00323;0.0235089;0.97929;1;3;1
905.531;928.06;6.851;-2.67665;0.00182558;0.00327561;0.00131992;0.00405653;0.00104467;0.993451;-0.00349978;-0.000384032;1.00681;0.0234821;0.98405;1;3;1
928.531;928.06;6.883;-2.67554;0.00105841;0.00415154;0.00062903;0.00427457;0.000935378;1.00991;-0.00132766;-0.00256828;1.00984;0.0237159;0.982833;1;3;1
951.531;928.06;6.89962;-2.61947;-0.000913824;0.00152156;0.000518169;0.00162723;-0.00101949;0.996235;0.00281489;0.000179563;1.0032;0.021284;0.985976;1;4;1
974.531;928.06;6.84085;-2.58215;0.000230366;0.00109827;-0.000558428;0.00137154;-4.2899e-05;0.994745;-0.00152748;-0.00256656;1.00037;0.0209353;0.984568;1;3;1
997.531;928.06;6.9102;-2.57472;0.00255319;0.00345574;0.000141961;0.00347754;0.00253139;1.00766;-0.00117097;-0.000718747;1.00244;0.0236519;0.987445;1;3;1
1020.53;928.06;6.95815;-2.56914;0.000478707;0.00267399;-0.000617227;0.00283563;0.000317069;0.996939;0.00309039;0.00468624;1.00335;0.0213505;0.987274;1;3;1
1043.53;928.06;6.93219;-2.61981;-0.000525287;0.00344844;0.000279403;0.00346799;-0.000544837;1.0031;0.00664548;-0.00259682;1.00134;0.021441;0.984465;1;3;1
1066.53;928.06;6.93397;-2.53757;0.000879446;0.00239118;0.000545376;0.00256739;0.000703235;0.998547;0.00808699;-0.00468751;1.00087;0.0208522;0.986391;1;3;1
1089.53;928.06;6.97248;-2.50276;0.00063362;0.0034841;0.0005119;0.00357324;0.000544479;1.00294;0.00467682;0.00377779;1.00491;0.0230412;0.985234;1;4;1
1112.53;928.06;6.96311;-2.53364;-0.00130261;0.00151658;-0.000875286;0.00176623;-0.00155225;0.996813;-0.00546321;0.00230629;1.00028;0.0210654;0.988993;1;3;1
1135.53;928.06;6.91246;-2.57612;0.00211869;0.000575905;0.000440668;0.00223568;0.000458908;1.00207;-0.0139001;-0.00056908;1.00331;0.0249333;0.980982;1;4;1
1158.53;928.06;7.06046;-2.52126;0.00182813;0.00251586;0.000868942;0.00310651;0.00123749;0.996301;0.00325014;-0.00120171;1.00178;0.0224905;0.98764;1;3;1
1181.53;928.06;6.99646;-2.53794;-0.000621902;0.00250872;0.000688322;0.00265337;-0.000766557;0.999617;-0.00515797;0.00326638;1.00308;0.0231606;0.985958;1;3;1
1204.53;928.06;7.03181;-2.46464;0.000331193;0.00300629;0.000730132;0.00319259;0.000144888;1.00117;-0.00116287;-0.00284913;1.00495;0.0219087;0.991029;1;2;1
1227.53;928.06;7.01166;-2.48309;-0.000282818;0.00235198;0.00146057;0.00300151;-0.000932346;0.994599;-0.00791378;-0.00064199;1.00448;0.0268019;0.966379;1;3;1
1250.53;928.06;7.01878;-2.42328;0.00294131;0.00262532;-0.000509908;0.00331714;0.00224949;1.00708;-0.000184935;-0.00276184;1.00158;0.0219028;0.988375;1;3;1
1273.53;928.06;7.14676;-2.48165;0.00558316;0.0015624;-0.0006781;0.00569444;0.00145112;1.00371;-0.00538842;0.00429427;1.00243;0.0230381;0.991719;1;3;1
31.5305;905.06;6.69099;-2.81254;-0.00099537;0.000439879;-6.18403e-05;0.000442538;-0.000998029;0.99841;-0.00205762;0.00224514;0.999365;0.0191813;0.992036;1;2;1
54.5305;905.06;6.66808;-2.82652;-0.000953212;0.000422718;-0.000395098;0.0005281;-0.00105859;0.998811;-0.00113488;0.00289928;0.999612;0.0186367;0.991728;1;3;1
77.5306;905.06;6.64712;-2.80396;0.000505224;0.00212763;-0.000594327;0.00232205;0.000310806;0.994844;0.00302453;-0.00385817;0.999802;0.0200229;0.990812;1;3;1
100.531;905.06;6.69131;-2.8244;0.00246667;0.0012214;-0.000442014;0.00260761;0.00108045;1.00493;0.000618828;0.00236495;1.00044;0.0202454;0.988551;1;3;1
123.531;905.06;6.76045;-2.80734;0.000493817;0.00177005;0.000402903;0.0018866;0.000377266;1.00034;-0.00106519;0.000500456;1.00107;0.0219025;0.988281;1;3;1
146.531;905.06;6.71402;-2.83189;0.000351838;0.00107955;-0.0012371;0.0020052;-0.000573811;1.00227;0.00369304;-0.00441299;1.00042;0.0185463;0.993266;1;2;1
169.531;905.06;6.77662;-2.83338;0.000399542;0.00160698;-0.000459857;0.00176217;0.00024435;0.99729;0.00641095;0.00409472;1.00054;0.0189108;0.992694;1;3;1
192.531;905.06;6.73239;-2.79964;-0.00231775;0.0021317;-0.00111467;0.00239532;-0.00258138;0.999641;0.00279087;-0.00303266;1.00311;0.0202448;0.989921;1;2;1
215.531;905.06;6.66988;-2.82392;0.000731107;0.00263026;-0.000364644;0.00269786;0.000663501;0.999148;0.00213843;0.0057774;1.00517;0.0185868;0.99235;1;3;1
238.531;905.06;6.766;-2.81506;0.00234639;0.00190963;-5.9153e-05;0.00235426;0.00190176;0.999397;-0.00157874;-0.000555687;0.998897;0.0223969;0.990744;1;2;1
261.531;905.06;6.77768;-2.80892;-1.50177e-05;0.00241991;-0.0011437;0.00287286;-0.000467965;1.00334;0.00248154;-0.000168503;1.00024;0.019104;0.991267;1;3;1
284.531;905.06;6.7653;-2.84411;-0.000668716;0.00288046;-0.000247224;0.0028976;-0.000685854;0.995506;0.000693267;-9.81636e-05;1.00041;0.0190016;0.989881;1;3;1
307.531;905.06;6.74691;-2.80675;-2.08417e-05;0.00242899;2.57214e-05;0.00242926;-2.11118e-05;1.00465;-0.00135534;-0.00156961;1.0018;0.0196532;0.990047;1;3;1
330.531;905.06;6.76432;-2.7935;0.00110968;0.00181687;-0.00042609;0.00201697;0.000909573;0.994121;0.00234464;0.00148408;1.00234;0.0176544;0.990287;1;3;1
353.531;905.06;6.79793;-2.82424;0.000118053;0.00207611;-0.000313831;0.00212518;6.8983e-05;1.00531;0.00649812;-0.00139476;1.00601;0.0181711;0.990918;1;3;1
376.531;905.06;6.76975;-2.80454;0.000439626;0.00230051;-0.000558211;0.00245511;0.000285023;0.996209;-9.92929e-05;0.000756353;1.00388;0.0220309;0.987376;1;3;1
399.531;905.06;6.81814;-2.80441;5.12848e-06;0.00190198;4.64915e-05;0.00190312;3.98967e-06;1.00191;0.000118993;6.43968e-05;1.00212;0.0183022;0.992126;1;2;1
422.531;905.06;6.76997;-2.7716;-0.000647144;0.00214497;-0.000673254;0.00229883;-0.000801005;0.997659;-0.00282602;-0.00220923;1.0026;0.0205782;0.990988;1;4;1
445.531;905.06;6.78836;-2.81242;0.000790966;0.00139968;-0.00161516;0.00273891;-0.000548261;1.0027;0.000705538;0.00675552;1.00276;0.0221893;0.98794;1;3;1
468.531;905.06;6.80627;-2.85236;-0.000353093;0.00103632;-0.00055135;0.00122852;-0.000545293;0.997544;0.00381547;-0.00459062;1.00036;0.0184959;0.991566;1;3;1
491.531;905.06;6.77211;-2.84089;-0.00101479;-0.000646757;7.24567e-06;-0.000646615;-0.00101493;1.00152;0.000299956;0.00543632;0.997256;0.0200606;0.990813;1;3;1
514.531;905.06;6.75953;-2.79561;0.000849955;0.00201282;0.000426393;0.00215241;0.000710365;0.999253;-0.00047553;-0.00820608;0.99996;0.0223692;0.986507;1;3;1
537.531;905.06;6.8111;-2.75235;-0.000466282;0.00121534;-0.000271849;0.0012582;-0.000509137;1.00336;0.00382262;0.00420518;0.997092;0.0236846;0.982603;1;3;1
560.531;905.06;6.73807;-2.81148;0.00013568;0.00188111;-0.000643344;0.00209261;-7.58202e-05;1.00104;-0.00392877;-0.00256326;1.00186;0.0203433;0.988023;1;3;1
583.531;905.06;6.81728;-2.83046;0.00216176;0.0020375;1.69996e-05;0.00216404;0.00203522;1.00097;0.00135103;0.0025346;1.00444;0.0212814;0.989054;1;3;1
606.531;905.06;6.8374;-2.77987;3.91449e-05;0.00157762;-5.52789e-05;0.00157961;3.71612e-05;0.9992;0.0042071;-0.00659406;0.995958;0.0220843;0.981354;1;3;1
629.531;905.06;6.81904;-2.76826;-0.00165726;0.00148075;-0.000649973;0.00161005;-0.00178656;0.999014;-0.000201167;-0.000763247;1.00222;0.0196766;0.989305;1;3;1
652.531;905.06;6.76109;-2.75571;0.000470393;0.00301992;-0.000122885;0.00302583;0.000464484;1.00464;-0.00211232;-0.000227137;1.00461;0.0202088;0.989338;1;3;1
675.531;905.06;6.84067;-2.74989;0.00113506;0.00296539;-0.000382004;0.00304191;0.00105853;1.00006;0.000266484;-9.9916e-06;1.00257;0.020164;0.988376;1;3;1
698.531;905.06;6.81327;-2.77284;-0.00181049;0.000714613;-0.000396666;0.000775458;-0.00187134;0.99769;-1.81448e-05;-0.000407057;1.00053;0.0252877;0.978971;1;3;1
721.531;905.06;6.75728;-2.803;0.000163944;0.00407034;-0.00127118;0.00444757;-0.000213285;0.999797;0.000195473;0.00119944;0.999914;0.0227965;0.982664;1;3;1
744.531;905.06;6.8208;-2.80109;0.00139063;0.00170413;0.000557877;0.00212686;0.000967898;0.997425;0.000295487;-0.00567492;1.00176;0.0231283;0.985872;1;3;1
767.531;905.06;6.82114;-2.72857;-0.0018908;-7.88422e-05;0.00274753;0.00190823;-0.00387786;1.00112;-0.0024356;0.000568286;1.00196;0.0263727;0.982251;1;3;1
790.531;905.06;6.73365;-2.70563;0.00011959;0.00112967;0.000641447;0.00144104;-0.000191777;1.0032;-0.0062523;-0.00134992;0.998951;0.0274377;0.977795;1;4;1
813.531;905.06;6.82664;-2.74739;0.00284636;-0.000252894;-0.000718947;0.00300501;-0.000411549;1.00048;-0.000456342;0.00244008;0.997178;0.0232221;0.978823;1;3;1
836.531;905.06;6.86436;-2.75931;0.000818015;-2.02464e-05;-0.000195229;0.000861253;-6.34844e-05;1.00057;0.00496146;-0.00247942;1.00073;0.0280616;0.969382;1;3;1
859.531;905.06;6.86422;-2.69572;-0.000944583;0.00287927;-0.000505379;0.00294494;-0.00101025;0.996147;0.00512677;-0.00421617;1.0026;0.0273429;0.969963;1;3;1
882.531;905.06;6.82085;-2.70238;-0.000213629;0.00202946;-0.0010712;0.00245883;-0.000642999;1.00581;0.0026476;0.00324397;1.00495;0.0222813;0.986073;1;3;1
905.531;905.06;6.85439;-2.724;0.00106336;-0.000446524;-0.000359847;0.00114473;-0.0005279;0.993138;8.59251e-05;-0.0028919;0.995407;0.0228746;0.981886;1;3;1
928.531;905.06;6.86969;-2.77009;0.00166531;0.000587809;0.000356675;0.00177268;0.000480441;1.01041;0.0044494;0.00331997;0.995601;0.0261862;0.97629;1;4;1
951.531;905.06;6.93085;-2.63911;0.00138611;0.00226179;0.0022001;0.00406719;-0.000419291;0.999117;-0.00468416;2.76086e-05;1.00132;0.0221781;0.986684;1;3;1
974.531;905.06;6.93321;-2.63403;-0.000762815;0.00144183;-0.000970331;0.00180806;-0.00112905;0.996081;0.000670043;-0.00277465;0.999426;0.0207806;0.989219;1;3;1
997.531;905.06;6.89572;-2.68728;4.19578e-06;0.00268868;-0.000662277;0.00284318;-0.0001503;0.996352;0.00624754;0.00556271;1.00489;0.0209996;0.988891;1;3;1
1020.53;905.06;6.93339;-2.67251;0.00164216;0.00192877;0.00134955;0.0031426;0.000428333;1.00488;-0.0022677;0.0029486;1.00356;0.0239237;0.980638;1;4;1
1043.53;905.06;6.97119;-2.66268;0.000808516;0.00144948;0.00116981;0.00234191;-8.39178e-05;1.00118;-0.000327597;-0.00786276;1.00615;0.0243729;0.982355;1;3;1
1066.53;905.06;6.97049;-2.59293;-0.00113505;0.00294521;-0.000463827;0.00299727;-0.00118711;1.00155;-0.00199295;-0.000626345;1.00948;0.0243254;0.981075;1;3;1
1089.53;905.06;6.91895;-2.64535;0.000489912;0.00383164;-0.000292127;0.00385698;0.000464567;0.996723;-0.00632089;0.00177572;0.998639;0.0200114;0.98873;1;3;1
1112.53;905.06;6.99302;-2.6166;0.0016001;0.00174491;0.00137648;0.00305089;0.000294126;1.00409;0.00261717;-0.0046773;1.00337;0.019669;0.985345;1;3;1
1135.53;905.06;6.99233;-2.52228;-0.00016473;0.000137082;0.000429803;0.000441701;-0.000469349;1.00039;0.00192566;0.00297136;1.0018;0.0230761;0.985776;1;3;1
1158.53;905.06;6.9854;-2.55434;-2.59576e-05;0.00138655;0.00150021;0.00233844;-0.000977848;0.999109;-0.00674655;0.00274213;1.00206;0.0242703;0.982102;1;3;1
1181.53;905.06;6.99113;-2.55028;0.00103873;0.000669749;-5.54509e-05;0.00104688;0.000661596;1.00003;0.00558909;-0.00122147;1.00064;0.0254218;0.979263;1;3;1
1204.53;905.06;7.03315;-2.5414;0.00128414;0.0018423;0.00039433;0.00204632;0.00108012;0.998536;0.00246668;0.000237062;1.00057;0.0206069;0.985289;1;3;1
1227.53;905.06;7.05016;-2.53895;0.00154109;0.00162879;0.000404993;0.0019923;0.00117758;1.00521;0.000425751;-0.000607743;0.998822;0.023532;0.986466;1;3;1
1250.53;905.06;7.10398;-2.50902;0.00275209;0.00247559;-5.07806e-05;0.00276112;0.00246656;0.994991;0.00267477;-0.00239484;1.00277;0.0217675;0.991139;1;3;1
1273.53;905.06;7.17653;-2.47542;0.00316071;0.000773012;0.00188774;0.00420044;-0.000266711;1.00289;-0.000890821;-0.00303636;1.00216;0.0264506;0.991227;1;4;1
31.5305;882.06;6.6553;-2.80634;0.00218628;0.000486237;0.000217947;0.00221377;0.00045874;1.0028;-0.00158192;-0.00246926;1.00231;0.0220101;0.988148;1;3;1
54.5305;882.06;6.70553;-2.79827;0.00139411;0.00155965;-0.000500617;0.00198429;0.000969463;1.00344;-0.00367517;0.00410207;1.00049;0.0202925;0.987279;1;3;1
77.5306;882.06;6.71938;-2.82558;0.000366308;0.00166241;-0.000831639;0.00206868;-3.99627e-05;0.999227;-0.000303933;0.00221066;1.00203;0.0196055;0.992296;1;3;1
100.531;882.06;6.72237;-2.83387;0.000257602;0.00125769;-0.00116963;0.00202968;-0.000514393;0.99915;0.00390094;-0.000218518;1.00249;0.023958;0.985682;1;2;1
123.531;882.06;6.73123;-2.83336;0.00107418;0.00192932;0.000113663;0.00194417;0.00105933;0.998139;1.36656e-05;-0.00016978;1.00338;0.0192399;0.991213;1;2;1
146.531;882.06;6.77174;-2.79648;0.00023541;0.000511323;-0.00115986;0.0015414;-0.000794666;0.999569;-0.00325326;0.00215728;1.00523;0.018049;0.99152;1;3;1
169.531;882.06;6.74205;-2.85911;4.94754e-05;0.00133756;-0.000972454;0.0018599;-0.000472868;0.998048;-0.00270518;0.00115686;1.0046;0.0174849;0.994204;1;3;1
192.531;882.06;6.77396;-2.86834;-0.00046257;0.00250293;-0.00120094;0.00292827;-0.00088791;1.00156;0.0052163;-0.000428525;1.00258;0.0207834;0.985354;1;2;1
215.531;882.06;6.72076;-2.88796;-0.000588575;0.0014526;-0.000792633;0.00172425;-0.00086022;1.00504;-0.00155906;-0.00180009;1.002;0.0243575;0.985939;1;3;1
238.531;882.06;6.74687;-2.87002;0.00176498;0.000713444;4.69992e-05;0.00176707;0.000711348;0.99857;-0.000490405;0.00354948;1.00348;0.0202253;0.990265;1;3;1
261.531;882.06;6.80187;-2.87089;-0.000521431;0.00185808;-0.000858268;0.00213534;-0.000798693;0.993971;0.00222277;-0.00108864;1.00356;0.0231645;0.985123;1;2;1
284.531;882.06;6.72288;-2.8766;-0.000677684;0.00176034;0.000179695;0.00177351;-0.000690857;1.00543;0.00146313;0.000502814;1.00208;0.0164682;0.992606;1;3;1
307.531;882.06;6.77068;-2.8433;0.00238459;0.0019472;-0.000538496;0.00274711;0.00158469;1.00265;0.00425805;9.6429e-05;1.0052;0.021525;0.990422;1;3;1
330.531;882.06;6.83243;-2.84013;0.00164951;0.00105843;-0.000107787;0.00166855;0.00103938;1.00536;0.00240791;-0.0025954;0.99831;0.0189873;0.990589;1;3;1
353.531;882.06;6.8465;-2.83802;-0.000349236;0.00166678;-0.000578579;0.00182103;-0.000503481;1.00194;-0.00300758;-0.000646171;0.996451;0.0194939;0.992216;1;3;1
376.531;882.06;6.81635;-2.87371;-0.000651657;0.00243766;-0.00186102;0.00331155;-0.00152554;0.995759;0.00616345;0.00199204;1.00054;0.0229185;0.985314;1;3;1
399.531;882.06;6.8165;-2.86597;-0.000322062;0.00341624;0.000246844;0.00343247;-0.000338291;0.997879;0.00142798;-0.0029563;1.00393;0.0191152;0.989326;1;3;1
422.531;882.06;6.80153;-2.87327;9.49985e-05;0.00159837;-0.000138985;0.00161111;8.22573e-05;1.00474;0.0012776;-0.000674238;0.999971;0.0219211;0.983677;1;3;1
445.531;882.06;6.82086;-2.83423;0.000245638;0.00118948;0.000267469;0.00126001;0.000175112;1.00004;-0.000778869;0.000403543;0.999567;0.017516;0.993889;1;3;1
468.531;882.06;6.8128;-2.82616;0.000170973;0.00067776;0.000976864;0.00143356;-0.000584827;0.99791;-0.00471895;-0.00351853;1.00252;0.0187041;0.992124;1;3;1
491.531;882.06;6.82868;-2.77062;4.08365e-05;0.0015829;-0.000324303;0.00164833;-2.45901e-05;1.00557;-0.000920403;0.0024764;1.00244;0.0211688;0.986394;1;4;1
514.531;882.06;6.81468;-2.8221;-0.00024651;0.00218336;-0.000702928;0.00237206;-0.000435204;0.996256;0.000483549;0.000131009;1.00318;0.0190829;0.988435;1;3;1
537.531;882.06;6.81732;-2.8153;-0.000116121;0.00258634;-0.000281002;0.00261525;-0.000145031;1.00258;-0.00228542;-0.00105635;1.00945;0.0200709;0.987258;1;3;1
560.531;882.06;6.80934;-2.81465;-2.94809e-05;0.00106824;-0.00079521;0.00148561;-0.000446854;0.99918;0.0018044;-0.00164896;1.00014;0.0213901;0.988591;1;4;1
583.531;882.06;6.81594;-2.86211;0.000763175;0.00169211;-0.000341175;0.00180395;0.000651335;1.00064;-0.00192626;0.000381708;0.999144;0.0223975;0.983474;1;3;1
606.531;882.06;6.84443;-2.80614;-0.000136932;0.00189477;0.000901685;0.00223722;-0.000479384;0.996195;0.00185195;0.000552669;1.0062;0.0231111;0.984548;1;3;1
629.531;882.06;6.80961;-2.81066;-0.000647998;0.00245822;-0.00032578;0.00249202;-0.000681798;1.00275;-0.00291726;-0.000327209;1.00434;0.0176597;0.992801;1;3;1
652.531;882.06;6.8146;-2.84532;0.000353092;0.00281214;-0.000460512;0.00289555;0.00026968;0.99691;-0.000903549;0.00243948;1.00419;0.0205982;0.989576;1;3;1
675.531;882.06;6.82585;-2.81841;-0.000445949;0.00141512;0.00170823;0.00242982;-0.00146066;0.99907;-0.00283487;-0.0055808;1.00202;0.0208645;0.98788;1;3;1
698.531;882.06;6.79398;-2.74773;0.00110246;-5.14127e-05;-0.00121485;0.00187041;-0.000819367;1.00094;0.000631291;0.00495452;0.997084;0.0221223;0.983129;1;3;1
721.531;882.06;6.8765;-2.87233;0.000376847;-0.000429061;-0.0012204;0.00125909;-0.00131131;1.00111;0.00195094;-0.00104214;1.00113;0.0285195;0.971246;1;3;1
744.531;882.06;6.81127;-2.80245;-0.00291936;-0.00154825;0.00186093;-0.000250614;-0.004217;0.995517;-0.000790894;-0.0067862;0.997224;0.0276238;0.970695;1;3;1
767.531;882.06;6.74183;-2.74078;-0.000675712;0.000364938;0.00105177;0.00101805;-0.00132882;1.00597;-0.00829199;0.00128443;0.999063;0.0259999;0.970586;1;3;1
790.531;882.06;6.78015;-2.74719;0.00213685;0.00154742;5.1563e-05;0.00214133;0.00154294;0.998557;0.00356524;-0.00457668;1.00273;0.0292964;0.975031;1;3;1
813.531;882.06;6.84002;-2.73694;0.00203402;0.00258222;-0.000285455;0.00270387;0.00191237;1.00468;0.0079145;0.00503674;1.00231;0.0244198;0.98214;1;3;1
836.531;882.06;6.87361;-2.76457;0.00215804;0.000998399;-0.00067906;0.00247114;0.000685295;1.00101;-0.00218696;-0.00130979;0.998092;0.0240443;0.980109;1;3;1
859.531;882.06;6.93914;-2.79794;-9.28759e-05;0.00248406;0.000184232;0.00249716;-0.000105981;1.00089;-0.000807749;0.0048402;1.00401;0.0307787;0.949987;1;3;1
882.531;882.06;6.86934;-2.74713;-0.00265855;0.00156167;0.00141634;0.00199294;-0.00308981;0.999362;0.00458065;0.000305543;0.998721;0.0260183;0.970238;1;4;1
905.531;882.06;6.81646;-2.6561;0.00142992;0.000159814;4.11446e-05;0.00143125;0.000158482;0.998581;0.00306723;-0.00690188;1.00691;0.0258398;0.974793;1;3;1
928.531;882.06;6.93505;-2.70255;0.000375186;-0.000564933;-0.00140044;0.00138235;-0.0015721;1.00705;0.00196732;0.00805506;1.00099;0.0282579;0.970133;1;3;1
951.531;882.06;6.83367;-2.72335;-0.00115378;0.0024907;0.00197457;0.00335537;-0.00201845;0.988337;0.0042053;-0.00148417;1.00271;0.0241805;0.976907;1;3;1
974.531;882.06;6.88191;-2.64841;0.00215174;0.00115621;0.00107107;0.00283506;0.000472887;1.0053;0.00272325;-0.00251171;1.00323;0.024358;0.982183;1;3;1
997.531;882.06;6.93254;-2.69823;-0.00050215;0.000527783;0.000320533;0.00061939;-0.000593757;1.00068;-0.00403093;0.000858183;0.998338;0.0188553;0.990155;1;3;1
1020.53;882.06;6.8588;-2.65767;-0.000613914;0.00070434;0.000874814;0.00114054;-0.00105012;1.00111;-0.00242087;0.000283764;0.997194;0.0265883;0.974799;1;3;1
1043.53;882.06;6.90429;-2.68643;0.00294542;0.00111764;-0.000181135;0.0029632;0.00109986;1.00253;-0.00353339;0.000626768;0.994364;0.0227004;0.980626;1;3;1
1066.53;882.06;6.99409;-2.67281;0.00155147;0.00266823;-1.6328e-05;0.00266847;0.00155123;1.00156;-0.000273689;-0.00285638;0.999753;0.0226174;0.986094;1;3;1
1089.53;882.06;6.9756;-2.67868;-0.000745367;0.00167392;0.000204029;0.00169101;-0.000762453;1.00439;0.00181293;0.00298099;1.00455;0.02359;0.982151;1;3;1
1112.53;882.06;6.95975;-2.61383;-0.000875914;0.00180199;0.00116886;0.0022404;-0.00131433;0.997336;-0.00273668;-0.00891555;1.00253;0.0191765;0.99068;1;3;1
1135.53;882.06;6.93519;-2.58242;-0.00141941;0.00357088;0.00126575;0.00387357;-0.0017221;0.995155;-0.00254847;0.00197246;1.00194;0.0225375;0.989426;1;3;1
1158.53;882.06;6.89441;-2.5847;0.00172559;0.00207436;0.000389946;0.00232714;0.00147281;1.00483;-0.000316469;-0.00193627;1.00557;0.0204792;0.985405;1;3;1
1181.53;882.06;7.01449;-2.56874;0.00244915;0.00212179;0.00062801;0.00293446;0.00163648;1.00147;-0.00296394;0.00285531;1.00493;0.0242075;0.977374;1;3;1
1204.53;882.06;7.00692;-2.5493;-0.000166292;0.00115417;0.00094455;0.00164636;-0.000658484;0.999371;-0.00873484;-0.00308918;0.999316;0.0206844;0.985211;1;3;1
1227.53;882.06;7.00684;-2.55795;0.00174138;0.000612726;0.000344041;0.00183799;0.000516122;0.999785;0.00308402;-0.000423192;1.00186;0.0235678;0.984178;1;3;1
1250.53;882.06;7.08695;-2.53697;0.00073599;0.0004724;0.00114407;0.00175583;-0.000547439;1.0014;-0.00564907;-0.000742166;1.0019;0.0222956;0.982527;1;2;1
1273.53;882.06;7.04067;-2.51707;-0.00200979;0.000209911;0.00203593;0.00141884;-0.00321873;0.996573;-0.00847339;-0.00170298;1.00117;0.0241356;0.988447;1;2;1
31.5305;859.06;6.68709;-2.8349;0.000340075;0.0020225;-0.00232181;0.00365079;-0.00128821;0.996587;0.00561379;-0.00070048;1.0038;0.0228022;0.991714;1;2;1
54.5305;859.06;6.69482;-2.8982;1.92715e-05;0.00289042;-0.000814413;0.00310534;-0.000195652;1.00036;0.00710835;0.0028382;1.00362;0.0228142;0.986786;1;3;1
77.5306;859.06;6.68795;-2.88035;0.00209554;0.003328;-0.000861974;0.00377136;0.00165217;1.00793;0.000370972;-6.04889e-05;1.00388;0.0199197;0.988851;1;3;1
100.531;859.06;6.79111;-2.88211;0.00216486;0.00220129;-0.00095058;0.00313383;0.00123232;0.99941;-0.0029341;0.000856094;0.999872;0.0202681;0.990182;1;3;1
123.531;859.06;6.78743;-2.89599;8.34432e-05;0.000942582;-0.000110474;0.00095656;6.94652e-05;0.996719;0.0048186;-0.00237956;0.999791;0.020566;0.989868;1;2;1
146.531;859.06;6.79494;-2.85533;0.000145622;0.00256251;0.000158376;0.00257285;0.000135289;1.00148;0.00125019;0.000411742;1.00213;0.0211584;0.985941;1;3;1
169.531;859.06;6.79412;-2.89487;0.000414902;0.00112009;-0.00120079;0.00201898;-0.000483989;1.00096;0.0015558;0.00136482;0.998572;0.019655;0.991783;1;3;1
192.531;859.06;6.81399;-2.91456;-0.00115053;0.00143281;-0.000173154;0.00144436;-0.00116209;1.00005;-0.00434125;-0.00164618;1.00256;0.021678;0.989252;1;2;1
215.531;859.06;6.74117;-2.89064;-0.000764902;0.000195946;0.000328743;0.000297655;-0.000866611;0.998571;-0.00143522;1.28227e-06;1.00069;0.0194063;0.991312;1;3;1
238.531;859.06;6.77874;-2.84786;0.00237051;0.000570012;-0.00118361;0.00295733;-1.68104e-05;1.002;0.0036071;-0.000334638;0.997893;0.0206021;0.989112;1;3;1
261.531;859.06;6.85008;-2.89426;-4.90021e-05;0.000732663;-0.000375986;0.000884155;-0.000200494;0.999655;-0.000322868;-0.00101328;0.998074;0.0198578;0.988614;1;3;1
284.531;859.06;6.77642;-2.92502;-0.00037578;0.00161392;-0.00145107;0.00237842;-0.00114028;1.00137;-0.000747839;-0.00110213;1.00171;0.0181941;0.989591;1;3;1
307.531;859.06;6.83279;-2.89616;6.84231e-05;0.00179593;-0.000192713;0.00181717;4.71859e-05;1.00106;0.0028137;-0.000194296;1.0024;0.0239972;0.986978;1;3;1
330.531;859.06;6.77949;-2.84216;-0.000331839;0.00173792;8.20648e-05;0.00174117;-0.000335088;0.99713;0.0035531;0.000518501;1.00311;0.0206413;0.991326;1;3;1
353.531;859.06;6.81753;-2.90084;0.00290853;0.00231571;-0.00143692;0.0040793;0.00114494;1.01156;0.00109384;-0.000779053;1.00153;0.0210239;0.986568;1;3;1
376.531;859.06;6.91303;-2.91632;-0.000469789;0.000482882;-0.00102391;0.00113583;-0.00112274;0.9987;-0.00670309;0.00681851;0.99933;0.0205376;0.98878;1;3;1
399.531;859.06;6.79587;-2.96128;-0.00213745;0.00113293;0.000786265;0.00131215;-0.00231667;0.989004;-0.00468667;-0.00668958;0.999309;0.0224446;0.98613;1;3;1
422.531;859.06;6.81455;-2.84505;0.000329115;0.00105076;0.000698301;0.00147595;-9.60749e-05;1.00322;0.000369054;-0.000673474;1.00062;0.0217878;0.989639;1;3;1
445.531;859.06;6.81091;-2.8671;-0.000749185;0.00151595;-0.000407812;0.00158714;-0.00082037;0.999883;0.00141174;9.05084e-06;1.00231;0.0193361;0.989073;1;3;1
468.531;859.06;6.78006;-2.88352;-0.000106149;0.00187381;-0.000307598;0.0019205;-0.000152835;1.00018;0.00029385;0.00016969;1.00061;0.0199363;0.987229;1;3;1
491.531;859.06;6.80601;-2.91363;-1.36363e-05;0.00257807;5.62641e-05;0.00257929;-1.48572e-05;1.00095;-0.00118194;-0.00154772;1.00141;0.0184576;0.990452;1;3;1
514.531;859.06;6.77943;-2.89593;0.000836038;0.00241881;0.000640129;0.00264529;0.000609555;0.998944;-0.00137246;0.000322412;1.00278;0.0176199;0.989363;1;2;1
537.531;859.06;6.84443;-2.87116;-0.000327093;0.00145822;0.000507232;0.00159227;-0.00046114;1.00035;0.00014944;-0.00139327;0.992567;0.0213187;0.981716;1;3;1
560.531;859.06;6.76437;-2.86058;0.000277239;0.000755232;-0.000490755;0.00106209;-2.96215e-05;1.00111;-0.00045831;0.000717132;0.994958;0.0213942;0.985576;1;3;1
583.531;859.06;6.85716;-2.90821;0.000905332;0.00124101;0.000416718;0.00152242;0.000623921;1.00249;0.000924978;-0.000311882;1.00332;0.0222827;0.987472;1;3;1
606.531;859.06;6.80599;-2.86694;-0.00103046;0.00171546;0.000588029;0.00183608;-0.00115108;0.995628;-0.00324772;4.24602e-05;1.00047;0.0168231;0.990572;1;3;1
629.531;859.06;6.80973;-2.8812;-0.000224303;0.0023035;-6.15293e-05;0.002305;-0.000225799;1.00384;0.0019927;0.00185425;1.0008;0.0177015;0.991821;1;3;1
652.531;859.06;6.79567;-2.88487;-0.000618803;0.000497871;-0.000110983;0.000508794;-0.000629726;0.996359;0.00253131;0.000467287;0.998446;0.0188703;0.988994;1;3;1
675.531;859.06;6.78121;-2.81491;0.00164347;0.00192689;0.00137633;0.00316879;0.000401575;1.00443;-0.00251826;-0.00606818;1.00539;0.0211532;0.983696;1;3;1
698.531;859.06;6.87106;-2.77044;0.000731527;0.00165653;-3.95321e-06;0.00165654;0.00073151;0.999161;0.00380734;0.0038975;1.00556;0.0240595;0.977099;1;3;1
721.531;859.06;6.81484;-2.78323;-0.00195953;-0.00213318;0.000753917;-0.00128746;-0.00280526;1.00136;0.00349581;0.00164522;1.00034;0.0211087;0.986137;1;3;1
744.531;859.06;6.78082;-2.7298;-0.000764578;0.00154224;0.000555711;0.00166913;-0.000891468;0.991415;0.00138912;-0.00952052;1.00584;0.026839;0.971555;1;3;1
767.531;859.06;6.77964;-2.74534;-0.00104384;0.00314971;-0.00186532;0.00385934;-0.00175346;1.00924;0.00845224;0.00743717;1.00556;0.0269049;0.979052;1;3;1
790.531;859.06;6.73275;-2.77676;0.00121753;0.00153938;-0.00197321;0.00335821;-0.000601305;1.00219;-0.00431832;0.00385561;1.00119;0.0302177;0.969947;1;3;1
813.531;859.06;6.83545;-2.86602;0.00289601;0.00263109;-2.1425e-05;0.00289773;0.00262937;1.00363;-0.00481534;-0.00540265;1.00546;0.0237612;0.982445;1;4;1
836.531;859.06;6.86577;-2.80522;0.000638179;0.00222515;0.000921879;0.002648;0.000215326;0.998104;-0.000623989;9.8376e-05;1.00016;0.0216251;0.987285;1;3;1
859.531;859.06;6.86476;-2.80985;-0.000719454;0.000860233;0.000644699;0.00108994;-0.000949164;0.997659;-0.00300838;0.0114228;0.9979;0.0323416;0.962776;1;3;1
882.531;859.06;6.83265;-2.77416;0.000661845;-2.53562e-05;0.00106199;0.00143444;-0.000797951;1.00179;-0.0051903;-0.00977855;1.0025;0.021639;0.98155;1;3;1
905.531;859.06;6.89513;-2.73133;0.00214694;0.00275194;-0.000422498;0.00296907;0.00192982;1.00137;0.000471794;0.00208147;1.00209;0.0237236;0.977616;1;3;1
928.531;859.06;6.9313;-2.74405;-0.00199394;0.00199507;-0.000125172;0.001999;-0.00199787;0.998901;0.00181789;-0.00327142;1.00469;0.0233693;0.981577;1;4;1
951.531;859.06;6.80331;-2.75336;-0.00154842;0.000179438;0.000472782;0.000300342;-0.00166932;0.998515;5.59886e-05;0.000437082;1.00366;0.0229538;0.98249;1;3;1
974.531;859.06;6.85998;-2.68713;0.00116704;0.00271822;0.000585941;0.00291468;0.00097059;1.00132;0.000550206;0.00138604;1.00493;0.0203127;0.984962;1;3;1
997.531;859.06;6.85695;-2.71154;0.000101998;0.000161822;0.000181635;0.000315992;-5.21718e-05;0.999965;0.000378448;0.00156092;1.00099;0.023863;0.979969;1;3;1
1020.53;859.06;6.86467;-2.70485;0.00251945;0.00148424;-0.000135945;0.002537;0.00146668;0.999888;-0.0080867;0.00120421;1.00168;0.0195245;0.985804;1;3;1
1043.53;859.06;6.97269;-2.71406;0.00250503;0.000590335;0.000191992;0.00252409;0.000571273;1.00701;-0.00385746;-0.00269353;0.996873;0.0207902;0.987895;1;4;1
1066.53;859.06;6.97975;-2.71551;-0.000291538;0.000837017;0.000564608;0.00107098;-0.000525503;0.996628;-0.00195737;-0.00110488;1.00158;0.0228667;0.98392;1;3;1
1089.53;859.06;6.95928;-2.72227;4.68546e-05;0.000277276;0.000703229;0.000874669;-0.000550539;0.997248;-0.00732187;0.00184617;1.00317;0.0261587;0.979891;1;3;1
1112.53;859.06;6.9819;-2.69941;-0.00117914;0.00114628;0.000361983;0.00120132;-0.00123418;1.00373;0.00317467;0.000462566;1.00258;0.0250949;0.977277;1;4;1
1135.53;859.06;6.90499;-2.68617;-0.000404282;0.00209346;0.000823657;0.00234061;-0.000651436;0.995524;-0.00289407;-0.00233229;1.00499;0.0286113;0.976567;1;3;1
1158.53;859.06;6.96328;-2.64965;0.00138991;0.0012238;0.000740522;0.00205202;0.000561691;0.999632;0.00354999;-0.00481117;0.994707;0.0294907;0.969728;1;3;1
1181.53;859.06;6.96887;-2.64777;-0.000134836;0.00222645;0.00145416;0.00291891;-0.000827294;1.00031;-0.00396031;-0.00153332;0.998938;0.021703;0.985651;1;3;1
1204.53;859.06;6.95704;-2.59439;0.00135052;0.00288433;0.00114054;0.00349182;0.000743024;1.00267;-0.00045433;-0.00137597;1.00219;0.0287024;0.966783;1;3;1
1227.53;859.06;7.03088;-2.56712;0.00179892;0.00235365;0.00093156;0.00304826;0.00110431;1.00154;-0.00111838;-0.000554193;1.00178;0.0256125;0.97999;1;2;1
1250.53;859.06;7.03967;-2.5307;-4.4984e-05;0.00120522;0.00191288;0.00259255;-0.00143231;1.00031;0.00350978;-0.00371618;0.999857;0.0265143;0.977481;1;3;1
1273.53;859.06;7.02874;-2.48484;-0.000473285;0.00335683;-0.000395578;0.00339726;-0.000513714;0.99389;0.00365114;-0.0110786;1.00145;0.036587;0.976236;1;4;1
31.5305;836.06;6.74204;-2.8992;-0.000310182;0.00255078;-0.00137459;0.00310418;-0.000863581;0.991867;-5.14449e-05;-0.00119574;0.99965;0.0189415;0.991994;1;2;1
54.5305;836.06;6.73488;-2.93103;0.00158084;0.00141149;-0.00181241;0.00331055;-0.000318228;1.00333;-0.0022273;0.00160147;0.9987;0.0205332;0.991744;1;3;1
77.5306;836.06;6.81463;-2.97832;0.00128573;0.00152248;-0.00180573;0.00321371;-0.000405503;1.00032;0.00552632;-0.000551294;1.00352;0.0176961;0.993991;1;3;1
100.531;836.06;6.79398;-2.93497;-0.00100652;0.00166664;0.00076631;0.00187073;-0.00121062;1.00012;0.00335034;-0.00361812;1.00409;0.0218306;0.986983;1;3;1
123.531;836.06;6.76819;-2.87668;-0.000775349;0.000912163;-0.000487719;0.00104298;-0.000906167;1.00465;-0.00263019;-0.00167082;0.998071;0.0204656;0.99025;1;3;1
146.531;836.06;6.7583;-2.9142;0.000544263;0.00214709;-9.40463e-05;0.00215259;0.000538763;0.996866;-0.000321528;0.00197533;0.999605;0.0183024;0.991572;1;3;1
169.531;836.06;6.79321;-2.91058;0.000779592;0.00128491;7.78076e-05;0.00129662;0.000767882;0.996347;-0.00189241;0.000357406;0.998784;0.019171;0.990992;1;3;1
192.531;836.06;6.79414;-2.9342;-0.000781342;0.00142629;7.15529e-05;0.00142861;-0.000783659;1.00108;0.00478066;0.00241709;0.998599;0.0190999;0.991858;1;3;1
215.531;836.06;6.75725;-2.89696;0.00125663;0.000420648;-0.000650246;0.00161165;6.56352e-05;0.999693;0.00606244;-0.000172901;1.00082;0.0226806;0.988289;1;3;1
238.531;836.06;6.8519;-2.89611;4.34379e-05;0.00157357;-0.000768292;0.00189276;-0.000275747;0.996394;-0.00208503;0.000590024;1.00376;0.0186811;0.99415;1;2;1
261.531;836.06;6.75925;-2.90456;5.78199e-05;0.000874946;-0.000316324;0.000983088;-5.03225e-05;1.00141;0.00221111;-0.002499;1.00138;0.0190341;0.993315;1;3;1
284.531;836.06;6.85452;-2.9506;0.00244134;0.000680252;-0.00111713;0.00298324;0.000138354;0.999923;0.00549615;0.00485506;0.999838;0.0197979;0.992357;1;3;1
307.531;836.06;6.87141;-2.92573;-0.000746051;0.000720833;0.00018955;0.00074493;-0.000770149;1.00619;-0.00536257;-0.0018026;0.997743;0.0194983;0.992027;1;3;1
330.531;836.06;6.82018;-2.92001;0.000713042;0.00212492;-0.000706588;0.00241779;0.000420173;1.00282;-0.00758074;0.00181693;1.00284;0.0197434;0.991105;1;3;1
353.531;836.06;6.9042;-2.94438;0.000650506;0.00090424;0.00020135;0.00101536;0.000539387;0.999914;0.000770619;0.000988496;1.00394;0.0215051;0.987773;1;3;1
376.531;836.06;6.85009;-2.89591;-0.00192578;0.00014144;0.00133516;0.000796324;-0.00258066;1.00361;0.00397541;-0.0037244;0.998865;0.0224105;0.980165;1;3;1
399.531;836.06;6.81552;-2.91806;-0.000402587;-0.000761979;-0.000695807;0.000136353;-0.00130092;0.997967;0.00664427;0.00290785;0.999445;0.0201972;0.989338;1;3;1
422.531;836.06;6.83156;-2.92157;9.41027e-05;0.00289103;-0.000389181;0.00294417;4.09595e-05;0.997562;-0.00109266;-0.000400185;1.00123;0.0182541;0.990486;1;3;1
445.531;836.06;6.81984;-2.90391;-0.000805665;0.00213342;-0.000340359;0.00217232;-0.000844565;0.997314;-0.000160016;-0.000900544;1.00232;0.0189752;0.992052;1;2;1
468.531;836.06;6.79448;-2.91227;-0.000190789;0.00117493;-0.000554204;0.00137152;-0.000387384;1.0042;0.0030086;-0.00127348;1.00222;0.0202579;0.985208;1;3;1
491.531;836.06;6.81106;-2.88905;8.47771e-05;0.000277206;-0.00066019;0.000848156;-0.000486173;1.00216;0.000152107;-0.00096612;1.0013;0.0199622;0.987356;1;3;1
514.531;836.06;6.79838;-2.93323;-0.00010892;0.000652867;-0.000409029;0.000830887;-0.00028694;0.998028;0.000353147;0.00185641;1.00073;0.0170288;0.994492;1;3;1
537.531;836.06;6.80605;-2.88232;0.00041532;0.00216152;0.000941657;0.00257257;4.27828e-06;1.00077;5.85414e-05;-0.00576716;1.00536;0.0220366;0.987019;1;3;1
560.531;836.06;6.8174;-2.84938;-0.000755357;0.00190292;-0.000536939;0.00200728;-0.000859715;0.998209;-0.000621365;0.00144985;1.007;0.01958;0.989777;1;3;1
583.531;836.06;6.77128;-2.91914;-4.15858e-07;0.000842533;0.000383645;0.000990991;-0.000148875;1.00139;-0.00349712;0.00136753;1.00066;0.0220072;0.984595;1;4;1
606.531;836.06;6.81737;-2.88498;0.000565659;0.00230755;-0.000552307;0.00246791;0.0004053;1.00028;0.00421618;0.000739055;1.00147;0.0196912;0.991098;1;3;1
629.531;836.06;6.79729;-2.91649;0.0016059;0.00135453;-0.000539054;0.00203373;0.000926702;1.00185;0.00043108;-0.000328132;1.00226;0.0170997;0.9912;1;3;1
652.531;836.06;6.89118;-2.86815;0.000361146;0.00129801;-4.61833e-05;0.00130028;0.000358875;1.00248;-0.000783474;-0.000782958;0.998403;0.0230242;0.983575;1;3;1
675.531;836.06;6.8139;-2.90696;-0.00141445;0.00240737;3.66793e-05;0.00240772;-0.0014148;0.999643;0.00743612;0.00025253;0.998295;0.0233313;0.980364;1;4;1
698.531;836.06;6.82605;-2.82386;0.000737962;0.00300524;0.00180021;0.00399902;-0.000255816;0.997381;0.0019354;0.00282476;1.00088;0.0217021;0.985306;1;3;1
721.531;836.06;6.84764;-2.77409;-0.00060708;0.00247126;-0.000899925;0.00271504;-0.000850859;1.00383;-8.49267e-05;0.00259234;1.00172;0.0254666;0.981108;1;3;1
744.531;836.06;6.79809;-2.87334;0.0004121;0.00309328;-0.00189353;0.00407274;-0.000567361;1.00056;-0.00152323;-0.000199908;0.997006;0.0252934;0.97384;1;3;1
767.531;836.06;6.86646;-2.88528;0.000928573;0.00257717;-0.000514393;0.00272451;0.00078124;0.999634;-0.000923571;-0.00172164;0.996562;0.0248377;0.978545;1;3;1
790.531;836.06;6.84075;-2.8179;-0.00114982;0.00251323;-0.00123821;0.00289251;-0.0015291;1.00139;0.00309177;-0.0032742;1.00371;0.024533;0.979074;1;3;1
813.531;836.06;6.81353;-2.8578;9.55432e-05;0.000666645;-5.89964e-05;0.000672675;8.95124e-05;0.998629;0.00536194;0.0015266;0.998615;0.0235265;0.982914;1;3;1
836.531;836.06;6.84512;-2.86681;0.00211882;0.000254413;0.000428978;0.00221279;0.000160446;1.00294;0.0024066;0.001307;1.00391;0.0235872;0.984894;1;3;1
859.531;836.06;6.91089;-2.83749;0.000113109;0.00168586;0.00171853;0.00278938;-0.000990417;1.00132;-0.00185028;0.000128433;1.00328;0.0266476;0.970171;1;3;1
882.531;836.06;6.85016;-2.74596;-0.000553692;0.000897577;0.00058589;0.00110458;-0.000760695;0.996413;0.00513907;-0.00610318;1.0036;0.019814;0.988821;1;3;1
905.531;836.06;6.88538;-2.78246;0.00161729;0.00207421;5.40289e-05;0.00208051;0.00161098;1.0072;-0.00663758;0.00881405;0.999985;0.0211181;0.981235;1;3;1
928.531;836.06;6.92447;-2.79423;-0.000830492;0.000938204;0.0010369;0.00141666;-0.00130894;1.00067;-0.000493211;-0.00422698;0.996712;0.0205936;0.988338;1;3;1
951.531;836.06;6.84713;-2.7316;-0.00118434;-0.000518279;-0.00137376;0.000562245;-0.00226487;0.994971;0.00504348;0.00724903;0.999232;0.025391;0.982983;1;3;1
974.531;836.06;6.86995;-2.77328;0.00110883;0.00260779;-4.12853e-05;0.00260893;0.00110769;1.00373;0.000604929;-0.00430917;0.997906;0.0197342;0.988289;1;3;1
997.531;836.06;6.8981;-2.70566;-2.5436e-05;0.00203302;4.17966e-05;0.00203387;-2.62844e-05;0.997045;0.00475833;-0.0041816;1.00315;0.0236748;0.980454;1;3;1
1020.53;836.06;6.86876;-2.72589;-0.000479631;0.00194079;-7.56598e-05;0.00194316;-0.000481993;0.996587;0.00660175;0.00816181;1.00652;0.0236103;0.982577;1;4;1
1043.53;836.06;6.87603;-2.71357;0.00141761;0.00082763;0.000794645;0.00197025;0.000274989;1.00539;0.00326368;-0.00100002;1.00366;0.0215048;0.983785;1;3;1
1066.53;836.06;6.93392;-2.71126;0.0011088;0.00192709;0.00115355;0.0027419;0.000293986;1.00429;0.000648713;-0.00269872;0.998021;0.0240091;0.985731;1;4;1
1089.53;836.06;6.927;-2.69141;0.000624017;0.00103652;0.00122298;0.00207052;-0.000409982;0.996162;0.00658951;-0.000743651;1.00007;0.0222706;0.989796;1;3;1
1112.53;836.06;6.96259;-2.66653;-0.000385586;0.00135741;0.000793069;0.00166425;-0.00069242;1.00428;-0.000929631;0.000449254;0.996146;0.0227031;0.981887;1;3;1
1135.53;836.06;6.90926;-2.67862;-0.00212428;8.00003e-05;-0.000226023;0.000102938;-0.00214721;0.995366;0.003828;-0.0008942;1.00043;0.0261118;0.982176;1;3;1
1158.53;836.06;6.86477;-2.64095;0.000583262;0.000859386;0.000347998;0.00109571;0.00034694;0.997453;0.00122095;-0.00214769;1.00471;0.0233574;0.97755;1;4;1
1181.53;836.06;6.93608;-2.67097;0.0025719;0.0018962;-0.000632478;0.0029511;0.00151699;1.00487;0.00376661;-0.00149836;0.998381;0.0235451;0.973318;1;3;1
1204.53;836.06;6.9829;-2.68179;0.00106458;0.00270077;-3.59009e-05;0.00270156;0.00106379;1.00086;0.00278706;0.00116511;1.00557;0.0208627;0.983794;1;3;1
1227.53;836.06;6.98503;-2.66609;0.00022879;0.00235865;0.00214518;0.00368869;-0.00110124;0.994028;-0.00308436;-0.00314633;0.998128;0.0238625;0.984733;1;3;1
1250.53;836.06;6.99334;-2.59228;0.00401059;0.00269524;0.00151485;0.00500436;0.00170146;1.00316;-0.0169143;-0.00103312;0.995509;0.024789;0.979683;1;3;1
1273.53;836.06;7.16915;-2.67104;0.00767884;0.00325147;-0.00269099;0.00894967;0.00198064;1.0049;-0.000553192;0.0074315;1.00993;0.0338063;0.991595;1;4;1
31.5305;813.06;6.74974;-2.95205;0.0014118;0.00192004;-0.000956448;0.00265555;0.000676289;0.997466;0.00282505;-0.000812291;1.00261;0.0199565;0.991437;1;2;1
54.5305;813.06;6.78219;-2.963;0.00218026;0.00125166;-0.000848543;0.00268323;0.0007487;1.00494;-0.000455186;0.00149969;1.00383;0.0198428;0.990376;1;3;1
77.5306;813.06;6.84993;-2.95005;0.000875663;0.00120192;-0.000312382;0.00139121;0.000686382;0.997692;-0.000216402;-0.00085525;0.998879;0.0180321;0.995788;1;2;1
100.531;813.06;6.82245;-2.9587;6.96245e-05;0.000635986;-0.000511807;0.000937731;-0.00023212;1.00071;0.00190971;-8.06564e-05;0.998534;0.0198458;0.992719;1;3;1
123.531;813.06;6.85313;-2.93789;-0.00114749;0.00273187;-0.000475066;0.0027892;-0.00120482;0.995318;0.00313936;0.000799005;1.00552;0.022012;0.990811;1;2;1
146.531;813.06;6.76964;-2.95398;-0.0018714;0.00143153;-0.00104422;0.00173397;-0.00217384;0.999453;0.00294247;-0.00249451;1.00191;0.0194459;0.99425;1;3;1
169.531;813.06;6.76696;-2.95393;0.00111831;0.00158284;-0.000330573;0.00175458;0.000946559;0.997352;0.00131199;0.00312444;1.00591;0.0179336;0.993541;1;3;1
192.531;813.06;6.82104;-2.98012;0.00156724;0.000636557;3.47949e-05;0.00156854;0.000635258;1.00572;-0.000388166;-0.000658907;1.00007;0.0192433;0.989324;1;3;1
215.531;813.06;6.83898;-2.90988;0.000452278;0.00164687;-0.000562521;0.00187005;0.00022909;0.99746;0.00314274;-0.00183975;1.00065;0.0184415;0.98973;1;2;1
238.531;813.06;6.8418;-2.92014;-0.000311214;0.00123108;-0.000524531;0.00139256;-0.000472699;0.998453;0.00307188;0.00304689;1.00185;0.0169291;0.993021;1;3;1
261.531;813.06;6.82465;-2.93448;0.00034848;0.000656429;-0.00193968;0.00244824;-0.00144333;1.00314;-0.000716724;-0.000433414;1.00067;0.0176835;0.99281;1;3;1
284.531;813.06;6.85782;-2.95622;0.000463745;0.000725797;-0.000121;0.000773121;0.000416421;0.998147;-0.0056248;-0.000239467;1.0022;0.018025;0.993551;1;3;1
307.531;813.06;6.84598;-2.9293;-0.000696373;0.00103596;-0.000268763;0.0010767;-0.000737112;0.999377;0.008041;-0.000439287;1.00288;0.0199497;0.990598;1;3;1
330.531;813.06;6.82577;-2.93978;-0.000496793;0.000678912;-0.00080729;0.0010897;-0.000907584;0.996676;0.00427754;0.000432769;0.995899;0.0208087;0.98622;1;3;1
353.531;813.06;6.82312;-2.94242;-0.00020495;-0.000226685;0.000693748;0.000478015;-0.000909651;1.00018;-0.00307984;0.00364998;1.0018;0.0224338;0.991803;1;3;1
376.531;813.06;6.81634;-2.92272;0.000242325;0.0012572;1.76769e-06;0.00125721;0.000242322;1.00168;-0.0010532;-0.00443278;1.00339;0.0215149;0.984614;1;3;1
399.531;813.06;6.83426;-2.9262;0.00104908;0.000612973;-0.000961856;0.00181729;-0.000155234;1.00233;0.00164974;0.00483382;1.0031;0.0199739;0.989054;1;3;1
422.531;813.06;6.86454;-2.97781;0.000376767;0.000679057;-0.00117427;0.00171187;-0.000656043;0.998799;0.0026132;-0.000807912;1.00124;0.0178217;0.992697;1;3;1
445.531;813.06;6.85157;-2.96511;-0.000404058;0.00228155;1.09679e-05;0.00228159;-0.000404103;0.999341;0.00224566;-0.00197044;1.00176;0.017101;0.993926;1;2;1
468.531;813.06;6.84593;-2.93749;-0.00012573;0.000693781;-5.34773e-06;0.000693816;-0.000125764;1.00196;6.62097e-05;-0.00227503;1.00378;0.0183093;0.991175;1;3;1
491.531;813.06;6.84577;-2.92636;-0.000481044;0.00105981;-0.000325304;0.00112567;-0.000546906;0.993941;0.00370668;0.00244371;0.997195;0.0206814;0.982357;1;3;1
514.531;813.06;6.8238;-2.92593;-8.5336e-05;-0.00055162;-0.000805632;0.00052021;-0.00115717;0.999001;0.00026347;0.00160576;0.997566;0.019359;0.98951;1;2;1
537.531;813.06;6.84183;-2.97048;-0.00101918;0.00121886;-0.000198617;0.00123635;-0.00103667;1.00206;-0.0029009;0.00010967;0.99891;0.0177552;0.992341;1;3;1
560.531;813.06;6.77688;-2.94803;-0.00120747;0.00148003;-0.000128293;0.00148614;-0.00121359;0.997475;0.00115769;0.000217616;1.00119;0.0175499;0.993313;1;3;1
583.531;813.06;6.78624;-2.9469;0.0017962;0.0002454;-0.000398254;0.00189249;0.000149106;1.00327;-0.00212483;-0.00147129;1.003;0.0181146;0.992986;1;3;1
606.531;813.06;6.85943;-2.97293;0.00195459;0.000381756;-0.000247022;0.00199247;0.000343872;0.997965;-0.000570561;0.00629316;0.998926;0.0204145;0.98952;1;3;1
629.531;813.06;6.87607;-2.94341;-0.00108559;0.0010606;0.000404925;0.00113446;-0.00115945;0.999574;0.00325373;-0.00411237;1.0006;0.0205447;0.98971;1;3;1
652.531;813.06;6.80946;-2.94454;-0.0011682;0.00148321;0.000709894;0.00166132;-0.0013463;0.996828;0.000954107;0.00013493;1.00394;0.0192256;0.990008;1;3;1
675.531;813.06;6.82229;-2.92549;0.000637223;-0.000222663;0.000384283;0.000783929;-0.000369369;1.00085;0.00262732;-0.00244505;1.00245;0.0212083;0.985776;1;3;1
698.531;813.06;6.83874;-2.90846;0.000560179;0.00325624;0.00048352;0.00334033;0.000476087;1.00234;0.00121888;0.00195422;1.00471;0.0207131;0.987332;1;3;1
721.531;813.06;6.84805;-2.89675;0.000102967;0.00258829;0.00171949;0.00346715;-0.000775888;1.00143;-0.00356439;-0.00357615;1.00702;0.022971;0.979296;1;3;1
744.531;813.06;6.84347;-2.87183;0.000748271;0.000589272;-0.000102397;0.000798407;0.000539136;0.997746;-0.000999819;0.000556834;1.00384;0.0237421;0.983286;1;3;1
767.531;813.06;6.88244;-2.86362;0.000672196;-0.000300313;0.0001959;0.000710174;-0.000338292;1.00306;-0.000579923;0.0019815;1.00122;0.0210768;0.989168;1;3;1
790.531;813.06;6.87437;-2.892;-0.00196513;0.000860607;-0.000253423;0.000883155;-0.00198768;0.997636;0.0017211;-0.000558749;1.0019;0.0241749;0.97637;1;3;1
813.531;813.06;6.79194;-2.89665;-0.000600804;-0.000252177;0.000610352;0.000208266;-0.00106125;1.0016;0.00221448;-0.00122149;1.00284;0.0185583;0.990553;1;3;1
836.531;813.06;6.84667;-2.81691;0.000777972;0.000918106;0.000230093;0.00108856;0.000607514;0.998814;0.00142726;-0.00139312;1.00126;0.0240129;0.983569;1;3;1
859.531;813.06;6.82772;-2.88732;-0.000279024;0.0010352;0.000675068;0.00132016;-0.000563992;0.999985;-0.00134709;-0.00142452;1.00273;0.0245305;0.978516;1;3;1
882.531;813.06;6.83383;-2.81543;0.000308727;0.0030851;0.00106618;0.00344728;-5.3462e-05;1.00021;-0.00296249;-0.00093701;1.00388;0.020273;0.983011;1;3;1
905.531;813.06;6.84188;-2.82662;0.00115177;0.00127034;0.00133672;0.00254909;-0.000126973;0.999551;0.00431044;-0.00153181;1.0035;0.0195432;0.990193;1;3;1
928.531;813.06;6.88677;-2.78717;0.00237324;-0.000296987;0.00219225;0.00360494;-0.00152868;1.00371;-0.00581611;-0.00256511;0.998844;0.0193204;0.984498;1;3;1
951.531;813.06;6.95081;-2.72928;6.4913e-05;0.000894111;-0.000540646;0.00116083;-0.000201803;0.992448;0.00221954;0.000960151;1.00085;0.0205405;0.985116;1;3;1
974.531;813.06;6.88975;-2.80692;-0.00109005;0.000939252;-0.000695026;0.00115447;-0.00130527;1.00799;-0.00104771;0.00270996;0.999443;0.0207498;0.987558;1;3;1
997.531;813.06;6.90058;-2.80494;-0.000566179;0.003261;0.000467081;0.00331718;-0.000622359;0.994606;0.00180864;0.00053125;1.00444;0.0225317;0.981886;1;3;1
1020.53;813.06;6.8637;-2.79404;0.00029935;0.00215175;0.000780368;0.00243668;1.44269e-05;1.00123;-0.00274609;-0.000541187;0.998981;0.0217281;0.98655;1;4;1
1043.53;813.06;6.91432;-2.75208;0.000700774;0.00184767;0.000270458;0.00190825;0.000640194;0.998366;-0.00447489;-0.00101102;0.998746;0.0220533;0.981091;1;3;1
1066.53;813.06;6.89592;-2.80399;-0.000494086;0.00180293;0.000256753;0.00183128;-0.000522435;0.999445;-0.00224184;-0.00385322;1.00359;0.0210529;0.988865;1;4;1
1089.53;813.06;6.89158;-2.76987;0.000561609;0.00221391;0.00139482;0.00300888;-0.000233367;1.00035;-0.0108828;0.00280275;1.00043;0.0214189;0.985927;1;3;1
1112.53;813.06;6.92173;-2.76177;0.00130439;0.00279509;0.000814202;0.00315359;0.000945894;1.00059;2.04457e-05;-0.00324065;1.00594;0.02089;0.985922;1;3;1
1135.53;813.06;6.95147;-2.68983;0.000375104;0.00167826;0.000542086;0.00187428;0.000179092;1.00342;0.00146894;0.000901063;1.00208;0.0193289;0.989128;1;3;1
1158.53;813.06;6.93892;-2.68916;0.000753461;0.00264161;-0.00105186;0.00311093;0.000284141;0.997153;-0.00227764;0.000587976;0.998873;0.0211544;0.982272;1;3;1
1181.53;813.06;6.9861;-2.73491;0.000572353;0.00186181;-0.000291821;0.00192477;0.000509385;1.00692;-0.00602206;0.00215725;1.00133;0.0205913;0.987562;1;3;1
1204.53;813.06;6.96524;-2.71846;-0.00136412;0.00122021;0.00101679;0.0015723;-0.0017162;0.994038;-0.00200169;-0.00203903;1.00228;0.0195475;0.990575;1;3;1
1227.53;813.06;6.92327;-2.67536;-0.00150494;0.00108306;0.000718678;0.00126924;-0.00169112;0.99924;-0.00142147;-0.00196528;1.00312;0.0218829;0.984038;1;3;1
1250.53;813.06;6.89591;-2.65429;0.00423368;0.00204108;0.00132294;0.00485553;0.00141922;1.00173;0.00216837;-0.0024767;1.00764;0.0257933;0.982428;1;3;1
1273.53;813.06;7.11759;-2.63408;0.00968496;-0.000155035;0.00314338;0.0106034;-0.00107346;1.00546;-0.00871058;0.000762237;0.997177;0.033433;0.964763;1;4;1
31.5305;790.06;6.80799;-2.98739;0.000294834;0.00185794;-0.00106182;0.00239483;-0.000242051;0.997425;0.00514321;-0.000727416;1.00292;0.0188492;0.991554;1;3;1
54.5305;790.06;6.81477;-2.9885;0.000862821;0.00154135;-0.00137873;0.00262195;-0.000217776;1.00152;0.00955587;0.00418267;0.999233;0.0200601;0.987234;1;3;1
77.5306;790.06;6.84764;-3.03356;0.00083653;0.00227964;-8.03653e-05;0.00228411;0.000832068;1.00333;0.00208431;-0.0017513;1.00274;0.0188031;0.992621;1;3;1
100.531;790.06;6.85323;-2.96417;-0.000672606;0.000935644;-0.000270967;0.000980071;-0.000717033;0.999057;-0.00298371;0.000825309;1.00181;0.0191831;0.99228;1;2;1
123.531;790.06;6.81668;-3.00215;-0.00032105;0.00182542;-0.000527295;0.00194796;-0.000443588;0.998186;-0.00320178;0.00230984;1.00117;0.0179616;0.993917;1;2;1
146.531;790.06;6.83846;-2.97994;-0.000418098;0.000851648;-0.00080875;0.00124495;-0.000811399;1.00095;0.00158901;-0.00266812;1.00229;0.0189011;0.993258;1;2;1
169.531;790.06;6.79744;-2.98333;-7.6175e-05;0.00176958;-0.000240405;0.00180038;-0.000106973;0.998355;-0.00183518;0.000780821;0.998399;0.0206192;0.990249;1;2;1
192.531;790.06;6.83495;-2.96346;0.00155743;0.00103715;4.17479e-05;0.00156076;0.00103382;1.00316;-0.00182873;0.000604005;1.00053;0.0185064;0.991468;1;2;1
215.531;790.06;6.86903;-2.97252;0.000882555;0.00213092;-0.000490291;0.00230045;0.000713018;1.00142;-0.000370826;-0.000648382;1.00075;0.019737;0.989141;1;3;1
238.531;790.06;6.87553;-2.9527;0.000707554;0.00125876;0.000136064;0.00129052;0.000675796;0.996934;-0.00265398;0.000265208;1.00321;0.0179577;0.99484;1;3;1
261.531;790.06;6.90155;-2.93453;-0.000101983;0.00172709;-0.000841782;0.00205552;-0.000430417;1.00266;0.00280516;0.0022014;1.00093;0.0179245;0.992113;1;2;1
284.531;790.06;6.87083;-2.98397;0.000241302;0.0013721;-0.000698976;0.00170572;-9.23229e-05;0.998904;0.00230426;0.000207684;1.00062;0.0180577;0.992606;1;2;1
307.531;790.06;6.91263;-2.97334;0.000229235;0.00137734;-0.000128852;0.00139162;0.000214951;1.00237;-0.000964719;-0.000280298;1.00038;0.0197101;0.991803;1;3;1
330.531;790.06;6.88136;-2.95118;-0.00119929;0.000842343;-0.000390747;0.000914572;-0.00127152;1.0005;0.00345748;0.000222475;1.00414;0.0174366;0.994035;1;2;1
353.531;790.06;6.85741;-2.93393;-0.000330485;0.0011606;-0.000955128;0.00162671;-0.000796596;0.997989;0.00740411;-0.00146749;1.00232;0.0198241;0.989722;1;3;1
376.531;790.06;6.86616;-2.9537;-0.000186173;0.00196098;-0.000734899;0.00218842;-0.000413612;1.00064;-0.000791049;-0.000600201;1.00018;0.0186595;0.99035;1;3;1
399.531;790.06;6.84885;-2.94624;0.000749703;0.00179387;-0.000599553;0.00206679;0.00047678;1.00102;-0.00178754;0.000811837;0.998248;0.0191338;0.990025;1;3;1
422.531;790.06;6.90063;-2.95274;0.000227425;0.000808309;-0.000873617;0.0014385;-0.000402765;0.997298;-0.00370241;0.000969107;1.00221;0.0187019;0.992555;1;3;1
445.531;790.06;6.85926;-3.00872;-0.00145263;0.00121401;-4.96029e-06;0.00121401;-0.00145264;1.00092;-0.00190617;0.0010274;1.00131;0.0185145;0.991591;1;3;1
468.531;790.06;6.83376;-2.94416;-0.000144079;0.00083183;0.000381507;0.000963267;-0.000275517;0.996885;0.00348496;-0.00333326;0.999377;0.0164468;0.993741;1;3;1
491.531;790.06;6.85258;-2.93776;-0.000116082;0.00208345;0.000235159;0.00210831;-0.000140942;0.998609;-0.000935368;-0.00130531;1.0046;0.0179646;0.989139;1;3;1
514.531;790.06;6.8284;-2.90784;-0.00109473;0.000546443;-0.000149431;0.000559938;-0.00110822;1.00263;-0.00134958;-0.000784796;1.00068;0.0188564;0.990269;1;4;1
537.531;790.06;6.8022;-2.93836;0.000531888;6.36656e-05;0.000425699;0.000783604;-0.00018805;0.999623;-0.000241478;0.00457262;0.999021;0.0174234;0.990382;1;3;1
560.531;790.06;6.85286;-2.9174;-0.000417421;7.48345e-05;-0.000797977;0.000663779;-0.00100637;0.999087;0.00186499;-0.00266433;1.00073;0.0222726;0.985512;1;3;1
583.531;790.06;6.78299;-2.93043;-0.000202811;1.89337e-05;-0.000785089;0.00070094;-0.000884817;0.996212;0.00678544;0.00196823;0.994644;0.021512;0.983598;1;3;1
606.531;790.06;6.84353;-2.90253;0.000118943;-0.000962178;-0.000276438;0.000185526;-0.00102876;1.00003;0.000943049;0.00155792;1.0003;0.0193988;0.988643;1;3;1
629.531;790.06;6.78845;-2.96525;5.26601e-06;0.000247299;-9.29652e-06;0.000247655;4.90946e-06;1.00291;-0.00222228;-0.000551944;1.00312;0.0208287;0.989778;1;3;1
652.531;790.06;6.84376;-2.9363;0.000570118;0.000362189;-6.57911e-05;0.000589186;0.000343121;1.00106;0.00321039;-0.00125742;1.00067;0.0197592;0.989403;1;3;1
675.531;790.06;6.81462;-2.89672;-0.000724547;0.00103355;-0.000404667;0.00112222;-0.000813218;0.996101;-0.000743716;0.00147049;0.995506;0.0247466;0.986191;1;3;1
698.531;790.06;6.8104;-2.9734;-0.00192038;0.00136295;-0.000176741;0.00137244;-0.00192987;1.01024;-0.00320883;0.00236347;1.00298;0.0219449;0.985865;1;3;1
721.531;790.06;6.72619;-2.89283;0.000658442;0.000929018;0.00127384;0.00207474;-0.000487275;1.00036;0.000285135;-0.000859525;0.997183;0.0304104;0.974766;1;3;1
744.531;790.06;6.84063;-2.90042;0.00222213;0.00224938;0.000575777;0.00281169;0.00165982;0.997666;-2.7797e-05;-0.000506495;1.00248;0.020629;0.985246;1;3;1
767.531;790.06;6.82829;-2.87144;-0.000209112;0.00169174;0.00101823;0.00213418;-0.000651559;0.999077;0.000323547;-0.000615929;1.00552;0.0232543;0.981443;1;3;1
790.531;790.06;6.83099;-2.85747;9.07123e-05;0.000767587;0.000507563;0.0010392;-0.0001809;0.999487;-0.00201812;-0.00142635;0.999611;0.0208289;0.983007;1;3;1
813.531;790.06;6.83246;-2.8462;5.09769e-05;-0.000137213;-0.00108324;0.0010442;-0.00113043;1.00297;-0.000793203;0.000122618;0.998956;0.018821;0.987952;1;3;1
836.531;790.06;6.8333;-2.90902;0.000387167;0.00238134;-0.000327461;0.00243373;0.000334772;0.998791;-0.000812797;0.000646063;0.999816;0.0170648;0.992688;1;3;1
859.531;790.06;6.85025;-2.88504;-0.000441822;0.000521445;-0.000197623;0.000560413;-0.00048079;0.999876;-0.000463908;0.000727085;0.998311;0.0181252;0.990436;1;3;1
882.531;790.06;6.81297;-2.88764;-0.00129087;0.00320666;6.3295e-05;0.00320755;-0.00129176;1.00279;0.00283149;-0.000663362;1.0009;0.0205922;0.979975;1;3;1
905.531;790.06;6.79081;-2.84076;0.000162976;0.000114736;0.000275119;0.00041503;-0.000137318;0.998362;-9.63715e-05;-0.00446315;0.996586;0.0217581;0.985049;1;3;1
928.531;790.06;6.82034;-2.78045;0.00187876;0.00208459;0.000811928;0.0028001;0.00116325;1.00122;0.00595538;0.000479783;1.00623;0.0198246;0.990111;1;3;1
951.531;790.06;6.8771;-2.7727;0.000822525;0.0036828;0.000906607;0.00394596;0.000559373;0.999342;-0.00247405;-0.00160745;1.00602;0.0179749;0.990423;1;3;1
974.531;790.06;6.85815;-2.81646;-0.000195484;0.00158168;-0.000682364;0.00181345;-0.000427259;1.00181;0.00110579;0.000365564;1.00622;0.0220565;0.984878;1;3;1
997.531;790.06;6.86803;-2.85541;-0.000178263;0.00269383;0.000531462;0.00278902;-0.000273452;1.00251;-0.00454598;0.0028838;1.00191;0.0234456;0.986567;1;3;1
1020.53;790.06;6.84994;-2.82476;-0.000582225;0.00120705;0.00050315;0.00133884;-0.000714006;0.993923;0.00309087;-0.00345241;1.00045;0.0199118;0.990177;1;3;1
1043.53;790.06;6.84121;-2.79847;0.000924791;0.00148406;0.000656902;0.00191837;0.000490481;1.00492;0.00103008;-0.000658593;1.00184;0.0208799;0.986587;1;3;1
1066.53;790.06;6.89245;-2.7941;-3.55898e-06;5.35208e-06;0.000168228;0.000169183;-0.00016739;0.995902;0.00284876;0.00107753;0.998874;0.0213788;0.98643;1;3;1
1089.53;790.06;6.84104;-2.79306;0.00164255;0.00107215;0.000955608;0.00235461;0.000360089;1.00384;0.00217525;-0.000710964;1.00039;0.0224835;0.979445;1;3;1
1112.53;790.06;6.96795;-2.79493;0.00198202;0.00121576;0.000663349;0.00236493;0.000832847;0.999938;-0.000132784;-0.000119331;1.00057;0.0212918;0.985085;1;3;1
1135.53;790.06;6.93211;-2.75575;-0.00112203;0.00190766;0.00146334;0.00249903;-0.00171339;1.00077;-0.0060069;-0.00250719;1.00158;0.0182437;0.989628;1;3;1
1158.53;790.06;6.9163;-2.76227;3.19073e-05;0.00277972;0.000476388;0.00285996;-4.83406e-05;0.997533;0.000761029;0.000753552;1.00227;0.0181929;0.989913;1;3;1
1181.53;790.06;6.93358;-2.75654;0.000709864;0.000105523;0.000982842;0.00143594;-0.00062055;1.00031;-0.00203889;-0.000987206;1.00076;0.0169256;0.993815;1;3;1
1204.53;790.06;6.94893;-2.73787;0.00107866;-6.08914e-05;0.00105845;0.00171095;-0.00069318;1.00123;0.000994109;-0.00137788;0.995214;0.0154978;0.993583;1;3;1
1227.53;790.06;6.98315;-2.71588;-0.000772837;0.00183457;9.82441e-05;0.00183827;-0.000776533;1.00173;0.00347035;-0.00147362;1.00084;0.0189177;0.991906;1;3;1
1250.53;790.06;6.91334;-2.686;-0.00131177;0.000732314;-8.31318e-06;0.000732347;-0.0013118;0.997208;0.00548108;-0.000369408;0.999683;0.0175416;0.994421;1;3;1
1273.53;790.06;6.92274;-2.66325;0.000409409;0.0016934;0.00284859;0.00397144;-0.00186863;0.999538;-6.64736e-05;-0.00339396;1.00375;0.0228491;0.99273;1;3;1
31.5305;767.06;6.84517;-3.03733;0.000763035;0.00126032;-0.000347535;0.001439;0.000584356;0.995488;-0.00750454;-0.00292618;1.00043;0.0194456;0.98986;1;3;1
54.5305;767.06;6.86272;-3.03377;0.000793906;0.00086956;-0.00107587;0.00190827;-0.000244802;1.00307;-0.00336595;0.00325206;0.998306;0.0204073;0.98872;1;3;1
77.5306;767.06;6.88168;-3.05478;0.00035134;-0.000694159;0.000172871;0.000379182;-0.000722001;1.00122;-0.0031899;-0.000217195;0.998483;0.0211139;0.989396;1;3;1
100.531;767.06;6.87886;-3.00168;9.12028e-05;0.00193125;0.000282994;0.00197379;4.86627e-05;0.996195;0.00226186;0.000377543;0.999582;0.0189495;0.988907;1;3;1
123.531;767.06;6.88586;-3.02177;-0.000346604;0.00142099;-0.000941186;0.00182829;-0.000753903;1.00023;0.00329089;-0.00193915;1.00037;0.0196656;0.986137;1;3;1
146.531;767.06;6.86292;-2.99305;-0.00174342;0.000683961;-0.000598446;0.000823483;-0.00188294;0.999396;0.00382366;-0.00152372;0.996723;0.018822;0.991794;1;3;1
169.531;767.06;6.80559;-3.03524;-0.000758178;0.000355525;-0.00134057;0.0012503;-0.00165295;1.00031;0.00456282;0.00442487;1.00114;0.0239287;0.987692;1;3;1
192.531;767.06;6.82801;-3.0278;0.00194174;0.00222637;4.98837e-05;0.00223486;0.00193325;1.00616;0.00516029;-0.0036404;1.00389;0.0182602;0.993536;1;2;1
215.531;767.06;6.89481;-3.00776;0.000855142;0.0017818;0.00100118;0.00242166;0.000215281;1.00324;-0.000700977;-0.00145939;1.00392;0.0188835;0.992246;1;3;1
238.531;767.06;6.86731;-2.978;-0.000522416;0.00155786;-0.000710877;0.00177758;-0.000742133;0.99599;0.000131026;0.00133465;0.99869;0.0222791;0.991294;1;3;1
261.531;767.06;6.87078;-3.01383;0.000347144;0.00178834;-0.000900395;0.00222099;-8.55014e-05;1.00067;0.000629978;-0.00031602;1.00471;0.0187262;0.992164;1;3;1
284.531;767.06;6.88325;-3.01929;0.000432287;0.000798072;-0.000433079;0.00108529;0.000145066;0.999068;-0.00119289;-0.00197922;1.00314;0.018973;0.990044;1;3;1
307.531;767.06;6.89065;-2.99259;0.000391716;0.000866356;-9.61794e-05;0.000885104;0.000372967;1.00065;-7.79339e-05;0.00283067;0.999814;0.0199654;0.990511;1;3;1
330.531;767.06;6.90125;-2.97845;0.000388078;0.0024077;-9.19854e-05;0.00241188;0.000383897;1.00197;-0.00329515;-0.00193771;0.996963;0.020482;0.988573;1;3;1
353.531;767.06;6.9085;-2.99569;-0.000643399;0.00207184;-0.000623276;0.00220808;-0.000779635;1.00099;-0.00310647;0.00246353;0.995446;0.0192848;0.987089;1;3;1
376.531;767.06;6.87163;-3.01281;-0.000394704;-0.000515008;-0.000830049;0.00037737;-0.00128708;0.998198;0.00129775;-0.0007249;0.996583;0.020451;0.985018;1;3;1
399.531;767.06;6.89034;-3.00861;0.000233409;0.000415527;0.000424306;0.000758435;-0.000109499;0.995097;-0.000275989;-0.00295717;1.00044;0.0204804;0.988565;1;3;1
422.531;767.06;6.88237;-3.01498;-0.000645455;0.00110938;0.000602549;0.00129635;-0.000832428;1.00148;0.00205959;0.00575058;0.999511;0.0185805;0.988699;1;3;1
445.531;767.06;6.86064;-3.02092;-1.06446e-05;-0.000635525;0.000440305;0.000216811;-0.000862981;1.00029;0.00425341;-0.00302982;0.998337;0.0172404;0.993238;1;3;1
468.531;767.06;6.88186;-2.97573;-2.26983e-06;0.00062682;-0.000538478;0.000935891;-0.000311341;1.00189;-0.00191369;-0.00278554;0.999131;0.0194689;0.990013;1;3;1
491.531;767.06;6.86053;-3.0221;-0.000975517;0.00167601;0.000219994;0.00169414;-0.000993646;0.997564;0.00349253;0.000590525;1.0017;0.019934;0.990729;1;3;1
514.531;767.06;6.83696;-2.95106;-0.00146369;0.00215424;-0.00048842;0.00221901;-0.00152846;0.998507;0.0021764;0.000605886;1.00146;0.0183706;0.993896;1;3;1
537.531;767.06;6.79313;-2.97338;0.000463189;0.000736926;-0.000986046;0.00159556;-0.000395442;1.00766;0.00471893;7.50407e-05;1.00264;0.0182505;0.991348;1;3;1
560.531;767.06;6.85826;-2.9514;0.00174586;0.00171386;0.000115252;0.00184622;0.0016135;1.00039;-0.00222903;-0.000514883;1.00071;0.0209644;0.984677;1;3;1
583.531;767.06;6.87336;-2.94769;-0.00017795;0.000708229;-0.00083124;0.0012071;-0.00067682;0.996071;0.00185338;0.00168828;1.00416;0.0186202;0.988847;1;2;1
606.531;767.06;6.85007;-2.92865;-0.000656812;0.00173198;-3.47734e-05;0.00173249;-0.000657319;1.00015;-0.00600168;0.000459826;1.00559;0.0194463;0.986102;1;3;1
629.531;767.06;6.84314;-2.95478;0.000738707;-0.0004159;-0.000688194;0.00105967;-0.000736868;0.998878;0.00193993;-0.00353128;0.997944;0.023384;0.981146;1;3;1
652.531;767.06;6.88403;-2.96114;-0.000450794;0.000884719;0.000357927;0.000974597;-0.000540672;1.00492;-0.00231184;0.00652266;0.996376;0.0235452;0.982387;1;3;1
675.531;767.06;6.82239;-2.97301;-0.000545298;0.000955994;0.00013841;0.000968648;-0.000557952;1.00199;-0.00189664;0.00475706;0.996898;0.0245157;0.983764;1;4;1
698.531;767.06;6.85893;-2.97111;-0.000400974;0.000246813;-0.000426297;0.000458304;-0.000612465;0.996787;0.00958283;-0.00509131;0.994082;0.0241398;0.987533;1;3;1
721.531;767.06;6.80393;-2.93945;-0.00101971;0.00193261;-0.0018448;0.00281915;-0.00190625;1.00316;0.00506724;0.000941995;1.00165;0.0253764;0.982696;1;4;1
744.531;767.06;6.812;-2.97517;0.000605384;0.00224422;0.000225875;0.00227479;0.000574822;0.994615;-0.00950761;0.00202783;1.003;0.0233741;0.981042;1;3;1
767.531;767.06;6.83177;-2.94135;0.000890902;0.00170003;0.000411828;0.00187276;0.000718167;1.00236;-0.00368647;0.000406523;0.999702;0.0224225;0.981256;1;3;1
790.531;767.06;6.85294;-2.92729;0.000180845;0.00173001;3.47746e-05;0.00173079;0.000180065;1.00333;0.00331326;-0.00190686;1.0011;0.0224608;0.985562;1;3;1
813.531;767.06;6.84006;-2.89031;-0.000327813;0.00196163;4.2573e-05;0.00196242;-0.000328604;0.996433;0.0012835;-0.00174551;1.0028;0.0201031;0.988702;1;3;1
836.531;767.06;6.83786;-2.92632;0.000592625;-0.000193054;-5.14096e-05;0.000595975;-0.000196403;0.999371;-0.000683933;0.00345848;1.00002;0.0171456;0.991747;1;3;1
859.531;767.06;6.86731;-2.91128;0.000753179;0.000586447;0.000791782;0.00146597;-0.000126345;1.00052;-0.00105167;-0.0015883;1.00089;0.0202126;0.985718;1;2;1
882.531;767.06;6.87248;-2.96269;0.00122937;0.000232183;0.00149183;0.00230373;-0.000842167;1.00053;-0.00039008;0.00262578;1.00022;0.0207811;0.980271;1;4;1
905.531;767.06;6.92376;-2.83182;0.00017127;0.00121813;0.000290054;0.00129312;9.6277e-05;1.00409;-0.00321349;-0.00160375;1.00111;0.0224076;0.981973;1;4;1
928.531;767.06;6.88029;-2.88296;-0.00200563;0.00236487;-0.00118238;0.00266424;-0.002305;0.995613;-0.00388354;0.0012498;0.997622;0.0199454;0.989352;1;3;1
951.531;767.06;6.83136;-2.89822;-0.000230439;0.00385683;-5.77136e-07;0.00385683;-0.000230439;0.993602;0.000163966;-0.00223242;0.999994;0.0202038;0.98681;1;3;1
974.531;767.06;6.86969;-2.87961;0.00026099;0.00213153;-0.000798798;0.00242622;-3.37032e-05;1.00854;-0.00157838;-0.000712633;1.00003;0.0240622;0.978792;1;3;1
997.531;767.06;6.84335;-2.92866;0.000103216;0.000780888;0.000747793;0.00126303;-0.000378925;0.992911;-0.0018692;-0.0019713;0.99956;0.0198185;0.988863;1;3;1
1020.53;767.06;6.87442;-2.84953;0.000900388;0.00272757;0.000448619;0.00283177;0.000796184;1.00064;-0.00226784;-0.00269791;1.00194;0.022418;0.989759;1;3;1
1043.53;767.06;6.88462;-2.82029;0.000249134;0.00215912;-2.27245e-05;0.00215939;0.000248864;1.0012;-0.00425963;-0.000642119;1.00172;0.0214337;0.985475;1;3;1
1066.53;767.06;6.88586;-2.80424;-0.00177318;0.00212472;0.000380451;0.0021615;-0.00180997;0.99561;-0.0016697;-0.000481497;1.00478;0.0237281;0.985228;1;3;1
1089.53;767.06;6.80298;-2.81908;0.000266257;0.00246461;-0.000435783;0.00254784;0.000183022;1.00141;-0.000952747;0.00263652;0.998359;0.0211614;0.985579;1;3;1
1112.53;767.06;6.8981;-2.81766;0.00101106;0.000965019;0.00106995;0.00205824;-8.21573e-05;0.998974;-0.00389634;-0.00414996;0.997305;0.0243494;0.98307;1;3;1
1135.53;767.06;6.84945;-2.77738;-8.26136e-05;0.00133594;0.0003299;0.00140891;-0.000155582;1.00202;0.00358203;0.00165559;1.00258;0.0221327;0.982623;1;3;1
1158.53;767.06;6.8943;-2.81683;0.00153807;0.00154776;0.000367406;0.00191035;0.00117548;1.00237;0.000130382;-0.00677169;1.00301;0.0212087;0.9878;1;3;1
1181.53;767.06;6.92013;-2.73972;0.000312672;0.00127966;0.00140369;0.00228079;-0.000688461;0.997828;-0.000417067;-0.00217713;1.00066;0.0192179;0.992988;1;3;1
1204.53;767.06;6.90857;-2.71563;0.00100261;0.000904544;-5.48907e-05;0.00102718;0.000879975;1.0006;-0.00323489;0.00150949;1.00281;0.0185087;0.993037;1;3;1
1227.53;767.06;6.96622;-2.75966;0.000888394;0.00197449;0.000693664;0.00231239;0.000550494;1.006;-0.00396072;-9.32524e-05;1.00381;0.0201886;0.99452;1;2;1
1250.53;767.06;6.94941;-2.68793;-0.00141234;0.00111112;-0.000213858;0.00112912;-0.00143034;0.998347;-0.000743654;-0.00196432;1.00261;0.0197151;0.990374;1;3;1
1273.53;767.06;6.90118;-2.7114;-0.00209418;0.00103993;-0.000996622;0.00133;-0.00238425;0.997959;-0.000606834;-0.00251297;0.99766;0.0221926;0.992432;1;3;1
31.5305;744.06;6.84707;-3.04531;0.00214007;-5.67955e-05;0.000409288;0.00221385;-0.000130571;0.998934;0.00141445;7.64181e-05;0.999593;0.0241244;0.987537;1;3;1
54.5305;744.06;6.89623;-3.02841;0.000364344;0.000351169;-0.000313906;0.000671731;4.37818e-05;0.999339;0.00290833;-6.67857e-05;1.00289;0.0189267;0.99377;1;3;1
77.5306;744.06;6.8638;-3.00162;-0.000781275;0.0011118;-0.000628837;0.00130164;-0.000971122;0.99773;0.00303109;-0.000550766;0.997953;0.0187857;0.993154;1;2;1
100.531;744.06;6.86027;-3.05292;0.00104829;0.00165689;-0.00061519;0.00203892;0.000666253;1.00148;-0.00165321;0.00138845;1.00355;0.0211858;0.991388;1;2;1
123.531;744.06;6.91195;-3.06737;0.000431821;0.0020304;-0.000407981;0.0021285;0.000333719;0.999356;0.00157475;-0.00422573;1.0029;0.0194669;0.990692;1;3;1
146.531;744.06;6.88011;-3.01137;-0.000561269;0.00120557;-0.0001577;0.00121953;-0.000575234;1.00136;-0.00101759;-0.00590049;1.00366;0.0193674;0.991466;1;3;1
169.531;744.06;6.88608;-2.9996;-0.000483039;0.000208423;-0.00220654;0.00209616;-0.00237077;1.00159;0.00156376;0.00710344;1.00607;0.0184317;0.996175;1;3;1
192.531;744.06;6.85785;-3.06575;-0.00128616;0.00101083;-0.00191691;0.00209697;-0.0023723;1.00186;0.00872648;-0.00183021;1.00107;0.0198357;0.990946;1;3;1
215.531;744.06;6.82684;-3.05439;0.00167635;0.000973099;0.000371699;0.00183639;0.000813059;1.00014;0.000737492;-0.00107218;1.00062;0.0214918;0.990477;1;2;1
238.531;744.06;6.93488;-3.02427;0.00252887;0.00106736;-0.000417341;0.00263965;0.000956584;1.00451;0.00835277;0.00187508;1.00276;0.0211759;0.987949;1;3;1
261.531;744.06;6.94301;-3.0167;-6.48135e-05;0.000577933;-0.000637726;0.000970685;-0.000457566;0.998416;0.00405804;-0.000447318;0.996488;0.017861;0.992508;1;3;1
284.531;744.06;6.9319;-3.02062;0.000420299;0.00115048;-6.70734e-05;0.00115659;0.000414189;0.999864;0.00354429;-0.00123987;1.00046;0.0208272;0.989641;1;2;1
307.531;744.06;6.96234;-3.01315;-0.000981443;0.00102186;-0.00100594;0.0014398;-0.00139938;0.997599;0.000657087;0.00421368;1.00043;0.0193377;0.992438;1;2;1
330.531;744.06;6.88671;-3.0618;-0.00178093;0.00183868;-0.0003537;0.00187292;-0.00181517;1.00267;0.00203924;-0.00203604;1.00815;0.018208;0.991919;1;3;1
353.531;744.06;6.88034;-3.02913;0.000937527;0.00176296;0.00178247;0.00317986;-0.00047938;1.00274;0.00218466;-0.0018214;1.00586;0.0197721;0.989839;1;3;1
376.531;744.06;6.92963;-2.92996;-0.00157807;0.000526551;0.000473118;0.000628015;-0.00167953;0.994392;0.00655823;-0.00205847;1.00091;0.0190861;0.984761;1;3;1
399.531;744.06;6.80765;-2.96533;-0.00210096;8.12583e-05;-0.000823103;0.000356904;-0.0023766;0.994104;0.00102304;-0.00202061;1.00165;0.0190906;0.989427;1;3;1
422.531;744.06;6.83283;-3.00369;0.00109493;0.000161936;0.000340329;0.00120587;5.09867e-05;1.00503;-0.00866475;0.00419855;1.00044;0.0204442;0.986955;1;3;1
445.531;744.06;6.85798;-2.97948;0.00107246;0.000116209;-1.86453e-05;0.00107282;0.000115846;1.00165;-0.000563788;-0.0023434;0.998073;0.0175074;0.992223;1;3;1
468.531;744.06;6.88212;-2.97296;-1.995e-05;0.00151365;-3.63477e-05;0.00151452;-2.0811e-05;0.998148;0.00165892;0.00334354;1.00276;0.0182256;0.993225;1;3;1
491.531;744.06;6.85705;-3.01479;0.000873989;0.000767283;-0.000907409;0.00172961;-8.83407e-05;1.00663;-0.00192166;0.00219055;1.00167;0.0174707;0.993044;1;2;1
514.531;744.06;6.9223;-3.00673;0.00077199;0.00177555;-0.000488256;0.00197389;0.000573643;1.0005;0.00296719;-3.6857e-05;1.00355;0.0176675;0.993804;1;2;1
537.531;744.06;6.89253;-2.97215;-0.00118022;0.00196974;-0.000885358;0.00220153;-0.00141201;0.999589;5.24346e-05;-0.00443701;1.00408;0.0181887;0.993276;1;3;1
560.531;744.06;6.86797;-2.99617;-0.000223415;0.0012095;-0.000270595;0.0012589;-0.000272812;0.998858;0.00671259;0.00291528;0.998449;0.0193083;0.989302;1;3;1
583.531;744.06;6.88225;-2.96289;-0.000615993;0.00137062;0.000611926;0.00154398;-0.000789352;1.00014;0.000967015;0.00114682;0.998181;0.0202138;0.987651;1;2;1
606.531;744.06;6.83963;-2.98213;-0.0013683;0.0011294;-0.000155867;0.00113909;-0.00137799;1.00151;0.00237112;-0.00322289;1.00017;0.0182723;0.990713;1;3;1
629.531;744.06;6.81926;-2.94611;-0.00102271;0.000507678;-0.00030915;0.00056777;-0.0010828;0.996126;0.00134267;0.00536498;1.00111;0.0213636;0.9868;1;3;1
652.531;744.06;6.79256;-2.97695;-0.000594971;0.000696652;0.00026202;0.000747782;-0.000646101;1.00244;0.00110942;-0.000539813;1.0021;0.0206256;0.986325;1;3;1
675.531;744.06;6.79189;-2.94067;0.00197301;0.00018056;-0.000447204;0.00207839;7.51806e-05;0.995166;-0.000273261;-0.000752199;0.99996;0.0214943;0.98368;1;3;1
698.531;744.06;6.88323;-2.98469;0.0021795;-0.00039894;-0.000493309;0.00227066;-0.000490097;1.00568;-0.00330112;-0.00183742;1.00053;0.0229923;0.984138;1;3;1
721.531;744.06;6.89202;-2.98135;-0.00141789;0.000495897;-0.000831134;0.000806453;-0.00172845;0.990701;-0.00139764;0.00297455;1.00309;0.0253982;0.985617;1;3;1
744.531;744.06;6.81795;-3.00353;-0.00116565;-2.02815e-05;-0.000206701;1.58794e-05;-0.00120181;1.00442;0.00709472;-0.00412352;1.00254;0.023506;0.983055;1;4;1
767.531;744.06;6.83835;-2.94958;0.00132686;0.000379394;0.00032381;0.00142695;0.000279301;1.0005;-0.00288531;0.00374991;1.00042;0.0248671;0.98647;1;3;1
790.531;744.06;6.8789;-2.93696;-0.000192188;3.64805e-05;-0.000816995;0.000747103;-0.000902811;1.00111;0.00188837;-0.00175665;1.00165;0.0229983;0.982724;1;3;1
813.531;744.06;6.82951;-2.93635;-0.00134269;0.00165931;0.000612123;0.00177932;-0.00146271;0.998974;-0.00065946;-0.00148564;1.00136;0.0178419;0.990371;1;2;1
836.531;744.06;6.81708;-2.90014;-0.00191992;-0.000575403;0.000533891;-0.000389192;-0.00210614;0.998074;0.00211618;0.00198027;0.998372;0.0204052;0.98599;1;3;1
859.531;744.06;6.7411;-2.91188;-0.00134289;0.000611996;0.00129362;0.00125592;-0.00198681;0.997235;-0.00633607;-7.80705e-05;0.998896;0.023636;0.98859;1;4;1
882.531;744.06;6.75527;-2.89828;0.00223811;-0.000211354;0.00146371;0.00292189;-0.000895133;1.00451;-0.00320359;-0.0011242;1.00138;0.0188429;0.986912;1;3;1
905.531;744.06;6.84394;-2.89673;0.00233711;0.00287116;0.000837201;0.00348289;0.00172538;0.997919;-0.000694326;-0.00223404;1.00522;0.0188306;0.988348;1;3;1
928.531;744.06;6.86265;-2.88908;0.000796045;0.0010145;-0.00107202;0.00198285;-0.000172302;1.00119;-0.00136021;0.00100639;1.00255;0.0183243;0.990027;1;3;1
951.531;744.06;6.88051;-2.94977;0.000836946;-0.000278388;-0.00064537;0.00113221;-0.000573654;0.998912;0.00244889;-0.00172353;1.00565;0.0233067;0.985444;1;3;1
974.531;744.06;6.90112;-2.91439;-0.00111087;0.000990535;0.000116457;0.00099697;-0.0011173;1.00134;0.00388179;-0.00132919;1.00162;0.0207849;0.986927;1;3;1
997.531;744.06;6.82935;-2.8913;0.000351469;-0.000751715;-0.000367105;0.000462463;-0.000862708;1.00315;0.0019629;-0.00583512;1.00252;0.0227523;0.987613;1;3;1
1020.53;744.06;6.91727;-2.95001;0.00129069;0.00118666;6.34616e-05;0.00132073;0.00115662;0.996425;-0.00214933;0.00377523;1.00398;0.0265156;0.981508;1;4;1
1043.53;744.06;6.88868;-2.89766;-0.00127383;0.00151271;0.000893756;0.00177474;-0.00153585;0.999864;0.00501381;-0.00102375;1.00504;0.0201121;0.984559;1;3;1
1066.53;744.06;6.8586;-2.89172;-0.00045645;0.0019555;0.000242586;0.00197966;-0.000480606;1.00058;-0.000106827;-0.000947803;0.999106;0.0262583;0.976657;1;3;1
1089.53;744.06;6.86768;-2.90628;0.00114708;0.00243974;0.000342587;0.00252492;0.0010619;1.00194;-0.00384949;0.00332609;1.00285;0.0232012;0.985938;1;3;1
1112.53;744.06;6.91131;-2.83926;0.00076101;0.000632162;0.00100963;0.00170827;-0.000315097;1.00149;0.00380476;-0.00369897;1.00541;0.0201159;0.988074;1;3;1
1135.53;744.06;6.90258;-2.81715;0.000193581;0.000915133;-0.000837891;0.00146662;-0.000357904;1.00018;0.00114877;0.00386577;1.00385;0.0178278;0.991055;1;3;1
1158.53;744.06;6.92021;-2.83341;6.95385e-05;-0.000854843;-0.000248364;0.000132043;-0.000917348;1.0004;0.000311195;-0.0017797;0.999877;0.018709;0.988407;1;3;1
1181.53;744.06;6.90578;-2.81536;0.000301306;0.0014241;0.000802577;0.00184214;-0.000116733;1.00134;0.00259668;0.000536093;1.00221;0.0170915;0.991135;1;3;1
1204.53;744.06;6.93404;-2.77946;0.000899063;0.00133034;0.000567658;0.00172193;0.000507465;1.0001;-0.00452709;-0.00277479;1.00072;0.0188516;0.9902;1;3;1
1227.53;744.06;6.94712;-2.8066;0.00103099;0.00116385;0.000668233;0.00176895;0.000425891;0.999899;0.000669517;0.000902769;0.999513;0.0201589;0.989041;1;3;1
1250.53;744.06;6.98142;-2.73704;0.000446078;0.00178419;0.0012142;0.00250147;-0.000271203;1.00078;-0.00216402;-0.00526809;1.00116;0.0213916;0.992772;1;3;1
1273.53;744.06;6.96754;-2.71104;-0.000602896;7.10445e-05;-0.000113079;8.95118e-05;-0.000621364;0.996094;0.00580618;0.00184572;0.998887;0.0219804;0.989857;1;2;1
31.5305;721.06;6.84132;-3.03472;0.00409344;0.000430427;-0.0013006;0.00450826;1.5607e-05;0.996904;0.00569687;-0.00173915;0.999532;0.0209244;0.988868;1;2;1
54.5305;721.06;6.93527;-3.04987;0.00160442;0.00194281;-0.00101521;0.00280283;0.000744408;1.00567;0.00532603;0.0035704;1.00027;0.0202872;0.990568;1;3;1
77.5306;721.06;6.91501;-3.10588;-0.00142626;0.0018321;-0.000842307;0.00203696;-0.00163112;0.99479;0.00268264;0.00301145;0.996651;0.0218748;0.993123;1;3;1
100.531;721.06;6.86961;-3.07784;0.00108729;0.000709114;-0.000764865;0.00168609;0.000110311;0.998683;0.00170655;-0.00338404;0.997925;0.0198267;0.991002;1;3;1
123.531;721.06;6.965;-3.11501;0.00164754;0.000320971;0.000179294;0.00167134;0.000297166;1.00355;-0.00234013;-0.00106297;0.997918;0.0171543;0.993884;1;2;1
146.531;721.06;6.94533;-3.0484;-0.000232026;0.00106411;0.000411054;0.00118348;-0.000351394;0.9967;0.00364794;-0.00385225;0.997064;0.0215116;0.99135;1;2;1
169.531;721.06;6.95427;-3.04458;9.47404e-05;0.00183649;-0.000851086;0.0021833;-0.000252076;1.00406;0.00681248;0.00227788;0.996005;0.0210932;0.990398;1;3;1
192.531;721.06;6.94968;-3.07412;-0.00113284;0.00129844;-0.000978579;0.00164338;-0.00147777;0.999847;-0.00513325;-0.00122295;1.00198;0.0180393;0.993817;1;3;1
215.531;721.06;6.90213;-3.0525;-0.000139407;0.000852191;-0.000308668;0.000940423;-0.00022764;1.00029;-0.0026566;0.00248886;0.998807;0.0193435;0.991345;1;2;1
238.531;721.06;6.94324;-3.02701;0.000673431;0.00165403;0.000388995;0.0017896;0.000537862;1.00123;-0.0043939;-0.00233258;1.00179;0.0200388;0.9877;1;3;1
261.531;721.06;6.9331;-3.04037;-0.00109156;0.000793484;-0.000671592;0.00100828;-0.00130636;0.997946;-0.00280836;0.00164265;1.00072;0.0195562;0.993468;1;2;1
284.531;721.06;6.89298;-3.07218;0.000194206;0.00217972;0.000206762;0.00220103;0.000172903;0.999369;-0.000129863;0.00278503;1.00113;0.0196876;0.99275;1;3;1
307.531;721.06;6.94203;-3.03955;0.000539945;0.00125408;0.00033772;0.00138849;0.000405533;0.997936;0.00169772;0.00302051;1.00192;0.0200385;0.991663;1;2;1
330.531;721.06;6.91781;-3.06295;-0.00142054;0.000860696;-0.00104854;0.00126942;-0.00182926;0.998092;0.000990476;-0.00151195;0.995913;0.0198735;0.992168;1;3;1
353.531;721.06;6.87662;-3.07671;-0.000561221;0.000360395;0.000339528;0.00047197;-0.000672797;0.999847;-0.00195536;-0.00154437;0.99883;0.0188692;0.989287;1;3;1
376.531;721.06;6.89198;-3.03702;0.000342473;0.00227485;0.00166542;0.00323405;-0.000616729;1.00263;-0.00224145;-0.00136067;1.00286;0.0189089;0.991482;1;3;1
399.531;721.06;6.89233;-3.01235;-0.00119543;0.00330921;-0.000566954;0.00337947;-0.00126569;0.997656;-0.00360729;-0.000176289;1.0052;0.0209756;0.986785;1;3;1
422.531;721.06;6.83695;-3.0224;1.59369e-05;0.000922686;-0.000700308;0.00130357;-0.000364943;0.996286;0.00343963;0.000868423;1.00054;0.0185361;0.991904;1;3;1
445.531;721.06;6.89306;-3.02626;0.000280388;0.00262625;-0.000542875;0.00274579;0.000160848;1.00427;0.000558661;-0.000551916;1.00269;0.018648;0.991984;1;3;1
468.531;721.06;6.84984;-3.04529;0.000372241;0.00185114;-0.000435708;0.00196996;0.000253421;0.99886;7.73169e-05;0.000262362;1.00094;0.0212017;0.989257;1;3;1
491.531;721.06;6.91017;-3.05735;0.00162485;0.00087305;-0.000276207;0.00171542;0.000782483;1.00162;0.00235496;0.000200372;0.998623;0.0192972;0.990151;1;3;1
514.531;721.06;6.92452;-3.03258;-0.000540981;0.00069344;0.000621054;0.000951819;-0.00079936;1.00025;-0.00458689;0.00123302;0.99576;0.0201313;0.991483;1;3;1
537.531;721.06;6.88528;-3.06381;-0.000697039;0.00141363;0.000353457;0.00147125;-0.000754656;0.999907;-0.000186701;-0.00243528;0.995537;0.0192545;0.988533;1;3;1
560.531;721.06;6.89244;-3.00699;-0.00117652;0.00137154;0.000225891;0.00139141;-0.00119639;0.999119;-0.00486082;-0.000849323;1.00257;0.0184412;0.991424;1;2;1
583.531;721.06;6.83109;-3.01067;-0.000243086;0.00136574;-0.000104292;0.00137248;-0.000249818;1.00097;-0.0045983;0.000851643;1.00121;0.0216478;0.985394;1;2;1
606.531;721.06;6.88125;-2.98056;0.000994151;0.000807775;-0.000658343;0.00156587;0.000236057;0.998877;0.00249152;-0.000894125;1.00116;0.0183533;0.991574;1;3;1
629.531;721.06;6.87679;-2.97811;-0.000345496;0.002863;-0.000382052;0.00290787;-0.000390361;1.00303;-0.00278449;0.00170957;1.00683;0.0217399;0.980676;1;3;1
652.531;721.06;6.86535;-2.99317;-0.000457719;0.00110311;-0.000744592;0.00140134;-0.000755944;1.00028;0.00361805;0.00314352;1.00073;0.0186969;0.988848;1;3;1
675.531;721.06;6.85573;-2.98131;-3.6786e-05;0.00119367;-0.000108087;0.00120309;-4.62084e-05;1.00269;0.00304004;-0.00241879;1.00648;0.023529;0.985845;1;3;1
698.531;721.06;6.86364;-2.95276;0.000128364;0.000986985;0.000706983;0.0013848;-0.000269449;0.999202;-0.00146772;-0.00450713;1.00039;0.0236581;0.978894;1;3;1
721.531;721.06;6.86163;-2.96222;-1.70883e-05;-9.98869e-05;0.000119701;6.81701e-05;-0.000185145;1.00038;-0.00202305;0.00669814;0.995846;0.0214139;0.983058;1;3;1
744.531;721.06;6.86285;-2.97421;0.000149907;-0.000331238;-0.000227327;0.000240322;-0.000421653;0.994706;-0.000132727;-0.00274004;1.00051;0.0217661;0.986475;1;3;1
767.531;721.06;6.86853;-2.95878;0.00170851;0.00144589;0.000849866;0.00243715;0.00071725;1.01127;0.00214648;-0.00584617;1.00401;0.0237478;0.989061;1;3;1
790.531;721.06;6.94135;-2.92889;-0.00104123;0.000669434;0.000179596;0.000688086;-0.00105988;0.996248;-0.00784345;0.000829577;1.00003;0.0206167;0.986917;1;3;1
813.531;721.06;6.8206;-2.96657;-0.00278308;0.00137047;9.29535e-05;0.00137255;-0.00278516;1.00016;0.000258257;0.00130209;1.0007;0.0194331;0.988338;1;3;1
836.531;721.06;6.81314;-2.89984;-0.00153367;0.00220584;0.000193622;0.00221584;-0.00154367;0.992059;0.0003502;-0.00361937;1.0058;0.0230043;0.979474;1;3;1
859.531;721.06;6.74999;-2.93927;-0.00130093;0.00116532;-0.00131457;0.00173461;-0.00187022;1.00096;0.0070403;0.00573508;1.00665;0.0246782;0.975977;1;3;1
882.531;721.06;6.75323;-2.95281;0.00230984;0.00112053;-0.00101324;0.00289004;0.000540341;1.00089;0.00286735;-0.00105484;1.00018;0.0198137;0.9836;1;3;1
905.531;721.06;6.85612;-2.96366;0.00375819;0.00130994;0.000305301;0.00379569;0.00127244;1.00607;-0.000361704;-0.000724343;0.999239;0.0199594;0.987322;1;3;1
928.531;721.06;6.92578;-2.92958;0.000203377;0.000743541;0.00118122;0.00168516;-0.000738245;0.992192;0.00247879;-0.000152561;0.999226;0.020035;0.98569;1;3;1
951.531;721.06;6.8654;-2.8854;-0.000178752;7.39666e-05;0.000590472;0.000551448;-0.000656234;1.00714;-0.00426441;-0.000923762;1.00084;0.0211214;0.986538;1;3;1
974.531;721.06;6.91756;-2.92513;-0.000518968;0.000745645;0.000302425;0.000814247;-0.000587569;0.999186;-0.00555715;-0.00168487;1.00379;0.0207805;0.981611;1;3;1
997.531;721.06;6.84152;-2.89406;-0.0012018;0.000402403;-0.000547712;0.000571566;-0.00137096;0.994638;0.00228576;-0.00177684;0.996712;0.02373;0.982007;1;3;1
1020.53;721.06;6.86224;-2.90408;0.000417956;-0.000416783;0.0010374;0.0011188;-0.00111762;0.998145;0.000380795;0.00104773;0.997315;0.0237473;0.973861;1;3;1
1043.53;721.06;6.86075;-2.88981;-0.000159663;-0.00232645;0.000713289;5.40645e-05;-0.00254018;1.0006;-0.00781493;-0.000906013;0.993581;0.0211997;0.982796;1;3;1
1066.53;721.06;6.85489;-2.89409;-0.000797513;-0.000130951;-0.00031653;-4.59417e-06;-0.00092387;1.00199;0.000839213;0.000617903;1.00241;0.021311;0.983442;1;3;1
1089.53;721.06;6.82403;-2.93117;0.000860056;-0.00111847;0.00124738;0.00146283;-0.00172124;0.99843;0.000797648;-0.000338923;1.00137;0.0232985;0.985184;1;3;1
1112.53;721.06;6.89441;-2.84673;0.00236103;0.000102234;0.00126298;0.00292594;-0.00046267;1.00241;-0.00301927;-0.00479226;0.998144;0.0236988;0.987056;1;3;1
1135.53;721.06;6.93237;-2.81939;0.000534597;-0.000700183;0.00031775;0.000611567;-0.000777153;0.998158;-0.00120906;0.00075262;0.995444;0.0190757;0.990627;1;3;1
1158.53;721.06;6.91894;-2.77748;-0.000696172;0.000877288;0.000577187;0.00106631;-0.000885192;1.00035;0.00300396;-0.000608607;0.996681;0.0228623;0.982689;1;3;1
1181.53;721.06;6.90033;-2.80518;-0.0011687;0.000792877;0.000259344;0.000826586;-0.00120241;0.997693;-0.00292672;-0.00166219;0.998784;0.0186112;0.990658;1;3;1
1204.53;721.06;6.86515;-2.77676;0.00102012;0.000989356;0.000496715;0.00150169;0.000507783;1.00114;0.00251246;0.000969479;1.00138;0.019719;0.984945;1;3;1
1227.53;721.06;6.94724;-2.81316;0.00148575;0.000273385;-0.000282786;0.00154846;0.000210668;1.00255;0.000839863;0.00172784;0.998722;0.0206586;0.985595;1;2;1
1250.53;721.06;6.93344;-2.76993;0.000358462;0.00216301;0.00168243;0.00316984;-0.000648363;0.995686;-0.00180069;-0.00214282;1.00018;0.021708;0.987218;1;3;1
1273.53;721.06;6.96362;-2.71462;0.00131555;0.00181429;0.00236145;0.00393951;-0.000809663;1.00344;-0.000110921;-0.00496567;1.00341;0.022398;0.993036;1;3;1
31.5305;698.06;6.93605;-3.06502;-0.000769141;0.00303007;-0.00261488;0.00436251;-0.00210158;1.00123;0.00329784;0.00277279;1.00312;0.0175357;0.993337;1;2;1
54.5305;698.06;6.9183;-3.11769;-0.000493386;0.00183816;-0.000418063;0.00191085;-0.000566081;0.995515;0.000404047;0.000272375;1.00161;0.0224544;0.986139;1;3;1
77.5306;698.06;6.91335;-3.08579;6.86527e-05;0.000767671;0.000422443;0.000966445;-0.000130122;1.00037;0.00035873;-0.000472543;1.00259;0.0185479;0.992738;1;2;1
100.531;698.06;6.92144;-3.08549;0.000250841;0.00134547;-0.000596922;0.00160801;-1.17031e-05;1.0013;0.002924;0.00222548;1.00155;0.0238713;0.984343;1;3;1
123.531;698.06;6.92488;-3.08213;-0.000187747;0.000430848;0.000810695;0.000989243;-0.000746143;1.00034;-0.00131138;-0.00346594;1.00117;0.0221907;0.988759;1;3;1
146.531;698.06;6.9128;-3.06028;0.000298338;0.0016051;9.41748e-05;0.00161185;0.000291586;0.994951;-0.00561572;-0.00258935;1.00359;0.0213652;0.990028;1;2;1
169.531;698.06;6.93861;-3.08397;0.000593543;0.000893629;-0.000563668;0.00132688;0.00016029;1.00603;-0.00330403;0.00252108;1.00211;0.0199598;0.992466;1;2;1
192.531;698.06;6.94005;-3.12537;-0.000786885;0.00114195;-0.00035274;0.00120443;-0.000849369;0.999468;0.00477183;-5.48893e-05;0.999457;0.0188591;0.99224;1;3;1
215.531;698.06;6.90239;-3.09351;-0.000625318;0.00134416;-0.00107537;0.00181755;-0.0010987;0.997729;0.00445417;0.000966111;1.0013;0.0198111;0.992547;1;3;1
238.531;698.06;6.91127;-3.10028;0.00124498;0.000650046;0.00039266;0.00144012;0.000454899;0.997548;-0.00268917;0.00100611;0.998185;0.0222554;0.987928;1;3;1
261.531;698.06;6.95961;-3.05318;5.31229e-05;0.00122245;-0.001051;0.00184046;-0.000564887;1.00706;0.000840004;-0.00212331;1.00378;0.0171684;0.994074;1;3;1
284.531;698.06;6.91371;-3.12078;-0.000414668;0.000454467;-0.00116401;0.00126238;-0.00122258;0.998045;-0.00195159;-0.000558703;1.00195;0.020413;0.991426;1;2;1
307.531;698.06;6.94053;-3.07079;0.000703972;0.0010719;0.000329376;0.0012652;0.000510668;0.999882;-0.00380047;-0.00166041;1.00046;0.0176907;0.993572;1;3;1
330.531;698.06;6.94607;-3.10134;-0.00142249;-0.000484048;-9.11171e-05;-0.000475283;-0.00143125;0.996207;0.00042402;0.0042688;1.00025;0.0200956;0.990849;1;3;1
353.531;698.06;6.87504;-3.04571;-0.00228171;-7.17189e-05;0.000168458;-5.89518e-05;-0.00229447;0.996617;0.00420025;-0.00465435;0.99955;0.0176142;0.993344;1;3;1
376.531;698.06;6.84095;-3.0344;-9.49856e-06;0.00168137;-0.000922609;0.00208732;-0.00041545;1.01027;-0.00123454;0.00210376;1.00026;0.0227903;0.986593;1;3;1
399.531;698.06;6.87455;-3.11725;0.000921955;0.00164308;-0.000320287;0.0017648;0.000800243;0.991028;0.00210772;-0.000107244;1.00217;0.018372;0.991233;1;2;1
422.531;698.06;6.88333;-3.04609;0.000226779;0.00174774;-0.00054174;0.00192097;5.35507e-05;1.00406;0.00277898;-0.00194107;1.004;0.0206478;0.990863;1;3;1
445.531;698.06;6.88497;-3.10012;0.000167801;0.00117307;0.000104094;0.00118374;0.000157136;0.997859;0.00166432;-0.000638007;1.00074;0.0206641;0.991361;1;3;1
468.531;698.06;6.89105;-3.05803;0.000221107;-0.000310084;0.000195472;0.000285284;-0.000374262;1.00576;0.00310772;7.65623e-05;1.00023;0.0191603;0.992035;1;3;1
491.531;698.06;6.89512;-3.05492;-0.000703744;-0.000123487;0.000388412;7.11917e-05;-0.000898423;0.994987;-0.00289714;-0.00432881;1.00316;0.0212998;0.988072;1;3;1
514.531;698.06;6.85866;-3.03858;-0.000206198;0.00019629;0.000994892;0.00101009;-0.00102;0.996312;-0.00184198;-0.000495843;1.00612;0.019475;0.988471;1;3;1
537.531;698.06;6.88563;-3.03714;0.00090866;9.86549e-05;-0.000283141;0.000997819;9.49582e-06;1.00637;0.00126547;0.00433174;1.00327;0.019674;0.990617;1;3;1
560.531;698.06;6.90044;-3.0592;0.000710926;0.00251292;-0.000187734;0.00253227;0.000691576;1.00199;0.00284274;-0.00315554;1.00206;0.0185395;0.992936;1;3;1
583.531;698.06;6.91832;-3.02566;0.000701762;0.00160926;-0.000202059;0.00165222;0.000658806;0.997575;-0.000239604;-0.0013026;1.00472;0.0202892;0.983885;1;3;1
606.531;698.06;6.93269;-3.01918;-0.00166203;0.00194502;-0.000642779;0.00205614;-0.00177315;0.998402;-0.00301905;-5.82372e-05;1.00299;0.0210156;0.987977;1;2;1
629.531;698.06;6.84178;-3.07761;-0.00162468;0.00404314;0.000152953;0.00404726;-0.0016288;0.996766;0.00260297;0.00302974;1.00686;0.0194078;0.990548;1;3;1
652.531;698.06;6.85789;-3.02762;1.28398e-05;0.00213175;0.000539439;0.00226117;-0.000116587;0.999519;-0.00362133;0.000360431;1.00642;0.0209218;0.988023;1;3;1
675.531;698.06;6.84229;-2.99552;-0.000447659;0.00194455;-0.000222638;0.00196509;-0.000468203;1.0022;-0.00157211;0.00155871;0.997049;0.0194842;0.987956;1;3;1
698.531;698.06;6.8373;-3.03005;0.000375352;0.00235745;-0.000229168;0.0023836;0.000349201;1.00117;-0.000631368;-0.00541139;1.00207;0.0263185;0.975963;1;3;1
721.531;698.06;6.85955;-2.97674;0.000109106;0.000893589;0.000349662;0.00102682;-2.41208e-05;1.00335;-0.000351166;0.00343145;1.00462;0.0231356;0.987086;1;3;1
744.531;698.06;6.8423;-2.98828;-0.00117158;0.000784514;-0.00142839;0.00153761;-0.00192468;0.999507;-0.000455502;-0.000821827;0.99884;0.0245278;0.975751;1;3;1
767.531;698.06;6.80561;-3.01603;0.000266615;0.00202186;-3.62206e-05;0.00202261;0.000265868;1.00136;0.00183135;-0.00316976;1.00058;0.0209323;0.988048;1;4;1
790.531;698.06;6.85455;-2.96774;0.000967694;0.00278078;0.000496197;0.00290769;0.000840781;0.999658;0.00284426;0.00023137;1.00228;0.0230119;0.985789;1;3;1
813.531;698.06;6.8501;-2.99934;-0.000606291;0.000996696;-0.00100465;0.0014804;-0.00108999;0.997506;0.00136627;0.00141647;1.00294;0.0199597;0.986267;1;2;1
836.531;698.06;6.82664;-3.00149;-0.000890581;0.00204122;0.000146086;0.00204848;-0.000897842;1.00191;-0.000887878;-0.00504987;1.002;0.0205461;0.986352;1;3;1
859.531;698.06;6.8091;-2.9654;-5.8711e-05;0.000704013;-0.00120785;0.00158928;-0.000943976;0.999257;0.00291711;0.000211704;0.998721;0.0241697;0.983423;1;3;1
882.531;698.06;6.82391;-2.94975;0.000652937;0.00146453;-0.000392473;0.00162327;0.000494192;0.995765;0.00192354;-0.000669018;0.99906;0.0231483;0.979967;1;3;1
905.531;698.06;6.83913;-2.95695;0.000182344;0.000864024;0.00045027;0.00108791;-4.15411e-05;0.996393;-0.00338126;-0.00202748;0.998643;0.020036;0.992491;1;3;1
928.531;698.06;6.83229;-2.92326;-0.000184764;0.000799296;0.000782681;0.00123176;-0.000617225;1.00126;-0.00343697;0.000867822;1.00085;0.0198763;0.991207;1;3;1
951.531;698.06;6.83063;-2.95315;0.000702925;0.00174872;-0.000153751;0.00177085;0.00068079;1.00074;-0.000218171;0.00162467;1.00208;0.0189583;0.989522;1;3;1
974.531;698.06;6.86461;-2.94866;0.00152878;0.000978519;0.000961939;0.00225416;0.000253136;1.00065;-3.75062e-05;-0.00283554;0.997881;0.0213832;0.986048;1;3;1
997.531;698.06;6.90088;-2.90975;-0.00083632;0.00263502;0.000449905;0.00269239;-0.000893682;0.996084;-0.00103354;-0.00151062;1.00951;0.0254645;0.967878;1;4;1
1020.53;698.06;6.82612;-2.93075;-0.00147078;0.000409352;0.001893;0.00158285;-0.00264428;1.00398;0.00255212;-0.0024858;1.00626;0.0219189;0.983144;1;3;1
1043.53;698.06;6.83302;-2.79048;0.000440728;0.00109748;0.000946363;0.00177082;-0.000232612;1.0027;0.00223238;-0.00166677;1.00328;0.0296051;0.952483;1;4;1
1066.53;698.06;6.84637;-2.88569;-0.000710243;0.000825392;-0.000744729;0.00112723;-0.00101208;1.00128;-0.00217452;0.00306667;1.00099;0.024628;0.984456;1;3;1
1089.53;698.06;6.80029;-2.85475;0.00131762;-0.000626984;0.000820939;0.00161784;-0.000927204;0.996991;-0.00987438;0.00127876;0.997866;0.0261852;0.981278;1;3;1
1112.53;698.06;6.90692;-2.84396;0.00309794;6.53075e-05;0.000314357;0.00313018;3.30646e-05;1.01145;-0.000333314;-0.00103837;1.00068;0.0245276;0.98578;1;3;1
1135.53;698.06;6.94252;-2.78491;-0.000556405;-0.000698602;7.05761e-05;-0.000527324;-0.000727683;0.996561;0.00131977;-0.000842791;1.00501;0.0225;0.985499;1;3;1
1158.53;698.06;6.88131;-2.87374;-0.0013003;0.00178008;-0.000106709;0.00178377;-0.00130399;0.99759;-0.00848788;0.00864385;1.0056;0.0225983;0.982157;1;4;1
1181.53;698.06;6.88262;-2.85181;-1.90595e-05;0.00261879;0.000689264;0.00278804;-0.000188304;1.00367;-0.00563004;-0.00543342;1.00209;0.0180641;0.991079;1;4;1
1204.53;698.06;6.8804;-2.82491;0.00211779;0.00259233;0.000159696;0.00264107;0.00206905;0.997462;0.00052049;0.00361318;1.00464;0.0196852;0.986067;1;3;1
1227.53;698.06;6.97992;-2.81917;0.000978762;0.00120699;0.000256245;0.00137338;0.00081237;1.00133;-0.00410602;-0.000185037;1.00549;0.0229637;0.986685;1;3;1
1250.53;698.06;6.9254;-2.83639;-0.00257699;0.00151823;0.000885599;0.00170153;-0.0027603;0.99698;0.00328715;-0.00234581;1.00315;0.0201501;0.991478;1;3;1
1273.53;698.06;6.86122;-2.7943;-0.00278495;0.00231628;0.00129144;0.00262459;-0.00309326;0.994904;-0.00739245;-0.00273359;1.00139;0.0261346;0.9873;1;3;1
31.5305;675.06;6.97634;-3.1737;-0.00101561;0.00158179;0.000327814;0.00162253;-0.00105634;1.00155;0.00241093;-0.000675654;0.99952;0.0204838;0.991094;1;3;1
54.5305;675.06;6.95293;-3.13434;-0.00147628;0.000900957;0.000107264;0.000905787;-0.00148111;0.998219;0.00072077;0.00378147;0.999582;0.0197106;0.991649;1;2;1
77.5306;675.06;6.90837;-3.14118;-0.00053798;0.000963027;9.66386e-05;0.000969224;-0.000544176;0.998409;-0.000656597;-0.0031878;1.00083;0.0203181;0.99194;1;3;1
100.531;675.06;6.92818;-3.13965;0.000157876;0.00149013;-0.00022901;0.0015284;0.000119609;1.00045;0.00140563;0.00179017;1.00355;0.0224737;0.988792;1;2;1
123.531;675.06;6.91563;-3.13479;0.000144554;0.000447188;-0.000312008;0.000642635;-5.08936e-05;0.997774;0.002582;-0.00188713;0.999365;0.0202103;0.988257;1;3;1
146.531;675.06;6.93482;-3.12217;0.000552091;0.000836673;-0.000132856;0.000889054;0.00049971;0.998894;-0.000911141;-0.00300327;1.00125;0.0183651;0.994876;1;2;1
169.531;675.06;6.94099;-3.08567;0.000821341;-0.00043199;-0.000482423;0.000985524;-0.000596173;1.00362;-0.000307009;0.00327724;0.999376;0.0181978;0.993458;1;2;1
192.531;675.06;6.97259;-3.12661;0.00185554;-8.39821e-05;-0.000948264;0.00224211;-0.000470554;1.00353;-0.000885489;-0.00197656;1.00151;0.0194318;0.992208;1;2;1
215.531;675.06;7.02626;-3.11413;-0.00054494;0.00048647;0.000417883;0.000634525;-0.000692996;0.993074;0.00159463;-0.0012042;1.00033;0.0210108;0.988521;1;3;1
238.531;675.06;6.94746;-3.05691;-0.000369345;-1.09972e-05;-0.000448547;0.000292838;-0.00067318;1.00602;0.00215278;0.00408345;0.997987;0.0206568;0.98805;1;3;1
261.531;675.06;7.00926;-3.0965;0.00076193;0.00115771;-0.000702757;0.00168991;0.000229734;1.00469;0.00342477;-5.55715e-05;0.996571;0.0193897;0.992964;1;2;1
284.531;675.06;6.98248;-3.093;-0.00169571;-0.000243978;-0.000104168;-0.000236542;-0.00170315;0.992794;0.00348507;-0.000949495;0.998816;0.0183232;0.993369;1;2;1
307.531;675.06;6.93119;-3.08883;-0.000676771;0.00108242;0.000398258;0.00116838;-0.000762731;1.00079;1.8719e-05;-0.00102314;1.00217;0.020042;0.986155;1;2;1
330.531;675.06;6.95131;-3.04066;-6.54133e-05;8.44167e-05;0.000368397;0.000385438;-0.000366435;1.00097;-0.00403749;-0.00216;1.00328;0.0186168;0.991881;1;3;1
353.531;675.06;6.92818;-3.07338;-0.00100083;0.00133588;-0.00146092;0.00203818;-0.00170313;0.998001;-0.000961507;0.00625291;1.00551;0.0196797;0.991723;1;3;1
376.531;675.06;6.90519;-3.11429;-0.000393647;0.000627334;-0.00145096;0.00165499;-0.0014213;1.002;0.0024166;-0.00311734;1.00254;0.0177421;0.991613;1;3;1
399.531;675.06;6.91007;-3.08787;-2.72926e-05;-0.00116972;-0.000524711;0.000177126;-0.00137414;0.997153;0.00131665;-0.000735781;0.99637;0.0182901;0.989948;1;3;1
422.531;675.06;6.90394;-3.10268;-0.000837324;0.000913571;0.00024467;0.000947118;-0.000870871;1.00197;-0.0030352;0.0020324;1.00083;0.0173332;0.993936;1;3;1
445.531;675.06;6.87153;-3.08018;-0.000583239;2.7755e-05;0.000961871;0.000731478;-0.00128696;0.999217;-0.00164056;-0.00265592;0.998489;0.0215273;0.989735;1;3;1
468.531;675.06;6.87704;-3.03102;0.000485979;-0.000125617;-3.97966e-05;0.000488558;-0.000128196;1.00333;-0.00491378;0.00290043;1.00154;0.018623;0.991676;1;3;1
491.531;675.06;6.89387;-3.05167;-0.000571113;-0.000134043;-0.000486066;0.000180355;-0.000885511;0.997568;-0.000814154;-0.00157774;1.00046;0.0202152;0.988441;1;3;1
514.531;675.06;6.85076;-3.04155;-6.91251e-05;0.000664928;-0.000205532;0.000718558;-0.000122755;0.998501;0.00103366;-0.00105677;0.99945;0.0195924;0.99139;1;3;1
537.531;675.06;6.89069;-3.06835;0.00153396;0.00155403;-0.00104118;0.00258522;0.000502759;1.0062;0.00377772;0.0017235;1.00208;0.0187657;0.992692;1;3;1
560.531;675.06;6.9212;-3.12243;-2.08145e-05;0.000807512;-9.10907e-05;0.000817411;-3.07134e-05;0.997399;0.00210135;0.00264716;1.00018;0.0193643;0.990361;1;3;1
583.531;675.06;6.88973;-3.0846;-0.000713479;0.00154255;0.000907133;0.00186205;-0.00103298;0.997563;-0.00209955;-0.00232501;0.997343;0.0193735;0.989741;1;3;1
606.531;675.06;6.88834;-3.06994;-0.000770575;0.00132617;0.000329034;0.00137659;-0.000820996;1.00278;0.000430866;-0.000175348;1.00046;0.0187689;0.991508;1;3;1
629.531;675.06;6.8542;-3.16372;0.00021005;-0.000167399;3.78634e-05;0.000213811;-0.00017116;0.998283;-0.00185821;0.00272927;0.997585;0.0194575;0.987243;1;3;1
652.531;675.06;6.89799;-3.09111;0.000427994;0.00164715;0.000764633;0.00201545;5.96923e-05;1.00148;-0.00270792;0.00013983;0.999201;0.0204493;0.992058;1;3;1
675.531;675.06;6.87379;-3.07066;0.000120518;0.0016616;0.000216129;0.00169134;9.07812e-05;0.996004;0.00277831;-0.00405874;0.998387;0.0219101;0.984047;1;3;1
698.531;675.06;6.90353;-3.06105;-5.39077e-05;-0.000160768;0.000807661;0.000702088;-0.000916764;1.00341;0.00135025;0.00474074;1.00081;0.0203691;0.990542;1;3;1
721.531;675.06;6.87126;-3.0033;0.0011214;0.000753372;0.000381956;0.00136136;0.000513415;0.998609;0.000278956;-0.00809511;0.99918;0.0203712;0.985113;1;4;1
744.531;675.06;6.95506;-3.01019;0.000461025;0.00129174;-0.0013509;0.00228969;-0.000536927;1.00065;0.0033544;0.00597472;1.00024;0.0240047;0.985536;1;3;1
767.531;675.06;6.89244;-3.05169;-0.000924924;0.000312995;-0.00118194;0.00102823;-0.00164016;0.997518;0.00449928;0.00142178;0.999448;0.024402;0.981666;1;3;1
790.531;675.06;6.91247;-3.05661;-0.000285696;0.001642;0.000457047;0.00174488;-0.000388569;1.00166;-0.00245681;-0.00292625;1.00098;0.0221702;0.986607;1;3;1
813.531;675.06;6.87928;-3.01236;-0.00170934;0.00132589;0.00108471;0.00167369;-0.00205713;0.997141;0.000160132;0.000292783;0.998417;0.0191365;0.992703;1;3;1
836.531;675.06;6.83373;-2.99364;0.000731697;0.000536217;0.000311489;0.000960421;0.000307493;1.00239;0.00194141;-0.00192875;0.998554;0.0205674;0.986688;1;2;1
859.531;675.06;6.91291;-2.97136;-0.000780962;0.00108062;-0.00130645;0.00175394;-0.00145428;0.997353;0.000629042;0.00262913;1.0022;0.0258696;0.981698;1;3;1
882.531;675.06;6.79778;-3.02011;-0.00155736;0.00139961;-0.000455702;0.00146824;-0.001626;0.996031;-0.000838789;-0.00520827;1.004;0.0204163;0.989548;1;3;1
905.531;675.06;6.8412;-3.00338;0.00130111;0.00127817;0.000293005;0.00158287;0.000996411;1.00038;-0.00106622;-0.00189248;1.00439;0.0236649;0.987277;1;3;1
928.531;675.06;6.85756;-2.96628;0.000281148;0.00158712;0.000283025;0.00164582;0.00022245;1.00125;0.00233453;-0.00152875;1.0033;0.0202671;0.989011;1;3;1
951.531;675.06;6.85412;-2.96577;0.000326244;0.000284312;-0.000397507;0.000703338;-9.2781e-05;0.998401;0.0012294;-0.000236062;0.999617;0.0214152;0.986244;1;3;1
974.531;675.06;6.87257;-2.9701;-0.000782655;0.00134486;-0.000247229;0.00137321;-0.000811006;1.00051;-0.00286309;0.000265816;1.00286;0.022086;0.986596;1;3;1
997.531;675.06;6.81807;-3.01511;-0.00141695;0.00222001;0.00185573;0.00299972;-0.00219667;0.998369;-0.00258133;0.0039374;0.999701;0.0241571;0.981994;1;3;1
1020.53;675.06;6.80732;-2.92288;1.71428e-05;0.00151507;0.000737034;0.0018169;-0.000284687;1.00102;-0.00473846;-0.00334886;0.996402;0.0254016;0.987405;1;3;1
1043.53;675.06;6.8188;-2.94025;0.00112606;0.00395338;-0.00035382;0.00399698;0.00108246;0.998789;0.00455873;-0.00428006;1.00507;0.0219109;0.989673;1;3;1
1066.53;675.06;6.85908;-2.93204;-0.000620133;0.00107812;0.000780241;0.00138216;-0.000924173;0.997007;-0.00283125;0.00356999;1.00122;0.0206674;0.989418;1;3;1
1089.53;675.06;6.79025;-2.9023;0.00165788;0.00212507;0.00021354;0.00220797;0.00157498;0.99987;0.00284459;-0.00481947;1.00207;0.0227855;0.982487;1;3;1
1112.53;675.06;6.93521;-2.84971;0.00230702;0.00106816;0.00152754;0.00333594;3.92429e-05;1.00344;0.000432883;-0.00256015;1.00306;0.0252819;0.980466;1;3;1
1135.53;675.06;6.89611;-2.78722;-0.00159738;0.0013234;0.000577895;0.00143358;-0.00170756;1.00114;-0.00418543;0.0010532;1.00066;0.0263531;0.971722;1;3;1
1158.53;675.06;6.86167;-2.85926;-0.000217976;-0.000597013;-0.00114184;0.000749969;-0.00156496;1.00021;0.00362357;0.00212016;0.999825;0.0227997;0.98689;1;3;1
1181.53;675.06;6.88587;-2.92548;0.000467321;0.0012803;-0.000157367;0.0013097;0.000437923;1.00253;0.00386037;-0.000301613;1.00455;0.0215562;0.984887;1;4;1
1204.53;675.06;6.88315;-2.89585;0.000573298;0.000813897;0.000931849;0.00163318;-0.000245985;0.997586;-0.0013744;0.000898593;0.997444;0.0214372;0.986835;1;4;1
1227.53;675.06;6.9122;-2.86863;-0.000138875;0.00287709;0.00169386;0.00363696;-0.000898748;0.998796;-0.0017179;-0.00395575;1.00222;0.0193542;0.993794;1;3;1
1250.53;675.06;6.87672;-2.83968;0.000367633;0.00153167;0.00145943;0.00252086;-0.000621553;1.00403;-0.00840301;0.00288514;0.999593;0.0240861;0.982672;1;3;1
1273.53;675.06;6.92908;-2.82104;0.00227942;0.00104562;-0.000141938;0.00229554;0.0010295;0.990655;0.00817184;-0.00970787;1.00298;0.0379823;0.961752;1;3;1
31.5305;652.06;6.98478;-3.1377;-0.00190081;-0.000473049;-0.00145711;0.000435661;-0.00280952;1.00008;-0.00061837;0.000882283;0.998951;0.0197885;0.993499;1;2;1
54.5305;652.06;6.94101;-3.15911;-0.00185998;0.000957021;-0.000893967;0.00121677;-0.00211973;0.996364;-0.00225438;0.00103637;1.00076;0.0181849;0.993392;1;3;1
77.5306;652.06;6.89914;-3.13007;0.000171703;-9.22759e-05;-0.000567116;0.000621986;-0.000542559;0.999667;0.00203394;-0.00214971;1.00267;0.0192577;0.992773;1;3;1
100.531;652.06;6.9489;-3.15398;0.00156509;0.000106645;-0.000865732;0.0019678;-0.000296058;1.00392;0.00241036;0.00105907;1.00136;0.0163682;0.993984;1;2;1
123.531;652.06;6.97107;-3.10267;0.000549722;0.00113785;-0.00017348;0.00118521;0.000502364;0.995575;0.00456723;-0.0020998;1.00196;0.0194153;0.992375;1;3;1
146.531;652.06;6.97415;-3.09871;0.000162355;-0.000817051;-0.000500311;0.000372738;-0.00102743;1.00405;0.00314164;0.000422759;0.998612;0.0201314;0.991203;1;3;1
169.531;652.06;6.97852;-3.06407;0.000534499;0.00136901;-0.000166455;0.00140098;0.000502522;0.998905;0.000386019;-0.00142559;1.00146;0.0189284;0.991449;1;3;1
192.531;652.06;6.99873;-3.12147;-0.000973122;0.0011035;-0.000916408;0.00145007;-0.00131969;0.992822;0.00427579;0.0047001;1.00017;0.0220971;0.991477;1;3;1
215.531;652.06;6.9337;-3.11587;-0.00062032;0.000800357;0.000198908;0.000827681;-0.000647644;0.998062;0.0034129;-0.00200147;1.00273;0.0194862;0.991716;1;2;1
238.531;652.06;6.97018;-3.09974;0.00118345;0.00169419;-0.000440117;0.00194766;0.000929983;1.00534;0.00359834;-0.00233201;1.00252;0.018955;0.992976;1;3;1
261.531;652.06;6.98811;-3.1064;-0.000851432;0.000400436;0.00021454;0.000436182;-0.000887178;1.00031;-0.00414986;-0.000883431;1.0012;0.021923;0.990856;1;2;1
284.531;652.06;6.93099;-3.10955;-0.00069149;5.37624e-05;-0.000249447;0.000129549;-0.000767277;0.999989;-0.00136637;0.000323739;0.99941;0.0177189;0.993749;1;3;1
307.531;652.06;6.95629;-3.12056;-7.31459e-05;0.00126467;-0.000260774;0.00131371;-0.00012218;0.998804;0.000558463;-0.00176329;1.00458;0.0169193;0.99287;1;2;1
330.531;652.06;6.92763;-3.10522;-0.000445752;0.00200326;0.000573551;0.00213093;-0.000573421;0.998403;0.000180309;0.00210862;0.998689;0.0200989;0.99114;1;3;1
353.531;652.06;6.93578;-3.10708;0.000704033;0.00187813;-8.0235e-05;0.00188359;0.000698575;1.00288;-0.000665448;-0.00134183;0.998312;0.0197247;0.992104;1;3;1
376.531;652.06;6.95998;-3.06309;-2.90603e-05;-6.96502e-05;-6.93686e-05;2.29212e-05;-0.000121632;1.00138;0.00111377;-0.00263222;0.999282;0.0177081;0.993074;1;3;1
399.531;652.06;6.93442;-3.06337;-0.00198655;0.00027428;-0.000315454;0.00031747;-0.00202974;0.993003;0.00149587;2.91298e-05;1.00139;0.017785;0.991391;1;3;1
422.531;652.06;6.8685;-3.08809;-0.00143949;0.000522266;-0.00137377;0.00122939;-0.00214662;1.00374;-0.000147704;-0.00102308;1.0009;0.0181494;0.987453;1;3;1
445.531;652.06;6.86814;-3.1014;0.00119017;0.00200404;-0.000396765;0.00216545;0.00102876;0.999539;-0.00182616;0.00291152;1.00254;0.0204944;0.989072;1;3;1
468.531;652.06;6.92321;-3.05224;0.0013317;0.00183319;0.000276361;0.0019556;0.00120928;1.00192;0.00246385;-0.00319596;1.00524;0.0220348;0.985398;1;3;1
491.531;652.06;6.92933;-3.04874;-0.00135385;0.00214426;-0.000649042;0.0022608;-0.0014704;0.998069;0.0044682;0.00210377;0.999502;0.0199118;0.987806;1;2;1
514.531;652.06;6.86088;-3.06915;-0.000628008;0.000719753;-0.00245205;0.00258883;-0.00249709;0.999323;0.00307187;0.000568889;1.00044;0.0191498;0.993745;1;2;1
537.531;652.06;6.90039;-3.10856;0.000688809;0.00121576;-0.0006365;0.00164116;0.000263407;1.00107;-0.00601487;-0.00407003;1.00244;0.0165795;0.995016;1;3;1
560.531;652.06;6.89255;-3.09633;-0.000282048;-0.000415268;0.000278032;-6.27577e-05;-0.000634558;0.999351;-0.00166245;0.00431801;0.997402;0.0158781;0.994784;1;3;1
583.531;652.06;6.88741;-3.09655;-0.00150818;-0.00018893;-0.000403979;-7.50537e-05;-0.00162206;0.998895;0.000916672;-0.00382972;1.00159;0.0188648;0.989377;1;3;1
606.531;652.06;6.82312;-3.08001;-0.00152651;0.000162747;-6.79848e-05;0.000165478;-0.00152925;1.00193;-0.00160332;-0.00198099;0.999877;0.0169993;0.991093;1;3;1
629.531;652.06;6.81713;-3.06991;0.00125366;-0.00164696;-0.000892212;0.00150612;-0.00189942;0.999255;-0.000684464;0.00264349;1.00114;0.02061;0.987964;1;3;1
652.531;652.06;6.88074;-3.10332;0.000769549;0.00115135;9.53626e-05;0.00117385;0.000747056;0.999508;-0.000718456;-0.00385219;1.00344;0.0198778;0.987521;1;3;1
675.531;652.06;6.85252;-3.07189;-0.00109355;0.00191247;0.000997375;0.00221329;-0.00139437;1.0016;-0.00115401;-0.000776694;1.00469;0.0229619;0.983103;1;3;1
698.531;652.06;6.83034;-3.02265;0.000496183;0.00193157;0.00174296;0.00309882;-0.000671064;0.997922;-0.00580599;-0.000619107;0.997811;0.0241358;0.982722;1;3;1
721.531;652.06;6.8753;-3.01138;0.00190966;0.000772664;-0.000104095;0.00191911;0.000763213;1.00205;-0.00011292;-0.00196823;0.999595;0.0206161;0.989846;1;3;1
744.531;652.06;6.9181;-3.0476;-0.000159228;0.00046745;0.00121958;0.0014133;-0.00110508;0.998767;-0.00752914;0.0051557;1.00227;0.0225282;0.98557;1;3;1
767.531;652.06;6.86797;-3.03038;-0.0014381;-0.000225894;0.000468549;-6.59032e-05;-0.00159809;1.0005;-0.000630244;-0.000148707;0.995315;0.0222528;0.984289;1;3;1
790.531;652.06;6.8519;-3.04321;-0.00118738;-0.000844253;0.000301396;-0.000669012;-0.00136262;0.997744;0.00205669;0.00107654;1.00074;0.0216426;0.986053;1;3;1
813.531;652.06;6.81331;-3.06028;-0.000280106;0.000780799;0.000407802;0.000919437;-0.000418744;0.998844;0.00104432;0.000220396;0.998232;0.0207913;0.990454;1;3;1
836.531;652.06;6.83901;-3.02615;0.00194947;4.31463e-06;0.000955382;0.00234022;-0.000386435;1.00344;0.00272308;-0.00282967;1.0009;0.0207845;0.990395;1;2;1
859.531;652.06;6.90287;-3.01499;-0.000113446;0.000755425;0.00151762;0.00189956;-0.00125759;0.99914;-0.00356544;-0.000489829;1.00203;0.0217083;0.986769;1;3;1
882.531;652.06;6.83379;-3.01408;-0.000800631;-4.81191e-05;-0.000106631;-3.33013e-05;-0.000815449;0.997749;0.00629979;0.00297423;1.0011;0.022155;0.985773;1;3;1
905.531;652.06;6.86603;-3.0157;0.000220492;0.000802408;0.000790251;0.00135356;-0.000330662;1.00568;-0.00253492;-0.00286438;1.00096;0.0223719;0.985625;1;3;1
928.531;652.06;6.84392;-2.99621;-5.7231e-05;0.00138884;0.00066034;0.00164501;-0.000313393;0.99553;-0.00164099;-0.000789105;1.00077;0.0215051;0.987332;1;3;1
951.531;652.06;6.86337;-2.96621;-0.000130296;0.00163847;0.000162954;0.00165335;-0.000145184;0.996344;-0.00621327;-0.000902312;0.999368;0.0200138;0.985563;1;3;1
974.531;652.06;6.83793;-3.01047;-0.00186881;0.00128145;-0.000232631;0.00129854;-0.0018859;1.00174;-0.00195669;0.00330092;1.00057;0.0195555;0.990667;1;3;1
997.531;652.06;6.7773;-3.01159;-0.000100894;9.80432e-05;-0.000512402;0.000520542;-0.000523393;0.997025;0.00158298;-0.000978525;0.999561;0.0209522;0.987545;1;3;1
1020.53;652.06;6.83328;-3.00039;0.00172008;0.00189138;-6.8831e-05;0.00191561;0.00169585;1.00315;4.59714e-05;0.000559018;0.999713;0.0231706;0.986437;1;3;1
1043.53;652.06;6.85634;-2.97198;-0.000449621;0.000888369;0.000963334;0.00139222;-0.000953471;0.998672;-0.00176238;-0.00647687;0.997279;0.0228396;0.986249;1;3;1
1066.53;652.06;6.81255;-2.93525;0.0001459;0.00104984;0.000523675;0.00128961;-9.38771e-05;1.00052;0.000284206;-1.87128e-05;0.997341;0.0211713;0.989991;1;3;1
1089.53;652.06;6.86305;-2.95236;0.00150362;0.00109814;-0.000603902;0.0019379;0.000663852;1.00283;0.00330156;0.00280945;1.0078;0.0232821;0.982296;1;4;1
1112.53;652.06;6.88165;-2.89307;0.000364642;0.00280283;0.00172647;0.00369724;-0.000529767;1.00141;-0.00508058;-0.00612886;1.0009;0.0249148;0.980868;1;3;1
1135.53;652.06;6.87969;-2.8457;-0.00072684;0.00357719;0.00107721;0.00383174;-0.000981389;0.998538;0.00237149;0.00348757;1.00888;0.0261626;0.981805;1;3;1
1158.53;652.06;6.84818;-2.84625;-0.000416781;0.00287564;-0.00126274;0.00330416;-0.000845304;0.998719;-0.00616255;-0.0022564;1.00102;0.0225158;0.985434;1;3;1
1181.53;652.06;6.86047;-2.91066;7.41394e-05;0.000715623;0.000455952;0.000952346;-0.000162584;0.996946;0.000558813;0.00240733;1.0019;0.0244631;0.983091;1;3;1
1204.53;652.06;6.85158;-2.86233;0.000433938;-0.000425954;5.35951e-06;0.000433971;-0.000425988;0.997777;-0.00126454;-0.00130238;0.999845;0.0222147;0.985652;1;3;1
1227.53;652.06;6.88041;-2.95121;-0.00027659;0.000820129;-0.000248597;0.000873848;-0.000330309;0.999992;-0.00147608;0.00384934;1.00153;0.0264199;0.983435;1;4;1
1250.53;652.06;6.83884;-2.90671;0.00067851;0.00189919;0.000535492;0.00210081;0.000476898;1.00528;0.0063366;-0.00413733;1.0051;0.0242754;0.985228;1;3;1
1273.53;652.06;6.91148;-2.84235;0.00316739;0.00189247;0.00138549;0.00405504;0.00100483;1.00024;0.00169434;0.00044428;0.998713;0.024684;0.987481;1;3;1
31.5305;629.06;7.06777;-3.15184;-0.00107629;-0.000286859;-0.00104845;0.000438713;-0.00180186;1.00705;0.00343634;0.000591819;0.999054;0.0214693;0.989216;1;3;1
54.5305;629.06;7.04298;-3.17826;-0.0022172;3.29559e-05;-0.000691088;0.000228258;-0.0024125;0.99394;0.00691069;0.00104449;1.00268;0.0211147;0.988433;1;3;1
77.5306;629.06;6.96566;-3.1369;-0.00017204;0.000218002;-0.000296528;0.000377892;-0.00033193;1.00422;0.000626132;-0.00328158;0.99827;0.0189567;0.992994;1;3;1
100.531;629.06;7.03506;-3.14443;0.000462041;-7.5804e-05;-0.00129003;0.00151088;-0.00112465;0.999228;0.00181965;0.000848878;0.999482;0.0191764;0.988463;1;3;1
123.531;629.06;6.98688;-3.18705;-0.000339296;0.00208335;-0.000852782;0.00235343;-0.000609371;0.999323;-0.00102154;-0.00330088;1.00286;0.0228063;0.985711;1;3;1
146.531;629.06;7.01941;-3.08449;-0.00115895;0.00124227;-0.000556301;0.00136489;-0.00128157;0.999717;0.0048354;0.0011518;0.999295;0.0207678;0.9914;1;2;1
169.531;629.06;6.93352;-3.1486;-0.000309476;0.00151939;-0.00172492;0.00255727;-0.00134736;0.995479;-0.000103131;0.00300087;1.00102;0.017945;0.994658;1;2;1
192.531;629.06;7.00507;-3.17733;0.00209311;0.000310568;-0.000846529;0.00243105;-2.73787e-05;1.00256;-0.000418734;-0.00563571;1.0019;0.0206273;0.991582;1;3;1
215.531;629.06;7.0297;-3.15093;-0.00016671;-1.1227e-05;-0.000303742;0.000224565;-0.000402501;1.00503;0.00237973;-0.000141917;0.996794;0.0185557;0.992685;1;3;1
238.531;629.06;6.99739;-3.13475;-0.00108653;-0.000374149;-0.000410776;-0.00018664;-0.00127404;0.998952;0.000456474;0.000838146;0.997074;0.0221522;0.990415;1;3;1
261.531;629.06;6.97968;-3.11491;-0.000132301;0.000995187;0.0011065;0.00167327;-0.000810386;0.999803;0.00047067;0.000999179;0.999458;0.0201439;0.990826;1;3;1
284.531;629.06;6.99128;-3.09547;-0.000437937;0.00121353;-0.000956085;0.0016511;-0.000875507;0.999909;-0.00343697;-0.0028471;1.00618;0.0215021;0.989726;1;3;1
307.531;629.06;6.95952;-3.14696;-0.00172096;0.00163092;-0.00104739;0.00193129;-0.00202133;0.999501;0.00195546;0.00171828;0.999839;0.0191236;0.993222;1;3;1
330.531;629.06;6.91203;-3.1327;0.000396047;0.00198517;-0.000818015;0.002331;5.02241e-05;1.00023;-0.00132996;-0.00569575;1.00292;0.0174637;0.990901;1;3;1
353.531;629.06;6.97773;-3.15967;0.000940585;0.00101211;-0.0004314;0.00140923;0.000543466;1.0038;0.00350237;0.00602493;0.99987;0.019565;0.992277;1;3;1
376.531;629.06;6.95528;-3.11106;-0.00138181;0.00115372;0.000853384;0.00141419;-0.00164228;0.995603;-0.00180657;-0.00724047;0.998535;0.0180573;0.991633;1;3;1
399.531;629.06;6.91409;-3.10048;0.000807596;0.00101031;-0.000669608;0.00158619;0.000231719;1.00312;0.00187087;0.00295684;1.00069;0.0196184;0.989802;1;3;1
422.531;629.06;6.99241;-3.12661;0.000648939;0.00132368;-0.00251284;0.0035217;-0.00154908;1.0011;0.00667593;-0.000200433;0.999895;0.0192645;0.991178;1;2;1
445.531;629.06;6.94387;-3.17222;-0.00191276;0.00124793;-0.00123894;0.00167569;-0.00234052;0.998031;0.000525346;0.00465756;1.00076;0.0211539;0.987899;1;3;1
468.531;629.06;6.90434;-3.11526;-0.000155975;0.00199812;-0.000112876;0.00200402;-0.000161874;1.00152;0.00246105;-0.00441253;0.999006;0.0177321;0.992226;1;3;1
491.531;629.06;6.93669;-3.15018;0.00244367;0.00219586;0.000189656;0.00254631;0.00209322;1.00326;0.00261228;0.00304936;1.00385;0.0219539;0.987284;1;3;1
514.531;629.06;7.01659;-3.07435;-0.000318929;0.000791105;-0.000581611;0.00104003;-0.000567849;1.00331;0.00456173;-0.00699841;0.99925;0.019589;0.992543;1;3;1
537.531;629.06;6.92201;-3.12423;-0.00236574;0.000330525;-0.000343228;0.000373531;-0.00240874;1.00088;0.00436286;0.00235359;0.998283;0.0206316;0.991519;1;3;1
560.531;629.06;6.90763;-3.10332;0.000463305;0.000339795;-0.000243886;0.000653133;0.000149967;1.00466;0.00110119;0.000905196;0.999743;0.0216444;0.988464;1;3;1
583.531;629.06;6.9433;-3.07588;0.00029722;0.000127252;-0.00035056;0.00057295;-0.000148478;0.998458;0.00371022;-0.00434756;1.00117;0.0211589;0.987248;1;3;1
606.531;629.06;6.92129;-3.07742;-0.000659701;0.00058461;-0.00079654;0.000973173;-0.00104826;0.994289;0.000182017;0.00228965;0.999052;0.0190385;0.992538;1;3;1
629.531;629.06;6.91294;-3.08786;-0.000738739;0.00122962;-0.00162399;0.00214437;-0.00165349;0.998517;0.00141101;-0.00072397;0.999923;0.0215612;0.986444;1;3;1
652.531;629.06;6.88725;-3.14404;-0.00108713;-0.000659706;-0.000670216;-0.000169951;-0.00157688;1.00066;0.00269852;-0.000102278;0.995972;0.0205086;0.98943;1;3;1
675.531;629.06;6.86285;-3.15855;-0.00181143;0.000967321;-0.000448382;0.00103788;-0.00188199;0.996077;0.000768433;0.000905034;1.00173;0.0187057;0.990417;1;3;1
698.531;629.06;6.80385;-3.14971;-0.000147686;0.00141849;0.000806745;0.00175971;-0.000488904;1.00482;-0.000204223;-0.00105186;1.00366;0.0207087;0.987987;1;3;1
721.531;629.06;6.8559;-3.03883;0.000437774;0.00154795;0.00184566;0.00292019;-0.000934458;0.996543;-0.00411362;-0.00408026;1.00116;0.0234495;0.981004;1;3;1
744.531;629.06;6.82383;-3.0315;-4.84067e-05;-0.000272736;0.000668745;0.000517515;-0.000838658;0.999557;-0.000243252;0.000868686;0.999082;0.0185124;0.989408;1;3;1
767.531;629.06;6.85367;-3.04128;0.000673617;0.00162511;3.35589e-05;0.00162629;0.000672435;1.00224;-0.00333594;0.000239929;1.00067;0.0211549;0.987842;1;3;1
790.531;629.06;6.8548;-3.01773;0.000112075;0.000728062;-0.000703338;0.00118789;-0.00034775;1.00307;-0.00613994;0.002935;1.00214;0.0247126;0.974308;1;3;1
813.531;629.06;6.85883;-3.04826;-0.00138156;0.000244852;-0.000573087;0.000426499;-0.00156321;0.997757;0.00213625;-0.00171843;1.0027;0.0216156;0.987154;1;3;1
836.531;629.06;6.7912;-2.99382;-0.00159566;0.00104104;8.11067e-05;0.00104353;-0.00159816;0.997594;-0.00359508;-0.000904364;1.00173;0.019443;0.989564;1;3;1
859.531;629.06;6.78535;-3.00592;0.000341331;-0.000329766;0.000538719;0.000640456;-0.000628892;1.00046;-0.00190102;-0.00183992;0.997855;0.0201265;0.988687;1;3;1
882.531;629.06;6.80689;-3.01789;2.30425e-05;0.00128589;-0.000254162;0.00133513;-2.61908e-05;1.00083;-0.00130677;0.000528117;1.00064;0.0200676;0.99084;1;2;1
905.531;629.06;6.78639;-3.04024;0.000858462;0.00106504;-4.59857e-05;0.00107481;0.000848687;1.00095;0.00895099;0.00277711;1.00204;0.0210134;0.989081;1;3;1
928.531;629.06;6.84636;-3.03012;0.000835996;0.000914567;0.000386464;0.00126374;0.000486826;1.00126;-0.00215743;-0.00265601;1.0046;0.0206669;0.987538;1;3;1
951.531;629.06;6.82483;-3.04107;4.61613e-05;0.000789385;4.11744e-05;0.000791659;4.38872e-05;0.999989;0.00401986;-0.00278594;1.00252;0.0209273;0.987736;1;3;1
974.531;629.06;6.84848;-3.029;0.00109795;0.000605428;-0.000150247;0.00114017;0.000563213;1.00402;0.00412265;0.00260401;1.00328;0.0198049;0.989204;1;2;1
997.531;629.06;6.87531;-3.01958;0.00010395;0.000194431;-0.000459856;0.000611266;-0.000312885;0.996296;-0.000752657;-0.00272117;0.998411;0.0208091;0.989922;1;3;1
1020.53;629.06;6.85326;-3.00978;-0.00173615;0.00122159;0.000667412;0.00136521;-0.00187978;1.00416;-0.00325404;0.000711709;0.999049;0.0203438;0.98827;1;3;1
1043.53;629.06;6.79536;-2.98109;-0.000493521;0.00134364;0.000908672;0.00171714;-0.000867023;0.993418;-0.00656778;-0.00250158;1.00088;0.0231915;0.982697;1;3;1
1066.53;629.06;6.83055;-2.9803;0.00201379;0.00320134;2.72352e-06;0.00320135;0.00201379;1.00234;0.000781598;0.000454268;1.00992;0.0226935;0.989465;1;3;1
1089.53;629.06;6.88789;-2.95269;0.00114853;0.000564804;0.000563107;0.00149092;0.000222417;1.00262;-0.00270604;0.000274974;0.994381;0.0218579;0.985551;1;4;1
1112.53;629.06;6.88335;-2.97843;-0.000954866;0.00130666;0.000556574;0.00143621;-0.00108442;0.994912;0.00243106;-0.00191012;1.00515;0.0251225;0.980385;1;3;1
1135.53;629.06;6.84395;-2.95145;0.000638853;0.00259586;0.000469545;0.00270269;0.000532026;1.00322;-0.00311692;-0.00244242;1.00028;0.0234403;0.985805;1;3;1
1158.53;629.06;6.91272;-2.99132;-0.00035004;0.00350581;-0.000599517;0.00359688;-0.000441104;0.999758;0.00803693;0.00330848;1.00445;0.0262411;0.979081;1;3;1
1181.53;629.06;6.82784;-2.95835;-0.00153026;0.00123719;0.000918261;0.00151416;-0.00180723;1.00186;-0.00529036;-0.00455777;0.997156;0.0264129;0.977247;1;3;1
1204.53;629.06;6.84213;-2.87623;0.00136681;0.0019726;0.00112056;0.00283048;0.00050893;0.997637;0.000329202;0.000474967;1.00532;0.0262439;0.983979;1;3;1
1227.53;629.06;6.89064;-2.90634;0.00205399;-5.34131e-05;-0.00141702;0.00276614;-0.000765562;1.00389;0.00499338;0.00211342;0.996994;0.024299;0.989629;1;4;1
1250.53;629.06;6.93649;-2.92692;0.000868843;0.00124439;-0.000805607;0.00188382;0.000229417;0.999528;-0.00397504;-0.000770673;0.998988;0.0227902;0.989682;1;3;1
1273.53;629.06;6.93059;-2.90801;-0.000256168;0.00219642;0.00115267;0.00265312;-0.000712861;0.997065;-0.00449059;-0.00661133;0.99987;0.0234965;0.986194;1;3;1
31.5305;606.06;7.02846;-3.12448;-0.000379669;0.000872768;-0.000205271;0.000905553;-0.000412454;1.00098;-0.00105863;0.000734685;1.00586;0.0210967;0.988266;1;3;1
54.5305;606.06;7.0197;-3.16055;-0.00148151;0.000120277;-0.000326604;0.000184312;-0.00154554;0.997315;0.00121148;0.00142826;1.00329;0.0184967;0.993702;1;3;1
77.5306;606.06;6.96026;-3.14005;-4.98041e-05;0.000271813;-0.00144676;0.00156667;-0.00134466;0.996877;0.00622832;0.000996199;1.0013;0.0196271;0.99035;1;3;1
100.531;606.06;7.01741;-3.15044;0.00325322;0.00029593;-0.000731515;0.00342427;0.000124877;1.00235;-0.000979571;0.00114013;1.00266;0.0190305;0.990946;1;2;1
123.531;606.06;7.10963;-3.1982;0.00101184;-0.000349737;-0.00115345;0.00167043;-0.00100833;1.00156;0.00390257;-7.78317e-05;1.00024;0.0236907;0.98958;1;3;1
146.531;606.06;7.06393;-3.15573;-0.00141927;0.00194669;0.000915278;0.00217947;-0.00165205;0.993883;-0.00185686;-0.000460187;1.00412;0.0197545;0.995014;1;3;1
169.531;606.06;7.04425;-3.13387;0.000221662;0.00058542;-0.000885762;0.00130778;-0.000500702;1.00133;0.00601686;-0.00162043;1.00054;0.0212906;0.991;1;3;1
192.531;606.06;7.07412;-3.13569;-0.00086925;-0.00106283;-0.000444104;-0.000511512;-0.00142057;1.00504;0.00488086;-0.00443955;0.993656;0.0213337;0.989392;1;3;1
215.531;606.06;7.00425;-3.1153;-0.000652799;0.000903559;0.000807622;0.0012469;-0.000996143;0.995419;-0.00442083;0.0046058;1.00345;0.0190536;0.992496;1;3;1
238.531;606.06;7.04405;-3.08247;-0.00170747;0.00126109;-0.00071244;0.00142322;-0.0018696;0.995009;-0.000432394;-1.65192e-05;1.00199;0.0214679;0.985551;1;3;1
261.531;606.06;6.92562;-3.15211;-0.0012402;0.00109238;-0.000641742;0.00125728;-0.0014051;0.999252;-0.00212762;0.0010967;1.00118;0.017381;0.994155;1;2;1
284.531;606.06;6.98689;-3.16531;0.00195524;0.000779737;-0.000191019;0.0019855;0.000749475;1.00469;0.00239363;-0.00133989;0.996832;0.017815;0.992706;1;2;1
307.531;606.06;7.01545;-3.19548;7.05334e-05;0.000323188;-0.00108147;0.00128569;-0.000891968;0.995556;0.00385726;0.00231033;1.00024;0.0187767;0.987733;1;2;1
330.531;606.06;6.99013;-3.19641;-0.000399095;0.000755214;-0.000891403;0.00124;-0.000883876;1.00163;0.00411942;-0.000353512;1.00321;0.0174801;0.992561;1;3;1
353.531;606.06;6.99707;-3.15357;-0.00107248;0.000336733;0.0011403;0.000972558;-0.00170831;1.00242;-0.00517248;-0.00316498;1.00046;0.0198189;0.989532;1;3;1
376.531;606.06;6.9407;-3.11613;-0.000361546;0.00125774;0.000446907;0.00137289;-0.0004767;0.998153;0.00342772;-0.00460732;1.0066;0.0193994;0.988799;1;3;1
399.531;606.06;6.98042;-3.1098;0.00189455;0.000482329;-0.00120173;0.00258227;-0.00020539;1.00049;0.00223563;0.00509644;1.00158;0.0197097;0.989011;1;3;1
422.531;606.06;7.02775;-3.14867;0.000290086;-8.89819e-05;-0.000301216;0.000456438;-0.000255333;1.00391;0.000284319;-0.00117644;1.00148;0.0189395;0.993164;1;2;1
445.531;606.06;6.99373;-3.15859;-0.00156557;-0.000577814;-0.000318139;-0.000484216;-0.00165917;0.997894;0.00265518;0.0039645;1.00413;0.017708;0.993212;1;3;1
468.531;606.06;6.95568;-3.14405;-0.000889011;0.000223218;-0.00106862;0.000871767;-0.00153756;1.00546;0.00340628;-0.00214875;1.00182;0.0179674;0.993826;1;2;1
491.531;606.06;6.95282;-3.14963;-0.000331969;6.25465e-05;0.000234412;0.000171654;-0.000441076;0.996359;-0.0015321;0.000657389;1.00145;0.0182326;0.99423;1;3;1
514.531;606.06;6.94039;-3.10546;-0.00108257;0.00119182;0.000281899;0.00122624;-0.00111699;1.00006;-0.00443513;-0.000590482;1.00735;0.0188352;0.988729;1;3;1
537.531;606.06;6.90299;-3.12376;0.000498584;0.000576639;-0.000199814;0.000741202;0.000334022;0.999047;0.000255703;-0.00119973;1.00009;0.0199774;0.989581;1;3;1
560.531;606.06;6.96332;-3.11191;0.000925943;0.00186318;-0.000364934;0.00198851;0.000800608;1.00513;0.00359983;-0.00279783;1.00098;0.0191821;0.990181;1;3;1
583.531;606.06;6.94556;-3.10236;-0.00171288;0.00212567;0.000301254;0.00214917;-0.00173638;0.998525;0.00174515;0.00209538;1.00321;0.0234688;0.982115;1;3;1
606.531;606.06;6.88446;-3.10685;-0.000992074;0.00098653;-0.000452893;0.00108527;-0.00109081;0.999178;0.0016934;0.00308207;1.00203;0.0195431;0.987048;1;3;1
629.531;606.06;6.89989;-3.12636;-0.000276049;0.000449623;8.11285e-05;0.000458582;-0.000285008;0.999401;0.00330542;0.000904631;1.00159;0.0196351;0.990511;1;3;1
652.531;606.06;6.87175;-3.07297;-0.00025501;-0.00117505;0.000175398;-0.000222706;-0.00120735;0.99623;-0.0008318;-0.00343948;1.00162;0.0198798;0.989642;1;4;1
675.531;606.06;6.88816;-3.11635;9.30294e-05;-0.000829285;-0.000599537;0.000388252;-0.00112451;0.998185;0.00546207;0.00613369;0.998317;0.0206474;0.98865;1;3;1
698.531;606.06;6.87602;-3.08783;-0.00139541;-0.00155515;-0.0004029;-0.00106454;-0.00188602;1.00007;0.00585755;-0.00677115;0.999692;0.0206616;0.988541;1;4;1
721.531;606.06;6.82391;-3.08251;-0.000475391;0.00147386;0.000387554;0.00154808;-0.000549618;0.99962;0.00694497;0.000236146;1.00163;0.023016;0.9846;1;3;1
744.531;606.06;6.85412;-3.03501;0.00119118;0.00176995;-0.000424832;0.00199459;0.000966535;1.00183;0.00181977;-0.00232319;1.00069;0.0197528;0.989029;1;3;1
767.531;606.06;6.87867;-3.10507;0.00120748;0.00246327;-0.0010919;0.00309494;0.000575812;1.00121;0.00385266;-0.000634382;1.00506;0.020535;0.988669;1;3;1
790.531;606.06;6.90961;-3.07665;0.000247766;0.00180879;0.000501212;0.00195586;0.000100693;1.00268;0.00115268;0.00197548;1.00206;0.0219291;0.987446;1;3;1
813.531;606.06;6.89005;-3.07147;-0.000774092;0.000523607;0.000183434;0.000549037;-0.000799523;0.996512;-0.00337948;-0.00181867;1.00084;0.0225348;0.988253;1;3;1
836.531;606.06;6.87399;-3.074;-0.00131933;0.00202826;-0.000258763;0.00204814;-0.00133921;0.997977;0.00314274;-0.00186828;1.00495;0.0177588;0.991025;1;3;1
859.531;606.06;6.82927;-2.99976;-0.00111224;0.00109767;-0.000968462;0.00146202;-0.00147658;0.998528;0.00332145;-0.00476127;1.00378;0.0188437;0.99161;1;3;1
882.531;606.06;6.8228;-3.07319;0.000626262;0.00141889;-0.000853955;0.00196401;8.11401e-05;0.999299;-0.00503427;0.00254193;1.00297;0.0222602;0.984636;1;3;1
905.531;606.06;6.85802;-3.06466;-0.000330571;0.000239134;0.000419692;0.000461512;-0.000552949;1.00196;-0.00756435;-0.00367922;1.00132;0.0179634;0.993734;1;3;1
928.531;606.06;6.80757;-3.03825;5.92234e-05;-0.000415128;0.000708156;0.000568866;-0.000924771;0.994689;-0.00199833;0.00420882;0.996491;0.0211314;0.987038;1;3;1
951.531;606.06;6.8607;-3.00251;0.00142783;-0.000978851;-0.000216449;0.00144714;-0.000998163;1.00418;0.000673978;0.000263399;0.999129;0.0194941;0.988177;1;3;1
974.531;606.06;6.87321;-3.0383;-0.00047529;-0.00116851;-0.000410726;-0.000284466;-0.00135933;1.00071;-0.00252194;0.00269904;0.995477;0.0204182;0.990287;1;3;1
997.531;606.06;6.83883;-3.0205;-0.00136476;-0.00041629;0.000493542;-0.000206068;-0.00157499;0.997315;0.000793839;-0.00201249;0.99888;0.0213974;0.9898;1;3;1
1020.53;606.06;6.81038;-3.05654;-0.000795349;0.000536515;-0.0002495;0.00058172;-0.000840554;0.999226;0.00410884;0.00458149;1.00137;0.0205844;0.988934;1;3;1
1043.53;606.06;6.80223;-3.03371;0.000660317;0.00102681;-0.00145693;0.00231197;-0.000624841;1.00288;0.010664;0.00285965;1.00165;0.0215527;0.987906;1;3;1
1066.53;606.06;6.84074;-3.08227;0.000238581;0.00120527;0.000496048;0.00141452;2.93322e-05;1.00004;0.00546131;-0.00412374;0.997311;0.0205483;0.988235;1;3;1
1089.53;606.06;6.81317;-2.97831;-0.00019405;0.000265655;0.00208381;0.00213225;-0.00206065;1.00097;0.00123788;-0.00549411;1.007;0.0219574;0.989216;1;3;1
1112.53;606.06;6.83163;-2.95311;0.000227011;-0.000349685;0.000632817;0.000634079;-0.000756752;0.994165;-0.00425985;-0.000217071;1.00021;0.0227338;0.987867;1;3;1
1135.53;606.06;6.82361;-2.96493;0.00141027;0.00122424;-0.000678164;0.00200177;0.000632743;1.01015;0.00141415;0.00213317;0.999068;0.0238709;0.9834;1;3;1
1158.53;606.06;6.89643;-3.00721;0.00147197;9.56405e-05;0.00026377;0.00152079;4.68214e-05;0.996586;-0.0046717;0.000490632;1.00252;0.0222295;0.988524;1;3;1
1181.53;606.06;6.89127;-2.96752;-0.00207868;0.00160383;0.000152434;0.00161013;-0.00208498;1.00298;0.00162854;0.0013017;1.00492;0.0265803;0.989414;1;3;1
1204.53;606.06;6.80068;-2.95295;0.00149387;0.00273243;-0.000145996;0.0027494;0.0014769;0.994106;0.00230697;-0.00163207;1.00291;0.0195756;0.988219;1;3;1
1227.53;606.06;6.95993;-2.94869;0.00240602;0.001045;8.17352e-05;0.00241091;0.00104011;1.00462;-0.00287186;-0.00181584;1.00476;0.0206027;0.986133;1;3;1
1250.53;606.06;6.91122;-2.96386;-0.00253184;0.000567095;0.000897491;0.000808253;-0.002773;0.997456;-0.000675299;-0.000139598;1.00098;0.0251262;0.983629;1;3;1
1273.53;606.06;6.84332;-2.94322;-0.00294738;0.0025124;0.00215054;0.00325772;-0.0036927;0.998798;-0.00326922;-0.00294591;1.0047;0.0287551;0.988128;1;3;1
31.5305;583.06;7.01441;-3.19194;0.00187406;0.000754365;-0.000248748;0.00192684;0.000701591;1.0009;-0.00187927;0.00151029;0.995046;0.0201605;0.990416;1;3;1
54.5305;583.06;7.05748;-3.18379;0.00205627;0.000715833;8.66703e-05;0.00206185;0.000710252;1.00042;0.00186454;-0.00220349;0.999244;0.0189097;0.994772;1;2;1
77.5306;583.06;7.10888;-3.14918;-0.000289211;0.000525726;-0.000972926;0.00117306;-0.000936548;1.00073;0.00682715;0.00109736;1.00023;0.0184385;0.991571;1;2;1
100.531;583.06;7.04416;-3.15804;-0.000462345;0.00162002;-0.00109543;0.00209014;-0.000932461;1.00028;0.00359891;0.00078418;0.998693;0.0196256;0.994325;1;2;1
123.531;583.06;7.08761;-3.17085;-0.000967555;-0.000850811;0.000481039;-0.000424615;-0.00139375;0.994377;-0.00613642;0.00502221;0.997811;0.0203237;0.992732;1;2;1
146.531;583.06;6.99963;-3.17395;-0.001142;0.000268025;5.51774e-05;0.000270181;-0.00114416;1.00168;-0.000101645;0.000761837;0.998087;0.01864;0.992226;1;2;1
169.531;583.06;7.03504;-3.17541;0.00141227;0.00109213;-9.77911e-05;0.00143978;0.00106462;1.00433;0.000162418;-0.00617097;1.00338;0.0199925;0.991939;1;2;1
192.531;583.06;7.06453;-3.12838;-0.000573371;0.00100957;0.000244671;0.00104653;-0.000610326;1.00115;-0.0037499;0.00307454;1.0054;0.0208085;0.989021;1;3;1
215.531;583.06;7.00866;-3.19247;-0.000833532;0.00179586;-0.000851718;0.00204764;-0.00108531;0.997429;0.00322843;0.0054466;1.00248;0.0212764;0.989014;1;2;1
238.531;583.06;7.02612;-3.19271;-0.00114909;0.00334167;0.00046894;0.00339012;-0.00119753;0.999513;0.00176975;-0.00604435;0.999129;0.0154107;0.994855;1;3;1
261.531;583.06;6.95576;-3.16513;-0.001316;0.000599359;-0.00063719;0.000791966;-0.00150861;1.00015;0.00691469;-0.000631242;1.00263;0.0186448;0.990544;1;3;1
284.531;583.06;6.96551;-3.13131;0.00156951;0.000463942;-0.000603072;0.00183481;0.000198639;1.00298;-0.000953718;-0.001683;1.00223;0.0200164;0.990932;1;3;1
307.531;583.06;7.0279;-3.16177;0.00153472;6.78626e-05;-0.000822887;0.00190359;-0.000301007;0.99755;0.00259656;0.000558771;0.998005;0.016128;0.994133;1;3;1
330.531;583.06;7.03604;-3.16726;-0.00162469;-0.000640044;-7.86237e-05;-0.000633805;-0.00163093;1.00104;0.000434846;-0.000883326;0.997447;0.0171275;0.993673;1;2;1
353.531;583.06;6.9531;-3.17515;-0.0016953;0.000641209;0.000355764;0.000694178;-0.00174827;0.998043;0.000318128;0.00203467;1.0005;0.0181032;0.991521;1;3;1
376.531;583.06;6.95798;-3.16888;0.000845436;0.00179202;-5.99358e-06;0.00179206;0.000845398;0.999965;0.000316807;-0.0019936;0.997612;0.0191798;0.98778;1;3;1
399.531;583.06;6.99195;-3.1226;0.000290851;0.00208798;-0.000299399;0.00213655;0.000242284;0.996772;0.000623221;0.00149225;1.00047;0.0189199;0.989626;1;2;1
422.531;583.06;6.97134;-3.12252;-0.000307149;0.00100258;5.27534e-05;0.0010047;-0.00030927;1.0029;-0.00433834;-0.00192479;1.00234;0.0206997;0.98509;1;3;1
445.531;583.06;6.97781;-3.14562;0.000877985;-0.000524788;0.000332105;0.000952638;-0.00059944;1.00169;-0.00408692;0.0025376;0.999764;0.0200849;0.989606;1;2;1
468.531;583.06;7.01171;-3.1254;-0.000523448;0.000444127;-0.000359039;0.0005628;-0.000642122;1.00134;-0.00134229;-0.000445349;1.00063;0.0180891;0.993172;1;3;1
491.531;583.06;6.95373;-3.15305;0.000105317;5.8161e-05;0.000357426;0.000439942;-0.000276464;0.997525;-0.00135754;-0.00265506;0.996926;0.0193436;0.99177;1;3;1
514.531;583.06;7.01655;-3.12914;-0.000430013;0.000898319;3.47938e-05;0.00089923;-0.000430924;0.999888;0.00113028;0.00710162;0.994662;0.0188994;0.990702;1;3;1
537.531;583.06;6.93394;-3.15074;-0.00117157;5.23968e-05;-0.000963501;0.000581841;-0.00170101;0.997604;0.00196049;-0.00220727;1.00311;0.0201425;0.988164;1;3;1
560.531;583.06;6.96259;-3.18892;-0.000289783;0.00103618;-0.000538571;0.00122737;-0.000480969;1.0042;-0.00147588;0.00293037;1.00434;0.0178634;0.991752;1;3;1
583.531;583.06;6.9206;-3.17355;-0.000512626;0.00142631;0.00142355;0.00217915;-0.00126547;0.991324;-0.00254668;0.000137914;1.00002;0.0200894;0.988259;1;3;1
606.531;583.06;6.93896;-3.12277;0.000409359;0.00151883;0.000549166;0.00174468;0.000183509;1.00237;-0.00494391;-0.00465089;0.998482;0.0194331;0.987339;1;3;1
629.531;583.06;6.93938;-3.10853;-0.0012565;-0.000675124;0.000361139;-0.000502216;-0.00142941;1.00076;-0.00157493;0.00233058;0.996732;0.019915;0.989169;1;2;1
652.531;583.06;6.88111;-3.08996;-0.000787392;0.000813554;-0.00030323;0.000869064;-0.000842901;0.997921;0.00144154;-0.00260078;1.00088;0.0173646;0.99354;1;3;1
675.531;583.06;6.90315;-3.12037;-0.000137069;1.7227e-05;-0.000257369;0.000208763;-0.000328604;0.998389;0.00102589;0.00404873;0.993991;0.0207423;0.990488;1;3;1
698.531;583.06;6.8748;-3.07806;-0.000651828;0.00112455;2.30619e-05;0.00112485;-0.000652127;1.00327;-0.00277464;-0.00119349;0.998244;0.0201877;0.992043;1;3;1
721.531;583.06;6.87315;-3.10657;-0.00074984;0.000579399;-0.00121696;0.0013014;-0.00147184;0.999497;-0.00613457;0.000928985;0.996379;0.0200678;0.989262;1;3;1
744.531;583.06;6.84028;-3.11284;0.000852255;0.00231157;-0.00079606;0.00266178;0.000502045;1.00463;-0.000185882;0.00210717;1.00343;0.0214766;0.984607;1;3;1
767.531;583.06;6.91231;-3.15441;4.50754e-05;-9.20834e-05;0.000297635;0.00028193;-0.000328938;0.996515;0.00228944;-0.00248237;0.997918;0.0213522;0.986813;1;3;1
790.531;583.06;6.84235;-3.10085;-0.00146957;-6.1905e-05;0.00111827;0.000555594;-0.00208707;0.99741;-0.00308564;-0.00448011;1.00051;0.0225067;0.978583;1;3;1
813.531;583.06;6.84459;-3.07234;0.000970849;0.000503332;0.000459406;0.00125255;0.000221633;1.0018;0.00125994;0.00176923;0.999441;0.0223349;0.985681;1;2;1
836.531;583.06;6.88699;-3.08692;0.000669007;0.000520393;0.000394001;0.000995647;0.000193753;0.997926;0.00178774;0.00265261;0.996219;0.0197266;0.990627;1;3;1
859.531;583.06;6.87535;-3.05629;-0.00144543;0.00213149;-0.000311307;0.00215838;-0.00147232;1.00255;-0.000865034;-0.0025224;0.999345;0.0222507;0.983483;1;3;1
882.531;583.06;6.82045;-3.08311;-0.00201136;0.000312736;-0.000476295;0.00040656;-0.00210518;0.991062;0.00492284;0.00118801;0.99579;0.0205921;0.987776;1;3;1
905.531;583.06;6.78274;-3.05124;0.000498859;0.000853137;0.000756338;0.0014528;-0.000100807;1.00435;0.00731822;-0.00531924;0.995689;0.0188067;0.986522;1;3;1
928.531;583.06;6.84334;-3.01102;0.00134791;0.000562276;0.000244022;0.00141754;0.000492652;0.996962;0.00259895;0.00308296;1.00259;0.0222085;0.988228;1;3;1
951.531;583.06;6.84467;-2.99601;0.000543516;0.00220769;0.00020249;0.00223198;0.000519232;1.00672;-0.00332552;-0.00460188;0.999647;0.0202145;0.98773;1;3;1
974.531;583.06;6.86832;-2.97522;-0.000718911;0.00111178;0.000751658;0.00138085;-0.000987984;0.999297;-0.00693584;0.00190333;1.00577;0.0205994;0.988845;1;3;1
997.531;583.06;6.81158;-3.00039;-0.000114694;0.000418047;-0.00136116;0.00153865;-0.0012353;0.996867;-0.00271288;0.00146431;1.00164;0.0234356;0.983455;1;2;1
1020.53;583.06;6.863;-3.03445;0.00200191;-0.000597329;-0.00121853;0.00248382;-0.00107923;1.00164;0.000430142;0.00224851;0.996813;0.0208894;0.986997;1;3;1
1043.53;583.06;6.90357;-3.02817;-0.000491798;-0.000178659;-0.00032679;2.71333e-05;-0.00069759;1.00242;-0.000396834;0.00182617;0.999244;0.0200935;0.988574;1;2;1
1066.53;583.06;6.84038;-3.03571;-0.00169776;-0.000953597;0.00115066;-0.00011636;-0.002535;0.998046;0.000252468;-0.00285872;0.997106;0.0205359;0.986446;1;3;1
1089.53;583.06;6.82536;-2.96486;-3.91644e-05;0.000799943;0.000979613;0.00144607;-0.000685288;1.00118;0.00260833;-4.74499e-05;0.993952;0.0221284;0.990228;1;3;1
1112.53;583.06;6.83852;-2.96232;0.000582977;0.00201861;-0.00118518;0.0026864;-8.48109e-05;0.99774;0.0078027;0.000684739;1.00287;0.0210123;0.991165;1;3;1
1135.53;583.06;6.85215;-3.00773;0.00103085;0.00119927;-0.00152364;0.00264102;-0.000410907;1.00742;0.0051016;0.00213098;0.999887;0.0223895;0.989192;1;3;1
1158.53;583.06;6.8859;-2.99571;0.000350168;0.00104926;7.9151e-05;0.00105811;0.000341319;0.99612;0.00357436;4.35033e-05;0.998593;0.0220297;0.98836;1;3;1
1181.53;583.06;6.86825;-3.03205;-0.000249833;0.00109109;0.000478941;0.00124458;-0.000403328;1.00156;-0.0011231;-0.00119678;1.00099;0.0219622;0.986745;1;3;1
1204.53;583.06;6.8744;-3.00174;8.81618e-05;0.0013654;0.000400405;0.00148055;-2.69817e-05;0.999537;-0.00068047;-0.000678448;0.999886;0.0204363;0.984042;1;3;1
1227.53;583.06;6.87224;-2.95438;-0.000329955;0.000795625;0.00107033;0.00144211;-0.000976438;0.998146;-0.00130613;-0.00284371;0.99893;0.0207911;0.987802;1;3;1
1250.53;583.06;6.8592;-2.95293;-0.00213949;0.000792693;-0.000736877;0.000967459;-0.00231426;0.999137;-0.00132103;-0.0011555;0.998233;0.0208217;0.988959;1;2;1
1273.53;583.06;6.77367;-3.02317;-0.00370709;0.00233859;-0.000658933;0.00240958;-0.00377807;0.993161;-0.00823208;-0.0020486;1.00473;0.0317511;0.981336;1;3;1
31.5305;560.06;7.06759;-3.15915;-0.000570286;0.000545237;-0.00159212;0.00167447;-0.00169952;0.998164;0.00211519;6.39234e-05;1.00763;0.0197926;0.992671;1;3;1
54.5305;560.06;7.05445;-3.19346;0.000173289;0.00112619;-0.000328991;0.00122874;7.07404e-05;1.0013;-0.00291858;0.000881857;1.00378;0.018268;0.995092;1;3;1
77.5306;560.06;7.07556;-3.16408;0.000915287;0.00161033;0.000945398;0.00227006;0.000255561;1.00283;-0.00824302;0.00362793;1.00162;0.0195096;0.994229;1;3;1
100.531;560.06;7.09652;-3.22483;-0.000568191;0.00203339;-0.000267679;0.00206065;-0.000595447;0.992058;-0.00248228;-0.00214281;1.00565;0.0199367;0.99314;1;3;1
123.531;560.06;7.04942;-3.159;-0.000917112;0.000592978;0.00037794;0.000682286;-0.00100642;1.00371;0.000103957;0.000531433;1.00506;0.0201565;0.988738;1;3;1
146.531;560.06;7.05428;-3.16806;0.00107411;0.00063991;-0.00140472;0.00227841;-0.000564394;1.00083;0.0041286;-0.0016771;1.00567;0.0183314;0.992804;1;3;1
169.531;560.06;7.0988;-3.18404;-0.000429533;-1.2493e-05;-0.00112547;0.000923608;-0.00136563;1.00415;0.000813129;-0.000766215;1.00049;0.0190325;0.992438;1;3;1
192.531;560.06;7.03452;-3.18209;-0.00175119;0.000774712;-1.01912e-05;0.000774753;-0.00175123;0.999031;0.00141658;0.000953465;1.00009;0.0225831;0.98934;1;2;1
215.531;560.06;7.01817;-3.19784;-0.000133888;0.00034788;-0.000751101;0.000895779;-0.000681787;0.998728;0.00179469;-0.000413314;1.0009;0.0177801;0.994419;1;3;1
238.531;560.06;7.02832;-3.23592;0.000601666;0.000812934;-0.000373123;0.00109509;0.000319512;0.996884;0.00260553;-0.0015293;1.0023;0.0143152;0.997012;1;3;1
261.531;560.06;7.04583;-3.17952;0.000377109;-5.0449e-05;-0.000655231;0.000852554;-0.000525894;0.999961;0.00286911;0.000981156;0.997406;0.0183178;0.991368;1;2;1
284.531;560.06;7.04564;-3.18661;0.000202596;0.00129498;-0.000802988;0.00171993;-0.000222354;1.0016;0.00258914;0.00250857;0.999734;0.0189827;0.992826;1;2;1
307.531;560.06;7.05515;-3.19858;-0.00133942;0.000955144;0.00017356;0.000968198;-0.00135247;0.996147;-0.00276715;-0.000493718;1.00019;0.016181;0.995004;1;3;1
330.531;560.06;6.98398;-3.16695;-0.0020084;0.000729657;0.000273943;0.000756796;-0.00203554;1.00066;0.000783528;-3.41709e-05;1.00169;0.0181536;0.99245;1;2;1
353.531;560.06;6.96267;-3.18304;0.000214627;0.000760235;-0.000819309;0.00135096;-0.000376102;0.999466;0.00435087;0.00160917;1.0022;0.0178323;0.993275;1;2;1
376.531;560.06;6.99384;-3.19846;0.00199639;-7.09678e-05;-0.000746212;0.00223759;-0.000312171;0.999009;0.00237009;9.77553e-06;1.00664;0.0176342;0.994073;1;3;1
399.531;560.06;7.0544;-3.20569;0.000130468;0.00173864;-0.000310309;0.00179644;7.26691e-05;0.997499;0.00235587;0.0006681;1.00227;0.0205486;0.99029;1;2;1
422.531;560.06;6.99985;-3.19475;-0.0020418;9.95964e-05;0.000411851;0.000176076;-0.00211828;1.00217;-7.56849e-05;-0.00141;1.00091;0.0182563;0.991941;1;2;1
445.531;560.06;6.96033;-3.13443;-0.000403168;-0.000682693;-9.55869e-05;-0.000373607;-0.000712254;0.997456;0.00308051;-0.00121752;1.00151;0.018753;0.990323;1;3;1
468.531;560.06;6.98129;-3.16447;-0.000958757;0.000853773;0.000169087;0.000869412;-0.000974396;1.00008;0.000930419;-0.00106966;1.00266;0.0190741;0.990275;1;2;1
491.531;560.06;6.9162;-3.15229;-0.000907909;-0.000152713;0.000678959;0.000246583;-0.00130721;0.997063;-0.00118048;0.00127739;1.0017;0.0216562;0.986749;1;3;1
514.531;560.06;6.9395;-3.14676;0.000341117;9.77455e-06;0.00110807;0.00129584;-0.000944945;1.00073;-0.00557862;0.00125516;1.00562;0.0186128;0.990816;1;2;1
537.531;560.06;6.93188;-3.12617;0.0010994;-0.000142712;0.000806939;0.00149661;-0.00053992;0.999877;-0.00222196;0.00161457;1.00144;0.020667;0.9888;1;3;1
560.531;560.06;6.99004;-3.15954;-0.00110953;-0.0014382;0.000166225;-0.00104012;-0.00150761;1.00141;-0.00380822;0.00141303;0.999604;0.0204445;0.987153;1;3;1
583.531;560.06;6.8808;-3.16788;-0.001976;-0.000274297;-0.000466303;-0.000154898;-0.0020954;0.998161;0.00167396;-0.00103574;0.998589;0.018116;0.991097;1;3;1
606.531;560.06;6.89905;-3.17667;0.000407012;0.000765819;0.000799575;0.00140587;-0.000233039;1.00087;0.00484939;-0.00959274;1.00209;0.0188572;0.990302;1;3;1
629.531;560.06;6.89946;-3.09529;-0.000243549;0.000174437;0.000816012;0.000807794;-0.000876907;1.0015;-0.00212825;0.00116837;0.999857;0.0205299;0.986598;1;3;1
652.531;560.06;6.8878;-3.11037;0.000528059;0.00043567;-0.000651425;0.00113493;-0.000171196;0.998551;-0.00380913;-0.00100059;1.00073;0.019162;0.991117;1;3;1
675.531;560.06;6.92374;-3.11713;-1.50948e-06;-0.00177212;-0.000533246;0.000146683;-0.00192031;1.00176;-0.000765825;0.00375046;1.00311;0.0197387;0.988575;1;3;1
698.531;560.06;6.88772;-3.13953;-0.000491265;0.00120573;-0.000678052;0.00144337;-0.00072891;1.00077;0.00150816;-0.00213761;1.00452;0.0182315;0.988654;1;2;1
721.531;560.06;6.90113;-3.10909;-0.000181254;0.00158235;-0.000392491;0.00166575;-0.000264658;0.997567;0.00485752;0.00147887;1.00485;0.0197295;0.98654;1;2;1
744.531;560.06;6.87938;-3.14121;-0.000822625;0.000180087;-0.000623284;0.000478631;-0.00112117;1.0029;0.00363694;-0.00441706;1.00311;0.0200854;0.985452;1;3;1
767.531;560.06;6.86328;-3.10084;0.000205119;-0.000622846;0.00111596;0.00098141;-0.00139914;1.00069;-0.0060017;0.00317158;0.999492;0.0215519;0.986596;1;3;1
790.531;560.06;6.88877;-3.0738;-3.30579e-05;-0.000662055;-0.000387675;0.000151644;-0.000846757;1.00116;0.00422902;-0.00100406;0.995295;0.0248645;0.982122;1;3;1
813.531;560.06;6.86175;-3.09461;-0.000759631;0.00103292;-0.000696133;0.00127151;-0.000998217;0.998526;-0.00147126;-0.000811635;1.00306;0.0209768;0.987327;1;3;1
836.531;560.06;6.85381;-3.09793;3.96152e-07;0.000139632;0.000160324;0.000244801;-0.000104773;1.00032;-0.000724527;0.00318616;1.00237;0.0183346;0.990162;1;2;1
859.531;560.06;6.86177;-3.09769;0.000390559;0.000455348;0.000556499;0.000980394;-0.000134488;1.00074;0.000306612;-0.00399981;1.00429;0.0205127;0.98803;1;2;1
882.531;560.06;6.87177;-3.08755;-2.57709e-05;-0.000177923;-0.000388252;0.000293788;-0.000497483;1.00327;-0.00192534;0.00147724;0.999647;0.0187685;0.989057;1;3;1
905.531;560.06;6.86059;-3.10389;-0.00068283;0.00133242;-0.000489019;0.00144481;-0.000795227;0.996595;-0.00253423;-0.0001875;1.00436;0.0203958;0.988425;1;3;1
928.531;560.06;6.84034;-3.06409;0.000377571;0.00158927;-0.000420152;0.0017207;0.000246141;0.999201;0.00875887;-0.00461071;1.00341;0.0222376;0.98647;1;3;1
951.531;560.06;6.87795;-3.10395;-0.000884561;0.00226404;-0.000171353;0.00227333;-0.000893858;1.00242;0.00287651;0.00324695;1.00256;0.021954;0.992647;1;3;1
974.531;560.06;6.79963;-3.08936;0.000584972;0.00158158;0.0011677;0.00235286;-0.000186302;1.00245;0.00340922;-0.00122038;1.0009;0.0199761;0.988228;1;3;1
997.531;560.06;6.90481;-3.03967;0.00206653;0.00177803;-0.000237851;0.00220046;0.0016441;1.00397;0.00523709;-0.00193084;1.00326;0.0215475;0.988072;1;3;1
1020.53;560.06;6.89455;-3.02898;-0.00160219;0.000823713;0.00094898;0.00115083;-0.00192931;0.994162;-0.00228785;-0.00220448;1.00389;0.0174003;0.990205;1;3;1
1043.53;560.06;6.83105;-3.02548;-0.00209542;-0.000368195;0.000898613;1.45199e-05;-0.00247813;1.00191;-0.00160825;0.00455306;1.00223;0.0187471;0.992905;1;2;1
1066.53;560.06;6.79806;-3.03836;-0.000750897;0.000300432;0.000328602;0.000394688;-0.000845154;1.00312;-0.00724639;-0.00586971;1.00178;0.0182193;0.990773;1;3;1
1089.53;560.06;6.79649;-3.01509;0.00216795;0.00087945;-0.000528282;0.00235685;0.000690549;0.997345;-0.00397748;-0.00039656;1.00248;0.0237209;0.98264;1;3;1
1112.53;560.06;6.89767;-3.04582;0.00291188;0.00114903;0.000223293;0.00293973;0.00112119;1.00776;-0.000443548;0.00529565;1.00057;0.0201993;0.987378;1;3;1
1135.53;560.06;6.93024;-3.01994;-0.000714108;0.000358502;-0.000322317;0.000447906;-0.000803512;0.996413;0.000515462;-0.00391107;1.0053;0.0177017;0.992093;1;3;1
1158.53;560.06;6.86481;-3.05544;-0.00193475;0.00196726;0.000622643;0.0020642;-0.00203169;0.998502;-0.00196544;0.00211891;1.00568;0.0198908;0.988742;1;3;1
1181.53;560.06;6.84116;-3.01766;-0.0005039;4.66923e-05;0.000763808;0.000583302;-0.00104051;0.997274;0.00221315;-0.000262088;0.997806;0.020138;0.987944;1;3;1
1204.53;560.06;6.84161;-3.0157;0.00150437;7.78622e-05;0.00114547;0.00214049;-0.000558263;1.00382;0.000390456;-0.00095285;1.00197;0.0182874;0.989811;1;3;1
1227.53;560.06;6.9103;-2.98525;0.00149153;0.000866011;0.000294574;0.00160841;0.000749129;1.00106;-0.00170948;-0.000723449;1.00347;0.0204385;0.989973;1;3;1
1250.53;560.06;6.91017;-3.00031;-0.00319936;0.000706249;-0.00122388;0.00105807;-0.00355119;1.0037;0.00148055;0.00177169;1.00555;0.021499;0.988217;1;3;1
1273.53;560.06;6.76284;-3.0506;-0.00638253;0.00038823;-0.00262373;0.00128593;-0.00728023;0.982249;0.0116395;-0.000462871;0.996472;0.0329206;0.973689;1;3;1
31.5305;537.06;7.09228;-3.21695;-0.000411803;0.0022711;-0.000556179;0.00238183;-0.000522532;1.00203;0.000675983;0.00108133;0.997191;0.0177795;0.991532;1;2;1
54.5305;537.06;7.0828;-3.23556;-0.00220811;0.00156336;-0.000621842;0.00166324;-0.002308;0.992112;0.00525378;0.00314369;0.997202;0.0169479;0.995421;1;3;1
77.5306;537.06;6.99059;-3.22304;-0.000193403;0.00237288;-0.000850078;0.00262892;-0.000449445;1.00723;0.00377954;-0.00150928;1.00079;0.0197325;0.98996;1;3;1
100.531;537.06;7.0739;-3.25147;0.00259207;0.00091931;0.000123186;0.00260109;0.000910287;0.998037;0.00127969;-0.00103056;0.996265;0.0166486;0.994248;1;2;1
123.531;537.06;7.10967;-3.19811;0.000648646;0.000823833;-0.000122538;0.000886865;0.000585614;1.00311;0.00299423;-0.000671276;0.998199;0.0196232;0.990405;1;2;1
146.531;537.06;7.1037;-3.20326;0.000324773;0.00136616;-0.000253197;0.00142446;0.000266476;0.999162;0.000447515;0.000204603;1.00101;0.0193189;0.992342;1;3;1
169.531;537.06;7.1246;-3.17475;-0.00113075;0.00116809;0.000651803;0.00134004;-0.0013027;0.99907;0.00446096;-0.00241541;0.997504;0.0209578;0.988452;1;2;1
192.531;537.06;7.05164;-3.164;-0.00218625;0.000894791;-0.000626351;0.00101726;-0.00230871;1.00055;0.0044809;0.00272062;0.998107;0.0196633;0.990473;1;2;1
215.531;537.06;7.02391;-3.20846;0.000590638;0.000373606;-0.00183379;0.00231912;-0.00135487;0.999435;0.00141226;0.000717451;0.999192;0.0179859;0.992327;1;2;1
238.531;537.06;7.07875;-3.23006;0.000901169;-0.000310892;1.18837e-05;0.000901286;-0.000311008;0.998439;0.00159244;0.000739502;0.997107;0.0188298;0.991222;1;3;1
261.531;537.06;7.06532;-3.16268;-0.00126997;0.000302286;0.000628002;0.000522331;-0.00149002;0.998012;0.000296364;-0.00312826;1.00039;0.0179291;0.993934;1;3;1
284.531;537.06;7.02028;-3.19081;-0.000732089;-0.000807911;-0.000695966;-7.30028e-05;-0.001467;0.997656;0.00224772;0.0029839;0.999012;0.0177879;0.99199;1;2;1
307.531;537.06;7.03161;-3.20569;0.000132334;-0.000528925;-3.24558e-05;0.000133923;-0.000530514;1.00052;0.00411016;0.000948556;1.00192;0.0177168;0.993254;1;3;1
330.531;537.06;7.02637;-3.20081;-0.000753322;-0.000134117;-0.000461273;0.000111823;-0.000999261;1.00089;0.00163603;-0.00116827;0.999187;0.0171069;0.994772;1;3;1
353.531;537.06;6.99694;-3.21008;-0.000487962;0.000738766;-0.000321052;0.000817709;-0.000566906;0.999117;-0.00123008;-0.00156922;1.00484;0.0200644;0.99145;1;3;1
376.531;537.06;7.0039;-3.16559;0.000592753;-0.000130818;-0.000374954;0.000752004;-0.000290069;0.998599;0.000918058;0.00164529;0.999981;0.0211832;0.990765;1;3;1
399.531;537.06;7.0242;-3.2025;1.94448e-05;-0.00126641;0.000694898;0.000323216;-0.00157018;1.0007;-0.00372798;0.000845946;0.999326;0.0205327;0.991504;1;2;1
422.531;537.06;7.00478;-3.12708;-0.00015718;-0.000161014;0.000727489;0.000568395;-0.000886589;1.00385;-0.000418678;-0.00391695;0.996783;0.0188128;0.992697;1;3;1
445.531;537.06;7.01689;-3.11419;-0.000576256;3.80848e-05;-0.000845527;0.000630509;-0.00116868;0.998557;0.000117154;0.001725;0.999038;0.0196915;0.989521;1;3;1
468.531;537.06;6.97825;-3.16464;-0.00234407;0.000775251;-4.78474e-05;0.000775985;-0.00234481;1.00163;-0.00101597;0.0011677;1.00027;0.0178989;0.99288;1;2;1
491.531;537.06;6.90892;-3.14601;-0.000814271;-0.000386294;-0.000713762;0.000144867;-0.00134543;0.992636;0.0009495;0.000342464;0.998901;0.0214905;0.988149;1;2;1
514.531;537.06;6.94076;-3.12953;-0.00134466;0.00032946;-0.000624242;0.000536598;-0.00155179;0.998879;0.00306613;0.00089351;0.999864;0.0176388;0.991538;1;3;1
537.531;537.06;6.84703;-3.1441;-0.000764605;0.000516841;1.04276e-05;0.000516926;-0.00076469;0.998784;-0.00431949;-0.000167096;0.999531;0.0198978;0.987921;1;3;1
560.531;537.06;6.90558;-3.12268;0.00216339;-5.22578e-06;0.000187591;0.00217949;-2.13332e-05;1.00042;-0.000131597;0.000176658;0.997645;0.0198906;0.984586;1;2;1
583.531;537.06;6.94643;-3.16093;0.000706263;7.30352e-05;-0.000739493;0.00119407;-0.000414773;0.998701;0.000428176;0.00246294;1.00201;0.0205;0.991439;1;3;1
606.531;537.06;6.93804;-3.15799;-0.000343337;0.00139807;-0.000295781;0.00144694;-0.000392205;1.00576;-0.00291267;-0.00213475;1.00283;0.0200152;0.988309;1;3;1
629.531;537.06;6.93061;-3.11655;-0.000409451;0.00134521;0.000346553;0.00141118;-0.000475417;0.993738;0.00491331;-0.0016073;1.00444;0.0179436;0.992026;1;3;1
652.531;537.06;6.91918;-3.10998;-0.000161916;-0.000390219;0.000446765;0.00018505;-0.000737185;0.999694;0.00576541;-0.000336271;0.999262;0.0195234;0.988656;1;3;1
675.531;537.06;6.9231;-3.03878;0.000567499;-0.000609704;0.000233505;0.000612124;-0.00065433;0.998551;0.000938808;-0.000558636;0.998084;0.0262951;0.985528;1;3;1
698.531;537.06;6.94527;-3.13344;-0.000332557;-0.000300106;-0.00149192;0.00117567;-0.00180834;1.00268;0.00119226;0.00226397;1.00004;0.018646;0.992075;1;3;1
721.531;537.06;6.90758;-3.17929;-0.000854785;0.00143032;3.64638e-05;0.0014309;-0.000855367;0.99453;-0.00137781;0.00174447;0.998255;0.0186033;0.991202;1;3;1
744.531;537.06;6.90593;-3.12108;-0.000663388;-0.00092933;-0.000170081;-0.000580468;-0.00101225;1.00088;0.00264004;-0.00232252;0.998074;0.0212022;0.988142;1;3;1
767.531;537.06;6.87703;-3.12574;-0.000470749;0.000168642;4.06107e-05;0.000171211;-0.000473318;0.999359;0.00393411;-0.00079207;1.00102;0.0181902;0.992335;1;2;1
790.531;537.06;6.88424;-3.07037;0.000162727;0.000427599;0.000500754;0.000813134;-0.000222808;0.999204;-0.000645497;0.00300209;1.00048;0.0228901;0.989693;1;3;1
813.531;537.06;6.88451;-3.11981;-0.00032772;-1.45532e-05;-0.000266856;0.000138267;-0.00048054;1.00394;0.00440384;0.00109078;0.999185;0.0195548;0.986706;1;3;1
836.531;537.06;6.86916;-3.09334;-0.00108509;-0.0005283;0.000456901;-0.00027166;-0.00134173;0.996161;-0.00374796;-0.0020683;0.998835;0.0193816;0.988612;1;3;1
859.531;537.06;6.83455;-3.07722;-0.000416848;-0.00122717;-2.78178e-05;-0.000415894;-0.00122813;1.00214;0.000258606;0.00261787;0.996207;0.0252571;0.97905;1;3;1
882.531;537.06;6.84998;-3.07492;0.000363657;0.00116067;-0.000650932;0.00152539;-1.06579e-06;1.00078;0.00273013;-0.00364879;1.00364;0.0175459;0.99276;1;3;1
905.531;537.06;6.85126;-3.11244;0.000694629;0.000154396;0.000101921;0.000713218;0.000135807;1.00061;0.00058682;0.0001762;0.997361;0.0227975;0.986839;1;3;1
928.531;537.06;6.88192;-3.08406;-0.000351217;0.000144842;3.97056e-05;0.000148;-0.000354375;0.995982;-0.00287402;0.00108732;0.998183;0.0220049;0.985536;1;3;1
951.531;537.06;6.8351;-3.10004;-0.0012299;0.000211901;3.90346e-05;0.000212957;-0.00123095;1.00246;0.0028532;-0.00184429;1.00049;0.0220044;0.989374;1;3;1
974.531;537.06;6.82529;-3.04789;0.00127654;0.000182463;-0.000658484;0.00158557;-0.000126566;1.00047;0.00487015;0.0013954;1.00283;0.0195446;0.991099;1;3;1
997.531;537.06;6.89378;-3.08203;-0.000771447;0.000684053;-0.000197222;0.000710304;-0.000797697;1.00398;-0.00171295;0.00154329;1.00054;0.0201874;0.984063;1;3;1
1020.53;537.06;6.78979;-3.07227;-0.00178974;0.00131273;0.00155685;0.00195925;-0.00243626;0.991595;-1.18606e-05;-0.00139684;1.00204;0.01735;0.991075;1;3;1
1043.53;537.06;6.81133;-3.01114;0.000668633;0.0021735;0.000293602;0.00222876;0.000613379;1.00063;-2.79576e-05;-0.00342544;1.00066;0.0199613;0.987659;1;3;1
1066.53;537.06;6.82053;-3.04952;0.00119823;0.000261732;-0.000279686;0.0012754;0.000184562;1.005;0.00340908;0.00210508;1.00174;0.0172639;0.992807;1;3;1
1089.53;537.06;6.86641;-3.00528;-0.000159168;-4.42644e-05;-0.000308243;0.000211835;-0.000415268;1.00057;0.0037727;0.000367029;0.99737;0.0175747;0.9914;1;3;1
1112.53;537.06;6.81319;-3.01514;0.000125864;0.000934881;-4.68064e-05;0.00093758;0.000123165;0.997128;0.00541952;0.00181442;1.00179;0.0187816;0.992621;1;3;1
1135.53;537.06;6.8722;-3.02422;0.00038381;0.00106121;-2.61956e-05;0.00106222;0.000382799;1.00106;0.00378197;0.0025178;1.00024;0.021321;0.986322;1;3;1
1158.53;537.06;6.83079;-3.08609;-0.000749315;-0.000416185;0.000259731;-0.000274199;-0.000891301;1.00364;0.00283529;0.000845294;0.993839;0.0234284;0.984229;1;3;1
1181.53;537.06;6.83771;-3.03419;-0.000633972;0.000282582;0.000826557;0.000769405;-0.0011208;0.994976;-0.0011434;-0.00176246;1.00041;0.022856;0.983325;1;3;1
1204.53;537.06;6.80155;-3.00527;0.000497065;0.00119418;0.000212422;0.00125381;0.000437437;0.999523;0.00327064;0.00271082;0.997446;0.0225505;0.990951;1;3;1
1227.53;537.06;6.86056;-2.9942;0.00228528;0.000809288;0.0011798;0.00293888;0.000155681;1.00189;-0.00497282;-0.00122037;0.993779;0.0232481;0.987818;1;3;1
1250.53;537.06;6.90654;-2.98538;0.0011923;0.00123554;-3.99268e-05;0.00125932;0.00116851;1.00011;-0.0023801;-0.00132628;1.00168;0.0267673;0.986411;1;3;1
1273.53;537.06;6.91534;-3.0408;0.000385607;-0.00108428;-0.00151881;0.00133795;-0.00203663;0.998848;0.00192645;-0.00231901;0.99106;0.0417346;0.958497;1;4;1
31.5305;514.06;7.08147;-3.2635;0.00105263;0.00132633;-0.000929638;0.00212913;0.000249818;0.994284;0.00147316;0.00265132;1.00086;0.0221249;0.990193;1;2;1
54.5305;514.06;7.10567;-3.26529;0.00122602;0.000972212;-0.001034;0.00214087;5.73575e-05;1.00343;-0.001652;-8.44459e-05;1.00056;0.0194748;0.992065;1;3;1
77.5306;514.06;7.13783;-3.27307;9.65442e-05;0.000331522;-0.00189654;0.00211421;-0.00168614;0.996813;0.00288815;-0.00287381;1.00273;0.0172778;0.993875;1;3;1
100.531;514.06;7.11011;-3.2671;-0.000627191;-0.00104084;0.000184036;-0.000557166;-0.00111086;1.0004;0.00226545;0.00130914;1.00153;0.019706;0.992136;1;2;1
123.531;514.06;7.10891;-3.19685;-0.000198645;-0.000492983;0.000487633;0.000163543;-0.000855171;1.00224;0.000672695;-0.00313019;0.99946;0.020919;0.989004;1;3;1
146.531;514.06;7.10095;-3.23083;-0.000668819;0.00112265;-9.56647e-05;0.00112774;-0.000673913;0.994588;0.00080633;0.000858661;1.00012;0.0178944;0.99447;1;2;1
169.531;514.06;7.07811;-3.23774;-0.000923659;0.000818795;0.000431612;0.000919846;-0.00102471;0.997254;-0.00589691;0.000437909;1.00154;0.0191127;0.990117;1;3;1
192.531;514.06;7.05845;-3.22322;0.000927026;0.000586817;0.000242589;0.00105321;0.000460636;1.0068;-0.00304314;-0.000197655;1.00374;0.0200414;0.991282;1;3;1
215.531;514.06;7.12073;-3.2149;0.000315717;-0.000422366;-0.000845481;0.000869189;-0.000975838;1.00078;0.000298471;0.00302238;0.99818;0.0214988;0.990538;1;3;1
238.531;514.06;7.07297;-3.2216;-0.00202909;-0.000347247;-0.000133794;-0.00033667;-0.00203967;0.995537;-0.00351266;-0.00288056;1.00087;0.0172773;0.993049;1;3;1
261.531;514.06;7.02729;-3.19342;-0.000134752;0.00101692;0.000203628;0.00105186;-0.000169695;1.00334;-0.00353299;0.00011193;1.00025;0.0220863;0.990651;1;2;1
284.531;514.06;7.06671;-3.14942;0.000453351;0.000378149;-0.00011168;0.00053359;0.00029791;0.998293;-0.00287629;-0.00157761;1.00031;0.0190086;0.990689;1;3;1
307.531;514.06;7.04814;-3.17425;-0.000970339;-0.000231986;-7.64689e-05;-0.00022415;-0.000978175;0.999625;-0.000143857;-0.000968652;0.997684;0.0204171;0.990086;1;3;1
330.531;514.06;7.02205;-3.16077;-0.000448534;0.000397223;-0.00103613;0.00109345;-0.00114476;0.99633;0.00220595;0.000162533;1.00432;0.0191735;0.990629;1;3;1
353.531;514.06;7.02748;-3.21697;0.000301343;5.47015e-05;-0.00145005;0.00163331;-0.00127726;1.00442;0.00541325;0.00266687;0.996513;0.0203994;0.990343;1;3;1
376.531;514.06;7.0359;-3.19242;3.26779e-05;0.00187464;0.000107447;0.00188089;2.64313e-05;0.993852;0.00825794;-0.00227316;1.00088;0.0187039;0.993158;1;3;1
399.531;514.06;7.02893;-3.14739;-0.000319279;0.000497635;-0.000492637;0.000729122;-0.000550766;1.00776;0.00617523;-0.000514958;0.998774;0.0194131;0.992005;1;2;1
422.531;514.06;7.02121;-3.18734;-0.000616123;0.00168646;-0.000198583;0.00170346;-0.000633124;0.99954;-0.00150815;-0.00128653;1.00269;0.0217655;0.988837;1;3;1
445.531;514.06;7.00058;-3.13617;-0.0014648;0.00148649;0.000310648;0.00151883;-0.00149714;1.00111;-3.10063e-06;6.23075e-05;0.999239;0.0222919;0.986598;1;3;1
468.531;514.06;6.95378;-3.20011;0.00035817;0.000245968;-0.000189649;0.000499842;0.000104296;0.998991;0.0031992;0.00266361;0.997266;0.0190577;0.988404;1;2;1
491.531;514.06;7.01705;-3.13441;0.000982137;0.000844015;-0.000637502;0.00155431;0.000271845;1.00117;0.00461127;-0.00617764;1.00065;0.0176592;0.991056;1;3;1
514.531;514.06;6.99892;-3.16188;-0.0017218;0.000601272;-0.00104385;0.0010014;-0.00212192;0.997138;0.00380679;0.00514112;0.995964;0.0175063;0.992976;1;3;1
537.531;514.06;6.93778;-3.14993;-0.000931988;0.000720541;-0.00140416;0.0015235;-0.00173495;0.998823;0.0063529;0.00175813;0.998133;0.0165988;0.993166;1;3;1
560.531;514.06;6.95603;-3.15928;-0.000527664;0.000668249;-0.000936127;0.0011811;-0.00104051;1.00113;0.00343684;-0.00115897;1.00099;0.0163071;0.992298;1;2;1
583.531;514.06;6.9135;-3.17123;0.000321188;-0.00111311;-0.0014252;0.0011995;-0.00199143;1.00022;0.0029983;0.00560365;0.998721;0.0186769;0.989563;1;3;1
606.531;514.06;6.97073;-3.24088;4.69544e-05;3.96254e-05;-0.000101707;0.000145063;-5.84831e-05;0.995693;-0.00037276;-0.00454941;0.999593;0.0209975;0.992327;1;3;1
629.531;514.06;6.91565;-3.15713;-0.00100042;0.000280878;0.0012531;0.0010476;-0.00176714;0.999122;-0.000162201;-0.00396727;1.00098;0.0210943;0.986663;1;3;1
652.531;514.06;6.92445;-3.0924;-0.000798997;0.00106087;0.000718059;0.00130584;-0.00104396;0.998444;-0.0029164;0.00238255;0.999921;0.0203781;0.991319;1;3;1
675.531;514.06;6.87883;-3.08905;-0.000867619;0.00159919;-0.000772054;0.0018209;-0.00108933;1.00113;0.00117807;0.000942355;1.00283;0.0203564;0.990209;1;3;1
698.531;514.06;6.88451;-3.12572;0.00068307;-0.00096634;-0.000520792;0.000833744;-0.00111701;0.997315;-0.000698947;0.00110694;0.998944;0.0209954;0.989448;1;3;1
721.531;514.06;6.91016;-3.17483;0.00139401;-0.00109662;0.00102563;0.00176199;-0.0014646;1.00552;-0.000111298;0.00134538;1.00208;0.0194892;0.99;1;3;1
744.531;514.06;6.94858;-3.09839;3.53573e-06;-0.000654611;0.00103849;0.00076384;-0.00141492;1.00066;-0.0046116;-0.00625356;0.999011;0.0198985;0.989222;1;3;1
767.531;514.06;6.91028;-3.10857;-0.00217025;-0.000829926;-0.000150511;-0.000813233;-0.00218694;0.989696;-4.09101e-05;0.0034287;0.993055;0.0204271;0.988266;1;3;1
790.531;514.06;6.84864;-3.09344;-0.00101994;0.00129172;0.000383848;0.00135379;-0.00108201;1.00775;-0.00276043;-0.00173759;1.00061;0.0219629;0.984669;1;3;1
813.531;514.06;6.86334;-3.09394;0.00012413;0.000674159;0.000351138;0.000845161;-4.68717e-05;0.99977;-0.00652521;0.00142083;0.999123;0.0186957;0.987661;1;3;1
836.531;514.06;6.85434;-3.07362;0.000422612;0.00133535;0.000779555;0.00178229;-2.43352e-05;0.997175;-0.00540699;-0.00340194;1.00331;0.0177337;0.989791;1;3;1
859.531;514.06;6.88274;-3.0412;0.000915284;0.000419665;-0.000470315;0.00119908;0.000135867;1.00224;-0.00441784;0.00313997;1.00391;0.0210723;0.984044;1;3;1
882.531;514.06;6.89638;-3.1409;-0.000882338;0.00222394;-4.40359e-05;0.00222456;-0.000882963;1.00128;-0.00234207;0.00270116;1.00317;0.0173057;0.993124;1;3;1
905.531;514.06;6.84208;-3.11099;-0.00102624;0.000579874;0.000821459;0.000925598;-0.00137196;0.997214;-0.0040459;-0.00693657;1.00292;0.0205362;0.988433;1;3;1
928.531;514.06;6.84909;-3.07075;0.00149003;0.000390596;0.000394266;0.0016168;0.000263826;0.998021;0.00254293;0.00254712;1.00255;0.0225185;0.98016;1;3;1
951.531;514.06;6.91057;-3.11369;0.000631402;-0.000460177;-0.000148823;0.000651328;-0.000480103;1.00234;0.000349936;-0.00152773;0.997614;0.021157;0.986512;1;3;1
974.531;514.06;6.87812;-3.09768;-0.000260793;0.00125491;0.000242156;0.00129266;-0.000298541;0.999255;-0.000884314;0.00149281;0.997586;0.0201099;0.988412;1;3;1
997.531;514.06;6.89856;-3.07113;-0.00121556;0.000617167;0.000118528;0.000624801;-0.0012232;0.998176;0.000354937;-0.00031776;0.99837;0.0248331;0.980099;1;2;1
1020.53;514.06;6.82217;-3.08927;-0.00155739;3.40393e-05;-0.00132662;0.000785283;-0.00230863;0.996774;0.00224076;0.00169225;0.996775;0.0197252;0.992195;1;3;1
1043.53;514.06;6.82683;-3.12535;0.000162142;0.00114088;0.00029518;0.00122302;8.00107e-05;1.0003;-0.00293164;-0.00135457;1.00072;0.0198776;0.990278;1;3;1
1066.53;514.06;6.82961;-3.05039;0.000707851;0.000154003;0.00136359;0.00182235;-0.000960497;1.0031;-0.00397691;-0.00327412;0.997725;0.0189551;0.992424;1;3;1
1089.53;514.06;6.85924;-3.01301;0.00116232;0.00100295;-0.00045928;0.00154877;0.000616492;1.00075;-0.00136598;-0.000465177;0.997909;0.0198345;0.99035;1;2;1
1112.53;514.06;6.88303;-3.0888;5.32894e-05;0.000855815;-0.000999074;0.0015312;-0.000622091;1.00309;0.0012116;0.00610149;1.00226;0.0203042;0.989358;1;3;1
1135.53;514.06;6.86166;-3.06867;-0.00113145;0.000202261;0.0010224;0.000756055;-0.00168525;1.00144;-0.00757987;-0.000947215;0.999682;0.0193203;0.990532;1;3;1
1158.53;514.06;6.83092;-3.03628;-0.000340891;0.00139799;-0.000163328;0.00141319;-0.000356099;0.99857;-0.0100472;-0.000454964;1.00507;0.0232691;0.986048;1;3;1
1181.53;514.06;6.84596;-3.03066;0.000678104;0.000887261;-0.00132319;0.00210999;-0.00054463;1.00339;0.00210352;-0.00145551;1.00188;0.0193905;0.992179;1;3;1
1204.53;514.06;6.86209;-3.07059;-0.000523839;0.000792607;-0.000295653;0.000855957;-0.000587189;0.997044;0.00201617;-0.000546767;1.00308;0.0205127;0.987508;1;2;1
1227.53;514.06;6.82186;-3.02237;0.00011164;0.00164008;0.000889225;0.00204836;-0.00029664;1.00142;0.00419092;0.00176965;1.00258;0.0219635;0.988072;1;3;1
1250.53;514.06;6.86723;-3.05709;-0.000652197;0.00114537;0.0009745;0.00157228;-0.00107911;0.997686;-0.00254245;0.00692622;1.00187;0.0215672;0.988592;1;3;1
1273.53;514.06;6.79184;-3.00069;-0.00326936;-0.00211008;0.00239189;-0.000228595;-0.00515085;0.999666;-0.0124039;-0.0159626;1.00413;0.0340069;0.965826;1;4;1
31.5305;491.06;7.17413;-3.27785;-0.000256148;-0.00127772;-0.000945968;0.000308128;-0.00184199;0.997537;-0.000752611;-2.85835e-05;1.00229;0.0204674;0.991813;1;2;1
54.5305;491.06;7.16824;-3.28018;-0.000236367;-0.000381455;-0.000668392;0.000363407;-0.000981229;0.999378;0.00623784;0.00121173;0.998927;0.0184061;0.992288;1;2;1
77.5306;491.06;7.16324;-3.23797;-0.000761385;-1.77123e-05;0.000356997;0.000125921;-0.000905018;0.999632;0.00140645;-0.00422194;0.994851;0.0193859;0.992894;1;2;1
100.531;491.06;7.13314;-3.20353;-0.00135022;-0.000502035;-7.97184e-05;-0.000494607;-0.00135765;1.00253;0.0018666;-0.00295932;0.997313;0.0194591;0.991263;1;2;1
123.531;491.06;7.10105;-3.17543;-0.00133765;0.00113258;-0.00065522;0.00129562;-0.00150068;0.990976;-0.00529827;0.000965774;0.99855;0.0184309;0.993447;1;3;1
146.531;491.06;7.07154;-3.25486;-0.00018601;-0.000118681;-0.000659344;0.000507858;-0.000812548;0.996687;-0.00225856;0.00162023;0.999494;0.0210095;0.99077;1;2;1
169.531;491.06;7.09248;-3.21239;-0.000420077;-0.00026141;0.000260851;-6.80949e-05;-0.000613392;1.00408;0.00160049;0.000299603;0.998973;0.0184353;0.993006;1;2;1
192.531;491.06;7.05217;-3.19098;0.000235217;-0.000590717;1.77142e-05;0.000235597;-0.000591096;0.998604;-7.86163e-05;-0.00132573;0.996141;0.0177071;0.994251;1;2;1
215.531;491.06;7.10329;-3.18896;0.00131495;0.000275181;-0.000120218;0.00132866;0.000261462;1.00318;1.55065e-05;-0.000288772;0.998816;0.0190976;0.990784;1;2;1
238.531;491.06;7.11261;-3.21407;0.000338306;0.000512252;0.000211451;0.000653917;0.00019664;0.999527;0.00111761;0.00281705;0.997451;0.0186637;0.993906;1;3;1
261.531;491.06;7.11884;-3.2094;-0.00136625;0.000719512;-0.00108029;0.00117817;-0.00182491;0.997578;0.00359086;-0.000814951;1.00012;0.0190861;0.994016;1;2;1
284.531;491.06;7.04972;-3.20819;-0.00198812;0.00271239;4.5639e-05;0.00271284;-0.00198857;0.995482;0.00155711;-0.00264471;0.999525;0.0172568;0.992152;1;3;1
307.531;491.06;7.0273;-3.19501;0.000636217;0.00207616;-0.000382427;0.00217143;0.000540953;0.999592;-0.00235417;0.00201263;1.00285;0.0179649;0.993245;1;3;1
330.531;491.06;7.07897;-3.21905;0.00155276;0.000693299;-0.000451921;0.00174665;0.00049941;1.00412;-0.00303829;0.00135511;0.999188;0.0164169;0.99487;1;2;1
353.531;491.06;7.09867;-3.21249;-0.000331292;-0.000618807;-0.000977173;0.000512641;-0.00146274;0.9983;0.00059786;-0.00149419;0.999367;0.0184315;0.992211;1;2;1
376.531;491.06;7.06372;-3.25171;-0.0005225;0.000728048;-0.000193203;0.000757217;-0.000551669;0.999185;-0.00245881;0.00207184;1.00253;0.0215848;0.988099;1;3;1
399.531;491.06;7.07462;-3.22535;-0.00063871;0.00169118;-0.000231392;0.00171393;-0.000661468;0.99823;0.00203977;0.00070188;1.00078;0.018427;0.992305;1;2;1
422.531;491.06;7.03431;-3.20459;-0.0021529;0.000173629;0.000239781;0.000198085;-0.00217735;0.995738;0.00372709;-0.00139961;1.003;0.0187803;0.991325;1;2;1
445.531;491.06;6.97546;-3.1825;-0.000800727;0.000834724;0.000178048;0.000853884;-0.000819886;1.00306;0.0027025;0.00476175;1.00378;0.0191609;0.990858;1;3;1
468.531;491.06;6.99745;-3.17595;0.000658388;-0.00016909;-0.000566615;0.000946242;-0.000456944;0.998963;-0.00396467;-0.00365058;0.99942;0.0167912;0.993704;1;3;1
491.531;491.06;7.00574;-3.18471;0.000520915;0.00138831;6.66013e-05;0.0013934;0.000515831;1.0014;-0.00293285;0.00233092;1.00557;0.0199168;0.990103;1;3;1
514.531;491.06;7.0214;-3.15711;-0.000582667;0.00012063;0.000479886;0.000363917;-0.000825953;1.00101;0.00456107;0.00118618;0.999922;0.0168265;0.994967;1;3;1
537.531;491.06;6.97893;-3.17704;-0.00110759;0.000396295;-4.96535e-05;0.000397932;-0.00110923;0.999238;0.00170932;-0.00142652;1.00206;0.0169247;0.989427;1;2;1
560.531;491.06;6.97042;-3.15336;0.000373023;0.000405186;0.000608718;0.000998035;-0.000219826;1.00222;-0.00289303;-0.00199326;1.00052;0.0222978;0.981568;1;3;1
583.531;491.06;6.99603;-3.10967;-0.000194003;-0.000570977;-3.51206e-05;-0.000190759;-0.000574221;0.995169;-0.00211635;0.00107225;1.00087;0.0208546;0.989451;1;3;1
606.531;491.06;6.9615;-3.1598;-0.000698738;-0.00141933;0.000721054;-0.000252974;-0.00186509;1.00128;-0.0023092;0.00306532;0.998428;0.0156954;0.994334;1;3;1
629.531;491.06;6.96388;-3.12946;-0.000874209;0.000278647;8.53182e-05;0.000284927;-0.000880489;0.996583;0.00441376;-0.00470263;1.00045;0.0177584;0.98994;1;3;1
652.531;491.06;6.92127;-3.15875;-6.7079e-05;0.00178927;0.000338077;0.00184893;-0.000126732;1.00161;0.00158216;-0.00250977;0.999908;0.018788;0.994934;1;3;1
675.531;491.06;6.96079;-3.11227;-0.000297936;0.00140322;0.000517178;0.00154811;-0.000442826;0.998478;-0.000666562;0.000264486;0.998442;0.0184853;0.990777;1;2;1
698.531;491.06;6.90751;-3.08895;-0.00260879;0.000438176;-0.000590043;0.000548447;-0.00271906;1.00162;0.0024027;0.001458;0.997888;0.0192796;0.990782;1;2;1
721.531;491.06;6.84062;-3.12877;-0.000671492;-0.000503153;-0.000432694;-0.000146518;-0.00102813;0.99766;0.00306653;0.00138194;1.00248;0.0190369;0.989055;1;3;1
744.531;491.06;6.87661;-3.09095;0.00120189;0.00229742;0.00075755;0.0026845;0.000814815;1.00328;-0.00267313;-0.00204171;1.00162;0.0201625;0.988911;1;3;1
767.531;491.06;6.89586;-3.08754;-0.000283436;-0.000313066;0.000114869;-0.000182431;-0.000414072;0.996869;-0.00125924;0.0024215;1.00281;0.0216752;0.984804;1;3;1
790.531;491.06;6.86355;-3.12975;-0.000516517;0.000751383;-0.00063968;0.00101803;-0.000783168;1.00033;-9.02633e-05;-0.000136003;1.00593;0.0208632;0.990226;1;3;1
813.531;491.06;6.87205;-3.15081;-0.000288836;0.000292844;-0.000512856;0.000591588;-0.00058758;1.00152;0.00545712;0.00419304;1.00137;0.0270614;0.977246;1;3;1
836.531;491.06;6.85026;-3.15472;-0.00133583;0.00217656;0.00065055;0.00229318;-0.00145245;0.995481;0.0090985;-0.00235998;1.00294;0.0190133;0.988673;1;3;1
859.531;491.06;6.81053;-3.09651;-0.00143857;0.00238641;0.000515558;0.00245468;-0.00150684;0.997715;0.00498412;-0.00128543;0.9997;0.0216671;0.98642;1;3;1
882.531;491.06;6.78403;-3.17706;0.000769116;-0.000386303;0.000386536;0.000886502;-0.000503689;0.998546;-0.0036738;0.00139579;0.999028;0.0213501;0.989643;1;4;1
905.531;491.06;6.84587;-3.13911;0.00128422;0.000544945;0.00051496;0.00154847;0.000280694;1.00488;0.00513509;-0.00617877;1.00208;0.0208919;0.991129;1;3;1
928.531;491.06;6.843;-3.102;-0.000520438;0.000472089;0.00062529;0.000774114;-0.000822463;0.999183;-0.00139129;0.00103417;0.995977;0.0212906;0.990434;1;3;1
951.531;491.06;6.82189;-3.07887;5.70385e-05;-0.000261779;0.000184958;0.000141803;-0.000346543;1.00207;-0.00321073;0.0017759;0.998574;0.0196331;0.990791;1;3;1
974.531;491.06;6.84563;-3.10558;0.00151022;-0.000669569;0.000170796;0.00152352;-0.00068287;0.995383;-0.00408989;-0.00117328;1.00207;0.0201975;0.988909;1;2;1
997.531;491.06;6.89129;-3.11041;0.000263031;0.00136432;0.00119093;0.00212574;-0.000498396;1.00207;-0.000765752;-0.00052256;1.0034;0.0216197;0.985712;1;3;1
1020.53;491.06;6.85771;-3.07378;-0.0014811;2.74898e-05;0.000464827;0.000159212;-0.00161282;1.00093;-0.00256442;0.000192429;1.003;0.020408;0.98977;1;3;1
1043.53;491.06;6.82309;-3.06359;-0.00109207;-0.00123652;0.00020549;-0.000946479;-0.00138211;0.995353;5.91532e-05;-0.0022283;0.998201;0.0189313;0.994204;1;3;1
1066.53;491.06;6.80745;-3.05661;0.00102484;0.00104653;2.38977e-05;0.00106193;0.00100944;1.0042;-0.000495484;0.00266517;0.998728;0.0180468;0.990774;1;3;1
1089.53;491.06;6.87021;-3.05139;0.000912181;0.000828457;0.000451396;0.00132365;0.000416986;1.00023;0.00395358;0.000548226;1.0024;0.0196027;0.989373;1;3;1
1112.53;491.06;6.84939;-3.05448;-0.00086011;-0.000505501;0.000831483;0.000167371;-0.00153298;0.999491;-0.000552889;-0.00322871;0.999254;0.0194796;0.990592;1;3;1
1135.53;491.06;6.83062;-3.0335;0.000752766;0.000609616;-0.00101771;0.00170141;-0.000339033;0.998796;0.00379715;0.00464734;1.00086;0.0203736;0.990004;1;3;1
1158.53;491.06;6.8839;-3.15032;0.00205524;0.00173044;-0.000710452;0.00262162;0.00116407;0.998741;0.0110366;-0.00216384;1.00434;0.0240617;0.981206;1;3;1
1181.53;491.06;6.92505;-3.0749;-0.0010152;-0.000546623;0.00176369;0.000998272;-0.00256009;1.00238;0.000163918;0.0020343;1.00188;0.018471;0.989827;1;3;1
1204.53;491.06;6.83705;-3.0417;-0.00288214;2.34438e-05;0.000403226;7.83639e-05;-0.00293706;0.993586;-0.00166235;0.000344139;0.997246;0.0214306;0.987679;1;2;1
1227.53;491.06;6.79228;-3.06953;3.26671e-05;0.000500737;0.000498781;0.00081766;-0.000284256;1.00216;-0.00202315;0.000712852;1.00474;0.021058;0.985675;1;3;1
1250.53;491.06;6.83856;-3.03799;0.000334971;-0.00109548;0.0018898;0.00164037;-0.00240088;0.997108;0.000426021;0.00205777;0.993201;0.025789;0.980611;1;4;1
1273.53;491.06;6.80751;-2.94351;-0.00134052;0.00025555;0.00159404;0.00124016;-0.00232512;1.00971;0.00723933;-0.00833526;0.992594;0.038872;0.965257;1;4;1
31.5305;468.06;7.16386;-3.20461;0.00188101;-0.000818822;-0.000594659;0.00200618;-0.000943997;0.998778;-0.000648284;-0.000190338;1.0025;0.0185515;0.992393;1;2;1
54.5305;468.06;7.20705;-3.24763;0.000388129;-0.000444753;-0.000264856;0.000465218;-0.000521842;1.00248;-0.00158341;0.0014894;1.00257;0.0170449;0.994302;1;2;1
77.5306;468.06;7.18166;-3.27223;-0.000586863;0.000325627;0.000241006;0.00038537;-0.000646606;0.997412;-0.00307491;-4.72609e-05;1.00139;0.0196171;0.993244;1;2;1
100.531;468.06;7.18004;-3.24395;-0.00138705;0.00173384;0.000200044;0.00174661;-0.00139982;0.996663;-0.000419416;-0.000613425;1.0036;0.0192027;0.994339;1;2;1
123.531;468.06;7.11781;-3.24892;-0.00120306;0.00187221;-0.000471429;0.00194286;-0.00127371;0.999999;0.00480078;-0.00514564;1.00227;0.019051;0.992537;1;3;1
146.531;468.06;7.12466;-3.22537;4.0665e-06;0.000350403;-0.000676947;0.000875979;-0.00052151;0.999873;0.00254599;0.00209464;1.00217;0.019067;0.991084;1;2;1
169.531;468.06;7.11799;-3.2257;-0.000965506;0.000924192;-0.000195988;0.000944305;-0.000985618;0.998255;0.00152766;0.0033232;1.00244;0.0177427;0.993647;1;2;1
192.531;468.06;7.08022;-3.19604;-0.000201671;0.00109636;-0.000687546;0.00139283;-0.00049814;0.999998;0.00246168;-0.00282943;1.00127;0.0191076;0.991585;1;2;1
215.531;468.06;7.10871;-3.22756;-0.00102368;0.00074489;-0.00070382;0.000990792;-0.00126958;0.996473;0.000406936;0.00178239;1.00224;0.0195318;0.992125;1;2;1
238.531;468.06;7.03308;-3.24514;0.000521682;-0.000956431;-9.87005e-05;0.000528244;-0.000962993;1.0067;-0.000179246;-0.00113072;1.00203;0.018783;0.993549;1;3;1
261.531;468.06;7.1327;-3.22638;0.000954492;0.000471838;-0.000161923;0.00100378;0.000422548;0.998896;0.00127594;0.000698007;1.00243;0.0217867;0.990092;1;3;1
284.531;468.06;7.07696;-3.27402;-0.00130912;0.000503002;-0.00116741;0.00107471;-0.00188082;0.997838;0.00118052;-0.00161904;1.00694;0.0159862;0.99421;1;3;1
307.531;468.06;7.07243;-3.26964;-0.000668902;-0.000821667;0.000104085;-0.00061618;-0.000874389;0.995071;0.0064177;0.00594197;0.996979;0.0197688;0.992738;1;3;1
330.531;468.06;7.04611;-3.19264;0.000269866;9.10163e-05;0.00077204;0.000957643;-0.00059676;1.00254;7.1774e-06;-0.00531613;1.00078;0.0180956;0.992074;1;3;1
353.531;468.06;7.08477;-3.18846;-0.000115033;-0.000593012;0.00046153;0.000165713;-0.000873759;0.997676;-0.00458301;0.00272094;0.997293;0.0220093;0.987949;1;2;1
376.531;468.06;7.0408;-3.2259;0.000276371;-0.00109516;0.000310083;0.000343218;-0.00116201;1.00356;-0.00313915;-9.87863e-05;0.997341;0.0206407;0.986066;1;2;1
399.531;468.06;7.09746;-3.22507;2.75565e-05;-0.000289719;0.000494554;0.000388293;-0.000650455;0.998461;-0.00108035;0.000300305;1.00089;0.0171427;0.994634;1;3;1
422.531;468.06;7.04206;-3.19532;-0.00183672;-0.000394966;0.000662204;-0.000136978;-0.00209471;0.997007;-0.00222779;-0.000865575;0.995409;0.0163057;0.995597;1;3;1
445.531;468.06;7.01287;-3.17455;-0.000834425;-0.000176492;-0.000231152;-0.000103401;-0.000907517;0.998118;-0.00365331;0.00187378;0.998563;0.0207843;0.989738;1;2;1
468.531;468.06;7.00366;-3.1923;0.000368111;0.000990807;-0.000173546;0.00103591;0.00032301;1.00354;0.00113718;-0.00217673;1.0028;0.0233218;0.985907;1;3;1
491.531;468.06;7.02979;-3.19822;-0.000895916;-0.000310062;0.000539545;1.09451e-05;-0.00121692;0.999055;-0.000650325;0.00132922;1.00403;0.0179969;0.993172;1;3;1
514.531;468.06;6.96242;-3.16741;-0.00181747;0.000458603;0.000797292;0.000710099;-0.00206897;0.994171;-0.00573133;-0.000233789;1.00145;0.0202309;0.992135;1;3;1
537.531;468.06;6.9461;-3.16816;0.00010874;0.000458986;0.000132574;0.000503508;6.42184e-05;1.00703;-0.00131766;-0.00193891;0.9998;0.0193797;0.987357;1;3;1
560.531;468.06;6.96742;-3.17792;-0.000778162;0.00102615;-0.000241849;0.001058;-0.000810017;0.99436;0.00252215;0.000601772;0.999669;0.018401;0.993229;1;3;1
583.531;468.06;6.91029;-3.14496;-0.0017995;0.00069363;0.000697709;0.000875603;-0.00198148;0.996879;-0.00318597;0.00107886;1.00135;0.0204568;0.986544;1;3;1
606.531;468.06;6.88457;-3.17546;-3.11574e-05;0.00042937;-0.00011839;0.000458023;-5.98098e-05;0.999088;0.000559784;-0.000912771;1.00094;0.0178632;0.993529;1;3;1
629.531;468.06;6.90885;-3.16994;0.000565201;0.00115363;0.000843211;0.00175248;-3.36515e-05;0.998396;-0.00930787;0.00324945;1.00108;0.0188138;0.991187;1;3;1
652.531;468.06;6.91056;-3.17464;-0.000167023;-0.000617743;-0.000182041;-0.000102683;-0.000682083;1.00195;0.000886134;-0.000341916;1.00588;0.0181526;0.990436;1;3;1
675.531;468.06;6.90116;-3.15355;0.000257078;0.00212631;0.000248048;0.00215867;0.000224722;0.998708;0.00413451;-0.00752511;1.00464;0.0202112;0.988236;1;3;1
698.531;468.06;6.92238;-3.14586;0.00101883;0.00403788;-0.000725163;0.00420302;0.000853679;1.00296;0.00237784;0.00712354;1.01224;0.0204866;0.984177;1;3;1
721.531;468.06;6.948;-3.15167;-4.57245e-05;0.00198574;-0.00191239;0.00313541;-0.00119539;1.00078;0.00356118;-0.00227566;0.999121;0.0220666;0.987583;1;4;1
744.531;468.06;6.92024;-3.20394;-0.00189071;0.00131248;-0.000510876;0.00139199;-0.00197021;0.998707;0.00326778;-0.00165288;1.00526;0.0213343;0.986442;1;3;1
767.531;468.06;6.86091;-3.09414;-0.00165088;0.00247711;0.000486987;0.00253378;-0.00170755;0.996102;-0.000196884;0.00224634;1.00685;0.0200663;0.986168;1;3;1
790.531;468.06;6.84417;-3.128;0.000535632;0.000921584;-7.93878e-05;0.000937275;0.00051994;1.00372;-0.00128332;-0.00074832;0.996014;0.02222;0.984827;1;3;1
813.531;468.06;6.88554;-3.10741;0.000103318;0.000999365;0.00022243;0.00105154;5.11412e-05;0.994649;-0.00649142;-0.000213641;1.00234;0.0195864;0.988951;1;3;1
836.531;468.06;6.8489;-3.17363;-0.00157921;0.00146778;0.000325909;0.00150225;-0.00161368;1.00011;-0.0110889;0.00253632;0.997503;0.0225869;0.985938;1;3;1
859.531;468.06;6.81282;-3.15079;-0.000664528;0.00172727;0.000399993;0.00179239;-0.000729648;0.998962;-0.00530182;-0.000623188;1.00633;0.0192912;0.992402;1;3;1
882.531;468.06;6.8183;-3.12306;0.00123878;0.00104319;-0.00123254;0.0023774;-9.54356e-05;0.99915;0.00523737;-0.000361648;1.00461;0.0195538;0.988672;1;3;1
905.531;468.06;6.86977;-3.13604;0.000729675;-0.000644447;-3.0097e-05;0.000730334;-0.000645106;1.00265;0.0045101;-0.0015124;0.997495;0.0200891;0.991061;1;3;1
928.531;468.06;6.85184;-3.09247;0.000439948;0.00078494;0.000728857;0.00136143;-0.000136547;0.9994;0.00106353;0.00136778;1.00654;0.0189932;0.991027;1;3;1
951.531;468.06;6.88999;-3.10164;-0.000453722;0.000782314;0.000270593;0.000838956;-0.000510365;0.99862;0.00402375;0.000721663;1.00314;0.021917;0.988993;1;3;1
974.531;468.06;6.83096;-3.06685;-0.00150164;0.00122119;-0.000359996;0.00126798;-0.00154843;0.995084;0.00601638;-0.00224639;0.999447;0.019573;0.989741;1;3;1
997.531;468.06;6.82085;-3.13378;-0.000102507;-6.03251e-05;9.02291e-05;1.12455e-05;-0.000174077;1.00028;-0.00183166;0.00184699;0.999511;0.0207788;0.988218;1;3;1
1020.53;468.06;6.82623;-3.09053;9.28975e-05;0.00135862;0.00127297;0.00214736;-0.000695846;0.997687;0.002744;-0.00235759;0.997982;0.0226964;0.983898;1;2;1
1043.53;468.06;6.82508;-3.06844;0.000290886;0.00135735;-0.000147208;0.0013773;0.00027094;1.00403;0.00181983;0.00189495;1.00086;0.0209147;0.985623;1;3;1
1066.53;468.06;6.83961;-3.0985;-0.000112891;0.00114121;0.000209171;0.00117518;-0.000146859;0.999092;0.00203655;0.00430617;1.00738;0.020256;0.983608;1;3;1
1089.53;468.06;6.81988;-3.05108;-0.000331038;0.000364585;0.00109883;0.00116933;-0.00113579;1.00064;-0.00264422;-0.00055343;1.00245;0.0180226;0.992519;1;3;1
1112.53;468.06;6.82437;-3.06551;0.00085981;-0.000102442;-0.000279659;0.000935184;-0.000177815;0.998533;0.00082136;-0.0032128;1.00142;0.0202699;0.991575;1;3;1
1135.53;468.06;6.85939;-3.09671;0.000661598;0.00146983;-0.000623486;0.00180871;0.000322718;1.00206;0.000522062;0.00414223;1.00467;0.0208046;0.990465;1;2;1
1158.53;468.06;6.85477;-3.11581;-0.00145754;-0.00146658;0.00144046;-2.15886e-05;-0.00290253;0.996532;-0.00289338;-0.00302866;0.997254;0.0186513;0.992352;1;3;1
1181.53;468.06;6.7922;-3.00547;-0.000531766;-0.000189399;0.00200286;0.00164958;-0.00237075;0.99727;-0.00705111;0.00329655;0.992088;0.0226176;0.989814;1;3;1
1204.53;468.06;6.83028;-3.07166;-0.000271871;0.00130128;-0.000895135;0.00170633;-0.00067692;0.996356;0.00162657;-0.00205776;1.00129;0.0204566;0.988202;1;3;1
1227.53;468.06;6.77968;-3.04538;-0.000238449;-0.000290754;0.00085407;0.000589869;-0.00111907;1.00357;-0.00527517;-0.000864248;0.999193;0.0229624;0.980615;1;4;1
1250.53;468.06;6.81926;-3.00665;0.0011873;8.64827e-05;0.000982695;0.00176323;-0.000489447;0.996934;0.000160559;0.00122091;1.00699;0.0284149;0.975991;1;4;1
1273.53;468.06;6.83425;-3.01242;0.000651977;0.00312727;-0.00045234;0.00320734;0.000571905;1.00741;0.0073638;0.000282076;1.01248;0.0350336;0.973664;1;3;1
31.5305;445.06;7.14295;-3.24015;-0.000777928;0.000385969;-0.000606823;0.000644793;-0.00103675;0.997539;0.00461688;0.00299245;1.0013;0.0186137;0.99136;1;2;1
54.5305;445.06;7.12504;-3.25969;3.90467e-05;0.00145295;0.000265195;0.00150105;-9.05711e-06;1.0023;-0.00101486;-0.00274315;0.999832;0.0190318;0.989559;1;3;1
77.5306;445.06;7.14474;-3.25294;0.000284128;0.000213454;-0.000416382;0.000666669;-0.000169088;0.995276;0.00462982;0.00150927;1.00191;0.0203505;0.989576;1;3;1
100.531;445.06;7.1381;-3.28322;0.000399396;0.000817287;0.00041776;0.00107544;0.000141242;1.00342;-0.00046921;-0.000378064;1.00027;0.0185638;0.992031;1;2;1
123.531;445.06;7.16311;-3.26143;0.000412004;0.000559108;8.0463e-06;0.000559547;0.000411566;1.0018;0.00133635;-0.00410397;0.999146;0.0189944;0.994471;1;3;1
146.531;445.06;7.15705;-3.2709;-0.000504108;0.00096818;-0.000158091;0.000984964;-0.000520892;0.995158;-0.00143551;0.002756;1.00203;0.0204806;0.993013;1;2;1
169.531;445.06;7.13991;-3.25486;-0.000944511;0.00141921;0.000302791;0.00145738;-0.000982682;1.00154;0.000458396;-0.00108191;1.00253;0.0191879;0.989296;1;2;1
192.531;445.06;7.11357;-3.24135;-0.000456065;0.00177352;-0.000477903;0.00187164;-0.000554183;1.00015;0.0015479;-0.000479528;1.003;0.0191245;0.994618;1;3;1
215.531;445.06;7.11892;-3.22321;0.000203235;-0.000103689;0.000326685;0.000410707;-0.000311161;1.00151;0.000258517;0.00370338;1.00027;0.0214074;0.99039;1;3;1
238.531;445.06;7.12286;-3.17005;-0.00030556;0.000651742;-0.00151834;0.00176509;-0.00141891;0.998516;0.00596069;-0.00382625;1.0013;0.0192704;0.990533;1;3;1
261.531;445.06;7.10486;-3.2311;-0.000193458;0.00147519;-0.000691747;0.00172466;-0.000442928;1.00159;-0.00229888;0.00545752;1.00363;0.0193322;0.995281;1;3;1
284.531;445.06;7.11392;-3.23128;-0.000124305;-0.00149646;-0.00016864;-0.000103883;-0.00151688;0.994694;0.00124966;-0.0034894;0.995168;0.0177565;0.995324;1;2;1
307.531;445.06;7.09908;-3.15714;-0.000538603;-0.00127094;0.000243538;-0.00046501;-0.00134453;1.00273;-0.00206851;0.00480291;0.998896;0.0180695;0.9931;1;3;1
330.531;445.06;7.08914;-3.22324;-0.00165324;0.000325049;-0.000797266;0.000606353;-0.00193454;0.996621;0.00203666;-0.00347834;1.00067;0.0183263;0.992156;1;2;1
353.531;445.06;7.02296;-3.18514;-0.00196526;0.000913727;-0.000155135;0.000922062;-0.00197359;1.00001;0.000998644;0.00136892;1.00093;0.0201803;0.989532;1;2;1
376.531;445.06;6.99864;-3.20126;0.000798943;-1.40727e-05;-0.000735871;0.00123312;-0.000448252;0.998206;0.00406617;0.00204921;1.00171;0.018746;0.990967;1;2;1
399.531;445.06;7.05969;-3.21202;0.000548513;-0.00102408;0.000167275;0.000566109;-0.00104167;0.999189;-0.00054735;0.000498059;0.998913;0.0175282;0.993465;1;3;1
422.531;445.06;7.02386;-3.18641;-0.00130142;0.000174267;-0.000489857;0.000322072;-0.00144923;0.997;0.00309333;-0.00333217;1.00131;0.0165975;0.993199;1;2;1
445.531;445.06;6.99977;-3.17437;-0.000741714;0.00117763;-0.000715648;0.00141508;-0.000979173;1.00197;0.00155746;0.00214267;0.999774;0.0180484;0.992348;1;2;1
468.531;445.06;6.98972;-3.22151;-0.000408852;-0.000302419;-4.71183e-05;-0.000284557;-0.000426714;0.996954;0.00122906;-0.000705991;0.998491;0.0192855;0.989438;1;3;1
491.531;445.06;6.98096;-3.17044;-0.00025316;-0.00127959;0.000336832;-0.000152497;-0.00138025;1.00117;0.00303631;-0.00180318;0.995145;0.0171192;0.992748;1;3;1
514.531;445.06;6.97805;-3.17818;-0.000537432;0.0011346;-0.00108718;0.00167004;-0.00107287;0.997776;0.00481167;0.00234645;1.00039;0.0195846;0.990525;1;3;1
537.531;445.06;6.95622;-3.19814;0.000823986;0.000498088;-0.000638444;0.00131995;2.12655e-06;1.00163;0.00128899;-0.0044406;1.00108;0.0198299;0.99138;1;3;1
560.531;445.06;7.01593;-3.20052;-0.000478017;-0.000333324;-8.69181e-05;-0.000292583;-0.000518758;0.997167;0.00278403;0.00433117;1.00351;0.0213499;0.986742;1;3;1
583.531;445.06;6.93419;-3.14152;-0.00148881;0.00111295;-0.000897789;0.00139268;-0.00176853;1.0039;0.00287805;-0.00232755;1.00013;0.0213769;0.984141;1;3;1
606.531;445.06;6.94739;-3.17955;-0.00102133;-0.000235149;-0.00159218;0.00101175;-0.00226822;0.994673;0.00232646;-0.000517284;1.00045;0.0192267;0.992488;1;2;1
629.531;445.06;6.88717;-3.18243;0.000153058;-0.000679466;0.000393871;0.000309865;-0.000836273;1.00305;0.00235851;-0.00224846;0.999877;0.0199706;0.989702;1;2;1
652.531;445.06;6.95441;-3.13032;0.00173278;0.000791324;-0.0011443;0.0024994;2.47105e-05;0.999365;0.00160745;-0.000790542;0.994959;0.0207903;0.983119;1;3;1
675.531;445.06;6.9668;-3.20997;0.000475324;0.00156049;-0.00197216;0.00306334;-0.00102753;1.00112;-0.00129026;0.00317055;1.00336;0.0216904;0.988389;1;3;1
698.531;445.06;6.97604;-3.27427;-0.000183211;0.00173502;-9.22293e-05;0.00173945;-0.000187635;1.00213;-0.00208942;0.00134454;1.00085;0.0191342;0.988637;1;3;1
721.531;445.06;6.95837;-3.21987;0.000120268;0.00150261;0.00149765;0.00246089;-0.000838005;0.998464;-0.00372977;-0.00561621;0.99979;0.0208604;0.987676;1;3;1
744.531;445.06;6.98141;-3.15116;-0.000676384;3.53841e-06;0.000427208;0.000209544;-0.00088239;0.999575;0.00443363;0.00502228;0.995037;0.02331;0.982484;1;3;1
767.531;445.06;6.92724;-3.20134;-0.00268822;0.00210749;-0.000787376;0.00223345;-0.00281418;0.998039;0.0023754;0.000952431;0.997628;0.0195316;0.988354;1;3;1
790.531;445.06;6.85758;-3.17212;-0.00263417;0.000870091;-0.00134958;0.0013296;-0.00309368;0.997519;0.00126818;-0.00157855;0.998378;0.0211152;0.989837;1;3;1
813.531;445.06;6.80591;-3.19671;-0.00175601;0.00227166;-0.000482754;0.00232871;-0.00181307;0.993542;0.00245698;0.0021476;1.00164;0.0202067;0.98943;1;3;1
836.531;445.06;6.7767;-3.22213;0.000401908;5.07075e-05;0.000424562;0.000685751;-0.000233135;1.0029;0.00437176;-0.00172828;1.00299;0.0222934;0.986307;1;3;1
859.531;445.06;6.82439;-3.1759;0.00294628;0.000429602;-0.000562017;0.00306608;0.000309797;1.00538;0.0038657;0.00225971;0.996517;0.0223767;0.988771;1;3;1
882.531;445.06;6.91203;-3.22484;0.00119321;0.00165728;-1.62993e-05;0.00165785;0.00119264;0.99954;-0.000825679;-0.00628516;0.999537;0.020796;0.989737;1;3;1
905.531;445.06;6.8792;-3.10944;-0.00220534;0.00123965;0.00129725;0.00167351;-0.00263919;0.996313;-0.00213003;0.00264244;1.00231;0.0207367;0.989963;1;3;1
928.531;445.06;6.81039;-3.13808;-0.00122893;0.00201696;0.000467858;0.00208305;-0.00129502;1.00227;0.00154608;0.000517745;1.00089;0.0201432;0.989494;1;3;1
951.531;445.06;6.82263;-3.11484;0.000786797;0.00129673;0.00112577;0.00219605;-0.000112519;1.00025;-0.00668123;-0.00182397;0.999768;0.0189385;0.990345;1;3;1
974.531;445.06;6.84657;-3.16172;0.000797623;0.00163596;0.00084279;0.00215807;0.000275518;0.999751;-0.00511742;-0.00100465;1.00376;0.0211436;0.986768;1;3;1
997.531;445.06;6.85931;-3.10763;-0.000880549;0.000107863;0.000144657;0.000128599;-0.000901285;0.998916;-0.00135827;-0.00205839;1.00104;0.0205075;0.992215;1;3;1
1020.53;445.06;6.80604;-3.13621;-0.000666192;0.000326986;0.000447251;0.000498704;-0.00083791;0.999006;-0.00397946;0.00382066;0.999729;0.0225289;0.983928;1;3;1
1043.53;445.06;6.82865;-3.12599;-9.76699e-06;0.00127333;0.0001005;0.00128115;-1.75911e-05;1.00286;0.00073014;-0.00111648;1.00062;0.0225054;0.983562;1;3;1
1066.53;445.06;6.80558;-3.10907;-0.000576202;-0.00031557;0.00097354;0.000536337;-0.00142811;0.999115;-0.00230388;-0.00217643;0.995554;0.0180219;0.992644;1;3;1
1089.53;445.06;6.8021;-3.06811;0.000521341;0.00223361;0.000850276;0.0025841;0.000170854;1.0029;-0.00182727;0.00124858;1.00235;0.0197436;0.989652;1;3;1
1112.53;445.06;6.82952;-3.04976;0.000772367;0.00189672;-0.000309992;0.00197652;0.000692564;0.997158;-0.00338525;-0.000734533;1.00219;0.0197149;0.988942;1;3;1
1135.53;445.06;6.8376;-3.10106;0.000280864;0.000375843;0.000159852;0.000495111;0.000161596;1.00207;-0.00165209;-0.0018924;0.997181;0.0195525;0.990754;1;3;1
1158.53;445.06;6.84242;-3.08279;-0.00114591;0.000247919;0.000726318;0.000557597;-0.00145559;0.994824;0.00208488;-0.00353833;1.00195;0.0224548;0.986604;1;2;1
1181.53;445.06;6.78485;-3.06597;0.000805484;0.00190793;-0.000771257;0.00230469;0.000408716;0.997613;0.000583558;0.00612882;1.00447;0.0226188;0.986252;1;3;1
1204.53;445.06;6.87946;-3.1015;-0.000133804;0.000626916;0.000556683;0.000920774;-0.000427662;1.00134;0.00111529;-0.00489118;1.00454;0.0222328;0.987719;1;3;1
1227.53;445.06;6.77869;-3.05615;-0.00213335;0.000251408;0.000595714;0.000391937;-0.00227388;0.998934;0.00567239;-0.0015805;1.00053;0.0234677;0.987401;1;3;1
1250.53;445.06;6.78118;-3.04193;0.00127997;0.00415935;-0.00069606;0.00431879;0.00112054;0.997919;0.000994899;0.00357973;0.996913;0.0264432;0.97671;1;3;1
1273.53;445.06;6.83752;-3.08713;0.00245461;0.00521774;-0.000865059;0.00546622;0.00220613;0.998396;0.00246691;-0.00173577;1.00158;0.0367883;0.972423;1;3;1
31.5305;422.06;7.18061;-3.22236;-0.000459972;0.00116787;-0.00280967;0.00327913;-0.00257123;1.00425;0.00292463;-0.00202354;0.998656;0.0221529;0.989082;1;3;1
54.5305;422.06;7.16985;-3.3144;0.000344949;0.00127065;-0.00158918;0.00246302;-0.000847414;0.996034;0.0039728;0.00303451;1.00314;0.019299;0.992179;1;2;1
77.5306;422.06;7.19644;-3.28205;-0.000797558;0.000341296;-0.000725985;0.000694529;-0.00115079;0.999615;-0.00130103;-0.00336504;1.00203;0.0195212;0.989246;1;2;1
100.531;422.06;7.13313;-3.2815;-0.00145645;0.00047595;-0.000116188;0.000482911;-0.00146341;0.998423;-0.00270093;0.00062117;1.0036;0.0183495;0.991133;1;2;1
123.531;422.06;7.12939;-3.27463;0.000275433;-0.000278306;-6.23429e-05;0.000282365;-0.000285238;1.00018;-0.00202171;-0.000550387;1.0025;0.017463;0.993429;1;3;1
146.531;422.06;7.1458;-3.26988;-0.000210024;-0.00131844;-0.000587099;4.31283e-05;-0.0015716;1.00245;0.000100722;0.00175342;0.997541;0.0171586;0.991906;1;2;1
169.531;422.06;7.11973;-3.29093;0.000220088;-0.000418451;-7.14185e-05;0.000227978;-0.000426341;0.998705;-0.00234837;0.00184757;0.999452;0.0202484;0.986799;1;2;1
192.531;422.06;7.15592;-3.27748;0.000658074;0.000902737;-0.000374536;0.00117441;0.000386397;0.999573;0.0032058;-0.000466771;1.00048;0.0208867;0.989149;1;2;1
215.531;422.06;7.14994;-3.22277;0.000195669;-0.000140921;-0.000382845;0.000445576;-0.000390828;0.997501;0.00300766;-0.00223104;0.998136;0.0189074;0.988835;1;3;1
238.531;422.06;7.16492;-3.27492;-0.000322898;0.000664226;-0.000936298;0.00122909;-0.000887758;1.00242;0.000141086;0.00116329;1.00173;0.0201766;0.990937;1;3;1
261.531;422.06;7.13503;-3.29419;3.16718e-05;0.000101254;0.000245806;0.000314719;-0.000181792;0.996495;0.00184129;-0.000503355;1.00117;0.0193815;0.990864;1;3;1
284.531;422.06;7.16632;-3.20505;-0.00167047;0.000182239;0.000472778;0.000295909;-0.00178414;1.00126;0.00164327;-0.00410432;1.0038;0.017311;0.99389;1;3;1
307.531;422.06;7.05805;-3.21114;-0.0016247;0.00141161;0.00032056;0.00144509;-0.00165818;0.999289;0.000246587;-3.01544e-05;1.00067;0.0194591;0.993139;1;3;1
330.531;422.06;7.09153;-3.20757;0.00137204;-0.000216685;-0.000829265;0.00172602;-0.000570667;0.997561;0.00475254;0.00201344;0.996068;0.0185733;0.99153;1;3;1
353.531;422.06;7.12111;-3.23046;-0.000216035;0.000289778;-0.00157028;0.00162739;-0.00155365;1.00352;0.00615304;0.00344878;0.999132;0.0195429;0.990369;1;3;1
376.531;422.06;7.08159;-3.22523;-0.000525565;-0.000435084;-0.000777586;0.000298576;-0.00125923;0.996581;0.00422937;-0.00639726;0.998902;0.0171589;0.992532;1;3;1
399.531;422.06;7.0969;-3.17794;0.000941968;-0.000548095;-9.37689e-05;0.000947846;-0.000553973;1.00509;-0.00138419;0.000860445;1.00137;0.0201059;0.990367;1;3;1
422.531;422.06;7.12489;-3.20326;-0.00115749;-0.000384156;-0.00129747;0.000583038;-0.00212468;0.996175;5.37837e-05;0.00188716;1.00061;0.0176154;0.99272;1;2;1
445.531;422.06;7.0436;-3.22868;-0.00245257;0.000481982;-0.000479717;0.000558411;-0.002529;1.00121;-0.00261169;0.00174224;0.99996;0.0183376;0.993181;1;3;1
468.531;422.06;7.01193;-3.17839;-3.10561e-05;-0.000112836;0.000647609;0.000576952;-0.000720845;0.998979;-0.000702427;-0.00415431;1.00131;0.0169774;0.99216;1;2;1
491.531;422.06;7.04208;-3.13932;0.000496641;-0.000511847;-0.00143539;0.00151378;-0.00152899;0.999782;0.00189167;0.00132353;1.002;0.0183276;0.992926;1;3;1
514.531;422.06;7.03475;-3.21952;-0.00129472;-0.000183251;-0.00164843;0.0010006;-0.00247857;1.00112;0.00332488;0.000740457;1.00107;0.0150402;0.994519;1;2;1
537.531;422.06;6.98246;-3.19105;-5.78095e-05;-0.00118364;-0.000126677;-4.37321e-05;-0.00119772;0.998793;0.0039305;-0.00347491;0.999455;0.0183092;0.992087;1;2;1
560.531;422.06;7.03205;-3.16254;0.000686628;-0.00152018;0.00021372;0.000707135;-0.00154069;0.996324;0.0014422;0.00173457;0.995346;0.0227398;0.986428;1;3;1
583.531;422.06;7.01403;-3.19601;-0.000908075;0.000783533;-7.27114e-05;0.000786652;-0.000911195;1.0041;0.00293719;0.000592989;1.00053;0.0181891;0.992897;1;3;1
606.531;422.06;6.99026;-3.16452;-0.0020021;-0.000456669;0.000487628;-0.000315672;-0.00214309;0.996928;-0.00192006;0.000294937;0.995865;0.019695;0.991035;1;3;1
629.531;422.06;6.92181;-3.13868;-4.56597e-05;-0.000706435;-0.00146688;0.00112758;-0.00187967;1.0006;0.00184088;0.00330031;0.998903;0.0190316;0.991841;1;2;1
652.531;422.06;6.98814;-3.21096;0.000362678;0.00111204;-0.00109557;0.00189523;-0.000420508;1.00182;0.00201233;-0.00239218;1.00447;0.0200182;0.990427;1;3;1
675.531;422.06;6.9384;-3.22526;-0.00145962;-3.28266e-05;9.19266e-05;-2.69282e-05;-0.00146552;0.994185;0.00200382;0.00229764;0.994898;0.020742;0.984229;1;3;1
698.531;422.06;6.92095;-3.2256;-0.000106355;-0.00157985;-0.000104649;-9.89601e-05;-0.00158725;1.00354;-0.00120977;-4.976e-05;0.993979;0.0222332;0.98514;1;2;1
721.531;422.06;6.93351;-3.22073;-0.000466968;-0.000797334;0.000673008;6.08323e-05;-0.00132513;1.00055;-0.000567644;0.00255114;0.999695;0.0232401;0.983488;1;3;1
744.531;422.06;6.89945;-3.2041;-0.000456703;0.000934315;0.00137189;0.00177692;-0.00129931;1.00067;-0.0052888;-0.00144572;1;0.0194349;0.992399;1;3;1
767.531;422.06;6.91249;-3.19095;0.00160709;0.0004725;0.000433323;0.00175365;0.000325937;0.999069;0.00542969;-0.00200014;1.00353;0.0176533;0.991046;1;3;1
790.531;422.06;6.97331;-3.16782;-0.000709853;0.000848505;-0.000724027;0.00113297;-0.000994316;1.00031;0.0059268;0.0015343;1.00236;0.019848;0.990224;1;3;1
813.531;422.06;6.87982;-3.21178;-0.00309608;-0.00174861;-0.000821503;-0.0013599;-0.00348479;0.99836;0.00402205;0.00167459;0.998349;0.0235645;0.983741;1;3;1
836.531;422.06;6.83067;-3.17596;-0.000394041;-0.00134006;0.000139477;-0.000373905;-0.00136019;0.996824;-0.0019076;-0.00578265;0.998563;0.0185274;0.994104;1;3;1
859.531;422.06;6.86167;-3.17053;0.0012098;-0.000582482;-0.000444772;0.0013141;-0.000686787;1.00282;-0.00323394;0.00344328;1.00302;0.0200263;0.988268;1;3;1
882.531;422.06;6.88628;-3.19919;-0.000531464;-0.000450439;-3.05393e-05;-0.000440218;-0.000541686;0.999974;0.00147112;-0.0028208;1.00046;0.0189937;0.99295;1;3;1
905.531;422.06;6.83721;-3.19302;-0.00180156;0.00150373;0.000481178;0.00157235;-0.00187018;0.99478;-0.00201742;0.0020654;0.99995;0.0171219;0.994361;1;3;1
928.531;422.06;6.80333;-3.18513;-0.00161493;-0.000160053;0.000563858;3.28899e-05;-0.00180787;0.995577;-0.00388309;7.91429e-05;0.998074;0.0201526;0.988597;1;3;1
951.531;422.06;6.76285;-3.16107;-0.000925822;0.000984877;0.000894194;0.00133807;-0.00127901;0.999902;0.000944751;-0.000744259;1.00465;0.0210383;0.984623;1;3;1
974.531;422.06;6.7607;-3.14199;0.00152758;0.000472586;0.0006423;0.00183123;0.000168938;1.00809;0.00314824;-0.00206681;1.00125;0.0212288;0.984141;1;3;1
997.531;422.06;6.83306;-3.13874;0.000130302;0.000320411;0.00142068;0.00164922;-0.0011985;0.990888;-0.000607781;-0.00381291;1.00229;0.0200767;0.993825;1;3;1
1020.53;422.06;6.76668;-3.10553;0.000216032;-0.000421988;0.000103194;0.000232308;-0.000438264;1.00777;-0.00185503;0.00113777;1.00584;0.0189629;0.991008;1;3;1
1043.53;422.06;6.843;-3.12697;0.00089626;0.000413403;0.000631502;0.00133091;-2.12472e-05;0.995338;-0.00386747;2.64602e-05;1.00367;0.021275;0.988256;1;3;1
1066.53;422.06;6.80788;-3.08397;-0.000910103;-0.000551069;0.000467905;-0.000229426;-0.00123175;1.00441;-0.00463159;0.00323708;0.99841;0.0197459;0.986861;1;3;1
1089.53;422.06;6.80111;-3.15371;0.000261927;0.00257452;-0.00146061;0.00328113;-0.000444682;0.996725;0.00165977;0.00249926;1.00383;0.0193034;0.989364;1;3;1
1112.53;422.06;6.81988;-3.15267;0.000229779;0.00280625;0.00109852;0.00321103;-0.000175002;1.0029;0.000602178;-0.00642331;1.00191;0.0193756;0.991274;1;3;1
1135.53;422.06;6.81166;-3.11397;6.81049e-05;0.00133056;0.000437996;0.00146763;-6.89702e-05;0.998098;0.000873069;-0.000622282;1.00208;0.0209313;0.98779;1;3;1
1158.53;422.06;6.82301;-3.1272;0.000711465;0.00153354;0.000354412;0.00166523;0.000579769;1.00457;0.000654032;0.000951188;0.999528;0.0203587;0.989499;1;3;1
1181.53;422.06;6.84437;-3.09312;-0.000741297;0.00178299;-0.00104319;0.0021583;-0.00111661;0.994193;0.00554934;-0.000550383;1.00037;0.0218409;0.985097;1;3;1
1204.53;422.06;6.78889;-3.10047;-0.00130112;0.000841716;0.00107524;0.00128822;-0.00174762;1.00146;-0.00518927;0.00119991;0.997473;0.0256789;0.979874;1;3;1
1227.53;422.06;6.78446;-3.05695;0.00137841;0.000659415;-0.00206611;0.00311607;-0.00107824;0.997465;-0.000949134;-0.000473923;1.00051;0.024081;0.977082;1;3;1
1250.53;422.06;6.85215;-3.19757;0.000846909;0.00199427;-0.0028433;0.00432118;-0.00148;1.00862;0.00205472;0.00572783;1.00877;0.0274552;0.970111;1;3;1
1273.53;422.06;6.82299;-3.25181;-0.00126391;0.00302029;-0.00244017;0.00412519;-0.00236881;0.985082;-0.00180705;-0.00175096;0.998371;0.0370644;0.954388;1;3;1
31.5305;399.06;7.21718;-3.29378;-0.000248447;0.00074621;-0.00118064;0.00152999;-0.00103223;0.994657;-0.000384934;-3.65828e-05;1.00186;0.0173133;0.996046;1;2;1
54.5305;399.06;7.21145;-3.31802;0.000594601;-0.000932511;-0.000632444;0.00082251;-0.00116042;1.00115;-0.000880138;0.000274251;1.00109;0.0183157;0.990033;1;2;1
77.5306;399.06;7.24452;-3.26853;-0.00119951;2.10609e-05;-0.000379088;0.000129215;-0.00130767;0.998996;-0.000902318;-0.00613227;1.00205;0.0186154;0.994277;1;3;1
100.531;399.06;7.15624;-3.3051;-0.00139148;0.000898178;-0.000330774;0.000945005;-0.0014383;1.00178;0.00120269;0.00158295;0.998339;0.0198841;0.991023;1;2;1
123.531;399.06;7.18046;-3.24862;0.000840355;-3.77815e-05;2.62374e-05;0.000841138;-3.85648e-05;0.996136;0.00542579;-0.00499829;0.998935;0.018582;0.992943;1;2;1
146.531;399.06;7.19478;-3.21019;-0.000903438;-0.000254143;-0.00080721;0.000291258;-0.00144884;1.00248;0.00448894;0.00393775;1.00113;0.0213498;0.984559;1;2;1
169.531;399.06;7.13888;-3.2356;0.000466589;-0.000296473;-0.00141133;0.00154705;-0.00137694;0.996925;0.00212967;0.00118543;0.998365;0.0181663;0.993105;1;3;1
192.531;399.06;7.21618;-3.28274;0.000387434;0.000439715;-0.000671157;0.00108524;-0.000258091;1.00066;0.00154997;-0.00149665;1.00364;0.0202655;0.990522;1;2;1
215.531;399.06;7.15669;-3.21671;-0.00170659;0.00198601;0.00127295;0.0023823;-0.00210289;0.998047;0.00143226;0.00124644;1.00363;0.0173398;0.992123;1;3;1
238.531;399.06;7.13754;-3.2006;-9.92369e-05;-0.000359549;-0.000330818;0.000126108;-0.000584894;0.99869;0.00128817;0.0010521;0.994554;0.0201016;0.991652;1;2;1
261.531;399.06;7.15213;-3.23573;0.000348626;-0.000853347;-0.00108912;0.000991572;-0.00149629;1.00234;-2.36372e-05;-0.000865145;0.999303;0.0191288;0.994013;1;2;1
284.531;399.06;7.15356;-3.23965;-0.0018486;0.000924745;0.000273301;0.000951421;-0.00187528;0.99725;0.000839906;0.000320146;1.00007;0.01639;0.993775;1;3;1
307.531;399.06;7.06701;-3.22202;-0.00016317;0.00138623;-0.000998149;0.00187504;-0.000651982;1.00416;0.00222745;-0.00200022;1.00421;0.0173171;0.993614;1;3;1
330.531;399.06;7.14604;-3.21323;0.00180126;0.00011403;-0.000759986;0.00209311;-0.000177813;1.00274;0.00312999;-0.00333111;1.00461;0.0189115;0.989129;1;3;1
353.531;399.06;7.14979;-3.19829;-0.000506153;0.000621677;0.000436099;0.000770631;-0.000655107;0.998521;-0.00380318;-0.00153838;1.0054;0.0193413;0.990463;1;3;1
376.531;399.06;7.12274;-3.18107;-0.00129355;-0.000753318;-0.000442522;-0.000504985;-0.00154188;0.996829;-0.0018055;0.00260196;1.00155;0.0188852;0.990153;1;3;1
399.531;399.06;7.09024;-3.18679;-0.000655245;0.00139715;7.96822e-05;0.00140024;-0.000658333;0.997051;0.00093998;-0.00210213;0.998835;0.0186611;0.992848;1;3;1
422.531;399.06;7.09259;-3.16869;-0.000462506;0.00071423;0.000756624;0.00108433;-0.000832604;1.00043;0.000549464;0.00151485;0.997663;0.0178772;0.993547;1;2;1
445.531;399.06;7.06896;-3.19649;-0.00158747;5.92423e-05;-0.00103536;0.000558717;-0.00208694;0.997356;0.00419484;0.00390286;1.00082;0.0191918;0.99087;1;2;1
468.531;399.06;7.01948;-3.21631;6.35693e-05;0.00137806;0.00028712;0.00143804;3.5913e-06;1.00053;-0.000665194;-0.000996958;0.999182;0.0159132;0.994524;1;2;1
491.531;399.06;7.07186;-3.1468;0.00127606;0.00217541;0.00107918;0.00289485;0.000556619;1.00398;-0.00428498;-0.00605752;1.00202;0.0209448;0.988335;1;3;1
514.531;399.06;7.07812;-3.16964;-0.00102267;0.000301554;0.000207121;0.000333194;-0.00105431;0.998043;-0.00490376;0.00486303;0.997778;0.0178549;0.991727;1;2;1
537.531;399.06;7.02479;-3.14361;-0.00188441;0.000329643;-8.32784e-05;0.000332771;-0.00188754;0.995134;-0.000357511;-0.0021124;1.00143;0.0165214;0.994338;1;2;1
560.531;399.06;6.99134;-3.13053;-0.00186518;0.000745326;-0.000385893;0.000801175;-0.00192102;1.00076;-0.00253315;0.00242893;1.00311;0.0208225;0.987505;1;2;1
583.531;399.06;6.9389;-3.17755;-0.000683852;1.59653e-05;6.69724e-05;2.23169e-05;-0.000690204;1.00132;-0.00592546;0.00144009;0.999524;0.0186462;0.991113;1;3;1
606.531;399.06;6.95986;-3.15853;0.000800966;0.00066339;0.000142289;0.000890223;0.000574134;0.999045;-0.000345492;-0.0025017;1.00389;0.0186763;0.991432;1;3;1
629.531;399.06;6.97572;-3.14984;0.000188244;0.000970316;-0.000753467;0.00142817;-0.000269615;1.00064;-0.00270824;-0.00150966;0.999077;0.0221926;0.984466;1;3;1
652.531;399.06;6.96851;-3.18144;-0.000695905;-0.000367499;-0.000816387;0.000301035;-0.00136444;1.00144;-0.00106546;-0.000117756;0.99686;0.0213179;0.989258;1;2;1
675.531;399.06;6.94366;-3.20846;0.000471415;-0.000262839;-0.000486002;0.000713369;-0.000504794;0.99403;-0.000891269;-0.000925894;1.00421;0.0191758;0.992015;1;3;1
698.531;399.06;6.99019;-3.20154;-0.000559333;-0.000533346;-0.000467301;-7.88576e-05;-0.00101382;1.0027;0.00323543;-0.00125125;1.00034;0.0232867;0.985385;1;3;1
721.531;399.06;6.91792;-3.18316;-0.00228505;0.000691686;0.000332937;0.00072847;-0.00232183;0.996925;0.00244915;0.00342524;1.00329;0.0187892;0.989077;1;3;1
744.531;399.06;6.88496;-3.19402;0.000125616;-1.89819e-05;-0.000988314;0.00104427;-0.000937638;1.00128;0.001639;0.00179404;1.00001;0.0197245;0.990697;1;2;1
767.531;399.06;6.92368;-3.22307;0.000400506;0.00113444;0.000265242;0.00122026;0.000314684;1.00242;-0.00347312;-0.00556624;1.00193;0.0237363;0.986107;1;3;1
790.531;399.06;6.90337;-3.21111;-0.00108597;8.16156e-05;0.00167857;0.00127502;-0.00227937;0.994129;-0.0050769;0.00177857;1.0038;0.0219379;0.99059;1;3;1
813.531;399.06;6.87357;-3.11615;-0.00213381;-0.00153246;-0.000198708;-0.00147274;-0.00219354;1.00187;-0.00192363;-0.00150576;1.00161;0.0193812;0.991536;1;3;1
836.531;399.06;6.80509;-3.16044;-0.000684289;-0.000395124;-0.000178427;-0.000310054;-0.000769359;0.998854;0.000289966;-0.000859675;1.00131;0.0209391;0.988906;1;3;1
859.531;399.06;6.84207;-3.14909;0.00189934;-0.000693416;-0.000380769;0.0019541;-0.000748178;1.00336;0.000217478;0.00496074;0.995603;0.0178329;0.991243;1;2;1
882.531;399.06;6.89235;-3.20411;0.000149798;-0.000384091;0.000188944;0.0002099;-0.000444193;1.00078;0.00151801;0.000747497;0.996915;0.0198248;0.988709;1;3;1
905.531;399.06;6.84896;-3.17855;-0.00221202;0.000947048;0.000364149;0.00098848;-0.00225345;0.993308;0.00231429;-0.00484339;1.00529;0.0193097;0.99171;1;3;1
928.531;399.06;6.79043;-3.13072;-0.00142158;-0.000389679;-0.00068357;-4.91993e-05;-0.00176206;0.99787;0.00272624;-0.000906942;1.0015;0.0191079;0.993868;1;3;1
951.531;399.06;6.78351;-3.1601;0.000423514;0.000907733;-0.00196594;0.00264641;-0.00131517;1.00081;0.00318258;0.0030129;1.00118;0.0197867;0.989166;1;2;1
974.531;399.06;6.80987;-3.18344;-0.000400228;0.00122401;-0.000225356;0.0012547;-0.000430916;0.999818;0.00213084;-0.0024142;1.00127;0.021236;0.98901;1;3;1
997.531;399.06;6.76508;-3.12227;-3.30438e-05;0.000951184;0.00112073;0.00168309;-0.000764946;0.995658;-0.00645801;0.00114514;1.00226;0.0260063;0.980655;1;3;1
1020.53;399.06;6.80831;-3.11679;0.000588712;0.0013817;-0.000344172;0.00151024;0.000460171;1.00378;0.00167186;-0.00514614;0.998209;0.0243674;0.98187;1;3;1
1043.53;399.06;6.79215;-3.14498;-0.00157598;0.000754557;0.000483021;0.0008507;-0.00167212;0.994843;-0.000348599;0.00433516;0.997421;0.019524;0.988252;1;3;1
1066.53;399.06;6.73574;-3.08366;0.00164157;0.00119752;-0.000267732;0.00176736;0.00107173;1.00448;0.00385381;0.00208634;1.00396;0.0203311;0.991057;1;3;1
1089.53;399.06;6.86758;-3.18634;0.000710609;0.000603936;-0.00185287;0.00251091;-0.00119637;0.99866;0.0034315;0.00114369;0.995263;0.0217539;0.985219;1;3;1
1112.53;399.06;6.76832;-3.17863;-0.000972562;0.000881307;-0.000328372;0.000937753;-0.00102901;0.995898;0.000124438;-0.00646245;1.00113;0.0237609;0.980523;1;3;1
1135.53;399.06;6.82282;-3.16222;0.00135718;0.000630877;0.000116638;0.00137545;0.000612605;1.00006;-0.00153335;0.00558072;1.00229;0.022974;0.987243;1;2;1
1158.53;399.06;6.8307;-3.15327;0.0018468;0.00107357;0.000258035;0.001925;0.000995367;1.00772;0.000287435;0.0037643;1.00544;0.0238037;0.983499;1;3;1
1181.53;399.06;6.90769;-3.14775;-0.00030512;0.00220909;-0.00012152;0.00221495;-0.000310979;0.994195;0.000223553;-0.00373948;1.00679;0.0238166;0.984167;1;2;1
1204.53;399.06;6.81666;-3.14016;-0.000785903;0.0020493;0.000163326;0.00205868;-0.00079528;0.997548;0.00378877;-0.00138153;1.0036;0.0233352;0.982714;1;3;1
1227.53;399.06;6.87148;-3.08638;0.000669527;0.00200251;-0.000529991;0.00218755;0.00048449;1.00296;0.00504059;0.000939122;1.0003;0.024252;0.984831;1;3;1
1250.53;399.06;6.84745;-3.13353;0.00178594;-0.000866926;-0.00097487;0.00210566;-0.00118664;0.996185;-5.0918e-05;-0.00137644;0.990759;0.0243056;0.977276;1;3;1
1273.53;399.06;6.95335;-3.22571;0.00462303;-0.00176014;-0.00295026;0.00577774;-0.00291485;1.00901;0.00614908;0.00718021;0.998344;0.0288821;0.976473;1;3;1
31.5305;376.06;7.24073;-3.25663;0.00054316;-0.000331665;-0.000916205;0.00112101;-0.000909516;0.996877;-0.00140923;0.00528442;1.00471;0.0185207;0.990853;1;3;1
54.5305;376.06;7.25321;-3.27141;7.76635e-05;-0.000479961;-0.00131581;0.00114388;-0.00154618;1.00207;0.000868303;-0.00282376;1.00172;0.0193419;0.989082;1;3;1
77.5306;376.06;7.24429;-3.28299;-0.00151249;-4.64109e-05;-0.000527724;0.000123788;-0.00168269;0.996777;0.000711233;0.00369616;0.998599;0.0162179;0.994633;1;2;1
100.531;376.06;7.18356;-3.32277;-0.000488738;-0.000768846;-0.00080658;0.000189857;-0.00144744;1.00078;0.00255634;-0.00303088;0.998793;0.0165262;0.991625;1;3;1
123.531;376.06;7.22181;-3.2728;0.00107977;0.000901424;0.000194634;0.00120469;0.000776508;0.999556;0.000272631;-0.000727299;0.999494;0.0183822;0.989845;1;3;1
146.531;376.06;7.23316;-3.2581;-0.000973202;0.00162922;0.000245804;0.00165224;-0.000996215;0.998355;-0.00250003;0.00255798;0.997732;0.0185104;0.988979;1;3;1
169.531;376.06;7.17702;-3.27726;7.37842e-05;0.000737664;-0.000849931;0.00131818;-0.000506727;0.998653;0.00168626;-3.9696e-05;1.00344;0.0190293;0.989739;1;3;1
192.531;376.06;7.23653;-3.29764;-0.00134531;-0.000819276;-0.0006623;-0.000369678;-0.00179491;0.99887;-0.00137883;0.0025012;0.99838;0.0190755;0.991469;1;3;1
215.531;376.06;7.11508;-3.31402;-0.00130711;0.000926827;0.000333433;0.000975533;-0.00135581;1.00087;0.0028454;-0.00407481;1.0008;0.0170609;0.990038;1;2;1
238.531;376.06;7.17635;-3.25838;0.00176564;0.00112065;0.00033386;0.00190733;0.000978963;1.00073;-0.00349596;0.0016856;1.00349;0.0178991;0.992886;1;2;1
261.531;376.06;7.19619;-3.25488;-0.000466594;0.00149312;4.44932e-05;0.00149413;-0.000467603;0.999879;0.00252392;-0.00218371;0.999707;0.0201167;0.991439;1;2;1
284.531;376.06;7.15488;-3.24756;-0.000431155;-6.74444e-05;-0.00072431;0.000497491;-0.00099609;0.999176;0.00353913;-0.0031196;0.999586;0.0173391;0.993753;1;2;1
307.531;376.06;7.17634;-3.27471;0.000655541;0.000767903;-0.000194705;0.00091437;0.000509074;1.00248;0.00449828;0.000440726;1.00029;0.0207023;0.991486;1;2;1
330.531;376.06;7.18501;-3.21272;-0.00137232;-0.00069833;-6.05544e-05;-0.000692932;-0.00137772;0.9969;1.55615e-06;-0.000352646;0.994591;0.0201358;0.989886;1;3;1
353.531;376.06;7.11317;-3.25904;-0.00111138;0.000649943;0.000417763;0.000744007;-0.00120545;0.999717;0.000133973;0.00140429;0.998407;0.0193258;0.990889;1;2;1
376.531;376.06;7.13385;-3.19054;-0.00024338;0.000250096;0.000284431;0.000379896;-0.00037318;1.00413;6.05542e-05;-0.00512922;1.00016;0.0188476;0.994683;1;3;1
399.531;376.06;7.10197;-3.24216;-0.00191747;0.00103309;-0.000411599;0.00108943;-0.00197381;0.997796;0.000446302;-0.00219585;1.00379;0.021032;0.99424;1;3;1
422.531;376.06;7.04554;-3.23604;-0.000231834;0.00145878;0.000268795;0.00150049;-0.000273541;1.00008;-0.00268319;-0.000957271;1.0028;0.0185193;0.991232;1;2;1
445.531;376.06;7.0913;-3.23138;-0.000223459;0.000507912;-0.000170671;0.000545778;-0.000261326;1.00026;0.00293705;0.00345163;0.997204;0.0184854;0.988833;1;3;1
468.531;376.06;7.03526;-3.24173;-0.00220777;-0.000298627;-0.000491684;-0.000179438;-0.00232695;0.994556;0.00351065;-0.00451971;1.00159;0.0160372;0.994738;1;3;1
491.531;376.06;6.98963;-3.23925;-0.000356387;0.0018182;0.000855387;0.00211435;-0.000652529;1.00181;-0.000162228;0.000369847;1.00236;0.0204573;0.987621;1;3;1
514.531;376.06;7.01887;-3.23338;0.000863519;0.000201461;0.000398415;0.00105048;1.44989e-05;1.00093;0.00159179;0.00154407;1.00131;0.0181655;0.993493;1;2;1
537.531;376.06;7.02933;-3.20619;0.000320595;0.000928862;0.000714363;0.00140114;-0.000151681;0.999465;-0.000904856;-0.000360374;1.0003;0.0197969;0.989773;1;3;1
560.531;376.06;7.0336;-3.19681;-0.00107523;0.00191431;-0.000186966;0.00192595;-0.00108688;0.998558;-0.00227261;-0.00127624;1.00433;0.0179798;0.991486;1;3;1
583.531;376.06;6.97984;-3.19673;-0.000623767;0.00103623;-0.000607924;0.00123505;-0.000822588;1.00281;0.00141092;-0.0019392;1.00432;0.0193316;0.989365;1;2;1
606.531;376.06;7.00489;-3.19502;-0.000253219;0.00105765;0.000128226;0.00107007;-0.000265644;0.998099;5.5116e-05;0.00169373;0.999057;0.0189735;0.990556;1;3;1
629.531;376.06;6.96819;-3.18327;-5.09985e-06;0.00128549;-0.00041789;0.00140898;-0.000128595;1.00134;0.00119218;-0.00408489;1.00197;0.0200031;0.992475;1;2;1
652.531;376.06;7.00466;-3.19405;-0.000112254;0.000819988;-0.000395823;0.000965377;-0.000257643;0.99636;-0.000189775;0.00501119;1.0044;0.0196281;0.989617;1;3;1
675.531;376.06;6.96301;-3.21316;-0.000334807;-0.000290901;-0.00051947;0.00020708;-0.000832788;0.997961;0.00225455;0.00152062;0.996392;0.0220238;0.98756;1;3;1
698.531;376.06;6.98925;-3.20101;-0.00114385;-0.000311898;8.40332e-06;-0.000311813;-0.00114394;1.00042;0.000784414;0.00228922;0.99804;0.0182714;0.992325;1;3;1
721.531;376.06;6.91035;-3.25253;-0.000842837;0.0012858;-0.000228437;0.00131004;-0.000867075;0.99908;-0.00203701;0.0020793;1.00098;0.019749;0.990984;1;2;1
744.531;376.06;6.95047;-3.2032;-0.000855183;0.00148694;-0.00053603;0.00160379;-0.000972032;0.998447;0.00227235;-0.000919799;1.00135;0.0233732;0.987463;1;3;1
767.531;376.06;6.87099;-3.24309;-0.000536963;0.000227528;3.09947e-05;0.000228783;-0.000538217;1.00143;-0.000262888;0.000854186;0.996228;0.0205873;0.990766;1;3;1
790.531;376.06;6.92575;-3.17155;0.00169625;0.000193193;0.000977058;0.00217738;-0.000287933;1.00545;-0.00288824;-0.00350555;0.994868;0.0217609;0.990415;1;3;1
813.531;376.06;6.94884;-3.14118;-0.00242317;0.00111696;-0.000463953;0.00117675;-0.00248296;0.995877;0.00416271;0.00313098;0.998905;0.0198509;0.986877;1;3;1
836.531;376.06;6.81415;-3.15778;-0.00207972;0.000714797;-0.00117272;0.00114171;-0.00250664;0.996234;0.00465688;-0.00592583;0.999759;0.0205067;0.989524;1;3;1
859.531;376.06;6.85308;-3.13862;0.000550347;0.00105172;-0.000479329;0.00134196;0.000260108;0.997787;0.00272186;0.00872574;1.0035;0.0233754;0.98632;1;3;1
882.531;376.06;6.83945;-3.18149;0.000528231;-9.9013e-05;-0.000117363;0.000549472;-0.000120253;1.00081;-0.00248344;-0.00276887;1.00085;0.0199791;0.99005;1;3;1
905.531;376.06;6.87726;-3.23654;0.000985814;-1.47148e-05;0.000290306;0.00106395;-9.28464e-05;0.999409;0.000644232;-0.00267179;0.997477;0.01857;0.994407;1;3;1
928.531;376.06;6.88477;-3.16713;0.000296774;0.00210414;3.48213e-05;0.00210481;0.000296103;1.00137;0.000512132;0.000970467;0.998142;0.0193263;0.989741;1;3;1
951.531;376.06;6.8909;-3.20263;-0.00142117;0.000586576;-0.000994697;0.000995921;-0.00183051;0.999105;0.00217741;-0.0019746;0.998767;0.0189818;0.9899;1;3;1
974.531;376.06;6.81934;-3.19822;-0.00204644;-0.000559216;-0.000124553;-0.000548857;-0.0020568;0.99655;0.0019911;0.000517343;0.999139;0.0205263;0.987893;1;3;1
997.531;376.06;6.79666;-3.18246;-0.000950543;0.00195466;-0.000140231;0.00196142;-0.000957296;1.00019;0.00443453;0.00284063;0.999643;0.0187332;0.989322;1;3;1
1020.53;376.06;6.77559;-3.16904;0.000761974;0.0015947;0.000413233;0.00176495;0.000591719;1.00251;-0.0018839;-0.002855;1.00111;0.0199125;0.99064;1;3;1
1043.53;376.06;6.8317;-3.16167;0.000338296;0.000165084;-0.000527799;0.000786547;-0.000283167;1.00029;0.00531039;0.00205229;1.00173;0.0202877;0.987346;1;3;1
1066.53;376.06;6.79114;-3.13902;0.000974496;0.00143072;-0.00116658;0.00239127;1.39371e-05;1.00083;0.00476249;-0.00335429;1.00241;0.0188625;0.991416;1;2;1
1089.53;376.06;6.8765;-3.18142;0.00180981;-0.000845828;0.000132039;0.00181636;-0.000852377;1.00042;-0.00339306;0.00654924;1.00044;0.0209524;0.984023;1;3;1
1112.53;376.06;6.87428;-3.19316;-0.0010908;0.000473908;-0.000577698;0.000664083;-0.00128098;0.997138;0.00230613;-0.00643974;1.002;0.0179878;0.995375;1;3;1
1135.53;376.06;6.82628;-3.14298;-0.00131453;-0.000296846;0.000496454;-9.47821e-05;-0.00151659;0.997194;0.00289201;-0.000161246;0.998932;0.0241039;0.9843;1;3;1
1158.53;376.06;6.81377;-3.17656;0.000923321;-0.000313607;-0.000409777;0.00104676;-0.000437043;1.00635;-0.00157114;0.00613985;0.994585;0.019288;0.991061;1;3;1
1181.53;376.06;6.8687;-3.19462;0.000470318;4.31747e-05;0.000562272;0.000858214;-0.000344721;1.00077;-0.00122175;-0.00186257;0.997938;0.0224046;0.982866;1;2;1
1204.53;376.06;6.8354;-3.19462;-0.000626952;0.000154531;6.60417e-05;0.000160073;-0.000632494;1.00006;-0.00210525;-0.000135225;0.99671;0.023258;0.979591;1;3;1
1227.53;376.06;6.83983;-3.14894;-0.000709922;0.000863733;0.000671923;0.00111159;-0.000957782;1.00028;-0.00213259;0.000260812;1.0005;0.0259237;0.974998;1;3;1
1250.53;376.06;6.80271;-3.15765;0.00152631;0.00124956;-0.000212505;0.00164152;0.00113435;0.993443;-0.00169607;-0.00538245;1.00645;0.024255;0.981199;1;3;1
1273.53;376.06;6.90998;-3.17069;0.00467488;-0.00232787;0.00116284;0.00486292;-0.00251591;1.01947;-0.00527114;0.00991146;0.99732;0.0293409;0.981743;1;3;1
31.5305;353.06;7.2719;-3.27849;0.00149058;0.00858292;0.000358613;0.008601;0.00147249;1.00063;0.00270721;0.00110628;0.9991;0.0163043;0.995446;1;2;1
54.5305;353.06;7.30616;-3.29584;-0.000656406;0.00571993;0.000970146;0.00586427;-0.000800745;0.999868;0.00375225;-0.0022973;0.997947;0.0167738;0.996231;1;2;1
77.5306;353.06;7.2417;-3.26639;-0.00142237;-0.000254169;0.000499582;-6.96632e-05;-0.00160688;0.995979;0.00265443;0.00114001;0.999107;0.0153692;0.99534;1;2;1
100.531;353.06;7.24067;-3.26964;-0.000314355;-0.0005212;-0.0017364;0.0013217;-0.00215725;1.00446;0.00299919;-0.00245655;0.998729;0.0167944;0.993274;1;2;1
123.531;353.06;7.22723;-3.29004;-0.00158568;0.000356663;0.000175501;0.000372393;-0.00160141;0.993918;0.00131736;-0.000542012;1.00533;0.0195589;0.991628;1;2;1
146.531;353.06;7.16767;-3.28507;-0.00108019;0.00194652;0.000450038;0.00201202;-0.00114569;1.00119;0.000629759;0.0019752;1.0046;0.0174217;0.994644;1;2;1
169.531;353.06;7.17751;-3.26951;0.00158294;0.000765905;-0.000270399;0.00166432;0.000684521;0.999521;0.000158516;-0.00216908;0.999943;0.0171938;0.994678;1;2;1
192.531;353.06;7.24041;-3.24503;-0.000264803;0.00857348;0.00325324;0.00964181;-0.00133314;0.997663;0.00088988;0.00338079;0.999373;0.0189282;0.990953;1;2;1
215.531;353.06;7.16533;-3.25933;-0.00161666;0.00174506;0.00103707;0.00203924;-0.00191084;1.00188;0.000423681;-0.00322309;0.995913;0.0175619;0.991982;1;2;1
238.531;353.06;7.16598;-3.25211;-0.000139929;0.00232676;-0.00285811;0.00420628;-0.00201945;0.999026;0.00140464;0.00124713;1.00022;0.0206177;0.993088;1;2;1
261.531;353.06;7.15887;-3.30436;0.000748111;0.000480471;-0.00063928;0.00126743;-3.88451e-05;1.00124;-0.00113686;-0.00404908;1.00227;0.0184141;0.994068;1;2;1
284.531;353.06;7.20038;-3.23652;-0.000849316;5.27181e-05;0.000892373;0.000601574;-0.00139817;0.995092;-0.00150529;0.00159442;0.99981;0.0201999;0.989964;1;3;1
307.531;353.06;7.11976;-3.2573;-0.000718179;-0.003077;0.000605954;-0.000571622;-0.00322355;0.998355;-0.00879831;-0.000430122;0.998353;0.019719;0.995065;1;3;1
330.531;353.06;7.1673;-3.18109;0.000299709;-5.16992e-05;0.000163757;0.000364189;-0.000116179;0.999311;-0.00301875;-0.000268915;1.00207;0.0182055;0.993511;1;3;1
353.531;353.06;7.13353;-3.22817;-0.00116972;-0.00226614;-0.000979357;-0.000595581;-0.00284028;0.997239;0.00507656;-0.000725417;0.998778;0.016809;0.993739;1;2;1
376.531;353.06;7.11346;-3.19257;-0.00110774;0.000127807;6.08103e-05;0.000130793;-0.00111073;1.00175;-0.00206892;-0.000266069;0.997581;0.0176629;0.994287;1;3;1
399.531;353.06;7.08255;-3.23429;-0.0007559;0.00298018;-0.000100972;0.00298291;-0.000758627;0.998332;0.00102234;-0.00242474;0.99527;0.0168842;0.994426;1;2;1
422.531;353.06;7.07865;-3.23574;-7.7641e-05;0.000698406;-0.00118241;0.00155484;-0.00093407;1.00154;0.00193491;-0.00135475;1.00049;0.0176339;0.994939;1;3;1
445.531;353.06;7.07897;-3.21984;-0.000472008;0.00138489;0.000458101;0.00149175;-0.000578872;0.998588;-0.00582302;0.000104773;1.00357;0.0163847;0.993924;1;3;1
468.531;353.06;7.05693;-3.20255;-0.00168281;-0.000696492;-0.00146586;0.000356948;-0.00273625;0.997842;0.000613015;-6.82646e-05;1.00237;0.0153751;0.995328;1;3;1
491.531;353.06;7.0015;-3.23031;0.000383199;-0.000715849;-0.000642318;0.000678985;-0.00101164;1.00197;-0.000267275;0.00123504;0.999935;0.018329;0.992376;1;2;1
514.531;353.06;7.07454;-3.1789;-0.000125814;-0.00201904;-0.000660479;8.18298e-05;-0.00222669;0.998628;-9.96449e-05;-0.00305612;1.00136;0.0195194;0.994337;1;2;1
537.531;353.06;6.99569;-3.18631;-0.0012271;-0.00124631;-0.00165816;0.000421482;-0.00289489;1.00072;-0.00225757;0.00384557;0.99528;0.0195713;0.988815;1;2;1
560.531;353.06;7.01804;-3.2185;2.13376e-05;-0.000775484;-0.000356864;0.000157794;-0.00091194;0.998151;0.00224865;3.1335e-05;0.994516;0.0187572;0.99383;1;2;1
583.531;353.06;6.99665;-3.22516;-0.00122748;0.000650368;0.000377241;0.000723318;-0.00130043;1.00022;0.00257548;-0.00170438;0.997098;0.0200351;0.991166;1;2;1
606.531;353.06;6.96154;-3.20716;0.0004022;0.00056247;0.000116312;0.00062358;0.00034109;0.998449;-0.00222251;-0.000321098;0.998672;0.0209189;0.987863;1;2;1
629.531;353.06;7.01515;-3.20891;0.000292855;3.35545e-05;3.73857e-05;0.000298137;2.82719e-05;1.00191;0.00142734;-0.00236375;0.998598;0.0205444;0.990105;1;3;1
652.531;353.06;6.97501;-3.21914;-0.000665936;0.000187658;-8.20451e-05;0.000195472;-0.000673751;1.00045;0.00149944;0.00267048;0.997354;0.0171412;0.993945;1;2;1
675.531;353.06;6.9845;-3.19506;-0.000543112;0.00115347;-5.98939e-06;0.00115349;-0.000543133;0.99971;-0.00243663;-0.00445205;1.00392;0.0178653;0.993722;1;3;1
698.531;353.06;6.95001;-3.18717;-0.00103682;-0.00241965;-0.000209253;-0.00100585;-0.00245062;1.00058;-0.00252882;0.00412559;1.00247;0.0174205;0.99269;1;2;1
721.531;353.06;6.93676;-3.24227;-0.000134119;-0.00187046;-0.000914915;0.000258976;-0.00226355;0.997712;0.000862288;-0.00366948;1.00204;0.0226815;0.987194;1;3;1
744.531;353.06;6.94378;-3.26233;0.000342249;3.72058e-05;-0.000116622;0.000381726;-2.27134e-06;1.00306;0.000386735;0.00592155;1.00609;0.0216397;0.989478;1;3;1
767.531;353.06;6.9525;-3.23353;-0.0006166;-0.00279266;-0.000467819;-0.000520289;-0.00288897;0.999886;0.00159433;0.00123689;1.00461;0.0196202;0.993674;1;2;1
790.531;353.06;6.91539;-3.22;-0.000484002;-8.73794e-05;0.00135838;0.00108709;-0.00165847;0.999205;0.00329028;-0.00596235;1.00306;0.0191341;0.992993;1;3;1
813.531;353.06;6.93018;-3.16747;8.58723e-06;0.000400926;0.000321658;0.000581514;-0.000172001;1.00004;0.00237571;0.00172109;1.00106;0.0187891;0.990382;1;2;1
836.531;353.06;6.91578;-3.19317;-0.00147177;0.00180295;-0.00203182;0.00277504;-0.00244386;0.995763;0.000703371;-0.00184529;1.0022;0.0193988;0.988554;1;3;1
859.531;353.06;6.86242;-3.19744;-0.00239922;0.00140662;-0.00144034;0.00189027;-0.00288287;0.997434;-0.00280215;0.00362743;0.999736;0.0175233;0.994288;1;3;1
882.531;353.06;6.80528;-3.19948;-0.000560596;0.000403181;0.000435808;0.000571019;-0.000728434;1.00191;-0.00212564;-0.000811777;1.00053;0.0199987;0.988169;1;2;1
905.531;353.06;6.83662;-3.17787;0.000346345;-0.00174915;-0.00046085;0.000443219;-0.00184602;0.99907;0.000335678;-0.00145328;0.999275;0.018303;0.992905;1;2;1
928.531;353.06;6.8212;-3.2274;0.000160354;0.000508531;0.000419655;0.000788773;-0.000119889;1.00058;0.00130698;0.0029726;1.00176;0.0174094;0.993631;1;3;1
951.531;353.06;6.844;-3.18704;0.000443875;-0.00119751;0.0016788;0.00149184;-0.00224548;1.00132;-0.00489524;-0.00162041;1.00016;0.0185186;0.990124;1;2;1
974.531;353.06;6.84156;-3.15769;-0.000798318;-5.4165e-05;-0.000167555;-1.81782e-05;-0.000834305;0.996992;0.00992544;0.00155699;1.00109;0.0213826;0.98938;1;3;1
997.531;353.06;6.80725;-3.21207;-0.00109548;0.000486322;0.000339749;0.000556207;-0.00116537;0.999758;-0.0011135;0.0028528;0.999799;0.0219669;0.985204;1;3;1
1020.53;353.06;6.79113;-3.19008;0.00138118;-0.00158746;0.00105208;0.00171622;-0.0019225;1.00323;0.00200545;-0.00374182;1.00229;0.0188283;0.991457;1;3;1
1043.53;353.06;6.87071;-3.15251;0.000697782;-0.000680586;0.00117049;0.00136691;-0.00134972;1.00223;-0.00279334;0.00138594;1;0.020949;0.989108;1;3;1
1066.53;353.06;6.8232;-3.14934;-0.00150425;-0.00127648;0.000128635;-0.00121856;-0.00156217;0.994069;-0.00168484;-0.00266822;1.00332;0.0177015;0.993502;1;2;1
1089.53;353.06;6.80146;-3.14737;0.0008017;-0.00175331;0.000386681;0.000858939;-0.00181055;1.00363;-0.0013211;0.00423241;1.00143;0.020639;0.991596;1;3;1
1112.53;353.06;6.86003;-3.20033;-0.000168527;0.000226337;0.000427887;0.000500144;-0.000442334;0.994082;0.00072687;-0.00309791;0.998734;0.0224699;0.985361;1;3;1
1135.53;353.06;6.79371;-3.14856;-0.000938853;-0.000599221;0.000350961;-0.000379151;-0.00115892;1.0008;-0.00127019;-0.000457389;0.999851;0.0184857;0.992616;1;2;1
1158.53;353.06;6.81678;-3.13884;0.000961808;-0.000870121;-0.00119647;0.00155267;-0.00146098;1.00013;0.000583224;0.000386346;1.00094;0.0205087;0.989351;1;2;1
1181.53;353.06;6.83793;-3.14969;0.000859584;0.00186255;-0.000339072;0.00196642;0.000755712;1.00235;-0.00202579;-0.00180734;0.998882;0.0218907;0.989536;1;2;1
1204.53;353.06;6.85631;-3.14725;0.000189734;-0.00204956;0.000953099;0.000540463;-0.00240029;0.999871;0.000719898;0.00204856;0.996155;0.0223237;0.986516;1;2;1
1227.53;353.06;6.84665;-3.12609;-0.000240581;-0.000668328;0.00065464;0.000234237;-0.00114315;0.99897;0.000630728;0.00115845;0.998192;0.0230021;0.981552;1;2;1
1250.53;353.06;6.84522;-3.19097;-0.000558351;0.00241119;-0.00129599;0.00289724;-0.0010444;1.00555;0.00455685;0.00454185;0.998729;0.0241486;0.980074;1;3;1
1273.53;353.06;6.82096;-3.11831;-0.00104928;-0.000652972;0.00286542;0.00202114;-0.00372339;0.995111;-0.00186904;-0.00928729;1.00001;0.0277383;0.979866;1;4;1
31.5305;330.06;7.17284;-3.64972;0.000153542;0.0162798;0.00471647;0.0175579;-0.00112459;1.00073;-0.0110006;0.0100538;1.02788;0.0250935;0.993468;1;3;1
54.5305;330.06;7.17608;-3.53371;0.00115745;0.0104115;0.00698679;0.0141645;-0.00259553;1.00314;-0.0216068;-0.0129509;1.02031;0.0230175;0.993801;1;3;1
77.5306;330.06;7.2245;-3.27129;0.00314038;0.000213314;0.0029313;0.00495319;-0.0015995;0.997895;-0.00352086;-0.000495881;0.999802;0.0275742;0.988575;1;2;1
100.531;330.06;7.31971;-3.29859;-0.000745689;0.00126521;-0.00191172;0.00241976;-0.00190024;1.00787;0.00242422;0.000384165;0.999839;0.0266897;0.990125;1;3;1
123.531;330.06;7.19018;-3.28919;-0.00233159;-3.59263e-05;0.000271369;-4.28397e-06;-0.00236323;0.991593;-0.00624363;-1.67413e-05;0.99168;0.0301167;0.994455;1;3;1
146.531;330.06;7.21231;-3.34755;0.00112419;0.00272226;-0.00122477;0.00338559;0.000460857;0.998189;-0.00238486;-0.000347414;1.00558;0.0238093;0.991486;1;3;1
169.531;330.06;7.24186;-3.31243;-0.00571414;0.00187191;-0.00511392;0.00444593;-0.00828815;0.99701;0.00470195;0.00724725;0.999268;0.0308754;0.98751;1;3;1
192.531;330.06;6.94742;-3.68944;-0.00497391;0.0195898;0.00543252;0.0207377;-0.00612173;0.998345;-0.0223141;0.000326429;1.0359;0.0290908;0.995021;1;4;1
215.531;330.06;7.01241;-3.39411;0.00978438;0.00589945;0.00690618;0.0150161;0.000667769;1.00348;-0.0138202;-0.00765929;1.01568;0.0298119;0.990467;1;4;1
238.531;330.06;7.39419;-3.36477;0.00563041;0.00495958;-0.00370873;0.00901886;0.00157113;1.00025;0.0189548;-0.000664384;1.00934;0.0260783;0.991007;1;3;1
261.531;330.06;7.27054;-3.27692;-0.00594379;-0.00118074;-0.00116689;-0.000910235;-0.0062143;0.995824;0.00947637;-0.000707619;0.996288;0.0234764;0.996026;1;3;1
284.531;330.06;7.11981;-3.24997;-0.0020514;0.000591261;0.0033136;0.00283726;-0.0042974;0.997386;-0.00448385;-0.000483252;1.00256;0.0304123;0.982852;1;3;1
307.531;330.06;7.17585;-3.13295;0.00172474;-0.00538889;-0.000793057;0.00181208;-0.00547623;1.00239;0.00734192;-0.00163884;0.989657;0.0276055;0.987246;1;3;1
330.531;330.06;7.19907;-3.21034;0.000349351;0.00127329;-0.000926595;0.00184669;-0.00022405;0.999226;0.00411515;-0.00488262;1.00545;0.0272726;0.992808;1;3;1
353.531;330.06;7.19191;-3.15462;-0.00167105;-0.00318991;-0.00111615;-0.00108047;-0.00378049;0.996596;0.00112946;0.00530939;0.996879;0.022744;0.993092;1;3;1
376.531;330.06;7.12213;-3.19641;-0.00267959;0.000167144;-0.00262774;0.00173225;-0.0042447;1.00327;0.00211534;-0.000871676;1.00252;0.02608;0.988982;1;3;1
399.531;330.06;7.06794;-3.37903;0.00101607;0.00631318;-0.000464955;0.00635368;0.00097557;0.998193;-0.00407076;0.00281593;1.01662;0.0302794;0.982589;1;4;1
422.531;330.06;7.16879;-3.26799;0.0003159;0.00141075;-0.00104585;0.00204378;-0.000317131;0.995591;0.00216382;0.00468857;1.00576;0.0314017;0.992534;1;3;1
445.531;330.06;7.08239;-3.29504;-0.000193049;0.0032747;0.000563465;0.00336395;-0.000282307;1.0062;0.0052207;-0.0051434;1.00956;0.0256355;0.994288;1;3;1
468.531;330.06;7.15987;-3.20951;-0.000216857;0.000312575;-0.00127203;0.00134714;-0.00125142;0.996494;0.0064382;-0.000410691;1.0017;0.0206324;0.993572;1;3;1
491.531;330.06;7.07233;-3.20624;-0.000788178;-0.0010412;-0.000787019;-0.000117568;-0.00171181;0.999669;0.00586097;-0.00397294;1.00118;0.0241694;0.994175;1;3;1
514.531;330.06;7.12355;-3.1403;0.00152686;-0.00167492;-0.000442443;0.00158688;-0.00173494;0.998171;0.00535785;-0.00221529;0.993775;0.0307034;0.987332;1;3;1
537.531;330.06;7.14247;-3.14868;-0.00208332;-0.00161436;-0.00341034;0.00156956;-0.00526723;1.00764;0.0154746;0.00144871;1.00482;0.0272904;0.99097;1;3;1
560.531;330.06;7.02761;-3.16112;-0.00403447;-0.00249124;-0.00105234;-0.00195794;-0.00456777;0.992994;-0.00166809;0.00397439;0.996494;0.0261962;0.994379;1;3;1
583.531;330.06;6.95645;-3.22663;-0.000372367;6.56544e-05;0.000224088;0.000159982;-0.000466695;0.998523;-0.00341733;-0.0021588;1.00155;0.0258812;0.99161;1;2;1
606.531;330.06;7.01044;-3.22089;-7.95262e-05;0.000599355;-0.000608031;0.000956278;-0.000436449;1.00196;0.00525874;-0.000375364;1.00548;0.0273807;0.989782;1;3;1
629.531;330.06;6.95277;-3.18481;0.000340131;-0.00104391;0.00155437;0.00134957;-0.00205335;0.997479;-0.00278299;7.21313e-05;0.999581;0.0262498;0.991926;1;3;1
652.531;330.06;7.02608;-3.20267;0.000932981;-0.000713477;-0.00199509;0.00226801;-0.00204851;1.00349;0.00137465;0.00288866;1.00248;0.0247796;0.993937;1;2;1
675.531;330.06;6.99559;-3.26618;-0.0014026;0.00309717;0.000992477;0.00330634;-0.00161177;1.00163;-0.000954985;-0.00312069;1.0017;0.026361;0.991903;1;2;1
698.531;330.06;6.96138;-3.08956;-0.00165045;-0.0042346;0.00083312;-0.00140514;-0.00447991;1.00329;0.00283647;0.00198455;0.986836;0.0261284;0.988233;1;4;1
721.531;330.06;6.9195;-3.16641;0.000189148;-0.00329247;-0.000874331;0.000396382;-0.0034997;1.00253;-0.00296212;-0.00454602;0.989672;0.0254184;0.990085;1;2;1
744.531;330.06;6.96993;-3.20491;0.000800979;-0.00249297;-4.75415e-06;0.000800986;-0.00249297;1.00241;-0.00545924;0.0019452;0.986874;0.0256254;0.991385;1;3;1
767.531;330.06;6.9563;-3.11437;-0.00223922;-0.00516734;0.000322094;-0.00220421;-0.00520235;0.991775;0.00450239;0.00531832;0.979871;0.0285271;0.990075;1;3;1
790.531;330.06;6.8668;-3.16749;-0.000221697;-0.0022779;0.000565264;-7.65486e-05;-0.00242305;1.00045;-0.00330969;-0.00577038;0.994651;0.0282937;0.987492;1;3;1
813.531;330.06;6.94608;-3.15962;0.00227525;-0.000340911;-0.00113826;0.00270116;-0.000766818;1.00345;-0.000273002;0.00141367;0.996947;0.0239141;0.993712;1;3;1
836.531;330.06;6.97128;-3.24037;0.000728977;0.00205698;-0.00168116;0.00320052;-0.000414562;0.998644;0.00572512;0.00179412;1.00318;0.0227725;0.995789;1;3;1
859.531;330.06;6.97958;-3.2031;-0.00330645;0.000259259;-0.00209989;0.00123106;-0.00427825;0.998815;0.011717;-0.00207743;0.998211;0.0250599;0.992884;1;3;1
882.531;330.06;6.81892;-3.20003;-0.00190629;2.4246e-05;0.000215943;4.81058e-05;-0.00193015;0.993637;-0.00212855;-0.000774278;0.998043;0.0254803;0.991062;1;3;1
905.531;330.06;6.89178;-3.15601;0.000393241;-0.000947247;-0.001096;0.00100769;-0.0015617;0.995783;0.00349776;0.00275394;0.996845;0.0258532;0.989913;1;3;1
928.531;330.06;6.837;-3.19049;-0.00186078;-0.00160321;-0.000249847;-0.00145091;-0.00201308;1.00049;-0.00102797;-0.000240871;0.997393;0.0245063;0.991449;1;2;1
951.531;330.06;6.80611;-3.14743;-0.000592951;-0.0017191;0.000766382;-0.00020503;-0.00210702;0.997325;0.00432033;0.000657267;0.993438;0.0282169;0.993703;1;3;1
974.531;330.06;6.80972;-3.19573;-0.0015888;0.00165592;6.67581e-05;0.0016573;-0.00159017;0.999821;-0.00799511;0.000228445;0.998802;0.0302398;0.987732;1;4;1
997.531;330.06;6.73293;-3.20478;-0.00154868;-0.000311784;0.00269746;0.00183722;-0.00369768;0.998193;-0.00378903;-0.00171855;1.00183;0.0266436;0.989294;1;3;1
1020.53;330.06;6.73831;-3.09595;0.000693731;-0.00408188;0.00195518;0.00139208;-0.00478022;1.01133;-0.00353552;0.00135809;0.991396;0.0250849;0.987899;1;3;1
1043.53;330.06;6.76477;-3.1303;0.001003;-0.000954625;0.00247557;0.00268623;-0.00263786;0.998746;-0.00466186;-0.00286945;0.997787;0.0276513;0.991694;1;2;1
1066.53;330.06;6.78443;-3.08027;0.000550951;-0.00299744;0.00116495;0.000899226;-0.00334571;0.997714;-0.00395397;0.00307267;0.988753;0.0240011;0.994055;1;3;1
1089.53;330.06;6.7901;-3.10062;0.00107572;-0.00203047;-0.0010901;0.00142011;-0.00237485;1.00642;-0.00201767;0.00425206;0.993199;0.0269365;0.988737;1;2;1
1112.53;330.06;6.83372;-3.20356;0.0014221;0.000140968;0.0004122;0.00154326;1.98037e-05;0.994766;-0.011551;-0.00134197;0.999019;0.0300645;0.993069;1;4;1
1135.53;330.06;6.85546;-3.1154;0.00193541;-0.00143721;-0.000616095;0.00204443;-0.00154623;0.997448;0.00101556;-0.00147015;0.995922;0.0242573;0.991701;1;3;1
1158.53;330.06;6.92261;-3.13638;0.000789101;-9.63133e-05;-0.00409376;0.00446402;-0.00377123;1.00514;0.00770522;0.00544399;0.997059;0.0273997;0.990422;1;2;1
1181.53;330.06;6.89145;-3.28022;-0.00328426;0.00569399;-0.000764213;0.00575858;-0.00334884;0.996946;0.00918046;-0.00547578;1.01451;0.0269643;0.992316;1;3;1
1204.53;330.06;6.77127;-3.1002;-0.00337006;-0.0020368;0.00360121;0.000958966;-0.00636582;0.997438;-0.00479153;0.000500007;0.99799;0.0263714;0.990712;1;3;1
1227.53;330.06;6.73588;-3.11806;0.00345904;-0.00033718;0.000590193;0.00354868;-0.00042682;0.998736;-0.00503558;0.000762272;0.997588;0.0265487;0.987733;1;3;1
1250.53;330.06;6.92981;-3.26825;0.00120911;0.00337247;-0.00208578;0.00464037;-5.87818e-05;1.00476;0.00835898;0.00808365;1.01344;0.0330695;0.977087;1;4;1
1273.53;330.06;6.79146;-3.14049;-0.00598153;0.000965711;0.0034174;0.00236494;-0.00738076;0.979617;0.00442963;-0.00907292;1.00054;0.0336528;0.978194;1;3;1
