x [mm];y [mm];x-displacement [mm];y-displacement [mm];Transverse strain Exx - GL [S];Axial strain Eyy - GL [S];Shear strain Exy - GL [S];Maximum normal strain - GL [S];Minimum normal strain - GL [S];Affine transformation a [];Affine transformation b [];Affine transformation c [];Affine transformation d [];Confidence region [pixel];Correlation value [count];Enough pixels valid [];Number of iterations [];Vector status []
31.5305;1641.06;-1.81527;0.686947;0.0116949;0.000579743;-0.00323899;0.0125699;-0.00029523;1.0151;0.00814313;0.000946106;1.00099;0.0348331;0.970764;1;4;1
54.5305;1641.06;-1.54803;0.594134;0.0118647;-0.00402858;0.000591255;0.0118867;-0.00405054;1.00931;0.00804327;-0.00114654;0.992109;0.0460623;0.962745;1;4;1
77.5306;1641.06;-1.27276;0.763526;0.010233;-0.000262951;0.00324529;0.0111554;-0.00118532;1.00409;-0.00116773;-0.00785903;1.00253;0.0348685;0.97607;1;3;1
100.531;1641.06;-1.0806;0.883317;0.0106183;0.00230788;0.0004338;0.0106409;0.0022853;1.01284;0.00368291;-0.00816591;1.00251;0.0329353;0.977488;1;3;1
123.531;1641.06;-0.786957;0.846476;0.0109972;-0.00407824;0.00175453;0.0111987;-0.00427975;1.00928;-0.0110142;0.00196464;0.990527;0.0305715;0.9819;1;3;1
146.531;1641.06;-0.57752;0.819737;0.00903258;-0.00540298;0.00277658;0.00954822;-0.00591861;1.01273;-0.00825146;-0.00433546;0.98672;0.0394545;0.963715;1;4;1
169.531;1641.06;-0.373319;0.856023;0.0077917;-0.00680361;0.00426981;0.00894905;-0.00796096;1.00345;0.00237586;3.49357e-05;0.991316;0.0292793;0.986607;1;4;1
192.531;1641.06;-0.221241;1.08407;0.010877;0.000873932;0.001407;0.0110711;0.000679796;1.0116;0.00356597;-0.00966003;1.00311;0.0335986;0.983244;1;4;1
215.531;1641.06;0.123848;1.06786;0.011855;-0.00237491;0.00197161;0.0121231;-0.00264303;1.00766;-0.0125682;-0.000721341;0.998817;0.0297585;0.988248;1;3;1
238.531;1641.06;0.320887;1.10874;0.00704767;0.000743342;0.00258602;0.00797271;-0.000181701;1.01218;-0.00800319;-0.00357665;0.998943;0.033264;0.974073;1;4;1
261.531;1641.06;0.446786;1.17344;0.0101455;0.000366275;0.000684091;0.0101931;0.000318652;1.01001;0.00634655;-0.00642855;0.997694;0.0318735;0.982258;1;3;1
284.531;1641.06;0.785015;1.25197;0.0108343;0.00156463;0.00286242;0.011647;0.000751974;1.00837;-0.00537211;0.000921956;1.003;0.0315045;0.98114;1;4;1
307.531;1641.06;0.942066;1.37293;0.00756608;0.00461815;0.0032512;0.00966183;0.00252239;1.00944;-0.00310817;-0.00575492;1.0138;0.0370602;0.963417;1;4;1
330.531;1641.06;1.13118;1.48128;0.0101753;0.00521329;-0.00101043;0.0103732;0.00501543;1.01089;0.00409422;-0.000736466;1.01749;0.0366594;0.98611;1;3;1
353.531;1641.06;1.40776;1.34375;0.0122133;-6.57254e-06;-0.00153038;0.012402;-0.000195317;1.01936;-0.00729165;-0.00381492;0.995467;0.0348607;0.9805;1;4;1
376.531;1641.06;1.68957;1.42684;0.0102619;-0.000936313;0.00262659;0.0108474;-0.00152178;1.01136;-0.0028297;-0.00408676;0.993849;0.0295603;0.983176;1;3;1
399.531;1641.06;1.87717;1.49607;0.0091746;0.00218758;-0.000774536;0.00925943;0.00210275;1.00748;0.0144381;-0.00050956;1.01315;0.0326944;0.977961;1;3;1
422.531;1641.06;2.10963;1.49628;0.0102299;0.00111429;-0.000686837;0.0102813;0.00106283;1.00915;0.00173499;-0.00178926;1.00274;0.0293883;0.985981;1;5;1
445.531;1641.06;2.34534;1.52976;0.00969179;-0.0009519;-0.00307894;0.0105183;-0.00177838;1.00947;0.00476974;0.00390743;1.00356;0.0337309;0.986092;1;3;1
468.531;1641.06;2.55329;1.44383;0.012075;-0.00341335;-0.000805419;0.0121168;-0.00345512;1.0126;0.00950565;-0.00868069;0.995748;0.0318411;0.984098;1;4;1
491.531;1641.06;2.89731;1.65503;0.0119217;0.00126389;0.0037283;0.0130964;8.91471e-05;1.01388;0.00210977;-0.00712078;0.999702;0.0258958;0.988105;1;3;1
514.531;1641.06;3.09756;1.73176;0.00863023;0.00193276;0.00038454;0.00865224;0.00191075;1.00571;0.00232793;-0.0023393;1.00057;0.0335098;0.984541;1;3;1
537.531;1641.06;3.29254;1.73193;0.0127319;0.00171311;-0.000101084;0.0127328;0.00171218;1.01703;0.00738073;-0.00379243;0.995657;0.0385633;0.973055;1;3;1
560.531;1641.06;3.67951;1.78966;0.0128621;-0.000860693;-0.000214225;0.0128654;-0.000864037;1.00807;-0.0121288;0.00566957;0.994083;0.0323867;0.977553;1;4;1
583.531;1641.06;3.88029;1.61221;0.00875106;-0.0086512;0.000963009;0.00880419;-0.00870433;1.01364;-0.00358284;-0.00213024;0.975993;0.0315502;0.977886;1;3;1
606.531;1641.06;4.08027;1.85252;0.00978361;0.000748729;0.00259091;0.0104739;5.84755e-05;1.01105;0.0140122;-0.00829263;0.999328;0.0347827;0.979978;1;4;1
629.531;1641.06;4.32704;1.93285;0.0105611;-0.00150569;0.00206055;0.0109033;-0.00184785;1.01205;0.0011869;-0.00250683;0.997805;0.0276365;0.984602;1;3;1
652.531;1641.06;4.56331;1.99988;0.00955679;4.88885e-05;-0.00027126;0.00956452;4.11557e-05;1.00297;0.00996159;-0.00713211;0.990058;0.0369536;0.985288;1;3;1
675.531;1641.06;4.76455;1.97838;0.00955985;-0.00328914;1.715e-05;0.00955987;-0.00328916;1.00937;0.012356;0.0103522;0.984491;0.0397738;0.979543;1;3;1
698.531;1641.06;5.00082;2.12393;0.0110967;0.00377331;-0.00135938;0.0113409;0.00352912;1.00898;0.0021663;-0.0108847;1.00575;0.0366149;0.983371;1;3;1
721.531;1641.06;5.27214;2.05285;0.0129365;0.00159454;2.41773e-06;0.0129365;0.00159454;1.00994;-0.00113946;-0.0024637;0.991469;0.0280677;0.98769;1;3;1
744.531;1641.06;5.592;2.2175;0.0117309;0.00229433;0.00133652;0.0119165;0.00210869;1.01226;0.00016373;-0.00164804;1.00863;0.0313146;0.983203;1;3;1
767.531;1641.06;5.80853;2.15264;0.00961302;-0.000943457;-0.000575029;0.00964425;-0.000974688;1.00762;0.00424743;0.00425438;0.997038;0.0302192;0.983637;1;3;1
790.531;1641.06;6.03196;2.10521;0.0111616;-0.00594229;0.000533616;0.0111783;-0.00595892;1.01289;0.00505784;-0.00022787;0.979545;0.0443529;0.974926;1;4;1
813.531;1641.06;6.3186;2.37305;0.0105744;0.00561123;0.00261629;0.0116988;0.00448681;1.00769;0.00212877;-0.00365717;1.01465;0.0329342;0.976972;1;4;1
836.531;1641.06;6.51475;2.42349;0.0102309;0.00368089;-0.00366126;0.0118682;0.00204362;1.01189;0.0160357;-0.00104806;1.01291;0.0342822;0.968753;1;3;1
859.531;1641.06;6.78684;2.3614;0.0114212;0.0040939;-0.000285454;0.0114323;0.00408279;1.00531;-0.0031334;0.00382428;1.00424;0.0443634;0.974537;1;4;1
882.531;1641.06;7.03698;2.55281;0.013869;0.00834038;-0.000700776;0.0139565;0.00825293;1.0142;0.00600847;-0.00544934;1.0086;0.0332575;0.977675;1;4;1
905.531;1641.06;7.42007;2.55122;0.011198;0.00559344;0.00053985;0.0112496;0.00554191;1.014;-0.0137749;-0.000152436;1.01173;0.0301566;0.983294;1;3;1
928.531;1641.06;7.54921;2.50923;0.0124889;0.000704581;-0.00312318;0.0132654;-7.19772e-05;1.01355;0.0107868;0.00100974;1.00777;0.0406911;0.96473;1;5;1
951.531;1641.06;7.99078;2.40346;0.0119573;-0.00336503;0.000198287;0.0119598;-0.0033676;1.00457;-0.0036849;-0.000696647;0.99637;0.0338483;0.972115;1;5;1
974.531;1641.06;8.09598;2.47039;0.00787855;-0.00498939;0.000194096;0.00788148;-0.00499232;1.01724;0.0182049;-0.00353549;0.981562;0.0344524;0.97875;1;3;1
997.531;1641.06;8.35106;2.66128;0.0088563;0.00467943;0.00102952;0.00909627;0.00443946;1.00516;0.00956963;-0.00138904;1.01756;0.0324639;0.979793;1;3;1
1020.53;1641.06;8.50103;2.69722;0.0154313;0.00372837;2.69906e-05;0.0154313;0.0037283;1.0113;0.00983228;-0.00342601;1.00624;0.0380476;0.971289;1;3;1
1043.53;1641.06;9.05349;3.095;0.013421;0.0191287;0.000750493;0.0192257;0.013324;1.01119;-0.0172404;-0.00271274;1.03701;0.0368493;0.978227;1;8;1
1066.53;1641.06;9.11429;2.65928;0.0118324;-0.002152;-0.00448071;0.0131449;-0.00346448;1.02042;0.00518242;-0.00517958;0.992355;0.0317102;0.980075;1;4;1
1089.53;1641.06;9.5936;2.79016;0.00918863;0.00427187;0.00612566;0.0133308;0.000129695;1.01023;-0.0196075;-0.00623081;1.00664;0.0311492;0.980297;1;3;1
1112.53;1641.06;9.53407;2.96045;0.00533043;0.00879725;-0.00578775;0.0131056;0.00102209;1.0113;0.0223581;-0.00409779;1.01845;0.040033;0.978467;1;4;1
1135.53;1641.06;9.83812;2.84084;0.0157534;0.00448846;-0.00655611;0.0187642;0.00147759;1.00813;0.0125253;-0.00033386;1.00645;0.0367202;0.974613;1;4;1
1158.53;1641.06;10.2527;2.77239;0.0178625;-0.00255934;8.16462e-05;0.0178628;-0.00255967;1.02576;0.000462664;-0.0103013;0.987553;0.0354431;0.972716;1;4;1
1181.53;1641.06;10.6523;3.00373;0.0126013;0.00449661;0.00120544;0.0127768;0.00432112;1.0015;0.00314261;0.007614;1.00366;0.0367535;0.964602;1;3;1
1204.53;1641.06;10.8285;2.94012;0.0143317;-7.48923e-05;-0.000747509;0.0143703;-0.000113574;1.01972;0.00527015;-0.00518207;1.00356;0.03255;0.974325;1;3;1
1227.53;1641.06;11.3068;3.08576;0.014653;0.00630778;0.00506348;0.0170416;0.00391918;1.01465;-0.0144127;-0.00478898;1.00541;0.0372957;0.9571;1;4;1
1250.53;1641.06;11.4972;3.14637;0.0103495;0.00759573;-0.000637236;0.0104898;0.00745542;1.00279;-0.00551954;0.00706411;1.01395;0.0372826;0.965774;1;3;1
1273.53;1641.06;11.7801;2.9028;0.0124326;-0.00458172;-0.00158094;0.0125783;-0.00472737;1.01584;-0.0116016;0.00747459;0.9879;0.0435133;0.962062;1;4;1
31.5305;1618.06;-1.75979;0.673684;0.00972397;-0.000617827;4.98778e-05;0.00972421;-0.000618067;1.00697;-0.00342398;-0.00157888;1.00153;0.028791;0.972989;1;3;1
54.5305;1618.06;-1.53722;0.686981;0.010543;-0.0035339;0.000656287;0.0105736;-0.00356443;1.01162;0.00109217;-0.00181779;0.99791;0.0268936;0.977474;1;3;1
77.5306;1618.06;-1.27744;0.769575;0.0104505;-0.00239333;0.00215103;0.0108012;-0.00274401;1.00852;-0.00114039;-0.00516557;0.994146;0.0276501;0.980538;1;3;1
100.531;1618.06;-1.05921;0.830307;0.00828728;0.000832062;0.00208492;0.00883073;0.000288608;1.01282;-0.00128346;0.00219468;0.998368;0.0240656;0.980362;1;4;1
123.531;1618.06;-0.898109;0.940737;0.00785559;-0.00188166;0.00193634;0.00822651;-0.00225259;1.00392;-0.00113296;-0.00461696;1.00159;0.0232283;0.986411;1;3;1
146.531;1618.06;-0.699399;0.944668;0.0100544;-0.00301418;0.00139265;0.0102011;-0.00316094;1.01315;0.00111228;-0.00066546;0.997859;0.0307022;0.976938;1;4;1
169.531;1618.06;-0.437967;1.01313;0.0113497;-0.00444765;0.00203877;0.0116086;-0.00470653;1.00943;-0.00214426;-0.00352043;0.997896;0.0272655;0.980655;1;3;1
192.531;1618.06;-0.180394;1.06401;0.0105874;0.00123;0.000935444;0.01068;0.0011374;1.01165;0.00190894;-0.00109585;0.999064;0.0268601;0.98268;1;3;1
215.531;1618.06;0.0463725;1.12268;0.00951495;0.00114432;0.00116228;0.00967334;0.000985934;1.00879;0.00182427;-0.00198745;0.998688;0.0277161;0.97315;1;3;1
238.531;1618.06;0.255222;1.09174;0.00961545;-0.00149018;0.00131362;0.00976872;-0.00164345;1.01245;0.00304694;0.00321788;0.998959;0.0275386;0.972942;1;4;1
261.531;1618.06;0.486558;1.16505;0.0108963;-0.000973612;0.000664798;0.0109334;-0.00101073;1.01003;-0.000895702;-0.00958449;0.999287;0.0254401;0.983955;1;4;1
284.531;1618.06;0.753583;1.21603;0.00920516;0.00110203;0.00106922;0.00934387;0.000963322;1.0021;0.00139002;0.0020443;1.00305;0.0228086;0.98752;1;3;1
307.531;1618.06;0.907952;1.26698;0.00893789;0.000660044;0.00137276;0.0091596;0.000438331;1.0121;-0.000550649;-0.005158;0.997954;0.0226753;0.988214;1;3;1
330.531;1618.06;1.16268;1.36171;0.0118638;0.00379459;0.000144087;0.0118664;0.00379202;1.01072;0.00319761;-0.0021315;1.00252;0.0260104;0.989073;1;4;1
353.531;1618.06;1.45043;1.34394;0.0105484;-0.000645878;0.000423014;0.0105644;-0.00066184;1.01186;-0.000193932;-0.00284257;1.00046;0.0277107;0.978596;1;3;1
376.531;1618.06;1.64529;1.44843;0.0108548;0.00044272;0.000711282;0.0109031;0.000394355;1.01119;-0.000727846;-0.00418756;0.996799;0.0267081;0.976261;1;3;1
399.531;1618.06;1.94695;1.44592;0.0111994;0.00142515;-0.00120568;0.0113459;0.00127862;1.00597;-0.00213709;0.000580013;0.99703;0.0274808;0.981451;1;3;1
422.531;1618.06;2.1576;1.47072;0.0112108;-0.000194037;0.000514097;0.011234;-0.000217164;1.01154;0.00317308;-0.00400051;0.998283;0.0231807;0.983147;1;3;1
445.531;1618.06;2.45967;1.55195;0.0107968;-0.0018187;-0.000176642;0.0107993;-0.00182117;1.00718;-0.000946804;-0.00452908;0.995221;0.0227075;0.98486;1;3;1
468.531;1618.06;2.65157;1.52268;0.00896738;-0.00353349;-0.000388801;0.00897946;-0.00354557;1.01633;0.000418866;-0.00191289;0.995952;0.0218217;0.986538;1;3;1
491.531;1618.06;2.87028;1.62599;0.0102024;-0.000454349;0.00213199;0.0106131;-0.000865047;1.00821;-0.000994795;0.000210959;1.00372;0.0249554;0.979383;1;3;1
514.531;1618.06;3.11822;1.68736;0.00995207;-9.85924e-05;0.000605011;0.00998836;-0.000134881;1.01082;0.000640996;-0.00215745;1.00269;0.0250037;0.979599;1;3;1
537.531;1618.06;3.32577;1.69259;0.0111951;-0.000321384;0.000333601;0.0112048;-0.000331039;1.00913;-0.00582506;-0.0040579;1.00012;0.0266725;0.983532;1;3;1
560.531;1618.06;3.63019;1.80952;0.0118441;-0.000738685;0.00133315;0.0119838;-0.000878382;1.00983;0.00468862;7.28392e-05;0.999426;0.024336;0.987803;1;4;1
583.531;1618.06;3.86726;1.81206;0.0107299;-0.00572935;-4.20949e-05;0.01073;-0.00572946;1.01352;0.00145331;-0.00354795;0.99831;0.0247886;0.984423;1;3;1
606.531;1618.06;4.12113;1.83534;0.00959022;-0.000557884;0.000742282;0.00964422;-0.000611891;1.00745;0.000615624;-0.00424057;0.992738;0.0245402;0.986973;1;3;1
629.531;1618.06;4.30605;1.96752;0.0104315;-8.01862e-05;0.00142037;0.0106201;-0.000268729;1.00512;0.00170188;-0.00243069;0.998153;0.0209645;0.991167;1;4;1
652.531;1618.06;4.59822;1.99878;0.0113472;0.00190062;4.66073e-05;0.0113474;0.00190039;1.01774;-0.00583196;0.00319671;1.00432;0.024631;0.986425;1;4;1
675.531;1618.06;4.82501;2.05423;0.0109601;0.000961305;4.9704e-05;0.0109603;0.000961058;1.00613;-0.00564761;-0.00495152;1.00382;0.0241911;0.987844;1;4;1
698.531;1618.06;5.09963;2.03752;0.0107813;0.00265991;-0.00121792;0.01096;0.0024812;1.01574;0.00416653;0.00199059;1.00168;0.0252023;0.985964;1;3;1
721.531;1618.06;5.31829;2.01625;0.0105156;-0.000489519;0.000162418;0.010518;-0.000491916;1.00746;0.00604126;0.000845568;1.00224;0.0275811;0.983405;1;4;1
744.531;1618.06;5.58066;2.16479;0.0100751;0.0006;0.00105865;0.010192;0.000483158;1.0118;0.00440255;-0.0111646;0.996057;0.0259901;0.982518;1;3;1
767.531;1618.06;5.77917;2.17437;0.0117076;9.09106e-05;0.000725612;0.0117528;4.57623e-05;1.01191;-0.00563006;0.0025189;0.996716;0.0259277;0.985388;1;3;1
790.531;1618.06;6.11603;2.24245;0.0126608;-0.00100089;-0.000746472;0.0127014;-0.00104155;1.01461;0.00483144;-0.00143227;1.00645;0.0283239;0.984985;1;4;1
813.531;1618.06;6.35787;2.24439;0.0122425;0.00212787;0.000620463;0.0122804;0.00208995;1.00659;0.00202844;-0.0065738;0.995304;0.0234826;0.985628;1;3;1
836.531;1618.06;6.67568;2.33954;0.0110639;0.00246548;-0.00176457;0.0114119;0.00211744;1.01261;-0.00205771;0.00375202;0.994401;0.027917;0.981581;1;4;1
859.531;1618.06;6.86402;2.26756;0.010654;0.00253302;-0.000327305;0.0106671;0.00251985;1.01428;0.00205626;-0.00573121;1.00161;0.0313062;0.969711;1;4;1
882.531;1618.06;7.16317;2.36211;0.0111502;0.0063868;0.000437503;0.01119;0.00634695;1.00768;0.00797915;-0.00483855;1.00554;0.0291627;0.968442;1;3;1
905.531;1618.06;7.37384;2.42298;0.0099425;0.00333127;0.00191575;0.0104575;0.00281626;1.00885;0.00380048;-0.00367912;1.00056;0.0287324;0.980263;1;4;1
928.531;1618.06;7.61809;2.49313;0.0128826;-0.000488857;-0.000726301;0.012922;-0.000528192;1.01731;0.00121189;-0.00531943;0.992248;0.0274529;0.977698;1;3;1
951.531;1618.06;7.96264;2.481;0.013049;-0.000918151;0.00120786;0.0131527;-0.00102184;1.01121;-2.31934e-05;0.00359755;1.00045;0.0240743;0.989225;1;3;1
974.531;1618.06;8.21439;2.58574;0.00992895;-0.00145906;-0.000301777;0.00993694;-0.00146705;1.01246;0.00185827;-0.00284058;1.00466;0.0266563;0.981859;1;3;1
997.531;1618.06;8.41707;2.554;0.0109244;0.00112358;-0.0018398;0.0112584;0.000789598;1.01702;0.00282857;0.000867786;0.99318;0.0252685;0.983985;1;4;1
1020.53;1618.06;8.71419;2.61261;0.012763;0.00212093;-0.00147434;0.0129635;0.00192045;1.0099;0.00566115;-0.00333841;0.998061;0.0247734;0.978297;1;3;1
1043.53;1618.06;9.00034;2.65923;0.00990935;0.0103979;0.000903924;0.0110899;0.00921726;1.01048;0.00641224;-0.00455717;1.00227;0.0251092;0.9824;1;3;1
1066.53;1618.06;9.16768;2.70889;0.0101354;-0.000117903;-0.00185727;0.0104615;-0.000443956;1.01084;0.00540127;-2.38907e-05;1.00261;0.0236881;0.981853;1;3;1
1089.53;1618.06;9.46422;2.69247;0.0143773;0.000712244;0.00111847;0.0144683;0.000621303;1.01531;0.0062373;-0.00153596;0.995509;0.0202674;0.99075;1;4;1
1112.53;1618.06;9.82432;2.76081;0.0126413;0.00454162;-0.00233641;0.0132669;0.00391598;1.0091;-0.00246988;0.000763635;1.00004;0.0234991;0.986982;1;3;1
1135.53;1618.06;10.0421;2.73874;0.0110293;0.000849268;-0.00171055;0.0113091;0.000569532;1.01211;-0.00165668;-0.00130007;1.00579;0.0244259;0.984528;1;3;1
1158.53;1618.06;10.3289;2.83146;0.0139867;0.000307551;0.000525665;0.0140068;0.00028738;1.01495;0.000151309;-0.00464203;1.00435;0.0235282;0.986096;1;3;1
1181.53;1618.06;10.6807;2.90055;0.0125581;0.0021062;0.000716683;0.012607;0.00205729;1.01165;-0.0021797;-0.00148168;1.00257;0.0269452;0.97677;1;3;1
1204.53;1618.06;10.9028;2.94197;0.0109025;0.0012806;-0.00149315;0.0111288;0.00105422;1.01047;0.000172749;-0.00304283;0.998741;0.0240327;0.986562;1;3;1
1227.53;1618.06;11.1795;2.94148;0.0116357;0.00208736;0.00118565;0.0117808;0.00194234;1.0146;0.00127159;-0.00216685;1.0035;0.0255125;0.981111;1;3;1
1250.53;1618.06;11.435;2.97241;0.00945649;0.00214794;0.000813074;0.00954585;0.00205857;1.00777;-0.00216466;-0.000145334;0.996371;0.0249474;0.981564;1;3;1
1273.53;1618.06;11.6124;3.00903;0.0077473;-0.00246507;0.00253783;0.00834319;-0.00306096;1.01034;-0.00560922;0.00706283;0.996611;0.0335419;0.976066;1;3;1
31.5305;1595.06;-1.7935;0.715381;0.0122617;0.000269846;0.00125001;0.0123906;0.000140932;1.00659;0.00136293;-0.00738159;0.998086;0.0289261;0.979273;1;3;1
54.5305;1595.06;-1.51322;0.756995;0.0101962;-0.00145525;0.0010826;0.010296;-0.00155499;1.01475;0.00272956;-0.00317415;1.00117;0.0283907;0.963263;1;3;1
77.5306;1595.06;-1.32711;0.873784;0.00900473;-0.00129187;0.00105818;0.00911236;-0.00139949;1.01336;0.000148182;-0.00309092;1.00182;0.0279574;0.971947;1;4;1
100.531;1595.06;-1.10094;0.845063;0.0104165;0.000171302;0.000662349;0.0104591;0.000128659;1.00709;-0.0005167;0.00357601;0.999437;0.0229186;0.988654;1;3;1
123.531;1595.06;-0.850458;0.933158;0.0102293;0.00157716;0.000534498;0.0102622;0.00154427;1.01651;0.000786879;-0.00270813;1.00444;0.0219758;0.988059;1;3;1
146.531;1595.06;-0.632912;0.958633;0.00893801;0.000915579;0.000492833;0.00896817;0.000885416;1.00201;0.00178441;-0.0034865;1.0044;0.0275877;0.979936;1;3;1
169.531;1595.06;-0.441307;1.06112;0.00950327;0.000932753;0.000570062;0.00954102;0.000895002;1.01592;0.000598748;-0.00408032;1.00458;0.0287945;0.980539;1;3;1
192.531;1595.06;-0.19787;1.02753;0.0106375;-2.60594e-05;-0.000458576;0.0106572;-4.57437e-05;1.01261;-0.00524752;0.00460206;1.00196;0.0260245;0.98799;1;3;1
215.531;1595.06;0.0454207;1.01532;0.00963738;0.000804479;0.00313177;0.0106351;-0.000193219;1.00833;-0.00347808;-0.00520324;1.00634;0.0293681;0.974626;1;4;1
238.531;1595.06;0.243092;1.1774;0.0101409;-0.000644816;0.00170561;0.0104042;-0.000908106;1.00703;-0.000222079;-0.00139881;1.00228;0.0274954;0.984097;1;4;1
261.531;1595.06;0.509118;1.21829;0.0119305;-7.71138e-05;-0.000197328;0.0119338;-8.03557e-05;1.01275;0.00527112;-0.00193793;0.999454;0.0237577;0.983531;1;3;1
284.531;1595.06;0.788655;1.2013;0.00988362;0.000306954;0.00110737;0.01001;0.000180574;1.00289;-0.000935237;-0.00746181;1.00135;0.0226025;0.986793;1;3;1
307.531;1595.06;0.961374;1.34258;0.00886273;-0.000282048;7.74562e-05;0.00886338;-0.000282704;1.00761;0.00783802;-0.0018048;0.998847;0.0246245;0.985215;1;3;1
330.531;1595.06;1.19443;1.3071;0.0107892;0.0018002;5.55585e-05;0.0107896;0.00179986;1.01204;0.000310544;0.00271976;0.999338;0.0228553;0.985444;1;3;1
353.531;1595.06;1.45502;1.3735;0.0116198;-0.00106015;-3.93822e-05;0.0116199;-0.00106027;1.01424;0.00482155;-0.000584946;1.00269;0.023117;0.989741;1;4;1
376.531;1595.06;1.72576;1.4065;0.012115;0.00220587;-0.000496324;0.0121398;0.00218107;1.01006;0.00687272;-0.00177012;1.00552;0.0240639;0.986414;1;3;1
399.531;1595.06;2.00894;1.43075;0.00965576;-0.000734142;0.000645308;0.00969569;-0.000774068;1.00425;-0.00164919;-0.00146207;0.998056;0.0268287;0.981959;1;4;1
422.531;1595.06;2.1677;1.50524;0.00882471;-0.00230491;0.00212249;0.00921575;-0.00269595;1.00866;-0.00401832;-0.00116422;0.995352;0.021833;0.984989;1;3;1
445.531;1595.06;2.41274;1.61355;0.0108029;-0.00112221;0.00225654;0.0112156;-0.00153492;1.01119;0.000888038;-0.00661514;0.997539;0.0227042;0.987742;1;4;1
468.531;1595.06;2.66187;1.60678;0.00990494;-0.00184843;0.00100512;0.00999027;-0.00193377;1.00904;-2.67891e-05;-0.00436364;0.995172;0.0223196;0.986684;1;3;1
491.531;1595.06;2.86609;1.67594;0.00975799;-7.88986e-05;0.0013768;0.00994705;-0.000267965;1.007;-0.001693;0.00171685;0.99549;0.0277569;0.979898;1;3;1
514.531;1595.06;3.10838;1.7363;0.0113007;0.000130099;0.000239122;0.0113058;0.000124983;1.01067;0.00132044;-0.00233435;0.99984;0.0317593;0.969885;1;5;1
537.531;1595.06;3.38296;1.74681;0.0124237;0.000781612;-0.000521775;0.012447;0.000758274;1.00954;0.0107084;0.00110721;1.00235;0.0311304;0.984794;1;4;1
560.531;1595.06;3.67628;1.82365;0.0115163;0.00115825;0.000419934;0.0115333;0.00114125;1.01332;0.00174515;-0.00460544;0.999237;0.0244145;0.984536;1;4;1
583.531;1595.06;3.90952;1.87653;0.0107151;-0.000245872;-0.000719219;0.0107621;-0.000292863;1.0088;0.00496345;-0.00467501;1.00081;0.0231225;0.986195;1;3;1
606.531;1595.06;4.16653;1.87827;0.00983011;-0.000344608;0.000143375;0.00983213;-0.000346628;1.00854;-0.00116331;0.00323613;1.0029;0.0278424;0.983224;1;3;1
629.531;1595.06;4.35946;1.93655;0.0104553;0.000835609;-0.00123031;0.0106102;0.000680753;1.01615;0.00533623;-0.00685288;0.996927;0.0269102;0.981734;1;4;1
652.531;1595.06;4.64498;1.91261;0.00958742;0.000263867;-0.000484568;0.00961254;0.00023875;1.00617;0.00540731;0.00513403;0.995393;0.0310254;0.973947;1;3;1
675.531;1595.06;4.79839;1.93419;0.00937193;0.0026446;2.44538e-05;0.00937202;0.00264451;1.01692;0.00885837;0.00340569;1.00012;0.026548;0.987157;1;3;1
698.531;1595.06;5.074;2.0018;0.0127997;0.000793938;0.0008647;0.0128617;0.000731979;1.00897;0.00193945;-0.00642486;0.998906;0.0224542;0.990348;1;3;1
721.531;1595.06;5.38324;2.07551;0.0126572;-0.000279671;0.000971674;0.0127298;-0.000352245;1.01557;-0.00146443;-0.000999534;0.999282;0.0269134;0.981118;1;4;1
744.531;1595.06;5.65221;2.18994;0.00952591;0.00177502;-0.000639847;0.00957838;0.00172256;1.00514;-0.00244523;-0.00309519;1.00482;0.0304362;0.978491;1;4;1
767.531;1595.06;5.81931;2.14846;0.011295;0.00139021;-0.00278327;0.0120236;0.000661689;1.01766;0.00934865;-0.00141956;1.00081;0.0301158;0.971864;1;3;1
790.531;1595.06;6.16887;2.15148;0.0117905;0.0011985;0.000696804;0.0118362;0.00115286;1.0085;-0.00445429;0.00305387;0.995975;0.0251998;0.976728;1;4;1
813.531;1595.06;6.35834;2.27529;0.0115816;-0.000314484;0.000596568;0.0116114;-0.000344326;1.0151;0.00296025;-0.0072465;0.997764;0.0238503;0.985221;1;4;1
836.531;1595.06;6.6983;2.31058;0.0105046;0.0025284;-0.000845449;0.0105932;0.00243977;1.00962;0.00111689;0.00491615;1.00564;0.0238502;0.981963;1;3;1
859.531;1595.06;6.83903;2.24506;0.00990921;-0.00128077;-0.0015524;0.0101206;-0.00149214;1.00788;0.00290816;0.00238714;0.996703;0.0261862;0.974562;1;4;1
882.531;1595.06;7.15186;2.26009;0.0117406;0.000765642;0.000536595;0.0117668;0.000739469;1.0186;-0.00378982;-0.00768623;1.00106;0.02996;0.964633;1;3;1
905.531;1595.06;7.37571;2.39826;0.0113988;0.0016959;0.0014025;0.0115974;0.00149725;1.00125;0.00311888;-0.00822081;1.00267;0.0253418;0.976089;1;3;1
928.531;1595.06;7.67245;2.53189;0.0130564;0.00226417;-0.000362805;0.0130686;0.00225199;1.01397;0.000705555;0.00381576;1.01197;0.0259107;0.979327;1;3;1
951.531;1595.06;7.97241;2.44572;0.0114385;0.000868848;5.77991e-05;0.0114388;0.000868532;1.00946;-0.00527468;-0.00192452;0.999038;0.0226116;0.983182;1;4;1
974.531;1595.06;8.19565;2.53766;0.012534;0.000823481;0.00143641;0.0127076;0.000649864;1.01382;-0.00759122;-0.0102722;0.997479;0.0270786;0.982652;1;4;1
997.531;1595.06;8.54512;2.61003;0.0118849;-9.16785e-05;-0.000578889;0.0119128;-0.000119594;1.01018;0.00106032;0.000900277;1.00528;0.0252975;0.972319;1;3;1
1020.53;1595.06;8.7391;2.60038;0.0114199;0.00092722;-0.000623792;0.0114568;0.000890265;1.01297;-0.00286707;0.00261825;1.00304;0.0233085;0.981403;1;3;1
1043.53;1595.06;9.06746;2.61916;0.0126288;0.00184551;-5.57148e-05;0.0126291;0.00184522;1.01428;-0.00558951;-0.00492409;1.00578;0.0281676;0.97452;1;4;1
1066.53;1595.06;9.31636;2.66515;0.0104038;0.00151765;0.000163728;0.0104068;0.00151464;1.01113;0.0012943;-0.0013729;1.0017;0.024138;0.98447;1;3;1
1089.53;1595.06;9.54337;2.75743;0.0104007;0.00265564;-0.000692086;0.0104621;0.00259429;1.00606;0.00305552;-0.00492273;1.00302;0.0229752;0.985329;1;3;1
1112.53;1595.06;9.79225;2.75273;0.0113765;0.000460358;-0.000316277;0.0113857;0.000451203;1.01656;0.00839963;0.00380439;0.997075;0.01982;0.987488;1;3;1
1135.53;1595.06;10.0637;2.80235;0.0125214;-0.00155513;-0.00124182;0.0126301;-0.00166384;1.01228;0.00591246;-0.00243864;0.991742;0.0222821;0.987851;1;3;1
1158.53;1595.06;10.3647;2.75838;0.0138544;0.000599808;0.000384199;0.0138656;0.000588681;1.00823;0.00552684;0.00237199;1.002;0.0232149;0.983013;1;4;1
1181.53;1595.06;10.6966;2.90696;0.0140187;0.00158133;0.00170453;0.0142481;0.00135196;1.01784;0.00369975;-0.00783782;1.00232;0.0228399;0.987413;1;4;1
1204.53;1595.06;11.0049;2.88159;0.0116469;0.00218342;-0.000838857;0.0117207;0.00210964;1.00646;0.0106891;0.00206487;1.00301;0.0295142;0.977726;1;3;1
1227.53;1595.06;11.2292;2.9899;0.0106107;0.000593901;0.000788629;0.0106724;0.000532192;1.01529;0.00156831;-0.00457509;0.998253;0.0220724;0.989425;1;3;1
1250.53;1595.06;11.4901;3.04767;0.00855285;0.00048925;-0.00105146;0.0086877;0.000354399;1.01031;0.00297867;-0.0012107;1.00851;0.0251727;0.984661;1;3;1
1273.53;1595.06;11.6209;3.01661;0.00570263;0.00157892;-0.00257516;0.00693967;0.000341879;1.00798;0.0144962;0.000763739;1.0085;0.027258;0.98869;1;3;1
31.5305;1572.06;-1.79116;0.661284;0.013662;-0.000790215;0.00182344;0.0138885;-0.00101673;1.0087;-0.004937;-0.00124918;0.99852;0.0286946;0.98089;1;3;1
54.5305;1572.06;-1.47924;0.754008;0.0110321;1.20754e-05;0.00166663;0.0112787;-0.000234464;1.00971;-0.000195566;-0.00437218;1.00163;0.0287605;0.970784;1;3;1
77.5306;1572.06;-1.28676;0.82904;0.00914022;0.00309464;-0.00026983;0.00915224;0.00308262;1.00932;0.00173444;0.00195316;1.00215;0.0246767;0.984035;1;3;1
100.531;1572.06;-1.06074;0.822428;0.00988728;0.000238123;9.11631e-05;0.00988814;0.000237262;0.999122;0.00334359;-0.000255589;1.00414;0.0261133;0.987927;1;3;1
123.531;1572.06;-0.834185;0.868289;0.00968612;0.000282316;0.00102593;0.00979675;0.000171691;1.0152;0.00181799;0.000815939;0.99909;0.0218077;0.986477;1;3;1
146.531;1572.06;-0.617388;0.902644;0.00901172;-0.00010008;0.00141256;0.00922568;-0.000314038;1.00212;-0.00750453;-0.0075595;0.996232;0.0277564;0.979186;1;3;1
169.531;1572.06;-0.421609;0.97025;0.0094727;0.00136039;0.00144181;0.00972133;0.00111176;1.0132;0.00128008;0.000432893;0.997176;0.0287712;0.980469;1;3;1
192.531;1572.06;-0.183973;1.06521;0.00722829;-0.000177815;0.000724617;0.00729852;-0.000248046;1.00444;-0.00112231;-0.00461212;0.99366;0.0267804;0.980598;1;4;1
215.531;1572.06;-0.090445;1.08589;0.0105925;-0.00251182;0.000254328;0.0105974;-0.00251676;1.01449;0.00384779;-0.000250602;0.990106;0.0288287;0.976764;1;4;1
238.531;1572.06;0.300694;1.12143;0.013539;0.000486756;-3.10989e-05;0.0135391;0.000486682;1.00723;0.00191895;-0.00495989;0.999808;0.0272917;0.979682;1;3;1
261.531;1572.06;0.528116;1.16862;0.0103836;0.000212718;0.00138811;0.0105697;2.66731e-05;1.0158;-0.00225795;-0.00339035;1.00135;0.0227262;0.986776;1;3;1
284.531;1572.06;0.775816;1.20192;0.0104399;-0.000856315;0.00179438;0.010718;-0.0011345;1.01116;0.000302294;0.00123236;0.995745;0.0311242;0.968486;1;3;1
307.531;1572.06;1.00573;1.28006;0.00900774;0.00187587;0.0012513;0.00922091;0.0016627;1.00591;-0.00358759;-0.00491002;0.999465;0.0228587;0.988733;1;3;1
330.531;1572.06;1.18826;1.27898;0.0119524;-0.000818521;0.00059832;0.0119804;-0.000846491;1.00773;0.001142;-0.00257565;0.99954;0.0226555;0.989447;1;3;1
353.531;1572.06;1.55216;1.39285;0.0122237;0.000400089;-1.36545e-06;0.0122237;0.000400089;1.01495;0.00352938;-0.00131714;1.00243;0.0264789;0.98409;1;4;1
376.531;1572.06;1.7471;1.34718;0.00947499;6.59154e-05;0.00135913;0.00966738;-0.000126476;1.00615;-0.00162099;-0.00435567;1.00005;0.0205604;0.988685;1;3;1
399.531;1572.06;1.98589;1.47972;0.00869585;0.000187004;0.00321743;0.00977547;-0.000892613;1.00785;0.000294318;-0.00355405;1.00473;0.0205762;0.990276;1;3;1
422.531;1572.06;2.14482;1.57687;0.00805181;0.000259492;0.000779476;0.00812902;0.000182285;1.00574;0.00575375;-0.000313507;1.00307;0.0233809;0.985294;1;3;1
445.531;1572.06;2.35462;1.60372;0.0104204;0.0015715;-0.000192872;0.0104246;0.0015673;1.00912;0.00035908;-0.0023496;1.00506;0.024329;0.98504;1;4;1
468.531;1572.06;2.62168;1.6078;0.0113346;-0.0010225;0.000152614;0.0113365;-0.00102438;1.01056;-0.000596844;0.00193253;1.00373;0.0233517;0.985456;1;3;1
491.531;1572.06;2.87309;1.62962;0.0119166;0.000776932;0.000231438;0.0119214;0.000772126;1.00991;-0.00120246;-0.00252052;1.00295;0.0272863;0.983363;1;3;1
514.531;1572.06;3.16655;1.6814;0.0128305;0.00151728;-9.66525e-05;0.0128314;0.00151646;1.02408;-0.00293276;-0.000585151;1.00187;0.0301139;0.980778;1;4;1
537.531;1572.06;3.45955;1.65684;0.0121138;0.000215696;-0.000150993;0.0121157;0.00021378;1.009;0.0059827;7.49985e-05;1.00125;0.0222629;0.98712;1;4;1
560.531;1572.06;3.72039;1.75636;0.0115332;0.00192685;0.00171349;0.0118297;0.00163037;1.01155;0.00262819;-0.00930317;1.00574;0.0194341;0.99174;1;3;1
583.531;1572.06;3.98675;1.82353;0.00976895;0.00266627;0.000844437;0.00986796;0.00256725;1.00927;0.00154097;0.000279872;1.00161;0.0231398;0.988645;1;3;1
606.531;1572.06;4.16749;1.85122;0.0101698;-0.000380744;0.000736774;0.010221;-0.000431947;1.0092;0.00542326;2.95515e-05;0.996779;0.0259184;0.983965;1;4;1
629.531;1572.06;4.45209;1.92933;0.0103298;0.00127139;0.000945729;0.0104274;0.00117371;1.01109;-0.00171843;-0.000299644;1.00301;0.0231211;0.990288;1;4;1
652.531;1572.06;4.64004;1.98666;0.0100346;-0.00198574;-0.000173543;0.0100371;-0.00198825;1.0124;-0.00310585;-0.00654719;0.992852;0.0335195;0.966692;1;3;1
675.531;1572.06;4.91139;1.93282;0.0113836;0.00070511;-0.0014301;0.0115718;0.000516903;1.00759;0.00429722;0.00252022;0.99922;0.0278504;0.978865;1;3;1
698.531;1572.06;5.16073;2.00106;0.0110271;-0.000668287;-0.000188643;0.0110301;-0.000671329;1.01033;0.000197418;0.0016937;1.0048;0.0228887;0.985039;1;4;1
721.531;1572.06;5.41577;2.02922;0.0120435;0.000406257;-8.83586e-05;0.0120442;0.000405586;1.01331;0.00317005;-0.00317674;1.00092;0.0243367;0.986993;1;3;1
744.531;1572.06;5.71137;2.0834;0.0126574;0.0025753;0.000283138;0.0126654;0.00256735;1.01232;0.00932536;0.0023605;1.00354;0.0252636;0.987328;1;4;1
767.531;1572.06;5.9943;2.11096;0.0102023;0.00014732;-0.00067708;0.0102477;0.000101931;1.01233;2.42234e-05;0.00254869;1.00098;0.0261771;0.989773;1;3;1
790.531;1572.06;6.17819;2.18739;0.0101991;8.3562e-05;0.000334046;0.0102101;7.25427e-05;1.00551;0.00376977;-0.012219;0.998171;0.0258395;0.979737;1;3;1
813.531;1572.06;6.46085;2.25897;0.0119067;0.000752308;-0.00150235;0.0121055;0.000553505;1.01201;0.00570654;0.00274765;1.00273;0.0251773;0.979516;1;3;1
836.531;1572.06;6.72266;2.22341;0.0108124;0.000640805;-0.000350095;0.0108244;0.000628769;1.01457;0.00226748;0.000427341;1.00069;0.0235989;0.989292;1;3;1
859.531;1572.06;6.95551;2.32661;0.0118824;-0.00137679;-0.000222463;0.0118862;-0.00138052;1.00634;-0.00244732;-0.00544314;0.994055;0.0276967;0.973722;1;3;1
882.531;1572.06;7.26592;2.32702;0.0122471;-0.000179849;-0.000213573;0.0122508;-0.000183518;1.01623;-0.000895999;-0.00115832;0.998699;0.027352;0.973306;1;3;1
905.531;1572.06;7.51547;2.34525;0.00943792;0.00255289;-0.00105227;0.00959515;0.00239566;1.00657;0.00414157;0.0001844;1.00107;0.0235905;0.980023;1;4;1
928.531;1572.06;7.698;2.38917;0.00978052;0.00422298;-0.000984694;0.00994983;0.00405367;1.00874;0.00119136;0.000122993;1.00262;0.0253997;0.973854;1;3;1
951.531;1572.06;7.96309;2.44105;0.0119964;0.000833413;0.00108285;0.0121005;0.000729344;1.01257;0.00359637;-0.00537169;1.00025;0.0256805;0.974852;1;3;1
974.531;1572.06;8.24629;2.54788;0.0124402;0.000961033;0.000524196;0.0124641;0.000937145;1.01343;0.0081816;-0.00371076;0.999252;0.0275981;0.98161;1;4;1
997.531;1572.06;8.53168;2.55836;0.011669;0.00104058;-0.000464398;0.0116893;0.00102032;1.01276;-0.00234128;0.00197882;0.997732;0.0282858;0.971688;1;3;1
1020.53;1572.06;8.77997;2.57003;0.01176;0.000672558;-0.000862123;0.0118267;0.000605923;1.00902;0.00458599;-0.00209772;1.00015;0.0260051;0.978555;1;4;1
1043.53;1572.06;9.06949;2.57447;0.0111467;0.00100098;0.00179685;0.0114555;0.000692148;1.01347;-0.00191336;-0.000234295;0.996999;0.0272278;0.971233;1;4;1
1066.53;1572.06;9.28983;2.63929;0.0119106;-0.000168901;-0.000651757;0.0119457;-0.000203966;1.01523;-0.000969841;-0.00056253;0.99811;0.0227515;0.982481;1;4;1
1089.53;1572.06;9.61415;2.57072;0.0133004;0.00373943;0.000304621;0.0133101;0.00372973;1.00947;-0.000386899;-0.00370216;1.00313;0.0240134;0.984126;1;3;1
1112.53;1572.06;9.89753;2.73969;0.011961;0.000102378;0.00160016;0.0121731;-0.000109749;1.01244;-0.00345103;-0.00543262;1.00051;0.0224507;0.98569;1;3;1
1135.53;1572.06;10.1605;2.81048;0.0109234;0.00162151;-8.17194e-05;0.0109241;0.00162079;1.00851;-0.000648806;0.00481568;1.00042;0.0246036;0.982622;1;3;1
1158.53;1572.06;10.3972;2.80392;0.0106496;0.000991909;-0.00105247;0.010763;0.000878543;1.01356;0.00302287;-0.00300151;1.00168;0.0296059;0.980413;1;4;1
1181.53;1572.06;10.6478;2.82788;0.0145399;0.00266239;-0.000331937;0.0145492;0.00265313;1.0108;0.00281112;-0.00198023;0.999341;0.0232429;0.985478;1;3;1
1204.53;1572.06;11.0613;2.84191;0.0136676;0.00225274;0.000516438;0.0136909;0.00222942;1.00873;-0.00617348;0.00121204;1.00185;0.024979;0.980868;1;3;1
1227.53;1572.06;11.2722;2.91427;0.0108457;0.00348171;0.00103724;0.010989;0.00333841;1.01352;-0.000574076;-0.00303461;1.00826;0.0229749;0.983802;1;3;1
1250.53;1572.06;11.5574;2.95008;0.0112355;0.00166001;-0.000655461;0.0112801;0.00161535;1.00915;0.000599261;-0.00103016;0.990819;0.0241606;0.98461;1;3;1
1273.53;1572.06;11.7861;2.93679;0.00999571;0.00346188;-0.0040158;0.0119056;0.00155198;1.01256;-0.00308458;0.00264644;1.00446;0.0304927;0.981405;1;4;1
31.5305;1549.06;-1.77619;0.751749;0.0121264;-0.000649928;-0.000371467;0.0121371;-0.000660719;1.00992;0.00192839;-0.000278664;0.999492;0.0276865;0.973946;1;3;1
54.5305;1549.06;-1.49895;0.756441;0.0118453;-0.000214655;-3.25171e-05;0.0118454;-0.000214743;1.01121;0.00298217;0.00151827;0.999967;0.02311;0.988363;1;3;1
77.5306;1549.06;-1.23449;0.731742;0.00936187;0.000194887;0.00098659;0.00946685;8.99079e-05;1.01544;-0.00433144;0.000916482;1.00285;0.0321188;0.968727;1;3;1
100.531;1549.06;-1.07037;0.834121;0.00808475;-0.00145491;0.00172705;0.00838778;-0.00175795;0.999703;-0.00171457;-0.000223041;0.995105;0.0269781;0.980083;1;4;1
123.531;1549.06;-0.86447;0.920175;0.00895012;-0.00114991;0.00153118;0.00917714;-0.00137694;1.01151;-0.0026684;-0.00418054;1.00059;0.0282167;0.971546;1;3;1
146.531;1549.06;-0.660668;0.963245;0.00989826;-0.00108601;0.000662168;0.00993803;-0.00112578;1.00874;0.000810116;-0.00488659;1.00261;0.026109;0.982898;1;3;1
169.531;1549.06;-0.411447;0.998597;0.0111805;0.000884679;0.000299654;0.0111892;0.000875965;1.00605;0.000851737;0.00230412;1.0043;0.0272801;0.985699;1;4;1
192.531;1549.06;-0.149266;1.03573;0.0106957;0.00040335;0.000425197;0.0107132;0.000385814;1.01505;0.00669166;-0.0104328;1.00239;0.0283175;0.977164;1;4;1
215.531;1549.06;0.0777628;1.13102;0.0104235;-0.000986227;-0.00053192;0.0104482;-0.00101097;1.01;0.000952515;0.0035364;0.996503;0.028571;0.975979;1;3;1
238.531;1549.06;0.327588;1.15509;0.00839795;0.000426603;0.000763289;0.00847038;0.000354173;1.00203;-0.00188049;-0.00579074;0.995602;0.0227912;0.986836;1;3;1
261.531;1549.06;0.462395;1.20853;0.0089081;0.00227642;0.00148072;0.00922369;0.00196083;1.01389;-0.00134462;0.0012154;0.999178;0.0236108;0.990093;1;3;1
284.531;1549.06;0.735473;1.24074;0.0100813;-0.000447137;-0.000615691;0.0101172;-0.000483019;1.00796;0.00180764;0.000853005;0.999679;0.0255738;0.982728;1;4;1
307.531;1549.06;0.923797;1.25639;0.0112813;0.000755451;0.000616355;0.0113172;0.000719483;1.00618;-0.00122088;-0.00686271;1.00186;0.0245593;0.986587;1;3;1
330.531;1549.06;1.2514;1.3448;0.0131036;-0.00132846;0.000446121;0.0131174;-0.00134223;1.01523;0.00142499;0.00117236;0.998557;0.0256833;0.983417;1;3;1
353.531;1549.06;1.52256;1.35515;0.00953618;0.000942263;0.00142362;0.00976587;0.000712574;1.00809;-0.00371369;-0.00625367;0.998597;0.0230005;0.989469;1;3;1
376.531;1549.06;1.68795;1.40348;0.00918786;-0.00146831;0.00102997;0.0092865;-0.00156695;1.00823;-0.0033174;0.00212668;0.999584;0.0245429;0.987706;1;3;1
399.531;1549.06;1.94323;1.4222;0.0116263;-0.000316881;0.00114237;0.0117346;-0.000425167;1.01245;-0.00344208;-0.00206718;0.996996;0.021578;0.987397;1;3;1
422.531;1549.06;2.21961;1.49334;0.0113218;0.00177694;-6.85971e-05;0.0113223;0.00177645;1.01227;0.00552819;-0.00186649;1.00286;0.0231561;0.989031;1;4;1
445.531;1549.06;2.46096;1.54134;0.00992349;0.00108021;0.00109622;0.0100574;0.000946353;1.00985;-0.00206746;0.00108842;1.00589;0.0247214;0.976612;1;3;1
468.531;1549.06;2.67357;1.65384;0.00998393;-0.000312719;2.59626e-05;0.009984;-0.000312784;1.01212;0.00268459;-8.97475e-05;0.995371;0.0238322;0.985787;1;3;1
491.531;1549.06;2.91785;1.64025;0.0102809;-0.000154352;-0.000885478;0.0103555;-0.000228955;1.00915;0.00758328;0.00154154;1.00136;0.025616;0.983097;1;4;1
514.531;1549.06;3.14408;1.66657;0.0120946;0.00151716;-2.01069e-05;0.0120946;0.00151712;1.0132;0.0020284;0.000866293;0.999811;0.0277943;0.976072;1;3;1
537.531;1549.06;3.47077;1.73697;0.0118412;-0.00180013;0.000512756;0.0118605;-0.00181938;1.00713;-0.00263844;-0.00615188;1.00299;0.0232074;0.9881;1;3;1
560.531;1549.06;3.68554;1.7351;0.00996231;0.000354868;0.000961877;0.0100577;0.000259513;1.00996;-0.0043333;0.00204411;0.997218;0.0205645;0.987638;1;3;1
583.531;1549.06;3.92677;1.75405;0.0113434;0.00167802;0.00195658;0.0117244;0.00129697;1.01221;0.00260815;-0.00314808;1.00285;0.0219951;0.98721;1;3;1
606.531;1549.06;4.20413;1.8958;0.0105106;0.000740116;0.000722304;0.0105637;0.000687007;1.01125;0.00410069;0.000463124;1.00253;0.023071;0.985188;1;3;1
629.531;1549.06;4.40758;1.87813;0.010055;0.000684527;0.000785269;0.0101204;0.000619176;1.01133;0.00148749;-0.00257242;1.0042;0.0220432;0.986602;1;3;1
652.531;1549.06;4.66424;2.00405;0.0117015;0.000478493;-0.000741895;0.0117503;0.000429662;1.01586;0.00701479;-0.00216426;1.00903;0.0275632;0.982447;1;3;1
675.531;1549.06;4.94273;1.90199;0.0114173;0.000211075;-0.000215124;0.0114214;0.000206947;1.00333;0.00215673;0.00193049;0.999104;0.0230306;0.984583;1;3;1
698.531;1549.06;5.18646;2.03269;0.0115926;0.000447827;0.000849419;0.0116569;0.000383458;1.01534;0.00498615;-0.00513919;0.999513;0.0214253;0.990972;1;3;1
721.531;1549.06;5.47267;2.05691;0.0113898;-0.00195897;-0.000476432;0.0114068;-0.00197596;1.00735;0.000232784;-0.00170211;0.998741;0.0226511;0.986247;1;4;1
744.531;1549.06;5.70742;2.07167;0.0111779;-0.000613352;0.000624785;0.011211;-0.000646365;1.00778;-0.00647148;-0.00010824;1.00075;0.0199185;0.99022;1;4;1
767.531;1549.06;5.98394;2.14197;0.0126358;-0.000401019;0.000784263;0.0126828;-0.000448029;1.01234;0.000669005;-0.00215621;1.00494;0.0220802;0.98847;1;3;1
790.531;1549.06;6.28498;2.14778;0.011956;0.00104943;-0.000278233;0.0119631;0.00104234;1.01294;0.00743912;-0.000708339;1.00117;0.0227268;0.988159;1;3;1
813.531;1549.06;6.53056;2.24102;0.0111997;0.00219467;0.00017846;0.0112032;0.00219113;1.00945;0.00190481;-0.00537927;0.998831;0.024179;0.983121;1;3;1
836.531;1549.06;6.79712;2.28122;0.00941367;-0.0008593;9.84702e-05;0.00941461;-0.000860244;1.01156;0.00195772;0.00391778;0.994245;0.0246065;0.983771;1;3;1
859.531;1549.06;6.96152;2.3086;0.00857049;0.00172995;-0.00133567;0.00882204;0.0014784;1.00169;0.00408945;-0.00278827;1.00775;0.0270684;0.976778;1;3;1
882.531;1549.06;7.18968;2.26838;0.0125084;-0.000178196;-0.000318552;0.0125164;-0.00018619;1.01345;-0.000449369;-0.00165653;1.00042;0.0281395;0.971274;1;4;1
905.531;1549.06;7.53334;2.28125;0.0146232;0.00105526;0.000146976;0.0146248;0.00105367;1.01674;-0.00103891;0.00507134;1.0066;0.0305687;0.957667;1;4;1
928.531;1549.06;7.85745;2.33841;0.0108796;0.00229378;-0.000867923;0.0109665;0.00220692;1.0121;0.00592444;-0.0117983;1.00133;0.0308499;0.966691;1;4;1
951.531;1549.06;8.03094;2.40743;0.00888264;0.00212704;0.000276226;0.00889391;0.00211576;1.00747;0.00280459;-0.00257067;1.0008;0.0285359;0.974162;1;4;1
974.531;1549.06;8.26399;2.49353;0.0126569;0.00266733;0.000822432;0.0127242;0.00260007;1.01926;-0.000709518;-0.00493057;1.00155;0.0300485;0.966405;1;3;1
997.531;1549.06;8.60926;2.56224;0.0124571;0.00229523;0.000852501;0.0125281;0.00222421;1.01215;0.00117693;-0.000105681;1.00221;0.0297248;0.974624;1;3;1
1020.53;1549.06;8.83343;2.56955;0.00792861;0.000463235;-0.000916924;0.00803958;0.000352265;1.00614;0.00499739;0.00479422;1.00017;0.0261899;0.977301;1;4;1
1043.53;1549.06;8.97254;2.57324;0.0117773;-2.94876e-05;0.000853192;0.0118386;-9.08233e-05;0.999537;0.00456112;-0.000548494;1.00085;0.033572;0.969623;1;4;1
1066.53;1549.06;9.37192;2.67295;0.0140679;-0.000654779;-0.000433146;0.0140806;-0.000667512;1.02036;0.00121435;-0.00549199;1.00041;0.0322962;0.965508;1;3;1
1089.53;1549.06;9.61517;2.58579;0.0111897;-0.0012809;0.000316895;0.0111977;-0.00128894;1.00976;0.00263976;0.0015991;1.00021;0.0239243;0.980875;1;3;1
1112.53;1549.06;9.88373;2.74811;0.0113649;0.00247682;0.00131494;0.0115554;0.00228636;1.01224;0.00600834;-0.000162262;1.01204;0.0288909;0.973142;1;4;1
1135.53;1549.06;10.1348;2.72787;0.0129962;0.00217497;-0.000957289;0.0130803;0.00209094;1.0097;0.00111993;0.00175201;1.00271;0.0262745;0.977384;1;4;1
1158.53;1549.06;10.4777;2.71291;0.013777;0.00201869;-2.0547e-05;0.013777;0.00201865;1.01971;0.00391548;-0.00250536;1.00091;0.0294764;0.979618;1;3;1
1181.53;1549.06;10.7642;2.78471;0.0123753;0.000967374;0.000299948;0.0123832;0.000959493;1.01516;0.000614968;-0.000870249;1.00856;0.0255992;0.980588;1;3;1
1204.53;1549.06;11.0435;2.7781;0.0104441;0.00129616;0.00124866;0.0106115;0.00112878;1.00943;0.00175327;-0.00196475;1.00547;0.0253877;0.981885;1;3;1
1227.53;1549.06;11.2421;2.83003;0.011567;0.00232199;0.00160676;0.0118383;0.0020507;1.01693;0.000487417;-0.00741282;1.00161;0.0263043;0.980201;1;3;1
1250.53;1549.06;11.5721;2.97145;0.0157348;0.000612596;0.000225845;0.0157382;0.000609224;1.00687;0.0016267;-0.000940912;1.00334;0.0277878;0.984283;1;3;1
1273.53;1549.06;11.9603;2.85888;0.017034;0.00292502;-0.00296167;0.0176305;0.00232854;1.02353;0.0135418;0.00732308;0.996663;0.0335464;0.972401;1;4;1
31.5305;1526.06;-1.74813;0.69121;0.0110249;0.00185805;0.00139428;0.0112323;0.00165067;1.00754;-0.000855304;-0.000501272;1.00207;0.0263206;0.981717;1;3;1
54.5305;1526.06;-1.49605;0.763886;0.00979972;0.000645751;0.00100582;0.00990893;0.000536537;1.01473;0.000412469;-0.00358863;1.00183;0.0281707;0.983601;1;3;1
77.5306;1526.06;-1.29971;0.820078;0.0101491;-0.00191617;0.00202195;0.0104789;-0.002246;1.00792;0.000237159;-0.00463823;0.997316;0.0256164;0.98648;1;3;1
100.531;1526.06;-1.03171;0.889412;0.00991487;-0.000410718;0.000686482;0.00996031;-0.000456158;1.0137;0.00366113;-0.00215967;1.00072;0.027956;0.98054;1;3;1
123.531;1526.06;-0.845972;0.921217;0.00942682;0.00061897;0.000442661;0.00944901;0.000596779;1.00426;-0.000687806;0.00158803;0.997314;0.0275748;0.983019;1;4;1
146.531;1526.06;-0.600141;0.95263;0.0102444;0.00042421;-4.19869e-05;0.0102446;0.000424031;1.01173;0.00447765;-0.00286351;0.999731;0.0278526;0.985689;1;4;1
169.531;1526.06;-0.377119;0.929594;0.0111184;-0.000923776;0.00108886;0.0112161;-0.00102144;1.00647;-0.00112782;0.000294566;0.994154;0.0250924;0.983501;1;4;1
192.531;1526.06;-0.0915999;1.04675;0.00990873;0.00037578;0.00180574;0.0102393;4.51991e-05;1.01677;-0.00383021;-0.00575665;0.997666;0.0254803;0.984356;1;4;1
215.531;1526.06;0.0760077;1.13158;0.00872451;0.00152435;-0.000173306;0.00872868;0.00152019;1.00701;0.00445939;0.000585134;1.0055;0.0249965;0.977396;1;3;1
238.531;1526.06;0.307959;1.10181;0.00878199;0.000154319;-0.000570102;0.00881949;0.000116811;1.01137;0.00236055;-0.000558381;1.00333;0.0250927;0.985821;1;3;1
261.531;1526.06;0.478172;1.06405;0.0125001;0.001919;0.000827984;0.0125645;0.0018546;1.01115;0.00328957;0.000269254;1.00388;0.0284791;0.98659;1;4;1
284.531;1526.06;0.879258;1.22261;0.0125744;-0.000155568;0.00199653;0.0128802;-0.000461354;1.0129;0.000102674;-0.00546267;1.00004;0.0276011;0.980683;1;3;1
307.531;1526.06;1.05265;1.24535;0.00798797;-0.00131996;0.000526162;0.00801762;-0.00134961;1.00312;0.00592808;-0.00442436;1.00035;0.0245581;0.985019;1;3;1
330.531;1526.06;1.2451;1.34016;0.00934915;0.001104;0.00190606;0.00976845;0.000684697;1.01576;-0.00168943;-0.00174336;1.00127;0.0217386;0.989675;1;4;1
353.531;1526.06;1.4806;1.34958;0.0103687;-7.70677e-06;0.0013243;0.010535;-0.000174057;1.00513;-0.00294941;-0.00188066;1.00497;0.0228921;0.989306;1;3;1
376.531;1526.06;1.71955;1.41479;0.0107181;-0.000847538;0.000952559;0.010796;-0.000925467;1.01267;0.00541057;-0.00419463;0.996432;0.0233006;0.987364;1;3;1
399.531;1526.06;1.97079;1.4943;0.0120194;-0.000530162;-0.000146168;0.0120211;-0.000531864;1.01443;0.00128805;0.00172317;1.0001;0.0265506;0.984196;1;3;1
422.531;1526.06;2.26909;1.49537;0.00967929;0.000265497;0.000950356;0.00977427;0.000170513;1.00381;-0.00221845;0.00226845;0.994933;0.027888;0.977906;1;3;1
445.531;1526.06;2.41387;1.5541;0.00979313;-0.000289554;0.00151477;0.0100158;-0.000512208;1.01393;0.0016595;-0.00329658;0.994394;0.024688;0.981802;1;3;1
468.531;1526.06;2.71722;1.62228;0.0120836;0.00164153;0.000262373;0.0120902;0.00163494;1.01016;-0.00117323;0.000160439;1.00233;0.0217846;0.989059;1;4;1
491.531;1526.06;2.96632;1.63682;0.0119595;0.000682027;-0.000860464;0.0120248;0.000616752;1.01263;0.000124645;0.00288959;1.00139;0.0241513;0.985897;1;3;1
514.531;1526.06;3.2641;1.61177;0.0112436;0.000433427;-9.98632e-06;0.0112437;0.000433418;1.01643;0.00539592;-0.0034288;1.00247;0.0223803;0.984784;1;3;1
537.531;1526.06;3.48054;1.73973;0.00842133;-0.00107147;0.00123362;0.00857903;-0.00122917;1.00355;-0.00249848;-0.00553366;1.00222;0.0256598;0.983316;1;4;1
560.531;1526.06;3.64969;1.74009;0.0106515;-0.000194998;-0.000601693;0.0106848;-0.000228274;1.0159;0.00527679;0.000828598;1.00314;0.0258268;0.984709;1;3;1
583.531;1526.06;3.96792;1.74641;0.0125781;-0.000842378;0.000152552;0.0125799;-0.000844112;1.00998;-0.00169884;-0.00368537;0.994262;0.0230046;0.986436;1;3;1
606.531;1526.06;4.22462;1.81722;0.011371;0.0026163;0.000614439;0.0114139;0.00257338;1.01469;-1.2162e-05;-0.00406367;1.00569;0.0223955;0.991986;1;4;1
629.531;1526.06;4.4878;1.89787;0.0110762;0.00127047;0.000546636;0.0111066;0.00124009;1.01141;0.00187084;-0.00182539;0.999805;0.0235119;0.985493;1;4;1
652.531;1526.06;4.7311;1.96475;0.0103022;0.00181861;-0.00012935;0.0103042;0.00181664;1.00798;0.00239648;-0.00642909;1.00337;0.0261025;0.981139;1;3;1
675.531;1526.06;4.95928;1.92314;0.0110517;-0.000365264;-0.000355628;0.0110627;-0.00037633;1.01469;0.00256916;0.0083078;1.00076;0.0237379;0.98225;1;3;1
698.531;1526.06;5.2367;1.98052;0.0117795;0.00192257;0.0014458;0.0119872;0.00171487;1.01635;-0.00777538;-0.008405;1.00337;0.0221898;0.985861;1;4;1
721.531;1526.06;5.49757;2.11949;0.0109744;-0.00142014;0.00126223;0.0111016;-0.00154738;1.00965;5.56962e-05;-0.0114606;0.995181;0.0265795;0.975999;1;4;1
744.531;1526.06;5.7386;2.11163;0.0109421;-0.000874176;-0.00105445;0.0110354;-0.000967534;1.00681;0.00563595;0.00442817;0.994195;0.0238956;0.982851;1;3;1
767.531;1526.06;5.99818;2.12941;0.0123114;0.000326463;-0.0010057;0.0123952;0.000242657;1.01464;0.00177473;-0.00119411;0.999444;0.020061;0.990477;1;3;1
790.531;1526.06;6.30147;2.13931;0.0126595;4.75085e-05;0.000128043;0.0126608;4.62087e-05;1.01561;-0.00315425;0.00129489;1.00134;0.0230115;0.986583;1;3;1
813.531;1526.06;6.57687;2.15828;0.0104732;0.000918652;0.000427235;0.0104922;0.000899586;1.01069;0.00279247;-0.00927699;1.00316;0.0248993;0.982428;1;3;1
836.531;1526.06;6.78057;2.26299;0.0106609;-0.0002325;0.00135088;0.0108259;-0.000397521;1.00934;-2.73329e-05;0.0022417;0.997097;0.0271234;0.9755;1;4;1
859.531;1526.06;7.0646;2.24723;0.0106505;0.00203185;-0.000860846;0.0107357;0.00194671;1.00804;0.0046161;-0.000429346;1.00523;0.0312768;0.980843;1;4;1
882.531;1526.06;7.26786;2.33522;0.0110752;0.000470921;-0.00163572;0.0113218;0.000224345;1.01498;0.00730878;-0.00657368;1.00278;0.0296773;0.973128;1;4;1
905.531;1526.06;7.57124;2.29677;0.0138838;-0.00104844;-0.00122662;0.0139839;-0.00114853;1.01054;0.00135648;0.0053879;0.993446;0.0261685;0.972687;1;4;1
928.531;1526.06;7.90211;2.28423;0.0113851;-0.000863726;0.000983203;0.0114636;-0.000942144;1.00856;0.00692374;-0.00898848;1.00229;0.0317671;0.959675;1;4;1
951.531;1526.06;8.09199;2.3435;0.00923696;0.00155206;0.000247902;0.00924495;0.00154407;1.00889;0.00108048;0.000943317;1.00137;0.0262718;0.97945;1;3;1
974.531;1526.06;8.32486;2.42542;0.00955857;0.00254439;3.53123e-06;0.00955857;0.00254439;1.01146;0.00229612;-0.00291891;1.00433;0.0290013;0.978292;1;3;1
997.531;1526.06;8.52947;2.4529;0.0120255;0.00265109;0.0013848;0.0122258;0.00245081;1.01013;0.00154987;0.000401607;0.997627;0.0269953;0.971436;1;3;1
1020.53;1526.06;8.87458;2.54882;0.0123538;0.000707998;0.000278959;0.0123604;0.00070132;1.01556;0.00303364;-0.000856021;1.00192;0.027793;0.979605;1;3;1
1043.53;1526.06;9.09411;2.57583;0.0102056;-0.000143503;-0.000519139;0.0102316;-0.000169479;1.00376;-0.0060072;-0.00318233;0.999357;0.0294998;0.97076;1;3;1
1066.53;1526.06;9.34151;2.66945;0.0123685;0.00282769;0.000307139;0.0123784;0.00281781;1.01637;-0.00313879;0.00137779;0.998451;0.0289344;0.971142;1;3;1
1089.53;1526.06;9.65956;2.6297;0.0126277;0.00146542;-0.00189888;0.0129419;0.00115124;1.01194;-0.00158361;-0.000824446;1.0009;0.0255058;0.97738;1;3;1
1112.53;1526.06;9.91874;2.62591;0.0120969;0.00358497;-0.000995229;0.0122117;0.00347015;1.0115;0.000305981;0.00529549;1.00168;0.0230673;0.980462;1;3;1
1135.53;1526.06;10.2126;2.71057;0.0117338;0.00141253;-0.00162418;0.0119833;0.00116298;1.0139;0.0062492;-0.00427519;1.00345;0.0229592;0.984671;1;3;1
1158.53;1526.06;10.4553;2.71119;0.0103228;-0.000219821;-0.000188789;0.0103261;-0.000223201;1.01597;-0.00375503;0.00238042;1.00296;0.0262353;0.983515;1;4;1
1181.53;1526.06;10.685;2.78342;0.0117476;0.00122733;0.000142321;0.0117496;0.0012254;1.01141;0.00355003;-0.00179171;1.00017;0.0313035;0.975455;1;4;1
1204.53;1526.06;10.9925;2.78238;0.013848;7.28949e-05;-0.000349279;0.0138569;6.40444e-05;1.01752;0.00726302;-0.00523592;1.00189;0.0269534;0.979573;1;3;1
1227.53;1526.06;11.3176;2.8076;0.0125356;0.000692469;6.90352e-05;0.012536;0.000692067;1.00779;0.00534707;0.000965279;0.999784;0.0281808;0.977461;1;3;1
1250.53;1526.06;11.5653;2.92191;0.0112452;0.00369459;-0.000795087;0.011328;0.00361177;1.01246;0.0127305;0.00026251;1.00304;0.0277059;0.979536;1;4;1
1273.53;1526.06;11.832;2.80245;0.011676;0.000635746;-0.00318717;0.01253;-0.000218283;1.00907;0.00622086;0.00784194;1.01381;0.0327531;0.985535;1;3;1
31.5305;1503.06;-1.75903;0.666361;0.0129619;-0.000235153;0.00168961;0.0131748;-0.000448037;1.00943;-0.000388578;-7.55791e-05;1.00163;0.0300391;0.975545;1;3;1
54.5305;1503.06;-1.46289;0.72676;0.0101523;-0.000390537;0.00141208;0.0103381;-0.000576392;1.01209;-0.0036772;-0.00956457;1.00096;0.0261564;0.983356;1;3;1
77.5306;1503.06;-1.29462;0.82001;0.00939726;0.000159207;0.00104996;0.00951509;4.13768e-05;1.00966;-0.00426614;-0.00281126;1.00102;0.0244849;0.983717;1;3;1
100.531;1503.06;-1.0328;0.853033;0.00988603;0.00195025;0.00054398;0.00992314;0.00191314;1.00892;-0.0037166;-0.00258004;1.00261;0.0244534;0.987457;1;3;1
123.531;1503.06;-0.842146;0.891717;0.00839008;0.000957182;0.00096789;0.00851405;0.000833213;1.00976;-0.00116519;0.000879421;1.00392;0.0254104;0.979104;1;3;1
146.531;1503.06;-0.648548;0.943737;0.00927888;0.00109749;0.002397;0.00992943;0.000446942;1.00561;-0.0100467;-0.00727034;1.00354;0.027398;0.977731;1;4;1
169.531;1503.06;-0.41752;1.04111;0.0116964;-0.00153012;0.000449146;0.0117116;-0.00154535;1.01691;0.00500554;0.00259221;1.00119;0.0264623;0.982178;1;3;1
192.531;1503.06;-0.113684;1.01846;0.0123748;0.000214942;0.000681684;0.0124129;0.000176846;1.01087;-0.000485317;-0.00277073;1.00267;0.0244658;0.983204;1;3;1
215.531;1503.06;0.14824;1.061;0.00931459;0.00199017;0.00169585;0.00968819;0.00161658;1.00996;0.00153915;-0.00289796;1.00049;0.0221388;0.986554;1;3;1
238.531;1503.06;0.312629;1.148;0.00782367;0.000382697;0.000534666;0.00786189;0.000344475;1.00918;-3.79069e-05;-0.00369579;1.00043;0.0257666;0.98728;1;3;1
261.531;1503.06;0.506694;1.12036;0.00918464;-0.00135847;-9.0211e-05;0.00918541;-0.00135925;1.00388;-0.000223569;-0.000254063;0.998614;0.0256971;0.978519;1;3;1
284.531;1503.06;0.733093;1.2479;0.0106204;-0.000522376;0.0036946;0.0117341;-0.00163608;1.01541;-0.00581499;-0.00218122;0.99781;0.027538;0.986901;1;2;1
307.531;1503.06;0.992247;1.3172;0.00978595;-0.000811612;0.00061261;0.00982125;-0.000846907;1.00693;-0.00340584;-0.00295156;0.996958;0.0242222;0.988205;1;3;1
330.531;1503.06;1.18104;1.2941;0.0105682;0.00171765;-0.000205816;0.010573;0.00171287;1.00586;-0.0015518;-0.00240677;1.00008;0.021437;0.987687;1;3;1
353.531;1503.06;1.47583;1.35552;0.0123252;-0.000367771;0.00103766;0.0124095;-0.000452041;1.00914;0.00324075;-0.00420745;1.00071;0.0231645;0.988706;1;3;1
376.531;1503.06;1.74432;1.44252;0.0122561;-0.000486468;-2.30439e-05;0.0122562;-0.00048651;1.01739;-0.000250631;8.47974e-05;0.997922;0.0244042;0.987466;1;4;1
399.531;1503.06;2.03611;1.44668;0.00978549;0.00228858;0.000499506;0.00981862;0.00225545;1.00687;-0.00283501;-0.00869334;1.0021;0.0241081;0.984527;1;3;1
422.531;1503.06;2.19225;1.48114;0.00901022;0.000344466;0.0017756;0.00935993;-5.23976e-06;1.00227;-0.000898005;0.00417671;1.0012;0.0268394;0.985121;1;4;1
445.531;1503.06;2.4486;1.55466;0.0117957;0.000357935;0.000435607;0.0118123;0.000341369;1.01655;-0.000858155;-0.00232434;1.00142;0.0249987;0.984769;1;3;1
468.531;1503.06;2.73159;1.57843;0.0117445;0.000259146;0.000609578;0.0117768;0.000226884;1.00828;-0.0052084;-0.00199743;0.997603;0.0227959;0.985162;1;3;1
491.531;1503.06;2.98568;1.60893;0.0112642;-0.0015136;0.000640078;0.0112962;-0.00154558;1.01074;-0.00268658;-0.00394114;0.997736;0.0208461;0.988257;1;3;1
514.531;1503.06;3.24681;1.64675;0.0109287;-0.000923137;0.00251368;0.0114398;-0.00143423;1.00983;-0.00424619;-0.00221666;0.999445;0.0214518;0.988363;1;3;1
537.531;1503.06;3.48534;1.78629;0.0109334;0.000382856;0.000209441;0.0109376;0.0003787;1.01365;0.00156601;-0.00224426;0.994588;0.0279069;0.98007;1;4;1
560.531;1503.06;3.74692;1.74412;0.0110096;-0.000435087;-0.00104581;0.0111043;-0.000529868;1.00793;-0.000643136;-0.0031687;1.00245;0.0259749;0.980019;1;4;1
583.531;1503.06;3.98902;1.79286;0.0120606;-0.00103108;0.000166951;0.0120627;-0.00103321;1.0151;-0.000665564;0.000251835;1.00555;0.0254937;0.984994;1;4;1
606.531;1503.06;4.29839;1.7757;0.0112568;-0.000512335;0.000465487;0.0112752;-0.000530717;1.01406;0.00235474;-0.0014296;0.999024;0.0219606;0.989366;1;3;1
629.531;1503.06;4.50395;1.81983;0.00879721;0.003317;0.00208746;0.00950176;0.00261245;1.00353;0.000512035;-0.00279586;0.998803;0.0257146;0.980929;1;3;1
652.531;1503.06;4.70107;1.92048;0.0106397;0.00188615;0.00207691;0.0111074;0.00141837;1.00917;-0.00787816;-0.0036509;0.991838;0.0264428;0.982353;1;4;1
675.531;1503.06;4.99069;1.91882;0.0119922;0.000842485;-0.00062797;0.0120274;0.000807228;1.01478;-0.00390963;0.00331755;0.999446;0.02646;0.979337;1;4;1
698.531;1503.06;5.24944;1.94438;0.0108641;2.7588e-05;0.00155727;0.0110834;-0.000191762;1.00917;-0.00291885;-0.0066837;0.999666;0.0243799;0.984784;1;3;1
721.531;1503.06;5.48731;2.12229;0.0123371;0.00199423;0.00156805;0.0125696;0.00176173;1.01469;0.00214225;-0.00299149;1.00619;0.0212524;0.98948;1;3;1
744.531;1503.06;5.81319;2.11202;0.0134676;0.00243525;-0.000982554;0.0135544;0.00234842;1.01109;0.00296237;0.00326729;1.00468;0.0239758;0.987974;1;3;1
767.531;1503.06;6.1027;2.12711;0.0106798;0.00047065;-0.00036593;0.0106929;0.00045755;1.01106;0.00349186;-0.00407846;0.998852;0.0272359;0.97616;1;4;1
790.531;1503.06;6.30185;2.1456;0.0111821;0.000538013;0.000806642;0.0112429;0.00047723;1.0129;0.000614366;0.00107335;0.995601;0.0251608;0.981375;1;3;1
813.531;1503.06;6.61418;2.19886;0.0100614;0.000811264;0.00175679;0.0103839;0.000488854;1.00934;0.00256395;-0.00477174;0.99778;0.023652;0.98477;1;3;1
836.531;1503.06;6.76214;2.29193;0.01087;0.00123622;-9.49738e-05;0.010871;0.00123528;1.0112;-0.000870101;-0.0025416;1.00823;0.0258675;0.986989;1;4;1
859.531;1503.06;7.11151;2.21547;0.0136889;0.00134676;-0.000410491;0.0137025;0.00133313;1.01295;-0.00574598;0.00466809;1.00565;0.0260401;0.976791;1;4;1
882.531;1503.06;7.38756;2.24714;0.0105561;0.00239565;0.000246894;0.0105636;0.00238818;1.01393;-0.00604751;-0.006061;1.00593;0.0276818;0.976568;1;4;1
905.531;1503.06;7.59441;2.32954;0.00932137;0.000308365;0.00164366;0.00961176;1.79746e-05;1.00805;-0.00261789;-5.92294e-05;1.00213;0.0259853;0.981683;1;3;1
928.531;1503.06;7.81417;2.37818;0.0121172;0.000270922;0.00149158;0.0123021;8.60006e-05;1.00766;-0.00908666;0.00346119;0.999442;0.0297943;0.973951;1;4;1
951.531;1503.06;8.14846;2.33625;0.0122073;0.000212978;-0.000739171;0.0122527;0.000167597;1.01671;-0.00115329;-0.00306305;0.998767;0.0258877;0.976021;1;3;1
974.531;1503.06;8.37232;2.37676;0.00999046;0.00221084;0.00016611;0.00999401;0.00220729;1.01202;0.00284649;-0.00239533;1.00036;0.0255044;0.981059;1;3;1
997.531;1503.06;8.60563;2.44045;0.0121943;-0.00068298;-0.000171913;0.0121966;-0.000685275;1.01459;0.00314954;-0.00365753;1.00694;0.0238984;0.983424;1;3;1
1020.53;1503.06;8.9296;2.53709;0.0116717;0.000851954;0.000190899;0.0116751;0.000848586;1.01054;0.00243223;-0.00594302;1.00485;0.029105;0.965473;1;3;1
1043.53;1503.06;9.13923;2.58014;0.0102206;0.00125058;-0.00236421;0.0108055;0.000665591;1.00852;0.0134153;0.00183863;1.00308;0.0274911;0.974905;1;4;1
1066.53;1503.06;9.39737;2.54307;0.0132486;0.00288441;-0.00283688;0.0139743;0.00215871;1.01237;0.00358792;0.00357692;1.00589;0.0252426;0.973708;1;4;1
1089.53;1503.06;9.74464;2.51862;0.0143857;0.00306274;0.000548851;0.0144123;0.00303619;1.00901;0.00248647;-0.00341554;1.00374;0.0291435;0.97023;1;3;1
1112.53;1503.06;10.0544;2.58381;0.0136246;0.00157737;0.000366242;0.0136357;0.00156624;1.02088;0.00150348;-0.00366257;1.00364;0.0234371;0.984119;1;3;1
1135.53;1503.06;10.3669;2.66353;0.0112099;0.00156681;0.000538708;0.0112399;0.00153681;1.00849;-0.00485153;-0.0044858;1.0015;0.0250953;0.981662;1;3;1
1158.53;1503.06;10.567;2.72311;0.00993642;0.000268556;-0.00109048;0.0100579;0.000147081;1.01082;0.0053927;-0.00217968;0.998986;0.0232229;0.988086;1;3;1
1181.53;1503.06;10.8217;2.72832;0.011633;0.00164532;-0.0014339;0.0118348;0.00144353;1.01232;0.00263473;-0.00104474;0.998052;0.0306332;0.972597;1;3;1
1204.53;1503.06;11.099;2.77478;0.0120743;0.000356367;-0.000815167;0.0121308;0.000299931;1.01343;0.00385153;0.000310307;0.997116;0.027025;0.978512;1;3;1
1227.53;1503.06;11.3738;2.79837;0.0118152;0.000369429;-0.00170312;0.0120632;0.00012138;1.01363;0.0056687;-0.00159919;1.00359;0.0231993;0.984093;1;3;1
1250.53;1503.06;11.6393;2.80186;0.0140122;0.00235206;-0.000829019;0.0140709;0.00229342;1.01055;-0.000215752;0.00200643;1.00153;0.0223086;0.983532;1;3;1
1273.53;1503.06;12.0139;2.82968;0.0164177;-0.0027101;-0.00252548;0.0167456;-0.00303792;1.0232;0.0030402;-0.00436161;0.992354;0.0314712;0.977629;1;3;1
31.5305;1480.06;-1.78236;0.702041;0.0135641;-0.000476177;0.000864626;0.0136172;-0.000529221;1.00873;-0.00192039;-0.00381419;0.991952;0.023799;0.984249;1;3;1
54.5305;1480.06;-1.47261;0.78186;0.0111969;-0.000901155;0.000917893;0.0112662;-0.0009704;1.0104;-0.00151195;-0.00116768;0.993832;0.0290619;0.976404;1;3;1
77.5306;1480.06;-1.27029;0.812765;0.0101048;0.000789149;-0.000575855;0.0101402;0.000753687;1.01485;0.000596324;-0.000853231;0.99985;0.0246779;0.988849;1;3;1
100.531;1480.06;-1.01012;0.799792;0.00930571;-8.70979e-07;0.000624171;0.00934739;-4.25461e-05;1.0007;0.00126319;0.00267276;0.998556;0.0250185;0.985759;1;3;1
123.531;1480.06;-0.844241;0.877208;0.00741366;-0.000976454;0.000732644;0.00747715;-0.00103995;1.00587;0.00342983;-0.00198247;0.996224;0.0243343;0.987833;1;3;1
146.531;1480.06;-0.670459;0.902227;0.0109329;-0.000664811;0.00110814;0.0110378;-0.000769742;1.01004;0.00581492;-0.00457673;0.996423;0.0270084;0.982386;1;4;1
169.531;1480.06;-0.34421;1.00005;0.0117367;0.000851785;0.00121912;0.0118716;0.000716914;1.00535;-0.00117388;-0.00379999;1.00291;0.0284232;0.979649;1;3;1
192.531;1480.06;-0.133897;1.03689;0.00860734;0.000158999;-0.000922811;0.00870696;5.93756e-05;1.01292;0.00595566;-0.000982893;0.999999;0.0255107;0.980314;1;3;1
215.531;1480.06;0.0500209;1.04013;0.00987427;0.000383273;0.00100459;0.00997943;0.000278107;1.00647;-0.00500898;-0.00292813;1.0015;0.0254257;0.98849;1;3;1
238.531;1480.06;0.318074;1.08421;0.0117049;0.00137888;0.000565115;0.0117358;0.00134804;1.01068;-0.00093868;-0.000715006;1.00131;0.0236631;0.983265;1;3;1
261.531;1480.06;0.585253;1.12671;0.00916756;-0.0014146;0.00151937;0.00938139;-0.00162843;1.01266;0.000643991;-0.00340864;0.997107;0.0242626;0.981495;1;3;1
284.531;1480.06;0.737582;1.24686;0.00999652;0.00120443;0.00139268;0.0102118;0.000989103;1.00883;0.00357014;-0.00233079;1.0019;0.0243661;0.983301;1;3;1
307.531;1480.06;1.04256;1.2827;0.0123415;0.00225792;5.85885e-05;0.0123419;0.00225758;1.00692;0.00187912;-0.00398837;1.00404;0.0238037;0.987815;1;3;1
330.531;1480.06;1.30183;1.26125;0.0107172;0.00058148;-1.75024e-05;0.0107172;0.00058145;1.00701;0.0059511;0.00277299;1.00213;0.0235169;0.986729;1;4;1
353.531;1480.06;1.53286;1.36653;0.0111521;0.000378788;0.00153786;0.0113674;0.000163563;1.01558;0.00309889;-0.00880126;0.999552;0.0243706;0.987686;1;4;1
376.531;1480.06;1.81166;1.43726;0.00940824;0.00262534;-0.000984828;0.00954834;0.00248524;1.00569;0.00290789;0.00547469;1.00852;0.0272587;0.984752;1;4;1
399.531;1480.06;1.96361;1.38915;0.00879041;0.000649541;0.00123382;0.0089733;0.000466654;1.00676;-0.0024985;-0.00304531;1.0041;0.0239363;0.987486;1;4;1
422.531;1480.06;2.21424;1.47956;0.0110843;0.00114865;-0.000312842;0.0110941;0.00113881;1.01662;0.00553362;-0.00137847;0.99936;0.0244519;0.986175;1;4;1
445.531;1480.06;2.47046;1.53767;0.010959;0.00148217;0.00058646;0.0109951;0.00144602;1.01066;0.00517372;-0.00630949;0.999336;0.0220921;0.988917;1;3;1
468.531;1480.06;2.71544;1.61036;0.0110471;0.00152877;0.00156714;0.0112985;0.00127739;1.00555;0.00671921;0.00294153;1.00076;0.0224966;0.988572;1;3;1
491.531;1480.06;2.97554;1.7065;0.010823;-0.000170969;0.000121673;0.0108243;-0.000172315;1.01263;0.00714892;-0.00961776;0.997718;0.0293851;0.979982;1;3;1
514.531;1480.06;3.21061;1.65428;0.0127387;0.000382738;0.00015119;0.0127405;0.000380889;1.00861;0.000732588;0.00339675;1.00066;0.0246481;0.984967;1;3;1
537.531;1480.06;3.55783;1.72219;0.011827;0.00256394;0.000981588;0.0119299;0.00246107;1.01507;0.00142139;-0.00751019;1.00758;0.0274317;0.981465;1;4;1
560.531;1480.06;3.75135;1.76022;0.0093071;0.000233229;0.000812386;0.00937926;0.000161069;1.01455;0.000256739;0.00274903;0.99682;0.025662;0.984544;1;3;1
583.531;1480.06;3.98393;1.79386;0.00999836;0.00147306;0.000981567;0.0101099;0.00136151;1.00973;0.00618839;-0.0038862;1.00383;0.0295608;0.98251;1;4;1
606.531;1480.06;4.20893;1.8408;0.00999543;0.001234;0.00016833;0.00999866;0.00123076;1.00444;-0.0116827;-0.00224736;0.991718;0.0291906;0.975757;1;4;1
629.531;1480.06;4.44142;1.74556;0.00941906;-0.00133077;0.000716811;0.00946664;-0.00137836;1.00609;-0.00193315;-0.00727172;1.00107;0.0299677;0.97205;1;4;1
652.531;1480.06;4.64017;1.87816;0.0131021;0.00197214;0.00127434;0.0132461;0.00182809;1.01653;-0.000795244;0.00313293;1.00989;0.0313998;0.974295;1;4;1
675.531;1480.06;5.04001;1.88447;0.0143668;0.00210074;0.000618765;0.014398;0.0020696;1.00722;0.0050396;-0.00121167;1.00679;0.0241381;0.984983;1;3;1
698.531;1480.06;5.29626;1.97929;0.0105158;0.000166849;0.000915813;0.0105962;8.64298e-05;1.01243;0.00175827;-0.00403309;0.998232;0.0279582;0.981498;1;3;1
721.531;1480.06;5.521;2.02786;0.0117272;0.00461069;-0.000580677;0.0117742;0.00456362;1.01658;0.0011691;0.0019983;1.00182;0.02169;0.989001;1;3;1
744.531;1480.06;5.83257;1.99984;0.0118919;0.00324953;0.000789467;0.0119634;0.003178;1.01158;0.00162543;-0.00277306;0.999383;0.0258303;0.979457;1;3;1
767.531;1480.06;6.06474;2.10782;0.0101957;0.00137111;0.00131649;0.010388;0.0011789;1.00665;-0.00133188;-0.000880343;0.997796;0.0211934;0.987965;1;3;1
790.531;1480.06;6.29907;2.11457;0.010865;-0.000409923;-0.000476815;0.0108851;-0.000430051;1.01644;-0.00211567;0.00120482;1.00268;0.0223847;0.986069;1;3;1
813.531;1480.06;6.56184;2.12097;0.0110757;0.000732505;0.000665311;0.0111184;0.000689886;1.00592;-0.00294653;-0.00134367;1.00301;0.0230507;0.981124;1;3;1
836.531;1480.06;6.80567;2.20616;0.0108367;0.00274504;-0.000711053;0.0108987;0.00268304;1.01161;0.00401202;-0.00725808;1.00151;0.0253592;0.974643;1;3;1
859.531;1480.06;7.05761;2.18532;0.012091;0.00175211;-0.00044348;0.01211;0.00173313;1.00869;0.00747617;-0.00367005;0.994519;0.0234373;0.984455;1;4;1
882.531;1480.06;7.35853;2.22524;0.0107918;0.00146574;0.000764352;0.010854;0.00140351;1.01193;0.00283891;0.00257627;0.996505;0.0276188;0.972244;1;3;1
905.531;1480.06;7.55128;2.28259;0.0090545;0.00103681;9.41618e-05;0.0090556;0.00103571;1.00844;0.00318744;0.00289693;0.99837;0.0264175;0.978918;1;4;1
928.531;1480.06;7.77315;2.27195;0.0132721;0.00142599;-0.000173356;0.0132746;0.00142345;1.01673;0.00387965;0.000409836;0.99956;0.0276782;0.980115;1;4;1
951.531;1480.06;8.15777;2.33375;0.01401;0.000457049;-0.000113962;0.014011;0.000456091;1.01168;0.00637833;-0.0036882;1.00001;0.0218382;0.983956;1;3;1
974.531;1480.06;8.41313;2.32391;0.0119372;0.0003268;0.00064211;0.0119726;0.000291396;1.01195;0.00270382;0.000393876;0.99688;0.0223875;0.982654;1;3;1
997.531;1480.06;8.7034;2.48466;0.0127469;0.000359972;0.000667092;0.0127827;0.00032415;1.011;-0.000400754;-0.00627441;0.991775;0.0258615;0.98128;1;4;1
1020.53;1480.06;8.99543;2.5098;0.0133922;0.00148074;-0.00151273;0.0135813;0.00129163;1.0127;0.00371444;-0.00191639;0.99671;0.0227311;0.983448;1;3;1
1043.53;1480.06;9.31536;2.51887;0.0118695;0.00358001;-0.00181565;0.0122497;0.00319977;1.01237;0.00759439;0.00131356;1.00052;0.0309102;0.969952;1;3;1
1066.53;1480.06;9.53821;2.53738;0.00730297;0.000406104;-0.00356414;0.00881385;-0.00110477;1.00721;0.00854049;0.00165935;1.00013;0.0287123;0.978005;1;3;1
1089.53;1480.06;9.65006;2.48903;0.0107197;0.000441889;-0.000839645;0.0107878;0.000373746;1.01076;0.000813205;-0.00299298;1.00352;0.0253717;0.978454;1;3;1
1112.53;1480.06;10.0287;2.55354;0.0142691;0.000727478;0.000764582;0.0143122;0.000684445;1.0151;0.0072123;-0.00468631;1.00154;0.0256489;0.98238;1;3;1
1135.53;1480.06;10.3016;2.63864;0.0129157;0.000682411;0.00202189;0.0132412;0.000356898;1.00996;0.00557407;-0.00178669;1.00448;0.0267226;0.980933;1;3;1
1158.53;1480.06;10.6188;2.69913;0.0123584;0.00334257;0.000310521;0.0123691;0.00333189;1.0117;0.000752813;-0.000845751;1.00747;0.0251604;0.982388;1;4;1
1181.53;1480.06;10.8666;2.70815;0.011304;0.000803652;-0.000357544;0.0113162;0.000791491;1.01455;0.00319094;0.00161945;1.00306;0.0305322;0.981215;1;3;1
1204.53;1480.06;11.1358;2.76621;0.0138512;0.00206905;-0.000617739;0.0138835;0.00203675;1.01401;0.00375187;-0.0035422;1.00576;0.0253817;0.984472;1;4;1
1227.53;1480.06;11.4993;2.79097;0.0117136;0.00189746;-0.000319917;0.011724;0.00188704;1.01531;0.00071487;-0.00474323;0.998531;0.0248374;0.982067;1;4;1
1250.53;1480.06;11.6715;2.81396;0.0134847;-0.000577562;0.000529352;0.0135046;-0.00059746;1.01225;0.00434301;-0.00149122;0.994196;0.025881;0.979433;1;4;1
1273.53;1480.06;12.1152;2.92816;0.0194911;-0.000722524;0.00227177;0.0197433;-0.000974698;1.033;0.00458052;-0.00445152;1.00023;0.0389183;0.970225;1;3;1
31.5305;1457.06;-1.68007;0.688338;0.0106304;0.000101014;0.00269481;0.01128;-0.000548598;1.00812;0.00336316;0.000775352;1.00405;0.0297419;0.980073;1;4;1
54.5305;1457.06;-1.437;0.76824;0.00995707;0.000819565;0.00157644;0.0102214;0.000555239;1.01239;-0.000879748;-0.000713878;1.00268;0.0290398;0.981148;1;4;1
77.5306;1457.06;-1.2244;0.783777;0.0089798;0.000358886;0.000670787;0.00903168;0.000307004;1.01226;0.0028539;-0.00476288;1.00149;0.0239349;0.988498;1;3;1
100.531;1457.06;-1.02584;0.853073;0.00911035;-0.000451194;0.0019963;0.00951041;-0.000851251;1.00377;0.000288222;0.00175654;1.00293;0.0246002;0.98865;1;3;1
123.531;1457.06;-0.807471;0.936669;0.00869041;-0.000344115;0.00122487;0.00885353;-0.000507234;1.01115;-0.0016846;-0.00443375;1.0007;0.0229338;0.987068;1;3;1
146.531;1457.06;-0.627964;0.974333;0.00900432;-0.000387268;0.000485199;0.00902932;-0.000412269;1.00751;0.00267009;0.000613291;0.999353;0.0256911;0.989296;1;3;1
169.531;1457.06;-0.395166;1.00195;0.0139706;0.00031392;0.000796669;0.014017;0.000267604;1.01159;0.00393542;-0.00135236;0.998172;0.0265968;0.980456;1;3;1
192.531;1457.06;0.0102429;1.01132;0.010902;0.00027885;0.000192345;0.0109055;0.000275368;1.01793;-0.00149517;-0.00654189;0.998992;0.026885;0.980531;1;4;1
215.531;1457.06;0.103603;1.0434;0.0073475;-0.00121394;-3.91115e-05;0.00734768;-0.00121412;1.00439;0.00661518;-0.000843377;0.996363;0.030436;0.978952;1;3;1
238.531;1457.06;0.346937;1.08463;0.00929798;-0.000268763;0.00154674;0.00954184;-0.000512623;1.01072;0.00218464;-0.00435497;1.0003;0.0250748;0.982375;1;3;1
261.531;1457.06;0.529122;1.18549;0.0090418;-0.00156767;0.00167813;0.0093009;-0.00182677;1.01282;6.856e-06;-0.000493249;0.996912;0.027286;0.978061;1;3;1
284.531;1457.06;0.760871;1.19253;0.0103148;0.00151089;-0.000454152;0.0103382;0.00148753;1.01027;0.00185719;0.00138654;1.00208;0.0244234;0.987961;1;3;1
307.531;1457.06;1.00117;1.21345;0.0110345;0.00149262;0.000753058;0.0110936;0.00143356;1.01075;-0.000458134;-0.00195558;1.00317;0.0251602;0.987624;1;3;1
330.531;1457.06;1.26563;1.26744;0.0111271;-0.00102845;0.00199245;0.0114454;-0.0013467;1.01623;0.00202237;-0.00424012;1.00048;0.0247196;0.987324;1;3;1
353.531;1457.06;1.51004;1.33812;0.0129291;-0.000169298;0.000669661;0.0129633;-0.000203446;1.00693;-0.000640349;-0.00153076;0.996217;0.0238069;0.990146;1;3;1
376.531;1457.06;1.85654;1.32205;0.00995264;0.00268742;0.00120116;0.0101461;0.00249398;1.00997;0.00347486;0.00393152;0.999137;0.0303123;0.98496;1;4;1
399.531;1457.06;1.96554;1.41687;0.0111785;0.000655897;-0.000286712;0.0111864;0.000648091;1.01435;-0.00264904;-0.0074726;0.99367;0.0234425;0.986988;1;3;1
422.531;1457.06;2.36779;1.42866;0.0122332;0.00185186;-0.00118065;0.0123658;0.00171928;1.01159;-0.0009654;-0.00254566;1.00465;0.0192948;0.989524;1;3;1
445.531;1457.06;2.52481;1.4866;0.00848141;0.00221468;0.00064703;0.00854752;0.00214857;1.00981;-0.00278996;-0.00274017;1.00565;0.0225307;0.988634;1;3;1
468.531;1457.06;2.75623;1.50817;0.010784;0.00246424;0.000364689;0.0108;0.00244829;1.00847;0.00277102;-0.000349009;1.00496;0.0209376;0.98927;1;3;1
491.531;1457.06;3.01805;1.61681;0.0107638;0.00331127;0.000554188;0.0108048;0.00327029;1.01287;0.00287619;-0.00167019;1.00827;0.0240358;0.987092;1;4;1
514.531;1457.06;3.24857;1.62915;0.0105561;0.00128849;-0.00012837;0.0105579;0.00128671;1.00976;0.00449212;-0.000409752;1.00117;0.0217852;0.988636;1;3;1
537.531;1457.06;3.50106;1.6685;0.0108288;0.00152744;0.00175607;0.0111492;0.00120694;1.0125;-0.00334514;-0.00552922;1.00004;0.0211208;0.985126;1;3;1
560.531;1457.06;3.74391;1.73339;0.0104558;0.000829297;0.000505289;0.0104823;0.000802848;1.00788;0.00277768;0.00181943;0.999384;0.0246346;0.979535;1;4;1
583.531;1457.06;3.97951;1.72515;0.0107368;0.00227865;-0.00185324;0.011125;0.00189042;1.02149;0.00894198;-0.00173226;1.00282;0.0278555;0.98541;1;4;1
606.531;1457.06;4.23517;1.71902;0.010848;0.0021665;0.000367696;0.0108636;0.00215095;0.998171;0.00804287;-0.00349833;1.005;0.0264871;0.980776;1;3;1
629.531;1457.06;4.47558;1.88109;0.0106583;-0.00162011;-0.000362895;0.010669;-0.00163083;1.01509;0.00336165;-0.00804588;0.997635;0.0285664;0.974161;1;4;1
652.531;1457.06;4.72274;1.82986;0.0122248;-0.000133364;-0.00195935;0.012528;-0.000436573;1.00714;0.0100577;0.00661906;0.992873;0.027007;0.977018;1;4;1
675.531;1457.06;5.03449;1.82231;0.0128064;0.00042831;0.000692511;0.012845;0.000389686;1.00883;-0.00310285;-0.00426881;0.999946;0.028108;0.982825;1;4;1
698.531;1457.06;5.30798;1.93674;0.0115026;0.000447083;-0.000207833;0.0115065;0.000443178;1.01579;0.00598132;0.00178234;1.00307;0.022915;0.985585;1;3;1
721.531;1457.06;5.56051;1.91074;0.011208;0.00195551;-0.000606843;0.0112476;0.00191588;1.01215;0.00529935;-0.00675382;1.00521;0.0230625;0.9864;1;3;1
744.531;1457.06;5.82069;1.96278;0.011726;-0.000221428;0.00137309;0.0118818;-0.000377202;1.0119;0.00331309;0.0020398;1.00127;0.0227301;0.984388;1;3;1
767.531;1457.06;6.09653;2.06409;0.0117642;0.00215061;0.00132534;0.0119436;0.00197124;1.0078;0.00384997;-0.00964036;1.00327;0.0244539;0.984822;1;4;1
790.531;1457.06;6.35826;2.1645;0.0119814;0.00148804;-0.000306011;0.0119903;0.00147912;1.01663;0.00494801;0.000212846;0.999924;0.0237022;0.986661;1;4;1
813.531;1457.06;6.6443;2.16519;0.0116416;0.00111861;-0.00145753;0.0118397;0.000920458;1.01155;0.00372073;0.00181712;1.00236;0.0257644;0.980939;1;3;1
836.531;1457.06;6.89069;2.16601;0.0115092;0.00269559;-0.00208869;0.0119792;0.00222566;1.00585;0.00392436;0.000600775;1.00039;0.0229756;0.988653;1;3;1
859.531;1457.06;7.1707;2.13498;0.011449;0.000547894;-0.00159489;0.0116775;0.000319344;1.01244;-0.00409012;0.0010063;1.00314;0.0242427;0.978315;1;4;1
882.531;1457.06;7.41436;2.17978;0.0100871;-0.00031345;0.00107416;0.0101969;-0.00042323;1.01845;-0.000522546;-0.00565561;1.00534;0.0215932;0.981451;1;3;1
905.531;1457.06;7.63216;2.28189;0.0101885;0.00161254;9.25629e-05;0.0101895;0.00161154;1.0085;0.00162468;-0.00317788;1.00555;0.029662;0.975169;1;3;1
928.531;1457.06;7.88048;2.31268;0.0126427;0.000555951;-0.00164336;0.0128621;0.000336498;1.01278;0.00496818;0.00110705;1.00674;0.0310248;0.960978;1;3;1
951.531;1457.06;8.21008;2.31527;0.0127472;0.000482839;-0.000623736;0.0127788;0.000451199;1.01366;0.00252734;-0.00485811;1.00564;0.0229743;0.980019;1;3;1
974.531;1457.06;8.46313;2.36182;0.0113398;0.000692234;-0.000228874;0.0113447;0.000687316;1.01147;0.0046566;-0.00295574;1.00231;0.0261638;0.9775;1;3;1
997.531;1457.06;8.72866;2.42406;0.0139604;0.00387923;0.000823807;0.0140272;0.00381236;1.01268;0.00505397;0.000539164;1.00653;0.0247481;0.978703;1;3;1
1020.53;1457.06;9.10076;2.46934;0.0131948;0.00314497;-0.000806137;0.013259;0.00308072;1.01267;0.00546844;0.00177933;1.00864;0.0271669;0.978309;1;4;1
1043.53;1457.06;9.33167;2.41616;0.0129642;0.00242222;0.000635751;0.0130024;0.00238402;1.00918;0.00285931;-0.00387447;1.00716;0.0291093;0.971437;1;3;1
1066.53;1457.06;9.69327;2.52534;0.0110488;0.00177037;-0.000146123;0.0110511;0.00176807;1.00991;0.00344394;0.00110645;0.995658;0.0268319;0.977443;1;3;1
1089.53;1457.06;9.83706;2.49839;0.00959811;0.000718582;-0.00216098;0.0100961;0.000220598;1.01081;0.0059357;0.00209371;1.00117;0.0261518;0.973737;1;4;1
1112.53;1457.06;10.1327;2.55042;0.0107145;0.000112296;6.89339e-05;0.010715;0.000111848;1.0164;0.00407012;-0.0025691;1.00109;0.0248467;0.982134;1;3;1
1135.53;1457.06;10.3271;2.63216;0.0103793;0.000938997;-0.000718862;0.0104338;0.000884571;1.0098;-0.00685777;-0.00559543;1.00296;0.0295038;0.981387;1;3;1
1158.53;1457.06;10.6077;2.56963;0.0129863;0.0032161;-0.000146323;0.0129885;0.00321391;1.00735;0.0016214;0.000729908;1.00141;0.0255549;0.97885;1;3;1
1181.53;1457.06;10.9206;2.69147;0.0137759;0.000322303;-0.000165878;0.013778;0.000320258;1.02349;0.00638941;-0.00285662;0.997411;0.0273193;0.978712;1;3;1
1204.53;1457.06;11.2369;2.67991;0.0115777;0.00194033;-0.00137579;0.0117702;0.00174778;1.00835;0.00609959;0.00186803;0.999968;0.0223086;0.984738;1;3;1
1227.53;1457.06;11.4501;2.71123;0.0107063;0.00215038;0.00187218;0.011098;0.00175865;1.01005;-0.000822626;-0.00322731;1.00497;0.0233593;0.985099;1;3;1
1250.53;1457.06;11.7266;2.82852;0.0127506;0.0011654;0.000512633;0.0127732;0.00114276;1.01686;-0.000712498;0.00441509;1.0016;0.0244406;0.981346;1;3;1
1273.53;1457.06;12.0327;2.86293;0.0134013;0.00307535;0.00131665;0.0135666;0.00291011;1.0131;-0.0125268;-0.0112784;1.00175;0.0312229;0.973716;1;3;1
31.5305;1434.06;-1.86954;0.697477;0.0152427;7.25471e-05;0.00224755;0.0155687;-0.000253435;1.01484;0.000315332;-0.00700569;0.998657;0.0257327;0.980887;1;4;1
54.5305;1434.06;-1.52164;0.744202;0.01362;0.000985585;0.00136783;0.0137664;0.000839196;1.01307;-0.00351927;0.00272672;0.999655;0.0253785;0.986202;1;3;1
77.5306;1434.06;-1.24734;0.796265;0.0105117;0.000280054;0.00102643;0.0106137;0.000178101;1.00689;-0.00132633;-0.00598663;0.998262;0.0208661;0.990446;1;3;1
100.531;1434.06;-1.04068;0.820562;0.00898907;0.000906954;0.000779385;0.00906355;0.000832482;1.00889;-0.000857821;0.00319204;0.994624;0.0218363;0.988194;1;3;1
123.531;1434.06;-0.835785;0.89304;0.00853091;0.00192625;0.00126792;0.00876595;0.00169121;1.00469;0.00111282;-0.00425842;1.00243;0.0252868;0.981074;1;3;1
146.531;1434.06;-0.650024;0.920049;0.00995926;0.00140421;0.000396965;0.00997764;0.00138583;1.01607;-0.00226337;0.000489238;0.999653;0.0260219;0.987817;1;3;1
169.531;1434.06;-0.38001;0.985621;0.0118026;0.00202153;0.000704335;0.011853;0.00197107;1.00766;-0.00362507;-0.00245741;1.00202;0.0229938;0.985689;1;4;1
192.531;1434.06;-0.110388;1.02407;0.0110697;-0.000362084;0.00269595;0.0116736;-0.000965966;1.01969;-0.00761479;-0.00814943;1.00054;0.0229672;0.988489;1;3;1
215.531;1434.06;0.12628;1.09607;0.00935362;-0.00041692;0.000432085;0.00937269;-0.000435991;1.00096;-0.00253335;0.00206157;0.997314;0.0215547;0.988186;1;3;1
238.531;1434.06;0.317828;1.09658;0.00901534;-0.000814381;0.000929079;0.00910239;-0.000901425;1.00853;-0.00523851;-0.00369479;0.996388;0.0238329;0.984987;1;3;1
261.531;1434.06;0.539019;1.1989;0.0106848;0.00141647;-0.000487574;0.0107104;0.00139089;1.00991;-0.00125299;-0.00421695;0.999911;0.0219366;0.9916;1;3;1
284.531;1434.06;0.806662;1.17746;0.0111311;3.68114e-05;-0.000211996;0.0111352;3.27619e-05;1.00896;0.00128334;0.000550045;0.999303;0.0213986;0.989827;1;3;1
307.531;1434.06;1.04823;1.21409;0.00955003;-0.000523167;0.0011637;0.00968272;-0.000655855;1.00989;0.000431723;-0.000543475;0.997617;0.0214103;0.989166;1;4;1
330.531;1434.06;1.2437;1.30862;0.0104449;-0.00134845;0.000930547;0.0105179;-0.00142143;1.01067;0.00294737;-0.00595296;0.997718;0.0231738;0.984979;1;3;1
353.531;1434.06;1.52594;1.37432;0.0117361;5.26758e-05;8.84903e-05;0.0117368;5.20056e-05;1.00927;0.00440893;-0.00124646;1.00141;0.0226033;0.986398;1;3;1
376.531;1434.06;1.78043;1.31382;0.0124522;0.000378204;0.00125232;0.0125808;0.000249683;1.01351;-0.00347649;0.000987107;1.00053;0.0286793;0.982745;1;3;1
399.531;1434.06;2.09521;1.35917;0.0133535;0.000738433;0.000288793;0.0133601;0.000731825;1.01498;0.0065392;-0.00252927;1.00142;0.0224349;0.989012;1;3;1
422.531;1434.06;2.39058;1.39479;0.00863032;4.21377e-05;0.00152263;0.00889228;-0.000219823;1.00338;-0.00261155;-0.00377085;0.997539;0.0216165;0.990324;1;3;1
445.531;1434.06;2.49045;1.43591;0.00919253;0.000332491;0.000479758;0.00921844;0.000306588;1.01119;0.00493308;-0.00279956;0.99966;0.0231723;0.983293;1;4;1
468.531;1434.06;2.81139;1.49725;0.0121356;0.000519244;0.000620709;0.0121687;0.000486171;1.0108;0.000400575;-0.00425285;0.995012;0.0200707;0.989307;1;3;1
491.531;1434.06;3.04519;1.55448;0.0100988;-5.51297e-05;0.000354553;0.0101112;-6.74949e-05;1.01201;-0.00261246;-0.000172204;0.994803;0.0226421;0.987838;1;4;1
514.531;1434.06;3.27351;1.59509;0.00996651;2.19595e-05;0.000502157;0.0099918;-3.33294e-06;1.00719;-0.000567181;0.00245085;0.998183;0.0218397;0.986532;1;3;1
537.531;1434.06;3.50128;1.65201;0.0106675;0.00211414;0.000572962;0.0107057;0.00207593;1.01407;0.000666256;-0.00544446;1.00244;0.0222684;0.984312;1;3;1
560.531;1434.06;3.76146;1.72209;0.0139461;0.000948408;-0.000652202;0.0139787;0.000915764;1.01391;-0.00146542;-0.000348662;0.996832;0.0204675;0.989987;1;3;1
583.531;1434.06;4.13838;1.68942;0.0124379;0.00105584;-0.00155818;0.0126474;0.000846388;1.01281;-0.00102289;0.000364214;0.997557;0.0245936;0.981978;1;3;1
606.531;1434.06;4.33008;1.7414;0.0097374;-0.000339589;0.000243853;0.0097433;-0.000345486;1.00841;-0.00335891;-0.00539122;0.996164;0.0254664;0.984423;1;3;1
629.531;1434.06;4.58395;1.82037;0.00939894;0.00271986;-0.000476841;0.00943281;0.00268599;1.01394;0.00476818;-0.000472056;1.00387;0.0280443;0.976903;1;4;1
652.531;1434.06;4.7602;1.88445;0.0109013;-0.000563696;-0.00137073;0.0110629;-0.0007253;1.00484;-0.00125884;0.000625627;1.00193;0.0289065;0.97553;1;4;1
675.531;1434.06;5.08269;1.86479;0.0140646;-0.00120864;-0.000572274;0.0140861;-0.00123005;1.01654;0.000407925;-0.00234476;0.994834;0.025704;0.984371;1;4;1
698.531;1434.06;5.40263;1.95886;0.0113548;0.00151156;-0.000105667;0.0113559;0.00151043;1.00775;-0.000222538;0.00146716;1.00475;0.0259528;0.981381;1;4;1
721.531;1434.06;5.60202;1.93806;0.00997654;-0.00110526;-0.000776364;0.0100307;-0.00115939;1.0113;-0.00271447;-0.00669366;0.996413;0.0238142;0.982822;1;4;1
744.531;1434.06;5.85925;2.01003;0.0118535;6.46727e-05;5.73e-05;0.0118538;6.43942e-05;1.00794;-7.7291e-05;0.00406614;0.9998;0.0215039;0.988719;1;3;1
767.531;1434.06;6.14403;2.00906;0.0124177;0.00197439;-0.000230576;0.0124228;0.0019693;1.01871;-0.00110409;-0.00154038;1.00437;0.0210428;0.987578;1;3;1
790.531;1434.06;6.42695;2.04635;0.0120699;0.00327638;-0.000940578;0.0121694;0.0031769;1.00811;0.00352677;-0.00168258;1.0064;0.0213235;0.990256;1;4;1
813.531;1434.06;6.6959;2.06974;0.0117812;0.00202939;-0.00049404;0.0118062;0.00200443;1.01669;0.00829648;-0.000567038;1.00876;0.0257168;0.983289;1;4;1
836.531;1434.06;6.96572;2.08261;0.0113793;0.00286851;-0.000460851;0.0114042;0.00284363;1.01106;0.00221237;0.00179651;1.00358;0.0287647;0.987644;1;3;1
859.531;1434.06;7.21631;2.1604;0.00962504;0.00103591;0.00168218;0.00994275;0.000718207;1.00325;0.00461962;-0.00126505;0.995164;0.0246079;0.986436;1;4;1
882.531;1434.06;7.40609;2.23969;0.0100136;0.000901086;0.000587206;0.0100513;0.000863403;1.01205;0.00454511;-0.00372532;0.993269;0.0228899;0.982857;1;3;1
905.531;1434.06;7.67463;2.20864;0.0120138;0.00174082;-0.0016651;0.0122769;0.00147767;1.01175;0.0124241;-0.00550145;1.00228;0.0257512;0.982659;1;4;1
928.531;1434.06;7.95545;2.24674;0.0128747;0.00290315;-0.00120891;0.0130192;0.00275868;1.0122;0.00349696;0.00223335;0.995869;0.0245855;0.979002;1;3;1
951.531;1434.06;8.26299;2.31166;0.0128242;0.00237972;-0.0010357;0.0129259;0.002278;1.00967;0.00473248;-0.00251729;0.996483;0.0250873;0.986514;1;3;1
974.531;1434.06;8.5416;2.29226;0.0103162;0.00272327;-0.000741914;0.010388;0.00265146;1.01266;-0.00425631;0.00187176;1.00194;0.0263409;0.976084;1;4;1
997.531;1434.06;8.73511;2.30657;0.011352;0.00425503;-0.000212834;0.0113584;0.00424866;1.01496;-0.00381689;-0.0041891;1.00268;0.0272852;0.974366;1;3;1
1020.53;1434.06;9.06081;2.36541;0.0126448;0.00391738;0.000627411;0.0126897;0.00387251;1.00458;0.00728302;-4.52781e-05;1.00231;0.028299;0.968299;1;4;1
1043.53;1434.06;9.31303;2.40758;0.012518;0.000343797;-0.00013864;0.0125196;0.000342219;1.01524;0.00183363;-0.0039485;0.996576;0.0240348;0.978268;1;4;1
1066.53;1434.06;9.63299;2.45611;0.0122228;0.00280148;0.00097478;0.0123226;0.00270168;1.01365;-0.00138963;-0.00323587;1.00736;0.0251421;0.98138;1;3;1
1089.53;1434.06;9.87186;2.45652;0.0114102;0.00144048;0.00116565;0.0115447;0.001306;1.00532;0.00334302;0.00242279;0.996465;0.0255074;0.980657;1;4;1
1112.53;1434.06;10.1548;2.54854;0.0112457;0.00123574;0.00129263;0.0114099;0.00107151;1.01685;-0.00256495;-0.0043523;0.997749;0.0227749;0.986625;1;3;1
1135.53;1434.06;10.3861;2.59555;0.0117208;0.00293805;-0.00141506;0.0119431;0.00271569;1.00901;0.00393591;-0.00169222;1.00138;0.0247483;0.980838;1;3;1
1158.53;1434.06;10.6908;2.55149;0.0132267;0.00175203;-0.000593428;0.0132574;0.00172142;1.01419;0.00245769;-0.00107567;1.00493;0.0230869;0.981001;1;3;1
1181.53;1434.06;10.9904;2.6935;0.0129056;0.00185345;0.000272808;0.0129123;0.00184672;1.01435;-0.00331299;0.00358291;1.00671;0.0265383;0.98207;1;4;1
1204.53;1434.06;11.2805;2.67727;0.0106163;0.000329995;-3.34124e-05;0.0106164;0.000329887;1.00497;-0.0116111;0.00179662;1.00597;0.0257133;0.984576;1;3;1
1227.53;1434.06;11.4762;2.69216;0.0108067;0.00116656;0.000138955;0.0108087;0.00116455;1.01643;0.000433945;-0.00468482;1.00171;0.0237801;0.982909;1;3;1
1250.53;1434.06;11.7749;2.7605;0.012858;0.00336869;-6.37126e-05;0.0128584;0.00336826;1.01369;0.00411967;0.00497496;1.00636;0.0294768;0.984077;1;4;1
1273.53;1434.06;12.0638;2.78694;0.0126411;0.00385233;0.000541156;0.0126743;0.00381914;1.00442;0.0138752;-0.00843299;1.00464;0.0286553;0.980034;1;3;1
31.5305;1411.06;-1.7917;0.685137;0.0143687;0.00193348;4.75783e-05;0.0143689;0.0019333;1.00783;0.00317559;-0.00541933;1.00239;0.0269798;0.982954;1;3;1
54.5305;1411.06;-1.46359;0.722933;0.0120174;0.000331332;0.000566374;0.0120447;0.000303947;1.01841;0.000450292;0.00426244;1.00485;0.0249767;0.986605;1;4;1
77.5306;1411.06;-1.24227;0.7709;0.0101109;-0.000895917;0.000924851;0.010188;-0.000973088;1.01458;-2.86034e-05;-0.00586549;1.00183;0.0211123;0.989936;1;3;1
100.531;1411.06;-1.00091;0.811379;0.00912896;-0.00017444;0.000614504;0.00916937;-0.000214854;1.00989;0.000246536;-0.00022311;1.00643;0.0238824;0.989566;1;3;1
123.531;1411.06;-0.824298;0.848149;0.00936265;0.000843658;0.000503354;0.00939229;0.00081402;1.00277;-2.75069e-05;-0.00556612;1.00182;0.02356;0.987196;1;3;1
146.531;1411.06;-0.572325;0.909818;0.0102288;0.000536669;-0.0001181;0.0102302;0.00053523;1.01291;0.00726556;0.00522436;0.999288;0.0236736;0.986158;1;3;1
169.531;1411.06;-0.356195;0.90907;0.00975574;0.000548846;0.000566925;0.00979052;0.000514069;1.01065;0.0075591;-0.00847485;1.0049;0.0223255;0.986842;1;3;1
192.531;1411.06;-0.12588;1.02818;0.0107634;-0.000193941;0.00152477;0.0109716;-0.000402163;1.01338;0.00603548;-0.000117227;0.997974;0.024252;0.985842;1;3;1
215.531;1411.06;0.136031;1.06259;0.0107096;1.18768e-05;0.000748881;0.0107618;-4.02932e-05;1.01038;0.0028992;-0.000376736;0.99961;0.0208356;0.990869;1;3;1
238.531;1411.06;0.364057;1.12211;0.0113168;0.000599329;0.00052454;0.0113424;0.000573718;1.01548;0.00209745;0.000457882;1.00217;0.0264135;0.983819;1;3;1
261.531;1411.06;0.653654;1.12054;0.00941742;0.00125202;1.45066e-05;0.00941745;0.00125199;1.00139;0.000478299;-0.00597594;1.00462;0.0304176;0.978388;1;4;1
284.531;1411.06;0.795186;1.19085;0.00810809;0.00107285;0.00106719;0.00826642;0.000914526;1.00371;-0.000936525;0.00186334;1.00028;0.0258019;0.985328;1;3;1
307.531;1411.06;1.02498;1.23753;0.0119023;6.87155e-05;0.00145994;0.0120798;-0.000108741;1.01688;0.00279309;-0.00590262;1.00369;0.0273605;0.9846;1;3;1
330.531;1411.06;1.33927;1.32957;0.0105386;-0.00014709;0.000303593;0.0105472;-0.000155708;1.00829;0.0016388;-0.00166592;1.00045;0.0220053;0.987002;1;3;1
353.531;1411.06;1.50712;1.33569;0.00848153;0.000865429;-0.000197743;0.00848666;0.000860298;1.00905;-0.0035495;0.000264294;1.00658;0.0280204;0.977191;1;4;1
376.531;1411.06;1.72777;1.30483;0.0111965;-0.00139573;0.00021789;0.0112003;-0.0013995;1.01174;-0.00235528;-0.00319638;1.00313;0.0271745;0.981035;1;4;1
399.531;1411.06;2.01929;1.38295;0.0126305;-0.000414724;0.00151679;0.0128046;-0.000588762;1.01104;-0.00288363;-0.00247454;1.00206;0.0220785;0.988533;1;3;1
422.531;1411.06;2.30499;1.42677;0.0123236;-0.000392018;0.00209453;0.0126597;-0.000728145;1.01116;0.00108236;-0.00293988;1.00476;0.0208623;0.98952;1;3;1
445.531;1411.06;2.58264;1.47134;0.0111938;0.00110423;-0.000359774;0.0112067;0.00109142;1.01248;0.00179136;-0.000215289;1.00106;0.023839;0.982889;1;3;1
468.531;1411.06;2.81702;1.48433;0.0109334;-0.000475717;0.00163895;0.0111642;-0.000706489;1.00917;-0.000615319;0.000401369;1.0023;0.0189841;0.990353;1;3;1
491.531;1411.06;3.08262;1.61939;0.0105463;-0.00078937;0.00114962;0.0106617;-0.000904786;1.00761;0.000953944;-0.00783139;1.00386;0.0218051;0.986347;1;3;1
514.531;1411.06;3.2994;1.62816;0.0107581;-0.000445272;-0.00132411;0.0109125;-0.000599639;1.00783;-0.00246646;0.00145468;1.00207;0.0211446;0.984654;1;3;1
537.531;1411.06;3.57484;1.57141;0.0118227;0.000815558;0.000220841;0.0118272;0.000811129;1.01023;-0.000375953;0.00306403;0.998029;0.0221568;0.981776;1;3;1
560.531;1411.06;3.84003;1.68988;0.0123688;0.000927458;0.000895453;0.0124385;0.0008578;1.01182;0.00323571;-0.00601754;1.00321;0.0208477;0.988382;1;3;1
583.531;1411.06;4.14021;1.67688;0.0109856;9.49062e-05;0.000984618;0.0110739;6.60376e-06;1.01299;-7.10457e-05;0.00270565;1.0023;0.0200605;0.991994;1;3;1
606.531;1411.06;4.3426;1.73477;0.0113904;0.000263423;0.000855092;0.0114557;0.000198094;1.00844;-0.00134131;-0.0058472;1.00439;0.0241818;0.982596;1;3;1
629.531;1411.06;4.66115;1.75652;0.0120055;0.00119159;0.00119107;0.0121351;0.00106195;1.01241;-0.0012151;-0.0019058;1.00002;0.0301533;0.975565;1;4;1
652.531;1411.06;4.89142;1.8561;0.0109004;0.00305887;-7.46626e-05;0.0109012;0.00305816;1.01133;-0.00103872;-0.0057326;1.00313;0.0269122;0.968198;1;4;1
675.531;1411.06;5.1597;1.87811;0.0109011;0.000473082;-0.000250778;0.0109071;0.000467055;1.00629;0.00730543;0.00505562;1.00378;0.0290644;0.975967;1;3;1
698.531;1411.06;5.39016;1.86733;0.0114172;0.00130196;0.000136923;0.0114191;0.0013001;1.01137;0.00474651;-0.00330405;0.998504;0.0242781;0.987077;1;4;1
721.531;1411.06;5.68186;1.96177;0.0108317;-4.18144e-05;0.000255968;0.0108377;-4.78367e-05;1.01173;0.00272984;-0.00496162;1.00439;0.0240086;0.983099;1;4;1
744.531;1411.06;5.88566;1.95985;0.0103041;0.00154145;-0.00131457;0.0104971;0.00134848;1.00801;0.00271873;0.00305036;1.00041;0.0248526;0.982809;1;3;1
767.531;1411.06;6.15343;1.97339;0.0135316;0.000700392;-0.000287815;0.0135381;0.00069394;1.01332;0.00239852;-0.00254397;0.998145;0.0185875;0.989763;1;3;1
790.531;1411.06;6.50392;2.01426;0.0125082;0.0015528;0.000539889;0.0125348;0.00152626;1.01567;-0.00308476;-0.000140549;1.00117;0.0238568;0.984681;1;4;1
813.531;1411.06;6.72515;2.072;0.0113373;6.6665e-06;-0.00066972;0.0113767;-3.27813e-05;1.01088;-9.48522e-05;-0.00376413;0.996107;0.0246779;0.989043;1;4;1
836.531;1411.06;7.02251;2.03443;0.00978685;0.000821836;-0.000509805;0.00981575;0.000792938;1.00952;-0.00245622;0.000520238;1.00128;0.0276238;0.976263;1;4;1
859.531;1411.06;7.17316;2.08736;0.00843278;0.00117439;0.00132724;0.00866786;0.000939305;1.00987;-0.0019403;-0.00910046;1.00151;0.0241782;0.984306;1;4;1
882.531;1411.06;7.40868;2.13835;0.0135142;0.00346585;-0.000124038;0.0135158;0.00346432;1.01065;-0.00327942;0.00169342;1.0086;0.0247469;0.980809;1;4;1
905.531;1411.06;7.79053;2.20215;0.0149723;0.00124859;-0.00102739;0.0150488;0.0011721;1.01775;0.00146098;-0.00409826;0.999214;0.0215398;0.987082;1;4;1
928.531;1411.06;8.09231;2.17981;0.0122193;0.00276079;-0.0012488;0.0123814;0.00259869;1.00994;0.00416277;0.00352129;1.00441;0.0221017;0.989946;1;3;1
951.531;1411.06;8.34922;2.20614;0.00946535;0.00492311;0.000820983;0.00960918;0.00477928;1.008;-0.0054295;-0.00280843;1.01232;0.0281709;0.966403;1;3;1
974.531;1411.06;8.52564;2.23676;0.0103013;0.00155587;-0.000496441;0.0103294;0.00152778;1.01262;0.00254154;0.00682735;1.0006;0.0248643;0.984636;1;3;1
997.531;1411.06;8.82066;2.22883;0.0135317;0.00185131;-0.0004578;0.0135496;0.00183339;1.01772;0.014015;-0.00490013;1.00549;0.0303493;0.97921;1;4;1
1020.53;1411.06;9.14391;2.28952;0.0134268;0.00217414;0.000306716;0.0134351;0.00216578;1.00725;-0.00286344;0.000266157;1.0017;0.0257728;0.984711;1;4;1
1043.53;1411.06;9.43388;2.40046;0.0111344;0.00181111;-0.000871286;0.0112152;0.00173039;1.0101;0.00930894;-0.00580153;1.00596;0.0236453;0.981633;1;4;1
1066.53;1411.06;9.65315;2.39667;0.00848522;0.00302933;-0.000529098;0.00853605;0.00297849;1.00536;0.0116801;0.000969971;1.00448;0.0223508;0.98891;1;3;1
1089.53;1411.06;9.82255;2.43217;0.0109215;0.00245826;-0.00118221;0.0110835;0.00229622;1.0049;0.00193064;-0.00342193;1.00275;0.0268859;0.975778;1;4;1
1112.53;1411.06;10.1527;2.49362;0.0139266;0.00265738;-0.000190654;0.0139298;0.00265415;1.01548;0.00165647;-0.000513538;1.00082;0.0242389;0.980587;1;3;1
1135.53;1411.06;10.4587;2.4974;0.0132536;0.00361758;-0.00189725;0.0136137;0.00325749;1.01599;0.000554269;-0.00131609;1.00294;0.0240838;0.982246;1;3;1
1158.53;1411.06;10.7584;2.48935;0.0122847;0.00170897;0.000976072;0.012374;0.00161964;1.00923;0.00129467;0.00169137;1.00112;0.020813;0.988815;1;3;1
1181.53;1411.06;11.0203;2.6064;0.0105018;0.00443697;0.00212062;0.0111697;0.00376904;1.01011;-0.000621838;-0.00428801;1.00836;0.0224621;0.984739;1;4;1
1204.53;1411.06;11.2386;2.66473;0.0109221;0.00319977;0.000658797;0.0109779;0.00314397;1.00927;0.00619773;-0.00303755;1.00321;0.0252588;0.981566;1;3;1
1227.53;1411.06;11.5199;2.65766;0.0128557;0.0020493;-0.000466773;0.0128759;0.00202917;1.01717;0.00531428;-0.00155333;1.00179;0.0252183;0.987409;1;3;1
1250.53;1411.06;11.8263;2.67393;0.0112817;0.00317776;0.000428819;0.0113044;0.00315513;1.0086;-0.000142518;0.000277927;1.00074;0.0287402;0.980292;1;3;1
1273.53;1411.06;12.036;2.68606;0.00916092;0.00315753;0.000726224;0.00924752;0.00307093;1.00496;-0.00740172;-0.00411289;0.995955;0.0362355;0.969043;1;4;1
31.5305;1388.06;-1.79919;0.608677;0.0136196;0.000855172;0.00283331;0.0142202;0.00025453;1.01023;-0.00327201;-0.00269885;1.00195;0.0224953;0.989037;1;3;1
54.5305;1388.06;-1.48835;0.728975;0.0121525;-0.000126431;0.00269041;0.0127161;-0.000690049;1.01466;0.00273395;-0.00648712;0.998502;0.0236763;0.9869;1;3;1
77.5306;1388.06;-1.24409;0.837495;0.0102321;0.000329073;0.00169556;0.0105144;4.68133e-05;1.00739;0.000925717;-0.0029897;0.999756;0.0238284;0.984531;1;4;1
100.531;1388.06;-1.02016;0.828592;0.0100509;-0.0012576;0.0016211;0.0102787;-0.0014854;1.01269;-0.00185526;-0.00237861;0.994124;0.0239056;0.985457;1;3;1
123.531;1388.06;-0.784053;0.854277;0.00963914;-0.0014568;0.000629574;0.00967474;-0.00149241;1.00437;0.00194541;-0.00220032;0.992289;0.0243552;0.990247;1;3;1
146.531;1388.06;-0.578928;0.895424;0.0102651;-0.00032077;0.000633794;0.0103029;-0.000358581;1.01661;-0.00669005;0.00284492;1.00081;0.0240616;0.988699;1;3;1
169.531;1388.06;-0.314379;0.960428;0.0105291;-0.00129652;0.00108545;0.0106279;-0.00139533;1.00849;-0.00470663;-0.00406141;0.996765;0.0244044;0.982713;1;3;1
192.531;1388.06;-0.0973149;1.03299;0.0101735;0.00179881;0.00123369;0.0103514;0.00162085;1.01283;-0.00193604;-0.00125001;0.999205;0.0270947;0.979058;1;4;1
215.531;1388.06;0.151048;1.09553;0.00927694;0.00160286;-0.000223944;0.00928347;0.00159633;1.00558;-0.0019894;0.00265828;0.997555;0.0302413;0.982261;1;3;1
238.531;1388.06;0.327449;1.06902;0.00993726;0.0011441;0.00112291;0.0100784;0.00100297;1.00742;-0.00277573;0.00350356;0.997225;0.0248957;0.983824;1;3;1
261.531;1388.06;0.60589;1.14139;0.0108853;0.000142196;0.00148774;0.0110876;-6.00233e-05;1.01531;-0.000213837;-0.00133809;0.995064;0.0262774;0.986969;1;3;1
284.531;1388.06;0.825441;1.12814;0.00975915;0.00100633;0.000427982;0.00978003;0.000985451;1.0052;-0.000510766;-0.00495865;0.997026;0.0253872;0.982982;1;3;1
307.531;1388.06;1.05259;1.21093;0.0106677;6.83812e-05;0.00131229;0.0108278;-9.16753e-05;1.01781;-0.0017545;-0.00181686;0.997287;0.0279817;0.981206;1;4;1
330.531;1388.06;1.31319;1.31544;0.0102037;0.000740357;0.00142054;0.0104123;0.00053172;1.00658;-0.00144931;-0.00451732;1.00145;0.0222886;0.986576;1;3;1
353.531;1388.06;1.51943;1.33453;0.0107996;0.00092951;1.32793e-05;0.0107996;0.000929492;1.01206;0.00120694;0.0032541;0.997981;0.0238885;0.989036;1;3;1
376.531;1388.06;1.80727;1.37807;0.0122121;-0.00161845;-0.00106018;0.0122929;-0.00169924;1.01672;0.00720302;0.00234239;0.994657;0.0281542;0.983481;1;4;1
399.531;1388.06;2.07777;1.37826;0.0104946;-0.000805374;-0.000151113;0.0104966;-0.000807394;1.00892;0.00793245;-0.00593069;1.00079;0.0238589;0.986973;1;3;1
422.531;1388.06;2.2875;1.41294;0.0109814;0.000644428;-0.000262376;0.0109881;0.000637773;1.01504;-0.00169819;0.00353771;1.00092;0.0277661;0.980021;1;3;1
445.531;1388.06;2.58017;1.38523;0.0113955;-0.000390692;0.000820389;0.0114523;-0.000447522;1.01219;-0.000885156;-0.0050851;1.00359;0.0244228;0.987381;1;3;1
468.531;1388.06;2.80862;1.51914;0.0109952;0.000529123;0.00123183;0.0111382;0.000386095;1.00501;0.00283784;-0.00425358;1.00097;0.0207382;0.98821;1;3;1
491.531;1388.06;3.08275;1.59082;0.0117655;0.00315487;0.000513207;0.011796;0.00312439;1.01229;0.00455949;-0.00240707;1.00182;0.0275119;0.988162;1;3;1
514.531;1388.06;3.34659;1.61564;0.0100392;0.00236111;-0.000380324;0.010058;0.00234232;1.00925;0.00861959;0.00165838;0.998315;0.0222317;0.991968;1;3;1
537.531;1388.06;3.54225;1.61453;0.00956312;-0.00141022;-0.000413751;0.0095787;-0.00142579;1.0127;0.00145857;-8.09527e-05;0.999997;0.0272291;0.976896;1;4;1
560.531;1388.06;3.78436;1.67945;0.0120495;0.000463258;0.000886957;0.012117;0.000395752;1.01038;-0.00357386;-0.00015329;1.00458;0.0236168;0.982639;1;3;1
583.531;1388.06;4.09317;1.68508;0.011956;0.000331997;-0.000107378;0.011957;0.000331006;1.013;-0.00370246;0.000530343;0.998481;0.0218135;0.987925;1;3;1
606.531;1388.06;4.33106;1.72929;0.010986;0.00082193;-0.000222214;0.0109908;0.000817074;1.00824;0.00651857;-0.0015447;0.996765;0.024079;0.986842;1;4;1
629.531;1388.06;4.59571;1.76559;0.0121729;0.000160938;0.00051298;0.0121948;0.000139071;1.01431;0.00124227;-0.00802641;1.00512;0.0243597;0.988914;1;4;1
652.531;1388.06;4.88765;1.74413;0.0113898;0.00180019;0.00163647;0.0116614;0.00152861;1.00905;-0.00156989;-0.000119931;1.00527;0.0266039;0.970953;1;4;1
675.531;1388.06;5.11663;1.84305;0.0128116;0.000644036;0.000815212;0.012866;0.000589661;1.00689;-0.00344111;-8.559e-05;1.00266;0.0310163;0.979531;1;3;1
698.531;1388.06;5.473;1.89906;0.0121098;0.000676965;0.000964325;0.0121906;0.000596198;1.01612;-0.00122922;-0.0130116;1.00387;0.0331097;0.963011;1;4;1
721.531;1388.06;5.67025;1.94004;0.0113134;0.00154969;0.000362703;0.0113269;0.00153623;1.00798;-0.00371724;0.00284197;1.00111;0.0257657;0.987443;1;3;1
744.531;1388.06;5.99049;1.93937;0.0121082;8.2003e-05;-0.00127314;0.0122415;-5.12979e-05;1.01677;0.0035131;-0.000265651;1.00148;0.0247306;0.983438;1;3;1
767.531;1388.06;6.22388;1.97693;0.0105984;0.00163309;-0.00123036;0.0107642;0.0014673;1.00842;0.0058363;-0.00289146;1.00555;0.0231564;0.986345;1;4;1
790.531;1388.06;6.47544;1.975;0.0120937;0.00167049;-3.63179e-05;0.0120938;0.00167036;1.00969;0.00524997;0.000733799;0.999298;0.0234088;0.986059;1;4;1
813.531;1388.06;6.77677;2.06951;0.0120719;0.00100246;-0.000656969;0.0121108;0.000963606;1.02018;0.00938054;0.00246108;1.00142;0.0271404;0.985996;1;4;1
836.531;1388.06;7.02739;2.04486;0.00920792;0.00108319;-0.000416182;0.00922919;0.00106193;1.00407;-0.000312186;-0.000609521;1.00016;0.0227235;0.986039;1;3;1
859.531;1388.06;7.19839;2.10641;0.0110088;-0.000159866;-0.00242549;0.0115128;-0.000663867;1.00383;0.00856975;-0.00460674;1.00099;0.0206905;0.988345;1;4;1
882.531;1388.06;7.53102;2.0807;0.0133555;0.00222719;-0.00216028;0.0137602;0.00182254;1.02202;0.00884781;-0.00256585;0.998852;0.0246417;0.977842;1;4;1
905.531;1388.06;7.80867;2.15143;0.01185;0.00199623;0.000243907;0.011856;0.0019902;1.00133;-0.000640211;0.0011596;1.00202;0.0285411;0.973721;1;3;1
928.531;1388.06;8.07291;2.12007;0.0095282;0.000378233;-0.000553653;0.00956158;0.000344854;1.01546;-0.00313059;0.00304483;0.998658;0.0296135;0.968891;1;3;1
951.531;1388.06;8.24486;2.08576;0.0117313;5.19907e-05;0.000572941;0.0117593;2.39517e-05;1.00654;0.00243998;-0.00220274;0.999841;0.0289599;0.962745;1;4;1
974.531;1388.06;8.60931;2.2208;0.0127798;-0.000861111;0.000974375;0.012849;-0.000930359;1.01415;-0.00118004;-0.000690299;0.999426;0.0228994;0.986208;1;3;1
997.531;1388.06;8.82882;2.22158;0.0129834;-0.000695541;-0.0010653;0.0130659;-0.000778008;1.00857;-0.000473406;0.00113585;0.999239;0.0230479;0.981652;1;3;1
1020.53;1388.06;9.2027;2.26573;0.0146664;0.00069534;0.00063457;0.0146951;0.000666577;1.01436;-0.00242967;-0.00482159;0.998039;0.027037;0.975311;1;4;1
1043.53;1388.06;9.49848;2.32472;0.0111515;0.00151946;0.000499643;0.0111773;0.00149361;1.01241;-0.00768623;-0.00176657;1.0021;0.0253947;0.97994;1;3;1
1066.53;1388.06;9.71281;2.31704;0.0126247;0.00147665;0.000153981;0.0126268;0.00147453;1.00222;-0.0106599;-0.00290805;0.997018;0.0263759;0.977801;1;3;1
1089.53;1388.06;10.0756;2.34403;0.0114548;0.00136513;0.000566114;0.0114864;0.00133346;1.01313;0.00884773;0.000819524;1.00036;0.0296245;0.971719;1;3;1
1112.53;1388.06;10.2366;2.42654;0.0104588;0.00188015;-6.66209e-05;0.0104593;0.00187963;1.01956;0.00424623;0.00309055;0.999873;0.0250097;0.981612;1;3;1
1135.53;1388.06;10.5541;2.42974;0.0103444;0.00130154;0.000207938;0.0103491;0.00129676;1.01025;-0.0044417;-0.00628129;1.00213;0.0254112;0.983473;1;3;1
1158.53;1388.06;10.71;2.47294;0.00911935;0.00155179;-1.27762e-05;0.00911937;0.00155176;0.993103;-0.00183797;0.00196701;1.00004;0.0246894;0.982202;1;3;1
1181.53;1388.06;10.9717;2.48985;0.0122809;0.0024888;0.000118996;0.0122823;0.00248736;1.02729;-0.00369514;-0.00476701;0.997804;0.0254965;0.978244;1;4;1
1204.53;1388.06;11.2715;2.53032;0.0121635;0.00304291;-0.00010921;0.0121648;0.0030416;1.01282;0.00309699;8.77994e-05;0.9991;0.0254822;0.98468;1;4;1
1227.53;1388.06;11.5277;2.59802;0.0107684;0.00267388;7.51811e-05;0.0107691;0.00267318;1.01041;-0.00209586;-6.08968e-05;1.0022;0.0207823;0.987594;1;3;1
1250.53;1388.06;11.7641;2.61456;0.010798;0.00262441;7.81116e-05;0.0107987;0.00262367;1.00596;0.00479543;-0.00125974;1.00446;0.0253162;0.983314;1;3;1
1273.53;1388.06;12.0218;2.64194;0.0112664;0.00149743;-0.000809102;0.011333;0.00143087;1.01155;-0.00335009;-0.00220441;1.00323;0.0333022;0.980446;1;3;1
31.5305;1365.06;-1.8113;0.64582;0.014422;-0.000625732;0.00105554;0.0144957;-0.000699414;1.01432;0.0042463;-0.00399378;0.996403;0.0260311;0.987278;1;3;1
54.5305;1365.06;-1.4821;0.728753;0.0112229;0.000610143;0.00235076;0.0117203;0.000112754;1.01457;-0.00514376;-0.00328748;0.999501;0.0236065;0.984535;1;3;1
77.5306;1365.06;-1.29804;0.755799;0.00764503;0.00307252;0.00189032;0.0083253;0.00239225;1.0041;-0.00443617;-0.00639181;1.00353;0.0223344;0.988767;1;3;1
100.531;1365.06;-1.13197;0.869452;0.0105496;0.000324323;0.0022824;0.0110359;-0.000162007;1.01128;-0.005739;-0.00506323;1.00357;0.022165;0.98468;1;3;1
123.531;1365.06;-0.815567;0.915212;0.0132829;-8.30481e-05;0.000711126;0.0133206;-0.000120777;1.01152;-0.00859551;0.00110906;1.00365;0.0251641;0.986233;1;3;1
146.531;1365.06;-0.525001;0.9246;0.0108526;-0.000156903;0.00018888;0.0108559;-0.000160142;1.0127;0.00433388;0.000942754;1.00124;0.0211412;0.992053;1;3;1
169.531;1365.06;-0.319057;0.968764;0.00918859;0.000652938;5.37033e-05;0.00918893;0.0006526;1.00865;0.00634422;-0.00178658;1.0007;0.0230104;0.992652;1;3;1
192.531;1365.06;-0.104255;0.945513;0.0111762;0.00112577;0.000711521;0.0112263;0.00107565;1.00603;-0.00175011;-0.00423861;0.999622;0.0247205;0.986129;1;3;1
215.531;1365.06;0.192202;0.988954;0.0089889;0.0015674;0.00202697;0.00950642;0.00104988;1.00755;0.00284366;-0.00173364;1.00405;0.0218683;0.990172;1;3;1
238.531;1365.06;0.307227;1.06954;0.00839829;6.83627e-05;0.000961354;0.0085078;-4.11472e-05;1.00733;-0.00335;0.000529634;1.00405;0.0254847;0.983424;1;4;1
261.531;1365.06;0.576746;1.11407;0.0113235;-0.000471481;0.00111715;0.0114284;-0.000576358;1.01279;-0.00831778;-0.00349775;0.999888;0.0239151;0.98803;1;3;1
284.531;1365.06;0.82513;1.14459;0.0112423;-0.00130387;0.000738066;0.0112856;-0.00134714;1.00786;-0.00144303;0.00187234;0.99983;0.0272799;0.978072;1;4;1
307.531;1365.06;1.09086;1.23443;0.0110924;2.20217e-05;0.00104641;0.0111904;-7.60203e-05;1.01136;0.00323171;-0.00844805;1.00473;0.0257433;0.987267;1;4;1
330.531;1365.06;1.33234;1.29553;0.0104258;0.00267406;-2.05119e-05;0.0104258;0.002674;1.01148;0.000688967;-0.00190695;1.00199;0.0189825;0.9924;1;3;1
353.531;1365.06;1.56794;1.293;0.0116983;0.00132809;0.000615;0.0117347;0.00129174;1.0148;0.00256663;0.00100881;1.00251;0.0223018;0.985816;1;3;1
376.531;1365.06;1.86727;1.37955;0.0109235;0.00196878;0.000346219;0.0109368;0.00195541;1.00701;-5.31176e-05;-0.00307047;1.0044;0.0221566;0.988896;1;4;1
399.531;1365.06;2.06753;1.42003;0.0102368;0.00246748;-0.00085115;0.0103289;0.00237532;1.01276;0.00107762;0.000181389;1.00104;0.0265678;0.980728;1;4;1
422.531;1365.06;2.33577;1.39714;0.0119289;0.000657965;-0.000419768;0.0119446;0.000642353;1.01019;0.00239548;-0.000100312;0.998435;0.0236756;0.98374;1;4;1
445.531;1365.06;2.61297;1.48933;0.0125267;-0.00128639;-0.000886487;0.0125834;-0.00134305;1.0173;0.00461705;-0.0052049;1.00177;0.0220587;0.988819;1;4;1
468.531;1365.06;2.90839;1.46009;0.011339;0.000412575;-0.00107545;0.0114438;0.000307727;1.00943;0.00302753;0.00213232;1.00283;0.0237366;0.982503;1;4;1
491.531;1365.06;3.13164;1.47452;0.00981318;0.00168022;-0.000334939;0.00982695;0.00166645;1.00932;-0.00151591;-0.00382752;1.00404;0.0215926;0.98784;1;4;1
514.531;1365.06;3.35757;1.51972;0.0119028;0.00077219;0.00205407;0.0122698;0.000405225;1.01118;-0.00517051;-0.000242506;1.00232;0.0205131;0.988551;1;3;1
537.531;1365.06;3.67567;1.63644;0.0103093;0.0019362;0.000602803;0.0103525;0.00189303;1.01133;-0.00226997;-0.00278935;1.00367;0.022098;0.989543;1;3;1
560.531;1365.06;3.82914;1.66858;0.0114468;0.00179363;-0.00123256;0.0116017;0.00163873;1.00944;0.00264769;-0.00403982;0.996405;0.0237063;0.989531;1;4;1
583.531;1365.06;4.19923;1.66165;0.0134235;0.00207377;-0.00129027;0.0135684;0.00192894;1.01947;0.0072256;0.00326283;1.00191;0.0218375;0.986202;1;3;1
606.531;1365.06;4.44252;1.69708;0.00939222;0.00137022;-0.000123827;0.00939413;0.00136831;1.00509;-0.0014139;0.000461749;1.0025;0.0226995;0.989502;1;4;1
629.531;1365.06;4.62918;1.74913;0.00822522;0.000973262;0.000587315;0.00827247;0.000926005;1.01132;0.00479571;-0.00296063;0.99808;0.0245761;0.977662;1;3;1
652.531;1365.06;4.81928;1.77342;0.013341;-0.00121513;0.000718348;0.0133764;-0.0012505;1.01022;0.000500417;-0.00250505;0.994523;0.0312576;0.980587;1;3;1
675.531;1365.06;5.23872;1.84856;0.0126698;0.000337108;-0.000381529;0.0126816;0.000325316;1.01162;0.00955934;-0.000518652;0.998542;0.0260392;0.98039;1;4;1
698.531;1365.06;5.3984;1.83621;0.00983212;0.000473068;0.000871886;0.00991265;0.000392537;1.00686;-0.00560455;-0.00112731;0.998517;0.0238835;0.984542;1;4;1
721.531;1365.06;5.68878;1.89054;0.014001;0.00136674;0.000606506;0.0140301;0.00133769;1.02045;0.000224238;-0.000613833;1.00485;0.0248224;0.98503;1;4;1
744.531;1365.06;6.03784;1.95633;0.0133922;0.000663588;-0.000907056;0.0134565;0.000599275;1.00989;-0.00360666;-0.000110988;1.0001;0.0267909;0.985254;1;4;1
767.531;1365.06;6.30075;1.89856;0.0122704;0.00105161;-0.00131292;0.012422;0.000900011;1.01449;-0.00491599;0.00499028;0.997575;0.0284023;0.975874;1;3;1
790.531;1365.06;6.59886;1.93758;0.0121028;0.000633955;0.000554774;0.0121296;0.000607182;1.01407;0.00118164;-0.00918151;1.00537;0.0256303;0.9849;1;4;1
813.531;1365.06;6.85398;2.02609;0.0108896;0.00185276;-0.000221831;0.010895;0.00184732;1.01087;-0.000752938;0.000731478;1.00336;0.0221089;0.988035;1;3;1
836.531;1365.06;7.09706;1.98469;0.012587;0.00140458;-0.00033646;0.0125971;0.00139447;1.0153;0.00172693;0.00116864;0.998187;0.0244179;0.98065;1;3;1
859.531;1365.06;7.42933;2.09542;0.0120792;0.00141225;-0.00187956;0.0124007;0.00109075;1.00893;0.00807074;-0.00261401;0.998175;0.0260908;0.98487;1;3;1
882.531;1365.06;7.64936;2.03664;0.00825132;-0.000323725;-0.0015173;0.00851188;-0.000584285;1.00741;-0.00323444;0.00156575;0.999663;0.0291838;0.968471;1;4;1
905.531;1365.06;7.80733;2.11042;0.00935853;0.00154291;0.000640442;0.00941066;0.00149077;1.0096;-0.000153509;-0.0104874;1.0048;0.0277026;0.975425;1;4;1
928.531;1365.06;8.07768;2.16242;0.0128962;-0.000132295;0.000165102;0.0128983;-0.000134387;1.01209;-0.000498379;0.00317105;1.00304;0.0276658;0.968029;1;4;1
951.531;1365.06;8.39669;2.20377;0.0107877;-0.00125171;-0.00197126;0.0111022;-0.00156626;1.00979;0.00715332;0.000259467;0.99974;0.0261955;0.976612;1;4;1
974.531;1365.06;8.57113;2.27641;0.01236;0.00132619;-0.000746846;0.0124103;0.00127586;1.01669;0.0028661;0.00077441;0.999264;0.0301773;0.972847;1;4;1
997.531;1365.06;8.96175;2.26105;0.0135024;0.00194362;-0.00189862;0.0138063;0.00163975;1.01323;0.00221303;-0.000423833;1.00187;0.0214096;0.986887;1;3;1
1020.53;1365.06;9.1881;2.25756;0.0104356;0.00182501;0.000411993;0.0104553;0.00180534;1.00763;0.00408748;-0.00219849;1.00237;0.0231781;0.987363;1;3;1
1043.53;1365.06;9.43925;2.33062;0.0102744;0.00146666;0.000784494;0.0103437;0.00139734;1.01316;0.00478276;-0.00188369;0.997014;0.0267672;0.979324;1;4;1
1066.53;1365.06;9.65826;2.32879;0.00961604;-8.84456e-05;-0.000198231;0.00962009;-9.24932e-05;1.00426;0.00730441;-0.00294207;0.995838;0.0311035;0.976699;1;3;1
1089.53;1365.06;9.87947;2.36946;0.0128112;0.00102765;0.00164312;0.013036;0.000802819;1.015;-0.00898094;-0.00432781;1.00539;0.0281966;0.981492;1;3;1
1112.53;1365.06;10.2438;2.4073;0.0132688;0.00169786;0.000232223;0.0132735;0.0016932;1.00931;0.00381877;0.00347147;1.00646;0.0260891;0.977194;1;4;1
1135.53;1365.06;10.4858;2.43758;0.012588;-0.000185947;0.000151259;0.0125898;-0.000187738;1.01512;0.00418844;-0.00221745;0.999169;0.0232615;0.983767;1;3;1
1158.53;1365.06;10.8192;2.41807;0.0126996;-0.000380649;-0.000752124;0.0127427;-0.000423755;1.00832;0.00611478;-0.00171357;1.00146;0.0276931;0.977636;1;3;1
1181.53;1365.06;11.0663;2.49208;0.0117348;0.000935798;-0.00119459;0.0118653;0.00080523;1.01071;0.0108263;-0.00224721;1.00677;0.0245326;0.984559;1;3;1
1204.53;1365.06;11.3558;2.52512;0.0115972;0.00154681;-0.00153104;0.0118253;0.00131875;1.01444;0.00895605;-0.00542047;1.00063;0.0315045;0.971138;1;3;1
1227.53;1365.06;11.5967;2.53489;0.0110814;0.00297982;-0.000965994;0.011195;0.00286624;1.00467;0.00577797;0.00152315;1.00242;0.0229187;0.989503;1;3;1
1250.53;1365.06;11.8627;2.55338;0.0124079;0.000884171;-0.000728368;0.0124538;0.000838316;1.01312;-0.000465027;-0.000706083;0.998839;0.0270702;0.980119;1;3;1
1273.53;1365.06;12.1639;2.61741;0.0131828;0.00169199;-0.000780303;0.0132355;0.00163924;1.00509;0.00560529;-0.00128094;1.00048;0.0275797;0.984274;1;3;1
31.5305;1342.06;-1.7315;0.637519;0.00602621;-0.000337638;0.00170856;0.00645591;-0.000767336;1.01208;-0.0042258;0.00207739;1.00076;0.0218578;0.991234;1;3;1
54.5305;1342.06;-1.5934;0.701037;0.00993847;0.00142274;0.0011622;0.0100942;0.00126697;1.00846;-0.00513813;-0.00410269;1.00154;0.0274679;0.982551;1;4;1
77.5306;1342.06;-1.27662;0.696388;0.0114427;0.00176352;0.00104512;0.0115542;0.00165196;1.01342;0.0040747;-0.0027559;1.00052;0.0251422;0.989552;1;4;1
100.531;1342.06;-1.07016;0.813702;0.0105486;0.00157668;0.000529774;0.0105798;0.0015455;1.00893;0.00138691;-0.00641829;1.00113;0.0213165;0.989147;1;4;1
123.531;1342.06;-0.7942;0.858099;0.0115242;0.00389078;0.000934438;0.0116369;0.00377806;1.01111;0.00517851;0.00178456;1.00563;0.0257476;0.991514;1;4;1
146.531;1342.06;-0.543148;0.902656;0.0108345;0.00167772;0.00143789;0.011055;0.00145724;1.01165;0.00532715;-0.00245925;1.00159;0.0217999;0.993292;1;3;1
169.531;1342.06;-0.298538;0.930405;0.00875866;0.00137528;0.000396269;0.00877987;0.00135407;1.0083;0.00142742;-0.00183907;1.0037;0.0231221;0.98754;1;3;1
192.531;1342.06;-0.142065;0.981256;0.00846978;-0.000575935;0.000711573;0.00852542;-0.000631568;1.01181;-0.00097925;-0.00281378;1.0016;0.0235835;0.989313;1;3;1
215.531;1342.06;0.0893419;1.02353;0.0110597;9.79788e-05;0.00113163;0.0111754;-1.76254e-05;1.00738;-0.00163419;0.00153799;0.995155;0.0247711;0.986357;1;3;1
238.531;1342.06;0.363824;1.06589;0.0106937;0.00189517;0.000585135;0.0107324;0.00185642;1.01223;0.00639022;-0.00728867;1.00258;0.0265663;0.989925;1;3;1
261.531;1342.06;0.578438;1.16309;0.0112255;0.000602859;0.000431034;0.0112429;0.000585398;1.01062;0.0046754;-0.00326257;1.00003;0.0237522;0.988302;1;3;1
284.531;1342.06;0.877169;1.18819;0.0115495;1.02553e-05;-0.00118923;0.0116708;-0.000111031;1.01328;0.00608716;-3.50435e-05;1.00071;0.0255688;0.983825;1;2;1
307.531;1342.06;1.10666;1.20995;0.0108408;0.00197989;-0.00109569;0.0109743;0.00184641;1.00494;0.00475598;-0.000952841;0.998366;0.027312;0.987512;1;4;1
330.531;1342.06;1.37317;1.19264;0.00961213;0.00236111;-8.02279e-05;0.00961302;0.00236023;1.0116;0.0051588;0.000858521;1.00363;0.0227827;0.986974;1;3;1
353.531;1342.06;1.54667;1.27348;0.0115575;0.00111201;0.000279105;0.0115649;0.00110455;1.01381;0.00411139;-0.00355124;0.997045;0.0229125;0.985637;1;4;1
376.531;1342.06;1.90168;1.28769;0.013703;0.00237137;-0.000453881;0.0137211;0.00235322;1.0092;0.00410604;0.0044997;1.00144;0.0219433;0.987931;1;4;1
399.531;1342.06;2.17274;1.26499;0.0107663;0.0019836;2.74714e-05;0.0107664;0.00198352;1.0103;-7.69203e-05;-0.00644269;1.00234;0.0250866;0.984045;1;3;1
422.531;1342.06;2.3942;1.38281;0.0120373;0.0016777;0.000835815;0.0121043;0.0016107;1.01436;0.00162159;-0.00477525;0.998607;0.0254136;0.984001;1;3;1
445.531;1342.06;2.72282;1.44467;0.0108795;0.00194328;0.000751138;0.0109422;0.00188058;1.00917;0.00750418;0.00125632;1.00004;0.0238437;0.990231;1;3;1
468.531;1342.06;2.89181;1.50024;0.00982279;0.000392569;0.000608444;0.00986188;0.000353474;1.01187;0.00296902;-0.00209201;1.00605;0.0304964;0.976845;1;4;1
491.531;1342.06;3.17242;1.51368;0.00935243;-0.000242778;1.22094e-05;0.00935245;-0.000242794;1.00138;-0.000661592;-0.00425958;0.99535;0.0231172;0.983185;1;4;1
514.531;1342.06;3.31996;1.58014;0.0101065;0.000837865;-0.00110538;0.0102365;0.000707862;1.01579;0.00402485;0.00513308;1.00308;0.0241462;0.986575;1;4;1
537.531;1342.06;3.63499;1.52564;0.0131615;0.00173559;0.000458364;0.0131799;0.00171723;1.0083;0.00311728;-0.00537479;1.0044;0.0264703;0.983809;1;3;1
560.531;1342.06;3.92146;1.59722;0.0132069;0.00118703;-8.23557e-05;0.0132075;0.00118647;1.01596;0.00752719;0.000441719;1.00692;0.02683;0.974915;1;3;1
583.531;1342.06;4.2385;1.59001;0.0110985;0.00118736;0.00106958;0.0112127;0.00107325;1.01082;-0.000100846;-0.00268706;1.00249;0.0236569;0.976231;1;3;1
606.531;1342.06;4.42914;1.66641;0.0082861;0.000967333;0.00115371;0.00846366;0.000789773;1.01;0.00294276;-0.00032555;1.00286;0.0188435;0.990442;1;4;1
629.531;1342.06;4.61791;1.72084;0.0107417;0.00224139;0.00112145;0.0108872;0.00209592;1.0097;-0.00217375;-0.00501794;1.00052;0.022825;0.984738;1;3;1
652.531;1342.06;4.92044;1.80007;0.0130299;0.000703175;-0.000542465;0.0130538;0.000679348;1.01004;0.00583747;-0.00034924;1.00228;0.028704;0.974674;1;4;1
675.531;1342.06;5.21331;1.82764;0.0112533;0.0025849;-0.000415896;0.0112733;0.00256499;1.02066;0.000221178;-0.000213717;1.00559;0.0278213;0.980698;1;4;1
698.531;1342.06;5.43515;1.87732;0.0113807;0.000511699;-0.00126393;0.0115258;0.000366655;1.00742;0.00636466;0.00122181;1.00233;0.0261352;0.985018;1;4;1
721.531;1342.06;5.73385;1.87725;0.0141339;0.000717245;-0.00113631;0.0142294;0.000621687;1.02167;0.00722742;0.00209709;0.999824;0.0257596;0.981829;1;3;1
744.531;1342.06;6.08076;1.90894;0.0129268;0.00219121;0.000360274;0.0129389;0.00217913;1.00732;0.00759473;-0.002991;1.00235;0.0228794;0.988221;1;3;1
767.531;1342.06;6.32466;1.92869;0.0102773;-0.000576319;0.00171491;0.0105418;-0.000840833;1.01415;0.00670437;0.000811108;1.00337;0.0258577;0.979512;1;4;1
790.531;1342.06;6.5511;1.94591;0.011347;0.000403553;0.00100989;0.0114394;0.000311138;1.00266;-0.00667523;0.00198826;0.99537;0.0246802;0.980575;1;3;1
813.531;1342.06;6.84366;1.98441;0.0125879;0.00195555;0.00048259;0.0126098;0.00193369;1.01786;-0.00379335;-0.0013467;1.0012;0.0232705;0.984319;1;3;1
836.531;1342.06;7.12653;1.98041;0.0126229;-0.00047163;-5.59589e-05;0.0126231;-0.000471869;1.0124;0.00318286;-0.00202421;0.999749;0.0259847;0.981831;1;3;1
859.531;1342.06;7.42066;2.04203;0.0122029;0.00324978;0.00184138;0.0125669;0.00288586;1.01285;0.00524732;0.00167085;1.00399;0.0229483;0.989424;1;3;1
882.531;1342.06;7.68434;2.09585;0.00992851;0.000205033;0.000460126;0.00995024;0.000183308;1.01065;0.00529109;-0.00451089;0.996285;0.0236531;0.985457;1;3;1
905.531;1342.06;7.87511;2.08056;0.0101761;0.000698622;-0.000980893;0.0102765;0.000598167;1.00836;0.00240134;0.0083836;1.00179;0.0318554;0.973702;1;4;1
928.531;1342.06;8.15007;2.12622;0.0144918;0.000985193;-0.000949807;0.0145583;0.000918728;1.01946;0.00142488;-0.00762755;0.996459;0.0246209;0.97661;1;3;1
951.531;1342.06;8.53693;2.1443;0.0127715;0.00243767;-0.00180441;0.0130775;0.00213166;1.01404;-0.0045321;-0.000304558;0.996624;0.0275027;0.97186;1;3;1
974.531;1342.06;8.73385;2.16;0.00973432;0.00386257;-0.00317281;0.0111212;0.0024757;1.01067;0.00315002;0.00267783;1.00186;0.0252483;0.981053;1;4;1
997.531;1342.06;8.98255;2.13252;0.0109355;0.00228817;1.90943e-05;0.0109355;0.00228812;1.01056;-0.00465798;-0.00696414;1.00867;0.0272427;0.976731;1;3;1
1020.53;1342.06;9.23415;2.18186;0.0112644;-0.000385147;0.000452245;0.0112819;-0.000402677;1.00712;0.000524685;0.00509839;0.994581;0.0260558;0.977293;1;3;1
1043.53;1342.06;9.49765;2.2573;0.0117067;0.00230702;0.000667498;0.0117539;0.00225985;1.00785;-0.000891915;-0.00594836;1.00363;0.030328;0.972373;1;4;1
1066.53;1342.06;9.76934;2.32115;0.0110669;0.0017621;-0.000714594;0.0111214;0.00170754;1.01115;0.0037621;-0.00063398;1.00458;0.0290158;0.97287;1;3;1
1089.53;1342.06;10.0039;2.29684;0.0112262;0.00038409;-0.00137398;0.0113977;0.000212681;1.00823;0.00469788;-0.000410736;1.00083;0.0277116;0.980348;1;4;1
1112.53;1342.06;10.2829;2.34853;0.0119686;0.00145789;0.000747374;0.0120215;0.00140501;1.00863;-0.00579687;-0.00375915;1.00304;0.0279993;0.981345;1;4;1
1135.53;1342.06;10.551;2.4383;0.0120165;0.00202545;0.000446661;0.0120364;0.00200552;1.01291;0.00459158;-0.00380234;1.00083;0.0269698;0.974612;1;4;1
1158.53;1342.06;10.8321;2.49062;0.0139045;0.00219645;-0.00027551;0.013911;0.00218997;1.01559;0.00351357;0.00258402;0.995532;0.0248114;0.985584;1;3;1
1181.53;1342.06;11.1862;2.44732;0.0135903;0.00173126;-0.000696576;0.0136311;0.00169048;1.0192;-0.00369445;-0.00133026;1.00128;0.0315977;0.98132;1;4;1
1204.53;1342.06;11.4531;2.45958;0.00999343;0.00200392;-0.000959522;0.010107;0.0018903;1.00702;-0.00109833;0.000777129;1.00345;0.0247598;0.982567;1;4;1
1227.53;1342.06;11.6437;2.4613;0.0100264;0.00129945;-0.000149074;0.010029;0.00129691;1.01201;0.00523127;0.000493134;0.998006;0.0250665;0.984979;1;3;1
1250.53;1342.06;11.9119;2.57414;0.0125934;0.00116056;0.000137966;0.0125951;0.0011589;1.00713;0.00154297;-0.00314106;1.00064;0.0264992;0.982955;1;2;1
1273.53;1342.06;12.2192;2.5646;0.0134531;0.0023365;-0.00130629;0.0136046;0.00218506;1.0244;0.00909194;0.000870706;0.998531;0.0288516;0.985431;1;3;1
31.5305;1319.06;-1.84131;0.661364;0.0136447;0.000122743;0.000438886;0.0136589;0.000108513;1.01527;-0.00438782;-0.00165124;1.00107;0.0260138;0.983971;1;3;1
54.5305;1319.06;-1.5296;0.663378;0.0122436;-0.000120711;-0.00111962;0.0123442;-0.000221276;1.01102;0.00355445;0.00152214;1.00358;0.0198653;0.991976;1;4;1
77.5306;1319.06;-1.28152;0.674751;0.0111455;0.000805084;0.0019571;0.0115035;0.000447066;1.00776;0.00684991;-0.00677976;0.997776;0.0217243;0.987334;1;4;1
100.531;1319.06;-1.01992;0.797118;0.0102538;0.00143412;0.00125415;0.0104287;0.00125925;1.01307;-0.00116162;0.00303804;1.00085;0.0238864;0.989745;1;4;1
123.531;1319.06;-0.812274;0.736583;0.00951723;0.00151172;0.0010694;0.00965763;0.00137133;1.00489;-0.00750649;-0.00740189;0.998677;0.0284987;0.974168;1;3;1
146.531;1319.06;-0.584222;0.847528;0.0117071;0.00215536;0.00233632;0.0122479;0.00161453;1.00837;-0.00244649;-0.00607605;1.00371;0.0232426;0.987424;1;4;1
169.531;1319.06;-0.277171;0.905564;0.0110936;0.00132281;0.000911458;0.0111779;0.00123852;1.01828;-0.00244962;0.00189209;0.998837;0.0212909;0.991736;1;3;1
192.531;1319.06;-0.0768838;0.972022;0.00983447;0.000264513;0.000439932;0.00985465;0.000244331;1.00671;-0.00246576;-0.00152724;0.999819;0.0211463;0.988571;1;3;1
215.531;1319.06;0.172944;0.984451;0.0102522;0.00118764;-0.00110617;0.0103852;0.00105461;1.01045;0.00350198;-0.00309255;1.00299;0.022083;0.989786;1;3;1
238.531;1319.06;0.392322;0.982526;0.0106148;0.000561208;0.000385713;0.0106296;0.000546432;1.00866;0.000701519;-0.00320241;0.998002;0.0225334;0.987178;1;3;1
261.531;1319.06;0.658551;1.08642;0.0128551;0.00231985;-3.52166e-05;0.0128552;0.00231973;1.00978;0.00686311;-0.00466093;1.005;0.0254074;0.983698;1;3;1
284.531;1319.06;0.979621;1.14438;0.0117307;0.00205518;-0.000449069;0.0117515;0.00203438;1.01351;0.00775743;0.000663865;1.00404;0.0239737;0.989428;1;4;1
307.531;1319.06;1.195;1.14357;0.00924068;0.00243125;0.000269224;0.00925131;0.00242063;1.01006;-0.00235193;-0.00350283;0.999544;0.0255723;0.983635;1;2;1
330.531;1319.06;1.40273;1.1871;0.00964899;0.0014632;0.000534988;0.0096838;0.00142839;1.00695;-0.00253116;-5.33916e-05;0.999581;0.018942;0.993569;1;3;1
353.531;1319.06;1.63663;1.24192;0.0108718;0.00114727;0.000173172;0.0108749;0.00114418;1.0146;-0.000126319;-0.00544512;1.00309;0.024884;0.981975;1;3;1
376.531;1319.06;1.90007;1.27061;0.0114292;0.000978356;0.00159934;0.0116685;0.000739081;1.00702;-0.00390525;0.00162407;1.00207;0.0242906;0.986237;1;4;1
399.531;1319.06;2.15932;1.32897;0.0117551;-0.000135427;0.000924518;0.0118266;-0.000206881;1.01034;-0.00461446;-0.00360329;0.996095;0.0236224;0.981623;1;3;1
422.531;1319.06;2.43763;1.32015;0.0109669;0.000732946;0.00118154;0.0111015;0.000598304;1.01267;0.00140958;0.000174452;0.998237;0.0204655;0.988707;1;3;1
445.531;1319.06;2.661;1.40005;0.0105741;0.001096;0.00202828;0.0109899;0.000680193;1.00986;-0.00527012;-0.00511908;0.997067;0.0211178;0.989156;1;3;1
468.531;1319.06;2.92134;1.44204;0.0120004;0.00164557;0.000555232;0.0120301;0.00161588;1.01475;0.0013001;-0.00019517;0.997433;0.0219832;0.989333;1;3;1
491.531;1319.06;3.20967;1.48576;0.0120011;0.00152662;0.000517994;0.0120267;0.00150107;1.00749;0.00194835;-0.000569876;1.00196;0.0206829;0.984658;1;3;1
514.531;1319.06;3.4701;1.48133;0.00963991;0.00209644;-0.00089865;0.00974549;0.00199086;1.01275;0.00472634;-0.000128045;0.996969;0.0201736;0.986337;1;4;1
537.531;1319.06;3.65094;1.55667;0.00939853;-0.00162183;0.000506299;0.00942174;-0.00164504;1.00798;0.00107041;-0.00332482;0.999609;0.0213012;0.990743;1;3;1
560.531;1319.06;3.90023;1.61406;0.0113574;-0.00065031;0.000601425;0.0113874;-0.000680359;1.01362;-0.00288117;-0.00388283;0.997231;0.0202938;0.988247;1;3;1
583.531;1319.06;4.17041;1.60707;0.0124003;-0.000280773;0.00078343;0.0124485;-0.00032899;1.01077;-0.00144974;0.000681347;1.00138;0.020729;0.988364;1;3;1
606.531;1319.06;4.46714;1.65261;0.0106925;0.00070617;-5.19479e-05;0.0106928;0.0007059;1.01584;-0.00316517;-0.00258757;0.997333;0.0238751;0.987361;1;3;1
629.531;1319.06;4.65965;1.64615;0.0110826;0.00234598;-0.000666043;0.011133;0.0022955;1.01135;0.00274838;-0.00110449;1.00398;0.0231471;0.984528;1;4;1
652.531;1319.06;4.97405;1.74135;0.0151913;0.00361222;-0.000589944;0.0152213;0.00358224;1.01785;-0.00289627;-0.00256009;1.00368;0.0244249;0.983335;1;3;1
675.531;1319.06;5.35315;1.72995;0.0128744;0.00299934;0.000195879;0.0128783;0.00299546;1.01396;0.00952785;-0.005432;1.00486;0.0252945;0.987906;1;4;1
698.531;1319.06;5.56246;1.81297;0.010272;0.00309927;0.000466436;0.0103022;0.00306906;1.00954;0.00505882;-0.000413514;1.00227;0.0217846;0.990268;1;4;1
721.531;1319.06;5.82308;1.85775;0.0107874;0.00129137;-0.00079027;0.0108528;0.00122605;1.01605;-0.000271811;-0.00222077;1.00157;0.0249225;0.982387;1;3;1
744.531;1319.06;6.05601;1.85565;0.0078154;0.00151763;0.000842091;0.00792605;0.00140698;1.00915;-0.00850175;-0.00110801;1.0035;0.0274925;0.97649;1;4;1
767.531;1319.06;6.18115;1.92524;0.0110635;0.00184111;-1.59888e-05;0.0110636;0.00184109;1.01008;-0.00476624;-0.00721125;0.99995;0.0331968;0.971397;1;4;1
790.531;1319.06;6.56211;1.91903;0.0145196;0.00161367;-0.00039274;0.0145315;0.00160173;1.00719;0.00645562;0.00389779;1.00342;0.0275805;0.978505;1;4;1
813.531;1319.06;6.84427;1.93622;0.0130624;0.00185604;0.000604579;0.013095;0.00182351;1.01553;0.00632829;-0.00479195;1.0017;0.0237358;0.985222;1;4;1
836.531;1319.06;7.15902;2.00644;0.0116347;0.000995178;-0.000123202;0.0116361;0.000993752;1.01092;-0.00391415;0.000561137;1.00365;0.0231246;0.984489;1;4;1
859.531;1319.06;7.37638;1.94621;0.0106339;0.00128084;-0.000238289;0.01064;0.00127477;1.01122;-0.00274672;0.00373937;0.998729;0.0288496;0.972697;1;3;1
882.531;1319.06;7.6456;2.02721;0.0120403;0.00314616;0.000879588;0.0121265;0.00306001;1.01634;-0.00396555;-0.00453865;1.0063;0.0273051;0.97845;1;3;1
905.531;1319.06;7.92676;2.07845;0.0127147;-0.000280025;0.00025448;0.0127197;-0.000285007;1.00884;0.00196699;0.000256436;0.992817;0.0270303;0.971453;1;4;1
928.531;1319.06;8.22672;2.11736;0.0146117;0.00182944;-0.00129096;0.0147408;0.00170036;1.01744;0.00571136;-0.0019102;1.00099;0.0258396;0.98125;1;4;1
951.531;1319.06;8.59406;2.0922;0.0136086;0.00208831;-0.000862973;0.0136729;0.00202402;1.02018;0.00585137;0.00262189;1.00354;0.024174;0.981292;1;4;1
974.531;1319.06;8.84851;2.09991;0.00846315;0.000892658;-0.00067891;0.00852355;0.000832256;1.00093;0.00548961;0.0035992;1.00443;0.0250823;0.977422;1;4;1
997.531;1319.06;8.98168;2.15592;0.00921879;-0.00021029;0.000613461;0.00925853;-0.000250035;1.01054;0.00693292;-0.00719126;0.989283;0.0283647;0.974932;1;4;1
1020.53;1319.06;9.27031;2.27536;0.0116962;-0.000643123;-0.00069755;0.0117355;-0.000682431;1.00706;-0.000278661;0.00118386;0.99894;0.0283627;0.971314;1;4;1
1043.53;1319.06;9.51655;2.22468;0.0107564;0.00073359;-0.00156792;0.0109959;0.000494038;1.01375;0.0056831;0.00229052;1.00244;0.0223113;0.985375;1;4;1
1066.53;1319.06;9.76246;2.24793;0.0112626;0.00181275;0.000314708;0.0112731;0.00180228;1.01467;0.0022528;-0.0040007;1.00447;0.0211449;0.987572;1;3;1
1089.53;1319.06;10.0316;2.35204;0.0121041;0.000156243;0.000287411;0.012111;0.000149333;1.01026;0.00154685;2.98522e-05;0.998004;0.0247469;0.978718;1;4;1
1112.53;1319.06;10.3158;2.34035;0.0121229;0.00116226;-0.000822596;0.0121843;0.00110086;1.01417;0.0138988;-0.00779797;1.0011;0.026985;0.97521;1;4;1
1135.53;1319.06;10.5859;2.34461;0.0117493;0.00267247;-0.00166733;0.0120459;0.00237588;1.00536;0.00307434;0.00849915;1.00212;0.0231463;0.983437;1;4;1
1158.53;1319.06;10.8532;2.31715;0.0112142;0.00371477;-0.000316339;0.0112275;0.00370145;1.01791;-0.00194671;-0.00222893;1.01025;0.0222439;0.981849;1;4;1
1181.53;1319.06;11.0988;2.41252;0.0132174;0.00166728;0.00111128;0.0133234;0.00156133;1.00872;0.00843868;-0.00220748;1.00048;0.0232811;0.985066;1;3;1
1204.53;1319.06;11.457;2.43314;0.0136803;0.00152854;0.000832961;0.0137371;0.00147171;1.01699;0.00110855;-0.00272595;1.00436;0.0198468;0.988951;1;3;1
1227.53;1319.06;11.7238;2.47533;0.010826;0.000114465;-0.000174237;0.0108289;0.000111632;1.00993;-0.000988535;0.001053;1.00247;0.0213815;0.988095;1;3;1
1250.53;1319.06;11.9523;2.50011;0.0118031;0.00260396;-0.00068441;0.0118537;0.00255332;1.01169;0.00398285;-0.00637209;0.999534;0.0227566;0.992017;1;3;1
1273.53;1319.06;12.2636;2.51016;0.0136247;0.00189703;-0.000849432;0.0136859;0.00183582;1.01913;-0.000660664;0.00426263;1.00378;0.025952;0.98455;1;4;1
31.5305;1296.06;-1.76737;0.631887;0.0126475;0.00187687;0.000374238;0.0126605;0.00186388;1.0103;0.0031982;-0.00430388;1.00261;0.0264126;0.984128;1;3;1
54.5305;1296.06;-1.47841;0.706734;0.00972192;0.000512184;0.00057954;0.00975824;0.000475859;1.00628;-0.00576677;0.00328347;1.00095;0.0239515;0.983723;1;3;1
77.5306;1296.06;-1.32232;0.659391;0.00775491;-0.000809269;0.000801794;0.00782932;-0.000883687;1.00725;-0.00583231;-0.00180531;1.00156;0.0233719;0.991309;1;3;1
100.531;1296.06;-1.12308;0.74781;0.0105079;0.00303419;0.00221587;0.0111155;0.0024266;1.01112;-0.000238326;8.96701e-05;1.00327;0.0258328;0.982513;1;3;1
123.531;1296.06;-0.84165;0.788637;0.0116957;-0.000354415;0.000212884;0.0116994;-0.000358175;1.0086;0.00577645;-0.0057408;0.999342;0.0258106;0.98227;1;3;1
146.531;1296.06;-0.58822;0.803638;0.0127661;0.00117114;0.000441329;0.0127829;0.00115437;1.01169;-0.00516347;0.00396732;1.00118;0.024156;0.98957;1;3;1
169.531;1296.06;-0.258179;0.869614;0.0105883;0.00249431;0.00180311;0.0109718;0.0021108;1.01301;0.00211352;-0.0069694;1.00006;0.0238918;0.986627;1;3;1
192.531;1296.06;-0.104003;0.969106;0.0100232;0.000818345;0.00147701;0.0102544;0.00058715;1.00725;0.00208862;0.0004793;1.00068;0.0223832;0.984232;1;3;1
215.531;1296.06;0.200493;0.96906;0.01167;0.00173891;0.000857413;0.0117435;0.00166543;1.01151;0.00200877;-0.00312285;1.00307;0.0237139;0.989674;1;3;1
238.531;1296.06;0.429667;1.04013;0.0118391;0.000419365;0.000444246;0.0118564;0.000402109;1.00771;-0.0012604;-0.00158361;0.999061;0.0279464;0.988513;1;3;1
261.531;1296.06;0.741822;1.05679;0.0119175;0.00235572;-0.000217585;0.0119224;0.00235077;1.01751;-0.000120238;-0.000121414;1.00013;0.0255888;0.983518;1;3;1
284.531;1296.06;0.974612;1.09385;0.00835502;0.00093623;0.000866035;0.00845478;0.000836474;1.00685;-0.00602147;-0.000493991;1.00266;0.0246007;0.987656;1;3;1
307.531;1296.06;1.12454;1.09825;0.00977305;-0.000436118;0.00107298;0.00988461;-0.00054767;1.01018;0.00129176;-0.000311201;0.99887;0.021597;0.98502;1;3;1
330.531;1296.06;1.42199;1.12541;0.0106923;0.00130828;0.00109958;0.0108194;0.00118116;1.00942;0.00125977;-0.000505888;1.00282;0.0206936;0.989556;1;3;1
353.531;1296.06;1.61362;1.22079;0.0091833;0.00141274;0.000564582;0.00922411;0.00137193;1.00979;-0.000768162;-0.00489751;1.00248;0.0220596;0.993463;1;3;1
376.531;1296.06;1.84235;1.24275;0.0114568;0.000527485;0.000370396;0.0114694;0.000514946;1.01268;0.00254289;0.00177337;1.00278;0.0268622;0.98348;1;3;1
399.531;1296.06;2.13763;1.27123;0.0112541;0.00177463;0.000834951;0.011327;0.00170164;1.01244;0.00591155;-0.00450546;1.00368;0.0210732;0.987075;1;3;1
422.531;1296.06;2.35703;1.34912;0.0114001;-0.000221158;0.00185872;0.0116901;-0.000511207;1.00774;-0.000872449;-0.00334189;1.00204;0.0221165;0.98771;1;4;1
445.531;1296.06;2.65891;1.39432;0.0124505;0.0015097;0.00163138;0.0126886;0.00127163;1.01399;-0.00210145;-0.00506759;1.00058;0.0256043;0.987198;1;3;1
468.531;1296.06;2.92617;1.42461;0.0110458;0.000702104;0.000651401;0.0110866;0.000661243;1.0103;0.00021532;0.000357816;0.998002;0.0201363;0.987593;1;3;1
491.531;1296.06;3.16421;1.44351;0.0119424;0.00240842;0.00078487;0.0120065;0.00234423;1.00834;-0.00375773;-4.06071e-06;1.00122;0.0214479;0.985597;1;3;1
514.531;1296.06;3.47224;1.48405;0.012164;-4.24788e-05;0.00253589;0.0126699;-0.000548346;1.01491;-0.00308362;0.000714661;1.00349;0.0220436;0.986854;1;3;1
537.531;1296.06;3.72013;1.60039;0.00971028;0.0021303;0.00132549;0.00993538;0.0019052;1.00826;-0.000872774;-0.00666196;1.00035;0.0234754;0.983904;1;3;1
560.531;1296.06;3.91655;1.62715;0.0106044;0.00161214;-0.000462633;0.0106282;0.0015884;1.01255;0.0054602;-0.00374963;1.00037;0.0202696;0.98816;1;3;1
583.531;1296.06;4.20538;1.60294;0.0121603;1.59619e-05;0.000257024;0.0121657;1.05246e-05;1.00702;0.00493892;0.00104604;1.00003;0.0208046;0.987402;1;3;1
606.531;1296.06;4.47256;1.63395;0.0122727;0.00210081;-0.000305599;0.0122818;0.00209163;1.01866;-0.00236882;0.00241571;1.00748;0.0227382;0.984519;1;4;1
629.531;1296.06;4.7665;1.6133;0.0127806;0.000230591;-0.00152846;0.0129641;4.71229e-05;1.00477;-0.000395977;-0.0073304;0.996917;0.022517;0.985038;1;4;1
652.531;1296.06;5.05676;1.63441;0.0109288;0.00174152;0.000149241;0.0109313;0.00173909;1.01411;0.00540324;-0.00219897;0.998363;0.0229893;0.983598;1;3;1
675.531;1296.06;5.26644;1.68991;0.010114;0.00127162;0.00162136;0.0104019;0.000983694;1.01611;-0.00576597;-0.00469773;0.999311;0.0290646;0.979871;1;4;1
698.531;1296.06;5.51957;1.73505;0.012728;0.00135639;0.00134799;0.0128856;0.00119878;1.00638;-0.00534967;-0.000446808;1.00134;0.0235294;0.985363;1;3;1
721.531;1296.06;5.84807;1.81803;0.0120611;0.00200204;0.00021672;0.0120658;0.00199737;1.00894;0.00535861;-0.00406553;1.00224;0.0221239;0.989022;1;4;1
744.531;1296.06;6.07095;1.83918;0.0118269;0.000509687;-0.000810291;0.0118847;0.000451966;1.01;0.0053638;-0.000217835;1.00111;0.0217969;0.988518;1;3;1
767.531;1296.06;6.38893;1.84412;0.0115139;0.00214366;-0.00245535;0.0121183;0.00153925;1.01157;0.00549428;-0.00103907;1.00042;0.0236736;0.984456;1;4;1
790.531;1296.06;6.59757;1.87176;0.0106277;0.00200553;2.53655e-06;0.0106277;0.00200553;1.00746;0.00136783;-0.0041066;1.00231;0.0231618;0.986411;1;3;1
813.531;1296.06;6.8752;1.89912;0.01203;0.00151693;-0.000156612;0.0120323;0.0015146;1.01615;-0.00152222;-0.0027727;1.00203;0.0238964;0.987275;1;3;1
836.531;1296.06;7.14762;1.93465;0.0128601;0.00351909;0.00117857;0.0130066;0.00337268;1.00651;-0.00156248;-0.0047827;1.00521;0.0274302;0.97659;1;3;1
859.531;1296.06;7.46293;1.98317;0.012861;-0.000665743;-0.000648802;0.0128921;-0.000696791;1.02035;0.00566023;0.00531294;1.0049;0.0261199;0.98083;1;4;1
882.531;1296.06;7.73546;1.95138;0.0104495;0.000913351;5.81366e-05;0.0104499;0.000912996;1.00704;0.0108319;-0.000596376;1.00295;0.0231273;0.980349;1;3;1
905.531;1296.06;7.94099;2.09349;0.0119256;0.00131094;-0.000102132;0.0119266;0.00130996;1.01229;0.00488922;-0.00660528;1.00651;0.0246542;0.985316;1;3;1
928.531;1296.06;8.28072;2.04233;0.0143853;0.0014195;-0.00119113;0.0144938;0.00131098;1.01663;0.000227483;0.000654994;1.00312;0.0227173;0.986373;1;3;1
951.531;1296.06;8.598;2.04838;0.0126524;0.000919087;0.000293831;0.0126598;0.000911733;1.01046;-0.000199091;-0.00456137;0.997705;0.0249347;0.982702;1;4;1
974.531;1296.06;8.85903;2.11913;0.0109842;0.001469;0.000940248;0.0110762;0.00137698;1.01345;0.00237379;-0.00248126;0.997166;0.0269549;0.970464;1;4;1
997.531;1296.06;9.10044;2.14234;0.0110731;-0.00035627;0.000228666;0.0110776;-0.000360843;1.01235;0.000156841;-0.00435762;1.00473;0.0239523;0.983833;1;3;1
1020.53;1296.06;9.36551;2.21164;0.0112111;0.00354402;-0.000579107;0.0112546;0.00350052;1.01146;0.00937841;-0.0036025;1.00639;0.0259385;0.984028;1;3;1
1043.53;1296.06;9.61322;2.22372;0.010959;0.00123049;-0.00116595;0.0110968;0.0010927;1.00883;0.00185035;-0.000140937;1.00153;0.0249496;0.980492;1;4;1
1066.53;1296.06;9.86689;2.23794;0.00996135;0.00136991;-0.00096319;0.010068;0.00126325;1.01077;0.00177781;-0.00198288;1.00017;0.0223212;0.981909;1;2;1
1089.53;1296.06;10.0691;2.2897;0.0105648;0.0036205;-0.000906946;0.0106813;0.00350401;1.00825;0.00301983;-0.00204392;1.00341;0.0232871;0.983013;1;3;1
1112.53;1296.06;10.3503;2.29514;0.0133603;0.00249492;-0.00106843;0.0134644;0.00239085;1.0136;-0.00331423;0.00114012;0.999711;0.0239847;0.985412;1;3;1
1135.53;1296.06;10.6796;2.31571;0.0126451;0.00205661;-0.000703105;0.0126916;0.00201013;1.01269;0.0057953;6.83799e-05;0.99956;0.0242288;0.98376;1;3;1
1158.53;1296.06;10.9283;2.32016;0.0113766;0.0013377;-0.000869208;0.0114513;0.001263;1.0111;0.00610479;0.00262028;0.997853;0.0261344;0.979126;1;3;1
1181.53;1296.06;11.2;2.3707;0.011176;0.00223704;-0.000985078;0.0112833;0.00212978;1.01436;0.0031358;-0.00329432;1.00143;0.0207807;0.990005;1;3;1
1204.53;1296.06;11.4395;2.38932;0.0114971;0.00294572;0.000729188;0.0115588;0.00288398;1.01141;0.00257272;-0.00319222;0.998188;0.0210171;0.983647;1;3;1
1227.53;1296.06;11.7258;2.45611;0.0124492;0.00251428;0.000311117;0.0124589;0.00250454;1.01293;0.0029146;-6.15202e-05;1.00143;0.0198375;0.987029;1;3;1
1250.53;1296.06;12.0086;2.45461;0.0129182;0.00261632;-0.000652082;0.0129593;0.00257521;1.01338;0.00307942;-0.000838743;1.00577;0.0213899;0.989938;1;3;1
1273.53;1296.06;12.3162;2.47752;0.0134634;0.00177566;0.000158159;0.0134655;0.00177352;1.01965;-0.00233608;-0.000479766;1.00458;0.0285561;0.982054;1;3;1
31.5305;1273.06;-1.72721;0.57525;0.00751251;0.000996307;0.00123324;0.0077381;0.000770717;1.00769;0.000228;-0.00164877;1.00047;0.0223795;0.98538;1;3;1
54.5305;1273.06;-1.55515;0.63983;0.0090278;0.0021945;0.00252747;0.00986104;0.00136126;1.01247;0.000438278;0.00109387;0.998581;0.0219382;0.987602;1;3;1
77.5306;1273.06;-1.31399;0.712004;0.010089;0.00140102;-0.000202001;0.0100937;0.00139632;1.01136;-0.00175342;-0.00423108;1.00378;0.020965;0.992159;1;3;1
100.531;1273.06;-1.09338;0.657815;0.0117539;0.000129738;8.1055e-06;0.0117539;0.000129733;1.00745;0.00421141;-0.00284459;0.998518;0.0249606;0.985593;1;3;1
123.531;1273.06;-0.776468;0.752903;0.012013;0.000971708;9.66261e-05;0.0120139;0.000970862;1.02157;-0.00117422;-0.00086365;1.00383;0.0262378;0.987182;1;4;1
146.531;1273.06;-0.544259;0.793704;0.0109134;0.000424845;2.90654e-07;0.0109134;0.000424845;1.00645;0.00119166;0.00349347;0.998234;0.0330414;0.971804;1;4;1
169.531;1273.06;-0.277178;0.790968;0.00942642;0.00122848;0.00182597;0.00981474;0.000840169;1.01038;-0.00239088;-0.00846321;0.998476;0.0224624;0.984684;1;4;1
192.531;1273.06;-0.112882;0.934407;0.00966832;0.00319087;0.00164554;0.0100624;0.0027968;1.01262;-0.00250403;0.00365078;0.999241;0.021793;0.992191;1;3;1
215.531;1273.06;0.165296;0.904531;0.0120624;0.0017772;0.000992152;0.0121573;0.00168237;1.00688;-0.00632728;-0.00204516;1.00243;0.0234971;0.988014;1;3;1
238.531;1273.06;0.438675;0.963262;0.012387;0.00156264;0.00142655;0.0125718;0.00137779;1.01443;-0.00399139;-0.00280382;1.0017;0.0239892;0.988197;1;4;1
261.531;1273.06;0.731552;0.97824;0.0110009;0.00138051;0.00285418;0.0117839;0.000597466;1.00838;0.000533952;-0.0107304;0.998976;0.0315242;0.972875;1;3;1
284.531;1273.06;0.941758;1.10135;0.00867413;0.000441443;0.00333679;0.00985669;-0.000741123;1.0078;-0.000734839;0.00125315;0.99678;0.0226136;0.991309;1;3;1
307.531;1273.06;1.12848;1.16368;0.0105395;0.000803217;-0.00058924;0.010575;0.000767686;1.00866;0.00242015;0.000286125;1.00334;0.0223069;0.987196;1;3;1
330.531;1273.06;1.42404;1.12696;0.0125369;0.000250185;-0.00015648;0.0125389;0.000248193;1.01392;-0.00340652;0.00111869;0.999809;0.0245231;0.98698;1;3;1
353.531;1273.06;1.7016;1.17703;0.0107615;0.00060234;0.000884345;0.0108379;0.000525933;1.01298;-0.00508987;-0.00313222;1.0017;0.0241574;0.987075;1;4;1
376.531;1273.06;1.91628;1.24636;0.0106471;0.00111147;-0.000329606;0.0106584;0.00110009;1.00976;-0.00362867;-0.00614335;1.00026;0.0196937;0.993002;1;3;1
399.531;1273.06;2.18873;1.24742;0.010358;0.00112267;-0.000156522;0.0103607;0.00112002;1.00836;0.00293184;-0.00125736;0.99973;0.0226023;0.986603;1;3;1
422.531;1273.06;2.39023;1.33035;0.00870666;0.00145593;-0.000538439;0.00874642;0.00141617;1.00966;0.00579906;-0.00188816;0.999109;0.0264448;0.988154;1;3;1
445.531;1273.06;2.58744;1.33071;0.0113813;0.00172128;0.000135919;0.0113832;0.00171937;1.01384;0.00726608;-0.000537446;1.00231;0.0234139;0.985351;1;4;1
468.531;1273.06;2.91075;1.40975;0.0133439;0.0013876;0.000212337;0.0133477;0.00138383;1.01685;-0.00062506;-0.000546656;1.00238;0.0212999;0.98487;1;3;1
491.531;1273.06;3.19719;1.37511;0.0105745;0.00117673;0.00015448;0.010577;0.00117419;1.00403;0.00344487;-0.00596784;1.00323;0.0212394;0.986454;1;3;1
514.531;1273.06;3.39458;1.48335;0.0103808;0.00231261;0.000755327;0.0104509;0.00224251;1.01359;0.00170119;0.00214965;1.00101;0.0211796;0.987826;1;3;1
537.531;1273.06;3.67218;1.45879;0.0120355;0.00192538;0.000298868;0.0120443;0.00191655;1.01241;0.000774287;-0.00338604;1.00153;0.0220846;0.983225;1;3;1
560.531;1273.06;3.94488;1.53999;0.0105293;0.00361755;-7.01438e-05;0.01053;0.00361683;1.01247;-0.00761843;-0.00269182;1.00506;0.0208834;0.986352;1;3;1
583.531;1273.06;4.15377;1.60634;0.0122542;0.00227036;-1.05884e-05;0.0122542;0.00227035;1.01007;-0.00853867;-0.00159324;1.00042;0.0216997;0.985734;1;3;1
606.531;1273.06;4.50516;1.55609;0.0141243;0.0028615;-0.000133684;0.0141259;0.00285992;1.0156;0.00251633;0.000467129;0.998671;0.0204813;0.990825;1;4;1
629.531;1273.06;4.79896;1.63576;0.0116179;0.000102931;0.00055871;0.011645;7.58858e-05;1.00783;0.00359933;-0.00357921;1.00328;0.0240806;0.985392;1;3;1
652.531;1273.06;5.0364;1.66135;0.0110668;0.000565709;0.000581278;0.0110989;0.000533631;1.01132;-0.00211008;-0.00155336;1.00384;0.0224696;0.982676;1;4;1
675.531;1273.06;5.30523;1.67152;0.0115962;0.000744982;-0.000500305;0.0116193;0.000721963;1.01228;0.00400777;-0.000978197;0.99888;0.0267168;0.979542;1;3;1
698.531;1273.06;5.56668;1.75061;0.0131583;0.00115447;0.000431192;0.0131738;0.001139;1.01482;0.00163926;-0.0047718;1.00205;0.0229389;0.988001;1;4;1
721.531;1273.06;5.90649;1.76583;0.0128837;0.00227366;0.000825197;0.0129475;0.00220987;1.01522;0.000318742;-0.000747102;1.00391;0.0214549;0.986673;1;3;1
744.531;1273.06;6.15549;1.83232;0.011595;0.0019684;-0.000406647;0.0116121;0.00195125;1.00896;0.00187075;-0.00372764;1.00169;0.0233058;0.981788;1;3;1
767.531;1273.06;6.43676;1.82744;0.0100702;0.000945921;-0.000766857;0.0101342;0.000881919;1.01266;0.00199818;0.000407204;1.00399;0.0251479;0.973785;1;3;1
790.531;1273.06;6.61641;1.8269;0.0105772;0.00148721;0.000163846;0.0105802;0.00148426;1.01053;0.00303271;-0.00185439;1.00295;0.0245342;0.979197;1;3;1
813.531;1273.06;6.92075;1.86656;0.0113426;0.00277115;9.13785e-05;0.0113436;0.00277017;1.0065;-0.00485522;0.00359657;1.00009;0.0267863;0.981451;1;3;1
836.531;1273.06;7.13524;1.84485;0.0116147;0.00136556;0.00166456;0.0118782;0.001102;1.0188;-0.00201026;-0.00680273;1.00074;0.0322478;0.952283;1;4;1
859.531;1273.06;7.45183;1.9769;0.0134496;0.000855794;0.000973474;0.0135244;0.000780991;1.00702;-0.00214435;0.00154763;0.997272;0.0292918;0.977848;1;4;1
882.531;1273.06;7.7496;1.98533;0.0125612;0.000165436;0.000885294;0.0126241;0.000102529;1.01652;-0.00483307;-0.00221576;1.0012;0.0250392;0.983415;1;3;1
905.531;1273.06;8.02604;2.01829;0.0118227;0.00304112;-5.91619e-05;0.0118231;0.00304072;1.00705;-0.000159277;-0.00225127;1.00202;0.0215788;0.986669;1;3;1
928.531;1273.06;8.29022;2.05216;0.0135084;0.000665667;-0.000196141;0.0135114;0.000662672;1.0109;-0.000128039;-0.000858491;0.999059;0.0247246;0.976182;1;3;1
951.531;1273.06;8.64327;2.04997;0.012376;0.00082951;-0.000952579;0.012454;0.00075145;1.01525;-0.00395988;0.00163885;0.999508;0.0260222;0.972503;1;4;1
974.531;1273.06;8.85603;2.03238;0.00893603;0.00184772;0.000694537;0.00900345;0.00178031;1.01191;0.00140478;-0.00495883;1.00044;0.0289386;0.97846;1;3;1
997.531;1273.06;9.05235;2.17237;0.0119795;0.00151434;0.000851508;0.0120484;0.00144551;1.00978;0.00454257;-0.000818357;1.00199;0.0235601;0.984813;1;3;1
1020.53;1273.06;9.40376;2.11281;0.0130482;0.00188893;-9.91907e-05;0.013049;0.00188805;1.01252;0.000555532;-0.00268453;1.00294;0.0280605;0.974267;1;3;1
1043.53;1273.06;9.6487;2.1683;0.0111908;0.000782814;3.50467e-05;0.0111909;0.000782696;1.00887;-0.00107868;0.000191447;0.999849;0.0220582;0.989473;1;3;1
1066.53;1273.06;9.91563;2.18521;0.0114178;0.00065347;-0.00043823;0.0114357;0.000635659;1.01146;-0.0005244;-0.00203983;1.00436;0.0236702;0.980586;1;3;1
1089.53;1273.06;10.171;2.18601;0.0114332;0.00122202;-2.08492e-05;0.0114333;0.00122198;1.01312;0.00460671;0.00156423;1.00509;0.0241246;0.983464;1;3;1
1112.53;1273.06;10.4386;2.22589;0.0110079;0.00282997;-8.31406e-05;0.0110088;0.00282912;1.0126;0.00589096;-0.00306824;1.00438;0.027654;0.979726;1;3;1
1135.53;1273.06;10.6745;2.25019;0.0119864;0.00344724;-0.000685973;0.0120412;0.00339249;1.01093;-0.00303751;0.00553877;1.00307;0.0250521;0.982742;1;3;1
1158.53;1273.06;10.9867;2.25585;0.0127438;0.00151406;1.43294e-05;0.0127439;0.00151404;1.01373;-0.00413718;-0.00753084;0.998403;0.0243921;0.983804;1;3;1
1181.53;1273.06;11.257;2.31001;0.0106816;-0.000239859;-0.000902353;0.0107557;-0.000313911;1.01195;0.00635293;-3.1415e-05;1.00385;0.0214064;0.987622;1;3;1
1204.53;1273.06;11.4754;2.29784;0.0109997;0.00130926;-0.000192596;0.0110035;0.00130544;1.0087;0.000605174;0.00226547;1.00802;0.0255743;0.981265;1;3;1
1227.53;1273.06;11.7602;2.35983;0.0121913;0.00184079;0.00100486;0.0122879;0.00174414;1.01017;-0.00381305;-0.00328405;1.00503;0.0210203;0.990702;1;3;1
1250.53;1273.06;12.0328;2.37999;0.011684;0.000312275;-0.000954926;0.0117636;0.000232644;1.01189;0.000720266;0.00118951;1.00072;0.0233679;0.987051;1;3;1
1273.53;1273.06;12.2945;2.42857;0.011448;0.000303335;0.000315668;0.0114569;0.000294401;1.0084;-0.000707838;0.00220538;1.0037;0.0257867;0.987449;1;3;1
31.5305;1250.06;-1.75165;0.586083;0.00779651;1.47522e-05;0.00110956;0.00795163;-0.000140361;1.01062;-0.000116947;-0.000143799;0.999544;0.0224977;0.985556;1;3;1
54.5305;1250.06;-1.57304;0.605994;0.0101722;0.000630007;3.53085e-05;0.0101723;0.000629876;1.01227;-0.000680067;0.00330508;1.00236;0.0236059;0.989534;1;2;1
77.5306;1250.06;-1.28609;0.595004;0.0107056;0.0016411;0.000897783;0.0107937;0.00155304;1.01169;0.00174933;-0.00612711;0.998612;0.0259856;0.985604;1;3;1
100.531;1250.06;-1.08338;0.74186;0.0124749;-0.000675632;0.00209744;0.0128013;-0.00100206;1.01144;0.00245747;-0.00451721;1.00335;0.0289155;0.988432;1;3;1
123.531;1250.06;-0.716019;0.744131;0.0116503;0.000414257;0.000308136;0.0116587;0.000405813;1.01295;0.00808258;-0.000646927;0.999994;0.0250905;0.989577;1;4;1
146.531;1250.06;-0.550574;0.784115;0.00941408;0.000779826;0.00103173;0.00953566;0.000658253;1.00139;0.00368144;-0.000401812;1.00094;0.0262331;0.991117;1;3;1
169.531;1250.06;-0.285041;0.813146;0.00894133;0.000172256;0.000984968;0.0090506;6.29827e-05;1.01162;-0.00270529;-0.00147191;1.00007;0.020545;0.98929;1;4;1
192.531;1250.06;-0.141112;0.822574;0.00925902;0.00257833;0.000825568;0.00935953;0.00247783;1.01138;-0.0042378;-0.000641828;1.00641;0.0225376;0.987927;1;3;1
215.531;1250.06;0.138861;0.887423;0.0112426;0.000635573;0.00216618;0.011668;0.00021025;1.0121;-0.00758367;-0.00446913;1.00007;0.0221394;0.991887;1;4;1
238.531;1250.06;0.372946;0.968337;0.0104919;0.00123949;0.00175916;0.0108151;0.000916304;1.00205;0.00110207;-0.00681294;0.999543;0.0248871;0.983439;1;3;1
261.531;1250.06;0.618861;0.993498;0.0105191;0.000530222;0.00180514;0.0108353;0.000214016;1.01747;0.000558062;0.00251816;1.00232;0.0249034;0.986101;1;4;1
284.531;1250.06;0.854188;1.07371;0.0127926;0.00215294;0.00145454;0.0129878;0.00195768;1.01113;-0.00533267;-0.00251167;1.00253;0.0237705;0.983913;1;3;1
307.531;1250.06;1.20355;1.06139;0.0130233;0.00245;-0.000350895;0.013035;0.00243837;1.01154;0.00722364;-5.63218e-05;1.00147;0.0200404;0.989288;1;3;1
330.531;1250.06;1.44939;1.11391;0.00978574;0.00103308;0.00122922;0.0099551;0.000863729;1.00945;0.00327835;-0.00442814;1.00148;0.0191011;0.990446;1;3;1
353.531;1250.06;1.65133;1.1931;0.0107694;0.00118744;0.000162953;0.0107722;0.00118467;1.01232;0.000265933;-0.000468024;1.00014;0.022957;0.987797;1;3;1
376.531;1250.06;1.94208;1.19176;0.0127714;0.00160932;0.00025231;0.0127771;0.00160362;1.01672;0.00319885;8.38441e-05;1.00513;0.0219893;0.988202;1;4;1
399.531;1250.06;2.2351;1.21972;0.0119587;0.00197303;0.00120667;0.0121024;0.00182929;1.00093;-0.00872455;-0.00778872;1.00678;0.0263528;0.983382;1;4;1
422.531;1250.06;2.48884;1.28238;0.0107132;0.0026158;0.000130437;0.0107153;0.0026137;1.01113;0.00135479;0.00238788;1.00535;0.0217218;0.987383;1;3;1
445.531;1250.06;2.7252;1.31526;0.0100937;0.00148692;-0.000461286;0.0101184;0.00146227;1.00929;0.00315088;-0.00440052;1.00555;0.023643;0.986405;1;3;1
468.531;1250.06;2.95077;1.36084;0.010883;0.00136468;0.000377455;0.010898;0.00134973;1.01445;-0.00264222;-0.000228145;1.00268;0.0230903;0.987611;1;3;1
491.531;1250.06;3.22306;1.38945;0.0117139;0.00088129;-0.00112092;0.0118286;0.000766517;1.01173;-0.000730504;-0.00191304;0.997142;0.0185837;0.991856;1;3;1
514.531;1250.06;3.48648;1.3778;0.0115031;0.00285922;0.000153954;0.0115059;0.00285648;1.01115;-0.000529353;-0.000497397;1.00492;0.0217338;0.988493;1;3;1
537.531;1250.06;3.74904;1.51191;0.0127559;0.0014615;-0.000489669;0.0127771;0.00144031;1.01455;0.00205411;-0.00729298;1.00357;0.0209679;0.989178;1;4;1
560.531;1250.06;4.06948;1.46129;0.010341;0.00272635;-0.00195892;0.0108154;0.00225196;1.00295;0.00728464;0.00391755;1.00471;0.0271021;0.98162;1;4;1
583.531;1250.06;4.22229;1.49863;0.00970565;0.00385396;-0.00141753;0.010031;0.00352866;1.00996;0.00527516;-0.00288902;1.00578;0.0244941;0.982744;1;3;1
606.531;1250.06;4.51378;1.50253;0.0130755;0.00148436;0.00140174;0.0132426;0.00131725;1.01323;0.000306112;-0.00635476;1.00613;0.0220131;0.986863;1;3;1
629.531;1250.06;4.81975;1.60859;0.0114914;0.00132923;0.00134636;0.0116667;0.00115388;1.01035;-0.00105322;0.000750411;0.998884;0.0217666;0.982551;1;3;1
652.531;1250.06;5.03926;1.6084;0.0126998;0.00098757;0.000904254;0.0127692;0.000918167;1.01514;0.00135375;-0.000327839;0.998499;0.0229317;0.978892;1;4;1
675.531;1250.06;5.40026;1.65585;0.0116849;0.000833046;0.000671528;0.0117263;0.000791649;1.00034;-0.00369753;-0.00784274;1.00109;0.0249145;0.984823;1;4;1
698.531;1250.06;5.5736;1.68201;0.00991279;0.0018792;0.000597176;0.00995693;0.00183505;1.01293;-0.00153709;-0.000346855;0.99881;0.0244155;0.983195;1;3;1
721.531;1250.06;5.85397;1.71356;0.0130276;0.00192278;0.00105293;0.0131266;0.00182383;1.01673;0.00462438;-0.000403635;0.999978;0.0233903;0.985864;1;3;1
744.531;1250.06;6.16897;1.74883;0.013118;0.00227932;0.000389365;0.013132;0.00226535;1.01105;0.000912919;0.00174572;1.00165;0.0261241;0.982453;1;3;1
767.531;1250.06;6.45341;1.80067;0.00988485;0.00208502;0.000502881;0.00991714;0.00205273;1.00725;-0.0016241;-0.000433916;1.00405;0.022625;0.985432;1;3;1
790.531;1250.06;6.62142;1.80341;0.00941955;0.000740341;-0.000629143;0.00946492;0.000694973;1.01135;-0.0062981;-0.0013119;0.996165;0.0253361;0.975184;1;3;1
813.531;1250.06;6.88468;1.77182;0.010579;0.00157138;0.000165036;0.010582;0.00156836;1.00624;0.00641109;-0.0022603;1.00514;0.0225266;0.982536;1;3;1
836.531;1250.06;7.10546;1.8719;0.0137661;-0.00143784;0.00103018;0.0138356;-0.00150733;1.01871;0.00216194;-0.000283047;0.994247;0.0261662;0.974311;1;3;1
859.531;1250.06;7.5133;1.94384;0.0129195;0.00217521;8.40446e-05;0.0129201;0.00217455;1.00812;0.00428464;-0.00891354;0.999851;0.0283816;0.972339;1;3;1
882.531;1250.06;7.69591;1.94379;0.0109138;0.00065799;-0.000724358;0.0109647;0.000607082;1.01445;0.00112545;0.00379368;1.00027;0.027119;0.975274;1;3;1
905.531;1250.06;8.01262;1.95387;0.0138764;0.00282568;-0.000297353;0.0138844;0.00281769;1.01094;0.00219905;-0.00343032;1.00174;0.0239293;0.980154;1;3;1
928.531;1250.06;8.3298;2.01174;0.014284;0.00306195;-0.000341498;0.0142944;0.00305156;1.02284;0.00124824;0.00213729;1.00251;0.0233443;0.978921;1;4;1
951.531;1250.06;8.66503;2.01029;0.0128521;0.00199586;-0.000569534;0.0128819;0.00196607;1.01451;0.00815307;0.00265355;1.00429;0.0270618;0.975907;1;3;1
974.531;1250.06;8.91725;2.03425;0.00955909;0.000972406;-0.00026922;0.00956752;0.000963974;1.01027;-0.00129852;-0.00804384;1.00562;0.0278689;0.975249;1;4;1
997.531;1250.06;9.10262;2.07274;0.0099038;0.00298363;-0.000279758;0.0099151;0.00297234;1.00894;-0.00163654;0.00249305;1.00879;0.0226235;0.985958;1;3;1
1020.53;1250.06;9.3705;2.12483;0.0126707;6.08192e-05;0.000619154;0.012701;3.04913e-05;1.00961;0.00135621;-0.00641645;0.996669;0.0266968;0.97601;1;3;1
1043.53;1250.06;9.68169;2.18777;0.0121127;0.000853474;0.000315414;0.0121215;0.000844645;1.01745;-0.00174691;0.00109802;1.00194;0.022009;0.984032;1;4;1
1066.53;1250.06;9.92427;2.20792;0.0093835;0.00166588;0.000252997;0.00939179;0.00165759;1.00367;-0.00497709;-0.00756772;1.00364;0.0276056;0.971849;1;4;1
1089.53;1250.06;10.1113;2.23354;0.0108685;-0.000956309;-0.000541843;0.0108933;-0.000981086;1.01304;-0.00425237;0.00682482;0.994954;0.0265818;0.981739;1;3;1
1112.53;1250.06;10.4215;2.1652;0.0144617;0.00167762;-0.00137108;0.0146071;0.00153223;1.01233;-0.00710854;0.000748736;0.9982;0.0262139;0.979474;1;3;1
1135.53;1250.06;10.7717;2.1575;0.0123525;0.00189508;-3.88073e-05;0.0123527;0.00189493;1.01033;0.00736877;0.00150821;1.00602;0.0259948;0.979684;1;4;1
1158.53;1250.06;10.9862;2.2506;0.0120826;0.00172799;0.00217413;0.0125206;0.00129002;1.01516;0.00366022;-0.00862895;1.00136;0.026556;0.984245;1;3;1
1181.53;1250.06;11.3237;2.3819;0.0113745;0.000438199;-1.43343e-05;0.0113745;0.00043818;1.02066;-0.00197341;-0.00265842;0.998647;0.0244233;0.980075;1;3;1
1204.53;1250.06;11.5064;2.32918;0.00855967;0.00151823;-0.00100117;0.00869925;0.00137865;1.00021;0.00596576;0.000430942;1.00048;0.0266269;0.976916;1;3;1
1227.53;1250.06;11.7157;2.37151;0.0143883;0.0010638;0.00090252;0.0144492;0.00100294;1.01502;0.00480046;-0.00640795;0.999706;0.0204316;0.988555;1;3;1
1250.53;1250.06;12.1634;2.44051;0.0146259;3.64959e-05;0.000266656;0.0146308;3.16237e-05;1.02053;0.00430022;0.0025902;0.998323;0.0211507;0.989219;1;3;1
1273.53;1250.06;12.3836;2.46362;0.00961839;0.00186021;9.47316e-06;0.0096184;0.0018602;0.99145;0.00415888;-0.00459346;0.99907;0.0276821;0.987314;1;3;1
31.5305;1227.06;-1.78898;0.574613;0.0104663;0.000469199;0.00174174;0.0107611;0.000174438;1.01268;0.00308385;-0.00183855;0.998303;0.0214545;0.988831;1;3;1
54.5305;1227.06;-1.54953;0.610859;0.0115434;0.000323543;0.000689712;0.0115856;0.000281303;1.00195;-0.00011781;-0.00274002;1.00245;0.0241016;0.986609;1;3;1
77.5306;1227.06;-1.26106;0.636606;0.00901454;-0.00100775;0.00080957;0.00907951;-0.00107273;1.01025;0.0020702;-0.000322256;1.00209;0.0268118;0.981412;1;4;1
100.531;1227.06;-1.13678;0.688925;0.0108947;0.00112485;0.000862874;0.0109703;0.00104922;1.01408;-0.00117984;-0.00273159;0.996026;0.0259362;0.985102;1;3;1
123.531;1227.06;-0.762703;0.733853;0.0124012;0.00121244;0.0015991;0.0126252;0.00098838;1.01159;-0.00625336;-0.00139147;0.998492;0.0231792;0.98808;1;3;1
146.531;1227.06;-0.56987;0.757853;0.00947622;0.00167527;0.000603608;0.00952265;0.00162884;1.0065;-0.00204919;-0.0027297;1.00003;0.0238667;0.988455;1;3;1
169.531;1227.06;-0.328869;0.783074;0.00995239;0.000555976;0.00133092;0.0101373;0.000371099;1.00741;-0.000959374;0.00229476;0.998473;0.0261625;0.982511;1;3;1
192.531;1227.06;-0.114352;0.815956;0.00964201;0.000704354;0.000825639;0.00971764;0.000628723;1.00941;0.00485484;-0.00356023;0.996784;0.0275072;0.983595;1;2;1
215.531;1227.06;0.112454;0.875334;0.0108858;0.00140049;0.000474213;0.0109095;0.00137684;1.01122;0.00531052;0.001142;0.999916;0.0284364;0.985178;1;4;1
238.531;1227.06;0.383613;0.906314;0.0122292;0.00155256;0.000909854;0.0123062;0.00147558;1.01288;-0.000722281;-0.00345426;1.00049;0.0246939;0.984995;1;3;1
261.531;1227.06;0.671532;0.953895;0.0107811;0.000708663;0.000329785;0.0107919;0.000697877;1.01009;0.00384438;-0.00243319;1.00126;0.0216368;0.985961;1;3;1
284.531;1227.06;0.8768;1.00247;0.0115596;0.00057216;0.000612534;0.0115936;0.000538117;1.00481;0.0017971;-0.00107308;1.00061;0.0240021;0.982705;1;3;1
307.531;1227.06;1.20013;1.05117;0.0123776;-0.000227466;0.00126995;0.0125042;-0.00035414;1.01103;-0.0120549;-0.00137891;0.999895;0.0275059;0.982533;1;4;1
330.531;1227.06;1.44262;1.07947;0.0123319;0.00177485;0.000902087;0.0124084;0.00169832;1.01623;-0.00413441;-0.00294407;1.00574;0.0210869;0.988622;1;3;1
353.531;1227.06;1.76389;1.12248;0.0104267;0.00196576;0.000114731;0.0104282;0.0019642;1.0104;0.00727254;-0.00237667;1.00131;0.0206311;0.990916;1;4;1
376.531;1227.06;1.91968;1.17239;0.00884065;0.000859253;0.000516702;0.00887396;0.000825941;1.0078;0.000821189;-0.00394825;0.995198;0.0217311;0.990163;1;3;1
399.531;1227.06;2.16876;1.15675;0.0121042;8.95045e-05;0.00127685;0.0122384;-4.46926e-05;1.0144;0.000372385;0.000420925;0.997186;0.0224424;0.984153;1;3;1
422.531;1227.06;2.47313;1.21025;0.0117772;0.00171614;0.00109292;0.0118946;0.00159879;1.01091;-0.00175009;-0.00056648;1.0043;0.0238232;0.985308;1;3;1
445.531;1227.06;2.70724;1.26252;0.0104227;0.00228955;0.00151699;0.0106965;0.00201581;1.00661;-0.00859992;-0.00669325;1.00241;0.0242261;0.988738;1;3;1
468.531;1227.06;2.9499;1.34704;0.0133208;0.00209309;-0.000163157;0.0133232;0.00209072;1.01504;0.00608749;0.0030624;1.00285;0.0236784;0.987041;1;4;1
491.531;1227.06;3.31591;1.33474;0.012074;0.00215411;5.04979e-05;0.0120743;0.00215385;1.01249;0.00623313;-0.00450271;1.00259;0.0200842;0.989603;1;3;1
514.531;1227.06;3.50199;1.35213;0.0105631;0.000739399;0.000625923;0.0106028;0.000699679;1.0092;0.00396208;0.00312372;1.00027;0.0243408;0.986103;1;3;1
537.531;1227.06;3.79924;1.39179;0.0133076;0.00377044;5.0026e-05;0.0133079;0.00377018;1.01436;-0.00327239;-0.00465509;1.00392;0.0226053;0.984347;1;4;1
560.531;1227.06;4.11008;1.41504;0.0114718;0.000130519;0.000507783;0.0114945;0.00010783;1.01093;-0.00733415;0.00138968;1.00106;0.0240764;0.986015;1;4;1
583.531;1227.06;4.32394;1.42971;0.00821925;0.000863987;0.000271364;0.00822925;0.000853989;1.00845;0.00462094;-0.00489726;1.00257;0.0219621;0.984902;1;3;1
606.531;1227.06;4.48657;1.48787;0.00999721;0.00127469;0.000792954;0.0100687;0.00120319;1.00879;0.0061475;-0.00502331;0.998424;0.0238645;0.980911;1;3;1
629.531;1227.06;4.78131;1.57466;0.0112488;0.00283495;0.000865089;0.0113368;0.00274692;1.01181;0.00191268;0.000133107;1.00614;0.0194465;0.990558;1;3;1
652.531;1227.06;5.00096;1.61596;0.0117137;0.00103333;-0.000167029;0.0117163;0.00103072;1.01124;-0.000881657;-0.00354466;1.00174;0.0259609;0.982309;1;4;1
675.531;1227.06;5.31698;1.63322;0.0124372;0.00145066;-5.89237e-05;0.0124376;0.00145034;1.01712;0.00268276;-0.00257156;1.00542;0.024607;0.984091;1;4;1
698.531;1227.06;5.56953;1.66425;0.0122479;0.000389352;-0.00153769;0.012444;0.000193203;1.0044;0.00684144;-0.00219108;1.00125;0.024757;0.981801;1;3;1
721.531;1227.06;5.87696;1.67747;0.0139399;0.000738455;-0.000477858;0.0139572;0.000721181;1.01742;-0.00205702;-0.00177295;1.00086;0.0237149;0.985594;1;3;1
744.531;1227.06;6.20631;1.72762;0.012428;0.000960145;9.06038e-05;0.0124287;0.000959429;1.01091;-0.00755847;0.00471005;0.997217;0.0249285;0.976665;1;3;1
767.531;1227.06;6.4451;1.73163;0.00958645;0.00126003;0.00117548;0.00974921;0.00109727;1.00922;-0.0044338;-0.00305539;0.994974;0.0298989;0.962797;1;3;1
790.531;1227.06;6.64515;1.79287;0.0115563;0.000836692;0.000656534;0.0115964;0.000796632;1.00529;0.0078216;0.000584294;1.00458;0.0301423;0.97731;1;4;1
813.531;1227.06;6.97361;1.79436;0.0123843;-0.000315743;-0.000227167;0.0123884;-0.000319805;1.01462;0.00729999;-0.0064578;0.997369;0.0265988;0.976269;1;4;1
836.531;1227.06;7.2112;1.9111;0.0118473;-3.24806e-05;-0.00161069;0.0120618;-0.000246989;1.00878;0.00612464;-0.0023937;0.999299;0.0275827;0.970186;1;3;1
859.531;1227.06;7.51532;1.877;0.013443;0.00365982;-0.000612518;0.0134812;0.00362162;1.01566;0.000146811;0.00144921;0.999141;0.0290933;0.97228;1;4;1
882.531;1227.06;7.82545;1.95513;0.0132369;0.00291741;-0.00251226;0.013816;0.0023383;1.00436;0.00579147;-0.00457557;0.9972;0.031505;0.957281;1;4;1
905.531;1227.06;8.12024;1.88859;0.0120625;0.0016567;-0.00156102;0.0122916;0.00142757;1.01103;0.00910487;0.00309956;1.00119;0.0260239;0.969901;1;4;1
928.531;1227.06;8.377;1.9116;0.0130643;0.00257669;-3.95325e-05;0.0130645;0.00257654;1.01375;0.00241225;-0.00312403;1.00257;0.0332546;0.950727;1;4;1
951.531;1227.06;8.71728;1.95831;0.0123702;0.00140987;0.000989192;0.0124588;0.00132131;1.01438;-0.00173831;0.0018655;0.998749;0.0250246;0.979551;1;3;1
974.531;1227.06;8.94249;1.98776;0.00984352;0.000728976;0.00143219;0.0100633;0.000509231;1.00586;-5.80455e-05;-0.00201244;0.991423;0.0303512;0.959614;1;4;1
997.531;1227.06;9.16781;2.03547;0.0113416;0.00187879;0.000373584;0.0113563;0.00186406;1.01208;0.0019496;-0.00114208;0.998032;0.0251046;0.975644;1;3;1
1020.53;1227.06;9.46112;2.11005;0.0116867;0.00258718;0.000238001;0.011693;0.00258096;1.01041;0.00086573;6.55532e-05;1.01013;0.022172;0.98072;1;4;1
1043.53;1227.06;9.7022;2.12909;0.0104205;0.00250137;-0.000892449;0.0105199;0.00240204;1.01614;0.00466378;-0.00244192;1.00384;0.0239468;0.981692;1;4;1
1066.53;1227.06;9.93799;2.10865;0.0104005;0.00428911;0.00136137;0.01069;0.00399956;1.00899;0.00675855;-0.00235761;0.997364;0.0254114;0.977993;1;4;1
1089.53;1227.06;10.178;2.23002;0.0120249;0.00414322;2.01973e-05;0.012025;0.00414317;1.01587;-0.000489983;0.000161388;1.00568;0.0245953;0.980263;1;3;1
1112.53;1227.06;10.4878;2.14881;0.0127887;0.00173599;-0.00150323;0.0129895;0.00153519;1.00437;0.00251706;-0.00102908;1.00161;0.0295118;0.983737;1;3;1
1135.53;1227.06;10.7626;2.16318;0.0114411;0.000135206;-0.000381837;0.011454;0.000122325;1.01047;-0.00548523;-0.00189792;0.997123;0.0223792;0.983186;1;3;1
1158.53;1227.06;11.0111;2.17644;0.0125485;0.00141379;6.19777e-05;0.0125489;0.00141345;1.01698;0.00484215;-0.00341932;1.00363;0.0267482;0.978328;1;4;1
1181.53;1227.06;11.336;2.28992;0.0119248;0.00369365;0.000853105;0.0120123;0.00360616;1.00895;-9.89858e-05;0.00354734;1.00121;0.0244842;0.97955;1;3;1
1204.53;1227.06;11.5564;2.22813;0.00987848;0.00261501;-0.000774514;0.00996015;0.00253334;1.00743;-0.00390835;-0.00339481;1.00168;0.0220403;0.983233;1;3;1
1227.53;1227.06;11.7882;2.31093;0.0118783;0.00404194;-0.000200922;0.0118834;0.00403679;1.01697;0.00282007;-0.00514652;1.00198;0.024316;0.982631;1;3;1
1250.53;1227.06;12.0994;2.37836;0.0120567;0.0035461;0.000807548;0.0121326;0.00347015;1.01118;-0.00426569;0.00295446;1.00748;0.0207601;0.991585;1;4;1
1273.53;1227.06;12.3395;2.3431;0.0104969;0.0047109;-0.00153281;0.0108779;0.00432992;1.00703;-0.00496283;-0.00049003;1.00845;0.0240898;0.990388;1;3;1
31.5305;1204.06;-1.83846;0.564587;0.0115449;0.000593721;0.00138679;0.0117178;0.000420837;1.00761;-0.00325715;-0.00467515;1.00243;0.0276064;0.985105;1;3;1
54.5305;1204.06;-1.57446;0.591114;0.0121581;0.00109554;0.00121653;0.0122903;0.00096334;1.00942;-0.00240519;-0.00194675;0.99959;0.0289814;0.990499;1;3;1
77.5306;1204.06;-1.28261;0.641384;0.0111256;0.00114588;0.00115801;0.0112582;0.00101328;1.00849;-0.0032609;-0.00241738;0.999025;0.0272644;0.983768;1;3;1
100.531;1204.06;-1.0656;0.69015;0.0106971;0.000544317;-8.4978e-05;0.0106979;0.000543605;1.01394;0.0022441;-0.00118183;0.999408;0.0222891;0.993041;1;3;1
123.531;1204.06;-0.793174;0.688458;0.0111234;0.00145019;0.000437261;0.0111431;0.00143046;1.01092;-0.00217036;5.71284e-05;1.00297;0.0231002;0.989637;1;3;1
146.531;1204.06;-0.556745;0.707118;0.00971102;0.000155028;0.00087114;0.00978978;7.62626e-05;1.01029;-0.00180089;-0.00449001;1.00352;0.0239819;0.987947;1;3;1
169.531;1204.06;-0.348721;0.787622;0.0094336;-2.01572e-05;0.000885734;0.00951587;-0.000102427;1.00775;0.000597113;-0.000211279;1.00039;0.0234697;0.987647;1;2;1
192.531;1204.06;-0.124901;0.790188;0.011675;0.0010776;-0.000448753;0.0116939;0.00105863;1.01327;0.00249724;-0.00426543;1.00045;0.0242905;0.982848;1;3;1
215.531;1204.06;0.185216;0.823069;0.010775;0.00151638;-0.000130824;0.0107768;0.00151453;1.01207;0.00206942;6.03574e-05;1.0042;0.0240157;0.987184;1;2;1
238.531;1204.06;0.367983;0.896975;0.0109074;0.00103956;0.00105705;0.0110193;0.000927597;1.00735;-0.00164714;-0.00372669;1.00086;0.0229716;0.989359;1;3;1
261.531;1204.06;0.684044;0.960957;0.0115213;0.00134914;0.00150721;0.01174;0.00113051;1.01279;-0.0021209;-0.0010564;0.997139;0.0221017;0.986182;1;3;1
284.531;1204.06;0.894703;1.04741;0.0104952;0.00167966;0.000266508;0.0105032;0.00167161;1.01344;0.00645673;-0.00773552;1.00082;0.0226913;0.991227;1;3;1
307.531;1204.06;1.16418;1.07187;0.0118801;0.00130392;-0.000149725;0.0118822;0.0013018;1.00609;0.0043404;0.00579905;1.00087;0.0211432;0.99041;1;4;1
330.531;1204.06;1.43798;1.03234;0.012443;0.000648983;9.33482e-05;0.0124437;0.000648244;1.01506;0.00278863;-0.00227206;0.997807;0.0237956;0.986108;1;3;1
353.531;1204.06;1.73303;1.10284;0.010734;9.66379e-05;0.00224628;0.0111889;-0.000358255;1.00275;-0.00524228;0.000958252;0.996532;0.0227605;0.988703;1;4;1
376.531;1204.06;1.92896;1.15225;0.00925004;0.00123485;0.000760173;0.00932149;0.00116339;1.01034;0.00494674;-0.00337949;1.0061;0.0225498;0.984949;1;3;1
399.531;1204.06;2.15645;1.21567;0.0123635;0.00162464;-0.000259926;0.0123698;0.00161835;1.01364;0.00658645;-0.000702683;1.00257;0.0239802;0.982075;1;3;1
422.531;1204.06;2.49418;1.20351;0.012387;0.000614478;-0.000602374;0.0124177;0.000583736;1.00813;0.00762724;-0.00282831;0.999615;0.0242689;0.978271;1;3;1
445.531;1204.06;2.72276;1.21006;0.011871;0.00129849;0.000251808;0.011877;0.00129249;1.01368;0.00307552;0.00253275;0.997108;0.0268738;0.979949;1;4;1
468.531;1204.06;3.03701;1.26474;0.010947;0.00220406;-0.000739467;0.0110091;0.00214196;1.01281;-0.000264234;-0.0032191;0.99881;0.0240197;0.98851;1;3;1
491.531;1204.06;3.22352;1.29047;0.0098097;0.00162617;0.00179981;0.010188;0.00124783;0.999747;-0.00561864;-0.00249521;0.996632;0.0256591;0.982709;1;4;1
514.531;1204.06;3.48599;1.3438;0.0127612;7.16256e-05;0.00022601;0.0127652;6.76014e-05;1.0185;-0.00168346;0.00189101;0.994955;0.0260427;0.984622;1;4;1
537.531;1204.06;3.80681;1.33884;0.0125769;0.00276236;0.00126015;0.0127361;0.00260315;1.01117;0.00338941;-0.0100835;1.00275;0.0254667;0.975396;1;4;1
560.531;1204.06;4.0608;1.45529;0.0101196;0.00163498;0.00172718;0.0104577;0.00129686;1.00955;0.00381823;-0.00243752;1.00243;0.0212339;0.984141;1;3;1
583.531;1204.06;4.26983;1.45893;0.011466;0.000379284;-7.14873e-05;0.0114664;0.000378823;1.00852;0.00136455;0.000181756;0.998147;0.021596;0.99033;1;3;1
606.531;1204.06;4.58525;1.44399;0.0130901;0.00131865;-0.000667255;0.0131278;0.00128095;1.01729;-0.00231707;-0.00263431;0.999926;0.0220121;0.990565;1;3;1
629.531;1204.06;4.86808;1.47839;0.0115287;0.00172942;0.000415984;0.0115464;0.00171179;1.00447;0.00287386;0.00288318;1.00029;0.0264825;0.976806;1;3;1
652.531;1204.06;5.1124;1.56095;0.0128079;0.000561659;-0.000265348;0.0128136;0.000555913;1.01552;0.00730793;-0.00530105;1.00432;0.028637;0.966;1;4;1
675.531;1204.06;5.45338;1.5892;0.0141162;0.00108557;-0.000316871;0.0141239;0.00107787;1.01866;0.00807826;-0.00308206;0.994938;0.0267511;0.98473;1;3;1
698.531;1204.06;5.75711;1.66446;0.0110733;0.00247615;-0.000498671;0.0111022;0.00244733;1.00848;-0.00264031;-0.00405254;1.0022;0.02128;0.987194;1;4;1
721.531;1204.06;5.95988;1.67973;0.0099885;0.0017069;-0.000347252;0.010003;0.00169236;1.00721;0.000805151;0.00138913;1.00387;0.0223505;0.9875;1;4;1
744.531;1204.06;6.21429;1.70471;0.00985612;0.000629715;0.000429628;0.00987608;0.000609753;1.01515;0.00707692;0.00148652;1.00326;0.0217774;0.981696;1;4;1
767.531;1204.06;6.411;1.74277;0.00894232;0.000621789;0.000425422;0.00896402;0.000600094;1.00999;0.0104194;-0.00486867;1.00471;0.0274634;0.977529;1;3;1
790.531;1204.06;6.62378;1.76493;0.0133729;0.000527641;-0.000443428;0.0133882;0.000512352;1.01146;0.00433562;0.00360009;0.998514;0.0235485;0.978548;1;3;1
813.531;1204.06;7.02208;1.78656;0.0155524;0.000375844;0.00155828;0.0157108;0.000217497;1.01558;0.00198997;-0.00175973;1.00031;0.0275033;0.980471;1;3;1
836.531;1204.06;7.33358;1.87396;0.0129182;0.00254614;-0.00175071;0.0132057;0.00225861;1.01072;0.00868801;-0.000403148;1.00437;0.025522;0.972603;1;3;1
859.531;1204.06;7.61252;1.77591;0.013172;0.00272562;-0.00224263;0.0136331;0.00226452;1.01388;0.00490761;0.00307048;1.01241;0.0228684;0.982528;1;4;1
882.531;1204.06;7.93551;1.81041;0.0109075;0.00490931;0.000326172;0.0109252;0.00489162;1.0085;-0.00497044;-6.62159e-05;1.00633;0.0261465;0.973065;1;4;1
905.531;1204.06;8.11145;1.87783;0.0102028;0.000285525;0.0012189;0.0103505;0.000137912;1.01208;-0.0117462;-0.00130634;1.00183;0.0283593;0.970054;1;4;1
928.531;1204.06;8.4024;1.89342;0.0117874;0.0025729;-0.000482457;0.0118126;0.00254771;1.00708;-0.000755011;-0.00210306;0.999839;0.0253284;0.982199;1;3;1
951.531;1204.06;8.65046;1.94548;0.0100711;0.00174445;0.000872533;0.0101615;0.001654;1.01391;0.000467146;-0.00335772;1.00498;0.0217326;0.983661;1;3;1
974.531;1204.06;8.86323;2.00076;0.0117937;0.000949451;0.000945283;0.0118755;0.000867669;1.01546;-0.00319951;0.000427047;1.00861;0.0232876;0.980562;1;3;1
997.531;1204.06;9.18979;1.98648;0.0126531;0.00169256;-0.00088763;0.0127245;0.00162114;1.00817;0.00105922;-0.00031525;1.00659;0.0216779;0.984322;1;3;1
1020.53;1204.06;9.44164;2.00603;0.0125087;0.00274184;-0.000548014;0.0125394;0.00271118;1.0183;-0.00108594;-0.00331601;1.00137;0.0247606;0.974425;1;3;1
1043.53;1204.06;9.76156;2.07292;0.0100281;0.00329272;-0.00114135;0.0102162;0.00310457;1.00971;-0.00369917;-9.20906e-05;1.00867;0.0245291;0.983742;1;4;1
1066.53;1204.06;9.90064;2.01105;0.00846512;0.0020208;-0.00153897;0.00881377;0.00167215;1.00582;4.12284e-05;0.000669816;1.00489;0.0251237;0.970699;1;3;1
1089.53;1204.06;10.1493;2.04336;0.0129388;0.00648813;-0.0012929;0.0131883;0.00623864;1.01097;0.000254378;0.00139767;1.00876;0.0255867;0.9847;1;3;1
1112.53;1204.06;10.492;2.08547;0.0149935;0.00184534;-0.000588316;0.0150198;0.00181907;1.01042;0.00500654;-0.000673508;1.00269;0.0245441;0.980724;1;4;1
1135.53;1204.06;10.8338;2.15132;0.0134383;-0.000354763;-0.000384155;0.013449;-0.000365454;1.01306;0.00541887;-0.006964;0.999784;0.0225637;0.986022;1;3;1
1158.53;1204.06;11.1059;2.18577;0.0101296;0.000990665;-0.000296663;0.0101392;0.000981045;1.01878;0.000995272;0.00588409;0.998809;0.0265339;0.982104;1;3;1
1181.53;1204.06;11.2974;2.21231;0.010751;0.00270724;-0.000488424;0.0107806;0.00267769;1.00294;-0.00014451;-0.00390554;1.00471;0.025837;0.98301;1;3;1
1204.53;1204.06;11.5978;2.20914;0.0128142;0.00140592;-0.00202935;0.0131644;0.00105568;1.01866;0.00971826;-0.00304353;1.0031;0.0258735;0.983623;1;3;1
1227.53;1204.06;11.8831;2.18626;0.0114596;0.00251336;-0.000818625;0.0115339;0.00243907;1.01029;0.0089537;0.004858;0.998412;0.0230264;0.984724;1;4;1
1250.53;1204.06;12.1219;2.2777;0.012468;0.00200604;-0.000456898;0.0124879;0.00198613;1.01473;0.00255913;-0.00545662;0.999117;0.0209226;0.987683;1;3;1
1273.53;1204.06;12.453;2.24748;0.014501;0.00325073;-0.00125188;0.0146386;0.00311311;1.00978;0.00505723;0.00691643;0.998853;0.0334183;0.988324;1;3;1
31.5305;1181.06;-1.86263;0.547369;0.0121814;0.00216994;-0.000409696;0.0121982;0.0021532;1.00755;-0.000362331;-0.00341611;1.00099;0.0235269;0.983744;1;3;1
54.5305;1181.06;-1.58415;0.560505;0.0130027;0.00171586;0.00012609;0.0130041;0.00171445;1.00962;0.00390874;0.00272383;1.00594;0.0231434;0.987637;1;3;1
77.5306;1181.06;-1.26836;0.583926;0.0109687;0.00263386;0.00151153;0.0112344;0.00236821;1.02338;-0.000569288;-0.00651022;1.00754;0.0266115;0.988953;1;3;1
100.531;1181.06;-1.08244;0.663926;0.0105497;0.00415852;0.000254391;0.0105598;0.00414841;1.00201;-0.00517707;0.000142576;1.00606;0.0211605;0.991298;1;3;1
123.531;1181.06;-0.785684;0.667199;0.0116212;0.000571373;0.00035168;0.0116324;0.000560191;1.02062;0.00526621;-0.00263988;0.999108;0.0245339;0.990118;1;3;1
146.531;1181.06;-0.551017;0.750727;0.0100177;0.000942315;0.00128515;0.0101962;0.000763838;1.00816;0.00218229;-0.00312048;0.997625;0.0252906;0.983644;1;3;1
169.531;1181.06;-0.327302;0.784001;0.0112046;0.00186393;0.000119004;0.0112061;0.00186242;1.00902;-0.0015564;0.00292053;1.00272;0.0244127;0.984006;1;3;1
192.531;1181.06;-0.0384633;0.766476;0.0121927;0.00109469;-5.5497e-05;0.0121929;0.00109441;1.01621;-0.00116423;0.000310234;1.00269;0.0224652;0.986829;1;3;1
215.531;1181.06;0.230177;0.805784;0.0101052;0.0017197;0.00102853;0.0102295;0.00159539;1.00609;-0.00152966;-0.00411731;1.00281;0.0242035;0.98526;1;3;1
238.531;1181.06;0.423958;0.858537;0.00990235;0.00175909;-0.000138507;0.0099047;0.00175673;1.0147;-0.00305066;-0.00213841;1.0029;0.0253419;0.989341;1;3;1
261.531;1181.06;0.683372;0.891878;0.0117767;0.00197476;0.000312907;0.0117866;0.00196478;1.00519;-0.000449956;0.00163291;1.00083;0.0245536;0.987655;1;3;1
284.531;1181.06;0.962483;0.925348;0.0112707;0.00318767;-0.000221404;0.0112767;0.00318161;1.01597;0.00703499;-0.00258425;1.00087;0.0201104;0.992297;1;3;1
307.531;1181.06;1.19883;0.991232;0.0109822;0.00226623;0.000676753;0.0110345;0.00221399;1.00626;0.00206728;-0.00415566;1.00049;0.0203368;0.989955;1;4;1
330.531;1181.06;1.46476;1.04963;0.0104764;0.000142176;0.00156217;0.0107074;-8.88081e-05;1.01347;0.000652534;-0.00401301;1.0032;0.019978;0.989833;1;3;1
353.531;1181.06;1.67807;1.11812;0.0108763;0.00170253;0.000476421;0.0109009;0.00167785;1.01005;-0.0035108;-0.000752037;1.00127;0.021997;0.987881;1;3;1
376.531;1181.06;1.96233;1.11564;0.0123591;0.00158761;-0.000542807;0.0123864;0.00156033;1.00737;-0.00418244;8.80373e-05;1.00252;0.0205541;0.990074;1;3;1
399.531;1181.06;2.2431;1.08214;0.012249;0.00328504;0.00060268;0.0122894;0.0032447;1.01537;-0.000778627;0.000590313;1.00381;0.0211786;0.985027;1;3;1
422.531;1181.06;2.52233;1.18202;0.0109723;0.00199782;0.000926789;0.011067;0.00190311;1.00909;-0.000735289;-0.00148099;1.00219;0.0213525;0.986178;1;3;1
445.531;1181.06;2.74493;1.20284;0.0125702;0.000806178;0.000578782;0.0125986;0.000777771;1.01195;0.0020396;-0.00281104;1.00129;0.0210286;0.986921;1;3;1
468.531;1181.06;3.09692;1.24599;0.0106091;0.00170111;0.000955947;0.0107106;0.00159968;1.01374;0.00371921;-0.00221778;1.0051;0.0232516;0.985312;1;3;1
491.531;1181.06;3.23036;1.26007;0.00944447;0.00181996;0.000593244;0.00949035;0.00177408;1.00266;0.000651738;0.000305079;1.00152;0.0235059;0.98452;1;3;1
514.531;1181.06;3.52922;1.34885;0.0123537;0.00124094;-0.000526118;0.0123785;0.00121608;1.00906;0.000657834;0.00247142;1.00804;0.0212237;0.988418;1;4;1
537.531;1181.06;3.79516;1.26489;0.0118659;0.000585205;-0.000735154;0.0119136;0.000537498;1.01457;-0.000686918;0.000185458;1.00145;0.0213067;0.984541;1;3;1
560.531;1181.06;4.07185;1.33991;0.0114635;0.00290235;0.00216182;0.0119784;0.00238743;1.01136;-0.000607792;-0.00417803;1.00203;0.0192634;0.987248;1;3;1
583.531;1181.06;4.31926;1.41227;0.0108109;0.00291669;0.000319489;0.0108238;0.00290378;1.0057;-0.000332327;-0.00319674;1.00596;0.0220174;0.983914;1;3;1
606.531;1181.06;4.56641;1.42732;0.0118107;0.00160215;0.00111762;0.0119316;0.00148123;1.00895;0.00486512;0.00170592;1.0055;0.0232828;0.987026;1;4;1
629.531;1181.06;4.85931;1.49524;0.0124331;0.000948581;0.00235947;0.012899;0.00048273;1.01874;0.000903095;-0.00437922;1.00282;0.0227228;0.983211;1;4;1
652.531;1181.06;5.13454;1.59033;0.0128798;0.00176815;0.000247216;0.0128853;0.00176265;1.01264;-8.23035e-05;-0.00231593;1.00463;0.0223586;0.982474;1;4;1
675.531;1181.06;5.44793;1.5835;0.0124714;0.00255974;1.11388e-05;0.0124714;0.00255973;1.01347;-0.00181781;0.00049086;1.0001;0.0275269;0.979178;1;4;1
698.531;1181.06;5.70467;1.55069;0.0109414;0.00321246;0.000482766;0.0109714;0.00318242;1.00958;0.00486293;-0.000857794;1.00841;0.0231455;0.987185;1;4;1
721.531;1181.06;5.9485;1.59908;0.0114826;0.0022673;0.00163099;0.0117628;0.00198715;1.00769;0.000425909;-0.00160662;1.00026;0.024717;0.982643;1;4;1
744.531;1181.06;6.22964;1.69867;0.0113167;0.00102393;0.00143821;0.0115138;0.000826746;1.01471;-0.00335681;-0.00174;0.999999;0.0202879;0.988041;1;3;1
767.531;1181.06;6.46604;1.70304;0.0109081;0.00184423;5.00702e-05;0.0109083;0.00184395;1.01027;-0.00519328;-0.00688541;1.00081;0.0231451;0.987217;1;3;1
790.531;1181.06;6.72865;1.76868;0.0103543;0.00321415;-0.00136884;0.0106077;0.00296073;1.01242;0.00781929;0.00632057;1.00662;0.0220052;0.983035;1;4;1
813.531;1181.06;6.93984;1.77709;0.0138123;0.00315049;0.000101784;0.0138132;0.00314952;1.01154;-0.00339677;-0.00334724;1.00367;0.0288707;0.973053;1;4;1
836.531;1181.06;7.35968;1.79436;0.0156918;0.00460436;-0.000814909;0.0157513;0.00454478;1.01782;-0.00287619;0.00245185;1.00525;0.0262346;0.971779;1;4;1
859.531;1181.06;7.65608;1.752;0.011752;0.000735794;-0.00179444;0.012037;0.000450866;1.01664;0.00162245;0.00425641;0.990935;0.0274079;0.976074;1;4;1
882.531;1181.06;7.89709;1.72991;0.00951275;0.00146051;0.00127986;0.00971128;0.00126198;1.00526;0.00976132;-0.0112304;1.00522;0.0293492;0.976372;1;4;1
905.531;1181.06;8.09144;1.87547;0.0129273;-8.23595e-05;-0.00044758;0.0129427;-9.77396e-05;1.01451;0.00881725;0.00327702;1.00002;0.0252589;0.982207;1;3;1
928.531;1181.06;8.48791;1.79354;0.0142923;0.0008389;-0.000514483;0.014312;0.000819254;1.01625;0.00229767;0.000152693;1.00254;0.0299054;0.970631;1;3;1
951.531;1181.06;8.74425;1.87814;0.00894022;0.00231338;0.000736788;0.00902115;0.00223245;1.01084;0.00264421;0.00255134;0.998274;0.0221426;0.982927;1;3;1
974.531;1181.06;8.89709;1.94412;0.0111371;0.00459704;0.000428545;0.0111651;0.00456908;1.00997;0.00633419;-0.00335638;1.00141;0.0243039;0.986038;1;3;1
997.531;1181.06;9.25367;1.95776;0.0153212;0.000339409;-0.00110679;0.0154025;0.000258086;1.014;0.00412961;0.000988127;0.995337;0.0280533;0.970048;1;3;1
1020.53;1181.06;9.59653;1.9843;0.0121926;0.00244534;2.2943e-06;0.0121926;0.00244534;1.01931;-0.00222061;-0.00532589;1.00357;0.0326471;0.968197;1;4;1
1043.53;1181.06;9.81115;1.978;0.00988527;0.00309006;-0.000957776;0.0100177;0.00295765;1.00591;0.00131839;-0.00806601;1.0001;0.0276907;0.979528;1;3;1
1066.53;1181.06;10.049;2.01592;0.0122107;-7.0637e-05;-0.002885;0.0128547;-0.000714584;1.01426;0.00335972;0.00611236;0.998612;0.0276003;0.970814;1;4;1
1089.53;1181.06;10.3694;1.93293;0.0131009;0.000796759;-0.00262804;0.0136387;0.000258943;1.0144;0.00842208;-0.00155517;1.00085;0.0277456;0.973111;1;3;1
1112.53;1181.06;10.6477;2.06428;0.0115354;0.00139228;0.000555505;0.0115657;0.00136195;1.00918;0.0029709;-0.00698936;0.999952;0.0229147;0.983392;1;3;1
1135.53;1181.06;10.8964;2.1797;0.00985041;0.00244146;0.000183652;0.00985496;0.00243691;1.00942;0.000498997;-7.52896e-05;1.00282;0.0243657;0.981779;1;3;1
1158.53;1181.06;11.0986;2.13098;0.0110894;0.00218235;0.000134432;0.0110914;0.00218032;1.01797;-0.0013192;0.00375687;1.0054;0.0248788;0.978586;1;3;1
1181.53;1181.06;11.4037;2.16561;0.0134903;0.0022095;-0.00092753;0.0135661;0.00213375;1.00599;0.00331302;-0.0068741;1.00011;0.0261757;0.979518;1;4;1
1204.53;1181.06;11.715;2.16377;0.0115215;0.000512938;-0.000593996;0.0115534;0.00048098;1.01123;0.00185716;-0.00437595;1.00051;0.0240008;0.984357;1;3;1
1227.53;1181.06;11.9307;2.19568;0.010635;4.32346e-05;0.000650316;0.0106748;3.45578e-06;1.01048;0.00164646;-7.80784e-05;1.00536;0.0244549;0.983717;1;3;1
1250.53;1181.06;12.2015;2.28628;0.0101078;0.00184978;-0.000824381;0.0101893;0.00176829;1.01108;0.00752955;0.00372252;1.00398;0.0247789;0.987882;1;3;1
1273.53;1181.06;12.3933;2.19384;0.0083819;0.000856354;-0.00272006;0.0092621;-2.38434e-05;0.997626;7.28279e-05;-0.00175659;1.01044;0.0273227;0.986701;1;4;1
31.5305;1158.06;-1.77521;0.464921;0.0098522;0.00137452;-0.000357099;0.00986721;0.0013595;1.00829;0.00371456;-0.00677;1.00278;0.02206;0.987735;1;3;1
54.5305;1158.06;-1.54976;0.512258;0.00999816;0.001351;-0.000404637;0.0100171;0.00133211;1.00916;0.000872294;0.00492809;0.997358;0.020612;0.992383;1;3;1
77.5306;1158.06;-1.3176;0.520399;0.0118904;0.00104035;0.000593675;0.0119228;0.00100796;1.01868;3.9588e-06;-0.000533796;1.00222;0.0252357;0.989444;1;4;1
100.531;1158.06;-1.00601;0.499292;0.0126555;0.00281617;0.000570168;0.0126885;0.00278324;0.997419;0.000576966;-0.0115516;1.00233;0.0219614;0.989652;1;3;1
123.531;1158.06;-0.7393;0.662213;0.00979213;0.000557829;0.00247293;0.0104127;-6.27172e-05;1.01279;-0.000856328;0.000161003;0.999957;0.0221658;0.992377;1;3;1
146.531;1158.06;-0.558052;0.663791;0.00863202;0.00192464;0.000554817;0.0086776;0.00187906;1.00899;-0.00261382;-0.00073486;1.00369;0.0185964;0.990753;1;3;1
169.531;1158.06;-0.343944;0.701961;0.0100457;0.00165682;0.00133859;0.0102541;0.0014484;1.01214;0.00103358;-0.00170993;1.0043;0.0209647;0.988996;1;3;1
192.531;1158.06;-0.098311;0.739868;0.0115177;0.00071318;0.00078737;0.0115748;0.000656102;1.01125;-0.0027954;-0.00196296;0.998954;0.022947;0.983757;1;3;1
215.531;1158.06;0.182834;0.74403;0.0123444;0.00100132;0.00125399;0.0124813;0.000864344;1.01053;-0.00122233;-0.00130805;0.996841;0.0214785;0.988601;1;4;1
238.531;1158.06;0.466005;0.816233;0.0117881;0.000394446;0.00153324;0.0119909;0.000191724;1.01591;0.0072038;-0.00493319;1.00208;0.0203074;0.992427;1;4;1
261.531;1158.06;0.721758;0.870223;0.0119727;0.000149536;0.00116906;0.0120871;3.50481e-05;1.01488;0.00150323;-0.00292304;1.00526;0.0218652;0.988946;1;3;1
284.531;1158.06;1.01341;0.901165;0.0110199;0.000686417;0.000927878;0.0111026;0.000603761;1.01195;0.000205374;-0.000539967;1.00163;0.0191443;0.989988;1;2;1
307.531;1158.06;1.22581;0.96778;0.00891079;0.00157439;0.00157889;0.00923616;0.00124903;1.00721;0.00071226;-0.00141893;1.00257;0.0208009;0.987303;1;3;1
330.531;1158.06;1.42133;1.0258;0.011573;0.00354161;0.00157853;0.0118721;0.0032425;1.01216;-0.00103076;-0.00254237;0.998932;0.0246083;0.987641;1;3;1
353.531;1158.06;1.75509;1.0246;0.011399;0.0030638;-0.000112102;0.0114005;0.00306229;1.00671;0.00422027;-0.00407385;1.00335;0.0195105;0.990267;1;3;1
376.531;1158.06;1.9427;1.07928;0.00900527;0.00313149;0.000505238;0.00904841;0.00308835;1.0081;-0.00185161;-0.000576018;0.999043;0.0200314;0.991468;1;3;1
399.531;1158.06;2.16746;1.06481;0.0128378;0.00121695;0.000516887;0.0128607;0.00119401;1.0131;-0.00378227;0.00183642;0.996699;0.0208147;0.989483;1;3;1
422.531;1158.06;2.52948;1.11171;0.0123816;0.00220798;0.00161345;0.0126313;0.00195823;1.0081;0.000967127;-0.00326306;1.00232;0.019224;0.989295;1;3;1
445.531;1158.06;2.73341;1.17299;0.0104296;0.00246889;0.000337514;0.0104439;0.00245461;1.01183;0.00150823;-0.00302177;1.00453;0.0190265;0.990393;1;3;1
468.531;1158.06;3.00671;1.18656;0.0117671;0.00236846;0.000895417;0.0118517;0.00228391;1.00932;-0.000996036;-0.000744457;1.00311;0.0225359;0.983788;1;4;1
491.531;1158.06;3.27153;1.20685;0.0116316;0.00115247;-0.000109045;0.0116327;0.00115134;1.01032;0.00308664;-0.000314713;1.00247;0.0225778;0.985621;1;4;1
514.531;1158.06;3.53857;1.28678;0.0129833;0.00223496;-0.000106744;0.0129843;0.0022339;1.01501;0.000449976;0.00094183;0.998825;0.0213135;0.988394;1;3;1
537.531;1158.06;3.86482;1.31196;0.0103077;-0.000338353;-2.16088e-05;0.0103078;-0.000338397;1.0063;0.00644076;-0.00102051;1.0012;0.0272405;0.97688;1;4;1
560.531;1158.06;4.0103;1.322;0.0101085;0.000838666;-3.44612e-05;0.0101086;0.000838538;1.01061;-2.4088e-05;-0.000779886;1.00217;0.0244065;0.984258;1;4;1
583.531;1158.06;4.32748;1.32499;0.0121486;0.00243124;0.000137393;0.0121505;0.00242929;1.01454;0.000477329;-0.00500589;0.999059;0.0260798;0.974738;1;3;1
606.531;1158.06;4.56575;1.37035;0.0106534;0.0019272;0.000453605;0.0106769;0.00190368;1.0093;-0.00574291;0.00504867;0.996372;0.0236333;0.981565;1;3;1
629.531;1158.06;4.81482;1.43481;0.0133843;0.00229755;0.000613801;0.0134182;0.00226367;1.01581;-0.00590662;-0.00666374;0.99672;0.0241757;0.983378;1;3;1
652.531;1158.06;5.17724;1.47973;0.0130913;0.0024009;0.000164645;0.0130938;0.00239837;1.01035;-0.000331569;-0.0034832;0.996249;0.0217552;0.989441;1;4;1
675.531;1158.06;5.41312;1.47162;0.0120591;0.00273886;0.0012939;0.0122354;0.00256257;1.01256;-0.00284708;0.00388037;1.0028;0.0253272;0.98217;1;4;1
698.531;1158.06;5.72864;1.51694;0.0119215;0.00121173;0.0013083;0.012079;0.00105423;1.01408;-0.00191158;-0.00273461;0.998852;0.0265285;0.988674;1;4;1
721.531;1158.06;5.95816;1.57555;0.0100048;0.00175271;0.000808049;0.0100831;0.00167433;1.00749;-0.00394231;-0.00713905;1.0035;0.0234256;0.983913;1;3;1
744.531;1158.06;6.18636;1.65764;0.0113188;0.0037164;0.00127679;0.0115275;0.0035077;1.01119;-0.00158585;0.00388011;1.004;0.0217457;0.984473;1;3;1
767.531;1158.06;6.47584;1.65806;0.013913;0.00241095;-0.000821554;0.0139714;0.00235257;1.01577;-0.0010349;-0.00244309;1.0044;0.0204148;0.98848;1;3;1
790.531;1158.06;6.82195;1.61775;0.0123014;0.0045017;-0.00149066;0.0125766;0.00422652;1.00916;0.00190866;0.000775875;1.00641;0.0255952;0.976709;1;3;1
813.531;1158.06;7.03826;1.64186;0.0122624;0.00404347;-0.000814628;0.0123424;0.0039635;1.01036;0.00919086;0.000402635;1.00324;0.0245798;0.98467;1;4;1
836.531;1158.06;7.38259;1.66267;0.0147551;0.00335784;0.000131836;0.0147567;0.00335632;1.01288;-0.000854442;-0.00486033;1.00094;0.0286221;0.962471;1;4;1
859.531;1158.06;7.71195;1.74218;0.0122224;0.00129004;0.000970277;0.0123079;0.00120459;1.01321;0.00463829;0.00112968;1.00697;0.0257119;0.975078;1;3;1
882.531;1158.06;7.94135;1.74327;0.0109983;0.000279075;0.00114544;0.0111193;0.000158043;1.01222;-0.0013136;-0.00910278;1.00725;0.0304246;0.971115;1;3;1
905.531;1158.06;8.21491;1.88173;0.0111592;0.00227112;-0.000561127;0.0111944;0.00223583;1.01052;0.00358248;0.00740853;1.01332;0.0241991;0.980127;1;4;1
928.531;1158.06;8.45171;1.85488;0.011324;0.00101279;-0.000780512;0.0113827;0.000954043;1.01423;0.00408966;-0.00552367;1.00418;0.0245358;0.982092;1;4;1
951.531;1158.06;8.73288;1.83926;0.00986742;-0.000155971;-0.00120036;0.0100092;-0.000297716;1.00579;-0.0030136;0.00219565;0.997584;0.0286155;0.979148;1;3;1
974.531;1158.06;8.90335;1.7898;0.0130621;0.00204791;0.000475974;0.0130826;0.00202738;1.01886;0.00542329;-0.00327899;1.00108;0.0277944;0.977221;1;4;1
997.531;1158.06;9.32968;1.97108;0.0122095;0.00158659;0.000169543;0.0122122;0.00158388;1.00988;0.00301859;0.000678775;0.998101;0.0314061;0.974648;1;3;1
1020.53;1158.06;9.46148;1.89369;0.0120405;0.00207907;-0.000907263;0.0121224;0.00199711;1.00969;0.00337738;0.00170685;0.99571;0.0262421;0.972102;1;4;1
1043.53;1158.06;9.88023;1.93115;0.0143851;0.000668887;0.000118872;0.0143861;0.000667857;1.01435;0.00457425;-0.00516824;1.00008;0.0226367;0.986553;1;4;1
1066.53;1158.06;10.1183;2.01482;0.0121511;0.00103486;-0.000350691;0.0121621;0.00102381;1.01261;0.00427677;-0.000741838;1.00495;0.022948;0.982516;1;3;1
1089.53;1158.06;10.4358;2.00762;0.0124109;-0.000750324;-0.00032266;0.0124188;-0.00075823;1.01061;0.00356539;0.00117108;1.00043;0.0228344;0.985643;1;3;1
1112.53;1158.06;10.6857;2.02188;0.00977622;0.00365589;0.000104446;0.009778;0.0036541;1.0084;-0.0059129;0.00221856;1.00281;0.0304417;0.97467;1;3;1
1135.53;1158.06;10.8833;2.03918;0.00860223;0.00539751;0.000807018;0.00879398;0.00520576;1.00583;0.00253519;-0.00831905;1.00597;0.023419;0.982034;1;3;1
1158.53;1158.06;11.0797;2.08549;0.0116056;0.00118828;0.000261476;0.0116122;0.00118172;1.01438;0.00417897;0.00379789;1.00135;0.0249335;0.979613;1;3;1
1181.53;1158.06;11.414;2.11093;0.0131724;0.000825141;0.000104289;0.0131733;0.00082426;1.01561;0.00189637;-0.00707086;1.00271;0.0236879;0.983745;1;3;1
1204.53;1158.06;11.6816;2.18562;0.0116137;0.000772877;0.00062934;0.0116502;0.000736465;1.0081;0.00545937;0.000758097;0.998814;0.0240969;0.982814;1;3;1
1227.53;1158.06;11.9451;2.18431;0.0112274;0.00164028;-0.000741832;0.0112844;0.00158322;1.01303;-0.00154416;0.00307197;1.00483;0.0226617;0.986433;1;3;1
1250.53;1158.06;12.1952;2.19275;0.0125251;0.00125646;-0.000291433;0.0125326;0.00124893;1.00763;0.000150281;-0.00414896;1.00368;0.0208374;0.989925;1;3;1
1273.53;1158.06;12.5177;2.20815;0.0141209;-0.000270029;-0.00106843;0.0141998;-0.000348921;1.02372;0.0109811;0.00170059;0.995251;0.0287322;0.983941;1;4;1
31.5305;1135.06;-1.73622;0.484358;0.0106621;0.00209843;0.000410741;0.0106817;0.00207878;1.01498;0.00133019;0.000249319;1.00177;0.0211475;0.990544;1;3;1
54.5305;1135.06;-1.49229;0.498493;0.00875698;0.00217016;0.000109997;0.00875882;0.00216833;1.00221;0.000136542;-0.000966053;1.011;0.0242593;0.985772;1;3;1
77.5306;1135.06;-1.33517;0.536143;0.0108957;0.0011504;0.000627786;0.010936;0.00111013;1.01514;0.00192104;-0.00244227;1.00137;0.0217235;0.992009;1;3;1
100.531;1135.06;-0.993798;0.534649;0.0106495;-0.000977718;0.00175993;0.01091;-0.00123827;1.00908;0.00157863;-0.00325601;1.00054;0.0230407;0.99035;1;3;1
123.531;1135.06;-0.847996;0.641588;0.00943173;0.00174654;0.00234908;0.0100929;0.00108539;1.01098;-0.00464993;-0.00162129;1.00267;0.0213055;0.990671;1;3;1
146.531;1135.06;-0.562141;0.662279;0.0103631;0.00128884;0.0010514;0.0104833;0.00116861;1.00755;0.000148158;0.000413217;1.00087;0.02371;0.987425;1;3;1
169.531;1135.06;-0.373785;0.707874;0.010791;0.00130631;0.00120258;0.0109411;0.00115621;1.01623;-0.000606307;-0.00228986;0.99875;0.0223902;0.985191;1;3;1
192.531;1135.06;-0.0684588;0.733691;0.0123699;0.0017398;0.000950358;0.0124541;0.0016555;1.00811;0.00399304;-0.000739731;1.00168;0.0232106;0.990167;1;3;1
215.531;1135.06;0.191722;0.759762;0.010443;0.00060364;0.00110585;0.0105657;0.000480884;1.01273;0.00208044;-0.00549555;0.999714;0.023754;0.985961;1;3;1
238.531;1135.06;0.409313;0.840398;0.010258;0.000704693;0.0014764;0.010481;0.00048173;1.00909;-0.00438359;0.000700184;0.994909;0.0242544;0.982709;1;3;1
261.531;1135.06;0.661028;0.885005;0.0123652;0.000603509;0.00131352;0.0125101;0.000458603;1.014;-0.00326743;-0.00602309;0.99394;0.0229114;0.986561;1;3;1
284.531;1135.06;0.974609;0.893786;0.0113147;0.000236802;0.000346962;0.0113256;0.000225946;1.01286;-0.00118234;0.00219244;0.998819;0.0236194;0.981707;1;3;1
307.531;1135.06;1.17858;0.918871;0.00879799;0.00221763;0.00023072;0.00880607;0.00220955;1.00205;-0.000341685;0.00220217;1.00112;0.0258008;0.981109;1;3;1
330.531;1135.06;1.37755;0.887083;0.0123088;0.00347878;0.000386532;0.0123257;0.00346189;1.01799;-0.00479384;-0.00635662;1.00469;0.0245633;0.990482;1;3;1
353.531;1135.06;1.74131;0.97744;0.012661;0.00152687;0.00116351;0.0127812;0.00140659;1.01332;0.00458779;-5.00019e-06;0.999361;0.0225974;0.983482;1;3;1
376.531;1135.06;1.95624;0.971816;0.0106414;0.0024667;0.000151763;0.0106442;0.00246389;1.01128;0.00360923;-0.000864128;1.00628;0.0206271;0.98651;1;3;1
399.531;1135.06;2.22821;1.0262;0.0115152;0.000257943;0.000579689;0.0115449;0.000228171;1.01009;0.00110351;-0.00226849;1.00265;0.0200325;0.991321;1;3;1
422.531;1135.06;2.48279;1.08058;0.0122544;0.00101356;0.00177135;0.012527;0.000741034;1.00654;-0.00154042;-0.00165914;1.00308;0.0235272;0.985504;1;3;1
445.531;1135.06;2.78846;1.08944;0.0123864;0.00293158;0.00089157;0.0124697;0.00284824;1.01927;-0.00437722;-0.00386982;1.0045;0.0201952;0.986555;1;4;1
468.531;1135.06;3.04905;1.1372;0.0120533;0.00139393;0.000904696;0.0121296;0.00131769;1.00509;0.000744171;-0.000646624;1.00184;0.0239585;0.983031;1;3;1
491.531;1135.06;3.33946;1.20722;0.0129963;0.00141731;0.000408235;0.0130107;0.00140294;1.00888;-0.000310325;-0.00628991;1.00215;0.0253761;0.983026;1;3;1
514.531;1135.06;3.64291;1.24629;0.0107654;0.00158024;0.000323581;0.0107768;0.00156885;1.01247;-0.000900465;0.00519217;1.00448;0.0228875;0.985446;1;4;1
537.531;1135.06;3.83198;1.28047;0.00972114;0.00134783;0.00111079;0.00986599;0.00120298;1.01229;-0.0016422;-0.00324043;1.00007;0.0237284;0.984047;1;3;1
560.531;1135.06;4.0879;1.30135;0.0114272;0.00109441;-0.00101673;0.0115263;0.000995315;1.01467;0.00404797;-0.000261594;1.00124;0.0212186;0.986169;1;3;1
583.531;1135.06;4.35466;1.30058;0.0119424;-0.00114473;-0.000231843;0.0119465;-0.00114883;1.00866;-0.00125315;-0.00231901;1.00536;0.0242674;0.985738;1;4;1
606.531;1135.06;4.634;1.3388;0.0121864;-0.000486694;-0.000659803;0.0122207;-0.000520953;1.01607;0.0134719;0.00238097;1.00607;0.0224776;0.984504;1;4;1
629.531;1135.06;4.91177;1.3897;0.0114172;0.00140872;0.00016833;0.01142;0.00140589;1.0094;0.00932933;-0.00626625;1.00335;0.0237242;0.98571;1;4;1
652.531;1135.06;5.15601;1.48002;0.00994996;0.00147603;0.000897146;0.0100439;0.00138209;1.00673;-0.00543346;-0.00508579;1.00015;0.0211458;0.987572;1;4;1
675.531;1135.06;5.36716;1.45775;0.0116442;0.00274512;-0.000478328;0.0116698;0.00271948;1.01423;0.00375226;0.00504712;1.00193;0.0260239;0.973634;1;3;1
698.531;1135.06;5.68856;1.49498;0.0141714;0.0019303;0.000729435;0.0142147;0.00188699;1.01389;0.00133872;-0.00211537;1.00375;0.0278782;0.980958;1;3;1
721.531;1135.06;6.01446;1.51857;0.0110787;0.00139228;-0.000378196;0.0110935;0.00137753;1.01551;0.00499549;-0.00477466;1.00136;0.0246358;0.982804;1;3;1
744.531;1135.06;6.19537;1.52804;0.0106375;0.00282563;-0.000244093;0.0106452;0.00281801;1.00445;0.00395314;0.0010181;1.00544;0.0229451;0.98476;1;4;1
767.531;1135.06;6.50115;1.59229;0.0142899;0.00249819;-0.000387307;0.0143026;0.00248548;1.01204;0.00292335;-0.00052496;0.998831;0.0222695;0.982572;1;3;1
790.531;1135.06;6.84807;1.56222;0.0121885;0.00140396;-0.000165825;0.0121911;0.00140141;1.01336;-0.00112442;3.29332e-05;0.997941;0.0199084;0.986655;1;3;1
813.531;1135.06;7.05845;1.59162;0.0131048;0.00241212;-0.000620195;0.0131407;0.00237627;1.0113;-0.00495805;0.000830958;1.0017;0.0239091;0.980856;1;4;1
836.531;1135.06;7.44692;1.64024;0.0128926;0.000651607;0.000408866;0.0129062;0.000637965;1.00884;0.00349467;-0.00236609;1.0015;0.0223515;0.986484;1;4;1
859.531;1135.06;7.64762;1.6927;0.0105787;0.000611464;0.00120014;0.0107211;0.000468992;1.01338;-0.00957447;-0.000824331;1.00147;0.0301903;0.9684;1;4;1
882.531;1135.06;7.93093;1.71709;0.0132513;0.000452253;0.00020908;0.0132547;0.000448839;1.0069;0.000727507;-0.00816312;0.998498;0.0290828;0.964886;1;4;1
905.531;1135.06;8.25313;1.7714;0.0128192;0.00461079;-0.00107071;0.0129565;0.00447342;1.01654;-0.00326555;0.00283205;1.00222;0.0243514;0.978137;1;3;1
928.531;1135.06;8.51687;1.74698;0.0117242;0.00361658;0.00025629;0.0117323;0.00360848;1.01535;-0.000137881;-0.00356951;1.00386;0.024575;0.98159;1;3;1
951.531;1135.06;8.78917;1.88534;0.0102147;0.00202007;-3.95084e-05;0.0102149;0.00201988;1.0089;0.0012981;0.0017022;1.00351;0.0218596;0.982275;1;3;1
974.531;1135.06;8.98426;1.8501;0.0120697;-0.000460703;-0.00105888;0.0121586;-0.000549552;1.0124;-0.000579678;0.00250605;0.99584;0.022909;0.98745;1;3;1
997.531;1135.06;9.34107;1.88492;0.0143456;0.00272875;-0.000550624;0.0143717;0.00270271;1.01855;0.00737172;-0.00134633;1.00294;0.0237619;0.984204;1;4;1
1020.53;1135.06;9.63947;1.88878;0.0126627;0.000631758;-0.00205902;0.0130053;0.000289127;1.01258;0.00659058;0.00259019;1.00345;0.0275286;0.980521;1;3;1
1043.53;1135.06;9.91987;1.94737;0.0113049;0.0014081;0.000698773;0.011354;0.001359;1.00815;0.00239208;-0.00616761;1.00107;0.0236092;0.981514;1;3;1
1066.53;1135.06;10.1565;1.96847;0.010618;0.00264747;0.000385456;0.0106366;0.00262887;1.01044;-0.00524973;0.000298628;1.0008;0.0225069;0.980979;1;3;1
1089.53;1135.06;10.4057;1.96747;0.011217;0.00193999;-0.00102231;0.0113284;0.00182867;1.01232;0.00136822;0.00535907;1.00509;0.0240393;0.978392;1;3;1
1112.53;1135.06;10.6696;1.89642;0.0104995;0.00263222;-0.000481915;0.0105289;0.00260281;1.00656;0.00875116;-0.00470271;1.00676;0.0265847;0.979296;1;3;1
1135.53;1135.06;10.8862;1.93208;0.0104143;0.00303943;0.00126886;0.0106265;0.00282722;1.01218;-8.28881e-05;-0.00958417;1.00055;0.0231441;0.978139;1;3;1
1158.53;1135.06;11.1458;2.07637;0.0132909;0.00232872;0.000956204;0.0133736;0.00224594;1.01631;0.00650376;0.00215704;1.0019;0.0228079;0.981327;1;3;1
1181.53;1135.06;11.4931;2.12775;0.0127886;0.00259167;-0.000104001;0.0127897;0.00259061;1.01405;-0.00280552;0.000905683;1.00057;0.023791;0.986386;1;3;1
1204.53;1135.06;11.7304;2.12824;0.0111938;0.00369003;-0.000960143;0.0113147;0.00356913;1.00668;-0.00326413;-0.00152315;1.00525;0.0217946;0.985959;1;3;1
1227.53;1135.06;12.0052;2.12035;0.0113965;0.00376694;-0.000119143;0.0113983;0.00376508;1.01778;0.00187901;-0.00260543;1.0063;0.0232717;0.987822;1;3;1
1250.53;1135.06;12.2515;2.22855;0.0112688;0.00107789;-0.000363772;0.0112817;0.00106492;1.00626;0.00184582;-0.0043184;1.00304;0.0221399;0.984659;1;3;1
1273.53;1135.06;12.5206;2.20644;0.0117667;0.00160352;-0.00161682;0.0120177;0.00135251;1.01431;-0.00727179;0.00245867;1.00242;0.028888;0.983488;1;3;1
31.5305;1112.06;-1.78457;0.368495;0.0120837;0.00294988;0.00236217;0.0126584;0.00237515;1.00448;-9.99264e-05;0.000542051;1.00474;0.0242388;0.986045;1;3;1
54.5305;1112.06;-1.50834;0.412558;0.00973703;0.00242266;0.00200242;0.0102493;0.00191035;1.01041;-0.00548056;-0.00642564;0.995942;0.0240831;0.985838;1;3;1
77.5306;1112.06;-1.33893;0.467516;0.0097544;0.00249227;0.0015751;0.0100813;0.00216536;1.0072;-0.00448681;0.000801647;0.998537;0.0300283;0.981334;1;4;1
100.531;1112.06;-1.06199;0.544323;0.0111996;-0.000114973;0.00206972;0.0115663;-0.000481692;1.01495;-0.00356265;-0.00428882;0.997305;0.0241597;0.988124;1;4;1
123.531;1112.06;-0.826742;0.582026;0.010356;0.00254467;0.000333791;0.0103702;0.00253043;1.01155;-0.00356802;0.000928732;1.00322;0.024871;0.989475;1;3;1
146.531;1112.06;-0.5881;0.604553;0.00970139;0.00144831;8.30961e-05;0.00970222;0.00144747;1.01634;-0.00160916;-0.00265761;1.00063;0.0238151;0.99233;1;3;1
169.531;1112.06;-0.382661;0.641926;0.00993578;0.000894118;-0.000238064;0.00994205;0.000887854;1.00376;-0.00230852;-0.00252555;0.998974;0.0201502;0.988543;1;3;1
192.531;1112.06;-0.133335;0.65992;0.0124799;0.00201327;0.00088296;0.0125538;0.00193931;1.01972;0.000781921;0.00237003;1.00096;0.0255973;0.988529;1;3;1
215.531;1112.06;0.187816;0.716272;0.0128888;0.00179477;0.00197844;0.0132311;0.00145251;1.00884;0.00100253;-0.00727156;1.0027;0.0211987;0.990753;1;3;1
238.531;1112.06;0.455613;0.783829;0.0102149;0.00191404;0.00067403;0.0102692;0.00185966;1.01356;0.00378318;-0.00394488;1.00784;0.0272071;0.984109;1;4;1
261.531;1112.06;0.655152;0.842518;0.0122448;0.00124744;0.000382072;0.012258;0.00123418;1.01682;0.00142358;-0.00218537;1.00412;0.0229782;0.988407;1;3;1
284.531;1112.06;1.01534;0.890273;0.0118732;0.0023918;0.000716288;0.011927;0.00233799;1.00077;-0.00408603;0.000945808;1.00469;0.0237879;0.987008;1;4;1
307.531;1112.06;1.19811;0.86589;0.0093679;0.00238368;-0.000422634;0.00939338;0.00235819;1.01174;-0.00589557;0.00473768;1.00202;0.0246664;0.986155;1;3;1
330.531;1112.06;1.44426;0.866061;0.0117015;0.000533796;-8.3272e-05;0.0117021;0.000533175;1.0124;0.00663363;-0.00878313;0.997684;0.0240323;0.987879;1;3;1
353.531;1112.06;1.73318;0.954419;0.0116561;0.00178122;0.00157747;0.011902;0.00153534;1.01783;-0.00422325;0.000951947;1.00182;0.0292286;0.967012;1;3;1
376.531;1112.06;1.97724;0.965965;0.0106918;0.000815539;0.000655101;0.010735;0.000772275;1.00585;0.00118165;-0.00362167;0.999672;0.0244744;0.983692;1;3;1
399.531;1112.06;2.2223;1.05298;0.00991564;0.00137025;0.000422194;0.00993645;0.00134944;1.01113;0.00197537;0.00331571;0.999932;0.0224759;0.984454;1;3;1
422.531;1112.06;2.43102;1.06522;0.010625;0.000815032;-0.000248667;0.0106313;0.000808732;1.01354;-0.0018983;-0.00650293;0.997679;0.0231628;0.983823;1;3;1
445.531;1112.06;2.70847;1.03834;0.0133494;0.000111739;0.00109279;0.013439;2.21346e-05;1.00725;0.000321785;-0.000580025;0.998525;0.023573;0.979844;1;3;1
468.531;1112.06;3.04101;1.1225;0.0138766;0.0001814;0.00125431;0.0139905;6.74684e-05;1.01053;-0.000353509;-0.00144976;0.999996;0.019861;0.988434;1;3;1
491.531;1112.06;3.34231;1.14176;0.0118254;0.00158628;0.000579778;0.0118582;0.00155355;1.01619;0.0021611;-0.00643353;0.999657;0.0225281;0.984932;1;3;1
514.531;1112.06;3.58171;1.21417;0.0104017;0.00233134;0.00169324;0.0107426;0.00199048;1.00467;-0.000802615;-0.000111332;0.997813;0.0196635;0.987108;1;3;1
537.531;1112.06;3.8182;1.25003;0.0118304;0.00323329;7.90827e-05;0.0118311;0.00323256;1.0148;0.00278465;0.000384739;1.00343;0.0257304;0.985062;1;4;1
560.531;1112.06;4.12269;1.27183;0.0124131;0.00162519;0.000610425;0.0124475;0.00159075;1.00851;0.00161132;-0.00659992;1.00111;0.0228046;0.988329;1;3;1
583.531;1112.06;4.38553;1.37771;0.0129349;0.00113886;-1.65211e-05;0.0129349;0.00113884;1.0105;0.00555109;0.00328175;0.998108;0.02578;0.981959;1;3;1
606.531;1112.06;4.71374;1.39298;0.0121118;0.000415225;-0.000967351;0.0121913;0.000335762;1.01511;-0.000609006;-0.00184534;0.996954;0.021793;0.986902;1;3;1
629.531;1112.06;4.93934;1.37022;0.00981417;0.00210151;-0.000916593;0.0099216;0.00199407;1.00512;0.00450584;-0.000884004;1.00439;0.0211223;0.989252;1;4;1
652.531;1112.06;5.16299;1.41189;0.0116347;0.00242043;-0.00191287;0.012016;0.0020391;1.01437;0.0118322;0.000767777;1.00761;0.0225024;0.985435;1;4;1
675.531;1112.06;5.47145;1.34555;0.0122384;0.00201907;-0.000636522;0.0122779;0.00197958;1.01211;0.000787479;0.0029159;1.00419;0.0243732;0.970599;1;3;1
698.531;1112.06;5.72255;1.42823;0.0121194;0.00356139;0.00126163;0.0123016;0.00337928;1.01015;0.000320597;-0.00882874;0.997102;0.0274842;0.97308;1;3;1
721.531;1112.06;6.02531;1.5116;0.0122324;0.00248853;-4.1601e-05;0.0122326;0.00248835;1.01199;0.000495783;-0.00300863;1.00509;0.0249016;0.982593;1;3;1
744.531;1112.06;6.28173;1.52794;0.0113562;0.00158327;-0.000999093;0.0114573;0.00148218;1.01252;5.99693e-05;-0.00228068;1.00001;0.0236797;0.983993;1;3;1
767.531;1112.06;6.54476;1.54333;0.01213;0.00300305;-0.000573383;0.0121659;0.00296716;1.01236;-0.00227601;0.00528478;0.999535;0.0248358;0.983087;1;3;1
790.531;1112.06;6.83636;1.55321;0.0137242;-0.000143597;-8.69287e-06;0.0137242;-0.000143603;1.01412;-0.00517523;-0.00346094;0.997239;0.0232474;0.981597;1;3;1
813.531;1112.06;7.17179;1.53123;0.0133272;0.000703027;-0.000333886;0.013336;0.000694203;1.0146;0.00537876;-0.00262334;1.00337;0.0267134;0.977568;1;4;1
836.531;1112.06;7.44531;1.63275;0.0110902;0.000791191;0.00162159;0.0113395;0.000541904;1.01101;-0.00337743;0.00398907;1.00377;0.0258913;0.979474;1;4;1
859.531;1112.06;7.67878;1.71407;0.0121347;0.00247771;0.000175052;0.0121379;0.00247454;1.00941;0.00427405;-0.00489426;1.00433;0.0271485;0.977097;1;4;1
882.531;1112.06;8.00008;1.72251;0.0145184;0.00116674;-0.00134134;0.0146518;0.00103332;1.0129;-0.000481257;-0.00128728;0.997959;0.0275124;0.975905;1;3;1
905.531;1112.06;8.34183;1.6703;0.0118382;0.0030236;-0.000852176;0.0119198;0.00294197;1.00687;-0.00700137;-0.00252633;1.00454;0.0263855;0.975729;1;3;1
928.531;1112.06;8.54144;1.6889;0.0108627;0.00160488;0.000175031;0.010866;0.00160157;1.01355;0.00507739;0.00169572;0.999186;0.0270568;0.968654;1;3;1
951.531;1112.06;8.83877;1.74655;0.0100042;0.00322318;-0.00016432;0.0100082;0.0032192;1.0084;0.00270071;-0.00248505;0.99952;0.0211155;0.987797;1;3;1
974.531;1112.06;8.99919;1.81109;0.0126706;0.00235423;-0.000513354;0.0126961;0.00232875;1.0146;0.00849133;0.00285;1.0051;0.0211991;0.983912;1;3;1
997.531;1112.06;9.41786;1.84581;0.0155785;0.00255251;-2.66222e-05;0.0155785;0.00255246;1.01517;-0.00658131;-0.00665202;1.00133;0.0272724;0.979233;1;4;1
1020.53;1112.06;9.71027;1.86531;0.0104389;0.00267082;-0.000113752;0.0104405;0.00266915;1.00336;-0.00266002;0.00483106;0.999485;0.0270575;0.971578;1;3;1
1043.53;1112.06;9.89557;1.86643;0.00857839;0.0041869;0.000582143;0.00865425;0.00411104;1.01234;-0.00455574;-0.00504191;1.00456;0.0251641;0.978495;1;3;1
1066.53;1112.06;10.1032;1.8932;0.0122886;0.00403825;2.5053e-05;0.0122887;0.00403818;1.01137;0.00667637;-6.5288e-05;1.00172;0.0291054;0.970766;1;3;1
1089.53;1112.06;10.4574;1.91847;0.0129373;0.00292906;-0.00050258;0.0129625;0.00290388;1.01255;-0.000531365;0.00499486;1.00295;0.0228073;0.985322;1;3;1
1112.53;1112.06;10.6945;1.90095;0.0106872;-0.000649351;-0.00145278;0.0108704;-0.000832564;1.0107;0.00362466;-0.00479185;0.997088;0.0257385;0.982251;1;3;1
1135.53;1112.06;10.9464;1.89962;0.0107534;-0.000136004;0.000232298;0.0107584;-0.000140957;1.01188;0.00174217;-0.00613053;1.00306;0.0203141;0.989058;1;3;1
1158.53;1112.06;11.1865;1.97862;0.0115554;0.00284784;-0.000532405;0.0115878;0.00281541;1.01178;-0.00200004;0.00162965;0.999211;0.0271342;0.964389;1;3;1
1181.53;1112.06;11.4748;1.99191;0.0125817;0.00391386;-0.000111085;0.0125831;0.00391244;1.00736;0.00727529;-0.00633934;1.00328;0.0234145;0.984316;1;3;1
1204.53;1112.06;11.7616;2.01626;0.012704;0.00329336;-0.000106607;0.0127052;0.00329215;1.01408;-0.000615026;-0.00169477;1.00551;0.0223968;0.984356;1;3;1
1227.53;1112.06;12.0555;2.01149;0.0120737;0.00273716;-0.000279234;0.0120821;0.00272881;1.01389;0.00561002;-0.00193716;0.995459;0.021974;0.991266;1;3;1
1250.53;1112.06;12.3135;2.14334;0.0123711;0.00360969;-0.000289138;0.0123806;0.00360015;1.00801;0.00252346;-0.000236078;1.00287;0.0204901;0.990587;1;3;1
1273.53;1112.06;12.621;2.13456;0.0134562;0.00283704;-0.000133341;0.0134579;0.00283536;1.02038;-0.00210613;-0.00305774;1.00404;0.0273905;0.984154;1;3;1
31.5305;1089.06;-1.86362;0.349039;0.0125658;-0.000537204;0.00152168;0.0127402;-0.000711599;1.00763;-0.0107074;-0.00347378;1.00258;0.0262609;0.988955;1;3;1
54.5305;1089.06;-1.57643;0.387262;0.0112762;0.00116519;0.00216103;0.0117187;0.000722683;1.01555;-0.00283946;0.00405212;1.00323;0.025977;0.992232;1;3;1
77.5306;1089.06;-1.34786;0.421643;0.0111001;0.000228998;0.00149139;0.011301;2.81107e-05;1.0086;0.00549544;-0.00827461;1.0021;0.0242924;0.98921;1;4;1
100.531;1089.06;-1.06888;0.539999;0.0115739;0.00256288;0.00105071;0.0116948;0.00244199;1.01238;0.00433115;-0.00102058;1.00257;0.0228945;0.993546;1;2;1
123.531;1089.06;-0.818625;0.524691;0.0122175;0.00183608;0.000809766;0.0122803;0.0017733;1.01474;0.00396708;0.00245536;1.00168;0.0241543;0.994089;1;4;1
146.531;1089.06;-0.510299;0.595735;0.0114038;0.00085358;0.000765984;0.0114592;0.000798257;1.01806;-0.000508491;-0.00534502;0.999947;0.024889;0.981096;1;3;1
169.531;1089.06;-0.297224;0.666827;0.00950577;0.000427182;-0.000228236;0.00951151;0.000421448;1.00589;-0.00181517;-0.00192291;1.00338;0.0247066;0.985897;1;3;1
192.531;1089.06;-0.075114;0.641174;0.00943089;0.00027462;-0.00117346;0.00957888;0.000126623;1.01146;0.00074374;0.00382473;1.00051;0.0211604;0.988389;1;3;1
215.531;1089.06;0.134569;0.677312;0.0119926;0.00121096;0.00133265;0.0121548;0.00104868;1.01455;-0.00420681;-0.00176836;1;0.0223208;0.986509;1;3;1
238.531;1089.06;0.473142;0.752481;0.0130684;0.00188303;0.00189453;0.0133806;0.00157086;1.01546;-0.0023529;-0.00389377;1.00061;0.0189735;0.990094;1;3;1
261.531;1089.06;0.731595;0.827713;0.0100391;0.00196206;-0.000412242;0.0100601;0.00194108;1.00738;0.00121469;-0.0032714;1.00635;0.0235002;0.988589;1;3;1
284.531;1089.06;0.932634;0.783913;0.0100822;0.00231042;0.000422041;0.0101051;0.00228757;1.01043;-0.000272993;-0.000273127;1.00166;0.020992;0.991837;1;3;1
307.531;1089.06;1.19306;0.809355;0.0118106;0.00154576;0.000450143;0.0118303;0.00152606;1.01237;0.000202015;-0.000432769;0.99994;0.0266734;0.981642;1;3;1
330.531;1089.06;1.47268;0.862634;0.0110122;0.000448454;0.000546874;0.0110404;0.000420218;1.01391;-0.00502626;-0.00411739;1.00381;0.0238693;0.988055;1;3;1
353.531;1089.06;1.69678;0.895598;0.0114029;0.00147166;0.000908877;0.0114854;0.00138917;1.01402;-0.00144207;-1.52899e-05;1.002;0.0216906;0.984407;1;3;1
376.531;1089.06;1.9942;0.934332;0.01294;0.0014381;0.000864677;0.0130047;0.00137346;1.00857;-0.00508974;-0.00339866;1.00141;0.0199126;0.991096;1;3;1
399.531;1089.06;2.28817;0.963246;0.0108596;0.00242807;0.000638852;0.0109077;0.00237994;1.01068;0.00160376;0.0022563;1.00476;0.0222882;0.9871;1;3;1
422.531;1089.06;2.49094;1.04311;0.0100009;0.000704704;0.000832176;0.0100748;0.000630797;1.00861;-0.00308364;-0.00635691;1.00672;0.0206089;0.988425;1;3;1
445.531;1089.06;2.74577;1.08432;0.0119486;-0.000457736;-7.75957e-05;0.0119491;-0.000458222;1.01525;0.00302611;0.00107074;1.00157;0.021325;0.989673;1;3;1
468.531;1089.06;3.03725;1.12886;0.0138279;0.00167933;0.000171762;0.0138303;0.0016769;1.00756;0.00444332;-0.00257757;1.001;0.0198163;0.990963;1;3;1
491.531;1089.06;3.37749;1.13432;0.0122236;0.00173308;0.000360058;0.012236;0.00172073;1.01358;-0.00130223;0.000648807;1.00601;0.0241432;0.986661;1;4;1
514.531;1089.06;3.59614;1.1392;0.0110268;0.00264306;0.000408935;0.0110467;0.00262317;1.008;-0.00505825;-0.00198995;1.00195;0.0183432;0.991136;1;3;1
537.531;1089.06;3.88196;1.13201;0.0123076;0.00183516;0.000599134;0.0123418;0.00180099;1.01518;-0.00419656;0.00373265;0.99939;0.0245673;0.982293;1;3;1
560.531;1089.06;4.15876;1.2267;0.0129985;0.00265014;0.00131179;0.0131622;0.00248644;1.01478;0.00430778;-0.00785534;1.00437;0.026689;0.974197;1;4;1
583.531;1089.06;4.47591;1.24839;0.0121568;0.00428988;0.000604023;0.0122029;0.00424377;1.00857;-0.00411334;0.00108031;1.00562;0.0178486;0.993388;1;4;1
606.531;1089.06;4.71453;1.31978;0.0117674;0.00403334;0.000412127;0.0117893;0.00401144;1.01549;0.00141549;-0.00762781;1.00484;0.0200015;0.989475;1;3;1
629.531;1089.06;5.01404;1.29325;0.012931;0.0012827;-0.000578056;0.0129596;0.00125408;1.01108;-0.00406682;0.000132073;1.00115;0.0251254;0.979796;1;3;1
652.531;1089.06;5.30553;1.36906;0.00933039;0.0019919;-0.000496758;0.00936387;0.00195843;1.00742;0.0024116;3.01453e-05;1.00025;0.0220893;0.989444;1;3;1
675.531;1089.06;5.4412;1.36503;0.0094574;0.000216684;-0.00108945;0.0095841;8.99787e-05;1.00718;0.0030511;-0.00496611;0.998633;0.0217846;0.986267;1;4;1
698.531;1089.06;5.73852;1.33148;0.0147995;0.00197281;-0.000665078;0.0148339;0.00193842;1.00857;0.00303067;0.00749089;1.00652;0.0251929;0.979702;1;4;1
721.531;1089.06;6.117;1.40435;0.0126737;0.00331353;0.000730237;0.0127303;0.0032569;1.01828;0.00261891;-0.0105224;1.00339;0.0257285;0.981861;1;4;1
744.531;1089.06;6.31769;1.45543;0.0100795;0.00176685;-0.000636714;0.010128;0.00171837;1.0105;-0.000809488;0.00407908;1.00246;0.0236165;0.980145;1;3;1
767.531;1089.06;6.57831;1.45442;0.0113542;0.00241706;0.000644976;0.0114005;0.00237076;1.00199;-0.000963747;-0.00180351;1.0083;0.0226945;0.979899;1;4;1
790.531;1089.06;6.83692;1.56883;0.012889;0.00170583;0.000994317;0.0129767;0.00161811;1.02441;0.000923698;-0.0044062;1.00595;0.0220196;0.9809;1;4;1
813.531;1089.06;7.16732;1.55942;0.0140858;-7.28199e-05;-0.000157374;0.0140876;-7.45689e-05;1.00652;-0.00379803;-0.000443102;0.997289;0.0234341;0.981448;1;4;1
836.531;1089.06;7.48035;1.60388;0.0121007;0.00120885;-0.000142033;0.0121025;0.001207;1.01451;0.00251923;0.00165308;1.00588;0.0234062;0.985425;1;4;1
859.531;1089.06;7.72062;1.57892;0.0115676;0.00215813;0.000123833;0.0115692;0.0021565;1.01757;0.00136836;-0.00329161;1.00432;0.0232117;0.98331;1;4;1
882.531;1089.06;8.00938;1.66352;0.0126158;0.00315589;-5.69152e-05;0.0126161;0.00315555;1.00621;0.00312232;0.00121436;1.01136;0.0323646;0.960397;1;3;1
905.531;1089.06;8.2973;1.63254;0.0124047;0.000205771;0.000547313;0.0124292;0.000181264;1.01626;0.00540095;-0.000614851;0.998827;0.0250694;0.985203;1;3;1
928.531;1089.06;8.5765;1.67325;0.0137528;0.000771919;0.000739928;0.0137949;0.000729879;1.0094;-0.0043446;-0.000332347;1.00007;0.0213919;0.985966;1;3;1
951.531;1089.06;8.92552;1.73751;0.0120875;0.00237014;0.00103892;0.0121974;0.0022603;1.0138;0.00300741;-7.61021e-05;1.00341;0.0216153;0.988379;1;3;1
974.531;1089.06;9.12916;1.74216;0.0103026;0.00379748;-0.00101625;0.0104576;0.00364241;1.01363;0.00213437;-0.00293544;1.00367;0.0218717;0.986196;1;3;1
997.531;1089.06;9.39701;1.76768;0.0118331;0.00307492;-0.00061894;0.0118767;0.00303139;1.01109;0.00632021;0.00218046;1.00867;0.0221986;0.983659;1;3;1
1020.53;1089.06;9.67029;1.7661;0.0108743;0.00223947;-0.000315228;0.0108857;0.00222798;1.00799;0.000188759;-0.000435837;0.999738;0.0249125;0.980464;1;3;1
1043.53;1089.06;9.89453;1.75518;0.0117109;0.00209821;-0.000798938;0.0117769;0.00203226;1.01017;0.0055034;-0.00348465;1.00432;0.0303224;0.983622;1;3;1
1066.53;1089.06;10.2059;1.78311;0.0123491;0.00184671;-0.000289564;0.012357;0.00183873;1.01881;-0.00131695;0.00735702;0.997809;0.0294882;0.967374;1;3;1
1089.53;1089.06;10.4591;1.83296;0.0126344;0.00160969;0.00131332;0.0127887;0.0014554;1.01226;0.00154359;-0.000587196;1.0011;0.0260908;0.974104;1;3;1
1112.53;1089.06;10.7832;1.92644;0.0105536;0.000865979;7.39708e-05;0.0105541;0.000865415;1.01136;-0.00174614;0.000915255;1.00197;0.0230417;0.981419;1;3;1
1135.53;1089.06;10.9419;1.93837;0.0109849;0.0011992;-0.000652017;0.0110281;0.00115594;1.01028;0.00308133;-0.00628102;0.99818;0.0291559;0.974977;1;3;1
1158.53;1089.06;11.2858;1.94577;0.0130997;0.00230071;-0.00177429;0.0133837;0.00201666;1.01374;0.0120308;-0.00267896;1.00561;0.026587;0.976239;1;4;1
1181.53;1089.06;11.5406;1.94809;0.0103509;0.00365365;-0.00145725;0.0106543;0.00335031;1.01488;0.00374315;0.00193433;1.00788;0.0278068;0.971351;1;3;1
1204.53;1089.06;11.7595;1.977;0.0134802;0.00144115;-0.00114641;0.0135884;0.00133296;1.00567;0.00670534;-0.000903587;1.00113;0.0279034;0.970497;1;3;1
1227.53;1089.06;12.1565;1.99486;0.0140201;0.00170167;0.000246162;0.014025;0.00169675;1.01055;0.00191352;-0.00189634;1.00619;0.024883;0.982023;1;3;1
1250.53;1089.06;12.3998;2.06304;0.00783261;0.0019463;-0.0001898;0.00783872;0.00194018;1.0087;0.000978071;0.00252387;0.999125;0.0233363;0.985341;1;3;1
1273.53;1089.06;12.5153;2.07612;0.0050339;0.00160034;-0.000278599;0.00505636;0.00157788;1.00876;0.00598505;-0.00361961;0.998367;0.0284498;0.980898;1;3;1
31.5305;1066.06;-1.84737;0.393256;0.00936195;0.00159122;-0.00134506;0.00958819;0.00136498;1.01728;0.00672328;-0.00150528;0.996681;0.0285554;0.983889;1;3;1
54.5305;1066.06;-1.63307;0.359159;0.0114536;0.00206838;0.000894098;0.011538;0.00198396;1.00832;0.00358515;-0.00336975;1.00374;0.0299257;0.98075;1;4;1
77.5306;1066.06;-1.32353;0.456986;0.0126374;0.00077083;0.00053085;0.0126611;0.00074713;1.00954;0.000439655;-0.000348864;0.996504;0.02276;0.989965;1;4;1
100.531;1066.06;-1.05542;0.426582;0.0104535;0.00317995;0.000512146;0.0104894;0.00314406;1.00666;0.00114966;-0.00474437;1.00283;0.0247316;0.984396;1;3;1
123.531;1066.06;-0.845179;0.497647;0.0117753;0.00123759;0.00127118;0.0119265;0.00108642;1.01674;-0.00170881;0.00295034;1.00538;0.0243894;0.984163;1;3;1
146.531;1066.06;-0.517118;0.565359;0.0115555;0.000565455;0.0017869;0.0118388;0.000282219;1.01233;-0.00354391;-0.0033358;1.00537;0.0217385;0.991069;1;3;1
169.531;1066.06;-0.316827;0.622327;0.010955;0.00136498;0.00126886;0.0111201;0.00119994;1.00775;0.00130459;-0.000345239;1.00094;0.0224676;0.99106;1;3;1
192.531;1066.06;-0.01599;0.647439;0.0107886;0.001211;0.00069118;0.0108382;0.00116138;1.01305;0.00238636;-0.00161856;1.00094;0.0205965;0.990998;1;3;1
215.531;1066.06;0.176785;0.660602;0.00979356;0.00184091;0.000102364;0.00979488;0.00183959;1.01072;0.00470695;0.00178748;1.00134;0.019964;0.991326;1;3;1
238.531;1066.06;0.432302;0.697297;0.0119662;0.00347689;0.00169075;0.0122905;0.00315254;1.0079;-0.00338279;-0.00270177;1.00475;0.021954;0.990081;1;3;1
261.531;1066.06;0.723886;0.752403;0.0115103;0.0035571;0.00154174;0.0117987;0.00326869;1.0146;-0.00230645;-0.00311563;1.00084;0.0251799;0.985999;1;3;1
284.531;1066.06;0.958683;0.784151;0.0111756;0.00169022;-0.000397876;0.0111922;0.00167356;1.01343;0.003109;0.00353326;1.00049;0.0225119;0.988591;1;3;1
307.531;1066.06;1.2351;0.794855;0.0113946;0.00105348;0.000589037;0.011428;0.00102004;1.00881;0.000267219;-0.00343278;1.0014;0.0238166;0.987153;1;3;1
330.531;1066.06;1.47984;0.84545;0.0106318;0.00290854;0.000631849;0.0106831;0.00285719;1.00929;0.00657258;-0.00236448;0.999183;0.0211843;0.99093;1;3;1
353.531;1066.06;1.7215;0.886774;0.0106162;0.00275935;-0.000940853;0.0107273;0.00264825;1.00683;0.00354512;9.35506e-05;1.00233;0.021274;0.991086;1;4;1
376.531;1066.06;1.96559;0.899862;0.0120402;0.00187344;0.000276504;0.0120477;0.00186593;1.01286;0.00112945;-0.00310668;1.00462;0.0228255;0.987938;1;3;1
399.531;1066.06;2.27202;0.94145;0.0111435;0.00187097;0.000805077;0.0112129;0.00180159;1.01154;0.000632062;-0.00351644;1.00699;0.0236507;0.986177;1;3;1
422.531;1066.06;2.47518;1.03284;0.0115521;0.0027886;0.00063169;0.0115974;0.0027433;1.00818;0.00507013;-0.00348796;0.998591;0.0228955;0.983776;1;3;1
445.531;1066.06;2.80023;1.05949;0.0131211;0.00258482;-0.000764432;0.0131763;0.00252965;1.0174;0.000250695;0.00116971;1.0006;0.0191185;0.991982;1;3;1
468.531;1066.06;3.07484;1.04533;0.0113592;0.00282281;-0.000188962;0.0113634;0.00281863;1.00533;0.00249221;8.83978e-05;1.00164;0.0229875;0.984282;1;3;1
491.531;1066.06;3.31982;1.06211;0.0102122;0.00277335;0.000925764;0.0103257;0.00265987;1.00871;-0.000199938;-0.00136061;1.00018;0.0257484;0.976372;1;3;1
514.531;1066.06;3.5422;1.09276;0.0116023;0.00172936;0.00137282;0.0117897;0.00154203;1.01474;0.00572457;-0.000621014;1.00511;0.0213877;0.983651;1;3;1
537.531;1066.06;3.85035;1.1657;0.0126128;0.000725969;0.000892655;0.0126795;0.000659308;1.01101;0.00244793;-0.000647609;1.00557;0.0193566;0.98769;1;3;1
560.531;1066.06;4.11874;1.15008;0.0125259;0.00180912;0.000304039;0.0125345;0.0018005;1.01244;-0.00626694;-0.000613406;1.00426;0.0207467;0.986605;1;4;1
583.531;1066.06;4.42298;1.18082;0.0131743;0.00198897;0.00111629;0.0132846;0.00187866;1.01375;0.00200608;0.00030236;0.997883;0.0196065;0.992283;1;4;1
606.531;1066.06;4.72078;1.20782;0.01352;0.00392497;0.00192027;0.01389;0.00355493;1.01398;-0.0041363;-0.00426719;1.00204;0.0220238;0.987139;1;3;1
629.531;1066.06;5.04057;1.31137;0.0122235;0.0015033;0.00137131;0.0123962;0.00133066;1.01421;-6.35281e-05;-0.00284873;1.00331;0.0237497;0.982278;1;4;1
652.531;1066.06;5.27953;1.3205;0.0107737;0.00299704;0.00137731;0.0110105;0.00276031;1.01472;0.00277857;-0.00128425;1.00269;0.0244479;0.984989;1;3;1
675.531;1066.06;5.53351;1.33563;0.0118555;0.000905551;-0.000335269;0.0118657;0.000895295;1.00536;0.00298197;-0.00298223;0.998255;0.0241984;0.986279;1;3;1
698.531;1066.06;5.82169;1.33768;0.0119901;0.000235057;-0.000641595;0.012025;0.000200142;1.01519;0.00219414;0.0054083;0.999097;0.0202231;0.987436;1;3;1
721.531;1066.06;6.08178;1.35946;0.0124202;0.00292074;0.00113102;0.012553;0.00278794;1.01094;-0.00045621;0.0003781;1.00289;0.0200639;0.988426;1;4;1
744.531;1066.06;6.38938;1.44686;0.011297;0.00296458;-0.000485716;0.0113252;0.00293636;1.0116;0.00253259;-0.00670284;1.00501;0.0234777;0.984922;1;4;1
767.531;1066.06;6.59848;1.43231;0.0100614;0.00244651;-0.000913048;0.0101693;0.00233857;1.00803;0.00321965;0.00848019;1.00064;0.0236841;0.979171;1;3;1
790.531;1066.06;6.84989;1.47481;0.013619;0.00463248;0.000611748;0.0136604;0.00459103;1.02023;0.00249073;-0.0116607;1.00123;0.0307766;0.954935;1;3;1
813.531;1066.06;7.22063;1.53461;0.0137396;0.00208908;0.00183816;0.0140228;0.00180595;1.00532;0.000235339;0.00221389;1.00315;0.0260477;0.975766;1;3;1
836.531;1066.06;7.47752;1.57719;0.0110615;0.000822499;0.000882129;0.0111369;0.000747056;1.01009;0.00159572;-0.00475455;1.00032;0.0254396;0.983746;1;4;1
859.531;1066.06;7.72661;1.61493;0.0127069;0.00135481;-0.00138312;0.0128729;0.00118872;1.01449;0.000831059;0.000360308;0.998132;0.0249934;0.974098;1;3;1
882.531;1066.06;8.05837;1.57761;0.0125807;0.00327747;-0.000352424;0.0125941;0.00326414;1.01503;0.00573232;0.000871176;1.00095;0.027008;0.962824;1;3;1
905.531;1066.06;8.30171;1.66085;0.0113596;0.00216476;-2.90697e-05;0.0113597;0.00216466;1.01072;0.000616044;-0.00345633;1.00013;0.0277487;0.971242;1;3;1
928.531;1066.06;8.57791;1.65342;0.0111675;0.00124761;-0.000302287;0.0111767;0.0012384;1.00536;0.00260016;0.000703199;1.00247;0.0277305;0.975026;1;3;1
951.531;1066.06;8.81257;1.63766;0.0118917;0.00279264;0.000225442;0.0118973;0.00278706;1.02008;-0.0019199;0.00671629;1.00609;0.0290601;0.974136;1;4;1
974.531;1066.06;9.12172;1.6369;0.0150099;0.000468442;-0.000759071;0.0150494;0.000428926;1.0142;0.001029;-0.00334116;0.997788;0.0243964;0.980925;1;3;1
997.531;1066.06;9.49787;1.70465;0.0132391;0.00146188;0.000650299;0.0132749;0.00142608;1.0106;0.00685486;-0.00382291;0.997656;0.0210332;0.988153;1;3;1
1020.53;1066.06;9.72657;1.76241;0.0106484;0.00114284;-4.02739e-05;0.0106485;0.00114267;1.01331;0.00282982;-7.46552e-05;1.00211;0.0241911;0.97545;1;3;1
1043.53;1066.06;9.98507;1.7701;0.0104879;0.00115166;-0.000479626;0.0105125;0.00112709;1.01177;0.00184328;-0.00220659;0.99801;0.0226116;0.986826;1;3;1
1066.53;1066.06;10.2065;1.80844;0.0108149;0.00123956;-0.000108411;0.0108161;0.00123833;1.00346;0.00453313;0.00168813;1.00008;0.026754;0.976094;1;3;1
1089.53;1066.06;10.4798;1.84449;0.0128141;0.00135127;-0.000817842;0.0128722;0.00129321;1.01198;0.00308615;-0.00440374;1.00372;0.0233411;0.989502;1;3;1
1112.53;1066.06;10.7922;1.86124;0.0119188;0.00287925;-0.000446066;0.0119407;0.00285729;1.01483;-0.00241588;0.00201203;1.0028;0.0236982;0.982007;1;3;1
1135.53;1066.06;11.0249;1.84456;0.0123591;0.00271967;-0.00165032;0.0126338;0.00244495;1.00769;0.00465963;-0.0010956;1.00238;0.0194439;0.987131;1;3;1
1158.53;1066.06;11.3572;1.87323;0.0134296;0.00078325;-0.00109323;0.0135234;0.00068944;1.02375;-0.0029427;-0.00111458;1.00132;0.0230428;0.985697;1;3;1
1181.53;1066.06;11.6385;1.82444;0.0121324;0.00133387;0.000385217;0.0121461;0.00132015;1.00642;-0.00456638;0.00223364;0.9909;0.026226;0.973756;1;3;1
1204.53;1066.06;11.9119;1.95026;0.0104845;0.00147348;-1.12575e-05;0.0104845;0.00147346;1.01497;0.00132295;-0.00440229;1.00029;0.0250267;0.976143;1;3;1
1227.53;1066.06;12.1182;1.93332;0.0109252;0.00267076;0.00109087;0.0110669;0.00252903;1.0041;0.00553604;0.00255173;1.00464;0.0249979;0.973598;1;3;1
1250.53;1066.06;12.4116;2.054;0.0121272;0.00419665;0.00082789;0.0122127;0.00411115;1.01241;0.00177483;-0.00470648;1.01024;0.0288054;0.976314;1;3;1
1273.53;1066.06;12.6725;2.06103;0.0114075;0.00208399;-0.00148965;0.0116397;0.00185177;1.01585;0.00162073;0.000355372;1.00325;0.0253327;0.986603;1;3;1
31.5305;1043.06;-1.80869;0.275933;0.00935086;0.00196433;0.000260328;0.00936002;0.00195517;1.01252;0.000805705;-0.000976856;1.00415;0.0285149;0.980114;1;3;1
54.5305;1043.06;-1.59462;0.292218;0.0104752;0.00137659;0.000558257;0.0105093;0.00134247;1.01149;-0.0014973;-0.00346307;1.00209;0.0276833;0.984921;1;3;1
77.5306;1043.06;-1.32946;0.386202;0.0113592;0.00252083;0.000953412;0.0114609;0.00241916;1.011;-0.0009981;-0.000272221;1.00248;0.0244902;0.984933;1;3;1
100.531;1043.06;-1.07514;0.393954;0.0116464;0.00109001;0.000915431;0.0117252;0.00101121;1.01167;0.000549971;-0.00124146;1.00063;0.0234213;0.984178;1;3;1
123.531;1043.06;-0.796879;0.467802;0.0114997;0.00225536;0.0022629;0.0120239;0.00173115;1.01372;0.00248362;-0.00471369;0.99994;0.0200465;0.990279;1;3;1
146.531;1043.06;-0.549493;0.569748;0.0101748;0.00212973;0.00192675;0.0106125;0.0016921;1.0045;-0.00157674;-0.00364062;1.00176;0.0236044;0.99063;1;3;1
169.531;1043.06;-0.331395;0.604093;0.0098169;0.0032343;-0.000738006;0.00989863;0.00315257;1.01352;0.00104725;-0.000936234;1.00123;0.021912;0.990738;1;3;1
192.531;1043.06;-0.100113;0.585508;0.0110628;0.00194009;0.000131331;0.0110647;0.0019382;1.0091;0.00204222;0.00207272;1.00052;0.0193199;0.992577;1;3;1
215.531;1043.06;0.174711;0.592726;0.011161;0.00160026;-0.000395129;0.0111773;0.00158396;1.01238;0.000227734;-0.00187045;1.00308;0.02177;0.988815;1;3;1
238.531;1043.06;0.410458;0.592864;0.0109919;0.00311789;0.000733248;0.0110596;0.00305019;1.01257;-0.00372126;-0.00149801;1.00191;0.0247653;0.982304;1;3;1
261.531;1043.06;0.677536;0.664408;0.0131412;0.00334687;0.00137783;0.0133313;0.00315673;1.01223;0.000164283;-0.00456064;1.00237;0.0247984;0.984886;1;3;1
284.531;1043.06;1.01089;0.706295;0.011428;0.00183562;0.00128843;0.011598;0.00166557;1.00722;-0.00290724;0.000773881;1.00334;0.0226557;0.987587;1;3;1
307.531;1043.06;1.20015;0.760921;0.0108297;0.00198835;0.000521628;0.0108603;0.00195768;1.00584;0.000310156;0.000673366;1.00206;0.0261108;0.988522;1;3;1
330.531;1043.06;1.50638;0.729047;0.0139277;0.002415;-0.000318763;0.0139365;0.00240618;1.01882;-0.00246482;0.000129179;1.00523;0.0227647;0.988204;1;4;1
353.531;1043.06;1.83643;0.769054;0.0113016;0.00256103;0.00113439;0.0114464;0.0024162;1.01195;-0.00281503;0.000498487;1.01037;0.0230645;0.986768;1;4;1
376.531;1043.06;2.0232;0.848244;0.0111567;0.00172322;0.00124815;0.0113191;0.00156087;1.01149;-0.000666478;-0.0060595;0.997955;0.0237375;0.988614;1;4;1
399.531;1043.06;2.34668;0.877299;0.0115301;0.000567138;0.000247533;0.0115356;0.000561552;1.00771;0.00420728;-0.0020735;0.996179;0.0242471;0.98207;1;3;1
422.531;1043.06;2.55051;0.915046;0.0105104;0.00344784;0.000279481;0.0105214;0.0034368;1.01199;0.0033696;-0.00308769;1.00736;0.0230101;0.986891;1;4;1
445.531;1043.06;2.82756;0.96564;0.0110737;0.00292701;0.000237988;0.0110807;0.00292007;1.01287;0.00470672;4.21766e-05;1.00343;0.0219828;0.983822;1;3;1
468.531;1043.06;3.05703;0.999195;0.0112085;0.00152258;0.000825894;0.0112784;0.00145266;1.00625;-0.00281333;-0.00083824;1.00332;0.0203819;0.984781;1;3;1
491.531;1043.06;3.34027;1.00694;0.0112993;0.000867893;3.63654e-05;0.0112994;0.000867766;1.00951;0.00170186;-0.00195235;0.999261;0.0245531;0.981975;1;3;1
514.531;1043.06;3.57386;1.05972;0.0113093;0.0012866;0.000508622;0.0113351;0.00126086;1.01309;-0.00329525;-0.00116445;0.996167;0.0214188;0.987084;1;3;1
537.531;1043.06;3.8575;1.09863;0.012519;0.00198645;0.00069951;0.0125652;0.0019402;1.01084;-0.0066688;-0.00307408;0.998122;0.0236865;0.986943;1;3;1
560.531;1043.06;4.1461;1.14356;0.0125601;0.00184273;0.000404261;0.0125754;0.00182751;1.01526;0.00415041;-0.0020259;0.998747;0.021884;0.982525;1;4;1
583.531;1043.06;4.43165;1.157;0.0114437;0.00218863;-0.000660496;0.0114906;0.00214173;1.01093;-0.00144875;0.00550068;1.006;0.022086;0.98386;1;3;1
606.531;1043.06;4.66953;1.1396;0.0124523;0.00231481;0.000162283;0.0124549;0.00231221;1.01171;-0.00133649;-0.0102465;1.00826;0.0215863;0.986874;1;3;1
629.531;1043.06;5.00088;1.22415;0.0116936;0.00231316;0.00123991;0.0118548;0.00215204;1.01075;-0.000120749;0.00664943;0.998537;0.0245079;0.981892;1;3;1
652.531;1043.06;5.20424;1.23151;0.0106628;0.000771814;0.00104801;0.0107726;0.000661991;1.00742;-0.000805491;-0.00479321;1.00052;0.024408;0.983356;1;4;1
675.531;1043.06;5.48868;1.32342;0.0134866;0.00170742;0.000505453;0.0135082;0.00168577;1.02277;-0.00123813;-0.00207948;1.00555;0.0247139;0.982249;1;4;1
698.531;1043.06;5.82041;1.32074;0.0138718;0.0003562;-0.00103265;0.0139502;0.000277756;1.01028;0.0023173;0.000975846;0.999251;0.0209764;0.986674;1;3;1
721.531;1043.06;6.12239;1.2702;0.013431;0.00154737;-0.000800512;0.0134847;0.00149369;1.01224;0.0081565;-0.000162232;1.00434;0.0226241;0.984484;1;3;1
744.531;1043.06;6.43414;1.31941;0.0123996;0.00146978;-4.23019e-05;0.0123998;0.00146962;1.00958;0.00441684;0.00103331;1.00122;0.0283184;0.971785;1;3;1
767.531;1043.06;6.68922;1.34215;0.00980102;0.00184211;-0.000720211;0.00986566;0.00177747;1.01137;0.00560175;-0.00341161;1.00193;0.0252355;0.976358;1;4;1
790.531;1043.06;6.88278;1.35625;0.00901047;0.00154756;0.00100168;0.00914257;0.00141546;1.00815;0.00275889;0.00269425;1.00558;0.028557;0.967368;1;4;1
813.531;1043.06;7.10169;1.46347;0.0130687;0.00223684;0.00236195;0.0135613;0.00174421;1.01245;0.00140677;-0.00914112;1.00253;0.0244788;0.985343;1;4;1
836.531;1043.06;7.47959;1.56606;0.0163274;0.00184419;0.00072308;0.0163635;0.00180818;1.02565;-0.0107623;0.0082802;0.99896;0.0270217;0.97626;1;4;1
859.531;1043.06;7.84669;1.51682;0.0132903;0.0037477;-0.00102161;0.0133984;0.00363956;1.00995;-0.00174573;-0.00530932;1.00107;0.0228918;0.984261;1;3;1
882.531;1043.06;8.08691;1.51307;0.0115526;0.00152434;-8.61042e-05;0.0115534;0.0015236;1.0101;-0.00483297;0.00341254;1.00128;0.0239324;0.975536;1;3;1
905.531;1043.06;8.37507;1.53314;0.0108023;0.0025185;-0.000154514;0.0108051;0.00251562;1.00838;0.000389253;-0.00406241;1.00344;0.0271084;0.983124;1;3;1
928.531;1043.06;8.58104;1.6159;0.0112283;0.00140478;-6.19378e-05;0.0112287;0.00140439;1.01329;0.00221233;0.00169612;0.99809;0.0257677;0.978342;1;4;1
951.531;1043.06;8.88865;1.60924;0.0149598;0.000403921;0.000159808;0.0149615;0.000402167;1.01506;0.00136955;-0.00176536;0.99495;0.0238019;0.980465;1;3;1
974.531;1043.06;9.264;1.72081;0.0125443;0.000450453;0.000179231;0.0125469;0.000447798;1.00696;0.00601089;2.21474e-05;0.999876;0.0249888;0.974908;1;3;1
997.531;1043.06;9.46202;1.70053;0.0103748;0.000516547;0.000223114;0.0103798;0.0005115;1.01561;-0.00540429;0.000539602;0.997407;0.0278181;0.967472;1;3;1
1020.53;1043.06;9.73879;1.71361;0.0114076;0.00264637;0.000676168;0.0114595;0.00259449;1.01084;-0.0030729;-0.00765849;0.996543;0.0274446;0.978673;1;3;1
1043.53;1043.06;9.98381;1.70232;0.0120421;0.0016463;2.59581e-05;0.0120422;0.00164624;1.01277;-0.000764316;0.00200046;1.00209;0.0263836;0.973283;1;3;1
1066.53;1043.06;10.2894;1.7262;0.0131682;0.00224949;-0.000382204;0.0131816;0.00223612;1.01389;0.00721739;-0.00105943;1.00196;0.0238974;0.976185;1;3;1
1089.53;1043.06;10.5856;1.77102;0.011686;0.00182579;-0.000460181;0.0117075;0.00180436;1.00878;0.00641893;-0.00294919;0.999704;0.0234641;0.986311;1;3;1
1112.53;1043.06;10.8238;1.7942;0.0113284;0.00173007;0.000655003;0.0113729;0.00168558;1.00963;-0.00141806;-0.00343395;0.999421;0.0268952;0.980356;1;3;1
1135.53;1043.06;11.1037;1.81372;0.01184;0.00136337;-0.00064768;0.0118799;0.00132348;1.01213;0.0023465;-0.00482639;1.00134;0.0233698;0.985881;1;3;1
1158.53;1043.06;11.3651;1.90982;0.0104472;0.000250196;0.000589935;0.0104813;0.00021618;1.01693;-0.000142022;-0.00110304;0.998388;0.0228495;0.974831;1;4;1
1181.53;1043.06;11.5818;1.88679;0.0110001;0.000338914;-9.10711e-05;0.0110009;0.000338136;1.00265;0.00497493;0.00181093;1.00331;0.0254219;0.974607;1;3;1
1204.53;1043.06;11.8684;1.9094;0.012652;0.00146841;-0.000510734;0.0126753;0.00144514;1.01708;0.00123011;-0.00167555;1.00258;0.0264992;0.96677;1;2;1
1227.53;1043.06;12.1601;1.87217;0.0127526;0.00220306;-0.000893707;0.0128277;0.00212788;1.01135;-0.00363548;0.00254265;0.997398;0.026081;0.973413;1;3;1
1250.53;1043.06;12.4513;1.87043;0.0110338;0.00310731;0.00124263;0.011224;0.00291707;1.00909;-0.00268402;-0.00677243;0.994526;0.0328041;0.971736;1;3;1
1273.53;1043.06;12.6648;1.9806;0.00933578;0.00346713;0.00222683;0.0100851;0.00271784;1.00718;0.00163378;0.00239749;1.00742;0.0284298;0.98146;1;3;1
31.5305;1020.06;-1.83877;0.302986;0.0115508;0.000992539;0.000203414;0.0115547;0.000988621;1.00416;-0.00231916;-0.00775655;0.99846;0.0249927;0.988811;1;3;1
54.5305;1020.06;-1.57462;0.295916;0.0115742;0.000157701;0.000180687;0.0115771;0.000154842;1.01697;0.000734394;0.00286046;0.999847;0.0277301;0.987141;1;3;1
77.5306;1020.06;-1.30941;0.341175;0.0112971;0.00229346;0.000393022;0.0113142;0.00227633;1.01142;-0.00457709;-0.00186089;1.00244;0.0259945;0.990091;1;3;1
100.531;1020.06;-1.05793;0.376469;0.00944924;0.000928912;0.000948222;0.00955349;0.00082466;1.00721;-0.00522575;-0.000415276;1.00105;0.0252856;0.987744;1;3;1
123.531;1020.06;-0.876814;0.394028;0.0109424;0.00171389;0.00125105;0.011109;0.0015473;1.01146;-0.0024765;-0.00036233;1.00517;0.0228075;0.988611;1;3;1
146.531;1020.06;-0.55739;0.467513;0.0140749;0.00342522;0.00114289;0.0141962;0.00330395;1.01473;0.00745128;-0.00337613;1.00188;0.0249132;0.988277;1;3;1
169.531;1020.06;-0.233929;0.473864;0.0113303;0.0039175;0.000715705;0.0113987;0.00384903;1.01152;0.00143145;-0.00119382;1.00128;0.025811;0.986291;1;3;1
192.531;1020.06;-0.0392064;0.558287;0.00992027;0.00221752;0.000667895;0.00997775;0.00216003;1.00023;-0.000675378;-0.000552699;1.00133;0.0220497;0.988801;1;3;1
215.531;1020.06;0.220025;0.587069;0.0103993;0.00119453;0.000161005;0.0104021;0.00119171;1.01683;-0.0040896;0.000699994;1.00145;0.0222241;0.992062;1;3;1
238.531;1020.06;0.436701;0.554097;0.0107326;0.00190038;8.17906e-05;0.0107334;0.00189962;1.00746;0.00364228;-0.00209634;1.00523;0.0235385;0.989548;1;3;1
261.531;1020.06;0.711102;0.598705;0.010942;0.00234865;0.0019145;0.0113493;0.00194142;1.0115;0.000645901;-0.00450131;1.00108;0.0240677;0.98545;1;3;1
284.531;1020.06;0.937083;0.699795;0.0109109;0.00184041;0.00171594;0.0112247;0.00152665;1.01183;-0.00406723;-0.00217158;1.00165;0.0217783;0.987864;1;3;1
307.531;1020.06;1.21018;0.703488;0.0126824;0.00298909;-9.83138e-05;0.0126834;0.0029881;1.01265;0.00141759;-0.00249351;1.0022;0.0214902;0.989156;1;3;1
330.531;1020.06;1.51681;0.734509;0.0115076;0.000688103;0.000269678;0.0115143;0.000681386;1.00827;0.00253611;-0.00154703;0.997379;0.0232332;0.987209;1;3;1
353.531;1020.06;1.73647;0.76912;0.00966656;0.00133202;0.00224371;0.0102322;0.000766387;1.0135;0.00312754;0.00194271;0.994013;0.0245533;0.986081;1;3;1
376.531;1020.06;1.95926;0.820662;0.0126739;0.00150044;0.0012221;0.012806;0.00136833;1.00709;0.00419611;-0.00503931;1.00474;0.0244881;0.980539;1;4;1
399.531;1020.06;2.31559;0.91539;0.0126492;0.000939703;0.000592189;0.012679;0.00090983;1.0075;-0.00153681;0.00327166;1.00219;0.0242717;0.983119;1;3;1
422.531;1020.06;2.53746;0.87455;0.0119502;0.00106162;-0.00031491;0.0119593;0.00105252;1.01508;0.00218923;-0.00367775;1.00037;0.0240981;0.981596;1;3;1
445.531;1020.06;2.86205;0.92509;0.0110001;0.00258852;0.00125848;0.0111844;0.00240427;1.00669;0.00313339;0.00143844;0.999616;0.023876;0.984433;1;3;1
468.531;1020.06;3.0406;0.975353;0.0112467;0.00183844;0.000691955;0.0112973;0.00178782;1.01505;-0.00292975;-0.00493736;0.999197;0.0211267;0.987429;1;3;1
491.531;1020.06;3.37642;1.02224;0.0119433;0.00129391;0.000575028;0.0119743;0.00126295;1.01376;-0.0003191;0.000627739;1.00395;0.0236318;0.987196;1;3;1
514.531;1020.06;3.58671;1.03364;0.0107829;0.00194994;0.000457808;0.0108066;0.00192627;1.00889;0.00407573;-0.00111824;1.00627;0.0224662;0.985148;1;3;1
537.531;1020.06;3.86976;1.07441;0.0120954;0.00275007;-0.000296394;0.0121048;0.00274068;1.00274;-0.00158451;0.00074393;1.00546;0.0234288;0.98667;1;3;1
560.531;1020.06;4.13977;1.0654;0.0133351;0.00228733;-0.000358609;0.0133467;0.0022757;1.02096;0.00367757;0.00222954;1.00252;0.0224487;0.986;1;3;1
583.531;1020.06;4.47914;1.08028;0.0138503;0.00319055;5.67727e-05;0.0138506;0.00319025;1.00834;0.000318465;-0.00371224;1.00451;0.0217417;0.986466;1;3;1
606.531;1020.06;4.77251;1.10149;0.0118058;0.000777503;0.000731528;0.0118541;0.000729191;1.01138;-0.00148779;-9.5472e-05;0.997474;0.0242377;0.981057;1;3;1
629.531;1020.06;5.01887;1.20509;0.0111545;0.000962745;0.00228873;0.0116449;0.000472369;1.01465;-0.00225575;-0.00655827;1.00255;0.0239058;0.981679;1;3;1
652.531;1020.06;5.28243;1.28501;0.0121816;0.00134204;-0.000354963;0.0121932;0.00133043;1.00539;-0.00118068;0.00369078;1.00038;0.027076;0.97728;1;3;1
675.531;1020.06;5.57582;1.25717;0.0126986;0.00284473;-2.49284e-05;0.0126986;0.00284466;1.01981;-0.000631005;-0.00052131;0.999646;0.0216287;0.986264;1;3;1
698.531;1020.06;5.86289;1.32131;0.0126294;0.000514492;0.000986467;0.0127092;0.000434693;1.00968;-0.0053633;-0.00363269;0.998598;0.0250787;0.980789;1;3;1
721.531;1020.06;6.15314;1.28839;0.0131629;0.000699218;0.000838042;0.013219;0.000643121;1.01067;-0.00654812;-0.00113514;0.998393;0.026364;0.975438;1;3;1
744.531;1020.06;6.46441;1.37937;0.0119741;0.000799456;0.0011476;0.0120907;0.000682818;1.01365;-0.000118134;0.00146094;1.00567;0.0263317;0.973764;1;4;1
767.531;1020.06;6.70065;1.34777;0.00905328;0.00100723;0.000488696;0.00908285;0.000977661;1.00693;0.00422789;-0.00303859;1.00136;0.0271334;0.973971;1;4;1
790.531;1020.06;6.87898;1.40369;0.0112172;0.00095825;5.70042e-05;0.0112175;0.000957933;1.00546;-0.000295808;0.00257854;0.994628;0.0249825;0.975311;1;4;1
813.531;1020.06;7.21371;1.43183;0.0128148;0.00323407;-0.000332803;0.0128264;0.00322253;1.01811;-0.00181848;-0.00957995;1.00124;0.0318671;0.974185;1;4;1
836.531;1020.06;7.46465;1.49244;0.0120978;0.00439005;0.000178873;0.012102;0.0043859;1.01087;0.00448391;0.00648885;1.00491;0.0251226;0.988157;1;3;1
859.531;1020.06;7.76688;1.44287;0.0135186;0.00178689;-0.000156292;0.0135207;0.00178481;1.01385;0.000411837;-0.0024723;1.00045;0.0236331;0.981207;1;3;1
882.531;1020.06;8.08236;1.50755;0.0142523;0.00140781;-0.000161434;0.0142544;0.00140578;1.00929;0.00294707;0.00195416;1.00021;0.0223375;0.986862;1;3;1
905.531;1020.06;8.41777;1.54529;0.0126141;-0.00096603;-3.95273e-05;0.0126142;-0.000966145;1.02164;0.00825932;-0.00756979;0.99645;0.0252073;0.97714;1;4;1
928.531;1020.06;8.65892;1.58892;0.0105726;0.0022429;-0.000718607;0.0106342;0.00218136;1.01115;0.00232563;0.000715217;1.00626;0.0232948;0.985655;1;3;1
951.531;1020.06;8.9015;1.61917;0.0117359;0.00247918;-0.000331595;0.0117478;0.00246732;1.01197;0.000940664;-5.37857e-05;1.0055;0.0228424;0.980319;1;3;1
974.531;1020.06;9.19564;1.61625;0.012445;0.00358243;0.000905437;0.0125366;0.00349087;1.0111;-0.00163027;-0.0071965;0.996087;0.0244654;0.981583;1;3;1
997.531;1020.06;9.47042;1.6809;0.010296;0.00177047;-0.000217024;0.0103015;0.00176495;1.01162;0.00467344;-0.00135681;1.00399;0.0227346;0.981724;1;3;1
1020.53;1020.06;9.66683;1.64088;0.0114729;0.00110331;-0.000994876;0.0115675;0.00100872;1.01275;0.01016;-0.00215051;1.00022;0.0267593;0.96609;1;4;1
1043.53;1020.06;9.99517;1.69443;0.0140619;0.000501911;-0.000556624;0.0140847;0.0004791;1.01198;0.00139254;0.00278436;1.00737;0.0259229;0.971422;1;3;1
1066.53;1020.06;10.3092;1.7052;0.0129943;0.00233524;-0.00055972;0.0130236;0.00230593;1.0159;-0.00104077;-0.00285487;1.00404;0.0207955;0.98767;1;3;1
1089.53;1020.06;10.589;1.76071;0.0101772;0.00239643;0.000237234;0.0101844;0.0023892;1.0118;0.000609033;0.00128025;1.0021;0.0219372;0.98562;1;3;1
1112.53;1020.06;10.7749;1.78173;0.0133306;0.00198903;-0.000298933;0.0133384;0.00198115;1.0086;0.00372426;-0.00404588;0.998827;0.0203187;0.988128;1;3;1
1135.53;1020.06;11.1982;1.78221;0.0131513;0.00214886;-0.000268881;0.0131579;0.0021423;1.01762;0.00638884;-0.000759136;1.00031;0.0213365;0.983528;1;3;1
1158.53;1020.06;11.3758;1.86172;0.0097912;0.00353034;0.00035457;0.00981122;0.00351032;1.00809;0.00146269;-0.00270604;1.00278;0.0223239;0.981757;1;3;1
1181.53;1020.06;11.6464;1.80885;0.0124241;0.00192391;-0.000838499;0.0124907;0.00185737;1.01606;-0.00065376;-0.000266831;0.998958;0.0237775;0.980777;1;3;1
1204.53;1020.06;11.9438;1.88278;0.0112455;0.00185297;-0.000661806;0.0112919;0.00180657;1.01006;0.00240149;0.00104089;1.004;0.0242999;0.976667;1;3;1
1227.53;1020.06;12.1608;1.83211;0.0101005;0.00142025;-0.000743565;0.0101638;0.00135702;1.01136;-0.000758464;-0.000643552;1.0056;0.0215016;0.989282;1;3;1
1250.53;1020.06;12.4061;1.91129;0.0115408;0.000946731;5.40273e-05;0.0115411;0.000946456;1.01258;-0.00052703;-0.0031946;1.00139;0.0223612;0.98707;1;2;1
1273.53;1020.06;12.6886;1.90182;0.012357;0.0014874;-0.000722811;0.0124048;0.00143954;1.01059;0.00147385;0.00401401;0.991425;0.0257577;0.991122;1;3;1
31.5305;997.06;-1.84118;0.230311;0.011718;0.00237509;0.00140221;0.0119239;0.00216918;1.00105;0.00223651;-0.0028042;1.00388;0.0293903;0.982324;1;3;1
54.5305;997.06;-1.57329;0.284969;0.0121564;-9.14904e-05;0.00104228;0.0122445;-0.000179555;1.0117;0.00722677;-0.00217211;0.9996;0.0286079;0.982775;1;3;1
77.5306;997.06;-1.28537;0.280845;0.0101419;0.000686701;0.00110392;0.0102691;0.000559525;1.01034;-0.00420668;-0.000201175;0.996562;0.0271042;0.98487;1;3;1
100.531;997.06;-1.10916;0.351256;0.0101594;0.000580337;0.00114005;0.0102932;0.000446524;1.00772;0.000153826;-0.00290656;1.00178;0.0227652;0.989787;1;3;1
123.531;997.06;-0.820519;0.389037;0.0116983;0.000441261;-0.000258502;0.0117042;0.000435328;1.01126;0.00442779;0.000622272;0.996573;0.0239134;0.986373;1;3;1
146.531;997.06;-0.574185;0.412463;0.0112394;0.00278903;-0.000191073;0.0112437;0.00278471;1.01087;-0.00471188;-0.00166696;1.00152;0.025261;0.989432;1;3;1
169.531;997.06;-0.306393;0.424247;0.011492;0.00245461;0.00155552;0.0117522;0.00219437;1.01122;-0.0066375;-0.00311065;1.002;0.0227951;0.990861;1;3;1
192.531;997.06;-0.0486116;0.483644;0.0101034;0.00268782;0.00116861;0.0102832;0.00250801;1.00967;0.00320244;-5.86971e-05;1.0018;0.0213159;0.989915;1;3;1
215.531;997.06;0.155898;0.537814;0.0101195;0.00292526;0.00111662;0.0102888;0.00275594;1.01266;0.00562784;0.00232463;1.00167;0.0241308;0.982563;1;3;1
238.531;997.06;0.414547;0.505529;0.01075;0.000288296;0.000145096;0.010752;0.000286284;1.00957;0.000601103;-0.000682158;0.997792;0.0225578;0.988397;1;3;1
261.531;997.06;0.647765;0.556506;0.0118997;0.00147329;0.0014266;0.0120913;0.00128161;1.01211;-0.00463217;0.000975492;1.00312;0.0238577;0.986925;1;3;1
284.531;997.06;0.958569;0.621744;0.013035;0.0025424;0.000750215;0.0130883;0.00248903;1.0102;0.00473597;-0.00422967;0.998344;0.0227312;0.989027;1;3;1
307.531;997.06;1.24347;0.623648;0.0128705;0.00258112;0.000794821;0.0129315;0.00252009;1.01216;0.00191181;-0.00241784;1.00422;0.0209391;0.993481;1;3;1
330.531;997.06;1.54679;0.697423;0.010358;0.00206862;0.000767333;0.0104284;0.00199818;1.01051;-0.00176356;-0.000599333;1.0026;0.0198316;0.987622;1;3;1
353.531;997.06;1.71742;0.707975;0.0111509;0.00268227;0.00052837;0.0111838;0.00264943;1.01177;-0.00161525;-0.00245309;1.00665;0.0199658;0.989988;1;3;1
376.531;997.06;2.05683;0.779287;0.0137651;0.0026185;0.000361932;0.0137769;0.00260676;1.01331;-0.00104369;-0.00531974;1.00271;0.0230927;0.983588;1;4;1
399.531;997.06;2.34614;0.834093;0.0116318;0.00428312;0.00161849;0.0119725;0.00394245;1.01303;0.00110875;-0.00269527;1.00369;0.0201177;0.991169;1;3;1
422.531;997.06;2.58874;0.866254;0.0102006;0.00217215;-7.84164e-06;0.0102006;0.00217214;1.00975;0.000899093;-0.00115293;1.00207;0.0250263;0.986246;1;3;1
445.531;997.06;2.813;0.846724;0.0109643;0.00210907;0.000399446;0.0109822;0.00209109;1.00973;0.00194663;-0.00387284;1.00452;0.0212749;0.986775;1;3;1
468.531;997.06;3.09033;0.914716;0.0116492;0.00280258;-0.00061422;0.0116916;0.00276013;1.01462;0.0069601;-0.00549177;1.00616;0.0218912;0.9897;1;3;1
491.531;997.06;3.34567;0.947461;0.0107882;0.00328856;0.000641605;0.0108427;0.00323406;1.00724;-0.000977637;-0.000863773;1.00011;0.0220763;0.984054;1;4;1
514.531;997.06;3.58391;0.970116;0.0124736;0.00323461;-0.000495939;0.0125002;0.00320806;1.01096;-0.00266905;0.00259774;1.00162;0.0232305;0.981209;1;3;1
537.531;997.06;3.91591;0.97234;0.0131419;0.00284792;0.000435766;0.0131603;0.00282951;1.01826;0.0036625;-0.00552241;0.999132;0.0232333;0.983519;1;3;1
560.531;997.06;4.18446;1.03848;0.011947;0.00065003;-0.000426007;0.011963;0.000633988;1.01041;-0.00453492;0.000815211;0.999912;0.0213726;0.990396;1;4;1
583.531;997.06;4.46221;1.01048;0.0118531;0.00156935;0.000509347;0.0118783;0.00154419;1.0081;0.00108906;-0.00520225;0.999487;0.0200143;0.985752;1;3;1
606.531;997.06;4.72647;1.10389;0.0112012;0.00120672;0.00241908;0.0117559;0.000651988;1.0203;0.00453856;-0.00162983;1.00025;0.0221784;0.982234;1;4;1
629.531;997.06;4.97431;1.17989;0.0122835;0.003748;0.000780789;0.0123544;0.00367716;1.00461;0.00329247;-0.00233409;1.00728;0.0215324;0.982942;1;4;1
652.531;997.06;5.28803;1.1699;0.0120851;0.00412481;0.000267521;0.012094;0.00411583;1.01179;0.00227476;0.00132541;1.00187;0.0207795;0.985166;1;3;1
675.531;997.06;5.5269;1.19276;0.0103523;0.00173491;0.000671093;0.0104043;0.00168296;1.00983;0.00197688;-0.00444077;1.00307;0.0197042;0.989532;1;4;1
698.531;997.06;5.76163;1.29712;0.0126166;0.00438026;0.000575832;0.0126567;0.00434019;1.01647;-0.000543919;7.10589e-05;1.00805;0.0256046;0.979568;1;3;1
721.531;997.06;6.10362;1.23805;0.0137212;0.0020508;-1.87355e-06;0.0137212;0.0020508;1.00759;-0.000681765;0.00254704;1.00531;0.0244294;0.980177;1;3;1
744.531;997.06;6.38853;1.28267;0.0123625;0.00459003;0.00146321;0.0126288;0.0043237;1.01678;-0.00137486;-0.00476879;1.00281;0.0266314;0.977385;1;3;1
767.531;997.06;6.66879;1.29584;0.0125186;0.00212891;5.72642e-05;0.0125189;0.00212859;1.00785;-0.00406805;0.00282058;1.00687;0.0255295;0.97746;1;3;1
790.531;997.06;6.96081;1.31225;0.0120512;0.00283219;-0.000907871;0.0121397;0.00274364;1.01606;-0.000346933;0.00101207;1.00798;0.0262061;0.981386;1;4;1
813.531;997.06;7.21984;1.31509;0.0112257;0.00458445;-0.000296017;0.0112388;0.00457128;1.01256;0.0076072;-0.00341976;1.00113;0.0227892;0.986171;1;3;1
836.531;997.06;7.4743;1.36456;0.0143654;0.00403045;1.78247e-05;0.0143654;0.00403042;1.01346;0.00976011;-0.00438399;1.00216;0.0252974;0.974862;1;4;1
859.531;997.06;7.87581;1.4347;0.0159615;0.00134969;-0.000555873;0.0159826;0.00132857;1.01272;0.0025975;0.00310661;1.00291;0.0243862;0.983401;1;3;1
882.531;997.06;8.20268;1.4485;0.0127621;0.0018751;0.000735252;0.0128116;0.00182567;1.01977;0.00273549;-0.00206798;1.00097;0.0234732;0.984399;1;3;1
905.531;997.06;8.45895;1.57767;0.0113045;0.00273717;-0.000449558;0.0113281;0.00271365;1.01083;0.000830458;-0.00407869;1.00396;0.0262446;0.966554;1;4;1
928.531;997.06;8.71974;1.51305;0.010643;0.00341473;-0.00149718;0.0109408;0.00311689;1.009;-1.48291e-06;0.00249021;1.00189;0.0255016;0.977925;1;3;1
951.531;997.06;8.94588;1.49538;0.0114385;0.00469268;-0.000425986;0.0114653;0.00466589;1.01019;0.000788599;0.0019458;1.00448;0.0226921;0.980486;1;3;1
974.531;997.06;9.24292;1.55632;0.0122589;0.00431006;0.000942288;0.0123691;0.00419988;1.00597;0.00459112;-0.00255917;1.00743;0.0233659;0.983529;1;3;1
997.531;997.06;9.50621;1.61918;0.0131259;0.00282624;0.000896014;0.0132033;0.00274887;1.01509;0.000925366;-0.00395571;1.00317;0.023401;0.988071;1;3;1
1020.53;997.06;9.84267;1.663;0.0129437;0.00132466;-0.00101809;0.0130323;0.00123612;1.0156;0.000824145;0.00270474;1.00283;0.0232884;0.980404;1;3;1
1043.53;997.06;10.0978;1.67938;0.0123184;0.00248259;-0.0014521;0.0125283;0.00227269;1.01522;0.0075458;-0.0026778;0.998892;0.023663;0.980543;1;4;1
1066.53;997.06;10.4059;1.61905;0.0118548;0.00229788;-0.00177422;0.0121736;0.00197913;1.00251;0.0032056;-0.0032519;1.00304;0.0235911;0.986243;1;3;1
1089.53;997.06;10.6399;1.66095;0.0101919;0.0026719;0.000288095;0.0102029;0.00266088;1.01126;0.000477151;0.000381528;1.00348;0.0224849;0.987601;1;2;1
1112.53;997.06;10.8722;1.70282;0.012411;0.00127976;-0.00144085;0.0125945;0.00109628;1.00941;0.00588789;0.00298087;1.00152;0.0238824;0.983605;1;3;1
1135.53;997.06;11.2073;1.71509;0.0106451;0.00154896;-5.00129e-05;0.0106454;0.00154869;1.01067;-0.00351162;-0.00563629;1.00211;0.0228531;0.987723;1;3;1
1158.53;997.06;11.3593;1.74771;0.0103046;0.00406712;0.000210294;0.0103117;0.00406004;1.0084;-0.000900267;0.000228285;1.00481;0.0240319;0.980363;1;3;1
1181.53;997.06;11.6788;1.79848;0.0129612;0.00260294;-0.000273302;0.0129684;0.00259573;1.01562;0.00647427;-0.00491326;1.00313;0.0233897;0.983612;1;3;1
1204.53;997.06;11.9517;1.82432;0.012629;0.00337859;-0.00109208;0.0127562;0.00325141;1.01461;0.00375008;0.00149317;1.00262;0.0220862;0.987382;1;2;1
1227.53;997.06;12.2561;1.80698;0.01233;0.00103128;-0.00153014;0.0125335;0.000827728;1.01736;0.0034003;-0.00244037;0.998941;0.0238274;0.986232;1;3;1
1250.53;997.06;12.5154;1.82694;0.0099567;0.00368596;-0.00037317;0.00997883;0.00366384;1.00526;0.002491;-0.00476807;1.00368;0.0245152;0.983084;1;3;1
1273.53;997.06;12.7117;1.91225;0.00858074;0.0019085;-0.000846119;0.00868637;0.00180288;1.01692;-2.60822e-05;0.00757656;1.00475;0.0333031;0.989244;1;3;1
31.5305;974.06;-1.85797;0.193865;0.0104355;-1.5927e-05;0.00242019;0.0109687;-0.000549152;1.00549;0.00203734;-0.00550985;1.00482;0.0302156;0.977728;1;3;1
54.5305;974.06;-1.61944;0.300147;0.0112325;-0.000747924;0.00180758;0.0114993;-0.00101471;1.00998;-0.00777745;-0.00215676;0.998332;0.0295463;0.979146;1;4;1
77.5306;974.06;-1.34429;0.309611;0.0123553;0.000384158;0.000778707;0.0124057;0.000333717;1.01778;0.00689278;0.000201891;1.00579;0.0268063;0.981082;1;3;1
100.531;974.06;-1.05459;0.349781;0.0120623;0.00173092;0.000675482;0.0121063;0.00168694;1.00796;0.00129171;-0.00330494;1.00926;0.0257945;0.98739;1;3;1
123.531;974.06;-0.792776;0.373812;0.012017;0.00256806;0.00084049;0.0120912;0.00249388;1.01138;0.000269209;0.000371222;1.0047;0.0212189;0.989058;1;3;1
146.531;974.06;-0.505088;0.339426;0.0106629;0.00123561;-0.000472235;0.0106865;0.00121202;1.01111;0.00335297;-0.000107159;1.00325;0.0192689;0.991933;1;3;1
169.531;974.06;-0.30487;0.361145;0.0103196;0.000726093;0.00218625;0.0107943;0.000251361;1.0148;0.00633766;-0.00378316;1.00058;0.0235944;0.988208;1;3;1
192.531;974.06;-0.0329096;0.434813;0.00972093;0.00144201;0.00130264;0.00992106;0.00124188;1.00928;-0.00502545;-0.00365386;1.00308;0.019724;0.990828;1;3;1
215.531;974.06;0.14005;0.452773;0.0103799;0.00330759;0.00102603;0.0105258;0.00316175;1.00534;-0.00964362;-0.00219629;1.00606;0.0212141;0.98748;1;4;1
238.531;974.06;0.441993;0.540838;0.0121695;0.00120343;0.000555504;0.0121975;0.00117536;1.01745;0.000208978;0.00197021;1.0027;0.0257677;0.985617;1;3;1
261.531;974.06;0.696415;0.530986;0.0107841;0.00118355;-0.000403246;0.010801;0.00116665;1.0045;0.00537623;0.000233531;1.00019;0.0230696;0.989998;1;4;1
284.531;974.06;0.935396;0.582993;0.0112915;0.00300784;0.000276679;0.0113008;0.00299861;1.01429;0.00025836;-0.00426705;1.00649;0.0200436;0.992558;1;3;1
307.531;974.06;1.21289;0.584909;0.0130231;0.00110192;0.00202506;0.0133577;0.000767314;1.00781;-0.00491302;-0.000856099;0.998858;0.021348;0.987416;1;3;1
330.531;974.06;1.53057;0.639453;0.0121759;0.00285775;0.000611679;0.0122159;0.00281777;1.00852;-0.00110349;-0.00164457;1.00532;0.0200535;0.989784;1;3;1
353.531;974.06;1.76958;0.645912;0.0113819;0.00070743;0.000131938;0.0113835;0.000705799;1.01488;-0.000312004;-0.000733674;1.00177;0.0204834;0.990749;1;3;1
376.531;974.06;2.05115;0.70046;0.0106037;0.00303734;0.000644326;0.0106582;0.00298286;1.0137;0.000836717;-0.00349644;1.00142;0.0220398;0.986312;1;3;1
399.531;974.06;2.25473;0.718827;0.01092;0.00282704;0.000529747;0.0109546;0.00279251;1.0039;-0.0037593;-0.0067274;1.00162;0.0245596;0.980724;1;4;1
422.531;974.06;2.5507;0.774741;0.0135501;0.00306161;0.000804944;0.0136115;0.0030002;1.01278;-0.00132297;0.00039606;1.00428;0.0213094;0.985689;1;3;1
445.531;974.06;2.87374;0.828176;0.014135;0.00168469;0.000666358;0.0141705;0.00164913;1.01749;0.00119013;-0.00279347;0.994439;0.0206969;0.986903;1;3;1
468.531;974.06;3.19632;0.846877;0.0109131;0.00231593;0.000307974;0.0109241;0.00230491;1.00493;0.00309975;-0.000752784;1.00054;0.0205396;0.989027;1;3;1
491.531;974.06;3.37301;0.871215;0.0100528;0.00326439;7.51861e-05;0.0100536;0.00326356;1.00913;0.00299962;-0.000346163;1.00481;0.0207399;0.98577;1;3;1
514.531;974.06;3.65644;0.885141;0.0114761;0.00282063;-0.000327503;0.0114885;0.00280825;1.01355;0.0097322;-0.000160166;1.00332;0.0178082;0.991541;1;4;1
537.531;974.06;3.89786;0.943604;0.0122486;0.00124285;0.00155374;0.0124637;0.00102771;1.0118;-0.00141554;-0.00666734;1.00481;0.0197019;0.99269;1;4;1
560.531;974.06;4.21622;1.03557;0.0131231;0.00169034;-0.00018107;0.0131259;0.00168747;1.01185;0.00463423;0.00295219;1.00539;0.0223148;0.985825;1;4;1
583.531;974.06;4.49757;1.00815;0.0110152;0.000984766;0.000260693;0.0110219;0.000977995;1.01082;-0.00234953;-0.00321496;1.00131;0.0224243;0.982091;1;3;1
606.531;974.06;4.72015;1.04605;0.0112758;0.00319627;0.000180095;0.0112798;0.00319226;1.01665;-0.000801424;0.000226408;1.00483;0.0211283;0.985082;1;3;1
629.531;974.06;5.01336;1.033;0.0120444;0.00674775;-0.000167239;0.0120497;0.00674248;1.00517;0.00385331;-0.00138014;1.00816;0.0221858;0.983276;1;3;1
652.531;974.06;5.27087;1.09566;0.0137392;0.00276489;0.00118253;0.0138652;0.00263891;1.01871;0.00222623;-0.000645991;1.00218;0.019329;0.988114;1;3;1
675.531;974.06;5.64086;1.17748;0.0127899;0.00252621;-0.000823008;0.0128555;0.00246063;1.00415;0.00364361;-0.00355737;0.998647;0.0242465;0.980386;1;3;1
698.531;974.06;5.85549;1.12026;0.0108886;0.00539984;-0.00153814;0.0112902;0.00499819;1.01787;-0.00503353;0.00686982;1.00243;0.0299322;0.975309;1;3;1
721.531;974.06;6.13903;1.19415;0.0116611;0.00172011;-0.000515333;0.0116878;0.00169347;1.01993;0.00549911;-0.00545104;1.00058;0.02822;0.974273;1;4;1
744.531;974.06;6.38878;1.16877;0.0128145;0.00155658;-0.000581377;0.0128444;0.00152664;1.01301;-0.00485371;0.00106749;0.997646;0.0266782;0.978758;1;4;1
767.531;974.06;6.72473;1.24995;0.0129508;0.00334857;-0.000626681;0.0129915;0.00330785;1.00616;0.00365058;-0.000561846;0.996435;0.025381;0.981891;1;4;1
790.531;974.06;6.98059;1.2737;0.0124213;0.00291905;-0.000631153;0.012463;0.00287731;1.01847;-0.00129099;0.00115791;1.00276;0.0244726;0.983192;1;3;1
813.531;974.06;7.2926;1.22149;0.0131474;0.00213493;-0.000894914;0.0132197;0.00206268;1.0143;-0.00059597;-0.00181957;1.006;0.0225135;0.984909;1;3;1
836.531;974.06;7.58144;1.30755;0.0132968;0.00196479;0.00122602;0.0134279;0.00183366;1.00854;-0.00275421;-0.00049552;0.99809;0.0259676;0.981181;1;3;1
859.531;974.06;7.89997;1.38102;0.0125937;0.00358989;0.000840486;0.0126715;0.00351211;1.00861;0.00505595;-0.00317416;1.00531;0.0256337;0.983912;1;4;1
882.531;974.06;8.15701;1.42143;0.0136291;0.00186215;0.000545447;0.0136543;0.00183692;1.01344;0.00220173;8.86453e-05;1.00115;0.0226198;0.983328;1;3;1
905.531;974.06;8.52267;1.41967;0.0121711;0.00451429;-0.000794132;0.0122526;0.0044328;1.01132;-0.00106458;-0.00078662;1.00291;0.0232931;0.984727;1;3;1
928.531;974.06;8.71351;1.43214;0.0100625;0.00179332;-0.000600395;0.0101058;0.00174996;1.01293;0.00698143;0.0026478;1.00121;0.0278388;0.974372;1;3;1
951.531;974.06;8.98324;1.40388;0.0113533;0.00199553;-0.000784703;0.0114187;0.00193019;1.00842;-4.40066e-05;-0.00359984;1.00476;0.0258006;0.977113;1;3;1
974.531;974.06;9.23283;1.41842;0.0111845;0.00193477;0.0013307;0.0113721;0.00174714;1.01467;0.00137524;-0.00333863;0.999343;0.0241871;0.978793;1;3;1
997.531;974.06;9.49465;1.55109;0.0128262;0.00419338;0.00107912;0.0129591;0.00406053;1.00754;-0.000661058;-0.00595004;1.00636;0.0258261;0.9771;1;4;1
1020.53;974.06;9.81882;1.58023;0.0128861;0.00498631;-0.000168501;0.0128897;0.00498271;1.01883;-0.0022121;0.000597906;1.00446;0.0229198;0.985272;1;3;1
1043.53;974.06;10.0836;1.58046;0.0138643;0.00502842;-0.000863018;0.0139478;0.00494492;1.00832;-0.00885938;0.000148804;1.0026;0.0275166;0.975995;1;4;1
1066.53;974.06;10.4522;1.59984;0.0122998;0.00150812;0.000362689;0.012312;0.00149594;1.01542;0.00241938;0.00043573;1.00019;0.0281251;0.984735;1;4;1
1089.53;974.06;10.6459;1.638;0.0110897;0.00114053;0.00116263;0.0112238;0.00100648;1.00999;-0.00169534;-0.0044399;0.994447;0.0233785;0.979659;1;3;1
1112.53;974.06;10.9594;1.72327;0.0131584;0.00279749;-0.00064078;0.0131978;0.00275801;1.01213;0.00447157;-0.000687673;1.0013;0.0273737;0.969935;1;3;1
1135.53;974.06;11.2472;1.71104;0.010494;0.00197271;-0.00156277;0.0107715;0.00169515;1.0102;0.00216469;0.0057545;1.00329;0.026558;0.978246;1;3;1
1158.53;974.06;11.4396;1.67506;0.0109246;0.00171556;-0.00216336;0.0114074;0.00123267;1.00942;0.00612829;-0.00246763;1.00462;0.02466;0.984368;1;3;1
1181.53;974.06;11.7471;1.68938;0.0133919;0.00182646;-0.000837791;0.0134523;0.00176609;1.01778;0.000303274;-0.00233887;1.00401;0.0257925;0.975667;1;3;1
1204.53;974.06;12.0515;1.72775;0.0121496;0.00316165;-0.000468933;0.012174;0.00313725;1.00802;0.00194713;-0.000603369;1.00451;0.0232967;0.985258;1;2;1
1227.53;974.06;12.3025;1.78491;0.0107805;0.00144412;-0.00019241;0.0107845;0.00144016;1.0085;-0.00246533;-0.00102417;1.00582;0.0237424;0.985342;1;3;1
1250.53;974.06;12.5448;1.74225;0.0138516;0.00294347;-0.00081012;0.0139114;0.00288363;1.00974;0.000346294;-0.000327183;1.00478;0.0243702;0.980492;1;3;1
1273.53;974.06;12.9353;1.81478;0.017129;0.003229;-0.00169388;0.0173325;0.00302556;1.02689;0.00815624;-0.00568791;1.00379;0.0313217;0.978363;1;4;1
31.5305;951.06;-1.85118;0.231044;0.00996096;0.00154345;0.00162133;0.0102624;0.00124196;1.00795;-0.000556286;-0.00329786;0.997551;0.0266234;0.989033;1;3;1
54.5305;951.06;-1.62337;0.319414;0.0118981;0.00278075;0.000961317;0.0119983;0.00268049;1.01373;-0.000669596;-0.00173998;1.00292;0.0271147;0.985777;1;3;1
77.5306;951.06;-1.30709;0.263182;0.0112887;0.00121485;-0.000934042;0.0113746;0.00112897;1.00831;-0.00286175;0.000894427;0.999479;0.023327;0.984157;1;3;1
100.531;951.06;-1.10701;0.271703;0.00873138;0.00242942;0.000777297;0.00882583;0.00233496;1.01046;0.000270633;-0.00428743;0.996536;0.0236125;0.990515;1;3;1
123.531;951.06;-0.90719;0.271139;0.0123216;0.00227738;0.00155284;0.0125562;0.00204279;1.015;-0.0043711;-0.00119518;1.00199;0.0212329;0.989231;1;3;1
146.531;951.06;-0.543745;0.35567;0.0108484;0.000664373;0.00169775;0.0111239;0.000388801;1.0086;0.00175955;-0.0007739;0.999234;0.0216499;0.992263;1;3;1
169.531;951.06;-0.410998;0.390977;0.0102116;-1.94383e-05;0.00152814;0.010435;-0.00024281;1.013;-0.010023;-8.69752e-05;1.00113;0.0283584;0.986034;1;3;1
192.531;951.06;-0.0764252;0.417368;0.0126608;0.00238516;0.000597541;0.0126954;0.00235053;1.0124;0.00433514;0.00109791;1.00004;0.0215607;0.992497;1;3;1
215.531;951.06;0.167755;0.385917;0.0113212;0.0017792;-0.00022522;0.0113265;0.00177389;1.00678;0.00646474;-7.28247e-05;0.999998;0.0227581;0.992473;1;4;1
238.531;951.06;0.441424;0.450213;0.0122176;0.0015308;0.00092095;0.0122964;0.00145202;1.00933;-0.00195165;-0.000632106;1.00237;0.0208025;0.99079;1;3;1
261.531;951.06;0.726227;0.502162;0.0119283;0.000652665;9.90576e-05;0.0119292;0.000651795;1.01617;0.00180859;-0.00158391;1.00078;0.0303854;0.981979;1;4;1
284.531;951.06;0.986881;0.483599;0.00849599;0.00185501;0.000130786;0.00849857;0.00185243;1.00234;-2.99892e-05;0.000878628;1.00442;0.0210886;0.987723;1;3;1
307.531;951.06;1.11534;0.573165;0.0123541;0.000353362;0.0010804;0.0124506;0.000256871;1.01353;0.00357854;-0.00358062;0.999878;0.0232987;0.987181;1;3;1
330.531;951.06;1.55163;0.566154;0.0142424;0.00187479;0.000644327;0.0142759;0.00184131;1.01049;0.000341491;-0.00202522;1.00112;0.0217953;0.992019;1;3;1
353.531;951.06;1.76578;0.675471;0.0113456;0.000358377;0.000355508;0.0113571;0.000346886;1.0099;0.00146334;-0.00260184;0.999852;0.0213395;0.987375;1;3;1
376.531;951.06;2.07054;0.639783;0.0132573;0.00176262;0.000921564;0.0133308;0.00168921;1.01459;-0.000366337;0.00126162;1.00274;0.0206803;0.985997;1;3;1
399.531;951.06;2.37162;0.704239;0.0121034;0.00278767;-2.58315e-05;0.0121035;0.0027876;1.00935;0.00928378;-0.00217738;1.00256;0.0215161;0.984685;1;4;1
422.531;951.06;2.62389;0.725648;0.00987934;0.00243772;0.000223894;0.00988607;0.00243099;1.01231;0.00448014;-0.00151;1.00319;0.0216987;0.983088;1;3;1
445.531;951.06;2.8238;0.769295;0.0105147;0.00306544;0.000797329;0.0105991;0.00298105;1.01035;0.00138831;-0.00257293;1.00918;0.0269176;0.977771;1;3;1
468.531;951.06;3.10498;0.808309;0.0120948;0.00213143;0.000901219;0.0121756;0.00205057;1.01456;-0.00532287;-0.00117703;1.00639;0.0195143;0.991554;1;3;1
491.531;951.06;3.37683;0.797554;0.0126993;0.00214423;-3.62608e-05;0.0126994;0.0021441;1.01481;0.00278986;0.000806614;1.00319;0.0225642;0.986871;1;3;1
514.531;951.06;3.68547;0.840661;0.0119579;0.00118082;0.000993564;0.0120488;0.00108999;1.01312;-0.00415406;-0.00272923;0.997038;0.0223266;0.986454;1;3;1
537.531;951.06;3.92349;0.915205;0.0126753;0.00224803;-4.97739e-05;0.0126755;0.00224779;1.01178;0.00553302;0.00264247;0.995608;0.0250946;0.984901;1;4;1
560.531;951.06;4.26473;0.960861;0.0114869;0.00408201;3.10846e-05;0.011487;0.00408188;1.0133;-0.00494109;-0.00185258;1.00048;0.0213534;0.987381;1;3;1
583.531;951.06;4.44886;0.965208;0.0102697;0.00270129;9.00619e-06;0.0102697;0.00270128;1.00399;-0.00207706;0.00119384;0.99672;0.0230452;0.983788;1;3;1
606.531;951.06;4.73474;0.957093;0.0129104;0.00306849;-0.00160168;0.0131645;0.00281439;1.02198;-0.00142075;-0.00427195;0.998737;0.025777;0.986618;1;4;1
629.531;951.06;5.03886;0.870581;0.0128858;0.00199285;0.000474382;0.0129064;0.00197223;1.00849;0.00143331;0.00028883;0.998687;0.0295659;0.969821;1;3;1
652.531;951.06;5.32363;1.0429;0.0128558;0.00223931;0.00144495;0.013049;0.00204616;1.0203;-0.00413397;-0.00499213;1.00484;0.0214903;0.984617;1;3;1
675.531;951.06;5.62602;1.07681;0.013009;0.00224217;0.000675958;0.0130512;0.0021999;1.0073;-0.000864848;0.002809;1.00889;0.0310074;0.970402;1;3;1
698.531;951.06;5.9182;1.04966;0.0125248;0.00173503;0.00038287;0.0125384;0.00172146;1.01643;0.00774368;0.00538881;1.00687;0.0246961;0.977777;1;3;1
721.531;951.06;6.19853;1.15909;0.0126573;0.00191705;0.00128489;0.0128089;0.00176548;1.01436;0.00521545;-0.00672137;0.998961;0.0228355;0.987631;1;3;1
744.531;951.06;6.49652;1.21125;0.0138145;0.000179997;-0.00155495;0.0139896;4.91041e-06;1.01176;0.00992414;0.00224127;1.00106;0.0274033;0.975755;1;3;1
767.531;951.06;6.82966;1.14235;0.0107852;0.00345732;-0.001698;0.0111595;0.00308299;1.00518;-0.00120984;-0.00156463;1.00528;0.0244497;0.981912;1;3;1
790.531;951.06;6.98998;1.17818;0.0110384;0.0011626;-0.000194387;0.0110423;0.00115878;1.0163;0.0154597;0.00162838;0.997893;0.028189;0.976779;1;4;1
813.531;951.06;7.3346;1.21713;0.0116069;0.000569875;-0.000111437;0.011608;0.00056875;1.01155;0.00500523;-0.00205789;0.999448;0.0266191;0.977374;1;3;1
836.531;951.06;7.52073;1.27429;0.0126387;0.00227611;0.000647663;0.012679;0.00223578;1.00391;0.000435764;-0.0021275;1.00251;0.0252906;0.979972;1;3;1
859.531;951.06;7.91232;1.26988;0.0146873;0.00194117;0.000747794;0.0147311;0.00189744;1.01515;-0.00577484;-0.00493525;1.00102;0.0244168;0.982269;1;4;1
882.531;951.06;8.19138;1.36292;0.0137798;0.00356855;0.000620215;0.0138173;0.00353102;1.01526;0.00046886;0.000347458;1.00349;0.0212004;0.989725;1;3;1
905.531;951.06;8.54177;1.37056;0.0124118;0.00338414;0.000708446;0.012467;0.00332888;1.0133;0.000679126;-0.000738985;1.00519;0.026406;0.976829;1;3;1
928.531;951.06;8.75877;1.43065;0.0100921;0.00334782;-0.000218902;0.0100992;0.00334073;1.01411;0.000421033;-0.00144861;1.00356;0.0281802;0.96512;1;3;1
951.531;951.06;9.00367;1.40371;0.0111253;0.000409929;-0.000149001;0.0111274;0.000407857;1.00588;0.00284032;-0.00242996;0.99769;0.0228413;0.985891;1;3;1
974.531;951.06;9.2677;1.46741;0.012357;0.000877283;-0.00167124;0.0125954;0.00063893;1.01269;0.00465134;-0.00094919;1.00548;0.0230255;0.980583;1;3;1
997.531;951.06;9.56862;1.42673;0.0135566;0.00412767;-0.00216114;0.0140283;0.00365593;1.01407;0.00366166;0.00026378;1.00578;0.0247203;0.971953;1;3;1
1020.53;951.06;9.88712;1.43422;0.0137214;0.00418541;-0.00145384;0.0139381;0.00396869;1.01608;0.00787087;-0.00157285;1.00329;0.0235049;0.986713;1;3;1
1043.53;951.06;10.1955;1.44876;0.0118705;0.00397981;-0.000212843;0.0118763;0.00397407;1.00953;0.00663533;-0.00325641;1.00638;0.025747;0.988669;1;3;1
1066.53;951.06;10.4298;1.54973;0.0100736;0.00392026;0.0015267;0.0104316;0.0035623;1.00527;0.00204307;-0.000850534;1.00226;0.0248235;0.981836;1;4;1
1089.53;951.06;10.6563;1.60851;0.0125323;0.00404349;-0.00168247;0.0128536;0.00372218;1.01399;0.00716095;-0.00275463;1.00882;0.0255366;0.975835;1;3;1
1112.53;951.06;11.0027;1.5745;0.0141296;0.0051047;-0.000791553;0.0141985;0.0050358;1.01418;0.00147019;0.000600626;1.00817;0.0253265;0.985391;1;3;1
1135.53;951.06;11.3018;1.62453;0.0116344;0.00436289;0.000578039;0.0116801;0.00431722;1.01353;0.00667826;0.00433823;1.00419;0.0243482;0.980483;1;3;1
1158.53;951.06;11.5347;1.6692;0.0110448;0.00258872;-0.00112022;0.0111906;0.00244284;1.00895;0.00336843;-0.00390793;0.998729;0.0226583;0.984515;1;3;1
1181.53;951.06;11.807;1.71472;0.0121211;0.00190218;-0.00101476;0.0122209;0.00180238;1.01476;0.0103034;0.000504551;1.00095;0.0229131;0.984848;1;3;1
1204.53;951.06;12.089;1.67931;0.0105121;0.00213441;-0.000428755;0.010534;0.00211252;1.00991;-0.000129144;-0.00231059;0.999066;0.0216757;0.984702;1;3;1
1227.53;951.06;12.288;1.74061;0.0115765;0.00137997;-0.000223263;0.0115814;0.00137508;1.00197;-0.00333879;-0.00075034;0.996605;0.0290347;0.975643;1;3;1
1250.53;951.06;12.6184;1.69186;0.0157762;0.0014558;-0.00123751;0.0158824;0.00134965;1.02173;0.00289343;0.00351895;0.99707;0.0277191;0.989362;1;3;1
1273.53;951.06;13.0081;1.76491;0.0170883;0.00385266;0.00135567;0.0172257;0.00371523;1.02329;-0.00275758;-0.0094929;1.00218;0.0306968;0.981055;1;4;1
31.5305;928.06;-1.83039;0.122929;0.00678169;0.00277548;0.000619605;0.00687533;0.00268184;1.01453;0.00530119;0.00019554;1.00171;0.0268871;0.985401;1;3;1
54.5305;928.06;-1.67499;0.172443;0.0114568;0.00485875;0.00159862;0.0118237;0.00449183;1.00534;-0.0015325;-0.00372307;1.00209;0.0258863;0.987318;1;3;1
77.5306;928.06;-1.30655;0.253778;0.0121922;0.00267846;0.00160558;0.0124559;0.0024148;1.00855;0.000276526;0.00286713;1.00265;0.0233229;0.987818;1;3;1
100.531;928.06;-1.11758;0.238207;0.00995745;0.00237615;0.000307965;0.00996994;0.00236366;1.01619;-0.00169281;-0.00424071;1.00308;0.0236391;0.986394;1;3;1
123.531;928.06;-0.850769;0.269207;0.0126145;0.00161475;-0.000393061;0.0126286;0.00160072;1.00771;-0.000573205;0.00180671;1.00298;0.0239522;0.98349;1;3;1
146.531;928.06;-0.540976;0.308889;0.0102233;0.00318867;0.00160504;0.0105722;0.00283976;1.01124;-0.00281891;-0.00540939;1.00374;0.0246851;0.986396;1;4;1
169.531;928.06;-0.382969;0.362105;0.00980344;0.00279473;-0.000427744;0.00982945;0.00276873;1.01129;0.000252482;0.00107529;1.00503;0.0289698;0.981956;1;4;1
192.531;928.06;-0.0922094;0.325265;0.0126011;0.0026086;0.000462768;0.0126225;0.00258721;1.01463;-0.00363955;0.000669605;0.998194;0.0257783;0.983876;1;3;1
215.531;928.06;0.193076;0.371033;0.0123744;0.00078556;0.0025696;0.0129186;0.000241356;1.0102;-0.00199119;-0.00468599;0.997738;0.0249766;0.990066;1;3;1
238.531;928.06;0.473307;0.470485;0.0115338;0.00109755;0.00125208;0.0116819;0.000949435;1.01063;0.00121698;-0.000639875;0.999228;0.0219604;0.991601;1;2;1
261.531;928.06;0.720425;0.50098;0.0113837;0.00237016;0.000445211;0.0114057;0.00234822;1.01249;-0.000581446;0.00227744;1.00165;0.0226216;0.987296;1;3;1
284.531;928.06;0.994004;0.497779;0.0103994;0.00163507;0.00069057;0.0104534;0.001581;1.00706;-0.00160506;-0.00323374;0.99541;0.0209197;0.986092;1;3;1
307.531;928.06;1.19628;0.568661;0.012671;0.00324202;-0.000209957;0.0126757;0.00323735;1.00994;-0.000758025;-0.000520584;1.00225;0.020657;0.989718;1;3;1
330.531;928.06;1.57319;0.553313;0.013433;0.00114089;0.000933467;0.0135035;0.0010704;1.01235;-0.000321878;-0.00354132;1.00059;0.0240574;0.983542;1;3;1
353.531;928.06;1.81007;0.629448;0.00923299;0.00343807;0.00075182;0.00932894;0.00334212;1.00883;0.000191818;0.000449753;1.00233;0.0227844;0.984451;1;3;1
376.531;928.06;1.99592;0.619484;0.0116344;0.00184328;0.00130131;0.0118044;0.00167327;1.01655;-0.00423367;-0.00131959;1.00312;0.021642;0.991937;1;3;1
399.531;928.06;2.34216;0.590855;0.0131062;0.00225506;0.00124208;0.0132466;0.0021147;1.00676;-0.000656562;-0.00103128;1.00503;0.0215122;0.988462;1;3;1
422.531;928.06;2.59488;0.662764;0.0118332;0.00241425;0.001888;0.0121975;0.0020499;1.00994;-0.00274482;-0.00109993;1.00278;0.0216346;0.988566;1;3;1
445.531;928.06;2.8832;0.687382;0.0119747;0.00223884;0.00115778;0.0121104;0.00210305;1.01335;0.000183744;-0.000197626;1.00243;0.0208222;0.987259;1;3;1
468.531;928.06;3.14238;0.748967;0.0114826;0.00319427;0.000353895;0.0114977;0.00317918;1.00929;0.00422825;-0.00215606;1.00261;0.0224324;0.987106;1;3;1
491.531;928.06;3.40832;0.7727;0.0118125;0.00238711;0.000821298;0.0118835;0.00231608;1.0125;-0.000910004;-0.0023928;1.00151;0.0225143;0.987686;1;3;1
514.531;928.06;3.68251;0.830862;0.0134167;0.0031081;0.000963986;0.013506;0.00301873;1.0133;-0.000354272;-3.26969e-05;1.01098;0.0204878;0.987874;1;3;1
537.531;928.06;4.02136;0.840476;0.0126997;0.00277797;-0.000381079;0.0127143;0.00276335;1.01128;0.00279781;-0.00128696;1.00527;0.0218971;0.987715;1;3;1
560.531;928.06;4.26303;0.848203;0.0103064;0.00395322;0.000568049;0.0103567;0.00390283;1.0092;0.00347921;-0.00121773;1.00345;0.0230186;0.982405;1;3;1
583.531;928.06;4.49301;0.884061;0.011125;0.00418011;-0.000331388;0.0111408;0.00416433;1.01171;0.0029917;0.000757465;1.00542;0.0224692;0.985415;1;3;1
606.531;928.06;4.77193;0.905142;0.0122961;0.00311456;8.55818e-05;0.0122969;0.00311376;1.00975;-0.00293808;-0.00520989;1.00534;0.026906;0.977486;1;4;1
629.531;928.06;5.05516;0.941444;0.0125088;-0.000995588;-0.000240213;0.0125131;-0.00099986;1.00925;-0.000155396;0.00162569;1.00136;0.0251989;0.979441;1;3;1
652.531;928.06;5.3437;0.992821;0.011614;0.00177352;0.00147846;0.0118313;0.00155619;1.01853;0.003529;-0.00414598;0.99772;0.023304;0.983331;1;3;1
675.531;928.06;5.58615;1.07449;0.0122136;0.0031684;0.00043537;0.0122345;0.00314749;1.00047;0.000259088;-0.00588563;0.994566;0.0247627;0.983948;1;4;1
698.531;928.06;5.90211;1.04054;0.0130414;0.00202479;-7.61932e-05;0.0130419;0.00202426;1.0218;-0.00487091;0.00242728;0.996528;0.0297214;0.969727;1;3;1
721.531;928.06;6.18218;1.10607;0.0133803;0.00358862;0.00134569;0.0135619;0.00340704;1.01381;-0.00301169;-0.00359465;1.00724;0.0221515;0.982227;1;4;1
744.531;928.06;6.51339;1.16066;0.0145453;0.00297558;-0.000289039;0.0145525;0.00296837;1.01132;-0.000841567;0.00519146;1.00209;0.0218186;0.983332;1;3;1
767.531;928.06;6.84646;1.09135;0.0122259;0.00158089;0.000947786;0.0123096;0.00149717;1.00897;0.00608735;-0.0034956;1.00469;0.0237923;0.98323;1;4;1
790.531;928.06;7.07234;1.22035;0.0120599;0.00011557;0.000726953;0.012104;7.14892e-05;1.01804;-0.0109023;2.64528e-05;1.0049;0.0285092;0.968966;1;4;1
813.531;928.06;7.3978;1.19541;0.0109827;0.0023897;-0.0008495;0.0110659;0.00230652;1.0079;-0.00316904;0.00174061;1.00438;0.0259671;0.972949;1;3;1
836.531;928.06;7.5748;1.20297;0.011412;0.00305057;-0.000793875;0.0114867;0.00297586;1.01112;0.00495181;-0.00495495;1.00303;0.0262968;0.984632;1;4;1
859.531;928.06;7.91969;1.29182;0.0136929;0.00237309;-0.000153495;0.013695;0.00237101;1.01745;0.00198289;-0.00157307;1.00532;0.0234833;0.978038;1;3;1
882.531;928.06;8.20039;1.25759;0.013255;0.00421902;-0.000529531;0.0132859;0.00418809;1.00922;-0.00125754;0.00340164;1.00792;0.0222162;0.982125;1;4;1
905.531;928.06;8.52542;1.26427;0.0123801;0.0028104;1.61836e-05;0.0123801;0.00281038;1.01104;-0.00171846;-0.0047568;1.00656;0.0208223;0.987627;1;3;1
928.531;928.06;8.76639;1.27843;0.0111026;0.00511447;0.000486036;0.0111418;0.00507527;1.01351;-0.000939926;0.000476505;1.00536;0.0236369;0.982813;1;3;1
951.531;928.06;9.03318;1.38506;0.0140364;0.00127206;-0.000569068;0.0140617;0.00124674;1.01453;0.00291723;-0.000329538;1.00253;0.023931;0.982371;1;3;1
974.531;928.06;9.40748;1.37842;0.0136742;0.00184133;-0.0027054;0.0142634;0.00125212;1.00723;0.00594071;-0.00265617;1.00199;0.0272806;0.974127;1;3;1
997.531;928.06;9.65794;1.36189;0.0123605;0.000632548;-0.00107638;0.0124584;0.000534578;1.01438;0.00222089;0.00118215;0.998685;0.0242024;0.98693;1;3;1
1020.53;928.06;9.97259;1.38836;0.0122408;0.00155408;-0.000677359;0.0122836;0.00151132;1.01414;0.00459612;-0.0044864;1.00315;0.0219766;0.986582;1;3;1
1043.53;928.06;10.2176;1.39794;0.0109146;0.00201636;-0.000613606;0.0109567;0.00197425;1.01062;0.00458433;0.000996479;1.00258;0.0219515;0.983851;1;3;1
1066.53;928.06;10.4719;1.41986;0.0132568;0.0044081;-0.000377739;0.0132729;0.004392;1.00843;0.00435904;-0.00165703;1.00558;0.0206828;0.986605;1;3;1
1089.53;928.06;10.8234;1.45271;0.0125822;0.00471564;-0.000478197;0.0126111;0.00468668;1.02147;0.00327278;-0.00408498;1.00705;0.0256308;0.981955;1;3;1
1112.53;928.06;11.0471;1.48913;0.0101672;0.00336806;-0.000463132;0.0101986;0.00333666;1.00425;0.00499237;0.00133258;1.00638;0.0211424;0.988875;1;3;1
1135.53;928.06;11.2887;1.5108;0.0127745;0.00233613;0.000773482;0.0128315;0.00227912;1.01749;-0.00166759;0.00129648;1.00617;0.0203081;0.987441;1;3;1
1158.53;928.06;11.6309;1.55653;0.0122636;0.00236901;0.000384072;0.0122785;0.00235412;1.01014;0.00571076;-0.00309625;1.00317;0.0219863;0.988171;1;3;1
1181.53;928.06;11.8493;1.60208;0.0106063;0.00311049;-5.60306e-05;0.0106067;0.00311007;1.01308;-0.00360827;7.79424e-05;1.00548;0.022494;0.987026;1;3;1
1204.53;928.06;12.1162;1.62972;0.0106221;0.00273225;0.000175779;0.010626;0.00272833;1.00747;0.00475798;-0.00332134;1.00345;0.0230605;0.990039;1;3;1
1227.53;928.06;12.3352;1.72149;0.0123495;0.00400121;-0.00127991;0.0125413;0.00380939;1.01139;0.00700796;-0.00435258;1.00699;0.0255638;0.96992;1;3;1
1250.53;928.06;12.6808;1.67554;0.0136074;0.00313039;-0.00294498;0.0143784;0.00235933;1.0155;0.00545704;0.00209775;1.00531;0.0245981;0.985364;1;3;1
1273.53;928.06;12.9569;1.6379;0.012076;0.00278292;-0.00105472;0.0121942;0.00266472;1.00998;-0.000605734;0.000792734;1.00677;0.0275821;0.988711;1;3;1
31.5305;905.06;-1.80916;0.103568;0.00743509;0.00155813;0.000304777;0.00745086;0.00154237;1.00656;-0.00894751;0.00156074;1.00421;0.0234713;0.988008;1;3;1
54.5305;905.06;-1.63879;0.0964542;0.00920034;0.00265683;-9.32684e-05;0.00920167;0.0026555;1.00035;-0.00586135;0.00231763;1.00688;0.0230716;0.9874;1;3;1
77.5306;905.06;-1.38789;0.140208;0.011348;0.00429666;0.00105834;0.0115034;0.00414124;1.01299;0.001581;-0.00139226;1.003;0.0234894;0.987327;1;3;1
100.531;905.06;-1.11975;0.162532;0.0128284;0.00200465;0.000382372;0.0128419;0.00199116;1.01433;0.00128464;-0.00363423;1.00158;0.0213823;0.987147;1;3;1
123.531;905.06;-0.801557;0.197041;0.0114146;0.00243063;0.000368006;0.0114297;0.00241558;1.00963;0.00256272;-0.00142383;0.999683;0.0243085;0.985735;1;3;1
146.531;905.06;-0.597667;0.209256;0.00973913;0.00152204;0.0014339;0.00998216;0.00127901;1.01414;-0.00285947;-0.0040083;1.00283;0.0217866;0.990757;1;3;1
169.531;905.06;-0.355763;0.262632;0.0106676;0.00317275;0.000456393;0.0106952;0.00314506;1.00384;-0.000972384;0.00384126;1.00445;0.0260134;0.98623;1;3;1
192.531;905.06;-0.109633;0.297541;0.00947134;0.00279151;0.00116934;0.00967013;0.00259272;1.01202;0.00381578;-0.00579093;1.00655;0.0236339;0.986206;1;3;1
215.531;905.06;0.0777925;0.349884;0.0123778;0.00261451;0.00180432;0.0127006;0.00229174;1.01248;-0.00163329;0.00393803;1.00987;0.0231131;0.988067;1;3;1
238.531;905.06;0.456154;0.399756;0.0138998;0.00312775;0.00105871;0.0140028;0.00302468;1.00448;-0.00583368;0.000466518;1.00453;0.0268841;0.98681;1;3;1
261.531;905.06;0.712778;0.393265;0.0116968;0.004377;0.000137187;0.0116994;0.00437443;1.01489;-0.00386576;-0.00307456;1.0045;0.022514;0.987934;1;3;1
284.531;905.06;0.991096;0.408447;0.0104161;0.00214031;0.000685839;0.0104726;0.00208385;1.01008;-9.47973e-05;0.00323918;1.00527;0.0228578;0.985381;1;3;1
307.531;905.06;1.18944;0.424333;0.0117192;0.00418949;0.0010486;0.0118625;0.00404619;1.01486;-0.000334605;-0.00345897;1.0102;0.0248572;0.983837;1;3;1
330.531;905.06;1.52694;0.51371;0.0125493;0.00239611;0.00178896;0.0128553;0.00209012;1.01108;0.000188876;-0.000847096;1.00371;0.01814;0.989774;1;3;1
353.531;905.06;1.76304;0.517591;0.00844952;0.00360106;0.000494948;0.00849953;0.00355105;1.00794;0.000532574;-0.00411887;1.00446;0.0210411;0.987955;1;3;1
376.531;905.06;1.91397;0.555337;0.0117789;0.00321378;0.00116286;0.011934;0.00305871;1.01205;0.00238851;0.000269924;1.00137;0.0235352;0.985643;1;3;1
399.531;905.06;2.30164;0.600676;0.0138758;0.00167605;0.0010896;0.0139724;0.0015795;1.01415;-0.00119349;-0.00255889;0.998678;0.0212323;0.989471;1;3;1
422.531;905.06;2.54785;0.614789;0.0109798;0.00286091;0.000945844;0.0110885;0.00275218;1.00769;-0.00378861;-0.00264231;1.00429;0.0245824;0.987162;1;4;1
445.531;905.06;2.80392;0.666427;0.0133397;0.00211933;0.000995266;0.0134273;0.00203173;1.01614;-7.29279e-05;0.0018498;1.00171;0.0214067;0.988697;1;3;1
468.531;905.06;3.15741;0.661636;0.0126743;0.0027536;-0.000565369;0.0127064;0.00272148;1.01354;0.00304275;-0.00097363;0.99863;0.0196647;0.990375;1;3;1
491.531;905.06;3.38328;0.687878;0.0110967;0.00280805;-0.000238458;0.0111036;0.0028012;1.01095;0.00219646;0.00160671;1.00661;0.0203664;0.990515;1;3;1
514.531;905.06;3.66505;0.697914;0.0129549;0.00327391;0.00105666;0.0130689;0.00315992;1.00906;0.000100611;-0.00353953;1.00065;0.0208093;0.988398;1;3;1
537.531;905.06;3.97529;0.787625;0.0129379;0.00248862;0.00226715;0.0134086;0.00201792;1.01766;-0.00289409;-0.00273174;0.999265;0.0210682;0.986162;1;3;1
560.531;905.06;4.25632;0.779371;0.0122542;0.00257745;-0.000100961;0.0122553;0.0025764;1.01042;-0.00126384;0.00490739;1.00087;0.0206282;0.987675;1;3;1
583.531;905.06;4.53557;0.773404;0.0115336;0.00319039;0.000689172;0.0115902;0.00313385;1.01305;-0.00259632;-0.00381181;1.00377;0.0192671;0.991022;1;3;1
606.531;905.06;4.78382;0.814072;0.0133897;0.00304475;0.000837153;0.0134571;0.00297744;1.00319;0.00678535;-0.00630334;1.00276;0.0249863;0.97626;1;3;1
629.531;905.06;5.14721;0.916529;0.0117495;0.00293103;0.00161271;0.0120351;0.00264535;1.01771;-0.00316265;-0.000223102;1.00472;0.0222183;0.986362;1;4;1
652.531;905.06;5.32093;0.96139;0.0106328;0.00391608;-0.000143248;0.0106359;0.00391302;1.01875;-0.00352689;-0.00399918;1.00752;0.0242373;0.98451;1;4;1
675.531;905.06;5.63374;0.931291;0.0139093;0.00387956;-0.00122241;0.0140561;0.00373272;1.00921;-0.00198113;0.00144648;1.00427;0.0224475;0.985556;1;4;1
698.531;905.06;5.95636;0.956626;0.0122835;0.00136003;-0.000258217;0.0122896;0.00135393;1.01524;0.00296101;0.00402429;1.00644;0.0255853;0.978329;1;3;1
721.531;905.06;6.19531;0.994307;0.012071;0.00368024;0.000238354;0.0120777;0.00367348;1.00938;-0.000253711;-0.00611261;1.00039;0.0230081;0.982207;1;4;1
744.531;905.06;6.50817;1.07458;0.0132898;0.00327822;0.000361261;0.0133028;0.0032652;1.01587;-0.00417408;-0.000771806;1.00278;0.0236346;0.985271;1;3;1
767.531;905.06;6.80257;1.06969;0.0113389;0.00142151;0.0015599;0.0115785;0.00118195;1.01584;0.00138565;-0.00199031;0.997282;0.0304022;0.976538;1;3;1
790.531;905.06;7.02673;1.17288;0.012955;0.00346678;0.000639598;0.0129979;0.00342386;1.01353;0.00377423;0.000756247;0.99756;0.0272749;0.97757;1;3;1
813.531;905.06;7.39468;1.10738;0.0144917;0.00271693;-9.42771e-05;0.0144925;0.00271617;1.00983;-0.00026774;-0.00462251;0.995197;0.0260346;0.973426;1;3;1
836.531;905.06;7.68857;1.13448;0.0128118;0.00296344;-4.13054e-05;0.012812;0.00296327;1.01435;0.00505449;-0.00196092;1.00589;0.0300411;0.964844;1;4;1
859.531;905.06;7.98026;1.16089;0.0114472;0.00390135;-0.00123016;0.0116427;0.00370587;1.00944;0.00618246;0.000941059;1.00544;0.0277474;0.969092;1;3;1
882.531;905.06;8.21215;1.16926;0.0127047;0.00265981;0.000261047;0.0127114;0.00265303;1.0186;0.000836145;-0.00427078;1.00375;0.0228927;0.985101;1;4;1
905.531;905.06;8.56094;1.24146;0.0136238;0.00220307;-4.96427e-06;0.0136238;0.00220307;1.01219;0.00416657;-0.00306061;0.999376;0.0220125;0.983475;1;3;1
928.531;905.06;8.83462;1.19604;0.0129793;0.00223421;0.000315949;0.0129886;0.00222492;1.01302;0.00782285;0.00305776;1.002;0.0233011;0.981235;1;3;1
951.531;905.06;9.15405;1.34548;0.0143652;0.00393938;0.00105668;0.0144712;0.00383336;1.01631;0.0034477;-0.00619761;1.00622;0.0218209;0.98732;1;3;1
974.531;905.06;9.49037;1.38333;0.011418;0.00161819;3.13186e-05;0.0114181;0.00161809;1.01121;0.000260137;0.00190523;1.00183;0.0228892;0.986798;1;3;1
997.531;905.06;9.67628;1.39777;0.0107968;0.00096014;-0.000770141;0.0108567;0.000900209;1.00799;0.00355929;0.00150635;1.00452;0.0226855;0.987062;1;3;1
1020.53;905.06;9.98436;1.36289;0.0132681;0.00271656;-0.00019357;0.0132716;0.00271301;1.02039;-0.0011978;0.00186031;1.00748;0.0250027;0.978733;1;3;1
1043.53;905.06;10.2826;1.35618;0.0116773;0.00217922;-0.000897031;0.0117613;0.00209524;1.01241;0.00275273;-0.00272996;1.00605;0.0266311;0.978802;1;3;1
1066.53;905.06;10.5184;1.34749;0.0106196;0.00231046;-0.00114414;0.0107743;0.0021558;1.00988;0.00313716;-0.00349307;1.00678;0.0244436;0.981037;1;3;1
1089.53;905.06;10.7685;1.39224;0.0127818;0.0015412;5.42195e-05;0.0127821;0.00154094;1.01582;-0.00248135;0.00110629;0.997749;0.0212946;0.98734;1;3;1
1112.53;905.06;11.1026;1.41994;0.0115848;0.00142288;0.000310383;0.0115943;0.00141341;1.00707;0.000913143;-0.0048923;1.00175;0.0226454;0.980564;1;3;1
1135.53;905.06;11.2982;1.5172;0.0106611;0.00110658;0.00196257;0.0110485;0.000719156;1.0148;-0.00180212;0.00481224;0.999007;0.0205501;0.988692;1;3;1
1158.53;905.06;11.5902;1.56039;0.0128322;0.00156327;0.00167026;0.0130745;0.00132092;1.02001;-0.00259573;-0.0024309;1.00179;0.0238673;0.982537;1;3;1
1181.53;905.06;11.8847;1.57192;0.0131557;0.0014361;-0.00028511;0.0131627;0.00142917;1.0058;0.000916639;0.00102623;0.998551;0.0214681;0.985323;1;3;1
1204.53;905.06;12.1915;1.55391;0.0123592;0.00221849;-0.00113444;0.0124846;0.00209313;1.01292;0.00227995;0.00163171;1.00263;0.0225826;0.982461;1;3;1
1227.53;905.06;12.4498;1.55721;0.0133836;0.0040532;-0.00146624;0.0136086;0.00382821;1.01836;0.00123199;-0.000640948;1.00188;0.0235985;0.986235;1;3;1
1250.53;905.06;12.803;1.54845;0.0126808;0.00291495;-6.17611e-05;0.0126812;0.00291456;1.00708;-0.000150132;-0.0012517;1.00257;0.0232108;0.989878;1;3;1
1273.53;905.06;13.0294;1.63708;0.00989581;0.00149555;0.000929911;0.00999752;0.00139384;1.00715;0.00473523;-0.00800099;1.00579;0.039151;0.980936;1;4;1
31.5305;882.06;-1.87237;0.0513302;0.0105897;0.00234989;0.00129559;0.0107886;0.00215098;1.01048;-0.000535391;0.000978254;0.998143;0.0241987;0.985741;1;3;1
54.5305;882.06;-1.63009;0.0504125;0.0117016;0.0023519;0.000428984;0.0117213;0.00233226;1.01005;0.00567476;0.00201258;0.999296;0.0237254;0.982879;1;3;1
77.5306;882.06;-1.33721;0.0565642;0.0116783;0.00252335;0.0017527;0.0120024;0.00219927;1.01303;-0.0064087;-0.000369363;1.00263;0.0235149;0.988991;1;3;1
100.531;882.06;-1.09608;0.14609;0.0109152;0.00196348;0.0013407;0.0111117;0.00176699;1.01242;0.00143781;-0.00151227;1.00166;0.0257423;0.983362;1;3;1
123.531;882.06;-0.837934;0.157536;0.0107003;0.0023568;0.00195079;0.0111339;0.00192322;1.00073;-0.00372573;-0.0036026;1.00453;0.0234057;0.987091;1;3;1
146.531;882.06;-0.606568;0.238975;0.0109526;0.000624558;0.000268301;0.0109596;0.000617593;1.01425;-0.00304052;-0.000292249;1.00632;0.0207367;0.988861;1;3;1
169.531;882.06;-0.336881;0.216413;0.0108074;0.00226673;-0.00047176;0.0108333;0.00224076;1.01284;0.00439584;0.00147907;1.00328;0.0233183;0.989631;1;3;1
192.531;882.06;-0.112106;0.197038;0.0102087;0.00352072;0.000559668;0.0102552;0.00347421;1.0078;-0.00300853;-0.00275353;1.00238;0.0246474;0.979756;1;3;1
215.531;882.06;0.130332;0.250964;0.0116419;0.00307203;0.000397084;0.0116602;0.00305367;1.01246;0.00243303;-0.00485013;1.00134;0.0243019;0.985841;1;3;1
238.531;882.06;0.420157;0.326864;0.0128263;0.00270501;0.000784558;0.0128867;0.00264456;1.01081;-0.000304068;0.000362404;1.00501;0.0220972;0.988486;1;3;1
261.531;882.06;0.716578;0.300077;0.0118579;0.00178997;0.00048176;0.0118809;0.00176697;1.00905;0.0033067;2.04455e-05;1.00375;0.0256006;0.981501;1;3;1
284.531;882.06;0.962368;0.399441;0.0106846;0.00193153;0.00109534;0.0108196;0.00179654;1.01384;0.00376018;-0.00226817;1.00035;0.018485;0.990627;1;3;1
307.531;882.06;1.20541;0.376347;0.0118215;0.00207823;-0.000208264;0.011826;0.00207378;1.01245;0.00872438;-0.000440928;0.999334;0.0260925;0.985993;1;4;1
330.531;882.06;1.50296;0.443277;0.0131509;0.00284056;0.00157761;0.0133869;0.00260457;1.01465;-0.00416193;0.000878564;1.00113;0.0207561;0.98884;1;3;1
353.531;882.06;1.80634;0.464097;0.010261;0.00286974;0.000181418;0.0102654;0.00286529;1.01778;-0.002746;-0.00707753;1.00156;0.0203978;0.991437;1;4;1
376.531;882.06;1.97256;0.471892;0.0108343;0.00376102;-0.000909714;0.0109494;0.0036459;1.00805;0.00660401;0.00379168;1.00264;0.0264007;0.98048;1;3;1
399.531;882.06;2.30202;0.513838;0.0131618;0.00419025;0.00120715;0.0133214;0.00403067;1.0118;-0.00123003;-0.00406328;1.00875;0.0212143;0.986907;1;3;1
422.531;882.06;2.57403;0.531354;0.0117467;0.00136888;0.000283467;0.0117544;0.00136114;1.01577;0.00474319;-0.00265857;1.00105;0.0278043;0.974286;1;4;1
445.531;882.06;2.83917;0.590017;0.0140328;0.00275527;0.000376007;0.0140454;0.00274275;1.01442;-0.000209924;0.000789824;1.00102;0.0213124;0.990918;1;3;1
468.531;882.06;3.21499;0.622533;0.0137205;0.00200026;0.00164101;0.0139459;0.00177483;1.01505;-0.00352701;-0.00350511;1.0044;0.0226334;0.988518;1;3;1
491.531;882.06;3.46601;0.643746;0.0102779;0.00267811;0.000441256;0.0103035;0.00265257;1.00957;-0.0015005;0.000302322;0.998376;0.0237116;0.983134;1;3;1
514.531;882.06;3.68533;0.680508;0.00939406;0.00156224;0.00114342;0.00955758;0.00139872;1.00419;-0.00436603;-0.00198763;1.00007;0.0213452;0.985584;1;3;1
537.531;882.06;3.89605;0.726312;0.01253;0.00292843;0.000633719;0.0125717;0.00288679;1.01795;0.00121475;-0.00124271;1.00896;0.0206639;0.986714;1;3;1
560.531;882.06;4.25812;0.729793;0.0124394;0.00168919;0.000541082;0.0124665;0.00166202;1.01309;-0.000618081;0.00319701;1.00266;0.0220369;0.987954;1;3;1
583.531;882.06;4.46474;0.737545;0.0126769;0.00332374;0.000517763;0.0127055;0.00329517;1.00604;0.000543677;-0.00360806;1.00356;0.0238836;0.981191;1;3;1
606.531;882.06;4.8376;0.765343;0.0129051;0.00285748;0.000465916;0.0129267;0.00283592;1.01648;0.00279486;0.00360097;1.00319;0.0235976;0.983792;1;4;1
629.531;882.06;5.05455;0.806814;0.0116724;0.0047924;0.00134846;0.0119272;0.00453754;1.0049;-0.00268471;-0.00495177;1.00444;0.0207671;0.990046;1;4;1
652.531;882.06;5.3714;0.813041;0.0139635;0.00402385;0.000619254;0.014002;0.00398542;1.01441;-0.000136162;0.000498651;1.00433;0.0243411;0.985474;1;3;1
675.531;882.06;5.69236;0.896498;0.0134988;0.00179433;0.00111152;0.0136034;0.0016897;1.01518;0.000920783;-0.00931089;1.00253;0.0244364;0.983337;1;4;1
698.531;882.06;5.98792;0.978103;0.0128015;0.0011979;-0.000291892;0.0128089;0.00119056;1.01267;-0.000572476;0.00946835;0.99349;0.0258987;0.976748;1;3;1
721.531;882.06;6.27749;0.937192;0.0124091;0.00205472;-0.000628302;0.0124471;0.00201674;1.01002;0.00770513;-0.00611193;1.00413;0.0284589;0.971725;1;4;1
744.531;882.06;6.55523;1.01013;0.011467;0.00212744;0.000273422;0.011475;0.00211944;1.01856;0.00436672;0.00121448;1.00619;0.0286383;0.968369;1;3;1
767.531;882.06;6.8019;1.02602;0.0108491;0.00200232;0.000307033;0.0108598;0.00199167;1.01047;-0.0035923;-0.00235736;1.00564;0.0310418;0.958685;1;4;1
790.531;882.06;7.05158;1.06115;0.0123913;0.00419072;-0.000684791;0.0124481;0.00413393;1.0102;-0.000697702;-0.00033004;1.00485;0.0302101;0.973481;1;3;1
813.531;882.06;7.36839;1.07061;0.0126876;0.00288746;0.000163965;0.0126903;0.00288472;1.0123;0.000340012;-9.81364e-06;1.00436;0.0240639;0.9824;1;4;1
836.531;882.06;7.63156;1.06689;0.0152832;0.00323721;0.000227969;0.0152875;0.00323289;1.01387;-0.00394836;-0.00294344;1.00329;0.024818;0.978843;1;3;1
859.531;882.06;8.06611;1.11294;0.0136779;0.00311978;0.000170831;0.0136807;0.00311702;1.01607;0.000959165;0.00310339;1.00284;0.0347784;0.935606;1;3;1
882.531;882.06;8.25644;1.13544;0.0106271;0.00177101;-0.000461879;0.0106511;0.00174699;1.01569;0.00881465;0.00194751;0.995384;0.0296171;0.961517;1;3;1
905.531;882.06;8.55235;1.16304;0.0127803;0.00320529;-0.000489658;0.0128052;0.00318032;1.00822;0.00490654;-0.0081895;1.00721;0.0243538;0.977596;1;3;1
928.531;882.06;8.84061;1.17583;0.0124762;0.00220883;-0.000295458;0.0124847;0.00220033;1.01218;-0.00102362;0.00320141;1.00104;0.0283543;0.969842;1;3;1
951.531;882.06;9.12271;1.20429;0.0134808;0.00366495;0.00153064;0.0137139;0.00343181;1.01085;0.00254522;-0.00157731;1.00049;0.0230634;0.979058;1;3;1
974.531;882.06;9.45642;1.30407;0.0128033;0.00480877;0.0020996;0.0133212;0.0042909;1.01438;0.000582015;-0.0063507;1.00894;0.0243601;0.98212;1;3;1
997.531;882.06;9.7078;1.31778;0.0107661;0.0030028;-0.00097029;0.0108855;0.00288337;1.00921;0.00121547;0.00424947;1.008;0.0249818;0.98285;1;3;1
1020.53;882.06;9.94901;1.26358;0.012603;0.0028633;-0.000266349;0.0126103;0.00285602;1.01874;-0.00340167;-0.000554574;1.00448;0.0271175;0.973654;1;4;1
1043.53;882.06;10.2839;1.29786;0.0145144;0.00164705;-0.000436496;0.0145292;0.00163226;1.01632;-0.00456463;0.00357686;0.997299;0.0243764;0.977968;1;3;1
1066.53;882.06;10.6119;1.31391;0.0132665;0.00177653;-0.00067272;0.0133057;0.00173728;1.01206;-0.0018438;-0.00635361;0.996439;0.0223442;0.98652;1;3;1
1089.53;882.06;10.8901;1.38192;0.0116061;0.00265817;1.30648e-05;0.0116061;0.00265815;1.01295;0.00278134;-0.00118716;1.00344;0.0246246;0.980909;1;3;1
1112.53;882.06;11.1426;1.42382;0.00783727;0.00105218;-8.97956e-05;0.00783846;0.00105099;1.00587;-0.00341883;-0.00731648;1.00034;0.0209021;0.989011;1;3;1
1135.53;882.06;11.2492;1.45994;0.00853219;0.00340759;0.000615726;0.00860513;0.00333464;1.012;-0.00510705;0.00210905;1.00148;0.0244885;0.987518;1;3;1
1158.53;882.06;11.5333;1.48478;0.0135626;0.00267675;0.00102819;0.0136589;0.00258049;1.01242;-0.00256197;-0.00508593;1.00486;0.0212754;0.98417;1;3;1
1181.53;882.06;11.8688;1.53607;0.014703;0.00395234;0.000540094;0.01473;0.00392527;1.01426;0.00546343;0.00601973;1.00871;0.0261559;0.973562;1;4;1
1204.53;882.06;12.2048;1.52786;0.0129989;0.00267072;0.00026376;0.0130056;0.00266399;1.01291;-0.00120652;-0.00266702;1.00392;0.0208266;0.984974;1;3;1
1227.53;882.06;12.4629;1.5356;0.0122651;0.00368674;-0.000460573;0.0122898;0.00366209;1.00987;-0.000671468;-0.00177848;1.00462;0.0215776;0.986752;1;3;1
1250.53;882.06;12.7655;1.54172;0.0127989;0.000676109;0.00109726;0.0128974;0.000577594;1.01387;-0.0030792;6.09704e-05;1.00086;0.0224872;0.982323;1;3;1
1273.53;882.06;13.0479;1.56925;0.0123547;0.00150031;0.000765146;0.0124084;0.00144664;1.00838;-0.00430458;-0.0013445;1.00168;0.0273512;0.985139;1;3;1
31.5305;859.06;-1.92893;-0.00424486;0.0112065;0.0017528;5.52793e-05;0.0112068;0.00175247;1.01849;-0.00283562;-0.00387692;0.999127;0.0255674;0.989658;1;4;1
54.5305;859.06;-1.67261;-0.011594;0.0104117;0.00155591;9.37848e-05;0.0104127;0.00155492;1.01041;-0.00142366;0.00198123;0.999483;0.02786;0.981174;1;3;1
77.5306;859.06;-1.45247;0.0243257;0.0116101;0.00243191;0.000710789;0.0116648;0.00237719;1.01163;0.00177066;0.000573648;1.00351;0.0228771;0.985658;1;3;1
100.531;859.06;-1.14169;0.0723055;0.012369;0.00335392;0.000630197;0.0124129;0.00331008;1.01232;-0.000664067;-0.000541943;1.00245;0.0240086;0.986225;1;2;1
123.531;859.06;-0.887016;0.088835;0.0126444;0.00108851;0.00050124;0.0126661;0.00106681;1.00905;0.0026005;-0.0039753;1.00299;0.0270622;0.982653;1;3;1
146.531;859.06;-0.563806;0.180547;0.0116466;0.00229179;0.00100691;0.0117538;0.00218464;1.0151;0.00239924;0.0016605;1.00024;0.0255035;0.979975;1;3;1
169.531;859.06;-0.354408;0.15848;0.00955714;0.0036366;0.000398525;0.00958384;0.0036099;1.00809;-0.00380966;-9.49574e-05;1.00297;0.0219499;0.989717;1;3;1
192.531;859.06;-0.12628;0.135875;0.0114748;0.00213194;0.00111692;0.0116065;0.00200027;1.00907;-0.0115538;-0.00138158;1.00253;0.0230962;0.987922;1;3;1
215.531;859.06;0.170413;0.20888;0.012248;0.00156056;0.00205919;0.012631;0.00117754;1.00841;-0.00547444;-0.0035042;1.00247;0.0228911;0.987726;1;3;1
238.531;859.06;0.433508;0.275498;0.0124798;0.00256578;0.000728293;0.012533;0.00251257;1.01595;0.00217569;-0.00236177;0.99995;0.0230378;0.986196;1;3;1
261.531;859.06;0.740832;0.311009;0.0116653;0.00162336;0.000816124;0.0117312;0.00155746;1.01153;0.00147999;-0.0031103;0.995661;0.0241913;0.983652;1;3;1
284.531;859.06;0.966998;0.319689;0.0111696;0.00402334;-0.000349358;0.0111867;0.0040063;1.0114;-0.00340819;0.00156109;1.00444;0.0223999;0.984453;1;3;1
307.531;859.06;1.25179;0.328876;0.0110073;0.00309143;0.000101828;0.0110086;0.00309012;1.01384;0.0012654;-0.00277202;1.00434;0.0244874;0.986302;1;3;1
330.531;859.06;1.47053;0.383263;0.0114378;0.00213366;0.000889417;0.011522;0.0020494;1.00411;0.00455075;-0.000605715;1.00357;0.0236553;0.98859;1;3;1
353.531;859.06;1.77492;0.385773;0.0125921;0.00251827;0.000146055;0.0125942;0.00251615;1.02243;0.000568702;-0.00271542;1.00562;0.0225395;0.985217;1;3;1
376.531;859.06;2.04617;0.382843;0.0104022;0.00244619;-0.000686388;0.010461;0.00238741;1.00787;0.000865621;0.000999333;1.00371;0.0226962;0.986272;1;3;1
399.531;859.06;2.25095;0.408355;0.0120635;0.00279716;0.00222092;0.0125683;0.00229236;1.01273;-0.00156651;-0.00334266;1.00249;0.0253916;0.982624;1;3;1
422.531;859.06;2.59748;0.55189;0.0133313;0.000810824;0.00095572;0.0134039;0.000738292;1.01361;-0.00303454;-0.00306201;0.997873;0.0249825;0.986359;1;3;1
445.531;859.06;2.85997;0.539893;0.0101402;0.00284128;-0.000545282;0.0101808;0.00280077;1.01231;0.0011884;-0.000233273;1.00181;0.0232232;0.98474;1;3;1
468.531;859.06;3.06158;0.569816;0.0118228;0.00264064;0.00133975;0.0120143;0.00244915;1.00997;-0.00319287;-0.00177566;1.00053;0.0221869;0.984133;1;3;1
491.531;859.06;3.40064;0.564853;0.0127147;0.00343213;0.00136446;0.0129111;0.00323573;1.01422;-0.00517486;-0.000816682;1.00515;0.0199551;0.988722;1;3;1
514.531;859.06;3.64275;0.626113;0.0123794;0.00385145;0.000856663;0.0124646;0.00376624;1.01118;0.0032697;-5.15376e-05;1.00534;0.0205927;0.985537;1;4;1
537.531;859.06;3.96653;0.653114;0.0125906;0.00314908;-6.89669e-05;0.0125911;0.00314858;1.01872;0.0032201;-0.00193504;0.997033;0.0253178;0.974257;1;3;1
560.531;859.06;4.21826;0.70175;0.0121872;0.00234549;-0.000348091;0.0121995;0.00233319;1.00882;0.0014169;0.00123606;0.998435;0.0252361;0.979986;1;4;1
583.531;859.06;4.52375;0.620767;0.0129487;0.00306734;-0.000464839;0.0129706;0.00304552;1.00875;0.00334386;0.00107566;1.00351;0.0276577;0.980469;1;4;1
606.531;859.06;4.81009;0.682823;0.0119898;0.00150819;0.00134857;0.0121605;0.00133747;1.01325;-0.00504103;-0.002666;1.00577;0.0202449;0.986682;1;4;1
629.531;859.06;5.07195;0.696665;0.0118862;0.00239119;0.00103353;0.0119974;0.00227999;1.00956;2.71727e-05;-0.00188265;1.00283;0.020605;0.988987;1;3;1
652.531;859.06;5.35355;0.776676;0.0136639;0.00138498;0.00128967;0.0137979;0.00125098;1.01385;-0.00208478;-0.00556154;1.00089;0.0200842;0.987587;1;4;1
675.531;859.06;5.69601;0.848868;0.0146654;0.00343065;0.000972363;0.0147489;0.00334711;1.01347;-0.00104173;-0.00208493;1.00491;0.0244613;0.978056;1;4;1
698.531;859.06;6.02311;0.901604;0.0128672;0.00424696;0.000533763;0.0129001;0.00421404;1.01925;0.000170149;-0.0010314;1.01028;0.0247547;0.975729;1;4;1
721.531;859.06;6.28411;0.899972;0.0119898;0.00062362;0.000616967;0.0120232;0.000590229;1.00749;-0.000309362;0.00233596;1.00317;0.024445;0.981459;1;3;1
744.531;859.06;6.57131;0.976862;0.0118337;0.0038503;0.00112782;0.01199;0.00369403;1.00859;-0.00247639;-0.0106283;1.0047;0.0309333;0.962159;1;4;1
767.531;859.06;6.82521;0.977683;0.0122893;0.00333918;-0.000776957;0.0123562;0.00327223;1.0193;0.00569653;0.00641856;1.00157;0.0266345;0.979263;1;4;1
790.531;859.06;7.13319;0.980633;0.0122535;0.00447092;-0.000698685;0.0123157;0.00440869;1.01366;0.00195821;-0.00143548;1.00077;0.0305448;0.969891;1;3;1
813.531;859.06;7.38546;0.974746;0.0126124;0.00430913;-0.000975096;0.0127254;0.00419615;1.01613;0.000790235;-0.000613616;1.00985;0.0228891;0.983544;1;4;1
836.531;859.06;7.70975;0.985814;0.0141674;0.00366099;-0.00111355;0.0142842;0.00354426;1.01052;0.00758235;-0.000869966;0.999211;0.0227484;0.98581;1;3;1
859.531;859.06;8.03259;1.01764;0.0130015;0.00235296;0.00124374;0.0131448;0.00220962;1.01274;-0.000754342;-0.000824344;0.99617;0.0327244;0.961351;1;3;1
882.531;859.06;8.30387;1.08795;0.0134129;0.00198822;0.000720852;0.0134582;0.00194292;1.01669;-0.00555437;-0.00513191;1.00241;0.0275746;0.969578;1;3;1
905.531;859.06;8.64544;1.09433;0.0130941;0.00348734;-0.000426415;0.013113;0.00346845;1.01206;-0.00225429;0.00111717;1.00532;0.0240094;0.977148;1;4;1
928.531;859.06;8.9023;1.0946;0.0108567;0.00317462;2.28989e-05;0.0108568;0.00317455;1.00733;0.00143924;-0.00515747;1.0088;0.024931;0.979042;1;3;1
951.531;859.06;9.14209;1.1772;0.0111479;0.00290812;-0.00028016;0.0111574;0.0028986;1.01733;0.00320452;-0.00103554;1.00961;0.0217662;0.984167;1;3;1
974.531;859.06;9.41223;1.16272;0.012741;0.00476594;0.000867113;0.0128342;0.00467275;1.00828;0.00111939;-0.00159565;1.00354;0.0199838;0.985614;1;3;1
997.531;859.06;9.72442;1.25987;0.0126146;0.00283052;0.000504541;0.0126405;0.00280457;1.01781;0.00486921;0.000635516;0.999388;0.0279618;0.972223;1;3;1
1020.53;859.06;9.98883;1.23137;0.0141746;0.00161364;-0.000826939;0.0142288;0.00155943;1.0084;-0.0042712;-0.00617383;0.998226;0.0239015;0.978823;1;3;1
1043.53;859.06;10.3719;1.28056;0.0147551;0.000584218;-0.000279888;0.0147606;0.000578692;1.0187;0.00101677;0.00367355;0.99911;0.0230027;0.985194;1;3;1
1066.53;859.06;10.6626;1.26607;0.011025;0.0017278;0.000198245;0.0110293;0.00172357;1.0076;-0.000920567;0.00105569;1.00637;0.02254;0.984115;1;4;1
1089.53;859.06;10.8763;1.27025;0.011496;0.00250016;0.00182208;0.011851;0.00214511;1.0108;-0.00420204;-0.00332974;1.00797;0.0241003;0.982952;1;3;1
1112.53;859.06;11.1883;1.37164;0.00931453;0.00267102;0.000563647;0.00936201;0.00262354;1.0125;0.0089563;0.000437749;1.00505;0.0238109;0.979552;1;3;1
1135.53;859.06;11.3027;1.36071;0.00838126;0.00373185;-0.000523824;0.00843955;0.00367357;1.00743;0.000167592;0.000543986;1.00482;0.0305728;0.97321;1;3;1
1158.53;859.06;11.5722;1.43742;0.0125936;0.00100143;-0.00152331;0.0127905;0.000804595;1.00894;0.00740162;-0.00702482;0.998043;0.0303159;0.967988;1;3;1
1181.53;859.06;11.8784;1.39047;0.0130148;0.00452843;-0.00133278;0.0132192;0.00432404;1.00752;-0.000906749;0.000439031;0.998889;0.0261402;0.979039;1;3;1
1204.53;859.06;12.167;1.43123;0.0137231;0.00476214;0.000396791;0.0137407;0.0047446;1.02018;-0.000506246;0.00181622;1.00129;0.0297232;0.964722;1;3;1
1227.53;859.06;12.5054;1.38796;0.0124604;0.00395302;-1.53135e-07;0.0124604;0.00395302;1.01254;0.00388827;-0.00534998;1.00995;0.0270848;0.977546;1;3;1
1250.53;859.06;12.7366;1.51741;0.0111323;3.38331e-05;0.00146437;0.0113223;-0.000156129;1.01285;0.00791898;-0.00163187;1.00346;0.0266573;0.977258;1;3;1
1273.53;859.06;13.0143;1.56812;0.0121481;0.000908055;-0.000484814;0.012169;0.000887182;0.996511;0.0047184;-0.00956404;1.00245;0.035476;0.976902;1;4;1
31.5305;836.06;-1.89196;-0.0292237;0.0123211;0.0025629;0.000225428;0.0123263;0.00255769;0.995179;0.000921523;-0.000605041;1.00116;0.024377;0.986859;1;3;1
54.5305;836.06;-1.61031;-0.0210997;0.0125398;0.00394978;-0.000297606;0.0125501;0.00393949;1.02147;-0.00719368;2.97327e-05;1.00432;0.0264329;0.986337;1;4;1
77.5306;836.06;-1.31871;-0.0551643;0.0113878;0.00153964;-0.00108483;0.0115059;0.00142156;1.00806;0.00675046;0.00231661;1.00258;0.0252434;0.987729;1;3;1
100.531;836.06;-1.08942;-0.00793228;0.0118639;0.00228025;0.00114743;0.0119993;0.00214479;1.01443;0.0058412;-0.00729047;1.00559;0.0277681;0.97882;1;3;1
123.531;836.06;-0.776461;0.107533;0.0100609;0.00115908;0.00165169;0.0103574;0.000862502;1.01131;-0.00192603;-0.00367867;1.00234;0.0254781;0.985093;1;3;1
146.531;836.06;-0.629138;0.133678;0.00783228;0.0032766;0.000368205;0.00786184;0.00324704;1.00564;0.000341882;0.0018711;0.998767;0.0215408;0.988444;1;3;1
169.531;836.06;-0.417613;0.0495025;0.0101682;0.00299099;-0.000303148;0.010181;0.0029782;1.01235;0.00211605;0.00326607;1.00001;0.0251859;0.9845;1;3;1
192.531;836.06;-0.163767;0.099102;0.0109092;0.00135801;0.00115685;0.0110474;0.00121989;1.01;0.0109615;-0.00321664;1.00009;0.0266042;0.984452;1;3;1
215.531;836.06;0.0813235;0.17926;0.0135472;0.00228652;0.00065661;0.0135854;0.00224836;1.01202;-0.00162845;-0.00236943;1.00735;0.0280793;0.98208;1;3;1
238.531;836.06;0.455112;0.209002;0.0132345;0.00226685;0.000836639;0.0132979;0.00220339;1.015;-0.000455365;-0.00200497;1.00522;0.0228122;0.991247;1;3;1
261.531;836.06;0.68611;0.225473;0.0121773;0.00367887;0.000748227;0.0122427;0.00361349;1.01159;-0.00266543;-0.00219218;1.01088;0.0216158;0.991251;1;3;1
284.531;836.06;1.0119;0.214765;0.0125366;0.00340335;-0.000746676;0.0125972;0.00334271;1.01267;0.00339704;0.00536807;1.00305;0.0217579;0.990797;1;3;1
307.531;836.06;1.25922;0.234392;0.0101975;0.00310506;0.000866645;0.0103019;0.0030007;1.0088;-0.000277171;-0.00765145;1.00037;0.022685;0.989222;1;3;1
330.531;836.06;1.47843;0.34524;0.0116667;0.00215626;0.000411289;0.0116844;0.0021385;1.01065;-0.00444847;0.00252943;0.997897;0.0230997;0.987738;1;3;1
353.531;836.06;1.79265;0.348404;0.012667;0.00130222;6.057e-05;0.0126673;0.00130189;1.01738;0.000913413;-0.000696922;0.999102;0.0243989;0.984277;1;3;1
376.531;836.06;2.05747;0.359583;0.0103791;0.00101304;0.000502523;0.010406;0.000986158;1.0071;0.00363503;0.00147481;0.999627;0.022532;0.980555;1;3;1
399.531;836.06;2.26763;0.385361;0.012246;0.00177793;0.000797256;0.0123064;0.00171756;1.01219;0.0108617;-0.00437361;0.99862;0.022694;0.986513;1;3;1
422.531;836.06;2.61718;0.494092;0.0139892;0.00484203;0.000687623;0.0140406;0.00479063;1.01844;0.00153644;-0.00279466;1.00655;0.0252718;0.98222;1;3;1
445.531;836.06;2.90663;0.459553;0.0109444;0.00353182;-0.000109592;0.010946;0.0035302;1.00495;-0.000654792;0.00039464;1.00675;0.0235289;0.987668;1;3;1
468.531;836.06;3.1179;0.501325;0.0107354;0.00398032;-0.000761315;0.0108201;0.00389558;1.01767;0.006261;0.00062465;1.00467;0.0249419;0.978113;1;4;1
491.531;836.06;3.39783;0.486189;0.0126244;0.00190311;6.07023e-05;0.0126248;0.00190276;1.01318;0.00268796;-0.00360671;1.00102;0.0227604;0.983358;1;3;1
514.531;836.06;3.695;0.503682;0.0126777;0.00272597;0.000429478;0.0126962;0.00270747;1.00738;0.0011558;0.00114876;1.00284;0.0204714;0.991885;1;3;1
537.531;836.06;3.97725;0.581753;0.0123113;0.00417514;0.00100255;0.012433;0.00405342;1.01487;-0.00231874;-0.00656297;1.00478;0.0244079;0.984116;1;3;1
560.531;836.06;4.25773;0.622027;0.0111697;0.00342733;-0.000391131;0.0111894;0.00340762;1.01471;-0.00488353;0.00175181;1.01038;0.0231096;0.985844;1;4;1
583.531;836.06;4.48822;0.596669;0.0116418;0.00154568;0.000665388;0.0116854;0.00150202;1.00947;0.00144808;-0.00325568;1.00072;0.028609;0.974365;1;4;1
606.531;836.06;4.79011;0.696042;0.0123677;0.00356183;0.0010558;0.0124925;0.00343701;1.00891;0.00335828;-0.00167305;0.997536;0.0243224;0.986335;1;3;1
629.531;836.06;5.05355;0.69695;0.013451;0.0014921;-0.000308305;0.0134589;0.00148416;1.01986;0.00412419;0.000142592;1.0019;0.0218972;0.985621;1;4;1
652.531;836.06;5.40471;0.749389;0.0147642;0.00328595;-0.000596919;0.0147952;0.00325499;1.01247;0.0125451;-0.00171866;1.00313;0.0204693;0.987134;1;4;1
675.531;836.06;5.72774;0.738972;0.0128071;0.00473828;0.000317913;0.0128196;0.00472578;1.01546;0.00995322;0.00411108;1.00516;0.0267488;0.974719;1;4;1
698.531;836.06;5.9901;0.783156;0.0124324;0.00612514;0.0017316;0.0128766;0.00568102;1.01123;0.00322854;-0.00217615;1.00057;0.0246717;0.980981;1;3;1
721.531;836.06;6.29582;0.908518;0.0118015;0.00410065;0.000255109;0.0118099;0.00409221;1.01214;-0.00341607;-0.000694409;0.999579;0.0273025;0.978313;1;3;1
744.531;836.06;6.52978;0.833358;0.0126982;0.00477265;-0.000136049;0.0127005;0.00477032;1.01615;0.00221102;-0.00124295;1.00152;0.0278493;0.969025;1;4;1
767.531;836.06;6.87625;0.872737;0.012741;0.00352678;-1.52755e-05;0.0127411;0.00352676;1.01087;-0.00507111;-0.00253059;1.00459;0.0306454;0.967301;1;4;1
790.531;836.06;7.11217;0.855989;0.0128174;0.00406267;-0.000853707;0.0128999;0.0039802;1.01156;-0.00362979;-0.00224127;1.00871;0.0245447;0.978988;1;3;1
813.531;836.06;7.46213;0.872907;0.0145142;0.00291631;-0.000484619;0.0145344;0.00289609;1.01588;0.00638361;-0.00229866;0.997323;0.0242633;0.981904;1;4;1
836.531;836.06;7.77503;0.899016;0.0129585;0.00320967;0.000899031;0.0130407;0.00312745;1.0103;-0.000721062;-0.000925357;1.00808;0.0236465;0.984818;1;4;1
859.531;836.06;8.05422;1.00483;0.0107535;0.00171063;0.00171986;0.0110695;0.00139458;1.01531;-0.00807612;-0.000149129;1.00508;0.0318852;0.957809;1;4;1
882.531;836.06;8.26683;1.04407;0.0118838;0.00388841;0.000596709;0.0119281;0.00384413;1.01319;-0.000558064;-0.00218517;1.00266;0.0225367;0.985664;1;3;1
905.531;836.06;8.59766;1.00293;0.0143171;0.00254901;0.000560974;0.0143437;0.00252233;1.01055;-0.00225894;0.00458401;1.00232;0.025338;0.973055;1;3;1
928.531;836.06;8.92077;1.0301;0.0135285;0.0021608;0.000715039;0.0135733;0.002116;1.02056;0.00294246;-0.00114406;0.995826;0.0227337;0.98582;1;4;1
951.531;836.06;9.21577;1.0708;0.0117847;0.00278879;-0.000850773;0.0118645;0.00270903;1.01395;0.00131203;-0.000367372;1.00086;0.0222546;0.986836;1;3;1
974.531;836.06;9.45968;1.08535;0.0112433;0.00229023;0.00050461;0.0112717;0.00226188;1.01036;0.00338308;-0.00362923;1.00057;0.0197833;0.988107;1;3;1
997.531;836.06;9.72994;1.18776;0.0127962;0.00518268;-4.72315e-05;0.0127965;0.00518239;1.0134;0.00253662;-0.00575542;1.00576;0.0253175;0.977762;1;4;1
1020.53;836.06;10.0445;1.18951;0.0134294;0.00493931;-0.000265308;0.0134377;0.00493102;1.00611;0.00823586;0.00132385;1.00914;0.0258392;0.979225;1;3;1
1043.53;836.06;10.3435;1.27103;0.0117897;0.0036456;0.000758997;0.0118598;0.00357546;1.01685;0.00231549;0.00288805;1.00402;0.022843;0.981784;1;3;1
1066.53;836.06;10.5836;1.23451;0.0106099;0.00397695;0.000312466;0.0106246;0.00396226;1.01316;0.00133917;-0.00456883;0.994999;0.0253514;0.98441;1;3;1
1089.53;836.06;10.829;1.2671;0.0130731;0.00268116;0.00100488;0.0131694;0.00258489;1.0112;0.00243478;-0.00148887;0.998469;0.0228414;0.989489;1;3;1
1112.53;836.06;11.181;1.30114;0.0116633;0.00429518;0.000360647;0.0116809;0.00427757;1.00908;-0.00709185;-0.00108747;0.999503;0.0250346;0.977853;1;3;1
1135.53;836.06;11.3624;1.28874;0.0113754;0.00471025;-0.000485475;0.0114105;0.00467508;1.01087;0.0088175;-0.00313088;1.00579;0.0280715;0.979659;1;3;1
1158.53;836.06;11.7012;1.43904;0.0135977;0.00345954;-0.00209904;0.0140151;0.00304214;1.01798;0.00562812;-0.00957593;1.004;0.027953;0.967327;1;3;1
1181.53;836.06;11.9837;1.32837;0.0101656;0.00278771;-0.00300517;0.0112347;0.00171857;1.00267;0.00314635;0.00527005;1.00719;0.0260749;0.967358;1;3;1
1204.53;836.06;12.1662;1.30934;0.0123511;0.00383932;-0.00150843;0.0126105;0.00357991;1.01746;0.00133766;-0.000776048;1.00852;0.0262273;0.974835;1;3;1
1227.53;836.06;12.5484;1.35419;0.0141154;0.00138409;0.00230441;0.0145197;0.000979822;1.00413;-0.000209652;-0.00561734;0.998383;0.02616;0.981709;1;3;1
1250.53;836.06;12.8105;1.54019;0.014103;0.00369372;0.0011168;0.0142215;0.00357525;1.01753;-0.0137666;-0.00759376;1.00019;0.0253743;0.9792;1;3;1
1273.53;836.06;13.1923;1.52772;0.0167392;0.00475588;-0.00274292;0.0173372;0.00415788;1.00708;-0.00712394;0.0132479;1.00064;0.0411983;0.98927;1;4;1
31.5305;813.06;-1.93333;-0.121987;0.0114625;0.00240077;-0.00127641;0.0116389;0.00222441;1.01419;0.000176861;0.0019002;1.00373;0.0248945;0.98671;1;3;1
54.5305;813.06;-1.67129;-0.192927;0.0129667;0.00376723;0.00155322;0.0132218;0.00351206;1.01318;-0.00459759;-1.12424e-05;1.00636;0.0247621;0.984813;1;3;1
77.5306;813.06;-1.34074;-0.046308;0.012836;0.00175888;0.00261111;0.0134206;0.00117424;1.01065;-0.00305424;-0.00400195;0.997404;0.0223272;0.993571;1;3;1
100.531;813.06;-1.08486;-0.0324319;0.00969259;0.00141712;0.000934028;0.0097967;0.001313;1.01364;-0.00568578;-0.000535033;0.997747;0.0228048;0.990403;1;3;1
123.531;813.06;-0.897096;0.0355491;0.00938518;0.00411247;0.00164358;0.00985555;0.0036421;0.999068;-0.00127744;-0.00490792;1.00353;0.0257428;0.987404;1;3;1
146.531;813.06;-0.655188;0.0301603;0.0117194;0.0038687;0.000227538;0.011726;0.00386212;1.01423;-0.00492517;-0.000953289;1.0084;0.0270092;0.988954;1;3;1
169.531;813.06;-0.36113;0.0211002;0.0120759;0.0013518;-0.000420403;0.0120924;0.00133534;1.01221;0.00940883;0.00120382;1.00392;0.0248338;0.987614;1;3;1
192.531;813.06;-0.103029;0.0734548;0.0127036;0.00104669;0.000366751;0.0127151;0.00103516;1.01498;0.00115983;-0.00169656;1.00203;0.0277316;0.978217;1;3;1
215.531;813.06;0.219495;0.103846;0.011069;0.00336797;0.000508516;0.0111024;0.00333453;1.01079;0.00743909;-0.00213337;0.999379;0.0243118;0.982072;1;3;1
238.531;813.06;0.403253;0.171351;0.0100292;0.00256091;0.000680272;0.0100907;0.00249945;1.0109;-0.000557751;-0.000649346;1.00085;0.0186466;0.99161;1;3;1
261.531;813.06;0.678533;0.142133;0.0140194;0.00322324;-0.000541918;0.0140465;0.00319611;1.01285;0.00100186;-0.000885099;1.00006;0.0193672;0.991461;1;3;1
284.531;813.06;1.04369;0.163464;0.0136554;0.0017712;0.000922253;0.0137265;0.00170006;1.01763;-0.00633571;0.000258411;0.99923;0.0199596;0.99205;1;3;1
307.531;813.06;1.30243;0.186292;0.0109846;0.0025235;0.00122167;0.0111575;0.00235064;1.00601;0.000349733;-0.000988265;1.00525;0.0232781;0.987441;1;3;1
330.531;813.06;1.54608;0.284244;0.0105196;0.00283841;0.000918786;0.010628;0.00273004;1.01121;0.00282278;-0.00380361;1.00489;0.0241193;0.98215;1;3;1
353.531;813.06;1.7836;0.32591;0.0107303;0.00205415;0.000540674;0.0107639;0.00202059;1.01262;-0.000823117;0.000884706;1.00613;0.0250076;0.989847;1;3;1
376.531;813.06;2.03702;0.336268;0.0115444;0.0025365;-0.000114796;0.0115459;0.00253504;1.01033;-0.00319937;-0.00198196;1.00215;0.0222346;0.984184;1;3;1
399.531;813.06;2.31161;0.326682;0.012503;0.0025952;-0.000677559;0.0125491;0.00254908;1.01349;-0.00360959;0.0044426;1.00556;0.0223786;0.986265;1;3;1
422.531;813.06;2.60861;0.329695;0.01237;0.00444635;0.000627283;0.0124193;0.004397;1.01335;0.00147964;-0.0022942;1.00546;0.0231611;0.987573;1;3;1
445.531;813.06;2.87713;0.377718;0.0120009;0.00292481;0.00103949;0.0121184;0.00280728;1.0126;0.000725238;-0.00104909;1.00106;0.0243094;0.987714;1;3;1
468.531;813.06;3.15734;0.387183;0.0113778;0.0023218;1.40472e-05;0.0113778;0.00232178;1.01205;-0.00407558;-0.00468672;1.00233;0.0243245;0.984605;1;4;1
491.531;813.06;3.39746;0.477393;0.0118336;0.0022386;0.000531154;0.0118629;0.00220929;1.01445;-0.00159395;-0.00154677;1.00392;0.022307;0.979656;1;3;1
514.531;813.06;3.69837;0.500922;0.0130262;0.00187658;-5.07866e-05;0.0130264;0.00187635;1.00869;0.00239575;-0.00178076;0.9975;0.0193823;0.989526;1;3;1
537.531;813.06;3.99281;0.461465;0.0124748;0.00284699;0.000607281;0.0125129;0.00280884;1.0198;0.00139751;-0.00158359;1.0024;0.0224867;0.988034;1;4;1
560.531;813.06;4.26865;0.54439;0.0118915;0.00328147;0.000660318;0.0119418;0.00323112;1.00981;0.00486637;-0.0021721;0.998192;0.0198444;0.9914;1;3;1
583.531;813.06;4.53652;0.549722;0.011916;0.00264628;-0.000764601;0.0119786;0.00258364;1.01036;-0.00493545;0.0013559;1.00115;0.0191517;0.992156;1;4;1
606.531;813.06;4.81355;0.519269;0.0134856;0.00376892;0.000878786;0.0135644;0.00369008;1.01113;-0.00317893;0.00270543;1.00648;0.0245458;0.984831;1;3;1
629.531;813.06;5.15266;0.628151;0.0139171;0.0043556;0.000519063;0.0139452;0.0043275;1.01822;0.00077774;-0.00241076;1.00325;0.0249775;0.984783;1;3;1
652.531;813.06;5.44922;0.625869;0.0119832;0.00485863;-4.67912e-05;0.0119835;0.00485832;1.00368;-0.00166713;-0.00688925;1.0066;0.021382;0.987468;1;4;1
675.531;813.06;5.70063;0.631421;0.0127989;0.00343143;0.00029014;0.0128078;0.00342245;1.01911;-0.00249325;0.00410746;1.00517;0.0231108;0.983085;1;3;1
698.531;813.06;6.03425;0.620707;0.0133527;0.00418018;0.000734162;0.0134111;0.00412179;1.01626;0.000733662;0.00148767;1.00489;0.0224908;0.985173;1;3;1
721.531;813.06;6.31074;0.711735;0.0112391;0.00508166;0.00139889;0.011542;0.00477875;1.00434;-0.000139686;-0.00706076;1.00915;0.0255981;0.97455;1;3;1
744.531;813.06;6.54817;0.757847;0.0117731;0.0024195;0.000569544;0.0118076;0.00238495;1.01797;-0.00202328;-0.00547417;1.00137;0.0232168;0.983995;1;3;1
767.531;813.06;6.84903;0.815742;0.0145115;0.00297596;-0.000396192;0.0145251;0.00296237;1.01569;0.00292381;0.00119431;0.998708;0.0212777;0.988902;1;3;1
790.531;813.06;7.21091;0.794194;0.0136337;0.00212065;-0.000665311;0.013672;0.00208233;1.01363;0.00445761;-0.000345406;1.0044;0.0243676;0.97654;1;3;1
813.531;813.06;7.47195;0.840872;0.011981;0.00218553;0.000885519;0.0120604;0.00210612;1.00921;0.00348725;-0.00223927;1.0074;0.0219383;0.986889;1;3;1
836.531;813.06;7.75875;0.838432;0.011983;0.00442166;0.00183588;0.0124052;0.00399949;1.01245;0.00157771;0.00183444;1.00016;0.0270455;0.979175;1;3;1
859.531;813.06;8.0198;0.939017;0.0106874;0.00422817;0.00134549;0.0109565;0.0039591;1.01423;0.00502663;0.000185454;1.00238;0.0288731;0.969895;1;3;1
882.531;813.06;8.24772;0.909468;0.012269;0.00466777;-0.000313487;0.0122819;0.00465486;1.01522;0.00563718;0.00145194;1.00971;0.0208127;0.982311;1;3;1
905.531;813.06;8.58074;0.977271;0.0143818;0.00181291;0.000567154;0.0144073;0.00178737;1.01023;0.00432417;-0.00406667;1.00367;0.0242751;0.984879;1;3;1
928.531;813.06;8.90451;0.995308;0.0151906;0.00270817;0.00122135;0.015309;0.00258979;1.02109;-0.00690285;-0.00140092;1.00792;0.0216942;0.980459;1;4;1
951.531;813.06;9.27423;1.04928;0.0126392;0.00328482;0.000790758;0.0127056;0.00321844;1.00508;0.00103796;-0.000993697;1.00839;0.0225031;0.982201;1;3;1
974.531;813.06;9.48224;1.05754;0.0122011;0.00329458;-0.000426873;0.0122215;0.00327416;1.02117;-0.00183429;-0.00028656;1.00549;0.0198823;0.988669;1;4;1
997.531;813.06;9.83209;1.02221;0.0134211;0.00507494;-0.00142677;0.0136583;0.00483778;1.00936;0.00103977;0.000145986;1.00752;0.0228455;0.981613;1;4;1
1020.53;813.06;10.0955;1.00484;0.0112697;0.00471928;-1.11255e-06;0.0112697;0.00471928;1.01311;-0.00212602;-0.000646899;1.00113;0.0212131;0.987021;1;3;1
1043.53;813.06;10.3475;1.11318;0.0116945;0.00586392;0.00050035;0.0117371;0.00582129;1.01214;0.00117939;-0.000798905;1.00669;0.022909;0.979427;1;3;1
1066.53;813.06;10.6303;1.0835;0.0110045;0.00348004;-0.00014436;0.0110073;0.00347727;1.0111;-0.00133055;-0.00194225;1.00732;0.0224319;0.987366;1;3;1
1089.53;813.06;10.851;1.14709;0.0119579;0.00407553;0.000796231;0.0120375;0.0039959;1.01074;-0.00238789;-0.00635783;1.00028;0.0232936;0.982925;1;3;1
1112.53;813.06;11.177;1.17449;0.0138531;0.00400378;-0.000335244;0.0138645;0.00399238;1.0178;0.00589021;0.0043971;1.0022;0.0223319;0.983822;1;4;1
1135.53;813.06;11.4838;1.14491;0.0136815;0.00419258;-0.00105641;0.0137977;0.00407639;1.01386;0.00805312;-0.00545526;1.00455;0.0226664;0.984952;1;3;1
1158.53;813.06;11.802;1.27913;0.0117999;0.00633811;0.000123948;0.0118027;0.0063353;1.01137;0.00016267;-0.00759794;1.00771;0.0210991;0.982493;1;3;1
1181.53;813.06;12.0233;1.26264;0.0115388;0.00423228;-0.00181953;0.0119669;0.00380424;1.01163;-0.00251648;0.00516937;1.00086;0.0234791;0.983769;1;3;1
1204.53;813.06;12.3297;1.25525;0.0109501;0.00262588;-0.00151693;0.0112179;0.00235807;1.00778;0.0130369;0.000109019;1.00465;0.0227595;0.987345;1;3;1
1227.53;813.06;12.5243;1.32434;0.0104321;0.00283368;-8.4248e-05;0.0104331;0.00283275;1.01603;0.000216204;-0.00951564;1.00349;0.0246183;0.979725;1;3;1
1250.53;813.06;12.807;1.34786;0.0156338;0.00527715;-8.34804e-05;0.0156345;0.00527647;1.01616;0.00516381;3.03484e-05;1.00971;0.0271887;0.979575;1;4;1
1273.53;813.06;13.2379;1.3504;0.0189071;0.00493997;9.85354e-05;0.0189078;0.00493928;1.00413;-0.01825;0.0052134;1.00375;0.0309432;0.970173;1;4;1
31.5305;790.06;-1.91647;-0.13952;0.0104959;0.00218799;-0.000933092;0.0105994;0.00208448;1.01204;0.000262579;0.000818777;1.00009;0.0235866;0.986787;1;2;1
54.5305;790.06;-1.67639;-0.19402;0.0113532;0.0014762;0.000143583;0.0113553;0.00147411;1.01208;0.0017118;0.00331266;1.00198;0.0237643;0.982267;1;3;1
77.5306;790.06;-1.39716;-0.135935;0.0127588;0.00338903;0.00191498;0.013135;0.00301276;1.01318;0.000139406;-0.00332892;1.00722;0.0237316;0.988237;1;3;1
100.531;790.06;-1.09334;-0.0730733;0.0116582;0.00303463;0.00123129;0.0118306;0.00286227;1.01094;-0.000672715;0.000765292;1.00629;0.0256762;0.986081;1;3;1
123.531;790.06;-0.864004;-0.0811706;0.00937348;0.00379016;8.16703e-05;0.00937468;0.00378897;1.01167;-0.00241267;-0.0011335;1.00419;0.0258821;0.987193;1;3;1
146.531;790.06;-0.664168;-0.0439258;0.0115331;0.0012695;0.00030203;0.011542;0.00126062;1.00949;0.00345806;-0.00555134;0.999828;0.0249035;0.988355;1;3;1
169.531;790.06;-0.336556;-0.0125668;0.0120055;0.00242693;0.000859533;0.012082;0.00235042;1.01279;-0.00434079;0.000142902;0.994907;0.0251679;0.985605;1;3;1
192.531;790.06;-0.115287;0.0510049;0.0102427;0.0027451;0.000396039;0.0102636;0.00272424;1.00794;-0.00173412;-0.00142765;1.002;0.0231106;0.986871;1;3;1
215.531;790.06;0.132206;0.0246219;0.01195;0.00367022;0.000866747;0.0120398;0.00358046;1.00794;-0.00161487;-0.000835232;1.00668;0.0249003;0.983019;1;3;1
238.531;790.06;0.431151;0.0913569;0.0130251;0.00397638;-0.000392926;0.0130421;0.00395935;1.01876;0.00482999;-0.00266749;1.00576;0.0218131;0.992403;1;3;1
261.531;790.06;0.727478;0.0774606;0.0118234;0.00213842;0.000318736;0.0118339;0.00212794;1.01141;0.00194115;-0.00380604;1.00193;0.0227877;0.98741;1;3;1
284.531;790.06;0.97183;0.133379;0.0118159;0.00318186;0.000836213;0.0118961;0.00310162;1.00975;0.00425056;-0.000939853;1.00443;0.0203756;0.99066;1;3;1
307.531;790.06;1.26782;0.118457;0.0122829;0.00262795;0.0016946;0.0125717;0.00233916;1.01296;0.000411642;0.00149658;0.999632;0.0193556;0.992089;1;3;1
330.531;790.06;1.53334;0.21489;0.0115309;0.00366035;0.00226566;0.0121365;0.00305474;1.01048;-0.00345728;-0.00485214;1.00403;0.021693;0.990708;1;4;1
353.531;790.06;1.79502;0.25401;0.0117055;0.00379014;0.000216936;0.0117114;0.0037842;1.01124;0.000187596;-0.00203998;1.00271;0.0210472;0.988528;1;3;1
376.531;790.06;2.06867;0.243053;0.0115369;0.00382986;0.000832261;0.0116258;0.00374101;1.01405;-0.00255803;0.000334198;1.00599;0.0225842;0.985865;1;3;1
399.531;790.06;2.32269;0.266169;0.0118556;0.00322776;0.000458162;0.0118799;0.0032035;1.01403;-0.000740265;-0.00129995;1.0044;0.0222664;0.986412;1;4;1
422.531;790.06;2.61081;0.290012;0.0119499;0.00296806;0.00138282;0.012158;0.00275999;1.00992;-0.00455669;-0.00382814;1.00217;0.0224231;0.989236;1;3;1
445.531;790.06;2.8691;0.325223;0.0132324;0.00286472;0.00150953;0.0134477;0.00264941;1.01536;-0.00272623;-0.000710652;1.00444;0.0225029;0.987558;1;3;1
468.531;790.06;3.21541;0.39475;0.0129773;0.00187708;-4.88831e-05;0.0129775;0.00187687;1.01235;0.00509245;-9.45432e-05;0.997846;0.0206726;0.99003;1;3;1
491.531;790.06;3.4622;0.383373;0.0102357;0.00486595;-0.000400003;0.0102653;0.00483631;1.00983;0.00452598;-0.00122423;1.00442;0.018659;0.98843;1;3;1
514.531;790.06;3.68386;0.417442;0.010994;0.00265788;2.42804e-06;0.010994;0.00265788;1.01197;-0.000546656;-0.00447557;1.00375;0.0207321;0.988168;1;3;1
537.531;790.06;3.96512;0.450979;0.0131587;0.00183617;0.000835748;0.0132201;0.00177481;1.01666;-0.00486326;0.00225397;0.998182;0.0196321;0.987998;1;3;1
560.531;790.06;4.2852;0.471334;0.0124181;0.00321909;-6.23558e-06;0.0124181;0.00321908;1.00709;0.000654938;-2.35653e-05;1.00737;0.0212049;0.98692;1;3;1
583.531;790.06;4.53285;0.475123;0.0109911;0.00244776;0.000134493;0.0109932;0.00244565;1.00929;0.00343198;-0.000675213;1.00225;0.0220896;0.982758;1;3;1
606.531;790.06;4.78801;0.522998;0.0126707;0.000224002;0.000658629;0.0127055;0.000189247;1.01101;-0.000927034;0.00236613;0.999598;0.0213624;0.98623;1;3;1
629.531;790.06;5.11205;0.497064;0.0136618;0.0025809;4.17365e-05;0.0136619;0.00258074;1.0219;6.2389e-05;-0.00277676;1.00609;0.0223465;0.988268;1;3;1
652.531;790.06;5.41222;0.526433;0.0127828;0.00294572;0.000356252;0.0127957;0.00293284;1.00727;0.000961411;-0.00272539;1.00486;0.0234681;0.984967;1;3;1
675.531;790.06;5.69627;0.581407;0.0129274;0.00268451;3.51854e-05;0.0129275;0.00268439;1.01053;0.00253388;-0.00121975;0.999101;0.0241671;0.986897;1;4;1
698.531;790.06;6.00304;0.591269;0.0133196;0.00115046;0.00120712;0.0134382;0.00103188;1.0211;-0.00459407;0.00191925;0.998921;0.0240816;0.983057;1;3;1
721.531;790.06;6.30485;0.675354;0.0126482;0.00309486;0.000996993;0.0127512;0.00299192;1.00926;-0.000325867;-0.00509708;0.998086;0.0251011;0.982608;1;3;1
744.531;790.06;6.58104;0.722224;0.0140828;0.00474173;-0.000239001;0.0140889;0.00473562;1.01882;0.00495868;-0.0007322;1.00453;0.0215304;0.983982;1;3;1
767.531;790.06;6.94812;0.736102;0.0134895;0.00349577;0.000230013;0.0134948;0.00349048;1.00835;-0.000111811;0.00160082;1.01101;0.0240854;0.979913;1;3;1
790.531;790.06;7.19741;0.758621;0.0104304;0.00393695;0.000356909;0.0104499;0.00391739;1.01392;-0.00180653;-0.00697302;1.00577;0.0245632;0.976165;1;4;1
813.531;790.06;7.42543;0.772497;0.0111081;0.00363709;-0.00136555;0.0113499;0.00339532;1.01116;-0.00581842;0.00628711;1.00325;0.0251152;0.978595;1;3;1
836.531;790.06;7.70554;0.696119;0.0126201;0.00342731;-0.000169848;0.0126232;0.00342417;1.01218;-0.00156633;-0.00464794;1.00609;0.0216919;0.988172;1;3;1
859.531;790.06;8.00232;0.810775;0.0137443;0.00504036;0.000248807;0.0137514;0.00503325;1.01471;-0.00339983;-0.00231244;1.00003;0.0219214;0.986043;1;3;1
882.531;790.06;8.3333;0.829899;0.0137632;0.00371568;-0.000472194;0.0137854;0.00369354;1.01712;-0.00149491;-0.00273716;0.998348;0.0229876;0.975068;1;3;1
905.531;790.06;8.631;0.919621;0.0119834;0.00027624;-0.000151622;0.0119854;0.000274276;1.0118;0.00148766;-0.00339379;1.00243;0.0266269;0.977573;1;3;1
928.531;790.06;8.88121;0.905707;0.012569;0.00366419;0.000264826;0.0125769;0.00365632;1.01032;0.00590584;0.000157811;1.00068;0.0240403;0.985538;1;4;1
951.531;790.06;9.20559;0.919951;0.0129181;0.00540204;0.000936642;0.0130331;0.00528708;1.01675;2.17389e-05;-0.00185352;1.00344;0.0216468;0.986153;1;3;1
974.531;790.06;9.47164;0.934053;0.0131644;0.00534471;-0.000117627;0.0131661;0.00534294;1.00689;0.00311822;0.00165293;1.00682;0.02252;0.984303;1;4;1
997.531;790.06;9.8072;0.954967;0.014524;0.00342992;-0.00013884;0.0145258;0.00342818;1.01719;0.0015974;-0.00154091;1.00166;0.0244322;0.985296;1;3;1
1020.53;790.06;10.1349;0.973019;0.0124473;0.0014286;-0.00016599;0.0124498;0.0014261;1.00606;0.00546171;-0.00302597;1.00156;0.0213982;0.988804;1;3;1
1043.53;790.06;10.3762;1.00209;0.0108313;0.00299165;0.000210955;0.0108369;0.00298598;1.00916;-0.000301229;-0.00433353;1.00115;0.0237365;0.982699;1;3;1
1066.53;790.06;10.6304;1.07473;0.0102858;0.00237462;0.000169752;0.0102894;0.00237098;1.01406;0.00562761;0.000581448;1.00025;0.0241057;0.982722;1;3;1
1089.53;790.06;10.8469;1.08001;0.0126644;0.00277492;-0.000576156;0.0126978;0.00274147;1.01221;0.00414655;0.00145717;1.01005;0.026433;0.971521;1;3;1
1112.53;790.06;11.2093;1.11734;0.0156662;0.00191586;-0.000672193;0.015699;0.00188308;1.00887;-0.00162328;-0.00834255;1.00991;0.0271754;0.975651;1;4;1
1135.53;790.06;11.562;1.09671;0.013078;0.00237095;-0.000477749;0.0130993;0.00234968;1.01421;0.00233562;0.00223328;1.00394;0.027433;0.976288;1;3;1
1158.53;790.06;11.807;1.14853;0.0123256;0.00279321;0.000481954;0.0123499;0.0027689;1.01309;0.00210268;-0.00336642;0.998957;0.0230831;0.983802;1;3;1
1181.53;790.06;12.1255;1.13432;0.0122153;0.00237045;-0.000755107;0.0122728;0.00231287;1.0083;0.00463924;-0.000734718;1.00628;0.0192859;0.992011;1;3;1
1204.53;790.06;12.3655;1.18914;0.0114249;0.00137184;0.000629698;0.0114642;0.00133256;1.01377;-0.00678747;0.000530599;0.996029;0.0200318;0.989336;1;3;1
1227.53;790.06;12.648;1.22414;0.0104555;0.0040713;-0.000666077;0.0105243;0.00400254;1.01883;0.00268867;-0.00632887;1.00172;0.0248735;0.985952;1;3;1
1250.53;790.06;12.8438;1.29809;0.0118187;0.00303316;-0.00024696;0.0118256;0.00302622;1.00596;-0.00416274;0.00362108;0.997817;0.0251709;0.98862;1;4;1
1273.53;790.06;13.1884;1.30104;0.0150938;0.00237216;-0.000649018;0.0151269;0.00233914;1.02142;0.00985925;-0.00126068;1.00175;0.028471;0.988709;1;3;1
31.5305;767.06;-1.95648;-0.222519;0.0120591;0.00327627;-0.000307689;0.0120699;0.0032655;1.00446;-0.00876436;5.84951e-05;1.0077;0.0249788;0.982957;1;3;1
54.5305;767.06;-1.6808;-0.260781;0.0122833;0.00102358;6.01777e-05;0.0122837;0.00102326;1.01789;-0.00207417;0.00068;0.997051;0.0259779;0.981746;1;3;1
77.5306;767.06;-1.39488;-0.201908;0.0117718;0.00164826;0.000716442;0.0118223;0.00159781;1.00939;0.000979901;-0.00328073;0.99996;0.0261433;0.984405;1;3;1
100.531;767.06;-1.14254;-0.171778;0.0113544;0.00393742;0.000793673;0.0114384;0.00385344;1.00996;0.00652999;0.000943257;1.00224;0.0213138;0.985986;1;3;1
123.531;767.06;-0.875553;-0.138464;0.0115444;0.00319546;0.00132303;0.011749;0.00299082;1.01616;-0.0033339;-0.00854693;0.999146;0.0267423;0.974576;1;3;1
146.531;767.06;-0.614748;-0.0281822;0.0115956;0.00255088;0.000295828;0.0116053;0.00254121;1.00905;0.00143459;0.000913972;1.00308;0.0241723;0.986441;1;3;1
169.531;767.06;-0.345235;-0.0904009;0.0112049;0.00380907;-0.000439893;0.011231;0.00378299;1.01613;0.00652733;0.00270387;1.01052;0.0310404;0.979712;1;3;1
192.531;767.06;-0.102182;-0.0526469;0.0114992;0.00401289;0.000323032;0.0115131;0.00399898;1.00857;0.00288064;-0.00300711;1.00298;0.0268595;0.986149;1;3;1
215.531;767.06;0.180715;-0.0646594;0.0129857;0.00256194;-1.75142e-05;0.0129857;0.00256191;1.01129;-0.000250099;-0.000236037;1.00023;0.0245389;0.987068;1;3;1
238.531;767.06;0.491311;-0.0111161;0.0111613;0.00419156;0.0015037;0.0114718;0.00388098;1.00898;-0.00253834;0.00263577;1.00474;0.0259998;0.987915;1;3;1
261.531;767.06;0.691172;0.0438726;0.0113022;0.00279463;0.000313016;0.0113137;0.00278313;1.01122;0.00156227;-0.00291938;1.0061;0.0220115;0.989375;1;3;1
284.531;767.06;1.0083;0.0173443;0.0117636;0.00300135;-7.11383e-05;0.0117641;0.00300077;1.01208;-0.000857068;0.00216029;1.00395;0.0235043;0.984713;1;3;1
307.531;767.06;1.22914;0.0656226;0.0101886;0.00230097;0.00101187;0.0103163;0.00217323;1.01133;-0.00523769;-0.00183916;1.00366;0.0224814;0.987983;1;3;1
330.531;767.06;1.4745;0.116231;0.0123086;0.00451356;0.000900717;0.0124113;0.00441084;1.01338;-0.000406477;-0.0029904;1.00289;0.0239405;0.984757;1;3;1
353.531;767.06;1.79182;0.151894;0.0109046;0.00473852;0.00118284;0.0111238;0.0045194;1.00969;-0.00431637;-0.00544024;0.998858;0.0190292;0.987413;1;3;1
376.531;767.06;1.97339;0.160474;0.0114717;0.00343492;0.00096962;0.0115871;0.00331959;1.01314;-0.00339572;0.00276426;0.996925;0.0214424;0.983403;1;3;1
399.531;767.06;2.31652;0.178444;0.0124249;0.00218668;0.000903707;0.012504;0.00210753;1.01018;0.000489631;-0.0006251;1.00064;0.0220748;0.986598;1;3;1
422.531;767.06;2.54142;0.193415;0.0115279;0.00307415;0.00145474;0.0117712;0.00283082;1.01235;-0.00181937;-0.00307308;1.00371;0.019194;0.988283;1;3;1
445.531;767.06;2.84373;0.246141;0.0148479;0.00287961;0.00108704;0.0149458;0.00278168;1.01564;0.0025212;-0.00311519;1.00025;0.0203982;0.990643;1;3;1
468.531;767.06;3.2193;0.30096;0.013409;0.00438313;4.5888e-05;0.0134092;0.0043829;1.01335;0.00171884;0.00102103;1.00355;0.0197482;0.989753;1;3;1
491.531;767.06;3.45646;0.254139;0.0119392;0.00289955;0.000860017;0.0120203;0.00281846;1.00583;-0.00115501;-0.00492147;1.00584;0.0222439;0.988386;1;3;1
514.531;767.06;3.7652;0.37887;0.0112343;0.00289295;0.000740317;0.0112995;0.00282775;1.01429;-0.00118519;0.000994459;1.00188;0.0235048;0.989666;1;3;1
537.531;767.06;3.9702;0.377084;0.011543;0.00294864;-0.000236154;0.0115495;0.00294216;1.01881;0.00979869;0.00274776;1.00792;0.0218522;0.987464;1;4;1
560.531;767.06;4.29314;0.396556;0.0132462;0.00350686;0.000790221;0.0133099;0.00344316;1.01153;0.000508466;-0.00627879;0.998869;0.0208518;0.984887;1;4;1
583.531;767.06;4.57551;0.437279;0.0105415;0.0020479;0.00043515;0.0105637;0.00202567;1.01032;0.00421189;0.00207666;1.00201;0.0187717;0.988664;1;3;1
606.531;767.06;4.77538;0.508982;0.0126182;0.00214665;0.000104584;0.0126192;0.0021456;1.00501;0.000561061;-0.00460261;1.00393;0.0204573;0.984983;1;4;1
629.531;767.06;5.15227;0.509582;0.0158852;0.00100914;-0.00013531;0.0158865;0.00100791;1.02102;-0.000710114;-0.00137353;0.996109;0.0235656;0.981239;1;3;1
652.531;767.06;5.50039;0.490593;0.0133344;0.00197225;0.000201607;0.0133379;0.00196867;1.01751;-0.00607615;0.00430562;1.00045;0.0236032;0.982063;1;4;1
675.531;767.06;5.76162;0.508139;0.0113055;0.00138994;0.000497713;0.0113305;0.00136502;1.00847;-0.00105662;0.00521837;1.00028;0.0262985;0.981344;1;3;1
698.531;767.06;6.01747;0.567819;0.012871;0.00271987;0.00026365;0.0128779;0.00271302;1.01351;0.00540374;-0.00634122;1.0045;0.0247393;0.986641;1;3;1
721.531;767.06;6.34988;0.569608;0.0134058;0.00405242;-0.000758056;0.0134668;0.00399138;1.01573;0.00327197;-0.000309754;1.00712;0.0247267;0.983224;1;3;1
744.531;767.06;6.63005;0.540314;0.0112449;0.00467739;0.000479555;0.0112797;0.00464256;1.01021;-0.00616775;-0.000796496;1.00813;0.0245745;0.979139;1;4;1
767.531;767.06;6.86419;0.655219;0.012789;0.00340307;0.00183464;0.0131349;0.0030572;1.01054;-0.00407254;-2.03284e-05;0.997363;0.0253675;0.976002;1;4;1
790.531;767.06;7.21457;0.61345;0.0146709;0.00323582;-0.000296225;0.0146786;0.00322815;1.01929;0.00415857;0.00241442;1.00068;0.0256963;0.981159;1;4;1
813.531;767.06;7.53417;0.673911;0.0130756;0.00221135;0.000146456;0.0130775;0.00220938;1.01694;0.00348095;-0.00742466;0.997816;0.0249365;0.98238;1;4;1
836.531;767.06;7.81212;0.681076;0.0130341;0.000544753;-0.000474836;0.0130521;0.000526726;1.0028;0.00343925;0.00326429;0.993424;0.0201579;0.988708;1;3;1
859.531;767.06;8.12986;0.707873;0.0128262;0.00405983;0.00121839;0.0129924;0.00389364;1.01325;0.00281224;-0.00508385;1.00728;0.0257763;0.97613;1;3;1
882.531;767.06;8.39835;0.739109;0.0118148;0.00247356;0.00272211;0.0125502;0.00173821;1.01247;0.00529162;-0.00161905;1.00338;0.0244864;0.972619;1;3;1
905.531;767.06;8.66946;0.964652;0.0105443;0.00395508;0.000337391;0.0105615;0.00393785;1.01163;0.00554458;0.000469294;1.00826;0.0317475;0.96418;1;3;1
928.531;767.06;8.88078;0.827069;0.0119864;0.00329065;-0.00242569;0.0126173;0.00265977;1.01097;-0.000217245;0.00199061;1.00373;0.0224514;0.986459;1;3;1
951.531;767.06;9.21729;0.801492;0.014162;0.00327927;-0.00090685;0.014237;0.00320422;1.01332;0.000506632;0.00106067;1.00401;0.0219987;0.984122;1;3;1
974.531;767.06;9.52767;0.812363;0.0145826;0.00345203;-0.00118209;0.0147068;0.00332788;1.01644;0.000210195;-0.00503127;0.999788;0.0257573;0.976136;1;4;1
997.531;767.06;9.88322;0.864733;0.0137826;0.00320964;0.000641735;0.0138214;0.00317083;1.01015;7.23047e-05;-0.0054085;1.00415;0.0239299;0.98373;1;3;1
1020.53;767.06;10.1572;0.939211;0.0119434;0.00350679;0.000469265;0.0119694;0.00348077;1.01192;-0.00156408;-0.00341487;1.00305;0.0260934;0.98612;1;3;1
1043.53;767.06;10.4292;0.97584;0.0116969;0.00364032;-0.000827501;0.011781;0.0035562;1.01197;0.00112154;-0.000360792;1.0032;0.0228224;0.983448;1;3;1
1066.53;767.06;10.6921;0.974441;0.0112863;0.00374139;-0.000189216;0.011291;0.00373664;1.0072;-0.00247698;-0.00159364;1.0061;0.0255591;0.982825;1;3;1
1089.53;767.06;10.9455;1.01972;0.0123003;0.00375043;-0.000731515;0.0123625;0.00368829;1.01141;0.0017569;-0.00101275;1.00216;0.0232614;0.982605;1;3;1
1112.53;767.06;11.2544;1.08651;0.013406;0.00338902;-0.000864256;0.0134801;0.003315;1.01193;0.00811836;-0.00437843;0.994496;0.0267502;0.979858;1;3;1
1135.53;767.06;11.5581;1.03603;0.0118323;0.00265644;0.000513213;0.0118609;0.00262783;1.00967;-0.00557699;0.004562;0.995303;0.0306311;0.966482;1;3;1
1158.53;767.06;11.7954;1.15082;0.0125614;0.00329969;0.000926881;0.0126532;0.00320785;1.01675;0.00243032;-0.00484199;1.00954;0.0299891;0.975458;1;3;1
1181.53;767.06;12.1322;1.15386;0.0123795;0.00230562;0.000441752;0.0123988;0.00228629;1.00953;0.00035833;0.00442533;0.998693;0.0236221;0.98952;1;3;1
1204.53;767.06;12.3614;1.1922;0.0122698;0.0018181;-0.000639831;0.0123088;0.00177908;1.01235;0.00215278;0.000831196;1.00109;0.0220807;0.99009;1;3;1
1227.53;767.06;12.6932;1.13775;0.0119039;0.00343278;-9.7043e-05;0.011905;0.00343167;1.00941;0.00296811;-0.00259423;1.00747;0.0273727;0.990022;1;4;1
1250.53;767.06;12.9057;1.20866;0.0133373;0.00408081;-0.000971374;0.0134381;0.00397998;1.01656;0.0068855;-0.00388241;1.00879;0.0250087;0.984547;1;3;1
1273.53;767.06;13.3025;1.24146;0.0174017;0.0036263;-0.00125513;0.0175151;0.00351287;1.02043;0.00331742;0.00136419;1.00396;0.0297706;0.98656;1;3;1
31.5305;744.06;-1.96437;-0.289958;0.0132583;0.00214656;0.00071534;0.0133041;0.00210069;1.00995;0.00446016;-9.33193e-05;0.997806;0.0262188;0.985229;1;3;1
54.5305;744.06;-1.66147;-0.241078;0.0129136;0.00234358;0.000573137;0.0129446;0.00231259;1.01055;0.00257023;-0.0024495;1.00206;0.0256511;0.988576;1;3;1
77.5306;744.06;-1.37419;-0.211687;0.0122242;0.00287039;-0.000401029;0.0122414;0.00285322;1.01883;-0.00242392;0.00069919;1.00261;0.0222287;0.990385;1;3;1
100.531;744.06;-1.10256;-0.253839;0.0116381;0.00273029;0.000642895;0.0116842;0.00268413;1.0097;-0.00860347;0.000372249;1.0029;0.0251292;0.987818;1;3;1
123.531;744.06;-0.841922;-0.227922;0.0100327;0.00312393;0.00131496;0.0102745;0.00288212;1.00954;-0.00152368;-0.00563478;1.00789;0.0242333;0.985471;1;3;1
146.531;744.06;-0.643438;-0.161112;0.0113929;0.00450264;0.000242287;0.0114014;0.00449413;1.01566;-0.00841682;-0.000187795;1.00372;0.0245656;0.986487;1;3;1
169.531;744.06;-0.320819;-0.187449;0.0114634;0.00208571;0.00075572;0.0115239;0.00202519;1.01263;-0.0112188;0.00248384;1.00223;0.0284787;0.990902;1;3;1
192.531;744.06;-0.119118;-0.133219;0.0108367;0.00360848;0.000607604;0.0108874;0.00355776;1.01601;-0.00266177;-0.0048181;1.00292;0.0210142;0.990081;1;3;1
215.531;744.06;0.174903;-0.0930567;0.0113957;0.00189416;0.000523116;0.0114244;0.00186544;1.00627;-9.80255e-05;0.000308136;1.00201;0.0236129;0.988668;1;3;1
238.531;744.06;0.402119;-0.101043;0.0120795;0.00258845;0.00143094;0.0122905;0.0023774;1.01636;0.00299859;-0.000490541;0.997176;0.0254847;0.982949;1;4;1
261.531;744.06;0.727224;-0.0509131;0.0130811;0.00384751;0.00120996;0.013237;0.0036916;1.01655;0.000346559;-0.00135126;1.00482;0.0225604;0.987941;1;3;1
284.531;744.06;0.999863;-0.00446829;0.0119532;0.00173958;0.00128827;0.0121132;0.00157959;1.00963;0.000959975;-0.00185045;0.998195;0.0208345;0.98969;1;3;1
307.531;744.06;1.27378;0.0127347;0.0117471;0.00198245;-1.67002e-05;0.0117472;0.00198242;1.0122;0.00120977;-0.00230219;1.00116;0.0239197;0.98838;1;4;1
330.531;744.06;1.53709;0.00773297;0.00999653;0.00382445;-9.44902e-06;0.00999655;0.00382444;1.0107;0.00433592;-0.00454582;1.00648;0.0207814;0.989575;1;3;1
353.531;744.06;1.73134;0.0365958;0.0102649;0.00414109;0.00110802;0.0104592;0.00394677;1.00935;-7.00549e-05;0.00348413;1.00932;0.0242996;0.98449;1;3;1
376.531;744.06;2.00681;0.0853584;0.0118523;0.00256306;0.000125879;0.011854;0.00256136;1.00857;0.0134612;-0.00607954;1.00988;0.0231367;0.97771;1;3;1
399.531;744.06;2.27317;0.165718;0.0117829;0.00167921;0.000250695;0.0117891;0.001673;1.01226;0.00182983;-0.000224522;1.00357;0.0237099;0.983657;1;4;1
422.531;744.06;2.54563;0.148864;0.0132094;0.00143664;7.19971e-05;0.0132098;0.0014362;1.01586;-0.00215845;0.00072359;1.00213;0.0205609;0.986911;1;3;1
445.531;744.06;2.87683;0.192951;0.0147499;0.00293934;-1.31206e-05;0.0147499;0.00293932;1.01152;-0.00594954;-0.00474208;1.0102;0.0191002;0.990693;1;3;1
468.531;744.06;3.21917;0.193566;0.0127856;0.00518664;0.00129772;0.0130011;0.00497113;1.01883;-0.00656843;0.00616383;1.00446;0.0231843;0.98902;1;3;1
491.531;744.06;3.46122;0.250186;0.0113542;0.00218214;0.00124915;0.0115213;0.00201506;1.00739;0.0027499;-0.00302483;1.00204;0.0221483;0.988949;1;3;1
514.531;744.06;3.73844;0.284591;0.0118732;0.00380607;0.00078273;0.0119485;0.00373083;1.01135;0.00108251;0.000478645;1.00661;0.0212401;0.990983;1;3;1
537.531;744.06;4.00414;0.315558;0.0116899;0.00500735;7.04768e-05;0.0116907;0.00500661;1.01487;-0.00133985;-0.00557209;1.0104;0.0206802;0.991301;1;3;1
560.531;744.06;4.27306;0.310302;0.0131423;0.00324449;0.000483151;0.0131658;0.00322096;1.01114;0.00594342;0.0047897;1.00497;0.0208704;0.987818;1;3;1
583.531;744.06;4.60472;0.381071;0.0126253;0.00290522;0.00147161;0.0128433;0.00268731;1.00801;-2.36767e-05;-0.00440884;1.00236;0.0216244;0.985977;1;3;1
606.531;744.06;4.85007;0.424399;0.010962;0.00338785;6.206e-05;0.0109625;0.00338735;1.01335;-0.00489906;-0.00387301;1.00019;0.0216796;0.986754;1;4;1
629.531;744.06;5.10618;0.450667;0.0118612;0.00245516;0.000232812;0.011867;0.0024494;1.01298;-0.00326614;0.0032847;1.00331;0.023195;0.984513;1;3;1
652.531;744.06;5.39248;0.435803;0.0135984;0.00176234;0.00136999;0.0137549;0.00160584;1.0113;0.00264585;-0.00143321;1.00037;0.0229778;0.983061;1;3;1
675.531;744.06;5.72746;0.517524;0.0141745;0.00226685;0.000714501;0.0142172;0.00222413;1.01236;-0.00253792;-0.00197889;1.00148;0.0237912;0.980079;1;3;1
698.531;744.06;6.03995;0.46634;0.0135463;0.00202203;-0.00066226;0.0135843;0.00198409;1.01614;0.00160756;0.0030707;0.999213;0.0242685;0.982836;1;3;1
721.531;744.06;6.34642;0.489338;0.0127441;0.00239231;0.000455857;0.0127641;0.00237228;1.00746;-0.000597095;-0.000169358;1.00277;0.0243138;0.986769;1;4;1
744.531;744.06;6.62247;0.507583;0.0110953;0.00125047;0.0014952;0.0113174;0.0010284;1.01576;0.00368622;-0.00236878;1.00293;0.0246758;0.98131;1;4;1
767.531;744.06;6.85392;0.579923;0.0135779;0.00396313;0.000610671;0.0136165;0.00392449;1.0159;0.00343799;0.000453265;1.00694;0.0289839;0.981567;1;3;1
790.531;744.06;7.24276;0.610036;0.0136838;0.00135022;0.000285835;0.0136904;0.0013436;1.01058;0.000458738;-0.00265701;1.00202;0.0268445;0.97644;1;4;1
813.531;744.06;7.47903;0.670918;0.0117969;0.00239037;0.000938986;0.0118897;0.00229755;1.01785;0.00149485;0.00196701;1.00561;0.022181;0.985175;1;4;1
836.531;744.06;7.78221;0.671131;0.0102731;0.00211378;1.86733e-05;0.0102732;0.00211374;1.01007;0.00274482;-0.000915109;1.00905;0.0237827;0.980941;1;3;1
859.531;744.06;7.94917;0.624431;0.0122042;0.000669364;0.00132324;0.012354;0.000519512;1.0056;0.000349777;-0.00405087;1.00329;0.0292467;0.98247;1;4;1
882.531;744.06;8.34019;0.716256;0.0161863;0.00382794;0.00234569;0.0166166;0.0033977;1.01254;-0.00158305;-0.00144317;1.00432;0.0245091;0.978387;1;4;1
905.531;744.06;8.68768;0.738081;0.0131241;0.00829853;0.000543402;0.0131845;0.00823809;1.01812;-0.00154008;-0.00322118;1.00636;0.0206975;0.985937;1;3;1
928.531;744.06;8.93998;0.754623;0.0128125;0.00296826;-0.00152571;0.0130435;0.00273722;1.00989;0.00198113;-0.000579628;1.00479;0.0194048;0.988829;1;3;1
951.531;744.06;9.27331;0.7694;0.0153646;0.00176984;-0.000281457;0.0153704;0.00176401;1.01714;0.000401279;-0.00197775;1.00475;0.0259703;0.982017;1;3;1
974.531;744.06;9.64139;0.775845;0.013155;0.00150952;-0.000457909;0.013173;0.00149154;1.01509;-0.000129163;-0.00126264;1.00342;0.0248119;0.981259;1;3;1
997.531;744.06;9.8745;0.807608;0.012272;0.00256514;0.00134918;0.012456;0.00238111;1.01474;-0.0035852;-0.00752689;1.00233;0.0230461;0.987205;1;3;1
1020.53;744.06;10.2025;0.812038;0.0133918;0.0037024;0.000149223;0.0133941;0.0037001;1.01275;0.00158247;0.00504991;1.00354;0.0256035;0.982948;1;4;1
1043.53;744.06;10.4864;0.835066;0.0106824;0.00303339;0.00109286;0.0108354;0.00288031;1.01025;-0.000519114;-0.00329466;1.0066;0.0223781;0.981032;1;3;1
1066.53;744.06;10.6912;0.902989;0.0117671;0.00173168;0.000181509;0.0117703;0.0017284;1.01683;0.0052176;-0.00183641;1.00177;0.0271088;0.975266;1;3;1
1089.53;744.06;11.0245;0.908152;0.0134102;0.00368727;-0.000598217;0.0134469;0.0036506;1.00783;0.000449774;-0.00128076;1.00194;0.0238071;0.984921;1;3;1
1112.53;744.06;11.3039;0.961803;0.0121289;0.00481598;-4.50404e-05;0.0121292;0.00481571;1.01405;-0.000941725;-0.00499473;1.00894;0.0224626;0.985116;1;3;1
1135.53;744.06;11.5791;0.97468;0.0117118;0.00372674;-0.000451958;0.0117373;0.00370124;1.00731;0.00592531;0.0022562;1.009;0.0230712;0.984994;1;3;1
1158.53;744.06;11.8395;0.997001;0.0119683;0.0028573;0.000266974;0.0119761;0.00284948;1.02062;-0.000230203;0.00304822;1.00043;0.0245724;0.979933;1;3;1
1181.53;744.06;12.1263;1.02838;0.0124305;0.0041987;0.000740687;0.0124966;0.00413259;1.01191;0.00301627;-0.00598825;1.00636;0.0233754;0.983475;1;3;1
1204.53;744.06;12.4077;1.1056;0.0119584;0.00448257;0.00037393;0.011977;0.00446391;1.00832;0.00313943;0.00294128;1.00668;0.0214378;0.987326;1;3;1
1227.53;744.06;12.6731;1.06651;0.0137255;0.00191341;0.000336989;0.0137351;0.0019038;1.01624;0.00539234;-0.00152163;1.00168;0.0235366;0.985036;1;3;1
1250.53;744.06;13.0348;1.11115;0.0151912;0.0045769;-0.000777878;0.0152479;0.0045202;1.01288;0.00518294;-0.00208382;1.00305;0.0269863;0.988446;1;3;1
1273.53;744.06;13.3666;1.13488;0.0145328;0.00510674;-0.000601109;0.014571;0.00506856;1.01993;0.0022238;0.00507858;0.999584;0.0280305;0.983856;1;3;1
31.5305;721.06;-1.92474;-0.321144;0.0117809;0.00184695;-0.00200279;0.0121695;0.00145837;1.01156;-0.000941875;-0.00380152;1.00559;0.0215208;0.988253;1;3;1
54.5305;721.06;-1.65541;-0.368452;0.0121087;0.00226959;-0.000677719;0.0121552;0.00222312;1.0069;0.0077077;0.00205996;1.00089;0.0287977;0.982868;1;3;1
77.5306;721.06;-1.37107;-0.333751;0.00957496;0.00267403;0.00110405;0.00974728;0.0025017;1.01652;-0.00114457;-0.00211104;0.999911;0.0293449;0.987784;1;3;1
100.531;721.06;-1.2171;-0.29714;0.0102227;0.00242656;0.00123418;0.0104134;0.00223585;1.01094;0.00231673;-0.00627943;0.999272;0.0259166;0.984661;1;3;1
123.531;721.06;-0.903237;-0.281933;0.0135813;0.00284716;0.00138808;0.0137579;0.00267057;1.00883;-0.00252392;-0.00238496;1.00041;0.0219496;0.989969;1;3;1
146.531;721.06;-0.596588;-0.234836;0.0113022;0.00240525;0.00135424;0.0115037;0.00220368;1.00739;0.00602614;-0.00212994;1.00246;0.0320881;0.980815;1;4;1
169.531;721.06;-0.386342;-0.186225;0.0116503;0.00121199;0.000605448;0.0116853;0.00117699;1.01669;0.000941126;0.000892936;1.00153;0.0239948;0.987854;1;3;1
192.531;721.06;-0.0637638;-0.218323;0.0120579;0.0035464;-0.000594342;0.0120992;0.0035051;1.00916;0.00281589;0.000176187;1.00592;0.0234821;0.989494;1;4;1
215.531;721.06;0.165003;-0.151706;0.0101999;0.00333412;0.00185895;0.0106709;0.00286311;1.01775;-0.00882704;-0.00131452;1.00471;0.0239585;0.986679;1;3;1
238.531;721.06;0.402977;-0.129946;0.0111921;0.00359614;-0.000102184;0.0111935;0.00359477;1.00808;-0.00583398;-0.0026601;1.00942;0.0210184;0.986453;1;3;1
261.531;721.06;0.676987;-0.132772;0.0120555;0.00198008;0.00118228;0.0121923;0.00184321;1.01026;-0.00248251;0.00217829;1.00139;0.0246329;0.989649;1;3;1
284.531;721.06;0.954177;-0.0625751;0.0123775;0.00307304;0.00185911;0.0127352;0.00271533;1.01291;-0.003637;-0.00022761;1.00531;0.0223914;0.990557;1;3;1
307.531;721.06;1.24275;-0.0254777;0.0119159;0.00229534;7.16282e-05;0.0119164;0.00229481;1.01339;0.00492845;-0.00222253;1.00233;0.0227446;0.989276;1;3;1
330.531;721.06;1.49908;-0.0593525;0.0114852;0.00379652;0.00042906;0.0115091;0.00377265;1.00796;0.00128786;0.0017862;0.998527;0.0222155;0.990133;1;3;1
353.531;721.06;1.76807;-0.0381975;0.0129286;0.00256745;0.00123517;0.0130738;0.00242223;1.01022;0.00147501;-0.00119947;1.00008;0.0226877;0.985222;1;3;1
376.531;721.06;2.08989;0.0428708;0.0128805;0.00329975;0.00152705;0.013118;0.00306224;1.01664;-0.00454438;-0.00554;1.00392;0.0230468;0.987338;1;3;1
399.531;721.06;2.3566;0.101283;0.0103132;0.00527632;0.00110452;0.0105447;0.00504476;1.01078;-0.00403049;3.63371e-05;1.00598;0.0242692;0.98227;1;3;1
422.531;721.06;2.5618;0.127381;0.0116433;0.00222454;0.000116486;0.0116447;0.0022231;1.0087;0.00178248;-0.000916583;1.00058;0.0217561;0.98877;1;3;1
445.531;721.06;2.8891;0.111152;0.0130507;0.00364131;-0.000443784;0.0130716;0.00362042;1.01518;0.00476049;0.003792;0.998542;0.0228335;0.988086;1;3;1
468.531;721.06;3.15822;0.0630306;0.0118947;0.00178919;0.000953195;0.0119838;0.00170007;1.00633;-0.00368185;-0.00382915;1.00289;0.0249456;0.985013;1;4;1
491.531;721.06;3.43302;0.153876;0.0131479;0.00267298;0.00244203;0.0136892;0.00213164;1.01647;-0.00135057;1.6608e-06;1.00038;0.0205717;0.988806;1;3;1
514.531;721.06;3.75888;0.204123;0.0121669;0.00385845;2.34971e-05;0.012167;0.00385838;1.01078;-0.000688648;-0.0026494;0.997687;0.0231373;0.988704;1;3;1
537.531;721.06;3.98934;0.147324;0.0121442;0.0039916;0.00100224;0.0122656;0.0038702;1.01358;0.00163509;-0.00281491;0.996253;0.0228148;0.984161;1;3;1
560.531;721.06;4.31414;0.247555;0.0123741;0.00401036;0.00167501;0.0126971;0.00368738;1.00904;-0.000506315;0.000860388;1.00443;0.0210922;0.988697;1;3;1
583.531;721.06;4.55481;0.303837;0.0114736;0.00355935;0.00143842;0.0117269;0.00330603;1.01063;-0.000644875;-0.00256286;0.999733;0.0202574;0.987311;1;3;1
606.531;721.06;4.83881;0.353448;0.0128574;0.00395571;0.000499488;0.0128853;0.00392778;1.01301;0.00550548;-0.00449585;1.00287;0.0214164;0.988492;1;3;1
629.531;721.06;5.1424;0.396784;0.0132019;0.00509107;-0.000170132;0.0132055;0.0050875;1.0161;0.00383219;0.00197545;1.0072;0.0257677;0.973595;1;3;1
652.531;721.06;5.44211;0.409633;0.0127889;0.00333474;-0.00040799;0.0128065;0.00331716;1.01315;-0.00156495;0.000528492;1.00791;0.0202303;0.987003;1;3;1
675.531;721.06;5.72698;0.403995;0.0132972;0.00452575;0.00086049;0.0133808;0.00444214;1.00839;-0.00190468;0.00142968;1.00826;0.0217208;0.987871;1;3;1
698.531;721.06;6.04972;0.474911;0.0136208;0.0024511;-7.89898e-05;0.0136214;0.00245054;1.01403;0.00133692;-0.00782323;1.00196;0.0230567;0.979896;1;4;1
721.531;721.06;6.34929;0.459692;0.0116756;0.00152182;0.000812561;0.0117402;0.0014572;1.01002;-0.00229717;0.00917502;1.00005;0.0223765;0.981469;1;3;1
744.531;721.06;6.5837;0.482852;0.012269;0.00274053;0.000813532;0.012338;0.00267157;1.01105;-0.0126856;-0.00459693;1.00174;0.0278351;0.977765;1;4;1
767.531;721.06;6.91024;0.473298;0.0152201;0.00433898;0.000479327;0.0152411;0.0043179;1.01695;-0.00892601;-0.000592601;1.00848;0.027331;0.985706;1;4;1
790.531;721.06;7.27852;0.551426;0.01311;0.00465304;0.00076969;0.0131795;0.00458356;1.00929;-0.00675966;-0.00196776;1.00816;0.0220716;0.984937;1;3;1
813.531;721.06;7.50931;0.564092;0.0106164;0.00405107;-0.000205717;0.0106229;0.00404463;1.01112;-0.00117513;-0.000522733;1.00447;0.0216237;0.985457;1;3;1
836.531;721.06;7.7643;0.583969;0.0119185;0.00395423;0.00118934;0.0120923;0.00378041;1.01205;0.00163416;-0.009589;1.00275;0.0276355;0.971164;1;3;1
859.531;721.06;8.0542;0.677155;0.0116748;0.00291571;-0.00178812;0.0120258;0.00256474;1.01407;0.0117046;0.00756975;1.00855;0.0269773;0.971083;1;4;1
882.531;721.06;8.29824;0.563468;0.0132209;0.00457156;-0.00116622;0.0133754;0.00441707;1.01286;-0.00056974;0.000951097;1.00916;0.0240218;0.975759;1;4;1
905.531;721.06;8.6583;0.584492;0.0164887;0.004765;0.000838868;0.0165484;0.00470528;1.01874;0.002703;-0.00752886;1.00273;0.0232308;0.982902;1;3;1
928.531;721.06;9.05039;0.691043;0.0132525;0.0045669;0.000764379;0.0133193;0.00450015;1.00351;0.00616085;-0.000464091;1.00125;0.0222903;0.982343;1;3;1
951.531;721.06;9.26373;0.720175;0.0121747;0.00372071;0.000311216;0.0121861;0.00370926;1.01756;0.00544975;-0.00182732;1.0036;0.0206621;0.987062;1;3;1
974.531;721.06;9.60703;0.743046;0.0116479;0.00379368;0.000802926;0.0117291;0.00371244;1.01056;-0.00228018;-0.00154194;1.0013;0.019518;0.983755;1;3;1
997.531;721.06;9.79644;0.746969;0.012332;0.00266564;0.000480211;0.0123558;0.00264184;1.01177;0.000111351;-0.000399592;0.99897;0.0261459;0.978169;1;4;1
1020.53;721.06;10.1708;0.769217;0.0136499;0.00253339;0.00153592;0.0138583;0.00232508;1.01361;0.00113381;-0.00212774;1.00068;0.0248939;0.970512;1;3;1
1043.53;721.06;10.42;0.836516;0.0126291;-0.00131566;0.00211278;0.0129421;-0.00162874;1.01304;-0.00351179;-0.00179876;0.992254;0.0212518;0.982669;1;3;1
1066.53;721.06;10.748;0.894886;0.0139666;0.00249704;-0.000979802;0.0140497;0.00241394;1.01979;-0.00275282;-0.00082195;1.00279;0.0213417;0.983561;1;3;1
1089.53;721.06;11.0581;0.850552;0.012612;0.0032913;-0.000495756;0.0126383;0.00326501;1.0061;0.00191202;-0.00152748;1.00184;0.0229871;0.985569;1;3;1
1112.53;721.06;11.3245;0.865556;0.0126013;0.00374753;-0.000138796;0.0126035;0.00374535;1.01232;0.00127332;-0.000828919;1.00342;0.0219619;0.989038;1;3;1
1135.53;721.06;11.6341;0.864981;0.0109311;0.00327264;0.000296428;0.0109426;0.00326118;1.01306;0.00300832;0.000478685;1.00124;0.0207746;0.988946;1;3;1
1158.53;721.06;11.8244;1.01958;0.0117768;0.00190435;0.00042269;0.0117949;0.00188628;1.01532;0.00296597;-0.00387229;1.00204;0.0291738;0.971975;1;3;1
1181.53;721.06;12.1726;0.96114;0.0118272;0.00190302;-0.000328326;0.011838;0.00189217;1.00978;0.00179094;-0.00186448;1.00028;0.0229539;0.985743;1;3;1
1204.53;721.06;12.3652;0.986458;0.0108309;0.00363247;0.000646344;0.0108885;0.0035749;1.00589;-0.00471027;-0.00125612;1.00212;0.0247347;0.977102;1;3;1
1227.53;721.06;12.6681;1.04982;0.0148625;0.00280286;-0.000713358;0.0149046;0.00276081;1.02183;-0.00349363;0.00011037;1.00438;0.0269555;0.975698;1;3;1
1250.53;721.06;13.0439;0.998805;0.0161286;0.0046339;-0.00111345;0.0162355;0.00452704;1.00971;-0.00114503;-0.00041524;1.00638;0.0216551;0.987315;1;3;1
1273.53;721.06;13.4041;1.00726;0.0157822;0.00401892;0.000447928;0.0157992;0.00400188;1.01894;-0.000291771;0.00246544;1.00528;0.0276908;0.989396;1;3;1
31.5305;698.06;-1.87594;-0.374754;0.0115268;0.00366651;0.000224325;0.0115332;0.00366011;1.01173;0.00266499;0.000717751;1.00208;0.0203366;0.99103;1;3;1
54.5305;698.06;-1.61235;-0.345334;0.010313;0.00140779;0.000731563;0.0103727;0.00134809;1.00621;-0.00253212;-0.00353116;1.00338;0.0241165;0.98456;1;3;1
77.5306;698.06;-1.40398;-0.334518;0.00980445;0.00213464;-0.000532648;0.00984127;0.00209783;1.011;0.00113292;0.00197761;1.0028;0.0199025;0.991668;1;2;1
100.531;698.06;-1.16354;-0.365285;0.0108782;0.00267675;-0.00140093;0.0111109;0.00244405;1.01188;0.00263575;0.00478861;1.00573;0.0248494;0.983152;1;3;1
123.531;698.06;-0.906277;-0.358661;0.0107498;0.00150191;0.000756167;0.0108112;0.00144049;1.00948;0.000823736;-0.00628605;1.00599;0.024472;0.98641;1;3;1
146.531;698.06;-0.671772;-0.271612;0.0119594;0.00228721;0.00174335;0.012264;0.00198257;1.005;-0.0109296;-0.00412499;1.00515;0.0269373;0.984265;1;4;1
169.531;698.06;-0.359538;-0.24315;0.0140302;0.00285089;-0.000422252;0.0140461;0.00283497;1.01934;-0.00213333;-0.001709;1.00447;0.0234813;0.989592;1;3;1
192.531;698.06;-0.0308547;-0.295981;0.00989447;0.00332315;0.000126531;0.0098969;0.00332071;1.00495;0.000207762;0.00167397;0.999609;0.0216342;0.989985;1;3;1
215.531;698.06;0.0933774;-0.2461;0.0100736;0.00386491;-0.0003893;0.0100979;0.00384059;1.0133;0.00292561;-0.0010661;1.00242;0.023782;0.989246;1;3;1
238.531;698.06;0.430209;-0.266161;0.0129785;0.00343525;0.00102562;0.0130875;0.00332627;1.00913;-0.00346307;-3.06286e-05;1.00311;0.0260037;0.983621;1;3;1
261.531;698.06;0.686446;-0.141889;0.0110861;0.00261643;0.00153981;0.0113574;0.00234518;1.01151;0.000347999;-0.00822456;1.00423;0.0199846;0.991962;1;3;1
284.531;698.06;0.937218;-0.145569;0.0127771;0.00255584;0.000296965;0.0127857;0.00254721;1.0126;9.01341e-05;0.000560348;1.00077;0.0212469;0.990742;1;3;1
307.531;698.06;1.27046;-0.0927301;0.011989;0.00330104;0.000530179;0.0120212;0.0032688;1.0078;-0.00626641;0.000916845;1.00206;0.019817;0.992073;1;4;1
330.531;698.06;1.48544;-0.166548;0.00982764;0.00176588;-0.000143745;0.0098302;0.00176332;1.00917;-0.0018982;0.00380137;1.00272;0.0217576;0.9892;1;3;1
353.531;698.06;1.72033;-0.0813541;0.0113889;0.00218207;0.00157517;0.0116509;0.00192004;1.00847;-0.00447906;-0.00264142;1.0051;0.0215369;0.990126;1;3;1
376.531;698.06;2.00627;-0.0661804;0.0117278;0.00363498;0.000837636;0.0118136;0.00354919;1.01914;-0.00199122;-0.00407271;1.00306;0.0225424;0.986898;1;3;1
399.531;698.06;2.25668;-0.0763526;0.0117789;0.00520737;0.00192209;0.0122998;0.00468648;1.00429;-0.000979216;-0.00216472;1.00701;0.0212022;0.988274;1;3;1
422.531;698.06;2.54481;0.0466489;0.0130583;0.00447093;0.00136544;0.0132702;0.00425905;1.00848;-0.000560717;-0.0019754;1.00213;0.0209175;0.990636;1;3;1
445.531;698.06;2.85338;0.025761;0.0137902;0.00324689;0.00115695;0.0139156;0.00312142;1.01485;-0.00440609;-0.00101677;1.0022;0.0254717;0.986996;1;3;1
468.531;698.06;3.1748;0.111358;0.0114964;0.00128266;0.000897264;0.0115746;0.00120444;1.01261;0.00215808;-0.00358403;1.0007;0.0228918;0.988597;1;3;1
491.531;698.06;3.3791;0.127466;0.0121382;0.0016219;-0.000619498;0.0121745;0.00158553;1.00961;-0.000481737;-0.00185228;1.00352;0.0230866;0.985766;1;3;1
514.531;698.06;3.72981;0.107444;0.0126226;0.00248131;0.000208973;0.0126269;0.002477;1.012;-0.00120966;0.0040329;1.00807;0.0212397;0.986502;1;4;1
537.531;698.06;3.95612;0.132334;0.0119458;0.00228649;-8.86197e-05;0.0119466;0.00228568;1.00839;-0.000202703;-0.00231206;1.00552;0.0239177;0.986119;1;4;1
560.531;698.06;4.27606;0.126194;0.0136331;0.00486374;0.000834425;0.0137118;0.00478505;1.01854;-0.00203975;-0.00206733;1.00412;0.0214741;0.990507;1;3;1
583.531;698.06;4.57895;0.217639;0.0135892;0.00396579;0.000790348;0.0136537;0.00390131;1.00933;0.000356992;-0.00355104;1.00855;0.0220788;0.981828;1;3;1
606.531;698.06;4.89683;0.242819;0.0130939;0.00534415;-0.000478283;0.0131233;0.00531475;1.01741;-0.00195941;0.000867126;1.00739;0.0235553;0.984713;1;3;1
629.531;698.06;5.17737;0.217126;0.0118053;0.00483968;0.00018415;0.0118102;0.00483481;1.00842;-0.00117145;-0.000486953;1.00489;0.020953;0.988953;1;3;1
652.531;698.06;5.43669;0.282681;0.011737;0.00445349;0.00119522;0.0119281;0.00426237;1.0086;-0.000417806;-0.00172973;1.00306;0.0237446;0.98455;1;3;1
675.531;698.06;5.71405;0.309811;0.0145735;0.00432472;0.000100718;0.0145745;0.00432373;1.01481;0.0018456;0.000978326;1.00158;0.0182291;0.989493;1;3;1
698.531;698.06;6.1022;0.353769;0.0123903;0.0053681;0.00107219;0.0125504;0.00520804;1.01675;-0.0046003;-0.00780621;1.00678;0.0249308;0.978598;1;3;1
721.531;698.06;6.28039;0.419435;0.0100458;0.00359027;0.000732559;0.0101279;0.00350819;1.0103;0.000504089;0.00140075;1.00556;0.0250087;0.984831;1;3;1
744.531;698.06;6.562;0.381731;0.0130834;0.00317317;-0.00121906;0.0132312;0.00302541;1.01218;0.0125474;0.000742202;1.00458;0.0314213;0.961829;1;3;1
767.531;698.06;6.87832;0.380768;0.0153529;0.00321561;0.000339901;0.0153625;0.0032061;1.01771;0.00444632;0.000430535;1.00441;0.023702;0.98464;1;3;1
790.531;698.06;7.2629;0.396496;0.014272;0.00498721;0.00157685;0.0145325;0.00472672;1.01299;-0.000659703;-0.00226888;1.00417;0.0240129;0.984526;1;3;1
813.531;698.06;7.5301;0.484973;0.0114441;0.00387283;0.000457055;0.0114715;0.00384533;1.0122;0.00302638;-0.000733911;1.00535;0.0215759;0.984038;1;3;1
836.531;698.06;7.78625;0.489595;0.0122782;0.00422694;-0.000936626;0.0123857;0.00411941;1.01603;0.00319524;-0.00219076;1.00346;0.0226037;0.98354;1;3;1
859.531;698.06;8.09147;0.490722;0.0124234;0.00447029;-0.00130401;0.0126317;0.00426194;1.00853;-0.00525;-0.00187849;1.00413;0.0282206;0.97766;1;3;1
882.531;698.06;8.35422;0.506445;0.014151;0.00364187;-0.000624668;0.014188;0.00360487;1.01324;0.0118359;0.00171632;0.999044;0.0229274;0.980522;1;4;1
905.531;698.06;8.73786;0.519438;0.01425;0.00277295;0.000592792;0.0142806;0.00274242;1.01263;-0.00459074;-0.00140976;1.00193;0.0219903;0.990933;1;4;1
928.531;698.06;9.0051;0.545069;0.0122216;0.00382105;0.0011343;0.0123721;0.00367058;1.01462;-0.00421054;-0.00306739;1.00308;0.0207255;0.99051;1;3;1
951.531;698.06;9.29659;0.598571;0.012906;0.00517107;-0.000189661;0.0129107;0.00516642;1.01114;-0.0010662;0.00102355;1.00458;0.0179833;0.990471;1;3;1
974.531;698.06;9.59496;0.601689;0.0122538;0.00420536;0.000431604;0.0122769;0.00418228;1.01236;0.00289631;-0.00462032;1.00837;0.0186624;0.989441;1;4;1
997.531;698.06;9.85678;0.685156;0.0121768;0.00330439;-0.000364217;0.0121918;0.00328946;1.01401;0.00529186;-0.000174749;1.00937;0.0256475;0.967427;1;3;1
1020.53;698.06;10.1516;0.695677;0.0122947;0.0043083;0.00180128;0.0126822;0.00392084;1.013;0.00830748;-0.00714299;1.00939;0.0236382;0.980363;1;3;1
1043.53;698.06;10.4184;0.895677;0.0140633;0.00444685;-8.18723e-05;0.014064;0.00444615;1.0127;0.00357716;0.00200683;1.00534;0.0307179;0.949675;1;3;1
1066.53;698.06;10.794;0.788383;0.0136195;0.00641878;-0.00243014;0.0143629;0.00567539;1.01669;0.00294465;0.00304247;1.00433;0.024297;0.985072;1;3;1
1089.53;698.06;11.0405;0.757003;0.0117394;0.00342966;-0.000425957;0.0117612;0.00340788;1.00869;-0.00550149;-0.000526091;1.00706;0.0237224;0.98472;1;4;1
1112.53;698.06;11.3308;0.789747;0.0145499;0.00183528;-0.000126121;0.0145511;0.00183403;1.02145;-0.00234868;-0.000825992;1.00207;0.0253881;0.984856;1;3;1
1135.53;698.06;11.705;0.824556;0.0123721;0.00160849;0.000818252;0.012434;0.00154664;1.01273;-0.000875204;-0.00446967;1.00549;0.0325175;0.969693;1;3;1
1158.53;698.06;11.8963;0.909519;0.00914061;0.00497121;-0.000595458;0.00922398;0.00488784;1.00991;-0.00256138;-0.00255721;1.01078;0.0256367;0.977239;1;4;1
1181.53;698.06;12.1234;0.940923;0.0118215;0.00474149;-0.000662003;0.0118829;0.00468012;1.01616;-0.00276523;-0.000984194;1.00918;0.02498;0.982941;1;3;1
1204.53;698.06;12.4369;0.93882;0.0137154;0.00447786;-0.000862591;0.0137953;0.004398;1.00905;0.00541368;0.00280753;1.00564;0.0254255;0.976812;1;3;1
1227.53;698.06;12.75;0.937819;0.0143763;0.00492616;-0.00225453;0.0148866;0.00441585;1.01203;0.00422814;-0.00198247;1.001;0.0299823;0.977521;1;3;1
1250.53;698.06;13.0935;0.898515;0.0129695;0.00407607;0.000133152;0.0129715;0.00407408;1.01663;0.00411889;0.00156561;1.0022;0.0249201;0.986845;1;3;1
1273.53;698.06;13.3428;0.950383;0.0108983;0.00149601;0.00155271;0.0111481;0.00124623;1.01536;-0.00197357;-0.00164635;1.00432;0.0354872;0.977345;1;4;1
31.5305;675.06;-1.88676;-0.48948;0.0089389;0.00300239;0.00201938;0.00956069;0.0023806;1.01395;0.00348332;-0.00371646;1.0009;0.0234319;0.988108;1;3;1
54.5305;675.06;-1.68214;-0.433157;0.011906;0.00369029;0.00139137;0.0121352;0.00346105;1.00901;-0.00429229;0.00372076;1.0038;0.0200299;0.991342;1;3;1
77.5306;675.06;-1.34234;-0.431831;0.0124373;0.00302911;0.000447646;0.0124586;0.00300785;1.01457;0.00144857;-0.00205455;1.00143;0.0251887;0.987522;1;3;1
100.531;675.06;-1.11354;-0.41999;0.0101195;0.00194136;0.000449758;0.0101441;0.0019167;1.0067;-0.0027319;0.000199747;0.998852;0.0245203;0.986668;1;3;1
123.531;675.06;-0.879248;-0.350963;0.010334;0.00126835;0.000246625;0.0103407;0.00126164;1.01182;0.000975122;-0.00626955;1.00127;0.0254657;0.982079;1;4;1
146.531;675.06;-0.640678;-0.339906;0.0110853;0.00273372;-0.000233726;0.0110919;0.00272718;1.00965;0.00277871;-0.000922503;1.00107;0.0216395;0.992897;1;3;1
169.531;675.06;-0.372131;-0.317178;0.0123023;0.0021245;-0.00108788;0.0124173;0.00200952;1.01661;0.00570832;0.00201128;0.99895;0.0239941;0.988664;1;3;1
192.531;675.06;-0.0782215;-0.370932;0.0131777;0.00203847;0.000684557;0.0132196;0.00199655;1.01442;0.00286455;-0.0016334;1.00458;0.0230251;0.989089;1;3;1
215.531;675.06;0.230101;-0.329103;0.0107387;0.00222587;0.000127527;0.0107406;0.00222396;1.00846;0.00177935;-0.00182486;1.00243;0.0221452;0.987506;1;3;1
238.531;675.06;0.413058;-0.287696;0.00931294;0.00223796;0.000420903;0.00933789;0.002213;1.00956;0.00415444;-0.00111619;0.997802;0.0235611;0.984862;1;3;1
261.531;675.06;0.656457;-0.252966;0.0123125;0.00384754;0.00139729;0.0125372;0.00362285;1.01612;0.0032728;-0.00138192;0.998347;0.0192097;0.993183;1;3;1
284.531;675.06;0.975865;-0.179989;0.01131;0.00196411;0.000305683;0.01132;0.00195412;1.00311;0.00594489;0.000126054;0.999503;0.0201566;0.991992;1;3;1
307.531;675.06;1.17375;-0.177024;0.0119755;0.00359195;0.000758801;0.0120436;0.00352383;1.0182;0.00135293;-0.00356537;0.99805;0.0229011;0.98185;1;3;1
330.531;675.06;1.52346;-0.140505;0.0120391;0.00273056;0.000584423;0.0120757;0.00269401;1.00836;0.00141249;0.00102598;1.00284;0.0204457;0.990186;1;3;1
353.531;675.06;1.72423;-0.138443;0.0108235;0.00343511;0.000367279;0.0108418;0.0034169;1.01261;0.00304543;-0.00362446;1.00521;0.0196806;0.991703;1;3;1
376.531;675.06;2.01868;-0.12398;0.012461;0.0016556;-0.000907434;0.0125366;0.00157992;1.01473;0.00283436;-0.000370793;1.00018;0.0177172;0.991617;1;3;1
399.531;675.06;2.29391;-0.137593;0.0113767;0.00202808;-0.000414027;0.011395;0.00200978;1.00873;0.00330738;0.00070748;1.00136;0.0206782;0.987248;1;3;1
422.531;675.06;2.53904;-0.0778181;0.0121234;0.00454573;0.00100157;0.0122536;0.00441558;1.01553;-0.000956499;-0.00218548;1.00633;0.0209903;0.991096;1;3;1
445.531;675.06;2.84814;-0.0379446;0.0139727;0.00312263;0.00108418;0.01408;0.00301536;1.0131;0.00132851;-0.003457;1.00367;0.0235285;0.987645;1;3;1
468.531;675.06;3.17729;0.00406995;0.0139541;0.00427455;0.00164923;0.0142274;0.00400127;1.01273;-0.000337964;0.000502355;1.00778;0.0225754;0.98796;1;4;1
491.531;675.06;3.48547;0.0793587;0.0124132;0.00420169;0.000759501;0.0124828;0.00413203;1.0091;-0.00104764;-0.00549101;1.00664;0.0208252;0.987784;1;3;1
514.531;675.06;3.74471;0.0901263;0.0115995;0.00294123;-0.00047889;0.0116259;0.00291482;1.01846;0.00348628;-0.00242949;1.00023;0.0191598;0.991786;1;4;1
537.531;675.06;4.01597;0.0422724;0.012651;0.00406627;-0.00182291;0.013022;0.00369522;1.0052;0.00157085;0.00665607;0.999166;0.0210331;0.99073;1;3;1
560.531;675.06;4.32298;0.0243655;0.0127474;0.00311058;0.000292268;0.0127562;0.00310172;1.01771;0.00614105;-0.00772836;1.00501;0.0204027;0.989322;1;3;1
583.531;675.06;4.59859;0.121792;0.0122225;0.00395655;0.000531389;0.0122566;0.00392253;1.00441;-0.00136523;0.0016662;1.00405;0.0222463;0.986453;1;3;1
606.531;675.06;4.88174;0.10829;0.0123951;0.00436906;0.00132055;0.0126068;0.00415737;1.01823;-0.00232369;-0.00327395;1.00453;0.0227234;0.987467;1;3;1
629.531;675.06;5.16525;0.174701;0.0118916;0.00186018;0.00156012;0.0121287;0.00162315;1.0087;0.00258918;-0.00142993;0.998588;0.0201745;0.986497;1;3;1
652.531;675.06;5.42544;0.20523;0.0136348;0.00400677;-0.000215931;0.0136397;0.00400193;1.01487;-0.000855945;0.00223934;1.0028;0.0212097;0.991463;1;3;1
675.531;675.06;5.78822;0.205527;0.0139154;0.00304664;-0.000148627;0.0139174;0.00304461;1.00897;0.00268409;-0.00445731;0.998765;0.0214438;0.984807;1;3;1
698.531;675.06;6.06115;0.228639;0.0114169;0.00414178;0.00197013;0.0119162;0.00364252;1.0146;-0.00254082;-0.000945379;1.00416;0.0238585;0.986937;1;4;1
721.531;675.06;6.31035;0.294852;0.0130206;0.00427441;9.61067e-05;0.0130217;0.00427336;1.01231;0.0043267;-0.00778529;1.00411;0.0227091;0.981266;1;3;1
744.531;675.06;6.65612;0.337174;0.0127696;0.00288109;-0.000309961;0.0127793;0.00287138;1.01313;-0.00185605;0.00591191;1.00082;0.0255622;0.983584;1;3;1
767.531;675.06;6.89403;0.32562;0.0127459;0.00224276;-0.000978687;0.0128363;0.00215234;1.00792;0.00339151;-0.000339606;0.999194;0.0264673;0.978627;1;4;1
790.531;675.06;7.23874;0.3226;0.0145864;0.00268397;0.00053448;0.0146104;0.00266002;1.01774;0.00300011;-0.00248105;0.997308;0.0229918;0.985728;1;3;1
813.531;675.06;7.56014;0.386314;0.0134908;0.00442812;0.000907046;0.0135807;0.00433823;1.01634;0.000845504;0.000854924;0.998179;0.0207938;0.991376;1;3;1
836.531;675.06;7.85514;0.390028;0.0137753;0.00284117;0.000340659;0.0137859;0.00283057;1.00897;-0.00112767;-0.00433745;0.997545;0.0220448;0.984763;1;3;1
859.531;675.06;8.18942;0.472177;0.0115484;0.00291745;-0.000467257;0.0115737;0.00289223;1.01579;-0.00288538;-0.000450812;1.00192;0.0284248;0.977556;1;3;1
882.531;675.06;8.38333;0.396324;0.00990276;0.00347329;-0.000226744;0.00991074;0.0034653;1.00539;-0.00407046;0.00164305;1.00779;0.0208785;0.989041;1;4;1
905.531;675.06;8.64271;0.457115;0.014067;0.00295495;0.00164765;0.0143061;0.00271579;1.01521;-0.00420576;-0.00495491;1.00283;0.0233039;0.987606;1;3;1
928.531;675.06;9.02577;0.515616;0.0152106;0.00277191;-0.000483411;0.0152293;0.00275315;1.02059;0.00412987;0.00150076;1.00498;0.0238826;0.984785;1;4;1
951.531;675.06;9.33715;0.482976;0.0137441;0.00316893;-0.000428803;0.0137615;0.00315157;1.01078;0.00224048;-0.00128236;1.00406;0.0245426;0.98194;1;3;1
974.531;675.06;9.6537;0.550028;0.0128138;0.00350847;0.000857782;0.0128922;0.00343006;1.01444;-0.00351689;-0.00410344;0.999987;0.0204415;0.98881;1;3;1
997.531;675.06;9.92272;0.59539;0.0122986;0.00334542;-7.39182e-05;0.0122992;0.00334481;1.00995;0.00358877;0.00273886;1.00101;0.0261524;0.978857;1;3;1
1020.53;675.06;10.216;0.571482;0.0130533;0.00463217;-0.000757934;0.013121;0.00456449;1.01756;-0.00442839;-0.00124998;1.00261;0.0275477;0.985176;1;3;1
1043.53;675.06;10.5193;0.63252;0.0134564;0.00769691;-0.000847485;0.0135786;0.0075748;1.0073;0.00492527;-0.00269363;1.00967;0.0241291;0.987499;1;3;1
1066.53;675.06;10.8309;0.600638;0.012664;0.00547628;-5.4297e-05;0.0126644;0.00547587;1.01316;-0.0041459;0.00270708;1.00846;0.0257768;0.983514;1;4;1
1089.53;675.06;11.0982;0.693074;0.0125152;0.00370527;0.000877564;0.0126018;0.00361871;1.01158;-0.00107709;-0.00506456;1.0013;0.0232166;0.98185;1;4;1
1112.53;675.06;11.4027;0.781277;0.0126928;0.0021309;0.000236953;0.0126981;0.00212559;1.01084;0.00702548;-0.00520399;0.997547;0.0284832;0.975458;1;3;1
1135.53;675.06;11.6783;0.791071;0.0129499;0.000872794;0.000145079;0.0129516;0.000871051;1.01673;-0.000144004;0.0013621;1.00149;0.0280435;0.967979;1;3;1
1158.53;675.06;11.9946;0.791787;0.0127687;0.0043654;-0.00181627;0.0131444;0.00398964;1.01733;0.0108908;0.00267418;1.00539;0.0248883;0.984203;1;4;1
1181.53;675.06;12.2619;0.743632;0.00974042;0.00479447;-0.00121809;0.0100241;0.00451075;1.00676;0.0119804;-0.00320107;1.00621;0.0258957;0.978378;1;3;1
1204.53;675.06;12.4404;0.780997;0.0124858;0.00554815;-0.000352766;0.0125037;0.00553026;1.0048;0.00793238;-0.000315039;1.00722;0.0245936;0.982595;1;3;1
1227.53;675.06;12.8326;0.824068;0.0132128;0.00577494;-0.000545348;0.0132525;0.00573517;1.01749;0.00205444;-0.000521028;1.00789;0.0234995;0.990824;1;3;1
1250.53;675.06;13.0443;0.811686;0.0116551;0.00322551;0.00236928;0.0122753;0.00260523;1.01811;-0.00929502;-0.00112781;1.00544;0.0261094;0.980132;1;3;1
1273.53;675.06;13.3655;0.938509;0.0140809;0.00360709;0.00255693;0.0146718;0.00301621;1.0048;0.00503424;-0.0139535;1.00262;0.0440748;0.952368;1;3;1
31.5305;652.06;-1.9481;-0.512601;0.0116506;0.00230459;-6.79057e-05;0.0116511;0.0023041;1.0145;-0.00898328;-0.00155115;1.0027;0.0208556;0.992842;1;3;1
54.5305;652.06;-1.68167;-0.514724;0.0112913;0.00314729;0.000246989;0.0112988;0.00313981;1.00872;0.000128709;0.00104395;1.00315;0.0212868;0.990974;1;3;1
77.5306;652.06;-1.43161;-0.473639;0.0121914;0.00199997;0.0015736;0.0124288;0.00176253;1.01477;-0.00247782;-0.00541605;1.00406;0.0233369;0.989492;1;3;1
100.531;652.06;-1.12429;-0.454484;0.0127384;0.00162416;0.00130761;0.0128901;0.00147239;1.00912;0.00220814;0.0024599;1.00068;0.0192773;0.991701;1;3;1
123.531;652.06;-0.849366;-0.416933;0.0110897;0.00369533;0.00047023;0.0111194;0.00366554;1.01087;-0.00158953;-0.00108297;1.00372;0.0245692;0.987662;1;3;1
146.531;652.06;-0.616995;-0.397159;0.0122051;0.00315329;0.00111619;0.0123407;0.00301768;1.01431;0.00139816;-0.000343439;1.00606;0.0213093;0.990138;1;3;1
169.531;652.06;-0.291378;-0.340723;0.0111963;0.00352059;-0.00035728;0.0112129;0.00350399;1.01095;0.00478292;-0.00540251;1.00464;0.0260102;0.984366;1;3;1
192.531;652.06;-0.104815;-0.389596;0.00995531;0.0028167;-5.8641e-05;0.00995579;0.00281622;1.01172;-0.00306441;0.00517441;1.00168;0.0201225;0.992947;1;3;1
215.531;652.06;0.164308;-0.348321;0.012518;0.00273497;0.000339581;0.0125298;0.0027232;1.00773;0.000173999;-0.00336816;1.00323;0.0212916;0.990134;1;3;1
238.531;652.06;0.467448;-0.368977;0.0109718;0.00307998;-0.000367003;0.0109889;0.00306295;1.01757;0.00282702;0.00487747;1.00178;0.0213568;0.991114;1;3;1
261.531;652.06;0.666264;-0.318532;0.011311;0.00286284;0.00140612;0.0115389;0.00263495;1.01462;-0.0101125;-0.0071075;1.00704;0.027753;0.985629;1;3;1
284.531;652.06;0.984653;-0.235805;0.012565;0.00369806;0.00112319;0.0127051;0.00355799;1.01362;-0.00089473;-0.00197817;1.00437;0.0211577;0.990823;1;3;1
307.531;652.06;1.24063;-0.257655;0.0106192;0.00501447;-0.000378816;0.0106447;0.00498898;1.01053;0.00185487;0.0017942;1.00723;0.0196111;0.990261;1;3;1
330.531;652.06;1.47054;-0.29198;0.0101088;0.00383889;0.00104374;0.010278;0.0036697;1.0047;-0.000128928;0.000658097;1.00365;0.019175;0.991988;1;3;1
353.531;652.06;1.7033;-0.239096;0.0135532;0.00402568;0.000905207;0.0136384;0.00394044;1.01639;-0.00056712;-0.004335;1.00144;0.0221716;0.990042;1;3;1
376.531;652.06;2.08957;-0.1422;0.01394;0.00154135;8.81874e-05;0.0139406;0.00154072;1.01289;-0.000227243;-0.00124458;1.00165;0.0202653;0.991001;1;2;1
399.531;652.06;2.34008;-0.169474;0.0101181;0.0010324;-0.000619507;0.0101602;0.000990359;1.00987;-0.000771822;0.0045139;1.00097;0.0194357;0.989736;1;3;1
422.531;652.06;2.55267;-0.161981;0.01084;0.00292443;-0.000630268;0.0108899;0.00287456;1.01327;-0.00673358;-0.00471478;1.00491;0.0216263;0.982431;1;3;1
445.531;652.06;2.83602;-0.117653;0.0128803;0.00355084;0.00029907;0.0128899;0.00354126;1.01016;-0.000213728;0.00127948;1.00738;0.0231357;0.986057;1;3;1
468.531;652.06;3.14134;-0.0848413;0.0122359;0.00433984;0.000482778;0.0122653;0.00431043;1.01123;0.00136283;-0.00383861;1.00778;0.0203408;0.98754;1;3;1
491.531;652.06;3.39544;-0.0654042;0.0130248;0.00589877;0.000708957;0.0130946;0.00582892;1.01212;-0.00104075;0.000453617;1.00423;0.020632;0.987012;1;3;1
514.531;652.06;3.73659;-0.0276537;0.014475;0.00428036;-0.000751604;0.0145301;0.00422525;1.01571;-0.000478054;-0.00307955;1.00593;0.0198917;0.993169;1;3;1
537.531;652.06;4.05654;-0.0542264;0.0129456;0.0029449;-0.000919214;0.0130294;0.00286111;1.01116;-0.00114515;-0.00252824;1.00552;0.0204183;0.992474;1;3;1
560.531;652.06;4.32828;-0.016641;0.0121917;0.000848316;0.00128588;0.0123356;0.000704376;1.0149;-0.00395256;-0.00172765;1.00174;0.0194477;0.992318;1;3;1
583.531;652.06;4.61389;0.036009;0.0109521;0.0038434;0.000219977;0.0109589;0.0038366;1.00903;0.00307565;-0.0011105;1.00714;0.0211631;0.9866;1;4;1
606.531;652.06;4.82931;0.0423283;0.0113179;0.00308614;0.000839163;0.0114026;0.00300146;1.01102;0.00302281;-0.00518981;1.00393;0.020506;0.987439;1;4;1
629.531;652.06;5.1315;0.13166;0.0143968;0.00290338;-0.000146935;0.0143986;0.0029015;1.01404;-0.0033461;0.00308941;1.00359;0.0216952;0.986592;1;3;1
652.531;652.06;5.48683;0.0987644;0.0135516;0.00429836;-9.03183e-07;0.0135516;0.00429836;1.01408;0.00579989;-0.00194387;1.0029;0.0231541;0.983119;1;3;1
675.531;652.06;5.7507;0.169893;0.0114757;0.00366608;0.00121974;0.0116618;0.00348001;1.00821;-0.00172454;0.00031575;1.00572;0.025117;0.9795;1;3;1
698.531;652.06;6.01167;0.163729;0.0137585;0.00373211;0.000510294;0.0137845;0.00370621;1.01805;0.000306733;-0.00478624;1.00041;0.0260254;0.979975;1;4;1
721.531;652.06;6.37926;0.223336;0.0133276;0.00395408;-0.000163219;0.0133305;0.00395124;1.01039;-0.00175548;-0.00345373;1.0015;0.0214059;0.988981;1;4;1
744.531;652.06;6.62063;0.249429;0.0125469;0.00427322;0.000289507;0.012557;0.00426311;1.01543;-0.00182332;0.0026238;1.0059;0.0235505;0.98439;1;3;1
767.531;652.06;6.95281;0.277776;0.0143138;0.00328322;-0.000311949;0.0143226;0.0032744;1.01447;0.00157204;0.00229986;1.0001;0.0269684;0.977195;1;4;1
790.531;652.06;7.27441;0.2732;0.012287;0.000890527;-0.000113255;0.0122881;0.000889402;1.00967;0.00437042;-0.00379313;1.00453;0.0299585;0.973207;1;3;1
813.531;652.06;7.51458;0.281731;0.0123788;0.00359748;0.00122119;0.0125455;0.00343082;1.0194;-0.00246407;-0.00262822;1.00648;0.023888;0.987261;1;3;1
836.531;652.06;7.84028;0.359118;0.0136944;0.00363326;0.00124252;0.0138456;0.00348209;1.01101;0.00455467;-0.00227407;1.00906;0.0235847;0.987564;1;3;1
859.531;652.06;8.14021;0.35674;0.0113601;0.00495411;0.000590484;0.0114141;0.00490013;1.01231;-0.00225983;0.000449102;1.00384;0.0221062;0.986194;1;3;1
882.531;652.06;8.35991;0.346951;0.0123836;0.00266713;0.000246575;0.0123898;0.00266087;1.00891;0.00484869;0.00351644;1.00045;0.0218947;0.986137;1;4;1
905.531;652.06;8.70636;0.383721;0.0156556;0.00330274;-0.00044785;0.0156718;0.00328652;1.01928;0.00188095;-0.00654749;1.00638;0.0236547;0.984106;1;3;1
928.531;652.06;9.07446;0.417789;0.0145226;0.0047076;8.71928e-05;0.0145234;0.00470683;1.01744;-0.00269889;0.00200175;1.00765;0.0241621;0.983958;1;3;1
951.531;652.06;9.36957;0.453088;0.0121154;0.00268608;-0.00025406;0.0121222;0.00267924;1.00647;-0.000327348;-0.000182888;1.00277;0.0259315;0.975847;1;3;1
974.531;652.06;9.62842;0.440593;0.011264;0.0049827;0.000326774;0.011281;0.00496574;1.01372;-0.00112719;-0.00158354;1.00754;0.0226505;0.987388;1;3;1
997.531;652.06;9.88476;0.531531;0.0137649;0.0043586;0.000269412;0.0137726;0.00435089;1.00954;-0.004645;0.00101574;1.00494;0.0223547;0.986002;1;3;1
1020.53;652.06;10.2573;0.483209;0.0140009;0.00358023;-2.72504e-05;0.014001;0.00358016;1.01899;-0.00157227;0.00174201;1.0066;0.0240831;0.985166;1;4;1
1043.53;652.06;10.5244;0.543092;0.0131674;0.00304217;0.000748525;0.0132224;0.00298714;1.01345;-9.13775e-05;-0.00279985;1.00018;0.0223668;0.986976;1;3;1
1066.53;652.06;10.859;0.537206;0.0134701;0.00181419;0.00100895;0.0135568;0.0017275;1.01403;0.00222094;-0.000877694;1.00163;0.0187422;0.992172;1;3;1
1089.53;652.06;11.1398;0.586982;0.0119736;0.00310121;0.00104669;0.0120954;0.0029794;1.01207;0.0082811;0.00106586;1.00352;0.0231806;0.98261;1;4;1
1112.53;652.06;11.4063;0.691891;0.0123082;0.00498031;0.00229608;0.0129682;0.00432031;1.01273;0.000623468;-0.00836639;1.00667;0.0251005;0.980505;1;3;1
1135.53;652.06;11.7022;0.784425;0.0133046;0.0039034;-0.000742842;0.0133629;0.00384507;1.01144;0.00478477;-0.00110896;1.00365;0.0287116;0.97805;1;3;1
1158.53;652.06;12.0143;0.709297;0.0114013;0.00562297;-0.00139085;0.0117187;0.00530562;1.01134;-0.00426051;0.00047586;1.00393;0.0236919;0.983822;1;4;1
1181.53;652.06;12.2236;0.721013;0.0116893;0.00383273;-0.000914224;0.0117943;0.00372775;1.00974;-0.00253341;-0.000678553;1.00481;0.0260861;0.980784;1;3;1
1204.53;652.06;12.5489;0.684445;0.0132696;0.00240353;-0.0018923;0.0135897;0.00208342;1.00776;0.00490794;0.000296346;0.999807;0.0244508;0.982374;1;3;1
1227.53;652.06;12.83;0.673003;0.00967074;0.00393409;-0.000564009;0.00972566;0.00387917;1.0154;0.00332231;0.000387296;1.00285;0.0263799;0.983529;1;3;1
1250.53;652.06;12.9916;0.750493;0.0116316;0.00323958;-0.00119102;0.0117974;0.00307382;1.01955;0.0220351;-0.00632666;1.00048;0.0298693;0.977448;1;3;1
1273.53;652.06;13.3618;0.784759;0.0162303;0.00543061;-0.000814522;0.0162914;0.00536953;1.00357;0.000477771;-0.00341587;0.996125;0.0294684;0.982139;1;3;1
31.5305;629.06;-1.88479;-0.595369;0.00955973;0.002597;0.000345655;0.00957684;0.00257988;1.01599;0.0026762;0.00384614;1.00027;0.0234571;0.987735;1;3;1
54.5305;629.06;-1.66596;-0.577703;0.0100303;0.00297256;-7.9763e-05;0.0100312;0.00297166;1.0077;0.000875543;-0.00340484;1.00233;0.0234938;0.985808;1;3;1
77.5306;629.06;-1.42574;-0.523662;0.0107042;0.00342414;0.000870998;0.010807;0.00332139;1.01495;0.000793342;-0.001806;1.00027;0.0221215;0.990345;1;3;1
100.531;629.06;-1.17625;-0.494598;0.0122615;0.00278333;0.0004639;0.0122842;0.00276068;1.01209;-0.00223688;-0.000836857;1.00289;0.0223568;0.985211;1;3;1
123.531;629.06;-0.865128;-0.520633;0.0111407;0.00381335;-0.000597644;0.0111891;0.00376492;1.01301;0.00498452;-0.00257948;1.00488;0.0259912;0.981908;1;3;1
146.531;629.06;-0.666603;-0.484722;0.0116548;0.00365214;0.000196525;0.0116596;0.00364732;1.00663;-0.00211944;-0.0025491;1.00235;0.0229502;0.989682;1;3;1
169.531;629.06;-0.332116;-0.478823;0.0128243;0.00504281;0.000489058;0.0128549;0.00501219;1.01228;-0.00312346;-0.00176615;1.00511;0.0223999;0.991678;1;3;1
192.531;629.06;-0.0804241;-0.500318;0.0120673;0.00263066;-0.000333051;0.0120791;0.00261892;1.01627;0.0059933;-0.000691163;0.999868;0.0207385;0.991521;1;3;1
215.531;629.06;0.219664;-0.454739;0.0121709;0.0029664;0.000849956;0.0122487;0.00288857;1.00295;-0.000328155;0.00290504;1.00762;0.0203648;0.991194;1;3;1
238.531;629.06;0.476016;-0.429115;0.00963268;0.000982747;0.00149516;0.00988383;0.000731599;1.01162;-0.0028944;-0.000105303;1.00303;0.0248864;0.987895;1;3;1
261.531;629.06;0.6606;-0.384469;0.0100106;0.00213272;0.00133194;0.0102297;0.00191362;1.0137;0.0051386;-0.000189779;0.998386;0.0212544;0.98978;1;3;1
284.531;629.06;0.934155;-0.349767;0.0107478;0.00417971;-0.000382458;0.01077;0.00415751;1.00852;0.00595456;-0.000190107;0.998315;0.0220727;0.98915;1;3;1
307.531;629.06;1.15237;-0.407109;0.0112077;0.00440974;0.000251912;0.011217;0.00440042;1.01021;-0.00228196;0.00124652;1.005;0.0236363;0.989762;1;3;1
330.531;629.06;1.44684;-0.316693;0.0139692;0.00270774;0.000855846;0.0140338;0.00264307;1.01517;-0.00116995;-0.00502896;1.0014;0.0221116;0.985769;1;4;1
353.531;629.06;1.79045;-0.323205;0.0138505;0.00422359;0.000599133;0.0138876;0.00418644;1.01525;0.00188384;0.00359839;1.00572;0.0236996;0.988697;1;3;1
376.531;629.06;2.07945;-0.194788;0.0118189;0.00460739;0.00300433;0.0129065;0.0035198;1.01234;-0.000412414;-0.00675224;1.00308;0.0231963;0.98628;1;3;1
399.531;629.06;2.33073;-0.185045;0.0124324;0.00274603;-0.000417355;0.0124503;0.00272808;1.01077;0.00573114;0.0068766;1.00326;0.0224055;0.986544;1;3;1
422.531;629.06;2.64783;-0.212018;0.012395;0.00356221;-0.00119924;0.0125549;0.00340229;1.0115;0.0115348;-0.00192339;1.001;0.0191932;0.991353;1;3;1
445.531;629.06;2.89741;-0.200968;0.0117514;0.00426667;-0.000493807;0.0117839;0.00423423;1.00813;0.0033416;0.0029274;1.00107;0.0216071;0.98728;1;3;1
468.531;629.06;3.18525;-0.195131;0.0126982;0.00337733;-0.000548375;0.0127303;0.00334518;1.01404;0.00215269;-0.00213985;0.99895;0.0191732;0.990968;1;2;1
491.531;629.06;3.47786;-0.191188;0.013983;0.00368027;0.000350896;0.0139949;0.00366833;1.01056;0.00454334;-0.00065024;1.00363;0.0241531;0.984603;1;3;1
514.531;629.06;3.82395;-0.106283;0.0138469;0.00346771;0.00156951;0.014079;0.00323556;1.01568;0.0011672;-0.00535097;1.00401;0.0217891;0.990695;1;3;1
537.531;629.06;4.11037;-0.0928976;0.0103018;0.00220462;0.00139515;0.0105354;0.00197097;1.0132;0.00250501;0.000435878;1.00329;0.0218833;0.990664;1;3;1
560.531;629.06;4.29532;-0.0146321;0.0115172;0.00249624;0.000523016;0.0115475;0.00246602;1.01459;0.000268463;-0.00528031;1.0075;0.0245855;0.985478;1;4;1
583.531;629.06;4.63713;-0.0546502;0.0132378;0.00356148;-0.000682325;0.0132856;0.0035136;1.01413;-0.0034298;0.00161741;0.997124;0.0249114;0.982608;1;4;1
606.531;629.06;4.90028;-0.0334502;0.0130701;0.00320237;0.000690517;0.0131182;0.00315428;1.01037;-0.00279781;-0.00287371;1.00021;0.0202862;0.99155;1;3;1
629.531;629.06;5.23437;0.0413902;0.0123174;0.005369;-0.00063278;0.0123745;0.00531184;1.01338;-0.000299519;-0.00163434;1.00437;0.0265966;0.979467;1;4;1
652.531;629.06;5.46341;0.0079441;0.0110904;0.00285436;-0.000243429;0.0110976;0.00284717;1.01189;-0.00475413;-0.00244053;1.0009;0.0230859;0.98658;1;4;1
675.531;629.06;5.74173;0.0372188;0.0132248;0.00403587;-0.00068583;0.0132757;0.00398496;1.01451;0.00466592;-0.00177345;1.00269;0.0270894;0.980042;1;4;1
698.531;629.06;6.06776;0.0572815;0.0146361;0.00442582;-0.000273999;0.0146435;0.00441847;1.01868;0.00214543;0.0012688;1.00694;0.0225768;0.985647;1;3;1
721.531;629.06;6.41008;0.11343;0.0134839;0.00599051;0.00145693;0.0137572;0.00571721;1.00986;0.00032766;-0.00152406;1.00749;0.0253655;0.977845;1;3;1
744.531;629.06;6.68381;0.141032;0.0117158;0.00412834;-4.87929e-05;0.0117161;0.00412803;1.00879;0.00385202;-0.00344737;1.00507;0.0207071;0.986703;1;3;1
767.531;629.06;6.94584;0.174868;0.0124536;0.00368558;0.000969111;0.0125595;0.00357974;1.01743;-0.00307616;-0.00559751;1.00142;0.024069;0.984211;1;3;1
790.531;629.06;7.25295;0.281657;0.0128757;0.00364832;-6.47592e-05;0.0128761;0.00364786;1.00816;-0.00113161;0.00455157;1.00564;0.0288372;0.966015;1;3;1
813.531;629.06;7.53434;0.221133;0.01233;0.00311769;-0.00115162;0.0124717;0.0029759;1.01536;0.00603343;-0.000611744;1.0024;0.0245942;0.983429;1;3;1
836.531;629.06;7.81663;0.223217;0.0128925;0.0056681;-4.42992e-05;0.0128928;0.00566782;1.01183;0.000253954;-0.00377373;1.00528;0.0200259;0.98893;1;3;1
859.531;629.06;8.12362;0.244897;0.012491;0.00375919;0.000391279;0.0125085;0.00374169;1.01276;0.00091901;-0.00140779;1.00333;0.0192554;0.989566;1;3;1
882.531;629.06;8.38765;0.2738;0.0137827;0.00361857;-0.000776639;0.0138417;0.00355957;1.01162;-0.00316795;0.00225112;1.00262;0.0199337;0.991026;1;3;1
905.531;629.06;8.75327;0.305571;0.0153095;0.00437139;-0.000589561;0.0153412;0.00433971;1.01441;0.0125934;-0.000635515;1.00176;0.023057;0.986837;1;4;1
928.531;629.06;9.08657;0.299614;0.0137806;0.00412509;0.000514196;0.0138079;0.00409779;1.01313;0.00270027;-0.00576627;1.00596;0.0228866;0.984707;1;3;1
951.531;629.06;9.38284;0.359605;0.0134671;0.00242166;-0.000210271;0.0134711;0.00241766;1.01464;0.00229609;0.00126132;1.00237;0.0231977;0.984957;1;3;1
974.531;629.06;9.70193;0.321417;0.0121967;0.00340671;-0.000300915;0.012207;0.00339642;1.0101;0.00729541;-0.00307977;1.00481;0.0244559;0.983678;1;2;1
997.531;629.06;9.94049;0.395333;0.0115455;0.00593585;0.000577539;0.0116043;0.005877;1.0091;0.00420192;-0.00112855;1.00602;0.0274784;0.982671;1;3;1
1020.53;629.06;10.2299;0.407088;0.0123445;0.00399087;0.00151843;0.0126119;0.00372342;1.02212;-0.00426733;-0.000529488;0.996258;0.0243971;0.983154;1;3;1
1043.53;629.06;10.5048;0.492795;0.0120914;0.00529043;0.000702598;0.0121632;0.0052186;1.00634;5.98114e-05;-0.00295511;1.00491;0.0224396;0.983548;1;3;1
1066.53;629.06;10.7827;0.517285;0.0142653;0.00352044;0.000871997;0.0143356;0.00345013;1.01656;-0.00628224;-3.11905e-05;1.00227;0.024183;0.988028;1;3;1
1089.53;629.06;11.1563;0.550676;0.0132905;0.00376051;0.00036445;0.0133044;0.00374659;1.01162;-0.00462933;-0.00147702;1.00067;0.0239222;0.982795;1;3;1
1112.53;629.06;11.39;0.552752;0.0132753;0.00569826;0.00024169;0.013283;0.00569056;1.01143;-0.00610111;-0.00143855;1.00551;0.0352025;0.961056;1;3;1
1135.53;629.06;11.763;0.611941;0.0146276;0.0071562;1.00208e-05;0.0146276;0.00715619;1.01919;-0.00273954;0.000189398;1.00496;0.0266661;0.981594;1;3;1
1158.53;629.06;12.058;0.533897;0.0121917;0.0060509;-0.00153337;0.0125533;0.0056893;1.00822;0.00689922;0.00378837;1.00446;0.0259504;0.979652;1;3;1
1181.53;629.06;12.3204;0.5677;0.0110815;0.0054276;9.81593e-05;0.0110832;0.00542589;1.01745;-0.00145002;-0.00644235;1.00267;0.0246244;0.980595;1;3;1
1204.53;629.06;12.5648;0.670735;0.0137759;0.00385456;-8.06573e-05;0.0137766;0.00385391;1.00991;0.00053567;-0.00153254;1.00479;0.0254132;0.985079;1;3;1
1227.53;629.06;12.9497;0.643603;0.0153032;0.00292456;-0.00201805;0.0156239;0.00260387;1.01682;0.00238302;-0.00239664;1.00082;0.0261619;0.987986;1;3;1
1250.53;629.06;13.2634;0.663426;0.0121912;0.00322914;-0.00158379;0.0124629;0.00295748;1.01042;-0.00101297;-0.00166344;1.00233;0.0237192;0.988966;1;3;1
1273.53;629.06;13.5071;0.689592;0.0106512;0.00443666;0.000127618;0.0106538;0.00443404;1.0114;0.000488134;0.00133506;1.01083;0.0248043;0.98454;1;4;1
31.5305;606.06;-1.94451;-0.631908;0.0149499;0.00284764;0.000215534;0.0149537;0.00284381;1.02031;-0.00471402;-0.000752886;1.0076;0.0230784;0.986084;1;3;1
54.5305;606.06;-1.6032;-0.651192;0.0112829;0.00260167;-0.000189242;0.011287;0.00259755;1.00625;-0.00205061;-0.00106898;1.00831;0.0224831;0.990694;1;3;1
77.5306;606.06;-1.42839;-0.63088;0.00960658;0.00343549;-6.86907e-05;0.00960734;0.00343473;1.01049;-0.00249513;0.0015078;1.01168;0.0199909;0.989982;1;3;1
100.531;606.06;-1.16345;-0.582323;0.0140809;0.00247291;-6.5342e-06;0.0140809;0.0024729;1.00923;-0.00150917;0.00159291;1.00942;0.0235872;0.986251;1;3;1
123.531;606.06;-0.78518;-0.591969;0.0124696;0.0029425;-9.72192e-05;0.0124705;0.00294151;1.01384;-0.00364056;-0.00113443;1.00099;0.0256998;0.987565;1;3;1
146.531;606.06;-0.593387;-0.564846;0.00947714;0.00331678;-0.000839081;0.00958938;0.00320453;1.0034;0.00190953;-0.00262816;1.00488;0.0223535;0.993598;1;4;1
169.531;606.06;-0.351283;-0.572072;0.0118683;0.00318378;0.000813924;0.011944;0.00310815;1.01417;0.000293277;-0.00298525;0.999144;0.0241032;0.988444;1;3;1
192.531;606.06;-0.0506767;-0.510415;0.0111258;0.0013903;0.000666264;0.0111712;0.00134491;1.01321;0.00380458;-0.00148151;0.999065;0.0209811;0.989708;1;3;1
215.531;606.06;0.157607;-0.484573;0.00986663;0.00334432;0.00199145;0.0104266;0.00278435;1.00636;-0.00234715;0.000618597;1.00374;0.0216241;0.990231;1;3;1
238.531;606.06;0.400871;-0.414113;0.0101841;0.00193346;0.00160544;0.0104855;0.00163207;1.00936;-0.00162409;-0.00521097;0.998599;0.0257307;0.979369;1;3;1
261.531;606.06;0.623666;-0.416513;0.0130427;0.00224525;0.000286983;0.0130504;0.00223762;1.01213;-0.00554642;0.00235281;1.0031;0.0220382;0.99051;1;3;1
284.531;606.06;0.996973;-0.42767;0.0137215;0.00366121;-0.000434031;0.0137402;0.00364252;1.01524;-0.00377218;0.0020395;1.00604;0.021354;0.98953;1;3;1
307.531;606.06;1.25056;-0.460056;0.0104648;0.00197283;-0.0011265;0.0106116;0.00182593;1.00564;0.000225669;-0.00311839;1.00187;0.0212499;0.984266;1;3;1
330.531;606.06;1.47586;-0.416368;0.0113492;0.00422034;-0.000528089;0.0113881;0.00418143;1.01361;0.000941509;0.000936516;1.00762;0.0215604;0.988771;1;3;1
353.531;606.06;1.76969;-0.432924;0.0104399;0.00331555;0.000777664;0.0105238;0.00323165;1.00698;-0.0074545;0.00136863;1.00284;0.0219566;0.987162;1;4;1
376.531;606.06;1.95357;-0.353453;0.0129404;0.0054149;0.00243512;0.0136596;0.00469568;1.02043;-0.00023468;-0.00943408;1.01357;0.0231645;0.983841;1;4;1
399.531;606.06;2.36094;-0.295614;0.0151636;0.005173;0.000319524;0.0151738;0.00516279;1.01351;-0.00532127;0.00415167;1.00661;0.0233622;0.984604;1;3;1
422.531;606.06;2.64588;-0.325458;0.0117365;0.00242196;0.000144039;0.0117387;0.00241973;1.01331;-0.00712139;-0.00231624;1.00275;0.0206158;0.991817;1;3;1
445.531;606.06;2.89769;-0.313462;0.0121391;0.00327748;0.00100776;0.0122523;0.00316433;1.00669;-0.00372605;-0.000216806;1.00733;0.0207566;0.990647;1;3;1
468.531;606.06;3.20085;-0.239899;0.0121145;0.00313498;0.00110681;0.0122489;0.00300057;1.00868;-0.00254252;-0.00183719;1.00519;0.0195816;0.99272;1;3;1
491.531;606.06;3.45155;-0.234352;0.0107227;0.00178246;0.000885451;0.0108096;0.00169561;1.01187;-0.00384764;-0.00441415;1.00204;0.0207491;0.992527;1;3;1
514.531;606.06;3.69145;-0.186871;0.0124443;0.00416125;0.00181065;0.0128228;0.00378275;1.01149;-0.00739778;-0.000349331;1.00784;0.0251464;0.98014;1;3;1
537.531;606.06;4.02041;-0.155513;0.0137278;0.00365268;0.00185119;0.0140572;0.00332331;1.01172;-0.00348319;-0.00266242;1.00027;0.02067;0.988835;1;3;1
560.531;606.06;4.31862;-0.131324;0.0139396;0.00569652;0.000563551;0.0139779;0.00565817;1.01317;0.00306467;0.00200624;1.00778;0.0209185;0.988254;1;4;1
583.531;606.06;4.65721;-0.127508;0.0118763;0.00449531;0.00103641;0.012019;0.00435254;1.01553;0.00760722;0.000268492;1.00607;0.0258719;0.978501;1;3;1
606.531;606.06;4.86171;-0.104734;0.0125324;0.00300223;-0.000900734;0.0126167;0.00291785;1.0122;0.00473746;0.000939414;1.00438;0.0255823;0.978201;1;4;1
629.531;606.06;5.23013;-0.114549;0.0140801;0.00406741;0.000887923;0.0141582;0.00398928;1.01151;0.00171445;0.000371986;1.00715;0.0243432;0.985414;1;3;1
652.531;606.06;5.50484;-0.0323458;0.0138301;0.00296306;0.000940151;0.0139109;0.00288233;1.01234;0.00344976;-0.00942552;1.00432;0.0242775;0.984423;1;4;1
675.531;606.06;5.86187;-0.0152503;0.0132855;0.00374069;-0.0010451;0.0133986;0.0036276;1.01743;0.0018525;0.00383784;1.00286;0.0244735;0.984466;1;3;1
698.531;606.06;6.11197;-0.039301;0.0102318;0.00282881;-0.000870537;0.0103328;0.00272782;1.00748;0.00352044;-0.00197089;1.00406;0.0219799;0.986947;1;4;1
721.531;606.06;6.33013;-0.0513807;0.0125602;0.00304108;0.00110446;0.0126867;0.00291461;1.01427;0.00590179;-0.00199087;1.00302;0.0235581;0.983822;1;3;1
744.531;606.06;6.68605;0.0599618;0.0147661;0.00405616;0.00187575;0.0150851;0.00373714;1.01254;0.000380965;-0.00415886;1.00006;0.0207719;0.98781;1;3;1
767.531;606.06;7.00416;0.108579;0.0140123;0.00522266;-0.000163213;0.0140154;0.00521963;1.01953;0.00241286;-0.00507845;1.00875;0.0236439;0.984994;1;3;1
790.531;606.06;7.32614;0.105712;0.0121861;0.00541008;-4.78612e-05;0.0121865;0.00540974;1.01273;-0.00345553;0.00381449;1.0052;0.0234865;0.985629;1;3;1
813.531;606.06;7.56134;0.138564;0.0118467;0.00397576;-0.000647994;0.0118997;0.00392277;1.01181;-0.00174484;0.00296633;1.00757;0.0223106;0.988276;1;3;1
836.531;606.06;7.8679;0.0991284;0.0129852;0.00387729;-0.000134868;0.0129872;0.0038753;1.00782;-0.00207187;-0.00444506;1.0034;0.0206972;0.987898;1;3;1
859.531;606.06;8.1548;0.184144;0.0136272;0.00289241;0.000379658;0.0136406;0.002879;1.0164;-0.00123026;-0.00385421;1.00338;0.0213295;0.989213;1;4;1
882.531;606.06;8.49046;0.180981;0.013801;0.00394882;-0.000702252;0.0138508;0.00389901;1.01603;0.00388546;0.0011032;1.00611;0.0240843;0.982488;1;4;1
905.531;606.06;8.78533;0.183142;0.0129276;0.00396387;-1.47919e-05;0.0129276;0.00396385;1.01109;-0.0089216;-0.00421102;1.00907;0.0217254;0.990843;1;4;1
928.531;606.06;9.08131;0.228425;0.0136829;0.00293596;0.00175441;0.0139621;0.00265681;1.01015;-0.00404053;0.00467202;0.999196;0.0234584;0.983967;1;3;1
951.531;606.06;9.41022;0.341844;0.013347;0.00298858;0.000758407;0.0134022;0.00293334;1.01108;-0.00407212;-0.00246987;1.0017;0.0220866;0.984754;1;3;1
974.531;606.06;9.6912;0.284194;0.0110886;0.00184624;-0.00111729;0.0112217;0.00171309;1.01579;-0.00305754;0.00359826;0.999548;0.0248069;0.985857;1;3;1
997.531;606.06;9.91743;0.259299;0.0114728;0.00362722;-0.000635283;0.0115239;0.00357611;1.00817;0.00314673;-0.00149417;0.998433;0.0278088;0.98275;1;4;1
1020.53;606.06;10.216;0.300013;0.0142862;0.0042262;-0.00113179;0.0144119;0.00410044;1.01293;0.0109971;0.0027484;1.00747;0.0264611;0.981719;1;4;1
1043.53;606.06;10.5699;0.300395;0.0135978;0.00507953;-9.88954e-05;0.0135989;0.00507838;1.01363;0.00269394;-0.00206811;1.00489;0.0261417;0.981982;1;3;1
1066.53;606.06;10.8372;0.375555;0.0125138;0.0045975;0.000226037;0.0125203;0.00459105;1.00843;0.00328773;-0.00431308;1.00667;0.022857;0.985485;1;3;1
1089.53;606.06;11.1419;0.414322;0.0133047;0.00522478;-0.000142262;0.0133072;0.00522228;1.02156;0.00800755;-0.00114857;1.01345;0.023419;0.987678;1;3;1
1112.53;606.06;11.4452;0.43053;0.0118227;0.0040514;-0.000233587;0.0118297;0.00404439;1.00187;0.0101762;-0.000880219;1.00642;0.0254847;0.984741;1;3;1
1135.53;606.06;11.6825;0.456414;0.0145506;0.00552766;-1.58168e-05;0.0145507;0.00552764;1.02971;0.00200817;-0.000874636;1.0046;0.0252704;0.981439;1;3;1
1158.53;606.06;12.1097;0.431892;0.0146324;0.00387368;-0.0011428;0.0147525;0.00375363;1.0056;-0.00243411;0.00114328;1.00706;0.0236584;0.98706;1;3;1
1181.53;606.06;12.3508;0.472192;0.0114064;0.0049202;-0.000303995;0.0114206;0.00490598;1.01526;0.00817127;-0.0022559;1.009;0.0284081;0.987896;1;3;1
1204.53;606.06;12.6314;0.507549;0.0143392;0.0054992;-0.000855348;0.0144212;0.0054172;1.00497;0.00346612;-0.00569402;1.00443;0.0238364;0.982882;1;3;1
1227.53;606.06;13.0057;0.539004;0.0120244;0.00425812;0.0010999;0.0121772;0.00410535;1.01812;-0.00551932;0.00143401;1.00838;0.021403;0.985149;1;3;1
1250.53;606.06;13.1811;0.602581;0.0086588;0.00443538;0.000135449;0.00866314;0.00443104;1.00235;-0.00218404;-0.00388214;1.00145;0.0316895;0.9737;1;3;1
1273.53;606.06;13.4022;0.581141;0.00966123;0.0062594;-0.00221403;0.0107523;0.00516836;1.01443;-0.000953407;0.00164636;1.00193;0.0341761;0.983312;1;3;1
31.5305;583.06;-1.94244;-0.726139;0.0128965;0.0026037;0.000711528;0.0129454;0.00255475;1.02179;-0.000779695;0.000127907;0.996762;0.0237312;0.987037;1;2;1
54.5305;583.06;-1.64773;-0.697221;0.0129398;0.00241848;0.000319337;0.0129494;0.0024088;1.00265;0.00181959;-0.000511418;0.99785;0.023336;0.992018;1;3;1
77.5306;583.06;-1.35103;-0.681364;0.0111621;0.00307693;0.00138089;0.0113914;0.00284759;1.02088;0.00870843;-0.00422673;0.995906;0.0263206;0.983007;1;3;1
100.531;583.06;-1.13719;-0.608195;0.0111937;0.00396356;-0.000383911;0.011214;0.00394323;1.0085;0.00686598;0.000391919;0.995966;0.0236968;0.991753;1;3;1
123.531;583.06;-0.838979;-0.655782;0.0123986;0.00248435;0.000294719;0.0124074;0.0024756;1.01066;-0.00189522;0.00693234;1.00145;0.023542;0.990221;1;3;1
146.531;583.06;-0.570352;-0.636941;0.0106393;0.00282781;0.000311022;0.0106517;0.00281544;1.00614;-0.000320551;0.00016383;1.00258;0.0240085;0.987122;1;3;1
169.531;583.06;-0.352157;-0.62504;0.0112808;0.00216383;0.000572289;0.0113165;0.00212804;1.02135;0.0051006;-0.00788566;1.00502;0.0216009;0.990503;1;3;1
192.531;583.06;-0.0543884;-0.56422;0.0106227;0.00451236;0.00110289;0.0108157;0.00431939;1.01188;-0.00434665;0.00329445;1.0065;0.0236552;0.985895;1;3;1
215.531;583.06;0.133917;-0.608242;0.00986813;0.00234559;0.000371972;0.00988648;0.00232724;1.0054;0.00566666;-0.00073538;1.00121;0.0235993;0.986555;1;3;1
238.531;583.06;0.397304;-0.517901;0.010651;0.00481779;0.00145366;0.0109931;0.0044756;1.01204;0.00301974;-0.00381282;1.00373;0.0214301;0.989945;1;3;1
261.531;583.06;0.621122;-0.487617;0.0116569;0.00326027;-0.00150386;0.0119182;0.00299905;1.00997;0.00548208;-0.000372189;1.00553;0.0217705;0.987154;1;3;1
284.531;583.06;0.930434;-0.517875;0.0141206;0.00404639;0.000740054;0.0141746;0.00399231;1.01468;0.00120845;0.00270103;1.00294;0.0229128;0.988109;1;3;1
307.531;583.06;1.26615;-0.49763;0.012939;0.00317199;0.000377192;0.0129535;0.00315744;1.0065;0.0051577;0.000492965;1.00255;0.0200009;0.990958;1;3;1
330.531;583.06;1.52182;-0.510359;0.0112797;0.00420752;0.000796651;0.0113683;0.00411889;1.01932;-0.0025954;-0.00217824;1.00512;0.0211272;0.990361;1;3;1
353.531;583.06;1.78211;-0.475468;0.0103308;0.00246676;0.000414455;0.0103526;0.00244497;1.00645;0.00210827;0.00293685;1.0025;0.0201077;0.989583;1;3;1
376.531;583.06;1.99456;-0.443124;0.0119712;0.00184473;-0.000408535;0.0119876;0.00182827;1.01004;0.00132457;-0.00323399;0.99435;0.0195464;0.987213;1;3;1
399.531;583.06;2.3295;-0.42239;0.0136271;0.00521076;0.00117414;0.0137878;0.00505003;1.01057;0.00347415;0.000989836;1.00536;0.0202833;0.988081;1;3;1
422.531;583.06;2.61704;-0.323283;0.0122739;0.0042195;0.00139028;0.0125071;0.00398627;1.01589;-0.000965374;-0.0026486;1.00604;0.0210669;0.984513;1;3;1
445.531;583.06;2.89062;-0.351485;0.0119402;0.00213338;6.47238e-05;0.0119406;0.00213295;1.01026;0.0012416;0.00324927;1.00131;0.0214974;0.988411;1;3;1
468.531;583.06;3.16305;-0.339109;0.012232;0.00438327;0.00107868;0.0123776;0.00423772;1.01139;-0.00327181;-0.00274349;1.00229;0.0231089;0.988847;1;3;1
491.531;583.06;3.44982;-0.2731;0.0125687;0.00293926;0.000676549;0.012616;0.00289196;1.01078;-0.00097187;-0.00315074;1.00112;0.0206845;0.990517;1;3;1
514.531;583.06;3.7376;-0.297223;0.0119735;0.00351158;-0.000139791;0.0119758;0.00350927;1.01613;-0.000105623;0.00197539;1.00487;0.0215368;0.987827;1;3;1
537.531;583.06;3.99735;-0.260477;0.0116841;0.00475562;-6.70592e-05;0.0116848;0.00475497;1.00732;0.0056809;-0.00086712;1.00872;0.0247142;0.983159;1;3;1
560.531;583.06;4.27196;-0.275924;0.0125108;0.00496786;0.000443845;0.0125368;0.00494183;1.01513;-0.00183063;-0.00113277;1.00292;0.0203423;0.989322;1;4;1
583.531;583.06;4.56929;-0.260922;0.0158435;0.00388249;0.00146939;0.0160214;0.00370462;1.00663;-0.00122984;3.55039e-05;1.00236;0.0247166;0.982598;1;4;1
606.531;583.06;4.99496;-0.171249;0.0143702;0.00402497;0.000786285;0.0144296;0.00396555;1.0141;0.000708677;-0.0054092;1.00538;0.0258708;0.978789;1;4;1
629.531;583.06;5.22549;-0.145331;0.0105197;0.00314181;0.000943899;0.0106386;0.00302297;1.00885;-0.00071169;0.00436879;0.998058;0.0254453;0.982508;1;3;1
652.531;583.06;5.47633;-0.128154;0.0132222;0.00373374;0.000241276;0.0132283;0.00372761;1.01214;0.00168343;-0.00262222;1.00026;0.021962;0.989625;1;3;1
675.531;583.06;5.82974;-0.134448;0.0138968;0.00403834;0.00110442;0.014019;0.00391613;1.01416;-0.0032506;0.000590094;0.998135;0.0206784;0.990534;1;3;1
698.531;583.06;6.11117;-0.07264;0.0126539;0.00347652;0.00115247;0.0127964;0.00333401;1.01407;-0.00424953;0.00232483;0.999956;0.0212916;0.991128;1;3;1
721.531;583.06;6.40806;-0.0262478;0.012267;0.00202535;-0.000816476;0.0123317;0.00196067;1.00952;-0.00788228;-0.00410942;0.996446;0.0235082;0.985442;1;3;1
744.531;583.06;6.67203;-0.0451726;0.0130838;0.00493634;-0.000891991;0.0131803;0.00483983;1.0146;0.00280939;0.00319063;1.00745;0.0231181;0.982447;1;4;1
767.531;583.06;7.00601;-0.0647107;0.0134616;0.00485886;0.00119732;0.0136251;0.00469533;1.01631;0.00358023;0.00102141;1.00496;0.0198989;0.988613;1;3;1
790.531;583.06;7.28708;0.0334752;0.0127065;0.00355671;0.00155648;0.012964;0.00329918;1.01138;0.000213396;-0.0107488;1.00113;0.0227509;0.978391;1;4;1
813.531;583.06;7.58673;0.0386398;0.0128418;0.0037623;-8.30817e-05;0.0128425;0.00376154;1.01036;0.00321417;0.00667588;0.998825;0.0222038;0.985885;1;3;1
836.531;583.06;7.87406;0.0452415;0.0127647;0.00231013;0.000178401;0.0127677;0.00230708;1.01;0.00155317;-0.00113337;0.99904;0.0215754;0.988771;1;3;1
859.531;583.06;8.17015;0.112061;0.012608;0.0046242;-0.000331281;0.0126217;0.00461048;1.01848;-0.00214743;-0.00107203;1.00303;0.0231382;0.981947;1;4;1
882.531;583.06;8.45039;0.0925542;0.0138224;0.00533078;-0.000427719;0.0138439;0.00530929;1.00778;-0.00222945;-0.00218365;1.00181;0.0218168;0.986444;1;4;1
905.531;583.06;8.80164;0.123618;0.0138782;0.00405832;7.7402e-05;0.0138788;0.00405771;1.02056;0.00444515;-0.000831267;0.998509;0.0241756;0.978087;1;4;1
928.531;583.06;9.08436;0.164757;0.0124162;0.00467127;0.000334154;0.0124306;0.00465688;1.00905;0.00141789;0.000729059;1.00752;0.0253025;0.984731;1;3;1
951.531;583.06;9.36918;0.222337;0.0139548;0.00542463;0.00138175;0.014173;0.00520639;1.01365;-0.00714785;-0.0041446;1.00392;0.0206855;0.987157;1;3;1
974.531;583.06;9.72181;0.236573;0.0141155;0.00352733;-0.000684738;0.0141596;0.00348324;1.01687;-0.00650654;0.00142743;1.00552;0.0248007;0.983714;1;3;1
997.531;583.06;10.014;0.228841;0.0142627;0.00269616;-0.00198921;0.0145953;0.00236362;1.01397;0.00295129;0.00466041;1.00185;0.0266223;0.9788;1;4;1
1020.53;583.06;10.3733;0.213314;0.0125715;0.00282527;-0.00169928;0.0128593;0.00253749;1.00881;0.00307034;-0.00365315;0.999859;0.0243079;0.982715;1;3;1
1043.53;583.06;10.5887;0.259803;0.0109723;0.00212417;0.000665144;0.0110221;0.00207445;1.01507;0.00239663;0.000900555;0.999102;0.0266512;0.98005;1;3;1
1066.53;583.06;10.8752;0.306377;0.0139029;0.00397218;-0.000762102;0.0139611;0.00391404;1.01442;0.00185153;-0.00152911;1.00442;0.0251579;0.979792;1;3;1
1089.53;583.06;11.2238;0.31101;0.0126417;0.00477235;0.000277499;0.0126515;0.00476257;1.01648;-0.0011067;0.00116956;0.999712;0.0248408;0.987804;1;3;1
1112.53;583.06;11.453;0.366807;0.0118515;0.00506135;-0.000803231;0.0119452;0.00496763;1.00951;0.0068017;-0.0030661;1.0073;0.0253455;0.987068;1;3;1
1135.53;583.06;11.7657;0.358368;0.0158685;0.00480243;-0.00203987;0.0162326;0.00443838;1.0187;0.00679789;-0.000861784;1.00576;0.0234022;0.988012;1;3;1
1158.53;583.06;12.1773;0.356206;0.0143949;0.00349973;-0.000904994;0.0144696;0.00342507;1.01262;0.00669781;0.00357653;1.00525;0.0270259;0.982336;1;3;1
1181.53;583.06;12.4232;0.34204;0.0116183;0.00471203;8.43458e-05;0.0116194;0.004711;1.01345;-0.00419598;-0.00440555;1.00177;0.0223354;0.986467;1;3;1
1204.53;583.06;12.7086;0.418687;0.0113887;0.00413005;0.000472967;0.0114194;0.00409936;1.00885;0.00315694;-0.00341969;1.00467;0.0246173;0.976699;1;3;1
1227.53;583.06;12.944;0.448145;0.012786;0.00470391;0.000129091;0.0127881;0.00470185;1.01327;0.00339707;0.000961151;1.00031;0.0213957;0.987178;1;3;1
1250.53;583.06;13.293;0.459859;0.0158215;0.00564365;-0.002161;0.0162613;0.00520382;1.01406;0.0027246;-0.00443232;1.00253;0.0225117;0.986819;1;3;1
1273.53;583.06;13.6661;0.402828;0.0163555;0.00401624;-0.00261629;0.0168873;0.00348443;1.02339;0.00111053;0.011875;1.00184;0.0353312;0.977853;1;3;1
31.5305;560.06;-1.95189;-0.751523;0.0159511;0.00231651;-0.000574126;0.0159753;0.00229237;1.01279;0.00299898;-0.000269448;1.00834;0.023856;0.989479;1;3;1
54.5305;560.06;-1.58789;-0.762305;0.0106248;0.00329355;-7.44115e-05;0.0106256;0.0032928;1.00465;-0.0088941;0.0033714;1.00596;0.0217921;0.992988;1;3;1
77.5306;560.06;-1.46572;-0.772187;0.0105941;0.00309285;0.000593041;0.0106407;0.00304625;1.01502;-0.00267351;0.00074173;1.00421;0.0233796;0.991691;1;3;1
100.531;560.06;-1.10312;-0.764248;0.0136866;0.00318693;0.000629022;0.0137241;0.00314938;1.01258;-0.00446125;-0.00404441;1.00259;0.0236937;0.990274;1;3;1
123.531;560.06;-0.840431;-0.706075;0.0111919;0.00266937;0.00169949;0.0115183;0.00234297;1.00531;-0.00311008;0.00498374;1.00906;0.0239657;0.984693;1;3;1
146.531;560.06;-0.591195;-0.694742;0.0111301;0.00332829;0.000798003;0.0112109;0.0032475;1.01408;0.000680533;-0.0034713;1.0058;0.0222825;0.989428;1;3;1
169.531;560.06;-0.331279;-0.671496;0.00998011;0.00428454;-0.00032931;0.00999909;0.00426556;1.01248;-0.00605592;0.00168766;1.00327;0.0221305;0.989657;1;3;1
192.531;560.06;-0.134384;-0.717442;0.0109515;0.00410192;0.00214376;0.0115671;0.00348631;1.00333;-0.0049461;-0.00315041;1.00358;0.0258673;0.98614;1;3;1
215.531;560.06;0.169695;-0.592343;0.0114326;0.00234425;0.000836794;0.011509;0.00226785;1.00931;0.000515174;-0.000912756;1.00036;0.0244005;0.989422;1;3;1
238.531;560.06;0.38847;-0.635198;0.0129254;0.00363231;-0.000598237;0.0129637;0.00359396;1.00982;0.00352254;-0.000529097;1.00527;0.0199091;0.994153;1;3;1
261.531;560.06;0.760461;-0.566039;0.01162;0.00397212;-0.00100899;0.0117509;0.00384124;1.01481;0.00282254;-0.0036499;1.00215;0.0234793;0.986075;1;3;1
284.531;560.06;0.919915;-0.613364;0.0101225;0.00366919;-0.000737413;0.0102057;0.003586;1.00939;-0.00236682;0.00330064;1.00167;0.0204273;0.991574;1;3;1
307.531;560.06;1.22375;-0.605729;0.0110489;0.00410188;0.000558559;0.0110935;0.00405726;1.01561;-0.00507735;-0.00437675;1.00403;0.0224046;0.990407;1;3;1
330.531;560.06;1.42539;-0.609481;0.0125771;0.00274374;0.00110011;0.0126987;0.00262217;1.00847;0.00335223;0.00427131;1.0016;0.0238668;0.986916;1;3;1
353.531;560.06;1.79866;-0.546247;0.0135292;0.00402528;0.00226975;0.0140435;0.00351104;1.00593;-0.000751009;-0.0018268;1.00583;0.020919;0.990706;1;3;1
376.531;560.06;2.04326;-0.438145;0.0125685;0.00292445;0.000176364;0.0125717;0.00292123;1.01747;0.00323514;-0.00344128;1.00439;0.0215395;0.991278;1;4;1
399.531;560.06;2.37322;-0.534686;0.0119546;0.00294985;-0.00117798;0.0121062;0.0027983;1.00593;-0.000488147;0.00476711;0.99886;0.0220017;0.988908;1;3;1
422.531;560.06;2.58986;-0.519113;0.0109961;0.00516216;0.00129765;0.0112718;0.00488654;1.01507;0.00302304;-0.00449517;1.00709;0.0204075;0.990032;1;3;1
445.531;560.06;2.87613;-0.411488;0.0129258;0.0039262;0.000444328;0.0129477;0.00390432;1.00845;-0.000661885;-7.22224e-05;1.00866;0.0207428;0.987993;1;3;1
468.531;560.06;3.18058;-0.441085;0.0121481;0.0040041;-7.40181e-05;0.0121487;0.00400343;1.01841;0.00618854;-0.00363599;1.00742;0.0198137;0.989554;1;3;1
491.531;560.06;3.43157;-0.369356;0.0117241;0.00392092;0.000953484;0.0118389;0.0038061;1.01171;0.00128836;4.38222e-05;1.00881;0.0220139;0.98639;1;3;1
514.531;560.06;3.71668;-0.348114;0.013483;0.00351689;-0.000291683;0.0134915;0.00350836;1.01149;0.00171132;-0.00334202;1.00528;0.0207793;0.988559;1;3;1
537.531;560.06;4.04766;-0.373746;0.0122737;0.00437546;0.000194584;0.0122785;0.00437067;1.01382;-0.0012493;0.00380629;1.00288;0.020349;0.989131;1;3;1
560.531;560.06;4.27784;-0.359263;0.0126874;0.00250655;0.000558536;0.0127179;0.00247599;1.01225;-0.00365762;-0.00336884;0.999775;0.0212784;0.985948;1;3;1
583.531;560.06;4.62757;-0.305748;0.0137238;0.00379442;0.00034734;0.013736;0.00378229;1.01012;-0.00167398;-0.00130951;1.0055;0.0186797;0.99053;1;3;1
606.531;560.06;4.90481;-0.289492;0.0122353;0.00507906;0.00119754;0.0124304;0.00488398;1.01528;-0.00299135;-0.00473655;1.00431;0.0217572;0.986985;1;3;1
629.531;560.06;5.18697;-0.258826;0.0128859;0.00464644;0.000482637;0.012914;0.00461826;1.01192;0.00359372;-0.00263392;1.00474;0.0223446;0.984444;1;3;1
652.531;560.06;5.49371;-0.203777;0.0137826;0.00311764;0.000481659;0.0138043;0.00309594;1.01733;-0.000797626;0.00134756;1.00526;0.0220749;0.988206;1;3;1
675.531;560.06;5.81662;-0.200618;0.0135861;0.00343614;-0.000556428;0.0136166;0.00340572;1.01128;6.84632e-06;-0.00143914;1.0103;0.0206696;0.987534;1;3;1
698.531;560.06;6.11449;-0.198944;0.0134578;0.00484206;0.000480747;0.0134845;0.00481531;1.01523;0.00393601;0.00114357;1.01087;0.0193774;0.987031;1;3;1
721.531;560.06;6.43154;-0.144341;0.0134463;0.00618711;-5.73404e-05;0.0134468;0.00618666;1.01159;0.0086588;-0.00397758;1.01264;0.0212967;0.984339;1;3;1
744.531;560.06;6.72891;-0.166532;0.0118502;0.00485244;-0.000123635;0.0118524;0.00485025;1.01153;0.00128271;-0.00194526;1.00527;0.0223555;0.982075;1;3;1
767.531;560.06;6.97345;-0.114378;0.0122123;0.00372818;0.000931772;0.0123135;0.00362705;1.0193;-0.00416247;0.0020568;1.00544;0.0210355;0.987159;1;3;1
790.531;560.06;7.28716;-0.0575907;0.0132864;0.00463493;0.000460521;0.0133109;0.00461049;1.01322;0.0029231;-0.00674566;1.00683;0.0237793;0.983412;1;4;1
813.531;560.06;7.58055;-0.0341738;0.0139488;0.00477374;-0.000112726;0.0139502;0.00477235;1.01126;0.000138591;0.00347556;1.00808;0.0232228;0.984451;1;3;1
836.531;560.06;7.92436;-0.00698034;0.014259;0.00318576;-0.000171726;0.0142616;0.0031831;1.0155;0.00396369;-0.000436201;1.00816;0.0216877;0.986216;1;3;1
859.531;560.06;8.23185;-0.0280155;0.0134901;0.00469313;-0.00146316;0.0137271;0.00445616;1.01327;0.00770842;0.00379706;1.0077;0.0254303;0.981573;1;3;1
882.531;560.06;8.54074;-0.0635574;0.0135244;0.00380299;-0.00106294;0.0136393;0.00368812;1.01726;0.00367942;-0.00320936;1.00651;0.0247389;0.981389;1;4;1
905.531;560.06;8.84981;-0.00311862;0.01331;0.00415592;0.000515115;0.0133389;0.00412702;1.01061;-0.00407383;-0.00239771;1.00841;0.0239114;0.984013;1;4;1
928.531;560.06;9.14892;0.0140959;0.0110681;0.00395193;0.000499663;0.011103;0.00391702;1.01656;0.00672111;0.000682463;0.9989;0.0245717;0.983492;1;4;1
951.531;560.06;9.35606;0.093016;0.0133701;0.00600672;0.000131052;0.0133725;0.00600439;1.00999;0.0119192;-0.000396778;1.01;0.0259519;0.989695;1;4;1
974.531;560.06;9.75976;0.122272;0.0157492;0.00528392;0.000114594;0.0157505;0.00528266;1.0175;0.008053;0.000542855;1.00446;0.0232626;0.984;1;3;1
997.531;560.06;10.0749;0.135711;0.0140382;0.00476086;-0.000559162;0.0140718;0.00472728;1.0161;0.00514787;-0.000681976;1.00919;0.0252995;0.983442;1;4;1
1020.53;560.06;10.401;0.170605;0.0115184;0.00410318;0.00127954;0.011733;0.0038886;1.0042;9.3808e-05;-0.00306074;1.01085;0.0203908;0.986389;1;3;1
1043.53;560.06;10.6017;0.202798;0.012161;0.00297282;-0.000779614;0.0122267;0.00290714;1.01661;-0.000200222;0.00329708;1.00631;0.0228284;0.98953;1;3;1
1066.53;560.06;10.9571;0.193352;0.0125774;0.0049299;-0.00139554;0.0128241;0.00468319;1.01368;-0.00161441;0.000384362;1.00171;0.0240246;0.984187;1;3;1
1089.53;560.06;11.1766;0.195329;0.0133086;0.00321545;-0.000774733;0.0133678;0.00315633;1.01305;-0.00282522;-0.00289056;1.00346;0.0262237;0.978736;1;3;1
1112.53;560.06;11.5652;0.19845;0.014896;0.00567163;-0.000298276;0.0149056;0.00566199;1.01561;-1.74175e-05;0.00493723;1.00451;0.0223405;0.984794;1;3;1
1135.53;560.06;11.8568;0.236359;0.0133585;0.00412042;-0.00030954;0.0133688;0.00411006;1.01092;-0.000524014;-0.00383336;1.00303;0.0211514;0.988855;1;3;1
1158.53;560.06;12.1756;0.271232;0.0119918;0.00441565;0.000110975;0.0119934;0.00441403;1.01094;0.00167415;0.0016303;1.00561;0.0211392;0.987352;1;3;1
1181.53;560.06;12.4052;0.255979;0.0113262;0.00240324;0.000279394;0.011335;0.0023945;1.01025;0.00527944;-0.00288528;1.00477;0.0239971;0.98331;1;3;1
1204.53;560.06;12.6937;0.317999;0.0137823;0.00569667;0.000443685;0.0138065;0.00567239;1.01772;0.0036521;-0.00184565;1.00435;0.0217113;0.985684;1;3;1
1227.53;560.06;13.0348;0.32314;0.0139722;0.00556728;-0.00105069;0.0141016;0.00543792;1.01295;0.00746274;-0.000411368;1.00811;0.0220909;0.988265;1;3;1
1250.53;560.06;13.332;0.343947;0.0107459;0.0053561;-8.82405e-05;0.0107473;0.00535465;1.01018;0.0024385;-0.00157311;1.0112;0.0244208;0.984734;1;3;1
1273.53;560.06;13.5264;0.39693;0.00849184;0.00379576;0.000465264;0.00853749;0.0037501;1.00844;0.00842287;-0.0057638;1.00118;0.0391859;0.962645;1;4;1
31.5305;537.06;-1.91172;-0.832564;0.01094;0.0027752;-0.000848319;0.0110272;0.00268799;1.01205;0.00262853;-0.00249313;0.998671;0.0224301;0.986629;1;2;1
54.5305;537.06;-1.66147;-0.848473;0.0110334;0.00323766;0.00059581;0.0110787;0.00319239;1.00636;0.00469392;0.00508982;1.00008;0.0210665;0.992833;1;3;1
77.5306;537.06;-1.40695;-0.823382;0.0116478;0.00433558;-0.000131839;0.0116501;0.00433321;1.01836;0.00381951;-0.0036574;1.00218;0.0245278;0.984762;1;3;1
100.531;537.06;-1.12885;-0.75456;0.0105394;0.00328448;0.000439753;0.010566;0.00325792;1.00673;0.000520265;-0.00271389;1.00233;0.0214776;0.990423;1;3;1
123.531;537.06;-0.924687;-0.77833;0.0113729;0.00345624;-0.000201825;0.011378;0.0034511;1.01385;-0.00376148;-0.000523345;1.0008;0.0239123;0.985936;1;3;1
146.531;537.06;-0.608651;-0.789773;0.0126876;0.00314177;-0.000152777;0.0126901;0.00313933;1.01133;-0.00217145;0.000546412;1.00341;0.0252519;0.98694;1;3;1
169.531;537.06;-0.344732;-0.821708;0.00956262;0.00304625;0.00105724;0.00972986;0.00287901;1.00652;0.0056396;-0.00256923;0.999747;0.0242544;0.984989;1;3;1
192.531;537.06;-0.170869;-0.752376;0.0105806;0.0027781;0.00107012;0.0107247;0.002634;1.01485;0.00263468;-0.00586432;1.00018;0.0223079;0.987779;1;3;1
215.531;537.06;0.139306;-0.715951;0.0142;0.0058299;0.00083093;0.0142817;0.00574821;1.00438;0.0041054;-0.00163064;1.00828;0.0227983;0.987603;1;3;1
238.531;537.06;0.477709;-0.684615;0.0130245;0.00404516;-0.000173055;0.0130278;0.00404183;1.01388;-0.00512718;0.00074927;0.999777;0.0218024;0.988464;1;3;1
261.531;537.06;0.734559;-0.669834;0.0104992;0.00361401;0.00148545;0.010806;0.0033072;1.00801;-0.00234929;-0.00104377;1.00156;0.0186997;0.993431;1;3;1
284.531;537.06;0.958161;-0.686342;0.0105907;0.003264;-0.0007026;0.0106574;0.00319724;1.00889;0.00640302;0.00161779;1.0004;0.0222026;0.987588;1;3;1
307.531;537.06;1.21917;-0.685907;0.0114262;0.00323822;0.000645233;0.0114768;0.00318768;1.01284;0.00530491;0.000288189;1.00476;0.0217467;0.989888;1;3;1
330.531;537.06;1.48077;-0.636381;0.0115142;0.000480244;5.16523e-05;0.0115144;0.000480002;1.00962;-2.83091e-05;0.0018643;1.00152;0.0207966;0.992232;1;3;1
353.531;537.06;1.74581;-0.660245;0.011132;0.00288631;0.000802234;0.0112093;0.00280898;1.00947;0.00748529;-0.00111973;1.00055;0.0233588;0.988463;1;3;1
376.531;537.06;1.98999;-0.577453;0.0133632;0.00609232;0.00101445;0.0135021;0.00595344;1.01323;0.00174429;7.96484e-05;1.00285;0.021153;0.990765;1;4;1
399.531;537.06;2.35635;-0.557876;0.0138215;0.00206427;0.000536351;0.0138459;0.00203986;1.0149;-0.00679519;-0.00267256;1.0089;0.0232526;0.98914;1;3;1
422.531;537.06;2.62144;-0.560132;0.0124958;0.00251326;-0.000655876;0.0125387;0.00247036;1.0128;0.00150688;0.00369304;1.00338;0.0224118;0.989609;1;3;1
445.531;537.06;2.9276;-0.531723;0.0129115;0.00450287;0.000409794;0.0129314;0.00448295;1.00965;0.00133796;-0.00213204;1.00431;0.0218685;0.987042;1;3;1
468.531;537.06;3.21157;-0.522905;0.0115407;0.00306782;0.00202918;0.0120016;0.00260692;1.01715;-0.00396568;-0.00203297;1.00231;0.020771;0.990587;1;3;1
491.531;537.06;3.45537;-0.45311;0.0119886;0.00326935;0.000539008;0.0120217;0.00323615;1.00585;-0.000546082;0.000388454;0.996484;0.0225305;0.986903;1;3;1
514.531;537.06;3.75973;-0.458711;0.0112193;0.00431848;-0.000885561;0.0113311;0.00420666;1.01166;0.000744276;0.00139359;1.00279;0.0182531;0.990964;1;3;1
537.531;537.06;3.9686;-0.461301;0.0115629;0.00329792;0.000553099;0.0115997;0.00326107;1.01176;-0.00677563;-0.00277022;1.00324;0.0235908;0.982953;1;3;1
560.531;537.06;4.28854;-0.391078;0.0139716;0.00265886;-0.00113663;0.0140847;0.00254579;1.0122;0.00347714;-0.000587988;1.00368;0.0226217;0.980198;1;4;1
583.531;537.06;4.60686;-0.43512;0.0141018;0.00406492;-0.000256985;0.0141083;0.00405834;1.01234;0.00397034;-0.00238538;1.00391;0.0250161;0.98719;1;3;1
606.531;537.06;4.9327;-0.404253;0.0144481;0.00508342;0.00019291;0.0144521;0.00507945;1.02224;-0.00516146;-0.00188701;1.00353;0.0219023;0.986352;1;4;1
629.531;537.06;5.26667;-0.358554;0.0121975;0.00478256;0.000863718;0.0122967;0.00468328;1.00664;0.00152225;-0.00437161;1.00781;0.0224262;0.987482;1;3;1
652.531;537.06;5.49022;-0.27134;0.0135341;0.00395069;0.000645287;0.0135773;0.00390743;1.01819;-0.00271401;-0.00133108;1.00371;0.0226488;0.98461;1;3;1
675.531;537.06;5.88504;-0.292207;0.0138581;0.00429242;-0.000738255;0.0139147;0.00423578;1.01245;0.00189705;0.00175677;1.00038;0.0272197;0.984619;1;3;1
698.531;537.06;6.12333;-0.294836;0.0122571;0.00394782;-4.93754e-05;0.0122574;0.00394753;1.01376;-0.00210221;-0.00212059;1.00356;0.0213255;0.98956;1;3;1
721.531;537.06;6.44545;-0.309965;0.0129019;0.00581309;0.000186495;0.0129068;0.00580819;1.01051;-0.00266757;0.000213104;1.00199;0.0213098;0.988455;1;3;1
744.531;537.06;6.71303;-0.267828;0.0127755;0.00435839;0.000228201;0.0127816;0.0043522;1.01438;0.00154647;-0.00242639;1.0042;0.025388;0.983068;1;3;1
767.531;537.06;7.02935;-0.235882;0.0133895;0.00336978;0.000139177;0.0133914;0.00336784;1.01572;0.00375772;0.000171771;1.00487;0.0210666;0.989752;1;2;1
790.531;537.06;7.32479;-0.179225;0.0135205;0.00532093;0.00060144;0.0135644;0.00527705;1.01053;-0.00223746;-0.00124968;1.00352;0.023741;0.989063;1;4;1
813.531;537.06;7.64711;-0.180391;0.0124901;0.00493404;0.000249361;0.0124983;0.00492582;1.01571;0.00334348;-0.00200051;1.00195;0.0203984;0.985649;1;3;1
836.531;537.06;7.89573;-0.101066;0.0131249;0.00440335;0.000775668;0.0131934;0.0043349;1.00667;-0.00201084;-0.00203286;1.00187;0.0201147;0.987626;1;3;1
859.531;537.06;8.24689;-0.103255;0.0147997;0.00368778;-0.000142386;0.0148015;0.00368596;1.01732;-0.00124229;0.00165187;1.00628;0.0269845;0.976253;1;3;1
882.531;537.06;8.57154;-0.0818928;0.0127973;0.00387934;-0.00057797;0.0128346;0.00384204;1.01489;0.000875683;-0.00600126;1.00172;0.019955;0.990662;1;3;1
905.531;537.06;8.83183;-0.0671483;0.0123109;0.0038877;0.000426699;0.0123324;0.00386614;1.00722;0.00308475;0.00196471;1.00185;0.027603;0.98094;1;3;1
928.531;537.06;9.13435;-0.0166468;0.0138524;0.00226436;0.000105033;0.0138533;0.00226341;1.01461;-0.00231338;0.00195566;1.00314;0.0255256;0.979856;1;3;1
951.531;537.06;9.46468;-0.0530486;0.0135544;0.00550573;-0.00141202;0.0137949;0.0052652;1.01295;0.000569237;-0.0021035;1.00307;0.0239969;0.987277;1;3;1
974.531;537.06;9.75369;-0.00583773;0.0141855;0.0064042;0.000220335;0.0141917;0.00639796;1.01838;-0.00152389;-0.00118049;1.00881;0.0232726;0.987397;1;3;1
997.531;537.06;10.1126;0.0104652;0.0124639;0.00408321;-0.000105755;0.0124653;0.00408188;1.01535;-0.00213607;-0.000673655;1.00361;0.025575;0.97497;1;3;1
1020.53;537.06;10.3235;0.0249804;0.0124594;0.00442339;0.00135672;0.0126822;0.00420052;1.00399;-0.00179781;-0.00224173;0.999983;0.0223733;0.98509;1;3;1
1043.53;537.06;10.6821;0.12335;0.0146957;0.00481526;-0.000337339;0.0147072;0.00480375;1.01258;0.0053984;-0.00170235;1.0035;0.022166;0.984856;1;3;1
1066.53;537.06;10.9946;0.0803124;0.0135057;0.00533452;-0.000626436;0.0135534;0.00528678;1.01958;0.00743111;-0.00214327;1.00688;0.0213917;0.988887;1;3;1
1089.53;537.06;11.2992;0.163398;0.0115038;0.00358724;-0.00108323;0.0116494;0.0034417;1.00961;0.00762198;0.000830791;1.00023;0.0226276;0.985803;1;3;1
1112.53;537.06;11.5207;0.106697;0.0123973;0.00457685;-0.000971822;0.0125163;0.00445789;1.00851;0.0103013;0.00258209;1.00354;0.0219281;0.989868;1;3;1
1135.53;537.06;11.866;0.169326;0.0145821;0.00495487;-0.000534321;0.0146116;0.00492531;1.01475;0.00806627;-0.00134059;1.00708;0.0221767;0.985174;1;3;1
1158.53;537.06;12.1867;0.153533;0.0126489;0.005208;-3.25419e-05;0.0126491;0.00520786;1.01498;0.000866868;-0.00116261;1.00278;0.0260397;0.98046;1;3;1
1181.53;537.06;12.4441;0.231628;0.0119908;0.00401681;-0.000437902;0.0120148;0.00399284;1.00676;-0.00347244;-0.00163666;1.00115;0.0267956;0.977541;1;3;1
1204.53;537.06;12.735;0.15739;0.0135902;0.00540845;-0.00150269;0.0138575;0.00514119;1.01936;-0.00106631;0.00555027;1.00631;0.0217099;0.991482;1;3;1
1227.53;537.06;13.0651;0.192917;0.0139995;0.00419377;5.43172e-05;0.0139998;0.00419347;1.01085;-0.00269032;-0.00473576;1.00389;0.0275781;0.983041;1;3;1
1250.53;537.06;13.3745;0.214206;0.0145404;0.00510724;-0.000260089;0.0145476;0.00510007;1.01271;0.00253335;-5.70885e-05;1.00663;0.028751;0.984354;1;4;1
1273.53;537.06;13.7291;0.228596;0.0155399;0.00399312;-0.000763837;0.0155902;0.00394281;1.0151;-0.00295352;-0.00599902;1.00428;0.0436002;0.953113;1;4;1
31.5305;514.06;-1.90624;-0.878983;0.0119517;0.00359523;-0.00120183;0.0121211;0.00342582;1.01112;-0.0015897;0.000664826;1.00338;0.0241247;0.988403;1;2;1
54.5305;514.06;-1.633;-0.910975;0.0119367;0.00239026;-0.00116991;0.0120779;0.00224897;1.00887;-0.000321843;0.0012746;1.00277;0.0231283;0.988817;1;3;1
77.5306;514.06;-1.36049;-0.971073;0.0116887;0.00397983;-0.000337865;0.0117035;0.00396505;1.0127;-0.00051414;-0.0039718;1.00545;0.0229625;0.989134;1;3;1
100.531;514.06;-1.09843;-0.915086;0.0110077;0.00462053;0.00161041;0.0113908;0.00423746;1.01356;0.0025679;-0.00130687;1.00653;0.0254739;0.986759;1;3;1
123.531;514.06;-0.85701;-0.864785;0.0104497;0.00250098;0.000631487;0.0104996;0.00245113;1.00357;0.0074225;-0.00546296;1.00299;0.0242615;0.985224;1;3;1
146.531;514.06;-0.620287;-0.839028;0.0101942;0.00401942;0.00123096;0.0104306;0.00378307;1.00916;-0.00248919;0.00114334;1.00074;0.0210596;0.992266;1;3;1
169.531;514.06;-0.390472;-0.811372;0.0107842;0.00123082;0.000548407;0.0108155;0.00119944;1.00653;-0.00446649;-0.00397658;1.00431;0.0236886;0.985521;1;3;1
192.531;514.06;-0.126863;-0.845057;0.0120724;0.00205774;-0.0015032;0.0122931;0.00183697;1.01538;0.00206228;0.00464205;1.00737;0.0220324;0.989717;1;3;1
215.531;514.06;0.16152;-0.85974;0.0126171;0.00253666;0.000133824;0.0126188;0.00253488;1.013;-0.000435147;-0.000938272;0.9992;0.0238836;0.98824;1;3;1
238.531;514.06;0.449899;-0.82086;0.0100973;0.00414413;0.00220101;0.0108227;0.00341875;1.00766;0.00306056;-0.00355115;1.00626;0.0217062;0.989134;1;3;1
261.531;514.06;0.623498;-0.731781;0.0113256;0.00310014;0.000464299;0.0113517;0.00307402;1.00869;-0.0048041;-0.00217434;1.00213;0.0250757;0.987923;1;3;1
284.531;514.06;0.967924;-0.763239;0.012933;0.00250135;-0.000476451;0.0129547;0.00247964;1.01235;-0.000788406;-0.00104412;1.00939;0.0235275;0.986101;1;3;1
307.531;514.06;1.21461;-0.754446;0.0104526;0.0016283;0.00149642;0.0106995;0.00138144;1.00829;-0.00273873;-0.00200081;1.001;0.0235803;0.986576;1;4;1
330.531;514.06;1.44607;-0.631562;0.0124585;0.00250887;0.00121598;0.012605;0.00236242;1.00892;-0.00832166;-0.00415273;1.00632;0.0213796;0.988796;1;3;1
353.531;514.06;1.78412;-0.678823;0.0132784;0.00205679;-0.00109807;0.0133849;0.00195035;1.01852;-0.00443377;0.00264504;1.00742;0.0233695;0.987324;1;3;1
376.531;514.06;2.0528;-0.717543;0.0121947;0.00401239;-3.93928e-05;0.0121949;0.0040122;1.01181;0.00805408;-0.00174455;1.00655;0.0232121;0.989313;1;3;1
399.531;514.06;2.34167;-0.629534;0.0136271;0.0040731;0.000470063;0.0136501;0.00405003;1.01241;0.00874932;-0.00816501;0.997561;0.0215097;0.990261;1;4;1
422.531;514.06;2.67535;-0.634499;0.0116796;0.00309153;-0.000124362;0.0116814;0.00308972;1.01224;-0.00416792;0.00640151;0.999872;0.0229688;0.987432;1;4;1
445.531;514.06;2.87583;-0.618156;0.0087039;0.00463619;0.00068563;0.00881636;0.00452374;1.01431;-0.00615887;-0.00561948;1.00157;0.0270148;0.980329;1;3;1
468.531;514.06;3.07398;-0.581865;0.0124788;0.00302618;0.00185109;0.0128284;0.00267661;1.01316;-0.0025245;-0.0052412;1.00243;0.020252;0.986917;1;3;1
491.531;514.06;3.44621;-0.519498;0.0156676;0.00446703;-5.09762e-05;0.0156678;0.0044668;1.01358;0.00118094;0.00060005;1.00563;0.0207636;0.987903;1;4;1
514.531;514.06;3.78911;-0.54628;0.01353;0.00388574;-0.000795206;0.0135952;0.00382062;1.01528;0.00184476;0.00285801;1.00193;0.0205992;0.99033;1;3;1
537.531;514.06;4.06444;-0.525198;0.0135207;0.00395883;-0.000711673;0.0135734;0.00390615;1.01093;0.00284207;0.000471217;1.00484;0.0204972;0.989634;1;3;1
560.531;514.06;4.40687;-0.481228;0.0125433;0.00365879;-0.000145738;0.0125457;0.0036564;1.01556;0.00347924;-0.00368436;1.00263;0.0202567;0.988127;1;3;1
583.531;514.06;4.63784;-0.492354;0.0121673;0.0021375;-0.00166513;0.0124365;0.00186828;1.0127;-0.000196007;0.00258422;1.003;0.0224931;0.984606;1;3;1
606.531;514.06;4.96318;-0.522701;0.0131851;0.00375368;-4.18631e-05;0.0131853;0.0037535;1.0082;-0.000320683;-0.00300536;1.00699;0.0234308;0.990452;1;4;1
629.531;514.06;5.24041;-0.47827;0.0117614;0.00370711;0.00148569;0.0120267;0.0034418;1.01307;-0.00449489;-0.00052951;1.00177;0.023294;0.983557;1;3;1
652.531;514.06;5.50086;-0.385151;0.0135692;0.00476637;-9.84983e-05;0.0135703;0.00476527;1.01175;0.00235441;-0.00360967;1.00431;0.0230189;0.988874;1;3;1
675.531;514.06;5.86034;-0.397627;0.0131396;0.00502012;-0.00038389;0.0131577;0.00500201;1.01671;0.00290649;0.00571404;1.00868;0.0212321;0.989314;1;3;1
698.531;514.06;6.10136;-0.380185;0.0127119;0.00371871;-0.000173691;0.0127152;0.00371536;1.00777;0.00111854;-0.00416531;1.00101;0.0224772;0.987892;1;3;1
721.531;514.06;6.44142;-0.41097;0.0148981;0.00211221;0.000214103;0.0149017;0.00210863;1.01836;0.00133188;0.000439501;1.00487;0.0239475;0.984708;1;3;1
744.531;514.06;6.78165;-0.366553;0.0132902;0.0025405;0.000674936;0.0133324;0.00249829;1.01138;-0.000766681;-0.00261664;1.00406;0.019706;0.989435;1;3;1
767.531;514.06;7.04854;-0.269066;0.0110606;0.00337422;-1.5254e-05;0.0110606;0.00337419;1.00932;0.00144962;-0.00198143;0.998698;0.0227362;0.985525;1;3;1
790.531;514.06;7.2876;-0.301706;0.0128406;0.00488949;0.000116051;0.0128423;0.0048878;1.01819;-0.00320676;-0.00255716;1.00515;0.0227929;0.983466;1;3;1
813.531;514.06;7.63547;-0.26055;0.0140734;0.003634;0.000703427;0.0141206;0.00358681;1.01335;0.00124372;-0.00241939;1.00066;0.0202926;0.985433;1;3;1
836.531;514.06;7.9304;-0.20909;0.0137519;0.0061806;-0.000184673;0.0137564;0.0061761;1.01087;-0.00148047;-0.00220672;1.00865;0.0208222;0.985924;1;3;1
859.531;514.06;8.26372;-0.197331;0.0153035;0.0042251;-0.00034324;0.0153141;0.00421447;1.01453;-0.00549736;-0.000585647;1.00824;0.0225446;0.981694;1;3;1
882.531;514.06;8.62904;-0.241578;0.0133933;0.00483308;0.000503597;0.0134228;0.00480355;1.01657;-1.42482e-05;-0.00189969;1.00897;0.0208378;0.990004;1;3;1
905.531;514.06;8.87574;-0.181599;0.0114679;0.00592181;0.000480318;0.0115092;0.00588052;1.00575;0.000526336;-0.00156848;1.00942;0.0221171;0.986585;1;3;1
928.531;514.06;9.15332;-0.0899467;0.0135521;0.00599918;-0.00076045;0.0136279;0.00592338;1.00951;0.00782225;0.000876372;1.00818;0.0299894;0.966677;1;4;1
951.531;514.06;9.49496;-0.159346;0.0142203;0.00432492;-0.000789012;0.0142828;0.0042624;1.01383;0.00175515;-0.00191007;1.00708;0.0235763;0.983372;1;3;1
974.531;514.06;9.8028;-0.171364;0.013574;0.00395667;0.00020395;0.0135783;0.00395235;1.0104;0.00574655;-0.00175583;1.00588;0.0204533;0.988126;1;3;1
997.531;514.06;10.1151;-0.0517171;0.0128452;0.00413893;0.00117806;0.0130018;0.00398234;1.01725;0.00246971;-0.00458123;1.00456;0.025483;0.979046;1;3;1
1020.53;514.06;10.3897;-0.0324218;0.0125122;0.00512845;-0.000513219;0.0125477;0.00509295;1.00858;0.00770247;-0.00112459;1.00912;0.0243863;0.987985;1;3;1
1043.53;514.06;10.6871;-0.0180941;0.0145375;0.00667962;-0.000203871;0.0145428;0.00667433;1.01405;0.00155459;-0.0013691;1.0101;0.0234505;0.98654;1;3;1
1066.53;514.06;11.0537;-0.0512846;0.0134439;0.00535131;0.000203993;0.013449;0.00534617;1.01622;-0.00324883;-0.00361347;1.00602;0.0209263;0.990744;1;3;1
1089.53;514.06;11.3013;0.030779;0.0132563;0.00594019;-0.00018436;0.0132609;0.00593554;1.00623;-0.00036541;0.000160201;1.00433;0.0253846;0.984356;1;3;1
1112.53;514.06;11.6594;-0.0115092;0.0142372;0.00410141;-0.00197729;0.0146093;0.00372934;1.02001;0.00363985;0.00309579;1.00642;0.0222768;0.987233;1;3;1
1135.53;514.06;11.9517;0.00909372;0.0127103;0.00588458;-7.8134e-05;0.0127112;0.00588369;1.01532;-0.00140402;-0.000794912;1.00621;0.0235016;0.985919;1;3;1
1158.53;514.06;12.2404;0.0323298;0.0108666;0.00465655;0.000304981;0.0108816;0.00464161;1.00877;-0.00585715;-0.000180461;1.00661;0.0236599;0.985496;1;3;1
1181.53;514.06;12.4488;0.0715958;0.0120562;0.00553426;-0.001321;0.0123136;0.00527685;1.01619;0.00111836;-0.00342881;1.00552;0.0222852;0.989729;1;3;1
1204.53;514.06;12.7917;0.0699838;0.0139518;0.00314193;-0.000246798;0.0139574;0.0031363;1.01378;0.00125116;-0.00382576;1.00261;0.0228221;0.984771;1;3;1
1227.53;514.06;13.0861;0.130658;0.0131117;0.00406368;-0.00054431;0.0131444;0.00403105;1.01004;0.00492822;0.000844142;1.00364;0.0242186;0.985427;1;3;1
1250.53;514.06;13.3909;0.109649;0.0117644;0.00424936;0.000542176;0.0118033;0.00421044;1.01207;0.000819264;0.00128439;1.00161;0.0226009;0.987411;1;3;1
1273.53;514.06;13.6241;0.213715;0.0101987;0.00138622;0.00275748;0.0109904;0.000594514;1.00714;-0.00505395;-0.0113077;1.00051;0.033671;0.96731;1;4;1
31.5305;491.06;-1.86591;-0.997626;0.00959421;0.00405663;0.000643405;0.00966798;0.00398285;1.00729;0.00148534;-0.0017841;1.00355;0.0243394;0.988387;1;3;1
54.5305;491.06;-1.64633;-0.958292;0.0106124;0.00362773;4.87081e-05;0.0106127;0.00362739;1.01259;-5.8963e-05;0.00387052;1.00322;0.0227729;0.988292;1;2;1
77.5306;491.06;-1.3803;-1.00608;0.0104133;0.00184359;0.000476307;0.0104397;0.0018172;1.01145;0.00145366;-0.00492597;1.00208;0.0232788;0.989752;1;3;1
100.531;491.06;-1.16978;-0.966597;0.0103513;0.00347008;0.00198079;0.0108807;0.00294063;1.01537;-0.00686471;-0.00161395;1.00364;0.024125;0.986739;1;3;1
123.531;491.06;-0.906722;-0.893228;0.0109749;0.00203231;0.000399598;0.0109928;0.00201449;0.994544;-0.00333745;-0.00107343;0.997458;0.0248614;0.988094;1;3;1
146.531;491.06;-0.667674;-0.974258;0.0110627;0.0024251;0.000479587;0.0110893;0.00239855;1.01832;-0.00617071;-8.78266e-05;0.999404;0.0297101;0.981414;1;3;1
169.531;491.06;-0.400622;-0.878257;0.0128146;0.00384623;0.00196259;0.0132253;0.00343555;1.00814;-0.00426375;9.67484e-05;1.00182;0.0237104;0.988576;1;3;1
192.531;491.06;-0.0821065;-0.84685;0.0120665;0.00254692;0.00013906;0.0120685;0.00254489;1.01485;0.000373472;-0.00447777;1.00079;0.0224336;0.990756;1;3;1
215.531;491.06;0.151105;-0.832488;0.0106332;0.00132833;-0.000507037;0.0106608;0.00130078;1.00894;-0.00112888;0.00282996;1.00422;0.0230058;0.986864;1;3;1
238.531;491.06;0.40444;-0.874793;0.0130927;0.00337248;0.000893623;0.0131742;0.00329101;1.00867;-0.00140671;0.000195473;1.00645;0.0215065;0.991942;1;3;1
261.531;491.06;0.749475;-0.812218;0.0125698;0.00489259;0.000707733;0.0126345;0.00482789;1.01134;0.0049405;-0.00175257;1.00653;0.024261;0.990308;1;3;1
284.531;491.06;0.979005;-0.801256;0.010138;0.00366536;0.000384129;0.0101607;0.00364265;1.0116;-0.00236933;-0.00544551;1.00124;0.0230836;0.985947;1;3;1
307.531;491.06;1.21345;-0.760747;0.0101856;0.00275172;9.95408e-05;0.010187;0.00275039;1.00164;0.00423381;-0.000517199;0.99726;0.0220086;0.989925;1;3;1
330.531;491.06;1.44516;-0.751631;0.0119625;0.00425385;-0.000814676;0.0120477;0.00416869;1.01912;0.000782945;0.00181717;0.997907;0.0240181;0.98902;1;3;1
353.531;491.06;1.76048;-0.754758;0.0130693;0.00463019;0.000122415;0.0130711;0.00462842;1.01109;-0.00200006;-0.00559636;1.00251;0.0227083;0.988257;1;3;1
376.531;491.06;2.04246;-0.761624;0.01391;0.00411918;0.000227161;0.0139153;0.00411391;1.01299;-0.00352168;0.00541008;1.0066;0.0228059;0.986691;1;3;1
399.531;491.06;2.39595;-0.744841;0.013164;0.00406517;0.000548592;0.0131969;0.00403222;1.0116;-0.000714123;-0.00153174;1.00743;0.0208913;0.990081;1;3;1
422.531;491.06;2.64403;-0.702118;0.0114021;0.00359608;0.000483156;0.0114319;0.00356629;1.01036;-9.75273e-05;0.0016144;1.00615;0.021748;0.988288;1;3;1
445.531;491.06;2.91748;-0.744494;0.0108645;0.00385309;0.000436711;0.0108916;0.00382599;1.01265;0.0103948;-0.00253711;1.00706;0.0224487;0.987384;1;3;1
468.531;491.06;3.1411;-0.661846;0.0126394;0.00418653;0.000225186;0.0126454;0.00418054;1.01349;0.00311763;-0.00225451;1.00011;0.0186876;0.9922;1;3;1
491.531;491.06;3.49519;-0.658119;0.0150062;0.00564237;-0.000934496;0.0150986;0.00555002;1.01389;0.000518148;0.00234194;1.00579;0.0210024;0.989;1;3;1
514.531;491.06;3.82628;-0.637061;0.0131828;0.00375451;0.000685165;0.0132323;0.00370497;1.01241;0.00613751;-0.00254985;1.0063;0.0203548;0.992644;1;3;1
537.531;491.06;4.09765;-0.642867;0.0111072;0.00463171;0.00126394;0.0113452;0.00439374;1.01205;0.00258776;0.00111417;1.0062;0.0212396;0.98345;1;3;1
560.531;491.06;4.33434;-0.559053;0.013561;0.00513271;0.00124509;0.0137411;0.00495262;1.0128;-0.00392465;-0.00687969;1.00536;0.0250335;0.977736;1;4;1
583.531;491.06;4.71715;-0.533208;0.0134838;0.00408785;-1.93977e-05;0.0134838;0.00408781;1.00982;0.0021039;0.00200859;1.00567;0.0227278;0.987465;1;3;1
606.531;491.06;4.95046;-0.576596;0.0120474;0.00208248;0.000129107;0.0120491;0.00208081;1.01228;0.0061466;0.00131062;0.998528;0.0221642;0.988941;1;3;1
629.531;491.06;5.26803;-0.528766;0.0137614;0.0044987;0.0012918;0.0139382;0.00432192;1.01233;0.00581687;-0.003835;1.00516;0.0204068;0.986784;1;3;1
652.531;491.06;5.57911;-0.489988;0.01438;0.00482633;-0.000427955;0.0143992;0.0048072;1.01388;0.0047945;-0.000422893;1.00686;0.0253448;0.990851;1;3;1
675.531;491.06;5.92483;-0.522539;0.0119572;0.00397545;0.000335841;0.0119713;0.00396134;1.01243;-0.00280045;-0.00127772;1.00378;0.021629;0.987056;1;3;1
698.531;491.06;6.12588;-0.46558;0.0112542;0.00437051;0.00103982;0.0114079;0.00421687;1.01421;0.00253023;4.37878e-05;1.00399;0.020858;0.989229;1;3;1
721.531;491.06;6.4395;-0.407024;0.0145905;0.00291937;0.000391048;0.0146036;0.00290629;1.01321;0.00649297;0.000325097;1.00014;0.0216423;0.9859;1;3;1
744.531;491.06;6.79215;-0.384475;0.0143538;0.00288175;0.000318868;0.0143627;0.00287289;1.01548;-2.22602e-05;-0.00331958;1.00256;0.0210361;0.987957;1;3;1
767.531;491.06;7.0951;-0.390789;0.0116002;0.00621524;-0.000411243;0.0116315;0.00618401;1.00594;0.00249877;-0.000713645;1.00439;0.0209919;0.985719;1;3;1
790.531;491.06;7.3227;-0.403594;0.0126856;0.0041168;-0.000425916;0.0127067;0.00409569;1.01591;0.00519955;-5.3741e-05;1.00471;0.022417;0.988719;1;3;1
813.531;491.06;7.67496;-0.347244;0.0142864;0.00463203;-7.96716e-05;0.014287;0.00463137;1.01488;0.00211794;-0.0016973;1.00462;0.0295552;0.972653;1;2;1
836.531;491.06;7.97524;-0.384432;0.0124883;0.00511695;0.000147036;0.0124913;0.00511401;1.0096;0.00609476;0.00166539;1.0032;0.0210649;0.98642;1;3;1
859.531;491.06;8.24586;-0.297201;0.0123856;0.0066154;0.00158006;0.0127899;0.00621106;1.01416;0.00152251;-0.00734421;0.999244;0.023207;0.984473;1;3;1
882.531;491.06;8.54142;-0.30367;0.0151811;0.00316342;0.000119575;0.0151822;0.00316223;1.01064;-0.00377608;0.00185223;1.0005;0.0220415;0.989103;1;4;1
905.531;491.06;8.93894;-0.338626;0.0149814;0.00460458;-0.000514061;0.0150068;0.00457918;1.0187;0.00533653;0.00230821;1.00626;0.0202739;0.991623;1;4;1
928.531;491.06;9.22548;-0.291697;0.0112972;0.00633164;0.000926953;0.0114646;0.00616424;1.01081;-0.00232501;-0.000882518;1.00239;0.0240213;0.987932;1;3;1
951.531;491.06;9.45563;-0.251566;0.0134904;0.00484796;0.00119594;0.0136529;0.00468552;1.01401;-0.00228288;0.00014323;1.00415;0.0219478;0.988443;1;3;1
974.531;491.06;9.84179;-0.187402;0.0150634;0.00291595;0.00112177;0.0151661;0.00281323;1.01116;-0.00125382;-0.00448258;1.00486;0.0233805;0.985229;1;3;1
997.531;491.06;10.1433;-0.179523;0.0122859;0.00549113;-0.000509858;0.0123239;0.00545309;1.01441;0.000655548;-0.00241126;1.00562;0.0234623;0.983116;1;3;1
1020.53;491.06;10.4035;-0.210257;0.011775;0.00543114;-0.00053359;0.0118195;0.00538657;1.01406;-0.00313677;0.000790428;1.00231;0.0211717;0.989226;1;3;1
1043.53;491.06;10.6818;-0.182893;0.0135921;0.00440123;-0.000152;0.0135946;0.00439872;1.00924;-0.000213951;-0.00144269;0.998554;0.0217291;0.992363;1;3;1
1066.53;491.06;11.0245;-0.165183;0.0147512;0.00375594;0.000829445;0.0148134;0.00369372;1.02434;0.00168196;0.0058779;1.00423;0.0207436;0.98781;1;3;1
1089.53;491.06;11.3554;-0.10901;0.0143223;0.00589749;5.38268e-05;0.0143226;0.00589715;1.01014;0.00254357;-0.00568595;1.00657;0.0260435;0.981203;1;3;1
1112.53;491.06;11.6786;-0.0813122;0.0122744;0.0031216;6.03615e-05;0.0122748;0.0031212;1.00995;0.00275396;-0.00430915;1.00192;0.0235037;0.986615;1;4;1
1135.53;491.06;11.9166;-0.100545;0.0118607;0.00541434;-0.000168228;0.0118651;0.00540995;1.01154;-0.00377466;0.00802801;1.00304;0.0246983;0.985728;1;3;1
1158.53;491.06;12.221;-0.0601592;0.0150044;0.00425368;0.000674678;0.0150466;0.00421151;1.01639;0.00561308;-0.00564315;1.00406;0.0262451;0.977544;1;4;1
1181.53;491.06;12.6016;-0.0219792;0.0130149;0.00259263;-0.000332886;0.0130255;0.00258201;1.01575;0.00871289;0.000690874;1.01138;0.0224622;0.985103;1;3;1
1204.53;491.06;12.8158;0.0131581;0.0120762;0.00473288;-0.000878867;0.01218;0.00462916;1.01394;0.000942605;0.00116634;1.00362;0.0214899;0.987727;1;3;1
1227.53;491.06;13.1538;0.00645167;0.0129481;0.00636413;-0.000667025;0.013015;0.00629723;1.00982;0.00390016;-0.0015443;1.00577;0.0226517;0.983383;1;2;1
1250.53;491.06;13.4076;0.0191612;0.0116049;0.00435077;0.000966212;0.0117314;0.00422428;1.01329;0.00223926;-0.000893006;1.00507;0.0259128;0.980129;1;2;1
1273.53;491.06;13.6843;0.164896;0.0121239;0.0035988;0.000860554;0.0122099;0.0035128;1.01315;0.0106669;-0.00437303;0.998979;0.0374129;0.967227;1;3;1
31.5305;468.06;-1.88664;-1.06521;0.0105246;0.00336408;0.00107294;0.0106819;0.00320676;1.01334;-0.00251606;0.00049786;1.00657;0.0187172;0.992259;1;3;1
54.5305;468.06;-1.64583;-1.07755;0.0103694;0.00404471;0.000961186;0.0105122;0.00390186;1.01074;-0.00202502;-0.000463058;1.00587;0.0221135;0.990383;1;3;1
77.5306;468.06;-1.41209;-1.05577;0.0104699;0.00201895;-0.000126863;0.0104719;0.00201705;1.00647;-0.00352058;0.000399192;1.00256;0.023975;0.989857;1;3;1
100.531;468.06;-1.16671;-1.07438;0.0111754;0.00280976;0.00127902;0.0113665;0.00261858;1.01761;-0.00370418;-0.0072672;1.00433;0.0258787;0.989645;1;3;1
123.531;468.06;-0.90097;-0.958156;0.0113197;0.00507652;0.00142476;0.0116295;0.00476674;1.0037;-0.00284818;0.00428576;1.00769;0.0251434;0.987309;1;3;1
146.531;468.06;-0.649085;-0.950438;0.0100173;0.000577361;-0.00107533;0.0101382;0.000456415;1.00972;0.00448457;0.00129391;1.0015;0.0216992;0.988347;1;3;1
169.531;468.06;-0.442471;-0.987931;0.0121363;0.00357664;-0.000126908;0.0121382;0.00357476;1.00953;0.00364829;-0.000171585;1.00555;0.0192456;0.992695;1;3;1
192.531;468.06;-0.094163;-0.962055;0.0136244;0.0043504;0.00130772;0.0138053;0.00416953;1.01657;-0.00529935;-0.00595131;1.00669;0.0204085;0.990431;1;3;1
215.531;468.06;0.179991;-0.920799;0.0105548;0.003357;-0.00072734;0.0106275;0.00328423;1.01181;-3.05963e-05;0.00256309;1.00526;0.025313;0.986512;1;3;1
238.531;468.06;0.388819;-0.975693;0.00987868;0.00124024;-0.000178352;0.00988236;0.00123656;1.00983;-0.00509671;0.00144269;0.999625;0.0228574;0.99037;1;3;1
261.531;468.06;0.632174;-0.956291;0.0130246;0.00287273;0.000878707;0.0131001;0.00279724;1.01731;0.00215948;-0.00406121;1.00384;0.0267835;0.985331;1;4;1
284.531;468.06;0.98408;-0.931535;0.0136284;0.00420921;0.00123389;0.0137874;0.00405025;1.00928;0.000959607;-0.000117167;1.0103;0.0207678;0.990232;1;3;1
307.531;468.06;1.25481;-0.880834;0.0118547;0.00266584;0.00115596;0.0119979;0.00252265;1.01311;-0.00295458;-0.00108088;1.00354;0.0223302;0.990809;1;3;1
330.531;468.06;1.52609;-0.826755;0.0111106;0.00387582;-0.00151864;0.0114165;0.00356997;1.00818;0.00205004;-0.000854653;1.006;0.0237161;0.986557;1;3;1
353.531;468.06;1.76309;-0.891316;0.01128;0.00420059;-0.000318378;0.0112943;0.0041863;1.00805;0.00258456;0.00196491;1.00428;0.0238273;0.986067;1;3;1
376.531;468.06;2.042;-0.906635;0.0128599;0.00394218;0.000578097;0.0128972;0.00390486;1.0155;0.00170746;-0.0016121;1.00122;0.0207556;0.986069;1;3;1
399.531;468.06;2.35082;-0.816153;0.0129054;0.00437417;0.00205082;0.0133728;0.00390678;1.01447;-0.00728895;0.00103971;0.997445;0.0204892;0.992343;1;3;1
422.531;468.06;2.63175;-0.799602;0.0114838;0.00491455;0.000362012;0.0115036;0.00489466;1.0134;0.00137697;-0.000204597;1.00206;0.019224;0.993877;1;3;1
445.531;468.06;2.87607;-0.795058;0.0110921;0.0023288;8.95074e-05;0.011093;0.00232789;1.00713;-0.00422144;0.00139728;1.0008;0.02056;0.989961;1;3;1
468.531;468.06;3.13918;-0.773999;0.0148788;0.00398735;-0.000428632;0.0148957;0.00397051;1.01971;0.000379531;-0.00174552;1.00584;0.023384;0.985553;1;3;1
491.531;468.06;3.55548;-0.77819;0.0131915;0.00330729;0.000972251;0.0132863;0.00321256;1.00746;-0.00125351;0.0013938;1.0043;0.0211;0.990624;1;3;1
514.531;468.06;3.742;-0.71864;0.010302;0.00375607;0.000949863;0.010437;0.00362102;1.00928;-0.00421785;-0.00487942;1.00291;0.0247341;0.988106;1;4;1
537.531;468.06;4.02694;-0.73775;0.014464;0.00249431;-4.95883e-05;0.0144642;0.00249411;1.01957;0.000609828;0.00362789;1.0033;0.0222239;0.983471;1;4;1
560.531;468.06;4.4026;-0.716729;0.0130255;0.0049687;0.000763334;0.0130972;0.00489702;1.00994;0.00215943;-0.00176319;1.0034;0.0217841;0.990671;1;3;1
583.531;468.06;4.62222;-0.68001;0.0121016;0.00421646;0.00215943;0.0126542;0.00366381;1.0146;-0.00130538;-0.00277778;1.00247;0.0221859;0.984177;1;3;1
606.531;468.06;4.95584;-0.618395;0.0128372;0.00366331;0.000256917;0.0128444;0.00365613;1.00864;-0.00406346;-0.00329791;1.00398;0.0213867;0.990705;1;3;1
629.531;468.06;5.20899;-0.684736;0.0129085;0.00505167;0.000210252;0.0129141;0.00504605;1.01611;-0.00538799;0.00652932;1.00512;0.0205718;0.989382;1;3;1
652.531;468.06;5.54585;-0.606607;0.0141234;0.00379689;0.001255;0.0142738;0.00364655;1.01421;-0.00065738;-0.00685599;1.00262;0.0216088;0.986651;1;3;1
675.531;468.06;5.85403;-0.580135;0.0125925;0.00522767;0.000669878;0.0126529;0.00516723;1.01132;0.00532015;-0.0036653;0.999689;0.0235361;0.984632;1;3;1
698.531;468.06;6.12149;-0.580787;0.0138362;0.00580927;-0.00100144;0.0139593;0.00568621;1.01874;0.00383586;-0.00187698;1.01016;0.0257124;0.976094;1;3;1
721.531;468.06;6.48614;-0.545044;0.0141719;0.00665801;-0.000144868;0.0141747;0.00665522;1.01317;0.00101512;-0.00415102;1.00882;0.0216236;0.988064;1;3;1
744.531;468.06;6.76877;-0.498921;0.0127056;0.00627054;-0.000521695;0.0127477;0.00622852;1.01448;-0.000621726;0.000327966;1.00475;0.0211648;0.986843;1;3;1
767.531;468.06;7.06693;-0.55408;0.0131441;0.00645656;0.000269849;0.0131549;0.00644569;1.00944;-0.00362342;-0.00338779;1.01148;0.0214695;0.9843;1;3;1
790.531;468.06;7.36948;-0.490618;0.0130144;0.00591217;0.000732768;0.0130892;0.00583735;1.01649;-0.00323307;-0.00154916;1.00472;0.0245105;0.981535;1;3;1
813.531;468.06;7.66168;-0.473125;0.0130682;0.00540911;0.000802488;0.0131514;0.00532594;1.00883;-0.0042813;0.000144141;1.00923;0.0218692;0.985889;1;3;1
836.531;468.06;7.96672;-0.443856;0.0117808;0.00518156;4.91918e-05;0.0117812;0.00518119;1.01334;-0.00465315;-0.00231479;1.00576;0.0268395;0.980014;1;3;1
859.531;468.06;8.20043;-0.500596;0.0133616;0.00588201;0.000358227;0.0133787;0.00586489;1.00682;-0.00523824;0.00166332;1.00773;0.0245531;0.987486;1;3;1
882.531;468.06;8.57726;-0.386837;0.0160813;0.00720778;-0.000113011;0.0160827;0.00720634;1.02358;0.00688141;-0.00341868;1.00874;0.0228675;0.984927;1;4;1
905.531;468.06;8.93419;-0.392888;0.0126522;0.00406299;-0.000228356;0.0126583;0.00405693;1.00871;-0.000460152;0.00103568;1.00121;0.0231631;0.987906;1;4;1
928.531;468.06;9.15563;-0.380286;0.0121515;0.00441252;0.000198851;0.0121566;0.00440741;1.01354;0.00283824;-0.0010653;1.00642;0.0206303;0.989467;1;3;1
951.531;468.06;9.4898;-0.381814;0.0134972;0.00470809;0.000202394;0.0135019;0.00470343;1.00687;0.000622415;0.00223401;1.00522;0.0208913;0.990022;1;3;1
974.531;468.06;9.77231;-0.305292;0.0142074;0.00639155;0.000785871;0.0142856;0.00631331;1.01731;0.0055439;-0.00635384;1.00085;0.0239703;0.984686;1;3;1
997.531;468.06;10.1387;-0.303613;0.0145081;0.00563772;0.000336726;0.0145209;0.00562496;1.0105;4.53036e-05;0.00293631;1.00456;0.0198855;0.989418;1;3;1
1020.53;468.06;10.4349;-0.281557;0.0132805;0.00391529;0.000571516;0.0133152;0.00388054;1.0114;0.00112528;-0.00518951;1.00369;0.0220681;0.984707;1;3;1
1043.53;468.06;10.7455;-0.22007;0.0134958;0.00592875;-0.00045229;0.0135228;0.00590181;1.01347;0.00420049;-0.000839914;1.00552;0.0232871;0.982216;1;3;1
1066.53;468.06;11.0515;-0.223735;0.0138804;0.0055157;-0.00144876;0.0141242;0.00527189;1.01277;-0.000225671;0.00528842;1.00655;0.0229687;0.97952;1;4;1
1089.53;468.06;11.3796;-0.239644;0.0133676;0.00316298;-3.38535e-05;0.0133677;0.00316286;1.0141;0.00212817;-0.00115434;1.00552;0.0218448;0.988879;1;3;1
1112.53;468.06;11.6623;-0.154879;0.0133119;0.00424481;-0.000607527;0.0133525;0.00420428;1.00887;0.00114687;-0.00605569;1.00672;0.0276412;0.984278;1;2;1
1135.53;468.06;11.988;-0.239281;0.0130111;0.00544552;-0.000866446;0.0131091;0.00534756;1.01389;0.00718311;0.00696795;1.00824;0.0279538;0.982763;1;4;1
1158.53;468.06;12.257;-0.162922;0.0123365;0.00359205;0.0012142;0.0125019;0.00342659;1.01537;0.00542919;-0.0055483;1.00325;0.0245702;0.986675;1;3;1
1181.53;468.06;12.5516;-0.0473965;0.0140717;0.00426437;0.000893705;0.0141525;0.00418359;1.01088;0.00198556;-0.00351239;0.997198;0.0281767;0.98395;1;4;1
1204.53;468.06;12.8998;-0.14709;0.0131553;0.00628825;-0.00300557;0.014285;0.00515861;1.00875;-0.00369889;0.0049464;1.00316;0.0218857;0.986733;1;3;1
1227.53;468.06;13.1527;-0.161119;0.0122606;0.00422168;0.000369721;0.0122776;0.00420471;1.01286;-0.00833236;-0.00354229;1.00583;0.026988;0.973863;1;3;1
1250.53;468.06;13.4604;-0.0900009;0.0149508;0.00139895;0.00109407;0.0150386;0.00131119;1.01618;0.0084468;-0.0042553;1.00494;0.0289365;0.975339;1;3;1
1273.53;468.06;13.8349;0.0489487;0.0164343;0.00558321;0.000556109;0.0164627;0.00555478;1.01471;0.0090987;-0.00357114;1.01034;0.0411796;0.963102;1;3;1
31.5305;445.06;-1.98811;-1.15195;0.011528;0.00262243;0.000445898;0.0115502;0.00260016;1.00678;-0.00121769;0.00408271;1.00263;0.0218781;0.988227;1;3;1
54.5305;445.06;-1.72448;-1.14391;0.0136246;0.00316025;0.00171674;0.0138991;0.00288581;1.0146;-0.00109065;-0.00433038;1.00281;0.021581;0.986863;1;3;1
77.5306;445.06;-1.36562;-1.09886;0.0117015;0.00343601;0.000757148;0.0117703;0.00336722;1.01663;0.0026892;4.7703e-05;1.00232;0.0240642;0.985486;1;3;1
100.531;445.06;-1.18934;-1.09566;0.00988465;0.00219283;-0.00044497;0.0099103;0.00216717;1.00917;0.00414229;-0.000236728;1.00465;0.0218431;0.989033;1;3;1
123.531;445.06;-0.913155;-1.12616;0.0129132;0.00482827;0.00138248;0.0131431;0.00459841;1.01269;-0.00559779;-0.000700233;1.00834;0.0237414;0.991272;1;3;1
146.531;445.06;-0.599218;-1.00076;0.0112061;0.00391958;0.000533457;0.011245;0.00388074;1.00718;-0.00201811;-0.00128943;1.00749;0.028231;0.986641;1;3;1
169.531;445.06;-0.400605;-1.04249;0.0101588;0.00360972;-0.00125875;0.0103924;0.00337612;1.01281;0.000499744;0.00260937;1.00291;0.0231487;0.984752;1;3;1
192.531;445.06;-0.134287;-1.0465;0.0132259;0.00423973;0.00054241;0.0132586;0.00420711;1.01488;-0.000923111;-0.00375636;1.00415;0.0266891;0.989536;1;3;1
215.531;445.06;0.203783;-0.986622;0.0113666;0.00348145;0.0017904;0.0117541;0.00309397;1.00849;-0.00121292;-0.000920794;1.00076;0.0263517;0.985555;1;3;1
238.531;445.06;0.385498;-0.931805;0.0111401;0.00391388;0.000124359;0.0111422;0.00391174;1.01521;0.00274425;-0.00155946;1.00697;0.0252193;0.984355;1;3;1
261.531;445.06;0.713385;-0.94416;0.0121668;0.00349813;-0.00106588;0.0122959;0.00336899;1.00951;-0.000582353;0.000922253;1.00419;0.0220537;0.993879;1;3;1
284.531;445.06;0.941765;-0.994458;0.010903;0.00135132;0.000155131;0.0109056;0.0013488;1.0117;0.00024975;-0.00435007;0.998528;0.0225939;0.992291;1;3;1
307.531;445.06;1.21218;-0.883213;0.0138162;0.00405909;0.000411797;0.0138336;0.00404174;1.01889;-0.00174126;0.00150289;1.00245;0.0223064;0.989492;1;3;1
330.531;445.06;1.57294;-0.929397;0.0108843;0.00539777;-0.000376791;0.0109101;0.00537201;1.00364;0.0039752;0.00197717;1.00807;0.021214;0.989442;1;3;1
353.531;445.06;1.71012;-0.947553;0.0107424;0.00432039;-0.000365713;0.0107632;0.00429963;1.01131;-0.00168003;-0.00360935;1.0022;0.0220503;0.987808;1;3;1
376.531;445.06;2.06446;-0.942603;0.0132537;0.00287827;-0.000780899;0.0133121;0.00281983;1.01269;0.00288284;0.00377736;1.00388;0.0195121;0.990196;1;3;1
399.531;445.06;2.3158;-0.945546;0.0124155;0.00355352;0.000252059;0.0124226;0.00354636;1.0112;0.00705008;0.000543164;1.00842;0.0218222;0.989846;1;3;1
422.531;445.06;2.63206;-0.927633;0.0135475;0.00336377;0.000931078;0.0136319;0.00327934;1.01615;0.00489848;-0.00342256;1.00173;0.0211217;0.989179;1;3;1
445.531;445.06;2.93472;-0.851492;0.0123505;0.00458811;0.000707416;0.0124145;0.00452417;1.01127;0.00598616;-0.000834168;1.00561;0.0222282;0.988405;1;3;1
468.531;445.06;3.19665;-0.844866;0.0115225;0.00405429;1.92603e-05;0.0115226;0.00405424;1.01149;0.00122916;-0.00191057;1.00484;0.0196197;0.989044;1;3;1
491.531;445.06;3.46172;-0.809992;0.0127613;0.00246897;0.00102996;0.0128634;0.00236692;1.00759;0.000549442;0.00475867;1.00104;0.0208578;0.989277;1;3;1
514.531;445.06;3.77996;-0.809494;0.0140615;0.00480252;-0.00032167;0.0140726;0.00479136;1.01714;0.000485965;-0.00419061;1.00516;0.0225092;0.987497;1;4;1
537.531;445.06;4.10403;-0.757463;0.0118595;0.00338415;-0.00078106;0.0119309;0.00331277;1.01148;0.00345457;-0.00424524;1.00065;0.0224653;0.98898;1;3;1
560.531;445.06;4.32229;-0.787047;0.0112451;0.00263981;0.000307377;0.011256;0.00262884;1.00889;0.000237761;0.00195097;1.00455;0.02752;0.978365;1;3;1
583.531;445.06;4.61842;-0.726652;0.0131322;0.00408978;-0.000462218;0.0131557;0.00406621;1.0198;0.0027913;-0.00268009;1.00396;0.0238726;0.98072;1;3;1
606.531;445.06;4.92244;-0.744793;0.0140588;0.00505372;-0.000707978;0.0141142;0.0049984;1.01135;-4.05721e-05;-0.00275869;1.00543;0.0235519;0.988695;1;3;1
629.531;445.06;5.26063;-0.760559;0.0141514;0.0039501;0.000382082;0.0141656;0.00393581;1.01762;0.00315177;0.00158779;1.00216;0.0232543;0.986018;1;3;1
652.531;445.06;5.56879;-0.664313;0.0137665;0.00464119;-0.000956917;0.0138658;0.00454192;1.01057;0.00326811;-0.00169595;1.00273;0.023357;0.978885;1;3;1
675.531;445.06;5.88959;-0.762373;0.0149545;0.00689865;-0.00125666;0.015146;0.00670717;1.01451;-0.00245898;0.000660065;1.01488;0.0228287;0.987073;1;4;1
698.531;445.06;6.25158;-0.731864;0.0141055;0.00601993;-0.000286847;0.0141156;0.00600977;1.01794;-0.00154061;0.00165516;1.00604;0.0225491;0.984264;1;4;1
721.531;445.06;6.53391;-0.712183;0.0126667;0.00629551;0.00070691;0.0127442;0.00621802;1.01127;0.000140642;-0.00736964;1.00495;0.024046;0.983537;1;3;1
744.531;445.06;6.83057;-0.672005;0.0119167;0.00600604;0.000265991;0.0119287;0.0059941;1.01265;0.00571663;0.00998721;1.00503;0.0283593;0.975655;1;4;1
767.531;445.06;7.07884;-0.686835;0.0110598;0.00354512;-0.000660283;0.0111174;0.00348755;1.00815;0.00532356;-0.0067359;0.997925;0.0237579;0.98276;1;4;1
790.531;445.06;7.33654;-0.674752;0.0124623;0.00509383;8.04657e-07;0.0124623;0.00509383;1.01666;0.0034906;0.00510795;1.00585;0.0258008;0.984792;1;3;1
813.531;445.06;7.64849;-0.595386;0.0132819;0.00303549;-2.09083e-05;0.013282;0.00303544;1.0133;0.00517595;-0.000727127;1.00383;0.0282791;0.979347;1;4;1
836.531;445.06;7.94347;-0.622158;0.0136011;0.00509223;-0.000112335;0.0136026;0.00509075;1.01395;0.00129921;0.00147512;1.00552;0.0273239;0.979966;1;3;1
859.531;445.06;8.26993;-0.566975;0.0156635;0.00354317;-0.00159584;0.01587;0.00333657;1.01628;0.0064012;-0.000478849;1.00125;0.0269279;0.983683;1;3;1
882.531;445.06;8.65843;-0.633893;0.0152509;0.00710487;-0.000282413;0.0152607;0.00709509;1.01398;-0.00338305;-0.00994771;1.0089;0.0260833;0.983747;1;4;1
905.531;445.06;8.96619;-0.525137;0.0122517;0.00725491;0.00205867;0.0129906;0.00651601;1.00833;-0.00040884;-0.00286538;1.00695;0.0284347;0.98117;1;3;1
928.531;445.06;9.21839;-0.494226;0.011928;0.00504074;0.000566276;0.0119742;0.00499449;1.0176;-0.00181644;0.00342554;1.00572;0.02235;0.987021;1;3;1
951.531;445.06;9.51161;-0.467596;0.013783;0.003114;-6.23946e-05;0.0137834;0.00311364;1.0142;0.00129323;-0.00705295;1.00279;0.0221109;0.986877;1;4;1
974.531;445.06;9.8481;-0.480479;0.0136736;0.0048391;0.00044447;0.0136959;0.00481679;1.01465;-0.00377255;-0.00079761;1.00751;0.0249903;0.981597;1;3;1
997.531;445.06;10.1363;-0.438131;0.0128286;0.00586273;0.000685464;0.0128954;0.00579592;1.0043;-0.00257032;-0.0044358;1.00514;0.0234792;0.989714;1;3;1
1020.53;445.06;10.4344;-0.389999;0.0140972;0.00511243;-0.000517238;0.0141269;0.00508275;1.02012;0.00518318;0.00360118;1.00686;0.0231175;0.983119;1;3;1
1043.53;445.06;10.7803;-0.454707;0.0153819;0.00571127;-0.00112093;0.0155101;0.00558304;1.01371;0.00434976;0.000293974;1.00963;0.0242151;0.980959;1;3;1
1066.53;445.06;11.1366;-0.418074;0.0141593;0.0052754;0.00210508;0.0146329;0.00480183;1.0112;0.0044699;-0.00929854;1.00625;0.0200916;0.990869;1;3;1
1089.53;445.06;11.4267;-0.254222;0.0130796;0.00440054;0.00182315;0.013447;0.00403312;1.01562;-0.00270585;-0.00204319;1.00142;0.0215313;0.987779;1;3;1
1112.53;445.06;11.7341;-0.276127;0.0122649;0.00634547;-0.00182119;0.0127803;0.00583004;1.00868;0.00173301;0.0044032;1.0078;0.0210564;0.987382;1;3;1
1135.53;445.06;11.9873;-0.350307;0.0123973;0.00456455;0.000978011;0.0125175;0.00444428;1.01146;-0.00227703;-0.00181798;1.00157;0.0259074;0.983934;1;4;1
1158.53;445.06;12.3009;-0.225029;0.0120083;0.0050635;5.07148e-05;0.0120087;0.00506312;1.01655;-0.00154372;-0.00595859;1.00503;0.0264717;0.981455;1;3;1
1181.53;445.06;12.5362;-0.217677;0.0147795;0.00679711;-0.00164034;0.0151035;0.00647317;1.01035;-0.00243734;0.00428452;1.006;0.0304952;0.975761;1;4;1
1204.53;445.06;12.9758;-0.274921;0.0140238;0.00422738;0.000336007;0.0140353;0.00421587;1.0234;-0.00378984;-0.00226094;0.997334;0.0286086;0.979984;1;4;1
1227.53;445.06;13.1769;-0.187332;0.0118188;0.00235897;0.00151465;0.0120554;0.00212237;1.01219;0.00925732;-0.00512384;0.997221;0.0294779;0.979633;1;3;1
1250.53;445.06;13.5157;-0.0450188;0.0160437;0.00478452;-0.000116755;0.0160449;0.00478331;1.0075;-0.0012992;-0.00481269;0.997807;0.0407887;0.945894;1;4;1
1273.53;445.06;13.9089;-0.090673;0.0172457;0.00691872;-0.00374541;0.0184611;0.00570336;1.02396;0.000556092;-0.00857038;1.01186;0.042315;0.962615;1;3;1
31.5305;422.06;-1.91124;-1.18567;0.00707523;0.00319322;-0.00118081;0.00740618;0.00286227;1.00063;0.00470616;0.00156888;0.996431;0.0256864;0.985623;1;3;1
54.5305;422.06;-1.74911;-1.22257;0.0104488;0.00325498;-0.000494361;0.0104826;0.00322117;1.01051;0.00282558;0.00160647;1.00473;0.0225708;0.989216;1;3;1
77.5306;422.06;-1.43309;-1.21355;0.0130377;0.00370615;0.00117682;0.0131838;0.00356003;1.01081;0.00024182;0.000142337;1.00338;0.0231468;0.984738;1;3;1
100.531;422.06;-1.15326;-1.17514;0.0109443;0.00375049;-0.000326576;0.0109591;0.0037357;1.00996;0.000524792;-0.00114914;1.00125;0.024853;0.98515;1;3;1
123.531;422.06;-0.932396;-1.17971;0.0117802;0.00141617;5.18389e-05;0.0117804;0.00141591;1.01224;0.00795808;0.000367495;1.00027;0.0242025;0.987367;1;3;1
146.531;422.06;-0.614552;-1.13037;0.0122288;0.00385841;0.000748571;0.0122952;0.00379199;1.01102;-0.000461764;-0.00377424;0.999326;0.0201172;0.988941;1;3;1
169.531;422.06;-0.373276;-1.15363;0.0115116;0.0028673;-0.00110358;0.0116502;0.00272864;1.01248;0.00392544;0.00116075;0.999949;0.0203588;0.986721;1;3;1
192.531;422.06;-0.0880405;-1.15667;0.0110223;0.00360318;-2.90364e-05;0.0110224;0.00360307;1.00963;0.00915826;-0.00278003;1.00268;0.0258331;0.983884;1;4;1
215.531;422.06;0.130928;-1.08064;0.011098;0.00432672;0.00101752;0.0112476;0.00417712;1.01198;-0.00228852;2.99988e-05;0.99488;0.0257469;0.98129;1;3;1
238.531;422.06;0.419664;-1.15537;0.0117207;0.00443948;-0.000703753;0.0117881;0.00437209;1.01573;0.00233346;0.00234937;1.0002;0.0261155;0.984649;1;3;1
261.531;422.06;0.666943;-1.11691;0.0133698;0.00485742;0.00199973;0.0138161;0.00441105;1.0137;0.00361974;-0.00636528;1.00752;0.0233014;0.986951;1;3;1
284.531;422.06;1.03034;-0.993631;0.013458;0.00274402;6.99192e-05;0.0134585;0.00274357;1.014;0.00493004;3.45418e-05;1.00212;0.0226885;0.989602;1;3;1
307.531;422.06;1.28187;-1.06717;0.0101844;0.00551407;-0.00132071;0.010532;0.00516645;1.00275;0.00206613;0.00308694;1.00856;0.0254153;0.988257;1;4;1
330.531;422.06;1.49638;-1.07438;0.0109591;0.00381676;0.000374778;0.0109787;0.00379715;1.01082;-0.00152385;0.000417951;0.997571;0.0217455;0.988629;1;4;1
353.531;422.06;1.78325;-1.08962;0.0135367;0.00282012;-0.000802502;0.0135965;0.00276036;1.01577;0.00670375;0.00332223;1.00394;0.0238194;0.98567;1;4;1
376.531;422.06;2.1149;-1.03879;0.01224;0.00230185;0.0010875;0.0123576;0.00218424;1.00894;0.00182933;-0.000992393;1.00127;0.0224736;0.987177;1;4;1
399.531;422.06;2.34276;-0.979324;0.0114896;0.00261077;0.000316123;0.0115008;0.00259953;1.01359;-0.00118566;-0.00298856;1.00005;0.023303;0.987255;1;3;1
422.531;422.06;2.64034;-0.954075;0.0120537;0.00301917;-0.000509994;0.0120824;0.00299047;1.01119;-0.00154846;0.000466488;1.00304;0.0202494;0.990376;1;3;1
445.531;422.06;2.89392;-1.00563;0.0117702;0.00344512;-4.13653e-05;0.0117704;0.00344492;1.01217;-0.00156522;0.00217647;1.00128;0.0225148;0.989802;1;3;1
468.531;422.06;3.17862;-0.960102;0.0131978;0.00474346;0.000884186;0.0132893;0.00465198;1.01336;0.00157082;-0.00472876;1.00216;0.0191853;0.990132;1;3;1
491.531;422.06;3.49692;-0.891586;0.0141119;0.00352673;-0.00054962;0.0141403;0.00349826;1.0154;0.000340707;-0.00269486;1.00383;0.0233484;0.988498;1;3;1
514.531;422.06;3.82324;-0.938957;0.0136416;0.00405423;-0.000932398;0.0137315;0.00396439;1.01499;0.00285337;-0.00171274;1.00467;0.0203184;0.990134;1;3;1
537.531;422.06;4.12022;-0.893064;0.0127334;0.00484468;0.00129431;0.0129403;0.00463775;1.01527;-0.00419892;-0.00677611;1.00483;0.0212228;0.989351;1;3;1
560.531;422.06;4.40519;-0.838001;0.0128173;0.00342025;0.000139312;0.0128194;0.00341819;1.00711;0.00469056;0.00142172;1.00326;0.024921;0.983712;1;3;1
583.531;422.06;4.70608;-0.86768;0.0127166;0.00480408;-0.000762072;0.0127893;0.00473136;1.0153;0.00179256;-0.000434068;1.00461;0.0245979;0.986971;1;3;1
606.531;422.06;4.98647;-0.850271;0.0119824;0.00309905;-0.000607597;0.0120238;0.00305768;1.00811;0.00104539;0.00136791;1.00001;0.0252823;0.985309;1;3;1
629.531;422.06;5.254;-0.866061;0.0141076;0.00298227;0.000162149;0.01411;0.00297991;1.01401;0.00102897;-0.00246107;1.0031;0.022369;0.988781;1;3;1
652.531;422.06;5.6309;-0.81953;0.0141627;0.0061225;-0.00054109;0.0141989;0.00608625;1.01666;0.00350331;-0.000241202;1.00801;0.0208862;0.989527;1;3;1
675.531;422.06;5.90093;-0.896362;0.0123894;0.00272148;-0.000804851;0.012456;0.00265494;1.00852;0.00289108;0.00525186;0.993824;0.0231108;0.980403;1;3;1
698.531;422.06;6.19731;-0.856813;0.0126994;0.00256974;0.000568693;0.0127312;0.00253792;1.01369;0.00154284;-0.00754128;0.996894;0.0236823;0.983434;1;3;1
721.531;422.06;6.48139;-0.833731;0.0125243;0.00366201;0.00150389;0.0127725;0.00341376;1.01255;-0.000251055;0.00480021;1.00449;0.0241475;0.982214;1;4;1
744.531;422.06;6.76979;-0.774374;0.0140768;0.00386436;0.00208401;0.0144857;0.00345546;1.01702;-0.00704392;-0.00503348;1.00467;0.0242456;0.988202;1;4;1
767.531;422.06;7.12429;-0.716832;0.015122;0.000928941;2.52071e-06;0.015122;0.00092894;1.01255;0.00274219;-0.000635906;1.00857;0.0220054;0.986018;1;4;1
790.531;422.06;7.4602;-0.724251;0.0129407;0.00449526;0.000475133;0.0129674;0.00446861;1.01185;0.00823367;0.00131289;1.00151;0.0261516;0.98296;1;4;1
813.531;422.06;7.71564;-0.612514;0.0119162;0.00352974;-0.000600211;0.0119589;0.003487;1.01496;0.00408543;-0.0076446;1.00699;0.0309719;0.97204;1;4;1
836.531;422.06;8.00509;-0.677489;0.0135204;0.00275019;-0.000804454;0.0135802;0.00269044;1.01001;-0.000431738;0.00117825;1.00587;0.0266694;0.987847;1;3;1
859.531;422.06;8.3334;-0.663103;0.0139941;0.0040048;-0.000791423;0.0140564;0.00394248;1.01478;-0.00184159;0.00330786;1.0045;0.0220171;0.986173;1;3;1
882.531;422.06;8.64436;-0.712459;0.0120873;0.00186178;-0.000642973;0.0121276;0.00182151;1.01689;0.00371773;-0.0087277;1.00266;0.0243261;0.988308;1;3;1
905.531;422.06;8.88606;-0.725387;0.0113032;0.0043784;0.00147862;0.0116057;0.00407589;1.00943;0.000996667;-0.00507403;1.00494;0.0244101;0.988497;1;3;1
928.531;422.06;9.16129;-0.611578;0.013645;0.00503724;0.00251863;0.0143278;0.00435444;1.0122;-0.00326551;-0.00244284;1.00518;0.0253795;0.982095;1;4;1
951.531;422.06;9.50907;-0.524831;0.0131276;0.00387651;0.000899368;0.0132142;0.00378989;1.01492;0.00018236;-0.00427939;1.00497;0.0233905;0.981444;1;3;1
974.531;422.06;9.76117;-0.527353;0.0143901;0.00392536;-0.000850782;0.0144588;0.00385664;1.01868;0.00289005;0.00466191;1.00691;0.0242084;0.979897;1;4;1
997.531;422.06;10.1663;-0.572505;0.0154265;0.00303114;-0.000756629;0.0154725;0.00298513;1.00793;-0.00092752;-0.00513078;1.0043;0.0244681;0.990802;1;3;1
1020.53;422.06;10.4654;-0.516121;0.0142982;0.0027677;0.000204052;0.0143018;0.00276409;1.02122;-0.00400688;0.00117498;1.00712;0.0238932;0.985846;1;3;1
1043.53;422.06;10.8193;-0.481984;0.0129949;0.00308488;0.000222737;0.0129999;0.00307988;1.00748;-0.00157311;0.00225367;1.00421;0.0240162;0.985115;1;3;1
1066.53;422.06;11.0593;-0.465765;0.0117099;0.00210984;0.000908195;0.0117951;0.00202468;1.01411;-0.0124979;-0.00269119;0.999816;0.0238307;0.981031;1;3;1
1089.53;422.06;11.3548;-0.441619;0.0147385;0.00637573;-0.000957289;0.0148467;0.00626755;1.01546;0.000729184;-0.000153911;1.00712;0.0208809;0.987582;1;3;1
1112.53;422.06;11.7323;-0.445798;0.0130182;0.00503624;-0.0008439;0.0131064;0.00494799;1.01327;-3.84897e-05;-0.00293018;1.00104;0.020803;0.989843;1;4;1
1135.53;422.06;11.9498;-0.448757;0.0142701;0.00343306;-0.000706392;0.0143159;0.00338721;1.01369;0.00189774;-0.0035664;1.00118;0.0235742;0.984731;1;3;1
1158.53;422.06;12.3841;-0.395082;0.0153577;0.00616825;0.000113374;0.0153591;0.00616686;1.01651;0.00465744;0.00206997;1.00107;0.0255494;0.983384;1;4;1
1181.53;422.06;12.6508;-0.358902;0.0112647;0.00623885;-0.000545447;0.0113232;0.00618033;1.00577;0.00761611;-0.000565045;1.00687;0.0272887;0.976376;1;3;1
1204.53;422.06;12.8994;-0.34114;0.0129519;0.00518623;0.00152054;0.013239;0.00489912;1.01718;0.00548842;0.00334918;1.00527;0.0311069;0.971157;1;4;1
1227.53;422.06;13.2427;-0.269415;0.0146085;0.00580075;-0.00118688;0.0147656;0.00564362;1.01162;0.000523129;-0.00608005;1.01356;0.0331343;0.957401;1;4;1
1250.53;422.06;13.5665;-0.309443;0.0184398;0.00896939;-0.000477991;0.0184639;0.00894533;1.02083;0.000461342;0.000430545;1.00409;0.0313542;0.961914;1;4;1
1273.53;422.06;14.0833;-0.267553;0.0227211;0.00873558;-0.000307867;0.0227279;0.00872881;1.02475;-0.00688992;-0.00339246;1.00045;0.0468324;0.930024;1;3;1
31.5305;399.06;-1.95375;-1.29859;0.0107795;0.00316248;0.000245057;0.0107874;0.0031546;1.00738;-0.00116323;-0.00290672;1.00776;0.0223826;0.993265;1;4;1
54.5305;399.06;-1.70714;-1.29339;0.0115499;0.00246487;-0.00028459;0.0115588;0.00245596;1.00996;0.00121813;-0.00397089;1.00147;0.0230251;0.984824;1;3;1
77.5306;399.06;-1.4255;-1.26899;0.0127131;0.00151097;-5.76001e-05;0.0127134;0.00151068;1.01442;-0.0012086;0.00295613;1.00312;0.0233557;0.990873;1;3;1
100.531;399.06;-1.12602;-1.26782;0.0120721;0.00306577;0.000863364;0.0121541;0.00298375;1.01591;-0.00369509;-0.00283466;1.0059;0.0244458;0.98655;1;3;1
123.531;399.06;-0.873558;-1.19124;0.0105929;0.00248821;0.0001429;0.0105954;0.00248569;1.00739;0.00441914;-0.00224384;1.00025;0.0234682;0.988752;1;3;1
146.531;399.06;-0.641389;-1.17788;0.0119678;0.00329071;0.000206954;0.0119727;0.00328578;1.0125;0.00228505;0.00072443;1.00124;0.0256341;0.978283;1;3;1
169.531;399.06;-0.326298;-1.17414;0.0127369;0.00295108;-0.000860804;0.012812;0.00287593;1.01255;0.00119034;0.00212081;1.0064;0.0217351;0.990057;1;3;1
192.531;399.06;-0.0591902;-1.21189;0.00958427;0.00313511;-0.000271148;0.00959565;0.00312373;1.00911;-0.00197588;-0.00167121;1.00431;0.0234866;0.987254;1;3;1
215.531;399.06;0.112484;-1.18513;0.0103298;0.00368898;0.00125064;0.0105575;0.00346126;1.01126;0.00303167;0.00311648;1.01019;0.0242292;0.984727;1;4;1
238.531;399.06;0.413487;-1.13556;0.0126823;0.00216437;0.000455483;0.012702;0.00214468;1.01449;-0.00222543;-0.00106788;1.00045;0.0221353;0.989928;1;3;1
261.531;399.06;0.692214;-1.16706;0.0124935;0.00307624;-0.000120005;0.012495;0.00307471;1.00977;-0.00366765;-0.00204516;0.996405;0.0218988;0.992188;1;3;1
284.531;399.06;0.98464;-1.12049;0.0122455;0.00467377;0.000641914;0.0122996;0.00461974;1.01166;-0.00256548;-0.00164624;1.00391;0.0196767;0.991165;1;3;1
307.531;399.06;1.25209;-1.13615;0.0116297;0.00348206;0.000329367;0.011643;0.00346877;1.01195;0.00188407;0.00307494;1.00449;0.0218369;0.989859;1;4;1
330.531;399.06;1.51653;-1.1046;0.0123829;0.00220748;5.51769e-05;0.0123832;0.00220718;1.01352;0.00125723;-0.00117206;1.00765;0.0245064;0.982534;1;3;1
353.531;399.06;1.81818;-1.07697;0.0122114;0.00228797;0.00108931;0.0123296;0.0021698;1.012;-0.00393287;-0.00484539;1.0052;0.0234873;0.986041;1;3;1
376.531;399.06;2.07483;-1.04837;0.0120904;0.00136102;0.000402484;0.0121055;0.00134594;1.01224;-0.00437906;0.00801421;1.0013;0.025394;0.982256;1;3;1
399.531;399.06;2.37102;-1.06545;0.0126338;0.00246773;-0.000904611;0.0127137;0.00238786;1.00932;0.00144501;-0.00233588;1.00886;0.0244448;0.987819;1;3;1
422.531;399.06;2.65236;-1.0663;0.0122815;0.00434788;0.0012548;0.0124752;0.00415414;1.01412;0.00232517;-0.000685293;1.0071;0.0195224;0.992305;1;2;1
445.531;399.06;2.93251;-1.0097;0.0126242;0.00358201;-0.000375409;0.0126397;0.00356645;1.00989;0.00250392;0.00223216;1.00649;0.0226153;0.987383;1;3;1
468.531;399.06;3.22945;-1.06254;0.0131291;0.00371751;-0.000683682;0.0131785;0.00366811;1.00973;-0.000676784;-0.00221676;1.00098;0.0202512;0.991133;1;3;1
491.531;399.06;3.53251;-0.971882;0.0138715;0.00512748;0.000650697;0.0139196;0.00507932;1.01974;-0.000223046;-0.00550556;1.00491;0.0241388;0.984564;1;3;1
514.531;399.06;3.86313;-0.995537;0.0121184;0.00289905;-0.000124003;0.0121201;0.00289738;1.01222;-0.00252921;0.000743376;0.999206;0.0215103;0.988152;1;3;1
537.531;399.06;4.08662;-0.979777;0.0103067;0.00478084;0.000836614;0.0104306;0.00465696;1.00773;-0.00171853;-0.000800923;1.01203;0.020189;0.991543;1;3;1
560.531;399.06;4.33479;-0.944108;0.0128835;0.00400052;0.000570931;0.01292;0.00396398;1.01658;-0.0044272;-6.58621e-05;1.00363;0.0252423;0.982062;1;4;1
583.531;399.06;4.67548;-0.947077;0.0141097;0.00417792;0.000844634;0.0141811;0.00410661;1.01059;-0.00306919;0.000371495;1.00462;0.022296;0.987321;1;3;1
606.531;399.06;4.97928;-0.887094;0.0131478;0.0031719;0.000169138;0.0131506;0.00316904;1.0113;0.00474189;-0.00540623;1.00285;0.0210383;0.989291;1;3;1
629.531;399.06;5.27633;-0.897537;0.0133172;0.00247736;-0.00109641;0.013427;0.00236758;1.01458;-0.00144761;0.00598266;1.00372;0.0248538;0.981337;1;4;1
652.531;399.06;5.58782;-0.945087;0.0142189;0.00389395;0.000567884;0.01425;0.00386281;1.0138;-0.00362842;0.000402446;0.997928;0.0227663;0.98774;1;3;1
675.531;399.06;5.92581;-0.887377;0.014764;0.00283209;0.000767023;0.0148131;0.00278298;1.01241;0.000899525;-0.00165192;1.00272;0.0206991;0.990754;1;4;1
698.531;399.06;6.26192;-0.849919;0.0120976;0.00212781;-0.000558347;0.0121287;0.00209664;1.01425;0.00304663;0.00225495;1.00272;0.0287386;0.977828;1;3;1
721.531;399.06;6.47897;-0.880296;0.0108252;0.00353543;-0.000472733;0.0108557;0.0035049;1.00864;0.000434787;-0.000525319;1.00543;0.0218512;0.985265;1;3;1
744.531;399.06;6.75721;-0.849365;0.0142151;0.00373775;0.00110357;0.0143301;0.00362278;1.01824;0.00428127;-0.00298949;1.00263;0.0244786;0.98558;1;3;1
767.531;399.06;7.12804;-0.72952;0.0140017;0.00500239;5.39819e-05;0.014002;0.00500207;1.0102;-0.0033336;-0.000416997;0.996329;0.0295124;0.97869;1;4;1
790.531;399.06;7.39684;-0.881032;0.0136001;0.00412128;-0.00126545;0.0137662;0.00395525;1.00962;-0.0036014;0.00400633;1.00312;0.02742;0.985348;1;4;1
813.531;399.06;7.74944;-0.757359;0.0124636;0.00383044;0.000596616;0.0125047;0.00378941;1.01805;-0.00204218;-0.00668924;0.999958;0.0224287;0.988724;1;4;1
836.531;399.06;7.96645;-0.748488;0.0121969;0.00376976;0.000338274;0.0122105;0.0037562;1.0125;-0.000270742;0.00302298;1.0017;0.0263329;0.982327;1;4;1
859.531;399.06;8.30712;-0.750814;0.0150858;0.00353435;0.00102954;0.0151768;0.0034433;1.01513;-0.00173268;0.00216869;1.00276;0.0215937;0.987139;1;2;1
882.531;399.06;8.65522;-0.719456;0.0136738;0.00317728;0.000821656;0.0137377;0.00311335;1.01434;0.000774534;-0.00029557;1.00035;0.0230281;0.984836;1;3;1
905.531;399.06;8.93186;-0.726092;0.0116633;0.0024396;-0.00097088;0.0117644;0.00233851;1.00468;0.00363556;-0.00414823;1.00391;0.0228046;0.988407;1;3;1
928.531;399.06;9.18864;-0.725349;0.0127234;0.00437401;-0.00058778;0.0127645;0.00433284;1.01341;0.00650518;0.00249229;1.00394;0.0237409;0.990439;1;3;1
951.531;399.06;9.51339;-0.645572;0.0151011;0.00635555;-0.000842187;0.0151815;0.00627519;1.01343;0.00555993;-0.00375609;1.00237;0.025059;0.982787;1;3;1
974.531;399.06;9.87808;-0.660683;0.0153918;0.00681977;-0.000655006;0.0154415;0.00677;1.02009;-2.09867e-06;0.00266984;1.00568;0.0249466;0.984887;1;4;1
997.531;399.06;10.216;-0.577284;0.0137347;0.00427104;0.00106859;0.0138539;0.00415188;1.01111;-0.00383231;-0.00569403;1.00489;0.0271333;0.978658;1;4;1
1020.53;399.06;10.5054;-0.517083;0.0129952;0.00491355;-0.000399783;0.0130149;0.00489382;1.01429;0.00456727;0.0017366;1.00019;0.026145;0.979204;1;3;1
1043.53;399.06;10.8099;-0.596384;0.0128775;0.00459531;-0.000218387;0.0128833;0.00458955;1.00934;-0.00163427;0.00386373;1.00354;0.0214294;0.98596;1;3;1
1066.53;399.06;11.094;-0.515005;0.0158486;0.00478222;-7.58814e-05;0.0158491;0.0047817;1.01605;0.00676351;-0.00134506;1.00901;0.0256569;0.985688;1;3;1
1089.53;399.06;11.5333;-0.546454;0.015548;0.00448815;-0.00167507;0.0157962;0.00424002;1.01198;0.00652416;-0.00132709;1.00169;0.0252198;0.980321;1;3;1
1112.53;399.06;11.8037;-0.507161;0.0124315;0.00535668;-0.000698349;0.0124998;0.0052884;1.0102;0.00366378;-0.00320296;1.00321;0.0262287;0.976612;1;3;1
1135.53;399.06;12.1016;-0.507816;0.0125994;0.00486376;-0.0019963;0.0130842;0.00437896;1.01416;0.0030128;0.00394118;1.00503;0.0279881;0.981089;1;3;1
1158.53;399.06;12.3797;-0.507832;0.0117632;0.00537327;-0.000600339;0.0118191;0.00531736;1.01279;0.000381018;-0.00269507;1.01024;0.0278278;0.978197;1;3;1
1181.53;399.06;12.6395;-0.503659;0.0119575;0.00540501;0.000523716;0.0119991;0.00536341;1.0116;-0.00274968;-0.0060322;1.01004;0.0314635;0.972244;1;4;1
1204.53;399.06;12.9265;-0.512846;0.0148126;0.00511318;-0.000355373;0.0148256;0.00510018;1.0122;0.000432155;0.00516226;1.01069;0.0307058;0.970383;1;3;1
1227.53;399.06;13.3159;-0.453188;0.0138841;0.00629255;-0.000589043;0.0139295;0.00624712;1.01141;0.000413061;0.00016354;0.999113;0.0310993;0.975011;1;3;1
1250.53;399.06;13.5607;-0.455755;0.0154081;0.00618228;-0.000594003;0.0154462;0.00614419;1.01543;0.00278197;-0.00716659;1.00771;0.0308386;0.962887;1;3;1
1273.53;399.06;14.0193;-0.490639;0.0201376;0.00580519;0.000542303;0.0201581;0.0057847;1.02493;0.00286422;0.00863073;1.00931;0.0342765;0.967443;1;4;1
31.5305;376.06;-1.92322;-1.33092;0.0100207;0.00382123;-0.000387937;0.0100449;0.00379705;1.00769;0.000131376;-0.00606078;0.998074;0.022648;0.986269;1;3;1
54.5305;376.06;-1.69389;-1.33579;0.0113831;0.00344569;0.000134971;0.0113854;0.0034434;1.01149;-0.000455936;0.000520841;1.00283;0.024122;0.983491;1;3;1
77.5306;376.06;-1.40257;-1.28299;0.0117905;0.00309266;-0.000194473;0.0117949;0.00308831;1.0113;0.00278276;0.000358617;1.00347;0.0189084;0.992695;1;3;1
100.531;376.06;-1.15469;-1.31595;0.0119484;0.00250237;-0.000563446;0.0119819;0.00246888;1.0121;0.0044555;-0.00120195;1.00253;0.0200784;0.987644;1;3;1
123.531;376.06;-0.856189;-1.29396;0.0117704;0.00479858;0.000481479;0.0118035;0.00476548;1.00967;-0.0048255;0.000324016;1.00345;0.0230013;0.98465;1;3;1
146.531;376.06;-0.616412;-1.2815;0.0115317;0.00585291;4.39729e-05;0.0115321;0.00585257;1.01129;-0.00249309;0.00222327;1.00751;0.020849;0.986433;1;3;1
169.531;376.06;-0.328754;-1.28916;0.0118556;0.00410833;0.000356622;0.0118719;0.00409195;1.01353;0.0016257;-0.00114212;1.003;0.0201734;0.988609;1;3;1
192.531;376.06;-0.0742553;-1.30066;0.00920815;0.00292947;0.000664785;0.00927776;0.00285985;1.00923;0.00429631;-0.000204894;1.00119;0.0195439;0.991066;1;3;1
215.531;376.06;0.0928719;-1.25001;0.0102794;0.00304376;0.000392743;0.0103007;0.0030225;1.01234;0.00335294;-0.00421401;1.00552;0.0206607;0.985554;1;3;1
238.531;376.06;0.39617;-1.25482;0.0131265;0.00355137;-0.000210745;0.0131312;0.00354674;1.00791;0.000494484;0.00384375;1.01079;0.0244672;0.986737;1;3;1
261.531;376.06;0.692779;-1.25819;0.0132722;0.00346349;0.000524614;0.0133002;0.00343551;1.01661;0.0019389;0.000170107;1.00712;0.0217999;0.990192;1;3;1
284.531;376.06;1.00267;-1.20812;0.0125762;0.00374286;0.000669022;0.0126266;0.00369247;1.01273;0.000371689;-0.00662363;1.00548;0.0223107;0.98965;1;3;1
307.531;376.06;1.26768;-1.22706;0.0119686;0.00324182;0.000779809;0.0120377;0.00317269;1.01104;0.00285663;0.00125829;1.00211;0.0238592;0.988815;1;3;1
330.531;376.06;1.54996;-1.17578;0.0103191;0.00253061;-7.36183e-05;0.0103198;0.00252992;1.00932;0.00355319;-0.00113293;0.998322;0.0211294;0.988886;1;3;1
353.531;376.06;1.73993;-1.19473;0.0118039;0.00401067;0.000922877;0.0119117;0.00390287;1.01146;0.00134417;-0.000281687;1.00264;0.0209942;0.989359;1;3;1
376.531;376.06;2.08971;-1.10135;0.0146135;0.00512676;0.00138629;0.014812;0.00492833;1.01477;-4.9321e-05;-0.00147534;1.01251;0.0206134;0.993654;1;4;1
399.531;376.06;2.40719;-1.09266;0.0107514;0.0028025;-0.00055269;0.0107897;0.00276426;1.00657;0.00141391;0.00112382;1.00523;0.0241372;0.992395;1;3;1
422.531;376.06;2.58161;-1.15361;0.0114699;0.00538815;-0.000818447;0.0115782;0.00527993;1.01267;-0.00300584;5.8177e-05;1.01066;0.0231376;0.986407;1;3;1
445.531;376.06;2.93176;-1.17009;0.0152574;0.00514104;0.000191857;0.015261;0.0051374;1.01693;0.00177209;0.00219989;0.998769;0.0205645;0.986387;1;4;1
468.531;376.06;3.27817;-1.13068;0.0125246;0.00332487;0.000700719;0.0125776;0.0032718;1.00976;0.00185081;-0.00439951;1.0063;0.0197053;0.992093;1;3;1
491.531;376.06;3.5043;-1.12685;0.0119962;0.00592102;0.00072885;0.0120824;0.0058348;1.01167;-4.36279e-05;-0.000249307;1.00945;0.0228614;0.985315;1;3;1
514.531;376.06;3.82669;-1.07212;0.0129277;0.00479948;0.0003773;0.0129451;0.004782;1.01291;0.00343267;-0.000997271;1.00094;0.0196224;0.992406;1;3;1
537.531;376.06;4.09518;-1.11245;0.0122277;0.00457939;0.000831988;0.0123172;0.00448994;1.01281;0.00132297;-0.00123916;1.00214;0.0229173;0.986373;1;3;1
560.531;376.06;4.38574;-1.02165;0.012925;0.00449643;4.35394e-05;0.0129252;0.0044962;1.01052;0.00581926;-0.000819847;0.999885;0.0241666;0.98521;1;3;1
583.531;376.06;4.6859;-1.05946;0.0138872;0.00390923;-0.000322628;0.0138976;0.00389881;1.01795;0.00220519;-0.00197951;1.00813;0.0217428;0.986684;1;3;1
606.531;376.06;5.02017;-0.995936;0.0133563;0.00523152;0.00133885;0.0135712;0.00501658;1.00936;-0.000554312;-0.000804176;1.00536;0.025514;0.983282;1;3;1
629.531;376.06;5.29618;-0.97986;0.012452;0.00393615;-0.000688322;0.0125073;0.00388087;1.01438;0.00077052;-0.0037514;1.00638;0.0261175;0.987105;1;3;1
652.531;376.06;5.58944;-0.998286;0.0137737;0.00371119;-0.000402238;0.0137897;0.00369514;1.01076;-0.00122165;0.00854535;1.00506;0.0209337;0.988167;1;3;1
675.531;376.06;5.92544;-1.02645;0.0145756;0.0044307;0.000750481;0.0146308;0.00437548;1.01547;-0.00275978;-0.00140157;1.00729;0.0262006;0.982808;1;3;1
698.531;376.06;6.25508;-0.954552;0.0131185;0.00636459;0.000451812;0.0131486;0.0063345;1.01268;7.78756e-05;0.00233633;1.01026;0.0232361;0.987539;1;3;1
721.531;376.06;6.52497;-0.996054;0.0123322;0.00446645;-0.000942519;0.0124436;0.00435509;1.01351;0.00243372;-0.00256513;1.00315;0.0223071;0.988476;1;3;1
744.531;376.06;6.81891;-0.945965;0.0123152;0.00493573;-0.000230205;0.0123223;0.00492856;1.01126;0.0023174;0.00368744;1.00825;0.0291355;0.98084;1;3;1
767.531;376.06;7.088;-0.946356;0.0159643;0.00751424;-0.000173909;0.0159679;0.00751066;1.01481;0.000264916;-0.00268051;1.01295;0.0243227;0.98701;1;3;1
790.531;376.06;7.54748;-0.913359;0.0154461;0.00328659;0.00113678;0.0155514;0.00318123;1.01794;-0.00135221;-0.00279647;1.00529;0.0255605;0.986624;1;4;1
813.531;376.06;7.79285;-0.788314;0.00946587;0.00452941;0.000232239;0.00947677;0.00451851;1.0101;0.00139868;0.000214053;1.00733;0.0235047;0.982005;1;3;1
836.531;376.06;7.98083;-0.850566;0.0104004;0.00540766;-0.00187458;0.0110259;0.00478218;1.01256;0.00567809;-0.000864695;1.00676;0.0260849;0.983002;1;3;1
859.531;376.06;8.26879;-0.825351;0.0134242;0.00633586;-0.000679222;0.0134887;0.00627136;1.01007;0.0052221;0.00756992;1.01347;0.0299226;0.977913;1;4;1
882.531;376.06;8.59425;-0.858355;0.0153272;0.00522023;0.000426558;0.0153452;0.00520225;1.01493;-0.000836718;-0.00336247;1.00293;0.0212849;0.988747;1;3;1
905.531;376.06;8.96851;-0.837398;0.0153404;0.00483457;0.000183944;0.0153436;0.00483135;1.01743;0.00317231;-4.47916e-05;1.00809;0.0266479;0.988432;1;3;1
928.531;376.06;9.29456;-0.812152;0.0149142;0.0040937;-0.000951063;0.0149971;0.00401074;1.01605;0.0020892;-8.6633e-05;1.00099;0.0235691;0.984983;1;3;1
951.531;376.06;9.64952;-0.81605;0.0129897;0.00529974;-0.0012206;0.0131788;0.00511065;1.01041;0.000164233;0.00142355;1.01407;0.0238979;0.98381;1;4;1
974.531;376.06;9.88824;-0.839826;0.0122938;0.00412503;-0.00064325;0.0123441;0.00407468;1.01388;0.00391966;-0.00283022;1.00592;0.0227998;0.985126;1;4;1
997.531;376.06;10.2116;-0.768532;0.0130101;0.006928;0.00118254;0.0132319;0.00670617;1.01274;0.00308864;-0.0026829;1.00667;0.02282;0.984298;1;3;1
1020.53;376.06;10.4828;-0.741589;0.0137822;0.00832508;0.00070925;0.0138728;0.00823441;1.01306;0.000553319;-0.000611037;1.01101;0.0218801;0.988687;1;3;1
1043.53;376.06;10.8412;-0.692879;0.013852;0.00450565;-0.000744158;0.0139109;0.00444677;1.01376;0.00527084;-0.00188193;1.00406;0.0215954;0.985909;1;3;1
1066.53;376.06;11.1156;-0.68519;0.0147412;0.00597438;-0.000973644;0.014848;0.00586755;1.01278;0.00540375;-0.000995835;1.00491;0.0241864;0.985898;1;3;1
1089.53;376.06;11.5143;-0.647338;0.0157441;0.00317939;0.000405153;0.0157571;0.00316634;1.01501;-0.00363964;0.00139097;1.00352;0.0278522;0.972507;1;3;1
1112.53;376.06;11.8342;-0.691436;0.0134853;0.00640648;-0.000490823;0.0135191;0.00637261;1.01379;-0.000365701;-0.00162925;1.01173;0.0243544;0.991446;1;3;1
1135.53;376.06;12.1305;-0.671596;0.01332;0.00642135;0.000595661;0.0133711;0.0063703;1.01154;-0.00283966;-0.000106271;1.00773;0.0302227;0.975839;1;4;1
1158.53;376.06;12.4428;-0.641554;0.0102202;0.0050567;0.000130771;0.0102235;0.00505339;1.00868;0.00138755;-0.00408681;1.00883;0.02379;0.986467;1;3;1
1181.53;376.06;12.5982;-0.606834;0.0117815;0.00448562;-9.01073e-05;0.0117826;0.0044845;1.01142;0.00703248;0.000426765;1.00359;0.0275952;0.974378;1;3;1
1204.53;376.06;12.9816;-0.575675;0.0165398;0.00437764;-0.0015858;0.0167431;0.00417428;1.00983;0.00813714;-0.00163365;1.00327;0.0281105;0.970778;1;4;1
1227.53;376.06;13.3528;-0.557837;0.0131647;0.00441687;-0.00144655;0.0133977;0.00418387;1.0215;0.00887562;0.00367453;1.00718;0.0315072;0.963695;1;3;1
1250.53;376.06;13.5832;-0.592951;0.0134087;0.00571292;-0.00101559;0.0135405;0.00558115;1.01187;-0.00173424;-0.00511064;1.00676;0.0270112;0.97631;1;4;1
1273.53;376.06;13.9656;-0.533671;0.0167639;0.003499;0.00140613;0.0169113;0.00335158;1.0174;-0.00112863;-0.00184411;1.00187;0.0369346;0.972291;1;3;1
31.5305;353.06;-1.92809;-1.47403;0.0112024;0.00741718;0.000916931;0.0114128;0.00720677;1.0175;0.00168483;0.00282123;1.00675;0.0240137;0.990088;1;3;1
54.5305;353.06;-1.67187;-1.45161;0.0118077;0.00341096;-2.6172e-05;0.0118078;0.00341088;1.00732;-0.00160146;0.00141302;1.00566;0.0221456;0.993225;1;3;1
77.5306;353.06;-1.38815;-1.41102;0.0128261;0.00481814;0.00200123;0.0132984;0.00434588;1.01027;0.00235181;-0.00187128;1.0009;0.0188239;0.993019;1;3;1
100.531;353.06;-1.08566;-1.38277;0.0110391;0.00579403;-0.00120041;0.0113007;0.00553235;1.01564;0.00349918;0.0003172;0.997705;0.0199676;0.990565;1;3;1
123.531;353.06;-0.883124;-1.41145;0.00972281;0.00221411;-0.000546368;0.00976236;0.00217456;1.00801;0.00319977;-0.00272134;1.00724;0.0247265;0.98646;1;3;1
146.531;353.06;-0.640606;-1.44634;0.0110476;0.00431963;0.00017359;0.011052;0.00431516;1.01273;-0.00298342;0.00639528;1.00675;0.0231564;0.990624;1;3;1
169.531;353.06;-0.377739;-1.36271;0.0122442;0.00357083;0.00126118;0.0124238;0.00339117;1.01014;-0.00590312;-0.000409564;1.00602;0.0193796;0.993028;1;3;1
192.531;353.06;-0.080888;-1.34645;0.0109283;0.00678728;0.00097206;0.0111452;0.00657046;1.00937;-0.00626225;-0.00333831;1.00594;0.0207213;0.98906;1;3;1
215.531;353.06;0.122231;-1.32493;0.0110479;0.00448196;-0.00131219;0.0113005;0.00422944;1.01289;-0.0033315;-0.000910683;1.00248;0.0194175;0.990016;1;3;1
238.531;353.06;0.424516;-1.29863;0.0124373;0.00433888;-0.00270717;0.0132589;0.00351727;1.00854;-0.00018847;0.00316597;0.997969;0.0218214;0.99228;1;2;1
261.531;353.06;0.690832;-1.3261;0.0115925;0.00498522;-0.00041673;0.0116187;0.00495904;1.0158;0.00150034;0.00229739;1.00341;0.0224187;0.991189;1;3;1
284.531;353.06;0.954714;-1.29233;0.0114219;0.00529119;0.000333753;0.01144;0.00527307;1.01065;0.000539773;-0.00294568;1.00678;0.021131;0.989064;1;3;1
307.531;353.06;1.21325;-1.28501;0.0131431;0.00232671;0.00197212;0.0134914;0.00197835;1.00917;-0.00642925;0.00105466;0.995642;0.0226101;0.993358;1;3;1
330.531;353.06;1.55532;-1.22084;0.0130158;0.00460035;-0.000133754;0.0130179;0.00459822;1.02173;-0.00350117;0.000141254;1.00424;0.0225341;0.989983;1;3;1
353.531;353.06;1.80813;-1.26109;0.0108181;0.00224142;-0.00117855;0.0109771;0.00208242;1.0098;0.000648172;-0.00226555;1.00443;0.0193554;0.991691;1;2;1
376.531;353.06;2.05025;-1.28359;0.0122787;0.00647824;0.000664896;0.0123539;0.006403;1.00985;0.000695746;0.00374001;0.998331;0.0212372;0.99171;1;3;1
399.531;353.06;2.36947;-1.19419;0.0131197;0.00803762;0.000334535;0.0131417;0.0080157;1.01048;-0.000330978;-0.00316884;1.00141;0.0209091;0.991505;1;3;1
422.531;353.06;2.64984;-1.31349;0.0124322;0.0046865;-0.000923795;0.0125408;0.00457785;1.01838;-0.00112073;-0.00307814;1.00474;0.0236613;0.990783;1;3;1
445.531;353.06;2.93781;-1.24558;0.0122237;0.00228855;0.000510328;0.0122499;0.0022624;1.00455;-0.00522625;-0.00138799;1.0075;0.0218106;0.989169;1;3;1
468.531;353.06;3.20863;-1.21522;0.0128346;0.00217656;0.000470406;0.0128553;0.00215584;1.01343;0.00187581;-0.00351657;1.00505;0.0200069;0.992084;1;3;1
491.531;353.06;3.52447;-1.24345;0.0138887;0.00386716;-0.000988881;0.0139854;0.00377052;1.01483;0.000816021;0.00476854;1.00297;0.0228554;0.98815;1;3;1
514.531;353.06;3.84314;-1.21578;0.0117344;0.00339614;-0.0003059;0.0117456;0.00338493;1.00882;-0.000745652;-0.00250723;1.01056;0.0237557;0.991579;1;3;1
537.531;353.06;4.06109;-1.18994;0.0118146;0.00361805;-8.30734e-05;0.0118154;0.00361721;1.01415;-0.00301788;0.00189827;0.999888;0.02505;0.981903;1;3;1
560.531;353.06;4.38339;-1.15046;0.0146533;0.00593333;-0.000305845;0.014664;0.00592262;1.01067;-0.00462832;-0.00267537;1.0045;0.0218478;0.991635;1;3;1
583.531;353.06;4.73023;-1.12652;0.0121008;0.0049846;0.000470002;0.0121317;0.00495369;1.01784;-0.00228847;0.00380607;1.00203;0.0229783;0.988384;1;3;1
606.531;353.06;4.93669;-1.1271;0.0132683;0.00748861;-4.21148e-05;0.0132686;0.00748831;1.01367;-0.00202417;-0.00530529;1.00791;0.0260364;0.981367;1;4;1
629.531;353.06;5.33655;-1.07821;0.014043;0.00395131;0.000341662;0.0140545;0.00393975;1.01097;1.11316e-05;-0.00122154;1.00669;0.024063;0.986435;1;3;1
652.531;353.06;5.57819;-1.11549;0.0123471;0.00534889;-0.000225695;0.0123544;0.00534162;1.0085;0.00292476;0.00205774;1.00459;0.0203071;0.99145;1;3;1
675.531;353.06;5.90105;-1.09073;0.0147352;0.00343748;-0.00132397;0.0148883;0.0032844;1.01688;-0.000336323;2.10755e-05;1.00428;0.0229544;0.98967;1;3;1
698.531;353.06;6.25108;-1.14176;0.0147177;0.00579376;0.000591471;0.0147567;0.00575473;1.01468;-0.00166559;0.00308088;1.00822;0.0219945;0.988286;1;3;1
721.531;353.06;6.57315;-1.0852;0.0126098;0.00631486;0.00142386;0.0129169;0.00600777;1.01284;-0.00195222;-0.00821082;1.00799;0.027676;0.98123;1;3;1
744.531;353.06;6.82748;-1.0758;0.0131941;0.00548483;-0.00107873;0.0133422;0.00533673;1.01327;-0.00249112;0.00711828;1.00749;0.0284388;0.982004;1;3;1
767.531;353.06;7.17613;-1.07386;0.0136251;0.00315066;-0.000420895;0.013642;0.00313377;1.01153;0.00362112;-0.00545025;1.00699;0.0279966;0.987129;1;3;1
790.531;353.06;7.45;-1.03194;0.0134537;0.00470354;0.00137704;0.0136652;0.00449194;1.01034;0.00316748;-0.000408472;1.00435;0.0227354;0.990197;1;4;1
813.531;353.06;7.79076;-0.965223;0.0142369;0.00968349;8.79487e-05;0.0142386;0.00968179;1.01635;-0.000242749;0.00096041;1.00522;0.0220423;0.986961;1;3;1
836.531;353.06;8.10029;-0.996377;0.0124758;0.00633732;-0.00311154;0.0137771;0.00503598;1.00641;8.70252e-05;-0.000135436;1.00628;0.0249094;0.981479;1;3;1
859.531;353.06;8.36105;-1.04131;0.0110247;0.006366;-0.0018577;0.0116748;0.00571593;1.01108;-0.00506702;0.00127259;0.995381;0.0247171;0.988697;1;3;1
882.531;353.06;8.60464;-0.958935;0.0131278;0.00439127;-7.90986e-06;0.0131278;0.00439127;1.01592;-0.00261251;-0.00681595;1.00454;0.0238496;0.98319;1;3;1
905.531;353.06;8.96092;-0.947938;0.0151427;0.00349041;-0.000676451;0.0151818;0.00345127;1.01242;0.00290121;-0.00408267;1.00383;0.0234969;0.988282;1;3;1
928.531;353.06;9.29599;-0.91315;0.0139196;0.00460286;-0.000494195;0.0139457;0.00457672;1.01295;0.000181507;0.00467171;1.00582;0.0228199;0.989081;1;3;1
951.531;353.06;9.59679;-0.888642;0.0150626;0.00211315;0.000653273;0.0150955;0.00208028;1.01519;-0.00407316;-0.00193308;0.999326;0.0264402;0.980716;1;3;1
974.531;353.06;9.98368;-0.849923;0.0133368;0.00423963;-0.000984054;0.013442;0.0041344;1.0172;0.00403845;-0.000269639;1.00201;0.0263284;0.983501;1;3;1
997.531;353.06;10.2062;-0.894875;0.0116453;0.00469282;-0.00163256;0.0120096;0.00432855;1.01245;-0.00761428;0.00226969;1.00755;0.0250587;0.981006;1;4;1
1020.53;353.06;10.5163;-0.898455;0.0159337;0.00260422;0.000924977;0.0159976;0.00254034;1.01685;0.00124303;-0.00309461;1.0065;0.0209687;0.989391;1;3;1
1043.53;353.06;10.9334;-0.803014;0.0155823;0.00335791;0.00139244;0.0157389;0.0032013;1.01598;0.00113672;-0.00315189;1.00652;0.0233981;0.986562;1;3;1
1066.53;353.06;11.2274;-0.788818;0.0121856;0.00570992;-0.000435783;0.0122148;0.00568073;1.00878;0.00385175;-0.000390699;1.0091;0.0214096;0.99051;1;2;1
1089.53;353.06;11.4904;-0.692454;0.0130574;0.00581346;-0.000623873;0.0131107;0.00576012;1.01071;0.00342189;0.00261377;1.0055;0.0238575;0.988782;1;3;1
1112.53;353.06;11.8242;-0.800917;0.0132779;0.00599093;-0.00163331;0.0136273;0.00564159;1.00841;0.00293658;-0.00590361;1.00169;0.0286431;0.977481;1;3;1
1135.53;353.06;12.097;-0.802256;0.0133061;0.00417572;0.000131869;0.013308;0.00417382;1.01358;0.0034082;0.0055276;1.00361;0.0236289;0.98762;1;3;1
1158.53;353.06;12.4322;-0.739825;0.0134852;0.00458569;-0.000815608;0.0135594;0.00451156;1.01468;0.00397218;-0.00666987;1.00259;0.0263455;0.982527;1;3;1
1181.53;353.06;12.7131;-0.709478;0.0150294;0.00723514;-0.00232296;0.0156692;0.00659534;1.01417;0.000259034;-0.00357182;1.00581;0.0271943;0.983977;1;3;1
1204.53;353.06;13.1184;-0.71338;0.0157094;0.00580772;0.00036377;0.0157228;0.00579437;1.01774;-0.00422272;0.00270255;1.00624;0.0271966;0.979992;1;3;1
1227.53;353.06;13.4302;-0.655776;0.0122149;0.00545507;0.000115463;0.0122168;0.00545309;1.01038;-0.00469917;0.00161753;1.00347;0.0328005;0.962922;1;3;1
1250.53;353.06;13.6769;-0.717657;0.0126645;0.00803701;-0.00119302;0.012954;0.00774754;1.01474;0.00664253;0.00394847;1.00365;0.0295951;0.969781;1;3;1
1273.53;353.06;14.0091;-0.651311;0.0145501;0.00479757;0.000645462;0.0145926;0.00475503;1.013;0.00128434;-0.0095177;1.00342;0.0370099;0.96394;1;3;1
31.5305;330.06;-1.96197;-1.67084;0.0146112;0.00859447;0.00465987;0.0171494;0.00605625;1.01699;-0.00990183;0.0031665;1.01316;0.0314584;0.990554;1;3;1
54.5305;330.06;-1.62901;-1.49238;0.00974717;0.00177596;0.000876347;0.00984238;0.00168075;1.0059;0.000524927;-0.00214382;0.99837;0.0311834;0.990342;1;4;1
77.5306;330.06;-1.51606;-1.50396;0.0127592;0.0040646;0.0018425;0.0131335;0.00369026;1.01078;-0.0136618;-0.000314581;1.0059;0.0311369;0.985113;1;3;1
100.531;330.06;-1.04588;-1.58158;0.0141572;0.00868301;0.000309912;0.0141747;0.00866552;1.00976;0.00327389;-0.000562569;1.01772;0.0294059;0.987601;1;4;1
123.531;330.06;-0.869505;-1.3957;0.0100982;-0.000684183;0.000806916;0.0101583;-0.000744235;1.00834;-0.00588007;-0.00142704;0.99089;0.0372383;0.990436;1;3;1
146.531;330.06;-0.583791;-1.47976;0.0114824;0.00145747;-0.00187426;0.0118214;0.00111852;1.00979;0.00705114;-0.000350929;0.993137;0.0363067;0.981107;1;4;1
169.531;330.06;-0.344347;-1.45312;0.0100253;0.00393984;-0.00217389;0.0107221;0.00324305;1.01025;0.00372791;0.00425653;1.00452;0.0295891;0.988277;1;3;1
192.531;330.06;-0.125103;-1.61179;0.0132196;0.0116052;0.000948564;0.0136579;0.0111669;1.00923;-0.000337672;1.70922e-05;1.01718;0.0329143;0.994092;1;3;1
215.531;330.06;0.259785;-1.45542;0.0167996;0.00570722;-0.00130787;0.0169517;0.0055551;1.01374;0.0147532;-0.00452903;1.0068;0.0318834;0.988355;1;3;1
238.531;330.06;0.641026;-1.45333;0.0104271;0.00679268;-0.00510037;0.0140243;0.00319545;1.01096;0.0216113;-0.00668931;1.00264;0.0328567;0.985988;1;4;1
261.531;330.06;0.736944;-1.48692;0.00812239;0.00701873;-0.000983653;0.00869843;0.00644269;1.01305;0.00419854;0.00238249;1.01159;0.0366995;0.990274;1;3;1
284.531;330.06;1.01315;-1.45087;0.00922967;0.00691992;0.000393406;0.00929484;0.00685476;1.0049;0.00163584;-0.00510922;1.00572;0.0362474;0.974931;1;4;1
307.531;330.06;1.15932;-1.33384;0.012528;0.00212781;0.00188404;0.0128588;0.00179703;1.01852;-0.00361641;-0.000484608;1.01081;0.0359878;0.977543;1;4;1
330.531;330.06;1.58583;-1.3869;0.0136943;0.00724653;-0.000276638;0.0137061;0.00723468;1.01362;0.00594652;-0.00623229;1.00999;0.0248434;0.993669;1;3;1
353.531;330.06;1.78498;-1.2977;0.0111478;0.00159332;0.000383651;0.0111632;0.00157793;1.01117;0.0017151;0.0026796;1.00124;0.0305678;0.987309;1;4;1
376.531;330.06;2.0958;-1.39838;0.0123;0.00500555;-0.00278493;0.0132417;0.00406386;1.01508;0.00446114;-0.00169744;1.01196;0.0322093;0.983405;1;3;1
399.531;330.06;2.34706;-1.46087;0.0113413;0.0116627;0.00081951;0.0123371;0.0106669;1.00971;-0.00206476;0.00381649;1.01959;0.0313725;0.980096;1;3;1
422.531;330.06;2.61456;-1.36867;0.0139214;0.00240317;0.00280025;0.0145661;0.00175848;1.01063;-0.0015613;0.00600404;0.998594;0.0403816;0.98792;1;4;1
445.531;330.06;2.98268;-1.27521;0.0136394;0.00129123;0.000513322;0.0136607;0.00126993;1.01206;0.00904748;-0.00571077;0.987826;0.0282294;0.992891;1;3;1
468.531;330.06;3.23755;-1.23068;0.0133669;0.000672958;-0.000953532;0.0134381;0.000601731;1.01216;0.0011988;0.00357607;0.98975;0.0256758;0.990283;1;2;1
491.531;330.06;3.59349;-1.30431;0.0146719;0.00265418;-0.00149329;0.0148546;0.00247141;1.01577;0.00322604;-0.00394104;1.0042;0.0296761;0.991632;1;3;1
514.531;330.06;3.90758;-1.22801;0.0125572;0.000535631;-0.001138;0.012664;0.000428854;1.00953;0.00694282;-0.00446879;0.989878;0.0292341;0.988561;1;4;1
537.531;330.06;4.16753;-1.27853;0.0124423;0.00386961;-0.00305939;0.0134221;0.00288978;1.01632;0.00742758;0.00296742;1.01045;0.032318;0.987016;1;4;1
560.531;330.06;4.47636;-1.29369;0.0109032;0.0062553;-0.00214862;0.0117442;0.00541424;1.0093;0.00904967;-7.32622e-05;1.00809;0.0303591;0.992234;1;3;1
583.531;330.06;4.66637;-1.28818;0.0130338;0.00705727;0.000909051;0.013169;0.00692206;1.0127;-0.00177655;0.000614091;1.00563;0.0303555;0.988475;1;4;1
606.531;330.06;5.07203;-1.3391;0.0133593;0.00927739;-0.00158898;0.0139049;0.00873177;1.0121;0.0113097;-0.00541584;1.01147;0.0318995;0.986213;1;4;1
629.531;330.06;5.27667;-1.16126;0.0114908;0.0036209;0.00235744;0.0121429;0.00296876;1.01029;-0.00251583;-0.00540539;1.00481;0.0307211;0.989212;1;3;1
652.531;330.06;5.59751;-1.24368;0.0162789;0.00558953;-0.000677513;0.0163217;0.00554676;1.01267;-0.00388109;0.00268687;1.00762;0.0275644;0.992508;1;3;1
675.531;330.06;6.0195;-1.1842;0.0133362;0.00408553;-0.00235365;0.0139006;0.00352113;1.01655;0.00143673;0.00675804;1.00441;0.0324086;0.987406;1;4;1
698.531;330.06;6.20693;-1.22027;0.00964979;0.00342108;-0.000136692;0.00965279;0.00341808;1.01155;-0.00333172;0.000301661;0.997234;0.0303669;0.9849;1;3;1
721.531;330.06;6.46116;-1.28558;0.015801;0.00876209;0.00272308;0.0167314;0.00783163;1.01709;-0.00480161;-0.00351263;1.00303;0.0295712;0.986801;1;3;1
744.531;330.06;6.92812;-1.19745;0.0155288;0.00531277;-9.52197e-05;0.0155297;0.00531189;1.01438;0.00758462;-0.00973566;1.00195;0.0270453;0.990214;1;4;1
767.531;330.06;7.16962;-1.09099;0.0131749;0.000744878;0.00088569;0.0132377;0.000682086;1.00157;-0.000731517;0.00620906;0.985381;0.0336321;0.985506;1;4;1
790.531;330.06;7.53018;-1.12921;0.0142494;0.00424435;-0.00330264;0.0152412;0.00325249;1.01605;0.00150232;0.00183632;1.00815;0.0317006;0.984125;1;4;1
813.531;330.06;7.82027;-1.23161;0.0144018;0.0116499;-0.000777014;0.014606;0.0114457;1.01562;0.00282532;0.00123757;1.01784;0.0329398;0.987596;1;3;1
836.531;330.06;8.18795;-1.1407;0.0143402;0.00630193;-0.000677186;0.0143968;0.00624528;1.01118;0.0078573;0.000343313;1.00887;0.0313722;0.991734;1;3;1
859.531;330.06;8.47511;-1.1168;0.0109213;0.00329971;-0.00162453;0.0112531;0.00296789;1.00727;0.0216073;-0.00158982;1.00845;0.036053;0.985955;1;4;1
882.531;330.06;8.68755;-1.05982;0.0131314;0.00440232;-0.000523968;0.0131627;0.00437098;1.01494;0.00411615;-0.00669972;1.00063;0.0295891;0.988058;1;3;1
905.531;330.06;9.07509;-0.997555;0.0155677;0.00217188;-0.00212228;0.0158959;0.0018437;1.01401;0.0031905;-0.00195781;0.999274;0.0317264;0.98533;1;3;1
928.531;330.06;9.39816;-1.02328;0.012638;0.00480969;-0.00132721;0.0128568;0.00459079;1.01285;0.00823234;0.00374973;1.00221;0.0284754;0.988264;1;3;1
951.531;330.06;9.65273;-0.913153;0.0125398;0.00106922;-0.00135186;0.012697;0.000912052;1.00726;0.0126915;-0.00649938;1.00198;0.0321681;0.99173;1;4;1
974.531;330.06;9.97142;-1.03436;0.0144326;0.00805137;-0.000503444;0.014472;0.0080119;1.01989;0.00117409;0.00274998;1.0122;0.0377058;0.979964;1;5;1
997.531;330.06;10.3119;-0.983789;0.0113366;0.00388385;-0.000432546;0.0113616;0.00385883;1.01324;0.0178206;0.00116371;1.00366;0.0343227;0.982204;1;3;1
1020.53;330.06;10.4897;-0.861226;0.011186;-0.00161663;0.00206832;0.0115118;-0.00194249;1.01912;-0.00221022;-0.00228171;0.990257;0.0284638;0.985284;1;4;1
1043.53;330.06;10.8234;-0.847081;0.0169999;0.00192924;0.00149891;0.0171476;0.00178161;1.01677;-0.00633374;-0.00136982;0.999818;0.0291931;0.990557;1;3;1
1066.53;330.06;11.265;-0.946859;0.0161206;0.0068963;-0.00156293;0.0163783;0.00663868;1.01138;0.00236218;-0.00350276;1.0015;0.0274676;0.992182;1;3;1
1089.53;330.06;11.559;-0.913962;0.0133144;0.00968161;-0.00172289;0.0140015;0.00899448;1.0122;-0.000389617;0.0054088;1.01109;0.0330685;0.982713;1;3;1
1112.53;330.06;11.8735;-0.966182;0.0135722;0.00721354;-0.0005308;0.0136162;0.00716954;1.01481;0.00224706;-0.00739038;1.01156;0.0340683;0.990885;1;4;1
1135.53;330.06;12.1791;-0.863254;0.0161177;0.00266198;-0.000564729;0.0161413;0.00263832;1.00805;0.0040227;0.00677655;1.0015;0.0309958;0.987318;1;3;1
1158.53;330.06;12.6089;-0.851716;0.0143627;0.00490618;-0.00470994;0.0163082;0.00296061;1.01714;0.00603072;-0.00140603;0.991491;0.0334607;0.984459;1;4;1
1181.53;330.06;12.835;-0.93785;0.00857924;0.00999253;-0.00256646;0.0119478;0.00662391;1.00327;0.00952005;-0.00779597;1.01396;0.0397898;0.983824;1;4;1
1204.53;330.06;13.0018;-0.842054;0.0109997;0.00562303;0.00398094;0.0131151;0.00350772;1.01472;-0.00162089;-0.000201679;1.00375;0.0276492;0.988915;1;3;1
1227.53;330.06;13.3381;-0.808087;0.0152095;0.00665215;0.000729698;0.0152713;0.00659038;1.01435;-0.00236098;-0.00362269;1.0135;0.0343923;0.978422;1;4;1
1250.53;330.06;13.6961;-0.961043;0.0153416;0.0106383;0.000173977;0.015348;0.0106319;1.01175;-0.00252535;0.00173484;1.01484;0.0335973;0.976588;1;4;1
1273.53;330.06;14.0384;-0.753775;0.015037;0.0044657;0.00387812;0.0163071;0.0031956;1.01068;0.00648599;-0.0139399;1.01423;0.0402583;0.971335;1;4;1
