x [mm];y [mm];x-displacement [mm];y-displacement [mm];Transverse strain Exx - GL [S];Axial strain Eyy - GL [S];Shear strain Exy - GL [S];Maximum normal strain - GL [S];Minimum normal strain - GL [S];Affine transformation a [];Affine transformation b [];Affine transformation c [];Affine transformation d [];Confidence region [pixel];Correlation value [count];Enough pixels valid [];Number of iterations [];Vector status []
31.5305;1641.06;0.303806;-1.04228;0.0105572;-0.00312913;-0.000608028;0.0105841;-0.00315609;1.00555;0.00190657;0.000483468;0.997494;0.0342877;0.971132;1;3;1
54.5305;1641.06;0.545291;-1.09567;0.00720665;-0.00595064;0.00367527;0.00816366;-0.00690765;1.00972;-0.0118977;0.00304151;0.994588;0.0398917;0.971824;1;4;1
77.5306;1641.06;0.634122;-1.0239;0.00225507;-0.00490276;0.00422853;0.00421593;-0.00686362;0.999992;-0.00285489;-0.00366773;0.998998;0.0331837;0.978156;1;3;1
100.531;1641.06;0.648739;-0.970783;0.00282292;-0.00619963;0.00132164;0.00301253;-0.00638924;1.00323;-0.00294581;-0.00792098;0.997679;0.0357061;0.971765;1;4;1
123.531;1641.06;0.763751;-0.960993;0.00397279;-0.00685485;0.000116171;0.00397404;-0.0068561;1.0047;-0.00283207;0.00195963;0.990835;0.0344323;0.978147;1;3;1
146.531;1641.06;0.831123;-0.955101;0.00661973;-0.00467891;-0.000784411;0.00667393;-0.00473311;1.00452;0.00240416;-0.00121897;1.00102;0.0360375;0.968108;1;4;1
169.531;1641.06;1.06726;-0.948645;0.00591654;-0.0103592;0.00343036;0.00661;-0.0110527;1.00215;-0.00702492;-0.00601736;0.993331;0.0341388;0.981915;1;3;1
192.531;1641.06;1.10247;-0.914873;0.00556342;-0.00802842;-0.00223725;0.00592221;-0.00838721;1.00603;0.00748195;0.00403166;0.988816;0.0326395;0.9846;1;3;1
215.531;1641.06;1.32246;-0.950417;0.00655661;-0.00744158;0.0012869;0.00667394;-0.0075589;1.00296;-0.0129025;-0.00568787;0.98781;0.0373619;0.982085;1;4;1
238.531;1641.06;1.40303;-0.844468;0.00179429;-0.00238855;0.0030487;0.00339997;-0.00399424;1.00571;-0.0105654;-0.00161962;0.993224;0.0295772;0.97918;1;4;1
261.531;1641.06;1.40453;-0.758307;0.00554221;-0.00252794;-0.00103862;0.00567374;-0.00265946;1.01035;0.0148608;-0.00768566;1.00031;0.0317814;0.982139;1;3;1
284.531;1641.06;1.65719;-0.756678;0.00847365;-0.00377781;0.00270115;0.00904275;-0.00434691;1.00372;-0.00807971;0.00641872;0.991411;0.0282966;0.984052;1;4;1
307.531;1641.06;1.79261;-0.676857;0.00237302;-0.000745622;0.00464209;0.00571069;-0.00408329;1.00161;-0.0115643;-0.00246931;1.00285;0.0403206;0.955967;1;4;1
330.531;1641.06;1.76607;-0.639575;0.00448446;-0.00253022;-0.00170121;0.00487527;-0.00292102;1.0069;0.0115371;-0.00148604;1.01332;0.0362895;0.984798;1;5;1
353.531;1641.06;1.99838;-0.743887;0.00721865;-0.00473223;8.21703e-05;0.00721922;-0.0047328;1.01498;-0.015872;-0.00273087;0.988242;0.0383165;0.97801;1;4;1
376.531;1641.06;2.09694;-0.648348;0.00456602;-0.0045727;0.00217146;0.00505574;-0.00506242;1.00546;0.0020359;-0.000212821;0.996022;0.0294044;0.983724;1;4;1
399.531;1641.06;2.20765;-0.579855;0.00431258;-0.000474294;0.000189703;0.00432008;-0.0004818;1.00608;0.0100259;-0.00498967;1.00854;0.0289121;0.985486;1;4;1
422.531;1641.06;2.29476;-0.53703;0.00628236;0.000880697;-0.000718053;0.00637618;0.000786874;0.993289;0.00220094;0.000850535;1.00391;0.0274247;0.988172;1;4;1
445.531;1641.06;2.49574;-0.570916;0.00613286;-0.00251469;-0.00116792;0.00628782;-0.00266965;1.00927;-0.0042245;0.00196086;0.999799;0.0265008;0.990592;1;3;1
468.531;1641.06;2.57582;-0.669997;0.00633131;-0.00536303;-0.000786526;0.00638397;-0.00541569;1.00423;0.00626512;-0.00343991;0.989883;0.0336606;0.981997;1;4;1
491.531;1641.06;2.78606;-0.588025;0.0054925;-0.00507968;0.00231389;0.00597675;-0.00556393;1.00493;-0.00588947;0.00284318;0.991036;0.0297744;0.984315;1;3;1
514.531;1641.06;2.82732;-0.463429;0.00478216;-0.00258644;0.000647162;0.00483857;-0.00264285;1.00049;0.00333596;0.00419879;0.997291;0.0325603;0.984375;1;4;1
537.531;1641.06;3.00516;-0.407385;0.00796706;0.00353444;0.000794844;0.00810528;0.00339622;1.01228;-0.00253514;-0.0076919;0.999919;0.0343317;0.977129;1;5;1
560.531;1641.06;3.19232;-0.520838;0.00423309;-0.00450347;-0.00240812;0.00485288;-0.00512327;1.00198;-0.0160564;0.00709944;0.99631;0.0308112;0.979145;1;4;1
583.531;1641.06;3.1979;-0.788609;0.00397796;-0.0156115;-0.00108989;0.00403842;-0.015672;1.0069;0.0102831;0.00129929;0.966704;0.0330635;0.975033;1;4;1
606.531;1641.06;3.37493;-0.482154;0.00801079;-0.00101555;0.00475814;0.0100557;-0.00306047;1.00723;0.0116412;-0.0113601;0.996019;0.0364443;0.977006;1;3;1
629.531;1641.06;3.56277;-0.34047;0.00513496;-0.00188021;0.0039817;0.0069337;-0.00367896;1.00334;-0.00954167;-0.00327079;0.999083;0.0289771;0.982089;1;4;1
652.531;1641.06;3.61011;-0.28459;0.00311145;0.00131212;-0.00165597;0.00409636;0.000327208;1.00377;0.000547969;4.20311e-05;1.01009;0.028712;0.988492;1;4;1
675.531;1641.06;3.70566;-0.375907;0.00590232;-0.00371653;-0.00150177;0.00613134;-0.00394554;1.00661;0.00597213;0.00516817;0.99776;0.0310249;0.986592;1;4;1
698.531;1641.06;3.88071;-0.388564;0.00496039;-0.00413983;-0.000163254;0.00496331;-0.00414276;1.00714;0.000341152;-0.00149565;0.997168;0.0306418;0.987495;1;3;1
721.531;1641.06;3.9332;-0.2965;0.00618906;-0.00105852;-0.00121161;0.00638624;-0.0012557;0.999091;0.00203508;-0.00387634;1.00126;0.0285064;0.986838;1;4;1
744.531;1641.06;4.16445;-0.302067;0.00783957;-0.00168075;-0.00106292;0.0079568;-0.00179798;1.00826;0.00264087;0.00250291;0.995254;0.0307483;0.983204;1;4;1
767.531;1641.06;4.29239;-0.34704;0.00700327;-0.00340464;0.000245526;0.00700906;-0.00341043;1.00737;0.00661771;-0.00212895;0.985092;0.0294466;0.986218;1;4;1
790.531;1641.06;4.48543;-0.366797;0.00589454;-0.00883968;0.00381142;0.00682209;-0.00976722;1.00229;-0.000219205;0.00103895;0.982942;0.0361365;0.983425;1;4;1
813.531;1641.06;4.56222;-0.126764;0.00280185;0.00322271;0.00234869;0.00537037;0.000654184;1.00092;0.00301609;0.00448547;1.00973;0.0340907;0.976588;1;4;1
836.531;1641.06;4.61382;-0.196749;0.00443968;-0.00366867;-0.00271374;0.00526411;-0.00449309;1.00064;0.00697778;-0.00717595;0.999342;0.0284115;0.980732;1;4;1
859.531;1641.06;4.766;-0.13689;0.00778024;-0.000257949;5.74679e-05;0.00778065;-0.00025836;1.0079;-0.00168109;0.00232825;0.999818;0.0351809;0.983519;1;4;1
882.531;1641.06;4.97002;-0.0262078;0.00670583;0.00475873;-7.60681e-05;0.0067088;0.00475577;1.00841;0.00622236;-0.00189841;1.01107;0.031689;0.980122;1;4;1
905.531;1641.06;5.07343;-0.106412;0.00620112;-0.00143175;-0.0034996;0.00756275;-0.00279338;1.00537;0.00484679;-0.00127644;1.00297;0.0309876;0.981933;1;4;1
928.531;1641.06;5.25432;-0.10693;0.00855004;-0.0016557;-0.00251487;0.00913609;-0.00224175;1.01537;0.0072122;0.00206058;1.00717;0.032893;0.977732;1;3;1
951.531;1641.06;5.465;-0.184072;0.00487413;-0.00341064;-0.0006968;0.00493233;-0.00346884;0.997865;-0.0026761;-0.00232411;0.993157;0.0328885;0.974383;1;3;1
974.531;1641.06;5.47782;-0.229948;0.00619726;-0.00944552;0.000229226;0.00620062;-0.00944888;1.00851;0.0151224;0.000476969;0.972043;0.0332468;0.979604;1;4;1
997.531;1641.06;5.74856;0.0578012;0.00500405;0.00393431;0.00392452;0.00842998;0.000508374;1.00447;-0.00786597;-0.00136902;1.01164;0.0385907;0.971244;1;4;1
1020.53;1641.06;5.70676;0.0209238;0.00427166;0.000579529;-0.00320124;0.00612098;-0.00126979;1.00693;0.00744677;-0.000872958;0.999603;0.04154;0.96559;1;4;1
1043.53;1641.06;5.94464;0.0678983;0.0101157;0.00136424;-0.000978145;0.0102237;0.00125625;1.00825;-0.000259543;0.00473382;1.00164;0.0392649;0.974256;1;4;1
1066.53;1641.06;6.16973;-0.0171318;0.00953107;-0.00371967;0.00097598;0.00960257;-0.00379117;1.01981;-0.00663168;-0.00337039;0.99939;0.0325701;0.978057;1;4;1
1089.53;1641.06;6.38087;-0.0395126;0.00316233;-0.00139868;0.00239435;0.00418843;-0.00242478;0.998676;-0.0146585;-0.000714365;1.00204;0.0308532;0.97929;1;3;1
1112.53;1641.06;6.31486;0.0858344;0.00493668;0.0025494;-0.00278194;0.00677024;0.000715842;1.00522;0.0133967;0.00286355;1.00706;0.0350057;0.982867;1;4;1
1135.53;1641.06;6.60731;0.0535465;0.00854618;0.00186896;-0.00186572;0.00903213;0.00138302;1.00709;5.17089e-05;-0.00633978;1.0065;0.0389331;0.970339;1;4;1
1158.53;1641.06;6.70613;-0.0447423;0.00682861;-0.0070098;-0.000604429;0.00685496;-0.00703615;1.00995;-0.00248843;0.00168998;0.990059;0.0367933;0.969663;1;4;1
1181.53;1641.06;6.92032;0.110659;0.00370251;0.00108043;0.0010312;0.00405947;0.000723472;0.995408;0.00454539;0.00225009;0.999419;0.0362276;0.963395;1;4;1
1204.53;1641.06;6.87583;0.123763;0.00779912;0.00230151;-0.00430879;0.0101612;-6.06184e-05;1.01889;0.0160701;-0.00571052;1.00926;0.0381734;0.962432;1;4;1
1227.53;1641.06;7.27762;0.192137;0.0107145;0.00198061;0.00189404;0.0111076;0.00158756;0.99542;-0.0167991;-0.00197212;0.999491;0.0448457;0.936909;1;4;1
1250.53;1641.06;7.36608;0.145041;0.0113945;-0.00224435;-0.000179622;0.0113968;-0.00224671;1.01872;-0.00377087;0.00723848;1.00233;0.0359807;0.96579;1;4;1
1273.53;1641.06;7.79879;0.243397;0.0189997;0.00127723;0.00740621;0.0216872;-0.00141027;1.01476;-0.00822987;-0.0142319;1.00473;0.0366605;0.973627;1;4;1
31.5305;1618.06;0.278814;-0.970182;0.00469332;-0.00420072;0.000367179;0.00470845;-0.00421586;1.00895;-0.00254119;0.00645136;0.997543;0.0290253;0.972714;1;3;1
54.5305;1618.06;0.386505;-0.957844;0.00486542;-0.00503068;0.00152449;0.00509494;-0.0052602;1.00711;0.00220107;-0.00446983;0.998511;0.027352;0.977019;1;3;1
77.5306;1618.06;0.502043;-0.910475;0.0050772;-0.00546308;0.0014342;0.00526886;-0.00565475;1.00271;0.000253974;-0.000137757;0.990062;0.0270772;0.981405;1;3;1
100.531;1618.06;0.619283;-0.827728;0.00576144;-0.00483652;0.000833919;0.00582665;-0.00490173;1.01305;0.000182008;-0.00627146;0.989969;0.0270576;0.97486;1;4;1
123.531;1618.06;0.766184;-0.802787;0.0055325;-0.00486179;-0.000742029;0.00558521;-0.0049145;0.998274;0.00225953;0.000103801;0.998777;0.0215142;0.988357;1;3;1
146.531;1618.06;0.873074;-0.847194;0.00357339;-0.00523617;-0.000370741;0.00358896;-0.00525174;1.00933;0.000799595;-0.00100074;0.990043;0.0278659;0.980585;1;3;1
169.531;1618.06;0.930172;-0.708723;0.00722185;-0.00544809;0.00117227;0.0073294;-0.00555564;1.00703;0.00306947;-0.00384375;0.992469;0.0269239;0.981378;1;4;1
192.531;1618.06;1.20394;-0.729246;0.00803738;-0.00562754;-0.000891853;0.00809534;-0.0056855;1.00631;-0.00178806;0.006632;0.994256;0.024286;0.985734;1;3;1
215.531;1618.06;1.29836;-0.778607;0.00337087;-0.00514276;0.000144366;0.00337332;-0.0051452;1.00361;0.000638863;-0.000522307;0.996277;0.0296588;0.968742;1;3;1
238.531;1618.06;1.3587;-0.789423;0.00429805;-0.00601974;0.000522176;0.00432441;-0.0060461;1.00674;0.00571726;-0.00320863;1.00164;0.0291003;0.968482;1;4;1
261.531;1618.06;1.49558;-0.69991;0.00469935;-0.00385984;7.25679e-05;0.00469997;-0.00386046;1.00175;-0.00105892;-0.0097856;0.995988;0.0262696;0.982958;1;4;1
284.531;1618.06;1.57421;-0.669474;0.00309992;-0.00351254;0.00102156;0.00325415;-0.00366676;1.00415;0.00231276;0.00356234;0.999432;0.0249979;0.985096;1;3;1
307.531;1618.06;1.63794;-0.659181;0.00515613;-0.00345964;0.00138835;0.00537432;-0.00367783;1.0022;-0.000937095;-0.000418245;0.993575;0.0201388;0.990708;1;3;1
330.531;1618.06;1.8107;-0.581263;0.00768931;-0.00177983;-0.00108115;0.00781119;-0.0019017;1.00592;-8.52934e-05;-0.00227762;0.993659;0.0273181;0.987944;1;3;1
353.531;1618.06;1.9903;-0.634785;0.00584508;-0.00441543;0.000187304;0.00584849;-0.00441885;1.00951;-0.00100855;-0.00604919;0.998611;0.0246313;0.98283;1;3;1
376.531;1618.06;2.07877;-0.542928;0.00575797;-0.00367402;-6.92382e-05;0.00575848;-0.00367453;1.00434;-0.00107692;0.000844546;0.992961;0.0247446;0.978982;1;4;1
399.531;1618.06;2.25436;-0.568896;0.00552071;-0.00273572;-0.00131741;0.00572583;-0.00294083;1.0039;-0.004645;0.00294695;0.992597;0.025514;0.983905;1;3;1
422.531;1618.06;2.33203;-0.557247;0.00498844;-0.00176134;-0.000261037;0.00499852;-0.00177142;1.003;7.32757e-05;-0.00480974;0.997174;0.0237798;0.982394;1;3;1
445.531;1618.06;2.48322;-0.513002;0.005915;-0.00293277;8.47433e-05;0.00591581;-0.00293358;1.00681;0.000866622;0.00484218;0.995279;0.0229354;0.984502;1;3;1
468.531;1618.06;2.60332;-0.546298;0.00652538;-0.00549219;9.23431e-05;0.00652609;-0.0054929;1.0069;-0.00212411;-0.00264871;0.99532;0.0207909;0.98795;1;3;1
491.531;1618.06;2.7824;-0.470894;0.00619856;-0.00407221;0.00126051;0.006351;-0.00422465;1.00689;0.00166582;-0.00152781;1.00384;0.024354;0.980206;1;3;1
514.531;1618.06;2.88735;-0.403785;0.00343878;-0.00160271;-0.00145978;0.00383096;-0.00199488;1.00526;0.00156778;-0.000594131;1.00107;0.0228633;0.983158;1;3;1
537.531;1618.06;2.94031;-0.488443;0.00493221;-0.000469702;7.50356e-05;0.00493325;-0.000470744;1.00321;-0.00183165;0.00266502;0.999871;0.0233986;0.987172;1;3;1
560.531;1618.06;3.11367;-0.416889;0.00712373;-0.00551304;0.000403524;0.0071366;-0.00552591;1.00553;0.00751922;-0.00310517;0.99669;0.0232773;0.988968;1;4;1
583.531;1618.06;3.2668;-0.426592;0.00580376;-0.0115275;-0.00146269;0.00592634;-0.0116501;1.00622;-0.00241178;0.0029476;0.994437;0.0234886;0.986098;1;4;1
606.531;1618.06;3.37986;-0.458784;0.00461967;-0.00336111;0.000395841;0.00463926;-0.00338069;1.0023;0.00349947;-0.00612605;0.995083;0.0239698;0.987563;1;4;1
629.531;1618.06;3.47863;-0.29703;0.00629645;-0.00213514;0.00286283;0.0071766;-0.0030153;1.00651;0.00120747;-0.000717456;0.99865;0.020143;0.991825;1;4;1
652.531;1618.06;3.66836;-0.314675;0.00532302;-0.000150015;-0.000295351;0.00533891;-0.000165907;1.00639;0.00250322;-0.00128783;0.997102;0.0248648;0.986184;1;3;1
675.531;1618.06;3.72284;-0.290261;0.00564986;-0.00128205;0.000100762;0.00565132;-0.00128352;1.0023;-0.000812423;-0.000253482;0.996961;0.0200375;0.991637;1;3;1
698.531;1618.06;3.92752;-0.293102;0.00673324;-0.00375441;0.000152284;0.00673545;-0.00375662;1.00982;0.000595016;-0.00115072;0.995045;0.0178888;0.992883;1;3;1
721.531;1618.06;4.03153;-0.271931;0.00567726;-0.00254508;-0.00086038;0.00576632;-0.00263414;1.00543;0.00300662;0.00206577;0.995214;0.0229961;0.988487;1;3;1
744.531;1618.06;4.18793;-0.263365;0.00474193;-0.00384956;-0.00032262;0.00475402;-0.00386166;1.00292;0.00060371;-0.00277645;0.995047;0.0205352;0.988929;1;3;1
767.531;1618.06;4.24915;-0.268559;0.0050525;-0.00282163;0.00123225;0.00524084;-0.00300997;1.0107;-0.00508311;-0.0017571;0.998347;0.0236857;0.987761;1;4;1
790.531;1618.06;4.41965;-0.162483;0.00633402;-0.00505537;0.000828973;0.00639404;-0.00511539;1.00749;0.000771257;-0.00299076;0.999039;0.0251384;0.988227;1;4;1
813.531;1618.06;4.53954;-0.200756;0.00683755;-0.000574607;0.00020629;0.00684329;-0.000580343;1.00199;0.00309362;-0.00152217;0.992222;0.0201758;0.989403;1;3;1
836.531;1618.06;4.73308;-0.111904;0.00672845;-0.00387342;-0.000457988;0.0067482;-0.00389317;1.00852;0.000331941;-0.00263057;0.989045;0.0247257;0.985564;1;4;1
859.531;1618.06;4.84797;-0.13081;0.00557256;-0.0010932;-0.00140474;0.0058565;-0.00137714;1.00567;-0.00150323;-0.00191894;0.999409;0.0285671;0.974573;1;4;1
882.531;1618.06;4.9887;-0.135392;0.00753764;0.000723936;-0.000517629;0.00757674;0.000684836;1.00594;-0.000752626;-0.00148395;0.998453;0.0256741;0.975093;1;3;1
905.531;1618.06;5.19336;-0.0731453;0.00746098;-0.00231662;0.000572114;0.00749434;-0.00234998;1.01015;-0.00258211;-0.00261028;0.997172;0.0285781;0.980625;1;3;1
928.531;1618.06;5.33059;-0.0686909;0.00528648;-0.00353172;-0.000789157;0.00535655;-0.00360179;1.00315;-0.000294196;0.00130023;0.992626;0.0249728;0.981445;1;3;1
951.531;1618.06;5.43589;-0.105475;0.00557727;-0.00409734;0.000773263;0.00563868;-0.00415876;1.00471;0.00258701;-0.000925808;1.00032;0.0237848;0.989479;1;3;1
974.531;1618.06;5.5864;-0.0114067;0.0056331;-0.00529991;-0.000819435;0.00569418;-0.00536099;1.00763;0.0015957;-0.000423432;1.00686;0.0252288;0.983785;1;3;1
997.531;1618.06;5.69423;-0.0324467;0.00593106;-0.000227454;0.000330182;0.00594871;-0.000245106;1.01266;0.00340524;-0.00100617;0.996218;0.0260845;0.982998;1;3;1
1020.53;1618.06;5.85842;0.00809823;0.00602108;-0.00153551;-0.000952184;0.00613921;-0.00165365;1.0046;0.00313972;-0.00135405;1.00127;0.0258863;0.97633;1;3;1
1043.53;1618.06;5.97032;0.0365564;0.00466039;0.000212471;-0.000566519;0.00473141;0.000141449;1.00072;0.00194096;0.00126203;1.0008;0.0246361;0.982743;1;4;1
1066.53;1618.06;6.07226;0.0687878;0.00768209;-0.00189413;0.000181054;0.00768551;-0.00189756;1.01272;0.0010855;-0.00572532;0.997156;0.0242856;0.980931;1;3;1
1089.53;1618.06;6.32233;-0.00724574;0.00909264;-0.00345706;-0.000394173;0.00910501;-0.00346943;1.00701;0.00683327;0.00367341;0.99344;0.0183861;0.992442;1;3;1
1112.53;1618.06;6.48862;0.0279273;0.00665733;-0.000741352;-0.00187855;0.00710697;-0.00119099;1.00494;-0.00234576;0.000869521;0.996404;0.0216819;0.988879;1;3;1
1135.53;1618.06;6.62755;0.0106094;0.0059607;-0.0010623;0.000642382;0.00601898;-0.00112057;1.00622;-0.00292098;-0.00274231;0.995638;0.0233088;0.985924;1;3;1
1158.53;1618.06;6.76191;0.11712;0.00719107;-0.00376836;-6.71938e-05;0.00719149;-0.00376878;1.00691;0.00358097;-0.0013881;0.999375;0.0209612;0.988762;1;3;1
1181.53;1618.06;6.9571;0.085852;0.00766237;-0.00146416;-0.000958372;0.00776192;-0.00156372;1.00694;-0.00166318;0.000978041;1.00156;0.0250853;0.979736;1;3;1
1204.53;1618.06;7.11302;0.0721098;0.00533826;-0.000102402;-0.00157693;0.00576227;-0.000526414;1.00566;-0.00113965;-0.000812003;0.998975;0.0230486;0.987864;1;3;1
1227.53;1618.06;7.20196;0.146752;0.00625164;0.000113974;0.00171379;0.00669775;-0.000332134;1.00141;0.00706721;-0.00258806;1.00118;0.0226657;0.985041;1;4;1
1250.53;1618.06;7.39953;0.196744;0.00783783;-0.00192871;0.000134705;0.00783969;-0.00193057;1.01733;0.00634831;-0.00162138;0.995824;0.0235766;0.983552;1;4;1
1273.53;1618.06;7.56105;0.215266;0.00704755;0.000680891;0.0040469;0.0090131;-0.00128466;1.00676;-0.00973798;-0.00200614;0.996503;0.0299768;0.980582;1;3;1
31.5305;1595.06;0.29464;-0.848637;0.00742734;-0.00424888;-0.000373038;0.00743924;-0.00426078;1.00678;-0.00211888;0.0011168;0.990461;0.0312099;0.975861;1;3;1
54.5305;1595.06;0.464835;-0.863603;0.00735326;-0.00433231;-0.000218108;0.00735733;-0.00433638;1.01034;0.00119179;4.02537e-05;0.987812;0.0274348;0.965766;1;4;1
77.5306;1595.06;0.631592;-0.771906;0.00467;-0.00544671;-9.92306e-05;0.00467097;-0.00544768;0.9995;0.00401171;-0.00853423;0.995429;0.0309703;0.964638;1;4;1
100.531;1595.06;0.67901;-0.747752;0.00393812;-0.00311128;-0.000984002;0.0040729;-0.00324606;1.00611;0.00656801;0.00226287;0.997819;0.0232738;0.98817;1;4;1
123.531;1595.06;0.812377;-0.736779;0.00609127;-0.00351806;-0.000386586;0.0061068;-0.00353359;1.00903;-0.000410419;-0.00243647;0.996158;0.0255075;0.983911;1;3;1
146.531;1595.06;0.958348;-0.713426;0.00576177;-0.00543997;0.000244136;0.00576709;-0.00544529;1.00275;0.00318155;0.00124129;0.999446;0.0266668;0.980531;1;3;1
169.531;1595.06;1.07664;-0.697346;0.0034105;-0.00134255;-0.000353442;0.00343664;-0.00136869;1.00427;-0.000567807;-0.0107901;1.00024;0.0266911;0.983628;1;4;1
192.531;1595.06;1.11493;-0.655272;0.00376625;-0.00278658;0.000244759;0.00377538;-0.00279571;1.00045;4.66118e-05;0.00728815;1.00083;0.0244868;0.989299;1;4;1
215.531;1595.06;1.24956;-0.713181;0.00694228;-0.00300396;0.00211166;0.00737203;-0.00343371;1.01359;-0.00279929;-0.00639545;0.999368;0.0264617;0.979004;1;3;1
238.531;1595.06;1.43309;-0.566712;0.00583079;-0.00547713;0.00028719;0.00583808;-0.00548442;1.00357;0.00283349;0.000316716;0.994164;0.0302726;0.980989;1;4;1
261.531;1595.06;1.51681;-0.580272;0.00372165;-0.00331933;-0.000750648;0.00380078;-0.00339847;1.00344;0.00422846;0.000566388;0.994705;0.0228667;0.984819;1;3;1
284.531;1595.06;1.60396;-0.594786;0.00514839;-0.0039996;0.000311471;0.00515898;-0.00401019;1.00206;-0.00180319;-0.00617405;0.997048;0.0231679;0.986054;1;3;1
307.531;1595.06;1.75299;-0.51742;0.006215;-0.00428805;-0.00138925;0.00639565;-0.0044687;1.00494;0.0103196;0.000410503;0.996438;0.023494;0.986378;1;4;1
330.531;1595.06;1.88895;-0.557466;0.005804;-0.00268471;-0.00100638;0.00592168;-0.00280239;1.00784;-0.00106914;0.00348682;0.99706;0.0201922;0.988433;1;3;1
353.531;1595.06;2.0192;-0.540322;0.00609808;-0.00488234;9.91082e-06;0.00609809;-0.00488234;1.00479;0.000751987;-0.000783747;0.994663;0.0211708;0.991441;1;3;1
376.531;1595.06;2.16854;-0.478976;0.00643083;-0.00213561;-0.000469767;0.00645652;-0.0021613;1.01025;0.00790644;-0.0032271;1.00087;0.0222554;0.988274;1;3;1
399.531;1595.06;2.31399;-0.453716;0.00448031;-0.00471214;-0.000348306;0.00449349;-0.00472532;1.00251;0.007194;-0.00126468;0.994612;0.0267609;0.982217;1;3;1
422.531;1595.06;2.37417;-0.455868;0.00402666;-0.00416401;-0.000112558;0.00402821;-0.00416556;1.00187;0.00182309;0.00122933;0.992214;0.021163;0.985526;1;3;1
445.531;1595.06;2.49884;-0.43581;0.00511795;-0.00368945;0.000747346;0.00518091;-0.00375242;1.00573;0.0018466;-0.00159148;0.995923;0.0253308;0.98481;1;3;1
468.531;1595.06;2.60898;-0.416646;0.00682833;-0.00485702;-6.92847e-05;0.00682874;-0.00485743;1.00541;0.000644595;-0.00614644;0.993168;0.0193852;0.990006;1;4;1
491.531;1595.06;2.81186;-0.400313;0.00730314;-0.00316811;-9.48289e-05;0.007304;-0.00316897;1.00584;0.00121136;0.0022868;0.990153;0.0247399;0.983952;1;3;1
514.531;1595.06;2.9437;-0.389498;0.00377659;-0.00145676;3.87675e-06;0.0037766;-0.00145677;1.00459;0.00764126;-0.00101153;0.993523;0.0293223;0.972132;1;4;1
537.531;1595.06;2.98526;-0.385769;0.00595235;-0.00429135;-0.000606716;0.00598816;-0.00432716;1.00329;0.00768209;-9.0808e-05;0.992981;0.0279415;0.987779;1;3;1
560.531;1595.06;3.21654;-0.266529;0.00666221;-0.00432878;0.000349326;0.00667331;-0.00433987;1.00647;-0.00158339;-0.00333321;0.994302;0.0228705;0.986241;1;4;1
583.531;1595.06;3.29052;-0.255158;0.00546523;-0.00521215;-0.00161626;0.00570452;-0.00545145;1.00323;0.00422967;-1.55579e-05;0.994086;0.0227703;0.986564;1;3;1
606.531;1595.06;3.46721;-0.32719;0.0033406;-0.00575075;-0.000616114;0.00338216;-0.00579231;1.00493;0.00013779;0.00453519;0.993308;0.023531;0.988153;1;4;1
629.531;1595.06;3.44393;-0.241995;0.00384841;-0.00194333;-0.0010846;0.00404486;-0.00213978;1.00425;0.00368555;-0.00670662;0.995326;0.0242962;0.98482;1;4;1
652.531;1595.06;3.64387;-0.277676;0.00597408;-0.00302177;-0.000630757;0.0060181;-0.00306578;1.00761;-0.00138533;0.0054567;0.996021;0.0276705;0.978853;1;4;1
675.531;1595.06;3.71786;-0.316893;0.00525497;-0.0018257;-0.00014589;0.00525798;-0.0018287;1.00657;0.00749009;-0.00162115;0.998228;0.024565;0.989074;1;4;1
698.531;1595.06;3.88493;-0.215536;0.00706278;-0.00273927;0.00113646;0.00719282;-0.0028693;1.00599;0.000176683;-0.00475779;0.995642;0.0203353;0.992098;1;3;1
721.531;1595.06;4.04141;-0.17915;0.00681636;-0.00276695;0.000364598;0.00683021;-0.0027808;1.00963;-0.00163488;-0.000482567;0.997124;0.0203474;0.989146;1;3;1
744.531;1595.06;4.19733;-0.124633;0.00519379;-0.00356562;-0.0008124;0.0052685;-0.00364033;1.00161;0.000393781;0.00146794;0.998126;0.0224719;0.988315;1;3;1
767.531;1595.06;4.27969;-0.21706;0.00609126;-0.00346156;-0.0014877;0.00631758;-0.00368789;1.00758;0.00658674;0.00239945;0.996721;0.0269642;0.977263;1;3;1
790.531;1595.06;4.47668;-0.133658;0.00685025;-0.00303533;0.000873088;0.00692677;-0.00311185;1.00787;-0.00338294;-0.00439879;0.994247;0.0237739;0.979164;1;4;1
813.531;1595.06;4.59358;-0.100314;0.00541354;-0.00439551;0.000294664;0.00542238;-0.00440435;1.0054;0.00184816;-0.00517563;0.993241;0.0236802;0.985372;1;3;1
836.531;1595.06;4.72489;-0.0180906;0.00605315;-0.00130978;-0.000311075;0.00606627;-0.0013229;1.00032;-0.00134039;0.00266743;1.00164;0.021072;0.985932;1;3;1
859.531;1595.06;4.87119;-0.0864548;0.00763091;-0.00317282;-0.00134186;0.00779508;-0.00333699;1.01476;0.00303526;0.0025882;0.994111;0.0243115;0.977804;1;4;1
882.531;1595.06;5.07456;-0.0593781;0.00470956;-0.00376317;0.000153443;0.00471234;-0.00376595;1.00484;0.00455244;-0.00417899;0.994617;0.0275822;0.969937;1;3;1
905.531;1595.06;5.08724;0.000277863;0.00479575;-0.0027815;0.00182421;0.00521205;-0.0031978;1.00014;0.00174038;-0.00288224;0.999907;0.0252131;0.976234;1;3;1
928.531;1595.06;5.2945;0.0558345;0.00793882;-0.00228229;0.000965452;0.00802921;-0.00237269;1.00741;-0.00225372;0.00371903;0.999856;0.0239334;0.982416;1;4;1
951.531;1595.06;5.45098;0.00479536;0.00721161;-0.00338388;-0.000102761;0.00721261;-0.00338488;1.00837;-0.00204035;0.00291076;0.995679;0.022421;0.983307;1;3;1
974.531;1595.06;5.62502;0.0147339;0.00625441;-0.00269283;-0.000257845;0.00626183;-0.00270026;1.00431;-0.00702428;-0.00681318;0.994852;0.0288832;0.980033;1;4;1
997.531;1595.06;5.73775;0.0682665;0.0051733;-0.0042002;-0.000459408;0.00519576;-0.00422266;1.00795;-0.000937409;0.000484649;1.00067;0.0248449;0.974019;1;3;1
1020.53;1595.06;5.86232;0.0918751;0.006963;-0.00270388;0.000178194;0.00696628;-0.00270717;1.00595;0.00176542;-0.000941769;0.993957;0.0254364;0.977918;1;3;1
1043.53;1595.06;6.05694;0.0582627;0.00539496;-0.00192314;-0.00034368;0.00541106;-0.00193924;1.0079;3.3767e-05;0.00136732;0.997438;0.0303203;0.970532;1;4;1
1066.53;1595.06;6.10982;0.0701201;0.00697112;-0.00158915;-0.000343265;0.00698486;-0.00160289;1.00787;0.00658014;-0.00323188;0.996258;0.0230591;0.985776;1;3;1
1089.53;1595.06;6.37646;0.119788;0.0086124;-0.00271138;0.000501029;0.00863452;-0.00273351;1.00024;-0.00102268;0.000957574;0.99762;0.0212221;0.9874;1;3;1
1112.53;1595.06;6.50427;0.120339;0.00568292;-0.00314001;-0.000693145;0.00573704;-0.00319414;1.01086;0.0049487;0.000295148;0.995537;0.0202917;0.986513;1;3;1
1135.53;1595.06;6.63713;0.102448;0.00615858;-0.00365984;-0.000778493;0.00621992;-0.00372118;1.00317;0.00766547;-0.0010526;0.996883;0.0201422;0.990103;1;3;1
1158.53;1595.06;6.7867;0.129001;0.00711543;-0.00212733;0.000599703;0.00715418;-0.00216608;1.0063;0.0026842;-0.000188758;0.998167;0.0208219;0.986389;1;3;1
1181.53;1595.06;6.96322;0.17808;0.00641196;-0.00265251;0.000684781;0.0064634;-0.00270395;1.01029;-0.000425457;-0.00221883;0.99309;0.0215227;0.988849;1;3;1
1204.53;1595.06;7.08071;0.12893;0.00614018;-0.00381554;-0.000148976;0.00614241;-0.00381777;1.00017;-0.000977933;0.00156662;0.998179;0.0223848;0.987121;1;3;1
1227.53;1595.06;7.24481;0.186906;0.00744152;-0.00279635;0.000185849;0.00744489;-0.00279972;1.01159;-0.00211556;-0.00436689;0.996864;0.0207926;0.990659;1;3;1
1250.53;1595.06;7.42163;0.233881;0.00481766;-0.000188086;4.28224e-05;0.00481803;-0.000188452;1.00819;0.000522315;-0.00184541;1.00201;0.0223876;0.987939;1;3;1
1273.53;1595.06;7.46588;0.21329;0.00192612;-0.000228446;-0.000133188;0.00193433;-0.000236648;0.993773;0.00693231;0.00604959;1.00333;0.0223616;0.992135;1;3;1
31.5305;1572.06;0.283296;-0.774317;0.0086886;-0.00362718;-0.000237121;0.00869317;-0.00363174;1.01061;-6.85587e-06;0.00225769;0.992852;0.0273831;0.982635;1;3;1
54.5305;1572.06;0.482267;-0.758024;0.00747689;-0.00359322;0.000711704;0.00752245;-0.00363879;1.0064;-0.000171935;-0.00307844;0.999596;0.0254443;0.976995;1;3;1
77.5306;1572.06;0.625813;-0.659073;0.00571468;-0.00234284;-8.13866e-05;0.0057155;-0.00234366;1.00551;0.000837442;-0.000145307;0.996874;0.0228988;0.986269;1;3;1
100.531;1572.06;0.744337;-0.684215;0.00456963;-0.00321956;-0.000411927;0.00459135;-0.00324129;0.9998;-0.000388636;0.00257104;1.00111;0.0270952;0.986871;1;4;1
123.531;1572.06;0.835534;-0.640619;0.00316765;-0.00430465;0.000717974;0.00323601;-0.00437302;1.0028;0.00192942;-0.000286407;0.99715;0.0235192;0.984124;1;3;1
146.531;1572.06;0.889735;-0.596268;0.00402815;-0.00335828;0.000695952;0.00409315;-0.00342328;0.999821;-0.00554936;-0.00404778;0.995975;0.0243575;0.983961;1;3;1
169.531;1572.06;1.02046;-0.646836;0.00601884;-0.00408184;0.00114011;0.00614593;-0.00420892;1.00456;-0.00701828;0.00423325;0.992612;0.0284376;0.980451;1;3;1
192.531;1572.06;1.16577;-0.600869;0.00376046;-0.00341731;-0.000209292;0.00376655;-0.00342341;1.00917;-0.00273584;-0.00121492;0.993727;0.0267244;0.980767;1;4;1
215.531;1572.06;1.19311;-0.640096;0.00650178;-0.005284;-0.000113386;0.00650287;-0.00528509;1.00729;0.00135397;-0.00255868;0.991996;0.0260063;0.980691;1;3;1
238.531;1572.06;1.46384;-0.53666;0.00749509;-0.0029112;0.000366937;0.00750802;-0.00292412;1.00764;0.00122876;-0.00526581;0.998509;0.0272498;0.979972;1;3;1
261.531;1572.06;1.53651;-0.546948;0.0031389;-0.00234637;-0.000178074;0.00314467;-0.00235214;1.00423;0.000254433;-0.00189473;1;0.0250306;0.984034;1;3;1
284.531;1572.06;1.60798;-0.48511;0.00578765;-0.00461435;0.000337737;0.0057986;-0.0046253;1.00389;-0.00128635;-0.000881046;0.989402;0.0286756;0.973244;1;4;1
307.531;1572.06;1.8019;-0.461213;0.00593211;-0.0012005;0.000119525;0.00593411;-0.0012025;1.0025;-0.00166461;-0.00566964;0.998251;0.0220787;0.989486;1;4;1
330.531;1572.06;1.88004;-0.457548;0.00578082;-0.00314905;0.000281496;0.00578969;-0.00315791;1.00326;0.00294081;0.00210487;1.00039;0.0223652;0.989576;1;3;1
353.531;1572.06;2.06702;-0.409582;0.00714591;-0.00354284;-0.000173928;0.00714874;-0.00354567;1.01093;0.00294597;0.000228305;1.00166;0.0238628;0.987241;1;3;1
376.531;1572.06;2.20759;-0.444403;0.00527838;-0.0026773;0.000693834;0.00533844;-0.00273735;1.00194;-0.00781277;-0.00704585;0.99596;0.0204206;0.988656;1;3;1
399.531;1572.06;2.30915;-0.351592;0.00332249;-0.00311664;0.00163137;0.00371221;-0.00350636;1.00478;-0.00689249;0.000680426;1.00415;0.0228995;0.988055;1;3;1
422.531;1572.06;2.3601;-0.365293;0.0031471;-0.00366617;-9.01753e-05;0.0031483;-0.00366736;1.00007;-0.001181;-0.00104089;1.00453;0.0244868;0.9836;1;3;1
445.531;1572.06;2.45369;-0.342963;0.00620722;-0.00432742;0.000866142;0.00627796;-0.00439815;1.00481;-0.00127848;-0.00220746;0.996965;0.0239199;0.985653;1;4;1
468.531;1572.06;2.64473;-0.322311;0.00794951;-0.00405803;-0.000649601;0.00798455;-0.00409307;1.00513;0.00442118;0.00615737;0.9984;0.0208504;0.988433;1;3;1
491.531;1572.06;2.81793;-0.324916;0.00559676;-0.00412356;-5.50876e-05;0.00559708;-0.00412387;1.00536;-0.00155102;-0.00368413;0.999311;0.0254689;0.985512;1;4;1
514.531;1572.06;2.90146;-0.336723;0.00653426;-0.00351686;0.0010889;0.00665087;-0.00363347;1.01337;-0.00930701;0.00519214;0.994532;0.0243727;0.987451;1;4;1
537.531;1572.06;3.11751;-0.290272;0.00675365;-0.00430897;0.000356983;0.00676516;-0.00432048;1.00633;-0.000679338;-0.00582744;0.995363;0.0209872;0.988452;1;4;1
560.531;1572.06;3.21094;-0.217229;0.00517148;-0.00258386;0.00141319;0.00542097;-0.00283335;1.00119;0.00218629;-0.00130084;0.999005;0.0160308;0.994395;1;3;1
583.531;1572.06;3.35467;-0.18612;0.00519748;-0.00166272;0.000110981;0.00519928;-0.00166452;1.00568;0.00361708;-0.00412406;0.998397;0.0203483;0.991144;1;3;1
606.531;1572.06;3.4494;-0.193432;0.00594354;-0.00452756;-0.00011017;0.0059447;-0.00452872;1.00343;0.0055099;0.00428073;0.993309;0.0221654;0.98828;1;4;1
629.531;1572.06;3.62726;-0.207309;0.00441029;-0.00223524;-0.00141501;0.00469904;-0.00252399;1.00898;-0.000209224;0.000652432;0.994927;0.0210815;0.991907;1;4;1
652.531;1572.06;3.65182;-0.17546;0.00371636;-0.00464923;-0.00103704;0.003843;-0.00477587;1.00345;0.00234942;-0.00549204;0.994289;0.026175;0.979806;1;4;1
675.531;1572.06;3.7979;-0.206141;0.00672431;-0.00353288;-0.000490801;0.00674774;-0.00355631;1.00337;0.00130751;0.000394313;0.996498;0.0228113;0.985752;1;3;1
698.531;1572.06;3.9601;-0.166912;0.00633292;-0.0034434;1.26753e-05;0.00633293;-0.00344342;1.00779;0.000766012;0.00304937;0.99737;0.0224216;0.985359;1;3;1
721.531;1572.06;4.08825;-0.14444;0.00576983;-0.00304622;0.000289948;0.00577936;-0.00305575;1.00367;-0.000230219;-0.000318409;0.997844;0.0220709;0.989315;1;3;1
744.531;1572.06;4.22471;-0.0990386;0.00628064;-0.00306852;3.68595e-05;0.00628079;-0.00306866;1.00721;8.03442e-06;-0.000151699;0.998763;0.0209879;0.991272;1;3;1
767.531;1572.06;4.37625;-0.108874;0.00503063;-0.00563689;-6.81533e-05;0.00503107;-0.00563732;1.0044;0.000223749;0.00267095;0.993299;0.0210741;0.993369;1;3;1
790.531;1572.06;4.45547;-0.0226308;0.00546934;-0.00338087;0.00128559;0.0056523;-0.00356383;1.00427;0.00140234;-0.00600709;0.997038;0.0212995;0.986375;1;3;1
813.531;1572.06;4.62702;0.00196696;0.00697687;-0.00367638;-0.00145993;0.00717332;-0.00387283;1.00829;0.000665511;-0.00095819;1.00006;0.0231688;0.982647;1;3;1
836.531;1572.06;4.77529;-0.0515952;0.00660035;-0.00271733;-0.000899979;0.00668648;-0.00280346;1.0078;0.00264224;-0.00164011;0.996231;0.0204453;0.991994;1;3;1
859.531;1572.06;4.92964;0.0154448;0.00622477;-0.00319027;0.00067373;0.00627274;-0.00323824;1.00121;0.00501399;-0.00268107;0.998914;0.0262578;0.976544;1;3;1
882.531;1572.06;5.06066;0.0380973;0.00459873;-0.00336823;0.00115894;0.00476389;-0.00353339;1.00833;-0.00156068;-0.000577839;0.997691;0.0256947;0.976453;1;3;1
905.531;1572.06;5.14068;0.0550124;0.00405781;-0.00317509;-0.00130425;0.00428581;-0.00340309;0.999904;0.00257449;-0.00357458;0.997216;0.0253346;0.976927;1;3;1
928.531;1572.06;5.24694;0.0364908;0.00575405;-0.0018556;-0.000635345;0.00580673;-0.00190828;1.00293;-0.000771727;0.00575723;0.996893;0.0268694;0.970872;1;4;1
951.531;1572.06;5.40461;0.0504586;0.00930387;-0.0024724;0.000872712;0.00936819;-0.00253672;1.01328;-0.00376978;-0.00455699;0.995575;0.0272703;0.972009;1;3;1
974.531;1572.06;5.67288;0.112712;0.00891383;-0.00283192;0.00167301;0.00914748;-0.00306557;1.00912;0.00438086;-0.00158468;0.997484;0.0301878;0.977706;1;4;1
997.531;1572.06;5.8127;0.161323;0.0034702;-0.00238163;0.000470253;0.00350775;-0.00241918;1.00468;0.00184278;-0.00106867;0.993092;0.0279792;0.97301;1;3;1
1020.53;1572.06;5.83223;0.132653;0.00364761;-0.00239902;-0.000593145;0.00370524;-0.00245666;1.00001;-0.00208898;0.00368933;0.998169;0.0265986;0.977502;1;3;1
1043.53;1572.06;5.98017;0.125107;0.00725213;-0.00320799;0.000338125;0.00726305;-0.00321891;1.0098;0.000450463;-0.00299874;0.998226;0.0256594;0.973874;1;3;1
1066.53;1572.06;6.16463;0.14204;0.00755246;-0.00524751;-0.000855401;0.00760937;-0.00530442;1.00833;-0.00033813;0.00124335;0.993345;0.0246495;0.98003;1;3;1
1089.53;1572.06;6.32628;0.117648;0.00808075;-0.00276009;0.000896079;0.00815432;-0.00283366;1.00866;0.00281165;-0.00120283;0.993188;0.0212141;0.987686;1;3;1
1112.53;1572.06;6.53484;0.172619;0.00831843;-0.00336785;0.00146173;0.00849849;-0.00354791;1.01066;-0.00466281;-0.000939243;0.995215;0.0193067;0.989319;1;4;1
1135.53;1572.06;6.70731;0.17934;0.00538938;-0.00254879;0.000973603;0.00550705;-0.00266645;1.00164;-0.00634306;0.000180683;0.993086;0.0211901;0.987025;1;3;1
1158.53;1572.06;6.78207;0.215086;0.00407621;-0.00267493;0.000524923;0.00411678;-0.0027155;1.00459;-0.00619774;-9.80109e-05;0.995994;0.0269152;0.983759;1;4;1
1181.53;1572.06;6.89443;0.208072;0.00771047;-0.00207503;0.000921729;0.00779653;-0.00216109;1.00649;0.000495203;-0.00220539;0.996131;0.0231969;0.985752;1;3;1
1204.53;1572.06;7.13538;0.247966;0.00861289;-0.00288146;0.000586726;0.00864276;-0.00291133;1.0091;0.000340064;-0.000961221;0.994326;0.023009;0.983293;1;3;1
1227.53;1572.06;7.28888;0.275647;0.00624776;-0.00258693;-0.000405644;0.00626635;-0.00260551;1.00551;0.000730802;0.00194163;0.995496;0.0198028;0.987923;1;3;1
1250.53;1572.06;7.42187;0.205402;0.0053039;-0.0025669;0.000221945;0.00531016;-0.00257316;1.00758;-0.00151866;0.000937926;0.990857;0.020444;0.989021;1;3;1
1273.53;1572.06;7.53219;0.225785;0.00480855;-0.00301928;-0.00115217;0.00497461;-0.00318534;1.00183;9.91271e-05;-0.00057067;0.997631;0.0292233;0.983023;1;3;1
31.5305;1549.06;0.348456;-0.681452;0.00721589;-0.00350654;-0.00112877;0.00733343;-0.00362408;1.005;0.00553474;-0.00235599;1.00371;0.0274216;0.973919;1;4;1
54.5305;1549.06;0.513821;-0.697991;0.00794004;-0.00428665;-0.000628654;0.00797228;-0.00431889;1.00579;0.000566113;0.000340183;0.99544;0.0238862;0.987585;1;3;1
77.5306;1549.06;0.712257;-0.663937;0.00482312;-0.00231764;0.00132377;0.00506062;-0.00255515;1.01083;-0.00251469;-0.0018678;1.0007;0.0269013;0.97791;1;3;1
100.531;1549.06;0.735047;-0.599379;0.00264996;-0.00493751;0.00139709;0.00289903;-0.00518658;0.995624;-0.0012497;-0.000575596;0.99223;0.0258215;0.981593;1;4;1
123.531;1549.06;0.833823;-0.538331;0.00333982;-0.00432181;0.000771231;0.00341668;-0.00439867;1.00361;-0.00218314;-0.000593145;0.99695;0.0283026;0.971287;1;3;1
146.531;1549.06;0.888405;-0.558632;0.00291753;-0.00354219;-0.00084551;0.00302636;-0.00365103;1.00236;0.00388675;-0.00289045;1.00133;0.0298916;0.977617;1;4;1
169.531;1549.06;0.967824;-0.509068;0.00550282;-0.00371981;0.000504606;0.00553035;-0.00374733;0.998254;0.00351806;0.00117918;0.997235;0.0267803;0.98623;1;3;1
192.531;1549.06;1.1408;-0.497799;0.0077598;-0.00434164;0.000329681;0.00776878;-0.00435062;1.01726;-0.000287691;-0.00303497;0.99573;0.0268395;0.978614;1;4;1
215.531;1549.06;1.32338;-0.469412;0.00765977;-0.0069107;-2.91722e-06;0.00765977;-0.0069107;0.998946;0.00344368;0.00332867;0.993452;0.0253121;0.980987;1;3;1
238.531;1549.06;1.49177;-0.432564;0.00569059;-0.00361766;6.84839e-05;0.00569109;-0.00361816;1.00837;-0.00182675;-0.00298946;0.996609;0.0216552;0.988013;1;3;1
261.531;1549.06;1.58441;-0.472163;0.00361899;-0.00217477;0.0001864;0.00362498;-0.00218077;1.00572;-0.00203893;-0.000755255;0.993984;0.021561;0.99173;1;3;1
284.531;1549.06;1.65791;-0.382002;0.00403012;-0.00351513;-0.000873259;0.00412987;-0.00361487;0.998881;0.000635504;-0.00189937;1.00083;0.0254269;0.982752;1;4;1
307.531;1549.06;1.76942;-0.462161;0.00559097;-0.00244901;-7.23497e-06;0.00559097;-0.00244901;1.00819;-0.00650538;0.00293733;0.993737;0.0207471;0.990363;1;3;1
330.531;1549.06;1.91437;-0.412374;0.00607801;-0.0034899;0.000439855;0.00609819;-0.00351008;1.00612;-0.00136154;0.00303099;0.996593;0.0241173;0.985119;1;3;1
353.531;1549.06;2.04809;-0.377052;0.0054111;-0.00291998;0.000829548;0.00549289;-0.00300178;1.00289;-0.00215418;-0.00916321;0.993949;0.0213044;0.991001;1;3;1
376.531;1549.06;2.16258;-0.355654;0.00424725;-0.00407102;0.000726855;0.00431028;-0.00413405;1.00025;-0.00113589;0.00392626;0.99523;0.0216644;0.99045;1;3;1
399.531;1549.06;2.243;-0.310071;0.00497942;-0.00365758;0.000883715;0.00506891;-0.00374707;1.00509;-0.00235433;-0.00416005;0.994828;0.0215428;0.987429;1;3;1
422.531;1549.06;2.39101;-0.286911;0.00477734;-0.00409948;-0.000119074;0.00477894;-0.00410108;1.0059;0.00635767;-0.000464473;0.993452;0.0225874;0.989512;1;3;1
445.531;1549.06;2.46218;-0.236302;0.00643649;-0.00493378;-0.000219579;0.00644073;-0.00493802;1.01523;0.0044419;0.00158486;0.99644;0.0295657;0.966898;1;4;1
468.531;1549.06;2.68611;-0.229532;0.00742873;-0.00459355;-0.000303388;0.00743638;-0.0046012;1.00317;0.000183397;-0.000447492;0.992447;0.0220481;0.987663;1;3;1
491.531;1549.06;2.80263;-0.210236;0.00419046;-0.00398553;0.000120889;0.00419225;-0.00398732;1.00083;0.00608998;0.000667899;0.997091;0.0220851;0.987427;1;3;1
514.531;1549.06;2.87847;-0.22739;0.00584727;-0.00395459;-0.000551941;0.00587825;-0.00398557;1.0088;0.00349374;0.00395525;0.996473;0.0237672;0.982287;1;3;1
537.531;1549.06;3.07082;-0.187048;0.00680867;-0.00424356;0.00130195;0.00695997;-0.00439485;1.00592;-0.00110949;-0.00660247;0.998682;0.0218585;0.98944;1;3;1
560.531;1549.06;3.19054;-0.14751;0.00508202;-0.00174889;0.000495465;0.00511777;-0.00178464;1.00294;-0.00165908;0.00184536;0.996257;0.0210883;0.986615;1;3;1
583.531;1549.06;3.304;-0.178607;0.00579475;-0.0019757;0.000397267;0.00581501;-0.00199596;1.00496;-0.00411568;-9.24718e-05;0.999889;0.0220448;0.98713;1;3;1
606.531;1549.06;3.45632;-0.118447;0.00626763;-0.00235749;0.000212275;0.00627286;-0.00236271;1.00815;0.000642855;-0.00172355;1.00097;0.0195946;0.989228;1;3;1
629.531;1549.06;3.59139;-0.138821;0.00618862;-0.00372327;0.000685192;0.00623576;-0.00377041;1.00876;0.00271153;-0.0019376;1.0026;0.0218715;0.987037;1;3;1
652.531;1549.06;3.74009;-0.0632108;0.003916;-0.00377986;-0.000691997;0.00397773;-0.00384159;1.00372;0.00368862;-0.000722801;0.997903;0.0244221;0.986144;1;3;1
675.531;1549.06;3.77118;-0.154062;0.00446176;-0.0046078;0.000150573;0.00446426;-0.0046103;0.998692;0.000373173;0.00229565;0.993827;0.0200442;0.988078;1;3;1
698.531;1549.06;3.94487;-0.0568265;0.00678655;-0.00341202;0.00120834;0.00692776;-0.00355323;1.01085;-0.00141684;-0.00321181;1.00075;0.018817;0.993033;1;3;1
721.531;1549.06;4.08216;-0.0387913;0.00620133;-0.00440033;0.000816062;0.00626378;-0.00446278;1.00254;-0.000959522;-0.00157714;0.998009;0.0205394;0.988674;1;3;1
744.531;1549.06;4.2292;0.0167468;0.00609308;-0.00350715;0.00146968;0.00631303;-0.0037271;1.00392;0.000218751;-0.00203678;0.996246;0.0188303;0.991248;1;3;1
767.531;1549.06;4.36152;0.0430455;0.00522482;-0.00360359;0.000275957;0.00523344;-0.00361221;1.00557;-0.000759292;0.00029651;0.998845;0.020166;0.990334;1;3;1
790.531;1549.06;4.46891;0.0221262;0.00734837;-0.00182193;-0.000262712;0.00735589;-0.00182945;1.01408;0.0075953;-0.00230571;0.996204;0.0224766;0.988467;1;4;1
813.531;1549.06;4.69831;0.069231;0.00767406;-0.00289997;0.000526296;0.00770019;-0.0029261;1.00368;0.00275436;-0.00149399;0.995499;0.0218412;0.98626;1;3;1
836.531;1549.06;4.8205;0.107176;0.00436015;-0.00435282;-0.000410114;0.00437942;-0.00437208;1.00312;-0.00443332;-0.00122907;0.994251;0.021134;0.987978;1;3;1
859.531;1549.06;4.89844;0.0605407;0.0040775;-0.00242969;2.15124e-06;0.0040775;-0.00242969;0.998404;-0.00512893;0.00260866;0.996832;0.0265161;0.97773;1;3;1
882.531;1549.06;5.00768;0.095871;0.00669158;-0.00327164;0.00118197;0.00682988;-0.00340994;1.01066;-0.00349426;-0.00476721;0.998616;0.0268788;0.973662;1;3;1
905.531;1549.06;5.20515;0.146716;0.00742819;-0.0032033;-7.54458e-05;0.00742872;-0.00320383;1.00688;0.00376572;0.00117208;0.998445;0.029023;0.962121;1;4;1
928.531;1549.06;5.3481;0.141303;0.00526653;-0.00138346;-0.00124465;0.00549185;-0.00160878;1.00845;0.00136844;-0.00337497;1.0004;0.0285499;0.97099;1;4;1
951.531;1549.06;5.44677;0.118667;0.00509867;-0.00314319;-0.00105138;0.00523068;-0.00327519;1.00411;0.00857672;0.00173763;1.00152;0.0286468;0.973724;1;4;1
974.531;1549.06;5.58204;0.145208;0.00583718;-0.00165408;0.00167311;0.00619387;-0.00201077;1.0112;-0.00287893;-0.00340219;0.998718;0.029387;0.967895;1;4;1
997.531;1549.06;5.71446;0.177958;0.00651432;-0.00248008;0.00180033;0.00686129;-0.00282705;1.00583;-0.010324;-0.000401028;0.997441;0.0289153;0.976636;1;3;1
1020.53;1549.06;5.88069;0.202367;0.00700026;-0.00352376;0.000232588;0.0070054;-0.0035289;1.00411;-0.00454265;-0.0014342;0.997809;0.0239124;0.980912;1;4;1
1043.53;1549.06;6.03534;0.206073;0.00654298;-0.00475707;0.000811664;0.00660098;-0.00481507;1.00288;-0.00375657;0.00463168;0.994783;0.0317165;0.973201;1;4;1
1066.53;1549.06;6.18056;0.312197;0.00631555;-0.00352253;0.00033916;0.00632723;-0.00353421;1.00707;0.00205962;-0.00120209;1.0016;0.029515;0.97075;1;4;1
1089.53;1549.06;6.32493;0.246957;0.00547856;-0.00411563;-0.000413964;0.00549639;-0.00413346;1.00591;-0.000457386;-0.0030746;1.00075;0.0226861;0.982897;1;3;1
1112.53;1549.06;6.43187;0.27558;0.00578294;-0.00336768;0.000357243;0.00579687;-0.0033816;1.00274;-0.00163051;0.0011521;1.00035;0.0245562;0.980336;1;4;1
1135.53;1549.06;6.59017;0.219866;0.00731501;-0.00275616;-7.92584e-05;0.00731563;-0.00275678;1.00638;0.00595793;0.000915451;1.00081;0.0230263;0.982543;1;3;1
1158.53;1549.06;6.76714;0.252217;0.00701337;-0.000974741;0.000873841;0.00710784;-0.00106922;1.01386;0.00114773;0.000809472;1.00107;0.0307386;0.977822;1;4;1
1181.53;1549.06;6.91163;0.273659;0.00713082;-0.00302115;1.59175e-05;0.00713085;-0.00302117;1.00495;-0.000255585;-0.00200823;1.00025;0.0257659;0.980532;1;3;1
1204.53;1549.06;7.09399;0.261671;0.00715773;-0.00178978;0.000659109;0.00720603;-0.00183808;1.0113;-0.00122507;0.0021711;1.00279;0.0237055;0.984223;1;3;1
1227.53;1549.06;7.23971;0.306059;0.00562323;-0.00269976;0.00145889;0.00587154;-0.00294807;1.00356;-0.00377105;-0.00122755;0.998685;0.0237493;0.983779;1;3;1
1250.53;1549.06;7.35185;0.352164;0.00812276;-0.00444688;0.00116273;0.00822942;-0.00455353;1.00826;-0.00617556;0.00111852;1.00158;0.0243371;0.987918;1;3;1
1273.53;1549.06;7.61182;0.35262;0.0113671;-0.0050644;0.000188552;0.0113693;-0.00506656;1.01162;-0.00103918;-0.00168075;0.989947;0.0255112;0.984014;1;4;1
31.5305;1526.06;0.353675;-0.612678;0.00887978;-0.00319207;0.00167447;0.00910774;-0.00342003;1.0066;-0.00144979;-0.00570028;0.991091;0.0272458;0.980582;1;3;1
54.5305;1526.06;0.556952;-0.560353;0.0054252;-0.00372252;0.000541788;0.00545717;-0.0037545;1.00703;0.00513006;-0.00135086;0.994008;0.0275178;0.984204;1;3;1
77.5306;1526.06;0.602521;-0.552332;0.00400719;-0.00435757;0.00180629;0.00438058;-0.00473095;1.00546;-0.00123176;-0.00123733;0.991898;0.026047;0.985957;1;3;1
100.531;1526.06;0.740798;-0.456526;0.00441982;-0.0035406;0.000977721;0.00453815;-0.00365893;1.0047;-7.7982e-05;-0.0060897;0.992744;0.0276566;0.980974;1;3;1
123.531;1526.06;0.805252;-0.441374;0.0055715;-0.00255528;0.000358915;0.00558732;-0.0025711;1.00673;0.00236298;0.00338991;0.993478;0.0284405;0.981727;1;4;1
146.531;1526.06;0.996371;-0.432914;0.00499769;-0.00401495;-0.00147812;0.00523392;-0.00425118;1.00298;0.0123123;0.00304207;0.996903;0.0288202;0.984706;1;4;1
169.531;1526.06;1.03456;-0.475403;0.00388788;-0.00456359;-0.000523285;0.00392015;-0.00459587;1.00591;-0.00253565;-0.00181703;0.99567;0.024193;0.984466;1;3;1
192.531;1526.06;1.17486;-0.400717;0.00486761;-0.00404245;0.000646165;0.00491423;-0.00408906;1.00612;0.00408922;-0.0107431;0.994566;0.0259568;0.983644;1;4;1
215.531;1526.06;1.25767;-0.321052;0.00610566;-0.00375892;0.000255228;0.00611226;-0.00376552;1.00397;-6.71965e-05;0.00503065;0.997776;0.0222647;0.982407;1;4;1
238.531;1526.06;1.45485;-0.369945;0.00680983;-0.00308717;-0.00122952;0.00696029;-0.00323763;1.0061;0.00356753;0.000857396;0.996787;0.0235067;0.987825;1;3;1
261.531;1526.06;1.56969;-0.446787;0.00529859;-0.00479231;0.000955986;0.00538836;-0.00488208;1.00486;0.00359086;-0.00251656;0.991642;0.0287915;0.986206;1;4;1
284.531;1526.06;1.69792;-0.323041;0.00441931;-0.00329632;0.000936972;0.00453146;-0.00340848;0.999571;-0.000189676;-0.000495829;0.992986;0.0227867;0.98669;1;3;1
307.531;1526.06;1.77243;-0.348411;0.0049296;-0.00618887;-0.000173161;0.0049323;-0.00619156;1.00741;0.00430562;-0.00095131;0.995975;0.0223181;0.987211;1;3;1
330.531;1526.06;1.92412;-0.29671;0.00599594;-0.00545992;0.0010001;0.00608259;-0.00554657;1.00868;0.000843057;-0.00269037;0.993805;0.0201873;0.991072;1;3;1
353.531;1526.06;2.04736;-0.275062;0.00617812;-0.00567926;0.000626095;0.00621109;-0.00571223;1.00326;0.00444632;-0.00227543;0.995949;0.0201246;0.991767;1;3;1
376.531;1526.06;2.20742;-0.256754;0.00543065;-0.00646781;0.00116767;0.00554416;-0.00658132;1.00564;-0.00138202;-0.00188953;0.990324;0.0229477;0.987939;1;3;1
399.531;1526.06;2.29641;-0.183032;0.00516036;-0.00473884;1.69828e-05;0.00516039;-0.00473887;1.00916;0.0018912;0.000405006;0.992854;0.0243653;0.986586;1;3;1
422.531;1526.06;2.44412;-0.176252;0.00510295;-0.00382943;0.000490683;0.00512982;-0.00385631;1.00349;-0.00330752;-0.00173337;0.992362;0.0225466;0.985419;1;3;1
445.531;1526.06;2.5305;-0.115382;0.00553958;-0.00393764;-0.000478879;0.00556372;-0.00396178;1.0036;-0.001812;-0.00196315;0.994481;0.0247962;0.981561;1;3;1
468.531;1526.06;2.69819;-0.110489;0.00607232;-0.00485122;0.000134189;0.00607397;-0.00485287;1.00827;-0.0037077;0.00356021;0.996628;0.0213922;0.989432;1;3;1
491.531;1526.06;2.80897;-0.141214;0.00603414;-0.00317752;-0.000645487;0.00607915;-0.00322253;1.00444;-0.000278055;0.00188128;0.998841;0.0234937;0.986669;1;3;1
514.531;1526.06;2.97491;-0.154392;0.00585606;-0.00369699;-0.000391992;0.00587212;-0.00371304;1.00789;0.00297996;-0.0010459;0.999277;0.0206368;0.987218;1;3;1
537.531;1526.06;3.07754;-0.0946355;0.00433674;-0.00452797;2.44512e-06;0.00433675;-0.00452797;0.997918;-0.000987508;-0.00222462;0.995616;0.022247;0.987475;1;3;1
560.531;1526.06;3.17397;-0.136694;0.00587863;-0.0036746;-0.000349302;0.00589139;-0.00368735;1.01584;0.000795047;-0.000888829;0.99468;0.0264144;0.983827;1;4;1
583.531;1526.06;3.34717;-0.0951477;0.00644444;-0.00440569;4.2318e-05;0.0064446;-0.00440586;1.00065;0.00362383;-0.00135331;0.991771;0.0233004;0.985984;1;3;1
606.531;1526.06;3.46943;-0.0848545;0.00593423;-0.00257866;0.000394155;0.00595245;-0.00259687;1.00782;0.000409188;0.00069013;0.99914;0.0209287;0.992944;1;3;1
629.531;1526.06;3.6193;-0.0357183;0.005029;-0.00345208;0.00147337;0.00527767;-0.00370075;1.01066;0.000336235;-0.00144246;0.994164;0.0255081;0.98302;1;4;1
652.531;1526.06;3.70011;-0.00123101;0.00372756;-0.00283196;0.00156297;0.00408094;-0.00318534;0.999588;-0.000458262;-0.00140398;0.996841;0.0253102;0.98269;1;3;1
675.531;1526.06;3.79043;0.00630907;0.00574854;-0.00484555;-0.000476208;0.0057699;-0.00486692;1.00815;0.000279388;0.00241844;0.994859;0.0199974;0.987505;1;3;1
698.531;1526.06;3.96379;-0.00969001;0.0064562;-0.00271518;0.000505261;0.00648395;-0.00274293;1.00739;-0.00225174;-0.00570596;0.993714;0.0185409;0.990218;1;4;1
721.531;1526.06;4.08644;0.0584229;0.00452403;-0.00469905;0.00136325;0.00472131;-0.00489633;1.00048;-0.00200847;1.17063e-05;0.992271;0.0219746;0.983819;1;3;1
744.531;1526.06;4.17137;0.0626054;0.00588434;-0.00363548;-0.000427314;0.00590348;-0.00365462;1.01185;-0.002427;0.00436176;0.994535;0.0212529;0.986203;1;3;1
767.531;1526.06;4.35632;0.0571953;0.00728822;-0.00294933;-0.000359785;0.00730085;-0.00296196;1.00312;0.00209607;-0.000668235;0.997505;0.0181848;0.992183;1;3;1
790.531;1526.06;4.50541;0.0612817;0.00669336;-0.003906;5.52184e-05;0.00669365;-0.00390628;1.00726;-0.00695198;-0.00539182;0.997983;0.0223331;0.987332;1;3;1
813.531;1526.06;4.66313;0.135574;0.00651913;-0.00340645;0.000429725;0.0065377;-0.00342502;1.00787;-0.00275334;0.00163615;0.999781;0.0242998;0.983219;1;3;1
836.531;1526.06;4.80424;0.149081;0.00556063;-0.00415321;6.13695e-05;0.00556102;-0.00415359;1.00647;0.0021963;0.00240537;0.992262;0.0260973;0.976772;1;4;1
859.531;1526.06;4.91821;0.127348;0.00509411;-0.00376244;-0.000669438;0.00514442;-0.00381275;1.00443;0.00512425;-0.00147405;0.996442;0.0299375;0.98245;1;3;1
882.531;1526.06;5.03796;0.188845;0.00598245;-0.0030378;4.48936e-05;0.00598267;-0.00303803;1.00779;0.00351604;-0.00368767;0.995762;0.0232277;0.983388;1;3;1
905.531;1526.06;5.19252;0.20263;0.006436;-0.00192195;-0.00110254;0.00657899;-0.00206494;1.00132;-0.00033096;0.00171483;0.995621;0.0269922;0.97151;1;3;1
928.531;1526.06;5.33298;0.100255;0.00680992;-0.00467766;0.000750885;0.00685879;-0.00472654;1.00547;0.00311039;-0.000267236;0.996048;0.029343;0.966384;1;3;1
951.531;1526.06;5.50472;0.195382;0.00535771;-0.00323482;0.000915496;0.00545417;-0.00333128;1.00675;-0.00362577;0.0048526;0.99134;0.0257023;0.980319;1;4;1
974.531;1526.06;5.5787;0.18896;0.00436032;-0.00316563;0.0016108;0.00469059;-0.0034959;1.00172;-0.00291942;-0.0059748;0.995938;0.0270886;0.981122;1;4;1
997.531;1526.06;5.70479;0.275675;0.00567312;-0.00368926;0.00114106;0.00581018;-0.00382633;1.0085;0.00338203;0.00117654;0.994441;0.0257079;0.973459;1;3;1
1020.53;1526.06;5.8388;0.295033;0.00675842;-0.00524632;3.6672e-05;0.00675853;-0.00524643;1.00328;0.0128874;-0.00682389;0.991211;0.0262176;0.981851;1;3;1
1043.53;1526.06;6.01458;0.344468;0.00731575;-0.00391234;0.000244692;0.00732108;-0.00391767;1.01208;0.00172465;7.34913e-05;0.99707;0.0267714;0.975948;1;4;1
1066.53;1526.06;6.1741;0.304363;0.00683463;-0.000134611;-0.000583781;0.00688319;-0.000183173;1.00874;7.62223e-05;0.000329821;0.997763;0.026299;0.975713;1;3;1
1089.53;1526.06;6.32789;0.307358;0.00656971;-0.00147115;-0.000246518;0.00657727;-0.0014787;1.00083;-0.000656141;-0.00272387;0.996896;0.0239683;0.979992;1;3;1
1112.53;1526.06;6.47532;0.327832;0.007934;-0.00140002;-0.00116237;0.00807658;-0.00154259;1.01347;0.000815022;0.00328318;0.996741;0.0213394;0.983299;1;2;1
1135.53;1526.06;6.69142;0.306302;0.00611276;-0.00397237;-0.00158035;0.0063546;-0.00421421;1.0029;-0.000457249;0.00374578;0.995113;0.0218148;0.986095;1;3;1
1158.53;1526.06;6.7556;0.259954;0.00459595;-0.00342283;-0.000820094;0.00467896;-0.00350584;1.00194;0.00337167;-0.00448118;0.998894;0.026365;0.983403;1;3;1
1181.53;1526.06;6.90233;0.347256;0.00767571;-0.0028017;0.000731954;0.0077266;-0.00285258;1.01329;-0.00247093;-0.00230531;0.996477;0.0320812;0.973241;1;4;1
1204.53;1526.06;7.10728;0.330378;0.00748109;-0.00419087;0.000402701;0.00749497;-0.00420475;1.01049;0.00440116;-0.00100897;0.988313;0.0226568;0.985567;1;3;1
1227.53;1526.06;7.24515;0.400024;0.00554831;-0.00357226;0.000406115;0.00556636;-0.0035903;1.00375;0.00527414;0.00166229;0.996113;0.0258646;0.980941;1;3;1
1250.53;1526.06;7.36173;0.410455;0.00590462;-0.00179916;-0.000147496;0.00590744;-0.00180198;1.00819;0.0131934;0.00136924;0.99402;0.0243271;0.984173;1;3;1
1273.53;1526.06;7.51593;0.459343;0.00672902;-0.000219499;0.00271587;0.00766457;-0.00115505;0.999808;-0.00253594;-0.00992913;1.01457;0.0278984;0.989512;1;3;1
31.5305;1503.06;0.299156;-0.534355;0.00982553;-0.00427863;-0.00011089;0.0098264;-0.0042795;1.00171;-0.00138581;-0.00319837;0.997265;0.0362397;0.963743;1;3;1
54.5305;1503.06;0.524043;-0.526434;0.00765079;-0.00435945;0.000942669;0.00772433;-0.00443299;1.00189;-0.00694367;-0.0105247;1.00255;0.0269522;0.982435;1;4;1
77.5306;1503.06;0.649701;-0.463008;0.00504781;-0.00423203;-4.13743e-05;0.005048;-0.00423221;1.0081;-5.50378e-05;-0.000426243;0.999251;0.0260422;0.98179;1;3;1
100.531;1503.06;0.755571;-0.436218;0.00380557;-0.00269465;-0.000500392;0.00384386;-0.00273294;1.002;-0.000734103;0.000520895;1.00288;0.0233944;0.988563;1;3;1
123.531;1503.06;0.824406;-0.420637;0.00511006;-0.0019422;0.000326652;0.00512516;-0.0019573;1.00495;0.00173551;0.00389093;1.00425;0.0259735;0.977529;1;3;1
146.531;1503.06;0.989994;-0.373459;0.00486965;-0.00330222;0.00203672;0.00534914;-0.0037817;1.00278;-0.011877;-0.00982658;1.00173;0.0258564;0.979779;1;3;1
169.531;1503.06;1.04771;-0.298591;0.00533313;-0.0058144;8.02018e-05;0.00533371;-0.00581498;1.00894;0.00661436;0.00469189;0.997547;0.0259574;0.982809;1;3;1
192.531;1503.06;1.23463;-0.311373;0.00616693;-0.00408649;-0.000215238;0.00617145;-0.00409101;1.00729;-0.00106738;0.000652763;0.99647;0.024184;0.983398;1;3;1
215.531;1503.06;1.33052;-0.296175;0.00534021;-0.00274374;-7.88288e-05;0.00534098;-0.00274451;1.00435;0.00385344;-0.00338801;0.995072;0.0226233;0.986061;1;3;1
238.531;1503.06;1.47962;-0.290332;0.00463813;-0.00416046;8.95772e-05;0.00463904;-0.00416138;1.00528;-0.00181467;0.00259464;0.998082;0.023116;0.989765;1;3;1
261.531;1503.06;1.54336;-0.251167;0.00414184;-0.00622465;0.000348969;0.00415358;-0.00623638;1.00034;-0.00260445;-0.00703163;1.00174;0.0267159;0.976585;1;3;1
284.531;1503.06;1.66971;-0.230119;0.00584349;-0.0031867;0.000893782;0.0059311;-0.00327432;1.01159;-0.000304171;0.00238298;1.00213;0.0216176;0.991949;1;3;1
307.531;1503.06;1.81131;-0.176568;0.00491995;-0.00438175;-0.000137233;0.00492198;-0.00438377;0.999239;-0.000680813;-0.00663827;0.993696;0.0238863;0.988558;1;3;1
330.531;1503.06;1.89542;-0.160524;0.00477333;-0.00369525;0.000193177;0.00477773;-0.00369965;1.00098;0.00105637;-0.00031918;0.99715;0.0218625;0.986919;1;3;1
353.531;1503.06;2.03033;-0.115057;0.00547938;-0.00401363;0.000408299;0.00549691;-0.00403116;1.00703;-0.00271874;-0.00287012;1.00174;0.0201467;0.991442;1;3;1
376.531;1503.06;2.14667;-0.057164;0.0063425;-0.00408082;-2.15975e-05;0.00634255;-0.00408086;1.01078;0.00366986;0.00168548;0.99235;0.0242308;0.987664;1;4;1
399.531;1503.06;2.32116;-0.0914992;0.00581041;-0.00150542;-0.000505834;0.00584522;-0.00154022;1.00335;-0.000907416;-0.00301204;1.00197;0.02472;0.983552;1;4;1
422.531;1503.06;2.41315;-0.110413;0.00544942;-0.00255639;0.00070299;0.00551068;-0.00261765;1.00209;0.000675025;0.000518906;0.998081;0.0250979;0.986927;1;3;1
445.531;1503.06;2.57113;-0.0546827;0.00512736;-0.00249402;0.00104526;0.00526812;-0.00263478;1.00785;0.00104941;-0.00401686;0.995213;0.0231279;0.987198;1;3;1
468.531;1503.06;2.64829;-0.00581593;0.00538454;-0.00461799;0.000141045;0.00538653;-0.00461997;1.00137;-0.0034367;0.00113269;0.992172;0.0203665;0.988083;1;3;1
491.531;1503.06;2.81816;-0.0638346;0.00680998;-0.00552981;-0.000216052;0.00681376;-0.00553359;1.00838;-0.00259722;0.000579625;0.996193;0.021271;0.987872;1;3;1
514.531;1503.06;2.96046;-0.05694;0.00588797;-0.00426548;0.00181923;0.00620409;-0.00458159;1.00558;-0.000517985;-0.0029669;0.992663;0.0207353;0.989141;1;3;1
537.531;1503.06;3.08813;0.0217156;0.00570289;-0.00390746;0.00073745;0.00575915;-0.00396372;1.0045;0.00182182;-0.00376565;0.991459;0.0269995;0.981308;1;4;1
560.531;1503.06;3.22198;0.0218443;0.0057398;-0.00578473;-0.000719393;0.00578453;-0.00582946;1.00729;0.00136384;0.00334766;1.00058;0.02601;0.979839;1;3;1
583.531;1503.06;3.35141;0.0245281;0.00560746;-0.00502426;-0.000441859;0.00562579;-0.00504259;1.00524;-0.000954123;0.000258254;0.996496;0.0227645;0.988154;1;3;1
606.531;1503.06;3.4792;0.000330498;0.00409593;-0.00564196;0.000251565;0.00410242;-0.00564846;1.00237;0.00247727;0.00262586;0.994131;0.0207533;0.990374;1;3;1
629.531;1503.06;3.53944;0.0202789;0.00347188;-0.00367092;0.00150839;0.00377736;-0.00397639;1.00527;-0.00343978;-0.00388037;0.996709;0.026231;0.980008;1;3;1
652.531;1503.06;3.63858;0.0673566;0.0058202;-0.00399972;0.000750789;0.00587727;-0.00405679;1.00306;-0.0054582;0.00107398;0.990364;0.0237325;0.985344;1;3;1
675.531;1503.06;3.80637;0.0693899;0.00680005;-0.00350837;-0.000550358;0.00682935;-0.00353767;1.00934;0.0012892;-2.32397e-05;0.994845;0.02225;0.985401;1;4;1
698.531;1503.06;3.95033;0.0682422;0.00485298;-0.00356458;0.00117148;0.00501298;-0.00372458;1.00114;-0.00494525;-0.00481046;0.997784;0.0219164;0.987705;1;4;1
721.531;1503.06;4.02894;0.177906;0.0069125;-0.00398793;0.00106417;0.00701542;-0.00409085;1.00778;0.00324631;-0.00139704;1.00001;0.0201657;0.990505;1;3;1
744.531;1503.06;4.26706;0.184299;0.00794733;-0.0025671;-0.00121342;0.00808554;-0.00270532;1.00953;0.00879632;0.00574607;1.00067;0.0198613;0.991751;1;3;1
767.531;1503.06;4.39307;0.178926;0.00598215;-0.00429618;-0.000241383;0.00598782;-0.00430185;1.00618;0.000497358;-0.00493031;0.995173;0.0270867;0.975379;1;3;1
790.531;1503.06;4.54142;0.202212;0.00770146;-0.00392275;0.000683921;0.00774156;-0.00396285;1.00898;0.00582038;0.0046993;0.99106;0.0222092;0.985426;1;3;1
813.531;1503.06;4.74596;0.22622;0.00578656;-0.00361891;0.000814197;0.00585652;-0.00368887;1.00699;0.00810333;-0.00285964;0.991354;0.0218962;0.987003;1;3;1
836.531;1503.06;4.80674;0.298624;0.00551877;-0.0042869;0.00020913;0.00552323;-0.00429136;1.00903;0.000932628;-0.00286811;0.999689;0.027256;0.985534;1;4;1
859.531;1503.06;4.99913;0.23405;0.00591935;-0.00409432;-0.00117852;0.00605618;-0.00423115;1.00369;-0.00159663;0.00199057;0.998672;0.0261306;0.976423;1;3;1
882.531;1503.06;5.07818;0.235877;0.00477109;-0.00152832;-0.000437456;0.00480132;-0.00155855;1.00613;-0.000867957;0.00309257;1.0017;0.0259804;0.97942;1;3;1
905.531;1503.06;5.21808;0.235213;0.00423262;-0.0039186;0.00136065;0.00445375;-0.00413973;1.00199;-0.00073855;-0.00495994;0.998093;0.0260987;0.981221;1;4;1
928.531;1503.06;5.27231;0.357044;0.00507515;-0.00647906;0.000176847;0.00507786;-0.00648177;1.01077;-0.0100469;0.00626309;0.994693;0.032291;0.969389;1;4;1
951.531;1503.06;5.45093;0.26771;0.00527279;-0.00398999;-0.000830239;0.00534662;-0.00406382;1.00284;-0.00363996;-0.00268237;1.00043;0.0242369;0.978778;1;3;1
974.531;1503.06;5.51418;0.291108;0.005762;-0.00429024;3.84232e-05;0.00576215;-0.00429038;1.00874;-0.00185791;-0.00116474;0.996796;0.0251491;0.981842;1;3;1
997.531;1503.06;5.71516;0.347978;0.00942197;-0.00327429;0.00135704;0.00956539;-0.00341772;1.0119;-0.00107027;-0.0045911;1.00553;0.0242507;0.983025;1;4;1
1020.53;1503.06;5.94531;0.444379;0.0066979;-0.00350181;-0.000651986;0.00673941;-0.00354331;1.00652;-0.00307688;-0.00339248;1.00548;0.0322688;0.957326;1;3;1
1043.53;1503.06;6.02222;0.386396;0.00549128;-0.00308762;-0.00196006;0.00591789;-0.00351423;1.00514;0.00782962;0.00459366;0.995203;0.0263897;0.977147;1;3;1
1066.53;1503.06;6.19705;0.318392;0.00760648;-0.00312259;-0.000975004;0.00769436;-0.00321047;1.00261;-0.00110892;0.00247654;0.997016;0.0249653;0.97399;1;3;1
1089.53;1503.06;6.37074;0.314702;0.007416;-0.00232997;0.000239133;0.00742186;-0.00233583;0.998533;0.000192124;-0.00409332;0.998787;0.0269073;0.975086;1;4;1
1112.53;1503.06;6.53693;0.340146;0.00647356;-0.00184889;0.00036916;0.00648991;-0.00186524;1.01493;0.00675324;0.000464254;0.997302;0.0222303;0.985751;1;3;1
1135.53;1503.06;6.66748;0.403024;0.00754991;-0.00343021;0.00105861;0.00765104;-0.00353134;1.00401;0.000105557;-0.0024699;0.994595;0.0228968;0.984628;1;3;1
1158.53;1503.06;6.88287;0.410083;0.00538425;-0.00458042;-0.00149567;0.0056039;-0.00480008;1.01204;0.00552928;-0.00239223;0.994469;0.0202525;0.990816;1;3;1
1181.53;1503.06;6.9145;0.402719;0.00493666;-0.00275119;6.17155e-05;0.00493715;-0.00275168;1.00264;0.000626064;-0.000495814;0.995339;0.0286195;0.975467;1;4;1
1204.53;1503.06;7.10938;0.45486;0.00802001;-0.00394012;0.000290364;0.00802706;-0.00394717;1.00683;-0.00116609;0.00176751;0.994519;0.0224586;0.985073;1;3;1
1227.53;1503.06;7.2819;0.470697;0.00686763;-0.00347361;-0.00113543;0.00699083;-0.00359681;1.00668;0.00347626;0.0013536;0.998247;0.0208175;0.987227;1;3;1
1250.53;1503.06;7.42421;0.435057;0.00389795;-0.00263881;-0.00143251;0.0041981;-0.00293896;1.00912;-0.0032686;0.000724212;1.00015;0.0219769;0.984014;1;3;1
1273.53;1503.06;7.46073;0.362966;0.00159427;-0.00219265;-0.00227501;0.00266069;-0.00325906;0.996846;-0.000319546;0.00640414;0.984428;0.0339369;0.973995;1;3;1
31.5305;1480.06;0.379399;-0.415431;0.00707041;-0.00334955;0.000122737;0.00707186;-0.00335099;1.00599;0.00152691;-0.00548915;0.996191;0.0241434;0.983687;1;3;1
54.5305;1480.06;0.54138;-0.359377;0.00690037;-0.00505893;0.000726091;0.00694429;-0.00510285;1.00653;-0.00466184;-0.000446021;0.988634;0.0285175;0.976937;1;3;1
77.5306;1480.06;0.695692;-0.35715;0.00626701;-0.00407849;2.67878e-06;0.00626701;-0.00407849;1.00903;-0.00298425;-0.000450229;0.992716;0.0262078;0.987366;1;3;1
100.531;1480.06;0.828757;-0.33232;0.00309128;-0.00379531;7.94825e-05;0.0030922;-0.00379622;1.00035;0.00529882;0.00211336;0.995692;0.0241524;0.98656;1;3;1
123.531;1480.06;0.837671;-0.351934;0.00222474;-0.00497774;-0.000562159;0.00226835;-0.00502135;1.00052;0.00141027;-0.000756185;0.992784;0.0235045;0.988666;1;3;1
146.531;1480.06;0.930952;-0.280714;0.00547525;-0.00457492;0.00140851;0.00566892;-0.00476858;1.00444;0.00464903;-0.00488539;0.990306;0.0267153;0.98256;1;3;1
169.531;1480.06;1.08862;-0.207126;0.00579992;-0.00321604;0.00091574;0.00589199;-0.00330811;1.00423;-0.002171;-0.00280459;0.994211;0.0317343;0.974601;1;3;1
192.531;1480.06;1.19693;-0.212347;0.00429481;-0.00283457;-0.00105823;0.00444857;-0.00298833;1.0101;0.00313756;0.00134753;0.994279;0.0254666;0.97997;1;2;1
215.531;1480.06;1.28576;-0.194658;0.00641934;-0.00292874;0.000122564;0.00642095;-0.00293035;1.00237;-0.00835976;-0.00481428;0.998185;0.0236806;0.989971;1;3;1
238.531;1480.06;1.49126;-0.178149;0.00679615;-0.00361194;0.000119262;0.00679752;-0.0036133;1.00569;0.00185815;0.00108118;0.995308;0.0241895;0.982841;1;3;1
261.531;1480.06;1.59731;-0.159548;0.0043319;-0.00645707;0.000755557;0.00438456;-0.00650973;1.00461;-0.000510847;-0.000447743;0.988239;0.0241382;0.981306;1;3;1
284.531;1480.06;1.6901;-0.176217;0.00559458;-0.00352368;-0.000191698;0.00559861;-0.00352771;1.00732;0.00187467;-0.00264399;0.992714;0.0209959;0.987492;1;3;1
307.531;1480.06;1.85395;-0.146334;0.00604754;-0.00202692;0.000119531;0.00604931;-0.00202869;0.998365;-0.00252244;-0.00291884;0.997661;0.0253904;0.986126;1;3;1
330.531;1480.06;1.96743;-0.126393;0.00563488;-0.00251795;-5.51694e-05;0.00563525;-0.00251832;1.00679;0.000924878;0.00560572;0.99797;0.0205972;0.989635;1;3;1
353.531;1480.06;2.11239;-0.0900171;0.00578453;-0.00139942;-0.000100895;0.00578595;-0.00140084;1.00947;0.00685374;-0.00362015;0.993654;0.0236056;0.988315;1;4;1
376.531;1480.06;2.23271;-0.0686449;0.00386461;-0.000855575;-0.00155318;0.00432983;-0.00132079;1.00313;-0.00105406;0.00170136;1.00873;0.0234355;0.98868;1;4;1
399.531;1480.06;2.28981;-0.113731;0.00399944;-0.00205409;-2.33655e-05;0.00399953;-0.00205418;1.00078;0.000244432;0.00267154;0.99932;0.0216661;0.989772;1;3;1
422.531;1480.06;2.41632;-0.0584988;0.00542669;-0.00275596;-0.000832308;0.00551049;-0.00283976;1.01031;0.00909462;-0.00450524;0.997616;0.0209197;0.989811;1;3;1
445.531;1480.06;2.53863;-0.000512967;0.00567222;-0.00304872;0.00122475;0.00584095;-0.00321745;1.00621;0.00362239;-0.00476804;0.996058;0.019895;0.991019;1;3;1
468.531;1480.06;2.67623;0.102436;0.00522514;-0.00304002;0.00124619;0.00540895;-0.00322383;0.998848;0.00606294;0.00117711;0.99759;0.0208072;0.990195;1;4;1
491.531;1480.06;2.77822;0.113875;0.00472892;-0.00381062;-0.00115437;0.00488222;-0.00396392;1.00739;0.0099949;-0.00588991;0.993474;0.0291044;0.980323;1;4;1
514.531;1480.06;2.89321;0.0423135;0.00675976;-0.00371112;-0.000274131;0.00676694;-0.00371829;1.00323;-0.0057454;0.00343137;0.996378;0.0225637;0.987345;1;4;1
537.531;1480.06;3.08812;0.0854615;0.00762521;-0.00302237;0.000972942;0.00771339;-0.00311054;1.00768;-0.00512356;-0.00569743;1.00395;0.0254377;0.983984;1;4;1
560.531;1480.06;3.24255;0.130229;0.00606663;-0.00452941;0.00053629;0.0060937;-0.00455648;1.01041;3.20422e-05;-0.00100004;0.996591;0.0241015;0.986398;1;4;1
583.531;1480.06;3.36631;0.136556;0.00434947;-0.00380387;0.000363898;0.00436568;-0.00382008;1.00302;0.00876428;-0.000857743;1.00204;0.0228808;0.989576;1;4;1
606.531;1480.06;3.44218;0.17542;0.00394796;-0.00394046;0.000102191;0.00394928;-0.00394178;0.998482;-0.00709532;0.00112474;0.988762;0.0257543;0.981018;1;4;1
629.531;1480.06;3.54756;0.133511;0.00518502;-0.00483796;-0.00101827;0.00528743;-0.00494036;1.0054;-0.00150068;-0.00590461;0.992077;0.0323665;0.968143;1;4;1
652.531;1480.06;3.68007;0.18313;0.00641295;-0.00232085;-0.00124185;0.00658609;-0.002494;1.00595;-0.001336;0.000558739;1.00003;0.0274882;0.980492;1;3;1
675.531;1480.06;3.8416;0.168007;0.00619467;-0.00237487;-0.00121474;0.00636354;-0.00254374;1.00186;0.00166721;0.00381986;1.00053;0.0229064;0.986869;1;4;1
698.531;1480.06;3.96414;0.154574;0.005722;-0.00484187;-0.000245389;0.0057277;-0.00484757;1.00906;0.00182788;-0.00498783;0.992749;0.0204334;0.989895;1;3;1
721.531;1480.06;4.10401;0.242238;0.00695892;-0.00165953;-0.00117499;0.00711624;-0.00181685;1.00167;-0.00288508;0.00291145;0.994373;0.0217417;0.988982;1;3;1
744.531;1480.06;4.28314;0.18098;0.00637072;-0.00222662;-2.6607e-05;0.0063708;-0.00222671;1.01199;0.00096818;-0.00192975;0.995091;0.0215784;0.985446;1;3;1
767.531;1480.06;4.39613;0.255263;0.00450196;-0.00326836;0.00061283;0.00455;-0.00331639;1.00327;-0.00230267;0.00146381;0.993484;0.0190667;0.990313;1;3;1
790.531;1480.06;4.48972;0.242086;0.00628177;-0.00280633;0.000250489;0.00628867;-0.00281323;1.00596;-0.00397512;0.000328854;0.997863;0.024697;0.983161;1;3;1
813.531;1480.06;4.68417;0.302351;0.00661423;-0.00350602;0.00162587;0.00686902;-0.00376081;1.00434;-0.00634015;-0.000359943;0.999719;0.0224546;0.982037;1;3;1
836.531;1480.06;4.79286;0.346704;0.00609919;-0.00238382;-4.33037e-05;0.00609941;-0.00238404;1.009;-0.00331844;-0.00429475;1.003;0.0262223;0.972702;1;3;1
859.531;1480.06;4.96388;0.316097;0.0062453;-0.00286101;-0.00116184;0.0063912;-0.0030069;1.00184;0.00158254;0.00190302;0.995383;0.0205217;0.988122;1;4;1
882.531;1480.06;5.07917;0.25922;0.00488638;-0.00363566;0.00109656;0.00502522;-0.00377449;1.01234;-0.00234403;-0.00268591;0.992001;0.0284009;0.969789;1;3;1
905.531;1480.06;5.18805;0.38324;0.00588595;-0.00533548;0.00131678;0.0060384;-0.00548793;0.994445;-0.000762807;-5.2349e-05;0.990609;0.0263981;0.979049;1;4;1
928.531;1480.06;5.34892;0.399266;0.00714097;-0.00341098;-0.000941968;0.0072244;-0.00349441;1.01025;0.00719304;0.00188431;0.988239;0.0292671;0.977838;1;3;1
951.531;1480.06;5.51537;0.379291;0.00666839;-0.00540459;-0.00169023;0.00690056;-0.00563676;1.00411;0.00984137;-0.00147556;0.990275;0.0235573;0.98155;1;3;1
974.531;1480.06;5.65465;0.386799;0.00473073;-0.00480791;-0.00151146;0.00496451;-0.00504168;1.00715;0.00567567;-0.002646;0.997197;0.0228607;0.982086;1;4;1
997.531;1480.06;5.73245;0.426549;0.0061453;-0.00297712;-0.000867017;0.00622697;-0.0030588;1.00286;0.00321793;-0.0052807;0.995369;0.0261402;0.980875;1;3;1
1020.53;1480.06;5.93641;0.456503;0.00734417;-0.00251118;7.29325e-05;0.00734471;-0.00251172;1.00705;0.00180997;0.000887738;0.98891;0.0242644;0.981015;1;3;1
1043.53;1480.06;6.06901;0.486751;0.00557595;-0.00205568;-0.000509206;0.00560977;-0.0020895;1.00272;0.00098831;-0.00338559;0.996321;0.0313938;0.969239;1;3;1
1066.53;1480.06;6.1922;0.448231;0.00563845;-0.00345352;-0.00192534;0.00602936;-0.00384442;1.00546;0.000682726;0.00239412;1.0005;0.0287638;0.977715;1;3;1
1089.53;1480.06;6.3276;0.414661;0.00735254;-0.00382581;-0.000961958;0.00743471;-0.00390799;1.008;0.00151571;-0.00169446;0.998756;0.0238063;0.981228;1;3;1
1112.53;1480.06;6.52917;0.412992;0.00733895;-0.00426907;0.00020869;0.0073427;-0.00427282;1.00586;0.00151233;0.000244451;0.997888;0.0213785;0.987817;1;3;1
1135.53;1480.06;6.66393;0.464371;0.00792321;-0.00179766;0.00137198;0.00811314;-0.00198759;1.00722;-0.000845811;-0.00193632;1.00719;0.0222956;0.98676;1;4;1
1158.53;1480.06;6.89216;0.471342;0.00604391;-0.00157656;-0.000118645;0.00604575;-0.00157841;1.00112;-0.00171928;-0.000102639;1.00232;0.020755;0.988033;1;3;1
1181.53;1480.06;6.94112;0.474002;0.00557656;-0.00260734;-0.000544774;0.00561266;-0.00264345;1.01193;0.00730819;0.000968055;0.995426;0.0234263;0.988931;1;3;1
1204.53;1480.06;7.14796;0.512001;0.00847625;-0.0017049;0.00038218;0.00849058;-0.00171923;1.00922;0.00353592;-0.00364706;0.999416;0.0223328;0.987923;1;3;1
1227.53;1480.06;7.32931;0.560166;0.00518798;-0.000882757;0.000964294;0.00533747;-0.00103225;1.00229;-0.00516344;0.000141226;0.998299;0.0249016;0.981729;1;3;1
1250.53;1480.06;7.38598;0.532007;0.00549237;-0.00372726;8.58337e-05;0.00549317;-0.00372805;1.0079;0.00135269;-0.0011206;0.993257;0.0219563;0.985134;1;3;1
1273.53;1480.06;7.58126;0.560362;0.00852726;-0.00521108;-0.00131746;0.00865246;-0.00533628;1.01465;0.00866007;0.00356617;1.00023;0.0299273;0.980946;1;3;1
31.5305;1457.06;0.398895;-0.379908;0.00508049;-0.00296404;0.003385;0.0063153;-0.00419886;1.00809;-0.00198495;0.000465974;0.997689;0.0273244;0.983311;1;3;1
54.5305;1457.06;0.515288;-0.293131;0.00604992;-0.00225769;0.00122371;0.00622642;-0.00243419;1.00349;0.00541596;-0.00458456;1.00104;0.0246635;0.986377;1;4;1
77.5306;1457.06;0.676235;-0.275006;0.00519133;-0.00383411;0.000404392;0.00520941;-0.00385219;1.00496;-0.00100891;-0.00264386;0.995966;0.02432;0.988189;1;3;1
100.531;1457.06;0.753461;-0.261301;0.00547329;-0.00234756;0.00124141;0.00566562;-0.00253988;1.00754;0.00205988;0.000632303;0.999958;0.0224714;0.990535;1;3;1
123.531;1457.06;0.927245;-0.190973;0.00547402;-0.0047568;0.00130803;0.00563861;-0.00492139;1.00543;0.00111806;-0.00217652;0.994514;0.0229384;0.987038;1;3;1
146.531;1457.06;1.00448;-0.162527;0.00227366;-0.0030704;-0.000282039;0.00228851;-0.00308524;1.00285;0.00102833;0.000718567;0.997579;0.0238046;0.990806;1;4;1
169.531;1457.06;1.0317;-0.150412;0.00740714;-0.00364259;3.72372e-06;0.00740714;-0.0036426;1.00612;0.00388734;-0.000256;0.996597;0.0264111;0.980573;1;3;1
192.531;1457.06;1.34395;-0.180667;0.00701348;-0.00314523;-0.00154846;0.00724427;-0.00337601;1.01262;9.39382e-05;-0.00449742;0.997199;0.024712;0.983818;1;3;1
215.531;1457.06;1.35319;-0.161249;0.00347458;-0.0031909;-0.000523912;0.00351551;-0.00323183;0.998536;0.00767168;-0.00418252;0.996505;0.0252982;0.985539;1;3;1
238.531;1457.06;1.50347;-0.123876;0.00268471;-0.00346694;0.00235533;0.00348293;-0.00426517;1.00576;0.000336311;-0.00431015;0.993551;0.0286275;0.976875;1;3;1
261.531;1457.06;1.47605;0.0468728;0.00428984;-0.0040424;0.00116473;0.00444959;-0.00420215;1.00291;0.00399015;0.000902903;0.997287;0.0275916;0.977919;1;4;1
284.531;1457.06;1.70034;-0.0677328;0.00816212;-0.00387132;-0.00123028;0.00828661;-0.00399581;1.00831;-6.40058e-06;0.00378359;0.994736;0.02516;0.987182;1;3;1
307.531;1457.06;1.84981;-0.0832189;0.00558054;-0.00314321;0.000723681;0.00564017;-0.00320283;1.00225;-0.000810827;-0.00117953;0.995142;0.0236502;0.989042;1;3;1
330.531;1457.06;1.95633;-0.0445119;0.00538601;-0.00496574;0.000865966;0.00545796;-0.00503768;1.00923;-0.000200447;0.00132496;0.996346;0.0204028;0.991371;1;3;1
353.531;1457.06;2.09689;-0.0505901;0.00674192;-0.00379865;0.000226333;0.00674678;-0.00380351;1.0008;-0.00268597;-0.00270547;0.994368;0.0208233;0.992587;1;3;1
376.531;1457.06;2.26541;-0.0176373;0.00515499;-0.00236435;0.000604597;0.00520329;-0.00241265;1.00932;0.00554233;0.00288462;0.996453;0.0268073;0.988245;1;3;1
399.531;1457.06;2.33338;0.00308771;0.00733552;-0.00386587;-0.00108454;0.00743956;-0.00396991;1.00596;-0.000197428;-0.00620263;0.994263;0.022623;0.987809;1;3;1
422.531;1457.06;2.6016;0.0169232;0.00622197;-0.00385837;0.000495389;0.00624626;-0.00388265;1.00527;-0.00237634;-0.00234166;0.997491;0.019608;0.989049;1;3;1
445.531;1457.06;2.61863;0.0857974;0.00100538;-0.00323017;0.000195365;0.00101437;-0.00323916;1.00361;-0.000509039;-0.00208544;1.0016;0.0233849;0.987708;1;3;1
468.531;1457.06;2.64768;0.134238;0.00535392;-0.0024039;-0.00052119;0.00538878;-0.00243876;1.00722;-0.00093851;0.000739618;0.999763;0.023684;0.98606;1;3;1
491.531;1457.06;2.86425;0.111813;0.00675559;-0.00168292;-0.0019881;0.00720053;-0.00212786;1.00868;0.00436272;0.00124894;1.00104;0.0232845;0.987877;1;3;1
514.531;1457.06;2.95739;0.11409;0.0048391;-0.00352174;-1.05819e-05;0.00483911;-0.00352176;1.00332;0.00533862;-0.00311346;0.997129;0.0225979;0.9878;1;3;1
537.531;1457.06;3.08629;0.160955;0.00580481;-0.00381337;0.000960631;0.00589982;-0.00390837;1.00448;0.00106176;-0.00376689;0.992154;0.0223264;0.983686;1;3;1
560.531;1457.06;3.22349;0.230671;0.00603182;-0.00300613;1.47632e-05;0.00603184;-0.00300615;1.00329;0.00101939;-0.00206485;0.993168;0.0259139;0.976627;1;3;1
583.531;1457.06;3.3629;0.199842;0.00530409;-0.00119156;-0.00162276;0.00568693;-0.0015744;1.01619;-0.0042143;0.00574048;0.999931;0.0261915;0.987054;1;3;1
606.531;1457.06;3.46681;0.181952;0.00604839;-0.00157591;-0.000726045;0.00611691;-0.00164443;0.991958;0.00680115;-0.00422674;1.00101;0.0241818;0.983679;1;3;1
629.531;1457.06;3.64027;0.243477;0.00696954;-0.00324631;-0.00154681;0.00719861;-0.00347538;1.01155;0.00483848;-0.00144322;0.998074;0.0240618;0.98182;1;4;1
652.531;1457.06;3.7863;0.174478;0.00542549;-0.0033019;-0.00146479;0.00566478;-0.00354118;1.00101;0.00848418;0.00136633;0.993407;0.0233945;0.98268;1;3;1
675.531;1457.06;3.88913;0.178839;0.00566972;-0.00333227;0.000866394;0.00575235;-0.0034149;1.0035;-0.00637584;-0.00311148;0.994432;0.0221462;0.989378;1;4;1
698.531;1457.06;4.04623;0.291611;0.00596137;-0.00504874;-0.000315729;0.00597042;-0.00505779;1.00816;0.00366653;-0.000486451;0.994183;0.0219468;0.986736;1;3;1
721.531;1457.06;4.16247;0.254502;0.00514764;-0.00215923;-0.00085452;0.00524625;-0.00225783;1.00724;0.0074371;-0.00425304;1.00236;0.0224596;0.987133;1;3;1
744.531;1457.06;4.28241;0.286841;0.00512538;-0.0049028;0.000416399;0.00514264;-0.00492006;1.0015;-0.000915361;0.00415948;0.998316;0.0238868;0.982794;1;4;1
767.531;1457.06;4.39758;0.329518;0.00616658;-0.00255846;-0.000278369;0.00617546;-0.00256733;1.0074;0.00344744;-0.00785638;1.00085;0.0235197;0.986122;1;3;1
790.531;1457.06;4.56518;0.33149;0.00661715;-0.00256161;-0.000304367;0.00662724;-0.00257169;1.00601;0.00226949;0.00339662;0.997294;0.0216844;0.988851;1;3;1
813.531;1457.06;4.70093;0.387803;0.00565084;-0.00222871;0.000884441;0.00574889;-0.00232677;1.00587;-0.00144676;-0.00200634;0.996862;0.0269288;0.978642;1;3;1
836.531;1457.06;4.82433;0.408414;0.00693119;-0.00126665;-0.000818447;0.00701211;-0.00134757;1.00662;0.00320561;-0.000571683;0.991557;0.0239484;0.987806;1;3;1
859.531;1457.06;5.01866;0.365849;0.00479486;-0.00239389;-0.000673979;0.0048575;-0.00245653;1.00071;-0.00177262;0.00392838;0.998651;0.0218722;0.982391;1;4;1
882.531;1457.06;5.04436;0.403435;0.00474175;-0.00553436;0.000454006;0.00476177;-0.00555438;1.00979;0.00379496;-0.00432643;0.996886;0.0206302;0.983077;1;3;1
905.531;1457.06;5.23613;0.481307;0.00676673;-0.00286494;0.000576437;0.00680111;-0.00289932;1.00229;0.00292254;-0.00274931;0.998762;0.0242027;0.983096;1;4;1
928.531;1457.06;5.35445;0.514291;0.00779053;-0.00358454;-0.000136711;0.00779218;-0.00358619;1.0095;0.000295589;-3.82913e-05;0.999816;0.0287646;0.969243;1;3;1
951.531;1457.06;5.59309;0.517218;0.0075267;-0.00356203;0.000195146;0.00753013;-0.00356546;1.00685;-0.00147412;-0.00474974;1.00163;0.02586;0.974252;1;4;1
974.531;1457.06;5.69939;0.513181;0.00589622;-0.00433659;-0.00118527;0.00603171;-0.00447209;1.00872;0.00425265;0.00511116;0.995372;0.0273214;0.975983;1;4;1
997.531;1457.06;5.86351;0.48537;0.00651898;-0.00307381;-0.000368198;0.00653309;-0.00308792;1.00398;0.00391735;-0.00621028;0.995074;0.0246495;0.979066;1;2;1
1020.53;1457.06;5.99827;0.560069;0.00429371;-0.00243836;-0.00107635;0.00446161;-0.00260626;1.00769;0.00629678;0.00369326;1.0012;0.0240276;0.983095;1;3;1
1043.53;1457.06;6.0606;0.481071;0.00662091;-0.00158796;-0.000887738;0.00671581;-0.00168286;1.00081;0.00367377;-0.000418223;0.998976;0.0268438;0.975538;1;3;1
1066.53;1457.06;6.30175;0.477649;0.00792576;-0.00138163;9.63832e-05;0.00792676;-0.00138263;1.00956;0.00174751;0.00129483;0.994171;0.0254827;0.979359;1;3;1
1089.53;1457.06;6.42375;0.491058;0.00578375;-0.00339914;-0.00023793;0.00578992;-0.0034053;1.00458;0.00209073;-0.00201212;0.994769;0.0220961;0.981135;1;3;1
1112.53;1457.06;6.567;0.536954;0.00383973;-0.00293388;-0.000649899;0.00390152;-0.00299567;1.00415;-0.0018046;0.002064;0.996453;0.0199377;0.988363;1;4;1
1135.53;1457.06;6.60004;0.485841;0.00733769;-0.00267269;-0.000823543;0.00740499;-0.00273999;1.00912;-0.00106262;0.00122361;0.996873;0.0257013;0.985918;1;3;1
1158.53;1457.06;6.90328;0.482667;0.00883526;-0.00200913;0.000684664;0.00887831;-0.00205218;1.00054;-0.000108444;0.00153718;0.997366;0.0218917;0.984615;1;3;1
1181.53;1457.06;7.00467;0.522902;0.00559289;-0.00305527;-0.00034412;0.00560656;-0.00306894;1.00896;-0.00476024;-0.0033352;0.999287;0.0247269;0.982467;1;3;1
1204.53;1457.06;7.15981;0.53338;0.00455078;-0.00146749;-0.00025467;0.00456154;-0.00147825;1.0057;0.000906623;-0.00249165;1.0007;0.0228659;0.984236;1;3;1
1227.53;1457.06;7.21353;0.511373;0.00559813;-0.00105461;0.00161004;0.00596729;-0.00142377;1.00261;0.000320866;0.00395299;1.00191;0.0237271;0.984777;1;4;1
1250.53;1457.06;7.41655;0.606832;0.00924715;-0.00192846;0.000387177;0.00926055;-0.00194185;1.01159;-0.00168118;0.00310671;0.997225;0.0211222;0.986133;1;4;1
1273.53;1457.06;7.63686;0.603643;0.00962457;-0.00321508;-0.00169523;0.00984462;-0.00343513;1.00491;-0.00763056;-0.00506767;0.996305;0.026163;0.980755;1;3;1
31.5305;1434.06;0.241715;-0.278676;0.0127678;-0.00450633;0.000904019;0.012815;-0.00455351;1.01293;0.00888828;-0.00375255;0.995249;0.0229853;0.984333;1;3;1
54.5305;1434.06;0.533512;-0.255405;0.0098;-0.00276489;-0.00020206;0.00980325;-0.00276814;1.00715;0.0030304;0.000838865;0.997512;0.0243399;0.987283;1;3;1
77.5306;1434.06;0.690224;-0.180441;0.00577846;-0.0043948;0.000216328;0.00578306;-0.0043994;1.00369;-7.00342e-05;-0.00373372;0.99273;0.0194589;0.991727;1;3;1
100.531;1434.06;0.798547;-0.224195;0.0027332;-0.00380417;0.000180218;0.00273817;-0.00380913;1.00582;-0.00483808;0.00347552;0.988942;0.0268281;0.982017;1;3;1
123.531;1434.06;0.815755;-0.132593;0.00432925;-0.00226754;0.00167878;0.0047319;-0.00267019;0.996862;-0.00664133;-0.00393995;0.999199;0.0249289;0.981594;1;3;1
146.531;1434.06;0.997185;-0.13921;0.00555182;-0.00319003;0.000904672;0.00564446;-0.00328267;1.00907;-7.59706e-05;-0.00182739;0.995461;0.026273;0.987559;1;3;1
169.531;1434.06;1.07034;-0.0392569;0.00721149;-0.00347479;-0.000160281;0.00721389;-0.00347719;1.0041;-0.00299263;-0.00031658;0.995476;0.0252931;0.982435;1;3;1
192.531;1434.06;1.32767;-0.0672523;0.0069778;-0.00431878;0.000760922;0.00702882;-0.00436981;1.0077;-0.00217598;-0.0038626;0.994224;0.0244677;0.986829;1;3;1
215.531;1434.06;1.39021;-0.0475224;0.00336114;-0.00406231;-0.000198838;0.00336646;-0.00406763;1.00146;-0.00145453;-0.000729489;0.995117;0.0225242;0.987091;1;3;1
238.531;1434.06;1.482;-0.0183916;0.00340024;-0.00427173;0.000733758;0.00346979;-0.00434128;1.00076;-0.00254164;-0.00228171;1.0012;0.0234121;0.984824;1;3;1
261.531;1434.06;1.54629;0.0268078;0.00417912;-0.000639676;-0.00187139;0.0048205;-0.00128106;1.00291;-0.00454624;-0.00269274;0.99756;0.0231014;0.990588;1;3;1
284.531;1434.06;1.67383;0.00221221;0.00576592;-0.00456199;-0.000231063;0.00577109;-0.00456716;1.00439;-0.00135171;0.00176395;0.998402;0.0234692;0.987585;1;3;1
307.531;1434.06;1.81075;-0.00149823;0.00537856;-0.00446052;0.00140844;0.00557621;-0.00465817;1.00371;-0.00559122;-0.00339446;0.997143;0.0201264;0.990461;1;4;1
330.531;1434.06;1.92048;0.102625;0.00670987;-0.00580935;0.000978418;0.00678587;-0.00588535;1.00816;0.00605625;0.000879735;0.992511;0.0234222;0.984764;1;3;1
353.531;1434.06;2.1183;0.0850545;0.00676661;-0.00445606;-0.000649254;0.00680404;-0.0044935;1.00453;0.0074191;-0.000467292;0.996365;0.0207424;0.988536;1;3;1
376.531;1434.06;2.23065;0.0402441;0.00664692;-0.00312713;0.000172157;0.00664995;-0.00313016;1.00775;-0.0025052;-0.000237747;0.992776;0.0242222;0.987654;1;3;1
399.531;1434.06;2.42304;0.064638;0.0048448;-0.00401796;0.000265697;0.00485275;-0.00402591;1.01067;0.00219634;0.001556;0.99364;0.0214147;0.990044;1;3;1
422.531;1434.06;2.45291;0.119344;0.00467443;-0.00479781;0.00167132;0.00496068;-0.00508405;1.00288;-0.00369585;-0.00482769;0.992449;0.0223623;0.989598;1;3;1
445.531;1434.06;2.63749;0.148422;0.00647569;-0.00380572;-7.70099e-05;0.00647627;-0.0038063;1.00382;-0.000103295;-0.00152964;0.995881;0.0219892;0.984529;1;3;1
468.531;1434.06;2.74974;0.213208;0.00659662;-0.00157428;-0.000737135;0.00666258;-0.00164024;1.00846;0.000585338;-0.00362002;0.993188;0.020507;0.988734;1;3;1
491.531;1434.06;2.93992;0.19164;0.00420825;-0.00390633;-0.000398949;0.00422782;-0.00392589;1.0035;-0.0100087;0.00270979;0.993157;0.0259778;0.984025;1;4;1
514.531;1434.06;2.94291;0.204627;0.00383002;-0.00527027;0.000460411;0.00385326;-0.0052935;1.00638;0.000426328;0.000188999;0.995865;0.0208944;0.987755;1;3;1
537.531;1434.06;3.11571;0.26122;0.00735025;-0.00252304;0.000301071;0.00735942;-0.00253222;1.00397;0.00191543;-0.00259101;0.997285;0.0213868;0.985553;1;3;1
560.531;1434.06;3.27974;0.268734;0.00765413;-0.00103894;-0.00164936;0.00795654;-0.00134135;1.00588;0.00170995;0.00476397;0.997427;0.0206711;0.989711;1;3;1
583.531;1434.06;3.46641;0.191509;0.00593356;-0.000785406;-0.00149258;0.0062502;-0.00110205;1.01228;0.0042215;0.00087872;0.993054;0.0247426;0.981822;1;3;1
606.531;1434.06;3.55188;0.2481;0.00468841;-0.00277866;0.000229795;0.00469548;-0.00278573;1.00409;-0.0094958;-0.00758199;0.998288;0.0222419;0.988155;1;4;1
629.531;1434.06;3.68149;0.28328;0.00431873;-0.00166023;-0.000353447;0.00433956;-0.00168105;1.00472;0.00190183;0.00101134;1.00224;0.0262464;0.979691;1;4;1
652.531;1434.06;3.75003;0.335322;0.00429085;-0.00491771;0.000266214;0.00429854;-0.0049254;1.00363;-0.00374029;-0.00293782;0.995077;0.0231644;0.983773;1;4;1
675.531;1434.06;3.87843;0.321562;0.00693369;-0.00450874;-0.000114912;0.00693484;-0.00450989;1.00306;0.00280721;0.00165548;0.99664;0.0220955;0.988709;1;3;1
698.531;1434.06;4.06785;0.387523;0.00652247;-0.00191205;-0.000408156;0.00654218;-0.00193176;1.00954;-0.00181775;-0.000604913;1.00384;0.0219107;0.986568;1;4;1
721.531;1434.06;4.17748;0.341729;0.0054811;-0.00338446;-0.00102136;0.00559724;-0.0035006;1.00697;-0.000321054;-0.00389323;0.997769;0.0212346;0.986251;1;4;1
744.531;1434.06;4.31929;0.407079;0.0062886;-0.00261896;3.18926e-05;0.00628872;-0.00261908;1.00228;0.00146263;0.00394628;0.994979;0.0210539;0.989185;1;3;1
767.531;1434.06;4.46585;0.373156;0.00558135;-0.00236212;-0.00150337;0.00585636;-0.00263713;1.00654;0.000785499;-0.00227435;0.997061;0.0213233;0.987291;1;2;1
790.531;1434.06;4.5753;0.360151;0.0046573;-0.00222409;-0.00044732;0.00468626;-0.00225304;1.00286;0.00413691;0.000101064;0.99942;0.0200825;0.991446;1;3;1
813.531;1434.06;4.67957;0.404986;0.00589971;-0.00176349;-0.000776122;0.00597752;-0.0018413;1.00764;0.00575431;-0.000501638;1.0023;0.0260386;0.982852;1;3;1
836.531;1434.06;4.84586;0.405038;0.00744211;-0.000681554;-0.00108813;0.00758534;-0.000824778;1.00696;0.00447685;-0.00292159;1.00684;0.0237324;0.991513;1;3;1
859.531;1434.06;5.02064;0.426383;0.00667733;-0.00166651;0.00131749;0.00688041;-0.00186959;1.00427;0.000500014;0.00202488;0.999603;0.0222038;0.98885;1;4;1
882.531;1434.06;5.15187;0.514567;0.0048949;-0.00315023;-0.000134756;0.00489716;-0.00315249;1.00458;0.00398198;-0.000412071;0.992261;0.0201025;0.98683;1;3;1
905.531;1434.06;5.24517;0.515253;0.00534157;-0.00141809;0.000116287;0.00534357;-0.00142009;1.00445;0.00604131;-0.00852962;0.998617;0.0254297;0.982933;1;4;1
928.531;1434.06;5.39691;0.564477;0.00547777;-6.38298e-06;-0.000806482;0.0055939;-0.000122522;1.00462;0.00229063;0.00119865;0.996762;0.0277168;0.973642;1;4;1
951.531;1434.06;5.49646;0.543441;0.00730104;-0.00179759;0.000303793;0.00731117;-0.00180772;1.00499;-0.000895091;0.00199883;0.995921;0.0223416;0.98931;1;3;1
974.531;1434.06;5.73153;0.586781;0.00689534;-0.00212605;0.000130225;0.00689722;-0.00212793;1.00878;-0.00299949;0.00368514;0.996212;0.0258956;0.976791;1;3;1
997.531;1434.06;5.81255;0.568232;0.00652589;-0.00244577;1.18735e-05;0.00652591;-0.00244578;1.0058;-0.00626359;-0.00712996;0.996373;0.0261435;0.976688;1;3;1
1020.53;1434.06;6.03075;0.568901;0.00557743;-0.000962804;-0.000529779;0.00562006;-0.00100544;0.999692;-0.00344457;0.00428806;1.00247;0.0288181;0.96535;1;4;1
1043.53;1434.06;6.0684;0.559855;0.0035407;-0.00379537;-0.00167706;0.0039059;-0.00416057;1.00755;-0.00149403;-0.000567326;1;0.0257771;0.974674;1;3;1
1066.53;1434.06;6.19329;0.51183;0.00741268;-0.00220245;0.000469875;0.00743559;-0.00222536;1.0114;0.000678009;-0.00370399;0.99943;0.023345;0.983836;1;3;1
1089.53;1434.06;6.40813;0.571359;0.00852001;-0.00233157;0.000920792;0.00859759;-0.00240915;1.00697;-0.00245506;0.00208512;0.997102;0.0235111;0.983652;1;3;1
1112.53;1434.06;6.58355;0.548181;0.00604594;-0.00188923;0.000308249;0.00605789;-0.00190119;1.00313;0.00235207;0.00177631;0.999587;0.0211609;0.988368;1;3;1
1135.53;1434.06;6.6854;0.587485;0.00616771;-0.0040597;-0.00171946;0.00644906;-0.00434104;1.00517;0.00524755;2.25916e-05;0.994512;0.0206812;0.986676;1;3;1
1158.53;1434.06;6.86639;0.563862;0.00736353;-0.00323206;0.000190794;0.00736696;-0.00323549;1.01149;-0.00121083;-0.00147214;0.994482;0.0202473;0.98529;1;3;1
1181.53;1434.06;7.02288;0.614833;0.00639937;-0.00213123;0.000201368;0.00640412;-0.00213598;1.0045;0.000877338;0.00510003;0.998237;0.0270963;0.981552;1;3;1
1204.53;1434.06;7.15982;0.579556;0.00505828;-0.00249828;-0.000346964;0.00507417;-0.00251418;1.00126;-0.00934604;0.000153551;0.994695;0.0255259;0.984949;1;3;1
1227.53;1434.06;7.25497;0.608764;0.00615225;-0.00350774;-0.00121571;0.0063029;-0.00365839;1.0114;-0.000201132;-0.00456176;0.995464;0.0217367;0.985523;1;3;1
1250.53;1434.06;7.44194;0.620836;0.0103703;-0.00192755;0.000800109;0.0104221;-0.00197939;1.00384;0.0041938;0.00436464;1.00276;0.0219256;0.991221;1;4;1
1273.53;1434.06;7.72945;0.708734;0.0125858;-0.00203766;0.00329269;0.013293;-0.00274486;1.01889;0.0126374;-0.00783491;0.993738;0.0268844;0.982694;1;3;1
31.5305;1411.06;0.362518;-0.172133;0.0117287;-0.00358581;-0.00130004;0.0118383;-0.00369538;1.01368;-0.00300892;-0.0012345;0.998262;0.0274131;0.982117;1;3;1
54.5305;1411.06;0.630714;-0.165624;0.00708864;-0.00496735;0.000829865;0.0071455;-0.0050242;1.00888;-0.00245279;-0.000224255;0.996736;0.024845;0.986572;1;3;1
77.5306;1411.06;0.687341;-0.0723975;0.00334944;-0.00606964;0.000711322;0.00340285;-0.00612306;1.00968;-0.00077899;-0.00313659;0.992442;0.022991;0.988065;1;3;1
100.531;1411.06;0.784462;-0.0859645;0.00371449;-0.00523895;-0.000896925;0.00380346;-0.00532791;1.00286;0.00782733;0.00111853;0.999957;0.0249924;0.988589;1;3;1
123.531;1411.06;0.857889;-0.0864948;0.00500859;-0.00400604;-0.000763588;0.00507281;-0.00407026;0.998835;0.00822855;-0.00141455;0.998168;0.0248879;0.985343;1;3;1
146.531;1411.06;1.01423;-0.0155504;0.00566256;-0.00506521;0.00122655;0.00580101;-0.00520366;1.00542;0.00104909;-0.00370836;0.993598;0.0257854;0.983613;1;3;1
169.531;1411.06;1.11753;0.00978714;0.00549405;-0.00345106;-0.00021276;0.00549911;-0.00345612;1.00559;0.00394786;-0.00119467;1.00248;0.0269412;0.98125;1;3;1
192.531;1411.06;1.26625;0.0184936;0.00659537;-0.00530703;0.000672856;0.00663328;-0.00534494;1.00835;0.00433435;0.00385472;0.997029;0.0218825;0.988524;1;3;1
215.531;1411.06;1.41992;0.0260465;0.00531251;-0.00544518;3.22455e-05;0.0053126;-0.00544528;1.00679;0.0025334;0.000211465;0.992346;0.0189386;0.99262;1;3;1
238.531;1411.06;1.50995;0.0730459;0.00540838;-0.00437861;-0.000159006;0.00541096;-0.00438119;1.00821;-0.00013473;-0.00182561;0.990191;0.026025;0.984387;1;3;1
261.531;1411.06;1.66801;0.0767081;0.00399853;-0.00410638;-3.62525e-05;0.00399869;-0.00410654;0.997895;-0.000580935;-0.00443096;0.995198;0.0286617;0.981026;1;3;1
284.531;1411.06;1.69346;0.1426;0.00331779;-0.00348679;-0.000397197;0.00334089;-0.0035099;0.998628;0.00131476;0.00211843;0.992734;0.0246131;0.986612;1;3;1
307.531;1411.06;1.82036;0.122434;0.00564622;-0.00421339;0.00035376;0.0056589;-0.00422607;1.00842;0.00463261;-0.00332979;0.99646;0.0283444;0.983532;1;2;1
330.531;1411.06;1.95239;0.223499;0.00597846;-0.003368;-0.000988612;0.00608188;-0.00347142;1.00995;0.00175647;-4.93894e-05;0.996886;0.0231305;0.985594;1;3;1
353.531;1411.06;2.09454;0.154848;0.0060436;-0.00377569;-0.000981274;0.0061407;-0.00387279;1.00304;-0.00518107;0.00641128;0.999335;0.0255168;0.981466;1;3;1
376.531;1411.06;2.22946;0.12645;0.00638841;-0.00485977;-9.94643e-05;0.00638929;-0.00486065;1.00892;-0.00266793;-0.00257413;1.00277;0.0257548;0.982661;1;3;1
399.531;1411.06;2.38746;0.188318;0.00659173;-0.00531087;0.00139674;0.00675344;-0.00547258;1.00163;-0.0012747;-0.00394797;0.992038;0.0209548;0.989671;1;3;1
422.531;1411.06;2.53155;0.238208;0.00722544;-0.00549225;0.00012595;0.00722669;-0.0054935;1.00674;0.00150342;0.000512497;0.994048;0.0207128;0.98966;1;3;1
445.531;1411.06;2.71858;0.261304;0.00493341;-0.00229216;-0.000755519;0.00501156;-0.00237032;1.00808;0.00283435;-0.000204269;1.00082;0.0207549;0.986855;1;3;1
468.531;1411.06;2.75792;0.206844;0.00378366;-0.0023093;0.000193944;0.00378983;-0.00231547;1.00106;0.000629867;0.00557696;1.00034;0.0201478;0.989212;1;3;1
491.531;1411.06;2.89229;0.291865;0.00493531;-0.00425117;0.00154192;0.00518721;-0.00450307;1.00435;0.00412588;-0.0124201;0.996391;0.0225892;0.985249;1;3;1
514.531;1411.06;2.98414;0.357172;0.00501214;-0.00409631;-0.000946734;0.0051095;-0.00419367;1.00183;-0.00125835;0.000562432;0.997372;0.0228858;0.982067;1;3;1
537.531;1411.06;3.12227;0.277176;0.0070004;-0.00329747;-0.000916534;0.00708133;-0.00337841;1.00201;-0.00498446;0.00387908;0.995376;0.0199223;0.984859;1;3;1
560.531;1411.06;3.30498;0.278559;0.00778361;-0.00404907;-0.000375512;0.00779552;-0.00406097;1.01486;-0.00389928;0.000999652;0.996841;0.0187388;0.99063;1;4;1
583.531;1411.06;3.47892;0.236131;0.00505391;-0.00478538;0.000974108;0.00514942;-0.00488089;1.00485;-0.0049074;-4.60509e-05;1.00212;0.0207949;0.99138;1;3;1
606.531;1411.06;3.53686;0.310002;0.0061167;-0.00404085;0.00147317;0.00632604;-0.00425019;1.00365;0.00376999;-0.00488538;0.996674;0.0250961;0.981556;1;4;1
629.531;1411.06;3.75935;0.320065;0.00573539;-0.0033259;0.00119286;0.00588979;-0.00348031;1.00359;0.00320297;0.00380786;0.993181;0.02375;0.984743;1;3;1
652.531;1411.06;3.79985;0.401253;0.00418108;-0.000771154;0.000156478;0.00418602;-0.000776094;1.00664;-0.00443558;-0.00599304;0.998775;0.0273065;0.966861;1;4;1
675.531;1411.06;3.95123;0.386752;0.00662377;-0.00179603;-0.000711272;0.00668343;-0.00185569;1.00407;0.00835268;0.00355202;0.99598;0.0250567;0.98204;1;4;1
698.531;1411.06;4.10353;0.379685;0.00707015;-0.0022038;-0.000464881;0.00709339;-0.00222704;1.00969;0.00583889;-0.00259187;0.993996;0.0213386;0.990105;1;4;1
721.531;1411.06;4.27531;0.41059;0.00451278;-0.00276411;-0.000764916;0.00459232;-0.00284364;1.00173;0.00706598;-0.00191403;0.993752;0.0217671;0.986032;1;4;1
744.531;1411.06;4.31064;0.40748;0.00464691;-0.00315536;-0.000199228;0.00465199;-0.00316044;1.00078;0.00399134;0.00290241;0.993376;0.0256382;0.982116;1;3;1
767.531;1411.06;4.48857;0.438394;0.00713661;-0.00265367;0.00017921;0.00713988;-0.00265695;1.00517;-1.19301e-05;-0.00115547;0.995288;0.021402;0.986295;1;4;1
790.531;1411.06;4.63776;0.43397;0.00715381;-0.00386937;0.000216619;0.00715806;-0.00387362;1.01113;-0.00618886;0.000931965;0.995179;0.0212337;0.98788;1;4;1
813.531;1411.06;4.81646;0.46914;0.0066998;-0.00170301;-0.00117414;0.00686078;-0.00186399;1.00912;0.000633732;-0.00418931;0.99545;0.0228976;0.990673;1;4;1
836.531;1411.06;4.94492;0.439935;0.00414823;-0.00241136;-0.000727639;0.00422798;-0.0024911;1.00592;-0.00145874;-0.000825616;0.992868;0.024143;0.981285;1;4;1
859.531;1411.06;5.00688;0.442574;0.00435871;-0.00348243;0.00172089;0.00471977;-0.00384349;1.00483;-0.00209278;-0.00429242;0.990145;0.0225249;0.98629;1;4;1
882.531;1411.06;5.14486;0.548685;0.00584953;2.82233e-05;0.0014349;0.006184;-0.000306248;1.00211;-0.00702397;-0.000229609;1.00638;0.0237816;0.982327;1;4;1
905.531;1411.06;5.27506;0.546602;0.00679325;-0.00228898;-0.00183463;0.00714985;-0.00264558;1.01127;7.79691e-05;0.00125013;0.998464;0.0228078;0.985724;1;4;1
928.531;1411.06;5.45628;0.514697;0.00681477;-4.56015e-05;-0.000184801;0.00681975;-5.05759e-05;1.00546;0.00353977;-0.00346546;1.00332;0.0212444;0.990713;1;3;1
951.531;1411.06;5.58745;0.599982;0.00557802;-0.00181878;0.000625643;0.00563057;-0.00187132;1.00252;0.00268683;-0.0014046;0.999579;0.0260499;0.971455;1;3;1
974.531;1411.06;5.71206;0.611085;0.00560822;-0.00105113;0.000110483;0.00561006;-0.00105296;1.00587;-0.00157964;-0.000200481;1.00305;0.0215855;0.988441;1;3;1
997.531;1411.06;5.84471;0.598018;0.00711987;-0.0011436;-0.00150546;0.0073856;-0.00140932;1.0123;0.00740382;0.000177688;1.00323;0.0287167;0.98133;1;3;1
1020.53;1411.06;6.03842;0.604397;0.00682799;-0.00167715;0.000708402;0.00688659;-0.00173575;1.00637;-0.00165754;-0.00307651;0.996064;0.0269328;0.983211;1;4;1
1043.53;1411.06;6.15769;0.656093;0.00505247;-0.00303754;-0.00188108;0.00546846;-0.00345354;1.00371;0.00881767;0.00290621;0.992245;0.0255076;0.979572;1;3;1
1066.53;1411.06;6.27024;0.579084;0.00475156;-0.00336227;-0.00163884;0.00507007;-0.00368078;1.00671;0.00424286;0.00139767;0.995988;0.0214739;0.989832;1;3;1
1089.53;1411.06;6.37571;0.598461;0.00620603;-0.00136029;-0.000582635;0.00625064;-0.00140489;0.997836;0.00302888;-0.00395803;1.00131;0.02336;0.981867;1;4;1
1112.53;1411.06;6.55481;0.623942;0.00867063;-0.00240622;0.000331462;0.00868054;-0.00241613;1.01064;-0.00203074;0.000599671;0.994664;0.0204871;0.986045;1;3;1
1135.53;1411.06;6.77278;0.673293;0.00781509;-0.00236398;-0.00141011;0.00800682;-0.00255571;1.01272;-0.000302167;-0.00278795;0.998157;0.0215208;0.985593;1;3;1
1158.53;1411.06;6.91291;0.631584;0.00499207;-0.00329682;-0.000377512;0.00500923;-0.00331398;0.998378;0.00146531;0.00314436;0.99864;0.0213491;0.988228;1;3;1
1181.53;1411.06;7.00182;0.621043;0.00594439;-0.000487665;0.000761215;0.00603325;-0.000576525;1.00793;-0.00280398;0.00237346;1.00184;0.0247415;0.981377;1;3;1
1204.53;1411.06;7.18554;0.648452;0.00793962;-0.00112128;0.00143594;0.00816174;-0.0013434;1.00362;0.0049669;-0.00193542;1.00054;0.0250365;0.981815;1;3;1
1227.53;1411.06;7.36557;0.673265;0.00560093;-0.0023076;-0.000179182;0.00560499;-0.00231166;1.01322;0.00166406;-0.00402736;0.998404;0.0230514;0.989486;1;3;1
1250.53;1411.06;7.44245;0.695593;0.00316521;-0.00225471;0.000456504;0.00320339;-0.00229289;1.00163;-0.00299074;0.000616353;0.998692;0.0220439;0.987993;1;3;1
1273.53;1411.06;7.51094;0.697643;0.00298237;7.18351e-05;0.00263635;0.00453844;-0.00148423;1.00399;-0.00830115;-0.00255556;0.998083;0.0322457;0.971859;1;3;1
31.5305;1388.06;0.372763;-0.113244;0.00801635;-0.00332113;0.00160331;0.00823873;-0.0035435;1.00716;0.00272059;-0.00848647;0.994995;0.0265971;0.984687;1;3;1
54.5305;1388.06;0.556243;-0.0263308;0.00723548;-0.00501929;0.00282102;0.00785369;-0.0056375;1.00862;-0.0031015;-0.00166628;0.994167;0.0253037;0.985111;1;3;1
77.5306;1388.06;0.703911;0.0996168;0.00677421;-0.00296516;0.000556825;0.00680594;-0.00299689;1.00529;0.001113;-0.00234485;0.996481;0.0262114;0.981414;1;4;1
100.531;1388.06;0.866788;0.0174818;0.00548347;-0.00485351;-0.000835835;0.00555062;-0.00492065;1.00791;-0.00275845;0.000613421;0.990633;0.0225776;0.987021;1;3;1
123.531;1388.06;0.955438;0.0522681;0.0024706;-0.00526784;-0.000453496;0.00249708;-0.00529432;0.998697;0.00296084;-0.00129726;0.993273;0.0235625;0.990874;1;3;1
146.531;1388.06;0.980231;0.0943858;0.00366231;-0.00347788;-8.38063e-05;0.0036633;-0.00347886;1.00391;0.000410863;-8.2594e-06;0.997664;0.0239905;0.988766;1;3;1
169.531;1388.06;1.12355;0.119798;0.00658858;-0.00375351;0.000141461;0.00659051;-0.00375545;1.00698;-0.00425502;-0.000144581;0.989263;0.0255668;0.980894;1;3;1
192.531;1388.06;1.28224;0.177545;0.00693148;-0.00333485;0.000439137;0.00695023;-0.0033536;1.01028;-0.00256939;-0.00125721;0.988258;0.0233766;0.984293;1;3;1
215.531;1388.06;1.44122;0.20367;0.00576605;-0.00385572;0.000288511;0.00577469;-0.00386436;0.999791;-0.000247384;0.00339208;0.994205;0.0235596;0.989239;1;3;1
238.531;1388.06;1.54672;0.183513;0.00386363;-0.0040582;6.16871e-05;0.00386411;-0.00405868;1.00733;-0.00563506;0.00109402;0.989681;0.0239631;0.984851;1;3;1
261.531;1388.06;1.61861;0.216148;0.00455289;-0.00400782;-0.000388926;0.00457052;-0.00402546;1.00425;-0.00149414;0.00136472;0.994254;0.0239715;0.989136;1;3;1
284.531;1388.06;1.75567;0.162958;0.00522875;-0.0032064;-0.00160072;0.0055223;-0.00349995;1.0008;0.00489065;-0.000457615;0.992819;0.0218021;0.987374;1;2;1
307.531;1388.06;1.8585;0.192753;0.00626797;-0.00395567;-0.000356351;0.00628038;-0.00396807;1.01185;0.00452692;-0.00400238;0.996209;0.0249794;0.985075;1;3;1
330.531;1388.06;2.043;0.257979;0.00552569;-0.00314069;-0.00025397;0.00553313;-0.00314813;1.00403;0.00171686;-0.00492454;0.997988;0.0226293;0.986069;1;3;1
353.531;1388.06;2.11193;0.259066;0.00500901;-0.00319092;-0.000658155;0.0050615;-0.00324341;1.00377;0.000511294;0.00798572;0.993631;0.0262348;0.986656;1;3;1
376.531;1388.06;2.27284;0.264359;0.00640983;-0.00576042;-4.38812e-05;0.00640999;-0.00576057;1.00882;0.0043756;-5.53101e-05;0.989221;0.0263377;0.985544;1;3;1
399.531;1388.06;2.40582;0.309594;0.00524746;-0.00620102;0.00108494;0.00534937;-0.00630293;1.00271;0.00150947;-0.00406048;0.995796;0.0222628;0.988734;1;3;1
422.531;1388.06;2.51347;0.372726;0.00588099;-0.00382082;-0.00132016;0.00605742;-0.00399725;1.00627;-0.00142427;0.00641139;0.996589;0.0250687;0.983773;1;3;1
445.531;1388.06;2.67552;0.253999;0.00542547;-0.0027365;-0.000605995;0.00547022;-0.00278124;1.00853;-0.00390299;-0.00105476;0.998219;0.0221277;0.989724;1;3;1
468.531;1388.06;2.76234;0.31956;0.00593897;-0.0038637;0.000116839;0.00594037;-0.00386509;1.00112;0.00320048;-0.00238213;0.994301;0.017409;0.991612;1;3;1
491.531;1388.06;2.94771;0.387612;0.00550953;-0.00250334;-0.000197235;0.00551438;-0.00250819;1.00831;0.00495527;-0.000845978;0.998802;0.0247454;0.990412;1;3;1
514.531;1388.06;3.01502;0.393501;0.00378831;-0.00189731;0.00016494;0.0037931;-0.00190209;0.997895;0.0073332;-0.00310654;0.994621;0.0207006;0.993005;1;3;1
537.531;1388.06;3.12164;0.413155;0.00563493;-0.00442931;-0.000622422;0.00567328;-0.00446766;1.01043;0.00445425;-0.000966037;0.994673;0.0281282;0.974961;1;3;1
560.531;1388.06;3.27346;0.45537;0.0062529;-0.00377409;-0.00054799;0.00628276;-0.00380395;1.0039;0.000471904;0.00472021;0.997519;0.0232529;0.983208;1;4;1
583.531;1388.06;3.40838;0.412203;0.00494257;-0.00508292;-0.000408557;0.00495919;-0.00509955;1.00694;0.00191279;0.00245079;0.992432;0.0227828;0.986802;1;4;1
606.531;1388.06;3.50025;0.434385;0.00554625;-0.0041549;-0.000619;0.00558559;-0.00419424;1.00297;0.000974052;-0.0041442;0.989846;0.0239411;0.986995;1;3;1
629.531;1388.06;3.6628;0.436531;0.0065833;-0.00443955;-0.000541472;0.00660983;-0.00446609;1.00978;-0.00353731;-0.00218989;0.992935;0.0277633;0.985641;1;3;1
652.531;1388.06;3.80205;0.370838;0.00565201;-0.00233697;-1.64041e-05;0.00565204;-0.002337;1.00691;0.00305979;0.00224629;0.998579;0.0319689;0.957871;1;3;1
675.531;1388.06;3.92205;0.404275;0.00724429;-0.00441146;0.00142778;0.00741663;-0.00458381;1.00251;-0.00798651;0.0037531;0.999732;0.0309927;0.979541;1;4;1
698.531;1388.06;4.13394;0.489057;0.00770628;-0.0038654;0.000817999;0.00776382;-0.00392294;1.01348;-0.00416189;-0.0133972;1.00187;0.0275182;0.972994;1;4;1
721.531;1388.06;4.27514;0.469158;0.00503929;-0.00368089;0.00100251;0.00515306;-0.00379466;1.00057;-0.00421418;-0.000190926;0.997318;0.0227007;0.990227;1;3;1
744.531;1388.06;4.36512;0.552478;0.00436994;-0.00501355;-0.000674185;0.00441813;-0.00506174;1.00892;-0.0037873;-0.00171699;0.99417;0.0219126;0.987068;1;3;1
767.531;1388.06;4.47571;0.495389;0.00481148;-0.00433777;-0.000571364;0.00484702;-0.00437331;1.00138;0.00080362;-0.00477314;0.998487;0.0234314;0.986068;1;4;1
790.531;1388.06;4.58592;0.538489;0.00691696;-0.00319848;-0.000420171;0.00693438;-0.0032159;1.00553;0.00413928;0.0035644;0.99621;0.0210145;0.988771;1;3;1
813.531;1388.06;4.79279;0.483531;0.00654795;-0.00229732;-0.000994224;0.00665832;-0.00240769;1.01168;0.00539;0.00227722;0.998689;0.0303618;0.982429;1;3;1
836.531;1388.06;4.88614;0.516112;0.00388205;-0.0031413;0.00112772;0.00405869;-0.00331793;1.00018;0.00144764;-0.00286335;0.998683;0.0216049;0.987292;1;3;1
859.531;1388.06;4.97091;0.586882;0.00518548;-0.00492164;-0.00205558;0.00558755;-0.00532371;1.00091;0.00467402;-0.00180691;0.999497;0.0211918;0.987668;1;4;1
882.531;1388.06;5.12406;0.513277;0.00891434;-0.00175053;0.000281019;0.00892174;-0.00175793;1.01448;0.00465281;0.00320862;0.996585;0.02597;0.975265;1;3;1
905.531;1388.06;5.37914;0.620862;0.00747961;-0.00273699;-0.000426486;0.00749739;-0.00275476;1.00317;0.00217466;-0.00410408;0.99237;0.0243218;0.980961;1;3;1
928.531;1388.06;5.46681;0.566628;0.00339168;-0.00385462;4.8485e-05;0.003392;-0.00385494;1.00138;-0.00360879;0.00173627;0.994884;0.026363;0.975338;1;3;1
951.531;1388.06;5.5349;0.627197;0.00550884;-0.00239501;0.000401829;0.00552922;-0.00241538;1.00779;0.00186237;-0.00241147;0.99894;0.0219241;0.978986;1;4;1
974.531;1388.06;5.71947;0.635159;0.0089209;-0.00234368;-0.000177043;0.00892369;-0.00234646;1.0127;0.000574193;-0.00263601;0.997382;0.0213137;0.988088;1;3;1
997.531;1388.06;5.94344;0.621054;0.00663335;-0.00182959;-0.000993966;0.00674852;-0.00194476;1.00543;0.00218429;0.00272795;1.0025;0.0212152;0.984583;1;3;1
1020.53;1388.06;6.0236;0.646116;0.00593282;-0.00162581;0.000926386;0.0060447;-0.00173769;1.00757;0.00231726;-0.00492016;0.998697;0.0262739;0.977188;1;3;1
1043.53;1388.06;6.21548;0.700031;0.00572489;-0.000391447;0.000164643;0.00572932;-0.000395876;1.00477;0.00118801;0.00212423;1.00312;0.0238782;0.982188;1;4;1
1066.53;1388.06;6.28619;0.66685;0.00633488;-0.00318508;-0.000594857;0.0063719;-0.0032221;1.00513;-0.000372882;0.00478161;0.995626;0.025439;0.979197;1;4;1
1089.53;1388.06;6.50592;0.634079;0.00744349;-0.00261881;-0.000754451;0.00749974;-0.00267506;1.00199;0.00539084;0.00137561;0.994513;0.0243817;0.980816;1;3;1
1112.53;1388.06;6.62732;0.659022;0.0068891;-0.0013845;-6.02416e-05;0.00688954;-0.00138493;1.01467;0.00642793;-0.00220805;0.995657;0.0251578;0.981486;1;3;1
1135.53;1388.06;6.82169;0.696559;0.00483418;-0.00229989;0.000387723;0.00485519;-0.0023209;1.00245;0.000231571;-0.00334775;0.999074;0.0226876;0.986852;1;3;1
1158.53;1388.06;6.84913;0.71577;0.00323048;-0.00386061;-0.000925073;0.00334918;-0.0039793;0.99448;-0.0022463;0.00232465;0.996724;0.0239274;0.983524;1;4;1
1181.53;1388.06;6.97002;0.637301;0.00504427;-0.00417918;-0.00153728;0.00529374;-0.00442866;1.01407;-0.00289769;0.00328241;0.996732;0.0256658;0.977955;1;3;1
1204.53;1388.06;7.0805;0.631233;0.00759783;-0.00354173;0.00122714;0.00773141;-0.00367531;1.01197;0.00204264;0.000631024;0.993018;0.0228038;0.987729;1;3;1
1227.53;1388.06;7.31814;0.71508;0.00750427;-0.00206097;0.00125269;0.00766561;-0.0022223;1.00955;-0.00228454;-0.00748003;0.9961;0.0191872;0.98936;1;4;1
1250.53;1388.06;7.42432;0.724673;0.00378058;-0.00155361;-0.000554491;0.00383761;-0.00161064;0.996707;0.000557805;0.00414445;0.998284;0.0211539;0.988361;1;3;1
1273.53;1388.06;7.49171;0.706044;0.00293474;-0.00132587;-0.00184997;0.00362589;-0.00201701;1.00392;0.0047303;0.000203607;1.00223;0.0292914;0.984188;1;3;1
31.5305;1365.06;0.388059;-0.0190998;0.00853207;-0.00465365;0.00102981;0.00861201;-0.0047336;1.00777;0.0018326;-0.00441948;0.995291;0.0279093;0.985372;1;4;1
54.5305;1365.06;0.583311;0.0658705;0.00636495;-0.00290003;0.00152161;0.00660845;-0.00314353;1.00774;-0.00148945;-0.00216474;0.998211;0.0248106;0.982863;1;3;1
77.5306;1365.06;0.679846;0.0642033;0.0050305;0.000249646;0.000395298;0.00506296;0.000217182;1.0014;0.00182332;-0.00237525;1.0016;0.0242299;0.986779;1;2;1
100.531;1365.06;0.814079;0.137851;0.00645688;-0.00300754;0.00146194;0.00667755;-0.00322822;1.00997;0.00173005;-0.00403979;0.999588;0.0225926;0.983757;1;3;1
123.531;1365.06;0.975818;0.156619;0.00599357;-0.00365632;-8.20312e-06;0.00599357;-0.00365633;0.997276;-0.00114457;0.0018766;0.999184;0.0221648;0.989181;1;3;1
146.531;1365.06;1.08896;0.144772;0.00459965;-0.00379632;-0.000831355;0.00468118;-0.00387785;1.00886;0.00216322;-0.00403232;0.993011;0.0190814;0.993523;1;3;1
169.531;1365.06;1.18691;0.182827;0.00479832;-0.0034258;-0.000556348;0.00483578;-0.00346327;1.00584;0.00424229;0.000657469;0.997498;0.0237875;0.992146;1;3;1
192.531;1365.06;1.30915;0.172174;0.00463108;-0.0020398;-9.25601e-05;0.00463237;-0.00204108;1.00157;0.000223404;-0.00350284;0.999254;0.0244935;0.986393;1;3;1
215.531;1365.06;1.39944;0.203757;0.00452347;-0.00286009;0.000721013;0.00459322;-0.00292984;1.00528;0.00070634;0.000322993;0.997697;0.0226109;0.98951;1;3;1
238.531;1365.06;1.51668;0.260104;0.00618956;-0.00285165;-0.000112089;0.00619095;-0.00285304;1.00715;0.0012945;0.000920835;1.00056;0.0260341;0.983336;1;3;1
261.531;1365.06;1.68325;0.261441;0.00654523;-0.0034719;-0.000690444;0.00659259;-0.00351926;1.00821;0.00284694;0.000438132;0.996406;0.0195127;0.992027;1;3;1
284.531;1365.06;1.81677;0.290498;0.00575036;-0.00559206;-0.000170184;0.00575291;-0.00559461;1.00146;-0.00142118;-0.0025579;0.995196;0.0259963;0.979619;1;3;1
307.531;1365.06;1.94699;0.304932;0.004896;-0.00468425;-0.000357106;0.0049093;-0.00469754;1.00568;-0.000653103;-0.00222848;0.996155;0.0200545;0.992243;1;3;1
330.531;1365.06;2.04137;0.368285;0.00466565;-0.00282206;-0.000423361;0.00468951;-0.00284592;1.00326;-0.00178389;0.000549853;0.993792;0.0183163;0.992863;1;3;1
353.531;1365.06;2.16111;0.301913;0.00527524;-0.0044827;-0.000209216;0.00527972;-0.00448719;1.00744;0.00437489;0.00225111;0.997201;0.0220215;0.986264;1;3;1
376.531;1365.06;2.28339;0.392229;0.00511091;-0.00405823;0.00106899;0.00523389;-0.00418121;1.00489;-0.00174495;-0.00627327;0.997135;0.0233503;0.987635;1;3;1
399.531;1365.06;2.3953;0.474456;0.00684625;-0.00339404;-0.000463643;0.0068672;-0.00341499;1.0097;-0.00114895;0.00274453;0.991768;0.0238541;0.984435;1;4;1
422.531;1365.06;2.59724;0.41435;0.00711387;-0.0020745;-0.00197969;0.00752225;-0.00248288;1.00286;0.00141497;0.000648936;0.995201;0.024151;0.982999;1;3;1
445.531;1365.06;2.7213;0.387356;0.00615616;-0.00631642;-0.00174994;0.00639703;-0.00655729;1.01287;0.00862589;-0.000508076;0.995499;0.0208356;0.990001;1;3;1
468.531;1365.06;2.87955;0.385081;0.00572055;-0.00470199;-0.000202785;0.00572449;-0.00470594;1.00276;0.00219016;0.000541951;0.995751;0.0234768;0.983185;1;3;1
491.531;1365.06;2.98369;0.407254;0.00250129;-0.0037728;7.92603e-05;0.00250229;-0.0037738;1.0023;0.00177031;-0.00396377;0.994394;0.0231857;0.986033;1;3;1
514.531;1365.06;2.99442;0.444532;0.00559895;-0.0032916;0.000442544;0.00562092;-0.00331358;1.00135;-0.00270132;0.00164349;0.998281;0.0233425;0.985136;1;4;1
537.531;1365.06;3.24046;0.481531;0.00785038;-0.00304809;-0.0012017;0.00798131;-0.00317902;1.01501;-0.000927624;-0.00250505;0.996943;0.0251452;0.986501;1;3;1
560.531;1365.06;3.35414;0.452522;0.00556062;-0.00189583;-0.00137608;0.00580646;-0.00214168;1.00246;0.00691922;0.00318375;0.994519;0.0244981;0.988828;1;4;1
583.531;1365.06;3.49554;0.470546;0.0057442;-0.0022192;-0.000538188;0.00578041;-0.00225541;1.00656;0.00319981;-0.00294018;0.998386;0.0225998;0.985304;1;4;1
606.531;1365.06;3.61759;0.501597;0.00546004;-0.00315479;-0.000679077;0.00551324;-0.00320799;1.00733;0.00328061;-0.00240224;1.00266;0.023511;0.988715;1;3;1
629.531;1365.06;3.74599;0.524742;0.00330454;-0.00339087;-0.000732346;0.00338371;-0.00347004;1.0063;0.00698158;0.000491912;0.998356;0.0246219;0.977677;1;3;1
652.531;1365.06;3.76935;0.50889;0.00417666;-0.0055121;0.000187656;0.00418029;-0.00551573;0.996256;-0.000128228;-0.000310625;0.990351;0.0267586;0.985783;1;4;1
675.531;1365.06;3.93767;0.590131;0.00706103;-0.00518497;2.24036e-05;0.00706107;-0.00518501;1.0149;0.00761101;-0.00413053;0.995295;0.0240759;0.983253;1;3;1
698.531;1365.06;4.09299;0.55784;0.00673433;-0.00330537;9.71621e-05;0.00673527;-0.00330631;1.00393;-0.00631752;0.000367308;0.993803;0.0227019;0.986039;1;4;1
721.531;1365.06;4.24641;0.580233;0.00666266;-0.00303075;0.0008787;0.00674167;-0.00310976;1.00886;0.00102661;-8.90768e-05;0.998885;0.0218784;0.988372;1;4;1
744.531;1365.06;4.39839;0.638768;0.00611954;-0.00274972;-0.000264598;0.00612743;-0.00275761;1.00841;0.00340996;-0.0024744;0.999904;0.025403;0.986689;1;3;1
767.531;1365.06;4.52702;0.638382;0.00580063;-0.00482944;-0.001462;0.00599804;-0.00502685;1.00275;0.000387288;0.00510537;0.995218;0.0274857;0.977576;1;3;1
790.531;1365.06;4.66441;0.581344;0.00781688;-0.00395867;-0.00151847;0.00800953;-0.00415132;1.00989;0.002183;0.00145922;0.999129;0.0254771;0.984906;1;3;1
813.531;1365.06;4.88516;0.57499;0.00610089;-0.00538273;-0.000605933;0.00613277;-0.00541461;1.00675;-0.001471;-0.00163949;0.99532;0.0221939;0.988013;1;3;1
836.531;1365.06;4.9442;0.584662;0.00669954;-0.00362923;-0.000186766;0.00670291;-0.00363261;1.0088;0.00261295;-0.00347419;0.996614;0.0244155;0.980423;1;3;1
859.531;1365.06;5.19221;0.669905;0.00454678;-0.00284204;-0.00119295;0.00473461;-0.00302988;1.00588;0.00856784;0.00178987;0.992059;0.0226481;0.988606;1;3;1
882.531;1365.06;5.15286;0.62928;0.0038029;-0.00448588;-0.000927751;0.00390547;-0.00458845;1.00984;-0.00804089;0.00136142;0.994845;0.0256341;0.975245;1;4;1
905.531;1365.06;5.36682;0.672768;0.00665926;-0.00296295;0.00111355;0.00678645;-0.00309014;1.00352;0.00287961;-0.0027124;0.998665;0.0253877;0.979097;1;4;1
928.531;1365.06;5.45813;0.692352;0.0054905;-0.00443013;-0.000204354;0.00549471;-0.00443434;1.00614;0.00218107;-0.00202116;0.997011;0.0264933;0.970734;1;3;1
951.531;1365.06;5.61867;0.710295;0.00575583;-0.0034896;-0.00151448;0.00599759;-0.00373136;1.00496;0.00741896;0.00225609;0.996287;0.0239641;0.980263;1;4;1
974.531;1365.06;5.72213;0.719022;0.00715034;-0.00269806;-0.00142563;0.00735256;-0.00290028;1.00546;-0.000327651;0.00134323;0.99255;0.0243596;0.982469;1;4;1
997.531;1365.06;5.94641;0.682368;0.00676101;-0.00290159;-0.000834958;0.00683263;-0.00297321;1.00789;-0.00187077;1.10362e-05;0.993546;0.0187443;0.989945;1;3;1
1020.53;1365.06;6.03207;0.679246;0.0047247;-0.00162002;-0.000617763;0.00478429;-0.00167961;1.00493;-0.00254088;0.00219465;0.999195;0.0200452;0.990393;1;3;1
1043.53;1365.06;6.16324;0.674103;0.00495226;-0.00147379;0.000630218;0.00501348;-0.00153501;1.00861;-0.0042775;-0.00282405;1.00399;0.0225269;0.985228;1;3;1
1066.53;1365.06;6.25929;0.725833;0.00596644;-0.00354965;0.000285931;0.00597503;-0.00355823;1.01066;0.00359934;0.000804425;0.997882;0.0240634;0.986052;1;3;1
1089.53;1365.06;6.43686;0.719125;0.00792261;-0.00375361;-0.000325857;0.0079317;-0.00376269;0.998601;-0.0090169;0.00183836;1.00105;0.0239585;0.986654;1;3;1
1112.53;1365.06;6.62229;0.687723;0.00778684;-0.00326086;0.00051457;0.00781076;-0.00328477;1.00737;0.00252079;-0.00131883;0.999324;0.0243674;0.980621;1;3;1
1135.53;1365.06;6.79363;0.779215;0.00691028;-0.00415411;0.00285138;0.00760187;-0.0048457;1.00282;-0.000341223;-0.00124856;0.997422;0.0244945;0.981922;1;3;1
1158.53;1365.06;6.93891;0.809523;0.00578102;-0.00339253;0.000196935;0.00578524;-0.00339675;1.006;0.00201993;-0.00352951;0.995788;0.0238633;0.983411;1;3;1
1181.53;1365.06;7.05878;0.813724;0.00460858;-0.00693053;-0.00129401;0.00475191;-0.00707386;1.00594;0.00938847;0.000775704;0.988678;0.0251527;0.983967;1;3;1
1204.53;1365.06;7.15042;0.811674;0.00621441;-0.00468168;-0.00218412;0.00663591;-0.00510318;1.00206;0.00396525;0.0026989;0.997539;0.0249573;0.981716;1;3;1
1227.53;1365.06;7.34374;0.768173;0.0072847;-0.00138163;-0.000333784;0.00729754;-0.00139446;1.01027;0.0019852;-0.000654688;1.00088;0.0210211;0.991138;1;3;1
1250.53;1365.06;7.48428;0.767133;0.00653863;-0.00216691;-0.00031158;0.00654976;-0.00217805;1.00427;0.00275181;-0.000862045;0.997769;0.0245085;0.983552;1;3;1
1273.53;1365.06;7.64354;0.758865;0.00694831;-0.00293755;-0.00142009;0.00714826;-0.0031375;0.997167;-0.00171195;0.00481182;0.98958;0.0276191;0.984591;1;3;1
31.5305;1342.06;0.446541;0.101384;0.00231284;-0.00487993;0.000522481;0.00235059;-0.00491768;1.00761;-0.00121821;0.00303151;0.994896;0.0226977;0.990465;1;3;1
54.5305;1342.06;0.499675;0.107299;0.006386;-0.00342774;2.26264e-05;0.00638605;-0.00342779;1.00533;-0.00408501;-0.00229818;0.993073;0.0312659;0.977228;1;3;1
77.5306;1342.06;0.739364;0.0881482;0.00709123;-0.00344734;0.000400863;0.00710646;-0.00346256;1.00663;0.00315924;-5.50479e-05;0.995934;0.027124;0.987814;1;4;1
100.531;1342.06;0.824697;0.156057;0.00487858;-0.00325813;0.00113261;0.0050333;-0.00341285;1.00836;-0.00694237;-0.00524576;0.994693;0.0203526;0.990067;1;3;1
123.531;1342.06;0.963043;0.220768;0.00561997;-0.00211738;0.00173884;0.00599278;-0.00249019;1.00025;0.00167243;0.000531846;0.995105;0.0245662;0.992244;1;3;1
146.531;1342.06;1.08235;0.269463;0.00520166;-0.00361328;0.000474265;0.0052271;-0.00363873;1.00726;0.00531412;-0.00500308;1.00044;0.0194387;0.99468;1;2;1
169.531;1342.06;1.20167;0.277722;0.00499399;-0.00315348;-0.000325135;0.00500694;-0.00316644;1.00734;0.00201874;0.00215966;0.999795;0.0200107;0.990576;1;3;1
192.531;1342.06;1.31151;0.271481;0.00568657;-0.00497914;0.000338747;0.00569732;-0.00498989;1.00452;0.000914485;-0.00294438;0.997134;0.0205014;0.991989;1;3;1
215.531;1342.06;1.46247;0.335428;0.00660088;-0.00325158;-0.000294047;0.00660965;-0.00326035;1.00718;0.000175813;-0.00106542;0.993072;0.0247654;0.98622;1;3;1
238.531;1342.06;1.61413;0.314926;0.0054354;-0.00254504;-5.10773e-05;0.00543573;-0.00254536;1.0045;-0.0012474;-0.000390127;0.998651;0.0272218;0.989602;1;3;1
261.531;1342.06;1.71181;0.376228;0.00436224;-0.00392338;0.000565216;0.00440062;-0.00396176;1.0074;-0.00310284;-0.00838352;0.997478;0.0237841;0.988267;1;3;1
284.531;1342.06;1.81424;0.420954;0.00559035;-0.00422096;-0.0011496;0.00572325;-0.00435386;1.00499;0.00432481;0.00183139;0.998547;0.0214127;0.988625;1;3;1
307.531;1342.06;1.96824;0.408867;0.00576759;-0.00348901;-0.0011939;0.0059191;-0.00364052;1.00188;0.00547145;-0.00078124;0.995913;0.0220792;0.99184;1;3;1
330.531;1342.06;2.07877;0.387991;0.00406454;-0.00188722;-9.97048e-05;0.00406621;-0.00188889;1.00422;0.00407865;-0.00138375;1.00414;0.0226579;0.987075;1;3;1
353.531;1342.06;2.15479;0.465754;0.00582627;-0.00500787;0.00028846;0.00583394;-0.00501555;1.0059;-0.00178618;-0.00137693;0.989094;0.022637;0.985739;1;4;1
376.531;1342.06;2.34596;0.451476;0.00687761;-0.00340327;-0.00132333;0.00704521;-0.00357087;1.00642;0.00801475;0.0029203;0.996027;0.0202857;0.98957;1;3;1
399.531;1342.06;2.47008;0.46603;0.00571297;-0.00203957;-0.000747233;0.00578433;-0.00211094;1.00749;0.0015973;-0.00235447;1.00425;0.0239674;0.985237;1;4;1
422.531;1342.06;2.60801;0.468349;0.00734445;-0.00319786;0.00108442;0.00745484;-0.00330825;1.01103;-0.00152291;-0.000915626;0.994837;0.0218429;0.988159;1;3;1
445.531;1342.06;2.80663;0.545666;0.00419611;-0.00444374;0.000566753;0.00423313;-0.00448076;1.00059;0.00470171;0.00030972;0.994798;0.0242953;0.989761;1;3;1
468.531;1342.06;2.80058;0.536379;0.00420218;-0.0045753;0.00051911;0.00423277;-0.00460589;1.00234;0.00216142;0.000369781;0.998147;0.0269361;0.98184;1;4;1
491.531;1342.06;2.99952;0.561518;0.00539658;-0.00451282;0.000231257;0.00540197;-0.00451821;1.00212;-0.00132126;-0.00488107;0.995567;0.0195707;0.987905;1;3;1
514.531;1342.06;3.04815;0.545177;0.00522496;-0.00309309;-0.00149484;0.00548544;-0.00335357;1.00696;0.00312089;0.00648346;0.995941;0.0213696;0.989545;1;3;1
537.531;1342.06;3.23924;0.553733;0.00742529;-0.00313538;-0.00028776;0.00743312;-0.00314321;1.00652;0.00304094;-0.00590748;0.995013;0.0236656;0.987068;1;3;1
560.531;1342.06;3.38846;0.542805;0.00582278;-0.00448553;-0.000322571;0.00583286;-0.00449561;1.01008;-0.00310431;0.00410676;0.998123;0.0261632;0.975362;1;3;1
583.531;1342.06;3.5063;0.514504;0.00496182;-0.0042545;0.0003795;0.00497742;-0.0042701;1.00054;0.00176432;-0.00232676;0.994664;0.0232668;0.9772;1;3;1
606.531;1342.06;3.61612;0.579882;0.00503356;-0.00398616;0.000598738;0.00507313;-0.00402573;1.00808;0.00203635;-0.000239592;0.996921;0.0207687;0.988128;1;4;1
629.531;1342.06;3.7372;0.592836;0.00508932;-0.00239647;0.000715328;0.00515707;-0.00246421;1.00292;-0.00567038;-0.00203749;0.995876;0.0249695;0.981812;1;3;1
652.531;1342.06;3.84962;0.625122;0.00503846;-0.00370988;-0.000116632;0.00504002;-0.00371143;1.00715;-0.000299861;0.000911928;1.00246;0.0263335;0.978492;1;3;1
675.531;1342.06;3.96836;0.643428;0.00579161;-0.00151638;-0.00184914;0.00623285;-0.00195762;1.00684;0.000102037;-0.00746957;1.00268;0.0216536;0.98821;1;4;1
698.531;1342.06;4.11526;0.64136;0.00668822;-0.00366214;-0.0010886;0.00680147;-0.00377539;1.00349;0.00572917;0.00509773;0.996831;0.0264916;0.984621;1;4;1
721.531;1342.06;4.27498;0.608784;0.00723707;-0.00313168;-6.70907e-06;0.00723707;-0.00313168;1.00892;0.00258054;-0.00141364;0.997012;0.021173;0.987624;1;3;1
744.531;1342.06;4.44695;0.679212;0.00605673;-0.000808098;0.00101934;0.00620489;-0.00095626;1.00566;0.00170834;-0.00330754;0.996316;0.0234638;0.987711;1;4;1
767.531;1342.06;4.55262;0.718147;0.00468373;-0.002402;0.000702072;0.00475262;-0.00247089;1.00739;0.000222075;0.00116642;0.991666;0.0268487;0.977692;1;4;1
790.531;1342.06;4.66188;0.721012;0.00651815;-0.00235463;0.000231775;0.0065242;-0.00236068;1.00274;-0.00252585;0.00101866;0.99763;0.0242227;0.981836;1;3;1
813.531;1342.06;4.85148;0.731844;0.00731526;-0.00466922;0.000523832;0.00733811;-0.00469207;1.0067;0.0012605;0.00156197;0.993764;0.0207077;0.987412;1;3;1
836.531;1342.06;4.99715;0.683495;0.0059518;-0.0053993;-0.000442393;0.00596901;-0.00541651;1.0037;0.00114581;-0.00168912;0.99355;0.0240288;0.984626;1;3;1
859.531;1342.06;5.12445;0.718059;0.00468025;-0.00277968;0.00201522;0.00518983;-0.00328926;1.0071;0.00267989;0.00344245;0.999606;0.0213621;0.990798;1;3;1
882.531;1342.06;5.21193;0.720177;0.00469368;-0.00349804;-0.00054288;0.0047295;-0.00353386;1.00863;0.0109357;-0.00416674;0.996459;0.0216818;0.987967;1;4;1
905.531;1342.06;5.33984;0.757377;0.00677864;-0.00257484;0.000920383;0.00686835;-0.00266454;1.00479;-0.00118137;-0.00230685;0.996435;0.0251933;0.98363;1;4;1
928.531;1342.06;5.52267;0.770901;0.00785728;-0.00327225;-0.000365936;0.0078693;-0.00328426;1.00687;-0.000778251;-0.000992249;0.99737;0.0231619;0.979457;1;3;1
951.531;1342.06;5.69986;0.788296;0.00652952;-0.00361353;-0.000804687;0.00659296;-0.00367697;1.01059;-0.011024;0.00583858;0.991873;0.0285978;0.969594;1;4;1
974.531;1342.06;5.82205;0.759553;0.00611651;-0.00204132;-0.00185482;0.00651843;-0.00244324;1.00266;0.00428943;0.00290982;0.996551;0.0251722;0.981257;1;4;1
997.531;1342.06;5.98035;0.754736;0.00544785;-0.00397011;-0.000418254;0.00546639;-0.00398865;1.00798;-0.00117468;-0.00235757;0.999357;0.0217081;0.985318;1;3;1
1020.53;1342.06;6.07195;0.720722;0.00487547;-0.00533336;-0.00088904;0.00495232;-0.00541021;0.999179;0.00645735;0.00322894;0.991002;0.0221829;0.983444;1;3;1
1043.53;1342.06;6.20408;0.767876;0.00507396;-0.00467499;0.000532011;0.0051029;-0.00470393;1.00146;-0.000376868;-0.00896855;0.990909;0.0269014;0.978173;1;3;1
1066.53;1342.06;6.30464;0.830428;0.00641033;-0.0037364;-0.000203173;0.0064144;-0.00374046;1.01104;0.000777903;0.00325487;0.995314;0.0241688;0.981322;1;3;1
1089.53;1342.06;6.49799;0.807071;0.0073124;-0.00432667;-0.00042976;0.00732824;-0.00434251;1.00592;0.00275684;0.000337637;0.991096;0.0273691;0.981007;1;3;1
1112.53;1342.06;6.63978;0.809268;0.00400143;-0.00445144;0.000585291;0.00404176;-0.00449178;1.00064;-0.00697771;6.5697e-05;0.996353;0.027199;0.982453;1;3;1
1135.53;1342.06;6.68162;0.888261;0.00491573;-0.00170789;0.00115601;0.00511169;-0.00190384;1.0043;-0.00168687;-0.00237083;0.996898;0.0280838;0.972562;1;3;1
1158.53;1342.06;6.86531;0.872094;0.00893253;-0.00219758;0.0003909;0.00894625;-0.00221129;1.00557;0.00890659;-0.00273607;0.995952;0.0225541;0.988103;1;3;1
1181.53;1342.06;7.09065;0.957377;0.00807244;-0.00280222;-7.87527e-05;0.00807301;-0.00280279;1.01613;-0.00490177;0.00374567;0.998233;0.0256089;0.98772;1;4;1
1204.53;1342.06;7.23515;0.847358;0.00466649;-0.00172291;-0.00237125;0.00545035;-0.00250677;1.00221;-0.00250853;0.000270133;1.00114;0.0259857;0.980898;1;3;1
1227.53;1342.06;7.30446;0.778681;0.0045414;-0.00263712;-0.000610946;0.00459302;-0.00268874;1.00132;0.00286304;0.00169588;0.998394;0.0279061;0.981312;1;3;1
1250.53;1342.06;7.44357;0.824463;0.00655763;-0.00177178;0.0010843;0.00669647;-0.00191062;1.0051;-0.00108162;-0.00116706;0.998694;0.0257868;0.983721;1;2;1
1273.53;1342.06;7.60509;0.841511;0.00704735;-0.00291096;-0.00116899;0.00718274;-0.00304635;1.00838;0.00768117;-0.000934389;0.99981;0.0255887;0.988005;1;4;1
31.5305;1319.06;0.351848;0.205942;0.00944834;-0.00330612;0.000993502;0.00952526;-0.00338304;1.00675;-0.0042448;-0.000948464;0.994102;0.0288495;0.980054;1;3;1
54.5305;1319.06;0.568136;0.22382;0.00741048;-0.00461157;-0.000729137;0.00745454;-0.00465563;1.00631;0.00418326;0.000311057;0.998315;0.0196971;0.992082;1;3;1
77.5306;1319.06;0.691474;0.223057;0.00597073;-0.00463077;0.00195067;0.00631826;-0.0049783;1.00388;0.000992015;-0.00707335;0.993854;0.0215393;0.987469;1;3;1
100.531;1319.06;0.84193;0.287978;0.0051831;-0.00366908;0.000838935;0.00526191;-0.00374789;1.01069;0.00312183;0.00642929;0.997145;0.0202504;0.992639;1;3;1
123.531;1319.06;0.929271;0.254146;0.00567;-0.00220398;0.000696322;0.0057311;-0.00226508;0.996417;-0.00528467;-0.0071632;0.997927;0.0272896;0.975153;1;3;1
146.531;1319.06;1.10201;0.311286;0.00631247;-0.00404126;0.000696114;0.00635906;-0.00408785;1.00951;-0.000607481;-0.00517545;0.99727;0.0220701;0.988676;1;3;1
169.531;1319.06;1.21867;0.328127;0.00508533;-0.00537743;0.000921066;0.0051658;-0.0054579;1.00755;-0.00399226;0.00184153;0.995451;0.0195163;0.993037;1;3;1
192.531;1319.06;1.33525;0.401794;0.00546424;-0.00501774;-0.000135342;0.00546599;-0.00501948;1.00292;-0.00153054;-0.00252387;0.994043;0.020965;0.988932;1;3;1
215.531;1319.06;1.46934;0.353627;0.00493776;-0.00266329;-0.000960095;0.00505716;-0.00278268;1.00428;0.00162477;-0.000480514;0.999087;0.0174901;0.99352;1;3;1
238.531;1319.06;1.56183;0.377347;0.00582941;-0.0041853;0.00105346;0.00593902;-0.00429492;1.00411;-0.00131426;-0.00150522;0.993509;0.0215741;0.988111;1;3;1
261.531;1319.06;1.73663;0.442303;0.00857043;-0.00304276;0.000809727;0.00862662;-0.00309895;1.00801;0.00358115;-0.00311218;0.998039;0.0215567;0.988298;1;3;1
284.531;1319.06;1.95427;0.48528;0.00625679;-0.0030445;-0.00055228;0.00628946;-0.00307718;1.00871;0.0033565;0.00314455;0.997891;0.0210158;0.991915;1;3;1
307.531;1319.06;2.02354;0.465771;0.00332727;-0.00397021;-9.35661e-05;0.00332847;-0.00397141;1.00004;-0.00144766;-0.00497246;0.992428;0.0252437;0.983542;1;3;1
330.531;1319.06;2.10706;0.455226;0.00379055;-0.00255395;8.83947e-05;0.00379178;-0.00255518;1.00043;-0.00338284;-0.000695301;0.993841;0.016899;0.994883;1;3;1
353.531;1319.06;2.19753;0.532869;0.00649087;-0.00272197;-8.75751e-06;0.00649088;-0.00272198;1.00687;0.00302196;-0.00361751;1.00127;0.020913;0.987251;1;3;1
376.531;1319.06;2.40458;0.549207;0.00616845;-0.0033809;0.000851519;0.00624379;-0.00345623;1.00524;-0.00493268;-0.00048587;0.997152;0.0217703;0.989133;1;4;1
399.531;1319.06;2.48039;0.568451;0.00375538;-0.00437541;0.000224678;0.00376158;-0.00438162;1.0074;-0.00220214;-0.00175274;0.991159;0.0223196;0.983441;1;3;1
422.531;1319.06;2.577;0.561692;0.00559004;-0.004936;0.000710287;0.00563776;-0.00498371;1.00419;0.00186347;0.0045875;0.990255;0.0195166;0.989667;1;3;1
445.531;1319.06;2.73682;0.592227;0.00590242;-0.00268809;0.000622152;0.00594725;-0.00273292;1.0043;-0.0035426;-0.00548128;0.996326;0.0226662;0.987338;1;3;1
468.531;1319.06;2.8477;0.596039;0.00510924;-0.00336604;-0.000549781;0.00514476;-0.00340156;1.0041;0.00246917;0.00194649;0.994289;0.0222507;0.989094;1;4;1
491.531;1319.06;2.97124;0.615315;0.00601393;-0.00270927;0.000279748;0.00602289;-0.00271823;1.01028;-0.000949094;-0.00205615;0.995014;0.0215747;0.983307;1;3;1
514.531;1319.06;3.12352;0.587217;0.00639333;-0.0026465;-0.00113955;0.00653476;-0.00278793;1.0069;0.00246747;0.000268434;0.999093;0.0216379;0.984311;1;3;1
537.531;1319.06;3.2644;0.625991;0.00482361;-0.0042487;0.000462415;0.00484712;-0.00427221;1.0062;-0.00240716;-0.00116579;0.999425;0.0197155;0.992008;1;3;1
560.531;1319.06;3.34481;0.659322;0.00508154;-0.0051087;0.000636205;0.0051211;-0.00514826;1.00532;4.33912e-05;-0.00163703;0.995158;0.0186126;0.990003;1;3;1
583.531;1319.06;3.49754;0.666671;0.00644679;-0.00530653;0.000437325;0.00646304;-0.00532278;1.00304;0.000309761;-0.00321572;0.996245;0.0203153;0.988778;1;3;1
606.531;1319.06;3.64041;0.685333;0.00496641;-0.00432289;-0.00074914;0.00502644;-0.00438292;1.01395;0.00135337;0.00314454;0.995386;0.0247447;0.986361;1;3;1
629.531;1319.06;3.72542;0.635117;0.00413385;-0.00281403;-0.00103432;0.00428456;-0.00296474;1.00817;0.00664338;-0.00174455;1.00017;0.0217311;0.986233;1;3;1
652.531;1319.06;3.83017;0.679902;0.00867918;-0.00192734;-0.00037685;0.00869256;-0.00194071;1.00804;0.000537733;-0.00168446;0.997339;0.021469;0.987113;1;3;1
675.531;1319.06;4.12293;0.660311;0.00715669;-0.0027833;-0.000590337;0.00719162;-0.00281824;1.01;0.00307875;0.000565306;0.995979;0.0227151;0.990312;1;3;1
698.531;1319.06;4.15819;0.726654;0.0035192;-0.00329708;0.000579361;0.0035681;-0.00334597;1.00172;0.0037936;-0.00044034;0.996078;0.0214889;0.990527;1;4;1
721.531;1319.06;4.28449;0.724533;0.00557255;-0.00403105;-0.00122303;0.00572585;-0.00418436;1.01162;-0.000913143;0.000621348;0.995806;0.0228865;0.985414;1;3;1
744.531;1319.06;4.41379;0.675959;0.00478862;-0.00307981;0.000437717;0.0048129;-0.00310408;1.00497;-0.00938265;0.00544469;0.994997;0.0258755;0.978389;1;3;1
767.531;1319.06;4.50423;0.749013;0.00529692;-0.00192783;-0.000646588;0.00535433;-0.00198524;1.00187;-0.00320178;-0.00371062;0.997663;0.0272252;0.980643;1;4;1
790.531;1319.06;4.6568;0.689785;0.00645607;-0.00171312;0.000150923;0.00645885;-0.00171591;1.0038;-0.000490493;0.00237052;0.997173;0.0289232;0.976462;1;3;1
813.531;1319.06;4.80024;0.790356;0.00685928;-0.00234136;0.00128252;0.00703471;-0.00251679;1.00771;0.00389948;-0.00742579;0.999599;0.0215044;0.987781;1;4;1
836.531;1319.06;4.97103;0.833712;0.00531498;-0.0034381;-0.000196181;0.00531937;-0.0034425;1.00583;-0.00196582;0.00212786;0.995607;0.0231118;0.984496;1;3;1
859.531;1319.06;5.04409;0.798187;0.00589897;-0.00332468;-0.000536372;0.00593006;-0.00335577;1.00469;-0.00286991;0.00427471;0.99332;0.0256705;0.977982;1;3;1
882.531;1319.06;5.24157;0.790558;0.00629969;-0.00376406;-0.000265505;0.00630669;-0.00377106;1.0101;-0.0037109;-0.0048241;1.00056;0.0249955;0.982031;1;3;1
905.531;1319.06;5.33296;0.791376;0.006118;-0.00368445;0.000625502;0.00615775;-0.00372421;1.00368;0.00579569;0.00149358;0.992996;0.0252221;0.975101;1;3;1
928.531;1319.06;5.52211;0.843167;0.00759621;-0.0015111;0.000303744;0.00760633;-0.00152121;1.01024;0.00601773;0.000656649;0.999894;0.0256246;0.98159;1;3;1
951.531;1319.06;5.68099;0.876861;0.00733868;-0.00200961;-0.000455845;0.00736086;-0.00203179;1.00914;0.00432631;-0.00566264;1.00046;0.0233215;0.983053;1;3;1
974.531;1319.06;5.85845;0.813221;0.00578243;-0.00474571;-0.000315687;0.00579189;-0.00475517;1.00527;-0.00366573;0.00654181;0.995781;0.0234174;0.980148;1;4;1
997.531;1319.06;5.94622;0.865357;0.00584664;-0.00447246;0.00167787;0.0061126;-0.00473842;1.00475;-0.00141347;-0.00281292;0.995619;0.0273738;0.976566;1;4;1
1020.53;1319.06;6.12648;0.925336;0.00603921;-0.00503003;-0.000165225;0.00604167;-0.0050325;0.993444;-0.00574843;0.0062701;1.00005;0.0240899;0.979401;1;3;1
1043.53;1319.06;6.22318;0.889697;0.00414328;-0.00445581;-0.00101146;0.00426066;-0.00457318;1.01079;0.0046234;-0.00556965;0.999317;0.0222235;0.985596;1;3;1
1066.53;1319.06;6.31667;0.898066;0.00505669;-0.00318707;-0.000554153;0.00509378;-0.00322415;1.00603;0.00244336;0.00288154;0.999637;0.0203367;0.98844;1;3;1
1089.53;1319.06;6.4552;0.918588;0.00725421;-0.00254746;-0.000128395;0.00725589;-0.00254914;1.00863;0.002673;-0.00075553;1.00057;0.0259189;0.976511;1;3;1
1112.53;1319.06;6.64916;0.892955;0.00643479;-0.00314911;-0.000390837;0.00645071;-0.00316502;1.00725;0.00517185;-0.00139949;1.00326;0.0239231;0.980451;1;3;1
1135.53;1319.06;6.75021;0.857865;0.00703464;-0.00141427;-0.000914279;0.00713244;-0.00151207;1.00105;0.00103336;0.00475876;0.999797;0.0207794;0.986661;1;3;1
1158.53;1319.06;6.97162;0.910735;0.0063541;-0.00291312;6.16789e-05;0.00635451;-0.00291353;1.013;-0.0046869;-0.00484725;0.998532;0.022793;0.981149;1;3;1
1181.53;1319.06;7.0415;0.942811;0.00475875;0.000301427;-0.000368232;0.00478897;0.000271212;1.00474;0.00497662;0.00421611;1.0022;0.0199137;0.989118;1;3;1
1204.53;1319.06;7.19;0.891014;0.00731994;-0.00180209;-0.000535506;0.00735127;-0.00183342;1.00993;0.00201122;-0.00100773;0.995993;0.019479;0.989323;1;3;1
1227.53;1319.06;7.37696;0.889652;0.00561356;-0.00337324;-0.00115218;0.00575892;-0.00351861;1.00137;0.00232776;0.00122151;0.99543;0.0216171;0.987999;1;3;1
1250.53;1319.06;7.44748;0.848722;0.00888984;-0.00236734;-0.000525699;0.00891433;-0.00239183;1.0076;0.00633639;-0.00334198;0.9955;0.0219889;0.992457;1;3;1
1273.53;1319.06;7.78409;0.89318;0.0147442;-0.00248534;-0.000546997;0.0147615;-0.00250269;1.0222;0.00550718;0.00202413;0.996333;0.0222265;0.988455;1;3;1
31.5305;1296.06;0.391297;0.25375;0.00838145;-0.00216467;-0.000139983;0.00838331;-0.00216653;1.00759;0.00611564;-0.00130012;0.99919;0.0268007;0.983659;1;3;1
54.5305;1296.06;0.583175;0.319999;0.00508185;-0.0029328;0.000487489;0.00511139;-0.00296234;0.998569;-0.00227944;0.000950734;0.995082;0.023101;0.984654;1;2;1
77.5306;1296.06;0.624446;0.301803;0.0042602;-0.00378688;0.000168748;0.00426374;-0.00379041;1.00236;-0.00290821;-0.0016431;0.997529;0.0195457;0.993914;1;3;1
100.531;1296.06;0.778728;0.325168;0.00649982;-0.00215516;0.00163848;0.00679961;-0.00245496;1.00793;-0.0048297;0.0066697;0.997244;0.0232215;0.9854;1;4;1
123.531;1296.06;0.922468;0.322281;0.00683604;-0.00454825;0.0004758;0.00685589;-0.0045681;1.00508;0.00358342;-0.0091625;0.994654;0.0241711;0.984292;1;4;1
146.531;1296.06;1.09193;0.455739;0.00621267;-0.00314368;0.00208464;0.00665612;-0.00358713;1.00581;-0.00447275;-0.00442376;0.993917;0.0237922;0.989588;1;3;1
169.531;1296.06;1.20692;0.525753;0.00560728;-0.00271355;4.17984e-05;0.00560749;-0.00271376;1.00411;0.00355667;-0.00260213;0.993153;0.0238514;0.986774;1;3;1
192.531;1296.06;1.34913;0.502894;0.00696395;-0.00371307;-0.000970097;0.00705138;-0.00380049;1.00555;0.00499378;0.00272791;0.995779;0.0214875;0.985457;1;3;1
215.531;1296.06;1.52611;0.458147;0.00559038;-0.00325217;-0.000518041;0.00562062;-0.00328242;1.0064;0.00655706;-0.000920533;0.998692;0.0228401;0.990499;1;3;1
238.531;1296.06;1.60557;0.507855;0.00476273;-0.00334959;-0.000368622;0.00477945;-0.00336631;1.00048;0.000699955;0.00244108;0.997374;0.0230385;0.99219;1;3;1
261.531;1296.06;1.74464;0.51642;0.00615899;-0.00289248;-0.000405895;0.00617715;-0.00291064;1.01649;-0.00232985;-0.0019783;0.996036;0.0228281;0.987004;1;4;1
284.531;1296.06;1.88798;0.561274;0.00440984;-0.00337765;0.00147821;0.00468099;-0.0036488;1.00251;-0.00236935;-0.00176316;0.996551;0.0245586;0.987754;1;3;1
307.531;1296.06;1.94698;0.591865;0.00543637;-0.00407587;3.00887e-05;0.00543647;-0.00407596;1.00388;-0.00263845;0.00139502;0.995646;0.021949;0.984123;1;3;1
330.531;1296.06;2.13735;0.505661;0.00658093;-0.00389751;-0.000158358;0.00658332;-0.0038999;1.00259;0.0044566;0.000816535;1.00014;0.0197277;0.990454;1;3;1
353.531;1296.06;2.24871;0.591232;0.00361763;-0.00353726;0.000794993;0.0037049;-0.00362453;1.00613;-0.00206718;-0.00574575;0.995115;0.0194473;0.994892;1;3;1
376.531;1296.06;2.30335;0.607281;0.00464599;-0.00369793;0.000693225;0.00470319;-0.00375513;1.00683;0.00381333;0.00375535;0.995029;0.0273313;0.982903;1;4;1
399.531;1296.06;2.46187;0.667742;0.00574011;-0.0024516;0.000438192;0.00576348;-0.00247498;1.00928;0.00230773;-0.00713749;0.997562;0.0190479;0.989464;1;3;1
422.531;1296.06;2.56655;0.695987;0.00702243;-0.00370838;-0.000991225;0.00711322;-0.00379917;1.00255;0.00290541;-5.30922e-05;1.00179;0.0222587;0.987444;1;4;1
445.531;1296.06;2.78378;0.66949;0.0067015;-0.0042154;0.000373171;0.00671424;-0.00422814;1.00866;0.00265585;-0.00236773;0.995896;0.0258714;0.986915;1;4;1
468.531;1296.06;2.8738;0.691537;0.00395159;-0.00321539;0.000134937;0.00395413;-0.00321793;1.006;-0.00540041;0.000943636;0.993357;0.0220843;0.984772;1;2;1
491.531;1296.06;2.96519;0.686327;0.00630494;-0.00237774;-0.000884058;0.00639404;-0.00246684;1.00423;0.00074121;0.00394837;0.998332;0.0238325;0.982369;1;3;1
514.531;1296.06;3.16291;0.667221;0.00661329;-0.00500096;0.000807307;0.00666914;-0.00505681;1.00767;0.000261271;-0.00193311;0.996828;0.0212512;0.987727;1;3;1
537.531;1296.06;3.26836;0.749599;0.00452575;-0.00304034;0.00171489;0.00489629;-0.00341088;1.0049;-0.00454485;-0.00279332;0.994832;0.0233783;0.984168;1;3;1
560.531;1296.06;3.37049;0.778412;0.00487422;-0.00290668;-0.000919176;0.00498133;-0.00301379;1.00517;0.00359601;-0.00428187;0.998039;0.0182958;0.990268;1;3;1
583.531;1296.06;3.49203;0.759258;0.00617006;-0.00417823;-3.87504e-05;0.0061702;-0.00417838;1.00489;-0.0022391;0.00452146;0.995827;0.0212113;0.986982;1;4;1
606.531;1296.06;3.65344;0.779182;0.00729941;-0.00250336;-0.000153307;0.0073018;-0.00250575;1.00891;-0.00583543;-0.000655652;0.999;0.0235125;0.98363;1;4;1
629.531;1296.06;3.82657;0.722552;0.00557032;-0.0045614;-0.00141238;0.00576352;-0.0047546;1.00376;-0.0058005;-0.00478362;0.988837;0.0220377;0.985772;1;4;1
652.531;1296.06;3.90892;0.713904;0.00527538;-0.00369959;-0.000234896;0.00528152;-0.00370574;1.00259;0.00116506;0.000535384;0.993199;0.0227738;0.983914;1;3;1
675.531;1296.06;4.06857;0.771748;0.00473025;-0.00264512;0.00194584;0.00521213;-0.00312701;1.00682;-0.00223166;-0.00240144;0.995679;0.030417;0.977649;1;4;1
698.531;1296.06;4.12593;0.793278;0.00584516;-0.00279559;0.00056155;0.0058815;-0.00283193;1.00204;-0.00350081;0.000296959;0.999189;0.0229679;0.986039;1;4;1
721.531;1296.06;4.33666;0.79463;0.0066577;-0.00315227;-0.000397197;0.00667375;-0.00316833;1.00942;0.00328944;-0.00196447;0.993547;0.0195989;0.991365;1;3;1
744.531;1296.06;4.43116;0.821105;0.00629926;-0.00410242;-0.000532595;0.00632646;-0.00412962;1.0079;0.00598002;0.000198632;0.994591;0.0196567;0.990669;1;3;1
767.531;1296.06;4.62552;0.80697;0.00562307;-0.00230995;-0.000928622;0.00573032;-0.0024172;1.00358;0.00291688;0.00049204;0.995748;0.0230667;0.985327;1;3;1
790.531;1296.06;4.6891;0.799892;0.00548008;-0.00509526;-0.000353597;0.00549189;-0.00510707;1.00361;0.00175677;-0.0026669;0.997743;0.0215517;0.988155;1;3;1
813.531;1296.06;4.87691;0.83968;0.00728258;-0.00354624;-0.000671213;0.00732402;-0.00358768;1.01076;0.00202028;-0.00280014;0.996994;0.0207691;0.990453;1;4;1
836.531;1296.06;5.02287;0.841928;0.00553386;-0.00109412;-0.000218417;0.00554105;-0.00110131;1.00843;-0.0011399;-0.000381518;1.00021;0.0242996;0.981761;1;3;1
859.531;1296.06;5.13075;0.87125;0.0045018;-0.00329906;-0.000293147;0.0045128;-0.00331006;1.00167;0.00394349;-0.00155094;1.00151;0.0249286;0.982673;1;4;1
882.531;1296.06;5.22946;0.893654;0.00444511;-0.00460098;0.000705342;0.00449977;-0.00465565;1.00155;0.000930112;-0.000101175;0.995912;0.0221273;0.982093;1;4;1
905.531;1296.06;5.33474;0.927176;0.00764247;-0.00455398;-0.00172463;0.00788165;-0.00479316;1.00765;0.000775139;0.00228677;0.99549;0.0219282;0.988318;1;3;1
928.531;1296.06;5.57965;0.840499;0.00823151;-0.00256877;-0.00121803;0.00836717;-0.00270443;1.0082;-0.000232215;-0.000292092;0.992402;0.0260135;0.982072;1;3;1
951.531;1296.06;5.71182;0.880833;0.00567034;-0.00226272;0.00151277;0.00594902;-0.00254141;1.006;0.00189831;-0.00354793;0.997025;0.0204011;0.988388;1;4;1
974.531;1296.06;5.83954;0.978379;0.00492713;-0.00177054;0.00119137;0.00513273;-0.00197615;1.00662;0.00383897;-0.0032984;0.994356;0.0251925;0.974616;1;3;1
997.531;1296.06;5.93784;0.960951;0.00592181;-0.00344431;-0.000595252;0.00595949;-0.00348199;1.00652;0.00422839;0.00253301;0.996203;0.020538;0.987832;1;2;1
1020.53;1296.06;6.11114;0.952706;0.00724053;-0.00226964;-0.00053864;0.00727094;-0.00230005;0.998822;0.00916739;0.000758107;0.992137;0.0223441;0.98821;1;3;1
1043.53;1296.06;6.26971;0.973349;0.00594995;-0.00274359;0.000117531;0.00595153;-0.00274517;1.00723;-0.000273538;-0.00369199;0.989423;0.0234618;0.982826;1;3;1
1066.53;1296.06;6.38402;0.977336;0.00512124;-0.00200229;-0.000771741;0.00520389;-0.00208494;1.00357;-0.00234323;0.0026942;0.993501;0.0213188;0.983601;1;3;1
1089.53;1296.06;6.50466;0.924404;0.00504204;-0.00266258;-0.00098601;0.00516622;-0.00278677;1.00723;-0.00123411;0.0041266;0.99772;0.0217017;0.984982;1;3;1
1112.53;1296.06;6.61536;0.954362;0.00606456;-0.00328658;0.000371805;0.00607932;-0.00330134;1.00509;-0.00304002;-0.00191357;0.992585;0.022538;0.987177;1;3;1
1135.53;1296.06;6.78278;0.953474;0.00716682;-0.00342994;0.00101719;0.00726358;-0.0035267;1.00732;0.00173397;-0.00121294;0.993555;0.0228866;0.985446;1;3;1
1158.53;1296.06;6.94383;1.00636;0.00702344;-0.00218604;0.000518443;0.00705253;-0.00221513;1.00531;-0.0027391;-0.00033115;0.999339;0.0252171;0.980415;1;3;1
1181.53;1296.06;7.10473;0.943516;0.00627187;-0.000665442;-0.00148725;0.00657726;-0.000970842;1.01449;-0.00221225;0.00182746;0.998677;0.0212365;0.989587;1;3;1
1204.53;1296.06;7.23138;0.930329;0.00573874;-0.00340491;-0.000261954;0.00574624;-0.00341241;1.00157;0.00143272;-0.00280536;0.998777;0.0216351;0.982673;1;3;1
1227.53;1296.06;7.36796;0.934156;0.00574737;-0.0025579;0.000467857;0.00577365;-0.00258418;1.00709;-0.00244246;0.00329487;0.995497;0.0182026;0.989136;1;3;1
1250.53;1296.06;7.495;0.933519;0.00816672;-0.00339861;9.20463e-05;0.00816745;-0.00339934;1.01186;-0.00243281;-0.000643079;0.998526;0.0188997;0.992176;1;3;1
1273.53;1296.06;7.7421;0.956183;0.0108017;-0.00246141;0.00290846;0.0114114;-0.00307117;1.01072;-0.00663598;-0.00280128;1.00074;0.0247232;0.986;1;3;1
31.5305;1273.06;0.495736;0.30585;0.00328836;-0.00302103;0.00117775;0.00350104;-0.00323371;1.00499;0.00201221;-0.00339661;0.994802;0.0207765;0.987345;1;3;1
54.5305;1273.06;0.571183;0.358927;0.00404068;-0.00243423;0.00132357;0.00430079;-0.00269434;1.00281;1.96046e-05;0.00217048;0.996317;0.0214352;0.988206;1;3;1
77.5306;1273.06;0.681142;0.397585;0.00307619;-0.00313047;-0.000613795;0.00313631;-0.00319059;1.00433;0.000444444;0.00017627;0.996583;0.019358;0.993319;1;3;1
100.531;1273.06;0.712462;0.387405;0.00728275;-0.00444169;0.000767924;0.00733284;-0.00449177;1.00737;0.00431208;-0.00643042;0.992137;0.0259874;0.984477;1;3;1
123.531;1273.06;1.01489;0.463923;0.00874605;-0.00492292;-0.000674235;0.00877923;-0.00495609;1.0118;-0.00249548;0.00235649;0.996302;0.0263783;0.987126;1;3;1
146.531;1273.06;1.11299;0.456125;0.00537801;-0.00237868;-0.000629768;0.00542881;-0.00242948;1.0066;-0.0037603;0.000451768;0.998102;0.0287323;0.978623;1;4;1
169.531;1273.06;1.26162;0.45314;0.0053219;-0.000109452;0.000607111;0.00538894;-0.000176487;0.998504;-0.0029015;-0.0076023;0.995736;0.0219639;0.984868;1;3;1
192.531;1273.06;1.357;0.572919;0.00566957;-0.00167849;0.000140951;0.00567227;-0.00168119;1.01206;-0.000520088;0.00688944;0.998317;0.0197312;0.993599;1;4;1
215.531;1273.06;1.52165;0.503501;0.0064643;-0.00402483;3.59344e-05;0.00646443;-0.00402495;1.00317;-0.00294257;-0.00302905;0.995782;0.022038;0.989452;1;3;1
238.531;1273.06;1.65338;0.531779;0.00665433;-0.00366808;0.00153413;0.00687751;-0.00389125;1.00411;-0.00556135;0.000196261;0.993839;0.0232271;0.98905;1;3;1
261.531;1273.06;1.82668;0.575639;0.00524133;-0.0033526;0.0019438;0.00566054;-0.00377181;1.01048;-0.00123984;-0.00917255;0.993048;0.030074;0.974974;1;3;1
284.531;1273.06;1.89373;0.640955;0.0030281;-0.00401809;0.00178619;0.00345503;-0.00444502;0.999065;-0.00634252;0.002265;0.991921;0.0205828;0.9928;1;3;1
307.531;1273.06;1.9657;0.653681;0.00495084;-0.00331857;-0.000873288;0.00504206;-0.00340978;1.00475;0.00371891;-0.00355128;0.999083;0.0233274;0.986014;1;4;1
330.531;1273.06;2.1209;0.634864;0.00566525;-0.0047177;0.000677117;0.00570922;-0.00476167;1.00804;-0.00485248;0.00219422;0.993816;0.0236436;0.987904;1;4;1
353.531;1273.06;2.22555;0.695881;0.00645866;-0.00483829;0.000887049;0.00652789;-0.00490751;1.00709;-0.00260132;-0.0030132;0.996939;0.0247339;0.986057;1;3;1
376.531;1273.06;2.41697;0.719629;0.00660315;-0.00254103;-0.00102509;0.00671666;-0.00265454;1.00502;-0.000783837;-0.00281022;0.995981;0.0197731;0.992929;1;2;1
399.531;1273.06;2.5283;0.681388;0.00550026;-0.00306968;1.80322e-05;0.0055003;-0.00306972;1.00504;0.00150367;-0.00551069;1.00179;0.0233878;0.985624;1;3;1
422.531;1273.06;2.66929;0.732688;0.00370541;-0.00153205;-0.000458116;0.00374518;-0.00157182;1.0068;0.00438348;0.00543308;0.999643;0.0277861;0.986853;1;3;1
445.531;1273.06;2.69831;0.786562;0.00398108;-0.00301303;0.000277279;0.00399205;-0.003024;1.00797;0.00104196;-0.0028888;0.996175;0.0211004;0.988057;1;3;1
468.531;1273.06;2.85205;0.744186;0.00719282;-0.00338131;-0.000775898;0.00724945;-0.00343794;1.01031;0.0029208;0.00116608;1.00204;0.0221358;0.983992;1;3;1
491.531;1273.06;3.02796;0.724857;0.00567422;-0.00428132;5.65724e-05;0.00567454;-0.00428164;1.00242;0.00106035;-0.0011005;0.996153;0.0208765;0.986785;1;3;1
514.531;1273.06;3.11227;0.817841;0.00413351;-0.0041953;0.000879799;0.00422543;-0.00428723;1.00315;-0.000406834;-0.00399057;0.992797;0.0221939;0.986577;1;3;1
537.531;1273.06;3.21769;0.766084;0.00711831;-0.00292323;-0.000277267;0.00712596;-0.00293088;1.00924;0.000985968;0.00475008;1.00067;0.0214059;0.984205;1;3;1
560.531;1273.06;3.43855;0.793321;0.00619839;-0.000960908;-0.000391783;0.00621976;-0.000982283;1.00598;0.00261295;-0.00361302;1.00108;0.0226725;0.98375;1;4;1
583.531;1273.06;3.50184;0.859273;0.00391001;-0.00346058;-0.000187004;0.00391475;-0.00346533;1.00035;-0.000141412;0.00106674;0.997569;0.0221124;0.985236;1;3;1
606.531;1273.06;3.61806;0.800637;0.00628436;-0.00229067;0.000133678;0.00628644;-0.00229275;1.00827;0.00338751;0.00390117;0.997077;0.0222879;0.98909;1;4;1
629.531;1273.06;3.79002;0.845467;0.00615785;-0.00556998;0.000782543;0.00620983;-0.00562196;1.00554;0.0029132;-0.00692103;1.00124;0.0249874;0.98424;1;4;1
652.531;1273.06;3.90043;0.850453;0.00509062;-0.0058764;-0.000815648;0.00515095;-0.00593673;1.00426;0.000997215;0.00268673;1.00038;0.0234169;0.981493;1;4;1
675.531;1273.06;4.02355;0.782256;0.00499243;-0.00236302;-4.3774e-05;0.00499269;-0.00236328;1.00372;-0.00362988;0.00308147;1.00025;0.0261053;0.980213;1;3;1
698.531;1273.06;4.12951;0.85544;0.00708756;-0.0034154;0.000604576;0.00712224;-0.00345008;1.0096;0.000837085;-0.00523356;0.996759;0.0208228;0.990107;1;3;1
721.531;1273.06;4.34835;0.869811;0.00753217;-0.00353489;0.00024719;0.00753769;-0.00354041;1.00717;-0.00126707;-0.000563692;1.00275;0.0197357;0.988725;1;3;1
744.531;1273.06;4.47469;0.865099;0.00478967;-0.00364353;-0.000844937;0.0048735;-0.00372735;1.0026;-0.00125661;0.00275717;0.994812;0.0234262;0.981739;1;4;1
767.531;1273.06;4.56815;0.855438;0.00538107;-0.00402979;0.00152869;0.00562316;-0.00427189;1.00734;-0.00290078;-0.009804;0.994426;0.0269128;0.970418;1;3;1
790.531;1273.06;4.72152;0.924813;0.00731119;-0.00399663;0.000665276;0.00735019;-0.00403564;1.01151;0.00346566;-0.00160736;1.0008;0.0215096;0.984034;1;3;1
813.531;1273.06;4.90313;0.953889;0.00656209;-0.00283121;0.000300202;0.00657167;-0.0028408;1.0012;-0.00708758;-3.75483e-05;0.998891;0.0232593;0.986101;1;4;1
836.531;1273.06;5.02238;0.884097;0.00477491;-0.00255656;0.00121672;0.00497156;-0.00275321;1.00849;-0.00300562;0.000842431;0.997719;0.0278836;0.962979;1;4;1
859.531;1273.06;5.12226;0.950262;0.00457915;-0.00360073;0.00135474;0.00479768;-0.00381926;1.00207;-0.00167659;0.00133171;0.988688;0.0269571;0.981211;1;4;1
882.531;1273.06;5.23238;1.00269;0.00688632;-0.00274912;0.000950468;0.00697918;-0.00284198;1.0087;-3.38798e-05;-0.00180124;0.9967;0.0203658;0.989029;1;4;1
905.531;1273.06;5.43792;1.00146;0.0077481;-0.00252252;-0.00114987;0.00787527;-0.00264968;1.00839;0.00320921;0.00214017;0.998426;0.0199815;0.988556;1;3;1
928.531;1273.06;5.58741;0.961529;0.00526337;-0.00480012;0.000205258;0.00526755;-0.00480431;1.00288;0.0014935;-0.00348823;1.00139;0.024692;0.976349;1;4;1
951.531;1273.06;5.67939;0.981065;0.00526603;-0.00298192;-0.00117176;0.00542927;-0.00314516;1.00654;0.00145172;0.00569912;0.994774;0.0236453;0.977435;1;3;1
974.531;1273.06;5.82896;0.894748;0.00645223;-0.00127222;-0.000393367;0.00647221;-0.0012922;1.00764;0.00285246;-0.00509703;0.99773;0.0278085;0.979948;1;3;1
997.531;1273.06;5.97523;1.02408;0.00783902;-0.00181165;0.000939322;0.00792959;-0.00190222;1.00742;0.000410473;0.000958861;0.995365;0.0200684;0.989023;1;3;1
1020.53;1273.06;6.18796;1.0299;0.0057037;-0.00187929;-0.000373127;0.00572201;-0.0018976;1.00109;-0.00375575;-0.000783973;1.00004;0.0251585;0.97942;1;3;1
1043.53;1273.06;6.23685;1.01608;0.00328289;-0.00226056;-8.41075e-05;0.00328416;-0.00226183;1.0046;-0.00201765;-0.000832184;1.00361;0.0207737;0.990653;1;3;1
1066.53;1273.06;6.33871;0.990269;0.00623262;-0.00167632;0.000430577;0.00625599;-0.00169969;1.00446;-0.000282118;-0.00180566;1.00549;0.0208175;0.985083;1;3;1
1089.53;1273.06;6.52266;1.04128;0.00665859;-0.00530092;0.000420607;0.00667337;-0.00531569;1.00251;0.00411164;0.00681308;0.995841;0.0213516;0.986869;1;3;1
1112.53;1273.06;6.64396;1.04439;0.00405372;-0.00327229;-0.000933237;0.00417073;-0.0033893;1.00481;0.00194704;-0.00639773;0.998847;0.0250717;0.98379;1;3;1
1135.53;1273.06;6.70874;1.01593;0.00589639;-0.00252684;-0.000510785;0.00592725;-0.0025577;1.00662;-0.00105544;0.0128249;0.993873;0.0222626;0.986572;1;4;1
1158.53;1273.06;6.91439;1.01144;0.00858526;-0.00165898;-0.000913709;0.00866612;-0.00173984;1.00966;-0.00277296;-0.00853918;0.995531;0.023526;0.984769;1;3;1
1181.53;1273.06;7.10197;0.973471;0.00633112;-0.00379126;0.000288966;0.00633936;-0.00379951;1.00578;0.00334739;0.00250487;0.998313;0.0215748;0.987444;1;3;1
1204.53;1273.06;7.20469;1.04791;0.00512992;-0.00420795;0.000775792;0.00519393;-0.00427196;0.99668;0.00112054;0.000595327;0.997234;0.0222637;0.985828;1;3;1
1227.53;1273.06;7.33733;1.00748;0.00558485;-0.00331901;-0.000190019;0.00558891;-0.00332306;1.00539;0.00120797;0.00123243;1.00039;0.0182742;0.992892;1;3;1
1250.53;1273.06;7.46086;1.00533;0.00494185;-0.00365802;-0.000599032;0.00498337;-0.00369954;1.00919;0.00307575;0.00119755;0.996346;0.0212221;0.989319;1;3;1
1273.53;1273.06;7.56409;1.00707;0.00449863;-0.003376;0.00289872;0.00545059;-0.00432796;0.996653;-0.00796128;0.00343868;0.998983;0.0241767;0.988946;1;3;1
31.5305;1250.06;0.388786;0.392929;0.00716841;-0.00286232;0.00150729;0.00739001;-0.00308392;1.00751;-0.00532305;0.00197793;0.997051;0.0203601;0.988214;1;4;1
54.5305;1250.06;0.553039;0.43212;0.00698704;-0.00343525;0.000310686;0.00699629;-0.00344451;1.00903;-0.00138137;0.000587517;0.994589;0.0219681;0.991065;1;3;1
77.5306;1250.06;0.709044;0.446109;0.00482068;-0.00232127;0.000925513;0.00493866;-0.00243926;1.00453;-0.000152895;-0.0046622;0.996721;0.0253132;0.986051;1;3;1
100.531;1250.06;0.774155;0.529942;0.00748045;-0.00415133;0.000644419;0.00751604;-0.00418692;1.00583;0.00836125;-0.00416821;0.999633;0.0266871;0.990193;1;3;1
123.531;1250.06;1.05175;0.549478;0.00796018;-0.0035931;0.000218774;0.00796432;-0.00359725;1.00472;0.0167086;0.00106407;0.99416;0.0252776;0.989369;1;4;1
146.531;1250.06;1.13886;0.565313;0.00470184;-0.00460871;-0.000812624;0.00477224;-0.00467911;0.999995;0.00431273;-0.000343469;0.991734;0.0256018;0.991503;1;3;1
169.531;1250.06;1.26753;0.530828;0.00539192;-0.00482649;0.00113421;0.0055163;-0.00495087;1.00158;-0.00133667;-0.00316805;0.995797;0.0200945;0.989699;1;3;1
192.531;1250.06;1.38622;0.580184;0.00467872;-0.00154873;0.00183936;0.00518142;-0.00205143;1.01163;-0.00131689;-0.00025992;0.998164;0.0202943;0.990002;1;3;1
215.531;1250.06;1.48211;0.643685;0.00328002;-0.00411569;0.00155846;0.00359501;-0.00443068;0.999599;-0.00708129;-0.00393045;0.994359;0.0232737;0.991086;1;3;1
238.531;1250.06;1.53676;0.676949;0.00420178;-0.00403925;0.000633713;0.00425023;-0.00408769;0.995172;0.00417202;-0.00162015;0.99567;0.0259742;0.981804;1;3;1
261.531;1250.06;1.67498;0.670952;0.0057761;-0.00399142;0.00196799;0.00615771;-0.00437303;1.01634;0.00023789;-0.000326574;0.999428;0.0237942;0.987298;1;3;1
284.531;1250.06;1.80164;0.746561;0.00754934;-0.00251708;0.00152436;0.00777511;-0.00274285;1.00044;-0.00110427;-0.00404598;0.995746;0.0205088;0.987985;1;3;1
307.531;1250.06;2.02089;0.744833;0.00688286;-0.00271449;-0.0014361;0.00709315;-0.00292477;1.01037;0.00224938;0.00307411;0.991811;0.0191974;0.990201;1;3;1
330.531;1250.06;2.11717;0.723193;0.00502573;-0.00316758;0.00101367;0.00514927;-0.00329113;1.00463;0.00133932;-0.00280094;0.995377;0.0201391;0.989401;1;3;1
353.531;1250.06;2.25144;0.814334;0.00578862;-0.00242195;-0.000963767;0.00590023;-0.00253357;1.00619;0.000335028;0.00211761;0.99317;0.0224678;0.988376;1;3;1
376.531;1250.06;2.38268;0.724386;0.00483181;-0.0022197;0.000608828;0.00488399;-0.00227188;1.00587;-0.00197809;-0.00147782;1.00098;0.0207954;0.989406;1;3;1
399.531;1250.06;2.47317;0.809166;0.00721085;-0.00468458;0.000749893;0.00725794;-0.00473166;1.00315;-0.00229008;-0.00565435;0.99176;0.0268209;0.982468;1;3;1
422.531;1250.06;2.71317;0.766749;0.00646898;-0.00257436;-0.000355124;0.0064829;-0.00258829;1.00662;0.00114637;0.00838012;0.999028;0.022187;0.986846;1;3;1
445.531;1250.06;2.76979;0.808301;0.00371367;-0.00304241;0.000500998;0.00375062;-0.00307936;1.00305;0.00117395;-0.00184246;0.992296;0.0218686;0.988426;1;3;1
468.531;1250.06;2.88361;0.847342;0.00573844;-0.00415291;0.000129095;0.00574012;-0.00415459;1.00847;9.23572e-05;-0.00740959;0.992056;0.0214702;0.989278;1;4;1
491.531;1250.06;3.03294;0.883741;0.00522168;-0.00280975;-0.000438031;0.0052455;-0.00283357;1.00696;-0.00177349;0.00428698;0.995785;0.0185268;0.991884;1;3;1
514.531;1250.06;3.12318;0.860629;0.00515389;-0.00108104;-0.00108191;0.00533629;-0.00126344;1.00359;0.00471619;-0.00221808;1.00163;0.0226772;0.987607;1;3;1
537.531;1250.06;3.26941;0.884265;0.00820012;-0.00386896;-0.00152522;0.00838989;-0.00405873;1.01055;0.00735429;-0.00280456;0.996861;0.0195309;0.990581;1;4;1
560.531;1250.06;3.49884;0.822814;0.00538463;-0.00241491;-0.000313856;0.00539724;-0.00242752;0.996685;0.000913793;0.00226003;0.994875;0.0296864;0.978436;1;4;1
583.531;1250.06;3.51643;0.918728;0.00280247;-0.0012182;0.0001801;0.00281052;-0.00122625;1.00509;0.000380828;-0.00185651;0.99839;0.0251343;0.981886;1;4;1
606.531;1250.06;3.62753;0.884681;0.00627745;-0.00437348;0.000118061;0.00627876;-0.00437479;1.00382;0.00278256;-0.0033765;1.00119;0.0207309;0.988241;1;4;1
629.531;1250.06;3.80425;0.979494;0.00640378;-0.00286875;0.00100745;0.00651197;-0.00297694;1.01052;-0.000932322;-0.00183074;0.997312;0.0193109;0.986031;1;4;1
652.531;1250.06;3.92106;0.985019;0.00596086;-0.00372101;-0.00154032;0.00620001;-0.00396016;1.00284;0.000666138;0.00382574;0.9944;0.0264273;0.972219;1;4;1
675.531;1250.06;4.07753;0.880577;0.0051501;-0.00490135;-0.000618287;0.00518799;-0.00493924;1.00161;0.000746462;-0.00185003;0.989601;0.0260001;0.983476;1;3;1
698.531;1250.06;4.15734;0.950666;0.00536599;-0.00316746;0.000497562;0.0053949;-0.00319637;1.00914;-0.00122725;-0.000602772;0.995311;0.0247971;0.982724;1;3;1
721.531;1250.06;4.32364;0.957525;0.0073518;-0.00287714;0.000870076;0.00742528;-0.00295062;1.00663;0.00139625;-0.00135993;0.990704;0.0193524;0.990227;1;3;1
744.531;1250.06;4.49428;0.989057;0.00481931;-0.00419883;8.67374e-05;0.00482015;-0.00419967;1.00129;0.0075863;0.00099725;0.998428;0.0238865;0.985339;1;3;1
767.531;1250.06;4.54479;0.992787;0.00504322;-0.00327404;-0.000511075;0.00507451;-0.00330533;1.00195;-0.00316562;-0.00489719;0.999025;0.023216;0.984603;1;4;1
790.531;1250.06;4.72568;0.98412;0.00576324;-0.00253921;-0.000494354;0.00579257;-0.00256855;1.01242;-0.00478361;0.00196007;0.988613;0.0242928;0.97725;1;3;1
813.531;1250.06;4.80913;0.970151;0.00396831;-0.00309929;0.000829053;0.00406426;-0.00319524;1.0013;0.00325547;0.00235357;0.995596;0.021463;0.983696;1;4;1
836.531;1250.06;4.90786;0.959824;0.00687634;-0.00493793;0.00144337;0.00705013;-0.00511172;1.00488;0.00135044;-0.00105131;0.993766;0.0228301;0.980389;1;3;1
859.531;1250.06;5.12431;1.03718;0.00622574;-0.00292589;0.000391741;0.00624248;-0.00294263;1.00782;0.0048956;-0.00258584;0.998088;0.0244727;0.97946;1;4;1
882.531;1250.06;5.19332;1.0203;0.00598868;-0.00209099;-0.000427523;0.00601123;-0.00211355;1.00638;0.00370769;0.00202131;0.995983;0.0256244;0.978067;1;3;1
905.531;1250.06;5.39897;1.0434;0.00758011;-0.00285597;0.000297501;0.00758859;-0.00286445;1.00831;-0.0039659;-0.00397116;0.994545;0.0236578;0.980355;1;3;1
928.531;1250.06;5.54067;1.06185;0.0077222;-0.00305041;0.000309318;0.00773107;-0.00305928;1.01407;-0.00558545;0.00649131;0.993229;0.022602;0.980627;1;3;1
951.531;1250.06;5.75283;1.01823;0.00824062;-0.00291247;-0.000825784;0.00830144;-0.00297328;1.00945;0.00359626;0.00103934;0.996733;0.0236884;0.981677;1;4;1
974.531;1250.06;5.91818;1.03701;0.00508107;-0.0044703;-0.000463676;0.00510352;-0.00449276;1.00383;-0.00156376;0.000260919;0.999247;0.0253384;0.979676;1;3;1
997.531;1250.06;5.98596;1.04439;0.00477535;-0.00313278;0.000198823;0.00478034;-0.00313778;1.0074;-0.000824973;-0.000187251;1.00185;0.0218831;0.986909;1;3;1
1020.53;1250.06;6.13733;1.03924;0.00549471;-0.00349148;0.000951235;0.0055943;-0.00359106;1.00331;0.00176564;0.00250559;0.995265;0.0282966;0.972903;1;3;1
1043.53;1250.06;6.23801;1.07746;0.00506335;-0.00420039;0.000451102;0.00508527;-0.00422231;1.0087;-0.000560133;-0.00249203;0.995067;0.0237768;0.981745;1;3;1
1066.53;1250.06;6.36965;1.05451;0.00614431;-0.00316079;0.000496203;0.00617069;-0.00318717;1.0043;-0.00275448;-0.00234103;0.996458;0.0239822;0.978659;1;3;1
1089.53;1250.06;6.5197;1.1689;0.0066762;-0.00417984;0.00108323;0.00678324;-0.00428687;1.00713;-0.00369224;0.00263575;0.993595;0.0262303;0.982316;1;3;1
1112.53;1250.06;6.67571;1.10517;0.00604501;-0.00244898;-0.00171443;0.006378;-0.00278197;1.00745;-0.00160409;-0.0023555;0.994643;0.0233237;0.983692;1;3;1
1135.53;1250.06;6.79683;1.06986;0.00674968;-0.00223887;-0.00139559;0.00696138;-0.00245057;1.00509;0.00486619;0.0037767;1.00545;0.0252893;0.980653;1;4;1
1158.53;1250.06;6.98515;1.08276;0.00692857;-0.00294091;0.000105571;0.0069297;-0.00294204;1.00792;0.00765937;-0.00674699;0.997091;0.0279999;0.982696;1;3;1
1181.53;1250.06;7.11442;1.11825;0.00455235;-0.00503601;0.000623587;0.00459273;-0.0050764;1.00993;-0.00150921;0.00520813;0.995116;0.0261098;0.977277;1;3;1
1204.53;1250.06;7.19407;1.12432;0.00498478;-0.0020177;-0.000353748;0.0050026;-0.00203552;0.999391;-0.000301651;0.00021061;1.0016;0.0241699;0.980733;1;3;1
1227.53;1250.06;7.34314;1.08709;0.00775536;-0.00322671;-0.000357198;0.00776697;-0.00323832;1.00995;0.000729596;-0.00308164;0.995442;0.0199273;0.988996;1;3;1
1250.53;1250.06;7.54943;1.10213;0.00298144;-0.00323978;1.93294e-05;0.0029815;-0.00323984;1.00719;0.00469729;0.0017258;0.993293;0.0193415;0.991029;1;3;1
1273.53;1250.06;7.48007;1.11249;-0.00301101;-0.00283906;0.000363585;-0.00255143;-0.00329865;0.990347;0.000895262;-0.00270494;0.998392;0.0260205;0.989272;1;4;1
31.5305;1227.06;0.435654;0.437745;0.00697686;-0.00414777;0.0014761;0.00716938;-0.00434029;1.009;-0.00241515;-0.00408957;0.991808;0.0218829;0.988299;1;3;1
54.5305;1227.06;0.595429;0.517228;0.00562276;-0.00408252;0.000555621;0.00565447;-0.00411422;1.00164;0.00499759;-0.0011726;0.99879;0.0206581;0.990164;1;2;1
77.5306;1227.06;0.693529;0.504489;0.00349312;-0.00439308;0.000562122;0.00353299;-0.00443295;1.00274;0.00481647;0.000295246;0.997288;0.0231085;0.985926;1;3;1
100.531;1227.06;0.755792;0.578785;0.00734257;-0.00305404;0.000258446;0.00734899;-0.00306046;1.01641;0.000344142;-0.00463756;0.993728;0.0267937;0.983657;1;4;1
123.531;1227.06;1.02989;0.629507;0.00902331;-0.00332211;0.00159942;0.00922716;-0.00352596;1.00105;-0.00833192;-0.000706066;0.996171;0.0239678;0.987275;1;4;1
146.531;1227.06;1.16892;0.66865;0.0031066;-0.00284323;2.83119e-05;0.00310674;-0.00284336;1.00795;0.000537799;-0.00244289;1.00002;0.0226361;0.989519;1;3;1
169.531;1227.06;1.17255;0.675784;0.00286945;-0.00516371;6.15875e-05;0.00286992;-0.00516418;1.00159;-0.00313842;0.00195823;0.9942;0.0226726;0.986494;1;3;1
192.531;1227.06;1.30072;0.64425;0.00659223;-0.00399304;0.00119991;0.00672655;-0.00412735;1.00674;-0.00218716;0.00117002;0.995663;0.0264006;0.984906;1;3;1
215.531;1227.06;1.47479;0.693238;0.00701807;-0.00358846;0.000736274;0.00706894;-0.00363932;1.00553;0.00322743;-0.00266234;0.994108;0.026403;0.987221;1;4;1
238.531;1227.06;1.62237;0.717971;0.00524971;-0.00400452;0.000502652;0.00527693;-0.00403175;1.00614;0.00180396;0.000210464;0.99844;0.0228561;0.987032;1;3;1
261.531;1227.06;1.7156;0.759747;0.00447355;-0.00482298;0.000175056;0.00447684;-0.00482627;1.00081;0.000252833;-0.0055039;0.99363;0.0209442;0.986612;1;3;1
284.531;1227.06;1.82768;0.756934;0.00781683;-0.00357126;-0.000837125;0.00787803;-0.00363247;1.00652;0.000457551;0.00488983;0.999423;0.0219264;0.985502;1;3;1
307.531;1227.06;2.07378;0.778845;0.00587314;-0.0038084;-8.15995e-05;0.00587383;-0.00380909;1.007;0.000421487;0.00198658;0.998718;0.0247334;0.985919;1;3;1
330.531;1227.06;2.09705;0.780811;0.00525549;-0.00391172;0.000141835;0.00525769;-0.00391391;1.00426;-0.00579608;0.000522331;0.999637;0.0209195;0.989;1;3;1
353.531;1227.06;2.31489;0.807513;0.00564777;-0.00235814;-0.00023245;0.00565451;-0.00236488;1.00351;0.00337539;-0.0036326;1.00023;0.0200246;0.991408;1;3;1
376.531;1227.06;2.3561;0.821889;0.0040704;-0.00521032;0.00107569;0.00419345;-0.00533337;1.00727;0.000829581;-0.00425178;0.989082;0.0214617;0.990409;1;4;1
399.531;1227.06;2.50166;0.897394;0.0075239;-0.0036998;-0.000413756;0.00753913;-0.00371503;1.0074;0.00467692;0.000112493;0.995243;0.0225075;0.984211;1;3;1
422.531;1227.06;2.70089;0.851272;0.00502969;-0.00394529;0.000387256;0.00504636;-0.00396197;1.00467;-0.0039669;0.00266956;0.995744;0.0238421;0.985502;1;3;1
445.531;1227.06;2.73244;0.926739;0.00466577;-0.00277642;0.000697498;0.00473058;-0.00284123;1.00668;-0.00406182;-0.0021111;0.999797;0.0231114;0.989812;1;4;1
468.531;1227.06;2.91494;0.935661;0.00761236;-0.00236432;-0.00130542;0.00778034;-0.00253231;1.00865;0.00206217;0.000501334;0.997813;0.0235937;0.987073;1;3;1
491.531;1227.06;3.08123;0.854318;0.00647577;-0.00256022;-0.000748545;0.00653736;-0.00262181;1.00858;0.00232598;0.00189538;0.996857;0.0198325;0.989853;1;3;1
514.531;1227.06;3.21182;0.867703;0.00519538;-0.00352925;3.87585e-05;0.00519555;-0.00352943;1.00265;0.00157179;-0.000987704;0.994075;0.0231981;0.987395;1;3;1
537.531;1227.06;3.31951;0.944515;0.00631682;-0.00301567;-0.000103966;0.00631797;-0.00301683;1.01307;-0.00471388;-0.00313835;0.996607;0.0212277;0.985916;1;4;1
560.531;1227.06;3.50147;0.904584;0.00495651;-0.00609146;0.000291124;0.00496417;-0.00609912;1.00268;-0.00745467;0.000123204;0.997898;0.0230205;0.987159;1;3;1
583.531;1227.06;3.54694;0.915366;0.00361579;-0.00283128;0.00114176;0.00381202;-0.00302751;1.00001;0.00268114;-0.00241223;1.0004;0.0213935;0.985661;1;4;1
606.531;1227.06;3.66739;1.00229;0.00545918;-0.00367544;0.000376368;0.00547466;-0.00369092;1.01114;-0.000976042;-0.00247747;0.991615;0.0230733;0.981876;1;3;1
629.531;1227.06;3.79734;0.97762;0.00601688;-0.00203467;0.000601503;0.00606157;-0.00207936;1.00539;0.00116575;-0.00205781;0.99932;0.0194991;0.9905;1;4;1
652.531;1227.06;3.94334;1.02196;0.00542346;-0.00165234;-0.000262918;0.00543321;-0.0016621;1.00782;0.00304041;0.00184685;0.997339;0.0226404;0.9865;1;4;1
675.531;1227.06;4.04613;1.00828;0.00472726;-0.00514347;-0.000198102;0.00473124;-0.00514744;1.00346;-0.00144803;-0.00473379;0.998568;0.020737;0.98892;1;4;1
698.531;1227.06;4.16027;1.00139;0.00568462;-0.00326986;-0.00117549;0.00583636;-0.0034216;1.00541;0.000893873;-0.000721911;0.995178;0.0208653;0.987078;1;3;1
721.531;1227.06;4.30689;1.00237;0.00745059;-0.00397569;0.000362624;0.00746209;-0.00398719;1.00917;0.000310322;-0.000347095;1.00043;0.0228278;0.986573;1;3;1
744.531;1227.06;4.5017;1.05866;0.00661188;-0.00418314;0.000476918;0.00663291;-0.00420417;1.00432;-0.00804241;0.00164746;0.994699;0.0221845;0.981495;1;3;1
767.531;1227.06;4.61003;1.00631;0.00528778;-0.00422039;-0.00123299;0.00544507;-0.00437768;1.00092;0.00778083;-0.00276283;0.990963;0.03353;0.952721;1;4;1
790.531;1227.06;4.74429;1.04177;0.00420651;-0.0041424;0.00121415;0.00437949;-0.00431538;1.00875;0.00362491;-0.00259843;1.00238;0.029077;0.978827;1;4;1
813.531;1227.06;4.80304;1.09679;0.00463014;-0.00462929;0.000595937;0.00466833;-0.00466749;1.0032;2.1282e-05;0.00303522;0.996109;0.0241507;0.980681;1;3;1
836.531;1227.06;4.95674;1.11185;0.00749161;-0.00587798;-0.00145756;0.00764867;-0.00603504;1.00948;0.0025942;-0.00269738;0.992142;0.0238709;0.977894;1;3;1
859.531;1227.06;5.14637;1.08506;0.00700085;-0.00182094;-0.000859291;0.00708378;-0.00190386;1.00933;-0.000269915;0.00269646;0.997803;0.0274151;0.97506;1;3;1
882.531;1227.06;5.27765;1.099;0.00666403;-0.0024525;-0.000141337;0.00666622;-0.0024547;1.00095;-0.00356237;-0.00362167;0.996052;0.0302398;0.960856;1;3;1
905.531;1227.06;5.45188;1.13302;0.00559394;-0.00308618;-0.000229504;0.00560001;-0.00309225;1.00578;0.00581297;-0.00198484;1.00163;0.0267036;0.968322;1;4;1
928.531;1227.06;5.53426;1.10209;0.00606835;-0.00263106;-0.000593819;0.0061087;-0.0026714;1.00393;0.0043176;0.00340609;1.00087;0.0296583;0.960236;1;3;1
951.531;1227.06;5.73017;1.11526;0.00792378;-0.00365847;0.000391465;0.00793699;-0.00367169;1.01121;0.00132306;0.00054179;0.994641;0.0232663;0.982305;1;4;1
974.531;1227.06;5.89732;1.10089;0.00499273;-0.00356062;0.00176469;0.00534251;-0.0039104;1.00211;0.00312448;-0.000453869;0.984243;0.0296489;0.961694;1;3;1
997.531;1227.06;5.95924;1.16842;0.00515388;-0.00473221;0.00119776;0.00529693;-0.00487525;1.00515;0.00166262;0.000991273;0.992893;0.0254597;0.974751;1;3;1
1020.53;1227.06;6.1337;1.19082;0.00548167;-0.00494671;0.000841609;0.00554915;-0.0050142;1.00499;-0.00255422;0.00100019;1.00228;0.0185407;0.986569;1;3;1
1043.53;1227.06;6.21069;1.20971;0.00545512;-0.00354184;-0.0015391;0.00571113;-0.00379784;1.0093;0.00114783;-0.00178037;0.997517;0.0215091;0.985202;1;3;1
1066.53;1227.06;6.38393;1.13592;0.00573569;-0.00382925;0.000365345;0.00574962;-0.00384318;1.0064;0.00222816;-0.00206448;0.993275;0.0239776;0.980261;1;4;1
1089.53;1227.06;6.47377;1.23398;0.00695039;-0.00223907;0.000318186;0.0069614;-0.00225008;1.00692;0.00051478;-0.00267807;0.998821;0.021255;0.985337;1;4;1
1112.53;1227.06;6.70254;1.15722;0.00742807;-0.00112872;-0.00117662;0.00758691;-0.00128756;1.00472;-4.663e-05;0.00727719;1.00173;0.0270991;0.986116;1;4;1
1135.53;1227.06;6.81406;1.11916;0.00545218;-0.00262612;-0.000944713;0.00556119;-0.00273513;1.00905;0.0031777;-0.00258126;0.996526;0.0220991;0.983697;1;3;1
1158.53;1227.06;6.95265;1.14694;0.00593142;-0.00362912;0.00103379;0.00604192;-0.00373963;1.00498;-0.00287264;-0.00513302;0.999826;0.026255;0.978991;1;3;1
1181.53;1227.06;7.08602;1.20572;0.00552556;-0.00234626;-1.17871e-05;0.00552558;-0.00234628;1.00629;0.00194509;0.00450899;0.997239;0.0230826;0.981854;1;3;1
1204.53;1227.06;7.20613;1.14082;0.00571176;-0.000997039;-0.0010216;0.00586388;-0.00114916;1.00336;-0.00223479;0.00151354;0.996412;0.022529;0.983166;1;3;1
1227.53;1227.06;7.34799;1.15615;0.00606602;-0.00262676;-0.000194366;0.00607036;-0.00263111;1.01539;0.00339194;-0.00320372;0.995638;0.022812;0.984701;1;3;1
1250.53;1227.06;7.48433;1.15461;0.00442897;-0.0030027;0.000746806;0.00450328;-0.003077;1.00101;-0.00688491;0.00488494;1.00178;0.0219677;0.990578;1;4;1
1273.53;1227.06;7.55127;1.13786;0.00291511;-0.000920954;-0.00232677;0.00401249;-0.00201833;1.00411;0.00197404;-0.0053729;0.997103;0.0279565;0.987366;1;3;1
31.5305;1204.06;0.411134;0.584129;0.00685821;-0.00467244;0.000880167;0.00692501;-0.00473924;1.00187;-0.00102981;-0.00449994;0.996742;0.0265807;0.986094;1;3;1
54.5305;1204.06;0.568308;0.620304;0.00670695;-0.00401048;0.00112784;0.00682435;-0.00412788;1.00477;-0.00462052;-0.000579271;0.994279;0.0238306;0.993503;1;2;1
77.5306;1204.06;0.718581;0.648638;0.00667429;-0.00418486;0.00017345;0.00667706;-0.00418763;1.00548;-0.00433475;-0.00104242;0.991359;0.0244586;0.98685;1;3;1
100.531;1204.06;0.87428;0.670752;0.00602094;-0.00441097;-0.000363043;0.00603356;-0.00442358;1.01067;-0.00268352;-0.00334994;0.993833;0.0209653;0.993778;1;4;1
123.531;1204.06;0.994684;0.702585;0.006718;-0.0026274;0.000554265;0.00675076;-0.00266016;1.0063;-0.000970099;0.00273387;0.998101;0.0214673;0.990985;1;3;1
146.531;1204.06;1.18227;0.696308;0.00529734;-0.0021936;0.00109922;0.00545531;-0.00235156;1.0084;-0.00279605;-0.00573298;0.996206;0.02259;0.989308;1;3;1
169.531;1204.06;1.23767;0.768985;0.00242913;-0.00329363;-0.00017366;0.00243439;-0.00329889;0.997515;0.00159976;-0.00119015;0.996234;0.0212835;0.989934;1;3;1
192.531;1204.06;1.29382;0.764325;0.00545246;-0.0041891;-0.000830288;0.00552344;-0.00426008;1.00603;0.00510154;0.000716938;0.993708;0.0224361;0.985164;1;4;1
215.531;1204.06;1.48779;0.809051;0.00573217;-0.00298941;0.000281804;0.00574127;-0.00299851;1.00701;0.00586104;-0.0020498;1.00163;0.0225251;0.988907;1;4;1
238.531;1204.06;1.55665;0.861532;0.00457204;-0.00410882;0.000536255;0.00460505;-0.00414182;1.00144;-0.00193268;-0.000847118;0.995804;0.0200912;0.991901;1;3;1
261.531;1204.06;1.69755;0.893352;0.00742567;-0.0040426;-0.000370968;0.00743765;-0.00405459;1.01738;0.00139751;0.0010123;0.994553;0.0232449;0.984734;1;3;1
284.531;1204.06;1.89695;0.911232;0.00773535;-0.0043961;-0.000510055;0.00775675;-0.0044175;1.00217;0.00688468;-0.00551303;0.994267;0.021899;0.991778;1;3;1
307.531;1204.06;2.052;0.920365;0.00513588;-0.00358158;0.000317221;0.00514741;-0.0035931;1.00308;-0.000808922;0.0051558;0.995522;0.0185041;0.992573;1;4;1
330.531;1204.06;2.13259;0.903488;0.00570006;-0.00472316;-0.000359996;0.00571248;-0.00473558;1.00777;0.00394601;-0.00258847;0.995174;0.0289965;0.979397;1;3;1
353.531;1204.06;2.31346;0.922979;0.00524435;-0.00483991;0.00162576;0.00549998;-0.00509553;0.995325;-0.00119531;0.00169166;0.992664;0.020857;0.990481;1;3;1
376.531;1204.06;2.37316;0.964689;0.00493789;-0.00447426;0.000646924;0.00498214;-0.00451852;1.01063;0.00381691;-0.0044303;0.997997;0.0222436;0.985118;1;3;1
399.531;1204.06;2.54001;0.979722;0.00727941;-0.00267404;-0.000800627;0.0073434;-0.00273803;1.00943;0.00113333;0.00505362;0.996991;0.0241764;0.981793;1;2;1
422.531;1204.06;2.7068;0.948593;0.00544279;-0.00413416;-0.000507336;0.00546959;-0.00416096;1.00133;0.00783067;-0.00118014;0.997019;0.0212774;0.983096;1;3;1
445.531;1204.06;2.78968;0.936199;0.00488796;-0.00168278;-0.000633712;0.00494852;-0.00174334;1.00815;0.00159764;0.00279668;0.997858;0.0249059;0.982737;1;4;1
468.531;1204.06;2.9311;0.956254;0.0053268;-0.00319149;0.000988018;0.00543989;-0.00330459;1.00336;0.00118143;-0.00541272;0.995843;0.0194954;0.992424;1;3;1
491.531;1204.06;3.03402;1.00166;0.00606169;-0.00539743;0.00126314;0.00619927;-0.00553502;1.00655;-0.00559454;2.60796e-05;0.992913;0.0217471;0.987327;1;3;1
514.531;1204.06;3.20905;1.02334;0.00613708;-0.00571537;0.000481228;0.00615659;-0.00573487;1.00411;-0.00411126;0.000307657;0.992026;0.0245835;0.986319;1;3;1
537.531;1204.06;3.31546;1.02322;0.0051082;-0.0036021;0.0012827;0.00529316;-0.00378707;1.00435;-0.000373564;-0.010945;0.99588;0.0252902;0.976137;1;4;1
560.531;1204.06;3.44336;1.10391;0.00421298;-0.0043044;0.00141806;0.00444287;-0.00453429;1.0043;0.00395661;0.00246912;0.9929;0.0215277;0.983676;1;3;1
583.531;1204.06;3.50884;1.04915;0.00460728;-0.00397544;-0.000972391;0.00471607;-0.00408423;1.00178;0.00140452;0.000392018;0.995495;0.0218933;0.99003;1;3;1
606.531;1204.06;3.65478;1.05407;0.00566653;-0.00380666;-6.85109e-05;0.00566703;-0.00380715;1.00818;-0.00168453;-0.00158884;0.99562;0.0196869;0.992426;1;3;1
629.531;1204.06;3.76876;1.0732;0.00699779;-0.00521178;2.31384e-05;0.00699783;-0.00521183;0.999527;0.000768707;0.00242434;0.994246;0.0250457;0.979281;1;3;1
652.531;1204.06;3.97556;1.06112;0.0066866;-0.00531341;0.00059645;0.00671617;-0.00534298;1.01631;-0.00216941;0.00339812;0.997577;0.0285152;0.964453;1;4;1
675.531;1204.06;4.0753;1.11779;0.00618157;-0.00528099;0.000213505;0.00618555;-0.00528497;1.00459;0.00528453;-0.00121968;0.990328;0.0272423;0.984333;1;4;1
698.531;1204.06;4.25902;1.10144;0.00592751;-0.00513528;-0.000139855;0.00592928;-0.00513704;1.00915;0.0031399;-0.0016086;0.996388;0.0248917;0.982085;1;4;1
721.531;1204.06;4.34716;1.14078;0.00426196;-0.00562142;0.00041916;0.00427971;-0.00563916;1.00093;-0.00148817;-0.00253163;0.991489;0.0211129;0.98884;1;3;1
744.531;1204.06;4.45459;1.1819;0.00640662;-0.00379579;0.000405046;0.00642268;-0.00381185;1.00904;0.00440677;0.00105142;0.997074;0.0209669;0.98327;1;3;1
767.531;1204.06;4.6409;1.18744;0.00544051;-0.00541654;0.000154897;0.00544271;-0.00541875;1.00517;-0.00434882;-0.00141754;0.998338;0.0233249;0.983898;1;4;1
790.531;1204.06;4.70417;1.17507;0.00398825;-0.0033837;0.000123494;0.00399032;-0.00338577;1.00358;-0.000848864;0.0034878;0.992925;0.0210851;0.982832;1;3;1
813.531;1204.06;4.82399;1.1836;0.00709557;-0.00300841;0.00106238;0.00720607;-0.0031189;1.00757;0.00296142;-0.00257559;0.994603;0.0259406;0.982474;1;4;1
836.531;1204.06;5.02938;1.23117;0.00799106;-0.00437746;-0.00133959;0.00813448;-0.00452088;1.00807;0.00296306;-0.000294846;0.996078;0.0257409;0.972547;1;4;1
859.531;1204.06;5.19008;1.12107;0.00489203;-0.00386143;-0.00143753;0.00512206;-0.00409146;1.00714;0.00243371;0.00660903;0.998038;0.0277253;0.974493;1;3;1
882.531;1204.06;5.25377;1.1333;0.00507799;-0.00289476;0.000579735;0.00511993;-0.0029367;1.00263;-0.00707792;-0.00672251;0.996448;0.0260255;0.973764;1;4;1
905.531;1204.06;5.42304;1.18559;0.00706009;-0.00329813;0.000348917;0.00707183;-0.00330987;1.0082;-0.00517066;0.000836879;0.994918;0.023803;0.978679;1;2;1
928.531;1204.06;5.57737;1.18306;0.00638707;-0.00265202;-0.000911282;0.00647803;-0.00274298;1.00339;-0.00307133;0.00198831;0.994869;0.0227915;0.985693;1;3;1
951.531;1204.06;5.71591;1.18684;0.0050557;-0.00269424;-7.59237e-05;0.00505644;-0.00269498;1.0046;-0.000775409;-0.000346052;0.99904;0.0191696;0.987313;1;3;1
974.531;1204.06;5.80934;1.20122;0.00543911;-0.0028209;0.0018605;0.00583883;-0.00322062;1.00679;-0.00562664;-0.00219983;0.997335;0.0230295;0.981058;1;3;1
997.531;1204.06;5.96537;1.26259;0.00636569;-0.00332807;0.00023431;0.00637135;-0.00333373;1.00331;-0.000947646;0.00150544;0.997562;0.0206385;0.985851;1;3;1
1020.53;1204.06;6.10119;1.26737;0.00783628;-0.00374508;-0.00101692;0.00792489;-0.00383369;1.00788;-0.000265884;-0.00330305;0.993974;0.0218064;0.980148;1;4;1
1043.53;1204.06;6.32443;1.24076;0.00564847;-0.00186634;-0.00138185;0.00589451;-0.00211238;1.00538;-0.00118543;-0.000707699;1.00169;0.0240065;0.984439;1;3;1
1066.53;1204.06;6.36027;1.231;0.00408022;-0.00279756;0.000349435;0.00409793;-0.00281526;1.00408;-0.0026833;0.000348106;0.998053;0.0244243;0.973027;1;3;1
1089.53;1204.06;6.51173;1.27201;0.00674213;0.000682538;-0.00170774;0.00719027;0.000234399;1.00521;-0.00385203;-0.000110438;0.997038;0.0239273;0.986719;1;3;1
1112.53;1204.06;6.66931;1.15713;0.00788768;-0.00364363;-0.00153575;0.00808871;-0.00384466;1.00545;0.00653098;0.0048067;0.993607;0.0231956;0.982705;1;3;1
1135.53;1204.06;6.87307;1.19088;0.00669879;-0.00408189;0.000462172;0.00671857;-0.00410167;1.00755;-0.00435604;-0.00624359;0.993496;0.0214348;0.987369;1;4;1
1158.53;1204.06;6.97634;1.25;0.00515165;-0.0042647;3.96333e-05;0.00515181;-0.00426486;1.00953;0.00219989;0.00145056;0.992419;0.0244172;0.984905;1;3;1
1181.53;1204.06;7.10943;1.2263;0.00571227;-0.00123466;-0.00108031;0.00587639;-0.00139878;1.00679;-0.00081442;0.00299791;1.00007;0.0222441;0.987345;1;3;1
1204.53;1204.06;7.23829;1.17023;0.00578095;-0.00354735;-0.000838223;0.00585567;-0.00362208;1.00921;0.00479567;-0.00336746;0.999847;0.024089;0.985789;1;3;1
1227.53;1204.06;7.37458;1.20809;0.00489526;-0.00183871;0.000260022;0.00490528;-0.00184874;1.00418;0.00573343;0.00219652;0.995771;0.0194554;0.989;1;4;1
1250.53;1204.06;7.46287;1.24054;0.00622786;-0.00313269;-0.00120758;0.00638114;-0.00328596;1.00648;0.00299074;-0.00128819;0.993805;0.0197944;0.989013;1;3;1
1273.53;1204.06;7.66015;1.15523;0.00862099;0.000366812;-0.00356787;0.00994941;-0.000961604;1.00429;0.00311422;0.00756363;0.997801;0.0285612;0.990051;1;3;1
31.5305;1181.06;0.42675;0.653182;0.00564547;-0.00232279;0.000341893;0.00566011;-0.00233743;1.00701;0.00440663;-0.00472716;0.997477;0.0218505;0.986151;1;4;1
54.5305;1181.06;0.55618;0.702098;0.00656168;-0.00392613;-0.000183637;0.00656489;-0.00392935;1.0042;0.00368404;0.00264573;1.00009;0.0212538;0.989495;1;3;1
77.5306;1181.06;0.727583;0.69741;0.00624264;-0.00262453;0.000528548;0.00627403;-0.00265592;1.01682;-0.00143731;-0.00809112;1.00202;0.0248843;0.990389;1;3;1
100.531;1181.06;0.842381;0.782221;0.00603992;-0.00133584;0.000742637;0.00611395;-0.00140987;1.00463;-0.00198361;0.000868904;0.998822;0.0195249;0.992616;1;3;1
123.531;1181.06;1.00455;0.750533;0.00636469;-0.00292984;-0.000542209;0.00639622;-0.00296136;1.00529;0.00239401;-0.000476488;0.992378;0.0217168;0.99234;1;3;1
146.531;1181.06;1.13423;0.76968;0.00548504;-0.00407493;0.00112714;0.00561614;-0.00420603;1.00432;0.00374455;-0.0033259;0.994445;0.0262749;0.982159;1;3;1
169.531;1181.06;1.25611;0.827617;0.00615352;-0.00440624;0.000991084;0.00624573;-0.00449846;1.00314;-0.00156878;-0.00123187;0.998339;0.0257017;0.982271;1;4;1
192.531;1181.06;1.41638;0.8375;0.00630816;-0.003321;-0.00108297;0.00642846;-0.0034413;1.00993;0.000566358;0.00342557;1.00193;0.0210659;0.98832;1;3;1
215.531;1181.06;1.54538;0.831011;0.00524206;-0.00219884;0.00055268;0.00528289;-0.00223967;1.00177;-0.00275624;-0.00239056;0.996649;0.0225943;0.987189;1;2;1
238.531;1181.06;1.65683;0.90738;0.00552343;-0.00302986;0.000403646;0.00554243;-0.00304887;1.01091;-0.00222935;-0.00354424;0.99827;0.0213977;0.99238;1;3;1
261.531;1181.06;1.79862;0.946159;0.00532128;-0.00288628;-0.000217048;0.00532701;-0.00289202;0.997426;0.005621;0.00293321;0.995421;0.0243169;0.987877;1;3;1
284.531;1181.06;1.90093;0.959659;0.00519711;-0.00275963;-0.00106581;0.0053374;-0.00289992;1.01187;0.00870128;-0.00380283;0.993783;0.0207049;0.991725;1;3;1
307.531;1181.06;2.03707;0.943908;0.00504856;-0.00426838;0.000189784;0.00505243;-0.00427224;1.00267;0.00178452;-0.000466188;0.992433;0.0225239;0.987649;1;3;1
330.531;1181.06;2.13257;0.998605;0.00413243;-0.00434078;0.00039897;0.00415118;-0.00435952;1.00339;0.000233345;-0.00293634;0.996445;0.0205861;0.989307;1;3;1
353.531;1181.06;2.22668;1.03077;0.00480555;-0.00439848;0.000357721;0.00481944;-0.00441236;1.00437;-0.00189441;0.000516912;0.996851;0.0195324;0.990436;1;3;1
376.531;1181.06;2.35308;1.02817;0.00724709;-0.00346149;-0.000249188;0.00725289;-0.00346729;1.00615;-0.00394395;-0.0022489;0.999171;0.022453;0.988347;1;3;1
399.531;1181.06;2.55885;1.0206;0.00766233;-0.0021581;0.00028902;0.00767083;-0.0021666;1.00855;-0.00293149;0.00374184;1.00046;0.0204602;0.986004;1;2;1
422.531;1181.06;2.70421;1.04184;0.00521398;-0.00335512;-0.000472638;0.00523997;-0.00338111;1.00722;-0.0013068;-0.000158115;0.996201;0.0204013;0.987324;1;3;1
445.531;1181.06;2.79807;1.00426;0.00403521;-0.00389033;0.000250776;0.00404314;-0.00389826;1.00422;0.00275517;-0.00745433;0.995041;0.0221929;0.985301;1;3;1
468.531;1181.06;2.88944;1.08271;0.0051016;-0.00472928;0.00129171;0.00526849;-0.00489617;1.0031;0.00100024;0.00284883;0.994494;0.0249583;0.983213;1;3;1
491.531;1181.06;3.03204;1.1033;0.00653664;-0.00336672;-0.000156334;0.00653911;-0.00336919;1.00691;0.00431853;0.000462693;0.994654;0.0204653;0.98836;1;3;1
514.531;1181.06;3.18912;1.13137;0.00544809;-0.0029186;0.000356069;0.00546322;-0.00293373;1.00282;0.00492988;-0.000646476;1.0015;0.023366;0.985796;1;3;1
537.531;1181.06;3.28197;1.11053;0.00453532;-0.00374802;-0.000842438;0.00462012;-0.00383283;1.00298;0.00125842;0.000269183;0.994534;0.0226777;0.982349;1;4;1
560.531;1181.06;3.39726;1.10313;0.00664364;-0.00187003;4.14176e-05;0.00664385;-0.00187023;1.01412;0.00100655;-0.000600074;0.998238;0.0209097;0.984752;1;3;1
583.531;1181.06;3.58657;1.09862;0.00654899;-0.00236966;-0.000869996;0.00663306;-0.00245374;0.99961;0.00362407;-0.00467733;1.00093;0.0235782;0.981674;1;3;1
606.531;1181.06;3.69748;1.17774;0.00470168;-0.00369967;0.00100378;0.00481994;-0.00381793;1.00481;0.00307057;0.00304441;0.997762;0.0238196;0.986394;1;3;1
629.531;1181.06;3.80219;1.21799;0.00513251;-0.00451783;0.000608537;0.00517073;-0.00455605;1.00532;-0.00144757;-0.00471251;0.993057;0.0228684;0.982931;1;3;1
652.531;1181.06;3.93288;1.26703;0.00576199;-0.00468594;-8.738e-05;0.00576272;-0.00468667;1.00625;0.00467163;-0.00158941;0.996151;0.0225398;0.982319;1;3;1
675.531;1181.06;4.06647;1.25185;0.00573212;-0.00280479;-0.000731512;0.00579435;-0.00286702;1.00828;0.00021519;0.00355596;0.996029;0.0266724;0.980529;1;3;1
698.531;1181.06;4.1958;1.23823;0.00614247;-0.00380843;-0.000653302;0.00618518;-0.00385114;1.00262;-0.00119077;-0.00353766;0.995416;0.0241188;0.986277;1;3;1
721.531;1181.06;4.34816;1.2617;0.0068725;-0.00485253;-0.00119915;0.00699388;-0.00497392;1.00348;0.00583013;0.00221126;0.997868;0.0238009;0.983921;1;3;1
744.531;1181.06;4.51086;1.2336;0.00525163;-0.00357536;-0.000593131;0.0052913;-0.00361504;1.00907;-0.000265417;-0.00314111;0.998356;0.0195321;0.988978;1;4;1
767.531;1181.06;4.5891;1.25615;0.00475735;-0.00324247;-0.0003686;0.0047743;-0.00325942;1.00483;-8.77619e-05;0.00485306;0.997108;0.0216542;0.988754;1;3;1
790.531;1181.06;4.72916;1.19769;0.00375545;-0.00295125;-0.00144094;0.00405193;-0.00324773;0.999191;0.0065618;0.00132344;1.00053;0.0216635;0.983514;1;4;1
813.531;1181.06;4.76152;1.2354;0.00628542;-0.0026265;0.000577869;0.00632274;-0.00266381;1.01905;-0.00287644;-0.00530131;0.998747;0.0283166;0.974401;1;4;1
836.531;1181.06;5.01724;1.3137;0.00915984;-0.00310634;0.000192643;0.00916287;-0.00310937;1.00425;0.00691568;-0.0023672;0.998187;0.0267248;0.970409;1;3;1
859.531;1181.06;5.18096;1.26304;0.00591798;-0.00498661;-0.00121161;0.00605098;-0.00511961;1.00879;0.00156058;0.0107918;1.00048;0.0258924;0.978624;1;4;1
882.531;1181.06;5.2886;1.23236;0.00628699;-0.00359174;-0.000867174;0.00636253;-0.00366729;1.0011;0.00761597;-0.00441542;0.996303;0.0241445;0.984089;1;4;1
905.531;1181.06;5.46925;1.28499;0.00720407;-0.00359588;-0.000828683;0.00726728;-0.00365909;1.00651;0.00726142;0.00320301;0.997659;0.0236294;0.984298;1;3;1
928.531;1181.06;5.6188;1.22433;0.0062349;-0.00373768;-0.000969169;0.00632821;-0.00383099;1.0062;0.00529063;-0.00185446;0.997754;0.0272716;0.975518;1;2;1
951.531;1181.06;5.75514;1.23937;0.00399507;-0.00354392;-9.71445e-06;0.00399509;-0.00354393;1.00832;6.41858e-05;0.00170117;0.994664;0.0192906;0.987008;1;3;1
974.531;1181.06;5.80221;1.23094;0.00541164;-0.00233832;0.000686455;0.00547197;-0.00239865;0.996854;0.00421226;-0.00297562;1.00305;0.0206994;0.989806;1;3;1
997.531;1181.06;6.00334;1.32178;0.00879784;-0.00319743;0.000372044;0.00880937;-0.00320896;1.01023;0.000893785;-0.00193246;0.99464;0.023551;0.978846;1;4;1
1020.53;1181.06;6.20495;1.36347;0.00649222;-0.0025131;-0.000784334;0.00656003;-0.00258091;1.01117;-0.000541304;-0.00320984;0.996007;0.0250012;0.981378;1;3;1
1043.53;1181.06;6.30101;1.29573;0.0038792;-0.00237356;-0.00124696;0.0041187;-0.00261306;0.997305;-0.000648769;0.00108219;0.995252;0.0253331;0.982946;1;3;1
1066.53;1181.06;6.38295;1.26479;0.00556959;-0.00430966;-0.00137169;0.0057565;-0.00449657;1.00895;0.00716819;0.00441177;0.994685;0.0258352;0.974272;1;4;1
1089.53;1181.06;6.55641;1.20267;0.00828648;-0.00197055;6.43192e-05;0.00828688;-0.00197096;1.00753;0.0083362;-0.00555056;1.00222;0.025578;0.9773;1;3;1
1112.53;1181.06;6.76252;1.32517;0.00670535;-0.00419276;0.000199918;0.00670902;-0.00419642;1.0022;-0.00482335;0.00499304;0.994993;0.0247186;0.980786;1;3;1
1135.53;1181.06;6.86371;1.30734;0.00482897;-0.00208158;0.000474349;0.00486138;-0.00211399;1.00818;0.00198447;-0.00553891;0.997511;0.0203604;0.987409;1;3;1
1158.53;1181.06;6.98412;1.34354;0.00527337;-0.00337532;0.000170771;0.00527674;-0.00337869;1.01015;-0.00362567;0.0019193;1.00117;0.0230116;0.981609;1;3;1
1181.53;1181.06;7.10562;1.26255;0.00612008;-0.00279162;-0.000250099;0.00612709;-0.00279863;0.998163;0.0016736;-0.000528176;0.994615;0.0247705;0.981789;1;3;1
1204.53;1181.06;7.26477;1.30432;0.00628948;-0.00422604;-0.000204492;0.00629346;-0.00423002;1.00593;0.000662473;0.000704808;0.994256;0.0197714;0.989296;1;3;1
1227.53;1181.06;7.39403;1.24084;0.00605293;-0.00337981;-3.76167e-05;0.00605308;-0.00337996;0.99979;0.00280587;-0.0030244;1.00201;0.0238771;0.984317;1;3;1
1250.53;1181.06;7.54236;1.29897;0.00684073;-0.00162851;-0.0010708;0.00697402;-0.0017618;1.00584;0.00149413;0.00344966;1.00067;0.0241638;0.988488;1;3;1
1273.53;1181.06;7.70748;1.12125;0.00723463;-0.00199966;-0.00454588;0.00909692;-0.00386195;0.996904;0.00158305;0.00546811;1.00395;0.0286117;0.985504;1;3;1
31.5305;1158.06;0.476914;0.691148;0.00663965;-0.00332726;0.00168604;0.00691714;-0.00360475;1.00458;0.00230204;-0.00348468;1.00225;0.0262773;0.982628;1;3;1
54.5305;1158.06;0.62886;0.801302;0.00594859;-0.00397721;-7.89819e-06;0.0059486;-0.00397722;1.00229;0.00440999;-0.00114179;0.993043;0.0236287;0.990004;1;3;1
77.5306;1158.06;0.749674;0.769535;0.00501889;-0.00459981;-0.000630593;0.00506005;-0.00464098;1.01325;0.00426067;0.00110707;0.997179;0.0247354;0.989756;1;3;1
100.531;1158.06;0.859101;0.732244;0.00615369;-0.00252142;0.000398644;0.00617197;-0.0025397;0.994259;-0.00237846;-0.006314;0.99735;0.0222734;0.989395;1;3;1
123.531;1158.06;1.03183;0.837571;0.00646943;-0.00441276;0.00220826;0.00690047;-0.0048438;1.00619;0.000885701;-0.00165893;0.993764;0.0260453;0.989431;1;3;1
146.531;1158.06;1.15549;0.884147;0.00397583;-0.00460211;0.000958648;0.00408166;-0.00470794;1.00598;0.000939115;-0.00292512;0.995876;0.0208618;0.98836;1;3;1
169.531;1158.06;1.21416;0.972127;0.00524673;-0.00423389;9.00373e-05;0.00524758;-0.00423475;1.0066;0.00475635;0.0014513;0.999012;0.023864;0.985821;1;3;1
192.531;1158.06;1.3962;0.91746;0.00637787;-0.00305154;-0.000391048;0.00639406;-0.00306773;1.00771;-0.00273668;0.0020741;0.995304;0.0261329;0.979091;1;3;1
215.531;1158.06;1.50657;0.910313;0.00518221;-0.00563194;0.00134536;0.00534707;-0.0057968;1.00244;0.000531176;-0.00371711;0.993638;0.0217377;0.988073;1;3;1
238.531;1158.06;1.63389;1.00118;0.00573021;-0.00484975;0.00137459;0.00590589;-0.00502542;1.00605;0.0058936;-0.00209668;0.992267;0.0188475;0.99348;1;3;1
261.531;1158.06;1.76926;1.02637;0.0078214;-0.00361134;0.000669767;0.00786051;-0.00365045;1.00592;-0.00486035;-0.00174627;0.998991;0.0252864;0.984897;1;3;1
284.531;1158.06;1.99226;1.03845;0.00663136;-0.00296339;0.00122056;0.00678419;-0.00311623;1.00952;0.00075712;-0.000394759;0.999356;0.0220945;0.986564;1;3;1
307.531;1158.06;2.07321;1.11714;0.004138;-0.0035554;0.0010559;0.00428029;-0.00369769;1.00447;-0.000650319;-0.00110688;0.994328;0.0215696;0.986571;1;3;1
330.531;1158.06;2.18217;1.10363;0.00516078;-0.0014618;-0.000417538;0.005187;-0.00148802;1.00497;0.0049562;-0.00178309;0.994632;0.0216125;0.990513;1;3;1
353.531;1158.06;2.31;1.12576;0.00443784;-0.00382553;-0.000390377;0.00445625;-0.00384393;1.0022;0.00341698;-0.00383411;0.995212;0.0224332;0.987085;1;3;1
376.531;1158.06;2.38586;1.1242;0.00473255;-0.00314382;-0.00118029;0.00490562;-0.00331688;1.00293;0.00176397;0.00383993;0.9953;0.0196429;0.991801;1;3;1
399.531;1158.06;2.52716;1.0791;0.00759399;-0.00360824;-0.000147623;0.00759593;-0.00361019;1.00725;0.00143298;0.00212538;0.988882;0.0213614;0.988872;1;4;1
422.531;1158.06;2.73386;1.1032;0.00610782;-0.00325344;0.000746924;0.00616704;-0.00331266;1.00861;0.00366367;-0.00196393;0.995427;0.0190018;0.989478;1;4;1
445.531;1158.06;2.80725;1.11551;0.00385816;-0.00445822;0.000506321;0.00388887;-0.00448893;1.00501;0.00175022;-0.00318533;0.995859;0.0188391;0.990559;1;3;1
468.531;1158.06;2.91094;1.17432;0.00630792;-0.00188148;-0.000282543;0.00631765;-0.00189122;1.00377;-0.00277899;-0.00196571;1.0005;0.0204487;0.986601;1;3;1
491.531;1158.06;3.09649;1.15684;0.00594583;-0.00267227;-0.0013487;0.00615196;-0.00287841;1.0029;-0.000579095;0.000459735;0.998418;0.0211533;0.987415;1;3;1
514.531;1158.06;3.18363;1.1578;0.005846;-0.00274079;-0.000218456;0.00585156;-0.00274634;1.00726;-0.00322592;0.00129446;0.99071;0.0218977;0.987798;1;3;1
537.531;1158.06;3.36461;1.19598;0.00532155;-0.00389811;0.000268728;0.00532937;-0.00390594;1.00411;-0.00181332;-0.00376021;0.994072;0.0252516;0.980258;1;3;1
560.531;1158.06;3.42777;1.19002;0.00649297;-0.00337185;-0.00149175;0.00671361;-0.0035925;1.00948;0.00185008;0.00474128;0.995455;0.0236153;0.985091;1;3;1
583.531;1158.06;3.6623;1.15854;0.00552573;-0.00365363;0.000426949;0.00554554;-0.00367345;1.00132;0.00340555;-0.00525138;0.992345;0.0255863;0.975796;1;4;1
606.531;1158.06;3.68124;1.22458;0.00303407;-0.00287819;0.00076189;0.00313067;-0.0029748;1.00429;-0.00562113;8.30179e-06;0.995768;0.0242274;0.98052;1;4;1
629.531;1158.06;3.8015;1.2815;0.00732789;-0.00160659;0.000842042;0.00740656;-0.00168526;1.01172;-0.0041806;0.000816696;0.996725;0.0227673;0.985366;1;4;1
652.531;1158.06;4.01707;1.2772;0.00680951;-0.00098582;-0.000962212;0.00692652;-0.00110283;1.0025;0.00140813;-0.00302558;0.997669;0.0210832;0.990063;1;4;1
675.531;1158.06;4.11366;1.24701;0.0067935;-0.00218033;-0.00040624;0.00681185;-0.00219868;1.00996;0.00122937;0.00170761;1.00034;0.0236333;0.984206;1;4;1
698.531;1158.06;4.32851;1.27701;0.00738879;-0.00311373;0.000531575;0.00741563;-0.00314057;1.00877;0.00572415;-0.0054654;0.997598;0.0231975;0.991335;1;3;1
721.531;1158.06;4.45215;1.36466;0.00380961;-0.00341028;-5.89653e-05;0.0038101;-0.00341076;1.00109;-0.00302082;0.000786397;0.99591;0.0193596;0.989102;1;3;1
744.531;1158.06;4.50337;1.34669;0.00407091;-0.00323186;4.93215e-05;0.00407124;-0.00323219;1.00304;0.00143018;0.00142005;0.995662;0.0198991;0.987027;1;4;1
767.531;1158.06;4.63902;1.33683;0.00681159;-0.00279397;-0.000755727;0.00687069;-0.00285306;1.007;-0.00355266;-0.000877944;0.997756;0.0208669;0.987844;1;3;1
790.531;1158.06;4.81563;1.31117;0.00538691;-0.00399207;-0.00160108;0.0056527;-0.00425786;1.0056;0.00129525;0.00190373;0.995302;0.0217724;0.983209;1;3;1
813.531;1158.06;4.88615;1.30462;0.00487133;-0.00274132;0.000120049;0.00487322;-0.00274321;1.00402;0.00565596;0.000375995;0.995831;0.0227295;0.986713;1;3;1
836.531;1158.06;5.03912;1.37429;0.00729408;-0.00203266;-0.000240947;0.0073003;-0.00203888;1.00567;-0.005307;-0.00215873;0.992647;0.0261261;0.968588;1;3;1
859.531;1158.06;5.22044;1.35104;0.0068871;-0.00250761;-0.000799799;0.00695471;-0.00257521;1.00697;0.00156425;0.00343652;0.999647;0.0234343;0.979074;1;3;1
882.531;1158.06;5.35479;1.29893;0.0058945;-0.00263424;-0.00109365;0.0060325;-0.00277224;1.0073;-0.00285991;-0.00314104;1.00004;0.0270147;0.977347;1;3;1
905.531;1158.06;5.49079;1.35135;0.00580058;-0.00232639;0.000479324;0.00582875;-0.00235456;1.0005;-0.00460934;0.00424977;1.00162;0.0234636;0.981372;1;3;1
928.531;1158.06;5.62081;1.35533;0.00506871;-0.0036407;-0.000130804;0.00507067;-0.00364266;1.00911;-0.000228352;-0.00446576;0.996962;0.0231821;0.983994;1;3;1
951.531;1158.06;5.72336;1.35015;0.00452142;-0.00380167;-0.000113965;0.00452298;-0.00380323;1.00328;-0.00149542;0.00133793;0.997218;0.0239507;0.985246;1;2;1
974.531;1158.06;5.8283;1.30891;0.00739846;-0.00389639;-0.000145429;0.00740033;-0.00389826;1.00571;0.00471658;-0.00121911;0.992147;0.023033;0.984404;1;3;1
997.531;1158.06;6.0624;1.41001;0.00695486;-0.00223436;-0.000249076;0.00696161;-0.0022411;1.00729;0.00782874;-0.00497239;0.994836;0.0303946;0.976186;1;3;1
1020.53;1158.06;6.14706;1.38314;0.00606772;-0.00165429;-0.00089607;0.00617033;-0.00175691;1.00283;-0.00146312;0.00118022;1.00079;0.0227639;0.978884;1;4;1
1043.53;1158.06;6.34064;1.35008;0.00537491;-0.00354383;0.00054443;0.00540802;-0.00357694;1.00498;0.00364532;-0.0027717;0.996118;0.021301;0.987994;1;4;1
1066.53;1158.06;6.39362;1.42968;0.0049032;-0.00427294;0.000409469;0.00492143;-0.00429117;1.00704;-0.00464578;0.00257438;0.994436;0.0201381;0.986573;1;3;1
1089.53;1158.06;6.56563;1.36278;0.00787907;-0.0048711;-0.00166049;0.00809177;-0.0050838;1.01019;-0.000272352;-0.000181471;0.999093;0.0205604;0.988315;1;3;1
1112.53;1158.06;6.75458;1.35048;0.00615623;-0.00186488;-0.000123151;0.00615812;-0.00186677;1.00467;-0.00157403;0.00735102;0.999798;0.0256145;0.981909;1;3;1
1135.53;1158.06;6.84789;1.28674;0.00352285;-0.00133833;0.000915053;0.00368939;-0.00150487;0.997952;0.00111388;-0.0140099;1.00165;0.0210855;0.985431;1;3;1
1158.53;1158.06;6.91631;1.40557;0.00535307;-0.00205258;0.000884356;0.00545721;-0.00215672;1.00542;-0.000107972;0.00185224;0.994049;0.0238527;0.981176;1;4;1
1181.53;1158.06;7.09342;1.3549;0.00696331;-0.00386975;-0.00116609;0.00708741;-0.00399385;1.01152;-0.00056801;0.00118525;0.997051;0.0220056;0.98614;1;3;1
1204.53;1158.06;7.2355;1.36504;0.00609012;-0.00222372;0.00033735;0.00610379;-0.00223738;0.999795;-0.00112805;-0.000516681;0.999778;0.0246329;0.982009;1;3;1
1227.53;1158.06;7.37272;1.36383;0.00450278;-0.00402683;-0.00062162;0.00454784;-0.0040719;1.00791;-0.00738128;0.00310484;0.997729;0.0209849;0.988434;1;3;1
1250.53;1158.06;7.44213;1.31552;0.00765106;-0.0029256;-0.000281222;0.00765853;-0.00293307;1.00409;-0.000636131;0.00373963;0.997908;0.0199402;0.99079;1;3;1
1273.53;1158.06;7.72319;1.24735;0.0122987;-0.00583258;-0.000798714;0.0123338;-0.0058677;1.00902;0.00160264;0.000853815;0.99574;0.0240818;0.98867;1;3;1
31.5305;1135.06;0.490784;0.806537;0.00627465;-0.00376418;0.00233272;0.00679022;-0.00427976;1.00899;0.00436809;0.000211803;0.995281;0.0226593;0.989171;1;3;1
54.5305;1135.06;0.634516;0.885482;0.0049304;-0.0016233;0.000801362;0.00502697;-0.00171987;1.00303;0.000874927;-0.00132038;1.00621;0.0231299;0.987079;1;4;1
77.5306;1135.06;0.716911;0.909492;0.0052062;-0.00364271;-0.000199108;0.00521067;-0.00364719;1.00564;0.000864915;-0.00224238;0.997207;0.0204623;0.992801;1;3;1
100.531;1135.06;0.873379;0.898363;0.00514507;-0.00555896;0.000767219;0.00519978;-0.00561367;1.00312;0.00301386;0.000945654;0.998163;0.0211257;0.991907;1;3;1
123.531;1135.06;0.952957;0.953999;0.0066849;-0.00371764;0.00141827;0.0068748;-0.00390754;1.00795;-0.000763081;-0.00149184;0.99972;0.0235878;0.988645;1;3;1
146.531;1135.06;1.17979;0.981889;0.00715513;-0.00301988;0.00129302;0.00731687;-0.00318162;1.0053;-0.00175498;-0.00220334;0.998827;0.0219789;0.98916;1;3;1
169.531;1135.06;1.28087;1.0228;0.0045997;-0.0017579;0.000161679;0.00460381;-0.00176201;1.00702;-0.00304322;0.00612056;0.994546;0.022442;0.985058;1;4;1
192.531;1135.06;1.39089;0.978093;0.00488667;-0.00313011;0.000899549;0.00498637;-0.0032298;1.00244;0.00127482;-0.00185431;0.994909;0.0200729;0.992668;1;3;1
215.531;1135.06;1.50506;1.09083;0.00556505;-0.00436995;0.00110436;0.00568633;-0.00449123;1.00818;0.00133612;-0.00909351;0.995251;0.021212;0.988597;1;3;1
238.531;1135.06;1.64592;1.13101;0.00587065;-0.00310712;-0.000138391;0.00587278;-0.00310925;1.00384;-0.00208863;0.00639457;0.995574;0.0209071;0.986906;1;3;1
261.531;1135.06;1.77432;1.11259;0.00508615;-0.00388718;7.2674e-07;0.00508616;-0.00388718;1.00751;0.000593099;-0.00779002;0.991991;0.0262314;0.982381;1;3;1
284.531;1135.06;1.87928;1.09618;0.00502733;-0.00490821;0.000528484;0.00505536;-0.00493624;1.00187;-0.00446145;0.00604684;0.993314;0.0252587;0.979078;1;3;1
307.531;1135.06;2.005;1.10776;0.00654465;-0.00109965;-9.88304e-05;0.00654593;-0.00110093;1.00426;-0.000189953;0.00229033;1.00288;0.0254145;0.981716;1;4;1
330.531;1135.06;2.17934;1.06592;0.00606064;-0.00173436;0.000739731;0.00613022;-0.00180394;1.00899;-0.00682962;-0.004712;0.997153;0.0269418;0.988552;1;3;1
353.531;1135.06;2.28284;1.20712;0.00513599;-0.00239849;0.00156906;0.00544968;-0.00271219;1.01303;-0.00143645;-0.00588865;0.994069;0.0225759;0.983401;1;4;1
376.531;1135.06;2.41487;1.17305;0.00585891;-0.00180606;-0.00045267;0.00588555;-0.0018327;0.998818;0.00165609;0.00476489;0.998485;0.0202376;0.987062;1;3;1
399.531;1135.06;2.55156;1.18688;0.00560481;-0.00425632;-5.68956e-05;0.00560514;-0.00425665;1.00734;-0.00326488;-0.00341309;1.0014;0.0199112;0.991517;1;3;1
422.531;1135.06;2.67197;1.19175;0.00590093;-0.00402011;0.000650058;0.00594334;-0.00406252;1.00232;-0.00208821;0.00195846;0.997558;0.0218534;0.987519;1;4;1
445.531;1135.06;2.8222;1.2098;0.00619942;-0.0035447;0.000428128;0.0062182;-0.00356348;1.00974;-0.00665471;0.000134256;0.99832;0.0191742;0.987895;1;4;1
468.531;1135.06;2.95626;1.16939;0.0069109;-0.00324946;0.000267978;0.00691797;-0.00325652;1.00287;0.00394813;-0.00139591;0.996973;0.0229428;0.984715;1;4;1
491.531;1135.06;3.13901;1.22651;0.00636215;-0.00338446;0.00124092;0.00651766;-0.00353998;1.00426;0.00285714;-0.00490022;0.999305;0.0247569;0.983747;1;3;1
514.531;1135.06;3.24791;1.25766;0.00327351;-0.00279995;0.000423607;0.00330291;-0.00282936;1.00434;-0.000749302;0.00451952;1.00231;0.0225497;0.985874;1;4;1
537.531;1135.06;3.2893;1.29019;0.00541988;-0.00418112;-0.000265972;0.00542724;-0.00418848;1.00684;-0.000681202;-0.00299422;0.996683;0.0226865;0.985248;1;4;1
560.531;1135.06;3.49655;1.25861;0.00637794;-0.00421184;-0.00122513;0.00651783;-0.00435173;1.01144;0.00313018;0.00244529;0.996799;0.0212371;0.986202;1;4;1
583.531;1135.06;3.58175;1.26699;0.00552181;-0.00505804;0.000915414;0.00560043;-0.00513666;0.997696;-0.00991312;-0.00315606;0.997486;0.0200758;0.990264;1;4;1
606.531;1135.06;3.74983;1.31035;0.00426324;-0.00383463;-0.000552664;0.00430079;-0.00387218;1.00864;0.00502966;-0.000304446;1.00014;0.0216038;0.985758;1;4;1
629.531;1135.06;3.77744;1.29196;0.00516003;-0.000463971;-0.00111744;0.00537392;-0.000677861;1.00109;0.00689451;-0.00279843;1.00416;0.0228874;0.986713;1;3;1
652.531;1135.06;3.98658;1.31243;0.0071122;-0.00337069;0.0010426;0.00721489;-0.00347338;1.00681;-0.00501875;0.00238723;0.997411;0.0223695;0.985956;1;4;1
675.531;1135.06;4.1034;1.35227;0.00604321;-0.00205051;0.000438292;0.00606688;-0.00207418;1.00558;0.00065858;-0.004492;0.996395;0.0236347;0.978252;1;4;1
698.531;1135.06;4.26368;1.38174;0.00696716;-0.00227821;0.00179493;0.0073034;-0.00261446;1.00631;-0.00328103;0.00437972;0.997098;0.0257226;0.983782;1;3;1
721.531;1135.06;4.42274;1.41891;0.00468554;-0.00168017;0.00131383;0.00494604;-0.00194067;1.00956;-0.00156469;-0.00477706;0.998013;0.021725;0.986632;1;3;1
744.531;1135.06;4.47872;1.38252;0.00436268;-0.00232515;-0.000435186;0.00439088;-0.00235335;0.993243;0.000676776;0.0029713;0.997521;0.0217188;0.986322;1;4;1
767.531;1135.06;4.62297;1.38487;0.00796721;-0.00298671;0.000658737;0.00800668;-0.00302619;1.01155;0.00378284;-0.00388257;0.99674;0.0242479;0.979326;1;3;1
790.531;1135.06;4.84376;1.38183;0.00414357;-0.00307936;-0.00040786;0.00416653;-0.00310232;1.00524;-4.4544e-05;0.00222079;0.996505;0.0212866;0.984695;1;3;1
813.531;1135.06;4.81318;1.3617;0.00526366;-0.00324699;0.000149113;0.00526627;-0.0032496;1.00357;-0.00578967;0.00353152;0.993411;0.0242146;0.98054;1;3;1
836.531;1135.06;5.08525;1.40735;0.00799258;-0.00175805;-9.58648e-05;0.00799352;-0.00175899;1.00909;0.00445739;-0.00217626;1.00329;0.0214418;0.987571;1;4;1
859.531;1135.06;5.17938;1.37853;0.00662448;-0.00260141;-0.00025216;0.00663137;-0.0026083;1.0008;-0.00867625;0.000696885;0.993151;0.0250944;0.977789;1;3;1
882.531;1135.06;5.38894;1.3538;0.00658643;-0.0039397;-0.000829064;0.00665133;-0.0040046;1.00737;0.00700415;-0.00339414;0.997908;0.0273859;0.968624;1;4;1
905.531;1135.06;5.48136;1.39213;0.0052454;-0.00178987;-0.000275458;0.00525617;-0.00180064;1.00635;0.000703252;0.000149369;0.999354;0.0239795;0.978836;1;4;1
928.531;1135.06;5.62958;1.39211;0.00519143;-0.00173675;0.000444164;0.00521979;-0.00176511;1.01305;0.000928304;0.000304308;1.00251;0.0253593;0.980314;1;3;1
951.531;1135.06;5.71954;1.4146;0.00534253;-0.00271607;-0.000577278;0.00538367;-0.00275722;1.00324;0.000499205;0.000234362;0.99584;0.0223747;0.981517;1;3;1
974.531;1135.06;5.87468;1.41058;0.00829738;-0.00424975;-0.00027721;0.0083035;-0.00425587;1.00724;0.000512863;0.000454724;0.993368;0.018908;0.9914;1;3;1
997.531;1135.06;6.09965;1.42478;0.00769786;-0.00170201;0.000145149;0.0077001;-0.00170425;1.01305;0.000279374;-0.00016363;0.998311;0.0228609;0.98534;1;4;1
1020.53;1135.06;6.22742;1.43964;0.00430663;-0.00396615;-0.000210813;0.004312;-0.00397152;1.00153;0.00554089;-0.000247214;0.988024;0.0252398;0.983728;1;3;1
1043.53;1135.06;6.29732;1.45904;0.00284385;-0.00369067;0.000394098;0.00286753;-0.00371435;0.997893;0.000706317;-0.00251922;0.99819;0.0231218;0.982118;1;3;1
1066.53;1135.06;6.35805;1.46177;0.00725369;-0.001723;-6.22781e-05;0.00725412;-0.00172343;1.01137;0.00261004;0.00263499;1.00321;0.0245699;0.977519;1;3;1
1089.53;1135.06;6.62977;1.42735;0.00742583;-0.0024865;-0.000728813;0.00747913;-0.0025398;1.00639;0.00376035;0.000669952;0.997766;0.0245924;0.977466;1;3;1
1112.53;1135.06;6.69835;1.41108;0.0044643;-0.0022341;-0.000430587;0.00449186;-0.00226167;0.999278;0.00373396;-0.00296432;1.00057;0.0247457;0.98209;1;3;1
1135.53;1135.06;6.83464;1.36895;0.0059415;-0.00299238;0.000271131;0.00594972;-0.0030006;1.00947;-0.000252718;-0.00496145;0.992462;0.0222348;0.979742;1;3;1
1158.53;1135.06;6.97084;1.43806;0.00736356;-0.001758;7.58368e-05;0.00736419;-0.00175863;1.00714;0.00439719;0.0037921;0.999102;0.0215822;0.983203;1;3;1
1181.53;1135.06;7.17207;1.44095;0.00592921;-0.00250317;-0.000810394;0.00600639;-0.00258035;1.00647;-0.00233403;0.00038637;0.996014;0.0244507;0.9856;1;3;1
1204.53;1135.06;7.24277;1.40673;0.00500812;-0.002407;-0.000321322;0.00502202;-0.0024209;1.00618;-0.00164867;-0.000105454;0.992425;0.0231792;0.984146;1;3;1
1227.53;1135.06;7.40187;1.42645;0.00457596;-0.00205846;-0.00047316;0.00460953;-0.00209204;1.00957;0.00525692;0.00119385;0.9947;0.0203176;0.990754;1;3;1
1250.53;1135.06;7.45278;1.43383;0.00532517;-0.00466694;-0.000668698;0.00536973;-0.0047115;1.00138;0.00361639;0.000160401;0.993967;0.0212546;0.985716;1;2;1
1273.53;1135.06;7.64616;1.39038;0.0084451;-0.00340865;-0.000899264;0.00851293;-0.00347649;1.0065;-0.00474682;0.00544056;0.99366;0.0266932;0.98415;1;3;1
31.5305;1112.06;0.419955;0.864663;0.0103938;-0.0021925;0.00111928;0.0104926;-0.00229126;1.00129;-0.0123944;0.00229716;0.99543;0.023939;0.98633;1;3;1
54.5305;1112.06;0.65778;0.876043;0.00787352;-0.00188977;0.00121624;0.00802275;-0.002039;1.00707;-0.00103493;-0.00972886;0.995677;0.026027;0.983503;1;3;1
77.5306;1112.06;0.780665;0.937417;0.00381742;-0.00276926;0.00138967;0.00409861;-0.00305045;1.00587;-0.000552316;0.00150099;0.993566;0.0246902;0.986261;1;3;1
100.531;1112.06;0.83291;0.988678;0.0044504;-0.00462682;0.00116453;0.00459742;-0.00477384;1.00565;-0.000367765;-0.0044437;0.9902;0.023344;0.988643;1;3;1
123.531;1112.06;0.984874;1.00893;0.00594321;-0.00242159;0.000115488;0.0059448;-0.00242318;1.00529;-0.00389196;0.00320453;0.99928;0.0211437;0.992415;1;3;1
146.531;1112.06;1.10548;1.0233;0.00459151;-0.00405141;-0.000134613;0.0045936;-0.0040535;1.01285;-0.00163584;-0.00297071;0.992649;0.0210379;0.99403;1;2;1
169.531;1112.06;1.19558;1.05307;0.00601518;-0.00372657;0.000269626;0.00602263;-0.00373403;1.00002;-0.00712332;0.000603307;0.996066;0.0217015;0.986965;1;3;1
192.531;1112.06;1.38133;1.06167;0.00788731;-0.00383813;0.000531877;0.00791139;-0.0038622;1.01286;0.000950516;0.00072731;0.994809;0.0238325;0.990028;1;4;1
215.531;1112.06;1.55694;1.1118;0.00625529;-0.00122524;0.000777184;0.00633518;-0.00130513;1.00319;0.00146445;-0.00839607;1.00166;0.0193083;0.992316;1;3;1
238.531;1112.06;1.66811;1.14435;0.0038734;-0.0019541;0.000829677;0.00398922;-0.00206992;1.00438;0.00339082;0.00229508;0.999565;0.0240174;0.987589;1;3;1
261.531;1112.06;1.73468;1.20554;0.00591198;-0.00453042;0.00068592;0.00595684;-0.00457529;1.01023;0.00411495;-0.00828067;0.996871;0.0235145;0.98787;1;3;1
284.531;1112.06;1.9391;1.26482;0.0069271;-0.00362642;-0.000619343;0.00696333;-0.00366264;1.00064;0.000853792;0.00228288;0.994974;0.0220319;0.988726;1;3;1
307.531;1112.06;2.05221;1.16775;0.00597616;-0.00274683;-0.000912844;0.00607066;-0.00284133;1.00828;-0.00789677;0.00679522;0.995933;0.0276201;0.982785;1;4;1
330.531;1112.06;2.21312;1.18349;0.00480601;-0.00498621;0.000976129;0.00490237;-0.00508257;1.00503;0.00150952;-0.0046882;0.99588;0.0216545;0.990064;1;3;1
353.531;1112.06;2.27271;1.23623;0.00422761;-0.00299636;-0.000182171;0.0042322;-0.00300095;1.00861;0.000507736;0.00541558;0.998156;0.026307;0.973275;1;4;1
376.531;1112.06;2.40717;1.20736;0.00606583;-0.0027793;0.000698552;0.00612066;-0.00283413;0.997926;0.00145046;-0.00500152;0.996713;0.0242278;0.984088;1;3;1
399.531;1112.06;2.55088;1.27532;0.00632418;-0.0031004;0.000353282;0.0063374;-0.00311362;1.00957;0.00348782;0.000690523;0.98913;0.0223913;0.984044;1;3;1
422.531;1112.06;2.6971;1.28851;0.00424986;-0.00277512;-0.000352497;0.0042675;-0.00279276;1.00494;-0.00374056;-0.00558269;0.994951;0.0235042;0.983395;1;3;1
445.531;1112.06;2.74596;1.27889;0.00448632;-0.00398034;0.000499983;0.00451574;-0.00400976;0.998891;0.00353768;0.00160609;0.996133;0.0216525;0.982849;1;3;1
468.531;1112.06;2.903;1.32404;0.00707943;-0.00588447;0.000852036;0.00713519;-0.00594023;1.00227;-0.00440172;-0.00228725;0.995309;0.0207912;0.987403;1;4;1
491.531;1112.06;3.07046;1.31279;0.00665462;-0.00366839;0.000388489;0.00666922;-0.00368299;1.01223;-0.00545022;-0.00219823;0.991487;0.0236685;0.983431;1;3;1
514.531;1112.06;3.20808;1.28679;0.00696955;-0.00269317;0.00119173;0.00711436;-0.00283798;1.00385;4.02622e-05;0.00333893;0.993122;0.0199324;0.986764;1;3;1
537.531;1112.06;3.38988;1.38872;0.00673634;-0.00339853;0.000125413;0.0067379;-0.00340009;1.00764;0.0022954;-0.00466626;0.991589;0.0234302;0.987818;1;4;1
560.531;1112.06;3.51681;1.38426;0.00522805;-0.00263371;-0.000207973;0.00523355;-0.00263921;1.00237;0.000603695;-0.00137031;0.995866;0.0211606;0.98993;1;3;1
583.531;1112.06;3.62975;1.39182;0.00522711;-0.00455929;-0.000719814;0.00527977;-0.00461195;1.00278;0.00745535;0.00389775;0.993446;0.0230699;0.985611;1;3;1
606.531;1112.06;3.75663;1.40137;0.00602186;-0.00456207;-0.0013958;0.00620284;-0.00474305;1.00932;0.000270241;-0.00219206;0.991059;0.0211277;0.987632;1;3;1
629.531;1112.06;3.90584;1.30297;0.00490079;-0.00338741;-0.00101617;0.00502356;-0.00351018;1.0015;0.00495238;0.00177595;0.993759;0.0219154;0.988404;1;3;1
652.531;1112.06;3.98151;1.43253;0.00515462;-0.00377015;1.58761e-05;0.00515464;-0.00377018;1.00884;0.00876704;0.0023724;0.995175;0.0236467;0.98402;1;4;1
675.531;1112.06;4.14233;1.34144;0.00542897;-0.00344779;-0.000931598;0.00552568;-0.00354451;1.00271;0.00229169;0.00335442;0.999341;0.0275509;0.962845;1;4;1
698.531;1112.06;4.23054;1.38204;0.00414765;-0.00136341;0.000594439;0.00421104;-0.0014268;1.01011;0.00332075;-0.00084843;0.99522;0.0254548;0.977191;1;3;1
721.531;1112.06;4.33262;1.44217;0.0060823;-0.00163592;0.000607873;0.00612988;-0.0016835;1.00794;-0.00144341;-0.00481728;0.997154;0.0227047;0.985539;1;3;1
744.531;1112.06;4.50942;1.45377;0.00535374;-0.00302867;0.000191587;0.00535812;-0.00303305;1.00367;-0.00168542;-0.00136996;0.996434;0.0204886;0.987952;1;3;1
767.531;1112.06;4.57822;1.47447;0.00699333;-0.00358005;-0.000194259;0.0069969;-0.00358362;1.01369;-0.00596311;0.000849284;0.992904;0.0258354;0.981626;1;4;1
790.531;1112.06;4.83;1.45304;0.00697151;-0.0037496;0.000910564;0.00704829;-0.00382639;1.00543;-0.000969138;5.32864e-06;0.99535;0.0238071;0.980755;1;3;1
813.531;1112.06;4.8978;1.45422;0.00511174;-0.00350057;-0.00204182;0.00557129;-0.00396013;1.00556;0.007984;0.000955691;0.996368;0.0235838;0.982665;1;4;1
836.531;1112.06;5.06454;1.45524;0.00638182;-0.00403294;8.25918e-05;0.00638247;-0.00403359;1.0086;-0.000756368;-0.000400154;0.995191;0.0214097;0.986106;1;3;1
859.531;1112.06;5.19043;1.47087;0.00828366;-0.00306105;0.000283197;0.00829072;-0.00306812;1.00327;0.00258005;0.00238549;0.997916;0.0230058;0.983437;1;3;1
882.531;1112.06;5.44402;1.4806;0.00793615;-0.00603892;4.83744e-05;0.00793631;-0.00603909;1.00989;-0.00825748;-0.00416264;0.989501;0.024659;0.980553;1;4;1
905.531;1112.06;5.55404;1.4338;0.00345093;-0.00379978;-0.000439537;0.00347748;-0.00382633;0.999708;-0.00507411;0.00478628;0.994391;0.0278539;0.973008;1;4;1
928.531;1112.06;5.60247;1.4353;0.00524187;-0.00336311;0.000747157;0.00530626;-0.0034275;1.00895;0.0029393;-0.000285455;0.989905;0.027484;0.967648;1;3;1
951.531;1112.06;5.79451;1.47531;0.0056953;-0.00330864;-0.000654218;0.00574259;-0.00335593;1.00062;0.00437867;-0.00352686;0.993829;0.0205303;0.988559;1;3;1
974.531;1112.06;5.86366;1.50483;0.0061804;-0.00311368;-3.96001e-05;0.00618057;-0.00311384;1.00725;-0.0021325;0.00229255;1.00104;0.0184442;0.987849;1;3;1
997.531;1112.06;6.07794;1.48837;0.0073471;-0.0034308;0.00132491;0.00750758;-0.00359128;1.00897;-0.00200638;-0.00204413;0.998305;0.0228441;0.985461;1;2;1
1020.53;1112.06;6.20035;1.56598;0.00541765;-0.004344;0.00110751;0.00554172;-0.00446807;1.00388;-0.00243408;-0.00212862;1.00141;0.0253975;0.974578;1;3;1
1043.53;1112.06;6.32647;1.52016;0.0036499;-0.00230909;-0.000130053;0.00365273;-0.00231193;1.00148;-0.00432773;0.00608232;0.993992;0.0212219;0.984623;1;3;1
1066.53;1112.06;6.3679;1.50902;0.00557082;-0.00133338;-0.00116236;0.00576126;-0.00152381;1.00971;0.00260476;-0.00545195;0.993651;0.0297357;0.969636;1;4;1
1089.53;1112.06;6.582;1.4773;0.00803495;-0.00215534;-0.000397514;0.00805043;-0.00217083;1.00934;-0.00385245;0.00633618;1.0002;0.0235087;0.984275;1;4;1
1112.53;1112.06;6.73601;1.45336;0.00584019;-0.00419631;-0.000608531;0.00587696;-0.00423307;1.00251;0.000358605;-0.000983022;0.993043;0.0281502;0.978662;1;3;1
1135.53;1112.06;6.84983;1.4246;0.00533467;-0.00435693;0.000211278;0.00533928;-0.00436153;1.00771;0.000935815;-0.00607709;1.00014;0.0191519;0.990118;1;3;1
1158.53;1112.06;6.98074;1.48655;0.00625128;-0.00251906;0.000545727;0.0062851;-0.00255289;1.00692;0.00226872;0.00149899;0.993698;0.0239421;0.972494;1;3;1
1181.53;1112.06;7.13648;1.47021;0.0058819;-0.00210125;0.000335594;0.00589598;-0.00211533;1.00262;0.0048135;-0.00231691;0.998812;0.0240045;0.983462;1;3;1
1204.53;1112.06;7.25051;1.4759;0.00668523;-0.00294578;0.000386501;0.00670072;-0.00296126;1.00884;-0.00131346;-0.00328166;1.00347;0.0228726;0.983549;1;3;1
1227.53;1112.06;7.44298;1.45867;0.0047316;-0.00145656;-0.000146074;0.00473505;-0.00146001;1.00706;-0.00044659;0.00165686;0.99369;0.0229203;0.990527;1;3;1
1250.53;1112.06;7.46762;1.53071;0.00602659;-0.00217618;-0.00132209;0.00623441;-0.00238401;1.00356;-0.00133403;0.00388625;1.00062;0.0243633;0.98659;1;3;1
1273.53;1112.06;7.71934;1.40441;0.0110191;-0.00225174;-0.00260236;0.0115112;-0.00274381;1.01183;-0.00471503;0.00267072;0.99993;0.0270598;0.984197;1;4;1
31.5305;1089.06;0.411342;0.907571;0.00804484;-0.00393617;0.000433117;0.00806047;-0.00395181;1.00407;-0.000327946;-0.00179639;0.996463;0.026767;0.988469;1;3;1
54.5305;1089.06;0.595544;0.97251;0.0063304;-0.0033295;0.00141858;0.00653442;-0.00353351;1.01125;-0.000598379;0.0015473;0.990898;0.0265226;0.991681;1;4;1
77.5306;1089.06;0.701444;1.03706;0.00528003;-0.00409439;0.00232763;0.00582616;-0.00464051;1.00493;-0.00378804;-0.00462428;0.997338;0.0233607;0.989792;1;3;1
100.531;1089.06;0.837578;1.11171;0.00600254;-0.00363378;-0.000368449;0.0060166;-0.00364784;1.00801;0.00202871;-0.00182729;0.996461;0.0241092;0.992757;1;3;1
123.531;1089.06;0.976728;1.06553;0.00869691;-0.00353374;0.000422791;0.00871151;-0.00354833;1.00424;0.00309419;0.00203056;0.997898;0.0229059;0.994679;1;3;1
146.531;1089.06;1.23588;1.16867;0.00692973;-0.00477539;7.38123e-05;0.0069302;-0.00477586;1.01528;0.0098108;-0.00622135;0.999691;0.0273499;0.976664;1;3;1
169.531;1089.06;1.29422;1.19454;0.00358286;-0.00457202;-0.0012549;0.0037716;-0.00476076;0.999113;0.00350708;0.000649959;0.997907;0.0257591;0.984603;1;3;1
192.531;1089.06;1.40039;1.15499;0.00483487;-0.00457677;-0.00150244;0.00506889;-0.0048108;1.00681;0.000893384;0.0031514;0.996859;0.0207536;0.988723;1;3;1
215.531;1089.06;1.51606;1.14723;0.00572803;-0.00413082;0.000773867;0.00578841;-0.00419119;1.00439;-0.000296544;-0.00121672;0.992806;0.0203405;0.988894;1;3;1
238.531;1089.06;1.66308;1.22099;0.0068728;-0.00331107;0.00189034;0.00721236;-0.00365063;1.00731;-0.00101377;-0.00464768;0.994866;0.021713;0.986993;1;3;1
261.531;1089.06;1.83081;1.3215;0.00513071;-0.00349961;-0.000422097;0.00515131;-0.00352021;1.00658;0.00432823;-0.00315102;1.00021;0.0248313;0.987306;1;3;1
284.531;1089.06;1.89847;1.26331;0.00385816;-0.00226064;-0.000569283;0.00391068;-0.00231316;1.00492;-0.00147209;-0.00345593;0.998512;0.0248295;0.98859;1;3;1
307.531;1089.06;2.00786;1.23429;0.00565328;-0.00413215;0.000724822;0.00570668;-0.00418555;1.00743;0.00155532;0.0041653;0.991678;0.0268888;0.981447;1;3;1
330.531;1089.06;2.15778;1.29587;0.00688229;-0.00431389;0.00156771;0.00709766;-0.00452926;1.00733;-0.00391945;-0.00241763;0.996287;0.022384;0.989346;1;3;1
353.531;1089.06;2.32323;1.34518;0.00505512;-0.00362551;-0.000347408;0.005069;-0.00363939;1.00681;-0.00359983;-0.000278718;0.995907;0.02285;0.982618;1;3;1
376.531;1089.06;2.38973;1.30109;0.00602746;-0.00489496;-0.000370817;0.00604004;-0.00490754;1.00139;-0.00318395;0.00112556;0.99436;0.0200983;0.99094;1;3;1
399.531;1089.06;2.59966;1.32975;0.0069388;-0.00297729;1.14314e-05;0.00693881;-0.00297731;1.01148;-0.00191554;-0.0025847;1.00203;0.0236881;0.985395;1;3;1
422.531;1089.06;2.70781;1.3196;0.00461993;-0.00409998;0.000704697;0.00467652;-0.00415656;0.998711;-0.00112409;-0.00329206;1.00143;0.0211948;0.987706;1;3;1
445.531;1089.06;2.81164;1.39327;0.00444964;-0.0049182;0.000172158;0.0044528;-0.00492137;1.01221;-0.00042242;0.000392665;0.997113;0.0202583;0.990724;1;3;1
468.531;1089.06;2.91189;1.4409;0.00555859;-0.00367622;-0.0011869;0.00570869;-0.00382632;0.999913;0.00977298;-0.00129624;0.996205;0.0226455;0.988163;1;4;1
491.531;1089.06;3.06663;1.39563;0.0065951;-0.00561784;-0.00177221;0.00684707;-0.0058698;1.00525;-0.000472944;0.000552924;0.996752;0.0222819;0.988629;1;3;1
514.531;1089.06;3.21423;1.38172;0.00671219;-0.00456698;0.000574873;0.00674142;-0.0045962;1.00606;-0.00341066;-0.00367563;0.995137;0.0195898;0.989653;1;3;1
537.531;1089.06;3.37433;1.44687;0.00663991;-0.00259411;0.000314071;0.00665058;-0.00260478;1.00606;-0.0034606;0.0116949;0.996623;0.0247545;0.981913;1;3;1
560.531;1089.06;3.51866;1.37992;0.00632978;-0.00157219;0.000509878;0.00636255;-0.00160496;1.00739;-0.00563632;-0.00749205;0.993231;0.0233533;0.980341;1;3;1
583.531;1089.06;3.66458;1.47728;0.0059113;-0.00296876;0.00142287;0.00613372;-0.00319118;1.00559;-0.00381888;0.00181693;0.999073;0.0185697;0.992842;1;3;1
606.531;1089.06;3.78956;1.52071;0.00516107;-0.00297956;-0.000445557;0.00518538;-0.00300387;1.0064;0.000845405;-0.00517573;0.997483;0.0177553;0.991747;1;3;1
629.531;1089.06;3.90137;1.44821;0.00509345;-0.00432654;-0.000449974;0.0051149;-0.00434798;1.00272;-0.00193359;0.00020985;0.996403;0.0219461;0.98481;1;3;1
652.531;1089.06;4.02326;1.4862;0.00517148;-0.0010472;0.000274511;0.00518358;-0.00105929;1.00473;0.00028346;-0.00134145;1.0006;0.0238588;0.987704;1;3;1
675.531;1089.06;4.1386;1.51116;0.0062403;-0.00468398;-0.000941517;0.00632085;-0.00476453;1.00529;-0.00179516;-0.00285615;0.993246;0.0233848;0.98399;1;4;1
698.531;1089.06;4.3094;1.44452;0.00653728;-0.00302703;-0.000758527;0.00659706;-0.00308681;1.00711;-0.0012515;0.0106661;1.00203;0.0246353;0.980631;1;4;1
721.531;1089.06;4.43834;1.49422;0.00400537;-0.00262768;-0.000328906;0.00402164;-0.00264395;1.00496;0.00823564;-0.00921341;1.00234;0.0237544;0.984613;1;4;1
744.531;1089.06;4.49322;1.52205;0.00439414;-0.00275638;-0.000318859;0.00440833;-0.00277057;1.00185;0.00326219;-0.00175965;1.00057;0.025653;0.976921;1;4;1
767.531;1089.06;4.63999;1.54985;0.0053912;-0.00230479;-0.00042335;0.00541442;-0.00232801;1.00385;0.00205931;0.0062569;0.999902;0.0251478;0.97516;1;4;1
790.531;1089.06;4.74053;1.55476;0.00790639;-0.00161011;0.000737508;0.00796321;-0.00166692;1.01242;-0.00623631;-0.000248096;0.999251;0.0231124;0.978765;1;4;1
813.531;1089.06;5.00225;1.5234;0.00771767;-0.00273906;-0.000438686;0.00773604;-0.00275743;1.00243;-0.000727872;-0.00367292;0.999575;0.0215695;0.984328;1;3;1
836.531;1089.06;5.09417;1.59324;0.00384123;-0.00369701;-3.85024e-05;0.00384142;-0.0036972;1.00529;0.000713808;0.00462685;0.993781;0.0235865;0.985229;1;3;1
859.531;1089.06;5.17861;1.51956;0.00553296;-0.00257028;0.000571577;0.00557308;-0.0026104;1.00965;0.00518144;-0.00115757;0.99664;0.0269319;0.97793;1;4;1
882.531;1089.06;5.34797;1.63245;0.00650139;-0.00417243;0.00203348;0.00687566;-0.00454671;1.00248;0.00421285;-0.000105346;1.00196;0.027767;0.970922;1;4;1
905.531;1089.06;5.47668;1.56726;0.00554713;-0.0048934;-1.99584e-05;0.00554717;-0.00489344;1.00832;-0.000720639;0.0026799;0.992815;0.0263803;0.983539;1;3;1
928.531;1089.06;5.60236;1.54708;0.00811122;-0.00462584;-0.000340145;0.00812029;-0.00463492;1.00468;-0.00669298;0.00176833;0.997661;0.0211766;0.986262;1;3;1
951.531;1089.06;5.8483;1.56723;0.00629982;-0.00325041;0.00035315;0.00631286;-0.00326346;1.00861;-5.29877e-05;-0.000150174;0.996846;0.0182233;0.991657;1;3;1
974.531;1089.06;5.89124;1.55404;0.0041574;-0.0026503;-0.000376659;0.00417817;-0.00267108;1.00258;6.07541e-05;-0.000469282;0.995255;0.0222682;0.985673;1;3;1
997.531;1089.06;6.03914;1.58291;0.00580804;-0.00310013;0.00111193;0.00594474;-0.00323683;1.01166;0.00106021;-0.000608323;0.994438;0.0210483;0.985263;1;3;1
1020.53;1089.06;6.15756;1.63995;0.0046516;-0.000753334;-0.000424228;0.00468469;-0.000786429;0.996754;0.000364422;-5.3811e-06;0.997202;0.0224396;0.984536;1;4;1
1043.53;1089.06;6.25262;1.5654;0.00576469;-0.00265134;-0.00119772;0.00593182;-0.00281847;1.00535;0.00200884;0.000435475;0.997421;0.0249879;0.98899;1;3;1
1066.53;1089.06;6.42183;1.52319;0.00782087;-0.003021;-0.00174424;0.00809458;-0.0032947;1.01932;0.00384653;0.00388278;0.991432;0.0238368;0.978783;1;3;1
1089.53;1089.06;6.61096;1.5266;0.00610709;-0.00418101;0.000148583;0.00610924;-0.00418316;1.00278;0.00372882;-6.15307e-05;0.99105;0.026536;0.973286;1;3;1
1112.53;1089.06;6.70183;1.60452;0.00517043;-0.00527984;-0.000126894;0.00517197;-0.00528138;1.00841;0.00157299;-0.000878724;0.992764;0.0228032;0.981615;1;3;1
1135.53;1089.06;6.84817;1.56981;0.00576346;-0.00478706;-0.00104835;0.00586662;-0.00489022;1.0052;0.00244124;-0.00149915;0.989834;0.0277538;0.977361;1;3;1
1158.53;1089.06;6.96616;1.55408;0.00616328;-0.00306815;-0.00035534;0.00617694;-0.00308181;1.00399;0.00133648;-0.00174357;1.00666;0.0268079;0.975898;1;4;1
1181.53;1089.06;7.1308;1.53773;0.0050094;-0.00275734;-0.00038543;0.00502848;-0.00277642;1.01136;0.000769314;0.00224681;1.00047;0.0270783;0.972478;1;3;1
1204.53;1089.06;7.19602;1.54246;0.00739537;-0.00267014;-0.00114538;0.00752406;-0.00279883;1.00402;0.00132363;-0.00198632;0.99479;0.0254625;0.975337;1;3;1
1227.53;1089.06;7.46972;1.49355;0.00706507;-0.00263708;-0.000225201;0.0070703;-0.0026423;1.00387;0.00265714;0.00271466;1.00161;0.0243417;0.98282;1;4;1
1250.53;1089.06;7.51987;1.5341;0.00357094;-0.00202443;-0.00139699;0.00390033;-0.00235382;1.00179;-0.000788631;0.00570205;0.996596;0.0230488;0.985666;1;3;1
1273.53;1089.06;7.63369;1.49408;0.00496248;-0.00451831;-0.00105955;0.00507945;-0.00463528;1.0119;0.00283666;-0.00350623;0.991431;0.0293335;0.979704;1;3;1
31.5305;1066.06;0.508762;1.04617;0.00643701;-0.00403485;-0.0011542;0.00656271;-0.00416056;1.01658;0.00825746;-0.000753964;0.992966;0.0271596;0.98538;1;3;1
54.5305;1066.06;0.656334;1.02946;0.0042885;-0.00206001;0.000492861;0.00432653;-0.00209805;0.995436;0.00437822;-0.003607;0.999652;0.0258701;0.985039;1;3;1
77.5306;1066.06;0.705542;1.12621;0.0052015;-0.00344336;0.000671163;0.0052533;-0.00349515;1.00697;0.00356681;0.000158331;0.993769;0.0235914;0.989208;1;3;1
100.531;1066.06;0.89481;1.15618;0.00647876;-0.00320493;0.000189194;0.00648245;-0.00320863;1.00411;0.000460209;-0.00720595;0.99766;0.0230482;0.98659;1;3;1
123.531;1066.06;1.00258;1.17177;0.00723284;-0.00458575;0.000414905;0.00724739;-0.0046003;1.0059;-0.00215223;0.00585857;0.994039;0.0233898;0.985055;1;3;1
146.531;1066.06;1.22624;1.24365;0.00642398;-0.00372424;0.00189025;0.00676463;-0.00406489;1.00776;-0.00900643;-0.00379617;0.995269;0.0213863;0.991381;1;3;1
169.531;1066.06;1.29705;1.26397;0.00535754;-0.00352253;0.000997956;0.00546831;-0.00363331;1.00188;0.00074761;-0.00354216;0.992688;0.0215335;0.991723;1;3;1
192.531;1066.06;1.47202;1.27278;0.00554727;-0.00377792;0.000722558;0.00560292;-0.00383357;1.00669;0.00217818;0.000811615;0.994685;0.0214424;0.990238;1;3;1
215.531;1066.06;1.55151;1.30221;0.0042671;-0.00367655;-0.000145946;0.00426978;-0.00367923;1.00699;0.00625533;0.000994818;0.998502;0.0196176;0.991592;1;3;1
238.531;1066.06;1.66789;1.29691;0.00575123;-0.002904;0.00160807;0.00604034;-0.00319311;1.00208;-0.00134117;-0.00102101;0.998806;0.0230606;0.98881;1;3;1
261.531;1066.06;1.81526;1.36688;0.00516035;-0.0018229;0.000894144;0.00527302;-0.00193557;1.00463;-0.0051916;-0.00130116;0.998295;0.023554;0.98769;1;3;1
284.531;1066.06;1.9046;1.36894;0.00442028;-0.00263438;-0.000152633;0.00442358;-0.00263768;1.00964;0.00277155;0.000699165;0.997785;0.0213905;0.989736;1;3;1
307.531;1066.06;2.01815;1.35824;0.00599469;-0.00494003;-0.000120747;0.00599603;-0.00494137;1.00391;-0.000873765;-0.00147322;0.997731;0.0207724;0.990213;1;3;1
330.531;1066.06;2.17953;1.38237;0.00635836;-0.00229981;-4.18488e-05;0.00635856;-0.00230001;1.00844;0.00379914;-0.00311039;0.996709;0.0209309;0.991109;1;3;1
353.531;1066.06;2.30968;1.40333;0.00536901;-0.00216773;-0.000461116;0.00539712;-0.00219584;1.00413;0.00468894;0.00160448;0.99855;0.0212074;0.991077;1;3;1
376.531;1066.06;2.42582;1.43308;0.00563499;-0.0038218;-0.000404665;0.00565227;-0.00383909;1.00641;-0.000335529;0.00216664;0.997792;0.0217732;0.988971;1;3;1
399.531;1066.06;2.56817;1.41248;0.00588104;-0.00338548;0.000616237;0.00592184;-0.00342628;1.00792;-0.00157429;-0.00293159;1.00076;0.0232367;0.986618;1;2;1
422.531;1066.06;2.69553;1.4775;0.00615548;-0.00495354;0.00071063;0.00620076;-0.00499882;1.00122;0.00358172;-0.00205514;0.990669;0.0240263;0.981819;1;4;1
445.531;1066.06;2.85036;1.50581;0.00694566;-0.0033214;-0.000415525;0.00696245;-0.00333819;1.00928;0.000904477;0.00319765;0.991413;0.0244388;0.986875;1;3;1
468.531;1066.06;3.01393;1.49359;0.00706098;-0.00292408;-0.000107332;0.00706213;-0.00292523;1.00186;0.00253875;-0.00406696;0.992402;0.022382;0.984983;1;3;1
491.531;1066.06;3.17398;1.57206;0.0041888;-0.00346702;-0.000802071;0.00427193;-0.00355015;1.00015;0.00997412;0.00606185;0.996142;0.0235098;0.979835;1;4;1
514.531;1066.06;3.20621;1.49735;0.00403991;-0.00440587;-0.00100258;0.00415729;-0.00452326;1.00793;0.00583344;-0.00343065;0.997847;0.019545;0.986437;1;3;1
537.531;1066.06;3.3594;1.50822;0.00641555;-0.00270865;-0.000231163;0.0064214;-0.0027145;1.00697;-0.000203938;0.00505151;0.998136;0.0189436;0.988177;1;3;1
560.531;1066.06;3.50037;1.45664;0.0061003;-0.00491521;0.000151543;0.00610238;-0.00491729;1.0056;0.00382106;-0.00599563;1.00082;0.0231956;0.983282;1;3;1
583.531;1066.06;3.63915;1.52858;0.00584938;-0.00268254;0.00134825;0.00605736;-0.00289052;1.00593;-0.000249613;0.0035972;0.994283;0.0199692;0.991853;1;4;1
606.531;1066.06;3.76859;1.53864;0.00596768;-0.00129638;0.000421498;0.00599205;-0.00132075;1.00844;-0.004321;-0.00232612;0.997541;0.0214329;0.987891;1;3;1
629.531;1066.06;3.91285;1.50242;0.00545813;-0.00467761;-0.000912181;0.00553957;-0.00475905;1.00411;-0.000988797;0.00196862;0.997881;0.0200086;0.987407;1;3;1
652.531;1066.06;4.01894;1.48074;0.00598233;-0.00248908;0.000566751;0.00602008;-0.00252683;1.00938;0.00303754;-0.00181528;0.997939;0.0214212;0.988424;1;3;1
675.531;1066.06;4.18718;1.55743;0.00575936;-0.00272156;-3.89751e-05;0.00575954;-0.00272174;1.00462;0.00570327;-0.002079;0.999248;0.0228046;0.987826;1;3;1
698.531;1066.06;4.2831;1.52152;0.00550623;-0.00327434;0.000646866;0.00555363;-0.00332174;1.00827;-0.00567837;0.00257436;0.993009;0.0213044;0.986158;1;4;1
721.531;1066.06;4.43977;1.56333;0.00677949;-0.00193118;0.000708796;0.00683679;-0.00198848;1.00366;-0.00214374;0.000103938;0.992192;0.0219786;0.986183;1;3;1
744.531;1066.06;4.59386;1.58082;0.00456792;-0.000954552;-0.00158763;0.00499181;-0.00137844;1.0063;-0.00431927;-0.00500647;0.998866;0.0213705;0.987353;1;3;1
767.531;1066.06;4.64942;1.58067;0.00310586;-0.00201489;-0.00154678;0.00353681;-0.00244585;1.00636;0.00292715;0.00543356;1.00013;0.0242259;0.978398;1;4;1
790.531;1066.06;4.73648;1.52726;0.00712329;-0.00128105;-0.0011297;0.00727249;-0.00143025;1.00542;0.00512552;2.81253e-05;0.995599;0.0278474;0.963436;1;3;1
813.531;1066.06;4.97593;1.58046;0.00715318;-0.00300667;0.00136978;0.00733462;-0.0031881;1.0049;-0.00118742;-0.00526886;0.996266;0.024899;0.977753;1;3;1
836.531;1066.06;5.06425;1.62561;0.00438127;-0.00173962;0.000923971;0.0045177;-0.00187605;1.005;-0.00448793;0.0041576;1.00274;0.0232842;0.986288;1;4;1
859.531;1066.06;5.17703;1.58926;0.00525508;-0.00279612;-0.000816404;0.00533703;-0.00287807;1.00689;-0.00273557;-0.00270324;0.995358;0.0273901;0.968664;1;4;1
882.531;1066.06;5.30533;1.67314;0.00642046;-0.000624934;-0.000599683;0.00647114;-0.000675613;1.0043;-0.00386968;-0.00490429;0.996675;0.0277137;0.960622;1;3;1
905.531;1066.06;5.47137;1.65953;0.00715923;-0.00224528;-0.00123058;0.00731758;-0.00240364;1.00463;0.00117329;0.00110825;1.00048;0.0233985;0.979381;1;3;1
928.531;1066.06;5.63348;1.64859;0.00649396;-0.0036246;-0.00146178;0.00670091;-0.00383155;1.00428;0.00560634;0.00327601;0.995704;0.0264511;0.977296;1;3;1
951.531;1066.06;5.76912;1.62508;0.00611131;-0.00300082;0.000933844;0.00620603;-0.00309554;1.0094;0.000201899;0.0027589;0.99904;0.0246211;0.98152;1;3;1
974.531;1066.06;5.91374;1.62693;0.00637382;-0.00339968;-0.000852754;0.00644767;-0.00347353;1.00671;0.00311609;-0.000163786;0.995611;0.0221868;0.984448;1;3;1
997.531;1066.06;6.06139;1.6312;0.00671917;-0.00313499;-0.000223057;0.00672422;-0.00314003;1.00252;0.000817551;0.000223457;0.997088;0.0201076;0.989191;1;3;1
1020.53;1066.06;6.22178;1.60065;0.00564314;-0.00112379;-0.000448605;0.00567275;-0.0011534;1.01019;-0.00556742;-0.00303038;0.995873;0.0240306;0.975456;1;3;1
1043.53;1066.06;6.32024;1.64229;0.00582109;-0.0047037;0.00023134;0.00582617;-0.00470878;1.00238;0.00292995;0.0021216;0.995521;0.0206996;0.988945;1;3;1
1066.53;1066.06;6.48875;1.64835;0.00717053;-0.00453848;-0.000362762;0.00718176;-0.00454971;1.00923;0.00219838;-0.00164467;0.996725;0.0210011;0.985503;1;3;1
1089.53;1066.06;6.6489;1.67008;0.006579;-0.00452134;-8.96983e-05;0.00657973;-0.00452206;1.00564;0.00187737;-0.00191079;0.995734;0.0209603;0.991517;1;2;1
1112.53;1066.06;6.79037;1.69691;0.00538252;-0.00243929;-0.00104949;0.00552088;-0.00257766;1.00819;-0.000757511;0.00098274;1.00063;0.0226164;0.983843;1;3;1
1135.53;1066.06;6.89583;1.64536;0.00416345;-0.00280393;-0.00139503;0.00443238;-0.00307286;1.00423;0.000764944;0.00146151;0.99716;0.0183948;0.988367;1;3;1
1158.53;1066.06;6.98144;1.6279;0.00576491;-0.00566776;-0.00158708;0.00598114;-0.00588399;1.00453;-0.00274349;0.00168829;0.990843;0.0234366;0.985247;1;3;1
1181.53;1066.06;7.16023;1.59723;0.00719828;-0.00328909;-0.000937527;0.00728143;-0.00337224;1.0086;-0.0024456;0.00342327;0.991164;0.0240385;0.97764;1;3;1
1204.53;1066.06;7.31137;1.59893;0.0064344;-0.00279817;-0.00107027;0.00655684;-0.00292062;1.00997;0.00283107;0.00192211;0.997156;0.0233802;0.979118;1;3;1
1227.53;1066.06;7.45526;1.58014;0.00621155;-0.00214149;0.000146744;0.00621413;-0.00214407;1.00012;0.00288687;-0.00341853;0.998043;0.0263259;0.970443;1;3;1
1250.53;1066.06;7.59622;1.62411;0.00614483;-0.00101307;0.000313235;0.00615851;-0.00102675;1.00442;0.00286189;0.0045603;1.00215;0.0292166;0.975574;1;3;1
1273.53;1066.06;7.73705;1.61273;0.00614214;-0.00317498;-0.000575702;0.00617758;-0.00321042;1.00877;-0.00272483;-0.00728627;0.999357;0.022802;0.988891;1;3;1
31.5305;1043.06;0.48377;1.09361;0.00637543;-0.00280754;-7.58623e-05;0.00637606;-0.00280816;1.00923;-0.00467791;0.00163535;1.00101;0.025123;0.984522;1;3;1
54.5305;1043.06;0.629925;1.06738;0.00614906;-0.00476345;0.00112793;0.00626443;-0.00487882;1.00576;-0.00369906;8.22811e-05;0.999001;0.0266993;0.986133;1;3;1
77.5306;1043.06;0.765649;1.19577;0.005141;-0.00315812;0.00147383;0.00539497;-0.00341208;1.00498;0.00275464;-0.00488408;0.997362;0.0221524;0.987506;1;3;1
100.531;1043.06;0.865408;1.25938;0.00566161;-0.00197411;0.000978173;0.00578493;-0.00209742;1.00651;-8.37574e-05;-0.00193794;0.999415;0.0207094;0.987426;1;3;1
123.531;1043.06;1.02528;1.27699;0.00630275;-0.00241466;0.00106683;0.00643141;-0.00254332;1.00996;0.000953199;0.00222229;0.999474;0.0209111;0.989429;1;3;1
146.531;1043.06;1.15436;1.34037;0.00450038;-0.00316735;0.00187951;0.00493631;-0.00360327;1.00212;-0.00590644;-0.00721121;0.996646;0.0213042;0.992385;1;3;1
169.531;1043.06;1.23176;1.35691;0.00474625;-0.00341225;-0.000266824;0.00475497;-0.00342097;1.00399;-0.0022911;0.000156271;0.996751;0.0206654;0.991645;1;3;1
192.531;1043.06;1.37217;1.32911;0.00701629;-0.00374152;-0.000238866;0.00702159;-0.00374682;1.01059;0.00129811;0.00101042;0.992858;0.0192357;0.992681;1;4;1
215.531;1043.06;1.55337;1.31668;0.00453057;-0.00323754;6.01729e-05;0.00453103;-0.003238;1.00304;-0.00373711;0.000640829;0.99791;0.019325;0.991236;1;2;1
238.531;1043.06;1.58009;1.35485;0.00582574;-0.00205763;0.0010918;0.00597415;-0.00220605;1.00389;-0.00477151;-0.00315018;0.994747;0.0233599;0.984671;1;3;1
261.531;1043.06;1.82049;1.40543;0.00706373;-0.00162866;0.00010229;0.00706493;-0.00162986;1.0055;0.00278835;0.000278366;0.998323;0.0254859;0.983913;1;4;1
284.531;1043.06;1.90388;1.38465;0.00461335;-0.00315649;0.000555021;0.00465279;-0.00319594;0.999979;-0.00202605;-0.00247712;0.997127;0.0220366;0.988131;1;3;1
307.531;1043.06;2.03219;1.4621;0.00659629;-0.00364295;-0.000332386;0.00660707;-0.00365373;1.0069;0.00602069;0.000624637;0.995606;0.0228024;0.99127;1;3;1
330.531;1043.06;2.20631;1.40181;0.00837338;-0.00265891;-0.000343016;0.00838403;-0.00266956;1.00535;-0.000640236;0.00182351;1.00075;0.0221349;0.988829;1;3;1
353.531;1043.06;2.41576;1.4451;0.00500327;-0.00268691;0.000409596;0.00502502;-0.00270866;1.0079;0.0017645;-0.000703516;1.00336;0.0244552;0.985073;1;3;1
376.531;1043.06;2.43582;1.47725;0.00373652;-0.00354637;-7.67903e-05;0.00373733;-0.00354718;1.00479;0.00355119;-0.00302883;0.994218;0.0212196;0.990898;1;3;1
399.531;1043.06;2.5873;1.48574;0.00652905;-0.0044338;0.000894735;0.0066016;-0.00450634;1.00696;0.000200259;-0.0033105;0.994389;0.023018;0.98377;1;3;1
422.531;1043.06;2.73513;1.54804;0.00606789;-0.00186554;0.000527469;0.00610281;-0.00190046;1.00832;0.00316288;-0.00354284;1.00502;0.0232896;0.986578;1;3;1
445.531;1043.06;2.86554;1.54634;0.00549679;-0.00243054;-0.000439419;0.00552108;-0.00245482;1.00538;0.0007272;0.00169715;1.00524;0.0197725;0.986876;1;3;1
468.531;1043.06;2.98729;1.57567;0.00606829;-0.00216159;0.000562132;0.00610651;-0.00219981;1.00497;-0.00285238;0.000400618;1.00162;0.01955;0.985867;1;3;1
491.531;1043.06;3.14384;1.55545;0.00556983;-0.00161279;0.000590403;0.00561803;-0.001661;1.00217;-0.00636062;-0.000559764;0.998328;0.0224944;0.985019;1;3;1
514.531;1043.06;3.24279;1.58485;0.00460374;-0.00243348;-3.33647e-06;0.00460375;-0.00243348;1.0069;-0.000575598;-0.000872188;0.995111;0.0178463;0.990963;1;3;1
537.531;1043.06;3.35513;1.57164;0.00615274;-0.00293487;-6.47234e-05;0.0061532;-0.00293533;1.0076;0.000889703;0.00107435;0.99574;0.021508;0.989277;1;3;1
560.531;1043.06;3.52494;1.60658;0.00583098;-0.00409367;0.000572057;0.00586385;-0.00412654;1.00525;0.000203703;-0.0038314;0.994763;0.0210499;0.984177;1;3;1
583.531;1043.06;3.62256;1.60086;0.00435959;-0.00262791;-0.000209725;0.00436588;-0.0026342;0.999876;0.00442157;0.00652744;1.00235;0.0240919;0.980827;1;3;1
606.531;1043.06;3.72504;1.58043;0.0066524;-0.00237259;0.000459449;0.00667573;-0.00239592;1.00907;-0.0015582;-0.00622308;0.999986;0.0195091;0.989318;1;3;1
629.531;1043.06;3.92752;1.6639;0.00656337;-0.00456753;0.000225577;0.00656793;-0.0045721;1.00907;0.00023495;0.00157044;0.99503;0.0232252;0.983528;1;3;1
652.531;1043.06;4.02597;1.60084;0.00556087;-0.00565888;-0.000668321;0.00560054;-0.00569855;1.00216;0.000912028;-0.000732029;0.995376;0.019904;0.988944;1;3;1
675.531;1043.06;4.1826;1.63654;0.00501452;-0.00280133;4.71377e-05;0.0050148;-0.00280161;1.00713;-0.00340045;0.0033496;0.994324;0.0226688;0.984977;1;3;1
698.531;1043.06;4.25606;1.59542;0.00544471;-0.00391609;-0.000749896;0.00550441;-0.00397578;1.00147;0.00256545;8.48028e-05;0.99642;0.0202626;0.987489;1;3;1
721.531;1043.06;4.43235;1.58314;0.00872929;-0.00296865;-0.000223779;0.00873357;-0.00297293;1.00704;0.0033813;-0.00204054;1.00404;0.025977;0.97947;1;3;1
744.531;1043.06;4.65586;1.56627;0.00646103;-0.00339013;0.000388359;0.00647632;-0.00340542;1.00181;0.0079994;-0.00203495;0.99879;0.0267141;0.974858;1;3;1
767.531;1043.06;4.72857;1.64272;0.00408857;-0.0010969;2.58028e-06;0.00408857;-0.0010969;1.0096;0.000224903;-0.00120587;0.995837;0.0225793;0.981174;1;4;1
790.531;1043.06;4.84353;1.61384;0.00536056;-0.00395098;0.000136257;0.00536256;-0.00395297;0.999028;0.00207905;0.00235095;0.99458;0.0259674;0.973335;1;4;1
813.531;1043.06;4.97449;1.66193;0.00380703;-0.00315054;0.000689986;0.00387479;-0.00321831;1.01115;0.00685311;-0.00454004;0.994775;0.0249295;0.984806;1;3;1
836.531;1043.06;5.01828;1.67339;0.00711173;-0.00302375;0.000489408;0.00713531;-0.00304733;1.01103;-0.000928984;0.00873577;0.992721;0.023855;0.981138;1;4;1
859.531;1043.06;5.30047;1.64852;0.00992469;-0.0020822;-0.000710899;0.00996663;-0.00212414;1.00805;0.00181922;-0.00120014;0.99718;0.0203529;0.98785;1;3;1
882.531;1043.06;5.47257;1.66138;0.00576226;-0.00162178;-0.000480328;0.00579338;-0.0016529;1.00434;0.00391625;-0.00308414;1.00102;0.0241207;0.975282;1;3;1
905.531;1043.06;5.56477;1.67074;0.00499798;-0.00204561;-0.000528767;0.00503746;-0.00208508;1.00229;0.00514543;-0.00290272;0.997699;0.0231818;0.987573;1;4;1
928.531;1043.06;5.70188;1.71422;0.00384827;-0.00269963;-0.000463051;0.00388086;-0.00273221;1.00778;0.00515638;0.00655837;0.995988;0.0240455;0.981128;1;3;1
951.531;1043.06;5.74144;1.7056;0.00596074;-0.00426311;0.000716344;0.00601069;-0.00431306;1.00371;-0.00811073;-0.00344378;0.991528;0.0265089;0.975591;1;4;1
974.531;1043.06;5.97526;1.71076;0.00636937;-0.00311701;0.00030148;0.00637895;-0.00312658;1.00796;-0.00134918;-2.70145e-05;1.00053;0.0240885;0.976502;1;3;1
997.531;1043.06;6.0335;1.72735;0.00510763;-0.00355901;-0.000437026;0.00512961;-0.00358099;1.00094;-0.00149629;0.00465716;0.994504;0.0276614;0.967293;1;3;1
1020.53;1043.06;6.20961;1.69171;0.00534444;-0.00336694;0.00140282;0.00556477;-0.00358727;1.00592;0.00441723;-0.00631177;0.994865;0.0235949;0.984179;1;4;1
1043.53;1043.06;6.27866;1.78229;0.00594904;-0.00461516;0.000268035;0.00595583;-0.00462196;1.00578;0.00136936;0.00273327;0.996821;0.0266587;0.972507;1;3;1
1066.53;1043.06;6.48244;1.73248;0.00848246;-0.00277841;-0.000152294;0.00848452;-0.00278047;1.00721;-0.000760784;0.00104066;0.995596;0.0226408;0.978678;1;3;1
1089.53;1043.06;6.66719;1.73509;0.00634385;-0.00267523;-0.000184963;0.00634764;-0.00267902;1.00652;0.00360354;0.000485504;1.00065;0.0234181;0.986302;1;3;1
1112.53;1043.06;6.77333;1.71692;0.00523706;-0.00285672;0.000270104;0.00524606;-0.00286573;1.00575;-0.00385079;-0.000108453;0.995019;0.0211636;0.987937;1;3;1
1135.53;1043.06;6.90745;1.69901;0.00633586;-0.00304022;0.00043499;0.006356;-0.00306036;1.00656;-0.00194725;-0.00803779;0.999988;0.0219727;0.987469;1;3;1
1158.53;1043.06;7.06376;1.81565;0.00611237;-0.00473246;-0.00107036;0.006217;-0.00483709;1.01109;0.00440736;0.00722293;0.991566;0.0218902;0.977233;1;3;1
1181.53;1043.06;7.18776;1.68931;0.00464958;-0.00328297;-0.00112845;0.00480698;-0.00344037;0.99786;0.00294944;0.00230865;0.995814;0.0247264;0.976232;1;3;1
1204.53;1043.06;7.27692;1.67143;0.00640327;-0.00388763;-0.000548368;0.00643241;-0.00391677;1.00983;0.00145404;0.00155138;0.996149;0.0249844;0.970589;1;3;1
1227.53;1043.06;7.48128;1.59216;0.00537877;-0.00360816;-0.000790764;0.00544782;-0.00367721;1.00701;-0.000955162;0.00594012;0.99313;0.0273429;0.970929;1;4;1
1250.53;1043.06;7.52359;1.58072;0.00397606;-0.00304548;0.000765659;0.00405858;-0.003128;1.00043;0.00348301;-0.00717472;0.9913;0.0300278;0.97621;1;3;1
1273.53;1043.06;7.66379;1.64037;0.00611741;-0.00238117;0.00128789;0.00630829;-0.00257205;1.00626;0.00314256;0.00361599;0.999757;0.0251649;0.985451;1;3;1
31.5305;1020.06;0.463723;1.17552;0.00832329;-0.00308303;0.00198397;0.00865852;-0.00341826;1.00259;0.00047355;-0.00367484;0.995142;0.0244976;0.989266;1;3;1
54.5305;1020.06;0.654252;1.2491;0.00648682;-0.00579589;0.00131662;0.00662637;-0.00593544;1.00462;0.00280488;-0.000422522;0.992425;0.0283025;0.986484;1;3;1
77.5306;1020.06;0.761055;1.27174;0.00504912;-0.00291329;-6.64902e-05;0.00504968;-0.00291384;1.01202;-0.00756848;0.000737773;0.997994;0.0228657;0.99238;1;3;1
100.531;1020.06;0.885928;1.24708;0.00488777;-0.00215581;-0.000315869;0.00490191;-0.00216995;1.00165;0.00216782;-0.00106518;0.995475;0.0233117;0.989568;1;3;1
123.531;1020.06;0.985344;1.28298;0.00539931;-0.00340816;0.00173674;0.0057294;-0.00373825;1.00671;-0.00199129;-0.00128487;0.993197;0.0217475;0.989658;1;3;1
146.531;1020.06;1.13341;1.38968;0.00709397;-0.00257337;0.00181341;0.00742293;-0.00290233;1.01092;0.00910759;-0.00679242;0.997979;0.0249815;0.988163;1;3;1
169.531;1020.06;1.31031;1.42121;0.00699541;-0.0018298;0.000548235;0.00702934;-0.00186373;1.0062;0.00183202;0.00304683;0.997371;0.0252381;0.986841;1;3;1
192.531;1020.06;1.45405;1.44522;0.00569507;-0.00326815;0.000267444;0.00570305;-0.00327612;0.998019;-0.00162344;-0.00179919;0.998365;0.0225941;0.987944;1;3;1
215.531;1020.06;1.57153;1.45138;0.00440229;-0.00472032;-0.000315491;0.00441319;-0.00473122;1.00781;0.000334134;0.00304324;0.996079;0.0232223;0.991221;1;3;1
238.531;1020.06;1.65608;1.39166;0.00575405;-0.00349951;-0.00123713;0.00591659;-0.00366205;1.00733;0.00589407;-0.000755707;0.9986;0.0240965;0.98907;1;4;1
261.531;1020.06;1.83546;1.44186;0.00553894;-0.00318134;0.00212024;0.00602712;-0.00366953;1.0023;-0.00216178;-0.00234557;0.994914;0.0248624;0.98459;1;3;1
284.531;1020.06;1.91;1.51436;0.00501522;-0.00332388;0.00070357;0.00507416;-0.00338283;1.00865;-0.00478007;-0.00305078;0.998006;0.0228173;0.986834;1;3;1
307.531;1020.06;2.06551;1.52615;0.00619308;-0.00286317;-0.000154427;0.00619572;-0.0028658;1.00523;-0.00650663;0.00154523;0.998368;0.0215143;0.98917;1;3;1
330.531;1020.06;2.19401;1.50484;0.00613932;-0.00500623;0.000153891;0.00614145;-0.00500836;1.00571;0.00137223;-0.00290764;0.993252;0.0250983;0.985027;1;3;1
353.531;1020.06;2.34706;1.52711;0.00608998;-0.00340568;0.00299616;0.00695632;-0.00427202;1.0066;0.00294701;-0.00110282;0.989321;0.0223165;0.988472;1;3;1
376.531;1020.06;2.47321;1.59653;0.00456325;-0.00402001;0.000429896;0.00458472;-0.00404149;0.998438;-0.00136324;-0.00594802;0.996322;0.0242204;0.980685;1;3;1
399.531;1020.06;2.5564;1.61689;0.00510463;-0.00476362;-0.000359922;0.00511774;-0.00477673;1.0049;-0.00285537;0.0013295;0.990918;0.0228509;0.985081;1;3;1
422.531;1020.06;2.70741;1.56339;0.00789119;-0.00211202;0.000271761;0.00789857;-0.0021194;1.00829;-0.00265747;-0.0001382;0.997543;0.022791;0.983557;1;3;1
445.531;1020.06;2.91798;1.6178;0.00575915;-0.00265263;0.000696805;0.00581648;-0.00270996;1.00344;0.00371598;0.0013067;0.994133;0.0225626;0.986154;1;3;1
468.531;1020.06;2.97157;1.59315;0.00459997;-0.00200931;0.000424629;0.00462714;-0.00203648;1.00587;0.000419429;0.000728636;0.997701;0.0203647;0.988317;1;3;1
491.531;1020.06;3.12908;1.64633;0.005472;-0.00257731;0.000719093;0.00553574;-0.00264105;1.00789;0.00209553;-0.00206972;0.999197;0.0204831;0.990387;1;3;1
514.531;1020.06;3.22259;1.60943;0.00561935;-0.00177155;0.000268555;0.0056291;-0.00178129;1.00351;0.000478856;0.000772745;0.999309;0.0214434;0.986345;1;3;1
537.531;1020.06;3.38685;1.64343;0.00554566;-0.00217103;-0.000165213;0.00554919;-0.00217457;0.999942;-0.00400475;-0.00044387;0.997164;0.0201576;0.990162;1;3;1
560.531;1020.06;3.47697;1.64534;0.00535211;-0.00376439;0.000295685;0.00536169;-0.00377397;1.00914;0.00132847;0.00177846;0.995792;0.022868;0.98553;1;3;1
583.531;1020.06;3.63239;1.64963;0.00680765;-0.00294707;-0.000365358;0.00682132;-0.00296073;1.00319;-0.00369711;-0.00220525;0.995641;0.0204951;0.98792;1;3;1
606.531;1020.06;3.78907;1.64791;0.00610707;-0.00325045;0.000310805;0.00611738;-0.00326076;1.00732;0.00376644;0.00216811;0.99741;0.0211498;0.98564;1;3;1
629.531;1020.06;3.91242;1.71301;0.00575709;-0.00250715;0.00239224;0.00639962;-0.00314968;1.00471;-0.000220686;-0.00280313;0.99684;0.0219524;0.984518;1;3;1
652.531;1020.06;4.05304;1.7418;0.00577904;-0.00355231;-1.6475e-05;0.00577907;-0.00355234;1.00488;0.00188978;0.00448392;0.990544;0.0245868;0.981497;1;3;1
675.531;1020.06;4.17748;1.68647;0.00535745;-0.00239025;0.000177766;0.00536153;-0.00239432;1.00824;0.00216416;-0.000621793;0.997843;0.0231645;0.98423;1;3;1
698.531;1020.06;4.29881;1.70202;0.0055346;-0.00430721;0.000910783;0.00561818;-0.00439079;1.00008;-0.000158266;-0.00106382;0.994531;0.0245541;0.981616;1;4;1
721.531;1020.06;4.43137;1.70009;0.00694914;-0.00389074;0.000330858;0.00695923;-0.00390083;1.01046;-0.00131085;-0.00300539;0.996863;0.0256661;0.977096;1;4;1
744.531;1020.06;4.61735;1.73704;0.00578149;-0.00450476;0.000199473;0.00578536;-0.00450862;1.00222;-0.00589176;0.00238689;0.993369;0.0292946;0.967536;1;4;1
767.531;1020.06;4.69651;1.63118;0.00273637;-0.00396097;-0.000622943;0.00279382;-0.00401842;1.00565;-0.00187503;-0.000113462;0.99957;0.0278575;0.972509;1;3;1
790.531;1020.06;4.74305;1.70936;0.0060054;-0.00413797;0.00110733;0.00612488;-0.00425745;0.996569;-0.00322606;-0.00129357;0.994498;0.0258006;0.973191;1;4;1
813.531;1020.06;4.97183;1.72561;0.00573948;-0.00226611;0.000660681;0.00579364;-0.00232027;1.00786;-0.00791948;-0.0026802;0.999138;0.0294624;0.978027;1;4;1
836.531;1020.06;5.00628;1.76495;0.00562665;-0.00296005;-0.000993669;0.00574014;-0.00307353;1.00821;0.00448972;0.00618912;0.997502;0.0248621;0.988428;1;4;1
859.531;1020.06;5.22992;1.68517;0.00796736;-0.00217206;-5.95968e-05;0.00796771;-0.00217241;1.00556;-0.00180875;-0.00520262;0.999411;0.0212779;0.984799;1;3;1
882.531;1020.06;5.37132;1.74785;0.00747087;-0.00250106;0.000638934;0.00751164;-0.00254183;1.00908;-0.0052096;0.00305659;0.996071;0.0231272;0.98578;1;3;1
905.531;1020.06;5.57225;1.75383;0.00740178;-0.00374709;-9.47305e-05;0.00740259;-0.00374789;1.00739;0.00100425;-0.0052674;0.995303;0.0233241;0.980549;1;3;1
928.531;1020.06;5.71055;1.77301;0.00278608;-0.0016175;0.000290585;0.00280517;-0.00163659;1.00392;-0.00520441;0.000795898;0.998369;0.0203011;0.989103;1;3;1
951.531;1020.06;5.70018;1.82166;0.00429563;-0.00208623;-0.0013;0.00455028;-0.00234088;1.00325;0.000933694;7.74934e-05;0.998015;0.0224369;0.981185;1;4;1
974.531;1020.06;5.90772;1.77054;0.00834578;-0.00269325;0.000269802;0.00835237;-0.00269984;1.01048;-0.000748614;-0.000310133;0.992328;0.0204871;0.987227;1;4;1
997.531;1020.06;6.08249;1.79522;0.00523441;-0.00240475;-0.00111717;0.00539444;-0.00256477;1.00538;0.0014407;-0.00348007;1.00109;0.0213331;0.983703;1;3;1
1020.53;1020.06;6.14788;1.75585;0.00552858;-0.00330521;-0.000230411;0.00553458;-0.00331121;1.00535;0.003727;-0.00267919;1.00304;0.0231083;0.975343;1;3;1
1043.53;1020.06;6.33607;1.85508;0.00672035;-0.00222238;-0.000280825;0.00672916;-0.00223119;1.00408;-0.0051373;0.00478442;1.00004;0.0239181;0.975689;1;3;1
1066.53;1020.06;6.45598;1.77635;0.00685731;-0.000658539;-0.000765535;0.00693449;-0.000735721;1.01189;-0.00327171;-0.00167425;1.00285;0.0240517;0.983633;1;3;1
1089.53;1020.06;6.65039;1.79331;0.00597233;-0.00336254;0.000956073;0.00606925;-0.00345945;1.00507;-0.000775867;0.00475835;0.994064;0.0219831;0.985344;1;3;1
1112.53;1020.06;6.72986;1.82855;0.00661927;-0.00317328;-0.000118077;0.00662069;-0.0031747;1.00363;0.0018479;-0.00171614;0.998933;0.0205069;0.987833;1;3;1
1135.53;1020.06;6.95388;1.78546;0.00741585;-0.00245495;2.44488e-05;0.00741591;-0.00245501;1.00925;0.00459473;-0.00292724;0.998341;0.0199676;0.9856;1;3;1
1158.53;1020.06;7.06973;1.8462;0.00362892;-0.000438344;-4.84885e-05;0.00362949;-0.000438922;1.0046;-0.00449292;-0.000420676;0.998974;0.0216714;0.982806;1;3;1
1181.53;1020.06;7.12049;1.74851;0.00426261;-0.00285426;-0.000431696;0.0042887;-0.00288035;1.00397;-0.00738633;-0.00149364;0.990664;0.0263874;0.976205;1;3;1
1204.53;1020.06;7.26534;1.77813;0.00692024;-0.00384911;-0.00031981;0.00692972;-0.0038586;1.0118;-0.00407868;0.00425402;0.99873;0.0260719;0.973233;1;3;1
1227.53;1020.06;7.43773;1.74641;0.00673078;-0.00462434;-0.000377123;0.00674329;-0.00463685;1.00373;-0.00074122;0.00331382;0.996682;0.0249641;0.985472;1;2;1
1250.53;1020.06;7.57392;1.76442;0.00653973;-0.00498995;-0.000769279;0.00659084;-0.00504105;1.01053;0.000859552;-0.00407724;0.994224;0.0236941;0.985323;1;2;1
1273.53;1020.06;7.73757;1.72239;0.0071421;-0.00271249;-0.00156225;0.00738383;-0.00295422;1.00267;0.00151088;0.00650445;0.992998;0.0245916;0.991933;1;2;1
31.5305;997.06;0.44824;1.23566;0.00683166;-0.00447829;0.00198218;0.007169;-0.00481563;0.996397;0.00494047;-0.00495317;0.999145;0.0248489;0.98739;1;3;1
54.5305;997.06;0.604623;1.33478;0.00701545;-0.004499;0.00135584;0.00717295;-0.00465649;1.00453;0.00894122;-0.00162365;0.997627;0.0282433;0.983139;1;3;1
77.5306;997.06;0.769731;1.32998;0.006562;-0.00398722;0.000408257;0.00657778;-0.00400299;1.00703;0.00058158;0.000474495;0.994232;0.0255461;0.986521;1;3;1
100.531;997.06;0.905485;1.35867;0.00518931;-0.0044389;0.000953261;0.00528278;-0.00453237;1.00598;0.00274464;-0.00140161;0.996994;0.0211039;0.991297;1;3;1
123.531;997.06;1.00771;1.43404;0.00479884;-0.0043835;0.000999585;0.0049064;-0.00449105;1.0023;0.000106654;-0.00103151;0.996406;0.0227264;0.987753;1;2;1
146.531;997.06;1.1256;1.45891;0.00499117;-0.0023417;-0.000695113;0.00505648;-0.00240702;1.00785;-0.00586075;-0.00142921;0.995571;0.0248137;0.989849;1;3;1
169.531;997.06;1.23673;1.44116;0.00549365;-0.0023823;0.000284179;0.00550389;-0.00239254;1.00428;-0.00223372;-0.000308297;0.997519;0.0224899;0.991149;1;3;1
192.531;997.06;1.37761;1.47969;0.0063803;-0.0021219;0.00159686;0.00667032;-0.00241193;1.00526;0.00590664;-0.00239621;0.994775;0.0216544;0.989672;1;3;1
215.531;997.06;1.5292;1.53433;0.00667937;-0.00292546;0.00138734;0.00687574;-0.00312183;1.00644;0.001758;0.00247627;0.994796;0.0225329;0.98467;1;4;1
238.531;997.06;1.68383;1.51622;0.00477117;-0.00501128;9.12205e-05;0.00477202;-0.00501213;1.00341;0.00180302;-0.0011552;0.991277;0.0254444;0.985221;1;3;1
261.531;997.06;1.74815;1.55206;0.0052143;-0.00502605;0.00100358;0.00531172;-0.00512347;1.00488;-0.00697815;0.000830277;0.99763;0.0233989;0.987132;1;3;1
284.531;997.06;1.92306;1.53781;0.00629668;-0.00273953;0.000684627;0.00634826;-0.0027911;1.00727;0.00360968;-0.00195049;0.993063;0.0216822;0.989984;1;3;1
307.531;997.06;2.03687;1.59399;0.00589177;-0.00233391;0.00132961;0.00610135;-0.00254349;1.00366;0.00300683;-0.00294025;0.996995;0.021823;0.992914;1;3;1
330.531;997.06;2.19319;1.63267;0.00426401;-0.00378122;6.3261e-05;0.0042645;-0.00378171;1.00838;-0.00480707;0.000973064;0.99493;0.0196997;0.987954;1;3;1
353.531;997.06;2.2326;1.60239;0.00637447;-0.00273672;0.000557113;0.00640841;-0.00277066;1.00481;-0.00845984;-0.00203304;1.0016;0.0195293;0.990438;1;3;1
376.531;997.06;2.48547;1.66257;0.00774614;-0.00202776;0.000542789;0.00777619;-0.00205781;1.00495;0.0022517;-0.00545509;0.999954;0.0220039;0.984976;1;3;1
399.531;997.06;2.58744;1.70539;0.00491975;-0.00271268;-0.0001603;0.00492312;-0.00271604;1.00543;0.00387034;0.000339446;1.00042;0.019298;0.991818;1;3;1
422.531;997.06;2.71123;1.6453;0.00531613;-0.00324222;0.000162407;0.00531921;-0.0032453;1.00321;-0.00358706;0.000797549;0.995477;0.0220397;0.989334;1;3;1
445.531;997.06;2.83132;1.66853;0.00578888;-0.00310157;0.00134657;0.00598835;-0.00330105;1.00904;-0.0065985;-0.00194036;0.99815;0.0202805;0.987986;1;2;1
468.531;997.06;2.97674;1.66819;0.00573094;-0.00442742;-0.00065016;0.00577239;-0.00446887;1.00352;-0.000108492;-0.000844668;0.996996;0.0203212;0.991132;1;4;1
491.531;997.06;3.09419;1.67419;0.00520027;-0.00366404;5.95589e-05;0.00520067;-0.00366444;1.00563;-0.00305955;-0.00204533;0.998264;0.0242414;0.98067;1;3;1
514.531;997.06;3.21534;1.66642;0.00679887;-0.00415659;-0.00029109;0.00680659;-0.00416432;1.00669;-0.00250902;0.00334979;0.995084;0.0236162;0.980589;1;3;1
537.531;997.06;3.40588;1.67164;0.00629869;-0.0029896;0.000901048;0.00638529;-0.00307621;1.00449;0.00704284;-0.00503168;0.990297;0.0227472;0.984221;1;3;1
560.531;997.06;3.50403;1.78008;0.00550773;-0.00453222;0.000182243;0.00551104;-0.00453553;1.0051;-0.00102473;-0.00335586;0.994059;0.0219986;0.98978;1;3;1
583.531;997.06;3.6585;1.73664;0.0055679;-0.00412633;-0.000844885;0.00564098;-0.00419941;1.00508;-0.000250278;-0.00137227;0.992803;0.0207155;0.98442;1;3;1
606.531;997.06;3.75942;1.7302;0.00312079;-0.00423817;0.000539311;0.0031601;-0.00427748;1.00542;0.00085056;-0.00068173;0.993529;0.0217212;0.982837;1;3;1
629.531;997.06;3.80181;1.77954;0.00526988;-0.00266003;0.000665716;0.00532538;-0.00271553;1.00257;0.00136844;0.0018448;1.00134;0.023171;0.980168;1;3;1
652.531;997.06;4.00118;1.76455;0.00709152;-0.00325464;0.000105869;0.0070926;-0.00325572;1.00461;-0.00664889;-0.00383573;0.997148;0.0237078;0.980644;1;3;1
675.531;997.06;4.12686;1.74666;0.00403068;-0.00346078;0.000247739;0.00403886;-0.00346896;1.00468;-0.00203931;-0.00133357;0.999743;0.022381;0.986457;1;4;1
698.531;997.06;4.18621;1.79403;0.00675985;-0.00233228;0.000678886;0.00681026;-0.00238269;1.01174;-0.00400348;0.00429994;0.997095;0.0269876;0.977866;1;4;1
721.531;997.06;4.43677;1.76247;0.00836514;-0.00271739;0.000203059;0.00836886;-0.00272111;0.99876;0.00033289;-0.00199333;0.996943;0.0230658;0.982234;1;3;1
744.531;997.06;4.56941;1.77404;0.00701379;-0.00271905;0.00146054;0.00722824;-0.0029335;1.00987;0.00223011;-0.00477035;0.998394;0.0275165;0.975453;1;4;1
767.531;997.06;4.75823;1.82529;0.00580694;-0.00532849;-0.000419074;0.00582269;-0.00534424;1.00652;0.00758075;0.00338684;0.99118;0.0275203;0.973732;1;3;1
790.531;997.06;4.83575;1.80458;0.00459767;-0.00378833;-0.00229842;0.0051863;-0.00437696;1.00398;0.00186637;-0.00243721;0.996301;0.0280567;0.978856;1;3;1
813.531;997.06;4.9692;1.76629;0.00508555;-0.00343179;1.64215e-05;0.00508558;-0.00343182;1.00508;-0.00130772;-0.00350712;0.988572;0.0218728;0.987254;1;3;1
836.531;997.06;5.06909;1.80979;0.00697592;-0.00308177;-0.00138055;0.00716198;-0.00326783;1.00941;0.00677363;0.00497289;0.997907;0.0285949;0.967843;1;4;1
859.531;997.06;5.28898;1.74855;0.00902152;-0.00379999;-0.00114626;0.00912319;-0.00390167;1.00822;0.00216443;0.00410845;0.993749;0.0243602;0.98343;1;3;1
882.531;997.06;5.48221;1.77657;0.0067491;-0.00268515;0.000462624;0.00677174;-0.00270778;1.01157;0.00297347;-0.00412157;0.99705;0.0216889;0.986607;1;4;1
905.531;997.06;5.5983;1.84344;0.00567984;-0.00312781;0.000403847;0.00569832;-0.00314629;1.00052;0.000472918;0.0013893;0.991717;0.0289842;0.959036;1;4;1
928.531;997.06;5.74274;1.7887;0.00566365;-0.00261982;4.76946e-06;0.00566365;-0.00261982;1.00678;0.00458428;0.00333283;0.995479;0.0289967;0.971516;1;3;1
951.531;997.06;5.85808;1.80181;0.00395921;-0.00137682;-0.00104022;0.00415483;-0.00157243;1.00789;0.00706695;-0.00381359;0.999336;0.0238833;0.978261;1;3;1
974.531;997.06;5.92449;1.83485;0.00573605;-0.00223383;-0.000141328;0.00573856;-0.00223634;0.998216;0.000239935;-0.00150405;1.00104;0.0240928;0.98235;1;3;1
997.531;997.06;6.12117;1.83818;0.00797818;-0.00369963;0.000103207;0.00797909;-0.00370054;1.01136;0.00152803;-0.00265017;0.992273;0.0225786;0.988877;1;4;1
1020.53;997.06;6.29003;1.84407;0.00443357;-0.00454786;-0.000666401;0.00448275;-0.00459704;1.00476;0.00427922;-0.00224665;0.989809;0.0223015;0.982066;1;3;1
1043.53;997.06;6.32464;1.88466;0.00438171;-0.00209143;-0.00146118;0.00469626;-0.00240598;1.00455;0.00670867;0.00300388;0.996389;0.0234857;0.980713;1;3;1
1066.53;997.06;6.49108;1.76278;0.00669239;-0.0032961;-0.000480989;0.00671549;-0.00331921;1.00247;0.00247108;-0.0061081;0.999533;0.0248381;0.984763;1;3;1
1089.53;997.06;6.63147;1.89004;0.00622315;-0.00331923;0.00117229;0.00636505;-0.00346114;1.0047;-0.00137189;0.000711972;0.995946;0.0228286;0.987092;1;3;1
1112.53;997.06;6.77635;1.86312;0.00635248;-0.00320251;-0.00126018;0.00651588;-0.00336592;1.00435;0.00494341;0.00437555;0.994741;0.0212193;0.987023;1;3;1
1135.53;997.06;6.92269;1.81208;0.00556036;-0.00278471;-0.000599962;0.00560327;-0.00282763;1.00557;-0.00175865;-0.0051071;0.994805;0.0221976;0.988312;1;3;1
1158.53;997.06;7.03141;1.83583;0.00516614;-0.000964772;0.000157657;0.00517019;-0.000968823;1.00411;-0.00387886;0.00353008;0.999913;0.0241433;0.980053;1;3;1
1181.53;997.06;7.15972;1.82081;0.00594495;-0.00260717;-0.000491763;0.00597314;-0.00263536;1.00601;0.00456216;-0.00171124;1.00091;0.0230809;0.984067;1;3;1
1204.53;997.06;7.30407;1.84884;0.00747258;-0.00229493;-0.000829768;0.00754256;-0.00236492;1.01013;-0.00262042;0.00145483;0.997969;0.0212139;0.98824;1;3;1
1227.53;997.06;7.50219;1.80538;0.00580176;-0.00317565;-0.000533756;0.00583338;-0.00320727;1.00523;0.000649273;0.00247414;0.993452;0.024127;0.985874;1;3;1
1250.53;997.06;7.57016;1.81086;0.00481809;-0.00132287;-0.000905881;0.00494894;-0.00145371;1.00745;-0.00209895;-0.00183673;1.00086;0.0272486;0.978972;1;3;1
1273.53;997.06;7.72327;1.76535;0.00668095;-0.00222698;-0.00158073;0.00695313;-0.00249916;1.00599;-0.00263474;0.00430445;1.0027;0.0315251;0.990403;1;3;1
31.5305;974.06;0.478604;1.38199;0.0063302;-0.0052579;0.000936561;0.0064054;-0.00533311;1.00782;-0.00282051;-0.00350208;0.995717;0.0244488;0.985213;1;2;1
54.5305;974.06;0.623621;1.45653;0.00586136;-0.00422161;0.00147881;0.00607378;-0.00443403;1.0078;-0.00271973;0.000229314;0.993733;0.0342115;0.971918;1;3;1
77.5306;974.06;0.747383;1.45553;0.00606441;-0.00407315;0.000471164;0.00608626;-0.004095;1.00986;0.00169448;-0.000488199;0.999569;0.0257562;0.982414;1;3;1
100.531;974.06;0.901743;1.45173;0.00535716;-0.00378716;0.00133657;0.00554851;-0.00397851;0.999285;-0.00579351;0.000172244;0.998889;0.0273808;0.985959;1;3;1
123.531;974.06;0.993146;1.48507;0.00659531;-0.0035004;0.00101365;0.00669608;-0.00360117;1.00665;-0.00321672;-0.00105238;0.996692;0.0239972;0.985956;1;3;1
146.531;974.06;1.20411;1.49758;0.00680132;-0.00284922;-0.000104023;0.00680244;-0.00285035;1.00997;0.00474059;-0.00136419;0.996495;0.0194906;0.991759;1;3;1
169.531;974.06;1.30493;1.53092;0.00427799;-0.00343486;0.000412616;0.0043;-0.00345687;1.00512;0.00194059;-0.00272158;0.995654;0.0206717;0.990936;1;3;1
192.531;974.06;1.40046;1.54296;0.0038341;-0.00328718;0.000145972;0.00383709;-0.00329018;1.00288;-0.00748494;-0.00195651;0.999303;0.0233469;0.987202;1;4;1
215.531;974.06;1.48093;1.58624;0.00577508;-0.00190965;0.000997082;0.00590234;-0.00203692;1.00365;-0.00653538;-0.00209433;1.00354;0.0203549;0.988458;1;3;1
238.531;974.06;1.66528;1.62276;0.00619576;-0.00375708;0.0012799;0.00635771;-0.00391904;1.00627;0.000626499;0.00219575;0.997319;0.0246076;0.986851;1;3;1
261.531;974.06;1.76497;1.6737;0.00487476;-0.00310787;0.000285929;0.00488499;-0.00311809;1.00281;0.00396336;-0.00185797;0.996027;0.0240904;0.98918;1;3;1
284.531;974.06;1.88897;1.64056;0.00595324;-0.00379743;-0.000278986;0.00596122;-0.00380541;1.00608;-0.00297389;-0.00177157;1.00185;0.0202852;0.992339;1;3;1
307.531;974.06;2.03799;1.63364;0.00670904;-0.00290744;0.000817286;0.006778;-0.00297641;1.00532;0.000120366;-0.0019459;0.998636;0.0236009;0.984524;1;3;1
330.531;974.06;2.19654;1.67911;0.0062753;-0.00220941;0.000126387;0.00627719;-0.00221129;1.00378;0.00422424;0.00087943;0.996999;0.0196732;0.990093;1;3;1
353.531;974.06;2.32575;1.65317;0.00718042;-0.00344092;-0.00119433;0.00731306;-0.00357356;1.00942;0.0050853;-0.0017022;0.996122;0.0213726;0.989945;1;3;1
376.531;974.06;2.52566;1.68993;0.00497473;-0.0030443;0.00129534;0.00517878;-0.00324835;1.00345;-0.000737186;-0.00252797;0.997117;0.0235022;0.984404;1;4;1
399.531;974.06;2.55394;1.74185;0.00283763;-0.00240757;0.000989911;0.00301823;-0.00258817;0.999572;-0.00616201;-0.00280592;0.994931;0.0243146;0.981015;1;3;1
422.531;974.06;2.656;1.71281;0.00574585;-0.0030229;-0.000203506;0.00575057;-0.00302762;1.00521;0.00180748;0.000693963;0.998976;0.0214686;0.985605;1;3;1
445.531;974.06;2.81749;1.7608;0.00831069;-0.00361014;0.00120924;0.00843212;-0.00373157;1.00971;0.0039071;-0.00135563;0.997559;0.0203192;0.987422;1;3;1
468.531;974.06;3.03664;1.79732;0.0066398;-0.0034511;0.00061566;0.00667722;-0.00348853;1.0055;0.00244376;-0.00232414;0.996167;0.0218666;0.987669;1;3;1
491.531;974.06;3.12188;1.81519;0.00457632;-0.00329093;-0.000307326;0.00458831;-0.00330292;1.00245;0.00306743;0.00237953;0.993414;0.0214403;0.984681;1;3;1
514.531;974.06;3.24667;1.80104;0.00643816;-0.00525235;-0.000908087;0.00650828;-0.00532247;1.00919;0.00613996;0.00119007;0.996252;0.0207642;0.988365;1;3;1
537.531;974.06;3.41708;1.78116;0.00606178;-0.0040249;0.000963619;0.00615302;-0.00411613;1.0064;-0.0030574;-0.00318136;0.999848;0.0210597;0.991561;1;3;1
560.531;974.06;3.52464;1.85432;0.00530221;-0.00234536;-9.45026e-05;0.00530338;-0.00234653;1.00046;0.00422644;-0.000726138;1.00027;0.0189711;0.989575;1;4;1
583.531;974.06;3.6603;1.83984;0.0056146;-0.00292944;-0.000229762;0.00562077;-0.00293561;1.01204;0.000809397;0.00231354;1.00245;0.0188267;0.987282;1;3;1
606.531;974.06;3.78219;1.84328;0.00490919;-0.00312864;0.000102858;0.0049105;-0.00312996;1.0073;-0.000859191;-0.00216274;0.999056;0.0227598;0.982988;1;3;1
629.531;974.06;3.88557;1.83554;0.00498313;0.000121829;-0.000932471;0.00515586;-5.08964e-05;1.00162;0.00181655;0.0016441;0.997269;0.0212367;0.984106;1;3;1
652.531;974.06;4.01082;1.89178;0.00650977;-0.00377963;-0.000294033;0.00651816;-0.00378803;1.00542;0.00431113;0.000651204;0.993505;0.0216674;0.985075;1;3;1
675.531;974.06;4.18405;1.84594;0.00526778;-0.00459827;-0.00125694;0.00542539;-0.00475589;1.00523;-0.000361748;0.000599631;0.988888;0.0264883;0.976409;1;3;1
698.531;974.06;4.25243;1.80945;0.00455443;-0.00264831;-0.00154635;0.00487238;-0.00296626;1.00542;-0.00074904;0.0042103;0.99511;0.027456;0.979244;1;3;1
721.531;974.06;4.39307;1.82527;0.00640587;-0.00338387;0.000460209;0.00642746;-0.00340546;1.00908;-0.00165336;-0.0024757;0.993134;0.0288449;0.9732;1;3;1
744.531;974.06;4.54614;1.86234;0.00811968;-0.00451686;0.000403063;0.00813252;-0.0045297;1.00501;-0.00313169;-0.00201971;0.993606;0.0269292;0.978325;1;3;1
767.531;974.06;4.76504;1.87699;0.0076134;-0.00169297;-7.26119e-05;0.00761396;-0.00169353;1.0064;-0.00315622;0.00138356;0.995398;0.0269784;0.979735;1;3;1
790.531;974.06;4.89502;1.88421;0.0045854;-0.00195778;0.000127866;0.00458789;-0.00196027;1.01194;-0.00251909;-0.000376514;0.998987;0.0248797;0.982541;1;4;1
813.531;974.06;4.97549;1.88375;0.00479031;-0.00424192;0.000307063;0.00480074;-0.00425234;1.00479;0.000590983;0.00187934;1.00013;0.0210294;0.986781;1;3;1
836.531;974.06;5.11485;1.90706;0.00711552;-0.00383066;-0.000676983;0.00715723;-0.00387237;1.00405;-0.00388645;0.00287992;0.991543;0.0246133;0.983162;1;4;1
859.531;974.06;5.30164;1.86036;0.00672285;-0.00405009;-0.000225445;0.00672757;-0.0040548;1.00641;-0.000367435;0.000140419;0.997389;0.0243059;0.985514;1;3;1
882.531;974.06;5.42305;1.87156;0.00535573;-0.00368349;0.000847637;0.00543453;-0.00376229;1.00293;0.000586854;-0.0026511;0.998147;0.0198719;0.986913;1;3;1
905.531;974.06;5.54733;1.89795;0.00535724;-0.00298997;-0.000251854;0.00536483;-0.00299756;1.00788;-0.00249033;-0.000651722;0.999494;0.019978;0.988806;1;3;1
928.531;974.06;5.66882;1.8937;0.00641337;-0.00420509;0.000262298;0.00641984;-0.00421156;1.00357;-0.00428781;-0.000515776;0.995406;0.0264809;0.976925;1;3;1
951.531;974.06;5.84141;1.88525;0.00627861;-0.00310488;0.00053054;0.00630851;-0.00313478;1.00417;-0.00496398;0.000761078;0.992705;0.0219905;0.983209;1;3;1
974.531;974.06;5.95673;1.87344;0.00524951;-0.00336855;0.00103933;0.00537308;-0.00349212;1.00421;0.00521646;0.000996078;0.992204;0.0249692;0.977286;1;3;1
997.531;974.06;6.08218;1.96571;0.00650656;-0.00253165;0.00140512;0.00671997;-0.00274505;1.00274;-0.000267859;-0.00602619;1.00218;0.0207922;0.985352;1;4;1
1020.53;974.06;6.25498;1.96566;0.00669546;-0.00299116;0.00029463;0.00670442;-0.00300012;1.01374;0.000168342;0.00243261;1.00085;0.0211646;0.987506;1;4;1
1043.53;974.06;6.38915;1.95142;0.00545631;-0.00276752;-0.00133968;0.00566905;-0.00298025;0.998472;0.00159224;-0.000255237;0.99606;0.0266338;0.977536;1;3;1
1066.53;974.06;6.50527;1.92825;0.00552486;-0.00639861;2.27543e-05;0.0055249;-0.00639866;1.00539;-6.31125e-05;-0.0014727;0.992028;0.0265997;0.986316;1;3;1
1089.53;974.06;6.64259;1.94625;0.00572485;-0.00311742;0.000692676;0.00577879;-0.00317135;1.00892;0.0017523;-0.00306963;0.994809;0.0221972;0.981521;1;3;1
1112.53;974.06;6.76784;1.97612;0.00739935;-0.000863977;-0.000837625;0.0074834;-0.00094803;1.01024;-0.00227499;0.00628189;0.99615;0.0247917;0.975734;1;3;1
1135.53;974.06;6.9817;1.91374;0.00646017;-0.00198264;-0.00201369;0.00691585;-0.00243833;1.00414;0.0007999;0.00290938;1.00096;0.0257904;0.979534;1;3;1
1158.53;974.06;7.06397;1.8906;0.00428493;-0.002741;-0.00129459;0.00451588;-0.00297195;1.0065;0.00442225;-6.62393e-05;0.998562;0.0224424;0.987164;1;3;1
1181.53;974.06;7.17837;1.86863;0.005709;-0.002598;-0.000598262;0.00575186;-0.00264086;1.00454;-0.00158507;-0.00163247;0.995903;0.0235764;0.979805;1;3;1
1204.53;974.06;7.32584;1.88386;0.00589872;-0.00124409;-0.000767336;0.00598022;-0.0013256;1.00543;0.00473734;0.00309146;0.996072;0.0242102;0.983981;1;3;1
1227.53;974.06;7.44891;1.89273;0.0063521;-0.00334417;-0.000198641;0.00635617;-0.00334824;1.00813;-0.00208781;0.000195491;1.00081;0.0246847;0.983995;1;3;1
1250.53;974.06;7.61708;1.82533;0.00748359;-0.00214697;-0.000754688;0.00754237;-0.00220575;1.00075;0.000964306;0.00352839;0.994794;0.0229002;0.982845;1;3;1
1273.53;974.06;7.79182;1.82498;0.00762641;-0.0016178;-0.00126785;0.00779715;-0.00178853;1.01712;0.00990613;-0.00335199;0.997819;0.0304992;0.979374;1;3;1
31.5305;951.06;0.509985;1.4782;0.00140246;-0.00288654;-7.28507e-05;0.0014037;-0.00288778;1.0066;0.00368613;-0.00198417;0.997442;0.0260117;0.98952;1;3;1
54.5305;951.06;0.542162;1.52942;0.00461754;-0.00193993;0.0020807;0.00522203;-0.00254442;1.00746;-3.48873e-05;-0.000574167;0.995252;0.0268346;0.986126;1;4;1
77.5306;951.06;0.721887;1.51775;0.005893;-0.00450072;-0.000377798;0.00590671;-0.00451443;1.00088;0.000737268;-0.000403231;0.993535;0.0242257;0.982807;1;3;1
100.531;951.06;0.812446;1.5333;0.00520104;-0.00375293;0.00100997;0.00531354;-0.00386543;1.00728;0.000827417;-0.00377395;0.997175;0.0244808;0.98971;1;2;1
123.531;951.06;0.96045;1.59536;0.00803441;-0.00473819;-1.78891e-05;0.00803444;-0.00473822;1.00673;0.0022973;-0.00358114;0.993488;0.019838;0.990733;1;3;1
146.531;951.06;1.18052;1.5902;0.00618232;-0.00370398;0.000790199;0.00624508;-0.00376674;1.00913;-0.00344456;0.00442941;0.996352;0.0250538;0.989601;1;3;1
169.531;951.06;1.24396;1.59943;0.00520156;-0.00433776;0.00149074;0.00542909;-0.00456529;1.00643;-0.00441195;-0.00223112;0.997531;0.0247811;0.989512;1;4;1
192.531;951.06;1.41916;1.63117;0.00595733;-0.00320703;0.000256106;0.00596448;-0.00321418;1.00528;0.00590094;0.000333067;0.997027;0.0241697;0.990546;1;3;1
215.531;951.06;1.51718;1.62226;0.00510579;-0.00275916;0.0003933;0.00512541;-0.00277878;1.00224;0.0047353;-0.00348786;0.992075;0.0235245;0.992051;1;3;1
238.531;951.06;1.65339;1.68939;0.00484877;-0.00290227;0.000568444;0.00489024;-0.00294373;1.00192;-0.00484465;0.00337222;0.998338;0.0222489;0.989308;1;4;1
261.531;951.06;1.73963;1.69525;0.00557016;-0.00177203;-0.000605114;0.0056197;-0.00182156;1.00798;0.0026233;-0.00274533;1.00004;0.028511;0.984135;1;3;1
284.531;951.06;1.9089;1.71282;0.00568432;-0.00358011;-0.000332093;0.0056962;-0.003592;1.00076;0.0028279;0.0019734;0.99657;0.0213015;0.987523;1;3;1
307.531;951.06;2.00036;1.72795;0.00637026;-0.00500524;0.000309954;0.0063787;-0.00501368;1.00498;0.00202035;-0.000813651;0.993419;0.0230638;0.987384;1;3;1
330.531;951.06;2.201;1.73442;0.00768267;-0.00304924;0.000265114;0.00768921;-0.00305578;1.00703;-0.00176056;-0.00307192;0.999186;0.0200449;0.993273;1;3;1
353.531;951.06;2.3524;1.7611;0.00553498;-0.00507287;0.000687234;0.00557932;-0.0051172;1.00548;0.000178487;-0.000185032;0.994419;0.0200445;0.988953;1;3;1
376.531;951.06;2.45486;1.80283;0.00363718;-0.00396079;0.00131805;0.00385934;-0.00418294;1.00201;-0.00163496;0.000251742;0.995767;0.0218555;0.984362;1;3;1
399.531;951.06;2.51938;1.81633;0.00640694;-0.00172669;-0.000741884;0.00647406;-0.00179381;1.00612;0.00806054;-0.00239974;1.00038;0.0215593;0.984325;1;3;1
422.531;951.06;2.74864;1.78458;0.00621743;-0.00250368;-0.000904444;0.00631024;-0.00259649;1.0023;0.00705882;-0.000484619;0.99516;0.0204634;0.984909;1;3;1
445.531;951.06;2.80449;1.83491;0.00491846;-0.00231497;-0.000237895;0.00492628;-0.00232279;1.00931;-0.000922723;-0.00328981;0.997345;0.0218468;0.985053;1;3;1
468.531;951.06;2.97431;1.82721;0.00701435;-0.00226476;0.000398374;0.00703142;-0.00228183;1.00495;-0.0022258;-0.000119317;0.998064;0.0197255;0.991336;1;2;1
491.531;951.06;3.12603;1.82583;0.0063347;-0.00293417;0.000871157;0.00641587;-0.00301533;1.01133;-0.0021287;0.000201167;0.999329;0.022675;0.986709;1;3;1
514.531;951.06;3.26472;1.9087;0.00532926;-0.00347141;0.000517192;0.00535955;-0.0035017;1.00174;-0.00290626;-0.000582836;0.994252;0.0209209;0.987953;1;3;1
537.531;951.06;3.37051;1.85718;0.0066785;-0.00369629;0.000366289;0.00669142;-0.00370921;1.01193;-0.00244702;0.00172913;0.996675;0.0227141;0.987451;1;3;1
560.531;951.06;3.57091;1.88814;0.00650056;-0.00151276;0.000293261;0.00651128;-0.00152348;1.00294;-0.00488127;-0.00118315;0.997827;0.019266;0.989821;1;3;1
583.531;951.06;3.66857;1.87159;0.00380793;-0.00164777;0.000226997;0.00381736;-0.0016572;1.00509;-0.00265639;0.000906365;0.995427;0.0212096;0.986476;1;3;1
606.531;951.06;3.74574;1.87435;0.00582044;-0.00182414;-0.00106762;0.00596674;-0.00197044;1.00653;-0.00191414;0.000372656;0.995345;0.0216476;0.990555;1;3;1
629.531;951.06;3.93543;1.77413;0.00638246;-0.00111292;0.000479289;0.00641298;-0.00114344;1.0068;0.00519435;0.00108982;0.99696;0.0274396;0.973994;1;4;1
652.531;951.06;4.03835;1.93875;0.00490999;-0.00227365;0.00192941;0.0053954;-0.00275906;1.00801;0.000814748;-0.00291172;0.998362;0.0214865;0.984678;1;3;1
675.531;951.06;4.16037;1.95868;0.00586411;-0.00304945;-4.60764e-05;0.00586435;-0.00304968;1.00417;0.000552742;0.00261144;1.005;0.0264912;0.978579;1;3;1
698.531;951.06;4.30731;1.91618;0.00625232;-0.00429312;-0.00121312;0.00639007;-0.00443087;1.00803;0.00515678;0.00681337;1.00225;0.0237014;0.979579;1;3;1
721.531;951.06;4.44707;1.91839;0.00602747;-0.00424339;2.63627e-05;0.00602754;-0.00424346;1.00559;0.00621841;-0.00319173;0.995472;0.0224565;0.987996;1;3;1
744.531;951.06;4.5837;1.98229;0.00740695;-0.00369525;-0.00128273;0.00755323;-0.00384152;1.01103;0.0041941;-0.0036464;0.995641;0.0263526;0.977906;1;3;1
767.531;951.06;4.78653;1.90324;0.00538683;-0.00212476;-0.00130097;0.00560577;-0.0023437;0.999176;-0.00125148;0.00447497;0.998589;0.0228539;0.984305;1;3;1
790.531;951.06;4.83074;1.89473;0.00386052;-0.00227099;0.000151891;0.00386428;-0.00227475;1.00696;0.00923418;0.00144512;0.993;0.0238527;0.982921;1;4;1
813.531;951.06;4.96374;1.96183;0.006043;-0.00205299;0.00102283;0.00617022;-0.00218021;1.00808;0.00205213;0.000488944;0.999375;0.0265277;0.977491;1;3;1
836.531;951.06;5.1078;1.98635;0.0067779;-0.00202977;-0.000196281;0.00678227;-0.00203414;1.00119;0.00230794;-0.00363269;0.997742;0.0217476;0.984981;1;3;1
859.531;951.06;5.27446;1.93523;0.00728972;-0.00464681;-0.000346062;0.00729974;-0.00465684;1.00608;-0.00206064;0.00114159;0.99442;0.0242864;0.982482;1;3;1
882.531;951.06;5.44189;1.94634;0.00805081;-0.0032915;0.000717934;0.00809607;-0.00333676;1.0092;-0.00202219;-0.00406298;0.993848;0.0211516;0.9899;1;3;1
905.531;951.06;5.6433;1.98121;0.00576279;-0.00272544;0.000463474;0.00578802;-0.00275067;1.00377;0.00330257;0.00203526;0.996605;0.0239995;0.980724;1;3;1
928.531;951.06;5.70621;1.98256;0.00318368;-0.00212883;-0.000892423;0.00332959;-0.00227473;1.00332;0.00239303;-0.000392256;0.996659;0.02372;0.975431;1;3;1
951.531;951.06;5.7895;1.94491;0.00442125;-0.00442369;0.000485423;0.00444782;-0.00445025;1.0037;-0.00168443;-0.00102467;0.993638;0.0198942;0.989346;1;3;1
974.531;951.06;5.90914;1.99007;0.00642539;-0.00297335;-0.000348792;0.00643832;-0.00298628;1.00818;-0.00349858;0.003652;1.00245;0.0219701;0.982392;1;3;1
997.531;951.06;6.08413;1.9548;0.00741438;-0.0024221;-0.000494838;0.00743921;-0.00244693;1.00534;-0.000104434;-0.00360637;0.999247;0.023756;0.974287;1;4;1
1020.53;951.06;6.24894;1.98189;0.00711279;-0.00222787;-8.83216e-05;0.00711363;-0.00222871;1.00443;0.000527348;0.000535292;0.997939;0.0235941;0.98666;1;3;1
1043.53;951.06;6.41012;2.01222;0.00512189;-0.000677352;0.00062406;0.00518828;-0.000743747;1.00569;0.00270245;-0.00408165;1.00057;0.025472;0.988904;1;3;1
1066.53;951.06;6.48389;2.05806;0.00447597;-0.00132736;-0.000629652;0.0045435;-0.00139489;0.997475;0.00663983;-0.000699356;1.00229;0.0255369;0.98088;1;4;1
1089.53;951.06;6.61555;2.03367;0.00735239;-0.00123275;-0.0029561;0.00827179;-0.00215216;1.01142;0.00264161;0.00456573;1.00271;0.024977;0.977096;1;3;1
1112.53;951.06;6.8206;1.9029;0.00887805;-0.00158968;-0.00235175;0.00938213;-0.00209376;1.00698;0.00459527;0.00283971;1.00078;0.0253164;0.9853;1;3;1
1135.53;951.06;7.02196;1.90348;0.00620716;-0.00223326;0.00159815;0.00649963;-0.00252573;1.00964;0.00778642;0.00135062;0.997762;0.0243514;0.980412;1;3;1
1158.53;951.06;7.10521;1.96215;0.00404762;-0.00305435;-0.000923509;0.00416575;-0.00317247;1.00285;0.00322988;-0.00369937;0.994508;0.0212819;0.986362;1;3;1
1181.53;951.06;7.20777;1.94049;0.0063897;-0.00269653;-0.000939353;0.00648579;-0.00279262;1.00891;0.00517282;0.00642113;0.995669;0.0216531;0.986452;1;3;1
1204.53;951.06;7.39817;1.9062;0.00555058;-0.00179827;-0.000265655;0.00556017;-0.00180786;1.00542;-0.0035924;0.000356338;1.00239;0.0234308;0.982171;1;3;1
1227.53;951.06;7.46238;1.95949;0.00378554;-0.00208048;-3.11839e-05;0.0037857;-0.00208065;0.997515;-0.00418588;-0.0037713;0.989617;0.0286812;0.975627;1;3;1
1250.53;951.06;7.57198;1.90973;0.0082097;-0.00295692;-0.00155707;0.00842275;-0.00316998;1.00895;-0.00103164;0.00596335;0.997325;0.026082;0.990681;1;3;1
1273.53;951.06;7.83834;1.83997;0.0116525;-0.00160697;-0.00105516;0.0117359;-0.00169041;1.01482;-0.00366736;-0.00172803;1.00063;0.0287318;0.982261;1;3;1
31.5305;928.06;0.5873;1.51509;-0.0049839;-0.00344942;0.00053933;-0.00327883;-0.0051545;1.00117;0.0033396;0.00472421;0.99119;0.026593;0.98581;1;3;1
54.5305;928.06;0.472362;1.5461;0.00432921;-0.00180518;0.000957869;0.0044753;-0.00195127;1.00807;-0.00658953;-0.0043097;0.999667;0.0284108;0.984691;1;3;1
77.5306;928.06;0.785777;1.66304;0.00903898;-0.00324196;0.000796805;0.00909046;-0.00329344;1.00798;-0.00181288;0.000833688;0.997616;0.0230148;0.988119;1;3;1
100.531;928.06;0.886226;1.62469;0.00578164;-0.00328887;0.000160712;0.00578449;-0.00329172;1.00997;-0.00328497;-0.00128789;0.995546;0.0238693;0.986066;1;3;1
123.531;928.06;1.05095;1.70358;0.0054426;-0.00316538;-0.000710503;0.00550085;-0.00322363;1.00001;0.00205831;-0.00166256;0.998586;0.0231491;0.984581;1;3;1
146.531;928.06;1.13589;1.66833;0.00344355;-0.00188756;0.000518668;0.00349354;-0.00193755;1.00356;0.0056169;-0.00297835;0.998331;0.0220731;0.98893;1;3;1
169.531;928.06;1.20907;1.731;0.0057507;-0.00324457;0.000251074;0.0057577;-0.00325157;1.00888;0.00398497;0.00145091;0.997456;0.0258756;0.985211;1;4;1
192.531;928.06;1.39966;1.69072;0.00640332;-0.00332306;0.000335789;0.0064149;-0.00333464;1.01033;-0.00454184;0.00147457;0.993194;0.0243598;0.985603;1;4;1
215.531;928.06;1.50269;1.71335;0.00623765;-0.00483589;0.00142147;0.0064172;-0.00501545;1.00099;-0.00690859;-0.00378429;0.995518;0.023189;0.991319;1;3;1
238.531;928.06;1.68565;1.75646;0.00743904;-0.00290463;0.000598866;0.0074736;-0.00293919;1.01091;0.00294138;0.00221917;0.996594;0.0217012;0.991738;1;3;1
261.531;928.06;1.8436;1.75535;0.00580203;-0.00276172;0.000212423;0.0058073;-0.00276698;1.00293;-0.000257222;0.00172645;0.998192;0.0220105;0.988136;1;3;1
284.531;928.06;1.95175;1.80558;0.00408522;-0.00286916;0.000844109;0.00418621;-0.00297015;1.00096;0.00119475;-0.00545736;0.995763;0.0200807;0.987385;1;3;1
307.531;928.06;2.03101;1.86446;0.00552368;-0.00368614;0.00052061;0.00555302;-0.00371548;1.00334;-0.00333927;0.0020198;0.996732;0.0199039;0.990483;1;3;1
330.531;928.06;2.20514;1.81959;0.00653341;-0.00388632;0.000227543;0.00653837;-0.00389129;1.00887;0.00183519;-0.00198431;0.995618;0.0218946;0.986362;1;3;1
353.531;928.06;2.33056;1.88712;0.0055487;-0.00302824;0.0016678;0.0058616;-0.00334113;1.00655;-0.00308813;0.000261333;0.998708;0.0218488;0.985314;1;3;1
376.531;928.06;2.45965;1.87254;0.00595536;-0.00183503;-0.000573479;0.00599735;-0.00187702;1.00719;-0.00202957;-0.0026841;1.00019;0.0188644;0.993822;1;3;1
399.531;928.06;2.60365;1.82137;0.00648818;-0.00245341;-0.0017802;0.00682957;-0.0027948;1.00428;0.00512384;0.0017519;0.997524;0.0187751;0.991172;1;3;1
422.531;928.06;2.75712;1.82823;0.006061;-0.00392868;0.000975062;0.00615528;-0.00402296;1.002;-0.0040502;-0.00174607;0.998207;0.0228116;0.987333;1;3;1
445.531;928.06;2.8816;1.86746;0.00510415;-0.00262275;0.000660525;0.00516021;-0.00267881;1.00685;0.00290464;6.3589e-05;0.997658;0.0208506;0.987317;1;3;1
468.531;928.06;2.99126;1.90163;0.00526262;-0.00311163;0.000323854;0.00527512;-0.00312414;1.00635;0.00289794;0.000831326;0.999957;0.0213799;0.98829;1;3;1
491.531;928.06;3.12297;1.95036;0.00521342;-0.00228391;0.00051649;0.00524883;-0.00231933;0.998037;-0.00116757;-0.00254983;0.99501;0.0248189;0.985004;1;3;1
514.531;928.06;3.23041;1.961;0.00523723;-9.04136e-05;9.9246e-06;0.00523725;-9.0432e-05;1.01111;-0.00133386;-0.000139577;1.00258;0.0212325;0.987092;1;3;1
537.531;928.06;3.36325;1.95154;0.00614353;-0.00230471;-0.00073092;0.0062063;-0.00236749;1.00325;0.00125657;-0.000752119;0.995896;0.0203464;0.98941;1;3;1
560.531;928.06;3.51214;1.92397;0.0057236;-0.000740062;0.000362311;0.00574385;-0.000760307;1.00657;-0.00133146;-0.000746726;0.998998;0.0216658;0.984201;1;3;1
583.531;928.06;3.62578;1.91571;0.00590844;-0.00165829;0.000584045;0.00595325;-0.0017031;1.00693;-0.0033515;0.00331071;0.999877;0.0205281;0.987692;1;3;1
606.531;928.06;3.78313;1.92727;0.00610357;-0.00134085;-0.00117359;0.0062842;-0.00152148;1.00547;0.000173967;-0.00299139;1.00253;0.024835;0.980856;1;3;1
629.531;928.06;3.90568;1.88677;0.00510731;-0.00469592;0.00106073;0.00522077;-0.00480938;1.00746;-0.000239654;0.000418227;0.994821;0.026496;0.977548;1;4;1
652.531;928.06;4.01742;1.99649;0.0056749;-0.00236864;0.00109315;0.00582081;-0.00251455;1.00352;2.19831e-05;-0.00184701;0.994986;0.0226156;0.984384;1;3;1
675.531;928.06;4.16588;1.98644;0.00667573;-0.00134267;-0.000494983;0.00670617;-0.00137311;1.00401;5.33946e-05;0.00164927;0.992112;0.028522;0.978636;1;4;1
698.531;928.06;4.32348;2.00742;0.00632925;-0.00313932;-0.000203961;0.00633364;-0.00314371;1.01047;-0.00296058;0.000428691;0.989651;0.0289385;0.971226;1;3;1
721.531;928.06;4.4561;2.02093;0.00708644;-0.00208539;0.000603979;0.00712604;-0.00212499;1.00427;-0.0047879;-0.00293888;0.997887;0.0239514;0.979216;1;3;1
744.531;928.06;4.6483;2.03275;0.00744297;-0.00177095;-0.000358665;0.00745691;-0.00178489;1.00661;-0.0027915;0.00638284;0.99475;0.0217775;0.983538;1;3;1
767.531;928.06;4.79719;1.97485;0.00634726;-0.00328225;0.000294046;0.00635623;-0.00329122;1.00749;0.00453491;0.00074264;0.995904;0.0234228;0.983777;1;4;1
790.531;928.06;4.93933;1.98882;0.00382584;-0.00507984;0.00077542;0.00389285;-0.00514685;1.00433;-0.00748385;0.000672338;1.0001;0.0246481;0.976894;1;4;1
813.531;928.06;4.97284;1.97828;0.00363887;-0.00131981;-0.000139348;0.00364279;-0.00132373;1.00707;-0.00628187;-0.000804582;1.00022;0.0239141;0.978066;1;3;1
836.531;928.06;5.10642;2.00053;0.00700208;-0.00233496;0.00105233;0.00711921;-0.00245209;1.00567;-0.00103793;-0.00394393;1.00379;0.0249104;0.986245;1;3;1
859.531;928.06;5.29372;2.07461;0.00646806;-0.00527417;0.000269053;0.00647423;-0.00528033;1.00745;0.00026371;-0.00465513;0.999391;0.0226544;0.979487;1;3;1
882.531;928.06;5.40299;2.02323;0.00538755;-0.00393932;-0.000120916;0.00538912;-0.00394088;1.00249;-0.00880789;0.00393929;0.995822;0.0240566;0.978191;1;3;1
905.531;928.06;5.54085;2.02349;0.00679648;-0.00293036;0.000487646;0.00682087;-0.00295474;1.00381;-0.00388083;0.00350859;0.999346;0.0230408;0.984871;1;3;1
928.531;928.06;5.71456;1.99175;0.00574641;-0.00172797;0.00024406;0.00575437;-0.00173594;1.00993;-0.000914937;-0.0018908;1.00101;0.0201536;0.987576;1;3;1
951.531;928.06;5.80438;2.08921;0.00618992;-0.00503551;-0.00124045;0.00632536;-0.00517095;1.00578;0.00233319;0.000297372;0.998434;0.0227056;0.984411;1;4;1
974.531;928.06;5.99842;2.01043;0.00686889;-0.00275333;-0.00182073;0.00720188;-0.00308633;1.00012;0.00634885;-0.00101337;0.996816;0.0251846;0.977613;1;3;1
997.531;928.06;6.11927;2.07728;0.00701471;-0.00298759;-0.000178002;0.00701787;-0.00299076;1.0096;0.00240205;-0.00417203;0.993895;0.0268694;0.983813;1;4;1
1020.53;928.06;6.31993;2.0683;0.00629339;-0.00339731;-0.00123085;0.00644728;-0.0035512;1.00383;0.00220199;0.00394296;0.995024;0.0209653;0.987761;1;3;1
1043.53;928.06;6.40777;1.98259;0.00576449;-0.00188253;-0.000777024;0.00584265;-0.00196068;1.0084;-0.00120395;0.00220887;0.995139;0.0218829;0.984049;1;3;1
1066.53;928.06;6.58427;1.98942;0.00765891;-4.83435e-06;-0.0013479;0.00788907;-0.00023499;1.00679;0.00224052;-0.00306451;0.995426;0.0204229;0.986917;1;3;1
1089.53;928.06;6.75873;2.00314;0.00586979;-0.000222972;0.000170051;0.00587453;-0.000227714;1.00592;0.00053784;-0.00257709;1.00037;0.0257698;0.981924;1;3;1
1112.53;928.06;6.85346;2.04938;0.00295207;-0.0042007;0.000288206;0.00296366;-0.00421229;1.00274;-0.0109785;0.00217725;1.00103;0.0209579;0.989162;1;3;1
1135.53;928.06;6.89433;2.01667;0.00724121;-0.00461357;0.000732953;0.00728636;-0.00465871;1.0072;-0.0160173;-0.000468336;0.992738;0.020627;0.987003;1;3;1
1158.53;928.06;7.18535;2.03148;0.00685985;-0.00427405;0.000312742;0.00686863;-0.00428283;1.00383;-0.00201707;-0.002785;0.993952;0.0214375;0.988841;1;4;1
1181.53;928.06;7.2088;1.99285;0.00400142;-0.00423692;-0.00108125;0.00414096;-0.00437646;1.00424;-0.00148727;0.00447185;0.995715;0.0237901;0.9853;1;3;1
1204.53;928.06;7.369;1.96667;0.0053724;-0.00414684;0.000680514;0.0054208;-0.00419524;1.00586;-0.00199341;-0.000550831;0.989336;0.0234425;0.989735;1;2;1
1227.53;928.06;7.45527;1.98853;0.00592992;-0.00214528;-0.000451483;0.00595509;-0.00217044;1.00692;0.00489479;0.00511304;1.00084;0.0279895;0.963726;1;3;1
1250.53;928.06;7.64098;1.96156;0.00643184;-0.00230143;-0.00181924;0.00679565;-0.00266524;1.00948;0.00190792;-0.00148154;1.00109;0.0203504;0.989975;1;3;1
1273.53;928.06;7.7501;1.89898;0.00475959;-0.00283622;-0.000465358;0.00478799;-0.00286462;0.997982;-0.00370164;0.00679978;0.995329;0.0242056;0.990947;1;3;1
31.5305;905.06;0.52224;1.63715;0.00345117;-0.00301635;0.000652006;0.00351624;-0.00308142;1.00191;-0.00915496;0.00270256;0.998942;0.0221894;0.989217;1;3;1
54.5305;905.06;0.601467;1.61258;0.00445848;-0.00319481;-0.00129567;0.00467188;-0.00340821;1.00053;0.00629038;0.000440437;0.997924;0.0215963;0.988917;1;3;1
77.5306;905.06;0.726865;1.66712;0.00515464;0.000719922;0.00108599;0.0054063;0.000468261;1.00758;0.00328214;-0.00197457;0.998468;0.0231827;0.987574;1;3;1
100.531;905.06;0.837916;1.68485;0.00746075;-0.00288542;0.000946894;0.0075467;-0.00297137;1.0104;0.00184895;-0.0034361;0.995138;0.0201559;0.988597;1;3;1
123.531;905.06;1.06873;1.74133;0.00703161;-0.00181713;0.000511806;0.00706112;-0.00184664;1.00026;-0.000188482;0.0026161;0.993924;0.0233418;0.986808;1;3;1
146.531;905.06;1.16024;1.67711;0.00379978;-0.00345752;0.000224715;0.00380674;-0.00346447;1.00878;-0.000942369;-0.00663312;0.995731;0.0221277;0.990416;1;3;1
169.531;905.06;1.24319;1.74893;0.00459446;-0.00281533;0.000243902;0.00460248;-0.00282335;0.99911;-6.34983e-05;0.00650591;0.995747;0.0234534;0.988793;1;3;1
192.531;905.06;1.37098;1.78431;0.00455702;-0.00232194;0.0010294;0.00470776;-0.00247268;1.00707;0.00542559;-0.00533485;0.995867;0.0218084;0.988236;1;3;1
215.531;905.06;1.45223;1.8453;0.00587175;-0.00279597;0.00100486;0.00598672;-0.00291094;1.0057;0.00738518;0.00290713;1.00094;0.0213524;0.989889;1;4;1
238.531;905.06;1.64027;1.8232;0.00690798;-0.00250767;0.000327939;0.00691939;-0.00251907;1.00226;-0.0055877;0.00216108;0.997449;0.0232783;0.989992;1;3;1
261.531;905.06;1.76891;1.82247;0.0065352;-0.00261902;0.000591636;0.00657328;-0.0026571;1.00689;-0.00668527;-0.00258897;0.997325;0.021739;0.988764;1;3;1
284.531;905.06;1.93991;1.845;0.00430828;-0.00263989;0.0014195;0.0045871;-0.0029187;1.00175;-0.00375598;0.000818045;0.997971;0.0194391;0.989411;1;4;1
307.531;905.06;1.9666;1.89784;0.00572861;-0.00103316;0.000535169;0.0057707;-0.00107526;1.00689;-0.000200476;-0.00193402;1.00389;0.0222162;0.98713;1;3;1
330.531;905.06;2.20263;1.91354;0.00623026;-0.00308146;0.000378379;0.00624561;-0.00309681;1.00219;-0.000278423;-0.00112372;0.996945;0.0197091;0.987836;1;3;1
353.531;905.06;2.25231;1.90072;0.00521888;-0.00188514;-0.000248099;0.00522753;-0.0018938;1.004;0.00412082;0.00217191;0.998051;0.0205381;0.988433;1;3;1
376.531;905.06;2.44206;1.88732;0.00842419;-0.00198577;0.000638262;0.00846318;-0.00202476;1.0107;-0.00383625;-0.000622499;1.00042;0.0233284;0.985786;1;3;1
399.531;905.06;2.63819;1.92948;0.00573605;-0.00325035;0.00124758;0.00590604;-0.00342034;1.0045;-0.00114253;-0.000227364;0.995668;0.0188257;0.991663;1;3;1
422.531;905.06;2.7051;1.96568;0.00389205;-0.00323806;0.000743047;0.00396866;-0.00331467;1.00293;-0.000291979;-0.00232348;0.999906;0.0229037;0.98881;1;3;1
445.531;905.06;2.81687;1.95571;0.00701955;-0.00325899;0.000449452;0.00703917;-0.0032786;1.0094;-0.000488976;0.0052269;0.998617;0.0227545;0.987193;1;3;1
468.531;905.06;3.02688;1.9706;0.00699862;-0.0024146;4.44117e-05;0.00699883;-0.00241481;1.00863;-0.00195181;-0.00204425;0.995465;0.0196637;0.990417;1;3;1
491.531;905.06;3.13768;1.93102;0.00519048;-0.0015446;-0.000549283;0.00523498;-0.0015891;1.00283;0.00159069;0.00470689;0.999062;0.02075;0.990212;1;3;1
514.531;905.06;3.26499;1.91285;0.00573264;-0.00174917;9.38713e-05;0.00573382;-0.00175035;1.00351;0.00218158;-0.00621996;0.996865;0.0211395;0.987947;1;3;1
537.531;905.06;3.40062;1.96333;0.00516932;-0.00270764;0.000479041;0.00519834;-0.00273666;1.00719;-2.78942e-05;0.000176755;0.994613;0.0203057;0.987233;1;3;1
560.531;905.06;3.50216;1.92225;0.00474633;-0.002054;0.000120073;0.00474845;-0.00205611;1.00636;-0.00493237;0.00122244;0.993166;0.0214868;0.98661;1;3;1
583.531;905.06;3.61843;1.94796;0.00702807;-0.00285566;0.000552093;0.00705882;-0.0028864;1.00645;0.000620982;0.00201937;0.997087;0.0208944;0.989464;1;3;1
606.531;905.06;3.82432;1.93614;0.0062907;-0.00256079;-0.000253628;0.00629796;-0.00256806;1.0015;0.00468412;-0.00440629;0.995427;0.0244187;0.977038;1;4;1
629.531;905.06;3.90688;1.99066;0.00464185;-0.00439542;0.00110738;0.00477556;-0.00452913;1.00876;-0.00327535;-0.00328156;0.998258;0.022081;0.986502;1;4;1
652.531;905.06;4.03722;2.04784;0.00675265;-0.00117139;6.28366e-05;0.00675315;-0.00117189;1.00619;-0.000384614;0.000149045;1.00263;0.0214087;0.987953;1;3;1
675.531;905.06;4.21645;2.02052;0.00704435;-0.00240863;-0.000228632;0.00704988;-0.00241415;1.00773;0.00108984;0.00163939;0.999198;0.0221192;0.986014;1;4;1
698.531;905.06;4.36013;2.06084;0.00436914;-0.00225783;-0.000156685;0.00437284;-0.00226154;1.0009;-0.00226455;0.00266569;0.997913;0.0262158;0.977451;1;3;1
721.531;905.06;4.417;2.01443;0.00459016;-0.000306591;-0.00059138;0.00466057;-0.000377;1.00594;-0.00120681;-0.00410106;0.998895;0.0249946;0.978829;1;3;1
744.531;905.06;4.57079;2.06383;0.00652461;-0.00201231;0.00115374;0.00667779;-0.00216548;1.0038;-0.000400055;0.000244639;0.999516;0.0237241;0.985059;1;3;1
767.531;905.06;4.71614;2.05453;0.00418994;-0.00453039;0.000902304;0.00428232;-0.00462277;1.01118;0.00485043;-0.00415143;0.995553;0.0287868;0.978957;1;3;1
790.531;905.06;4.76308;2.12905;0.00593142;-0.00404656;0.000969992;0.00602484;-0.00413998;1.00614;-0.000851582;0.00637263;0.992494;0.0255749;0.980272;1;4;1
813.531;905.06;4.98817;2.02259;0.00750675;-0.00299071;-0.000464643;0.00752728;-0.00301124;1.00456;0.00598271;-0.00423537;0.98972;0.0260578;0.973318;1;4;1
836.531;905.06;5.10709;2.09388;0.00620169;-0.00357955;0.00115333;0.00633584;-0.0037137;1.00475;0.00577861;-0.00560532;0.993593;0.032008;0.960351;1;3;1
859.531;905.06;5.2723;2.17849;0.00643865;-0.00231302;-7.73055e-05;0.00643933;-0.0023137;1.00689;-0.00337042;-0.00238784;0.996661;0.0289678;0.96622;1;3;1
882.531;905.06;5.40231;2.12793;0.00644024;-0.00240042;-0.00131477;0.00663163;-0.00259181;1.01076;0.00425727;0.00230397;1.00089;0.0231768;0.984781;1;3;1
905.531;905.06;5.56756;2.11627;0.00756875;-0.00426605;-0.000915683;0.00763918;-0.00433648;1.00147;-0.00176508;-6.25279e-05;0.995059;0.0228727;0.981933;1;3;1
928.531;905.06;5.74912;2.06214;0.00772254;-0.00415177;0.000480839;0.00774198;-0.00417121;1.01319;0.00026544;-0.00152332;0.994714;0.0247201;0.978838;1;3;1
951.531;905.06;5.9214;2.17732;0.00686265;-0.00116478;-0.000538245;0.00689858;-0.0012007;1.00613;-0.000553658;-0.00161318;1.00141;0.0225573;0.986402;1;3;1
974.531;905.06;6.06369;2.11716;0.00515141;-0.00441124;-0.00062371;0.00519192;-0.00445175;1.00713;-0.00481681;0.00126291;0.995579;0.0215107;0.98833;1;3;1
997.531;905.06;6.15768;2.09249;0.00444482;-0.00162448;-0.000183495;0.00445036;-0.00163002;0.9988;-0.00011583;0.00072098;1.00207;0.0225798;0.98723;1;3;1
1020.53;905.06;6.26769;2.13843;0.00534546;-0.00241102;0.000507718;0.00537855;-0.00244411;1.01309;-0.00112313;0.00362242;1.00216;0.0230111;0.981966;1;3;1
1043.53;905.06;6.40292;2.0989;0.00785057;-0.00476958;-0.00074793;0.00789474;-0.00481375;1.00376;0.00310382;-0.00211519;1.00021;0.0258174;0.980238;1;4;1
1066.53;905.06;6.62735;2.05851;0.00559648;-0.00384572;-0.0008636;0.00567482;-0.00392406;1.01096;0.000723563;0.00293823;1.00074;0.0246053;0.980837;1;3;1
1089.53;905.06;6.65961;2.04395;0.00392662;-0.00372282;0.000671805;0.00398517;-0.00378138;1.00061;-0.00237863;-7.64998e-05;0.991586;0.0196425;0.989145;1;3;1
1112.53;905.06;6.8076;2.09654;0.00605674;-0.00256542;0.00113919;0.00620471;-0.0027134;1.00819;0.0050388;-0.00386752;0.99791;0.0198294;0.985064;1;3;1
1135.53;905.06;6.93732;2.11627;0.00535176;-0.00340761;0.000437177;0.00537353;-0.00342937;1.00413;0.00384005;0.00144191;0.999846;0.0202918;0.988924;1;2;1
1158.53;905.06;7.05308;2.1592;0.00665802;-0.00379556;0.00191124;0.0069965;-0.00413403;1.01417;-0.000954076;0.00275551;1.00013;0.0243225;0.981992;1;3;1
1181.53;905.06;7.24257;2.13582;0.00607434;-0.00400164;-0.000929815;0.00615943;-0.00408673;1.00355;0.00201626;0.00189537;0.993669;0.021402;0.985326;1;3;1
1204.53;905.06;7.33162;2.0974;0.00558279;-0.00408968;-0.000565783;0.00561577;-0.00412267;1.00427;0.00246627;0.000580306;0.998421;0.0225687;0.982441;1;3;1
1227.53;905.06;7.4986;2.05829;0.00693609;-0.00344962;-0.00143063;0.00712955;-0.00364308;1.00921;0.00043964;0.00341596;0.99227;0.024058;0.985825;1;3;1
1250.53;905.06;7.64951;2.01578;0.0056292;-0.00353836;-0.00135565;0.00582546;-0.00373463;1.00228;-0.00203218;-0.00105869;0.99555;0.023229;0.989855;1;3;1
1273.53;905.06;7.75674;1.9707;0.00467497;-0.00439314;-0.000717996;0.00473147;-0.00444964;1.00329;-0.00242705;0.00574202;0.998776;0.0289209;0.989496;1;3;1
31.5305;882.06;0.478683;1.65418;0.00619851;-0.00275344;0.00138813;0.00640882;-0.00296375;1.00516;-0.00151062;-0.00168782;0.996989;0.0215685;0.988804;1;3;1
54.5305;882.06;0.620776;1.69354;0.00609794;-0.00413862;5.90936e-06;0.00609794;-0.00413862;1.007;-0.00201711;0.00360294;0.995223;0.0251301;0.980497;1;3;1
77.5306;882.06;0.758332;1.62995;0.0055035;-0.00191663;0.000863026;0.00560256;-0.00201569;1.00784;-0.00493713;-0.00193343;0.999054;0.0267419;0.985562;1;3;1
100.531;882.06;0.8732;1.75761;0.00519726;-0.00340826;0.00117225;0.00535409;-0.00356509;1.00703;0.00217735;-0.0051666;0.997783;0.0238503;0.985733;1;3;1
123.531;882.06;0.99652;1.78727;0.00544268;-0.00238597;0.00150119;0.00572067;-0.00266396;0.995224;-0.00407002;-6.19634e-05;1.0006;0.0210973;0.989508;1;3;1
146.531;882.06;1.12283;1.82765;0.0064705;-0.00557558;0.000820667;0.00652616;-0.00563123;1.01057;-0.00289408;-0.00390782;0.999257;0.0204538;0.989117;1;3;1
169.531;882.06;1.29315;1.86076;0.00606775;-0.00344632;-0.000688657;0.00611734;-0.00349591;1.00715;0.00337172;0.00201019;0.999163;0.0205059;0.991968;1;3;1
192.531;882.06;1.4011;1.79765;0.00340102;-0.00198854;-0.000458366;0.00343973;-0.00202725;1.00102;-0.002268;-0.00290171;1.00269;0.0258769;0.978074;1;3;1
215.531;882.06;1.44933;1.84217;0.00505691;-0.00158092;0.000394065;0.00508022;-0.00160423;1.00165;-0.00263015;-0.0032592;0.995543;0.0295383;0.978853;1;3;1
238.531;882.06;1.63307;1.87199;0.00789654;-0.00351932;0.000165702;0.00789894;-0.00352172;1.00845;0.000680182;0.000487332;0.996715;0.022699;0.987786;1;3;1
261.531;882.06;1.81113;1.876;0.00574514;-0.00345071;-0.000450188;0.00576713;-0.0034727;0.999063;0.00752844;-0.000776203;0.995814;0.0259208;0.980804;1;3;1
284.531;882.06;1.89656;1.92721;0.00520935;-0.00270964;0.000352331;0.00522499;-0.00272528;1.01053;0.00726165;-0.00015901;0.99767;0.0188958;0.990222;1;3;1
307.531;882.06;2.05013;1.91201;0.00603676;-0.00187301;-0.000459556;0.00606337;-0.00189962;1.01003;0.00566003;0.00113893;0.993205;0.0226945;0.989389;1;3;1
330.531;882.06;2.1734;1.96157;0.00604325;-0.00326779;0.00143567;0.00625959;-0.00348413;1.00069;-0.00397949;-2.55668e-05;0.996944;0.0202918;0.989332;1;3;1
353.531;882.06;2.32724;1.97392;0.00559092;-0.00230268;-0.000390591;0.0056102;-0.00232196;1.01319;-0.00134162;-0.00419157;0.996927;0.0193519;0.992308;1;3;1
376.531;882.06;2.42987;1.96398;0.00522974;-0.00209498;-4.79099e-05;0.00523005;-0.00209529;1.0049;0.00551171;0.00420679;0.995728;0.0216349;0.986811;1;3;1
399.531;882.06;2.56718;1.97114;0.00621934;-0.001639;0.00147397;0.00648672;-0.00190637;1.00438;-0.00609166;-0.0027738;1.00217;0.0217114;0.986373;1;3;1
422.531;882.06;2.71508;1.97744;0.00606726;-0.00345382;0.000597649;0.00610463;-0.00349119;1.00732;-0.000874939;-0.00168865;0.994498;0.0239636;0.980507;1;3;1
445.531;882.06;2.84541;2.01763;0.00539858;-0.00249662;2.92475e-05;0.00539868;-0.00249673;1.00826;0.000653966;0.00148889;0.996882;0.0215901;0.990719;1;3;1
468.531;882.06;2.96273;2.01285;0.00589707;-0.00200846;0.000879075;0.00599364;-0.00210504;1.00417;-0.00165845;-0.00171509;0.99795;0.0210479;0.99013;1;3;1
491.531;882.06;3.11588;2.02146;0.00634996;-0.00357017;0.000569727;0.00638257;-0.00360279;1.00641;-0.00370603;-0.000471296;0.997146;0.0206053;0.987303;1;3;1
514.531;882.06;3.2539;2.04154;0.00463846;-0.0046602;0.00123868;0.00480063;-0.00482238;1.00073;-0.00307746;-0.0049032;0.995317;0.0205629;0.986395;1;3;1
537.531;882.06;3.32872;2.07627;0.00505603;-0.00329595;0.000493702;0.00508511;-0.00332503;1.00795;0.00268844;0.00365972;0.999934;0.0219178;0.984997;1;3;1
560.531;882.06;3.48588;2.01855;0.00567636;-0.00338842;0.000251668;0.00568334;-0.0033954;1.00553;0.00322118;0.00320936;0.998872;0.023749;0.985893;1;2;1
583.531;882.06;3.58909;2.04727;0.00791728;-0.00291834;4.8223e-05;0.0079175;-0.00291856;1.00456;-0.00276603;0.000214873;0.996092;0.0253359;0.978929;1;3;1
606.531;882.06;3.84864;2.04527;0.00710988;-0.00449393;0.00116559;0.0072258;-0.00460985;1.00463;-0.00296308;-0.0013621;0.996093;0.0253835;0.981442;1;4;1
629.531;882.06;3.91497;2.08941;0.00419693;-0.00266093;-4.12505e-05;0.00419717;-0.00266117;1.00409;0.000370356;-0.000712739;0.998544;0.0216004;0.989313;1;3;1
652.531;882.06;4.0413;2.05041;0.00620775;-0.00212465;0.00039628;0.00622656;-0.00214346;1.00577;-0.00516266;0.00119143;0.995116;0.0225879;0.987486;1;4;1
675.531;882.06;4.19965;2.09738;0.00633569;-0.00324582;0.00123676;0.00649275;-0.00340288;1.00298;-0.00283164;-0.00653615;0.997684;0.0249721;0.982576;1;3;1
698.531;882.06;4.33178;2.11139;0.00684109;-0.00330042;-0.000848319;0.00691156;-0.0033709;1.00775;0.00130491;0.00686848;1.00077;0.0240638;0.979952;1;4;1
721.531;882.06;4.51323;2.03507;0.00546763;-0.00393589;-0.000796257;0.00553458;-0.00400284;1.00524;0.00755124;-0.00332686;0.996147;0.0301163;0.96772;1;3;1
744.531;882.06;4.5826;2.12546;0.00580345;-0.00387791;0.00134977;0.00598811;-0.00406257;1.00815;0.0034703;-3.41427e-05;0.995208;0.0282634;0.969431;1;4;1
767.531;882.06;4.77918;2.18372;0.00515275;-0.00373872;0.000234728;0.00515895;-0.00374491;1.00689;-0.00410395;-0.000628483;0.995752;0.0263299;0.970314;1;4;1
790.531;882.06;4.819;2.17549;0.00438668;-0.00283305;-0.00170746;0.00477013;-0.00321649;0.997421;0.00443171;0.000630979;0.997816;0.030262;0.973686;1;4;1
813.531;882.06;4.98047;2.11606;0.00733874;-0.00248189;0.000134951;0.0073406;-0.00248374;1.01187;-0.00436945;0.00013224;1.00016;0.0266992;0.978386;1;4;1
836.531;882.06;5.15535;2.16551;0.0077275;-0.00286227;9.31245e-05;0.00772832;-0.00286309;1.0063;-0.00178152;0.00117449;0.994777;0.0246626;0.979072;1;3;1
859.531;882.06;5.33453;2.18115;0.0066778;-0.00285122;-0.00124571;0.00683795;-0.00301138;1.00662;0.00546281;-0.000968953;0.994028;0.0295098;0.95345;1;3;1
882.531;882.06;5.4615;2.13382;0.00490177;-0.00214635;0.00043744;0.00492882;-0.0021734;1.0088;0.0033513;0.00413255;1;0.025385;0.971784;1;3;1
905.531;882.06;5.55944;2.22015;0.00587638;-0.0041103;-0.000125196;0.00587794;-0.00411186;1.00504;0.00566117;-0.00510462;1.00081;0.0242645;0.977748;1;3;1
928.531;882.06;5.73099;2.18313;0.00761063;-0.00308593;-0.0010821;0.007719;-0.0031943;1.00878;0.00395177;0.00481973;0.998719;0.0276003;0.971515;1;3;1
951.531;882.06;5.90815;2.14294;0.00524194;-0.00161397;0.00134966;0.00549807;-0.0018701;1.00123;0.00491759;-0.00266164;0.995316;0.0253672;0.974642;1;3;1
974.531;882.06;5.97149;2.21381;0.0054295;-0.00299375;0.00113474;0.00557969;-0.00314393;1.00606;0.0024964;0.000756356;0.993324;0.0269108;0.978209;1;3;1
997.531;882.06;6.15723;2.15208;0.00672577;-0.0033312;0.000256255;0.0067323;-0.00333772;1.00806;-0.00187048;-0.00157619;0.992058;0.0218179;0.986978;1;3;1
1020.53;882.06;6.27982;2.17936;0.00522922;-0.00291971;0.000742544;0.00529633;-0.00298682;1.00322;-0.00229317;-4.41615e-05;0.995052;0.0257003;0.976255;1;3;1
1043.53;882.06;6.39712;2.20252;0.00717842;-0.00321635;-0.00105832;0.00728507;-0.003323;1.01177;-0.00499967;0.00070328;0.988064;0.0233444;0.979527;1;3;1
1066.53;882.06;6.60885;2.16667;0.00737042;-0.0031696;0.000577312;0.00740194;-0.00320112;1.00516;-0.00182493;0.00167144;0.995627;0.0211823;0.987973;1;3;1
1089.53;882.06;6.73491;2.17471;0.00462209;-0.00376807;-0.000406736;0.00464177;-0.00378774;1.00852;0.000440484;0.0025493;0.996842;0.0249764;0.979927;1;3;1
1112.53;882.06;6.82098;2.16756;0.00395403;-0.00276616;-0.000342691;0.00397146;-0.00278359;1.00113;-0.00455374;-0.00181256;0.996912;0.0205188;0.989485;1;3;1
1135.53;882.06;6.91644;2.17369;0.00455507;-0.000984844;0.000985678;0.00472522;-0.00115499;1.00779;-0.00186794;0.000296387;0.995846;0.0214345;0.990432;1;3;1
1158.53;882.06;7.03002;2.20667;0.00689765;-0.000782259;0.0004136;0.00691986;-0.000804469;1.00736;-0.00155849;-0.00250369;1.00082;0.0198003;0.98653;1;3;1
1181.53;882.06;7.23264;2.1773;0.00684917;-0.00101435;-0.000275668;0.00685882;-0.001024;1.00527;0.00150986;0.00729916;1.00424;0.0222843;0.980972;1;3;1
1204.53;882.06;7.34398;2.15519;0.00594299;-0.00129054;-0.00102324;0.00608495;-0.0014325;1.0092;0.000198998;-0.000451657;0.998732;0.0209451;0.984804;1;3;1
1227.53;882.06;7.5052;2.14752;0.0072923;-0.00269193;-0.0011159;0.0074155;-0.00281513;1.00199;0.00190505;-0.0045112;1.00183;0.0247276;0.982581;1;3;1
1250.53;882.06;7.6782;2.12463;0.00482293;-0.00389439;-0.000187804;0.00482698;-0.00389843;1.00738;0.000635761;0.0044009;0.996448;0.0234934;0.98091;1;3;1
1273.53;882.06;7.7265;2.10152;0.00210264;-0.00535998;-0.000386;0.00212255;-0.00537989;0.995238;0.00231669;-0.00191346;0.997686;0.0234443;0.989029;1;3;1
31.5305;859.06;0.473335;1.76401;0.00451608;-0.00381205;6.25414e-07;0.00451608;-0.00381205;1.00867;0.00110943;-0.00606073;0.991314;0.0262817;0.988966;1;3;1
54.5305;859.06;0.576938;1.80335;0.0051909;-0.00378339;-0.000235461;0.00519707;-0.00378956;1.00599;-4.4247e-05;-9.97642e-05;0.993192;0.0280979;0.980206;1;3;1
77.5306;859.06;0.711499;1.75538;0.00675496;-0.00473465;-0.000847613;0.00681716;-0.00479685;1.01021;0.00522608;0.000779901;0.993637;0.0238975;0.984415;1;3;1
100.531;859.06;0.886608;1.84192;0.00631242;-0.00279767;0.00125677;0.00648261;-0.00296787;1.00627;-0.00514459;-0.000661801;0.99576;0.0225009;0.987937;1;3;1
123.531;859.06;1.00086;1.85127;0.00591554;-0.00429297;-3.93953e-06;0.00591554;-0.00429297;1.00328;0.00516193;-0.00266415;0.994845;0.0242225;0.985945;1;3;1
146.531;859.06;1.15783;1.93431;0.00600976;-0.00300001;0.00102162;0.00612415;-0.0031144;1.00675;0.00264533;-0.00384345;0.992221;0.0261067;0.978893;1;3;1
169.531;859.06;1.27645;1.90774;0.00515934;-0.00157376;0.000216661;0.0051663;-0.00158072;1.00879;-0.00240871;0.0046568;0.998319;0.0237936;0.987925;1;4;1
192.531;859.06;1.39451;1.87588;0.00465341;-0.00382332;0.00160722;0.00494792;-0.00411782;1.00004;-0.00721252;-0.00180109;0.995139;0.0237686;0.987059;1;3;1
215.531;859.06;1.49001;1.9181;0.00576009;-0.00397473;0.00101552;0.0058649;-0.00407954;1.01045;-0.00564723;-0.0027787;0.998071;0.0228679;0.988066;1;3;1
238.531;859.06;1.65859;1.98537;0.00818195;-0.00440356;1.5649e-05;0.00818197;-0.00440358;1.00445;0.00105759;-0.00214799;0.995803;0.0209907;0.9885;1;3;1
261.531;859.06;1.86481;1.98158;0.00621075;-0.00335992;0.000437714;0.00623073;-0.0033799;1.00885;0.00154947;-0.000776682;0.993348;0.0217667;0.986912;1;3;1
284.531;859.06;1.9434;1.96982;0.00387492;-0.00187548;-0.000621315;0.00394129;-0.00194185;1.00272;-0.00562701;0.000361816;0.996245;0.0232644;0.983352;1;3;1
307.531;859.06;2.04271;1.98414;0.00412506;-0.00322774;0.000906573;0.00423519;-0.00333786;1.00421;-0.00377077;-0.00215245;1.00078;0.0257025;0.98481;1;3;1
330.531;859.06;2.13267;2.06416;0.00540002;-0.00270274;0.000487773;0.00542927;-0.002732;1.00559;0.00512196;0.000524237;0.995806;0.0217993;0.99033;1;3;1
353.531;859.06;2.29044;2.00678;0.00678586;-0.00195068;-0.000298605;0.00679605;-0.00196088;1.012;-0.00476855;-0.000155053;0.994415;0.0219058;0.985912;1;3;1
376.531;859.06;2.44369;1.98379;0.00493251;-0.00351165;0.000232932;0.00493893;-0.00351807;1.00014;-0.00756255;0.00159747;0.998073;0.0215019;0.987691;1;3;1
399.531;859.06;2.51678;2.00509;0.00551562;-0.00127931;0.00237339;0.00626252;-0.00202621;1.01007;-0.00434933;-0.00557102;0.994842;0.0235325;0.984773;1;3;1
422.531;859.06;2.6965;2.12483;0.00725642;-0.00519299;0.000504165;0.0072768;-0.00521338;1.00865;-0.00162413;0.00317182;0.994572;0.022389;0.98907;1;3;1
445.531;859.06;2.84932;2.07071;0.00553291;-0.00289457;-0.00080457;0.00560903;-0.0029707;1.00531;-0.00115992;0.00182275;0.996439;0.0223515;0.985818;1;3;1
468.531;859.06;2.95027;2.06315;0.00577067;-0.00209139;0.000618134;0.00581898;-0.00213969;1.00453;-0.00413785;-0.00321081;0.998088;0.0198743;0.987454;1;3;1
491.531;859.06;3.11401;2.09554;0.00557252;-0.00265539;0.00143343;0.0058151;-0.00289796;1.00664;-0.00114973;-0.000116828;0.998935;0.018648;0.990173;1;2;1
514.531;859.06;3.20586;2.12776;0.00476411;-0.00181295;0.000585462;0.00481582;-0.00186466;1.00476;-0.00296329;0.00135698;0.996716;0.0188028;0.987912;1;3;1
537.531;859.06;3.33263;2.11524;0.00533093;-0.00293723;-0.000836628;0.00541474;-0.00302104;1.00785;-0.00496111;-0.000581219;0.991252;0.0249823;0.974512;1;4;1
560.531;859.06;3.4504;2.07841;0.00671451;-0.00390866;-0.000546081;0.0067425;-0.00393666;1.00623;-0.00698816;0.0013794;0.992971;0.0246993;0.980989;1;4;1
583.531;859.06;3.64046;2.08241;0.0067429;-0.00308937;0.000392963;0.00675858;-0.00310505;1.00517;0.00441917;-0.00176227;0.998988;0.0251277;0.983858;1;3;1
606.531;859.06;3.75949;2.14337;0.00600317;-0.00320739;0.00133761;0.00619349;-0.00339771;1.00728;0.000194196;-0.000368259;0.999442;0.0177821;0.989523;1;3;1
629.531;859.06;3.91577;2.11323;0.00543653;-0.0016465;0.000280641;0.00544763;-0.00165761;1.00265;-0.00180566;0.00143537;0.997372;0.0197066;0.989865;1;3;1
652.531;859.06;4.0089;2.14569;0.00540706;-0.00375739;0.000189016;0.00541096;-0.00376129;1.00466;0.00294273;-0.00188184;0.999379;0.021432;0.985798;1;3;1
675.531;859.06;4.16379;2.1701;0.00801258;-0.00214583;0.00082947;0.00807986;-0.00221312;1.00783;0.000169913;-0.00478404;0.998015;0.0262472;0.975229;1;3;1
698.531;859.06;4.37596;2.21292;0.00741863;-0.00354437;0.000708379;0.00746422;-0.00358995;1.01028;0.000767947;-0.000523656;0.993651;0.0226716;0.979788;1;4;1
721.531;859.06;4.50378;2.19592;0.0047635;-0.00633693;0.000179003;0.00476639;-0.00633982;1.00901;0.00333387;0.006345;0.991305;0.0227047;0.983879;1;4;1
744.531;859.06;4.59455;2.24256;0.00524138;-0.00252148;0.000754985;0.00531413;-0.00259422;0.995363;0.00353858;-0.0111829;1.0057;0.0275964;0.970326;1;4;1
767.531;859.06;4.74425;2.22684;0.00561909;-0.00204765;0.000663161;0.00567603;-0.00210459;1.01805;0.00181995;0.00896282;1.00102;0.0277638;0.977534;1;4;1
790.531;859.06;4.85231;2.25964;0.00483324;-0.00294366;-0.00107491;0.00497908;-0.0030895;1.00343;-0.000124042;-0.000580601;0.994984;0.0308507;0.968483;1;3;1
813.531;859.06;4.96595;2.1369;0.00677722;-0.00281345;-0.00120825;0.0069271;-0.00296332;1.00691;0.00586701;-0.00321806;0.995003;0.0246078;0.981292;1;4;1
836.531;859.06;5.163;2.22577;0.00849498;-0.00253039;0.00135667;0.00865946;-0.00269487;1.01032;0.00472642;0.00237083;0.99449;0.0210972;0.987801;1;4;1
859.531;859.06;5.35476;2.30991;0.00518709;-0.00252548;-0.000471336;0.00521579;-0.00255418;1.00442;-0.00106339;-0.00707442;0.99133;0.0327353;0.961535;1;3;1
882.531;859.06;5.40099;2.22677;0.00595427;-0.00452917;0.000690935;0.00599961;-0.00457452;1.00504;-0.00812981;0.00189395;0.989983;0.0240281;0.976975;1;4;1
905.531;859.06;5.62784;2.30577;0.00808779;-0.00100159;-0.000826787;0.00816239;-0.00107618;1.00933;-0.00140284;0.00586391;0.998326;0.0228899;0.978972;1;4;1
928.531;859.06;5.77153;2.20432;0.00436896;-0.00228302;-0.000898058;0.00448807;-0.00240213;1.00071;0.003247;-0.00300677;1.00064;0.0256894;0.977801;1;3;1
951.531;859.06;5.82834;2.25172;0.00430109;-0.00411482;0.00132492;0.00450475;-0.00431847;1.00823;-0.0029877;-0.00311771;0.998257;0.0235119;0.981543;1;3;1
974.531;859.06;5.96893;2.25517;0.00592637;-0.000986728;-0.000359033;0.00594497;-0.00100532;1.0041;0.00137941;0.00619049;1.00079;0.0199811;0.985364;1;3;1
997.531;859.06;6.10015;2.24602;0.00612381;-0.00283112;0.0002634;0.00613155;-0.00283886;1.01206;0.00271439;-0.00143844;0.995784;0.0263013;0.975471;1;3;1
1020.53;859.06;6.24976;2.27294;0.00844575;-0.00291636;0.000455201;0.00846396;-0.00293457;1.00119;-0.00753911;-0.00190035;0.993424;0.0208325;0.983992;1;3;1
1043.53;859.06;6.48703;2.24716;0.00648601;-0.00334968;-0.00101923;0.00659052;-0.00345419;1.01175;0.00149996;0.00148922;0.999301;0.0204696;0.988238;1;3;1
1066.53;859.06;6.5471;2.20461;0.0045912;-0.00182339;0.000123041;0.00459356;-0.00182574;0.999607;-0.00233565;-0.000750213;0.999876;0.0226496;0.98398;1;3;1
1089.53;859.06;6.69773;2.21763;0.00634367;-0.00314824;0.00107952;0.00646489;-0.00326946;1.00443;-0.00857272;-0.00149012;1.00297;0.0233624;0.983976;1;3;1
1112.53;859.06;6.83799;2.22397;0.00410064;-0.00319731;-0.000725395;0.00417205;-0.00326872;1.00772;0.00581891;0.00475801;0.997255;0.0252284;0.977045;1;3;1
1135.53;859.06;6.88595;2.16163;0.00394028;-0.00182521;-0.000225809;0.00394911;-0.00183404;1.00052;-0.0050745;0.00167759;1.00093;0.0269743;0.979267;1;3;1
1158.53;859.06;7.01888;2.19521;0.00721596;-0.00241761;-0.000530926;0.00724513;-0.00244678;1.0047;-0.00056575;-0.00523295;0.993348;0.0285228;0.971598;1;3;1
1181.53;859.06;7.21669;2.18251;0.0082241;-0.00213521;-0.000490625;0.00824729;-0.00215839;1.00217;0.000143744;2.62206e-06;0.992835;0.0241062;0.982192;1;3;1
1204.53;859.06;7.39563;2.15685;0.00771602;-0.000809545;-0.00011354;0.00771753;-0.000811057;1.01492;-0.00216913;0.00468265;0.999268;0.0253473;0.973871;1;3;1
1227.53;859.06;7.57026;2.18234;0.00491402;-0.00148081;0.000436398;0.00494366;-0.00151045;1.0044;0.00595825;-0.00470091;1.00023;0.029343;0.973376;1;3;1
1250.53;859.06;7.6211;2.19528;0.00383451;-0.00423057;0.00104001;0.00396646;-0.00436252;1.00363;0.00307604;-1.33312e-05;0.999257;0.027903;0.975071;1;3;1
1273.53;859.06;7.7463;2.21792;0.00545862;-0.00103016;-0.00197878;0.00601445;-0.00158598;0.994783;0.00587353;-0.00829433;0.991085;0.0306176;0.983112;1;4;1
31.5305;836.06;0.556659;1.82994;0.00335951;-0.00231729;0.000817278;0.00347483;-0.00243261;0.9945;0.00364754;-0.00360664;0.996511;0.0268907;0.983815;1;3;1
54.5305;836.06;0.633767;1.86791;0.00692084;-0.0015334;8.4314e-05;0.00692168;-0.00153424;1.00788;-0.00262926;0.00147345;0.996617;0.0264725;0.986284;1;3;1
77.5306;836.06;0.873919;1.8484;0.00478446;-0.0042992;-0.000535232;0.00481589;-0.00433063;1.00823;0.00675131;-0.000226413;0.99954;0.0229225;0.989885;1;3;1
100.531;836.06;0.853324;1.88649;0.0046763;-0.0032859;0.00177964;0.00505597;-0.00366557;1.00864;0.00252424;-0.0036531;0.999693;0.0247033;0.983341;1;4;1
123.531;836.06;1.08833;1.98527;0.00505881;-0.00456172;0.000847911;0.00513296;-0.00463588;1.00629;-0.00558944;-0.00280584;0.994214;0.0241507;0.986379;1;3;1
146.531;836.06;1.08538;1.96587;0.00276441;-0.00136524;0.00049099;0.00282198;-0.00142281;1.00232;-0.00272618;-0.000475383;0.996359;0.0210225;0.988863;1;3;1
169.531;836.06;1.21528;1.93328;0.00389471;-0.00228707;-2.09777e-05;0.00389478;-0.00228714;1.0048;3.95689e-05;0.00232843;0.995932;0.0232266;0.986937;1;4;1
192.531;836.06;1.26418;1.97407;0.0054424;-0.00385731;0.000878616;0.00552468;-0.00393959;1.00231;0.00679833;-0.00101826;0.99343;0.0222635;0.988823;1;3;1
215.531;836.06;1.46487;2.02538;0.0093972;-0.00383083;0.000660487;0.00943009;-0.00386373;1.00622;0.00442946;-0.00551107;0.993718;0.0269433;0.983542;1;3;1
238.531;836.06;1.69433;2.07504;0.00634252;-0.00320076;0.000280356;0.00635075;-0.00320899;1.00597;-0.00124089;0.0027314;0.998439;0.0229472;0.991105;1;3;1
261.531;836.06;1.7557;2.03085;0.00570648;-0.00253284;0.000455628;0.0057316;-0.00255796;1.01105;-0.00554682;-0.00162098;1.00266;0.0202007;0.992399;1;3;1
284.531;836.06;1.95605;2.0136;0.00665288;-0.00238356;-1.5254e-05;0.00665291;-0.00238359;1.00463;0.0019577;0.00424732;0.998463;0.0206134;0.991713;1;3;1
307.531;836.06;2.06071;2.06073;0.00425347;-0.00346922;0.000519504;0.00428826;-0.00350401;1.0047;0.000287;-0.00584889;0.992964;0.0235049;0.988417;1;3;1
330.531;836.06;2.15123;2.08607;0.00466617;-0.00187531;-0.000181838;0.00467122;-0.00188037;1.0052;-0.00601617;0.00577287;0.999711;0.023556;0.987273;1;3;1
353.531;836.06;2.27486;2.06377;0.00557311;-0.00377133;0.00122653;0.00573142;-0.00392964;1.00912;-0.0031797;-0.00396206;0.996362;0.0259895;0.982131;1;3;1
376.531;836.06;2.40687;2.12581;0.00469054;-0.00487122;0.000335898;0.00470232;-0.00488301;1.00221;0.00490296;0.00442304;0.992498;0.0235134;0.978635;1;3;1
399.531;836.06;2.49011;2.03009;0.00713521;-0.00320001;0.000498943;0.00715924;-0.00322404;1.00892;0.00736;-0.00159162;0.993303;0.0225707;0.986718;1;3;1
422.531;836.06;2.73384;2.21695;0.0080301;-0.000881127;0.00156522;0.00829703;-0.00114806;1.01124;0.00320655;-0.00190672;1.00378;0.0219513;0.986287;1;3;1
445.531;836.06;2.85786;2.15098;0.00429421;-0.00251293;-0.000844011;0.0043973;-0.00261602;1.00123;-0.00368499;-0.000304578;0.999306;0.0201637;0.990951;1;3;1
468.531;836.06;2.93082;2.10917;0.00415991;-0.00272115;0.000335157;0.00417619;-0.00273744;1.00844;0.00241476;0.000119559;0.995504;0.0214529;0.98373;1;3;1
491.531;836.06;3.04882;2.14382;0.00630319;-0.0027428;0.00114144;0.00644499;-0.00288461;1.00694;-0.000508818;-0.00257087;0.993704;0.0246003;0.980705;1;3;1
514.531;836.06;3.21986;2.12503;0.00670851;-0.00241005;0.00103927;0.00682546;-0.002527;0.999673;0.0036406;0.00147459;0.999132;0.0200278;0.992274;1;3;1
537.531;836.06;3.35634;2.21159;0.00618211;-0.00112543;5.70754e-05;0.00618255;-0.00112588;1.01138;0.00488426;-0.00766055;1.00236;0.0245449;0.983825;1;4;1
560.531;836.06;3.5033;2.19871;0.00569392;-0.00316902;-0.000738612;0.00575505;-0.00323015;1.00801;0.00268311;0.00345927;1.00025;0.0221613;0.986954;1;4;1
583.531;836.06;3.61751;2.18961;0.00552712;-0.00321865;-5.30484e-05;0.00552745;-0.00321897;1.00103;-0.000581164;-0.000405321;0.99378;0.0233394;0.982815;1;4;1
606.531;836.06;3.75685;2.19314;0.00597631;-0.00179091;-0.000774867;0.00605286;-0.00186746;1.00603;0.000742048;0.00332286;0.995012;0.0239309;0.986789;1;3;1
629.531;836.06;3.8916;2.16521;0.00705759;-0.00247419;-0.000306141;0.00706741;-0.00248401;1.01094;-0.00129658;0.00150476;0.997996;0.0195265;0.988568;1;3;1
652.531;836.06;4.08035;2.22359;0.00651907;-0.00201615;-0.000764539;0.00658701;-0.00208409;1.0048;0.00114553;-0.00315914;0.995518;0.0201315;0.987476;1;3;1
675.531;836.06;4.19049;2.19619;0.00462586;-0.000732846;0.000529683;0.00467771;-0.000784701;1.00616;0.00465441;0.0050676;0.997403;0.0284184;0.971065;1;4;1
698.531;836.06;4.29262;2.27474;0.00732774;-0.00138363;0.0021286;0.00782003;-0.00187593;1.0052;-0.000950756;2.01644e-06;0.997915;0.0261975;0.978772;1;3;1
721.531;836.06;4.52616;2.3275;0.00548406;-0.00167052;0.000155807;0.00548745;-0.00167391;1.01044;-0.00835053;0.00303115;0.998515;0.0278092;0.977488;1;4;1
744.531;836.06;4.54419;2.24161;0.00456086;-0.00134534;-0.000178493;0.00456625;-0.00135073;1.00102;-0.00159059;-0.00136174;0.995917;0.0283464;0.967852;1;4;1
767.531;836.06;4.73545;2.27803;0.00619369;-0.00216555;0.000481487;0.00622134;-0.00219319;1.00558;-0.00616534;-0.00440914;0.991277;0.0304965;0.967421;1;3;1
790.531;836.06;4.82817;2.3111;0.00702234;-0.00121154;-0.000983908;0.00713828;-0.00132748;1.00552;-0.00147866;0.00140476;1.00308;0.0230711;0.981355;1;4;1
813.531;836.06;5.05734;2.24573;0.00817521;-0.00375602;-0.00111225;0.00827802;-0.00385882;1.00829;0.00341938;-0.000450455;0.998712;0.0240523;0.982236;1;3;1
836.531;836.06;5.2027;2.28208;0.0070101;-0.00264568;-5.9795e-05;0.00701047;-0.00264605;1.00713;0.00490028;0.00134289;1.00117;0.0234142;0.985139;1;3;1
859.531;836.06;5.37866;2.29749;0.00417289;-0.0013546;0.000814407;0.00429039;-0.0014721;1.00677;-0.00319951;-0.00143854;1.00584;0.0305942;0.960718;1;3;1
882.531;836.06;5.39421;2.34268;0.00510007;-0.00305661;0.000109033;0.00510152;-0.00305807;1.00551;0.00311865;-0.000327453;0.999102;0.0212782;0.987198;1;3;1
905.531;836.06;5.61265;2.26628;0.00797462;-0.00133271;-0.000282124;0.00798316;-0.00134125;1.00802;-0.00216142;0.00494068;0.999846;0.0255843;0.972054;1;4;1
928.531;836.06;5.75956;2.28828;0.00489457;-0.00476432;0.000251019;0.00490109;-0.00477084;1.01155;-0.00451467;-0.000634109;0.988155;0.0217648;0.987062;1;3;1
951.531;836.06;5.83721;2.33267;0.00521162;-0.00262784;-0.00113946;0.00537388;-0.00279011;1.0001;1.65981e-06;0.00236286;1.00059;0.0223801;0.986815;1;3;1
974.531;836.06;5.99867;2.25923;0.00684003;-0.00296352;-0.00100367;0.00694172;-0.00306522;1.01248;-0.000515761;-0.000363979;0.996825;0.0207991;0.986877;1;3;1
997.531;836.06;6.15075;2.2825;0.00524832;-0.00250189;6.09565e-05;0.0052488;-0.00250237;1.00011;0.00246528;-0.00303091;0.999545;0.0231781;0.981325;1;3;1
1020.53;836.06;6.23943;2.31372;0.00592912;-0.000893863;0.000131015;0.00593163;-0.000896378;1.00112;0.00699948;0.000919286;1.004;0.0236333;0.982512;1;3;1
1043.53;836.06;6.42263;2.35687;0.00717452;-0.00189231;-0.000529923;0.00720538;-0.00192318;1.01389;0.00225491;0.00332394;0.997588;0.021777;0.983362;1;3;1
1066.53;836.06;6.56824;2.25064;0.00507326;-0.00242465;-0.000457586;0.00510108;-0.00245247;1.00741;0.00813004;-0.00159323;0.993254;0.0243768;0.985593;1;3;1
1089.53;836.06;6.65539;2.31983;0.00574815;-0.00231746;0.00108943;0.00589271;-0.00246202;1.00112;0.00573632;-0.000862717;0.994379;0.0227721;0.989374;1;2;1
1112.53;836.06;6.83185;2.31487;0.00551921;-0.00213028;-0.000635487;0.00557164;-0.00218271;1.00886;-0.00610665;0.00145901;0.993756;0.025263;0.977149;1;3;1
1135.53;836.06;6.90854;2.25773;0.00582895;-0.00306657;-0.00148058;0.0060689;-0.00330653;1.00542;0.00780039;-0.0018889;0.995853;0.0244246;0.984498;1;4;1
1158.53;836.06;7.0992;2.31806;0.00721945;-0.00232164;-0.00119301;0.00736636;-0.00246855;1.00697;0.00714421;0.000431904;1.00103;0.026076;0.971651;1;3;1
1181.53;836.06;7.23944;2.27563;0.00556208;-0.00220774;-0.0012419;0.00575576;-0.00240141;1.00664;-0.000792449;0.00118041;0.996095;0.0231788;0.974045;1;3;1
1204.53;836.06;7.35418;2.19245;0.00575639;-0.00296996;-0.000298234;0.00576658;-0.00298014;1.00644;-0.000322727;0.00135751;0.998545;0.0220464;0.981941;1;3;1
1227.53;836.06;7.50344;2.21568;0.00575942;-0.00366968;0.0031114;0.00669357;-0.00460383;0.999303;-0.00832691;-0.00281354;0.988499;0.0274008;0.979998;1;3;1
1250.53;836.06;7.61818;2.31969;0.00981219;-0.00241717;3.03508e-05;0.00981226;-0.00241724;1.00765;-0.0170151;-0.00174628;0.990269;0.0263497;0.977978;1;4;1
1273.53;836.06;7.95256;2.14949;0.0146712;-0.000991324;-0.00501253;0.016138;-0.00245813;1.01546;0.0033982;0.0161032;1.0077;0.0357453;0.990608;1;4;1
31.5305;813.06;0.473909;1.87073;0.00495296;-0.00304242;0.00106127;0.00509143;-0.00318089;1.01667;-0.000688353;-0.00539415;0.997502;0.0282389;0.983071;1;3;1
54.5305;813.06;0.587546;1.87395;0.00665426;-0.000830258;0.00143167;0.00691876;-0.00109476;1.00603;-0.00469351;0.00161944;1.00379;0.0228689;0.987155;1;3;1
77.5306;813.06;0.778919;1.95361;0.00593117;-0.00333204;0.00301941;0.00682845;-0.00422932;1.00691;-0.0084197;-0.00238484;0.994428;0.0212104;0.994234;1;3;1
100.531;813.06;0.859422;1.99333;0.00486123;-0.00406596;0.00101818;0.00497589;-0.00418062;1.00642;-0.00237635;-0.000214002;0.991639;0.0245916;0.989038;1;3;1
123.531;813.06;1.00187;2.06158;0.00439189;-0.00123066;0.000891407;0.00452983;-0.0013686;0.996202;0.000979726;0.000550298;1.00252;0.0253694;0.987777;1;3;1
146.531;813.06;1.06101;1.99725;0.00620765;-0.0023736;-0.000948878;0.00631132;-0.00247727;1.00779;0.00425733;-0.00342826;1.00271;0.0235506;0.991546;1;2;1
169.531;813.06;1.28651;2.01307;0.00751483;-0.00393125;0.000390825;0.00752815;-0.00394458;1.00922;0.00621541;0.00251956;0.999134;0.0215394;0.990665;1;3;1
192.531;813.06;1.40536;2.05366;0.00529699;-0.00338388;-4.15718e-05;0.00529719;-0.00338408;1.00678;0.000814573;-0.00262085;0.998677;0.0230907;0.984664;1;3;1
215.531;813.06;1.52946;2.09467;0.0050798;-0.00113873;0.00132281;0.00534949;-0.00140842;1.0049;0.00117123;-0.00174535;1.00311;0.0250973;0.981157;1;3;1
238.531;813.06;1.63838;2.13285;0.00507218;-0.00222396;0.000890574;0.00517931;-0.00233109;1.00556;-0.001433;0.000925776;0.999803;0.0182466;0.991912;1;3;1
261.531;813.06;1.76219;2.09835;0.00733246;-0.00263391;-0.00129476;0.00749792;-0.00279937;1.00732;0.00441658;0.000695698;0.993925;0.0211156;0.989754;1;3;1
284.531;813.06;1.97441;2.0796;0.00664915;-0.00320723;0.000805433;0.00671454;-0.00327261;1.00714;-0.00564012;0.000232887;0.993474;0.0196924;0.99216;1;3;1
307.531;813.06;2.06702;2.14401;0.00387653;-0.00203866;0.000383441;0.00390128;-0.00206341;1.0032;0.0019732;-0.00270009;1.00327;0.0208191;0.989751;1;4;1
330.531;813.06;2.15233;2.15051;0.00327901;-0.0031684;2.03658e-06;0.00327901;-0.0031684;1.00039;0.00536439;0.0012605;0.994654;0.0233762;0.982891;1;4;1
353.531;813.06;2.2176;2.18065;0.00495321;-0.00432092;0.000435611;0.00497362;-0.00434133;1.01088;0.00147623;-0.0027711;0.998241;0.0254085;0.989451;1;3;1
376.531;813.06;2.37958;2.20846;0.00750223;-0.00297076;-0.000655485;0.0075431;-0.00301162;1.00468;-0.00368154;-0.000559549;0.997945;0.0219535;0.98399;1;3;1
399.531;813.06;2.5614;2.15255;0.00640957;-0.00497523;-0.00111998;0.0065187;-0.00508436;1.0089;-0.00167624;0.00353542;0.999971;0.028103;0.978258;1;3;1
422.531;813.06;2.67347;2.16538;0.00562872;-0.000512362;0.000884461;0.00575356;-0.000637207;1.0065;-0.00440745;-0.000310013;0.996392;0.022833;0.987958;1;3;1
445.531;813.06;2.81959;2.18646;0.00520917;-0.0016842;0.000795592;0.0052998;-0.00177483;1.0037;0.00457206;-0.00260335;0.99796;0.0218971;0.990076;1;4;1
468.531;813.06;2.91246;2.18851;0.00448376;-0.00427859;0.000326647;0.00449592;-0.00429075;1.00825;-0.00406958;-0.000963759;1.00128;0.0219414;0.987412;1;4;1
491.531;813.06;3.02537;2.22197;0.00579062;-0.00310585;0.000146277;0.00579302;-0.00310825;1.00332;-0.000861356;-0.00208426;1.00039;0.0231684;0.977936;1;3;1
514.531;813.06;3.17804;2.23877;0.00819039;-0.00414081;-0.000164668;0.00819259;-0.004143;1.0057;0.000946111;-5.099e-05;0.990434;0.0218421;0.986739;1;3;1
537.531;813.06;3.40056;2.16709;0.00694027;-0.00304672;-8.70215e-06;0.00694028;-0.00304673;1.01359;0.00057742;-0.00018781;0.991765;0.0207951;0.989505;1;3;1
560.531;813.06;3.49619;2.22444;0.00521498;-0.00219048;0.000881759;0.00531853;-0.00229402;1.00345;0.000131111;-0.000385991;0.9958;0.0198504;0.9914;1;3;1
583.531;813.06;3.63979;2.23071;0.00676092;-0.00270966;0.000658126;0.00680643;-0.00275518;1.00694;-0.00266754;-0.00182098;1.00251;0.0209427;0.990595;1;3;1
606.531;813.06;3.80614;2.22585;0.00728987;-0.00448411;0.000379708;0.0073021;-0.00449634;1.00687;-0.00156309;0.00677094;1.00016;0.0253285;0.983785;1;3;1
629.531;813.06;3.97391;2.22722;0.00661646;-0.00324803;0.000713358;0.00666778;-0.00329935;1.00673;0.00437422;-0.00531433;0.99388;0.0262505;0.98335;1;3;1
652.531;813.06;4.1095;2.23864;0.00418833;-0.00196034;0.000304081;0.00420333;-0.00197534;0.99731;-0.00132164;-0.00171523;1.00284;0.0255881;0.982205;1;3;1
675.531;813.06;4.16616;2.20382;0.00440616;-0.00469144;0.000657192;0.00445339;-0.00473867;1.00405;0.00039524;-0.00064305;0.997572;0.0258347;0.978861;1;4;1
698.531;813.06;4.31172;2.27665;0.00633553;-0.00179502;0.000541924;0.00637149;-0.00183099;1.00996;0.00288792;-0.00141259;0.999274;0.0223675;0.985163;1;3;1
721.531;813.06;4.45663;2.27285;0.00544979;-0.00162717;0.000743365;0.00552703;-0.00170441;1.00477;0.0016863;0.00146354;0.998206;0.0231748;0.978889;1;3;1
744.531;813.06;4.56172;2.3045;0.0068176;-0.003457;0.000393437;0.00683264;-0.00347205;1.01214;-0.00260537;-0.00888805;0.996912;0.0232824;0.98391;1;3;1
767.531;813.06;4.76914;2.32657;0.00760327;-0.00216471;-5.80236e-05;0.00760362;-0.00216506;1.00986;-0.000900429;0.00279261;0.998751;0.0208332;0.989366;1;3;1
790.531;813.06;4.91015;2.31544;0.00587882;-0.00344525;-0.00069769;0.00593073;-0.00349717;1.004;0.00457432;0.00115429;0.99492;0.0235128;0.978121;1;3;1
813.531;813.06;5.03878;2.31006;0.00675276;-0.00388791;0.00069583;0.00679807;-0.00393322;1.00598;0.00582734;0.000135068;0.998166;0.0210291;0.987807;1;3;1
836.531;813.06;5.21973;2.34767;0.00657966;-0.00118119;0.00125821;0.00677855;-0.00138008;1.00461;0.00201541;0.000400511;1.00328;0.0260986;0.9806;1;3;1
859.531;813.06;5.34041;2.37226;0.00305511;-0.00184615;0.00152032;0.0034884;-0.00227944;1.00823;-0.00339886;0.000563906;0.991697;0.03205;0.963475;1;4;1
882.531;813.06;5.36004;2.3676;0.00565245;-0.000749792;-0.00061024;0.0057101;-0.000807439;1.009;0.00509143;0.00102722;1.00211;0.023486;0.97732;1;4;1
905.531;813.06;5.59969;2.36712;0.00992454;-0.00446025;0.000618404;0.00995107;-0.00448679;1.00742;0.00193908;-0.00414161;0.999052;0.0237328;0.985706;1;3;1
928.531;813.06;5.8143;2.42402;0.00663311;-0.00390865;-0.000195282;0.00663672;-0.00391227;1.01176;0.00268162;-0.000104397;1.00009;0.0199878;0.983692;1;3;1
951.531;813.06;5.90381;2.37282;0.00428469;-0.00201486;-0.00111861;0.00447742;-0.00220759;0.996567;0.00883372;0.00144074;0.998752;0.0202246;0.985435;1;3;1
974.531;813.06;6.01096;2.39172;0.00533689;-0.00298854;-0.000326938;0.00534971;-0.00300136;1.01242;0.00338178;0.00257094;0.996559;0.01974;0.988817;1;3;1
997.531;813.06;6.14865;2.36128;0.00655937;-0.00198383;-0.000803804;0.00663434;-0.0020588;1.00245;-0.00111633;0.000486634;0.99865;0.020678;0.984782;1;3;1
1020.53;813.06;6.31164;2.31412;0.0070743;-0.00173082;-0.00095452;0.00717659;-0.00183311;1.00782;0.00256778;0.00116385;0.996547;0.0224941;0.985615;1;3;1
1043.53;813.06;6.47292;2.3343;0.00524377;-0.000931231;0.000386441;0.00526786;-0.000955321;1.00785;0.00134735;-0.00124596;0.996845;0.0227421;0.979607;1;3;1
1066.53;813.06;6.55223;2.31628;0.0041145;-0.00361514;-3.77846e-05;0.00411468;-0.00361532;1.00419;-0.000103226;0.000885732;0.999418;0.0205926;0.989347;1;3;1
1089.53;813.06;6.6618;2.32437;0.00615533;-0.00124417;0.000319778;0.00616912;-0.00125797;1.0021;-0.00625971;-0.00203894;0.998382;0.0219569;0.984871;1;3;1
1112.53;813.06;6.83451;2.32207;0.00791691;-0.00135029;-0.000755559;0.00797811;-0.00141149;1.01188;0.00461622;0.00213291;1.00124;0.0207062;0.986067;1;4;1
1135.53;813.06;7.02454;2.30311;0.00678551;-0.00253093;-0.00167579;0.00707778;-0.0028232;1.00598;0.00290656;-0.00128801;0.997975;0.0218742;0.986213;1;3;1
1158.53;813.06;7.14558;2.30231;0.00394526;-0.00136793;-0.00019074;0.0039521;-0.00137477;1.00167;-0.000768865;2.27017e-05;0.997931;0.0231077;0.978813;1;3;1
1181.53;813.06;7.20566;2.28418;0.00474818;-0.0010858;-0.000467012;0.00478533;-0.00112295;1.01293;-0.00157076;0.00500891;0.99846;0.0251029;0.981428;1;3;1
1204.53;813.06;7.36348;2.29368;0.00449015;-0.003074;0.000423511;0.00451379;-0.00309764;0.993982;0.00299841;-0.00579524;0.996764;0.0225541;0.987701;1;3;1
1227.53;813.06;7.4117;2.35173;0.00412716;-0.00267529;-0.000413672;0.00415222;-0.00270036;1.01017;0.00218976;-0.0054187;1.00077;0.0256253;0.978021;1;3;1
1250.53;813.06;7.55294;2.30666;0.00991917;-0.000113814;-0.00122242;0.010066;-0.000260606;1.00981;0.00598287;0.00377601;1.00354;0.0258027;0.981507;1;3;1
1273.53;813.06;7.86565;2.2637;0.0136905;-0.00331735;0.00086938;0.0137348;-0.00336168;0.998698;-0.0142137;0.00591504;0.996868;0.0310149;0.970054;1;4;1
31.5305;790.06;0.46588;1.97019;0.00520469;-0.00262873;-0.00092719;0.00531294;-0.00273698;1.00804;-0.00510877;0.00159728;0.993709;0.0225291;0.987899;1;3;1
54.5305;790.06;0.58519;1.90614;0.00545356;-0.0014662;0.000777964;0.00553995;-0.00155258;1.00622;0.00136294;0.00111443;0.999418;0.0247925;0.980754;1;3;1
77.5306;790.06;0.716053;2.00221;0.00615425;-0.00114424;0.00177338;0.00656233;-0.00155232;1.00453;0.00611663;-0.00646903;1.00204;0.0224099;0.989622;1;3;1
100.531;790.06;0.867115;2.07391;0.00642346;-0.00222574;-4.35226e-05;0.00642368;-0.00222596;1.00599;0.000147366;0.00307089;0.997714;0.0243003;0.987545;1;3;1
123.531;790.06;1.01057;2.04198;0.00560075;-0.00137396;0.00025587;0.00561013;-0.00138333;1.00455;-0.00152659;-0.000152419;0.993354;0.021913;0.990874;1;3;1
146.531;790.06;1.12403;2.07521;0.00490002;-0.00505633;0.000144827;0.00490213;-0.00505844;1.00752;0.00242635;-0.00260581;0.993207;0.0232641;0.989995;1;3;1
169.531;790.06;1.23537;2.11448;0.00490078;-0.00195145;0.000933095;0.00502557;-0.00207624;1.00043;-0.00796799;-0.00371124;0.992789;0.0242963;0.986617;1;3;1
192.531;790.06;1.34889;2.13007;0.00407623;-0.00156469;0.000119884;0.00407878;-0.00156723;1.00166;-0.00649625;0.000661898;0.999939;0.0243924;0.98521;1;3;1
215.531;790.06;1.42248;2.07781;0.00583442;-0.0018001;0.00093612;0.00594753;-0.00191321;1.00205;0.000147812;0.00026204;0.997775;0.0233908;0.984726;1;3;1
238.531;790.06;1.61647;2.17752;0.00870749;-0.00223276;0.000370655;0.00872004;-0.0022453;1.01139;0.00469806;-0.00452451;0.995789;0.020903;0.993004;1;3;1
261.531;790.06;1.82123;2.15221;0.00678763;-0.00149443;-0.000381307;0.00680515;-0.00151195;1.0068;-0.00300033;0.00215691;1.00283;0.0219434;0.988222;1;3;1
284.531;790.06;1.92764;2.16138;0.0059923;-0.00264958;0.000627755;0.00603766;-0.00269494;1.00567;-3.51193e-05;-0.00349507;0.999975;0.0201995;0.990746;1;3;1
307.531;790.06;2.09606;2.15462;0.00566529;-0.0021384;0.00145611;0.00592814;-0.00240125;1.00855;-0.000388704;0.0024074;0.994466;0.0173715;0.993636;1;3;1
330.531;790.06;2.18746;2.23206;0.00428018;-0.00282837;0.0011778;0.00447024;-0.00301843;0.998909;-0.00306984;-0.00350151;0.996939;0.01836;0.993351;1;3;1
353.531;790.06;2.2924;2.26296;0.0054817;-0.00217022;-0.000392998;0.00550183;-0.00219035;1.00915;0.00129017;-0.00120347;1.00075;0.0199137;0.98959;1;3;1
376.531;790.06;2.43892;2.26268;0.00561347;-0.000607665;0.000331099;0.00563104;-0.000625237;1.00524;0.000866392;0.000942927;0.998286;0.0234673;0.985008;1;2;1
399.531;790.06;2.5499;2.25957;0.00539961;-0.00262875;0.000520874;0.00543326;-0.0026624;1.00839;0.00214917;-0.000169597;0.994059;0.0221798;0.986355;1;3;1
422.531;790.06;2.68663;2.24055;0.00562716;-0.00196075;-0.000290603;0.00563827;-0.00197186;1.00276;0.000321512;0.00200172;0.998698;0.0232022;0.988504;1;3;1
445.531;790.06;2.80801;2.22855;0.00543911;-0.00172687;0.00133762;0.00568065;-0.00196842;1.015;-0.00542228;-0.00279664;0.999838;0.0216962;0.988437;1;3;1
468.531;790.06;2.9361;2.3064;0.00604602;-0.0033933;-0.000439282;0.00606642;-0.0034137;1.00218;0.00650407;-0.00165956;0.990231;0.0207984;0.989968;1;4;1
491.531;790.06;3.08526;2.28693;0.00533092;-0.00234107;-0.00147555;0.00560493;-0.00261508;1.00537;0.00442761;-0.00372804;0.996048;0.0186593;0.988377;1;2;1
514.531;790.06;3.18067;2.31592;0.00561844;-0.00242289;-0.000180831;0.00562251;-0.00242695;1.00667;-0.00104086;-0.00235083;0.998736;0.0237805;0.984473;1;4;1
537.531;790.06;3.34294;2.35196;0.0066541;-0.00510302;-0.000186573;0.00665706;-0.00510598;1.00907;-0.00186495;0.00703183;0.993223;0.0207365;0.986587;1;3;1
560.531;790.06;3.48575;2.29958;0.0047032;-0.00262814;-0.000109632;0.00470484;-0.00262977;1.00478;0.00101528;0.000363518;1.00016;0.0222894;0.985363;1;3;1
583.531;790.06;3.55877;2.31447;0.00507992;-0.00254022;0.00146918;0.00535337;-0.00281367;1.00581;-0.00224458;-0.000778123;0.992297;0.0242101;0.979383;1;3;1
606.531;790.06;3.71873;2.39988;0.00611191;-0.00394568;0.000863683;0.00618554;-0.00401931;1.00336;-0.000900763;0.00516915;0.991275;0.0215353;0.986117;1;3;1
629.531;790.06;3.83906;2.3149;0.00677488;-0.00416541;-6.26924e-05;0.00677524;-0.00416577;1.01304;-0.00132726;-0.000888728;0.999449;0.0237271;0.986792;1;3;1
652.531;790.06;4.02924;2.31388;0.00717797;-0.00349097;0.00167065;0.00743346;-0.00374646;1.00478;0.0005977;-0.00225259;0.996128;0.0229778;0.985648;1;4;1
675.531;790.06;4.16797;2.41251;0.00615643;-0.00327633;0.000439502;0.00617687;-0.00329676;1.00074;0.00181676;-0.00539346;0.988412;0.0242057;0.986854;1;4;1
698.531;790.06;4.31155;2.35739;0.00693311;-0.00232315;-0.000434634;0.00695347;-0.00234351;1.02096;-0.000218764;0.00249735;0.997294;0.0240741;0.982889;1;4;1
721.531;790.06;4.48579;2.40243;0.00544698;-0.00361825;0.000142869;0.00544923;-0.0036205;1.00407;-0.000847416;0.00170187;0.995678;0.0291232;0.976994;1;3;1
744.531;790.06;4.56141;2.40091;0.00579494;-0.00270616;-0.000698566;0.00585196;-0.00276318;1.00567;-0.00228986;-0.00331452;0.998084;0.022495;0.98274;1;3;1
767.531;790.06;4.75158;2.37772;0.00685529;-0.00359684;0.00113474;0.00697707;-0.00371861;1.00804;0.00245567;-0.00126402;1.00146;0.0209336;0.985177;1;4;1
790.531;790.06;4.87563;2.46988;0.00597611;-0.00132801;0.000391007;0.00599698;-0.00134888;1.00181;-0.000850949;-0.00418852;1.00375;0.0239639;0.977216;1;4;1
813.531;790.06;5.02564;2.42493;0.00597379;-0.00224123;-0.00185971;0.00637518;-0.00264262;1.01109;-0.0113003;0.00407975;0.999882;0.0229222;0.982227;1;3;1
836.531;790.06;5.14942;2.33648;0.0050873;-0.00197533;0.000206852;0.00509335;-0.00198138;1.00547;-0.00627449;-0.00206721;0.993946;0.020526;0.989492;1;3;1
859.531;790.06;5.25905;2.38265;0.00644531;-0.000781834;0.000312652;0.00645881;-0.000795335;1.00312;0.00149392;0.00277205;0.995705;0.0220429;0.985902;1;3;1
882.531;790.06;5.44493;2.37721;0.00770265;2.50275e-05;-7.31309e-05;0.00770335;2.43309e-05;1.00889;-0.00040166;-0.00547935;0.997453;0.0246648;0.970897;1;3;1
905.531;790.06;5.61193;2.47191;0.00737923;-0.00384405;0.00057455;0.00740856;-0.00387339;1.00875;0.00398124;-0.00115927;0.989334;0.0234028;0.982562;1;4;1
928.531;790.06;5.78305;2.46844;0.00644839;-0.00087596;0.000286084;0.00645955;-0.000887117;1.00605;0.00015357;0.00217068;0.999507;0.0211385;0.988852;1;3;1
951.531;790.06;5.90758;2.4255;0.00510317;-0.001367;-0.000547042;0.0051491;-0.00141292;1.00309;-0.00154474;0.000339273;1.001;0.0195189;0.988688;1;3;1
974.531;790.06;6.01714;2.39691;0.00522502;0.000571972;-0.000603321;0.00530198;0.000495018;1.00678;0.000906249;0.000425721;1.00499;0.0210713;0.98618;1;3;1
997.531;790.06;6.14728;2.37385;0.00616543;-0.000825142;-4.85725e-05;0.00616576;-0.000825479;1.00559;-0.00217282;0.00114727;1.00012;0.0227285;0.987297;1;4;1
1020.53;790.06;6.29988;2.39345;0.0052778;-0.00327201;-8.30747e-05;0.0052786;-0.00327282;1.00463;-0.00109917;0.000143457;0.994811;0.021668;0.988392;1;2;1
1043.53;790.06;6.38941;2.39974;0.00571126;-0.00342229;0.000987735;0.00581685;-0.00352788;1.00569;-0.00575451;-0.00405337;0.994841;0.0225759;0.984228;1;3;1
1066.53;790.06;6.56185;2.41724;0.0052854;-0.00337188;-0.00073917;0.00534806;-0.00343453;1.00369;0.000956251;0.00463417;0.996062;0.022327;0.985199;1;3;1
1089.53;790.06;6.6319;2.3771;0.00693541;-0.00407608;-0.000284819;0.00694277;-0.00408344;1.00516;-0.000671993;-0.00128569;0.996643;0.0235105;0.977462;1;3;1
1112.53;790.06;6.87976;2.37705;0.00895721;-0.00348684;-9.18727e-07;0.00895721;-0.00348684;1.00886;-0.00304662;-0.000419095;0.998702;0.0241875;0.980554;1;3;1
1135.53;790.06;7.0421;2.37449;0.00475236;-0.00329384;0.000447801;0.00477721;-0.00331869;1.00828;-0.00140076;-0.00250719;0.997502;0.0217789;0.98524;1;3;1
1158.53;790.06;7.09785;2.38103;0.00504639;-0.0021456;-4.10793e-05;0.00504663;-0.00214584;1.00477;-0.00409643;0.0022712;0.993701;0.0216805;0.985913;1;3;1
1181.53;790.06;7.27362;2.32562;0.00620633;-0.00256207;-0.00118695;0.00636416;-0.0027199;1.00699;-7.38537e-05;0.0020985;0.996327;0.0185157;0.992579;1;3;1
1204.53;790.06;7.38244;2.33408;0.00611867;-0.00234316;0.000144607;0.00612114;-0.00234563;1.00262;0.000777439;-0.00109643;0.98998;0.020014;0.989276;1;3;1
1227.53;790.06;7.55423;2.33894;0.005667;-0.000890137;-0.00117054;0.0058697;-0.00109283;1.01134;0.0043532;-0.00285357;0.998751;0.0216474;0.989437;1;3;1
1250.53;790.06;7.64238;2.32493;0.00512095;-0.00174097;-0.00148174;0.00542724;-0.00204726;1.00181;0.00396802;0.00562508;0.999922;0.0226514;0.990783;1;3;1
1273.53;790.06;7.78918;2.30263;0.00640307;-0.00221701;0.000569168;0.00644049;-0.00225442;1.0071;0.00603613;-0.00240678;0.999718;0.0245471;0.991696;1;3;1
31.5305;767.06;0.431666;1.99183;0.00507993;-0.00283557;-0.000637408;0.00513092;-0.00288657;1.00071;-0.00573654;-0.00275259;0.998466;0.022423;0.986284;1;3;1
54.5305;767.06;0.548154;1.94146;0.00767379;-0.00418008;0.00110683;0.00777625;-0.00428255;1.01027;-0.00571096;0.00296016;0.99407;0.0247619;0.983464;1;3;1
77.5306;767.06;0.783314;2.00628;0.00774576;-0.00325117;0.00133135;0.00790465;-0.00341006;1.0099;-0.00108114;-0.0054886;0.995168;0.0237342;0.986833;1;3;1
100.531;767.06;0.902833;2.09585;0.00428276;-0.00170325;0.00108464;0.00447323;-0.00189372;0.999959;0.00799317;0.00138759;0.998439;0.0233073;0.983288;1;3;1
123.531;767.06;0.979749;2.12484;0.00472608;-0.00281591;0.00130055;0.00494405;-0.00303387;1.00258;-0.00305065;-0.00544736;0.996725;0.0256361;0.976258;1;3;1
146.531;767.06;1.11953;2.23047;0.00601433;-0.00313277;-0.000287331;0.00602335;-0.00314179;1.00387;0.00333031;-0.00324849;0.99295;0.0258725;0.984468;1;3;1
169.531;767.06;1.25558;2.10293;0.00519844;-0.00186116;-0.00104535;0.00534997;-0.0020127;1.01357;0.00459488;0.00841568;1.00179;0.0274117;0.984266;1;3;1
192.531;767.06;1.35792;2.12572;0.00513087;-0.00207467;0.000644757;0.0051881;-0.00213191;1.00253;0.00783769;-0.00597035;0.995038;0.0236479;0.989189;1;3;1
215.531;767.06;1.49093;2.17757;0.00698915;-0.00402878;0.000403599;0.00700392;-0.00404354;1.00453;-0.0025082;-0.00347531;0.997147;0.0226646;0.988788;1;3;1
238.531;767.06;1.67817;2.23569;0.00632637;-0.00245072;-0.000256123;0.00633384;-0.00245818;1.00129;-0.00277112;0.00779694;0.998191;0.0257193;0.988148;1;3;1
261.531;767.06;1.78103;2.16715;0.00525787;-0.00246399;-0.00020695;0.00526341;-0.00246953;1.00494;0.00212454;-0.00301053;0.996614;0.0244425;0.986629;1;3;1
284.531;767.06;1.91939;2.20168;0.00485892;-0.00301974;0.000856547;0.00495097;-0.00311178;1.00519;-0.0038904;-0.00313415;0.995187;0.0232632;0.985031;1;3;1
307.531;767.06;2.00394;2.24252;0.00507139;-0.00269887;0.00143639;0.00532841;-0.00295589;1.00329;-0.00350356;0.000770744;0.999086;0.0238112;0.98649;1;3;1
330.531;767.06;2.15202;2.2808;0.00610589;-0.000864032;0.000234333;0.00611376;-0.000871902;1.00381;-0.000850972;-0.000441603;1.00184;0.0220988;0.986706;1;3;1
353.531;767.06;2.28394;2.28064;0.00422456;-0.000904711;-0.000253696;0.00423708;-0.000917228;1.00504;0.000669921;-0.00233454;0.998407;0.0188538;0.987612;1;2;1
376.531;767.06;2.34592;2.23644;0.00452856;-0.00222165;0.000566292;0.00457574;-0.00226883;1.00752;-0.003231;0.00049661;0.997797;0.0246464;0.978747;1;4;1
399.531;767.06;2.49179;2.27369;0.00705412;-0.00141649;0.00121607;0.00722525;-0.00158762;1.00465;-0.00352346;0.000239268;1.00037;0.0219053;0.986916;1;3;1
422.531;767.06;2.66926;2.25567;0.00590415;-0.00206435;0.000386444;0.00592285;-0.00208304;1.0054;-0.000223427;0.00355023;0.997725;0.019648;0.98747;1;3;1
445.531;767.06;2.76258;2.266;0.00744688;-0.00386439;0.000785992;0.00750124;-0.00391875;1.01567;0.00258891;-0.00453427;0.993692;0.0209387;0.990064;1;3;1
468.531;767.06;3.01047;2.34497;0.00889365;-0.00168323;0.000545295;0.00892169;-0.00171127;1.00555;-3.08045e-05;-0.00362004;0.999055;0.0206844;0.988715;1;3;1
491.531;767.06;3.16984;2.33002;0.00541939;-0.0035055;-0.000546131;0.00545269;-0.0035388;1.00307;0.00151635;0.000729509;0.997254;0.0218143;0.988868;1;3;1
514.531;767.06;3.25909;2.35043;0.00504945;-0.00186498;-7.49836e-05;0.00505026;-0.0018658;1.00972;-0.0015825;-0.00272208;0.999868;0.0221093;0.990931;1;3;1
537.531;767.06;3.40147;2.40243;0.0045738;-0.00111476;-0.000540619;0.00462472;-0.00116569;1.00838;0.0070664;0.0031588;1.00133;0.0197315;0.989842;1;4;1
560.531;767.06;3.469;2.3455;0.00443154;-0.00222908;-0.00033471;0.00444832;-0.00224586;1.00035;-0.00890232;-0.00191426;0.995238;0.024181;0.979446;1;4;1
583.531;767.06;3.60484;2.34772;0.00563816;-0.00197971;-0.000300145;0.00564997;-0.00199152;1.00817;0.00039869;0.00265248;0.999268;0.0214361;0.985276;1;3;1
606.531;767.06;3.72759;2.40778;0.00631942;-0.00130296;0.00032729;0.00633345;-0.00131698;1.00242;-0.00119977;0.00116494;1.00377;0.0207957;0.984143;1;3;1
629.531;767.06;3.89457;2.4193;0.00710957;-0.0039146;-0.000732582;0.00715804;-0.00396307;1.009;0.00318509;-0.00523823;0.991131;0.0247448;0.978896;1;4;1
652.531;767.06;4.05348;2.39954;0.00598631;-0.00240984;-0.000243068;0.00599334;-0.00241687;1.00819;-0.00105207;0.00419429;0.996637;0.023715;0.98188;1;3;1
675.531;767.06;4.16907;2.35478;0.00627972;-0.00193891;0.000137868;0.00628203;-0.00194122;1.0046;-0.00379731;0.00404163;0.997521;0.0249258;0.983258;1;3;1
698.531;767.06;4.34144;2.38365;0.00692997;-0.0021913;0.000866635;0.00701158;-0.00227291;1.00996;0.00670217;-0.00535619;0.999348;0.0237977;0.987819;1;4;1
721.531;767.06;4.48668;2.4396;0.00566174;-0.00223516;0.000373502;0.00567937;-0.00225279;1.00361;0.00246999;0.00319337;0.998206;0.02619;0.981145;1;4;1
744.531;767.06;4.60112;2.42917;0.00538547;-0.00145468;0.000653264;0.0054473;-0.00151651;1.00143;0.00438337;-0.00523072;0.999394;0.0264693;0.975674;1;3;1
767.531;767.06;4.73372;2.49234;0.0069844;-0.00275096;-0.000244041;0.00699052;-0.00275708;1.00938;-0.00563971;-0.000935175;0.993508;0.0296819;0.967353;1;4;1
790.531;767.06;4.92126;2.37657;0.00748192;-0.00132778;-0.00106486;0.00760881;-0.00145467;1.00848;0.0014363;0.00456521;0.997071;0.0248413;0.982335;1;3;1
813.531;767.06;5.07654;2.41329;0.00517827;-0.00255222;0.000883169;0.00527788;-0.00265183;1.00738;0.00731305;-0.00532797;0.994596;0.0213319;0.987143;1;4;1
836.531;767.06;5.15881;2.43867;0.00601217;-0.004177;-4.89437e-05;0.0060124;-0.00417724;1.00499;0.00216889;0.00319557;0.994517;0.0214141;0.987184;1;3;1
859.531;767.06;5.35227;2.40824;0.00646756;-0.00260596;-0.000346231;0.00648076;-0.00261915;1.00135;0.0024692;-0.00342058;0.998231;0.0264641;0.975282;1;3;1
882.531;767.06;5.4553;2.36655;0.00622261;-0.00208458;0.00201629;0.00668613;-0.00254811;1.00484;0.00524172;0.00263588;0.996373;0.024894;0.971404;1;4;1
905.531;767.06;5.63743;2.54431;0.00625574;-0.000215169;0.00138021;0.00653783;-0.000497264;1.00807;-0.00450203;0.00345621;1.00599;0.025196;0.977395;1;4;1
928.531;767.06;5.74207;2.46439;0.00535154;-0.00162446;-0.00100736;0.00549409;-0.00176701;1.00402;-0.00451029;0.00112618;0.996819;0.0204931;0.988739;1;3;1
951.531;767.06;5.88281;2.43575;0.00594808;-0.00186407;-0.00111397;0.00610382;-0.00201981;1.00098;-0.00317367;-0.00215568;0.993452;0.0232792;0.982287;1;3;1
974.531;767.06;6.01477;2.36541;0.00581807;-0.00194766;-0.000667053;0.00587495;-0.00200454;1.01088;-0.00591784;0.00261891;0.991727;0.0254358;0.976517;1;3;1
997.531;767.06;6.14966;2.39925;0.00720525;-0.00304461;0.000818698;0.00727023;-0.00310959;1.01006;0.00109936;-0.00713565;0.998283;0.0195264;0.989191;1;3;1
1020.53;767.06;6.34492;2.46489;0.0055931;-0.00152643;0.000143065;0.00559597;-0.0015293;1.00141;-0.000383429;0.0019746;0.997948;0.0226748;0.989508;1;3;1
1043.53;767.06;6.40613;2.49204;0.00550461;-0.00162676;-0.000729137;0.0055784;-0.00170055;1.0062;-4.41501e-05;-0.0023654;0.99635;0.0210486;0.986115;1;3;1
1066.53;767.06;6.59743;2.47167;0.00527353;-0.00367477;0.000468812;0.00529802;-0.00369927;1.00638;-0.00192241;0.000845485;0.998438;0.0224293;0.986865;1;3;1
1089.53;767.06;6.64807;2.51225;0.00511256;-0.00193861;-0.000610675;0.00516505;-0.00199111;1.00279;0.00261789;-0.00187936;0.998714;0.0223087;0.983986;1;3;1
1112.53;767.06;6.83201;2.48274;0.00740659;-0.00295717;-0.000796324;0.00746742;-0.003018;1.00618;0.00289238;-0.000121909;0.994897;0.0247308;0.982699;1;3;1
1135.53;767.06;6.98749;2.4549;0.0058622;-0.00223402;-0.000857589;0.00595205;-0.00232387;1.00915;-0.000783691;0.00575564;0.995789;0.0271511;0.973414;1;3;1
1158.53;767.06;7.10082;2.40114;0.00610949;-0.00185269;-0.00109401;0.00625707;-0.00200027;1.00441;0.00928311;-0.00376423;1.00584;0.0236956;0.984617;1;3;1
1181.53;767.06;7.26764;2.40223;0.00572621;-0.00207581;-0.000406244;0.0057473;-0.0020969;1.00374;6.42139e-06;0.00340114;0.998257;0.0217501;0.991025;1;3;1
1204.53;767.06;7.36347;2.40159;0.00527586;-0.00268927;-0.000332323;0.0052897;-0.00270312;1.00893;-0.000373206;-0.000666315;0.999723;0.0191333;0.992578;1;3;1
1227.53;767.06;7.50969;2.3928;0.00630309;-0.00229245;1.37085e-05;0.00630312;-0.00229248;1.00335;-0.00116725;-0.0017236;1.00152;0.0227528;0.993037;1;3;1
1250.53;767.06;7.6525;2.38692;0.00566203;-0.00213304;-0.00116728;0.00583307;-0.00230409;1.00918;-0.000833261;0.00107799;0.99773;0.0215776;0.98847;1;3;1
1273.53;767.06;7.7694;2.3659;0.005096;-0.00280339;-0.000506568;0.00512836;-0.00283574;1.00286;-0.00131257;0.00223643;0.993541;0.0285892;0.987184;1;3;1
31.5305;744.06;0.424271;2.10083;0.00322871;-0.00402373;-0.000557746;0.00327136;-0.00406638;1.0013;0.00179852;-0.00169832;0.994101;0.0295036;0.981338;1;3;1
54.5305;744.06;0.498412;2.09891;0.00704585;-0.00476888;-0.00032594;0.00705483;-0.00477786;1.00691;0.00614095;-0.00289312;0.99239;0.0240259;0.989965;1;3;1
77.5306;744.06;0.747218;2.15201;0.0084533;-0.00350809;0.000692906;0.0084933;-0.00354809;1.01205;-0.000959329;-0.00283887;0.99254;0.0216169;0.990943;1;3;1
100.531;744.06;0.885603;2.15233;0.00605912;-0.00305619;0.00160632;0.0063339;-0.00333098;1.00473;-0.00910958;0.000897006;0.998144;0.0226406;0.990169;1;3;1
123.531;744.06;1.02509;2.1717;0.00529771;-0.00244318;0.000773161;0.00537418;-0.00251965;1.00533;-0.000429056;-0.00161273;1.00092;0.0217032;0.988385;1;3;1
146.531;744.06;1.12861;2.21954;0.00439963;-0.000767342;0.000353548;0.00442371;-0.000791421;1.00624;-0.00671694;-0.00536886;1.00141;0.0242357;0.986889;1;2;1
169.531;744.06;1.22703;2.20017;0.00512965;-0.00427687;-0.000320679;0.00514057;-0.00428779;1.00618;-0.00807978;0.00548159;0.998709;0.0247518;0.993123;1;3;1
192.531;744.06;1.36397;2.2256;0.00582972;-0.00348238;-6.48561e-05;0.00583017;-0.00348283;1.00089;-0.00219131;-0.00269264;0.995775;0.0238155;0.987162;1;3;1
215.531;744.06;1.49437;2.26356;0.00579133;-0.00297649;0.000880606;0.0058789;-0.00306406;1.00186;0.00232103;-0.00682441;0.995485;0.0217768;0.99046;1;3;1
238.531;744.06;1.62956;2.2904;0.00680678;-0.00183957;0.000570933;0.00684432;-0.00187711;1.00395;0.00285676;0.00584536;0.999519;0.0223191;0.986565;1;4;1
261.531;744.06;1.80643;2.2657;0.00642145;-0.00383839;0.000123978;0.00642295;-0.00383989;1.00894;0.00122817;-0.00198912;0.993242;0.0213037;0.989262;1;3;1
284.531;744.06;1.924;2.3005;0.00515801;-0.00394169;0.000730742;0.00521631;-0.004;1.00603;0.00174044;-0.00180776;0.993817;0.0214015;0.989083;1;3;1
307.531;744.06;2.04308;2.27897;0.00610311;-0.00313238;-0.000579095;0.00613928;-0.00316855;1.00818;0.000817039;-0.000245022;0.994207;0.0220621;0.99005;1;3;1
330.531;744.06;2.20388;2.27182;0.00497827;-0.00147525;0.000442988;0.00500853;-0.00150552;1.00802;0.00269898;-0.00172913;0.997414;0.0198414;0.99046;1;3;1
353.531;744.06;2.27151;2.3046;0.00384123;-0.00151483;0.0015208;0.00424292;-0.00191652;1.00482;-0.000387401;3.73293e-06;0.999271;0.0220871;0.987297;1;3;1
376.531;744.06;2.38015;2.36503;0.00405966;-0.00410354;-0.000621973;0.00410677;-0.00415066;0.998801;0.0110835;-0.00243379;0.995271;0.0230371;0.97789;1;4;1
399.531;744.06;2.45787;2.32486;0.00574521;-0.00374397;-0.000888473;0.00582769;-0.00382644;1.00766;0.00102948;0.00233948;0.995479;0.0247997;0.982123;1;4;1
422.531;744.06;2.64366;2.33563;0.00800439;-0.00370488;0.00134178;0.00815618;-0.00385667;1.00815;-0.011607;-0.000931933;0.996183;0.0244296;0.98161;1;4;1
445.531;744.06;2.82454;2.40666;0.00667606;-0.00305039;0.000422482;0.00669437;-0.0030687;1.01047;-0.00430802;-0.00626873;0.999712;0.0199914;0.989912;1;3;1
468.531;744.06;2.94972;2.3839;0.00689585;-0.00059254;0.0019941;0.00739376;-0.00109045;1.00716;-0.00792087;0.00271188;1.00204;0.0202138;0.991649;1;3;1
491.531;744.06;3.14064;2.4485;0.00675621;-0.00217868;0.00101453;0.00686996;-0.00229243;1.00161;-0.00264416;0.00291981;0.998745;0.0206326;0.990321;1;3;1
514.531;744.06;3.25946;2.40185;0.00538237;-0.00223106;-0.000466542;0.00541085;-0.00225954;1.01023;0.00230825;0.00233899;1.00084;0.0196559;0.992278;1;3;1
537.531;744.06;3.38755;2.40329;0.00441399;-0.000414094;7.57115e-05;0.00441518;-0.000415281;1.00459;-0.00415939;-0.00470953;1.00591;0.0180862;0.993343;1;3;1
560.531;744.06;3.46205;2.40224;0.00567875;-0.00220838;-0.000834037;0.00576598;-0.00229561;1.00273;0.00668509;0.00507548;0.998509;0.0209272;0.987356;1;4;1
583.531;744.06;3.64803;2.40571;0.0064954;-0.00219326;0.000940084;0.00659595;-0.00229381;1.00609;9.44536e-05;0.000680475;0.999125;0.0192181;0.988877;1;3;1
606.531;744.06;3.75984;2.45988;0.00544708;-0.00223163;0.00093128;0.00555842;-0.00234296;1.00311;-0.000385206;-0.0058091;0.993837;0.0212898;0.987262;1;3;1
629.531;744.06;3.89783;2.49536;0.00496145;-0.00231009;-0.000475519;0.00499242;-0.00234105;1.00987;-0.000522795;0.00383372;1.00159;0.0237751;0.983463;1;3;1
652.531;744.06;3.98749;2.42489;0.00526977;-0.002474;0.000102791;0.00527113;-0.00247536;1.00198;-0.00344654;0.00128982;0.997651;0.0210325;0.985902;1;4;1
675.531;744.06;4.13961;2.5018;0.0071764;-0.00350156;0.000581597;0.00720798;-0.00353315;1.00525;-0.00118773;-0.00396599;0.995093;0.0216643;0.983457;1;3;1
698.531;744.06;4.31642;2.4583;0.00779491;-0.0047732;-0.000504496;0.00781513;-0.00479342;1.01131;-0.00305311;0.00611145;0.993772;0.0223995;0.985205;1;3;1
721.531;744.06;4.49678;2.50536;0.00517839;-0.00202928;-0.000238674;0.00518628;-0.00203717;1.00117;0.00205111;-0.00270662;1.00146;0.0286924;0.981504;1;4;1
744.531;744.06;4.55401;2.46787;0.00490332;-0.0020918;-5.28737e-05;0.00490372;-0.0020922;1.00678;-0.0022837;0.00102505;1.00206;0.0270808;0.977591;1;3;1
767.531;744.06;4.72179;2.50445;0.00743062;-0.00150678;0.000430985;0.00745136;-0.00152752;1.00817;0.00342895;-0.0014908;1.00052;0.0265801;0.984512;1;4;1
790.531;744.06;4.89452;2.53101;0.00620732;-0.00488036;0.000319161;0.0062165;-0.00488954;1.0028;0.000995549;-0.00101512;0.994117;0.0248943;0.979972;1;3;1
813.531;744.06;5.00643;2.54249;0.00554524;-0.00340046;0.000700191;0.00559972;-0.00345494;1.01174;-0.00230818;0.0051956;0.996863;0.0218326;0.985543;1;3;1
836.531;744.06;5.14889;2.52902;0.00463725;-0.00319631;-0.000116883;0.00463899;-0.00319805;1.00403;0.00126958;-0.00427916;0.997562;0.022442;0.982972;1;3;1
859.531;744.06;5.21923;2.5027;0.00537658;-0.00446903;0.000570148;0.00540949;-0.00450193;1.004;-0.00529284;0.00206702;0.997647;0.0272157;0.984904;1;3;1
882.531;744.06;5.39552;2.47323;0.00793819;-0.00294726;0.000440773;0.00795601;-0.00296508;1.00557;-0.00239486;-0.00452348;0.998926;0.0224443;0.981344;1;3;1
905.531;744.06;5.58295;2.48182;0.00811867;0.00074378;0.00122933;0.00831819;0.000544259;1.00823;0.00195111;-0.00128524;0.998381;0.019804;0.987114;1;3;1
928.531;744.06;5.76742;2.54322;0.00716287;-0.00267134;-0.000300286;0.00717203;-0.0026805;1.0076;0.000846453;-0.00135353;0.997962;0.0214505;0.986537;1;3;1
951.531;744.06;5.91126;2.51132;0.00598627;-0.00324839;-0.000917072;0.00607647;-0.00333858;1.00772;0.000452104;0.00216509;0.995398;0.0226135;0.986303;1;3;1
974.531;744.06;6.04194;2.4866;0.00566169;-0.00387457;-0.000802704;0.00572879;-0.00394166;1.00402;0.00754258;-0.00132991;0.99436;0.0210831;0.986497;1;4;1
997.531;744.06;6.17096;2.51412;0.00735277;-0.00362514;-9.28273e-05;0.00735356;-0.00362592;1.00783;-0.0012675;-0.00313936;0.99485;0.021789;0.988534;1;4;1
1020.53;744.06;6.37893;2.46379;0.00636625;-0.00274855;0.000334969;0.00637854;-0.00276085;1.00736;0.00022928;0.00381901;0.998203;0.0226284;0.986761;1;3;1
1043.53;744.06;6.46287;2.47469;0.00348895;-0.00161521;0.000796137;0.00361025;-0.00173651;1.00184;0.00507145;-0.00658073;1.00306;0.0204384;0.983818;1;3;1
1066.53;744.06;6.53898;2.58659;0.00514188;-0.00301464;-5.49552e-05;0.00514225;-0.00301501;1.00786;0.00185717;0.000210828;0.99696;0.0215924;0.984234;1;3;1
1089.53;744.06;6.69879;2.46641;0.00778657;0.000205278;-0.0016958;0.0081486;-0.000156753;1.00706;-0.00466753;0.00138177;0.999735;0.0239465;0.984757;1;3;1
1112.53;744.06;6.89572;2.51328;0.00743616;-0.00173153;-2.36586e-05;0.00743623;-0.00173159;1.00964;3.66464e-05;0.000589047;0.999188;0.021067;0.986854;1;3;1
1135.53;744.06;7.03959;2.47737;0.00544838;-0.00240734;-0.000215557;0.00545429;-0.00241325;1.00446;-0.00120974;0.0023045;0.998853;0.0216512;0.986833;1;2;1
1158.53;744.06;7.14564;2.46636;0.00592374;-0.00382108;-0.000213987;0.00592844;-0.00382578;1.01114;-0.0046251;0.00587528;0.992785;0.0200282;0.986748;1;3;1
1181.53;744.06;7.31124;2.42122;0.00562138;-0.00200094;-0.000200199;0.00562664;-0.00200619;1.00438;0.00250094;-0.00268567;1.00207;0.0201619;0.987735;1;3;1
1204.53;744.06;7.4035;2.45796;0.00495103;-0.00251791;3.27402e-05;0.00495117;-0.00251806;1.0056;0.00381101;-0.00242357;1.00049;0.0208248;0.988029;1;3;1
1227.53;744.06;7.53842;2.44452;0.0069586;-0.00257499;-0.00135253;0.00714677;-0.00276317;1.0048;0.00705399;0.00200674;0.999158;0.0242285;0.984218;1;3;1
1250.53;744.06;7.72248;2.42322;0.00556791;-0.00146109;-0.00076255;0.00564969;-0.00154287;1.00799;-0.00124798;0.000341988;0.997516;0.0237183;0.991116;1;3;1
1273.53;744.06;7.79384;2.43177;0.0031075;-0.000961098;-0.00136384;0.00352237;-0.00137597;1.00038;0.00161648;0.0046624;0.99617;0.0259789;0.985785;1;3;1
31.5305;721.06;0.478999;2.17732;0.00652198;-0.00328102;-0.00133287;0.00669998;-0.00345901;1.00416;0.00168351;-0.00118996;1.00063;0.0238548;0.985556;1;3;1
54.5305;721.06;0.628514;2.16142;0.0064092;-0.00331084;-0.00164256;0.00667927;-0.00358091;1.00522;0.00974945;0.000514267;0.997956;0.0267602;0.98372;1;3;1
77.5306;721.06;0.772883;2.16794;0.00320057;-0.00259168;0.000711131;0.0032866;-0.00267771;1.00772;-0.00135859;-0.000714895;0.994924;0.0249287;0.991118;1;3;1
100.531;721.06;0.775443;2.23683;0.00441965;-0.00304851;0.00145907;0.00469459;-0.00332345;1.00369;0.00288719;-0.00618805;0.99331;0.0231856;0.987763;1;3;1
123.531;721.06;0.975688;2.23736;0.00741937;-0.00289176;0.00106202;0.00752762;-0.00300001;1.00537;-0.0032229;0.0012658;0.993687;0.0188649;0.992578;1;3;1
146.531;721.06;1.11547;2.26578;0.00687764;-0.00255649;0.000894859;0.00696177;-0.00264062;1.00634;0.00728994;-0.0036725;0.993569;0.0264049;0.986933;1;3;1
169.531;721.06;1.29094;2.30011;0.00678788;-0.00334074;-0.000332332;0.00679878;-0.00335164;1.01427;0.00042424;0.00222154;0.995373;0.0263005;0.985024;1;3;1
192.531;721.06;1.42665;2.28624;0.00400096;-0.00292452;-0.000602408;0.00405296;-0.00297653;1.00155;0.000924616;0.00032899;1.00107;0.0214795;0.991188;1;3;1
215.531;721.06;1.47461;2.31469;0.0043895;-0.00227027;0.000748588;0.00447261;-0.00235338;1.00676;-0.00299843;-0.000880466;0.996829;0.0192285;0.991497;1;3;1
238.531;721.06;1.62812;2.32041;0.00665455;-0.00110061;0.000274982;0.00666429;-0.00111035;1.00514;-0.00189959;-0.00178348;0.999063;0.0174795;0.990646;1;3;1
261.531;721.06;1.7797;2.34406;0.00517805;-0.00383233;0.00093755;0.00527457;-0.00392885;1.00591;-0.0035895;0.00108351;1.00004;0.0210997;0.992419;1;3;1
284.531;721.06;1.86565;2.38339;0.00542329;-0.00226135;0.000912273;0.00553011;-0.00236816;1.00913;-0.00154203;-0.00167486;0.997759;0.0235477;0.989512;1;3;1
307.531;721.06;2.02848;2.38684;0.00591516;-0.0033405;-0.000599602;0.00595384;-0.00337918;1.00883;0.00482537;0.00124457;0.996715;0.0212484;0.990603;1;4;1
330.531;721.06;2.13694;2.34871;0.00454951;-0.00282063;4.17737e-05;0.00454975;-0.00282087;1.00137;0.00152232;0.000107241;0.994543;0.0212385;0.99094;1;3;1
353.531;721.06;2.23727;2.3504;0.00623953;-0.00316842;0.00103517;0.00635209;-0.00328098;1.00757;-0.00077775;2.84854e-05;0.99547;0.0213439;0.986309;1;3;1
376.531;721.06;2.423;2.42565;0.0066911;-0.00280354;0.00111534;0.00682036;-0.00293279;1.00608;-0.00132945;-0.00369801;0.995967;0.0213962;0.989285;1;3;1
399.531;721.06;2.54394;2.44626;0.00445862;-0.00196231;-0.00070538;0.00453519;-0.00203889;1.00664;-0.00178238;0.00049545;1.00026;0.0230764;0.983862;1;3;1
422.531;721.06;2.62764;2.42643;0.00496568;-0.00349407;-0.000308134;0.00497689;-0.00350528;0.999905;0.00775363;0.00313402;0.994391;0.0219612;0.9886;1;4;1
445.531;721.06;2.77178;2.40654;0.00527882;-0.00112987;-0.00029354;0.00529223;-0.00114329;1.01008;-0.00131543;0.00163573;0.995326;0.0203586;0.990605;1;3;1
468.531;721.06;2.8698;2.37245;0.00704969;-0.00239565;0.000198315;0.00705386;-0.00239982;1.00462;0.00392529;-0.00575817;0.994229;0.022945;0.987161;1;3;1
491.531;721.06;3.09492;2.4304;0.00845247;-0.000638793;0.00181915;0.00880296;-0.000989289;1.00688;0.00135525;0.00272976;0.995641;0.0224583;0.98678;1;3;1
514.531;721.06;3.25691;2.45317;0.00654317;-0.00234021;0.000178059;0.00654674;-0.00234378;1.0095;-0.00339298;-0.000893302;0.991401;0.0205641;0.991082;1;4;1
537.531;721.06;3.39493;2.42148;0.00634161;-0.0031387;0.000891103;0.00642464;-0.00322173;1.00516;0.00201882;-0.000715786;0.987826;0.0204402;0.987167;1;3;1
560.531;721.06;3.54771;2.44726;0.00394536;-0.00182829;0.000530186;0.00399365;-0.00187657;0.99912;-0.00305484;0.00337653;0.998039;0.0192708;0.99066;1;3;1
583.531;721.06;3.57605;2.44873;0.00400099;-0.00252482;0.00143985;0.00430455;-0.00282839;1.00246;-0.00587656;-0.00792523;0.997517;0.0231629;0.983294;1;3;1
606.531;721.06;3.73134;2.51055;0.00714226;-0.00262119;0.000795982;0.00720672;-0.00268566;1.00705;-0.000180869;-0.00133175;1.00007;0.0200051;0.989972;1;4;1
629.531;721.06;3.90336;2.52569;0.00696142;-0.000299579;0.000449086;0.00698909;-0.000327249;1.01037;-0.00275452;0.000345215;1.00192;0.0232481;0.978416;1;3;1
652.531;721.06;4.05046;2.51348;0.0053543;-0.00326824;-0.000240781;0.00536102;-0.00327496;1.00378;0.000254089;0.00232809;1.00045;0.0214584;0.98536;1;3;1
675.531;721.06;4.14901;2.51614;0.00743265;-0.00116667;0.000810923;0.00750846;-0.00124247;1.00458;0.00468946;-0.00228887;1.00149;0.0225803;0.986948;1;4;1
698.531;721.06;4.39101;2.60377;0.0080544;-0.00357118;-0.000115671;0.00805555;-0.00357233;1.01219;-0.00145145;-0.00491624;0.994534;0.0223056;0.981412;1;4;1
721.531;721.06;4.51802;2.53306;0.00466543;-0.00259428;-0.000467633;0.00469543;-0.00262428;1.00442;-0.0035322;0.00994947;0.990146;0.0214435;0.982987;1;3;1
744.531;721.06;4.60506;2.52549;0.0052073;-0.00321083;0.000297191;0.00521778;-0.00322131;0.997212;-0.00119793;-0.00299039;0.993054;0.0242254;0.983222;1;3;1
767.531;721.06;4.75693;2.56171;0.00708369;-0.000820566;0.00118416;0.00725728;-0.000994156;1.01276;-0.00972504;-0.00407879;0.99985;0.0293402;0.983151;1;4;1
790.531;721.06;4.9297;2.60162;0.00552781;-0.00146841;0.000462413;0.00555824;-0.00149884;1.00429;-0.00904741;-0.00110495;0.999697;0.0225445;0.984383;1;3;1
813.531;721.06;5.01051;2.57003;0.00436456;-0.00095056;-0.00103835;0.00456021;-0.00114621;1.00711;-0.001806;0.00344577;0.997901;0.026501;0.978387;1;4;1
836.531;721.06;5.13003;2.58594;0.0051078;-0.00110407;0.00105567;0.00528231;-0.00127857;1.00041;-0.00194037;-0.00768363;1.00592;0.02768;0.970278;1;3;1
859.531;721.06;5.24485;2.6144;0.00576565;-0.00146928;-0.00164774;0.00612325;-0.00182688;1.00833;0.00921068;0.0107825;1.00055;0.0266171;0.971897;1;4;1
882.531;721.06;5.39441;2.50237;0.00763733;-0.00249906;-0.00136748;0.00781857;-0.0026803;1.01081;0.00159859;-0.00224918;0.99944;0.0247252;0.974501;1;3;1
905.531;721.06;5.59472;2.51012;0.00882959;-0.00224745;0.000753476;0.0088806;-0.00229846;1.00541;-0.00380529;-0.00215081;0.996371;0.0216972;0.985025;1;3;1
928.531;721.06;5.79872;2.58747;0.00689136;-0.00158745;0.00165699;0.00720367;-0.00189977;1.00203;-0.00266909;-0.000881127;0.9962;0.0224395;0.982079;1;3;1
951.531;721.06;5.91058;2.58543;0.00637387;-0.00272204;-3.32813e-06;0.00637387;-0.00272204;1.00879;0.00149363;-0.000122406;0.998474;0.0212617;0.986302;1;3;1
974.531;721.06;6.09097;2.54405;0.00490332;-0.00309267;-0.000321152;0.0049162;-0.00310555;1.00785;-0.00364086;-0.000727392;0.999804;0.0245221;0.974222;1;3;1
997.531;721.06;6.13557;2.56631;0.00401396;-0.00309819;0.000936941;0.00413532;-0.00321955;1.00388;-0.00474929;-0.00235736;0.993304;0.0241673;0.981324;1;3;1
1020.53;721.06;6.27522;2.59155;0.0069752;-0.00438655;0.000988057;0.00706048;-0.00447184;1.00269;-0.0016151;0.00197038;0.996137;0.0235191;0.973656;1;3;1
1043.53;721.06;6.45532;2.56643;0.00695979;-0.00508919;0.000962188;0.00703614;-0.00516554;1.00924;-0.0117349;-0.00104815;0.992015;0.0220051;0.981552;1;4;1
1066.53;721.06;6.59426;2.61056;0.00599279;-6.94001e-05;-0.00110225;0.00618698;-0.000263594;1.00765;-0.0015658;0.000984947;1.0009;0.0202847;0.985021;1;3;1
1089.53;721.06;6.73013;2.50288;0.00546704;-0.0035765;0.000342132;0.00547997;-0.00358943;1.00403;0.0029164;0.00154689;0.999304;0.021993;0.98689;1;3;1
1112.53;721.06;6.84503;2.56247;0.00502499;-0.00347096;0.0012662;0.00520968;-0.00365566;1.00526;-0.00182931;-0.00587195;0.998732;0.0224475;0.988681;1;3;1
1135.53;721.06;6.96065;2.56578;0.00478847;-0.00357402;5.5879e-06;0.00478847;-0.00357402;1.00578;-0.000410104;0.00400105;0.996076;0.0218119;0.987845;1;3;1
1158.53;721.06;7.06477;2.57726;0.00691539;-0.00305504;-0.000446799;0.00693537;-0.00307502;1.0108;0.00119282;0.00354285;0.995653;0.0246231;0.979825;1;3;1
1181.53;721.06;7.27762;2.49437;0.00695584;-0.003964;0.00049722;0.00697844;-0.0039866;1.00512;-0.00110514;0.0010457;0.991891;0.0213477;0.987634;1;3;1
1204.53;721.06;7.3836;2.51757;0.00700815;-0.00327659;0.000564446;0.00703904;-0.00330748;1.00628;-0.00878004;-0.0051766;0.990218;0.023485;0.978628;1;3;1
1227.53;721.06;7.59887;2.51149;0.00711321;-0.00392232;-0.0011396;0.00722966;-0.00403877;1.00843;-0.00344437;0.00581634;0.991037;0.0237804;0.980216;1;3;1
1250.53;721.06;7.70961;2.45421;0.00682206;-0.00188915;-0.00110627;0.00696035;-0.00202744;1.00025;0.00225587;0.00382822;0.998839;0.024123;0.98433;1;3;1
1273.53;721.06;7.91151;2.41035;0.00881848;-0.00273505;-0.0014123;0.00898862;-0.00290518;1.00611;0.00646019;0.00353336;1.00145;0.0264962;0.990176;1;3;1
31.5305;698.06;0.514614;2.2521;0.0054347;-0.00256052;-0.000301249;0.00544604;-0.00257185;1.00575;0.00295264;-0.0046819;0.995069;0.0205509;0.99084;1;3;1
54.5305;698.06;0.639274;2.25168;0.00528264;-0.00298387;0.000754521;0.00535095;-0.00305218;1.00198;-0.00338777;-0.000124234;0.998898;0.0245202;0.983629;1;3;1
77.5306;698.06;0.756973;2.27139;0.00395581;-0.00345001;0.000815862;0.00404462;-0.00353882;1.00394;-0.00150397;0.000623328;0.998079;0.0201127;0.991457;1;3;1
100.531;698.06;0.820864;2.29282;0.00435298;-0.00218302;-0.000647812;0.00441657;-0.00224661;1.00498;-0.000983373;-0.000527272;1.00134;0.0218306;0.986925;1;2;1
123.531;698.06;0.956764;2.30496;0.00628391;-0.00359107;0.000310906;0.00629369;-0.00360085;1.0061;-0.00142502;-0.00154767;1.00201;0.0228404;0.988121;1;3;1
146.531;698.06;1.109;2.33729;0.0070006;-0.00262515;0.000784595;0.00706413;-0.00268868;1.0012;-0.00507547;-0.00108123;0.999551;0.0239434;0.98742;1;3;1
169.531;698.06;1.27765;2.35413;0.00708273;-0.0032617;0.000725438;0.00713336;-0.00331232;1.01268;0.0014394;-0.000894197;0.996627;0.0211761;0.991516;1;3;1
192.531;698.06;1.43365;2.36038;0.00396665;-0.00304676;0.000337094;0.00398282;-0.00306293;0.998857;0.00528274;-0.000477187;0.994872;0.0202932;0.991149;1;3;1
215.531;698.06;1.45975;2.36813;0.0043554;-0.00174296;-0.00090592;0.00448713;-0.00187469;1.00981;0.00304777;0.00371945;1.00111;0.0234485;0.989568;1;4;1
238.531;698.06;1.63356;2.34105;0.00705365;-0.00293607;0.000892678;0.0071328;-0.00301521;1.00201;-0.000894635;-0.00153774;0.998673;0.0258811;0.9836;1;3;1
261.531;698.06;1.78302;2.44233;0.00543781;-0.00227519;0.000777148;0.00551533;-0.00235271;1.00984;0.00153198;-0.00498405;0.99764;0.0200833;0.991909;1;3;1
284.531;698.06;1.88298;2.40466;0.00611738;-0.00264347;-0.000477901;0.00614338;-0.00266946;1.00361;0.00189345;0.001096;0.998996;0.0195741;0.992118;1;3;1
307.531;698.06;2.06357;2.43289;0.00612504;-0.00293952;0.000220679;0.00613041;-0.00294489;1.00501;-0.00553906;-0.000230233;0.999775;0.0197606;0.991922;1;3;1
330.531;698.06;2.16388;2.40177;0.00412858;-0.00384573;-0.000239428;0.00413577;-0.00385291;1.00566;-8.20292e-05;0.0016397;0.997103;0.0201805;0.990769;1;3;1
353.531;698.06;2.25309;2.45059;0.00456238;-0.0030217;0.001443;0.00482766;-0.00328698;1.0001;-2.76522e-05;-0.00177249;0.997775;0.0197769;0.991652;1;3;1
376.531;698.06;2.37318;2.49417;0.00589062;-0.000882571;5.49553e-05;0.00589107;-0.000883016;1.011;-0.0026156;-0.00590643;1.00186;0.0238506;0.98538;1;3;1
399.531;698.06;2.52325;2.41526;0.00565295;-0.000844741;0.000393767;0.00567673;-0.000868517;1.00106;0.000848507;-0.00118927;1.00102;0.0199511;0.989582;1;3;1
422.531;698.06;2.63248;2.49664;0.00598614;-0.00201132;0.000361008;0.00600241;-0.00202758;1.00572;-0.000212117;-0.00103646;1.00158;0.0183806;0.992713;1;3;1
445.531;698.06;2.79777;2.45867;0.00704116;-0.00277611;-0.000124422;0.00704274;-0.00277769;1.00786;-0.00046562;0.000434417;0.997575;0.0221604;0.990058;1;3;1
468.531;698.06;2.95524;2.49423;0.00560056;-0.00456;-7.58336e-05;0.00560113;-0.00456056;1.00386;-0.00223972;-0.00140856;0.992158;0.0237782;0.987777;1;3;1
491.531;698.06;3.05468;2.47797;0.00608578;-0.00259039;0.000673095;0.00613769;-0.0026423;1.00974;-0.00571576;-0.00167105;1.00202;0.0233692;0.985493;1;3;1
514.531;698.06;3.23434;2.50964;0.00535348;-0.00259702;0.00192628;0.0057956;-0.00303914;0.998764;-0.00600658;-0.000723503;1.00553;0.0201217;0.987846;1;3;1
537.531;698.06;3.30023;2.54798;0.00449312;-0.00306737;0.00086031;0.00458978;-0.00316403;1.00733;-0.00428082;0.00334256;0.99929;0.0207226;0.989616;1;3;1
560.531;698.06;3.44056;2.48643;0.00607803;-0.00187364;0.000701524;0.00613945;-0.00193506;1.00888;-0.0030665;-0.00097569;0.997537;0.0197373;0.991956;1;3;1
583.531;698.06;3.57896;2.52205;0.00704386;-0.00273648;0.000486152;0.00706797;-0.00276059;1.00395;0.00390138;-0.00477643;1.00064;0.0191665;0.985905;1;3;1
606.531;698.06;3.76334;2.58061;0.00612192;-0.000775922;-0.000646919;0.00618207;-0.000836069;1.00794;0.00260427;0.00414981;1.00256;0.0227729;0.985687;1;3;1
629.531;698.06;3.85971;2.50916;0.00515936;-0.00133159;0.000743857;0.00524351;-0.00141575;1.00114;-0.00234651;-0.00278862;1.00323;0.0217875;0.988036;1;3;1
652.531;698.06;4.00007;2.57548;0.00644192;-0.00181895;0.000944079;0.00654844;-0.00192547;1.00207;-0.00260659;0.00378658;1.00091;0.0224891;0.986183;1;4;1
675.531;698.06;4.15507;2.5555;0.00749862;-0.0016278;0.00071273;0.00755394;-0.00168313;1.01304;-0.00318356;-0.00280857;0.994467;0.0215572;0.985355;1;3;1
698.531;698.06;4.34369;2.62288;0.0066935;0.000755511;0.000914498;0.00683115;0.000617862;1.00865;0.000969386;-0.00376348;1.00334;0.0253837;0.977678;1;4;1
721.531;698.06;4.4619;2.62487;0.00460907;-0.00108003;0.000745443;0.00470512;-0.00117609;1.00452;-0.00262684;0.00178982;1.00357;0.0244619;0.985503;1;4;1
744.531;698.06;4.55522;2.61581;0.00495381;-0.00272685;-0.00118438;0.0051323;-0.00290534;1.00302;0.00649569;0.00274927;0.999568;0.0251091;0.974352;1;4;1
767.531;698.06;4.68914;2.54222;0.00665782;-0.00148784;-0.000240212;0.0066649;-0.00149492;1.01086;0.00659548;0.00205332;0.997467;0.0228335;0.985858;1;4;1
790.531;698.06;4.86047;2.59861;0.00866398;-0.00023034;0.00100375;0.00877585;-0.00034221;1.00644;0.00563534;-0.00171508;0.999018;0.0245662;0.983798;1;3;1
813.531;698.06;5.08595;2.5863;0.00514148;-0.00174412;-0.000356574;0.0051599;-0.00176253;1.00461;-0.000253609;-0.00283792;0.999838;0.0224066;0.982898;1;3;1
836.531;698.06;5.09637;2.57987;0.00437995;-0.00114151;-0.000443899;0.00441541;-0.00117697;1.00584;0.00275913;0.000220926;0.997179;0.0218454;0.984626;1;3;1
859.531;698.06;5.28698;2.57038;0.00699777;-0.00144444;-0.000746454;0.00706327;-0.00150993;1.00729;-0.00105132;0.000595964;0.998097;0.026748;0.979959;1;3;1
882.531;698.06;5.41715;2.58834;0.00679294;-0.00235949;-6.71261e-05;0.00679343;-0.00235998;1.0118;0.00329968;-0.000746426;0.995176;0.0240786;0.97843;1;3;1
905.531;698.06;5.5984;2.58532;0.00596444;-0.00235261;0.000713098;0.00602514;-0.00241331;1.00098;-0.000673457;0.000330667;0.995568;0.0207728;0.991908;1;3;1
928.531;698.06;5.69069;2.61637;0.00589042;-0.00166915;0.00146442;0.00616419;-0.00194292;1.007;0.00107308;-0.00157134;0.997244;0.0204155;0.990775;1;3;1
951.531;698.06;5.86854;2.63673;0.00789378;-0.00240898;0.000243627;0.00789953;-0.00241474;1.00941;-0.000772817;-0.0018675;1.00056;0.0186712;0.989826;1;3;1
974.531;698.06;6.05238;2.62908;0.00574974;-0.00354954;0.00112603;0.00588415;-0.00368395;1.00527;0.000779883;-0.00119129;0.995858;0.0229464;0.9839;1;3;1
997.531;698.06;6.13227;2.65687;0.00515236;-0.00194516;0.000136457;0.00515498;-0.00194778;1.00495;0.00669437;0.000185268;1.00435;0.0254506;0.968027;1;3;1
1020.53;698.06;6.28876;2.6661;0.00570092;-0.00130735;9.54949e-05;0.00570223;-0.00130865;1.00527;0.00826921;0.00137185;1.00266;0.0209544;0.984625;1;3;1
1043.53;698.06;6.39373;2.70944;0.00627869;-0.00267863;7.75192e-05;0.00627936;-0.0026793;1.00735;0.00654761;0.000580144;0.99737;0.0265128;0.961426;1;3;1
1066.53;698.06;6.57662;2.5898;0.00492843;-0.000904568;-0.000635169;0.00499679;-0.000972932;1.00458;0.00356657;0.000636356;1.00077;0.0239018;0.98533;1;3;1
1089.53;698.06;6.61982;2.6313;0.00579102;-0.00399988;0.00128035;0.00595568;-0.00416454;1.00077;-0.00591275;0.000834978;0.994201;0.0250544;0.983005;1;4;1
1112.53;698.06;6.84217;2.67326;0.0094776;-0.00395895;-0.000355508;0.009487;-0.00396835;1.01086;0.000865593;-0.00140484;0.998068;0.0248652;0.985219;1;3;1
1135.53;698.06;7.05374;2.64208;0.00596639;-0.00354325;-0.00130962;0.00614345;-0.00372031;1.00518;0.00498025;0.00154747;1.0008;0.0227349;0.985205;1;3;1
1158.53;698.06;7.11576;2.60712;0.00333257;-0.0012557;-0.0013334;0.00369193;-0.00161506;1.00597;-0.00131242;0.00204641;1.00193;0.0243105;0.979252;1;3;1
1181.53;698.06;7.20677;2.60404;0.00551781;-0.00249118;-0.000760406;0.00558937;-0.00256274;1.00548;-0.0020075;0.000104851;1.00114;0.0201924;0.988954;1;3;1
1204.53;698.06;7.36888;2.60894;0.00814375;-0.00253522;8.77219e-05;0.00814447;-0.00253594;1.00572;0.00638297;0.000519445;1.00283;0.0236359;0.979813;1;3;1
1227.53;698.06;7.57986;2.62532;0.00773664;-0.00265784;-0.000219817;0.00774128;-0.00266249;1.00394;-0.00360713;0.00121083;0.999853;0.0278066;0.980246;1;3;1
1250.53;698.06;7.7233;2.51021;0.00558281;-0.00285688;-8.05591e-06;0.00558282;-0.00285689;1.0101;-0.00329706;0.00423757;0.997259;0.0204423;0.991212;1;3;1
1273.53;698.06;7.83591;2.55777;0.00491052;-0.00457648;0.000566502;0.00494423;-0.00461018;1.00132;-0.0026858;-0.00410348;0.99289;0.0262454;0.987082;1;3;1
31.5305;675.06;0.505737;2.29526;0.0031727;-0.00194596;0.000673216;0.00325976;-0.00203303;1.00942;0.00205119;-0.00661232;0.995983;0.0225082;0.988951;1;3;1
54.5305;675.06;0.578593;2.29891;0.00508304;-0.00259718;0.001252;0.00528198;-0.00279612;1.001;-0.00576948;0.00350829;0.997895;0.0193618;0.991916;1;3;1
77.5306;675.06;0.738955;2.32693;0.00631466;-0.00302382;0.00151969;0.00655574;-0.0032649;1.00865;0.000802228;-0.0015105;0.995541;0.0217805;0.990729;1;2;1
100.531;675.06;0.86814;2.33745;0.0055022;-0.00261181;0.000317493;0.0055146;-0.00262421;1.00539;0.00163158;-0.00134282;0.994465;0.021198;0.98991;1;3;1
123.531;675.06;0.991301;2.40285;0.00488954;-0.00417159;0.000420548;0.00490902;-0.00419107;1.00097;0.00424101;0.00100399;0.990236;0.0234812;0.984429;1;3;1
146.531;675.06;1.09249;2.3867;0.00558593;-0.00290462;0.000463639;0.00561117;-0.00292986;1.00525;0.00201332;-0.00266161;0.997206;0.0187723;0.994631;1;2;1
169.531;675.06;1.24752;2.45041;0.0069193;-0.00371208;0.000824616;0.00698288;-0.00377566;1.00927;0.000773891;-0.000949391;0.994399;0.0193981;0.992567;1;3;1
192.531;675.06;1.40966;2.42661;0.00634391;-0.00270408;-0.000134202;0.0063459;-0.00270607;1.00929;-0.00200737;-0.00168282;0.997036;0.021654;0.990195;1;3;1
215.531;675.06;1.53838;2.39498;0.00458396;-0.00301372;0.000756065;0.00465846;-0.00308823;1.00303;-0.00682695;1.10605e-05;0.997323;0.0210926;0.988463;1;3;1
238.531;675.06;1.62003;2.45567;0.00508582;-0.00403726;0.000704795;0.00513995;-0.00409139;1.00755;-0.00465039;0.000302133;0.990087;0.0224635;0.985974;1;3;1
261.531;675.06;1.77171;2.44884;0.00610518;-0.00236426;0.00138723;0.00632661;-0.00258569;1.00617;0.000699087;-0.00115567;0.997712;0.0220056;0.990935;1;3;1
284.531;675.06;1.89999;2.50516;0.0050953;-0.00425749;0.00096985;0.00519481;-0.004357;0.999553;0.000152999;-0.00175635;0.993059;0.0191394;0.992847;1;3;1
307.531;675.06;2.00544;2.52227;0.00602759;-0.00262246;0.000602115;0.0060693;-0.00266417;1.00463;0.000757972;0.0016869;0.9943;0.020747;0.985082;1;1;1
330.531;675.06;2.17643;2.52597;0.0041692;-0.00305934;0.000306412;0.00418217;-0.00307231;1.00863;-0.00180284;-0.00288575;0.996562;0.0229518;0.987668;1;3;1
353.531;675.06;2.19681;2.48962;0.00449921;-0.0023156;-0.000458156;0.00452987;-0.00234626;1.00005;0.000476771;0.00527864;0.997018;0.0188671;0.992354;1;3;1
376.531;675.06;2.38289;2.46629;0.00683953;-0.00161019;-0.000370001;0.00685571;-0.00162636;1.00793;0.000972928;-0.00076517;0.999122;0.0205035;0.988655;1;3;1
399.531;675.06;2.51036;2.48515;0.005555;-0.00366956;0.0010338;0.00566944;-0.003784;1.00641;0.00110523;-0.00043902;0.994846;0.0186391;0.989566;1;3;1
422.531;675.06;2.63768;2.51904;0.00589614;-0.00252565;0.000672679;0.00594953;-0.00257904;1.01049;-0.000672942;-0.00241026;0.995711;0.0177587;0.99362;1;3;1
445.531;675.06;2.78076;2.53442;0.00562899;-0.00259342;0.00115351;0.00578775;-0.00275217;1.00513;0.00235012;0.000638656;0.998578;0.0216464;0.989464;1;3;1
468.531;675.06;2.89585;2.5827;0.00584042;-0.00264403;0.0011878;0.00600357;-0.00280719;1.00638;-0.00113204;-0.000349317;1.00311;0.0224403;0.987907;1;3;1
491.531;675.06;3.04864;2.54974;0.00554223;-0.00352788;0.000814139;0.00561473;-0.00360038;1.00101;-0.00285539;-0.00228134;0.99509;0.0212239;0.987503;1;3;1
514.531;675.06;3.15009;2.57292;0.00532847;-0.00302491;0.00112397;0.00547705;-0.0031735;1.00768;0.00317952;0.00175331;0.993099;0.0192677;0.99164;1;3;1
537.531;675.06;3.2931;2.56291;0.00671283;-0.00141635;-0.00116548;0.00687663;-0.00158014;1.00783;0.00281978;-0.00061788;0.996962;0.0207361;0.991044;1;3;1
560.531;675.06;3.45783;2.53362;0.00723932;-0.00314659;-0.000248345;0.00724525;-0.00315253;1.01021;0.00742329;0.000461594;0.998379;0.0225828;0.986999;1;3;1
583.531;675.06;3.62491;2.57481;0.00697771;-0.00230004;3.38665e-05;0.00697784;-0.00230016;1.00184;-0.00275469;0.00260661;0.997443;0.0213765;0.98751;1;4;1
606.531;675.06;3.77769;2.54628;0.00447239;-0.00133666;0.00101047;0.00464315;-0.00150741;1.00623;-0.00593562;-0.00126593;0.99754;0.0208889;0.989425;1;3;1
629.531;675.06;3.83018;2.58704;0.00506622;-0.00280508;0.00125818;0.00526244;-0.00300131;0.998308;-0.000544257;-0.000900237;0.990416;0.0205342;0.985916;1;4;1
652.531;675.06;4.01012;2.59725;0.00655867;-0.000747173;5.74801e-05;0.00655912;-0.000747625;1.00815;-0.00377923;0.00235;0.995295;0.0199616;0.992425;1;4;1
675.531;675.06;4.13089;2.59109;0.00799435;-0.00152683;0.000463593;0.00801687;-0.00154935;1.00814;-0.00129765;-0.00257501;0.994104;0.0205703;0.98599;1;3;1
698.531;675.06;4.3764;2.56903;0.00680197;-0.00177368;0.000893995;0.00689418;-0.00186589;1.00645;-0.00343999;0.00365794;0.994986;0.0213645;0.989545;1;4;1
721.531;675.06;4.44273;2.58283;0.00556208;-0.00114946;0.00094155;0.00569167;-0.00127905;1.00325;0.00383667;-0.00643198;0.996008;0.0239637;0.979152;1;4;1
744.531;675.06;4.63147;2.65111;0.0069616;-0.000897577;0.000112836;0.00696322;-0.000899197;1.00828;-0.00106366;0.00481351;0.99419;0.0248138;0.984575;1;4;1
767.531;675.06;4.76183;2.6302;0.0054579;-0.00289871;-0.0014346;0.00569732;-0.00313813;0.997504;0.0035282;0.000418112;0.994099;0.0261365;0.9791;1;4;1
790.531;675.06;4.88184;2.61224;0.00572728;-0.000221566;-9.58e-05;0.00572883;-0.000223108;1.00614;-0.00487001;-0.00130229;1.00011;0.0221622;0.986526;1;4;1
813.531;675.06;5.02453;2.65033;0.00595303;-0.00098949;0.00163935;0.00632067;-0.00135713;1.00904;0.000416886;8.74466e-05;0.995428;0.0208126;0.99132;1;3;1
836.531;675.06;5.15486;2.63849;0.00647575;-0.0028106;0.000151165;0.00647821;-0.00281306;1.0068;-0.00241065;0.000323166;0.997387;0.0201832;0.987235;1;3;1
859.531;675.06;5.32145;2.68096;0.005679;-0.0029676;-0.000470015;0.00570447;-0.00299308;1.00211;-0.00624285;-0.000495627;0.996273;0.0295168;0.975971;1;3;1
882.531;675.06;5.41535;2.61104;0.00514142;-0.00112866;-0.000439293;0.00517205;-0.00115929;1.01046;-0.000755748;-0.000617044;1.00196;0.0213026;0.988588;1;3;1
905.531;675.06;5.5573;2.61849;0.0065537;-0.00135846;0.00114706;0.00671664;-0.0015214;1.00379;-0.00564737;-0.00278767;0.999899;0.0249468;0.985861;1;4;1
928.531;675.06;5.71581;2.66439;0.00749923;-0.00194445;0.000155862;0.0075018;-0.00194702;1.01267;0.00106553;-0.000167865;0.997463;0.0205555;0.988683;1;4;1
951.531;675.06;5.90092;2.69637;0.00637101;-0.0023161;0.000136903;0.00637317;-0.00231825;1.00286;-0.000420132;-0.00123729;0.990208;0.0223347;0.98506;1;3;1
974.531;675.06;6.00792;2.7077;0.00564503;-0.00130916;0.000425971;0.00567103;-0.00133516;1.00892;-0.00777812;0.00213732;0.996491;0.0194743;0.989634;1;4;1
997.531;675.06;6.15984;2.65588;0.00677921;-0.00148614;0.00024372;0.00678639;-0.00149332;1.00908;-0.00327628;0.00326675;0.996465;0.0236452;0.982723;1;3;1
1020.53;675.06;6.31868;2.65175;0.00463634;2.9949e-05;-0.000233849;0.00464818;1.81078e-05;1.00429;-0.00691846;-0.00224962;0.994829;0.0246164;0.988249;1;3;1
1043.53;675.06;6.37261;2.68988;0.00558138;-0.000289725;-0.000452543;0.00561606;-0.000324402;0.999515;0.00298578;-0.001946;1.00107;0.0209857;0.990538;1;3;1
1066.53;675.06;6.57471;2.65219;0.00704734;-0.00257184;-0.000178335;0.00705065;-0.00257514;1.00695;-0.00644238;1.57865e-05;0.997658;0.0228838;0.986967;1;3;1
1089.53;675.06;6.69565;2.68726;0.0068373;-0.00103331;-0.000217785;0.00684332;-0.00103933;1.00654;-0.000303843;0.000389091;0.996351;0.0199589;0.986554;1;3;1
1112.53;675.06;6.88807;2.74496;0.00696487;-0.000624993;1.83835e-05;0.00696492;-0.000625038;1.0035;-0.00104359;-0.0018256;0.997933;0.024461;0.981669;1;3;1
1135.53;675.06;7.01491;2.72909;0.00569535;-0.00369303;-0.000560745;0.00572873;-0.00372641;1.01259;-0.00714103;0.00141049;0.998883;0.0263891;0.971925;1;4;1
1158.53;675.06;7.14918;2.63513;0.00729249;-0.00279015;-0.00137844;0.00747754;-0.0029752;1.00944;0.00236103;0.00237244;0.996575;0.0220394;0.987625;1;3;1
1181.53;675.06;7.349;2.60916;0.00539403;-0.00152548;-0.000974795;0.00552874;-0.00166018;1.00692;0.00798736;-0.00383543;0.998519;0.0220537;0.984179;1;3;1
1204.53;675.06;7.39664;2.63434;0.00375105;-0.00124717;-0.00012569;0.00375421;-0.00125033;0.995333;0.00166011;-0.000143481;0.996146;0.0228296;0.984987;1;4;1
1227.53;675.06;7.52122;2.63398;0.00537844;0.000581368;-2.20177e-05;0.00537855;0.000581267;1.00979;0.00420161;0.00175983;1.00048;0.0212556;0.992496;1;3;1
1250.53;675.06;7.64336;2.58587;0.00944981;-0.0022117;0.00105888;0.00954518;-0.00230707;1.01425;-0.00313066;0.00471551;0.999074;0.0242512;0.982577;1;3;1
1273.53;675.06;7.95387;2.62137;0.0135926;-0.00213031;0.00089785;0.0136437;-0.00218141;1.00141;0.00426174;-0.00937613;1.00089;0.0357498;0.96608;1;3;1
31.5305;652.06;0.460133;2.34173;0.00418154;-0.00274137;0.000528316;0.00422162;-0.00278145;1.01096;-0.00740538;-0.00359609;0.999046;0.021835;0.992103;1;3;1
54.5305;652.06;0.556089;2.37138;0.00427288;-0.00297781;0.000111162;0.00427459;-0.00297952;0.998118;0.00252192;0.00371931;0.999418;0.0217896;0.990615;1;3;1
77.5306;652.06;0.656216;2.4108;0.00678496;-0.00273793;0.000697362;0.00683576;-0.00278872;1.01308;-0.00083314;-0.00805682;1.00011;0.0242265;0.988599;1;3;1
100.531;652.06;0.867127;2.41314;0.00678231;-0.00361452;0.000881989;0.0068566;-0.00368881;1.00247;-0.000274132;0.000993984;0.996901;0.0192472;0.991721;1;3;1
123.531;652.06;0.967071;2.49726;0.00537635;-0.00278122;0.000901159;0.00547471;-0.00287959;1.00353;-0.00227546;0.00116613;1.00125;0.0222759;0.98978;1;3;1
146.531;652.06;1.11374;2.4711;0.00599005;-0.00305299;0.000132471;0.00599199;-0.00305493;1.01158;0.00109753;-2.01659e-05;0.996605;0.021163;0.990272;1;3;1
169.531;652.06;1.24178;2.52522;0.00604542;-0.0017941;4.58568e-05;0.00604569;-0.00179437;1.00693;0.00643347;-0.00614508;1.0023;0.0227465;0.987883;1;3;1
192.531;652.06;1.39099;2.48496;0.00386771;-0.00208043;-0.000340657;0.00388716;-0.00209988;1.0072;0.00372609;0.00657317;0.998678;0.0214151;0.991966;1;3;1
215.531;652.06;1.41935;2.50698;0.00504397;-0.00349562;0.00065314;0.00509364;-0.00354528;0.998029;0.00399667;-0.00134006;0.99685;0.0213671;0.990006;1;3;1
238.531;652.06;1.62241;2.52714;0.00623472;-0.00356066;-0.000514705;0.00626169;-0.00358763;1.01062;0.00456569;-0.0011895;0.996189;0.0200548;0.992166;1;3;1
261.531;652.06;1.70524;2.55128;0.00533156;-0.00321062;0.00139847;0.00555468;-0.00343374;1.00588;-0.00426792;-0.00462335;0.995313;0.0281204;0.985154;1;3;1
284.531;652.06;1.86696;2.60093;0.00706599;-0.00242484;0.000465149;0.00708873;-0.00244758;1.00549;-0.000573396;0.00293705;0.999585;0.0185752;0.992952;1;3;1
307.531;652.06;2.02913;2.5537;0.00515399;-0.0015554;-0.000590979;0.00520565;-0.00160706;1.00563;0.000169869;-0.000169692;1.00193;0.0200198;0.98973;1;3;1
330.531;652.06;2.1034;2.54276;0.00450208;-0.0015959;0.00113967;0.00470811;-0.00180193;1.00485;-0.001355;-0.00122757;0.997293;0.0205378;0.990836;1;3;1
353.531;652.06;2.23577;2.55723;0.00652464;-0.00219339;-0.000367652;0.00654012;-0.00220887;1.004;-0.000711401;-0.000776162;0.997953;0.0207836;0.991235;1;3;1
376.531;652.06;2.40255;2.56831;0.0053441;-0.00348412;-5.96268e-05;0.0053445;-0.00348452;1.00446;-0.00382093;2.59864e-05;0.995704;0.0190314;0.992008;1;3;1
399.531;652.06;2.48093;2.58439;0.00473482;-0.00337529;0.000910109;0.00483569;-0.00347617;1.00369;-0.00497074;-0.000741195;0.993721;0.0196956;0.989422;1;3;1
422.531;652.06;2.61982;2.61296;0.00598397;-0.00232287;-0.000501953;0.00601419;-0.00235309;1.00789;-0.00329005;-0.000445582;0.999309;0.0200708;0.984855;1;3;1
445.531;652.06;2.75538;2.57814;0.0052742;-0.00110157;-0.000404759;0.00529979;-0.00112717;1.00405;-0.00382148;0.00347179;1.00091;0.0228577;0.986407;1;3;1
468.531;652.06;2.86179;2.61611;0.00468825;-0.00166187;0.000737501;0.00477277;-0.0017464;1.00481;-0.0021706;-0.00417419;0.999806;0.0226018;0.984569;1;3;1
491.531;652.06;2.97049;2.64062;0.00616595;-0.00198886;0.000428469;0.0061884;-0.00201131;1.00263;0.000350972;0.00176687;0.996417;0.0213543;0.986125;1;3;1
514.531;652.06;3.14455;2.64908;0.00867373;-0.00263157;-0.00135804;0.00883457;-0.00279242;1.01046;-0.000539791;-0.00194223;0.996946;0.0194668;0.993472;1;2;1
537.531;652.06;3.36776;2.61323;0.00720986;-0.00209806;-0.000938548;0.00730355;-0.00219175;1.00841;-0.00379264;-0.00322742;1.00129;0.017635;0.994365;1;3;1
560.531;652.06;3.47501;2.63141;0.00480832;-0.00245268;0.000444098;0.00483538;-0.00247974;1.00716;-0.000378447;0.00153109;0.99397;0.0171019;0.994008;1;3;1
583.531;652.06;3.58841;2.62798;0.00453087;-0.00250164;-0.000113924;0.00453272;-0.00250348;1.00284;0.00367672;-0.00155297;0.999053;0.0208192;0.987053;1;3;1
606.531;652.06;3.68296;2.64221;0.0045037;-0.00329467;0.000448055;0.00452935;-0.00332033;1.00909;-0.00142012;-0.00195339;0.995375;0.0195715;0.988391;1;3;1
629.531;652.06;3.79511;2.63842;0.00689061;-0.00208754;-0.00110529;0.00702468;-0.00222161;1.00645;0.000983675;0.00330062;0.999088;0.0208894;0.987763;1;3;1
652.531;652.06;3.99883;2.60986;0.00631758;-0.00240239;2.52651e-05;0.00631765;-0.00240247;1.00215;0.0040409;-0.000113714;1.00237;0.022382;0.98435;1;3;1
675.531;652.06;4.08481;2.62584;0.00556051;-0.0019306;0.00132163;0.00578685;-0.00215693;1.00598;0.00311103;-0.00594829;1.00466;0.0266361;0.976935;1;3;1
698.531;652.06;4.25381;2.70463;0.00813063;-0.00164076;0.00186753;0.00847539;-0.00198552;1.01216;-0.000432687;-0.00115171;0.997947;0.0233849;0.983765;1;4;1
721.531;652.06;4.45728;2.67777;0.00737781;-0.00228941;-0.000451462;0.00739885;-0.00231045;1.00412;-0.00324242;0.00047357;0.996206;0.0211596;0.989324;1;3;1
744.531;652.06;4.59192;2.65713;0.00708093;-0.00202697;0.000364697;0.00709551;-0.00204155;1.00861;-0.0026374;0.00135873;0.999276;0.0222059;0.986088;1;3;1
767.531;652.06;4.78186;2.67585;0.00648492;-0.00186787;-0.000307707;0.00649624;-0.00187919;1.00569;-0.000621915;0.00438899;0.99883;0.0239978;0.981622;1;3;1
790.531;652.06;4.88924;2.60882;0.00392602;-0.00230265;9.13833e-05;0.00392736;-0.00230399;1.00083;0.00357067;-0.0024944;1.00001;0.0233557;0.983767;1;3;1
813.531;652.06;4.96208;2.63201;0.00487633;-0.00176431;0.00151806;0.00520691;-0.00209489;1.00641;-0.000924799;0.00143899;1.0018;0.0205868;0.990575;1;4;1
836.531;652.06;5.1129;2.70934;0.0074349;-0.0025043;0.00126101;0.00759239;-0.00266179;1.00992;0.00354628;-0.00384661;0.999291;0.0196571;0.991376;1;4;1
859.531;652.06;5.30276;2.7071;0.00615848;-0.00103035;6.48494e-05;0.00615906;-0.00103093;1.0067;0.000984652;0.00400374;1.00059;0.0250318;0.98275;1;3;1
882.531;652.06;5.39527;2.64029;0.00531325;-0.00291513;-0.000330095;0.00532647;-0.00292835;1.00083;0.000542077;0.00231603;0.99462;0.0233827;0.984071;1;3;1
905.531;652.06;5.54649;2.64788;0.00782141;-0.00290776;0.000736001;0.00787166;-0.00295801;1.0101;0.00513519;-0.00637327;0.997871;0.0239229;0.983599;1;4;1
928.531;652.06;5.75361;2.70594;0.0076939;-0.00202991;0.000644994;0.0077365;-0.00207251;1.00507;0.000236126;0.00367155;1.00151;0.0207157;0.988167;1;4;1
951.531;652.06;5.89896;2.7434;0.00478503;-0.00036881;7.85848e-05;0.00478623;-0.000370008;1.00298;-0.000848404;-6.55683e-05;1.00164;0.0207981;0.98448;1;3;1
974.531;652.06;5.9732;2.68941;0.00338711;4.16981e-05;-0.00127732;0.00381904;-0.000390235;1.00697;0.00622215;0.00177165;1.00185;0.0196839;0.990522;1;3;1
997.531;652.06;6.0545;2.72535;0.0080941;-0.00145797;-0.000402572;0.00811103;-0.00147491;1.00692;-0.00264249;-0.000658578;0.997149;0.0217899;0.986512;1;3;1
1020.53;652.06;6.34402;2.66476;0.00831864;-0.000927264;0.000374581;0.00833379;-0.000942415;1.01181;-0.0010405;0.00346912;1.00072;0.0227001;0.986763;1;4;1
1043.53;652.06;6.43558;2.72279;0.00536896;-0.00184111;-0.000186304;0.00537377;-0.00184592;1.00381;0.000628659;-0.00497056;0.995585;0.0211587;0.988275;1;3;1
1066.53;652.06;6.59032;2.70826;0.00646003;-0.00270793;-0.00075608;0.00652196;-0.00276987;1.00663;-3.02722e-05;0.00278196;0.996517;0.0182417;0.992581;1;3;1
1089.53;652.06;6.73177;2.67899;0.00636099;-0.00117686;-0.000611822;0.00641033;-0.00122619;1.0037;0.00121002;0.00512049;1.00138;0.0210927;0.985496;1;3;1
1112.53;652.06;6.882;2.70203;0.0057701;0.000808924;0.0010704;0.00599119;0.000587833;1.00664;-2.03152e-05;-0.0089408;1.00373;0.02071;0.986636;1;3;1
1135.53;652.06;6.99624;2.81231;0.00525164;-0.00106348;0.000398075;0.00527663;-0.00108847;1.00643;0.00321446;0.00152066;0.999416;0.0248656;0.983594;1;3;1
1158.53;652.06;7.12293;2.73564;0.00652443;-0.00124948;-0.00192105;0.00697324;-0.00169829;1.00687;-0.00516865;0.00202005;0.998405;0.022939;0.984994;1;3;1
1181.53;652.06;7.29518;2.67435;0.00615412;-0.0024441;4.65184e-05;0.00615437;-0.00244435;1.00178;-0.000707952;-0.00168307;0.998955;0.0256354;0.981519;1;3;1
1204.53;652.06;7.4051;2.66636;0.00519859;-0.00309415;-0.000647234;0.0052488;-0.00314436;1.00464;0.000729695;0.00233827;0.997533;0.0224003;0.985283;1;3;1
1227.53;652.06;7.53364;2.59861;0.0045593;-0.002294;-0.000736895;0.00463763;-0.00237234;1.00613;-0.00369458;0.00409002;0.999815;0.0249493;0.985168;1;3;1
1250.53;652.06;7.61432;2.61219;0.00634008;-0.0011683;-0.00102365;0.00647714;-0.00130536;1.01215;0.0112736;-0.00311012;1.00198;0.0250694;0.984263;1;3;1
1273.53;652.06;7.82433;2.65587;0.00917419;-0.00193677;0.00205097;0.00954069;-0.00230327;1.00012;0.000416628;-0.00315999;0.996968;0.02735;0.984586;1;3;1
31.5305;629.06;0.516226;2.42154;0.00526441;-0.00425807;0.000139441;0.00526645;-0.00426011;1.01314;0.00281455;0.00224908;0.994057;0.0241588;0.986653;1;3;1
54.5305;629.06;0.636985;2.43613;0.00436561;-0.00227653;-0.000753725;0.00445007;-0.00236099;1.00155;-0.000669997;-0.00216681;0.995109;0.0237022;0.985667;1;3;1
77.5306;629.06;0.716596;2.45305;0.00514727;-0.00226978;0.000529048;0.00518482;-0.00230733;1.00792;0.00052031;-0.00177899;0.996464;0.0222061;0.990269;1;3;1
100.531;629.06;0.873104;2.50402;0.00544505;-0.00405116;0.00133645;0.00562956;-0.00423566;1.00212;0.0065669;-0.00522085;0.996024;0.0242153;0.982139;1;3;1
123.531;629.06;0.966325;2.53097;0.00512135;-0.00166276;-0.000410806;0.00514614;-0.00168755;1.011;0.0088227;0.00263995;0.995793;0.024144;0.984125;1;3;1
146.531;629.06;1.10808;2.52736;0.00634057;-0.00300732;-0.000451381;0.00636231;-0.00302907;1.00057;-0.002323;-0.00267409;0.997863;0.0227231;0.989778;1;3;1
169.531;629.06;1.25707;2.53301;0.00686422;-0.00111522;0.000179864;0.00686827;-0.00111927;1.008;-0.00725372;0.000183761;0.996078;0.0221305;0.991858;1;4;1
192.531;629.06;1.42276;2.52241;0.00574151;-0.00252586;0.000188255;0.0057458;-0.00253014;1.009;-0.00223034;-0.00435077;0.998435;0.0215352;0.990811;1;3;1
215.531;629.06;1.52042;2.55607;0.00628716;-0.00345466;0.000352794;0.00629992;-0.00346742;1.00135;0.00220189;0.00097325;0.997264;0.0174112;0.993652;1;3;1
238.531;629.06;1.71096;2.61985;0.00428041;-0.00299137;0.000161743;0.00428401;-0.00299497;1.00715;0.00180469;-0.00043136;1.00237;0.0236194;0.98911;1;3;1
261.531;629.06;1.71688;2.59679;0.00324286;-0.00196242;-0.000125219;0.00324587;-0.00196543;1.0041;0.00306714;0.00177204;0.996874;0.0215196;0.989536;1;3;1
284.531;629.06;1.85989;2.61686;0.00621195;-0.00071226;0.000374663;0.00623217;-0.000732474;1.00915;0.000782631;0.00148288;0.998055;0.0224245;0.988879;1;3;1
307.531;629.06;2.00175;2.59387;0.00469954;-0.00119652;-0.000172541;0.00470458;-0.00120157;1.00342;-0.00155795;-0.00301861;0.999437;0.0235336;0.989922;1;3;1
330.531;629.06;2.07556;2.59955;0.00553685;-0.00129896;-0.000458918;0.00556753;-0.00132963;1.00692;0.00301898;-0.00482255;0.997561;0.0200617;0.988045;1;3;1
353.531;629.06;2.25575;2.59067;0.00741245;-0.00247179;0.000143908;0.00741454;-0.00247389;1.00915;0.00259278;0.00595557;0.99854;0.0216647;0.990469;1;3;1
376.531;629.06;2.41527;2.62685;0.00469802;-0.00246521;0.00168418;0.00507423;-0.00284143;0.999374;0.00047445;-0.0042385;0.992103;0.0196942;0.990156;1;3;1
399.531;629.06;2.47132;2.64069;0.00571435;-0.00213981;-0.000515902;0.00574809;-0.00217355;1.00907;0.00789241;0.000561955;1.00247;0.0203383;0.98889;1;4;1
422.531;629.06;2.67738;2.62603;0.00762993;-0.00119459;-0.00113423;0.00777338;-0.00133804;1.00491;0.00525862;0.00253893;0.997779;0.0189727;0.991398;1;3;1
445.531;629.06;2.82094;2.58514;0.00464181;-0.00151933;0.000152321;0.00464558;-0.00152309;1.00542;-0.000139467;0.00314142;0.995593;0.0225652;0.986112;1;3;1
468.531;629.06;2.8904;2.65921;0.00482154;-0.00196171;-4.59434e-05;0.00482185;-0.00196202;1.00322;0.00605984;-0.00293284;0.994542;0.0200908;0.990094;1;3;1
491.531;629.06;3.04216;2.64132;0.00777958;-0.00140569;-0.000464632;0.00780303;-0.00142914;1.00885;0.00200068;0.000715178;0.998196;0.0223842;0.986816;1;3;1
514.531;629.06;3.24687;2.69423;0.00696244;-0.00190419;-7.00584e-05;0.00696299;-0.00190475;1.00871;0.00168202;-0.00518477;0.999619;0.0199604;0.992168;1;3;1
537.531;629.06;3.36132;2.65958;0.00402911;-0.00288417;0.000595301;0.00407999;-0.00293506;1.00396;0.00359134;0.00743927;0.994013;0.0201424;0.991921;1;3;1
560.531;629.06;3.43181;2.64659;0.00620944;-0.00223137;0.000782049;0.00628129;-0.00230321;1.00709;-0.00512753;-0.00365194;1.00208;0.0228841;0.987415;1;4;1
583.531;629.06;3.64606;2.69003;0.00687641;-0.00232393;0.00107027;0.00699927;-0.0024468;1.00775;-0.00118527;-0.00501911;0.993946;0.0237006;0.983833;1;3;1
606.531;629.06;3.74702;2.69809;0.00551611;-0.00258942;6.67621e-05;0.00551666;-0.00258997;0.998635;-0.00274773;0.00301356;0.999125;0.020687;0.991205;1;3;1
629.531;629.06;3.89911;2.68322;0.00541303;-0.0019388;-0.000784911;0.0054959;-0.00202167;1.00833;0.00388434;-0.00177361;0.996328;0.0238966;0.983457;1;4;1
652.531;629.06;3.99535;2.70789;0.00446492;-0.00389442;0.000170981;0.00446841;-0.00389792;1.00422;-0.00222211;-0.00369541;0.990752;0.0233299;0.986326;1;3;1
675.531;629.06;4.10404;2.67999;0.00571384;-0.00290746;-0.00114595;0.00586356;-0.00305718;1.00693;0.00195783;0.0005183;0.997923;0.0232319;0.9853;1;3;1
698.531;629.06;4.25739;2.64472;0.00726262;-0.00102315;-0.000230406;0.00726902;-0.00102955;1.01067;0.00238457;0.00218204;0.998909;0.0207853;0.987902;1;3;1
721.531;629.06;4.43691;2.68826;0.00739592;-0.00117617;0.00139011;0.00761572;-0.00139597;1.00617;-0.000296445;-0.0015681;1.00153;0.0224471;0.982599;1;3;1
744.531;629.06;4.59625;2.74446;0.00665541;-0.00312505;0.000512948;0.00668224;-0.00315188;1.00429;0.00073669;0.000568892;0.996957;0.0176334;0.990337;1;3;1
767.531;629.06;4.74204;2.71621;0.00509228;-0.00211975;0.000147054;0.00509528;-0.00212275;1.00739;-0.00729804;0.0031175;0.994199;0.0230464;0.985528;1;3;1
790.531;629.06;4.82989;2.71831;0.00530454;-0.00393934;0.000236128;0.00531057;-0.00394537;1.00373;-0.00570497;0.000260334;0.993824;0.0272695;0.969383;1;2;1
813.531;629.06;4.98541;2.73158;0.00619671;-0.0033841;0.000365563;0.00621064;-0.00339803;1.01021;-0.00101658;0.00313699;0.992549;0.0228312;0.985973;1;3;1
836.531;629.06;5.11405;2.75385;0.00570205;-0.000892442;-0.000197274;0.00570794;-0.000898338;1.00362;-0.00383878;-0.00286556;0.999843;0.0204369;0.98852;1;4;1
859.531;629.06;5.24696;2.72844;0.00594736;-0.00202294;0.000836002;0.0060341;-0.00210968;1.00205;-0.00375206;0.00105064;0.999224;0.0211054;0.987414;1;3;1
882.531;629.06;5.38682;2.74534;0.00672078;-0.0029833;-0.000136309;0.0067227;-0.00298521;1.01177;-0.00274396;-0.00040556;0.998483;0.0214046;0.989588;1;4;1
905.531;629.06;5.55507;2.75244;0.00795978;-0.00296845;-0.000372178;0.00797244;-0.00298111;1.00454;0.00694904;-0.00112703;0.998945;0.0235757;0.98668;1;4;1
928.531;629.06;5.75152;2.75787;0.00702927;-0.00235266;-0.000259006;0.00703641;-0.00235981;1.01016;0.000484831;0.00315037;1.00043;0.0215027;0.986584;1;3;1
951.531;629.06;5.87727;2.71335;0.00775943;-0.00242711;-0.000211025;0.0077638;-0.00243148;1.00597;0.00251559;-0.00301007;1.0002;0.0206901;0.987959;1;3;1
974.531;629.06;6.10705;2.70589;0.00643122;-0.00320258;-0.000835605;0.00650316;-0.00327452;1.00756;0.00982597;2.28968e-05;1.0025;0.0202038;0.988826;1;3;1
997.531;629.06;6.17216;2.723;0.00380973;-0.0016781;-0.00121841;0.00406808;-0.00193645;1.00021;0.00707081;0.00104912;0.997888;0.0218606;0.9888;1;3;1
1020.53;629.06;6.28197;2.69444;0.00568377;-0.00341079;0.00185079;0.00604599;-0.00377301;1.01338;-0.00153721;0.00119431;0.993429;0.0218229;0.986594;1;3;1
1043.53;629.06;6.43285;2.77469;0.00694866;-0.00180152;0.000581566;0.00698714;-0.00184;0.998581;1.54737e-05;-0.00575512;0.99698;0.0224886;0.983648;1;3;1
1066.53;629.06;6.60043;2.77693;0.00681807;-0.00230833;7.1111e-05;0.00681862;-0.00230889;1.01028;0.00279686;0.00177068;1.00096;0.023641;0.988603;1;3;1
1089.53;629.06;6.74541;2.74146;0.00703417;-0.00228692;-0.000659168;0.00708055;-0.00233331;1.00802;2.78194e-05;0.00763558;0.994298;0.0222534;0.984981;1;3;1
1112.53;629.06;6.92282;2.70778;0.00580997;-0.00227252;0.000265381;0.00581868;-0.00228122;0.999258;0.000582052;-0.00720167;0.998171;0.0274651;0.97662;1;3;1
1135.53;629.06;7.01188;2.77803;0.00577911;0.000629489;-0.0004001;0.00581001;0.000598589;1.01192;0.00125218;1.89216e-05;0.996555;0.022996;0.986359;1;3;1
1158.53;629.06;7.18789;2.69266;0.00576005;0.000153808;-0.00139502;0.00608799;-0.000174136;1.00489;0.00503381;0.00586699;1.00024;0.0235816;0.982845;1;3;1
1181.53;629.06;7.27605;2.72178;0.00420323;-0.00159665;0.000530883;0.00425143;-0.00164484;1.00885;-0.00273685;-0.00708475;0.995838;0.0226595;0.982884;1;3;1
1204.53;629.06;7.38076;2.77689;0.00564309;-0.00154508;-0.000463118;0.00567281;-0.00157479;1.00135;0.00741032;0.00235236;1.00178;0.0260987;0.984216;1;3;1
1227.53;629.06;7.5349;2.73963;0.00902367;-0.00375036;-0.00250948;0.00949898;-0.00422566;1.00918;0.00120544;0.00244727;0.993384;0.0248464;0.989158;1;3;1
1250.53;629.06;7.79379;2.63988;0.00694584;-0.00351016;-0.00141383;0.00713364;-0.00369796;1.00895;-0.0028355;0.00195782;0.991983;0.0217932;0.99061;1;3;1
1273.53;629.06;7.8533;2.71066;0.00259546;-0.00121638;0.00156418;0.00315514;-0.00177606;0.995557;-0.000569172;-0.00832033;0.996466;0.0251194;0.984282;1;3;1
31.5305;606.06;0.47628;2.53802;0.00786683;-0.00352482;-0.00143831;0.00804563;-0.00370362;1.01609;0.0029574;0.00524869;0.998394;0.024081;0.98469;1;3;1
54.5305;606.06;0.656429;2.47633;0.00433335;-0.00376168;-0.000649252;0.00438509;-0.00381342;0.998784;0.00259876;-0.0028774;1.00114;0.0217039;0.991338;1;3;1
77.5306;606.06;0.675178;2.51534;0.00361;-0.004007;0.000854103;0.00370459;-0.00410159;1.00668;-0.00107964;-0.00185794;0.999456;0.020684;0.989253;1;3;1
100.531;606.06;0.822025;2.5999;0.00769708;-0.00402979;0.000941737;0.00777223;-0.00410493;1.00243;-0.011681;0.00147325;0.99738;0.021926;0.98806;1;4;1
123.531;606.06;1.02785;2.57385;0.00730932;-0.00299409;-0.000657473;0.0073511;-0.00303587;1.0069;-0.00391748;-0.00248525;0.9987;0.0281348;0.985049;1;3;1
146.531;606.06;1.15703;2.60967;0.00419537;-0.00301942;-0.000553085;0.00423752;-0.00306158;1.00249;0.00537106;-0.00264651;0.995944;0.0213338;0.994145;1;3;1
169.531;606.06;1.22044;2.57655;0.00522234;-0.00217565;7.25664e-05;0.00522306;-0.00217636;1.00356;0.00599732;0.00289239;0.996959;0.0234465;0.989196;1;3;1
192.531;606.06;1.39664;2.6013;0.00573899;-0.00333408;0.00167565;0.00603856;-0.00363366;1.00976;0.00451367;-0.00573762;0.995042;0.0219311;0.988896;1;3;1
215.531;606.06;1.48359;2.66622;0.005481;-0.00258649;0.00189822;0.00590532;-0.0030108;1.00603;0.000213232;0.00189867;0.997794;0.0201225;0.991548;1;3;1
238.531;606.06;1.64803;2.66496;0.00501606;-0.00183857;0.00136887;0.00527931;-0.00210183;1.00176;-0.00386393;-0.00352872;0.990632;0.028054;0.975769;1;3;1
261.531;606.06;1.71375;2.64164;0.00395948;-0.00268581;0.000330155;0.00397584;-0.00270217;1.00629;-0.00373242;0.00205468;0.994981;0.020185;0.992066;1;3;1
284.531;606.06;1.8298;2.63372;0.00684932;-0.0026996;0.000263639;0.00685659;-0.00270688;1.0111;-0.00494903;-0.00223195;1.00032;0.0201655;0.990664;1;3;1
307.531;606.06;2.02773;2.60877;0.00681474;-0.00222891;-0.000762125;0.00687851;-0.00229268;1.00192;-8.19669e-05;0.00341875;0.997839;0.0200236;0.986118;1;3;1
330.531;606.06;2.1422;2.60257;0.00483685;-0.00196128;-6.97734e-05;0.00483757;-0.001962;1.00743;0.000639301;-0.00267837;1.00323;0.020924;0.989353;1;3;1
353.531;606.06;2.24965;2.67108;0.00339399;-0.00272732;0.00135216;0.00367937;-0.0030127;1.00345;-0.00544355;-0.00210133;0.997627;0.0231979;0.985659;1;4;1
376.531;606.06;2.29799;2.68197;0.00605458;-0.00186014;0.00157086;0.00635495;-0.00216052;1.01084;-0.00062242;-0.00451245;1.00417;0.0199028;0.987901;1;4;1
399.531;606.06;2.52732;2.68296;0.00808276;-0.00188267;-0.000309567;0.00809236;-0.00189227;1.00624;-0.00287348;0.00269114;0.996066;0.0226745;0.985595;1;3;1
422.531;606.06;2.66831;2.66797;0.00538595;-0.0032518;0.000159883;0.0053889;-0.00325475;1.00557;0.000740369;-0.00178833;0.998532;0.0190635;0.993028;1;3;1
445.531;606.06;2.7744;2.64808;0.00552634;-0.00375435;0.000899069;0.00561263;-0.00384065;1.00454;-0.00158225;0.0012264;1.00275;0.0193879;0.991829;1;2;1
468.531;606.06;2.92181;2.70648;0.00595781;-0.0026688;0.000282932;0.00596708;-0.00267807;1.00373;-0.00270672;-0.000828946;1.00012;0.0214549;0.991316;1;2;1
491.531;606.06;3.04761;2.70539;0.0053894;-0.00276244;0.000178651;0.00539331;-0.00276635;1.0042;0.000533725;0.000915359;0.999422;0.0187396;0.993938;1;3;1
514.531;606.06;3.16904;2.73676;0.00475701;-0.00193689;0.00104495;0.00491634;-0.00209622;1.0076;-0.00354832;-0.00107541;0.999713;0.0203341;0.986914;1;3;1
537.531;606.06;3.2659;2.7462;0.00576999;-0.00260616;0.00111987;0.00591713;-0.0027533;0.999984;-0.00292041;-0.00331541;0.992348;0.0221944;0.987289;1;3;1
560.531;606.06;3.4337;2.73419;0.00601258;-0.00226977;0.000180862;0.00601652;-0.00227371;1.00952;0.00265836;0.00194136;0.99812;0.0212874;0.987857;1;4;1
583.531;606.06;3.54165;2.73502;0.00515233;-0.000755616;0.00128942;0.00542149;-0.00102477;1.00485;-0.0034243;-0.000972982;0.999951;0.0242918;0.980878;1;4;1
606.531;606.06;3.67009;2.76148;0.00730956;-0.00447301;-6.32161e-05;0.0073099;-0.00447335;1.00815;-0.000237422;2.74445e-05;0.993812;0.0240277;0.980378;1;3;1
629.531;606.06;3.87667;2.72776;0.00675925;-0.00251099;0.000329584;0.00677095;-0.0025227;1.00416;0.000549154;0.00170826;0.999633;0.02074;0.989535;1;3;1
652.531;606.06;3.97997;2.78936;0.00545732;-0.00195815;5.62282e-05;0.00545774;-0.00195857;1.00651;0.00226018;-0.00541621;1.00133;0.0204392;0.988905;1;3;1
675.531;606.06;4.12701;2.7598;0.006611;-0.00103417;-0.000902905;0.00671619;-0.00113936;1.00701;0.000392927;0.00498309;0.995538;0.0235063;0.985391;1;2;1
698.531;606.06;4.28306;2.75173;0.00659139;-0.00381735;-0.000590901;0.00662483;-0.00385078;1.00688;-0.000209148;-0.00405951;1.00023;0.0240025;0.984409;1;4;1
721.531;606.06;4.42921;2.73192;0.00631737;-0.00416625;0.00102785;0.00641719;-0.00426607;1.01;0.00466251;0.00452996;0.99508;0.021043;0.987035;1;3;1
744.531;606.06;4.57272;2.80111;0.00683288;-0.00197618;0.00138286;0.00704486;-0.00218816;1.0031;-0.00285351;-0.00411271;0.991753;0.0212769;0.987077;1;3;1
767.531;606.06;4.74244;2.77348;0.00676495;-0.00106523;1.38353e-05;0.00676498;-0.00106525;1.00781;0.00201883;-0.000898646;1.00154;0.0234095;0.985466;1;3;1
790.531;606.06;4.88286;2.79038;0.00482491;-0.00274937;0.000185;0.00482943;-0.00275389;1.00386;0.000810304;0.00225992;0.998125;0.0202293;0.989317;1;3;1
813.531;606.06;4.96385;2.78794;0.00534004;-0.00175254;-0.000414386;0.00536417;-0.00177667;1.00539;0.00294169;0.0030758;1.00121;0.0235679;0.987023;1;3;1
836.531;606.06;5.12783;2.75041;0.00553723;-0.00132485;3.21356e-05;0.00553738;-0.001325;1.00117;0.00230971;-0.000910549;0.997542;0.0178593;0.990953;1;3;1
859.531;606.06;5.21786;2.80033;0.00662334;-0.00286297;-0.000554109;0.0066556;-0.00289522;1.00763;0.00183999;-0.00359377;0.995485;0.0206263;0.989911;1;3;1
882.531;606.06;5.4315;2.77774;0.00818545;-0.00199183;-0.000572364;0.00821754;-0.00202392;1.01002;0.000561878;0.00106133;0.999848;0.0257736;0.979456;1;3;1
905.531;606.06;5.59286;2.78465;0.00669763;-0.00293658;0.000210584;0.00670223;-0.00294118;1.00646;-0.0050533;-0.00131833;0.996638;0.0210301;0.991392;1;3;1
928.531;606.06;5.73855;2.8143;0.00597331;-0.00304236;0.00101364;0.00608587;-0.00315492;1.00649;-0.00476123;0.00255408;0.993658;0.0221568;0.985972;1;3;1
951.531;606.06;5.86676;2.8552;0.0069939;-0.00314998;0.000253887;0.00700025;-0.00315634;1.00535;-0.00186444;-0.000621666;0.995651;0.0225772;0.983981;1;3;1
974.531;606.06;6.05914;2.83705;0.00628148;-0.00356693;0.0003196;0.00629184;-0.00357729;1.01066;-0.00636786;0.00096245;0.990751;0.0239589;0.986684;1;3;1
997.531;606.06;6.15478;2.80272;0.00363254;-0.00268532;-0.000756503;0.00372186;-0.00277464;0.99957;0.000399295;-0.000821181;0.992967;0.0228794;0.988407;1;3;1
1020.53;606.06;6.22594;2.82207;0.00674966;-0.00385321;-0.000618737;0.00678565;-0.0038892;1.01031;0.0108782;0.000953186;0.99892;0.024266;0.9846;1;3;1
1043.53;606.06;6.46422;2.80574;0.00708906;-0.0013671;-0.000556615;0.00712554;-0.00140359;1.00761;0.00280767;0.00470275;0.997079;0.0216677;0.987622;1;3;1
1066.53;606.06;6.55088;2.81458;0.00565178;-0.00220874;-0.000241398;0.00565919;-0.00221615;1.00375;-0.000776068;-0.00158881;0.997105;0.0205832;0.988278;1;3;1
1089.53;606.06;6.72347;2.78431;0.00748703;-0.00273698;-0.00015689;0.00748944;-0.00273939;1.00816;0.00137189;0.00125549;1.00626;0.0196976;0.991382;1;3;1
1112.53;606.06;6.89401;2.80669;0.00641887;-0.00358217;0.00108072;0.00653432;-0.00369762;1.00521;0.00291588;-0.000783827;0.998145;0.0223877;0.988283;1;3;1
1135.53;606.06;7.0178;2.78336;0.00655743;-0.00175492;-0.00047026;0.00658395;-0.00178144;1.01117;0.00307463;0.00441099;0.998348;0.0229919;0.984474;1;3;1
1158.53;606.06;7.1946;2.72863;0.00681673;-0.0027947;-0.000573871;0.00685087;-0.00282884;1.00347;-0.00107248;-0.000458389;0.997712;0.021601;0.989197;1;3;1
1181.53;606.06;7.33029;2.74787;0.00589967;-0.00205275;-0.000330582;0.00591338;-0.00206647;1.01072;0.00177899;0.000201826;0.999657;0.0238884;0.991465;1;3;1
1204.53;606.06;7.46519;2.73753;0.006475;-0.000306078;-0.000771074;0.00656158;-0.000392651;0.99809;-0.00257402;0.000236326;0.995856;0.020301;0.987191;1;3;1
1227.53;606.06;7.62718;2.77154;0.00544204;-0.00143319;0.00012787;0.00544442;-0.00143556;1.00874;-0.00064173;-0.000270485;1.00148;0.0206687;0.986017;1;3;1
1250.53;606.06;7.71483;2.77405;0.00424084;-0.00277183;0.000210621;0.00424716;-0.00277815;1.00254;-0.00299608;-0.00688069;0.998501;0.0258409;0.982467;1;3;1
1273.53;606.06;7.82181;2.71186;0.00466558;0.00157251;-0.00164863;0.00537952;0.000858573;1.00113;-0.00298933;0.00652213;1.00102;0.0275189;0.989231;1;4;1
31.5305;583.06;0.525527;2.58397;0.00647489;-0.00283478;0.00075113;0.00653511;-0.002895;1.01025;-0.00376622;-0.000315941;0.994517;0.023625;0.986981;1;3;1
54.5305;583.06;0.673956;2.60951;0.00513125;-0.00432781;0.000153591;0.00513375;-0.00433031;0.999611;0.00374628;-0.00302925;0.991107;0.0221922;0.99279;1;3;1
77.5306;583.06;0.76093;2.63776;0.0037258;-0.00414643;-0.000205679;0.00373117;-0.0041518;1.00666;0.0104285;-0.00204083;0.989948;0.0249136;0.984962;1;3;1
100.531;583.06;0.844955;2.68977;0.00599887;-0.00245758;0.000113039;0.00600038;-0.00245909;1.00247;0.00610501;0.000358397;0.996472;0.0274577;0.98896;1;3;1
123.531;583.06;1.03604;2.66896;0.0069038;-0.00479493;0.000110849;0.00690485;-0.00479598;1.00102;-0.00600222;0.00760537;0.997307;0.0241809;0.989679;1;3;1
146.531;583.06;1.16144;2.66649;0.00449025;-0.00298735;-0.000585946;0.00453588;-0.00303298;1.00432;-0.00198776;0.000107128;0.999231;0.0208676;0.990375;1;3;1
169.531;583.06;1.24212;2.63321;0.0042896;-0.00337939;-0.000395255;0.00430992;-0.00339971;1.01234;0.00215028;-0.00404471;0.999725;0.0200482;0.99185;1;3;1
192.531;583.06;1.35833;2.67608;0.00365425;-0.00256018;0.00149097;0.00399345;-0.00289938;1.00287;-0.00491738;0.0015944;0.997593;0.0240871;0.985304;1;3;1
215.531;583.06;1.40989;2.67533;0.00442095;-0.00206198;0.000701373;0.00449596;-0.00213699;1.00615;0.00205919;-0.00209953;0.996007;0.0223333;0.988008;1;3;1
238.531;583.06;1.56124;2.70474;0.00535606;-0.0012962;0.00145883;0.00566191;-0.00160206;1.00384;-0.000403958;0.00155572;0.998789;0.0189948;0.992082;1;3;1
261.531;583.06;1.65559;2.72055;0.00527496;-0.00312605;-0.000399728;0.00529394;-0.00314502;1.00374;0.00380149;-0.000383018;1.0005;0.0198182;0.9893;1;3;1
284.531;583.06;1.80324;2.74124;0.00840322;-0.00300542;-0.000520392;0.00842691;-0.00302911;1.0059;-0.000172478;0.0017543;0.992543;0.0212823;0.989759;1;3;1
307.531;583.06;2.04052;2.69653;0.00743233;-0.00269328;-4.27232e-05;0.00743251;-0.00269346;1.00142;0.00346594;0.000593449;0.998482;0.0203331;0.990763;1;3;1
330.531;583.06;2.14384;2.68991;0.00370605;-0.0028099;0.00113829;0.00389918;-0.00300303;1.01269;-0.000113748;-0.00317364;0.99561;0.020725;0.990712;1;3;1
353.531;583.06;2.21068;2.71632;0.00303884;-0.00202886;0.000202799;0.00304694;-0.00203696;0.998674;0.00103235;0.0038093;0.998585;0.0214374;0.988155;1;3;1
376.531;583.06;2.28341;2.71268;0.00599697;-0.00194834;-0.00032589;0.00601031;-0.00196169;1.00527;-0.00178789;-0.00257739;0.994222;0.0226438;0.983037;1;3;1
399.531;583.06;2.48572;2.72738;0.0075242;-0.000416774;0.000728345;0.00759045;-0.000483025;1.00495;0.000168913;0.000911861;1.00162;0.0202435;0.988158;1;3;1
422.531;583.06;2.62818;2.77589;0.00634869;-0.00196838;0.00036214;0.00636442;-0.00198412;1.0083;-0.00633094;-0.00380305;0.998021;0.0225724;0.982165;1;3;1
445.531;583.06;2.77683;2.75818;0.0063934;-0.00352764;-0.000148458;0.00639562;-0.00352986;1.00657;-0.000944203;0.00435201;0.99396;0.0202253;0.989468;1;3;1
468.531;583.06;2.92134;2.78215;0.00608414;-0.00237004;0.00064512;0.00613308;-0.00241899;1.00897;-0.00304199;0.000455993;0.989226;0.0212219;0.990577;1;3;1
491.531;583.06;3.05585;2.76857;0.00589513;-0.00327072;0.000988232;0.00600047;-0.00337605;0.999729;-0.00108971;0.00025736;0.991397;0.0206635;0.99056;1;3;1
514.531;583.06;3.19173;2.78345;0.00436776;-0.00242965;0.000352633;0.00438601;-0.0024479;1.00746;-0.000780438;0.000383725;0.9961;0.0202731;0.989265;1;3;1
537.531;583.06;3.25633;2.77974;0.00462957;-0.0024002;-0.000477502;0.00466185;-0.00243249;1.00114;0.00304589;0.000232551;1.0033;0.0256593;0.98131;1;3;1
560.531;583.06;3.40418;2.75112;0.00651852;-0.00223818;-0.000850432;0.00660035;-0.00232001;1.00982;0.00145868;0.000723037;1.00008;0.0210806;0.988483;1;3;1
583.531;583.06;3.55518;2.72489;0.00745548;-0.00191218;0.00105539;0.00757291;-0.00202961;0.997361;0.00512405;-0.00297392;1.00018;0.0210835;0.987121;1;3;1
606.531;583.06;3.74561;2.90431;0.00745134;-0.00201625;0.000280937;0.00745967;-0.00202457;1.00796;-0.00261394;-0.00400005;1.00038;0.0232952;0.982175;1;3;1
629.531;583.06;3.89661;2.79887;0.00602917;-0.00330174;-0.000707582;0.00608252;-0.00335509;1.00795;-0.00222565;0.00416278;0.99441;0.0216689;0.987254;1;3;1
652.531;583.06;4.022;2.79806;0.0055077;-0.00147995;-0.000310646;0.00552148;-0.00149373;1.00509;-0.00241413;0.00324724;0.995134;0.021406;0.990138;1;3;1
675.531;583.06;4.14922;2.72761;0.00570771;-0.00249287;-0.000564593;0.0057464;-0.00253156;1.00215;0.000762239;0.000517886;0.991394;0.023187;0.988259;1;3;1
698.531;583.06;4.28381;2.82067;0.00529327;-0.00193252;0.00182193;0.00572666;-0.00236591;1.00499;-0.00412829;-0.00313309;0.995676;0.0210192;0.991312;1;3;1
721.531;583.06;4.39181;2.88033;0.0049531;-0.00329421;8.13241e-05;0.0049539;-0.00329501;1.00467;-0.00445351;-1.80119e-06;0.993528;0.0215849;0.987768;1;3;1
744.531;583.06;4.51109;2.83553;0.00738496;-0.000874146;-0.00167366;0.00771123;-0.00120041;1.00776;0.0018561;0.00214453;1.00085;0.0214491;0.984672;1;3;1
767.531;583.06;4.73013;2.76524;0.00689806;-0.00257073;0.000932769;0.00698907;-0.00266174;1.00881;0.00199548;0.00119694;0.99845;0.0214112;0.986732;1;3;1
790.531;583.06;4.82731;2.84496;0.00552664;-0.00212439;0.000183012;0.00553101;-0.00212876;1.00311;0.00111713;-0.00444202;1.00035;0.0231467;0.977623;1;3;1
813.531;583.06;4.98364;2.81226;0.00645794;-0.00203761;-0.000575809;0.00649679;-0.00207646;1.00671;0.00250791;0.00576836;1.00108;0.0214814;0.986772;1;3;1
836.531;583.06;5.12341;2.81483;0.00744174;-0.00390965;0.000722327;0.00748752;-0.00395543;1.00789;-0.00108544;-0.000774655;0.995183;0.020839;0.989538;1;3;1
859.531;583.06;5.32467;2.86039;0.00654586;-0.00120279;-0.000655957;0.006601;-0.00125793;1.01214;0.00188027;-0.000374597;0.999985;0.0228435;0.982319;1;3;1
882.531;583.06;5.42354;2.83707;0.00539219;-0.00068665;9.47925e-05;0.00539367;-0.000688128;1.00109;0.000928884;-0.00364609;0.996766;0.0218787;0.986185;1;4;1
905.531;583.06;5.57204;2.88772;0.00665754;-0.00167596;0.000498427;0.00668724;-0.00170566;1.00617;0.00408999;-0.000573789;0.998849;0.0219478;0.981779;1;3;1
928.531;583.06;5.72873;2.89804;0.00664308;-0.00220769;-0.000203123;0.00664774;-0.00221235;1.0061;0.00247061;0.00409654;1.00115;0.0248547;0.98532;1;3;1
951.531;583.06;5.8766;2.85848;0.00648056;-0.00147162;-0.000336427;0.00649477;-0.00148583;1.00661;-0.0022875;-0.0030088;0.998885;0.0186451;0.98954;1;3;1
974.531;583.06;6.02587;2.87033;0.00763843;-0.000688423;0.000878913;0.00773019;-0.000780182;1.00941;-0.00483899;0.00278343;1.00216;0.0216868;0.987534;1;3;1
997.531;583.06;6.22663;2.84672;0.00688512;-0.00177989;-0.000189756;0.00688928;-0.00178404;1.00709;3.21377e-05;-0.00292311;1.00349;0.0213432;0.986221;1;4;1
1020.53;583.06;6.3415;2.87207;0.00544163;-0.00164566;-0.00158738;0.00578092;-0.00198495;1.00589;-5.55539e-05;0.00138511;0.995416;0.0216826;0.985975;1;3;1
1043.53;583.06;6.47627;2.83764;0.00566256;-0.00291167;0.000721577;0.00572287;-0.00297197;1.01012;-0.0030788;0.0051324;0.996358;0.0225594;0.985611;1;3;1
1066.53;583.06;6.60124;2.87865;0.00601058;-0.00186025;0.00034988;0.0060261;-0.00187577;1.0047;-0.000309701;-0.00222875;0.992978;0.0224441;0.983866;1;3;1
1089.53;583.06;6.75192;2.86753;0.0048343;-0.00222294;-6.83727e-05;0.00483496;-0.00222361;1.00308;0.00372368;-0.00200536;0.990569;0.0226273;0.989756;1;3;1
1112.53;583.06;6.82309;2.87296;0.00491465;-0.000931469;-6.23096e-05;0.00491531;-0.000932133;1.00742;0.00559881;0.00258718;1.00014;0.0242762;0.988244;1;3;1
1135.53;583.06;6.97744;2.85884;0.00834144;-0.000865832;-0.00140106;0.00854992;-0.00107431;1.01049;0.00312988;5.36405e-05;0.999434;0.0252135;0.986053;1;3;1
1158.53;583.06;7.20518;2.8214;0.00736812;-0.00307935;-0.000539569;0.00739592;-0.00310714;1.0024;0.00481358;-0.0016036;0.996889;0.0240944;0.986113;1;3;1
1181.53;583.06;7.31512;2.81632;0.00587771;-0.00227535;-0.00016769;0.00588115;-0.00227879;1.00987;0.00167573;0.000695116;0.998039;0.0209764;0.987934;1;3;1
1204.53;583.06;7.47475;2.79107;0.0053262;-0.00333898;-0.000189807;0.00533035;-0.00334314;0.999856;0.00465404;-0.00046104;0.996973;0.0222675;0.980661;1;3;1
1227.53;583.06;7.55947;2.80561;0.00524146;-0.00114057;8.82354e-05;0.00524268;-0.00114179;1.00645;-0.000622906;0.00154252;0.996181;0.0225049;0.98595;1;3;1
1250.53;583.06;7.71522;2.76763;0.00700478;-0.000757789;-0.00233427;0.00765265;-0.00140565;1.0095;-0.00083603;-0.00179987;0.996105;0.0219235;0.987468;1;3;1
1273.53;583.06;7.88027;2.63839;0.00721737;-0.0018208;-0.00322167;0.00824818;-0.00285161;1.00458;-0.00665533;0.00780472;0.99973;0.0316891;0.981408;1;3;1
31.5305;560.06;0.45823;2.66861;0.0103761;-0.00285141;0.000239493;0.0103805;-0.00285575;1.00823;0.00200418;-0.00387498;0.99788;0.0246649;0.988808;1;3;1
54.5305;560.06;0.695654;2.67586;0.00688107;-0.00283799;0.000920375;0.00696746;-0.00292438;1.00586;-0.006856;-0.000165059;0.999743;0.0186817;0.994854;1;3;1
77.5306;560.06;0.773662;2.70658;0.00320037;-0.002202;0.00108804;0.00341127;-0.0024129;0.999783;-0.000873196;0.00187251;0.998795;0.0233656;0.991705;1;3;1
100.531;560.06;0.842622;2.71309;0.00481893;-0.00179337;0.000716906;0.00489577;-0.0018702;1.00769;8.37087e-05;-0.00196166;0.993985;0.0213422;0.992109;1;3;1
123.531;560.06;0.994717;2.79496;0.00725664;-0.00309264;0.00125814;0.00740739;-0.00324339;1.00222;-0.000456461;-5.22299e-05;1.00109;0.0231944;0.985336;1;3;1
146.531;560.06;1.17521;2.74729;0.00591925;-0.00218814;0.000197682;0.00592407;-0.00219296;1.00812;-0.000125721;0.00322005;0.998853;0.0194266;0.991885;1;3;1
169.531;560.06;1.26616;2.73229;0.00275655;-0.00269246;-0.00047413;0.0027975;-0.00273341;1.00569;-0.00386063;0.000165548;0.996786;0.0223217;0.989527;1;3;1
192.531;560.06;1.30183;2.71931;0.0039573;-0.00240652;0.00072795;0.00403951;-0.00248873;0.999518;-0.00225999;0.000718794;1.0002;0.0266338;0.985378;1;3;1
215.531;560.06;1.44783;2.76118;0.00561609;-0.00222522;-0.000663737;0.00567188;-0.00228101;1.00308;0.000823102;0.000408128;1.00107;0.0205876;0.992459;1;3;1
238.531;560.06;1.55945;2.72471;0.00739024;-0.00186005;-0.000962023;0.00748923;-0.00195904;1.00594;0.00390985;-0.00263456;0.999518;0.0212447;0.993343;1;3;1
261.531;560.06;1.78652;2.78572;0.00641402;-0.00229765;-0.000553718;0.00644907;-0.0023327;1.01024;-0.000709753;-0.00407099;0.993557;0.0211386;0.988388;1;3;1
284.531;560.06;1.85353;2.77218;0.00423341;-0.00155612;-0.00110515;0.0044372;-0.00175991;1.00275;0.00133371;0.00553573;0.997421;0.0235398;0.988841;1;3;1
307.531;560.06;1.98082;2.73285;0.00444489;-0.00269553;0.000958507;0.00457132;-0.00282196;1.00369;-0.00815407;-0.00104372;0.998275;0.0198817;0.992429;1;3;1
330.531;560.06;2.05752;2.73208;0.00595014;-0.00300602;0.000775885;0.00601686;-0.00307274;1.00627;-0.000477404;0.000670361;0.993635;0.0210529;0.9898;1;3;1
353.531;560.06;2.25371;2.7645;0.00613308;-0.00155923;0.000609243;0.00618103;-0.00160718;0.999243;0.00114229;0.00315268;0.997262;0.0201123;0.991432;1;3;1
376.531;560.06;2.33877;2.7717;0.00588367;-0.00347143;-0.0013816;0.00608344;-0.0036712;1.00939;0.00718385;-0.00285866;0.999498;0.0206665;0.991802;1;3;1
399.531;560.06;2.52352;2.70213;0.00713362;-0.00132977;-5.49155e-05;0.00713398;-0.00133013;1.00143;0.000962175;0.00165073;0.996743;0.0224358;0.988441;1;3;1
422.531;560.06;2.66575;2.75861;0.00590372;-0.00143506;0.00109567;0.00606381;-0.00159515;1.01194;0.00329467;-0.00369661;0.996783;0.0204332;0.989995;1;4;1
445.531;560.06;2.79417;2.81065;0.00451876;-0.00257686;0.000634896;0.00457512;-0.00263322;0.998584;0.00164037;-0.0012631;0.999152;0.0192796;0.989581;1;3;1
468.531;560.06;2.87311;2.81566;0.00357954;-0.00125297;0.000826688;0.00371705;-0.00139047;1.00857;0.00124701;-0.00409441;1.00504;0.019914;0.98941;1;3;1
491.531;560.06;2.95851;2.85618;0.00599027;-0.00245021;0.00127205;0.00617781;-0.00263775;1.00798;-0.00243447;0.00245255;1.00037;0.0219105;0.986563;1;3;1
514.531;560.06;3.14783;2.84867;0.00695925;-0.00218626;0.00075073;0.00702046;-0.00224747;1.0082;-0.00307582;-5.88409e-05;0.996928;0.0198433;0.989681;1;3;1
537.531;560.06;3.27753;2.85675;0.00674508;-0.00256874;0.00040946;0.00676305;-0.00258671;1.00457;-0.00323781;0.00218238;0.996432;0.0203554;0.989104;1;3;1
560.531;560.06;3.45707;2.83726;0.00697014;-0.00419524;-0.000356627;0.00698152;-0.00420662;1.00998;-0.00447043;0.00352114;0.992269;0.021484;0.985857;1;3;1
583.531;560.06;3.59704;2.8231;0.00568257;-0.00314821;-7.82973e-06;0.00568257;-0.00314821;1.00485;-0.00473681;-0.00473685;0.99201;0.0193744;0.989803;1;3;1
606.531;560.06;3.71772;2.85435;0.00521156;0.00109803;0.000953713;0.00542192;0.000887673;1.00649;0.00173982;0.00128286;0.997741;0.0205691;0.9883;1;3;1
629.531;560.06;3.83611;2.87991;0.00479183;-0.00132837;0.00032215;0.00480875;-0.00134528;1.006;-0.0013967;-0.0045761;0.998927;0.0220874;0.98439;1;4;1
652.531;560.06;3.93762;2.8575;0.00796559;-0.0028606;0.000360649;0.00797759;-0.0028726;1.00787;-0.00467839;0.00264564;0.99763;0.0205718;0.989797;1;3;1
675.531;560.06;4.20108;2.87468;0.00720689;-0.00544694;-0.000880655;0.00726788;-0.00550793;1.00727;-0.000877135;-0.000268737;1.00125;0.021403;0.986646;1;4;1
698.531;560.06;4.26795;2.84071;0.00513124;-0.00133982;-0.000481881;0.00516693;-0.00137551;1.00686;0.0015286;0.000652095;1.00234;0.019289;0.987169;1;3;1
721.531;560.06;4.43651;2.8837;0.00749459;0.000640038;-0.000662169;0.00755797;0.000576657;1.00618;0.00604163;0.00444577;1.00511;0.0197565;0.986506;1;3;1
744.531;560.06;4.61142;2.84136;0.00501338;-0.00114395;-0.000963813;0.00516072;-0.00129129;1.00559;0.00161783;-0.00530169;0.998414;0.0223956;0.982046;1;3;1
767.531;560.06;4.66655;2.89195;0.00657347;-0.00283172;0.000412993;0.00659157;-0.00284982;1.00933;-0.00538942;0.00116912;0.994273;0.0192747;0.989217;1;3;1
790.531;560.06;4.91279;2.88822;0.00698209;-0.00138726;-0.000433085;0.00700444;-0.00140961;1.00967;0.0031782;0.00261538;0.994582;0.0251252;0.981647;1;4;1
813.531;560.06;4.98661;2.88177;0.00428497;-0.00309435;0.000669997;0.00434531;-0.00315469;1.00185;-0.00438531;-0.00418341;0.994142;0.0212739;0.98706;1;3;1
836.531;560.06;5.10945;2.93061;0.00683355;-0.00302448;-7.58867e-05;0.00683413;-0.00302506;1.00559;0.00300538;0.00170735;0.999374;0.0222614;0.985332;1;3;1
859.531;560.06;5.29988;2.85576;0.00743377;-0.00228761;-0.000765633;0.0074937;-0.00234754;1.00897;0.00189517;0.00231397;0.997248;0.0219068;0.986507;1;3;1
882.531;560.06;5.44999;2.80934;0.00671578;-0.00213935;-0.000249828;0.00672283;-0.00214639;1.01009;-0.00246704;-0.00107693;0.997108;0.0202239;0.987022;1;3;1
905.531;560.06;5.60778;2.86182;0.00606729;0.000533837;0.00131369;0.00636334;0.000237793;1.00133;-0.00182063;0.000739656;0.999075;0.0204685;0.988283;1;4;1
928.531;560.06;5.72812;2.91596;0.00571819;-0.000322659;-6.4771e-05;0.00571888;-0.000323353;1.00932;0.00265257;-0.00616673;0.99751;0.0226869;0.98589;1;3;1
951.531;560.06;5.87003;2.92294;0.00521229;-0.000748656;-0.00109255;0.00540622;-0.000942593;1.00326;0.00670265;0.00532921;1.0001;0.0224873;0.992273;1;3;1
974.531;560.06;5.96724;2.86882;0.00662674;-0.00194073;-0.000577093;0.00666544;-0.00197943;1.00999;0.00191955;-0.00214762;0.993356;0.020732;0.987307;1;3;1
997.531;560.06;6.17384;2.88467;0.00862249;-0.00237908;0.00045879;0.00864159;-0.00239817;1.00667;0.00180156;-0.00253885;0.994395;0.0230088;0.986411;1;3;1
1020.53;560.06;6.36217;2.89804;0.00503287;-0.000889672;0.000983125;0.0051918;-0.0010486;1.00046;-0.00279889;-0.00272148;1.00379;0.020707;0.986085;1;3;1
1043.53;560.06;6.40474;2.93991;0.0040598;-0.00337825;0.000489411;0.00409186;-0.00341031;1.00726;0.00224782;0.00542126;1.00093;0.0222026;0.990038;1;3;1
1066.53;560.06;6.54854;2.90023;0.00696711;-0.00107406;-0.000278598;0.00697675;-0.0010837;1.01205;-0.00540752;-0.00172991;0.998366;0.0203559;0.988517;1;3;1
1089.53;560.06;6.72409;2.88668;0.00747471;-0.00251672;-0.000808306;0.00753968;-0.00258169;1.00161;-0.0021677;0.00172501;0.997788;0.0227504;0.984174;1;3;1
1112.53;560.06;6.89108;2.84956;0.00808675;-0.00191796;-0.00127076;0.00824564;-0.00207684;1.01438;-0.000626793;0.00511269;0.997763;0.024066;0.982136;1;3;1
1135.53;560.06;7.09454;2.82327;0.00677776;-0.00137343;-0.000454934;0.00680307;-0.00139874;1.00063;0.000250882;-0.00503021;0.999505;0.0182475;0.991746;1;3;1
1158.53;560.06;7.2018;2.8705;0.00481617;-0.00218396;0.000755547;0.00489679;-0.00226458;1.00635;0.00133407;0.000339795;1.00023;0.0198505;0.988782;1;2;1
1181.53;560.06;7.31554;2.85266;0.00588993;-0.00235795;0.000282564;0.0058996;-0.00236762;1.00714;0.00226658;-0.000922685;0.997615;0.0215574;0.986294;1;3;1
1204.53;560.06;7.47194;2.89138;0.00611156;-0.0013161;-0.000262172;0.0061208;-0.00132534;1.00733;-0.00199742;0.000443858;0.996934;0.0193597;0.988566;1;2;1
1227.53;560.06;7.59581;2.82405;0.00633068;-0.00144143;-0.00236879;0.00699573;-0.00210649;1.00651;0.000729588;0.00303054;0.998922;0.020454;0.989922;1;3;1
1250.53;560.06;7.76216;2.80894;0.00575783;-0.0010862;-0.00113348;0.00594067;-0.00126903;1.00841;0.00227963;0.00180863;1.00125;0.0196998;0.990159;1;3;1
1273.53;560.06;7.85991;2.79571;0.00425912;-0.00151095;-0.00119571;0.00449709;-0.00174892;0.999363;0.00784672;-0.0028311;0.993584;0.0330234;0.974131;1;4;1
31.5305;537.06;0.518023;2.71533;0.00476985;-0.00336485;-0.000167801;0.00477331;-0.00336831;1.00925;0.00232364;0.00203547;0.991217;0.0219657;0.987097;1;3;1
54.5305;537.06;0.627456;2.74027;0.00392424;-0.0037541;0.000379596;0.00394296;-0.00377282;0.997605;0.00457718;0.00138314;0.993051;0.0192709;0.993996;1;3;1
77.5306;537.06;0.698179;2.73921;0.00522385;-0.00217198;0.000398705;0.00524528;-0.00219341;1.00854;-0.00113884;0.00046658;0.996089;0.0248927;0.984329;1;3;1
100.531;537.06;0.867117;2.77235;0.00559946;-0.00236843;0.000735444;0.00566677;-0.00243574;1.00634;0.00236213;-0.00239843;0.996874;0.0196903;0.991961;1;2;1
123.531;537.06;0.954981;2.81151;0.0046646;-0.00222763;-0.000446585;0.00469341;-0.00225645;1.00208;0.00069306;-0.00198177;0.996971;0.0235003;0.986336;1;3;1
146.531;537.06;1.08119;2.76733;0.00660521;-0.00180882;-2.8193e-05;0.0066053;-0.00180892;1.00847;-0.00321819;0.00260683;0.999839;0.0219597;0.990083;1;3;1
169.531;537.06;1.25779;2.75723;0.00521242;-0.00206849;0.000823352;0.00530437;-0.00216044;1.00254;0.00427173;0.00127103;0.99919;0.0241277;0.984833;1;3;1
192.531;537.06;1.32034;2.78693;0.00475437;-0.00214115;0.000243326;0.00476294;-0.00214973;1.00706;0.00460356;-0.00279508;0.994282;0.0231604;0.986922;1;3;1
215.531;537.06;1.47597;2.77785;0.00770514;-0.000704077;-0.000439106;0.007728;-0.000726944;1.00493;0.00485666;-0.00101383;0.999788;0.0205642;0.989847;1;3;1
238.531;537.06;1.67342;2.79052;0.00604697;-0.00236978;-0.000265177;0.00605532;-0.00237813;0.999096;0.000463167;0.000532561;0.996899;0.0222887;0.988178;1;3;1
261.531;537.06;1.75327;2.82647;0.00388807;-0.00171185;0.00146274;0.00424713;-0.0020709;1.00929;0.00162891;-0.00555144;0.998615;0.0202855;0.992231;1;2;1
284.531;537.06;1.85192;2.8129;0.0034766;-0.00394895;0.000555794;0.00351797;-0.00399032;0.997127;0.00261239;0.00364633;0.994644;0.0228708;0.986739;1;3;1
307.531;537.06;1.91292;2.82087;0.00550044;-0.00330561;0.000658116;0.00554935;-0.00335452;1.00895;0.00437904;0.000845349;0.995684;0.0212289;0.990281;1;4;1
330.531;537.06;2.10424;2.82841;0.00613565;-0.00516823;-0.000263073;0.00614177;-0.00517435;1.00664;0.00183719;0.00202196;0.998585;0.0200515;0.992771;1;3;1
353.531;537.06;2.19428;2.7881;0.0053132;-0.00287977;0.000831119;0.00539666;-0.00296323;1.00215;-0.000398906;0.00139164;0.998212;0.0208524;0.990782;1;3;1
376.531;537.06;2.34798;2.87269;0.00618146;-0.00241861;-0.000555511;0.00621719;-0.00245435;1.00507;-0.00408035;-0.00092391;0.997241;0.0212671;0.99071;1;4;1
399.531;537.06;2.47776;2.78859;0.00627446;-0.00427544;0.000933951;0.0063565;-0.00435748;1.00805;-0.0084235;-0.000837682;1.00066;0.0222279;0.990041;1;3;1
422.531;537.06;2.6357;2.84195;0.00649164;-0.00325207;0.00107296;0.00660839;-0.00336882;1.0081;0.001146;-0.00121114;0.99726;0.0213793;0.990578;1;3;1
445.531;537.06;2.77533;2.87687;0.00556268;-0.00234945;0.00121721;0.0057457;-0.00253248;1.00225;-0.00408121;0.00121157;0.998623;0.0210509;0.98817;1;3;1
468.531;537.06;2.89087;2.83983;0.00429013;-0.00234712;0.000522925;0.00433108;-0.00238807;1.00975;-0.00377627;-0.000868119;0.996937;0.0180664;0.992738;1;3;1
491.531;537.06;2.97225;2.88149;0.00507466;-0.00258558;-0.000175627;0.00507868;-0.0025896;1.00223;0.0001637;0.00369847;0.997282;0.0216377;0.987938;1;2;1
514.531;537.06;3.1237;2.88417;0.00512972;-0.00205182;-7.34914e-05;0.00513047;-0.00205257;1.00574;-4.40807e-05;-0.00245568;1.00046;0.0188903;0.990342;1;2;1
537.531;537.06;3.20761;2.89808;0.00610195;-0.00126287;0.000282198;0.00611274;-0.00127366;1.00354;-9.69529e-05;-0.00268888;0.998841;0.0218063;0.985612;1;3;1
560.531;537.06;3.4035;2.94451;0.00797109;-0.00273716;-0.000177618;0.00797404;-0.00274011;1.0062;0.000836226;0.00240795;0.996428;0.0230818;0.979124;1;3;1
583.531;537.06;3.57282;2.86994;0.00679459;-0.00209912;-0.000981415;0.0069016;-0.00220613;1.00911;0.00417386;-0.00288695;1.00013;0.0226659;0.989526;1;4;1
606.531;537.06;3.7149;2.85384;0.00648684;-0.000589887;-0.00045803;0.00651637;-0.000619409;1.0121;-0.00384178;-0.00178441;1.00141;0.0213359;0.986973;1;3;1
629.531;537.06;3.87026;2.86002;0.00586629;-0.000238073;0.000331702;0.00588426;-0.000256044;1.0057;0.00307161;0.000175212;1.00276;0.0222209;0.9877;1;3;1
652.531;537.06;3.9839;2.92985;0.00748375;-0.00340844;0.0011321;0.00760017;-0.00352487;1.00903;0.00329481;-0.00207709;0.999199;0.0212437;0.986389;1;3;1
675.531;537.06;4.21308;2.9789;0.00770345;-0.00246791;0.000308537;0.0077128;-0.00247726;1.00517;0.00235997;-0.00359987;0.995266;0.0262856;0.98555;1;3;1
698.531;537.06;4.33688;2.88237;0.0052315;-0.00282646;-0.0012585;0.00542348;-0.00301844;1.00567;-0.000286286;0.00429661;0.998399;0.0209512;0.9899;1;3;1
721.531;537.06;4.45292;2.85094;0.00590051;-0.00119964;-0.000565787;0.00594531;-0.00124444;1.00748;-0.00147216;0.00183298;0.995751;0.0210181;0.988692;1;2;1
744.531;537.06;4.60751;2.88828;0.0062348;-0.0024401;0.000348928;0.00624881;-0.00245411;1.0045;0.00234176;-0.0023264;0.999265;0.0224838;0.986663;1;3;1
767.531;537.06;4.73881;2.89568;0.00543382;-0.00146654;-0.000525522;0.00547361;-0.00150634;1.00411;0.00514892;-0.000554229;1.00229;0.0189261;0.991842;1;2;1
790.531;537.06;4.85679;2.90883;0.00491566;-0.000760093;0.00217599;0.00565388;-0.00149831;1.00569;-0.00424089;0.000518956;0.99819;0.0209692;0.991386;1;4;1
813.531;537.06;4.96434;2.95483;0.00540198;-0.00211343;0.000447235;0.0054285;-0.00213995;1.00859;0.000859121;-0.00228228;0.998072;0.0188862;0.987657;1;3;1
836.531;537.06;5.10459;2.95417;0.00676489;-0.00111089;-0.000534322;0.00680098;-0.00114697;1.00194;-0.00284838;0.00127801;0.997944;0.0204121;0.987489;1;3;1
859.531;537.06;5.27448;2.96577;0.00758909;-0.0023528;0.00061647;0.00762717;-0.00239088;1.00985;-0.00288416;0.00199815;1.00042;0.0254754;0.978996;1;3;1
882.531;537.06;5.45237;2.93559;0.00618364;-0.00286455;-0.00183996;0.00654349;-0.0032244;1.00842;0.0029535;-0.00133918;0.99774;0.0184297;0.992044;1;3;1
905.531;537.06;5.55794;2.86318;0.00748549;-0.00164211;-0.000882337;0.00757;-0.00172662;0.999567;-0.00263273;0.000782805;0.997245;0.0242848;0.985242;1;3;1
928.531;537.06;5.79541;2.91293;0.00811514;-0.00172046;-0.000419936;0.00813303;-0.00173836;1.01499;-0.000418427;0.000586897;0.999356;0.0228192;0.984229;1;3;1
951.531;537.06;5.92973;2.89296;0.00534629;-0.00114087;-0.000585245;0.00539866;-0.00119324;1.00708;-0.00166437;-0.00217;0.99902;0.021189;0.989986;1;3;1
974.531;537.06;6.04067;2.95969;0.00619315;-0.00319397;-0.000279292;0.00620145;-0.00320227;1.00663;0.00471082;-0.00104904;1.00269;0.0204251;0.990295;1;3;1
997.531;537.06;6.21369;2.95629;0.0057945;-0.0031674;-0.00123943;0.00596275;-0.00333565;1.00634;0.0026374;0.00237764;0.996276;0.0223139;0.98067;1;3;1
1020.53;537.06;6.30642;2.91302;0.00479252;-0.00208118;0.000959007;0.00492381;-0.00221247;0.999658;0.000209146;-0.00320964;0.996801;0.0208205;0.987093;1;3;1
1043.53;537.06;6.43361;2.99332;0.00583141;-0.00174732;-0.000154849;0.00583457;-0.00175048;1.00433;-7.80671e-05;-0.00206764;0.99733;0.0190433;0.98854;1;3;1
1066.53;537.06;6.57389;2.92809;0.00746147;-0.00179489;-0.000811398;0.00753206;-0.00186547;1.01588;0.00209033;0.00302066;1.00054;0.020707;0.989674;1;3;1
1089.53;537.06;6.77556;2.98345;0.00659573;-0.00210445;-0.000668378;0.00664678;-0.0021555;1.00573;0.00153667;-0.00169518;0.996281;0.0195437;0.98935;1;3;1
1112.53;537.06;6.87628;2.9613;0.00576136;-0.00279033;-0.00155722;0.00603609;-0.00306507;1.00447;0.00846997;0.00529912;0.994353;0.0211887;0.990587;1;3;1
1135.53;537.06;7.03978;2.92211;0.00630047;-0.00296587;-0.000440515;0.00632136;-0.00298677;1.00477;-0.000223608;0.00284112;0.997613;0.0205565;0.986963;1;3;1
1158.53;537.06;7.16518;2.92199;0.00589119;-0.00231159;0.000217474;0.00589695;-0.00231735;1.01229;-0.00392369;-0.00187726;0.996476;0.0254863;0.981578;1;3;1
1181.53;537.06;7.30999;2.92492;0.00665672;-0.00243656;-0.0012484;0.006825;-0.00260483;1.00135;-0.000560098;0.00149544;0.996812;0.0233494;0.982679;1;3;1
1204.53;537.06;7.47033;2.85165;0.00838882;-0.000330311;-0.00115822;0.00854005;-0.000481542;1.01081;0.00555322;-0.00141588;1.00002;0.0222093;0.991076;1;3;1
1227.53;537.06;7.69424;2.87216;0.0069905;-0.0019805;-0.000812938;0.00706358;-0.00205357;1.00773;0.00436402;0.00355508;0.996916;0.0234296;0.987638;1;3;1
1250.53;537.06;7.79076;2.81769;0.00587677;-0.00143909;-0.00191674;0.00634853;-0.00191086;1.00183;-0.00170285;-0.00142251;0.99865;0.023113;0.989882;1;4;1
1273.53;537.06;7.96349;2.70802;0.0075494;-0.00194602;-0.0021793;0.00802568;-0.0024223;1.01123;-0.00257214;0.00509391;0.991059;0.0407358;0.960635;1;4;1
31.5305;514.06;0.523081;2.8237;0.00704645;-0.00296368;0.00029021;0.00705486;-0.00297209;1.01327;-0.00213349;0.00129975;1.00004;0.0228578;0.989516;1;3;1
54.5305;514.06;0.684569;2.84887;0.00536073;-0.00337506;-0.000335803;0.00537362;-0.00338795;0.998371;0.000283425;-0.000710934;0.995945;0.0220428;0.989839;1;3;1
77.5306;514.06;0.769014;2.8066;0.003539;-0.00222012;-0.000808066;0.00365023;-0.00233135;1.00423;2.48011e-05;-0.00214628;0.999125;0.0235847;0.988556;1;3;1
100.531;514.06;0.847068;2.82217;0.00570537;-0.00176251;0.0016585;0.00605713;-0.00211427;1.00841;-0.00330103;-0.000226442;0.996691;0.0216452;0.990389;1;3;1
123.531;514.06;1.03063;2.89756;0.00603748;-0.00248497;-0.000327143;0.00605002;-0.00249751;0.999776;0.00134085;-0.00620504;0.996289;0.0241542;0.985333;1;3;1
146.531;514.06;1.12396;2.8306;0.00391383;-0.00272064;-0.000357903;0.00393308;-0.00273989;1.00621;0.00425833;0.00375218;0.994603;0.0212963;0.992133;1;3;1
169.531;514.06;1.21026;2.82757;0.00383511;-0.00445773;0.000244445;0.00384231;-0.00446493;0.996532;-0.00338847;-0.0043582;0.99743;0.0235171;0.985177;1;3;1
192.531;514.06;1.30003;2.81791;0.00613243;-0.00446231;-0.00107023;0.00623946;-0.00456933;1.00901;-0.00679017;0.00572558;0.997097;0.024884;0.986859;1;3;1
215.531;514.06;1.49148;2.7936;0.00724068;-0.00362717;0.000187063;0.00724389;-0.00363039;1.01025;0.000764297;-0.00283568;0.993598;0.0249817;0.987211;1;3;1
238.531;514.06;1.63191;2.83391;0.00399284;-0.00249293;0.00160181;0.00436688;-0.00286696;1.00145;-0.00293109;-7.75495e-05;0.994421;0.0204364;0.990302;1;2;1
261.531;514.06;1.67473;2.86467;0.0035993;-0.00249671;0.00100676;0.00376126;-0.00265868;1.00008;-0.00712035;-0.00320162;0.993895;0.0224166;0.99049;1;3;1
284.531;514.06;1.79702;2.95423;0.00569554;-0.00274986;0.000443197;0.00571873;-0.00277306;1.00828;-0.00441174;-0.000767583;1.00267;0.0233498;0.98602;1;3;1
307.531;514.06;1.93598;2.88518;0.00549682;-0.0035588;-2.5856e-05;0.00549689;-0.00355888;1.00503;-0.00337264;-0.00111654;0.996777;0.026231;0.98328;1;4;1
330.531;514.06;2.04918;2.97044;0.0062277;-0.00330569;0.000623542;0.00626831;-0.0033463;1.00189;-0.00735883;-0.000911822;0.997752;0.0209172;0.989106;1;3;1
353.531;514.06;2.22156;2.89717;0.00743939;-0.00338072;-0.00153265;0.0076523;-0.00359363;1.01084;-0.000359033;0.00356499;1.00236;0.0233228;0.987367;1;4;1
376.531;514.06;2.39005;2.88312;0.00405485;-0.00111838;-0.000125649;0.0040579;-0.00112143;1.00504;0.0114123;-0.00165833;1.00096;0.0210476;0.991196;1;3;1
399.531;514.06;2.40771;2.89937;0.00577891;-0.00401769;-2.52957e-05;0.00577898;-0.00401776;1.00995;0.00905505;-0.0044287;0.989358;0.0207122;0.990942;1;4;1
422.531;514.06;2.6551;2.90845;0.00595227;-0.00309126;0.000203564;0.00595685;-0.00309584;1.00591;-0.00457804;0.00261869;0.993051;0.0216204;0.98886;1;4;1
445.531;514.06;2.6807;2.91899;0.00380501;-0.0018349;0.00113656;0.00402544;-0.00205532;1.00594;-0.00349729;-0.000825737;0.997037;0.026171;0.981428;1;3;1
468.531;514.06;2.8298;2.92377;0.00737323;-0.00304562;0.00123701;0.00751808;-0.00319047;1.00697;5.10335e-05;-0.00132781;0.996353;0.0191396;0.988343;1;3;1
491.531;514.06;3.01859;2.97531;0.0074455;-0.00146688;-0.000305894;0.00745599;-0.00147737;1.00837;0.00213602;-0.00241352;0.99785;0.0190487;0.989609;1;3;1
514.531;514.06;3.17102;2.94315;0.00639133;-0.0028253;-0.000996046;0.00649775;-0.00293171;1.00789;0.00527095;0.00544469;0.99428;0.0214187;0.989539;1;3;1
537.531;514.06;3.31162;2.91489;0.00598343;-0.00141912;-0.000579614;0.00602854;-0.00146423;1.00311;0.00238229;0.00208675;0.998337;0.019023;0.991147;1;3;1
560.531;514.06;3.44544;2.96335;0.00621972;-0.00146315;0.000350975;0.00623572;-0.00147915;1.00894;0.00185449;-0.00353776;0.999412;0.0200249;0.98833;1;3;1
583.531;514.06;3.59685;2.91976;0.00663874;-0.00362596;-0.00139148;0.00682402;-0.00381124;1.00728;0.000364525;0.00336663;0.997761;0.0238168;0.983135;1;3;1
606.531;514.06;3.74974;2.8815;0.00620368;-0.0046475;-0.000120157;0.00620501;-0.00464883;1.00324;0.00183533;-0.00203666;0.996985;0.0233977;0.990458;1;3;1
629.531;514.06;3.88133;2.89089;0.00440704;-0.00436288;0.00145739;0.00464289;-0.00459873;1.00294;0.00224374;-0.000580883;0.996578;0.0232407;0.983491;1;3;1
652.531;514.06;3.95183;3.01456;0.00533327;-0.00206281;0.00114035;0.0055051;-0.00223464;1.00231;-0.00163305;-0.00482267;0.998471;0.0217951;0.99007;1;4;1
675.531;514.06;4.1259;2.9884;0.00663899;-0.000162805;-0.000496301;0.00667502;-0.000198827;1.01229;-0.00324312;0.00389075;1.00342;0.0216214;0.98889;1;3;1
698.531;514.06;4.2562;2.97091;0.00803765;-0.00314768;0.000489207;0.008059;-0.00316904;1.00474;-0.00206333;-0.0047575;0.992994;0.0225068;0.987909;1;3;1
721.531;514.06;4.49413;2.93896;0.00802498;-0.00403869;0.000732034;0.00806923;-0.00408294;1.00939;-0.001376;0.00373682;0.992365;0.0224553;0.986973;1;3;1
744.531;514.06;4.62387;2.95374;0.00525095;-0.00217564;0.000917503;0.00536262;-0.00228731;1.00484;-0.0020613;-0.000729401;0.997214;0.0190343;0.990151;1;3;1
767.531;514.06;4.73504;2.95951;0.00323401;-0.00265662;0.000156002;0.00323814;-0.00266075;1.00001;-0.000676934;0.00130394;0.993304;0.0224219;0.985893;1;3;1
790.531;514.06;4.77239;2.92341;0.00557324;-0.00268227;0.000826314;0.00565513;-0.00276416;1.0098;-0.00457308;-0.0041959;0.99967;0.02326;0.98281;1;3;1
813.531;514.06;4.9907;2.97909;0.00866307;-0.00126086;0.000182335;0.00866642;-0.00126421;1.0117;0.00205919;-0.00228973;0.996476;0.020661;0.984802;1;3;1
836.531;514.06;5.16914;2.98178;0.00511085;-0.000455078;-0.000535317;0.00516187;-0.000506096;1.00254;-0.0024831;-0.0029428;1.00495;0.0194284;0.987713;1;3;1
859.531;514.06;5.2252;2.96418;0.0075814;-0.00120144;-3.25348e-05;0.00758152;-0.00120156;1.00633;-0.00511498;0.00164182;1.00162;0.0244655;0.978393;1;3;1
882.531;514.06;5.51655;2.94135;0.00962658;-0.00108557;0.000854886;0.00969438;-0.00115337;1.01357;0.00224724;0.000339536;1.00191;0.0196118;0.991121;1;3;1
905.531;514.06;5.6659;2.93745;0.0060926;-0.00345847;0.00015743;0.0060952;-0.00346106;1.00184;0.00361986;0.00145727;1.00003;0.023575;0.984725;1;3;1
928.531;514.06;5.79593;2.99522;0.00663405;-0.00211469;0.00120517;0.00679703;-0.00227767;1.00694;0.00913555;0.0015804;0.998869;0.026132;0.973599;1;3;1
951.531;514.06;5.97004;2.97556;0.00565922;-0.00329968;0.00124739;0.00582965;-0.00347012;1.00501;0.00265986;-0.00631649;0.998135;0.0225193;0.984689;1;3;1
974.531;514.06;6.05552;3.01606;0.00590738;-0.00216612;0.000438245;0.0059311;-0.00218984;1.00234;-0.00343555;0.00155263;0.995578;0.0207505;0.987726;1;3;1
997.531;514.06;6.24095;3.03065;0.00557244;-0.00198115;0.000365424;0.00559008;-0.00199878;1.00809;-0.00234923;0.00306699;1.00132;0.0245327;0.980662;1;3;1
1020.53;514.06;6.31114;2.9939;0.00420233;-0.00362318;-6.03751e-05;0.0042028;-0.00362365;1.00546;0.000951819;0.00136063;0.996047;0.021758;0.990426;1;3;1
1043.53;514.06;6.43385;3.02037;0.00658065;-0.000739908;3.21396e-05;0.00658079;-0.000740049;1.00234;-0.000185697;-0.00433138;0.999539;0.0228593;0.987255;1;3;1
1066.53;514.06;6.61286;2.98292;0.00838843;-0.0022009;-0.000652604;0.0084285;-0.00224097;1.01463;-5.02099e-05;0.00280797;0.998299;0.0194807;0.992028;1;3;1
1089.53;514.06;6.8181;2.98368;0.00785323;-0.00114608;-0.000223993;0.0078588;-0.00115165;1.0016;0.00355308;-0.00104458;1.00134;0.0227244;0.987395;1;3;1
1112.53;514.06;6.9727;2.97816;0.00605664;-0.000409775;-0.000781882;0.00614983;-0.000502973;1.01108;0.00270108;0.00239288;1.00376;0.020704;0.988936;1;3;1
1135.53;514.06;7.09586;2.95991;0.00461924;-0.00194684;-4.43624e-05;0.00461954;-0.00194714;1.00563;-0.000311728;0.00101525;0.998124;0.0204732;0.98937;1;3;1
1158.53;514.06;7.18469;2.97695;0.00575717;-0.00219639;-0.000193259;0.00576186;-0.00220108;0.999502;-0.0061165;0.00162769;0.995821;0.0243648;0.984696;1;3;1
1181.53;514.06;7.35993;2.9649;0.00743323;-0.00114094;-0.0021711;0.00795164;-0.00165935;1.01169;-0.00577666;0.000122916;0.998176;0.0207873;0.991053;1;3;1
1204.53;514.06;7.52531;2.90661;0.00602929;-0.00354838;-0.000377924;0.00604418;-0.00356327;1.00271;-0.00149936;-0.001336;0.998105;0.0206566;0.987346;1;3;1
1227.53;514.06;7.63642;2.91526;0.0054326;-0.00113018;0.000142441;0.00543569;-0.00113327;1.00855;0.000283444;0.00533725;1.00116;0.0217185;0.988344;1;3;1
1250.53;514.06;7.77452;2.87519;0.00447117;-0.00326051;-0.000428204;0.00449481;-0.00328415;1.00212;0.000127328;-0.00105704;0.997666;0.0220833;0.987946;1;3;1
1273.53;514.06;7.84163;2.88531;0.00292214;-0.00804356;0.00156639;0.0031415;-0.00826293;1.00408;-0.0117609;-0.00172412;0.991219;0.0314016;0.972158;1;4;1
31.5305;491.06;0.541355;2.85186;0.00435354;-0.00289246;0.000704971;0.00442149;-0.00296041;0.999993;0.00169631;0.00185222;0.994303;0.0224821;0.99004;1;3;1
54.5305;491.06;0.641227;2.89579;0.0044523;-0.00225822;-0.000134115;0.00445498;-0.0022609;1.00381;0.000793406;-0.00236443;0.995162;0.0225529;0.988448;1;3;1
77.5306;491.06;0.745706;2.84147;0.00358201;-0.00277504;-0.000362042;0.00360256;-0.00279559;1.00157;-0.00173439;0.000590936;0.997088;0.0248029;0.988473;1;3;1
100.531;491.06;0.805686;2.85354;0.00539786;-0.0019803;0.000607926;0.00544762;-0.00203005;1.00937;-0.00155404;-0.00493966;0.998931;0.024547;0.986093;1;3;1
123.531;491.06;0.993263;2.92598;0.00520471;-0.00203239;0.00115395;0.00538425;-0.00221193;0.994888;0.000671101;0.00165361;0.992584;0.0233755;0.989454;1;3;1
146.531;491.06;1.04447;2.89266;0.00500271;-0.00338572;0.00125901;0.00518759;-0.00357061;1.01174;-0.00963826;0.001362;0.993329;0.0269946;0.984844;1;3;1
169.531;491.06;1.2228;2.96276;0.00742358;-0.0029766;0.00168963;0.00769119;-0.00324421;1.0063;-0.00464346;-0.00265822;0.998864;0.0217362;0.99024;1;3;1
192.531;491.06;1.38459;2.9927;0.00549131;-0.00418271;-0.000691888;0.00554054;-0.00423195;0.99873;0.0063517;-0.00316238;0.99554;0.0212181;0.991687;1;3;1
215.531;491.06;1.47471;2.94501;0.00463556;-0.00538542;-0.000585578;0.00466966;-0.00541952;1.00755;-0.00142177;0.00450434;0.994776;0.0215249;0.988363;1;3;1
238.531;491.06;1.59725;2.9054;0.00667128;-0.00309833;0.000704397;0.00672181;-0.00314886;1.00516;-0.00254486;-0.000246951;0.999797;0.0197001;0.993206;1;3;1
261.531;491.06;1.78057;2.94147;0.00511034;-0.00170207;0.000610491;0.00516462;-0.00175634;1.00362;0.00531795;-0.00192098;0.998476;0.023539;0.990868;1;3;1
284.531;491.06;1.83171;2.93958;0.0032836;0.000745147;-5.56276e-05;0.00328482;0.000743929;1.00496;0.00418909;-0.00433737;0.997109;0.0213883;0.988002;1;3;1
307.531;491.06;1.93135;2.98487;0.00495595;-0.00189633;0.000152146;0.00495932;-0.0018997;0.999748;0.00159953;0.00180869;0.994694;0.0208051;0.990937;1;3;1
330.531;491.06;2.0591;2.98075;0.00690485;-0.00201063;-0.000859927;0.00698703;-0.00209281;1.01388;-0.00214815;-0.00130879;0.993791;0.0219082;0.99086;1;3;1
353.531;491.06;2.24786;2.94391;0.00660018;-0.00330263;-0.000292946;0.00660884;-0.00331129;1.00289;-0.00188995;-0.00106477;0.993647;0.0192676;0.991507;1;3;1
376.531;491.06;2.36168;2.92417;0.00560922;-0.00261328;0.0013568;0.00582732;-0.00283138;1.00938;-0.00553015;0.00105832;0.996613;0.0232749;0.986234;1;3;1
399.531;491.06;2.50516;2.97378;0.00599352;-0.0027765;-6.8657e-05;0.00599405;-0.00277704;1.00528;0.00107911;-0.0039727;0.998959;0.0200088;0.990923;1;3;1
422.531;491.06;2.63652;2.98437;0.00394774;-0.00237312;0.000365702;0.00396883;-0.00239421;1.00272;0.00273139;0.00277711;0.99804;0.0210997;0.989132;1;2;1
445.531;491.06;2.6864;2.96144;0.00429424;-0.00265164;-0.000568755;0.0043405;-0.0026979;1.00404;0.00656866;0.00390983;0.995994;0.0214726;0.988364;1;3;1
468.531;491.06;2.83364;2.98018;0.00726538;-0.00199636;-0.000587491;0.0073025;-0.00203348;1.00812;-0.00271247;-0.00388618;0.998232;0.0186899;0.992201;1;3;1
491.531;491.06;3.0194;2.94904;0.00700828;0.000592676;0.000110386;0.00701018;0.000590778;1.00829;-0.000290004;0.00374251;1.00388;0.0208485;0.989163;1;3;1
514.531;491.06;3.15488;3.01433;0.00569596;-0.00234587;0.000710552;0.00575826;-0.00240817;1.00658;0.00224826;-0.00141117;1.00096;0.0198634;0.993019;1;3;1
537.531;491.06;3.28067;2.96346;0.00482375;-0.001138;0.000433088;0.00485505;-0.0011693;1.00464;-0.00124502;0.00327227;1.00183;0.0179407;0.988109;1;2;1
560.531;491.06;3.37624;3.01187;0.00738304;-0.000488898;0.000991402;0.00750598;-0.000611836;1.00702;-0.00513819;-0.00611221;0.99977;0.0236167;0.980123;1;3;1
583.531;491.06;3.61898;3.03706;0.00700513;-0.00171128;0.00107865;0.00713663;-0.00184278;1.00038;-0.00322712;-0.00145754;0.997844;0.0217394;0.988505;1;3;1
606.531;491.06;3.69732;3.06813;0.00544276;-0.00397481;0.00120583;0.00559471;-0.00412675;1.0078;0.00202699;0.00194301;0.996071;0.0201013;0.990661;1;3;1
629.531;491.06;3.86867;3.06116;0.00608449;-0.00289242;-0.000209641;0.00608939;-0.00289731;1.00693;0.00159487;-0.00458669;0.997931;0.0228086;0.98351;1;3;1
652.531;491.06;3.97634;3.02484;0.00756045;-0.000380956;-0.000948859;0.00767225;-0.000492754;1.00399;0.00519222;0.00451369;0.995816;0.0199303;0.994339;1;4;1
675.531;491.06;4.21508;2.98639;0.00582101;-0.000832941;0.000206037;0.00582738;-0.000839315;1.0051;-0.000358912;-5.77277e-05;0.992774;0.022315;0.986262;1;3;1
698.531;491.06;4.24334;3.02749;0.00335534;-0.00111034;0.000408141;0.00339233;-0.00114734;1.0062;0.00127306;-0.000794464;0.998845;0.0203597;0.989701;1;3;1
721.531;491.06;4.36914;3.03717;0.00655666;-0.00209648;0.000171998;0.00656008;-0.00209989;1.00857;0.00150322;0.00340868;1.00103;0.0224069;0.984854;1;3;1
744.531;491.06;4.54394;2.98852;0.00709502;-0.00116854;-7.91601e-05;0.00709578;-0.00116929;1.00716;-0.00099592;-0.00304714;1.00061;0.0201606;0.98893;1;3;1
767.531;491.06;4.69436;3.01807;0.00559572;-0.00117607;0.00135115;0.00585536;-0.0014357;0.999994;-0.00126267;-0.000961862;1.00011;0.0220059;0.984203;1;2;1
790.531;491.06;4.80061;3.03241;0.00678706;-0.00413762;-0.000154023;0.00678923;-0.0041398;1.00552;-0.00143925;-0.00125249;0.993415;0.0232266;0.987879;1;3;1
813.531;491.06;5.00551;3.01288;0.00737876;-0.0022274;-0.000724567;0.0074331;-0.00228174;1.0097;-0.000650556;0.0015608;0.99349;0.0261266;0.97832;1;3;1
836.531;491.06;5.13875;2.97512;0.00505312;-0.00105006;0.00121453;0.00528593;-0.00128287;1.00174;0.00253194;0.00155783;0.991603;0.0192827;0.988272;1;3;1
859.531;491.06;5.23737;3.02109;0.00455961;-0.00191526;0.000583222;0.00461172;-0.00196738;1.00516;0.00413821;-0.00133721;0.991039;0.0240253;0.983324;1;3;1
882.531;491.06;5.34802;2.98567;0.00784667;-0.00336587;0.00140181;0.00801928;-0.00353847;1.00652;-0.00788437;-0.00191212;0.992545;0.0235755;0.987499;1;4;1
905.531;491.06;5.59691;3.02256;0.00818615;-0.00279381;0.00106158;0.00828785;-0.00289551;1.00932;-0.0012165;-0.00126524;0.997532;0.0222027;0.989933;1;3;1
928.531;491.06;5.72305;3.01037;0.00521691;-0.00129763;0.00139129;0.00550161;-0.00158232;1.0043;-0.00803374;-0.000556338;0.991663;0.0232522;0.988626;1;3;1
951.531;491.06;5.83626;3.04509;0.00724814;-0.0018435;0.00185466;0.00761192;-0.00220729;1.00921;-0.00472849;0.000373281;0.994969;0.0217299;0.988687;1;3;1
974.531;491.06;6.05523;3.05945;0.00702463;-0.00221052;0.000414043;0.00704315;-0.00222904;1.00618;-0.00242313;0.00146191;0.995763;0.0221292;0.986656;1;3;1
997.531;491.06;6.15827;3.04755;0.00537352;-9.96511e-05;0.0015406;0.00577737;-0.000503501;1.0077;-0.00356742;-0.00202511;0.997048;0.0226243;0.983964;1;3;1
1020.53;491.06;6.30175;3.07999;0.00570099;-0.00149901;-5.40884e-05;0.0057014;-0.00149941;1.00741;-0.00212606;-0.000404328;1.00032;0.0241146;0.985704;1;3;1
1043.53;491.06;6.41976;3.02737;0.00644236;-0.001849;-0.000823584;0.00652338;-0.00193002;1.00344;0.00280184;0.00173907;0.999521;0.0205914;0.993152;1;3;1
1066.53;491.06;6.59712;3.02945;0.00810946;-0.000812392;-8.92894e-05;0.00811035;-0.000813285;1.01364;-0.00138385;0.000673025;0.998287;0.0186135;0.990179;1;3;1
1089.53;491.06;6.7913;3.0362;0.00713538;-0.00121543;-3.19316e-05;0.00713551;-0.00121555;1.00262;0.00260666;0.00270943;0.999232;0.0231465;0.98523;1;3;1
1112.53;491.06;6.92416;2.98018;0.00547912;-0.00171565;0.000930835;0.00559759;-0.00183413;1.01047;-0.00119427;0.00116347;0.992205;0.0215761;0.988481;1;3;1
1135.53;491.06;7.04264;3.01175;0.00574843;-0.00142579;0.00135067;0.00599429;-0.00167165;1.00272;-0.00408298;0.00109781;0.993955;0.0237327;0.986579;1;3;1
1158.53;491.06;7.18782;3.02314;0.00864302;-0.00135056;-0.000562605;0.0086746;-0.00138213;1.00812;0.00444152;-0.0015627;1.00216;0.0247352;0.980143;1;3;1
1181.53;491.06;7.43851;2.97761;0.00584097;-0.00288358;0.000958211;0.00594497;-0.00298758;1.00681;0.00568852;0.00338239;1.00214;0.0221231;0.985563;1;3;1
1204.53;491.06;7.45572;3.01517;0.00460875;-0.00294078;-0.000590779;0.0046547;-0.00298673;1.00503;-0.00469976;0.0014639;0.993802;0.0207443;0.988485;1;3;1
1227.53;491.06;7.64999;2.9242;0.00751871;-0.00114821;-0.000576565;0.00755689;-0.0011864;1.01062;0.00312886;0.00602566;0.999527;0.0210998;0.985576;1;3;1
1250.53;491.06;7.80026;2.96792;0.00414093;-0.00246091;0.00131369;0.00439274;-0.00271271;1.00106;0.00134178;-0.00282734;0.990627;0.0249144;0.981901;1;3;1
1273.53;491.06;7.83982;3.07969;0.00173311;-0.00267044;0.000604566;0.00181461;-0.00275193;1.00677;0.0142155;-0.00589918;0.988268;0.0361866;0.970277;1;4;1
31.5305;468.06;0.54572;2.95695;0.00614097;-0.00372266;0.00115068;0.00627343;-0.00385511;1.00978;-0.00138138;-0.00306432;0.997383;0.0223096;0.98906;1;3;1
54.5305;468.06;0.686531;2.95287;0.00467402;-0.00355957;0.000149335;0.00467672;-0.00356228;1.00065;0.00110094;0.00119382;0.999788;0.0230866;0.989525;1;3;1
77.5306;468.06;0.76022;2.93443;0.00411303;-0.00568479;-0.00113527;0.00424285;-0.00581461;1.00372;-0.000342587;0.00464038;0.994528;0.0251213;0.988871;1;3;1
100.531;468.06;0.875326;2.91336;0.0044375;-0.0031661;0.000213585;0.00444349;-0.00317209;1.00883;-0.00411917;-0.00594553;0.999868;0.023538;0.991431;1;3;1
123.531;468.06;0.963859;2.99119;0.00370045;-0.00194934;0.00134801;0.0040056;-0.00225449;0.996816;-0.00655244;0.000205499;1.00011;0.0248771;0.987444;1;3;1
146.531;468.06;1.04518;2.98668;0.00416317;-0.00313072;-0.00144801;0.00444012;-0.00340767;1.0052;0.00427348;0.00276487;0.999137;0.0217547;0.988383;1;3;1
169.531;468.06;1.15496;2.96473;0.006556;-0.00233843;0.000496447;0.00658362;-0.00236605;1.00786;0.000449255;0.00188323;0.994633;0.0196688;0.992257;1;3;1
192.531;468.06;1.34576;3.01074;0.00662578;-0.0015783;0.00175107;0.00698389;-0.00193642;1.00359;-0.008125;-0.0080123;1.00022;0.0211231;0.989842;1;3;1
215.531;468.06;1.45868;3.04201;0.00475632;-0.00307741;-0.000378741;0.00477459;-0.00309568;1.00506;-0.00354844;0.00497349;0.998706;0.0230206;0.98877;1;3;1
238.531;468.06;1.56402;2.9767;0.0042311;-0.00456215;-0.00074289;0.00429342;-0.00462447;1.00712;0.00159667;0.000616191;0.992055;0.0239098;0.989621;1;3;1
261.531;468.06;1.65279;2.94304;0.00613671;-0.00351619;0.000157423;0.00613928;-0.00351876;1.00947;0.00526377;-0.000977143;0.996836;0.0250662;0.987197;1;4;1
284.531;468.06;1.84542;2.91999;0.00676535;-0.00241549;0.00048877;0.00679129;-0.00244143;1.00308;-0.002308;0.00012682;1.00211;0.0189621;0.991772;1;3;1
307.531;468.06;1.96294;2.9725;0.00527377;-0.00206191;0.00158797;0.00560276;-0.0023909;1.0041;-0.00065772;-0.000555037;0.999154;0.0208611;0.991919;1;3;1
330.531;468.06;2.08715;3.06304;0.00500015;-0.00210781;5.82914e-05;0.00500063;-0.00210829;1.00428;0.00223877;-0.00341907;0.998448;0.0229418;0.987776;1;3;1
353.531;468.06;2.19231;3.04935;0.00454135;-0.00294917;-2.97081e-05;0.00454147;-0.00294929;1.00306;0.00227374;0.00256718;0.995875;0.0247495;0.984848;1;3;1
376.531;468.06;2.29554;3.00358;0.00613514;-0.00346356;0.000320365;0.00614582;-0.00347425;1.01111;0.000994051;-0.000276576;0.993505;0.022184;0.983891;1;3;1
399.531;468.06;2.47366;3.02731;0.00684471;-0.00202325;0.000491399;0.00687185;-0.00205039;1.00616;-0.00320927;-0.000450694;0.998212;0.0187548;0.993674;1;3;1
422.531;468.06;2.60933;3.01777;0.00555844;-0.00134789;0.00160745;0.00591425;-0.0017037;1.00868;-0.00343874;0.00406006;1.00272;0.0190152;0.993991;1;3;1
445.531;468.06;2.72864;3.04115;0.00570864;-0.00310151;4.00633e-06;0.00570864;-0.00310151;0.998151;-0.00324225;-0.00112935;1.00208;0.0219803;0.988484;1;3;1
468.531;468.06;2.87118;3.01572;0.00684711;-0.00289276;-0.00122476;0.00699876;-0.0030444;1.00978;0.00279899;0.00216347;0.996957;0.0239818;0.984786;1;3;1
491.531;468.06;3.04245;2.94806;0.00543116;-0.00417058;0.000879875;0.00551113;-0.00425054;1.0029;-0.000339323;-0.000532588;0.999805;0.0195725;0.991913;1;3;1
514.531;468.06;3.12032;3.05122;0.00494877;-0.00155719;0.000556223;0.00499598;-0.0016044;1.00353;-0.00299194;-0.00227598;0.998646;0.0222548;0.990367;1;3;1
537.531;468.06;3.26953;2.96729;0.0067103;-0.00360045;-0.000622706;0.00674777;-0.00363792;1.00661;0.00274817;0.00453293;0.998244;0.0201417;0.986326;1;3;1
560.531;468.06;3.42792;2.98585;0.00620501;-0.00022034;-0.000363083;0.00622546;-0.000240792;1.00718;0.00165352;-0.00167928;0.997119;0.021315;0.990919;1;3;1
583.531;468.06;3.55407;2.99857;0.00513086;-0.0010961;0.00210121;0.00577355;-0.00173879;1.00253;-0.0038482;-0.00520865;1.00094;0.0225347;0.983526;1;3;1
606.531;468.06;3.66327;3.06479;0.00662044;-0.000146207;0.00076935;0.00670681;-0.000232578;1.00351;-0.00459818;0.00142101;0.999409;0.0200862;0.991785;1;3;1
629.531;468.06;3.8576;3.02414;0.00656551;-0.000475005;-8.07808e-05;0.00656644;-0.000475932;1.00642;-0.00694962;0.00251388;0.999974;0.0211396;0.988879;1;3;1
652.531;468.06;3.96429;3.03209;0.00549515;-0.000887958;3.98543e-05;0.0054954;-0.000888207;1.00753;-0.00131699;-0.00203806;0.998745;0.0221506;0.986072;1;3;1
675.531;468.06;4.10968;3.02674;0.00665333;0.000185642;0.000501535;0.00669199;0.000146982;1.00563;0.00517449;-0.00604018;1.00122;0.0220791;0.986336;1;3;1
698.531;468.06;4.26933;3.02202;0.00720172;0.000823285;-0.000570505;0.00725234;0.000772659;1.0096;0.000942654;0.0030241;1.00315;0.0219334;0.981602;1;3;1
721.531;468.06;4.43978;3.03553;0.00748059;0.000280333;-0.00103894;0.0076275;0.00013342;1.00809;0.00451202;0.000361928;0.999697;0.0223122;0.987499;1;3;1
744.531;468.06;4.61216;3.00753;0.00469039;-0.00191928;-0.000986758;0.00483456;-0.00206345;1.00498;-0.00130835;-0.0017047;0.995587;0.0201045;0.988125;1;3;1
767.531;468.06;4.65503;3.01371;0.00368713;-0.000292188;0.00109563;0.00396884;-0.000573903;1.00144;-0.00438914;5.5565e-05;1.0031;0.0207749;0.985534;1;3;1
790.531;468.06;4.78133;3.11414;0.00753144;-0.000100091;0.000269398;0.00754093;-0.000109589;1.00564;0.000863992;-0.00382468;1.00064;0.0244753;0.981675;1;3;1
813.531;468.06;5.00013;3.08167;0.00621179;-0.00162388;-0.000369768;0.0062292;-0.00164129;1.00479;-0.00364599;0.00216226;1.0055;0.0211755;0.986882;1;3;1
836.531;468.06;5.06612;3.03023;0.00396753;-0.00215493;0.000466116;0.00400281;-0.00219022;1.0036;-0.00978939;0.00127702;1.00004;0.0264153;0.980725;1;3;1
859.531;468.06;5.18226;3.05239;0.00706777;-0.00110119;0.000724414;0.00713151;-0.00116493;1.00099;-0.00517985;-0.000361562;1.00053;0.0231094;0.988934;1;3;1
882.531;468.06;5.39004;3.09661;0.00897885;-0.00157455;-0.00132275;0.00914211;-0.00173781;1.01754;0.00277091;-0.00164319;1.00278;0.022096;0.985822;1;4;1
905.531;468.06;5.59345;3.0662;0.00656394;-0.0015538;-0.000681704;0.00662079;-0.00161065;1.00104;0.00436683;0.000583026;0.99894;0.0221123;0.989127;1;4;1
928.531;468.06;5.69098;3.05507;0.00557683;-0.00137876;-4.78465e-05;0.00557716;-0.00137908;1.00897;0.00241212;-0.00135909;1.00378;0.022224;0.987796;1;3;1
951.531;468.06;5.84927;3.0606;0.00718194;-0.00186182;0.000819789;0.00725565;-0.00193553;1.00374;0.00525357;0.000538219;0.998985;0.0239149;0.986899;1;3;1
974.531;468.06;6.02013;3.11787;0.00591173;-0.00056857;0.000584407;0.00596401;-0.000620851;1.00487;0.00293074;-0.000732302;1.00141;0.0215573;0.987671;1;3;1
997.531;468.06;6.12041;3.03539;0.00601704;-0.000717223;-0.000549197;0.00606153;-0.000761717;1.00553;-0.00291632;0.000404276;0.999797;0.0203311;0.988849;1;3;1
1020.53;468.06;6.29605;3.06291;0.00738923;-0.000311718;0.000420533;0.00741213;-0.000334615;1.00427;0.000215559;-0.000718899;0.99503;0.0220784;0.984838;1;2;1
1043.53;468.06;6.45901;3.10551;0.00728114;-0.000969489;-0.0011615;0.00744153;-0.00112988;1.01057;0.0024114;0.00326715;0.9948;0.0224305;0.983398;1;3;1
1066.53;468.06;6.62976;3.02031;0.00683179;-0.00153381;-0.000852972;0.00691788;-0.0016199;1.00681;0.00196022;0.00392397;1.0011;0.0196657;0.984839;1;3;1
1089.53;468.06;6.77216;3.03965;0.00508906;-0.00254547;0.00037694;0.00510763;-0.00256404;1.00927;-0.00301487;-0.00244514;1.00291;0.0234828;0.987257;1;3;1
1112.53;468.06;6.86325;3.05728;0.00529228;-0.00331232;-0.000143125;0.00529466;-0.0033147;0.998513;-0.00605432;0.00317735;1.00003;0.0254047;0.986724;1;3;1
1135.53;468.06;7.01496;3.02561;0.007396;-0.00125454;0.0002178;0.00740148;-0.00126002;1.00837;-0.0019319;-0.00408232;0.998992;0.0267519;0.984193;1;3;1
1158.53;468.06;7.20221;3.03913;0.00543819;-0.000652539;0.000923302;0.00557508;-0.000789427;1.00657;0.000977692;-0.00273206;1.0007;0.0216184;0.989718;1;3;1
1181.53;468.06;7.26439;3.09784;0.00707249;-0.00308541;0.00170139;0.00734989;-0.00336281;1.00789;-0.00460798;-0.00447769;0.994132;0.0219548;0.990465;1;4;1
1204.53;468.06;7.5264;3.04208;0.00825161;-0.000502513;-0.00227993;0.00880981;-0.0010607;1.00272;0.000196974;0.00567005;0.9987;0.0194354;0.98962;1;3;1
1227.53;468.06;7.64223;2.96811;0.0061549;-0.00295314;-0.000330514;0.00616688;-0.00296512;1.00885;-0.00256704;0.0031985;0.995667;0.026801;0.97378;1;4;1
1250.53;468.06;7.80863;2.98855;0.00799833;-0.00413931;-1.48014e-05;0.00799834;-0.00413933;1.00882;0.00948723;-0.00204449;1.00086;0.0269537;0.978564;1;3;1
1273.53;468.06;8.00867;3.00862;0.00873569;9.63636e-05;-0.00074605;0.00879965;3.24118e-05;1.0124;0.00815146;-0.0035879;1.00424;0.0389108;0.968703;1;4;1
31.5305;445.06;0.428048;3.02357;0.00773354;-0.00445433;0.000587723;0.00776181;-0.0044826;1.00292;-0.00257448;0.00110049;0.99674;0.0220914;0.987946;1;3;1
54.5305;445.06;0.605208;3.05983;0.00835244;-0.00281813;0.00167131;0.00859713;-0.00306282;1.00359;-0.00598776;-0.000683914;0.999036;0.0230702;0.984769;1;3;1
77.5306;445.06;0.810599;3.10377;0.0051718;-0.00362053;-0.000594567;0.00521182;-0.00366055;1.01209;0.00271314;-0.00147003;0.998356;0.0248907;0.984492;1;3;1
100.531;445.06;0.842459;2.99942;0.00287575;-0.00418335;-0.00103112;0.00302328;-0.00433088;1.0046;0.00405331;0.00153686;0.995551;0.0238923;0.986922;1;3;1
123.531;445.06;0.94261;3.01576;0.00672732;-0.00264944;0.000726485;0.00678327;-0.00270539;1.00594;0.00197023;-0.000959588;1.00027;0.0223352;0.992309;1;3;1
146.531;445.06;1.15087;3.03703;0.00563967;-0.00288547;0.000123595;0.00564147;-0.00288726;0.999895;-0.00126501;0.00112163;0.997232;0.0281305;0.986697;1;3;1
169.531;445.06;1.20128;3.07046;0.00327352;-0.00329398;0.000362951;0.00329352;-0.00331398;1.00854;0.00263599;0.00216811;0.99805;0.0246204;0.982726;1;3;1
192.531;445.06;1.30119;3.06543;0.00598167;-0.0017287;0.000445052;0.00600728;-0.00175431;1.00499;0.00324389;-0.00252526;0.996651;0.0219414;0.992883;1;3;1
215.531;445.06;1.47561;3.08679;0.00579998;-0.0021456;0.00087443;0.00589507;-0.0022407;1.0058;0.00215342;0.00129251;0.998053;0.0226653;0.989282;1;3;1
238.531;445.06;1.5672;3.11575;0.00510855;-0.00245293;0.000494963;0.00514081;-0.00248519;1.00379;-0.00687624;-0.00124364;1.00004;0.0210658;0.988702;1;3;1
261.531;445.06;1.71;3.10355;0.00542972;-0.00285874;-0.000730068;0.00549353;-0.00292255;1.00517;-0.00484333;0.00325843;0.99884;0.0228705;0.993334;1;3;1
284.531;445.06;1.81624;3.05083;0.00475094;-0.00472775;-0.000593175;0.00478791;-0.00476472;1.0058;-0.000511985;-0.000751987;0.993282;0.0226839;0.992236;1;3;1
307.531;445.06;1.92802;3.07982;0.00684585;-0.00222242;0.000205253;0.00685049;-0.00222706;1.01074;-0.0024264;0.003435;0.997532;0.022111;0.989647;1;3;1
330.531;445.06;2.13007;3.07787;0.00574569;-0.000336947;0.000551703;0.00579533;-0.000386582;1.00231;0.00316402;-0.00291542;1.00155;0.0199931;0.99058;1;3;1
353.531;445.06;2.19157;3.07981;0.00393131;-0.00034781;-9.32202e-05;0.00393334;-0.00034984;1.00261;-0.00476634;-0.000392254;0.999148;0.0231407;0.986377;1;3;1
376.531;445.06;2.31056;3.0838;0.00616552;-0.0021338;-0.00101258;0.00628728;-0.00225555;1.0058;0.00127342;0.00139185;0.999423;0.0201625;0.989565;1;3;1
399.531;445.06;2.47431;3.06696;0.00419689;-0.00230401;-0.000514848;0.00423741;-0.00234453;1.00386;0.00107127;0.0035366;0.997259;0.0201224;0.991363;1;2;1
422.531;445.06;2.5032;3.04661;0.00456904;-0.0037912;0.000317756;0.0045811;-0.00380326;1.00114;0.0055055;-0.0044253;0.992346;0.02037;0.989727;1;3;1
445.531;445.06;2.684;3.10433;0.00764219;-0.00205195;0.000818349;0.00771079;-0.00212054;1.01096;0.00216619;0.00127642;0.99546;0.019775;0.990799;1;3;1
468.531;445.06;2.85336;3.11344;0.00632565;-0.00226839;0.0007599;0.00639233;-0.00233506;1.00427;0.00159472;-0.00172412;0.996863;0.0231906;0.984973;1;3;1
491.531;445.06;2.97405;3.14132;0.00588051;-0.0048701;0.00046849;0.00590089;-0.00489048;1.00292;0.00177595;0.0006027;0.991522;0.0207875;0.98928;1;3;1
514.531;445.06;3.12306;3.08603;0.00651725;-0.00202674;-0.000613722;0.00656111;-0.0020706;1.00881;0.00162084;0.00328171;0.996072;0.0194576;0.990652;1;3;1
537.531;445.06;3.27287;3.12938;0.00692618;-0.00272951;-0.000365694;0.00694001;-0.00274334;1.00503;0.00194592;-0.00631903;0.991562;0.0193287;0.991731;1;3;1
560.531;445.06;3.44053;3.02206;0.00506181;-0.00226123;-0.000721702;0.00513226;-0.00233168;1.0072;0.00121117;0.0110172;1.00408;0.0254463;0.981491;1;4;1
583.531;445.06;3.50511;3.08765;0.00461729;-0.00238349;0.000132838;0.00461981;-0.00238601;1.00796;0.00537696;-0.00596225;0.997325;0.0242395;0.97939;1;4;1
606.531;445.06;3.6524;3.07488;0.00738524;-0.00111426;-0.000584846;0.00742529;-0.00115432;1.0016;0.000565753;0.00162781;1.00165;0.022903;0.989321;1;3;1
629.531;445.06;3.84358;3.08302;0.00704368;-0.00228173;1.34876e-05;0.0070437;-0.00228175;1.00708;0.00136567;-0.00463299;0.997172;0.019597;0.990091;1;3;1
652.531;445.06;3.97528;3.06571;0.00688818;-0.00115228;-0.00169514;0.00723095;-0.00149505;1.00882;0.0032141;0.00647873;0.999182;0.0231822;0.979155;1;3;1
675.531;445.06;4.15924;2.97788;0.00717704;-0.000499067;-0.000820744;0.00726382;-0.000585841;1.00606;-0.00298943;-0.00264976;1.00704;0.0235311;0.986357;1;3;1
698.531;445.06;4.30418;2.98967;0.00633323;-0.00147093;0.000593768;0.00637815;-0.00151585;1.00627;-0.00126305;0.00227578;0.999557;0.019851;0.9878;1;4;1
721.531;445.06;4.44963;3.02435;0.00672962;-0.000318841;0.00105923;0.00688535;-0.000474578;1.00855;-0.00211998;-0.00510363;0.996032;0.0225685;0.985334;1;3;1
744.531;445.06;4.61263;3.07694;0.00546043;-0.00137367;0.000216316;0.00546727;-0.00138051;1.00556;0.00549036;0.00639369;0.999044;0.0260284;0.978044;1;4;1
767.531;445.06;4.70012;3.03151;0.00503093;-0.00172387;-0.00160971;0.00539492;-0.00208787;1.00356;0.00631379;-0.00231769;0.99194;0.0200767;0.987812;1;3;1
790.531;445.06;4.84346;3.03704;0.00558005;5.98307e-05;-0.000595855;0.00564364;-3.75371e-06;1.00857;0.00551669;0.00109195;0.998327;0.0208532;0.990073;1;3;1
813.531;445.06;4.95606;3.08767;0.00487036;0.000273836;0.000391385;0.00490344;0.000240748;1.00393;0.00277448;-0.000414122;0.99788;0.023467;0.986046;1;3;1
836.531;445.06;5.06693;3.07441;0.00612698;-0.00196711;-0.00106711;0.0062653;-0.00210543;1.00559;0.00913612;0.00196904;0.998368;0.0265859;0.980264;1;3;1
859.531;445.06;5.23704;3.07177;0.00907067;0.000486881;-0.00116301;0.00922546;0.000332098;1.00774;0.00395945;0.0012081;0.998575;0.0252113;0.985793;1;3;1
882.531;445.06;5.48231;3.05836;0.00831647;0.00184156;-0.000295637;0.00832994;0.00182809;1.00482;-0.000557084;-0.00687508;1.00303;0.0224149;0.987993;1;3;1
905.531;445.06;5.61801;3.09409;0.00522121;0.000246762;-3.58642e-05;0.00522147;0.000246504;1.00816;-0.000486317;0.00225985;1.0002;0.0256501;0.984548;1;3;1
928.531;445.06;5.72186;3.07384;0.00447978;-0.00157164;0.000483936;0.00451824;-0.0016101;1.00833;0.00234501;-0.00147214;0.99996;0.0225049;0.986841;1;2;1
951.531;445.06;5.82361;3.13081;0.00555639;-0.00174779;0.000433293;0.005582;-0.0017734;1.0025;-0.00512245;-0.00328376;0.998212;0.0215769;0.987651;1;4;1
974.531;445.06;5.97674;3.08568;0.00720659;-0.000865507;0.000666361;0.00726123;-0.000920146;1.00933;-0.00591497;0.00141266;0.998774;0.0223112;0.985434;1;3;1
997.531;445.06;6.1539;3.08055;0.00777313;-0.00142415;-0.000480931;0.00779821;-0.00144923;1.0019;-0.000853572;0.000962472;0.99765;0.0222849;0.990751;1;3;1
1020.53;445.06;6.33293;3.09434;0.00719303;-0.00150912;9.43799e-05;0.00719405;-0.00151014;1.01234;0.000529469;0.00215575;0.996213;0.0230151;0.983211;1;3;1
1043.53;445.06;6.4836;3.07204;0.00603603;0.000619999;-0.000717082;0.00612936;0.000526666;1.00424;0.00277985;0.000263377;0.999761;0.0262873;0.977536;1;3;1
1066.53;445.06;6.60975;3.10006;0.0067611;-0.00366469;0.00119792;0.00689697;-0.00380056;1.00738;-0.00388851;-0.00337979;0.994247;0.0197392;0.991177;1;3;1
1089.53;445.06;6.79349;3.15345;0.00684072;-0.00138299;0.000866601;0.00693105;-0.00147332;1.00759;0.000938666;-0.00171018;0.994358;0.0201337;0.989374;1;3;1
1112.53;445.06;6.92334;3.1328;0.00460482;-0.000722544;-0.00202977;0.00529004;-0.00140777;1.00156;0.000479524;0.00532924;1.00212;0.0212988;0.987014;1;3;1
1135.53;445.06;7.00475;3.06951;0.00548986;-0.00234154;-0.00123939;0.00568133;-0.00253301;1.0072;0.00302917;-0.00304408;0.995957;0.0220557;0.988277;1;3;1
1158.53;445.06;7.17512;3.05317;0.00613342;-0.000523063;-0.000213924;0.00614029;-0.000529931;1.00551;-0.00478356;-0.000447049;0.993122;0.023564;0.985254;1;3;1
1181.53;445.06;7.286;3.12001;0.00785761;0.000438917;-0.00165988;0.00821206;8.44644e-05;1.00431;0.00289252;-0.000711126;0.994628;0.0262363;0.981705;1;4;1
1204.53;445.06;7.53516;3.03836;0.00744492;-0.0017489;2.93056e-05;0.00744501;-0.00174899;1.01468;-0.00452602;0.00324672;0.993271;0.0233155;0.98655;1;4;1
1227.53;445.06;7.62716;3.06025;0.00668836;-0.00362707;0.00164611;0.00694467;-0.00388339;1.0104;-0.00169487;-0.00302499;0.990988;0.0258429;0.984401;1;3;1
1250.53;445.06;7.84164;3.15874;0.00699204;-0.00202103;-0.000703843;0.00704667;-0.00207566;1.00187;-0.00258813;-0.000150399;0.991066;0.0321829;0.965578;1;3;1
1273.53;445.06;7.94768;3.07539;0.00462736;0.000124251;-0.00118528;0.00492029;-0.000168675;1.0077;-0.00201578;-0.0121544;1.00784;0.0365463;0.97223;1;3;1
31.5305;422.06;0.563726;3.16232;0.00216605;-0.00416861;-0.00309401;0.00342646;-0.00542902;0.998607;0.00625446;0.000972834;0.989929;0.0254626;0.985717;1;3;1
54.5305;422.06;0.613354;3.08275;0.00416231;-0.00232396;-0.00126846;0.00440155;-0.0025632;1.00224;0.00526717;0.00462545;0.998719;0.0227291;0.98908;1;3;1
77.5306;422.06;0.754755;3.10127;0.00586902;-0.00193865;0.00023904;0.00587633;-0.00194596;1.00316;0.00112697;-0.00207229;0.996454;0.022227;0.985954;1;3;1
100.531;422.06;0.882536;3.1062;0.00391999;-0.0039005;-3.84625e-05;0.00392018;-0.00390068;1.00786;-0.00211355;0.00201533;0.994959;0.0227736;0.9866;1;3;1
123.531;422.06;0.934721;3.11324;0.00447873;-0.0045722;-0.000993861;0.00458658;-0.00468005;0.996584;0.00527009;-0.00191754;0.996687;0.0226295;0.989046;1;4;1
146.531;422.06;1.0881;3.11962;0.00468871;-0.00363124;0.00104041;0.00481684;-0.00375937;1.01076;-0.0041965;-0.000242557;0.997378;0.0193234;0.989871;1;3;1
169.531;422.06;1.1499;3.11651;0.00508198;-0.00213611;-0.000205956;0.00508785;-0.00214198;1.00239;-0.00403894;0.00145686;0.994665;0.022159;0.984306;1;3;1
192.531;422.06;1.32127;3.09034;0.0060775;-0.0021842;-0.000854259;0.00616491;-0.00227161;1.00381;0.0040377;-0.000964656;0.997273;0.0275702;0.981463;1;3;1
215.531;422.06;1.42861;3.14083;0.00466493;-0.00289245;0.000756515;0.00473992;-0.00296744;1.00398;-0.00160334;-0.00180067;0.991707;0.0233542;0.983669;1;3;1
238.531;422.06;1.53536;3.08968;0.00493907;-0.00256625;-0.000262409;0.00494823;-0.00257542;1.00568;0.00484438;0.00231871;0.992332;0.0267007;0.984141;1;3;1
261.531;422.06;1.6552;3.07473;0.00743812;-0.0010408;0.000844669;0.00752145;-0.00112412;1.00926;0.00468162;0.000411574;0.992815;0.023175;0.986979;1;3;1
284.531;422.06;1.87622;3.13799;0.00688836;-0.00245396;7.5189e-05;0.00688897;-0.00245457;1.00754;0.00202133;-0.000965869;0.99619;0.0203264;0.991655;1;3;1
307.531;422.06;1.97099;3.07485;0.00349502;-0.00126381;-0.000861351;0.00364612;-0.00141492;1.00188;0.00185973;0.00565875;1.00139;0.0244267;0.989181;1;3;1
330.531;422.06;2.03667;3.07857;0.00513875;-0.00143602;0.00108185;0.00531219;-0.00160946;1.00183;-0.00488499;0.00130243;0.98949;0.022344;0.98781;1;3;1
353.531;422.06;2.20676;3.06536;0.00739057;-0.00249404;0.000111818;0.00739183;-0.00249531;1.00989;0.00542732;0.00111417;0.997045;0.0232086;0.986283;1;4;1
376.531;422.06;2.37539;3.10191;0.00604355;-0.00249157;-0.000305208;0.00605445;-0.00250247;1.00225;0.00372176;-0.00206675;0.997413;0.0216074;0.988119;1;3;1
399.531;422.06;2.48388;3.13342;0.00527455;-0.00259254;0.000675838;0.00533219;-0.00265018;1.01123;-0.000414573;-0.00136517;0.998027;0.0225268;0.98808;1;3;1
422.531;422.06;2.61729;3.19249;0.00514883;-0.00257621;-0.000766223;0.0052241;-0.00265147;0.997356;-0.000394344;7.38173e-05;0.9972;0.020229;0.990374;1;3;1
445.531;422.06;2.72012;3.13564;0.00481897;-0.00218196;-0.00123275;0.00502969;-0.00239269;1.01272;-0.00190311;0.00195203;0.995907;0.0218293;0.990369;1;3;1
468.531;422.06;2.83837;3.12019;0.00550138;-0.00120893;0.000325026;0.00551709;-0.00122463;1.00763;-0.0031644;-0.00465434;0.996838;0.0196976;0.989393;1;3;1
491.531;422.06;2.97248;3.17269;0.00711692;-0.00137821;0.000340742;0.00713057;-0.00139186;1.00492;-0.00079338;0.000436713;1.00016;0.0222309;0.989579;1;3;1
514.531;422.06;3.16459;3.14457;0.00582486;-0.0021958;-0.00131797;0.00603588;-0.00240682;1.00609;0.00493564;0.00178393;0.996853;0.0185434;0.991646;1;3;1
537.531;422.06;3.23958;3.09302;0.00628048;-0.00123738;-0.000396008;0.00630128;-0.00125819;1.00465;-0.00126158;-0.00177307;0.995323;0.021775;0.98892;1;3;1
560.531;422.06;3.45256;3.08999;0.00774231;-0.00391141;0.000127158;0.00774369;-0.0039128;1.00288;0.00429012;-0.000418605;0.990457;0.0233078;0.986009;1;3;1
583.531;422.06;3.59435;3.10836;0.0056581;-0.00213838;0.000453212;0.00568436;-0.00216464;1.0108;-0.00109743;-0.000234858;0.996473;0.0203962;0.99099;1;3;1
606.531;422.06;3.71209;3.1161;0.00551368;-0.00322952;-0.000141815;0.00551597;-0.00323182;1.00079;0.000339592;0.00131135;0.992575;0.0241867;0.986507;1;3;1
629.531;422.06;3.84728;3.12922;0.00660427;-0.00208672;0.000107382;0.0066056;-0.00208804;1.00608;-0.00052291;-0.000891423;0.998871;0.0214661;0.989581;1;3;1
652.531;422.06;4.01488;3.08516;0.00571153;-0.00131583;-0.000411492;0.00573555;-0.00133984;1.00788;0.000750489;0.00218462;1.00114;0.0222512;0.988111;1;3;1
675.531;422.06;4.1092;3.0497;0.0053681;-0.00381783;9.96218e-06;0.00536811;-0.00381784;1.00174;0.00385196;-0.00021314;0.987548;0.021898;0.982295;1;3;1
698.531;422.06;4.26115;3.08973;0.00699034;-0.0035182;0.000181644;0.00699347;-0.00352134;1.01128;0.00102652;-0.00307993;0.98963;0.0236838;0.983337;1;2;1
721.531;422.06;4.42964;3.0502;0.00738207;-0.00222043;0.000198911;0.00738618;-0.00222455;1.0068;0.00112974;0.00674482;0.998352;0.0242256;0.982111;1;4;1
744.531;422.06;4.59948;3.07076;0.00726812;-0.00138361;0.00114908;0.00741814;-0.00153363;1.00647;-0.00818698;-0.00291315;0.99744;0.0217144;0.990549;1;3;1
767.531;422.06;4.76274;3.0932;0.00637307;-0.00384182;0.000207578;0.00637728;-0.00384604;1.0083;0.00345033;-0.000198794;1.002;0.0197125;0.988638;1;4;1
790.531;422.06;4.8917;3.11152;0.00520399;-0.00104418;0.000279728;0.00521649;-0.00105668;1.00466;0.00156629;0.000680971;0.996541;0.02388;0.985819;1;3;1
813.531;422.06;5.0015;3.06908;0.00558563;-0.00235243;-6.05237e-05;0.0055861;-0.00235289;1.0092;0.00105658;-0.00242463;1.00051;0.0308442;0.972162;1;3;1
836.531;422.06;5.14792;3.12088;0.00590639;-0.00248658;-0.000535466;0.00594041;-0.0025206;1.00281;-0.00342034;0.000156635;0.997614;0.0240986;0.99;1;4;1
859.531;422.06;5.27238;3.03008;0.00635508;-0.00162899;-0.00155501;0.00664725;-0.00192116;1.00753;-0.000832862;0.00627123;1.00191;0.0216039;0.986537;1;3;1
882.531;422.06;5.4392;3.01201;0.00741341;-0.00151546;0.000715337;0.00747036;-0.0015724;1.006;0.00115682;-0.00920508;0.99899;0.0228423;0.989715;1;3;1
905.531;422.06;5.61214;3.05486;0.00532058;-0.0013882;0.00141127;0.00560537;-0.00167299;1.00772;-0.00215361;-0.0044522;0.998414;0.0219239;0.990715;1;3;1
928.531;422.06;5.68316;3.12743;0.00456095;-0.00227877;0.0012106;0.0047689;-0.00248672;1.002;-0.00474713;0.000120244;0.993838;0.0209505;0.987757;1;3;1
951.531;422.06;5.82138;3.14108;0.0049307;-0.000985174;0.000546207;0.00498071;-0.00103518;1.00765;0.00326377;-0.00113871;0.9994;0.0225768;0.982373;1;3;1
974.531;422.06;5.9094;3.15783;0.00767128;-0.00154465;-0.00087044;0.00775277;-0.00162614;1.00727;0.00260035;-9.57789e-05;0.997773;0.0253466;0.977346;1;3;1
997.531;422.06;6.1729;3.10098;0.00806691;-0.00246947;-0.000427673;0.00808424;-0.0024868;1.00176;0.00336524;-0.00534005;1.00054;0.0231657;0.991767;1;3;1
1020.53;422.06;6.27899;3.13239;0.00779926;-0.00357327;-0.00021195;0.0078032;-0.00357722;1.01433;-0.0033391;0.00502694;1.00189;0.0214784;0.98844;1;3;1
1043.53;422.06;6.53027;3.07705;0.00702224;-0.00179692;0.000239639;0.00702874;-0.00180343;1.00296;-0.00249592;0.00132176;1.00511;0.0224838;0.987036;1;3;1
1066.53;422.06;6.60085;3.1892;0.00425214;-0.00225238;0.0010543;0.00441876;-0.002419;1.006;-0.00362977;-0.00143333;0.996805;0.0214654;0.984502;1;3;1
1089.53;422.06;6.72545;3.10333;0.00796393;-0.000325817;-0.000952547;0.00807198;-0.000433862;1.00905;-0.00209433;0.00505578;0.99759;0.0205973;0.987789;1;3;1
1112.53;422.06;6.96564;3.09065;0.00706637;-0.000302146;0.000866776;0.00716695;-0.000402734;1.00909;-0.00129922;-0.0045957;0.998116;0.0210787;0.989663;1;3;1
1135.53;422.06;7.04935;3.13346;0.00668103;-0.00214441;-0.00095839;0.0067839;-0.00224728;1.0066;0.00408908;0.00222882;0.998329;0.0208547;0.987884;1;3;1
1158.53;422.06;7.27194;3.06325;0.00767904;-0.00141951;-0.00150279;0.00792083;-0.0016613;1.00673;0.00832937;0.00277174;0.999945;0.022094;0.987563;1;3;1
1181.53;422.06;7.40121;3.07785;0.00419586;0.000588942;-1.82496e-05;0.00419596;0.000588849;1.00514;0.00622801;-0.00171138;1.00475;0.0240437;0.981717;1;3;1
1204.53;422.06;7.46451;3.12264;0.00457046;-0.00208485;0.00147442;0.00488248;-0.00239686;1.00289;-0.00104776;-0.000231548;0.997092;0.026782;0.97796;1;4;1
1227.53;422.06;7.61094;3.13527;0.00924769;-0.00248816;-0.000982642;0.0093294;-0.00256987;1.00906;-0.0014006;0.00046198;1.00243;0.0286814;0.968054;1;3;1
1250.53;422.06;7.88794;3.08168;0.00742967;0.00129641;-0.00100118;0.00758897;0.00113712;1.01285;-0.00446573;0.00340347;0.998532;0.0289266;0.96869;1;3;1
1273.53;422.06;7.95125;3.00294;0.0027626;0.000773504;-0.00240297;0.0043687;-0.000832598;0.992074;-2.56896e-05;-0.00350598;0.992112;0.0378964;0.952314;1;3;1
31.5305;399.06;0.553951;3.2159;0.00465762;-0.00226656;-0.000876811;0.00476693;-0.00237586;1.00359;-0.000268907;-0.000377342;0.999339;0.0217645;0.993546;1;3;1
54.5305;399.06;0.660776;3.16689;0.00562577;-0.00477478;-0.00109274;0.00573934;-0.00488835;1.00581;0.00142904;-0.00105437;0.995592;0.023398;0.984133;1;3;1
77.5306;399.06;0.812007;3.19303;0.00429354;-0.00369528;-0.000553508;0.0043317;-0.00373345;1.00454;-0.00222044;0.00165743;0.999627;0.021849;0.992013;1;3;1
100.531;399.06;0.857855;3.1792;0.0051206;-0.00412507;0.000694584;0.00517249;-0.00417696;1.00385;-0.000653229;-0.0026618;0.999577;0.0244946;0.986596;1;3;1
123.531;399.06;1.04694;3.22669;0.00437891;-0.00453375;-0.000674341;0.00442965;-0.00458448;1.00661;0.00208341;-0.00233355;0.993431;0.0244706;0.987675;1;3;1
146.531;399.06;1.05884;3.20446;0.00313855;-0.00336394;-0.00120039;0.00335307;-0.00357846;1.00459;0.00256634;0.00320023;0.993334;0.0265247;0.976759;1;3;1
169.531;399.06;1.19105;3.16882;0.00751958;-0.00245641;-0.00164347;0.00778335;-0.00272019;1.00706;0.00325625;0.0019172;1.00009;0.0210667;0.990627;1;3;1
192.531;399.06;1.40343;3.16613;0.00467741;-0.00246473;-0.000188551;0.00468238;-0.0024697;1.00235;0.000576477;-0.00245093;0.996995;0.0216763;0.989107;1;3;1
215.531;399.06;1.40568;3.22009;0.00266075;-0.00220122;0.00123086;0.0029546;-0.00249506;1.00474;0.00214424;0.00135991;0.999372;0.0213765;0.988123;1;3;1
238.531;399.06;1.52562;3.23397;0.00599907;-0.00326074;-0.000990961;0.00610394;-0.0033656;1.00346;-0.0028987;0.00408262;1.00041;0.0225499;0.989503;1;3;1
261.531;399.06;1.68077;3.15146;0.00619147;-0.00262488;-0.00144647;0.00642272;-0.00285613;1.00579;-0.00180997;-0.000504741;0.99672;0.0227683;0.991553;1;2;1
284.531;399.06;1.80949;3.16385;0.00582301;-0.00135966;0.000344016;0.00583945;-0.0013761;1.00238;-0.00267505;0.000577469;1.00043;0.0189687;0.99168;1;3;1
307.531;399.06;1.94785;3.13799;0.00462219;-0.00190694;0.000198812;0.00462823;-0.00191299;1.00771;-0.00274935;0.00113674;0.998942;0.0207636;0.99082;1;3;1
330.531;399.06;2.02162;3.1441;0.00559512;-0.00296785;0.00101787;0.00571445;-0.00308718;1.00609;0.00178745;-0.00221336;1.00359;0.0232527;0.984389;1;3;1
353.531;399.06;2.20447;3.19468;0.0083908;-0.00333119;0.000883846;0.00845706;-0.00339745;1.00804;-0.00499795;-0.00283618;0.99815;0.0202145;0.989701;1;3;1
376.531;399.06;2.40596;3.19865;0.00649626;-0.00361253;8.75007e-05;0.00649702;-0.00361329;1.00749;-0.00198982;0.00694959;0.996588;0.0221842;0.986511;1;3;1
399.531;399.06;2.50234;3.18638;0.00369342;-0.00319927;-0.00010055;0.00369489;-0.00320074;1.0003;0.000266603;-0.000899019;1.00004;0.0224959;0.98959;1;3;1
422.531;399.06;2.57553;3.16532;0.00485383;-0.000576408;0.00170088;0.00534259;-0.00106517;1.00567;-0.000674061;0.000489969;1.00008;0.0182069;0.993307;1;3;1
445.531;399.06;2.72507;3.20483;0.00621238;-0.000892465;-0.00014145;0.0062152;-0.00089528;1.00534;0.000999252;0.00165642;1.00396;0.021334;0.988725;1;3;1
468.531;399.06;2.86042;3.16909;0.00527512;-0.00114272;-0.000733527;0.00535789;-0.00122549;1.00456;0.00171778;-0.000430571;0.99758;0.0191843;0.992025;1;2;1
491.531;399.06;2.96709;3.20476;0.00663427;0.000353844;0.000412746;0.00666128;0.000326834;1.00648;-0.004534;-0.00396945;1.00028;0.0235466;0.985372;1;3;1
514.531;399.06;3.16459;3.18717;0.00627651;-0.000410073;0.000263875;0.00628691;-0.00042047;1.0088;-0.0046316;0.00398649;1.00072;0.0204071;0.989408;1;3;1
537.531;399.06;3.2549;3.18634;0.00609437;-0.00102275;0.000195492;0.00609974;-0.00102811;1.00414;-0.00570309;-0.00103778;1.01041;0.019732;0.991913;1;3;1
560.531;399.06;3.44408;3.20233;0.00511408;-0.00413815;5.82165e-05;0.00511445;-0.00413852;0.999158;-0.00926092;0.00159546;1.00082;0.0243833;0.982933;1;3;1
583.531;399.06;3.48955;3.18612;0.0052744;-0.00218596;0.00115058;0.00544781;-0.00235938;1.0075;-0.00566391;-0.000295725;0.99998;0.0213011;0.98842;1;3;1
606.531;399.06;3.68606;3.22369;0.00683933;-0.00303316;0.000172918;0.00684236;-0.00303619;1.0047;-0.000218823;0.000372218;0.998961;0.0189165;0.991267;1;3;1
629.531;399.06;3.80309;3.17912;0.00540588;-0.00227265;-0.000561518;0.00544672;-0.0023135;1.0063;-0.00576262;0.000895718;0.998924;0.0239326;0.982859;1;3;1
652.531;399.06;3.93396;3.12629;0.00785176;-0.00259466;0.000437061;0.00787001;-0.00261292;1.00923;-0.00346078;-0.00124933;0.990835;0.0228628;0.987686;1;3;1
675.531;399.06;4.16286;3.15384;0.00772819;-0.00160014;4.65983e-05;0.00772842;-0.00160038;1.00358;-0.0022142;0.0058479;1.00291;0.020301;0.990976;1;3;1
698.531;399.06;4.28808;3.1518;0.00544544;-0.00164037;-0.000448594;0.00547373;-0.00166865;1.00643;0.00180122;-0.000432053;1.0031;0.0243624;0.984125;1;3;1
721.531;399.06;4.41266;3.12662;0.00571695;-0.00245213;0.000260452;0.00572524;-0.00246043;1.00508;-0.000661995;0.00196329;0.999855;0.0206494;0.986787;1;3;1
744.531;399.06;4.55031;3.14067;0.00673777;-0.00249267;0.00138802;0.00694198;-0.00269687;1.00781;0.000545943;-0.00181697;0.998445;0.0259283;0.984018;1;3;1
767.531;399.06;4.72149;3.20858;0.00530958;-0.002267;0.000401955;0.00533084;-0.00228827;1.00416;-0.00438446;0.000377137;0.992179;0.0295276;0.978546;1;4;1
790.531;399.06;4.79388;3.08512;0.00543614;-0.00192972;3.62918e-05;0.00543632;-0.0019299;1.00155;-0.0001387;0.00455727;0.997346;0.024119;0.988608;1;3;1
813.531;399.06;4.97088;3.19601;0.00618165;-0.00491716;0.00115943;0.00630147;-0.00503698;1.01295;-0.00344472;-0.00338947;0.995269;0.0249704;0.985898;1;3;1
836.531;399.06;5.07724;3.18894;0.00655044;-0.00139674;0.000314705;0.00656288;-0.00140918;0.999628;-0.00149844;-0.00167193;1.00115;0.0265536;0.982011;1;3;1
859.531;399.06;5.27119;3.14678;0.00795166;-0.00417579;9.00806e-05;0.00795233;-0.00417646;1.01332;-7.29653e-05;0.00931551;0.995575;0.0200716;0.988908;1;3;1
882.531;399.06;5.44153;3.12814;0.00725053;-0.00332588;0.000605455;0.00728508;-0.00336043;1.00986;0.000938515;-0.00694604;0.99332;0.020724;0.987646;1;3;1
905.531;399.06;5.60351;3.158;0.00556123;-0.00228135;0.00103184;0.00569472;-0.00241484;0.997678;0.000775524;-0.00441686;0.999578;0.0214625;0.989744;1;3;1
928.531;399.06;5.69662;3.17879;0.00436432;-0.00103041;6.36058e-05;0.00436507;-0.00103116;1.00287;0.00398927;0.00368241;0.999744;0.022041;0.991785;1;3;1
951.531;399.06;5.80383;3.17616;0.00697803;-0.000521726;-0.000903142;0.00708525;-0.000628952;1.01024;-0.000298615;0.00388474;0.997925;0.0256312;0.981667;1;3;1
974.531;399.06;6.01649;3.1568;0.00794261;0.00140679;-0.000493628;0.00797968;0.00136972;1.0089;-0.000209209;-0.00428753;1.0022;0.0212605;0.989033;1;3;1
997.531;399.06;6.16775;3.19429;0.00681089;-0.00115703;0.00201794;0.00729281;-0.00163894;1.00587;-0.0111372;-0.00344561;1.00055;0.0263063;0.979292;1;3;1
1020.53;399.06;6.32862;3.25901;0.00764398;-0.00149041;3.29191e-05;0.0076441;-0.00149053;1.00648;-0.00140551;0.00266826;0.990322;0.0258492;0.979667;1;3;1
1043.53;399.06;6.51802;3.15478;0.00459072;-0.00282333;0.000426973;0.00461523;-0.00284784;1.00292;-0.00450744;0.00216104;0.988524;0.0212409;0.986079;1;3;1
1066.53;399.06;6.53927;3.20384;0.00577021;-0.000541503;0.000885255;0.00589202;-0.000663314;1.00469;0.0018975;0.0026032;1.00224;0.0216937;0.989831;1;4;1
1089.53;399.06;6.78269;3.16844;0.00730529;-0.00272371;-0.00149419;0.00752317;-0.00294159;1.00798;0.00246976;-0.0032022;0.99052;0.0244731;0.981412;1;4;1
1112.53;399.06;6.87406;3.14673;0.00615995;-0.00130833;0.000245703;0.00616802;-0.0013164;1.00316;-0.00237289;-0.00537963;0.996754;0.0237032;0.980373;1;3;1
1135.53;399.06;7.06518;3.1683;0.00836435;-0.00108578;-0.000217315;0.00836935;-0.00109077;1.00912;-0.00421132;0.00782334;0.997212;0.0245428;0.985502;1;3;1
1158.53;399.06;7.25722;3.11859;0.00614355;-0.00182234;-0.000597181;0.00618807;-0.00186686;1.00846;-0.00477999;0.00190798;0.999557;0.0243133;0.982756;1;3;1
1181.53;399.06;7.34686;3.09297;0.00435605;-0.00275557;0.00124918;0.00456909;-0.00296861;1.00312;-0.00626335;-0.00166933;1.00068;0.0249661;0.982608;1;3;1
1204.53;399.06;7.45716;3.13443;0.00718792;-0.00165658;0.000808639;0.00726124;-0.0017299;1.00798;0.00316518;0.00261808;1.00373;0.0257153;0.979156;1;4;1
1227.53;399.06;7.67625;3.17488;0.0075151;0.000517906;-0.00173784;0.00792294;0.000110062;1.0105;0.00531069;-0.00146382;0.994956;0.0268698;0.981205;1;3;1
1250.53;399.06;7.80155;3.09916;0.00730775;-0.000695563;-0.000428955;0.00733068;-0.000718488;1.00331;0.00452555;0.00208841;0.996459;0.0279299;0.969706;1;4;1
1273.53;399.06;8.01099;3.03986;0.00915074;-0.00166611;-0.00218327;0.00957478;-0.00209016;1.01719;0.00148061;0.00233953;0.996588;0.0297809;0.974945;1;4;1
31.5305;376.06;0.546693;3.2667;0.00628187;-0.00232463;0.000802415;0.00635604;-0.00239881;1.0004;-0.000905469;-0.00466666;0.996363;0.0201601;0.989212;1;3;1
54.5305;376.06;0.690696;3.30298;0.00590812;-0.00349673;-0.000310222;0.00591834;-0.00350695;1.01122;0.0019813;0.00124482;0.9922;0.0238887;0.983478;1;3;1
77.5306;376.06;0.817668;3.27162;0.00351944;-0.00314132;3.84366e-05;0.00351966;-0.00314154;1.00131;0.000852642;0.00272902;0.996733;0.0195587;0.992157;1;2;1
100.531;376.06;0.852306;3.29636;0.00444216;-0.00437151;-8.12918e-05;0.00444291;-0.00437226;1.00241;0.0026779;-0.00532867;0.993506;0.019955;0.987753;1;3;1
123.531;376.06;1.02153;3.32235;0.00628914;-0.00163908;0.00118514;0.0064625;-0.00181244;1.00754;-0.00183395;0.00245828;0.997829;0.0228443;0.984507;1;3;1
146.531;376.06;1.1407;3.27466;0.00524386;-0.00221527;-0.00169169;0.00560959;-0.00258101;1.00561;0.00153282;0.00518955;0.997117;0.0217185;0.985177;1;3;1
169.531;376.06;1.26202;3.22978;0.00542308;-0.00397623;-0.00110617;0.0055515;-0.00410465;1.00656;0.00261662;-0.00130446;0.992681;0.0208534;0.988081;1;3;1
192.531;376.06;1.38943;3.20391;0.00263742;-0.00361497;0.000480439;0.00267412;-0.00365168;1.00117;0.00192501;-0.000361622;0.996629;0.0197329;0.990868;1;3;1
215.531;376.06;1.38318;3.24222;0.00367131;-0.00192291;0.000335967;0.00369141;-0.00194301;1.00785;0.00221882;-0.00568744;0.99933;0.0208132;0.985648;1;3;1
238.531;376.06;1.55799;3.23993;0.00730461;-0.00205019;-0.000484279;0.00732961;-0.00207519;1.00308;-0.00225646;0.00623604;0.999288;0.0247218;0.986417;1;3;1
261.531;376.06;1.71795;3.19568;0.00596135;-0.00374964;-0.000487287;0.00598574;-0.00377403;1.00928;0.000905731;0.0010433;0.997587;0.0204979;0.991185;1;3;1
284.531;376.06;1.83138;3.2006;0.00468957;-0.00381472;-0.000845523;0.00477282;-0.00389797;1.00086;0.00320915;-0.00270871;0.99572;0.0204156;0.991318;1;2;1
307.531;376.06;1.93316;3.16267;0.00366693;-0.00388327;6.52315e-05;0.00366749;-0.00388383;1.0054;0.0019181;0.00122908;0.994736;0.0224245;0.989977;1;3;1
330.531;376.06;1.99975;3.21531;0.00538223;-0.00456869;-5.91134e-05;0.00538258;-0.00456904;1.00103;0.00158068;-0.00232446;0.991951;0.0199747;0.990054;1;3;1
353.531;376.06;2.18004;3.21886;0.00784467;-0.00231639;0.00126362;0.00799945;-0.00247117;1.00565;0.00135269;0.00398326;0.998351;0.0206645;0.989637;1;3;1
376.531;376.06;2.35917;3.26839;0.00610532;-0.000764791;0.00281991;0.00711453;-0.001774;1.0089;-0.00450489;-0.00129703;1.00133;0.0195249;0.994243;1;3;1
399.531;376.06;2.46;3.28083;0.00262894;-0.00127779;0.00114119;0.00293786;-0.00158671;0.996995;-0.00272132;0.00442458;0.997485;0.0264274;0.991285;1;3;1
422.531;376.06;2.47992;3.21922;0.00603803;-0.0011773;-0.0013324;0.00627622;-0.00141548;1.00598;-0.00062964;-0.00451367;0.9966;0.0229193;0.986532;1;3;1
445.531;376.06;2.73679;3.17672;0.00929366;-0.00160204;-0.000605106;0.00932716;-0.00163555;1.01254;0.00228037;0.00980982;0.991089;0.0207968;0.985919;1;3;1
468.531;376.06;2.90543;3.17284;0.00470519;-0.00169201;1.5292e-05;0.00470523;-0.00169204;1.00216;0.00212983;-0.00518516;1.00242;0.0189339;0.992693;1;3;1
491.531;376.06;2.95272;3.15642;0.00472277;-0.0011289;-7.77761e-05;0.00472381;-0.00112993;1.00547;-0.00127769;-0.00132184;1.00204;0.02605;0.980403;1;3;1
514.531;376.06;3.12217;3.16345;0.00619387;-0.00259636;8.46946e-05;0.00619468;-0.00259718;1.00578;0.00178884;0.000875544;0.995287;0.0214665;0.990905;1;3;1
537.531;376.06;3.23676;3.14009;0.00709005;-0.00183573;0.00213474;0.00757433;-0.00232001;1.00927;0.00587651;-0.00369417;0.993589;0.0229404;0.986053;1;3;1
560.531;376.06;3.44702;3.28074;0.00596415;-0.00177233;0.00143061;0.00622022;-0.0020284;1.00166;0.00143851;0.000648166;0.992334;0.0201381;0.989513;1;3;1
583.531;376.06;3.51025;3.2091;0.00528238;-0.00256169;-0.00050232;0.00531442;-0.00259372;1.0077;0.00300004;-0.000151366;0.998965;0.0195513;0.989121;1;3;1
606.531;376.06;3.68936;3.25584;0.00636302;-0.0015455;0.000622207;0.00641167;-0.00159415;1.00395;0.00155717;0.000953583;0.997723;0.0246139;0.984343;1;3;1
629.531;376.06;3.80201;3.2339;0.00568185;-0.00290546;-0.00125952;0.00586277;-0.00308639;1.00738;0.0031577;-0.00149068;0.999653;0.0241631;0.988947;1;3;1
652.531;376.06;3.94996;3.20471;0.00716307;-0.00246226;-0.00145175;0.00737727;-0.00267646;1.00632;0.000440656;0.00599178;1.00516;0.0241211;0.984295;1;3;1
675.531;376.06;4.13021;3.12337;0.00709522;-0.00141618;-3.4928e-05;0.00709536;-0.00141633;1.00582;-0.00107335;-0.000603674;0.996264;0.0287135;0.978738;1;3;1
698.531;376.06;4.27517;3.16525;0.00576834;-0.00150999;0.000496011;0.00580198;-0.00154364;1.00786;0.00104743;0.00153323;0.995299;0.0210995;0.98987;1;3;1
721.531;376.06;4.39478;3.16315;0.00607669;-0.00226438;0.000136305;0.00607891;-0.0022666;1.00388;-0.00105541;-0.00338951;0.995906;0.021679;0.989079;1;2;1
744.531;376.06;4.55385;3.18559;0.00601934;-0.00158564;0.000268683;0.00602882;-0.00159512;1.00707;0.00316596;0.00400185;1.00194;0.0251752;0.985325;1;3;1
767.531;376.06;4.67082;3.1977;0.00702554;-0.000123398;0.000398014;0.00704764;-0.000145489;1.00609;0.000348548;0.00160319;1.00341;0.0237676;0.987631;1;3;1
790.531;376.06;4.8759;3.20038;0.00714365;-0.00335468;0.000662312;0.00718527;-0.00339629;1.00707;-0.00751113;-0.00266899;0.994774;0.0243642;0.987893;1;4;1
813.531;376.06;4.99816;3.29582;0.00423534;-0.00231804;-0.000613811;0.00429233;-0.00237504;1.00712;0.000318783;0.00419127;0.995125;0.0248572;0.979635;1;3;1
836.531;376.06;5.07031;3.18524;0.0044879;-0.00167365;-0.0014766;0.00482348;-0.00200923;1.0019;0.00207218;-0.00313441;0.99662;0.0249537;0.984529;1;3;1
859.531;376.06;5.20409;3.22262;0.00708365;-8.16034e-06;0.000129025;0.00708599;-1.0507e-05;1.00787;-0.00247406;0.00576645;0.999977;0.0292328;0.978991;1;4;1
882.531;376.06;5.39501;3.16527;0.00794304;-0.001963;-6.04779e-05;0.00794341;-0.00196337;1.00948;-0.00256587;-0.00217271;0.994836;0.0223819;0.98778;1;3;1
905.531;376.06;5.56799;3.15994;0.00655157;-0.00225415;0.000741765;0.00661361;-0.0023162;1.0062;0.00277979;-0.00148451;0.998752;0.0228762;0.991475;1;3;1
928.531;376.06;5.6954;3.17485;0.00685142;-4.44306e-05;0.000513148;0.00688939;-8.24069e-05;1.00799;-0.00314867;0.0027223;0.995249;0.022676;0.985879;1;3;1
951.531;376.06;5.88208;3.16512;0.00604323;-0.00104189;-0.00195138;0.00654512;-0.00154378;1.00815;0.00192155;0.0022813;1.00361;0.0235193;0.984227;1;3;1
974.531;376.06;5.97248;3.09321;0.00452819;-0.00139754;-0.000173338;0.00453326;-0.00140261;1.00249;0.000147576;-0.00114936;0.995537;0.021098;0.987159;1;4;1
997.531;376.06;6.0899;3.15431;0.0057661;-0.00023913;0.00200368;0.00637325;-0.000846284;1.00701;0.00204316;0.00239866;1.00097;0.0232299;0.983484;1;3;1
1020.53;376.06;6.23683;3.20101;0.00756173;0.00156713;0.00141352;0.00787832;0.00125054;1.00854;0.00198093;-0.00415848;1.00303;0.0222252;0.988357;1;3;1
1043.53;376.06;6.43641;3.20721;0.00646888;-0.00176143;0.000518099;0.00650137;-0.00179392;1.00571;0.00250078;0.000459459;1.00204;0.0217616;0.985357;1;2;1
1066.53;376.06;6.53344;3.21417;0.00805341;-0.00105822;-0.000516075;0.00808254;-0.00108736;1.00777;0.00169947;-0.00336977;0.998941;0.0208303;0.989522;1;3;1
1089.53;376.06;6.80538;3.22886;0.00894483;-0.00154483;-0.00049046;0.00896771;-0.00156771;1.00659;-0.00399761;0.00619025;1.00259;0.0235638;0.980144;1;3;1
1112.53;376.06;6.94304;3.15087;0.00514237;-0.000660056;-0.0014573;0.0054878;-0.0010055;1.00421;0.00546665;-0.00394911;1.00527;0.0207663;0.993776;1;3;1
1135.53;376.06;7.0413;3.18343;0.00673502;-0.00121582;0.000404048;0.0067555;-0.0012363;1.00642;0.00447612;0.000637663;1.00177;0.0258916;0.981928;1;3;1
1158.53;376.06;7.25181;3.14715;0.00569474;-0.00261594;0.000832163;0.00577725;-0.00269844;1.00094;-0.00335813;-0.00479319;0.993007;0.0226522;0.987725;1;3;1
1181.53;376.06;7.30251;3.20489;0.00479511;-0.00227524;6.19479e-05;0.00479565;-0.00227578;1.00991;-0.000112687;0.00179183;0.99362;0.0262246;0.976709;1;3;1
1204.53;376.06;7.47183;3.19891;0.00943953;-0.00170908;-0.0023088;0.00989875;-0.0021683;0.997508;0.00489409;0.00106593;0.9941;0.028675;0.970491;1;3;1
1227.53;376.06;7.73461;3.11162;0.0070117;-0.000389744;-0.00146693;0.00729184;-0.000669878;1.02244;0.00421007;0.00441097;1.00499;0.0270732;0.973064;1;4;1
1250.53;376.06;7.79317;3.11378;0.00650739;-0.000716589;-0.000288807;0.00651892;-0.000728116;1.0019;-0.00522691;-0.00286738;1.00152;0.0250118;0.979576;1;3;1
1273.53;376.06;8.03297;3.07972;0.0104815;-0.00434521;-0.000636806;0.0105088;-0.00437251;1.00976;-0.00211059;-2.14448e-05;0.99872;0.0294446;0.981646;1;3;1
31.5305;353.06;0.552527;3.32295;0.00617079;-0.00586598;-0.000676013;0.00620863;-0.00590383;1.0106;0.000672103;0.00171125;1.0012;0.0187522;0.993861;1;3;1
54.5305;353.06;0.694019;3.32804;0.00543599;-0.00428413;-0.000213752;0.00544069;-0.00428883;1.00021;-0.0028169;-0.000536864;1.00155;0.0208209;0.993992;1;3;1
77.5306;353.06;0.801904;3.33776;0.00482896;-0.0040433;0.00104209;0.00494971;-0.00416405;1.00653;0.0041705;-0.000282714;0.994341;0.0175946;0.993958;1;3;1
100.531;353.06;0.915588;3.38077;0.00250683;-0.00169592;-0.00127568;0.00286373;-0.00205282;1.00268;0.00194541;-0.000598745;0.996123;0.0204675;0.990008;1;3;1
123.531;353.06;0.91706;3.30233;0.00449385;-0.00026593;-0.00237695;0.00547756;-0.00124964;1.00625;-0.000594798;-0.000875458;1.00214;0.0234082;0.987902;1;3;1
146.531;353.06;1.12178;3.30652;0.00665575;-0.00129354;0.00173458;0.00701776;-0.00165555;1.00746;-0.00263991;0.00354653;1.001;0.0209704;0.992302;1;3;1
169.531;353.06;1.22219;3.35211;0.0054481;-0.00588464;0.00142317;0.00562409;-0.00606063;1.00387;-0.00282481;0.00175508;0.999917;0.0189974;0.993321;1;3;1
192.531;353.06;1.37171;3.33273;0.0041072;-0.0088013;-0.000701746;0.00414524;-0.00883934;1.0031;-0.00563674;0.000116732;0.997281;0.0187009;0.991043;1;3;1
215.531;353.06;1.41071;3.30863;0.0033104;-0.00512148;-0.0033866;0.00450216;-0.00631324;1.00523;0.0003451;-0.00211117;0.996228;0.0214605;0.987919;1;3;1
238.531;353.06;1.52374;3.32838;0.00601093;-0.00441416;-0.00296805;0.00679672;-0.00519994;1.00585;0.00363676;0.00289098;0.997154;0.0203562;0.993266;1;3;1
261.531;353.06;1.68638;3.32427;0.00720965;-0.00176908;-0.000620188;0.00725229;-0.00181172;1.00886;0.00180473;0.000578409;0.99665;0.0210103;0.992259;1;3;1
284.531;353.06;1.85419;3.33968;0.00588856;-0.00380727;0.00020479;0.00589288;-0.0038116;1.00143;0.00203823;7.78849e-05;0.999243;0.0227523;0.98732;1;3;1
307.531;353.06;1.95646;3.31697;0.0049791;-0.00693721;0.000206816;0.00498269;-0.0069408;1.00507;-0.00676965;0.0019075;0.992736;0.0218244;0.99383;1;3;1
330.531;353.06;2.08266;3.35478;0.00403446;-0.00281704;-0.00168899;0.0044282;-0.00321078;1.00857;-9.63872e-05;0.00134937;0.997883;0.0206551;0.991651;1;3;1
353.531;353.06;2.14167;3.3014;0.00276787;-0.00156713;-0.00169706;0.00335319;-0.00215246;1.00073;0.00104369;0.00115771;0.992733;0.0189834;0.991982;1;3;1
376.531;353.06;2.20965;3.23427;0.00451021;-0.000295147;-0.000388374;0.0045414;-0.000326334;1.00266;0.00166534;0.00537689;0.991805;0.0189616;0.993366;1;4;1
399.531;353.06;2.34864;3.24545;0.0083906;0.00528571;0.00071372;0.0085468;0.0051295;1.01069;-0.00170675;-0.00181608;0.996993;0.0185661;0.993311;1;3;1
422.531;353.06;2.59401;3.21951;0.00842019;-0.00241782;-0.00088708;0.00849232;-0.00248995;1.01057;0.000528058;-0.00320745;1.00148;0.0206115;0.992999;1;3;1
445.531;353.06;2.73434;3.27858;0.005337;-0.00331004;-0.000433046;0.00535863;-0.00333167;1.0001;-0.00295908;-0.000610062;1.00172;0.0171023;0.993351;1;3;1
468.531;353.06;2.83885;3.24699;0.00502435;-0.00245778;-0.000382689;0.00504387;-0.00247731;1.00785;-0.000993806;0.000763064;0.99466;0.019179;0.992711;1;3;1
491.531;353.06;2.96488;3.25672;0.00658348;-0.00394886;0.000698015;0.00662954;-0.00399492;1.00837;0.00235293;0.000553354;0.996461;0.023775;0.987374;1;3;1
514.531;353.06;3.14066;3.30676;0.00460306;-0.00258306;-7.60273e-05;0.00460386;-0.00258386;1.00259;-0.000765965;-0.00242597;1.00151;0.0201935;0.993905;1;3;1
537.531;353.06;3.17614;3.27093;0.00525413;-0.00426107;-0.00129909;0.0054283;-0.00443524;1.00742;-0.00724994;0.00192783;0.995556;0.0248915;0.981938;1;4;1
560.531;353.06;3.38171;3.28398;0.00730252;0.00241252;0.00135531;0.00765303;0.00206201;1.00573;-0.00392272;0.00159014;0.999101;0.0211129;0.992194;1;3;1
583.531;353.06;3.51082;3.30412;0.005932;-0.00158457;-0.000400178;0.00595324;-0.00160581;1.0048;0.000917364;-7.50729e-05;0.997547;0.0213509;0.990029;1;3;1
606.531;353.06;3.65378;3.29485;0.00778668;-0.00398829;0.000269303;0.00779284;-0.00399445;1.00657;-0.000175303;-0.000275258;0.999139;0.0232443;0.985517;1;3;1
629.531;353.06;3.86762;3.31302;0.00661617;0.000698544;-0.000425533;0.00664661;0.0006681;1.0062;0.00132432;0.00196402;0.99604;0.0213876;0.989195;1;3;1
652.531;353.06;3.95709;3.2397;0.005655;0.000643355;-0.000607187;0.00572752;0.00057084;1.00525;0.00146723;-0.000435322;0.996622;0.0204;0.991372;1;3;1
675.531;353.06;4.12693;3.21904;0.00709267;-0.00515967;0.000114054;0.00709374;-0.00516073;1.00791;0.000684276;-0.00146128;0.995277;0.0209866;0.991336;1;2;1
698.531;353.06;4.2822;3.22131;0.00639947;-0.00286188;0.000527299;0.00642939;-0.0028918;1.00509;0.000598236;0.00356597;1.00073;0.0221392;0.988073;1;3;1
721.531;353.06;4.42037;3.2309;0.00605803;-0.00391361;0.000592063;0.00609306;-0.00394864;1.00385;0.000164672;-0.00737874;0.998788;0.0252652;0.984278;1;3;1
744.531;353.06;4.56003;3.21367;0.00609346;-0.00243303;-0.000785431;0.00616521;-0.00250478;1.0085;-0.00264667;0.008326;1.00126;0.0252881;0.985826;1;3;1
767.531;353.06;4.69981;3.21426;0.00589676;-0.00121199;-0.0005124;0.00593351;-0.00124874;1.00576;0.00159495;0.000650102;1.00354;0.0231311;0.991238;1;3;1
790.531;353.06;4.83048;3.23971;0.00681308;-0.00197623;0.00101426;0.00692861;-0.00209176;1.00817;0.000985031;-0.00306273;1.00072;0.0225279;0.990263;1;3;1
813.531;353.06;5.01207;3.30278;0.00674562;0.00163502;0.000344438;0.00676873;0.00161191;1.00661;-4.98038e-05;-0.0015289;1.00001;0.0204643;0.988628;1;3;1
836.531;353.06;5.13973;3.26603;0.00496385;-0.00357111;-0.00234386;0.00556516;-0.00417241;1.00076;0.00521408;0.00397548;0.997456;0.0230094;0.983751;1;3;1
859.531;353.06;5.23958;3.14716;0.00534641;-0.00393636;-0.00200261;0.00576001;-0.00434996;1.00722;0.0053821;0.00609615;0.995913;0.0230892;0.990078;1;3;1
882.531;353.06;5.38499;3.21856;0.00666925;-0.00253641;0.00185268;0.00702812;-0.00289528;1.00957;-0.00460731;-0.0123773;0.997581;0.0245776;0.982085;1;4;1
905.531;353.06;5.54521;3.26184;0.00588457;-0.00399021;-0.000834631;0.00595462;-0.00406026;1.00357;-0.00209258;-0.000600082;0.998959;0.0218419;0.989886;1;3;1
928.531;353.06;5.65487;3.18085;0.00776959;-0.00323815;-0.00112856;0.0078841;-0.00335267;1.00863;0.00185512;0.00200394;0.999611;0.0217307;0.990096;1;3;1
951.531;353.06;5.90122;3.22421;0.00800492;-0.00539294;0.00100031;0.0080792;-0.00546721;1.00936;-0.00163932;0.00101177;0.994909;0.022586;0.985607;1;3;1
974.531;353.06;6.02162;3.22113;0.00414803;-0.00402389;-0.000165987;0.0041514;-0.00402726;1.00387;0.00465844;-0.00260543;0.999309;0.0233464;0.986919;1;3;1
997.531;353.06;6.09163;3.20536;0.00502393;-0.00142179;-0.000735742;0.00510685;-0.0015047;1.00126;-0.00549504;0.00380041;0.999344;0.0214644;0.985994;1;3;1
1020.53;353.06;6.25213;3.18704;0.00855999;-0.00243765;0.000350526;0.00857115;-0.00244881;1.01458;0.00144326;-0.00105601;1.00047;0.0202419;0.990092;1;3;1
1043.53;353.06;6.48371;3.23589;0.00776373;-0.00227382;-4.28979e-05;0.00776391;-0.002274;1.00866;-0.000666262;-0.00129827;0.999049;0.0231162;0.986813;1;3;1
1066.53;353.06;6.60784;3.25259;0.00612887;-0.00170194;-0.00120564;0.00631029;-0.00188336;1.00049;0.00370519;-0.000176615;1.00114;0.0189442;0.99261;1;3;1
1089.53;353.06;6.76478;3.23956;0.00773634;-0.00170119;-0.000129897;0.00773813;-0.00170298;1.00906;0.00131608;0.00658584;0.9986;0.0224042;0.990083;1;2;1
1112.53;353.06;6.96228;3.17719;0.00566355;-0.00236632;-0.000273828;0.00567287;-0.00237565;1.00093;-0.00198792;-0.00734246;0.992761;0.0250899;0.981805;1;3;1
1135.53;353.06;7.02456;3.22428;0.00523389;-0.00283311;0.000724742;0.00529849;-0.00289771;1.00693;-0.00216622;0.00287306;0.994279;0.0207992;0.99044;1;3;1
1158.53;353.06;7.20237;3.23911;0.00803248;-0.00197631;-0.000286723;0.00804069;-0.00198452;1.00565;-0.00368816;-0.000820309;0.995495;0.0204448;0.989437;1;3;1
1181.53;353.06;7.39258;3.19777;0.00814114;-0.00114666;-0.00172714;0.00845191;-0.00145743;1.00711;0.0024939;5.37099e-06;1.0001;0.0257397;0.985663;1;3;1
1204.53;353.06;7.57535;3.21327;0.00726947;-0.000208886;-0.00112635;0.00743543;-0.000374849;1.01074;-0.00222642;0.00444315;1.00039;0.0277707;0.979267;1;3;1
1227.53;353.06;7.72577;3.19283;0.00481611;-0.00301054;-0.000300239;0.00482762;-0.00302204;1.00504;-0.00296449;-0.00199508;0.992019;0.0280169;0.973431;1;3;1
1250.53;353.06;7.79629;3.13214;0.00602038;-0.000729141;0.000802699;0.00611453;-0.00082329;1.00288;0.00348726;0.00264132;1.00086;0.0271495;0.97461;1;3;1
1273.53;353.06;8.00185;3.24018;0.00898856;-0.00329316;0.00266555;0.00954212;-0.00384672;1.01166;-0.00326822;-0.00855188;0.991923;0.0319547;0.973404;1;4;1
31.5305;330.06;0.618555;3.53739;0.00463653;-0.0092756;-0.00223675;0.0049873;-0.00962637;1.01332;0.000561912;-0.000387149;0.984184;0.0268532;0.993642;1;3;1
54.5305;330.06;0.724919;3.50048;0.00339776;-0.00746865;-0.00153039;0.00360918;-0.00768007;0.999469;0.0029657;0.00144405;0.984326;0.0280862;0.992261;1;4;1
77.5306;330.06;0.774519;3.458;0.00456139;-0.00521364;-0.000764124;0.00462076;-0.00527301;1.00554;-0.00514343;-0.000297413;0.994259;0.0308834;0.985461;1;4;1
100.531;330.06;0.934095;3.37451;0.0085357;0.000272573;-0.00174522;0.00888918;-8.09076e-05;1.00607;0.000329385;-0.000462087;1.00917;0.0300287;0.989269;1;3;1
123.531;330.06;1.16534;3.33481;0.00212121;-0.00135273;-0.00584483;0.00648171;-0.00571323;1.00799;0.0172907;0.00403902;0.996983;0.031418;0.992706;1;4;1
146.531;330.06;1.03155;3.33433;-0.000159047;-0.00120058;0.0037698;0.00312579;-0.00448542;0.999944;-0.00493793;-0.00287075;0.990565;0.043448;0.97472;1;5;1
169.531;330.06;1.15772;3.50139;0.0082968;-0.00646579;0.0043962;0.00950678;-0.00767577;1.00178;-0.00167043;0.00505543;0.986244;0.0302334;0.988828;1;3;1
192.531;330.06;1.41081;3.61057;0.0116253;-0.0120054;-0.0010956;0.011676;-0.0120561;1.01152;0.0121221;-0.00464598;0.975802;0.0309671;0.994548;1;3;1
215.531;330.06;1.6894;3.47944;0.00948796;-0.0073256;-0.00790926;0.0126237;-0.0104614;1.00355;0.0240524;-0.000248785;0.987439;0.0309012;0.989118;1;3;1
238.531;330.06;1.84491;3.44433;0.00210763;-0.00493126;-0.00918401;0.00842346;-0.0112471;1.01108;0.0255889;0.00664882;0.986689;0.0342634;0.985814;1;4;1
261.531;330.06;1.78581;3.27718;-0.000856846;0.00205905;-0.00290295;0.0038496;-0.00264739;0.99637;0.00360501;0.00213785;1.00277;0.0329888;0.992774;1;4;1
284.531;330.06;1.80542;3.37608;0.00313086;-0.00157892;0.00329601;0.00482679;-0.00327485;0.998771;-0.00461686;-0.00254991;0.992741;0.0329248;0.980193;1;3;1
307.531;330.06;1.92915;3.4829;0.00727916;-0.00718726;0.000265904;0.00728405;-0.00719215;1.01491;0.000399508;-0.00189045;0.995611;0.0339971;0.979559;1;3;1
330.531;330.06;2.13905;3.34528;0.0062586;0.000416;-0.00331993;0.00775951;-0.00108491;1.00279;0.0038854;0.00615732;1.00559;0.0276856;0.992514;1;4;1
353.531;330.06;2.21575;3.29101;0.00435851;0.000456801;-0.00230577;0.00542798;-0.000612675;1.00478;0.00492137;0.0015843;1.00934;0.0343376;0.983953;1;3;1
376.531;330.06;2.33906;3.28197;0.00359584;-0.00205631;-0.00556345;0.00700985;-0.00547033;1.00633;0.00546749;-0.00232215;1.00413;0.0309376;0.984256;1;3;1
399.531;330.06;2.38017;3.0384;0.00554999;0.00904379;-0.000154539;0.00905062;0.00554317;1.00321;0.000494077;0.00691633;1.01944;0.029897;0.982713;1;3;1
422.531;330.06;2.59363;3.33072;0.00926882;-0.00482325;0.00315482;0.00994286;-0.00549729;1.00681;-6.60434e-05;0.00160886;0.98665;0.0421754;0.988341;1;4;1
445.531;330.06;2.80367;3.32928;0.00709353;-0.00219713;-0.00200223;0.00750665;-0.00261025;1.01238;0.00992755;-0.00245968;0.988366;0.0309844;0.991811;1;4;1
468.531;330.06;2.91876;3.28604;0.00314416;-0.00169012;-0.00164335;0.00364989;-0.00219585;0.999317;0.00626482;0.00333542;0.996313;0.0253156;0.990905;1;3;1
491.531;330.06;2.94807;3.33843;0.004892;-0.00354601;0.000328232;0.00490475;-0.00355876;1.00467;-0.00399903;-0.00575446;0.997816;0.0279619;0.992404;1;4;1
514.531;330.06;3.14324;3.28243;0.0084049;0.0010584;-7.6191e-05;0.00840569;0.00105761;1.00832;-0.00148805;-0.00193377;0.999146;0.0320483;0.986318;1;4;1
537.531;330.06;3.33308;3.33662;0.00464441;-0.00282898;-0.00464648;0.00687032;-0.00505488;1.00605;0.0134535;0.00574767;1.00613;0.0330755;0.986553;1;4;1
560.531;330.06;3.35626;3.16999;0.00489416;0.00496903;-3.9742e-05;0.00498619;0.004877;1.00737;-0.000288842;0.00234484;1.0102;0.0297303;0.99319;1;3;1
583.531;330.06;3.55763;3.28207;0.00693909;0.000960994;0.00190949;0.00749695;0.000403135;1.0044;0.0014075;-0.00681453;0.996155;0.0269101;0.99117;1;3;1
606.531;330.06;3.67357;3.43967;0.00498019;-0.0062766;-0.00129955;0.00512827;-0.00642467;1.0039;0.00198894;0.00296466;0.986079;0.0317421;0.98725;1;3;1
629.531;330.06;3.78609;3.20178;0.00521325;0.00485422;-0.00110748;0.00615566;0.0039118;1.0017;-0.00139328;0.00619521;1.01096;0.0302517;0.989398;1;3;1
652.531;330.06;3.912;3.17514;0.006889;0.00281286;0.00272614;0.00825469;0.00144717;1.00938;-0.0045302;-0.00665021;1.00779;0.0261317;0.993559;1;3;1
675.531;330.06;4.10162;3.36134;0.0071312;-0.006167;0.00187152;0.00738956;-0.00642537;1.00658;-0.0075539;0.0057244;0.995757;0.0305969;0.988929;1;4;1
698.531;330.06;4.23871;3.2971;0.00504425;-0.00328822;0.000757656;0.00511258;-0.00335656;1.00918;-0.00265359;-0.000372054;0.990353;0.0297825;0.985002;1;3;1
721.531;330.06;4.33307;3.34357;0.00808611;-0.00487955;0.00191919;0.00836422;-0.00515767;1.00602;-0.00652007;-0.00685441;0.987682;0.0296396;0.987455;1;3;1
744.531;330.06;4.60918;3.29768;0.00896507;-0.00364349;-0.00205301;0.00929094;-0.00396936;1.01208;0.00241492;0.000921011;0.981678;0.0290195;0.988902;1;3;1
767.531;330.06;4.74354;3.25354;0.00570707;-0.00170439;-0.00102451;0.00584608;-0.00184341;0.999519;0.000792754;0.00553624;0.996452;0.0300639;0.989016;1;4;1
790.531;330.06;4.87096;3.29137;0.00543526;-0.00224215;-0.00124123;0.00563094;-0.00243784;1.00738;0.00669902;-0.00390661;1.0022;0.0304627;0.986249;1;4;1
813.531;330.06;4.99288;3.22067;0.00566064;0.00357663;0.00105734;0.00610314;0.00313414;1.0037;-0.00124488;0.00572465;1.0096;0.0298222;0.989794;1;3;1
836.531;330.06;5.13058;3.34984;0.0075894;-0.00363702;0.0021886;0.00800098;-0.0040486;1.01053;-0.00450159;-0.00994123;0.996878;0.0305318;0.992915;1;3;1
859.531;330.06;5.34031;3.40426;0.00454916;-0.011106;-0.00292752;0.0050787;-0.0116355;1.00797;0.00541526;0.0100236;0.98266;0.030627;0.990014;1;3;1
882.531;330.06;5.33932;3.28213;0.00581482;-0.00275813;0.000344053;0.00582861;-0.00277192;1.00733;0.00278716;-0.00249086;0.99931;0.0265365;0.99075;1;3;1
905.531;330.06;5.60698;3.34388;0.00921396;-0.00355667;-0.000900708;0.00927717;-0.00361988;1.00325;0.00325009;0.00579653;0.992675;0.027916;0.989178;1;3;1
928.531;330.06;5.76121;3.3241;0.00487263;-0.00619802;-0.00156653;0.00509003;-0.00641542;1.00756;0.0124479;-0.0007516;0.990982;0.0256539;0.990528;1;3;1
951.531;330.06;5.83053;3.4139;0.0045275;-0.00820837;0.00105413;0.00461416;-0.00829502;1.00395;0.0021814;-0.00277684;0.987311;0.029096;0.993613;1;3;1
974.531;330.06;5.96898;3.27868;0.00639555;-0.00249638;-0.000953209;0.00649658;-0.00259742;1.00684;-0.00212722;0.00380431;0.995538;0.0311526;0.986683;1;5;1
997.531;330.06;6.12338;3.21977;0.00580136;-0.000625622;-0.000318386;0.00581709;-0.000641356;1.00499;0.00970117;-0.000891309;0.997847;0.0336629;0.9827;1;3;1
1020.53;330.06;6.23506;3.31328;0.00833747;-0.0054735;0.00137081;0.00847222;-0.00560825;1.01601;-0.00146555;0.000274087;0.990509;0.0274825;0.986287;1;4;1
1043.53;330.06;6.50523;3.31197;0.00900249;-0.00330195;-0.000695415;0.00904167;-0.00334113;1.00574;0.00656262;-0.00057307;0.995002;0.0280851;0.991224;1;3;1
1066.53;330.06;6.64732;3.29266;0.00517219;-0.00173916;-0.000914278;0.00529109;-0.00185807;1.00372;-0.00220293;-0.000127367;0.992726;0.0270731;0.992483;1;2;1
1089.53;330.06;6.74254;3.30723;0.00666597;-0.00293748;0.000131142;0.00666776;-0.00293927;1.01056;-0.00579449;-0.000926419;0.997342;0.026865;0.988758;1;3;1
1112.53;330.06;6.95293;3.25986;0.00640876;-0.00358777;0.000277309;0.00641645;-0.00359546;1.00506;-0.00138178;0.000651364;1.00593;0.0332934;0.992306;1;4;1
1135.53;330.06;7.0364;3.31394;0.00651701;-0.00389074;-0.000493936;0.00654039;-0.00391413;0.998856;0.0021727;0.00330082;0.998254;0.0292163;0.988783;1;3;1
1158.53;330.06;7.25174;3.23815;0.0086931;4.38511e-05;-0.00169207;0.00901234;-0.000275389;1.01941;0.0115822;0.00281492;1.01106;0.0276267;0.989403;1;3;1
1181.53;330.06;7.43452;3.25786;0.00693872;-0.00260733;-0.00123835;0.00709675;-0.00276536;1.00124;0.00211282;-0.00563211;1.00559;0.0331263;0.98936;1;4;1
1204.53;330.06;7.56981;3.20862;0.00538563;0.000201876;3.93083e-05;0.00538592;0.000201578;1.00669;0.000823808;0.00339402;0.998586;0.0262567;0.989996;1;3;1
1227.53;330.06;7.6816;3.25034;0.00429222;-0.00249538;0.000299809;0.00430544;-0.00250859;1.00477;0.00153911;-0.00143307;1.00403;0.0335952;0.979297;1;4;1
1250.53;330.06;7.76679;3.14734;0.00701964;-0.000660052;0.000440696;0.00704484;-0.000685259;1.00382;-0.00485936;-0.00109642;0.999436;0.0328889;0.977456;1;3;1
1273.53;330.06;8.00337;3.23147;0.0103459;0.000378807;0.00179606;0.0106596;6.50341e-05;0.997971;0.00440435;-0.00843004;1.00752;0.0348215;0.978179;1;3;1
