x [mm];y [mm];x-displacement [mm];y-displacement [mm];Transverse strain Exx - GL [S];Axial strain Eyy - GL [S];Shear strain Exy - GL [S];Maximum normal strain - GL [S];Minimum normal strain - GL [S];Affine transformation a [];Affine transformation b [];Affine transformation c [];Affine transformation d [];Confidence region [pixel];Correlation value [count];Enough pixels valid [];Number of iterations [];Vector status []
31.5305;1641.06;4.43198;1.62846;-0.00291311;-1.89725e-07;-0.000278672;2.62306e-05;-0.00293953;0.997239;0.00919858;-0.00773696;1.0085;0.0361921;0.967005;1;3;1
54.5305;1641.06;4.36486;1.6555;-0.0024772;-0.00172898;-0.000358777;-0.00158475;-0.00262143;0.992275;-0.0064439;0.00382043;1.00038;0.0387539;0.973654;1;3;1
77.5306;1641.06;4.31788;1.60616;-0.00556545;-0.0051751;0.0015615;-0.00379662;-0.00694392;0.986908;0.00284322;-0.0081432;1.00161;0.0318821;0.980113;1;4;1
100.531;1641.06;4.10813;1.64139;-0.00631055;-0.00649736;0.000460967;-0.00593362;-0.00687429;1.00344;0.00455571;0.000468496;0.996917;0.0357199;0.973724;1;4;1
123.531;1641.06;4.02666;1.64671;-0.00789635;-0.00983013;0.00213819;-0.0065166;-0.0112099;0.989768;-0.00706363;-0.00708675;0.982753;0.0336326;0.978288;1;6;1
146.531;1641.06;3.74335;1.73948;-0.00490472;-0.00579763;-0.000283905;-0.0048221;-0.00588025;0.994794;0.00784436;-0.000373063;0.994446;0.0402005;0.957995;1;4;1
169.531;1641.06;3.80003;1.8509;-0.00410762;-0.00609646;0.00406259;-0.000919509;-0.00928456;0.991817;-0.00442985;-0.00780486;0.995475;0.033455;0.98205;1;4;1
192.531;1641.06;3.55356;1.94252;-0.00672069;-0.00395159;-0.00240664;-0.00255965;-0.00811263;0.993298;0.00803719;0.00110106;0.994807;0.0379153;0.978841;1;3;1
215.531;1641.06;3.48983;1.8455;-0.0021689;-0.00829261;-0.00201405;-0.00156588;-0.00889564;0.993258;-0.00252942;-0.00363602;0.990192;0.0380925;0.978854;1;4;1
238.531;1641.06;3.45366;1.89828;-0.00572994;-0.00933003;0.00325285;-0.00381229;-0.0112477;0.997196;-0.00398602;-0.00407146;0.995585;0.0344665;0.972394;1;3;1
261.531;1641.06;3.22482;2.09321;-0.00698485;-0.00481428;0.00107047;-0.00437518;-0.00742395;0.990944;0.00102969;-0.0056666;0.999209;0.0365293;0.977804;1;4;1
284.531;1641.06;3.13103;2.03262;-0.00592571;-0.00878131;0.00191715;-0.0049631;-0.00974392;0.998081;-0.000588151;0.00577081;0.991747;0.0339772;0.978888;1;3;1
307.531;1641.06;2.95115;2.25347;-0.00735505;0.000257311;0.00207753;0.00078739;-0.00788513;0.990508;0.0091612;-0.00874509;1.01077;0.0435548;0.94927;1;3;1
330.531;1641.06;2.79093;2.2503;-0.00345934;-0.00251512;-0.00403572;0.00107601;-0.00705047;0.999571;0.0149285;-0.00562183;1.0118;0.0417713;0.98208;1;3;1
353.531;1641.06;2.79168;2.17669;-0.00283358;-0.00582288;-0.000470776;-0.00276119;-0.00589527;0.994691;-0.00962061;-0.0107054;0.995045;0.036305;0.977326;1;4;1
376.531;1641.06;2.66038;2.21245;-0.00692755;-0.00935176;0.00215479;-0.00566735;-0.010612;1.00145;-0.00342601;0.00161593;0.982568;0.0360267;0.974298;1;4;1
399.531;1641.06;2.47138;2.39415;-0.00837425;-0.00511782;-0.000320138;-0.00508665;-0.00840543;0.989217;0.0034643;-0.00225544;1.00778;0.0292317;0.983231;1;3;1
422.531;1641.06;2.27347;2.29148;-0.00606568;-0.00925088;-0.00341466;-0.00389048;-0.0114261;0.995018;0.008038;-0.00689204;0.986929;0.032812;0.983636;1;4;1
445.531;1641.06;2.19147;2.33759;-0.00413553;-0.00778753;-0.00148852;-0.00360569;-0.00831737;0.996378;0.0130211;-0.000317204;0.980565;0.0359678;0.98469;1;3;1
468.531;1641.06;2.08277;2.37394;-0.00427514;-0.00808681;-0.000517503;-0.00420613;-0.00815583;0.996735;0.0027366;-0.00354447;0.993135;0.0368074;0.979562;1;3;1
491.531;1641.06;1.9942;2.46924;-0.00385197;-0.00699142;-0.000603643;-0.0037399;-0.00710348;0.997175;0.00275058;0.000708799;0.993005;0.0289255;0.985551;1;3;1
514.531;1641.06;1.90516;2.45731;-0.0045569;-0.0112201;0.00134102;-0.00429713;-0.0114799;0.991803;-0.00298078;-0.00596409;0.986405;0.037945;0.980117;1;3;1
537.531;1641.06;1.78394;2.59327;-0.00422097;-0.00321738;0.00269434;-0.000978502;-0.00645985;0.990108;-0.000527709;-0.0014319;0.99347;0.0405268;0.971274;1;4;1
560.531;1641.06;1.7104;2.58474;-0.00742907;-0.00862786;0.00067728;-0.00712404;-0.00893289;0.996657;-0.00755021;-0.00200363;0.982319;0.0319584;0.978191;1;4;1
583.531;1641.06;1.4409;2.54565;-0.00677819;-0.0082323;-0.00144034;-0.0058918;-0.00911869;0.994117;0.0114058;0.0106242;0.986885;0.032188;0.977809;1;4;1
606.531;1641.06;1.39753;2.61918;-0.00414652;-0.00844356;0.00292611;-0.00266486;-0.00992522;0.992341;0.00471343;-0.0142406;0.986703;0.0377714;0.976711;1;4;1
629.531;1641.06;1.24903;2.80349;-0.00799748;-0.00344353;0.0028765;-0.00205187;-0.00938914;0.992671;-0.00443032;-0.00254673;0.997123;0.0296514;0.982011;1;4;1
652.531;1641.06;1.02751;2.86346;-0.00775663;-0.00140714;-0.00415644;0.000648311;-0.00981209;0.986728;0.0135011;-0.00446356;0.990924;0.0404735;0.981185;1;4;1
675.531;1641.06;0.890566;2.64701;-0.00579233;-0.0153212;-0.00102666;-0.00568297;-0.0154305;0.995623;0.00317131;0.0136895;0.95669;0.0387476;0.982176;1;4;1
698.531;1641.06;0.760283;2.88153;-0.00683861;-0.00374978;-0.000535559;-0.00365956;-0.00692883;0.991405;0.00700223;-0.00892757;1.00478;0.0334913;0.987595;1;4;1
721.531;1641.06;0.574484;2.84377;-0.0081926;-0.00268954;-0.00110416;-0.00247626;-0.00840588;0.990631;0.00666508;-0.00422581;0.991176;0.0300581;0.986139;1;4;1
744.531;1641.06;0.381634;3.02755;-0.00558195;0.000254392;-0.00383025;0.00215146;-0.00747902;0.99069;0.0161821;0.00157415;1.00193;0.033542;0.981023;1;4;1
767.531;1641.06;0.316644;3.02261;-0.00297878;-0.00226972;-0.00315198;0.000547613;-0.00579611;1.00131;0.0135089;-0.00752937;0.992117;0.0295152;0.982561;1;5;1
790.531;1641.06;0.244402;3.01059;-0.00363322;-0.00489097;-0.000255411;-0.00358333;-0.00494086;0.99433;0.00732788;0.0106649;0.987103;0.0453206;0.973804;1;4;1
813.531;1641.06;0.148848;3.2051;-0.00433448;0.00365116;0.0021749;0.00420508;-0.0048884;0.992077;-0.00441275;0.00209558;1.0099;0.0336134;0.973709;1;5;1
836.531;1641.06;0.0443856;3.14464;-0.00706877;-0.00270818;-0.00139246;-0.00230146;-0.00747549;0.994033;-0.000436193;-0.00518663;0.999771;0.0293579;0.977476;1;3;1
859.531;1641.06;-0.177572;3.11032;-0.00463554;-0.0069661;0.00222106;-0.00329264;-0.00830901;0.988158;-0.00822677;-0.000945712;0.988571;0.045151;0.974823;1;3;1
882.531;1641.06;-0.169983;3.38623;-0.00584635;0.00525955;0.00409877;0.00660842;-0.00719522;0.995601;-0.010564;-0.00754529;1.00405;0.0362284;0.97368;1;5;1
905.531;1641.06;-0.44812;3.38516;-0.00990433;0.00277251;-0.00434984;0.00412153;-0.0112533;0.997454;0.0017581;-0.00509337;1.00625;0.031603;0.981547;1;3;1
928.531;1641.06;-0.628052;3.25443;-0.0056305;-0.00800985;-0.00471706;-0.00195541;-0.0116849;0.995058;0.0136506;0.00610639;0.988894;0.0359976;0.972445;1;5;1
951.531;1641.06;-0.708129;3.22738;-0.00545375;-0.00706303;-0.00311549;-0.00304067;-0.00947611;0.983703;0.0109176;-0.0103833;0.983539;0.0311434;0.975593;1;3;1
974.531;1641.06;-0.879633;3.21097;-0.00599096;-0.0129959;-0.000270596;-0.00598052;-0.0130064;1.00031;0.0122731;0.00308636;0.97157;0.0329561;0.981112;1;3;1
997.531;1641.06;-0.984903;3.40866;-0.00698396;-0.00332645;0.00395185;-0.000800729;-0.00950968;0.989703;0.00558697;-0.000901745;1.00838;0.0343723;0.977364;1;5;1
1020.53;1641.06;-1.20388;3.62294;-0.0103231;0.00379607;-0.00140043;0.00393363;-0.0104606;0.990685;0.00344972;-0.00127292;1.01545;0.0394341;0.967734;1;4;1
1043.53;1641.06;-1.46245;3.54606;-0.00391793;-0.00157133;-0.00768527;0.00502969;-0.010519;0.994848;0.0169995;-0.00700651;0.997407;0.0373847;0.978268;1;7;1
1066.53;1641.06;-1.38483;3.44031;0.0017878;-0.0117159;0.00101705;0.00186397;-0.0117921;1.00014;-0.00751225;-0.00571703;0.979851;0.0322439;0.979395;1;7;1
1089.53;1641.06;-1.38028;3.54283;-0.00955444;-0.00697299;0.0060204;-0.00210651;-0.0144209;0.996164;-0.0271948;-0.00587081;0.992112;0.0338798;0.977526;1;3;1
1112.53;1641.06;-1.82745;3.74204;-0.0130104;0.000564897;-0.00287142;0.00114727;-0.0135927;0.992561;0.00943277;-0.000750421;1.00928;0.0390492;0.979735;1;4;1
1135.53;1641.06;-1.98294;3.69074;-0.00542771;-0.00049228;-0.00742196;0.00486145;-0.0107814;0.990204;0.019838;-0.00333633;1.0052;0.036687;0.975168;1;3;1
1158.53;1641.06;-2.07818;3.55664;-0.00254114;-0.0112405;-0.00189961;-0.00214443;-0.0116372;1.00407;0.00341269;-0.00186117;0.983439;0.0333627;0.976582;1;5;1
1181.53;1641.06;-2.10001;3.74132;-0.00258427;-0.00432659;0.00122197;-0.00195472;-0.00495614;0.989682;0.00162673;0.0019862;0.994003;0.0357931;0.96631;1;3;1
1204.53;1641.06;-2.1978;3.78987;-0.00335939;-0.00486767;0.00294046;-0.00107791;-0.00714916;1.0008;-0.000134098;-0.00602055;1.00466;0.0293751;0.97957;1;4;1
1227.53;1641.06;-2.25571;4.02962;-0.00703482;0.00234796;0.00253778;0.00299037;-0.00767724;0.990439;-0.0127663;-0.00880315;1.00577;0.0365123;0.957127;1;5;1
1250.53;1641.06;-2.52284;3.95127;-0.00763043;-0.00166963;-0.00201941;-0.00104992;-0.00825014;0.993655;0.00312821;0.00629713;1.00566;0.0308997;0.976579;1;5;1
1273.53;1641.06;-2.60823;3.90466;-0.00370388;-0.00542413;0.000244651;-0.00366977;-0.00545825;0.998731;-0.000142471;-0.00140761;0.994187;0.0329094;0.977855;1;5;1
31.5305;1618.06;4.47195;1.6285;-0.00440792;-0.00303413;0.000760936;-0.00269592;-0.00474614;0.996287;-0.00210419;-0.00759948;0.994573;0.0259755;0.978714;1;3;1
54.5305;1618.06;4.37025;1.6953;-0.005058;-0.00207026;-0.000662309;-0.00193003;-0.00519824;0.994466;0.00308093;0.000865521;0.992681;0.0275247;0.976873;1;3;1
77.5306;1618.06;4.23859;1.72563;-0.00570279;-0.00670419;0.00148829;-0.00463323;-0.00777374;0.987923;-0.00486878;-0.0019843;0.987228;0.0276761;0.980466;1;3;1
100.531;1618.06;4.10707;1.79132;-0.00567703;-0.0056137;0.00175077;-0.00389431;-0.00739642;1.00317;-0.00209708;-0.00280572;0.988739;0.0250757;0.978198;1;4;1
123.531;1618.06;3.97646;1.87398;-0.00538793;-0.00674035;0.00046412;-0.00524398;-0.0068843;0.990771;0.00410298;-0.00496871;0.998888;0.0241598;0.985393;1;4;1
146.531;1618.06;3.85848;1.8735;-0.00569273;-0.0059264;-0.000982143;-0.0048205;-0.00679863;0.997789;0.00482486;-0.000188887;0.991361;0.0277402;0.980853;1;4;1
169.531;1618.06;3.71369;1.99171;-0.00424927;-0.00607734;0.00183634;-0.00311207;-0.00721455;0.996672;0.0044695;-0.00787287;0.988558;0.0314965;0.973883;1;3;1
192.531;1618.06;3.66231;2.03385;-0.00332011;-0.00504361;-0.000543025;-0.00316329;-0.00520043;0.99893;-0.000937045;0.00572896;0.991342;0.0288347;0.980101;1;3;1
215.531;1618.06;3.56069;2.03714;-0.00511032;-0.00770598;-0.000175731;-0.00509847;-0.00771782;0.992408;-0.000391723;-0.00280577;0.991623;0.0292897;0.969373;1;3;1
238.531;1618.06;3.42656;2.1139;-0.00688557;-0.00913581;0.00170433;-0.00596847;-0.0100529;0.997013;0.00136848;-0.00593849;0.99099;0.0296844;0.96685;1;3;1
261.531;1618.06;3.24255;2.20421;-0.00659088;-0.00512875;-0.000426727;-0.00501332;-0.00670631;0.98793;0.00169419;-0.00641021;0.991028;0.0253868;0.984077;1;4;1
284.531;1618.06;3.12222;2.23549;-0.00602495;-0.0068662;-0.000492589;-0.00579783;-0.00709332;0.998344;0.00461601;0.00259979;0.993659;0.024302;0.98586;1;3;1
307.531;1618.06;2.96454;2.24756;-0.0039783;-0.00297858;-0.000562952;-0.00272559;-0.00423128;0.989171;-0.00223208;-0.00303985;0.991816;0.0252881;0.985289;1;3;1
330.531;1618.06;2.93879;2.3087;-0.00368828;-0.00287324;-0.00136774;-0.0018536;-0.00470792;0.999532;-0.000721362;0.000277056;0.995043;0.0272199;0.988011;1;3;1
353.531;1618.06;2.79452;2.31101;-0.00584389;-0.00702053;0.000547337;-0.00562866;-0.00723577;0.996612;0.00236699;-0.00674079;0.992238;0.0254983;0.981836;1;4;1
376.531;1618.06;2.66902;2.42856;-0.00581355;-0.00641547;0.00112671;-0.0049483;-0.00728072;0.995306;0.00563556;-0.00373105;0.993958;0.0269876;0.975827;1;4;1
399.531;1618.06;2.52588;2.51222;-0.00575813;-0.00379147;-0.000825729;-0.00349076;-0.00605885;0.99306;0.00191382;0.00110634;0.989682;0.0278854;0.980884;1;4;1
422.531;1618.06;2.40332;2.50562;-0.00487005;-0.00606954;-0.00169638;-0.00367052;-0.00726907;0.991358;0.00225348;-0.00624957;0.994396;0.0266074;0.977891;1;4;1
445.531;1618.06;2.30131;2.51767;-0.00500998;-0.00690341;-0.00133604;-0.00431923;-0.00759416;0.994197;-0.00299077;0.000977017;1.00004;0.0263546;0.979734;1;3;1
468.531;1618.06;2.17225;2.56088;-0.00515057;-0.00737588;2.78972e-05;-0.00515022;-0.00737623;0.998765;0.00317151;-0.000875668;0.990347;0.0225171;0.985895;1;3;1
491.531;1618.06;2.06363;2.63071;-0.00579168;-0.0060462;0.000796998;-0.00511185;-0.00672603;0.993702;0.00220592;-0.00158273;0.994356;0.0261001;0.977734;1;3;1
514.531;1618.06;1.90479;2.71683;-0.00737175;-0.00694757;-0.000301936;-0.00679068;-0.00752864;0.993163;-0.00168993;-0.00206005;0.993663;0.0279125;0.975216;1;4;1
537.531;1618.06;1.72325;2.66747;-0.00540927;-0.00434641;0.000446018;-0.00418405;-0.00557163;0.993899;-0.00379031;-0.00129748;0.993157;0.0278761;0.982017;1;3;1
560.531;1618.06;1.65523;2.78411;-0.00430378;-0.00728302;0.000544081;-0.00420753;-0.00737927;0.993719;0.00613551;0.00154901;0.991519;0.0248351;0.987269;1;4;1
583.531;1618.06;1.5248;2.73593;-0.00573343;-0.0087922;-0.00115304;-0.00534748;-0.00917816;0.993667;0.00107609;-0.00115827;0.992081;0.0233887;0.986133;1;3;1
606.531;1618.06;1.39073;2.81421;-0.00620271;-0.00693002;0.00064095;-0.00582944;-0.0073033;0.99333;0.00507268;-0.00491707;0.993602;0.0245971;0.986645;1;4;1
629.531;1618.06;1.23835;2.88283;-0.00540242;-0.00591316;0.000673558;-0.00493745;-0.00637813;0.993169;0.00309107;-0.00341475;0.995817;0.0226453;0.989711;1;3;1
652.531;1618.06;1.14147;2.89613;-0.00630991;-0.00271536;-0.00061298;-0.0026137;-0.00641157;0.994584;0.00152262;0.00251972;0.999994;0.0241136;0.98703;1;3;1
675.531;1618.06;0.947015;3.00221;-0.00558501;-0.0087574;-0.00039105;-0.00553752;-0.0088049;0.98936;0.000519106;-0.00184889;0.999895;0.0228283;0.989017;1;3;1
698.531;1618.06;0.883778;2.96827;-0.00537244;-0.00395316;-0.00240187;-0.00215829;-0.00716731;0.999308;0.00610163;0.00341582;0.994743;0.0220759;0.989332;1;3;1
721.531;1618.06;0.699114;2.90605;-0.00509535;-0.00661144;-0.00207015;-0.00364882;-0.00805797;0.992331;0.00836398;0.000205461;0.995679;0.0280811;0.982873;1;4;1
744.531;1618.06;0.648758;3.02325;-0.00531657;-0.00514669;-0.00125359;-0.00397516;-0.00648809;0.99534;0.00746398;-0.00620012;0.990967;0.0253002;0.98314;1;4;1
767.531;1618.06;0.453586;3.07528;-0.00652905;-0.00443057;-0.0008152;-0.00415111;-0.00680851;0.998287;-0.000549437;-0.00349812;0.992638;0.0268426;0.984253;1;3;1
790.531;1618.06;0.347325;3.12359;-0.00731297;-0.00588406;-0.00137678;-0.0050474;-0.00814963;0.990956;0.0050958;-0.000259362;0.998034;0.0272268;0.986136;1;3;1
813.531;1618.06;0.115927;3.1213;-0.00619706;-0.00112575;0.000119237;-0.00112295;-0.00619986;0.991079;0.00554356;-0.00460309;0.995198;0.0211278;0.988297;1;3;1
836.531;1618.06;0.0612955;3.20702;-0.00596875;-0.0048211;0.000869808;-0.00435289;-0.00643696;0.992009;0.000547682;-0.00077246;0.992341;0.02594;0.983995;1;4;1
859.531;1618.06;-0.159705;3.27111;-0.00611036;-0.00691604;-0.00108312;-0.0053576;-0.00766881;0.994448;0.00483051;-0.00398795;0.999127;0.0317862;0.968625;1;4;1
882.531;1618.06;-0.220683;3.26564;-0.00332125;-0.000553389;6.04061e-05;-0.000552071;-0.00332257;0.997451;0.00661753;-0.00233048;1.00307;0.0262011;0.974005;1;3;1
905.531;1618.06;-0.312765;3.32188;-0.00579871;-0.00191799;0.000129447;-0.00191368;-0.00580303;0.999084;0.00499165;-0.00625252;0.999104;0.0285655;0.980498;1;4;1
928.531;1618.06;-0.488533;3.43982;-0.00591509;-0.00693065;-0.00141613;-0.00491846;-0.00792728;0.99053;0.00124011;0.00258217;0.995673;0.0257692;0.980339;1;4;1
951.531;1618.06;-0.585721;3.39074;-0.00625267;-0.00753463;-0.00103548;-0.00567584;-0.00811146;0.995736;0.00111685;-0.00231986;0.994503;0.0232388;0.989978;1;4;1
974.531;1618.06;-0.777118;3.51207;-0.00812765;-0.00807133;-0.000492239;-0.00760644;-0.00859253;0.997932;0.00316275;-0.00354461;0.998102;0.0238026;0.985599;1;3;1
997.531;1618.06;-0.961222;3.48531;-0.00632719;-0.00520782;2.0069e-05;-0.00520746;-0.00632755;0.996759;-0.000419319;-0.000130925;0.990269;0.0258526;0.983214;1;3;1
1020.53;1618.06;-1.0691;3.53619;-0.00515455;-0.00190576;-0.00111106;-0.00156213;-0.00549818;0.990919;0.00629234;-0.000151014;0.991815;0.0231488;0.981158;1;4;1
1043.53;1618.06;-1.19905;3.58374;-0.0078749;-0.00338822;-0.00231555;-0.00240753;-0.00885558;0.993735;0.00923868;-0.00643297;0.998878;0.0227449;0.985386;1;3;1
1066.53;1618.06;-1.43312;3.71143;-0.00670436;-0.00713454;0.0008981;-0.00599595;-0.00784295;0.996104;0.00194892;-0.00356998;0.999813;0.0217349;0.984708;1;3;1
1089.53;1618.06;-1.50865;3.70413;-0.00402466;-0.00768646;0.000661024;-0.00390899;-0.00780214;0.993313;0.00989704;0.00111392;0.991633;0.0202188;0.990797;1;4;1
1112.53;1618.06;-1.61863;3.72999;-0.00486127;-0.00258449;-0.00229127;-0.00116439;-0.00628137;0.994865;0.00194716;0.00115692;0.997356;0.0251921;0.984962;1;3;1
1135.53;1618.06;-1.73282;3.70343;-0.00751056;-0.00463757;-0.00149304;-0.00400218;-0.00814594;0.992681;-0.00148497;-0.00326964;0.994575;0.024107;0.984957;1;3;1
1158.53;1618.06;-1.96551;3.81692;-0.00665024;-0.00767628;-0.000531193;-0.00642478;-0.00790174;0.994907;0.00437465;-0.00486802;0.994098;0.0226456;0.986925;1;3;1
1181.53;1618.06;-2.03996;3.84112;-0.00485777;-0.00639844;-0.000561448;-0.00467488;-0.00658133;0.992498;-2.01382e-05;6.50006e-05;0.990767;0.0248176;0.980069;1;3;1
1204.53;1618.06;-2.18959;3.9021;-0.00545587;-0.00433795;0.000443479;-0.00418339;-0.00561043;0.99664;0.000501637;-0.00186064;0.985744;0.0237384;0.98685;1;3;1
1227.53;1618.06;-2.29182;3.97571;-0.00655245;-0.000921181;0.000861475;-0.00079234;-0.00668129;0.987806;0.00622847;-0.00668094;0.994208;0.0248489;0.981975;1;3;1
1250.53;1618.06;-2.49208;3.98973;-0.00810197;-0.00457489;-0.000493297;-0.0045072;-0.00816966;0.992727;-0.00263542;0.00204347;0.990288;0.0230882;0.984159;1;3;1
1273.53;1618.06;-2.66606;4.02983;-0.00753413;-0.00630805;0.00118016;-0.0055912;-0.00825098;0.995638;-0.0035426;0.00271857;0.989296;0.0304162;0.980835;1;2;1
31.5305;1595.06;4.49545;1.76829;0.001222;-0.00437779;-0.0012735;0.00149801;-0.0046538;0.99626;0.00134289;-0.00398977;0.993626;0.0270234;0.981773;1;3;1
54.5305;1595.06;4.52353;1.75111;-0.00475224;-0.00439184;3.3472e-05;-0.00438875;-0.00475532;0.999969;0.00598545;-0.00112671;1.00004;0.0263845;0.969634;1;4;1
77.5306;1595.06;4.27609;1.91561;-0.009278;-0.0060372;0.000436984;-0.00597932;-0.00933589;0.983027;0.00444235;-0.00717485;0.995974;0.0297488;0.967762;1;3;1
100.531;1595.06;4.0945;1.90035;-0.00456065;-0.00451674;-0.000616738;-0.00392157;-0.00515583;0.996237;0.000823358;0.000944662;0.997929;0.0278738;0.983251;1;3;1
123.531;1595.06;4.0658;1.95784;-0.00309158;-0.00412959;-0.000394649;-0.00295858;-0.00426259;1.00205;-0.00168411;0.00156693;0.995664;0.0259644;0.983303;1;3;1
146.531;1595.06;3.95193;2.01338;-0.00596155;-0.00531274;0.000702009;-0.00486381;-0.00641049;0.993486;-0.00231413;-0.00783573;0.996626;0.0302146;0.97623;1;3;1
169.531;1595.06;3.79041;2.13131;-0.0065567;-0.00365449;0.000183939;-0.00364288;-0.00656832;0.990251;-0.000276938;-0.00671288;0.996249;0.0310114;0.977441;1;4;1
192.531;1595.06;3.64904;2.17522;-0.00443453;-0.00553598;6.44448e-06;-0.00443449;-0.00553602;0.998918;0.000668861;0.00482346;0.999277;0.029912;0.98418;1;4;1
215.531;1595.06;3.58592;2.20146;-0.00404286;-0.00618767;0.00289452;-0.00202847;-0.00820206;0.994675;-0.00489954;-0.00150526;0.995816;0.0320491;0.969097;1;4;1
238.531;1595.06;3.46246;2.32047;-0.00433021;-0.00525602;0.000227113;-0.0042775;-0.00530873;0.99547;0.00272001;-0.00258003;0.990389;0.0341135;0.975902;1;4;1
261.531;1595.06;3.38611;2.33002;-0.00525808;-0.00328703;-0.00139864;-0.00256158;-0.00598353;0.995093;0.00809871;0.000893809;1.00027;0.0269096;0.978867;1;3;1
284.531;1595.06;3.21994;2.34965;-0.00670885;-0.004109;-8.3169e-05;-0.00410634;-0.00671151;0.993347;-0.00103638;-0.0106228;0.997861;0.0256206;0.982925;1;3;1
307.531;1595.06;3.07642;2.39086;-0.00518635;-0.00634546;-0.001817;-0.00385871;-0.0076731;0.986579;0.00848183;0.00256014;0.994552;0.0254122;0.984155;1;3;1
330.531;1595.06;2.98073;2.38305;-0.00467491;-0.00519437;0.000511718;-0.00436078;-0.0055085;0.999738;0.00305189;-0.00205052;0.993516;0.0233665;0.984567;1;3;1
353.531;1595.06;2.86074;2.50083;-0.00484378;-0.00642571;-8.62859e-05;-0.00483909;-0.0064304;0.992845;0.00233817;0.00197321;0.997997;0.0250193;0.987977;1;4;1
376.531;1595.06;2.7572;2.50862;-0.00511059;-0.00394995;-0.000883095;-0.00347356;-0.00558698;0.999218;0.00320466;-0.00243337;1.0003;0.0249497;0.985496;1;3;1
399.531;1595.06;2.625;2.56914;-0.00696297;-0.00475101;-0.000697132;-0.00454963;-0.00716435;0.985079;0.00351263;-0.00112507;0.99789;0.0330531;0.972814;1;3;1
422.531;1595.06;2.43574;2.57182;-0.00552283;-0.00520823;-4.58434e-05;-0.00520169;-0.00552938;0.998093;-0.0026467;0.00104689;0.990056;0.0246456;0.980738;1;3;1
445.531;1595.06;2.37016;2.6566;-0.00525871;-0.00604176;0.00113003;-0.0044543;-0.00684617;0.994521;0.00873031;-0.010152;0.988278;0.0264167;0.983405;1;3;1
468.531;1595.06;2.19298;2.71463;-0.00636438;-0.00563921;0.000512861;-0.00537371;-0.00662988;0.998909;0.0015856;-0.000187952;0.990388;0.0217308;0.987417;1;3;1
491.531;1595.06;2.07637;2.74828;-0.0048364;-0.00533135;0.000449961;-0.00457035;-0.0055974;0.993408;-0.00160423;-0.000731863;0.989839;0.0251733;0.983379;1;4;1
514.531;1595.06;1.96992;2.77806;-0.0057727;-0.00422845;-0.00143063;-0.00337488;-0.00662627;0.991921;0.0101327;0.000274381;0.995919;0.0307584;0.969911;1;5;1
537.531;1595.06;1.81003;2.79365;-0.00523201;-0.00553798;-0.00139775;-0.0039789;-0.00679109;0.994975;0.0108891;-0.00145731;0.991902;0.0345072;0.981168;1;4;1
560.531;1595.06;1.72839;2.92099;-0.00503431;-0.00455749;0.000383915;-0.00434398;-0.00524782;0.99621;-0.000622701;-0.00062832;0.996484;0.0266866;0.981297;1;4;1
583.531;1595.06;1.57759;2.95209;-0.00527745;-0.00736659;-0.00122999;-0.00470833;-0.00793571;0.992503;0.00386805;-0.00495898;0.992214;0.0220659;0.98739;1;3;1
606.531;1595.06;1.48498;2.93915;-0.00669085;-0.00604372;-9.89192e-05;-0.00602894;-0.00670563;0.996226;0.00211407;0.00338345;0.994598;0.02375;0.987889;1;3;1
629.531;1595.06;1.26861;3.0763;-0.00608732;-0.00576942;-0.00156654;-0.00435379;-0.00750295;0.995659;0.00546771;0.001751;0.987597;0.0262299;0.982245;1;4;1
652.531;1595.06;1.20408;2.98887;-0.00585126;-0.00672554;-0.00167464;-0.00455765;-0.00801915;0.994001;0.00238227;0.00201397;0.990004;0.0265011;0.981331;1;3;1
675.531;1595.06;0.998652;3.05176;-0.00688607;-0.00405321;-0.000940458;-0.00376942;-0.00716986;0.996753;0.00867759;-4.92754e-05;0.996287;0.0244831;0.989083;1;3;1
698.531;1595.06;0.886159;3.06391;-0.00385632;-0.00522972;-0.00030735;-0.00379067;-0.00529537;0.995549;-0.000824474;-0.00336776;0.994077;0.0240761;0.988855;1;3;1
721.531;1595.06;0.820813;3.14957;-0.00474685;-0.00831406;0.000393529;-0.00470395;-0.00835696;0.997758;0.000546002;-0.00279578;0.989163;0.0254226;0.983211;1;3;1
744.531;1595.06;0.666838;3.2658;-0.00710615;-0.00610551;-0.000339322;-0.0060013;-0.00721036;0.987444;-0.00144178;-0.00254964;0.996506;0.0257005;0.98459;1;4;1
767.531;1595.06;0.492695;3.22721;-0.00539287;-0.00527182;-0.00162368;-0.00370754;-0.00695715;0.99753;0.00883368;-0.000912183;0.994745;0.0316819;0.97042;1;3;1
790.531;1595.06;0.418091;3.28239;-0.00587444;-0.00682222;-0.000379615;-0.00574114;-0.00695552;0.991654;-0.00130136;0.00440576;0.990375;0.0294259;0.968639;1;4;1
813.531;1595.06;0.221662;3.25697;-0.00659011;-0.00699271;-0.000968079;-0.00580262;-0.0077802;0.99117;0.00732913;-0.00532174;0.991125;0.0235228;0.985556;1;3;1
836.531;1595.06;0.113862;3.367;-0.00520546;-0.00627188;0.000590832;-0.00494281;-0.00653453;0.99654;0.00375756;-0.000443922;0.989179;0.0236469;0.982394;1;4;1
859.531;1595.06;-0.018742;3.42984;-0.00517105;-0.00641946;-0.00160426;-0.00407383;-0.00751667;0.995319;0.00584192;-0.00160106;0.990653;0.0252715;0.97607;1;4;1
882.531;1595.06;-0.124647;3.41172;-0.00577599;-0.00600705;-0.00152417;-0.00436299;-0.00742006;0.996155;0.000417724;-0.00330143;0.989785;0.0242234;0.976789;1;3;1
905.531;1595.06;-0.285231;3.47376;-0.00657104;-0.00651173;0.000555678;-0.00598491;-0.00709785;0.985594;-0.000104197;-0.00213087;0.993237;0.0263217;0.974051;1;3;1
928.531;1595.06;-0.428205;3.57478;-0.00552296;-0.00387086;0.000373018;-0.00379055;-0.00560327;1.0002;0.00307636;0.00583675;0.998131;0.0257503;0.979483;1;4;1
951.531;1595.06;-0.540105;3.5756;-0.00674225;-0.00604592;-0.000435288;-0.00583668;-0.00695148;0.988579;-0.00149803;-0.00316913;0.992429;0.0235062;0.981637;1;3;1
974.531;1595.06;-0.739402;3.58398;-0.00914166;-0.00556272;-1.99383e-06;-0.00556272;-0.00914166;0.995207;-0.0015192;-0.00354118;0.989957;0.0278229;0.981465;1;4;1
997.531;1595.06;-0.96262;3.64885;-0.00569666;-0.00716016;-0.000230668;-0.00566117;-0.00719565;0.995986;0.00445843;-0.00388877;0.993578;0.0244688;0.973778;1;4;1
1020.53;1595.06;-1.00238;3.71113;-0.00236745;-0.00618454;-0.000740662;-0.00222878;-0.00632322;0.999618;0.00281888;-0.000555751;0.991688;0.023634;0.98109;1;3;1
1043.53;1595.06;-1.07169;3.70385;-0.00747748;-0.00565534;-0.000696747;-0.00541945;-0.00771336;0.991022;-0.00151516;-0.0019324;0.995485;0.0273608;0.975876;1;3;1
1066.53;1595.06;-1.34767;3.7697;-0.00759585;-0.0045555;0.000225148;-0.00453891;-0.00761244;0.997324;0.00983925;-0.00188648;0.992242;0.0214256;0.98762;1;3;1
1089.53;1595.06;-1.42284;3.8978;-0.00582125;-0.00494235;-0.0010211;-0.00427015;-0.00649344;0.986781;0.000533184;-0.0031533;0.995334;0.0212656;0.987429;1;4;1
1112.53;1595.06;-1.61633;3.86156;-0.00724565;-0.00588734;-0.00162941;-0.00480121;-0.00833178;0.99659;0.0066801;0.00266877;0.988671;0.0214491;0.985404;1;3;1
1135.53;1595.06;-1.75736;3.90512;-0.00596199;-0.00768011;-0.000526992;-0.00581322;-0.00782888;0.998117;0.00557871;-0.00625719;0.987412;0.0225292;0.98769;1;3;1
1158.53;1595.06;-1.89143;3.9115;-0.00445757;-0.00617336;-0.000133273;-0.00444728;-0.00618365;0.990202;0.00254466;0.000405064;0.995327;0.0251766;0.980283;1;3;1
1181.53;1595.06;-1.96306;4.0368;-0.00461107;-0.00580256;-0.00042833;-0.00447307;-0.00594056;0.999035;0.00669616;-0.00432726;0.994883;0.0246882;0.985353;1;3;1
1204.53;1595.06;-2.1041;3.98995;-0.00616131;-0.00640999;-0.00185426;-0.00442722;-0.00814407;0.990775;0.00666935;0.00417874;0.99928;0.0246521;0.98452;1;3;1
1227.53;1595.06;-2.24737;4.07201;-0.00689656;-0.00433512;0.0010302;-0.0039722;-0.00725948;0.99515;0.000381874;-0.00573371;0.993597;0.0197027;0.991627;1;3;1
1250.53;1595.06;-2.42276;4.16231;-0.00843789;-0.00392025;-8.67827e-06;-0.00392023;-0.0084379;0.996844;0.00185598;-0.00330964;1.00473;0.0233783;0.986829;1;3;1
1273.53;1595.06;-2.63733;4.19576;-0.00928448;-0.00442982;-0.000697013;-0.00433173;-0.00938257;0.986471;0.0116251;0.00189006;1.00426;0.02478;0.990282;1;3;1
31.5305;1572.06;4.5548;1.8304;-0.00174489;-0.00447721;0.00054081;-0.00164174;-0.00458036;0.991728;-0.00273766;-0.00396319;0.995075;0.0267302;0.983488;1;4;1
54.5305;1572.06;4.51453;1.898;-0.00448388;-0.00592921;0.00169224;-0.00336645;-0.00704663;0.995491;0.00486409;-0.00356279;0.997201;0.033548;0.959295;1;3;1
77.5306;1572.06;4.34774;2.00432;-0.00667591;-0.00212158;-0.000168584;-0.00211534;-0.00668214;0.989846;0.00635604;-0.00165538;1.00191;0.0257213;0.982684;1;4;1
100.531;1572.06;4.20629;1.99967;-0.00481255;-0.0042285;-0.00109263;-0.00338954;-0.00565151;0.994545;0.00522409;-0.000744186;0.997833;0.0271119;0.986925;1;3;1
123.531;1572.06;4.12579;2.06458;-0.00518312;-0.00515887;0.00103419;-0.00413673;-0.00620526;0.994033;0.00646419;-0.00309279;0.993934;0.0237415;0.983858;1;3;1
146.531;1572.06;3.96709;2.11867;-0.00578143;-0.0051393;0.000682414;-0.0047062;-0.00621454;0.989918;-0.00106088;-0.00401792;0.992389;0.0279314;0.978907;1;3;1
169.531;1572.06;3.85897;2.16036;-0.00509552;-0.00399419;0.00162568;-0.00282845;-0.00626127;0.992283;-0.000713766;-0.000564658;0.993668;0.0317129;0.976349;1;4;1
192.531;1572.06;3.73178;2.28927;-0.00909819;-0.00519279;0.000463874;-0.00513845;-0.00915253;0.99487;0.00636431;-0.0042874;0.988368;0.0255682;0.982381;1;4;1
215.531;1572.06;3.43825;2.32282;-0.00428881;-0.00586247;0.000278266;-0.00424105;-0.00591022;0.997272;0.00748545;0.00415348;0.990302;0.0276233;0.978551;1;3;1
238.531;1572.06;3.53402;2.35644;-0.000805882;-0.00304036;-0.00104046;-0.00039643;-0.00344981;0.998612;0.00460553;-0.00622695;1.00249;0.0258355;0.981866;1;4;1
261.531;1572.06;3.40115;2.35594;-0.00742979;-0.0032477;0.00109833;-0.00297679;-0.0077007;0.997065;0.00171781;0.00137363;0.998639;0.0258594;0.982837;1;3;1
284.531;1572.06;3.19092;2.42495;-0.00509192;-0.00490432;0.00136071;-0.00363418;-0.00636207;0.992777;-0.00369851;-0.00770544;0.99437;0.0308952;0.970276;1;4;1
307.531;1572.06;3.16595;2.54083;-0.00410787;-0.00464947;0.00064708;-0.00367721;-0.00508013;0.993249;0.00103596;-0.00339105;0.99164;0.0242836;0.98734;1;3;1
330.531;1572.06;3.0014;2.5483;-0.0051612;-0.00468469;-9.77741e-05;-0.00466541;-0.00518048;0.992869;-0.00128789;-0.0010228;0.996046;0.0267046;0.9852;1;3;1
353.531;1572.06;2.92787;2.60775;-0.00395486;-0.00449182;-0.000175713;-0.00390247;-0.00454421;0.995056;0.00240388;-0.000512799;0.992657;0.0256788;0.98543;1;3;1
376.531;1572.06;2.81908;2.61086;-0.00593636;-0.00486373;0.00132279;-0.00397266;-0.00682743;0.99086;-0.00601742;-0.0106261;0.991658;0.0237993;0.984754;1;3;1
399.531;1572.06;2.65381;2.73147;-0.00701513;-0.00462527;0.000765515;-0.00440109;-0.00723931;0.992317;-0.00444152;-0.000440612;0.997792;0.0238732;0.986901;1;3;1
422.531;1572.06;2.49504;2.74591;-0.00680882;-0.00543776;-0.000775731;-0.00508806;-0.00715853;0.991607;0.00281173;0.000724339;1.00276;0.0249134;0.983312;1;4;1
445.531;1572.06;2.33949;2.79645;-0.00603531;-0.00566821;0.000653045;-0.00517341;-0.00653011;0.993352;-0.00246639;-0.0019545;1.00114;0.0276623;0.980976;1;3;1
468.531;1572.06;2.21651;2.82104;-0.00550623;-0.0054122;-0.000448784;-0.00500798;-0.00591046;0.995396;0.00245726;0.0016445;0.998542;0.0230072;0.985873;1;3;1
491.531;1572.06;2.08543;2.87662;-0.00290473;-0.00522101;-0.000284666;-0.00287026;-0.00525549;0.996234;-0.00128824;-0.00785997;0.995639;0.0288334;0.981418;1;4;1
514.531;1572.06;2.08261;2.9121;-0.00195445;-0.00615482;-0.000715866;-0.0018358;-0.00627347;1.0023;-0.00476371;0.00882884;0.985755;0.0293087;0.98219;1;4;1
537.531;1572.06;1.99541;2.92374;-0.00659297;-0.0060128;-0.00104017;-0.00522303;-0.00738274;0.989663;0.000270508;-0.00170941;0.995891;0.0247174;0.983882;1;4;1
560.531;1572.06;1.77825;2.9944;-0.00733098;-0.0034443;0.000348439;-0.00341331;-0.00736197;0.991819;0.00484413;-0.00583773;0.998692;0.0176537;0.993186;1;3;1
583.531;1572.06;1.65669;3.07624;-0.00550568;-0.00437611;-0.000192457;-0.00434422;-0.00553757;0.992072;0.00314594;-0.0022978;0.995689;0.0227879;0.988959;1;3;1
606.531;1572.06;1.52418;3.09326;-0.00484766;-0.00692286;-0.000255881;-0.00481658;-0.00695395;0.995273;0.00179457;0.00150512;0.98842;0.025057;0.984998;1;3;1
629.531;1572.06;1.43309;3.14941;-0.00546599;-0.00339031;-0.000429019;-0.00330513;-0.00555117;0.99824;0.00110909;-0.000171807;0.998337;0.0237907;0.989697;1;4;1
652.531;1572.06;1.27192;3.20674;-0.00701196;-0.00751743;-0.000713059;-0.00650817;-0.00802122;0.993198;0.00147522;-0.00626185;0.989545;0.0293619;0.974429;1;3;1
675.531;1572.06;1.10938;3.18932;-0.005681;-0.00534068;-0.00202671;-0.003477;-0.00754468;0.991182;0.0018601;0.00293044;0.99504;0.0235189;0.984784;1;3;1
698.531;1572.06;1.00984;3.20964;-0.00531997;-0.00721743;-0.00109818;-0.00481747;-0.00771993;0.995187;0.00605475;-0.000156749;0.992301;0.022913;0.984838;1;3;1
721.531;1572.06;0.8639;3.2904;-0.0054596;-0.00626914;-0.000306008;-0.00535695;-0.00637179;0.995827;0.0034602;-0.00100056;0.997224;0.0250294;0.986165;1;4;1
744.531;1572.06;0.757913;3.3051;-0.00527987;-0.00442161;-0.00144768;-0.00334079;-0.00636068;0.990561;0.00516565;0.00328149;0.999765;0.0239932;0.988612;1;4;1
767.531;1572.06;0.620373;3.31873;-0.00748315;-0.00545805;-0.00108584;-0.00498591;-0.00795529;0.995841;0.00136529;-0.0010405;0.994325;0.0258777;0.990031;1;3;1
790.531;1572.06;0.412196;3.43854;-0.00714908;-0.00421033;0.000141785;-0.00420351;-0.0071559;0.990549;0.000581213;-0.00489907;0.99161;0.0257317;0.97991;1;3;1
813.531;1572.06;0.290158;3.44443;-0.00504858;-0.00732444;-0.00145625;-0.00433839;-0.00803464;0.995381;6.66276e-05;-0.000563463;0.993887;0.0249206;0.979921;1;3;1
836.531;1572.06;0.179335;3.49659;-0.00556433;-0.00524589;-0.000959855;-0.00443214;-0.00637808;0.99511;0.0061879;-0.00131368;1.00115;0.0249783;0.987987;1;4;1
859.531;1572.06;0.0333168;3.56777;-0.00466389;-0.00536538;-0.00129203;-0.00367584;-0.00635343;0.987597;0.00265767;-0.0049822;0.990209;0.027407;0.973979;1;4;1
882.531;1572.06;-0.0357304;3.54317;-0.00508343;-0.00615545;-0.000272009;-0.00501837;-0.00622052;1.00431;0.00123638;0.00241775;0.992427;0.0270655;0.973847;1;3;1
905.531;1572.06;-0.201151;3.62254;-0.0083398;-0.00573314;-0.0010052;-0.00539054;-0.0086824;0.988085;0.00426247;-0.00248753;0.996037;0.0285806;0.971343;1;4;1
928.531;1572.06;-0.421036;3.61828;-0.00725671;-0.00376932;-0.00140976;-0.00327072;-0.00775531;0.99351;-0.00394582;-0.00271142;0.995578;0.0253219;0.973814;1;4;1
951.531;1572.06;-0.536204;3.66972;-0.00611453;-0.00550119;0.00119287;-0.0045762;-0.00703952;0.993253;0.00147125;-0.001784;0.994108;0.0250883;0.976337;1;4;1
974.531;1572.06;-0.703417;3.76873;-0.00599227;-0.00616307;0.000467765;-0.00560218;-0.00655317;0.999146;0.00477454;-0.0102659;0.996548;0.0298228;0.978555;1;4;1
997.531;1572.06;-0.812914;3.8161;-0.00525917;-0.00535305;-0.00233529;-0.00297035;-0.00764188;0.99402;0.00217328;0.00563122;0.991959;0.0271068;0.974214;1;3;1
1020.53;1572.06;-0.946009;3.82173;-0.00569821;-0.00465706;-0.000787709;-0.00423345;-0.00612182;0.993095;0.00177219;-0.00156145;0.998406;0.0286579;0.97394;1;3;1
1043.53;1572.06;-1.07579;3.84479;-0.00678836;-0.00632094;0.000504491;-0.00599865;-0.00711065;0.991692;7.50619e-05;-0.00104967;0.994192;0.0266528;0.971939;1;3;1
1066.53;1572.06;-1.25945;3.92179;-0.00534079;-0.00750496;-0.00127722;-0.00474889;-0.00809685;0.996443;0.0016865;-0.00145206;0.991383;0.0230939;0.982133;1;3;1
1089.53;1572.06;-1.32221;3.93242;-0.00435511;-0.00446733;-0.000384316;-0.00402283;-0.00479961;0.995787;0.00437492;-0.000885602;0.991723;0.0230681;0.985391;1;3;1
1112.53;1572.06;-1.46029;4.00189;-0.00675544;-0.0065305;-0.000135033;-0.00646723;-0.00681871;0.991911;0.00187873;-0.00243132;0.993393;0.0230679;0.984726;1;3;1
1135.53;1572.06;-1.63419;4.05819;-0.00782435;-0.00436942;-0.00127003;-0.0039528;-0.00824097;0.991224;0.000550573;0.00113996;0.99268;0.0235684;0.983978;1;3;1
1158.53;1572.06;-1.82174;4.102;-0.00623684;-0.00267165;-0.00165533;-0.0020216;-0.00688689;0.995684;0.00365707;-0.00133261;0.998664;0.0288508;0.981317;1;3;1
1181.53;1572.06;-1.92201;4.10897;-0.00349152;-0.00160278;0.000236908;-0.00157352;-0.00352078;0.995026;0.0023139;-0.00631302;0.995675;0.0244914;0.983881;1;3;1
1204.53;1572.06;-1.98274;4.19838;-0.0063359;-0.00484751;-0.00063235;-0.00461513;-0.00656827;0.991137;-0.000650967;0.0054329;0.995221;0.0269489;0.977408;1;3;1
1227.53;1572.06;-2.21444;4.17562;-0.00831762;-0.00348558;-0.000684974;-0.00339035;-0.00841284;0.99226;0.00208946;-0.00083511;0.995543;0.0213111;0.986045;1;3;1
1250.53;1572.06;-2.36696;4.17059;-0.00692411;-0.00411616;-0.000681541;-0.00395948;-0.00708079;0.993902;0.00291764;0.000201995;0.987956;0.0214315;0.98802;1;3;1
1273.53;1572.06;-2.5341;4.23424;-0.00723678;-0.00435838;-0.0027318;-0.00270986;-0.00888531;0.990413;-1.60265e-05;-0.00156776;0.995473;0.0288108;0.983724;1;3;1
31.5305;1549.06;4.58044;1.97478;-0.00171925;-0.0059095;0.00135246;-0.00132064;-0.0063081;0.998146;-0.000280262;3.40168e-05;0.998026;0.0276078;0.973876;1;4;1
54.5305;1549.06;4.54081;2.02467;-0.00404805;-0.00525616;-6.88499e-05;-0.00404414;-0.00526007;0.992334;-0.000908925;-0.00282633;0.994906;0.0274165;0.983717;1;3;1
77.5306;1549.06;4.39384;2.01346;-0.00617532;-0.00440626;0.000319231;-0.00435042;-0.00623116;1.00396;-0.00356214;0.00301362;0.995352;0.0303744;0.971866;1;3;1
100.531;1549.06;4.25581;2.09556;-0.00659358;-0.00577188;0.00146528;-0.00466095;-0.00770452;0.987506;-0.00132932;-0.00415831;0.990401;0.0274317;0.979249;1;4;1
123.531;1549.06;4.08916;2.19577;-0.00587238;-0.00611906;0.00167929;-0.0043119;-0.00767953;0.996544;-0.00491192;-0.0012045;0.993858;0.0261655;0.975429;1;3;1
146.531;1549.06;3.98462;2.25041;-0.00602807;-0.00524929;0.000114928;-0.00523268;-0.00604468;0.993925;0.00351436;-0.00187755;0.999261;0.0277491;0.980813;1;3;1
169.531;1549.06;3.81087;2.31542;-0.00466823;-0.00449187;0.00101208;-0.00356414;-0.00559596;0.986477;0.00483303;-0.0030723;0.998033;0.0310476;0.981547;1;4;1
192.531;1549.06;3.76908;2.41487;-0.0039775;-0.00488137;0.000264251;-0.00390591;-0.00495295;1.00333;-0.0014779;-0.00559457;1.00024;0.0311213;0.971771;1;4;1
215.531;1549.06;3.62727;2.47194;-0.00385692;-0.00646915;-0.00157952;-0.00311345;-0.00721262;0.997052;-0.00226377;0.00548341;0.991519;0.0274799;0.977594;1;3;1
238.531;1549.06;3.5913;2.46072;-0.0059424;-0.00364154;-0.000451044;-0.00355628;-0.00602766;0.990343;0.000698706;-0.00371565;0.993873;0.0220518;0.987658;1;3;1
261.531;1549.06;3.35311;2.47967;-0.0067621;-0.00343083;0.00133548;-0.00296155;-0.00723138;0.997158;-0.00385132;5.99161e-05;0.994134;0.0260786;0.987879;1;3;1
284.531;1549.06;3.27903;2.57584;-0.0046196;-0.005456;-0.000596857;-0.00430902;-0.00576659;0.98855;0.00249068;-0.0024019;0.995637;0.0277059;0.979515;1;3;1
307.531;1549.06;3.13994;2.60528;-0.00482099;-0.00320112;-0.000378488;-0.00311704;-0.00490506;0.998681;-0.00247796;-0.00326773;0.996131;0.027007;0.983754;1;4;1
330.531;1549.06;3.05673;2.59912;-0.00434549;-0.00461293;0.000144069;-0.00428265;-0.00467577;0.995519;0.00100595;0.000340811;0.995577;0.0282301;0.97983;1;3;1
353.531;1549.06;2.93949;2.70799;-0.00645503;-0.00387605;0.00134381;-0.00330312;-0.00702796;0.987536;-0.00402264;-0.0101955;0.993642;0.0275943;0.985005;1;4;1
376.531;1549.06;2.75863;2.7329;-0.00541959;-0.00521015;0.000426203;-0.00487599;-0.00575375;0.997342;0.00208421;0.00295282;0.99503;0.0269922;0.985117;1;3;1
399.531;1549.06;2.68945;2.78244;-0.00403269;-0.00574018;0.000716033;-0.00377217;-0.0060007;0.991106;-0.00548695;-0.00197213;0.994043;0.026748;0.980657;1;4;1
422.531;1549.06;2.57267;2.82285;-0.00659526;-0.0060129;-0.000505196;-0.00572097;-0.00688718;0.998929;0.00782566;-0.00193596;0.991758;0.0242977;0.987848;1;4;1
445.531;1549.06;2.38486;2.91808;-0.00558817;-0.00609975;0.000625193;-0.00516847;-0.00651946;0.9984;0.00281644;0.00138944;0.992282;0.0338256;0.956716;1;3;1
468.531;1549.06;2.31467;2.96443;-0.00415051;-0.00562026;-0.00105615;-0.00359872;-0.00617204;0.995068;0.00425834;-0.000757545;0.991764;0.0259926;0.982959;1;3;1
491.531;1549.06;2.19349;2.98923;-0.00502506;-0.00503003;-0.00115993;-0.00386761;-0.00618748;0.990699;0.0107819;0.00167114;0.994942;0.0238397;0.985339;1;4;1
514.531;1549.06;2.08283;3.0622;-0.00444009;-0.00436591;-5.52146e-05;-0.00433648;-0.00446951;0.9962;0.00322219;-0.003441;0.996606;0.0262212;0.978393;1;4;1
537.531;1549.06;1.98871;3.07142;-0.00506582;-0.00592514;0.000140724;-0.00504336;-0.0059476;0.995097;-0.000678283;-0.00118343;0.997953;0.0223591;0.988942;1;3;1
560.531;1549.06;1.8492;3.07986;-0.00637674;-0.00364304;-0.000135111;-0.00363638;-0.0063834;0.990165;0.0015209;-0.00254999;0.993188;0.0229673;0.984252;1;3;1
583.531;1549.06;1.69437;3.15398;-0.00579208;-0.00445987;0.0010123;-0.00391419;-0.00633777;0.994431;-9.45565e-05;-0.00427016;0.996432;0.0233521;0.985601;1;3;1
606.531;1549.06;1.58164;3.25882;-0.00590178;-0.00475409;-0.000552683;-0.00453122;-0.00612465;0.995222;0.00167017;-0.000797364;0.99729;0.0223793;0.98616;1;3;1
629.531;1549.06;1.42201;3.23278;-0.00588552;-0.00570102;0.000208404;-0.00556536;-0.00602118;0.991041;-0.00528738;-0.0022912;0.997936;0.0226218;0.985937;1;4;1
652.531;1549.06;1.31004;3.33611;-0.00504986;-0.0048178;-0.000419027;-0.00449903;-0.00536862;0.997668;0.00662441;-0.00495788;1.00238;0.0252167;0.985228;1;3;1
675.531;1549.06;1.18908;3.29848;-0.00480113;-0.00485591;-0.000822755;-0.00400531;-0.00565173;0.989168;0.00427255;0.00126748;0.994857;0.0210567;0.986854;1;3;1
698.531;1549.06;1.08862;3.39756;-0.00529821;-0.00535902;0.000153056;-0.00517257;-0.00548466;0.999667;0.00114002;-0.00056982;0.997117;0.0228;0.989751;1;4;1
721.531;1549.06;0.944498;3.43903;-0.00562473;-0.00525843;-0.000531116;-0.00487977;-0.00600339;0.989646;0.0037867;-0.00187083;0.994698;0.0234192;0.985395;1;3;1
744.531;1549.06;0.829089;3.46993;-0.00471523;-0.00629312;-0.000319191;-0.0046531;-0.00635525;0.993655;-0.00119981;-0.00263174;0.99462;0.0199405;0.990149;1;3;1
767.531;1549.06;0.727066;3.47957;-0.00645859;-0.00621235;-0.00192165;-0.00440988;-0.00826105;0.99504;0.00502137;0.00298483;0.995682;0.0203285;0.990142;1;3;1
790.531;1549.06;0.531028;3.47662;-0.00677439;-0.00419539;-0.00143417;-0.00355625;-0.00741353;0.995165;0.015426;-0.0028035;0.995979;0.0255366;0.984974;1;3;1
813.531;1549.06;0.414234;3.59555;-0.00444223;-0.00519971;-0.00092131;-0.00382485;-0.00581709;0.990928;0.00503343;-0.00545024;0.992307;0.0251165;0.981787;1;3;1
836.531;1549.06;0.326037;3.60944;-0.00578599;-0.0043059;-0.00143326;-0.0034329;-0.00665899;0.998821;0.00508461;0.00287709;0.990712;0.0227456;0.986266;1;3;1
859.531;1549.06;0.147231;3.67762;-0.00802699;-0.00335071;-0.00117436;-0.00307235;-0.00830534;0.983057;0.00493019;-0.00374756;1.00139;0.0242666;0.981394;1;3;1
882.531;1549.06;-0.0447805;3.69582;-0.00571954;-0.00600477;-0.000353268;-0.00548118;-0.00624312;0.999669;-0.00102762;-0.00626851;0.995101;0.0272299;0.973463;1;4;1
905.531;1549.06;-0.116665;3.73856;-0.0044551;-0.00467514;-0.00139871;-0.00316209;-0.00596815;0.996708;0.0021078;0.00704296;0.993924;0.0278283;0.965471;1;3;1
928.531;1549.06;-0.250204;3.74885;-0.00829617;-0.00311046;-0.00144455;-0.00273522;-0.00867142;0.994665;0.00798597;-0.00749782;0.995701;0.0252548;0.97723;1;4;1
951.531;1549.06;-0.499976;3.82937;-0.00835571;-0.00528856;-0.000631894;-0.00516348;-0.00848079;0.988891;0.00464842;-0.00346056;0.997946;0.0286201;0.973913;1;3;1
974.531;1549.06;-0.636343;3.86847;-0.00420033;-0.00472458;-0.00117575;-0.00325784;-0.00566707;1.00166;0.00507281;-0.00111389;0.992282;0.0258108;0.974734;1;4;1
997.531;1549.06;-0.693648;3.89654;-0.00573105;-0.00489041;-0.00032459;-0.00477967;-0.00584179;0.994871;0.00295193;-0.00263311;0.992593;0.0288549;0.97621;1;3;1
1020.53;1549.06;-0.900768;3.92597;-0.00703059;-0.00650134;-0.000780326;-0.00594199;-0.00758994;0.991873;0.00223798;0.00349044;0.990438;0.0266759;0.976487;1;3;1
1043.53;1549.06;-1.01831;3.99557;-0.00522394;-0.00692718;0.00130351;-0.00451851;-0.00763261;0.988702;0.00390445;-0.00347337;0.991723;0.0280394;0.978859;1;3;1
1066.53;1549.06;-1.1421;4.11669;-0.00625869;-0.00561334;-0.000428868;-0.00539932;-0.00647272;0.995519;0.00208402;-0.00489498;1.00097;0.0272193;0.975217;1;4;1
1089.53;1549.06;-1.30724;4.1039;-0.00727568;-0.00556548;-0.000630734;-0.00535803;-0.00748313;0.993641;0.000436896;-0.00119475;0.999681;0.0240092;0.981089;1;3;1
1112.53;1549.06;-1.47803;4.16316;-0.00502825;-0.00541128;-0.000516469;-0.00466893;-0.0057706;0.990509;-0.00269541;-0.00367203;0.999767;0.0267857;0.976337;1;3;1
1135.53;1549.06;-1.53913;4.10708;-0.00453316;-0.00345467;-0.00365613;-0.000298228;-0.0076896;0.996502;0.00997213;0.00528958;0.998416;0.0256909;0.978405;1;3;1
1158.53;1549.06;-1.68721;4.03501;-0.00756339;-0.00236735;-0.00203259;-0.00166671;-0.00826403;1.00042;0.00867545;0.00280823;0.996498;0.033036;0.974527;1;4;1
1181.53;1549.06;-1.88837;4.11065;-0.00631131;-0.00455414;0.000703865;-0.00430697;-0.00655849;0.991468;0.00182251;-0.00638015;0.99879;0.0247626;0.981819;1;3;1
1204.53;1549.06;-1.9788;4.21365;-0.00700193;-0.00228083;0.000953866;-0.0020954;-0.00718737;0.997037;0.00085869;-0.00318598;1.00099;0.0211862;0.987417;1;3;1
1227.53;1549.06;-2.21176;4.23264;-0.00697167;-0.00435075;0.000314688;-0.00431349;-0.00700892;0.992332;-0.000816578;-0.00275951;0.998956;0.0222712;0.985646;1;3;1
1250.53;1549.06;-2.30083;4.35221;-0.000965316;-0.00614326;0.00085865;-0.000826642;-0.00628193;0.994904;0.0015864;-0.0044326;0.996747;0.0234268;0.988821;1;3;1
1273.53;1549.06;-2.25648;4.39827;0.00193225;-0.00408526;-0.000855187;0.00205142;-0.00420443;1.00259;0.0136969;0.00233079;0.989378;0.0294906;0.9796;1;4;1
31.5305;1526.06;4.5295;2.10305;0.00130728;-0.00462016;0.000210332;0.00131473;-0.00462761;0.997984;-0.00147663;-0.00568303;0.99092;0.02944;0.977511;1;4;1
54.5305;1526.06;4.55952;2.14044;-0.0030426;-0.00460428;0.00104478;-0.00251911;-0.00512777;0.995885;0.00173001;-0.00209316;0.995574;0.0309863;0.979989;1;3;1
77.5306;1526.06;4.38921;2.20747;-0.0066365;-0.00673322;0.00104303;-0.00564072;-0.00772901;0.999021;0.00393639;-0.00127699;0.991122;0.0266181;0.985394;1;3;1
100.531;1526.06;4.25305;2.26597;-0.0057184;-0.00639034;0.000724993;-0.00525531;-0.00685343;0.989171;0.00204283;-0.00765293;0.992432;0.0298458;0.977958;1;4;1
123.531;1526.06;4.1252;2.34692;-0.00383493;-0.00541285;0.000202596;-0.00380933;-0.00543845;0.996469;0.00824417;-0.00231959;0.995147;0.0297254;0.980147;1;4;1
146.531;1526.06;4.0762;2.3609;-0.00423621;-0.00493442;-0.00103974;-0.00348853;-0.0056821;0.997659;0.00512366;0.00156134;0.996598;0.028253;0.9853;1;4;1
169.531;1526.06;3.92991;2.3675;-0.0046022;-0.00624576;0.000538811;-0.00444131;-0.00640665;0.991286;-0.00517539;-0.00131125;0.988846;0.0260879;0.982244;1;3;1
192.531;1526.06;3.86376;2.51455;-0.00648645;-0.00452513;0.00204295;-0.00323966;-0.00777192;0.994769;0.002613;-0.00893653;0.988562;0.0312837;0.976274;1;4;1
215.531;1526.06;3.62985;2.62178;-0.00607368;-0.00383293;-0.00110546;-0.00337937;-0.00652724;0.993701;0.0099727;0.00396262;0.997388;0.0263166;0.975245;1;4;1
238.531;1526.06;3.58351;2.52428;-0.00513393;-0.00507753;-0.00145158;-0.00365388;-0.00655758;0.99496;0.00387589;-0.00129302;0.994812;0.02559;0.985664;1;3;1
261.531;1526.06;3.39296;2.51403;-0.0045908;-0.00506498;0.000417957;-0.00434737;-0.00530841;1.00005;0.00834061;0.000138436;0.994241;0.0317145;0.983268;1;4;1
284.531;1526.06;3.37159;2.67697;-0.00365358;-0.00483043;0.00158173;-0.00255437;-0.00592964;0.993084;0.000988422;-0.00505727;0.994314;0.0261459;0.982571;1;4;1
307.531;1526.06;3.22425;2.68835;-0.00608449;-0.00596866;-0.000255364;-0.00576473;-0.00628842;0.992589;0.0102188;-0.00143777;0.99716;0.025262;0.983924;1;3;1
330.531;1526.06;3.09077;2.76108;-0.0062108;-0.00694678;0.00079901;-0.00569911;-0.00745847;1.00038;0.0030448;0.000797035;0.993955;0.025184;0.9861;1;4;1
353.531;1526.06;2.93756;2.78639;-0.00512946;-0.00494858;0.000190922;-0.00482776;-0.00525028;0.985297;0.0058148;-0.00656779;1.00262;0.0246259;0.987624;1;3;1
376.531;1526.06;2.85412;2.85117;-0.00562775;-0.00743257;0.000958429;-0.00521375;-0.00784656;0.996288;-0.00171928;-0.00642742;0.993938;0.0260327;0.984405;1;4;1
399.531;1526.06;2.67747;2.99629;-0.00382424;-0.00611293;0.000917243;-0.003502;-0.00643517;0.998228;0.00615769;-0.00136648;0.993156;0.0275626;0.982872;1;4;1
422.531;1526.06;2.67754;3.02371;-0.00551174;-0.00539449;0.000142935;-0.00529863;-0.0056076;0.994233;-0.00270673;0.00140963;0.987226;0.0274518;0.978926;1;4;1
445.531;1526.06;2.42315;3.07797;-0.00633591;-0.00509726;-0.000705676;-0.00477768;-0.00665549;0.992004;-0.00240461;-0.00486951;0.996165;0.0264396;0.978932;1;4;1
468.531;1526.06;2.38513;3.08061;-0.00288047;-0.00464543;-0.000979831;-0.00244429;-0.0050816;0.9978;0.000421953;0.00256576;0.99806;0.0227593;0.988065;1;2;1
491.531;1526.06;2.29045;3.10904;-0.00466734;-0.00508083;-0.00105138;-0.00380257;-0.0059456;0.993703;0.00259828;-0.00202333;0.998152;0.0256321;0.984111;1;2;1
514.531;1526.06;2.16991;3.11346;-0.00629127;-0.00406267;1.63181e-05;-0.00406255;-0.00629139;0.99342;0.00203665;0.000818431;0.996574;0.0255814;0.981194;1;3;1
537.531;1526.06;2.00005;3.19711;-0.00642137;-0.00658945;-0.000694648;-0.0058057;-0.00720512;0.993535;0.00587243;-0.0044882;0.995075;0.0256506;0.983447;1;3;1
560.531;1526.06;1.87355;3.16239;-0.00558783;-0.00703355;-0.000424029;-0.00547264;-0.00714874;0.999897;-0.00121747;-0.00434104;0.993622;0.0287168;0.980771;1;4;1
583.531;1526.06;1.74221;3.28194;-0.00475129;-0.00529498;0.000915695;-0.00406794;-0.00597833;0.991274;0.000356021;-0.00214054;0.992289;0.023301;0.98606;1;3;1
606.531;1526.06;1.65422;3.31265;-0.00543973;-0.00339898;-0.000265134;-0.0033651;-0.00547361;0.994846;0.00542182;-0.000783551;1.00064;0.0226842;0.991786;1;3;1
629.531;1526.06;1.49111;3.41244;-0.00601858;-0.00470407;-0.000298168;-0.0046396;-0.00608305;0.995006;0.00333184;-0.00268939;0.990142;0.0281963;0.979041;1;4;1
652.531;1526.06;1.37638;3.42901;-0.00529493;-0.00353952;-0.000816588;-0.0032184;-0.00561605;0.989996;-0.00250853;-0.00407873;0.995557;0.027764;0.979398;1;3;1
675.531;1526.06;1.24689;3.41345;-0.00520698;-0.00469639;-0.00121585;-0.00370932;-0.00619405;1.00017;-0.000351078;0.00563966;0.993173;0.0233255;0.982853;1;3;1
698.531;1526.06;1.13623;3.45699;-0.00566439;-0.00348081;0.000263869;-0.00344938;-0.00569582;0.99447;-0.00137338;-0.00371855;0.994905;0.0212153;0.987097;1;3;1
721.531;1526.06;0.985434;3.53309;-0.00667593;-0.00434512;0.000531903;-0.00422948;-0.00679158;0.993554;-0.000171779;-0.00796475;0.992615;0.0247392;0.979033;1;3;1
744.531;1526.06;0.82789;3.59555;-0.00391345;-0.00393898;-0.000959193;-0.00296693;-0.00488549;0.997779;0.0028159;0.000490014;0.99147;0.0224583;0.985126;1;3;1
767.531;1526.06;0.805004;3.60577;-0.00361409;-0.00505133;-0.000566599;-0.00341759;-0.00524783;0.996017;-0.0014313;0.00186651;0.99446;0.0212662;0.989282;1;3;1
790.531;1526.06;0.661326;3.63261;-0.00643383;-0.00670472;-0.00093873;-0.00562083;-0.00751773;0.994701;-0.00394363;-0.0070965;0.99415;0.0240802;0.985284;1;3;1
813.531;1526.06;0.508021;3.68476;-0.00579027;-0.0047505;-0.0013394;-0.00383362;-0.00670715;0.996183;0.00169471;-0.000997086;1.0004;0.0214998;0.986902;1;3;1
836.531;1526.06;0.394154;3.69559;-0.00604649;-0.00647485;-0.000440393;-0.00577096;-0.00675038;0.993277;0.00200862;0.00704747;0.989284;0.026458;0.976273;1;4;1
859.531;1526.06;0.229021;3.72258;-0.00727983;-0.00406294;-0.000696165;-0.00391874;-0.00742402;0.990159;0.00765682;-0.00248484;0.998306;0.0295209;0.982904;1;4;1
882.531;1526.06;0.057884;3.82032;-0.00537133;-0.0040231;-0.00128195;-0.00324882;-0.00614561;0.996939;0.0108642;-0.00989042;0.996438;0.0254159;0.980377;1;3;1
905.531;1526.06;-0.0188742;3.83846;-0.00549739;-0.00460161;-0.00217508;-0.00282879;-0.00727021;0.993022;0.0102735;0.00434521;0.99311;0.0284317;0.968379;1;3;1
928.531;1526.06;-0.195732;3.76214;-0.00733473;-0.00654181;-0.000374118;-0.00639316;-0.00748338;0.990705;0.0118296;-0.00527486;0.99542;0.0305548;0.963459;1;3;1
951.531;1526.06;-0.357581;3.91399;-0.00717778;-0.00490408;0.000122579;-0.00489749;-0.00718437;0.991046;0.00556062;-0.00119867;0.997079;0.0253595;0.980955;1;4;1
974.531;1526.06;-0.527657;3.98692;-0.00795883;-0.00455431;6.71061e-05;-0.00455299;-0.00796016;0.994386;0.00613348;-0.0022661;1.00026;0.0261114;0.982241;1;3;1
997.531;1526.06;-0.725335;4.0417;-0.00535025;-0.00517045;0.000217358;-0.00502514;-0.00549557;0.997761;0.00238571;-0.00253554;0.996373;0.0278082;0.969514;1;3;1
1020.53;1526.06;-0.77463;4.12209;-0.00607816;-0.00743559;-0.00117071;-0.00540365;-0.0081101;0.996548;0.0110041;-0.000574931;0.99411;0.0286228;0.978414;1;3;1
1043.53;1526.06;-1.00595;4.16461;-0.00729228;-0.00541086;-0.00194717;-0.00418907;-0.00851407;0.987731;0.00334295;-0.00375919;0.997566;0.028622;0.972506;1;3;1
1066.53;1526.06;-1.11134;4.18097;-0.00458184;-0.00223923;-0.00243175;-0.000711398;-0.00610968;0.999899;0.00473199;-0.000502601;0.994078;0.0275752;0.973795;1;3;1
1089.53;1526.06;-1.21721;4.18927;-0.00645651;-0.00148341;0.000233501;-0.00147247;-0.00646745;0.988548;0.00221503;-0.00254674;0.994766;0.0255639;0.977375;1;3;1
1112.53;1526.06;-1.40936;4.25151;-0.00449769;-0.00369773;-0.0020508;-0.00200827;-0.00618715;0.99735;0.00969433;0.0023017;0.992085;0.0223159;0.98173;1;3;1
1135.53;1526.06;-1.42458;4.21785;-0.00477858;-0.00497061;-0.00156998;-0.00330168;-0.00644751;0.996845;0.00273766;0.000659437;0.99575;0.0240464;0.983064;1;3;1
1158.53;1526.06;-1.62972;4.21143;-0.00830309;-0.00759602;-0.000565829;-0.00728236;-0.00861675;0.995195;0.00158367;0.000368023;0.997743;0.0257029;0.984219;1;3;1
1181.53;1526.06;-1.80823;4.31908;-0.00690466;-0.00515436;-0.00132522;-0.0044414;-0.00761762;0.992834;0.00591483;-0.00515426;0.991754;0.0266607;0.981683;1;3;1
1204.53;1526.06;-1.94853;4.30343;-0.00642281;-0.00559164;-0.00109267;-0.00483819;-0.00717626;1.00127;0.00509932;-0.00152121;0.98918;0.022093;0.986439;1;3;1
1227.53;1526.06;-2.10467;4.37632;-0.00720175;-0.00520465;-0.000959188;-0.00481859;-0.00758781;0.985373;0.00777174;-0.000401329;0.990017;0.0252023;0.981935;1;3;1
1250.53;1526.06;-2.28127;4.45413;-0.00562135;-0.00406451;-0.00162253;-0.00304333;-0.00664252;0.996702;0.0121672;0.0021029;0.994334;0.0264221;0.981467;1;3;1
1273.53;1526.06;-2.36401;4.42287;-0.00359008;-0.00573626;-0.00107733;-0.00314259;-0.00618375;0.994558;0.00161691;-0.00741174;1.00426;0.0293396;0.988501;1;4;1
31.5305;1503.06;4.63546;2.18784;-0.0037647;-0.00300916;-0.000651881;-0.0026335;-0.00414036;0.993645;0.00847387;0.00209369;1.00153;0.0360973;0.964881;1;4;1
54.5305;1503.06;4.54866;2.23695;-0.00460918;-0.00571793;0.00110259;-0.00392944;-0.00639767;0.990827;-0.00280509;-0.0112648;0.997213;0.0323929;0.975482;1;3;1
77.5306;1503.06;4.42274;2.32425;-0.0047781;-0.00506733;0.00135727;-0.00355776;-0.00628767;0.995703;-0.00437815;-0.00274484;0.996384;0.0272176;0.980539;1;4;1
100.531;1503.06;4.32808;2.39052;-0.00557888;-0.00459722;0.00044123;-0.00442805;-0.00574805;0.995513;-0.0014319;-0.00287429;0.995789;0.0291181;0.982178;1;3;1
123.531;1503.06;4.16523;2.4455;-0.00491715;-0.00451919;0.00018982;-0.00444317;-0.00499317;0.994186;-0.00411719;0.00281133;0.993667;0.0292528;0.973625;1;4;1
146.531;1503.06;4.10125;2.4781;-0.00543078;-0.00576982;0.0019347;-0.00365818;-0.00754242;0.992639;-0.00637489;-0.00826585;0.993631;0.0301145;0.972891;1;3;1
169.531;1503.06;3.91446;2.60374;-0.00577325;-0.00623281;0.00106257;-0.0049159;-0.00709016;0.998395;0.0055001;0.00181415;0.997707;0.0284654;0.979351;1;3;1
192.531;1503.06;3.83467;2.62354;-0.00379899;-0.00402999;0.000591408;-0.00331191;-0.00451707;0.995728;-0.00694148;0.00123271;0.995492;0.0274103;0.979102;1;3;1
215.531;1503.06;3.73935;2.64873;-0.00470288;-0.00276895;-0.00163168;-0.00183924;-0.00563259;0.993169;0.000800859;-0.00273833;0.994994;0.0240595;0.984333;1;3;1
238.531;1503.06;3.61778;2.69489;-0.00590035;-0.00634575;-0.000445952;-0.00562459;-0.00662152;0.99523;0.000570424;-0.00227367;0.997394;0.0263436;0.986682;1;4;1
261.531;1503.06;3.46709;2.71339;-0.0067285;-0.00745537;0.00012602;-0.00670727;-0.00747659;0.990689;-0.00214033;-0.00209989;0.993605;0.0317434;0.968701;1;3;1
284.531;1503.06;3.3071;2.79859;-0.00475135;-0.00536042;0.00184757;-0.00318338;-0.00692839;0.9978;-0.00269058;-0.00255405;0.994434;0.0255963;0.988697;1;3;1
307.531;1503.06;3.2477;2.88079;-0.00490558;-0.00630287;0.00105551;-0.00433844;-0.00687001;0.99244;-0.00304548;-0.00620983;0.991183;0.0258594;0.986595;1;3;1
330.531;1503.06;3.08073;2.91979;-0.00511116;-0.0047635;-0.000351612;-0.0045451;-0.00532957;0.989922;0.000342249;-0.000599672;0.994008;0.0234893;0.985245;1;3;1
353.531;1503.06;3.01195;2.93625;-0.00435978;-0.00563897;0.000210858;-0.00432592;-0.00567283;0.99877;0.000300023;-0.00502501;0.998163;0.0234949;0.988423;1;3;1
376.531;1503.06;2.87947;3.07623;-0.0050931;-0.00659528;0.000243146;-0.00505473;-0.00663365;0.993668;0.00470081;0.00131416;0.995249;0.0254043;0.986428;1;4;1
399.531;1503.06;2.77688;3.06459;-0.00516762;-0.00304401;-0.00106974;-0.00259858;-0.00561305;0.994256;0.00442775;-0.00359586;1.00184;0.025857;0.982091;1;4;1
422.531;1503.06;2.64114;3.07172;-0.00584425;-0.00392728;0.00135565;-0.0032255;-0.00654603;0.989518;0.00124362;0.000774008;0.997988;0.030248;0.981022;1;4;1
445.531;1503.06;2.50717;3.15332;-0.00444507;-0.00424463;-0.000112936;-0.00419386;-0.00449585;0.99749;0.00599224;-0.00238727;0.994476;0.0261922;0.983474;1;3;1
468.531;1503.06;2.43609;3.17878;-0.00398371;-0.00562087;0.000236768;-0.00395016;-0.00565442;0.994935;-0.000363225;-0.00129138;0.988994;0.0235089;0.984421;1;4;1
491.531;1503.06;2.3235;3.22373;-0.00577563;-0.00667393;0.000974003;-0.0051522;-0.00729735;0.993403;-0.000552092;-0.00637256;0.989142;0.0224955;0.98645;1;3;1
514.531;1503.06;2.16958;3.24954;-0.00479909;-0.00538441;0.00121389;-0.00384307;-0.00634042;0.994055;0.00258336;-0.000657634;0.988654;0.0237629;0.985718;1;4;1
537.531;1503.06;2.10196;3.37568;-0.00425557;-0.00548473;0.000390093;-0.00414222;-0.00559808;0.997084;0.000938799;-0.00438606;0.987309;0.0304288;0.976068;1;4;1
560.531;1503.06;1.97314;3.40472;-0.00740817;-0.00859581;-0.00215834;-0.00576345;-0.0102405;0.998928;0.0028814;2.72619e-05;0.990531;0.0290672;0.975003;1;4;1
583.531;1503.06;1.75991;3.39825;-0.00512164;-0.00645665;-0.00148972;-0.00415672;-0.00742158;0.991246;0.0057395;0.00444277;0.99448;0.0255457;0.985022;1;4;1
606.531;1503.06;1.73694;3.4157;-0.00420318;-0.00550855;-0.000276993;-0.00414684;-0.0055649;0.997814;0.00583359;-0.0010459;0.993305;0.0219383;0.989322;1;4;1
629.531;1503.06;1.56612;3.44991;-0.00758596;-0.00325684;-0.000181878;-0.00324921;-0.00759358;0.986587;0.00896955;-0.00210756;0.994406;0.0298397;0.974688;1;3;1
652.531;1503.06;1.38658;3.49928;-0.00512921;-0.0031392;-0.000728335;-0.00290111;-0.00536729;0.995111;0.00403204;-0.0027904;0.994215;0.0226254;0.98687;1;4;1
675.531;1503.06;1.32952;3.51524;-0.00439099;-0.00473685;-0.000995133;-0.00355387;-0.00557397;0.99824;0.00488204;0.00155487;0.994951;0.0239245;0.983149;1;3;1
698.531;1503.06;1.18411;3.55806;-0.00639762;-0.00479197;-0.000393235;-0.00470083;-0.00648875;0.990056;-0.001565;-0.00232839;0.996648;0.0221086;0.98753;1;4;1
721.531;1503.06;1.03412;3.63943;-0.00420103;-0.00387089;-0.000834576;-0.00318521;-0.0048867;0.995791;0.00594685;-0.00247237;0.999369;0.0230087;0.987716;1;3;1
744.531;1503.06;0.990357;3.65177;-0.00472067;-0.00314288;-0.00140319;-0.00232202;-0.00554153;0.993866;0.00769722;0.00259857;0.997019;0.0206673;0.991099;1;3;1
767.531;1503.06;0.816392;3.7126;-0.00635426;-0.00557231;0.000526096;-0.00530782;-0.00661875;0.994325;0.0058046;-0.00842983;0.995917;0.0238447;0.981367;1;3;1
790.531;1503.06;0.696928;3.78637;-0.00466411;-0.00566369;0.000463836;-0.00448204;-0.00584576;0.996464;0.00164119;0.00289379;0.991338;0.0205725;0.987469;1;4;1
813.531;1503.06;0.601226;3.81497;-0.00633133;-0.00508401;0.000191248;-0.00505534;-0.00636;0.99253;0.0078025;-0.00372533;0.990035;0.0227332;0.985983;1;3;1
836.531;1503.06;0.404596;3.90832;-0.00572949;-0.00658594;-0.000502856;-0.00549723;-0.0068182;0.996914;0.000205597;-0.00357771;0.999942;0.0249492;0.987876;1;3;1
859.531;1503.06;0.336882;3.86528;-0.00465749;-0.00686059;-0.00115769;-0.00416103;-0.00735705;0.994405;-0.00104793;0.00394183;0.995396;0.0256773;0.977607;1;4;1
882.531;1503.06;0.189842;3.88185;-0.00672694;-0.00496011;-0.000863127;-0.00460845;-0.0070786;0.995745;0.00180495;-0.0052721;0.994038;0.0273289;0.976977;1;4;1
905.531;1503.06;0.0263146;3.95095;-0.00713674;-0.00655844;0.00109468;-0.00571537;-0.00797981;0.988455;0.000269857;0.00120752;0.994108;0.027153;0.980124;1;3;1
928.531;1503.06;-0.13994;4.05089;-0.00676452;-0.00911708;-0.000363953;-0.0067095;-0.0091721;0.998168;-0.001076;-0.00444766;0.990749;0.0281269;0.976522;1;4;1
951.531;1503.06;-0.286034;4.05602;-0.00810757;-0.0045134;-0.00129026;-0.00409818;-0.00852279;0.989838;-0.000839559;0.00366106;0.992599;0.0260167;0.975941;1;3;1
974.531;1503.06;-0.514421;4.07861;-0.00633752;-0.00369373;-0.000947217;-0.0033894;-0.00664185;0.992724;-0.0042693;-0.00526373;0.994075;0.0250341;0.98185;1;3;1
997.531;1503.06;-0.578558;4.13515;-0.00336041;-0.00529349;-0.000339368;-0.00330257;-0.00535134;1.00302;0.00542218;-0.0012114;0.999382;0.0229786;0.984808;1;4;1
1020.53;1503.06;-0.66966;4.26987;-0.00434186;-0.00324686;-0.000154423;-0.0032255;-0.00436322;0.993409;-0.00121052;-0.00509743;1.00285;0.0301579;0.962445;1;4;1
1043.53;1503.06;-0.778852;4.24577;-0.00483467;-0.00368345;-0.00411072;-0.000108241;-0.00840988;0.992866;0.0148146;0.00200146;0.994539;0.0251144;0.979111;1;4;1
1066.53;1503.06;-0.892622;4.22049;-0.0103601;-0.00400468;-0.00536893;-0.000943527;-0.0134212;0.993621;0.0115756;-0.000475798;0.999514;0.0289696;0.965802;1;3;1
1089.53;1503.06;-1.25797;4.17221;-0.00794932;-0.00356053;0.00022924;-0.00354859;-0.00796126;0.985912;0.000315411;-0.00610786;0.997602;0.0287366;0.971132;1;3;1
1112.53;1503.06;-1.2599;4.33409;-0.00381446;-0.00319325;-0.000371573;-0.00301956;-0.00398815;0.999225;0.0093597;0.000780009;0.997455;0.0286525;0.976375;1;3;1
1135.53;1503.06;-1.43406;4.33642;-0.00592767;-0.00514665;0.000240456;-0.00507856;-0.00599576;0.995076;-0.000970391;-0.00471367;0.99169;0.0252525;0.981349;1;3;1
1158.53;1503.06;-1.53341;4.38603;-0.00519012;-0.00709976;-0.00229234;-0.0036617;-0.00862818;0.995832;0.00945259;0.00105774;0.991718;0.0199328;0.991152;1;3;1
1181.53;1503.06;-1.67343;4.34887;-0.00621626;-0.00428046;-0.000547937;-0.00413612;-0.0063606;0.997147;0.00782517;-0.00185604;0.996357;0.0274507;0.977211;1;3;1
1204.53;1503.06;-1.82034;4.47186;-0.006463;-0.00707809;-0.000142372;-0.00643165;-0.00710944;0.993348;0.00514446;-0.00202118;0.993277;0.0230431;0.984411;1;3;1
1227.53;1503.06;-1.97187;4.47331;-0.00614859;-0.00594591;-0.00240107;-0.00364404;-0.00845046;0.994303;0.00931654;-0.00245056;0.998917;0.0221246;0.98575;1;3;1
1250.53;1503.06;-2.1041;4.53998;-0.00535803;-0.00570947;-0.000775188;-0.0047389;-0.00632861;0.994921;0.000435953;0.00138302;0.993364;0.0252971;0.978591;1;3;1
1273.53;1503.06;-2.21939;4.66291;-0.00498612;-0.00714797;0.00092346;-0.00464536;-0.00748873;0.993069;-0.00261746;-0.0136571;0.989903;0.0340267;0.974175;1;3;1
31.5305;1480.06;4.68801;2.24195;-0.0040599;-0.00391511;0.00203474;-0.00195148;-0.00602353;0.998123;-0.00599664;-0.0022662;0.989098;0.0274512;0.978904;1;3;1
54.5305;1480.06;4.59387;2.40424;-0.00585923;-0.00413376;0.00183269;-0.0029709;-0.0070221;0.987301;-0.00245332;-0.00671594;0.993473;0.0314889;0.97299;1;4;1
77.5306;1480.06;4.41726;2.44117;-0.00564074;-0.00436243;-0.000183161;-0.0043367;-0.00566647;1.00239;0.00377829;0.00170218;0.996767;0.0270375;0.986635;1;4;1
100.531;1480.06;4.3336;2.478;-0.00481113;-0.0041228;0.000657518;-0.00372482;-0.00520911;0.985767;0.0036936;-0.00175675;0.999093;0.0272456;0.983075;1;3;1
123.531;1480.06;4.19527;2.55533;-0.00602364;-0.00538642;-0.000292255;-0.00527268;-0.00613738;0.996411;0.00521541;-0.000838877;0.997898;0.0247982;0.987288;1;3;1
146.531;1480.06;4.05543;2.62709;-0.00473232;-0.00516973;0.000890404;-0.00403415;-0.0058679;0.989856;0.00534116;-0.0050383;0.993449;0.0313415;0.976285;1;3;1
169.531;1480.06;3.97696;2.65514;-0.00436548;-0.00336341;0.000119032;-0.00334947;-0.00437942;0.992986;0.000633712;0.000551194;0.996728;0.0319145;0.974386;1;3;1
192.531;1480.06;3.85412;2.70031;-0.00270716;-0.00381538;-0.000826559;-0.00226617;-0.00425638;1.00042;0.00801448;-0.000732601;0.997493;0.0284484;0.975473;1;3;1
215.531;1480.06;3.85216;2.74986;-0.0035709;-0.0036807;-0.000794288;-0.00282962;-0.00442198;0.99574;0.0110376;-0.00702898;0.997551;0.0285118;0.985388;1;4;1
238.531;1480.06;3.68941;2.81724;-0.00794909;-0.00496431;0.000678614;-0.00481726;-0.00809613;0.991142;0.00299876;-0.000886428;0.992999;0.0274499;0.978397;1;3;1
261.531;1480.06;3.48491;2.85835;-0.00695803;-0.00692482;0.000977645;-0.00596364;-0.00791921;0.995953;0.000392317;-0.00350858;0.993295;0.0272491;0.976337;1;3;1
284.531;1480.06;3.3681;2.92421;-0.00513997;-0.00442832;-0.000421542;-0.0042325;-0.00533578;0.997398;0.00627274;-0.00238868;0.994771;0.0242517;0.983204;1;3;1
307.531;1480.06;3.2477;2.97921;-0.00410671;-0.0039163;-5.04798e-05;-0.00390375;-0.00411926;0.991444;0.00227141;-0.00426044;0.997232;0.0285319;0.982462;1;3;1
330.531;1480.06;3.17877;2.98081;-0.00376112;-0.00377759;-0.00127779;-0.00249154;-0.00504717;0.99361;0.00499403;0.00317113;0.99763;0.0232523;0.986976;1;3;1
353.531;1480.06;3.07431;3.04672;-0.00474197;-0.0041272;0.000872785;-0.00350925;-0.00535992;0.996469;0.00431773;-0.00706376;0.990635;0.0238215;0.987846;1;4;1
376.531;1480.06;2.95978;3.15568;-0.00655127;-0.000837008;-0.000737756;-0.000743295;-0.00664498;0.992526;0.00164161;0.00146664;0.998048;0.0262555;0.985725;1;4;1
399.531;1480.06;2.77187;3.13662;-0.00690565;-0.0043857;0.000117753;-0.00438021;-0.00691114;0.986691;-0.000719713;-0.0017624;0.996861;0.0270236;0.984102;1;4;1
422.531;1480.06;2.64099;3.20473;-0.00500907;-0.00501505;-0.000611626;-0.00440043;-0.00562369;1.00402;0.00991507;-0.00289304;0.995126;0.0266578;0.983426;1;4;1
445.531;1480.06;2.54067;3.27379;-0.00449505;-0.00554731;-0.000947649;-0.00393728;-0.00610509;0.994529;0.00614015;-0.00377926;0.994171;0.0225357;0.988436;1;3;1
468.531;1480.06;2.43355;3.33993;-0.00583994;-0.00606952;0.000722588;-0.00522308;-0.00668638;0.990668;0.00150256;-0.000318298;0.994476;0.0238511;0.987141;1;4;1
491.531;1480.06;2.27102;3.41708;-0.00485734;-0.00551669;-0.000834163;-0.00429007;-0.00608396;0.99514;0.00775381;-0.00711467;0.995501;0.0280703;0.981788;1;4;1
514.531;1480.06;2.20956;3.36183;-0.0032992;-0.00598983;-0.000525811;-0.0032001;-0.00608894;0.999173;-0.000926539;-0.00054377;0.995915;0.0249641;0.984477;1;4;1
537.531;1480.06;2.11899;3.45025;-0.00245338;-0.00394039;0.00148544;-0.00153576;-0.00485801;0.990847;-0.00299237;-0.00544416;1.00235;0.0313932;0.975643;1;4;1
560.531;1480.06;2.09614;3.56005;-0.00494146;-0.00312712;-0.000343524;-0.00306425;-0.00500432;1.00307;0.00409944;-0.000193476;0.998867;0.0303161;0.978585;1;4;1
583.531;1480.06;1.89094;3.58015;-0.0078976;-0.0042862;-0.00189522;-0.00347419;-0.00870961;0.992506;0.0131017;7.93936e-05;1.00342;0.0263924;0.985974;1;4;1
606.531;1480.06;1.7314;3.56681;-0.00647922;-0.00512599;-0.00091383;-0.00466555;-0.00693966;0.990796;-0.00812749;0.00492968;0.991951;0.0292223;0.975606;1;4;1
629.531;1480.06;1.59192;3.56261;-0.0048188;-0.00454586;-0.000544333;-0.00412115;-0.00524351;0.991666;-0.00726408;-0.00969197;0.995896;0.0350351;0.962308;1;4;1
652.531;1480.06;1.5092;3.57383;-0.00421399;-0.00376746;-0.00137536;-0.00259736;-0.00538409;0.996188;-0.00138858;-0.00203456;0.99965;0.0282843;0.979274;1;3;1
675.531;1480.06;1.39761;3.63211;-0.00459935;-0.00499965;-0.000285099;-0.00445116;-0.00514784;0.993621;0.00176965;0.00264765;0.997855;0.0220161;0.987618;1;3;1
698.531;1480.06;1.29703;3.67824;-0.00523112;-0.00575591;-0.00116618;-0.00429818;-0.00668885;0.995878;0.00609472;-0.00555975;0.989087;0.0221099;0.98821;1;3;1
721.531;1480.06;1.15628;3.71181;-0.0057679;-0.00341454;-0.000811817;-0.00316167;-0.00602077;0.993831;0.00326555;-0.00124861;0.993958;0.0233525;0.98722;1;3;1
744.531;1480.06;1.03089;3.7408;-0.00574467;-0.00583748;0.0012123;-0.00457788;-0.00700426;0.996506;0.00282463;-0.00262326;0.991288;0.023977;0.982093;1;3;1
767.531;1480.06;0.891009;3.86289;-0.00671456;-0.00594979;0.000420365;-0.00576391;-0.00690044;0.992273;0.00337825;0.000338841;0.991996;0.0211577;0.987967;1;3;1
790.531;1480.06;0.720719;3.89392;-0.00603729;-0.00625933;-0.000267151;-0.00585901;-0.00643761;1.00412;-0.000898817;-0.00270962;0.997697;0.0211761;0.987564;1;3;1
813.531;1480.06;0.612415;3.91934;-0.00497984;-0.00672824;0.000168693;-0.00496371;-0.00674437;0.983916;-0.00283;-0.00108501;0.998925;0.0223857;0.982343;1;3;1
836.531;1480.06;0.490951;3.99965;-0.00655747;-0.00596625;-0.00064735;-0.00555021;-0.00697351;1.00032;0.00549447;-0.00500167;0.994142;0.0234722;0.977358;1;3;1
859.531;1480.06;0.309619;4.03932;-0.00579351;-0.00532042;-0.000689172;-0.00482833;-0.0062856;0.985661;0.00311214;-0.00330218;0.98853;0.021733;0.986749;1;3;1
882.531;1480.06;0.223646;4.04935;-0.00565081;-0.00577404;8.21792e-05;-0.00560971;-0.00581513;0.995487;-0.00225903;0.00101415;0.990091;0.0270315;0.97322;1;3;1
905.531;1480.06;0.0488293;4.1412;-0.00608246;-0.00634019;-0.000167005;-0.00600038;-0.00642226;0.987617;0.00558579;0.00224477;0.990727;0.0261966;0.97926;1;4;1
928.531;1480.06;-0.0572008;4.18366;-0.00561263;-0.00589968;-0.00178867;-0.00396174;-0.00755057;0.99819;0.00636044;-0.00250196;0.983968;0.0263578;0.981942;1;3;1
951.531;1480.06;-0.210084;4.12232;-0.006574;-0.00591849;-0.00274439;-0.00348235;-0.00901014;0.989563;0.0135229;-0.00138007;0.986728;0.0238644;0.98119;1;4;1
974.531;1480.06;-0.360613;4.15745;-0.00634372;-0.00604395;-0.00176374;-0.00442374;-0.00796393;0.991724;0.00845337;-0.0020231;0.995722;0.0242025;0.979986;1;3;1
997.531;1480.06;-0.503121;4.28638;-0.00625976;-0.00438248;-0.000832708;-0.00406635;-0.00657589;0.999223;0.00526117;-0.00209251;0.995557;0.0235704;0.984449;1;3;1
1020.53;1480.06;-0.649612;4.27186;-0.00373672;-0.00314535;-0.00106338;-0.00233731;-0.00454476;0.989804;0.00373677;-0.000996937;0.991715;0.0224887;0.983743;1;3;1
1043.53;1480.06;-0.675359;4.33555;-0.000793682;-0.00227101;-0.000609125;-0.000574924;-0.00248977;1.00016;0.00259736;-0.00272169;0.997534;0.0285308;0.974734;1;3;1
1066.53;1480.06;-0.686236;4.36753;-0.00971316;-0.00508874;-0.00182615;-0.00445457;-0.0103473;0.994654;-0.00494273;0.00080939;0.993013;0.0282659;0.97856;1;3;1
1089.53;1480.06;-1.12436;4.35344;-0.0113371;-0.00805745;-0.00281005;-0.00644375;-0.0129508;0.987489;0.005746;-0.00596003;0.991407;0.0274319;0.97573;1;3;1
1112.53;1480.06;-1.21074;4.39907;-0.0058606;-0.00451024;5.01947e-05;-0.00450838;-0.00586247;0.990447;-0.000212025;0.00147955;0.997512;0.0245514;0.983864;1;3;1
1135.53;1480.06;-1.39485;4.45522;-0.00421581;-0.00490963;0.000248036;-0.00413626;-0.00498918;0.994079;0.00571101;-0.00730058;1.00367;0.0233462;0.985562;1;3;1
1158.53;1480.06;-1.4053;4.53974;-0.00599509;-0.00414812;-0.00108371;-0.0036478;-0.00649542;0.994995;-0.000966368;-0.00130892;0.998103;0.0227159;0.985724;1;3;1
1181.53;1480.06;-1.6715;4.51661;-0.00877844;-0.00568641;-0.000345883;-0.00564819;-0.00881666;0.992819;0.00366229;0.00200257;0.997296;0.0235318;0.988788;1;3;1
1204.53;1480.06;-1.81098;4.63039;-0.00309453;-0.00432037;0.000373443;-0.00298973;-0.00442517;1.00115;-0.000272064;-0.00915242;0.998597;0.0220144;0.988315;1;3;1
1227.53;1480.06;-1.81427;4.65158;-0.00453227;-0.00462773;-0.000629749;-0.00394845;-0.00521156;0.993978;-0.000138248;-0.000830727;0.995021;0.0242715;0.982684;1;3;1
1250.53;1480.06;-2.02003;4.71826;-0.00843538;-0.00475491;6.87608e-05;-0.00475362;-0.00843666;0.991682;0.00683998;-0.000762248;0.993973;0.0254489;0.980048;1;3;1
1273.53;1480.06;-2.20406;4.75314;-0.00796828;-0.00205405;-0.0012102;-0.001816;-0.00820633;0.995654;0.0126481;0.00326861;0.998576;0.0320091;0.97816;1;3;1
31.5305;1457.06;4.77212;2.36849;-0.00837428;-0.00515485;0.00335142;-0.00304661;-0.0104825;0.991724;0.00379051;-0.00376424;0.996288;0.0314483;0.97773;1;4;1
54.5305;1457.06;4.57862;2.42751;-0.00559951;-0.00301237;0.00247353;-0.00151458;-0.0070973;0.998398;-0.000733285;0.000569418;0.996452;0.0297376;0.98014;1;3;1
77.5306;1457.06;4.51355;2.52545;-0.0042698;-0.00313008;0.00110028;-0.00246085;-0.00493903;0.994142;-0.00224042;-0.00561669;0.993484;0.0256285;0.986901;1;4;1
100.531;1457.06;4.38153;2.58059;-0.00372697;-0.00321684;0.00080866;-0.00262397;-0.00431984;0.996948;0.00584929;-0.00439327;0.996432;0.0254184;0.987953;1;3;1
123.531;1457.06;4.34147;2.69428;-0.00569305;-0.00380623;0.000923392;-0.00342954;-0.00606975;0.995464;-0.00134473;0.00135305;0.995124;0.0264249;0.982678;1;3;1
146.531;1457.06;4.1187;2.71653;-0.00789626;-0.00252982;-0.000537932;-0.00247643;-0.00794965;0.99101;0.00202331;-0.00141475;0.99879;0.0274425;0.987758;1;3;1
169.531;1457.06;3.97675;2.75876;-0.00245521;-0.00411545;0.000498682;-0.00231694;-0.00425373;0.994834;0.00494115;0.000306377;0.991002;0.0330782;0.96951;1;3;1
192.531;1457.06;4.00555;2.79971;-0.00102339;-0.00488376;-0.000935342;-0.000808706;-0.00509845;1.00594;0.000738427;-0.00370128;0.994865;0.0288379;0.977659;1;3;1
215.531;1457.06;3.92961;2.81875;-0.00740103;-0.00368312;0.00168074;-0.00303596;-0.00804818;0.987548;-0.00627858;-0.008691;0.997829;0.0312629;0.977607;1;3;1
238.531;1457.06;3.66366;2.92384;-0.00964062;-0.00360721;0.0025659;-0.00266357;-0.0105843;0.991433;0.00395357;-0.00356726;0.995629;0.0271066;0.979387;1;4;1
261.531;1457.06;3.48348;3.03305;-0.00426412;-0.00442425;-4.22382e-05;-0.00425366;-0.00443471;0.992635;0.0111513;-0.001411;0.997594;0.0312465;0.971055;1;3;1
284.531;1457.06;3.46702;3.00302;-0.00378642;-0.00386179;-0.000895607;-0.00292771;-0.00472051;1.00196;0.00638456;0.000273154;0.996629;0.0247695;0.98758;1;3;1
307.531;1457.06;3.30897;3.06134;-0.0043533;-0.00377196;-0.000338019;-0.00361682;-0.00450844;0.988901;0.00450771;-0.0029585;0.995534;0.0263248;0.986404;1;4;1
330.531;1457.06;3.26624;3.09427;-0.00439625;-0.00500636;-2.00228e-05;-0.00439559;-0.00500702;1.00079;0.00358925;0.000275909;0.992799;0.0238619;0.988236;1;4;1
353.531;1457.06;3.10625;3.12659;-0.00494488;-0.0051957;-3.84752e-06;-0.00494482;-0.00519576;0.989585;0.00323254;-0.00384915;0.991237;0.0261221;0.988234;1;3;1
376.531;1457.06;3.03821;3.11503;-0.00630348;-0.00211689;0.000781115;-0.0019759;-0.00644447;0.996487;0.00743462;0.00110949;0.992948;0.0287474;0.986466;1;3;1
399.531;1457.06;2.81515;3.26679;-0.00440231;-0.00407309;-9.62804e-05;-0.004047;-0.0044284;0.993574;0.0029082;-0.00898735;0.989724;0.0268895;0.982898;1;3;1
422.531;1457.06;2.83487;3.3034;-0.00184902;-0.00373212;-0.00104392;-0.00138477;-0.00419637;1.00419;0.000489867;-0.00253791;0.99329;0.0239675;0.983701;1;4;1
445.531;1457.06;2.7298;3.40975;-0.00697842;-0.00365903;-0.000166158;-0.00365074;-0.00698672;0.989811;0.00595429;-0.00332647;0.994899;0.0269499;0.983964;1;3;1
468.531;1457.06;2.51247;3.45889;-0.00665684;-0.00295753;-0.00109455;-0.00265794;-0.00695643;0.990053;0.00681009;-0.000828396;0.997758;0.021577;0.988387;1;3;1
491.531;1457.06;2.4225;3.47831;-0.00566247;-0.00241228;-0.00147935;-0.00183978;-0.00623496;0.996334;0.00682456;-0.00306561;1.00336;0.0257184;0.985284;1;3;1
514.531;1457.06;2.2512;3.52598;-0.00562638;-0.0046778;-4.44287e-06;-0.00467777;-0.0056264;0.996081;0.00337359;-0.000656224;0.998507;0.0253032;0.984654;1;4;1
537.531;1457.06;2.16289;3.55734;-0.00252194;-0.00332282;-0.000513511;-0.00227119;-0.00357357;0.996409;0.00168252;-0.00107267;0.99543;0.0215242;0.984404;1;3;1
560.531;1457.06;2.13504;3.54908;-0.00478044;-0.00281306;0.000168098;-0.0027988;-0.0047947;0.99118;0.00192265;0.00436807;0.993056;0.0347268;0.95894;1;3;1
583.531;1457.06;1.94245;3.5962;-0.00716816;-0.00131649;-0.000939692;-0.00116929;-0.00731536;1.00356;0.00257778;-0.00285912;0.999937;0.0304871;0.982388;1;4;1
606.531;1457.06;1.804;3.65215;-0.00690938;-0.00364382;-0.000970608;-0.00337711;-0.00717609;0.984992;0.00609665;-0.00128045;0.99201;0.0273295;0.979277;1;3;1
629.531;1457.06;1.62346;3.65953;-0.00478892;-0.00572451;-0.00142841;-0.00375366;-0.00675977;0.9948;0.00776819;0.00128735;0.994581;0.0291391;0.973054;1;3;1
652.531;1457.06;1.58317;3.67333;-0.00354043;-0.00593715;-0.000710381;-0.0033457;-0.00613189;0.996516;0.0106952;-0.00871699;0.991153;0.0270528;0.976742;1;3;1
675.531;1457.06;1.46023;3.74599;-0.00458294;-0.00424236;6.00139e-05;-0.00423209;-0.0045932;0.993663;0.00127526;-0.00279223;0.996094;0.0234672;0.988057;1;3;1
698.531;1457.06;1.37163;3.82398;-0.00624682;-0.00701733;-0.000294586;-0.0061471;-0.00711705;0.994348;0.00701503;0.0010292;0.994823;0.0224251;0.986126;1;4;1
721.531;1457.06;1.17195;3.79697;-0.0074132;-0.00562469;0.000369727;-0.00555127;-0.00748661;0.997059;0.00656291;-0.00847237;0.996406;0.0264067;0.982248;1;3;1
744.531;1457.06;1.02924;3.92109;-0.00522226;-0.00654019;0.00123505;-0.00448137;-0.00728108;0.991137;0.0032432;0.00320972;0.993851;0.0237299;0.982883;1;4;1
767.531;1457.06;0.930699;3.98726;-0.00543916;-0.00401793;0.00104871;-0.00346175;-0.00599534;0.99229;0.00535862;-0.0108491;0.998269;0.027809;0.980542;1;3;1
790.531;1457.06;0.778096;4.07528;-0.00518902;-0.00446124;-0.000422108;-0.00426782;-0.00538244;0.997512;0.0042738;-0.000744223;0.992258;0.0243668;0.985909;1;3;1
813.531;1457.06;0.691172;4.12561;-0.00419484;-0.00505064;-0.000362419;-0.00406199;-0.0051835;0.995197;0.00285024;-0.00488268;0.991479;0.0274506;0.977997;1;3;1
836.531;1457.06;0.584598;4.18395;-0.00522083;-0.00344564;-0.00115778;-0.00287437;-0.0057921;0.995305;-0.00104346;0.000618412;0.993922;0.0238656;0.987795;1;3;1
859.531;1457.06;0.450381;4.11082;-0.00651092;-0.00399939;-0.00171687;-0.00312805;-0.00738226;0.988213;0.00124253;0.0027873;0.999435;0.0204118;0.984274;1;3;1
882.531;1457.06;0.2841;4.14833;-0.00594185;-0.00617115;0.00043424;-0.00560738;-0.00650562;1.00062;0.00181875;-0.00327952;1.00001;0.02285;0.979198;1;4;1
905.531;1457.06;0.176046;4.24377;-0.0060056;-0.00380099;0.000942307;-0.00345312;-0.00635347;0.993826;0.00233122;-0.00655305;0.998781;0.0271184;0.978687;1;3;1
928.531;1457.06;0.0066732;4.32332;-0.00507546;-0.00359237;-0.000255783;-0.00354949;-0.00511833;0.992563;0.00388589;0.00126006;1.00832;0.0276223;0.969943;1;4;1
951.531;1457.06;-0.0581016;4.32965;-0.00420117;-0.00505735;-0.000649139;-0.00385167;-0.00540684;0.99903;0.00258875;-0.00634125;1.00392;0.0259347;0.97463;1;3;1
974.531;1457.06;-0.187002;4.35865;-0.00712091;-0.00494273;-0.00152966;-0.00415406;-0.00790958;0.991329;0.00856799;0.00340472;0.991981;0.0268553;0.976416;1;3;1
997.531;1457.06;-0.386839;4.33759;-0.007261;-0.00197747;-0.00109011;-0.0017614;-0.00747707;0.990134;0.00824396;-0.00437087;0.995575;0.0230894;0.981398;1;3;1
1020.53;1457.06;-0.522264;4.41502;-0.00521239;-0.00384196;-0.00233395;-0.00209472;-0.00695964;0.994759;0.0128804;0.00343511;0.997636;0.0250591;0.981601;1;3;1
1043.53;1457.06;-0.627239;4.35061;-0.00396389;-0.00294265;-0.000745315;-0.00254982;-0.00435672;0.992853;0.00447101;-0.00122442;0.998087;0.0317116;0.965227;1;3;1
1066.53;1457.06;-0.704984;4.45556;-0.00730281;-0.00251506;0.00218201;-0.00166983;-0.00814804;0.991609;0.00151335;-0.00328195;0.990602;0.030738;0.970035;1;3;1
1089.53;1457.06;-0.964819;4.5453;-0.00989746;-0.00490405;-0.00172154;-0.00436806;-0.0104334;0.988626;0.00812114;-0.00227927;0.99662;0.0254198;0.975196;1;4;1
1112.53;1457.06;-1.16262;4.54214;-0.00761388;-0.0046732;-0.0016651;-0.00392217;-0.0083649;0.996751;0.00799905;0.00534375;0.99529;0.0238158;0.983567;1;3;1
1135.53;1457.06;-1.3164;4.56297;-0.00453241;-0.00419657;-0.00134389;-0.00301015;-0.00571883;0.999907;-0.00210042;-0.00832069;0.997336;0.0264166;0.984778;1;3;1
1158.53;1457.06;-1.3716;4.57752;-0.00507321;-0.00373335;-0.00123501;-0.00299827;-0.00580829;0.988497;0.00680883;0.00263538;0.996364;0.0228645;0.983246;1;3;1
1181.53;1457.06;-1.55039;4.61136;-0.00754314;-0.0050684;-0.00119085;-0.00458845;-0.00802309;0.996525;0.00226145;-0.00463691;0.991362;0.0260426;0.980564;1;3;1
1204.53;1457.06;-1.72;4.67114;-0.00596794;-0.00227211;-0.000668376;-0.00215495;-0.0060851;0.993715;0.00654174;-0.00270949;0.999934;0.025545;0.980251;1;3;1
1227.53;1457.06;-1.8258;4.68691;-0.00625092;-0.00237133;0.000717251;-0.00224297;-0.00637927;0.991946;-0.000198923;-0.000324377;1.00038;0.0222072;0.986479;1;3;1
1250.53;1457.06;-2.00853;4.75933;-0.00457934;-0.00323582;-0.00036192;-0.00314453;-0.00467063;0.996033;-0.00367482;-0.00107966;0.99281;0.023149;0.983455;1;3;1
1273.53;1457.06;-2.03699;4.75786;-0.00123661;-0.00345532;-0.0019952;-6.30963e-05;-0.00462883;0.996644;-0.00139359;0.00202191;0.994198;0.029717;0.975223;1;3;1
31.5305;1434.06;4.49549;2.4801;0.00117372;-0.00453155;0.00286311;0.00236273;-0.00572056;1.00223;0.00857773;-0.0094837;0.995445;0.0271675;0.978804;1;3;1
54.5305;1434.06;4.52239;2.54307;-0.000576372;-0.00540723;0.000177969;-0.000569824;-0.00541378;0.995573;0.00154282;0.00338505;0.993121;0.0246589;0.987099;1;4;1
77.5306;1434.06;4.46885;2.58541;-0.00205148;-0.00427501;0.00130645;-0.00144778;-0.00487871;0.99696;-0.00126608;-0.00167971;0.994593;0.0215585;0.989796;1;3;1
100.531;1434.06;4.42785;2.62631;-0.00482714;-0.00388207;0.0015008;-0.00278118;-0.00592804;0.996882;-0.00672145;-0.00278896;0.990025;0.0236272;0.986641;1;3;1
123.531;1434.06;4.24603;2.73078;-0.00558323;-0.00241502;0.0019725;-0.00146927;-0.00652898;0.992451;-0.00487812;-0.00343305;0.997156;0.0256353;0.981022;1;3;1
146.531;1434.06;4.17015;2.74375;-0.00502847;-0.00334195;0.000354667;-0.0032704;-0.00510002;0.997791;-0.000595616;0.000108259;0.995934;0.0246379;0.989197;1;3;1
169.531;1434.06;4.014;2.84485;-0.00368383;-0.00327736;0.000908291;-0.00254984;-0.00441134;0.991776;-0.00168836;-0.00365859;0.999414;0.0269619;0.980473;1;3;1
192.531;1434.06;4.00002;2.92574;-0.00418603;-0.00490111;0.00127018;-0.00322402;-0.00586312;1.00342;-0.00303292;-0.00853128;0.993292;0.0248706;0.986432;1;4;1
215.531;1434.06;3.82098;2.91961;-0.00722002;-0.00384235;0.00139527;-0.00334054;-0.00772183;0.98292;-0.00441945;0.000297569;0.996953;0.0254154;0.983879;1;3;1
238.531;1434.06;3.66665;2.98348;-0.00547988;-0.00527501;0.000541145;-0.00482669;-0.0059282;0.997247;-0.00410092;-0.0045219;0.993609;0.0263222;0.981983;1;3;1
261.531;1434.06;3.56798;3.0624;-0.0040657;-0.00210363;-0.000615094;-0.00192675;-0.00424258;0.992333;-0.00431458;-0.00373671;0.99525;0.0235656;0.99034;1;3;1
284.531;1434.06;3.47909;3.10233;-0.00428777;-0.00513919;0.000186689;-0.00424863;-0.00517833;1.00006;-0.00206696;-0.00391398;0.995142;0.0252913;0.986279;1;3;1
307.531;1434.06;3.37023;3.15321;-0.00505526;-0.00479412;0.000816937;-0.00409739;-0.005752;0.994065;-0.0015706;0.00124621;0.996318;0.0219089;0.988645;1;4;1
330.531;1434.06;3.24583;3.21173;-0.00595211;-0.00540414;0.000872717;-0.00476341;-0.00659284;0.994204;0.00392162;-0.00343374;0.997039;0.0216843;0.98663;1;3;1
353.531;1434.06;3.09542;3.28636;-0.00471831;-0.00530434;0.000327013;-0.00457224;-0.00545041;0.991881;0.00069547;-0.00388631;0.996462;0.0199418;0.989425;1;3;1
376.531;1434.06;3.02825;3.25321;-0.00273966;-0.00521322;0.000406532;-0.00267456;-0.00527832;0.997199;-0.000230686;-0.00359737;0.996126;0.0266698;0.985155;1;3;1
399.531;1434.06;2.96921;3.32479;-0.00321636;-0.00389456;-0.000649119;-0.00282311;-0.00428781;1.00136;0.0046352;0.00178129;0.997575;0.0226618;0.988847;1;4;1
422.531;1434.06;2.87989;3.37736;-0.00557093;-0.00502062;0.0011129;-0.00414936;-0.00644219;0.992209;-0.00622034;-0.00153255;0.993166;0.0232397;0.988814;1;3;1
445.531;1434.06;2.71207;3.44274;-0.00598295;-0.00350705;0.00071433;-0.00331574;-0.00617427;0.996656;-0.00124238;-0.00578;0.996816;0.0242084;0.98177;1;4;1
468.531;1434.06;2.60374;3.47649;-0.00513445;-0.00294634;-0.000459161;-0.00285389;-0.0052269;0.990656;-0.000207247;0.00192467;0.996053;0.0214519;0.987628;1;3;1
491.531;1434.06;2.4752;3.52863;-0.00681458;-0.00387552;0.000712189;-0.00371204;-0.00697806;0.995783;-0.00787278;-0.00205026;0.99199;0.0250566;0.985251;1;3;1
514.531;1434.06;2.28908;3.57758;-0.00619164;-0.00392488;-0.000166227;-0.00391276;-0.00620377;0.992919;0.0040472;-0.000992059;0.990396;0.0205241;0.988163;1;3;1
537.531;1434.06;2.18944;3.60341;-0.00367605;-0.0025577;-0.000166364;-0.00253347;-0.00370027;0.994426;0.00151237;-0.000293207;0.994405;0.0223713;0.98421;1;3;1
560.531;1434.06;2.11954;3.68964;-0.00233906;-0.00520521;4.87345e-05;-0.00233823;-0.00520604;0.99587;-0.00233708;-0.000370948;0.992232;0.0192322;0.991102;1;3;1
583.531;1434.06;2.0817;3.64115;-0.00508816;-0.0042332;-0.00108334;-0.00349604;-0.00582531;0.996447;0.00181003;-0.00264131;0.99324;0.0274219;0.977876;1;3;1
606.531;1434.06;1.88486;3.73499;-0.00728193;-0.00469271;0.000788976;-0.00447124;-0.0075034;0.997274;-0.00825833;-0.0106871;0.995843;0.0238395;0.986409;1;4;1
629.531;1434.06;1.74512;3.82695;-0.00485075;-0.00519958;-0.00149908;-0.00351597;-0.00653436;0.994752;0.0055366;-0.00180775;0.994199;0.0269723;0.978778;1;4;1
652.531;1434.06;1.66104;3.84801;-0.00438941;-0.00651195;-0.00160964;-0.00352267;-0.00737869;0.994549;-0.0031631;0.000306097;0.992355;0.0250113;0.981519;1;3;1
675.531;1434.06;1.54276;3.8279;-0.00618817;-0.00544377;0.000845045;-0.00489259;-0.00673935;0.995282;0.000380981;-0.00530918;0.993448;0.0250935;0.985215;1;3;1
698.531;1434.06;1.37524;4.00224;-0.00700237;-0.0038631;0.00122548;-0.00344137;-0.00742411;0.988039;-0.00302133;0.00043227;1.00255;0.0227706;0.985386;1;4;1
721.531;1434.06;1.21929;3.97132;-0.00582053;-0.00736265;-0.000527931;-0.00565711;-0.00752607;0.995358;-0.00594056;-0.00657118;0.990358;0.0228625;0.984127;1;4;1
744.531;1434.06;1.1067;4.0427;-0.0058701;-0.00454102;-0.000229942;-0.00450236;-0.00590876;0.993373;-0.00425584;0.00371757;0.995376;0.0206171;0.989694;1;3;1
767.531;1434.06;0.948408;4.04812;-0.00452123;-0.00376684;-0.000213073;-0.00371082;-0.00457725;0.996053;-0.00353907;-0.00379022;0.998405;0.0202557;0.988559;1;3;1
790.531;1434.06;0.898211;4.09994;-0.0042046;-0.00228046;-0.000850711;-0.00195829;-0.00452678;0.993225;0.00391477;-0.00138572;0.999927;0.0214746;0.990275;1;4;1
813.531;1434.06;0.754469;4.15248;-0.0068236;-0.00289082;-0.000574942;-0.00280849;-0.00690593;0.993745;0.0124768;-0.00284042;1.00426;0.0267226;0.98208;1;4;1
836.531;1434.06;0.583209;4.15852;-0.00696501;-0.00103833;-0.000215797;-0.00103048;-0.00697286;0.997335;0.00594763;0.000103028;0.999359;0.0281563;0.988096;1;3;1
859.531;1434.06;0.432899;4.22383;-0.00577659;-0.00333292;0.0012184;-0.00282925;-0.00628027;0.989079;-0.000104365;-0.00157779;0.99352;0.01995;0.990986;1;3;1
882.531;1434.06;0.316377;4.3342;-0.00640999;-0.00613554;0.000277125;-0.00596352;-0.00658201;0.992057;0.00137004;-0.00224954;0.98328;0.0209909;0.985569;1;3;1
905.531;1434.06;0.136995;4.31646;-0.00572092;-0.00348238;-0.000674558;-0.00329482;-0.00590848;0.994239;0.00445359;-0.00276568;0.994948;0.0276642;0.97985;1;4;1
928.531;1434.06;0.0524546;4.34934;-0.00545867;-0.0015813;-0.00121721;-0.00123086;-0.00580911;0.992679;8.27327e-05;0.00280348;0.989385;0.0244144;0.979665;1;4;1
951.531;1434.06;-0.11481;4.35564;-0.00570869;-0.00310962;-0.000958039;-0.00279465;-0.00602366;0.993158;-0.00133803;-0.000179427;0.991985;0.0251807;0.98642;1;3;1
974.531;1434.06;-0.210914;4.38562;-0.00500064;-0.00378045;0.000167338;-0.00375792;-0.00502318;0.995483;-0.00236033;0.00135874;0.998899;0.0251606;0.978266;1;3;1
997.531;1434.06;-0.345423;4.37771;-0.00454963;-0.00304033;-0.000599973;-0.00283089;-0.00475907;0.997364;0.00145649;-0.00412787;0.997739;0.0247752;0.978934;1;3;1
1020.53;1434.06;-0.420719;4.4495;-0.00478032;-0.00318086;-0.000216517;-0.00315207;-0.00480911;0.988223;0.00407255;-0.00333969;0.997343;0.0303558;0.963985;1;4;1
1043.53;1434.06;-0.565942;4.47124;-0.00589755;-0.00607108;-0.00117368;-0.00480743;-0.0071612;0.995815;0.00486207;0.00192612;0.991188;0.0238454;0.978331;1;3;1
1066.53;1434.06;-0.692824;4.48337;-0.00674437;-0.00344964;0.000628002;-0.00333399;-0.00686001;0.993422;0.00457051;-0.007286;1.00434;0.024391;0.982382;1;3;1
1089.53;1434.06;-0.877366;4.58025;-0.00748581;-0.0018765;0.000340593;-0.0018559;-0.00750641;0.98927;0.000471109;0.00446321;0.997958;0.0241511;0.982651;1;3;1
1112.53;1434.06;-1.03866;4.61486;-0.00774878;-0.00419224;-0.00137379;-0.0037234;-0.00821763;0.996333;0.00158063;-0.0019394;0.997242;0.0224598;0.986951;1;2;1
1135.53;1434.06;-1.23525;4.64895;-0.00442235;-0.00397157;-0.000501038;-0.00364756;-0.00474636;0.994973;0.00495159;-0.00558498;0.998982;0.0219782;0.984966;1;3;1
1158.53;1434.06;-1.24264;4.71209;-0.00502842;-0.00474365;-0.000408921;-0.00445304;-0.00531903;0.993018;0.00542027;0.00243915;0.991561;0.0212534;0.984032;1;3;1
1181.53;1434.06;-1.46726;4.75081;-0.00931779;-0.00483996;-0.00135941;-0.00445957;-0.00969817;0.989716;0.00245105;-0.00204552;0.997381;0.0258333;0.983159;1;3;1
1204.53;1434.06;-1.67328;4.73524;-0.00703765;-0.00517272;-0.00175237;-0.00412016;-0.0080902;0.993548;-0.00672419;0.000713927;0.992815;0.0265952;0.983547;1;3;1
1227.53;1434.06;-1.79214;4.76079;-0.00524839;-0.00495277;-0.000556895;-0.00452441;-0.00567676;0.997077;0.00421915;-0.00509262;0.993164;0.0248061;0.981306;1;3;1
1250.53;1434.06;-1.91554;4.86747;-0.0050051;-0.00345811;-0.000251349;-0.0034183;-0.00504491;0.99575;0.00795454;0.00265308;0.999996;0.0254998;0.988182;1;3;1
1273.53;1434.06;-2.0232;4.91271;-0.00466834;-0.00333981;-0.000162323;-0.00332026;-0.00468789;0.992528;0.00977627;-0.00699668;0.99589;0.029361;0.97923;1;3;1
31.5305;1411.06;4.63425;2.57762;0.00143603;-0.00405483;0.000595657;0.00149991;-0.0041187;1.00319;-0.00305502;-0.00771774;0.998561;0.0291352;0.980191;1;3;1
54.5305;1411.06;4.66704;2.677;-0.00342602;-0.00485728;0.000717032;-0.0031286;-0.00515469;0.996177;0.000652557;-0.000677132;0.999139;0.0247616;0.986623;1;4;1
77.5306;1411.06;4.47615;2.72254;-0.00603975;-0.00601209;0.000651751;-0.00537403;-0.00667782;1.00499;0.0030989;-0.00431101;0.99246;0.0228739;0.988132;1;3;1
100.531;1411.06;4.3883;2.75951;-0.00432276;-0.00525606;0.00106993;-0.00362214;-0.00595668;0.993259;0.00506892;0.000487487;1.00055;0.0242534;0.989186;1;3;1
123.531;1411.06;4.2768;2.80555;-0.00407837;-0.00437041;0.000333733;-0.00386011;-0.00458867;0.99403;0.00745446;-0.00427707;0.996572;0.0227204;0.987537;1;3;1
146.531;1411.06;4.20017;2.87059;-0.00437594;-0.00537908;0.000349331;-0.00426627;-0.00548874;0.994391;0.00175517;-0.000400624;0.992294;0.0232278;0.986692;1;3;1
169.531;1411.06;4.07495;2.90988;-0.00513911;-0.00404574;0.000744391;-0.00366886;-0.00551599;0.994764;0.00585497;-0.00586957;1.00054;0.0245627;0.983812;1;3;1
192.531;1411.06;3.9629;3.02573;-0.00469798;-0.00436166;0.00130005;-0.00321894;-0.0058407;1.00144;0.00324742;-0.00130374;0.997596;0.0266151;0.982844;1;4;1
215.531;1411.06;3.85825;2.9959;-0.00447395;-0.00617105;0.000742954;-0.00419466;-0.00645034;0.992474;0.00597005;-0.00147743;0.992245;0.0225254;0.989358;1;3;1
238.531;1411.06;3.75642;3.16723;-0.0043094;-0.00593892;0.000322411;-0.00424793;-0.00600039;0.994384;0.000751569;-0.00484457;0.994767;0.0263619;0.983739;1;4;1
261.531;1411.06;3.65939;3.13025;-0.00468137;-0.00465878;-0.000254252;-0.00441557;-0.00492458;0.988482;-0.0023499;-0.00580458;0.995928;0.0269911;0.982931;1;4;1
284.531;1411.06;3.54051;3.2401;-0.0068521;-0.0044859;0.00116337;-0.00400974;-0.00732826;0.994717;0.0037835;-5.02407e-05;0.996663;0.0255986;0.985492;1;3;1
307.531;1411.06;3.34285;3.28241;-0.00480801;-0.00448096;0.000351934;-0.00425642;-0.00503256;0.997009;-0.000878818;-0.00571598;0.99628;0.0250788;0.987025;1;3;1
330.531;1411.06;3.31869;3.34356;-0.00488559;-0.00477938;-0.00010339;-0.00471625;-0.00494871;0.99504;-0.00210303;-0.00101083;0.993875;0.0232551;0.985561;1;3;1
353.531;1411.06;3.11748;3.37124;-0.00606073;-0.00371576;-0.000369334;-0.00365897;-0.00611752;0.989185;-0.00279698;0.0020602;0.999082;0.0272342;0.978479;1;4;1
376.531;1411.06;3.03904;3.35546;-0.00256828;-0.00580294;7.87211e-05;-0.00256636;-0.00580486;1.00259;0.000414772;-0.00595153;0.999184;0.0255707;0.983392;1;3;1
399.531;1411.06;2.99912;3.44666;-0.0040954;-0.00619688;0.00132255;-0.003457;-0.00683528;0.993571;0.00201619;-0.00220602;0.996752;0.0232431;0.987258;1;3;1
422.531;1411.06;2.84992;3.53494;-0.00511491;-0.00786238;0.00150823;-0.00444857;-0.00852872;0.9919;-0.00123152;-0.00190997;0.994952;0.024735;0.98527;1;3;1
445.531;1411.06;2.76306;3.57137;-0.00453033;-0.00402914;-8.0648e-05;-0.00401648;-0.00454298;0.999579;0.00133946;-0.00227969;0.999693;0.0228427;0.984094;1;3;1
468.531;1411.06;2.64101;3.5948;-0.00660976;-0.00561028;0.0004014;-0.00546904;-0.00675101;0.990246;0.000830977;0.000452062;0.997616;0.0196315;0.989841;1;3;1
491.531;1411.06;2.45792;3.65694;-0.00648594;-0.0058612;0.000192776;-0.0058065;-0.00654064;0.994423;0.00478473;-0.00648426;0.995549;0.0219916;0.986077;1;4;1
514.531;1411.06;2.34154;3.70697;-0.00363421;-0.006554;-0.00158917;-0.00293615;-0.00725206;0.993226;-0.000253218;-0.000469826;0.996477;0.0246547;0.978883;1;3;1
537.531;1411.06;2.29044;3.67532;-0.00376026;-0.0067127;-0.000451956;-0.00369263;-0.00678034;0.99593;0.00254121;0.00053404;0.99383;0.0189794;0.986374;1;3;1
560.531;1411.06;2.16817;3.78916;-0.00438765;-0.00594215;0.000634818;-0.00416135;-0.00616845;0.995041;0.00419818;-0.00481498;0.997661;0.0205695;0.988721;1;3;1
583.531;1411.06;2.08802;3.79157;-0.00544009;-0.00714181;0.00117137;-0.00484317;-0.00773873;0.996931;-0.00532286;-0.000587504;0.996292;0.0208563;0.991339;1;4;1
606.531;1411.06;1.91717;3.86867;-0.00461661;-0.00534351;0.000387994;-0.00444843;-0.00551169;0.990507;0.00757804;-0.00837151;0.99561;0.0243282;0.982564;1;4;1
629.531;1411.06;1.87503;3.90003;-0.00399615;-0.00404304;-0.000101173;-0.00391574;-0.00412345;0.995236;0.00248623;0.00192714;0.993249;0.0293036;0.976839;1;4;1
652.531;1411.06;1.73286;3.97411;-0.00733326;-0.00240703;0.000251366;-0.00239424;-0.00734605;0.991985;0.00129745;-0.00510503;0.998139;0.0279441;0.964753;1;3;1
675.531;1411.06;1.53635;3.99715;-0.0071674;-0.00482297;-0.000411749;-0.00475276;-0.00723761;0.988893;0.0101596;0.00236913;0.996331;0.0262755;0.980316;1;4;1
698.531;1411.06;1.40196;4.00204;-0.00595906;-0.00479711;3.19785e-05;-0.00479623;-0.00595994;0.998549;0.0065557;-0.00230638;0.993771;0.0232022;0.988207;1;4;1
721.531;1411.06;1.2612;4.137;-0.0059465;-0.00468501;0.000288151;-0.0046223;-0.00600921;0.988329;0.00760596;-0.00693686;0.998514;0.0248142;0.982244;1;4;1
744.531;1411.06;1.12742;4.13056;-0.00549605;-0.00404193;-0.00107756;-0.00346909;-0.00606889;0.993418;0.00757243;0.00262086;0.995278;0.0248134;0.982741;1;3;1
767.531;1411.06;1.00768;4.16092;-0.00360527;-0.00627009;-0.00124025;-0.00311737;-0.00675799;0.994874;0.00765119;-0.00354035;0.989708;0.0200547;0.987919;1;3;1
790.531;1411.06;0.961254;4.18067;-0.00443212;-0.00524216;0.000343886;-0.00430582;-0.00536846;0.999222;-0.00219794;0.000827221;0.995457;0.0234753;0.985166;1;3;1
813.531;1411.06;0.80324;4.25892;-0.00617343;-0.00527313;-0.000755492;-0.00484385;-0.00660271;0.993646;-0.00609811;-0.00190751;0.993237;0.0221156;0.991187;1;4;1
836.531;1411.06;0.676366;4.23183;-0.00627343;-0.00496433;-0.00140675;-0.0040673;-0.00717046;0.997198;-0.000290427;0.00294544;0.995709;0.0238669;0.981503;1;3;1
859.531;1411.06;0.513751;4.26443;-0.00703667;-0.00512414;0.00180561;-0.0040372;-0.00812361;0.98946;-0.000208564;-0.00825921;0.994472;0.023393;0.985302;1;3;1
882.531;1411.06;0.351096;4.43148;-0.0056341;-0.00185357;3.09822e-05;-0.00185332;-0.00563436;0.997325;0.000867051;-0.0012998;1.00369;0.0218983;0.98505;1;4;1
905.531;1411.06;0.253634;4.40431;-0.00417544;-0.00491504;-0.00249138;-0.00202656;-0.00706392;0.996709;-0.000580304;0.000240934;0.997668;0.0234751;0.98456;1;3;1
928.531;1411.06;0.158609;4.39637;-0.00404951;-0.00402763;-0.00101244;-0.00302608;-0.00505107;0.994515;0.00459325;-0.00329343;1.00048;0.0211119;0.990812;1;3;1
951.531;1411.06;0.0669266;4.47308;-0.00733783;-0.00324216;-0.00062592;-0.00314864;-0.00743135;0.992427;0.00918596;-0.00344948;0.996822;0.0236313;0.976804;1;3;1
974.531;1411.06;-0.180383;4.53288;-0.00724188;-0.00483023;-0.00144538;-0.00415374;-0.00791838;0.993633;0.00353522;0.00209331;0.996812;0.0220106;0.987982;1;3;1
997.531;1411.06;-0.267415;4.47781;-0.00494792;-0.00634189;-0.00154086;-0.00395374;-0.00733607;0.987454;0.00877459;-0.00227627;0.995421;0.0293778;0.980515;1;3;1
1020.53;1411.06;-0.408562;4.56172;-0.00470811;-0.00536414;-0.00019815;-0.0046529;-0.00541935;0.995768;0.000201502;-0.00389343;0.998281;0.0260416;0.98436;1;3;1
1043.53;1411.06;-0.484757;4.63095;-0.00531599;-0.00614596;-0.000879937;-0.00475809;-0.00670386;0.995909;0.00255037;-0.00168649;0.994171;0.02607;0.977815;1;3;1
1066.53;1411.06;-0.653781;4.61454;-0.00821368;-0.00476233;-0.000662074;-0.00463968;-0.00833632;0.989466;0.00277489;0.00121188;0.994268;0.0237305;0.987509;1;3;1
1089.53;1411.06;-0.86415;4.63181;-0.00676735;-0.00358019;-0.00111811;-0.00322706;-0.00712047;0.991187;0.000468232;-0.00661406;0.995713;0.0239375;0.98089;1;3;1
1112.53;1411.06;-0.966301;4.73581;-0.00668495;-0.00457441;-0.000568662;-0.00443094;-0.00682842;0.995125;0.00280135;-0.00071691;0.992149;0.0207124;0.985568;1;3;1
1135.53;1411.06;-1.17284;4.74625;-0.00575644;-0.00416413;-0.00260539;-0.00223596;-0.00768461;0.996933;-0.00252412;-0.00227967;0.99393;0.0227988;0.983995;1;3;1
1158.53;1411.06;-1.2319;4.79647;-0.00494356;-0.00326499;0.000765787;-0.00296812;-0.00524042;0.990277;-0.00254467;0.00135155;1.00136;0.0224285;0.987022;1;3;1
1181.53;1411.06;-1.40089;4.83478;-0.00683714;-0.0015726;0.000208694;-0.00156434;-0.0068454;0.99215;-0.000661707;-0.000605358;1.00356;0.0238618;0.982471;1;4;1
1204.53;1411.06;-1.54764;4.91003;-0.00522674;-0.00357297;-0.000393587;-0.00348407;-0.00531563;0.993071;0.0066798;-0.0050829;0.999504;0.0257328;0.980671;1;3;1
1227.53;1411.06;-1.64202;4.91568;-0.00618718;-0.00442958;-0.00128619;-0.00375063;-0.00686612;0.997483;-0.00236138;-0.00256136;0.996447;0.0222879;0.99021;1;4;1
1250.53;1411.06;-1.83313;4.91901;-0.00627069;-0.00259864;-0.00134501;-0.0021587;-0.00671064;0.995521;-0.00201852;0.000831794;0.997732;0.0247416;0.984917;1;3;1
1273.53;1411.06;-1.93139;4.91187;-0.00426265;-0.00254668;-0.000184327;-0.0025271;-0.00428223;0.997674;-0.00592138;-0.000791445;0.995033;0.0309784;0.97406;1;3;1
31.5305;1388.06;4.63845;2.66722;-0.00162178;-0.00428171;0.00152114;-0.000931185;-0.00497231;1.0017;0.0060635;-0.00598186;0.992552;0.0249336;0.98652;1;3;1
54.5305;1388.06;4.6009;2.76712;-0.00319041;-0.00445812;0.00186052;-0.00185873;-0.0057898;0.997018;0.00331599;-0.00344918;0.988129;0.0276146;0.982263;1;4;1
77.5306;1388.06;4.49104;2.86281;-0.00409721;-0.00345985;0.000452674;-0.00322494;-0.00433213;0.997266;0.000279689;-0.00440111;0.998255;0.0274902;0.979754;1;4;1
100.531;1388.06;4.41193;2.86873;-0.00357466;-0.0050138;0.000456076;-0.0034423;-0.00514616;0.995488;-0.00045879;-0.000918889;0.989669;0.0228363;0.986759;1;3;1
123.531;1388.06;4.32625;2.93233;-0.00368184;-0.00500315;0.000828772;-0.00328262;-0.00540237;0.99337;-0.000141961;-0.00137441;0.993844;0.0230164;0.991292;1;3;1
146.531;1388.06;4.24208;2.99191;-0.00489397;-0.00423737;0.00027937;-0.00413459;-0.00499675;0.997928;-0.00127665;-0.00162258;0.99683;0.0227534;0.989896;1;3;1
169.531;1388.06;4.10047;3.03142;-0.0059817;-0.00533445;0.00116643;-0.00444758;-0.00686857;0.992106;-0.00177012;-0.00361195;0.990216;0.0226424;0.985193;1;3;1
192.531;1388.06;3.9659;3.12683;-0.0044807;-0.00375889;0.0019221;-0.00216411;-0.00607548;0.999301;-0.00131779;-0.0036327;0.989044;0.0240411;0.983449;1;3;1
215.531;1388.06;3.89357;3.20442;-0.004224;-0.00593751;0.00129117;-0.00353119;-0.00663032;0.992688;4.55621e-05;-0.00135083;0.989881;0.0282862;0.984318;1;3;1
238.531;1388.06;3.77099;3.25761;-0.00496916;-0.00441426;0.000408252;-0.00419811;-0.00518532;0.995833;-0.00281502;0.00139675;0.988953;0.024486;0.984403;1;3;1
261.531;1388.06;3.66436;3.2773;-0.00535785;-0.00603325;5.8066e-05;-0.00535289;-0.0060382;0.997041;0.00040315;-0.00189829;0.988966;0.0256006;0.987622;1;2;1
284.531;1388.06;3.52384;3.30917;-0.00483788;-0.00481536;0.000640925;-0.0041856;-0.00546764;0.993893;0.000540067;-0.000719314;0.991583;0.0245781;0.984057;1;3;1
307.531;1388.06;3.4412;3.35985;-0.00389339;-0.00376927;-9.17211e-05;-0.00372058;-0.00394207;0.997393;0.00411626;-0.00498863;0.994426;0.0240173;0.986082;1;3;1
330.531;1388.06;3.34423;3.43221;-0.00649096;-0.0046496;0.000765326;-0.00437305;-0.00676752;0.99432;0.00393244;-0.00262423;0.995408;0.0259058;0.981832;1;3;1
353.531;1388.06;3.14154;3.45762;-0.00537632;-0.00421665;-7.69391e-05;-0.00421157;-0.00538141;0.995004;0.00472684;0.00143714;0.995131;0.0278966;0.984896;1;3;1
376.531;1388.06;3.09616;3.52098;-0.00250023;-0.00728692;0.000680985;-0.00240523;-0.00738191;0.999405;0.00266118;0.00143718;0.990763;0.0282214;0.983322;1;3;1
399.531;1388.06;3.02613;3.61077;-0.00500598;-0.00589985;0.00218043;-0.00322715;-0.00767868;0.994068;0.00218769;-0.0136757;0.991194;0.0242365;0.98657;1;4;1
422.531;1388.06;2.86478;3.74046;-0.00534856;-0.0051747;-0.0013685;-0.00389038;-0.00663289;0.996811;0.00499711;0.0105352;0.994161;0.0300291;0.97651;1;3;1
445.531;1388.06;2.77943;3.6285;-0.0046101;-0.00409697;-0.000498046;-0.00379329;-0.00491378;0.994053;0.000991791;-0.00380847;0.997747;0.026333;0.985378;1;3;1
468.531;1388.06;2.65223;3.73532;-0.00454454;-0.00432771;0.000697308;-0.00373044;-0.00514181;0.991054;0.00161759;-0.0038819;0.99225;0.0204682;0.988462;1;3;1
491.531;1388.06;2.56958;3.79914;-0.00429176;-0.00473199;-0.00029688;-0.0041423;-0.00488145;0.999926;0.00631058;-0.00378002;0.994145;0.0289377;0.986888;1;3;1
514.531;1388.06;2.45415;3.88036;-0.00555668;-0.00450369;-0.000434144;-0.00434778;-0.00571259;0.991286;0.0104657;-0.00512401;0.990588;0.020748;0.993015;1;3;1
537.531;1388.06;2.31312;3.91341;-0.00600645;-0.00706634;-0.000802372;-0.00557481;-0.00749798;0.995657;0.00212644;-0.000332016;0.992085;0.0278814;0.975507;1;3;1
560.531;1388.06;2.17694;3.96383;-0.00564416;-0.00469489;-0.000531316;-0.00445708;-0.00588197;0.99303;-0.00192277;0.000211022;0.994493;0.0225012;0.984299;1;3;1
583.531;1388.06;2.05271;3.97086;-0.00476179;-0.0053719;-0.00047006;-0.00450648;-0.00562722;0.995909;0.00463773;-0.000255753;0.991612;0.0226065;0.986988;1;3;1
606.531;1388.06;1.95737;3.98151;-0.00418229;-0.00509478;-0.00119741;-0.00335715;-0.00591992;0.9971;0.00257521;-0.0023489;0.993322;0.024455;0.986539;1;4;1
629.531;1388.06;1.8599;4.01345;-0.00481465;-0.00438395;-0.00140594;-0.00317697;-0.00602164;0.99864;0.00674393;-0.00319012;0.996822;0.0277144;0.985622;1;4;1
652.531;1388.06;1.73536;3.95893;-0.00544106;-0.00277691;0.000486221;-0.00269094;-0.00552702;0.992749;0.00422704;0.000604387;0.998156;0.0285935;0.966266;1;4;1
675.531;1388.06;1.60892;4.05034;-0.00482094;-0.00574311;0.00139327;-0.00381444;-0.00674961;0.991223;-0.00392381;-0.00240026;0.996484;0.0300167;0.98083;1;3;1
698.531;1388.06;1.51229;4.22365;-0.00622826;-0.00602686;0.000682895;-0.00543728;-0.00681784;0.993789;-0.0029328;-0.0117279;0.997047;0.0333835;0.963597;1;4;1
721.531;1388.06;1.32131;4.18746;-0.00611063;-0.00364627;-0.00139175;-0.00301963;-0.00673728;0.992621;-0.00222001;8.87547e-05;0.994785;0.0247387;0.988371;1;3;1
744.531;1388.06;1.23034;4.22917;-0.00451519;-0.0052482;-0.000160249;-0.00448169;-0.0052817;1.00238;0.00136067;-0.00578927;0.993851;0.0234882;0.98516;1;3;1
767.531;1388.06;1.1129;4.33775;-0.00576274;-0.00511038;-0.000970527;-0.00441269;-0.00646043;0.988699;0.00401985;-0.00325214;0.995902;0.0212925;0.988452;1;4;1
790.531;1388.06;0.964346;4.34177;-0.00514427;-0.00523424;-0.000640744;-0.00454693;-0.00583158;0.996058;0.00702004;0.000246274;0.992357;0.0220151;0.987685;1;3;1
813.531;1388.06;0.875612;4.39585;-0.00531948;-0.00432551;-0.00117467;-0.00354701;-0.00609797;1.00184;0.00863514;0.000228968;0.996899;0.0229754;0.990047;1;4;1
836.531;1388.06;0.718973;4.38765;-0.00887163;-0.00561638;-0.000492527;-0.00554349;-0.00894452;0.986914;-0.00156049;0.000658342;0.994268;0.0200705;0.988937;1;3;1
859.531;1388.06;0.465645;4.46016;-0.00574528;-0.00603987;-0.00249924;-0.00338899;-0.00839616;0.988965;0.00131337;-0.00394513;0.991446;0.0202545;0.988801;1;4;1
882.531;1388.06;0.453916;4.41975;-0.00289778;-0.00208416;-0.001104;-0.0013144;-0.00366753;1.00415;0.00520336;-0.00207494;0.997733;0.0256311;0.975515;1;3;1
905.531;1388.06;0.332078;4.54353;-0.00518247;-0.00476055;-0.000681541;-0.00425806;-0.00568495;0.986819;0.000204439;-0.00381926;0.987539;0.0260529;0.978133;1;3;1
928.531;1388.06;0.214755;4.53527;-0.00545851;-0.00580339;-0.0010027;-0.00461353;-0.00664837;0.991502;-0.00266912;0.00466224;0.995917;0.0262216;0.975609;1;3;1
951.531;1388.06;0.0802814;4.50544;-0.00621797;-0.00384848;-0.000481355;-0.00375443;-0.00631203;0.994745;-0.00393096;-0.004838;0.997157;0.0250299;0.972298;1;3;1
974.531;1388.06;-0.0722252;4.60856;-0.00550967;-0.00487826;0.000277794;-0.00477344;-0.00561449;0.996689;0.00374822;-0.000126903;0.994404;0.0212725;0.988145;1;4;1
997.531;1388.06;-0.174164;4.67069;-0.0038415;-0.00560703;-0.000576329;-0.00367002;-0.00577851;0.99195;0.00114832;-0.00143764;0.995749;0.0232774;0.981332;1;3;1
1020.53;1388.06;-0.249361;4.69724;-0.00558281;-0.00551045;-0.00101248;-0.00453351;-0.00655976;0.995462;0.00750044;-0.00420785;0.986866;0.0267458;0.976053;1;3;1
1043.53;1388.06;-0.431772;4.75503;-0.00825222;-0.00477186;-0.000991492;-0.00450922;-0.00851486;0.991144;0.00323407;-9.03478e-06;0.995346;0.024038;0.982046;1;3;1
1066.53;1388.06;-0.630543;4.703;-0.00477917;-0.00569198;-0.000888581;-0.00423663;-0.00623451;0.992947;-0.000522895;-0.0012817;0.994698;0.0270574;0.976495;1;3;1
1089.53;1388.06;-0.652143;4.74579;-0.00521682;-0.0056857;-2.16011e-05;-0.00521583;-0.00568669;0.992502;0.0128402;0.000657989;0.990625;0.0229414;0.983087;1;3;1
1112.53;1388.06;-0.871311;4.82607;-0.00609364;-0.00350706;-0.000478111;-0.00342151;-0.00617918;1.00035;0.00577383;-0.00262017;0.994377;0.0235572;0.983546;1;3;1
1135.53;1388.06;-0.93341;4.8419;-0.00765395;-0.00471357;-0.00175694;-0.00389284;-0.00847468;0.992891;0.00539474;-0.00342646;0.993196;0.0252697;0.983659;1;3;1
1158.53;1388.06;-1.22477;4.86252;-0.00949816;-0.0031486;-0.00169956;-0.00272231;-0.00992446;0.975407;0.00106735;0.000607957;0.993339;0.02519;0.982002;1;4;1
1181.53;1388.06;-1.37242;4.8233;-0.0071712;-0.00408222;-0.00154191;-0.0034443;-0.00780913;1.00555;0.00653231;0.00500126;0.991716;0.0272583;0.97512;1;4;1
1204.53;1388.06;-1.55585;4.90004;-0.00631526;-0.00392548;5.26971e-05;-0.00392432;-0.00631642;1.00212;0.00974652;-0.00412899;0.990255;0.0247788;0.985584;1;4;1
1227.53;1388.06;-1.66407;4.96518;-0.00518007;-0.00342967;3.96581e-05;-0.00342878;-0.00518097;0.992624;0.00418115;-0.00282914;0.994723;0.0199796;0.988563;1;3;1
1250.53;1388.06;-1.79483;4.98733;-0.00771712;-0.00461372;-0.00120865;-0.00419854;-0.0081323;0.985993;0.00623807;0.000912658;0.996557;0.0237471;0.985323;1;3;1
1273.53;1388.06;-2.02048;5.03001;-0.009761;-0.0061176;-0.000105057;-0.00611457;-0.00976403;0.995173;0.00450942;-0.00388451;0.995722;0.0298443;0.983692;1;3;1
31.5305;1365.06;4.69334;2.77504;-0.000105481;-0.00381072;0.00193612;0.000721591;-0.00463779;0.998412;-0.00201756;-0.00600013;0.997477;0.0246436;0.98861;1;4;1
54.5305;1365.06;4.69067;2.88254;-0.0034117;-0.00206299;0.000294686;-0.00200141;-0.00347327;0.997487;-0.00318631;-0.00306887;1.00291;0.0247989;0.982692;1;4;1
77.5306;1365.06;4.53601;2.882;-0.0059589;-0.002856;0.000443967;-0.00279373;-0.00602118;0.993684;0.00296235;-0.0029896;0.998623;0.0243768;0.986695;1;3;1
100.531;1365.06;4.41561;2.99074;-0.00460795;-0.00415259;0.00121895;-0.00314024;-0.0056203;0.997933;0.00158651;-0.00610259;1.00024;0.0243505;0.981031;1;4;1
123.531;1365.06;4.3233;3.0363;-0.00308328;-0.00466492;0.000366192;-0.00300261;-0.00474559;0.990861;0.00106165;0.00226975;0.997151;0.0254602;0.985956;1;3;1
146.531;1365.06;4.27349;3.06599;-0.004796;-0.00468836;0.00109361;-0.00364724;-0.00583711;1.00099;0.00491267;-0.00465714;0.992712;0.0235364;0.990136;1;3;1
169.531;1365.06;4.10199;3.15593;-0.00682236;-0.00477528;0.000902666;-0.00443411;-0.00716353;0.993524;0.00231805;-0.00328609;0.995274;0.023485;0.992333;1;3;1
192.531;1365.06;3.95839;3.19897;-0.00503821;-0.00450239;0.00129768;-0.00344525;-0.00609535;0.991595;-0.00359951;-0.00517493;0.993732;0.0255597;0.985289;1;3;1
215.531;1365.06;3.86951;3.26984;-0.0036125;-0.00380751;0.00174895;-0.00195834;-0.00546167;0.992028;-0.00111081;-0.00357681;0.995881;0.0260881;0.98599;1;3;1
238.531;1365.06;3.7916;3.37074;-0.00355335;-0.0035414;0.000117822;-0.0034294;-0.00366535;0.997282;-7.90118e-05;-0.00151888;0.998595;0.0291581;0.978641;1;3;1
261.531;1365.06;3.70555;3.40865;-0.00493767;-0.00556846;-0.00025536;-0.00484725;-0.00565888;0.994398;0.00339234;-0.00233576;0.997981;0.0218812;0.990107;1;3;1
284.531;1365.06;3.56381;3.46214;-0.00501218;-0.00581517;-0.00114867;-0.00419685;-0.00663049;0.994666;-0.00150946;0.000367682;0.994934;0.0270154;0.978417;1;3;1
307.531;1365.06;3.47438;3.45631;-0.00472659;-0.00472672;0.000375539;-0.00435111;-0.00510219;0.993522;0.00418545;-0.00405452;0.99793;0.0260613;0.98687;1;3;1
330.531;1365.06;3.34577;3.55795;-0.0056533;-0.00305923;0.000267426;-0.00303195;-0.00568058;0.995396;0.00214897;-0.00131937;0.992852;0.0205478;0.991011;1;3;1
353.531;1365.06;3.21346;3.56572;-0.00470465;-0.00506784;-0.000248413;-0.00457854;-0.00519396;0.996636;0.00307337;-0.00185292;0.995642;0.0231322;0.984772;1;3;1
376.531;1365.06;3.12865;3.69198;-0.00426063;-0.00535864;5.89512e-05;-0.00425747;-0.00536179;0.994429;-0.000922068;-0.00380496;0.992839;0.0258123;0.985075;1;3;1
399.531;1365.06;3.0168;3.71886;-0.00291623;-0.00368618;-0.000517507;-0.00265621;-0.0039462;0.999823;0.00164298;0.000418587;0.995457;0.0277513;0.979053;1;4;1
422.531;1365.06;2.99423;3.77382;-0.00461606;-0.00183367;-0.00128335;-0.00133214;-0.00511759;0.992298;0.00031277;-0.00555827;1.00054;0.027125;0.978645;1;3;1
445.531;1365.06;2.80395;3.76023;-0.005355;-0.00607007;-0.00113209;-0.00452533;-0.00689974;0.997404;0.00651312;-0.000604203;0.994488;0.0227399;0.988061;1;3;1
468.531;1365.06;2.74723;3.79444;-0.00376409;-0.00479384;0.000323573;-0.00367085;-0.00488707;0.995703;0.00159124;-0.00421807;0.999253;0.0239267;0.982524;1;4;1
491.531;1365.06;2.63033;3.87545;-0.0054411;-0.0045211;0.000296884;-0.00443361;-0.00552859;0.993813;0.00232568;-0.00318992;0.994316;0.0227961;0.986425;1;3;1
514.531;1365.06;2.4961;3.91487;-0.00395002;-0.00460206;0.000728671;-0.00347776;-0.00507432;0.995298;-0.00258102;0.00247684;0.997632;0.0228725;0.985926;1;3;1
537.531;1365.06;2.44809;4.0018;-0.00479651;-0.00356927;-0.000230304;-0.00352747;-0.0048383;0.996886;-0.000253751;-0.00219725;0.99826;0.0239283;0.98766;1;3;1
560.531;1365.06;2.27484;4.00576;-0.00647757;-0.00174999;-0.00104291;-0.00153014;-0.00669741;0.990098;0.00445977;-0.00355865;0.996985;0.0218263;0.991131;1;4;1
583.531;1365.06;2.14914;4.03939;-0.00443314;-0.00363057;-0.000827507;-0.00311218;-0.00495153;0.995375;0.00154721;-0.000371613;0.99733;0.0199942;0.988529;1;3;1
606.531;1365.06;2.07035;4.10388;-0.00361701;-0.0041894;-0.000749185;-0.00310122;-0.00470519;1.00166;0.00398499;-0.00334776;0.995229;0.0232392;0.988989;1;4;1
629.531;1365.06;1.98241;4.10226;-0.0074823;-0.00410175;-0.000816782;-0.00391475;-0.0076693;0.995603;0.000558034;0.00224625;0.994142;0.0219656;0.982084;1;4;1
652.531;1365.06;1.72487;4.10203;-0.00671878;-0.00731506;0.000912252;-0.00605719;-0.00797666;0.988084;-0.00102467;-0.00358057;0.990761;0.031647;0.980274;1;3;1
675.531;1365.06;1.67202;4.2623;-0.00539071;-0.00665668;0.00115067;-0.00471041;-0.00733698;0.99651;0.00237024;-0.00564073;0.992106;0.022625;0.985169;1;3;1
698.531;1365.06;1.47588;4.28018;-0.00599127;-0.00323637;-0.000135972;-0.00322968;-0.00599797;0.993085;-0.00186085;-0.000492062;0.997795;0.0233623;0.985137;1;4;1
721.531;1365.06;1.39557;4.30523;-0.00397827;-0.00505069;-0.000605217;-0.00370589;-0.00532306;0.996807;0.00525162;-0.00173934;1.00039;0.023722;0.986306;1;3;1
744.531;1365.06;1.29242;4.37291;-0.00402079;-0.00390361;-0.000713763;-0.00324604;-0.00467836;1.00004;0.00367611;0.00149716;0.995839;0.0218744;0.990131;1;3;1
767.531;1365.06;1.21015;4.39705;-0.00463691;-0.00363294;-0.00125894;-0.0027796;-0.00549025;0.990755;-0.00147293;-0.000245982;0.993536;0.0280695;0.977022;1;3;1
790.531;1365.06;1.0786;4.42223;-0.00546952;-0.00289537;-0.00137773;-0.00229705;-0.00606783;1.00128;-0.000796985;-0.0066733;0.995167;0.0216427;0.989133;1;3;1
813.531;1365.06;0.957819;4.45858;-0.00632639;-0.00399234;-0.000966663;-0.00364399;-0.00667475;0.988052;-0.00307764;0.0023183;0.994056;0.0209788;0.989273;1;3;1
836.531;1365.06;0.786608;4.49104;-0.00391912;-0.00532662;-0.000529863;-0.00374195;-0.00550379;1.00167;0.00833629;-0.000311909;0.993855;0.02173;0.984268;1;4;1
859.531;1365.06;0.777106;4.54387;-0.00542431;-0.00324566;-0.00254834;-0.00156358;-0.00710639;0.995261;0.0134192;-0.00113129;0.993716;0.0244942;0.986677;1;3;1
882.531;1365.06;0.536394;4.52783;-0.00746759;-0.00491572;-0.00163336;-0.00411901;-0.00826431;0.999533;-0.00228802;0.00304064;0.993163;0.0252226;0.976627;1;4;1
905.531;1365.06;0.432234;4.62416;-0.00699486;-0.00352228;0.000312565;-0.00349437;-0.00702277;0.989307;0.0086652;-0.0122084;0.994215;0.0270676;0.976138;1;4;1
928.531;1365.06;0.213294;4.66414;-0.00536096;-0.0049875;-0.00180423;-0.00336036;-0.00698809;0.99286;0.00236172;0.00680981;0.992004;0.0259349;0.971801;1;4;1
951.531;1365.06;0.184957;4.65061;-0.00550491;-0.00653171;-0.00104249;-0.00485626;-0.00718036;0.99599;0.0111688;2.53629e-05;0.993912;0.0257698;0.977113;1;3;1
974.531;1365.06;-0.0407295;4.75805;-0.00672829;-0.00439111;-0.00150821;-0.00365174;-0.00746766;0.992775;0.00183358;-0.00136364;0.990153;0.0257213;0.980151;1;4;1
997.531;1365.06;-0.125673;4.73668;-0.00411704;-0.00407728;-0.000319779;-0.00377676;-0.00441755;0.996195;-0.00101787;-0.00173665;0.998387;0.0195903;0.989052;1;3;1
1020.53;1365.06;-0.230542;4.81625;-0.00566163;-0.00331159;8.07396e-05;-0.00330882;-0.0056644;0.99283;-0.00460827;-0.00241212;1.00337;0.0221792;0.988382;1;3;1
1043.53;1365.06;-0.386993;4.85109;-0.00758593;-0.00255892;-0.000556477;-0.00249806;-0.0076468;0.994418;0.00276248;-0.0017967;1.0018;0.0245872;0.982515;1;3;1
1066.53;1365.06;-0.580869;4.87718;-0.00762559;-0.00601438;-0.00144184;-0.00516835;-0.00847162;0.994366;0.00599585;-0.00183585;0.990066;0.0250496;0.984899;1;3;1
1089.53;1365.06;-0.739138;4.89428;-0.00530791;-0.00566291;-0.0003091;-0.00512897;-0.00584185;0.990702;-0.012404;-0.000197533;1.00116;0.0260557;0.984276;1;3;1
1112.53;1365.06;-0.825689;4.89763;-0.00507825;-0.0036781;-0.000874708;-0.00325781;-0.00549854;0.990488;0.00995945;-0.0035708;1.00198;0.0228875;0.98239;1;3;1
1135.53;1365.06;-0.973387;4.96402;-0.00578834;-0.00439923;0.000703408;-0.00410526;-0.00608232;1.00037;0.0049145;4.67162e-05;0.997387;0.027015;0.978355;1;4;1
1158.53;1365.06;-1.09275;4.94174;-0.00535408;-0.00442324;-0.000221296;-0.00437331;-0.00540401;0.989682;0.00214004;-0.00445964;0.99629;0.0302985;0.973145;1;3;1
1181.53;1365.06;-1.22038;5.0233;-0.00687399;-0.00612525;-0.000944292;-0.00548382;-0.00751542;0.9901;0.00903164;-0.00091329;0.997944;0.0251119;0.983818;1;3;1
1204.53;1365.06;-1.41029;5.09116;-0.00731749;-0.00638828;-0.00232528;-0.00448164;-0.00922413;0.99821;0.00674515;-0.000142873;0.999181;0.0290921;0.97536;1;3;1
1227.53;1365.06;-1.55825;5.07379;-0.00532766;-0.00397529;-0.00151116;-0.00299593;-0.00630702;0.990315;0.0041437;-0.00348311;0.997527;0.0204454;0.9916;1;3;1
1250.53;1365.06;-1.65604;5.13208;-0.00601499;-0.0059015;-0.00062577;-0.00532991;-0.00658658;0.994556;0.00468899;-0.00347155;0.992587;0.0268719;0.980287;1;3;1
1273.53;1365.06;-1.83593;5.19425;-0.00778734;-0.0044152;-0.00154069;-0.00381729;-0.00838525;0.984178;0.00305216;0.00417979;0.992064;0.0261795;0.986115;1;3;1
31.5305;1342.06;4.67451;2.84286;0.000273908;-0.00391356;0.000228598;0.000286351;-0.003926;0.998824;-0.00145702;0.0031423;0.99495;0.0254014;0.988077;1;3;1
54.5305;1342.06;4.6808;2.86218;-0.00251385;-0.0026239;0.00188328;-0.000684785;-0.00445296;1.00113;-0.0039064;-0.00804554;0.994476;0.031995;0.976354;1;4;1
77.5306;1342.06;4.55848;2.99442;-0.00491701;-0.00331882;0.00183663;-0.00211497;-0.00612085;0.993987;0.00310795;0.000214364;0.997783;0.0278091;0.987157;1;4;1
100.531;1342.06;4.45363;3.06016;-0.00413558;-0.00375727;0.00126263;-0.0026697;-0.00522315;0.996346;-0.00426036;-0.0100165;0.995322;0.022429;0.987981;1;3;1
123.531;1342.06;4.36759;3.14744;-0.00418186;-0.00448821;0.00113248;-0.00319225;-0.00547782;0.992129;0.00332962;0.00464066;0.99317;0.0308103;0.987771;1;3;1
146.531;1342.06;4.26062;3.20809;-0.00471407;-0.00529716;0.000781818;-0.0041712;-0.00584002;0.997419;0.00583429;-0.00778315;0.99735;0.0240978;0.991815;1;3;1
169.531;1342.06;4.15011;3.25163;-0.0065127;-0.0041482;0.000168768;-0.00413621;-0.00652469;0.99165;0.00572917;-0.00115345;0.994071;0.0230081;0.987608;1;3;1
192.531;1342.06;3.95988;3.33441;-0.00533581;-0.00455676;0.000336335;-0.00443165;-0.00546092;0.997525;0.00319215;0.0007144;0.996942;0.0230133;0.989722;1;3;1
215.531;1342.06;3.90382;3.3799;-0.00132246;-0.00332389;-0.000355891;-0.00126106;-0.00338529;0.996896;0.00381162;-0.00160031;0.993976;0.0260614;0.984786;1;3;1
238.531;1342.06;3.89893;3.42098;-0.00269758;-0.00441464;0.00109477;-0.00216485;-0.00494736;0.997005;0.00499114;-0.00637847;0.996276;0.0253732;0.990869;1;4;1
261.531;1342.06;3.77931;3.53431;-0.00479241;-0.00279577;0.000378151;-0.00272655;-0.00486163;0.99228;0.000280915;-0.00555174;0.996007;0.0233922;0.988665;1;3;1
284.531;1342.06;3.67768;3.57771;-0.00600345;-0.00297784;-0.00133909;-0.00247031;-0.00651097;0.993401;0.00434382;0.00170837;0.998076;0.0237454;0.98607;1;3;1
307.531;1342.06;3.50229;3.57784;-0.00538751;-0.00386155;-0.000794045;-0.00352333;-0.00572573;0.989787;0.00177482;-0.00282751;0.994632;0.0243988;0.989973;1;3;1
330.531;1342.06;3.42918;3.57323;-0.00441799;-0.00315131;-0.000355585;-0.00305832;-0.00451098;1.00189;0.00116918;-0.000580509;1.00225;0.0252402;0.984201;1;3;1
353.531;1342.06;3.29847;3.69161;-0.00401527;-0.00525648;0.000619438;-0.00375903;-0.00551272;0.990248;0.00179865;-0.00713835;0.98796;0.0214536;0.9871;1;4;1
376.531;1342.06;3.24369;3.76838;-0.00309814;-0.00316783;-0.00105651;-0.0020759;-0.00419007;0.996842;0.0133091;0.000265973;0.996118;0.0235934;0.985907;1;4;1
399.531;1342.06;3.15565;3.78083;-0.00474444;-0.00403471;-0.00166183;-0.00269028;-0.00608887;0.995155;0.00799679;-0.00346536;0.999348;0.025139;0.983845;1;3;1
422.531;1342.06;3.02489;3.82517;-0.00543584;-0.00350076;0.000566457;-0.00334713;-0.00558946;0.997676;0.00209327;-0.0016148;0.994528;0.0231224;0.98672;1;4;1
445.531;1342.06;2.90474;3.90875;-0.00622516;-0.00512133;0.000143217;-0.00510305;-0.00624344;0.991693;0.0030427;-0.000654937;0.99479;0.0259888;0.988327;1;3;1
468.531;1342.06;2.73745;3.95644;-0.00524642;-0.00496955;0.000332565;-0.00474776;-0.00546821;0.99344;0.00528183;-0.00226558;0.996737;0.0317896;0.974485;1;4;1
491.531;1342.06;2.66266;4.00767;-0.00486054;-0.0045405;0.000940198;-0.0037468;-0.00565424;0.991691;-0.0021003;-0.00699368;0.994253;0.0194041;0.988361;1;3;1
514.531;1342.06;2.51311;4.09258;-0.00514319;-0.00423124;-0.000357425;-0.00410785;-0.00526658;0.997385;0.00129263;0.00466783;0.996764;0.0215445;0.989307;1;3;1
537.531;1342.06;2.42541;4.07802;-0.00437745;-0.00337924;-0.000973378;-0.00278447;-0.00497222;0.990677;0.00748397;-0.00256218;0.998279;0.0241695;0.98663;1;3;1
560.531;1342.06;2.31128;4.0446;-0.00429464;-0.00406899;-0.000131142;-0.00400882;-0.00435481;0.997066;0.00714189;0.00140154;0.999836;0.024298;0.979257;1;3;1
583.531;1342.06;2.22739;4.1385;-0.0048083;-0.00395768;-0.000760381;-0.00351174;-0.00525423;0.994895;0.00887128;-0.00410194;0.995708;0.0219486;0.97958;1;2;1
606.531;1342.06;2.08938;4.17482;-0.00636209;-0.00388691;-0.00012924;-0.00388018;-0.00636881;0.994536;-0.000559571;0.000310041;0.996473;0.0195183;0.989563;1;4;1
629.531;1342.06;1.93375;4.20258;-0.0060341;-0.00331724;0.00123252;-0.00284143;-0.00650991;0.989256;-0.00247093;-0.00353747;0.996545;0.0243872;0.982607;1;3;1
652.531;1342.06;1.81081;4.29672;-0.0054868;-0.0052701;-0.000632842;-0.0047364;-0.0060205;0.995698;0.00567592;-0.000802623;0.994818;0.0257141;0.979551;1;4;1
675.531;1342.06;1.6804;4.35763;-0.00526468;-0.00212415;-0.0014461;-0.00155972;-0.00582912;0.998752;0.00450596;-0.00427324;1.00258;0.0231628;0.986422;1;3;1
698.531;1342.06;1.56793;4.37279;-0.0045657;-0.00437873;-0.0014147;-0.00305442;-0.00589;0.998367;0.00819607;0.00233184;0.993732;0.0240849;0.987286;1;4;1
721.531;1342.06;1.46985;4.42062;-0.00390131;-0.00391092;-0.0015044;-0.00240171;-0.00541052;0.995176;0.00370172;-0.00471514;0.996668;0.023894;0.98448;1;3;1
744.531;1342.06;1.3881;4.40936;-0.00414686;-0.00157939;-0.000380383;-0.00152422;-0.00420203;0.995837;0.00546663;-0.00182298;0.997672;0.024428;0.98646;1;3;1
767.531;1342.06;1.27862;4.50547;-0.00508628;-0.00238569;0.0002392;-0.00236467;-0.0051073;0.992769;0.009532;0.00249777;0.999375;0.025861;0.979221;1;4;1
790.531;1342.06;1.15349;4.47554;-0.00530051;-0.00415284;-3.48006e-05;-0.00415179;-0.00530157;0.996632;0.00587188;-0.00707109;0.998508;0.0224554;0.984153;1;3;1
813.531;1342.06;1.03409;4.58014;-0.00650344;-0.00385877;0.00065196;-0.00370679;-0.00665542;0.989692;0.00671352;-0.00472758;0.997688;0.0244624;0.982653;1;3;1
836.531;1342.06;0.853077;4.63353;-0.0064106;-0.00612203;-0.000719609;-0.00553238;-0.00700024;0.99583;0.000208011;0.00125157;0.991794;0.0234552;0.985183;1;3;1
859.531;1342.06;0.73824;4.61051;-0.00362939;-0.00435617;0.000382185;-0.00346542;-0.00452015;0.996791;0.00383823;0.00380834;0.996682;0.0199212;0.992007;1;3;1
882.531;1342.06;0.685819;4.64702;-0.00646234;-0.00586453;-0.000205931;-0.00580046;-0.00652641;0.995253;0.00636736;-0.0088345;0.995879;0.0217988;0.987697;1;3;1
905.531;1342.06;0.439906;4.70597;-0.00601597;-0.0047749;2.07739e-05;-0.00477456;-0.00601631;0.994662;-0.00258774;0.000152006;0.997782;0.0236357;0.985655;1;3;1
928.531;1342.06;0.408093;4.76568;-0.00367281;-0.00551248;-0.00134063;-0.0029668;-0.0062185;0.993965;0.00572265;-0.0055862;0.991799;0.0254444;0.975553;1;4;1
951.531;1342.06;0.270533;4.80728;-0.0055134;-0.006208;-0.00111555;-0.00469234;-0.00702907;0.99686;-0.00210292;-0.00142454;0.99321;0.0307038;0.964938;1;3;1
974.531;1342.06;0.153751;4.81156;-0.00772912;-0.004189;-0.00242783;-0.00295448;-0.00896363;0.988982;0.0043998;0.00168949;0.998563;0.0251565;0.981441;1;4;1
997.531;1342.06;-0.0864199;4.85871;-0.00641158;-0.00544284;-0.000590978;-0.0051631;-0.00669132;0.994655;0.000352055;-0.00511397;0.992159;0.0225571;0.984005;1;4;1
1020.53;1342.06;-0.14215;4.84995;-0.00504192;-0.00339436;-0.00117007;-0.00278717;-0.00564911;0.992514;0.0105697;0.00373391;0.988358;0.0228918;0.982707;1;4;1
1043.53;1342.06;-0.318938;4.87303;-0.00674399;-0.00382374;-0.000463172;-0.00375204;-0.00681569;0.9935;0.00348748;-0.00639791;0.995594;0.0256882;0.980015;1;4;1
1066.53;1342.06;-0.453614;4.98084;-0.00615434;-0.0032641;0.000135458;-0.00325777;-0.00616068;0.993843;0.00282413;-0.000569054;0.999224;0.0240411;0.981506;1;3;1
1089.53;1342.06;-0.603111;5.00705;-0.00578677;-0.00535508;-0.00174391;-0.00381371;-0.00732814;0.995942;0.00670211;-0.00185922;0.990407;0.0257825;0.982915;1;3;1
1112.53;1342.06;-0.720583;4.99583;-0.0076057;-0.00481241;-0.00151614;-0.00414767;-0.00827044;0.986176;-0.00503269;-0.000391938;0.992831;0.0277428;0.981707;1;4;1
1135.53;1342.06;-0.954329;5.04471;-0.00918184;-0.00362775;-0.000457283;-0.00359035;-0.00921924;0.989043;0.00254939;-0.00431118;0.994154;0.0300695;0.968249;1;4;1
1158.53;1342.06;-1.14496;5.06652;-0.00392795;-0.00345742;-0.000808231;-0.00285091;-0.00453446;0.998966;0.00851997;-0.000658791;0.994547;0.0266533;0.983416;1;4;1
1181.53;1342.06;-1.13541;5.10655;-0.00313987;-0.00408955;0.000177996;-0.00310761;-0.00412182;0.998295;-0.00148218;-0.00381274;0.993322;0.0281717;0.98527;1;4;1
1204.53;1342.06;-1.2898;5.19562;-0.00753426;-0.00428872;-0.00136413;-0.00379153;-0.00803145;0.99231;0.000741163;0.00163723;0.992994;0.0244605;0.983123;1;3;1
1227.53;1342.06;-1.48332;5.14877;-0.00707476;-0.0043418;-0.00138991;-0.00375915;-0.00765741;0.990294;0.00272699;-0.000418746;0.993945;0.0261375;0.983644;1;3;1
1250.53;1342.06;-1.61645;5.25995;-0.00584068;-0.00275586;-0.000185883;-0.0027447;-0.00585184;0.991888;-0.000716965;-0.00138316;0.998118;0.024006;0.986014;1;3;1
1273.53;1342.06;-1.75286;5.23434;-0.00591303;-0.00294553;-0.00318379;-0.000916728;-0.00794183;0.989832;0.00844815;0.00238945;0.999453;0.0281606;0.985538;1;4;1
31.5305;1319.06;4.7108;2.95542;-0.00183473;-0.00387878;-0.000312927;-0.0017879;-0.00392561;0.998001;0.00270407;-4.33493e-05;0.996757;0.0308086;0.977225;1;3;1
54.5305;1319.06;4.66851;3.00341;-0.00317375;-0.00650236;0.000438141;-0.00311704;-0.00655907;0.999053;0.00664041;-0.00114523;0.993985;0.0232807;0.989064;1;3;1
77.5306;1319.06;4.5645;3.03493;-0.00468882;-0.00376096;0.00126862;-0.0028741;-0.00557568;0.995713;-0.000503423;-0.00856678;0.994593;0.0232602;0.985852;1;3;1
100.531;1319.06;4.45203;3.16391;-0.00428382;-0.00375703;0.00191311;-0.00208927;-0.00595158;0.996246;-0.000571277;-0.00164185;0.994856;0.021305;0.99186;1;3;1
123.531;1319.06;4.36655;3.24324;-0.00317844;-0.00233055;0.00149462;-0.00120091;-0.00430808;0.993271;-0.00610705;-0.00208806;0.995966;0.0313958;0.969244;1;3;1
146.531;1319.06;4.30536;3.31031;-0.0033303;-0.00322742;-0.000252509;-0.00302116;-0.00353655;0.999271;-0.0034643;-0.00908034;0.99637;0.026711;0.983726;1;4;1
169.531;1319.06;4.21298;3.34728;-0.00541141;-0.00380055;0.000431417;-0.00369228;-0.00551967;0.998615;-0.000726526;0.00117464;0.997116;0.0219661;0.991121;1;4;1
192.531;1319.06;4.05565;3.40916;-0.00486277;-0.003592;-0.000628421;-0.00333373;-0.00512105;0.989008;0.000650886;-0.00127928;0.991556;0.0229818;0.986618;1;3;1
215.531;1319.06;3.98869;3.42315;-0.00456777;-0.00320562;0.000167455;-0.00318533;-0.00458806;1.00102;-0.00177326;-0.00437568;0.995466;0.0226992;0.989146;1;3;1
238.531;1319.06;3.84475;3.5743;-0.00349179;-0.00456209;0.00105391;-0.00284495;-0.00520893;0.989579;-0.000977066;-0.00136914;0.99632;0.0189642;0.990879;1;3;1
261.531;1319.06;3.82764;3.5376;-0.00246081;-0.0024664;-0.000561007;-0.00190259;-0.00302462;1.00115;0.00402393;0.000563715;1.00201;0.0233254;0.98636;1;3;1
284.531;1319.06;3.73141;3.59964;-0.00615888;-0.00291245;-0.000238933;-0.00289496;-0.00617638;0.992729;0.00224875;-0.00274835;0.999775;0.0218616;0.991386;1;4;1
307.531;1319.06;3.54335;3.63434;-0.00517678;-0.00402355;-2.48377e-05;-0.00402301;-0.00517732;0.994748;0.00154394;-0.00707253;0.992964;0.0250104;0.983861;1;3;1
330.531;1319.06;3.49254;3.70338;-0.00416253;-0.00411348;0.000977133;-0.00316057;-0.00511545;0.99049;0.00292971;0.000113166;1.00052;0.0187758;0.993678;1;3;1
353.531;1319.06;3.35114;3.80836;-0.00383982;-0.00367827;0.000919653;-0.00283585;-0.00468224;0.999885;0.0020393;-0.00506362;1.00081;0.0223841;0.985297;1;3;1
376.531;1319.06;3.31537;3.83831;-0.00268753;-0.0028245;0.00106807;-0.00168576;-0.00382627;0.995426;-0.00328437;-0.00242435;0.998123;0.0231511;0.987579;1;3;1
399.531;1319.06;3.22725;3.90532;-0.00531767;-0.00561971;0.000486658;-0.00495914;-0.00597824;0.994767;-0.000604548;-0.00215023;0.990774;0.0247864;0.979551;1;3;1
422.531;1319.06;3.07;3.9352;-0.00660939;-0.00534167;0.000454802;-0.00519538;-0.00675567;0.989791;0.00211591;-0.00111358;0.990386;0.019255;0.989906;1;3;1
445.531;1319.06;2.92211;3.99657;-0.00551703;-0.00453623;0.000557338;-0.00428425;-0.005769;0.993717;-0.00609906;-0.0054863;0.9932;0.0233032;0.986804;1;3;1
468.531;1319.06;2.81543;4.02366;-0.00525659;-0.00395568;-0.000549992;-0.00375432;-0.00545795;1.00107;0.00537317;0.00136811;0.99672;0.0220012;0.989307;1;4;1
491.531;1319.06;2.67959;4.08482;-0.00467981;-0.0038338;0.000178082;-0.00379785;-0.00471577;0.990699;0.00275603;-0.000579131;0.996404;0.019051;0.987194;1;3;1
514.531;1319.06;2.59957;4.11003;-0.00411144;-0.00189889;-0.000645455;-0.00172436;-0.00428597;1.00091;0.00690314;-0.0023337;0.998212;0.0221255;0.983585;1;3;1
537.531;1319.06;2.49001;4.15753;-0.00546422;-0.00507532;-0.000503096;-0.0047304;-0.00580913;0.992463;-0.000961374;-0.00403336;0.992418;0.0188143;0.992826;1;4;1
560.531;1319.06;2.34745;4.19337;-0.0030432;-0.00717147;-0.000525506;-0.00297736;-0.00723731;0.998986;0.000367232;-0.00383319;0.989404;0.0211747;0.9872;1;3;1
583.531;1319.06;2.34976;4.22224;-0.00435565;-0.00388734;-0.000167169;-0.00383379;-0.0044092;0.992975;0.000718021;0.000132724;0.99894;0.0236325;0.984789;1;3;1
606.531;1319.06;2.14656;4.28309;-0.00777793;-0.00453078;-0.000834283;-0.00432897;-0.00797974;0.995001;0.000104369;-0.000458679;0.995501;0.0264301;0.984552;1;3;1
629.531;1319.06;1.99057;4.25511;-0.00451194;-0.00414398;-0.00149616;-0.00282053;-0.00583539;0.994792;0.00459898;-0.00099918;0.99997;0.0224381;0.985238;1;3;1
652.531;1319.06;1.9385;4.34559;-0.00235297;-0.00336301;-0.000775113;-0.00193287;-0.00378311;1.0014;0.00234301;-0.00112238;1.00244;0.022023;0.986386;1;4;1
675.531;1319.06;1.88208;4.3606;-0.00582352;-0.00296448;-0.000324984;-0.00292801;-0.00586;0.994411;0.0127958;-0.00651798;0.99664;0.0219951;0.990834;1;4;1
698.531;1319.06;1.66963;4.48245;-0.00673415;-0.00378683;-0.000324116;-0.00375161;-0.00676937;0.995383;0.00443085;-0.000752804;0.996142;0.0218541;0.990198;1;3;1
721.531;1319.06;1.57109;4.48582;-0.00557085;-0.00385481;-0.00191311;-0.00261612;-0.00680954;0.992559;0.00160257;0.000539618;0.997074;0.0222742;0.985815;1;3;1
744.531;1319.06;1.41264;4.44578;-0.00686105;-0.00461932;-0.000249201;-0.00459195;-0.00688842;0.995899;-0.00399642;0.000136972;0.996274;0.0266843;0.977278;1;3;1
767.531;1319.06;1.25438;4.50695;-0.00554445;-0.00293584;0.000792471;-0.00271396;-0.00576632;0.990795;-0.0029522;-0.00605201;0.996436;0.0305576;0.975436;1;3;1
790.531;1319.06;1.15657;4.61372;-0.0043025;-0.00556201;0.000628365;-0.00404263;-0.00582188;0.997366;0.000710992;-0.00330942;0.992112;0.0258049;0.981022;1;3;1
813.531;1319.06;1.05586;4.63654;-0.00591006;-0.00360093;0.00072887;-0.00339011;-0.00612088;0.996494;0.00740196;-0.00321404;0.994649;0.0234675;0.98561;1;4;1
836.531;1319.06;0.883622;4.77363;-0.00650976;-0.00370343;-8.53821e-05;-0.00370083;-0.00651236;0.995572;0.00579264;0.000603476;1.00401;0.0240846;0.983077;1;4;1
859.531;1319.06;0.7553;4.7447;-0.00504466;-0.00470094;-0.00200766;-0.00285779;-0.0068878;0.993411;0.00456353;-0.00137962;0.99782;0.0235345;0.981687;1;4;1
882.531;1319.06;0.650973;4.79854;-0.00446978;-0.00491583;-3.39397e-05;-0.00446722;-0.0049184;0.997675;-0.00180972;-0.00573942;0.991482;0.0224669;0.985525;1;4;1
905.531;1319.06;0.54912;4.84448;-0.00461098;-0.00450452;-0.000947095;-0.00360916;-0.00550634;0.991245;0.00708231;0.000522892;0.992681;0.0229827;0.979018;1;4;1
928.531;1319.06;0.438218;4.91897;-0.00466344;-0.00336898;-0.000524063;-0.00318342;-0.00484901;0.999495;0.00501684;-0.00299838;0.995499;0.0274904;0.978835;1;3;1
951.531;1319.06;0.334005;4.93731;-0.00438638;-0.0039089;-0.000976022;-0.00314284;-0.00515244;0.994864;0.000500258;-0.00208183;0.991668;0.02553;0.97887;1;3;1
974.531;1319.06;0.235988;4.95198;-0.00793565;-0.00484245;0.000287236;-0.004816;-0.00796209;0.991836;0.00370108;-0.000293591;0.990917;0.0232356;0.980796;1;3;1
997.531;1319.06;-0.032523;4.98783;-0.00745005;-0.00490528;-0.00107697;-0.00451069;-0.00784465;0.986887;0.0069608;-1.97857e-05;0.997277;0.0269518;0.977758;1;4;1
1020.53;1319.06;-0.108005;4.97282;-0.00391124;-0.00637152;-0.000575502;-0.00378328;-0.00649949;0.99221;-0.00488254;-0.00476849;0.999557;0.0252772;0.977275;1;3;1
1043.53;1319.06;-0.212811;5.02765;-0.00760037;-0.0066459;-0.000809818;-0.00618316;-0.00806311;0.995218;0.00274205;-0.000398268;0.993258;0.0218577;0.98598;1;3;1
1066.53;1319.06;-0.458994;5.02774;-0.00757582;-0.00408129;-0.000247252;-0.00406388;-0.00759323;0.997565;0.00398081;-0.00261715;0.998936;0.0209244;0.987592;1;3;1
1089.53;1319.06;-0.562771;5.14161;-0.00408464;-0.00372327;-0.000483121;-0.00338815;-0.00441976;0.996256;0.00355859;-0.00243853;1.00092;0.0234379;0.98098;1;3;1
1112.53;1319.06;-0.647366;5.11988;-0.00643711;-0.00436891;-0.000973637;-0.00398268;-0.00682334;0.990924;0.00850752;-0.00605514;1.00291;0.0259239;0.976868;1;3;1
1135.53;1319.06;-0.859838;5.13134;-0.00669188;-0.00405196;-0.00226985;-0.00274618;-0.00799766;0.988165;0.00178962;0.00864177;0.998283;0.0240771;0.98205;1;3;1
1158.53;1319.06;-0.956233;5.10126;-0.00537493;-0.00504817;-0.00159924;-0.00360398;-0.00681912;1.00178;0.000781961;-0.00383909;0.991607;0.0223922;0.982055;1;3;1
1181.53;1319.06;-1.10782;5.21195;-0.00617334;-0.00403719;0.00132139;-0.00340619;-0.00680435;0.993489;0.00796212;-0.00300535;0.996008;0.0219905;0.986611;1;3;1
1204.53;1319.06;-1.24147;5.28918;-0.00557327;-0.00352582;-0.000531848;-0.00339591;-0.00570318;0.995189;0.0044901;-0.00122977;0.998138;0.020485;0.988148;1;3;1
1227.53;1319.06;-1.36496;5.27436;-0.00674906;-0.00412358;-0.00140917;-0.00351043;-0.0073622;0.990962;0.000295593;0.000856161;0.996551;0.0208473;0.988728;1;3;1
1250.53;1319.06;-1.553;5.25914;-0.00493668;-0.00237794;-0.00104182;-0.00200741;-0.00530721;0.990641;0.00658537;-0.00408496;0.996139;0.022926;0.991937;1;3;1
1273.53;1319.06;-1.59264;5.33059;-0.00171738;-0.00527556;-0.000189297;-0.00170734;-0.0052856;1.00376;0.00699698;-0.000735302;0.991727;0.0253298;0.985247;1;3;1
31.5305;1296.06;4.79912;3.0218;-0.00343263;-0.00289546;0.00128956;-0.00184681;-0.00448128;0.998038;0.00656973;-0.00555012;0.995374;0.0259376;0.984618;1;4;1
54.5305;1296.06;4.71961;3.16229;-0.00427396;-0.00439947;0.00105651;-0.00327834;-0.00539509;0.989823;-0.00331141;-0.000376312;0.994588;0.0245799;0.982814;1;3;1
77.5306;1296.06;4.60187;3.16777;-0.00507966;-0.00456593;-9.62907e-05;-0.00454847;-0.00509711;1.00004;0.00424994;-0.00228254;0.995695;0.0227176;0.991799;1;3;1
100.531;1296.06;4.48529;3.23332;-0.00489253;-0.00270567;0.000745306;-0.00247582;-0.00512238;0.990425;0.00212852;0.00113805;0.997496;0.0250238;0.983917;1;4;1
123.531;1296.06;4.37617;3.25477;-0.00210974;-0.00276048;0.000419639;-0.00190411;-0.00296611;0.997522;0.00568068;-0.00521504;0.996744;0.0260336;0.982264;1;4;1
146.531;1296.06;4.38797;3.35697;-0.00361606;-0.00282654;0.00126768;-0.00189358;-0.00454902;0.996887;0.00219924;-0.00650471;0.995104;0.0268769;0.986737;1;3;1
169.531;1296.06;4.20921;3.42683;-0.00636648;-0.00170175;0.00151087;-0.00125515;-0.00681309;0.996829;0.000103349;-0.00409166;0.996115;0.0238356;0.986704;1;3;1
192.531;1296.06;4.09395;3.50013;-0.00337224;-0.00308403;-0.000186491;-0.00299245;-0.00346381;0.991535;0.00473786;0.00105042;1.00115;0.0248091;0.980648;1;3;1
215.531;1296.06;4.05371;3.52784;-0.00385803;-0.00320842;0.00096024;-0.00251954;-0.00454691;0.997197;0.00815293;-0.00647235;1.0009;0.023157;0.990227;1;3;1
238.531;1296.06;3.91595;3.63132;-0.00427717;-0.00184145;-0.000300725;-0.00180487;-0.00431375;0.991801;0.00178458;-3.68872e-05;0.995625;0.0261129;0.989983;1;3;1
261.531;1296.06;3.85638;3.64797;-0.00258416;-0.00368465;0.000873343;-0.00210218;-0.00416663;1.00329;-0.00225665;-0.000752797;0.996735;0.0254588;0.983666;1;3;1
284.531;1296.06;3.79685;3.71203;-0.00537209;-0.00363082;0.00012424;-0.003622;-0.00538091;0.992755;0.00462648;-0.0041614;0.997885;0.0264374;0.985611;1;3;1
307.531;1296.06;3.60845;3.76342;-0.00615241;-0.00526483;0.000236215;-0.00520588;-0.00621136;0.993323;0.00146891;-0.00336411;0.994475;0.0217631;0.9844;1;3;1
330.531;1296.06;3.51294;3.76292;-0.00563304;-0.00346184;0.000315479;-0.00341693;-0.00567795;0.991409;0.00299615;0.000972827;0.995286;0.0204116;0.989835;1;3;1
353.531;1296.06;3.3485;3.86115;-0.00586609;-0.00240616;0.000331195;-0.00237475;-0.00589751;0.993025;-0.000686577;-0.00409704;0.997122;0.0214015;0.993808;1;4;1
376.531;1296.06;3.2421;3.89849;-0.0030529;-0.00478499;0.00134261;-0.00232125;-0.00551664;1.00188;0.00123584;-0.00409557;0.99622;0.0270696;0.983095;1;3;1
399.531;1296.06;3.2075;4.0401;-0.00363753;-0.00396466;0.00190823;-0.00188587;-0.00571632;0.995175;-0.00161729;-0.00372391;0.994475;0.0229532;0.984715;1;3;1
422.531;1296.06;3.07414;4.07157;-0.00575957;-0.00522824;-4.22672e-05;-0.0052249;-0.00576292;0.994939;0.00567035;-0.000968849;0.998926;0.0239454;0.985399;1;4;1
445.531;1296.06;2.94172;4.11791;-0.00428248;-0.00372666;-0.000127168;-0.00369895;-0.00431019;0.993864;0.00571587;-0.00527637;0.996168;0.0295885;0.982917;1;3;1
468.531;1296.06;2.87668;4.13898;-0.00453364;-0.00427713;8.77421e-06;-0.00427683;-0.00453394;0.997511;0.00133983;-0.000660494;0.990015;0.0198143;0.987842;1;3;1
491.531;1296.06;2.73265;4.18442;-0.00501006;-0.00395037;-0.000845372;-0.00348252;-0.00547791;0.992233;0.00416477;0.0034525;0.994612;0.0203811;0.986976;1;3;1
514.531;1296.06;2.64561;4.1802;-0.00384383;-0.00467983;0.000452187;-0.00364604;-0.00487762;0.999637;0.00119228;-0.00412087;0.997524;0.0196652;0.98955;1;3;1
537.531;1296.06;2.55532;4.31227;-0.00479232;-0.00417698;0.00153902;-0.00291517;-0.00605413;0.994031;-0.000694852;-0.00539731;0.996549;0.0224306;0.985308;1;3;1
560.531;1296.06;2.42422;4.37582;-0.00482988;-0.00380545;-0.00144852;-0.00278125;-0.00585408;0.99853;0.00532056;-0.00112585;0.996747;0.0193629;0.989131;1;3;1
583.531;1296.06;2.3326;4.31779;-0.00486869;-0.00592592;0.000605297;-0.00459368;-0.00620093;0.989913;0.00101329;0.00329638;0.992163;0.0233224;0.984318;1;3;1
606.531;1296.06;2.19971;4.38384;-0.00429499;-0.00437742;-0.000151422;-0.00417927;-0.00449314;1.00003;0.00108017;-0.00707874;0.997451;0.0250016;0.981489;1;3;1
629.531;1296.06;2.13455;4.39404;-0.00459784;-0.00498682;-0.00137222;-0.0034064;-0.00617827;0.992171;0.00120073;-0.00222182;0.991605;0.0226;0.984992;1;3;1
652.531;1296.06;1.98767;4.45202;-0.00621331;-0.00520288;6.44353e-05;-0.00519879;-0.0062174;0.990695;0.00032187;-0.00362885;0.993994;0.0213067;0.985885;1;3;1
675.531;1296.06;1.84773;4.49451;-0.00572309;-0.00393184;0.000841442;-0.00359858;-0.00605635;0.998656;0.000675344;-0.00615155;0.99317;0.0245874;0.98527;1;4;1
698.531;1296.06;1.72355;4.54758;-0.00514957;-0.00307335;-0.000218753;-0.00305055;-0.00517237;0.996354;0.00204952;0.000831993;0.998533;0.019705;0.989715;1;3;1
721.531;1296.06;1.61012;4.5985;-0.0063089;-0.00495265;-0.00065659;-0.00468687;-0.00657469;0.989385;0.00696696;-0.00532438;0.993308;0.0200529;0.990995;1;3;1
744.531;1296.06;1.43236;4.62237;-0.00512602;-0.00771746;-0.000958222;-0.0048102;-0.00803329;0.995588;0.00236687;-0.00269202;0.993035;0.021152;0.989204;1;3;1
767.531;1296.06;1.37369;4.64082;-0.00449799;-0.00585599;-2.05328e-05;-0.00449768;-0.0058563;0.987802;0.00136347;-0.00147299;0.990477;0.0251241;0.982442;1;3;1
790.531;1296.06;1.22485;4.73216;-0.00534786;-0.00401916;0.000135454;-0.00400549;-0.00536153;0.996128;-0.00167512;-0.00653403;0.995745;0.0240488;0.985374;1;3;1
813.531;1296.06;1.12691;4.74618;-0.00553554;-0.00468973;-0.000607376;-0.00437253;-0.00585274;0.997807;-0.00326535;0.00231398;0.996588;0.0239457;0.987248;1;3;1
836.531;1296.06;0.969452;4.80435;-0.00386283;-0.00151642;-0.00115944;-0.00104017;-0.00433908;0.996516;-0.00237943;-0.00239112;0.996428;0.0240507;0.981853;1;4;1
859.531;1296.06;0.948802;4.82775;-0.0039206;-0.00339461;-0.000838993;-0.00277836;-0.00453685;0.999196;0.000237664;-0.00317466;0.997047;0.0232978;0.984956;1;4;1
882.531;1296.06;0.788697;4.87382;-0.00651847;-0.00422623;-0.000452666;-0.00414007;-0.00660463;0.993262;0.00589896;0.000736053;1.00188;0.0213513;0.983259;1;4;1
905.531;1296.06;0.647887;4.91411;-0.00518635;-0.00434347;-0.00076595;-0.00389067;-0.00563915;0.992343;0.00177641;-0.00134309;0.997484;0.0216503;0.98858;1;4;1
928.531;1296.06;0.549478;4.92113;-0.0055081;-0.0029971;-0.000458736;-0.00291592;-0.00558928;0.996706;0.00297962;-0.00526457;0.995814;0.0257393;0.982567;1;3;1
951.531;1296.06;0.393754;4.98761;-0.00804442;-0.00279593;0.000180118;-0.00278976;-0.00805059;0.991672;0.00421626;-0.00316882;0.99517;0.0248553;0.98288;1;3;1
974.531;1296.06;0.177793;5.03486;-0.00778149;-0.00107392;0.000379314;-0.00105254;-0.00780288;0.998574;0.000318591;0.00121095;0.999792;0.0278777;0.969039;1;3;1
997.531;1296.06;0.0342971;5.08507;-0.00492124;-0.00322677;0.00014124;-0.00321507;-0.00493293;0.99022;0.00645604;-0.00372042;0.994706;0.0214442;0.986855;1;3;1
1020.53;1296.06;-0.049274;5.14407;-0.00483795;-0.00532546;-0.000285627;-0.00470621;-0.00545721;0.99516;0.00993252;-0.00148198;0.994697;0.0227834;0.987864;1;3;1
1043.53;1296.06;-0.188888;5.17995;-0.0057885;-0.00453028;-0.00067006;-0.00424028;-0.0060785;0.988593;0.00354418;-0.00106359;0.993485;0.0252804;0.979743;1;3;1
1066.53;1296.06;-0.316327;5.16917;-0.00601254;-0.00552906;-0.00242705;-0.00333174;-0.00820986;0.995044;0.0055149;0.000270126;0.990746;0.0233269;0.98041;1;3;1
1089.53;1296.06;-0.466301;5.17885;-0.00702693;-0.00331695;-0.00170737;-0.0026508;-0.00769307;0.994131;0.00401803;-0.000440475;0.995223;0.0220334;0.984799;1;3;1
1112.53;1296.06;-0.640718;5.19731;-0.0064234;-0.005255;-0.000634364;-0.00497681;-0.00670158;0.992136;-0.00163282;0.00142941;0.989633;0.0257059;0.983325;1;3;1
1135.53;1296.06;-0.762764;5.23188;-0.00597266;-0.0037991;-0.00016229;-0.00378705;-0.00598471;0.992935;0.00846939;-0.00247557;0.993397;0.0227995;0.985615;1;4;1
1158.53;1296.06;-0.916401;5.29989;-0.00664326;-0.00606232;-0.00116731;-0.00514988;-0.0075557;0.998109;0.00469452;-0.00413678;0.99833;0.0257597;0.979749;1;3;1
1181.53;1296.06;-1.06942;5.29268;-0.00567118;-0.00426894;-0.00114679;-0.00362592;-0.0063142;0.992302;-0.00244933;0.00124683;0.998089;0.0223147;0.988519;1;3;1
1204.53;1296.06;-1.17806;5.35823;-0.0067915;-0.00344533;-0.00147685;-0.00288676;-0.00735007;0.992233;0.0026354;-0.00183205;0.997219;0.0218287;0.98246;1;3;1
1227.53;1296.06;-1.38292;5.33896;-0.0061914;-0.00434273;-0.00112278;-0.00381276;-0.00672137;0.995426;0.00390896;0.00196218;0.991841;0.0187723;0.988405;1;3;1
1250.53;1296.06;-1.46375;5.36972;-0.00455285;-0.00464762;-0.000203955;-0.00439085;-0.00480962;0.996342;0.00345815;-0.00332997;0.993958;0.0217356;0.989606;1;3;1
1273.53;1296.06;-1.59304;5.47794;-0.00559436;-0.00357916;0.00274336;-0.00166421;-0.00750931;1.00392;-0.0072638;-0.00818684;0.997777;0.0267075;0.983991;1;4;1
31.5305;1273.06;4.87287;3.08909;-0.00674769;-0.00320108;0.00204283;-0.00226925;-0.00767952;0.998047;0.000157353;-0.00179276;0.997374;0.0223691;0.985359;1;3;1
54.5305;1273.06;4.71685;3.20626;-0.00494687;-0.00216542;0.0019514;-0.00115988;-0.00595241;0.99173;0.00380557;-0.00285858;0.996925;0.0239332;0.985248;1;3;1
77.5306;1273.06;4.64448;3.24552;-0.00534337;-0.0020655;0.00110604;-0.0017272;-0.00568166;1.0008;-0.00454503;-0.000217491;0.996812;0.0206384;0.992402;1;3;1
100.531;1273.06;4.47032;3.28854;-0.00418433;-0.00310673;0.00196508;-0.00160792;-0.00568314;0.992215;-0.00141394;-0.00838286;0.998566;0.0258476;0.984555;1;4;1
123.531;1273.06;4.45143;3.37048;-0.00237885;-0.00411959;-0.00018604;-0.00235919;-0.00413925;1.00206;0.00113765;0.000904274;0.998438;0.0268361;0.98659;1;3;1
146.531;1273.06;4.36051;3.44055;-0.00508405;-0.00333183;0.000258173;-0.00329459;-0.0051213;0.996458;-0.00536124;-0.00272462;0.998854;0.0311241;0.975264;1;4;1
169.531;1273.06;4.21693;3.42562;-0.00404546;-0.0030541;0.000960333;-0.00246907;-0.00463049;0.995804;-0.00310477;-0.00463662;0.995672;0.025066;0.980352;1;4;1
192.531;1273.06;4.1739;3.5514;-0.00402294;-0.00148503;0.000504462;-0.00138843;-0.00411953;0.998762;0.00239231;0.0009005;0.997165;0.0228332;0.991422;1;3;1
215.531;1273.06;4.03127;3.571;-0.00392288;-0.00382069;0.00122978;-0.00264095;-0.00510263;0.992713;0.00240642;-0.00310783;0.997602;0.0256678;0.985589;1;3;1
238.531;1273.06;3.99297;3.65932;-0.00441108;-0.00355104;0.00105759;-0.00283938;-0.00512273;0.993533;-0.00284024;-0.00306435;0.998632;0.0246915;0.987636;1;4;1
261.531;1273.06;3.82771;3.70741;-0.00341318;-0.00398199;0.00191503;-0.00176155;-0.00563361;1.00124;0.00161626;-0.00345056;0.994149;0.0324563;0.971269;1;4;1
284.531;1273.06;3.83557;3.76708;-0.00552758;-0.00360557;0.00220958;-0.00215705;-0.00697609;0.990756;-0.00439681;-0.00265009;0.990992;0.0229348;0.99107;1;3;1
307.531;1273.06;3.57242;3.87717;-0.00594253;-0.00455902;0.00104767;-0.00399533;-0.00650622;0.993672;0.00292548;-0.000308264;0.99632;0.0229043;0.986614;1;3;1
330.531;1273.06;3.56129;3.86295;-0.00251564;-0.00434032;-0.000577349;-0.00234831;-0.00450766;0.998945;0.00296972;-0.00234807;0.9945;0.0225677;0.988948;1;3;1
353.531;1273.06;3.45653;3.9193;-0.00413839;-0.0044655;0.00085916;-0.00342736;-0.00517653;0.997563;-0.005908;-0.00133511;0.996707;0.0240132;0.986966;1;4;1
376.531;1273.06;3.37011;4.05898;-0.00503397;-0.00435795;4.61598e-05;-0.00435481;-0.0050371;0.994343;0.00143815;-0.00796372;0.993757;0.0218792;0.991414;1;3;1
399.531;1273.06;3.22407;4.08805;-0.00473223;-0.00230041;0.000413876;-0.0022319;-0.00480074;0.993262;0.00141647;-0.00722201;1.00064;0.0252347;0.983352;1;3;1
422.531;1273.06;3.15176;4.1764;-0.00482948;-0.00310498;-0.000601415;-0.00291596;-0.0050185;0.999566;0.000679008;0.00323378;0.996151;0.0273339;0.987293;1;3;1
445.531;1273.06;3.00131;4.16839;-0.00586511;-0.00378796;-0.00124921;-0.00320198;-0.00645109;0.992889;0.00200373;-0.0042277;0.996146;0.0238364;0.984796;1;3;1
468.531;1273.06;2.88115;4.22087;-0.0043856;-0.00306291;0.000537376;-0.00287211;-0.0045764;0.997737;0.00117264;0.000516762;1.00568;0.0227208;0.982764;1;3;1
491.531;1273.06;2.79902;4.26705;-0.00424058;-0.003822;0.000202213;-0.00374028;-0.00432231;0.994708;-0.000140033;-0.00209363;0.997227;0.0218012;0.985502;1;3;1
514.531;1273.06;2.68555;4.32589;-0.00553824;-0.00436942;-0.000148492;-0.00435085;-0.00555681;0.996077;0.00484492;-0.000965902;0.993204;0.0204693;0.988622;1;3;1
537.531;1273.06;2.54348;4.35011;-0.00430889;-0.00284152;-0.000620228;-0.00261449;-0.00453592;0.998121;0.00380327;-0.00034409;0.996749;0.02097;0.984972;1;3;1
560.531;1273.06;2.48689;4.36897;-0.00523456;-0.00174648;-0.000470779;-0.00168406;-0.00529698;0.992555;0.00187969;-0.00261763;1.00149;0.0241641;0.981459;1;3;1
583.531;1273.06;2.30182;4.49567;-0.00541875;-0.00455392;0.000415771;-0.00438646;-0.00558621;0.993702;-0.00543748;-0.00170164;0.997965;0.021174;0.986415;1;3;1
606.531;1273.06;2.2368;4.48499;-0.00252447;-0.00403299;-0.00158893;-0.00151987;-0.00503759;0.999935;0.00736798;-0.000318471;0.994867;0.022977;0.988561;1;3;1
629.531;1273.06;2.18555;4.48549;-0.00441599;-0.006606;-9.75305e-05;-0.00441166;-0.00661033;0.994409;0.00432372;-0.00562687;0.996694;0.0296978;0.977757;1;3;1
652.531;1273.06;2.0331;4.58565;-0.00618853;-0.00503121;-0.0007742;-0.00464332;-0.00657643;0.994082;0.00285418;0.00172231;0.999213;0.024727;0.97896;1;3;1
675.531;1273.06;1.89995;4.54182;-0.00518259;-0.00388661;-0.00179216;-0.00262889;-0.00644031;0.990283;0.00122895;-0.00201262;0.996238;0.0244356;0.982842;1;3;1
698.531;1273.06;1.79407;4.62421;-0.00418392;-0.00457172;0.000404511;-0.00392924;-0.0048264;0.99816;0.00130008;-0.00440985;0.994729;0.0229121;0.988024;1;3;1
721.531;1273.06;1.70676;4.71441;-0.00542561;-0.00377827;0.000544959;-0.00361431;-0.00558957;0.993918;0.00425476;-0.00505;0.995668;0.0205509;0.98794;1;3;1
744.531;1273.06;1.54346;4.80235;-0.00738117;-0.00480383;-0.00228595;-0.00346833;-0.00871666;0.99333;0.0101177;-0.00156425;0.995717;0.0224512;0.983139;1;3;1
767.531;1273.06;1.36592;4.77725;-0.00636908;-0.0055245;-0.00111874;-0.004751;-0.00714258;0.996182;0.00464627;-0.00193086;0.991884;0.0284013;0.966676;1;4;1
790.531;1273.06;1.24954;4.79907;-0.00393923;-0.00459822;-0.0008861;-0.00332335;-0.0052141;0.999569;0.00675636;0.000633752;0.995805;0.0248562;0.978482;1;3;1
813.531;1273.06;1.1843;4.85295;-0.00384148;-0.00377273;-0.000670157;-0.00313607;-0.00447814;0.989792;0.00129517;0.00359078;0.999756;0.0270052;0.981372;1;4;1
836.531;1273.06;1.07247;4.84382;-0.00611103;-0.00307619;-0.000745312;-0.00290304;-0.00628418;1.00573;-0.00055707;-0.00847716;0.998478;0.0282227;0.962619;1;4;1
859.531;1273.06;0.902302;4.90135;-0.00634436;-0.00432342;0.00106437;-0.00386626;-0.00680152;0.982768;0.00543966;0.000721179;0.988501;0.0281024;0.979603;1;4;1
882.531;1273.06;0.779455;4.99354;-0.00509069;-0.00305758;0.00106041;-0.00260517;-0.0055431;0.996325;0.00136183;-0.00356658;0.994619;0.0219678;0.987271;1;4;1
905.531;1273.06;0.667307;5.04487;-0.00488086;-0.00470295;-0.000605524;-0.00417989;-0.00540393;0.992658;0.00359195;-0.000486318;0.991951;0.0196201;0.988949;1;4;1
928.531;1273.06;0.55434;5.05719;-0.00511017;-0.00473046;0.000134333;-0.00468774;-0.00515289;0.993402;-0.000153754;-0.00198961;0.999897;0.0221434;0.980772;1;4;1
951.531;1273.06;0.43163;5.06621;-0.00553612;-0.00348064;-0.00173862;-0.00248872;-0.00652804;0.995138;0.000790994;0.00194343;0.998267;0.0228566;0.978821;1;3;1
974.531;1273.06;0.298936;5.00145;-0.00796275;-0.00343152;-0.00213287;-0.00258553;-0.00880875;0.997177;0.00687273;-0.00669673;0.991279;0.0296489;0.977203;1;3;1
997.531;1273.06;0.0638191;5.1366;-0.00618048;-0.00315255;0.000749805;-0.00297705;-0.00635598;0.986395;0.000462607;-0.00603441;0.998527;0.0215814;0.987291;1;3;1
1020.53;1273.06;0.0132337;5.2186;-0.00410858;-0.00202309;-0.000334253;-0.00197083;-0.00416084;0.995946;-0.0009559;0.000743138;0.995569;0.0244429;0.98054;1;3;1
1043.53;1273.06;-0.125674;5.2366;-0.00539063;-0.00374579;-0.000431057;-0.00363967;-0.00549675;0.991556;-0.00187708;-0.00290331;0.996635;0.0208859;0.990616;1;3;1
1066.53;1273.06;-0.235453;5.28333;-0.00543352;-0.00444231;-0.000997582;-0.003824;-0.00605182;1.00029;-0.00229633;-0.00286564;1.00199;0.0225518;0.982396;1;3;1
1089.53;1273.06;-0.376336;5.29482;-0.00650064;-0.00554865;-6.83795e-05;-0.00554376;-0.00650553;0.988489;0.00391985;0.0038295;0.99672;0.0223325;0.985612;1;3;1
1112.53;1273.06;-0.535529;5.36239;-0.00791778;-0.00401516;-0.00177013;-0.0033319;-0.00860104;0.994214;0.000995545;-0.00566461;0.996;0.0241034;0.98482;1;3;1
1135.53;1273.06;-0.742009;5.30658;-0.00545785;-0.00409033;-0.00152491;-0.00310289;-0.00644529;0.993024;-0.00195365;0.0074268;0.996171;0.023688;0.984601;1;3;1
1158.53;1273.06;-0.787283;5.38129;-0.00436375;-0.00323764;-0.00110218;-0.00256302;-0.00503837;0.995969;0.00174424;-0.0057573;0.995569;0.023975;0.984155;1;3;1
1181.53;1273.06;-0.943296;5.40903;-0.00587199;-0.00553699;-0.00107248;-0.00461901;-0.00678998;0.994331;0.00696803;-0.00121821;0.993797;0.0229348;0.985813;1;3;1
1204.53;1273.06;-1.05824;5.4483;-0.00663353;-0.00467465;-0.000584757;-0.00451337;-0.00679481;0.989702;0.00655376;0.00402753;0.992533;0.0257888;0.980905;1;3;1
1227.53;1273.06;-1.2495;5.4747;-0.00729766;-0.00607092;-0.00179584;-0.00478658;-0.00858199;0.994679;0.00453571;-0.00294174;0.998485;0.0208726;0.990846;1;3;1
1250.53;1273.06;-1.39517;5.4737;-0.00822798;-0.00497536;-0.00129822;-0.00452075;-0.0086826;0.992848;0.00238944;0.00186989;0.99608;0.0246715;0.985541;1;3;1
1273.53;1273.06;-1.62957;5.49554;-0.0101385;-0.00357555;9.22525e-05;-0.00357425;-0.0101398;0.983195;-0.00261939;0.00307116;1.00085;0.0240615;0.988856;1;3;1
31.5305;1250.06;4.84506;3.16931;-0.00645011;-0.00239344;0.00184317;-0.00168108;-0.00716247;0.993729;0.000883673;-0.00148949;0.995333;0.0213138;0.987018;1;3;1
54.5305;1250.06;4.69604;3.26201;-0.00569772;-0.0020278;0.000537903;-0.00195059;-0.00577494;0.992877;-0.00159202;-0.000594912;1.00027;0.0272981;0.986101;1;3;1
77.5306;1250.06;4.58212;3.26289;-0.00578877;-0.00195914;0.000615141;-0.00186276;-0.00588515;0.993472;-0.000197857;-0.00505199;0.997687;0.0250842;0.986657;1;3;1
100.531;1250.06;4.42884;3.37649;-0.000797281;-0.0030238;0.00141708;-0.000108471;-0.00371261;0.997849;0.00512571;-0.0057646;0.998527;0.0284976;0.988832;1;4;1
123.531;1250.06;4.54507;3.44498;-0.000202309;-0.00328776;0.000443122;-0.000139931;-0.00335014;0.996729;0.00965694;-0.00112682;0.993662;0.025186;0.98945;1;3;1
146.531;1250.06;4.41934;3.5105;-0.00679096;-0.00331865;0.000665622;-0.00319543;-0.00691419;0.991308;0.00770839;-0.00241523;0.99572;0.0259883;0.991239;1;3;1
169.531;1250.06;4.23146;3.56754;-0.00490539;-0.00481584;0.000296555;-0.0045607;-0.00516053;0.996641;0.00219949;-0.0019832;0.995945;0.0216996;0.987975;1;3;1
192.531;1250.06;4.1931;3.5686;-0.00397444;-0.00258096;0.00134309;-0.00176464;-0.00479075;0.999953;-0.00489401;-0.000534112;0.998905;0.0224336;0.988049;1;3;1
215.531;1250.06;4.04806;3.70393;-0.00515595;-0.00478717;0.00250857;-0.00245621;-0.0074869;0.992717;-0.0102254;-0.00532512;0.994434;0.0234813;0.99086;1;3;1
238.531;1250.06;3.95475;3.79497;-0.00564915;-0.00358951;0.00143532;-0.00285279;-0.00638587;0.984717;0.00292719;-0.00675823;0.993743;0.0250495;0.98296;1;3;1
261.531;1250.06;3.78729;3.83156;-0.00416817;-0.00369093;0.000364506;-0.00349388;-0.00436521;1.00583;0.00206093;0.00142754;0.997709;0.0250309;0.985924;1;4;1
284.531;1250.06;3.76254;3.8782;-0.00389602;-0.00414389;0.0029995;-0.00101789;-0.00702202;0.989302;-0.00521617;-0.00343021;0.996249;0.0218007;0.986734;1;3;1
307.531;1250.06;3.6075;3.97361;-0.00334691;-0.00387432;-0.000393695;-0.00313677;-0.00408447;0.996316;-0.000913111;-0.000744907;0.99567;0.0199328;0.989352;1;3;1
330.531;1250.06;3.60824;3.96311;-0.00308893;-0.00459793;-4.59559e-05;-0.00308753;-0.00459932;0.999288;0.00231027;-0.00191147;0.994695;0.0186833;0.990968;1;3;1
353.531;1250.06;3.46509;4.06717;-0.0043673;-0.0039445;0.000389127;-0.00371306;-0.00459874;0.997272;0.00377483;-0.00227837;0.991635;0.0233944;0.987309;1;3;1
376.531;1250.06;3.4067;4.09969;-0.00386371;-0.00277618;0.00112089;-0.00207413;-0.00456577;0.997896;-3.27666e-06;-0.00175793;1.00032;0.0227487;0.987287;1;3;1
399.531;1250.06;3.28695;4.14611;-0.00425913;-0.00307808;0.000936511;-0.00256146;-0.00477575;0.989557;-0.00253413;-0.00741022;0.998334;0.0297315;0.978602;1;3;1
422.531;1250.06;3.21022;4.21482;-0.00400977;-0.00266232;0.000328425;-0.00258653;-0.00408555;0.997898;0.00320702;0.000741337;1.00005;0.0248149;0.983574;1;3;1
445.531;1250.06;3.10189;4.29277;-0.00616257;-0.00365133;-5.90987e-05;-0.00364994;-0.00616396;0.994083;0.00272454;-0.00485825;0.999145;0.0275021;0.981864;1;3;1
468.531;1250.06;2.92581;4.28011;-0.00612913;-0.00343738;-0.000810097;-0.00321239;-0.00635412;0.996109;-0.00305132;-0.00328751;0.993277;0.0230352;0.987751;1;3;1
491.531;1250.06;2.81903;4.36065;-0.00397462;-0.00215018;-0.000359168;-0.00208201;-0.00404278;0.995664;0.00121304;-0.0010038;0.996624;0.0203626;0.990216;1;3;1
514.531;1250.06;2.7425;4.38174;-0.00354145;-0.00301018;-9.13356e-05;-0.00299491;-0.00355672;0.996279;0.00015985;-0.00335008;0.998791;0.0208216;0.989616;1;3;1
537.531;1250.06;2.65576;4.44328;-0.00279188;-0.00335443;-0.000536666;-0.00246725;-0.00367907;0.99808;0.00514718;-0.00259167;0.99418;0.0201125;0.990076;1;4;1
560.531;1250.06;2.61384;4.45662;-0.00532099;-0.00320983;-0.00108677;-0.00275037;-0.00578044;0.991125;0.00809058;-0.000917712;0.995907;0.0262618;0.982776;1;4;1
583.531;1250.06;2.41027;4.52782;-0.00601661;-0.00159583;-0.00112789;-0.00132469;-0.00628774;0.995996;0.00834045;-0.00341237;0.995866;0.0221171;0.985975;1;3;1
606.531;1250.06;2.33609;4.56994;-0.00360109;-0.00502226;0.000425503;-0.00348344;-0.00513992;0.994255;0.00281093;-0.00735113;0.998271;0.0226234;0.986066;1;3;1
629.531;1250.06;2.244;4.69906;-0.00477575;-0.00475757;0.000608307;-0.00415828;-0.00537504;1.00011;0.00115543;0.000205347;0.995708;0.0226481;0.980858;1;4;1
652.531;1250.06;2.11574;4.68422;-0.00416318;-0.00294634;-0.00151626;-0.00192098;-0.00518854;0.993791;0.00258627;0.00139141;0.994121;0.0266384;0.97166;1;3;1
675.531;1250.06;2.05208;4.6741;-0.00557082;-0.00502528;-0.000388031;-0.00482374;-0.00577237;0.989229;0.0020689;-0.00159332;0.991372;0.0269535;0.982326;1;4;1
698.531;1250.06;1.8587;4.75856;-0.00679912;-0.00424676;8.93928e-05;-0.00424364;-0.00680225;0.995107;0.00337518;-0.0075406;0.994421;0.0248602;0.982585;1;3;1
721.531;1250.06;1.73815;4.77281;-0.00328557;-0.00367619;0.00011122;-0.00325612;-0.00370564;0.998824;0.000695603;0.00320927;0.99683;0.0214912;0.988067;1;3;1
744.531;1250.06;1.70724;4.8447;-0.00572231;-0.00212991;-0.00114473;-0.00179615;-0.00605607;0.988514;0.00848548;-0.00291917;0.996214;0.0241732;0.985007;1;4;1
767.531;1250.06;1.474;4.89576;-0.00703557;-0.00346397;-0.000842106;-0.00327538;-0.00722416;0.989791;-0.000343809;-0.00563707;0.997394;0.023121;0.984592;1;4;1
790.531;1250.06;1.38235;4.94444;-0.00521318;-0.00406432;-0.00162966;-0.00291081;-0.00636669;0.99867;0.000441462;0.000379184;0.994786;0.02761;0.971089;1;3;1
813.531;1250.06;1.23356;4.92018;-0.00640016;-0.00267755;-0.001072;-0.00239092;-0.0066868;0.991708;0.00679818;0.00834849;0.996019;0.0225538;0.98218;1;3;1
836.531;1250.06;1.08699;4.94622;-0.00505585;-0.00449111;8.16437e-05;-0.00447955;-0.00506742;0.996401;0.00497715;-0.00477252;0.99245;0.0219205;0.981922;1;3;1
859.531;1250.06;1.00027;5.02709;-0.00547376;-0.00467863;-0.000135116;-0.0046563;-0.00549609;0.993543;0.00257795;-0.00542905;0.992364;0.0230561;0.98178;1;3;1
882.531;1250.06;0.834454;5.01471;-0.00504416;-0.00415877;-0.00101041;-0.00349833;-0.0057046;0.991995;0.00743768;-0.00201128;0.996752;0.0261722;0.977004;1;4;1
905.531;1250.06;0.767533;5.13112;-0.00597955;-0.00382253;-0.000171236;-0.00380902;-0.00599306;0.996541;-0.00151271;-0.00232838;0.994351;0.0229552;0.981642;1;4;1
928.531;1250.06;0.558398;5.13925;-0.00582604;-0.00323823;-0.000675369;-0.00307258;-0.00599169;0.999269;0.000146475;0.00368332;0.990113;0.0235749;0.97854;1;3;1
951.531;1250.06;0.498747;5.14812;-0.00243284;-0.00400323;-0.00115567;-0.00182086;-0.00461521;0.996651;0.00764133;-0.00159913;0.991932;0.0235562;0.981881;1;3;1
974.531;1250.06;0.446318;5.19377;-0.00684529;-0.00658144;-0.000641688;-0.00605826;-0.00736848;0.994137;-0.00251229;-0.003708;0.99665;0.0252158;0.979795;1;3;1
997.531;1250.06;0.182704;5.23056;-0.00789221;-0.00379548;-0.00219462;-0.00284182;-0.00884586;0.991369;0.00537817;-0.00273689;0.998027;0.0190893;0.990027;1;3;1
1020.53;1250.06;0.0818119;5.23742;-0.00578155;-0.00323441;-0.000345363;-0.00318842;-0.00582755;0.991997;0.00308008;0.00102114;0.998339;0.0269088;0.975757;1;3;1
1043.53;1250.06;-0.0841843;5.3527;-0.00536319;-0.00474722;-0.000707607;-0.00428348;-0.00582693;0.997321;0.00584326;-0.00570459;0.997175;0.0235045;0.981764;1;3;1
1066.53;1250.06;-0.165765;5.37422;-0.00642646;-0.0031208;0.00014058;-0.00311483;-0.00643243;0.991423;-0.00212109;-0.000242407;0.99346;0.0264314;0.974275;1;3;1
1089.53;1250.06;-0.380831;5.43488;-0.00647866;-0.0045009;-0.00108419;-0.00402235;-0.00695721;0.994054;-0.00162097;0.000755284;0.99243;0.0251773;0.983587;1;3;1
1112.53;1250.06;-0.464756;5.38272;-0.0048131;-0.000840724;-0.00101959;-0.000594311;-0.00505951;0.990899;0.00473687;-0.00149077;1.00179;0.0233609;0.983802;1;4;1
1135.53;1250.06;-0.602772;5.4207;-0.00535917;-0.00456719;-0.00141722;-0.00349168;-0.00643468;0.995326;0.00743343;0.0021404;0.996214;0.023121;0.983863;1;3;1
1158.53;1250.06;-0.71199;5.44952;-0.00650431;-0.00399977;0.000540285;-0.00388819;-0.00661589;0.993476;0.00428571;-0.00679255;0.995461;0.0244137;0.986701;1;3;1
1181.53;1250.06;-0.903128;5.5484;-0.0074921;-0.00458073;0.000281475;-0.00455376;-0.00751907;0.998187;0.0045151;-0.00232712;0.997833;0.0224262;0.9836;1;3;1
1204.53;1250.06;-1.0581;5.57392;-0.00623844;-0.00268631;0.000265535;-0.00266657;-0.00625819;0.986503;0.000476771;-0.00138795;1.00137;0.0259416;0.978272;1;3;1
1227.53;1250.06;-1.19105;5.61947;-0.00572941;-0.00479781;-0.000784517;-0.00435123;-0.00617599;0.994026;0.00295554;-0.00223236;0.992501;0.0239351;0.984275;1;3;1
1250.53;1250.06;-1.32242;5.59937;-0.00793757;-0.00489433;-0.00107512;-0.00455283;-0.00827907;0.996858;0.00439357;0.00188749;0.996415;0.0213275;0.98898;1;3;1
1273.53;1250.06;-1.55765;5.64273;-0.0101733;-0.00503138;-0.00112225;-0.00479711;-0.0104076;0.978646;0.00709713;-0.00590669;0.996014;0.0278767;0.987184;1;3;1
31.5305;1227.06;4.88835;3.19933;-0.00551225;-0.00351288;0.00289073;-0.00145386;-0.00757128;1.00029;-0.00327156;-0.00472526;0.995204;0.0249968;0.984862;1;3;1
54.5305;1227.06;4.761;3.29965;-0.00402812;-0.00395938;0.000827685;-0.00316535;-0.00482215;0.987464;0.00104016;-0.00239516;0.995105;0.0242708;0.986439;1;3;1
77.5306;1227.06;4.70248;3.33576;-0.00518862;-0.0042413;0.000203999;-0.00419924;-0.00523068;0.998439;0.00585083;-0.000778779;0.99596;0.0242342;0.984477;1;3;1
100.531;1227.06;4.52152;3.42788;-0.00342572;-0.00307612;0.00075188;-0.00247899;-0.00402285;1.00099;0.000392492;-0.00721134;0.990209;0.0285824;0.981612;1;4;1
123.531;1227.06;4.54425;3.52206;-0.002158;-0.00300433;0.00260037;5.34147e-05;-0.00521575;0.993668;-0.00702592;-0.00147173;0.997189;0.0250527;0.986058;1;4;1
146.531;1227.06;4.42184;3.59351;-0.00642388;-0.00340301;0.00139686;-0.00285611;-0.00697078;0.995274;-0.00517171;-0.00378891;0.996185;0.0246471;0.98767;1;4;1
169.531;1227.06;4.24762;3.6477;-0.00510333;-0.00379121;6.7018e-05;-0.0037878;-0.00510675;0.998412;1.66391e-06;-0.0014196;0.993475;0.0267249;0.980987;1;3;1
192.531;1227.06;4.18643;3.67028;-0.00480703;-0.00448246;0.00133333;-0.00330158;-0.00598792;0.992057;0.00236625;-0.00116702;0.991685;0.0263933;0.985059;1;4;1
215.531;1227.06;4.02574;3.79173;-0.00429719;-0.00349806;0.00113429;-0.00269502;-0.00510024;0.995618;0.00208655;-0.000206597;0.994501;0.0323022;0.980812;1;4;1
238.531;1227.06;3.98807;3.82474;-0.00321991;-0.00268375;0.000307951;-0.00254354;-0.00336012;0.994268;0.00121386;-0.00401454;0.997192;0.0252004;0.984622;1;3;1
261.531;1227.06;3.8773;3.87753;-0.00622673;-0.00346757;0.000425925;-0.00340332;-0.00629098;0.99459;0.00344109;-0.00606653;0.995415;0.0216722;0.985609;1;3;1
284.531;1227.06;3.70055;3.95829;-0.0039775;-0.00297507;0.00153981;-0.00185696;-0.00509561;0.991734;0.000651413;0.000167971;0.996524;0.0222701;0.985071;1;3;1
307.531;1227.06;3.69362;4.0559;-0.000900728;-0.00277086;-0.000237323;-0.000871081;-0.00280051;1.00234;0.000976482;0.00340866;0.996749;0.0252764;0.985076;1;3;1
330.531;1227.06;3.65895;4.07505;-0.00296058;-0.00414337;-0.000121611;-0.00294821;-0.00415575;1.00087;-0.00190014;-0.00146958;0.99977;0.0217412;0.987897;1;3;1
353.531;1227.06;3.55721;4.10122;-0.00678534;-0.00295014;0.000169368;-0.00294267;-0.0067928;0.992973;0.00592005;-0.00372198;0.997915;0.0190252;0.992253;1;3;1
376.531;1227.06;3.34562;4.18687;-0.00659145;-0.00478957;0.00161203;-0.0038438;-0.00753722;0.99449;-0.00191462;-0.00566472;0.989503;0.0213272;0.990528;1;3;1
399.531;1227.06;3.25282;4.22987;-0.00167687;-0.0046908;0.00153966;-0.00102943;-0.00533825;0.999035;-0.00212162;-0.00280864;0.991382;0.0213062;0.986041;1;3;1
422.531;1227.06;3.26828;4.29918;-0.0039153;-0.00375808;0.000655274;-0.00317672;-0.00449666;0.998518;-0.000120857;0.000697979;0.997318;0.0240449;0.985014;1;4;1
445.531;1227.06;3.07224;4.33671;-0.00529022;-0.00146612;0.000760933;-0.00132027;-0.00543607;0.990648;-0.00474026;-0.00540825;0.999037;0.0220474;0.990615;1;3;1
468.531;1227.06;3.02421;4.37949;-0.00300028;-0.0031779;-0.00126523;-0.00182075;-0.00435743;1.0017;0.00818809;0.00143411;1.00165;0.022652;0.988152;1;3;1
491.531;1227.06;2.93401;4.36627;-0.00536568;-0.00323706;-6.58083e-05;-0.00323503;-0.00536772;0.991963;0.00711018;-0.00365962;0.997921;0.0215899;0.987956;1;4;1
514.531;1227.06;2.77664;4.46466;-0.00576524;-0.00423526;0.000591102;-0.0040335;-0.00596701;0.994041;0.00399124;-0.0028831;0.993347;0.0223659;0.988259;1;4;1
537.531;1227.06;2.66783;4.50484;-0.00226889;-0.00279049;-1.30744e-05;-0.00226856;-0.00279081;1.00003;-0.00379994;-0.00156775;0.99998;0.0201493;0.987384;1;4;1
560.531;1227.06;2.67213;4.51723;-0.00320649;-0.00496191;0.000827634;-0.00287782;-0.00529058;0.995404;-0.0107515;-0.00279407;0.995059;0.0232649;0.986901;1;4;1
583.531;1227.06;2.52004;4.56966;-0.00656918;-0.00455501;0.00101598;-0.00413156;-0.00699263;0.991795;0.00171766;-0.00400287;1.00172;0.0190499;0.988677;1;3;1
606.531;1227.06;2.36851;4.71678;-0.00598726;-0.00477391;0.00010579;-0.00476475;-0.00599642;0.995165;0.00130907;-0.0032423;0.993413;0.0237278;0.980743;1;3;1
629.531;1227.06;2.2436;4.7049;-0.00477813;-0.00180257;-0.000498091;-0.00172141;-0.00485929;0.998013;0.00211804;-0.000998265;0.998721;0.0209902;0.989019;1;4;1
652.531;1227.06;2.14819;4.72152;-0.00505916;-0.0012472;-0.000520886;-0.00117731;-0.00512906;0.995254;0.00211221;-0.000864438;0.998704;0.0229811;0.986139;1;3;1
675.531;1227.06;2.01024;4.7737;-0.00570821;-0.00372641;-0.000179665;-0.00371026;-0.00572437;0.994753;-0.00255324;-0.00677462;0.999404;0.021685;0.987655;1;3;1
698.531;1227.06;1.88475;4.82007;-0.00493347;-0.00340533;-0.00105381;-0.00286774;-0.00547106;0.992478;0.00478204;-0.00103663;1.00089;0.0233111;0.983928;1;4;1
721.531;1227.06;1.7826;4.88389;-0.00242954;-0.0048489;-0.00110116;-0.0020034;-0.00527503;0.998538;0.00790439;-0.00244771;0.994285;0.0258846;0.982898;1;3;1
744.531;1227.06;1.77278;4.90101;-0.00517185;-0.00412502;-2.20594e-05;-0.00412456;-0.00517231;0.994453;-0.00790143;0.00205114;0.994907;0.0229616;0.980189;1;4;1
767.531;1227.06;1.54405;4.93722;-0.00753666;-0.00432485;-0.00102074;-0.0040279;-0.00783361;0.986719;0.00934622;-0.00823784;0.991694;0.0307599;0.960913;1;4;1
790.531;1227.06;1.4247;4.98675;-0.00560759;-0.00331864;-0.000648208;-0.00314782;-0.00577841;0.995833;0.00409305;0.00148382;0.999119;0.0258661;0.983261;1;4;1
813.531;1227.06;1.28535;4.9764;-0.00547963;-0.00292049;-0.000564041;-0.00280169;-0.00559843;0.993649;0.00181612;0.000840891;0.998746;0.0252342;0.97859;1;3;1
836.531;1227.06;1.1719;5.05099;-0.00653919;-0.00537502;-0.000541392;-0.00516216;-0.00675204;0.991702;0.0047224;-0.00478414;0.999461;0.0249713;0.97584;1;3;1
859.531;1227.06;0.983344;5.11715;-0.00422354;-0.0024577;8.59342e-06;-0.00245766;-0.00422359;0.996862;0.000631224;-0.00202629;1.0032;0.0294463;0.971486;1;3;1
882.531;1227.06;0.977005;5.18566;-0.00380266;-0.00411743;-0.00174093;-0.00221201;-0.00570807;0.991984;0.00390645;-0.00698517;0.994871;0.0301329;0.960871;1;3;1
905.531;1227.06;0.80797;5.22126;-0.00743116;-0.00457528;-0.000843765;-0.00434462;-0.00766182;0.985527;0.00746484;4.42172e-05;1.00019;0.0266554;0.968338;1;3;1
928.531;1227.06;0.633887;5.20646;-0.0046699;-0.0039374;-0.00144515;-0.00281281;-0.00579449;0.996849;0.00387781;-0.000532974;0.999402;0.0290872;0.961405;1;3;1
951.531;1227.06;0.59264;5.25101;-0.00418564;-0.00421353;-0.000163531;-0.00403546;-0.00436371;0.996181;0.00157216;-0.00249303;0.997131;0.0232795;0.982403;1;3;1
974.531;1227.06;0.440836;5.30542;-0.00609939;-0.00404483;0.000437372;-0.0039556;-0.00618863;0.997614;0.004989;0.00315515;0.99065;0.0274981;0.967193;1;3;1
997.531;1227.06;0.311166;5.3122;-0.00592028;-0.00411814;-0.00155972;-0.00321792;-0.0068205;0.989993;0.00469452;-0.00141665;0.997864;0.022024;0.980965;1;3;1
1020.53;1227.06;0.16765;5.36789;-0.00507994;-0.00507714;0.000605829;-0.00447271;-0.00568437;0.999572;0.00542209;-0.00469722;0.99723;0.0220858;0.980678;1;2;1
1043.53;1227.06;0.0766667;5.45594;-0.0072265;-0.00438206;-0.00143376;-0.00378478;-0.00782378;0.991698;0.00511644;-0.00288714;0.991031;0.0245173;0.980753;1;3;1
1066.53;1227.06;-0.166017;5.42716;-0.00745182;-0.00315099;-4.84947e-05;-0.00315044;-0.00745237;0.989793;0.00430291;-0.00358694;0.998594;0.0264153;0.976223;1;3;1
1089.53;1227.06;-0.267428;5.50246;-0.00627322;-0.0026449;-0.00166881;-0.00199409;-0.00692403;0.995091;0.00186099;0.00723332;0.9932;0.0230311;0.98272;1;3;1
1112.53;1227.06;-0.455504;5.40115;-0.00599567;-0.00340297;-0.00183632;-0.00245152;-0.00694711;0.989382;0.0087214;-0.00962795;0.990996;0.0258865;0.987508;1;4;1
1135.53;1227.06;-0.544062;5.51758;-0.00549567;-0.00418488;-0.000116981;-0.00417452;-0.00550603;0.995716;0.00201409;-0.00381702;0.996285;0.0225827;0.983014;1;3;1
1158.53;1227.06;-0.709299;5.56572;-0.00650993;-0.00480264;0.000300306;-0.00475136;-0.00656122;0.993016;0.00150438;-0.00119972;0.998899;0.0264512;0.978531;1;3;1
1181.53;1227.06;-0.844616;5.62034;-0.0065478;-0.00323089;-0.00167152;-0.00253468;-0.00724401;0.99192;0.00245931;0.00301839;0.991557;0.0269246;0.975589;1;3;1
1204.53;1227.06;-1.01149;5.57206;-0.00664643;-0.00200115;-0.00107241;-0.00176552;-0.00688205;0.99522;0.00434901;-0.00107178;0.994091;0.0225934;0.982316;1;3;1
1227.53;1227.06;-1.15144;5.69604;-0.00564652;-0.00130881;-0.000115611;-0.00130573;-0.0056496;1.00224;0.00615867;-0.00944197;0.996582;0.0251773;0.981229;1;3;1
1250.53;1227.06;-1.27215;5.69956;-0.00621207;-0.00508391;-0.000818522;-0.00465393;-0.00664206;0.990619;0.00424422;0.00623219;0.992679;0.0229694;0.989706;1;4;1
1273.53;1227.06;-1.4381;5.72797;-0.00718847;-0.00385764;-0.00189596;-0.00299951;-0.00804659;0.993577;0.0088369;-0.00826089;0.993135;0.0249849;0.98949;1;3;1
31.5305;1204.06;4.77869;3.33124;-0.000972526;-0.0047594;0.00328179;0.000922866;-0.00665479;0.997306;-0.00253837;-0.00900388;0.994337;0.0268421;0.985872;1;3;1
54.5305;1204.06;4.75603;3.44454;-0.00188747;-0.00414931;0.00174856;-0.000935978;-0.00510081;0.994082;0.00105936;-0.00177097;0.996612;0.0287325;0.99063;1;3;1
77.5306;1204.06;4.69161;3.45854;-0.00455863;-0.00404092;0.00049554;-0.0037407;-0.00485885;0.991793;-0.00656819;-0.00169998;0.993738;0.0240221;0.987134;1;4;1
100.531;1204.06;4.54579;3.51836;-0.00478482;-0.0043052;0.000588597;-0.00390943;-0.00518059;0.999486;0.000244473;-0.00334118;0.997853;0.0220137;0.993203;1;4;1
123.531;1204.06;4.47081;3.58344;-0.00281211;-0.00291656;0.00168899;-0.00117454;-0.00455413;1.00053;-0.000685303;-0.000395364;0.998876;0.021567;0.990915;1;3;1
146.531;1204.06;4.41601;3.66731;-0.00365415;-0.00395179;0.00107403;-0.00271867;-0.00488726;0.988628;0.00162204;-0.00479681;0.997948;0.0230542;0.988954;1;3;1
169.531;1204.06;4.30213;3.74232;-0.00438091;-0.00412688;2.50816e-05;-0.00412442;-0.00438337;0.994773;0.00174555;-0.00253515;1.00014;0.0219543;0.989278;1;4;1
192.531;1204.06;4.21392;3.77527;-0.00442763;-0.00486873;7.32019e-05;-0.0044158;-0.00488056;0.999307;0.00697117;-0.00326936;0.99538;0.021065;0.986969;1;4;1
215.531;1204.06;4.09784;3.86515;-0.00437148;-0.00228434;0.000177767;-0.00226931;-0.00438652;0.993856;0.0117538;-0.000199051;1.00294;0.0233697;0.987991;1;4;1
238.531;1204.06;4.01217;3.91863;-0.00468223;-0.00258744;0.000619147;-0.00241812;-0.00485155;0.993961;0.0014323;-0.00453708;1.00081;0.0225746;0.98966;1;3;1
261.531;1204.06;3.88178;3.99145;-0.00462422;-0.00395845;0.000403176;-0.00376849;-0.00481418;1.002;0.00105439;-0.000755345;0.993941;0.0229629;0.985309;1;4;1
284.531;1204.06;3.79886;4.01527;-0.00294688;-0.00303594;-0.000665931;-0.00232399;-0.00365883;0.997306;0.00567861;-0.00401206;0.996781;0.0207256;0.992651;1;3;1
307.531;1204.06;3.74589;4.10146;-0.00290701;-0.00229787;0.000461062;-0.00204986;-0.00315501;0.991382;0.00102487;-3.74705e-05;0.996466;0.0193901;0.991872;1;3;1
330.531;1204.06;3.66473;4.15414;-0.00399449;-0.00382958;0.000959916;-0.00294859;-0.00487549;0.995088;-0.00272661;-0.00626808;0.992053;0.0273836;0.981675;1;3;1
353.531;1204.06;3.56166;4.20318;-0.00602802;-0.00413099;0.00217088;-0.00271046;-0.00744855;0.986777;-0.00530726;-0.00184336;0.99366;0.0208884;0.990445;1;3;1
376.531;1204.06;3.3863;4.32054;-0.00659447;-0.00474998;7.46521e-05;-0.00474697;-0.00659748;0.993377;0.00753682;-0.00510246;0.999104;0.0203881;0.987589;1;3;1
399.531;1204.06;3.25703;4.3624;-0.00281548;-0.00442997;-9.08478e-05;-0.00281038;-0.00443507;0.99889;0.00303678;0.000872711;0.99738;0.0236753;0.982567;1;3;1
422.531;1204.06;3.25655;4.38804;-0.00314506;-0.00398533;-0.000149644;-0.00311921;-0.00401118;0.996432;0.00284603;-0.000381203;0.995228;0.0205974;0.98418;1;3;1
445.531;1204.06;3.11213;4.36026;-0.00400116;-0.00339429;-0.000981836;-0.00267007;-0.00472538;0.9953;0.00702775;0.00159795;0.994361;0.0257366;0.981922;1;4;1
468.531;1204.06;3.07211;4.42676;-0.00436891;-0.00464625;0.00116083;-0.0033385;-0.00567666;0.999188;0.00137872;-0.004189;0.994151;0.0234849;0.989013;1;4;1
491.531;1204.06;2.91048;4.50989;-0.00531779;-0.00495665;0.00141638;-0.00370938;-0.00656507;0.984646;-0.00494938;-0.00468014;0.990842;0.0238481;0.985108;1;4;1
514.531;1204.06;2.82659;4.57705;-0.00435835;-0.00425672;-0.000563061;-0.00374219;-0.00487288;1.0024;-0.00033495;-0.000843788;0.996566;0.0243631;0.98652;1;4;1
537.531;1204.06;2.70951;4.57185;-0.00486448;-0.00335775;0.000132049;-0.00334627;-0.00487596;0.993372;0.00563678;-0.0110367;0.993427;0.0225466;0.980872;1;4;1
560.531;1204.06;2.60215;4.68544;-0.00418849;-0.00533625;0.00238752;-0.00230684;-0.00721789;0.998253;0.00768522;-9.36468e-05;0.996054;0.0212396;0.984172;1;3;1
583.531;1204.06;2.51614;4.73795;-0.00304587;-0.00529973;0.00024319;-0.00301993;-0.00532567;0.992545;-0.000256379;-0.00282303;0.993127;0.0198685;0.991795;1;3;1
606.531;1204.06;2.46171;4.79024;-0.0047997;-0.0034447;-0.000832256;-0.00304905;-0.00519535;1.00007;0.00112988;-0.000454682;0.996108;0.0220719;0.990457;1;3;1
629.531;1204.06;2.2948;4.78208;-0.00495956;-0.00361152;-0.00140909;-0.00272355;-0.00584753;0.987841;0.00663797;-0.000596928;0.994569;0.0218746;0.984127;1;4;1
652.531;1204.06;2.23298;4.74178;-0.00276361;-0.00485216;-0.000395229;-0.00269132;-0.00492445;1.00263;0.00307158;0.0013661;1.00229;0.0258703;0.971228;1;4;1
675.531;1204.06;2.16745;4.84598;-0.00360534;-0.00564596;-0.000361034;-0.00354335;-0.00570795;0.992777;0.0129162;-0.00190922;0.990212;0.02839;0.982818;1;4;1
698.531;1204.06;2.0665;4.91595;-0.00534996;-0.0049273;-0.000139634;-0.00488534;-0.00539192;0.99981;0.00216177;-0.0021237;0.993453;0.0236101;0.984025;1;4;1
721.531;1204.06;1.92044;4.99676;-0.00658003;-0.00641771;-0.000227813;-0.00625703;-0.00674071;0.990735;0.00271687;-0.00498732;0.987232;0.0261707;0.982931;1;3;1
744.531;1204.06;1.76266;5.03488;-0.00575924;-0.00661299;0.000377501;-0.00561626;-0.00675596;0.999907;0.00670493;0.0024921;0.996778;0.022102;0.981026;1;3;1
767.531;1204.06;1.65464;5.09549;-0.00609065;-0.0065634;-0.00154961;-0.00475949;-0.00789456;0.991016;0.00521425;-0.00616242;0.998866;0.0258808;0.979917;1;4;1
790.531;1204.06;1.48159;5.09746;-0.00659728;-0.00507052;-0.00216407;-0.00353913;-0.00812867;0.995019;0.00312711;0.00418685;0.993824;0.02261;0.98017;1;3;1
813.531;1204.06;1.35014;5.05486;-0.00441288;-0.00634402;-0.000530262;-0.00427686;-0.00648004;0.996774;0.00390592;-0.00129115;0.988292;0.0246983;0.984059;1;3;1
836.531;1204.06;1.27804;5.19454;-0.00467747;-0.00716607;-0.000340595;-0.00463169;-0.00721184;0.993992;0.000936519;-0.00287295;0.988954;0.0224812;0.979454;1;4;1
859.531;1204.06;1.13439;5.14048;-0.00387785;-0.00438094;-0.00254548;-0.00157151;-0.00668728;0.992351;0.0117074;0.00303754;0.994139;0.0268014;0.976021;1;4;1
882.531;1204.06;1.09931;5.20527;-0.00579509;-0.00379272;0.00178393;-0.00274824;-0.00683957;0.990978;-0.0042503;-0.0092475;0.993847;0.0289724;0.966987;1;4;1
905.531;1204.06;0.866596;5.34217;-0.00817118;-0.00486733;-0.000160685;-0.00485953;-0.00817898;0.990128;-0.00344871;-0.00107074;0.994166;0.0250241;0.976561;1;3;1
928.531;1204.06;0.721744;5.32102;-0.00550177;-0.00467401;-0.00255699;-0.00249762;-0.00767816;0.993279;0.00230495;-0.00206291;0.994767;0.0240277;0.984021;1;3;1
951.531;1204.06;0.612815;5.3425;-0.00551856;-0.0054931;6.1565e-05;-0.00544296;-0.0055687;0.994919;0.00169413;0.00226172;0.993811;0.020985;0.984828;1;3;1
974.531;1204.06;0.467148;5.38021;-0.00483848;-0.00488365;5.52403e-05;-0.00480139;-0.00492075;1.00074;0.00100938;-0.000341712;0.994917;0.0217844;0.98288;1;3;1
997.531;1204.06;0.389637;5.42085;-0.00644692;-0.00489757;-0.000405542;-0.00479784;-0.00654665;0.986842;0.0047675;-0.00527495;0.996207;0.0221492;0.983612;1;4;1
1020.53;1204.06;0.169536;5.47165;-0.00609674;-0.00419549;-0.000389435;-0.00411881;-0.00617341;0.998134;-0.00194451;-0.00674763;0.994777;0.0256147;0.972478;1;3;1
1043.53;1204.06;0.108129;5.55512;-0.00615603;-0.00272753;-0.000491983;-0.00265833;-0.00622524;0.991729;0.00208208;0.00301372;1.00187;0.0214256;0.987597;1;3;1
1066.53;1204.06;-0.114544;5.51942;-0.00780769;-0.0051474;-0.00163131;-0.00437268;-0.00858241;0.991752;0.00425866;-0.00323291;0.991889;0.0243096;0.972902;1;3;1
1089.53;1204.06;-0.252437;5.55688;-0.00358232;-0.00232019;-0.00219316;-0.000669113;-0.0052334;0.997368;0.00166392;0.00334579;0.996005;0.0253337;0.984918;1;3;1
1112.53;1204.06;-0.279631;5.53989;-0.00379042;-0.0047884;-0.00166412;-0.00255209;-0.00602672;0.989851;0.0045135;-0.00190014;0.996493;0.0268832;0.976718;1;3;1
1135.53;1204.06;-0.427164;5.61395;-0.00773182;-0.00508926;-0.00126753;-0.00457958;-0.0082415;0.997153;0.00592738;-0.00444663;0.991395;0.0216892;0.987006;1;3;1
1158.53;1204.06;-0.636869;5.67104;-0.00681836;-0.00330103;-0.000664575;-0.00317965;-0.00693974;0.98897;0.00143941;0.00137216;0.992416;0.0251974;0.98413;1;3;1
1181.53;1204.06;-0.741962;5.69754;-0.00533019;-0.00302275;-0.00270589;-0.00123488;-0.00711806;0.996444;0.00612236;-0.00259209;1.00045;0.0237775;0.985509;1;3;1
1204.53;1204.06;-0.882715;5.6664;-0.00672373;-0.00579382;-0.00297465;-0.00324801;-0.00926955;1.0003;0.00883425;-0.00208942;0.996804;0.0253052;0.984404;1;3;1
1227.53;1204.06;-1.0523;5.67993;-0.00718393;-0.00218169;-0.000211614;-0.00217275;-0.00719287;0.987582;0.0097301;0.000966154;0.995208;0.0229518;0.984798;1;3;1
1250.53;1204.06;-1.21468;5.83396;-0.00590472;-0.00374808;-0.000341185;-0.00369539;-0.00595741;1.00299;-0.00192612;-0.00812361;0.994892;0.020028;0.988703;1;4;1
1273.53;1204.06;-1.32495;5.82111;-0.00478253;-0.00282197;-0.00181731;-0.00173741;-0.00586709;0.983485;-0.00178579;0.00418036;0.997275;0.0270151;0.990849;1;3;1
31.5305;1181.06;4.81188;3.41885;-0.00368596;-0.00194721;0.000731987;-0.00168009;-0.00395308;0.994075;0.00476457;-0.00607717;0.998895;0.0227863;0.984723;1;3;1
54.5305;1181.06;4.72683;3.49093;-0.00176433;-0.00163433;0.000979884;-0.000717294;-0.00268137;0.994145;0.00340879;0.0033169;1.0015;0.0221481;0.988788;1;3;1
77.5306;1181.06;4.73053;3.52203;-0.00292095;-0.00144266;0.00136959;-0.000625495;-0.00373811;1.00817;0.00764636;-0.00974823;1.00384;0.0281672;0.987647;1;4;1
100.531;1181.06;4.59207;3.6264;-0.00418653;-0.00243209;0.000503856;-0.00229769;-0.00432094;0.993251;0.000706325;-0.000568809;0.998754;0.0204085;0.991946;1;4;1
123.531;1181.06;4.53735;3.65642;-0.00239556;-0.00375378;0.000518368;-0.00222033;-0.00392901;0.999442;0.00470284;-0.00218255;0.991685;0.0236074;0.990842;1;3;1
146.531;1181.06;4.4815;3.77569;-0.00398556;-0.0039213;0.00163182;-0.00232129;-0.00558556;0.99869;0.000284847;-0.00467076;0.995163;0.0243101;0.98503;1;4;1
169.531;1181.06;4.35329;3.83805;-0.0038819;-0.00218822;0.000944387;-0.00176659;-0.00430353;0.991691;0.000772049;0.000515404;0.996275;0.025778;0.98222;1;3;1
192.531;1181.06;4.30243;3.89493;-0.00434441;-0.00314011;-8.19434e-05;-0.00313456;-0.00434996;1.00222;-0.00351591;-0.00286812;0.996915;0.0216519;0.987634;1;3;1
215.531;1181.06;4.15297;3.89711;-0.00531199;-0.00079581;-0.000552904;-0.000729105;-0.0053787;0.986412;-0.00475122;-6.46097e-05;0.99454;0.0272922;0.98128;1;3;1
238.531;1181.06;4.0574;3.94397;-0.00468327;-0.00209513;0.000801974;-0.00186678;-0.00491163;1.00604;-0.00400888;-0.0047919;0.997929;0.0238675;0.990546;1;3;1
261.531;1181.06;3.93675;4.06002;-0.0040168;-0.0030513;0.000467624;-0.00286195;-0.00420615;0.983621;0.00217403;-0.0032387;0.998281;0.0242439;0.988029;1;4;1
284.531;1181.06;3.872;4.09848;-0.00318194;-0.00336136;-0.00105871;-0.00220914;-0.00433415;1.00026;0.00947377;-0.00113673;0.995908;0.0221254;0.990564;1;3;1
307.531;1181.06;3.79003;4.16182;-0.0043325;-0.00295245;0.000664537;-0.00268449;-0.00460046;0.99371;0.00468321;-0.00580448;0.996248;0.0215885;0.988694;1;3;1
330.531;1181.06;3.67201;4.25155;-0.00578416;-0.0033999;0.00102377;-0.00302063;-0.00616342;0.994863;0.00216681;-0.00190738;1.00019;0.0210877;0.988671;1;3;1
353.531;1181.06;3.523;4.29165;-0.00376513;-0.00380864;0.000989106;-0.00279754;-0.00477623;0.99672;-0.00404358;-0.00444471;0.995841;0.0213649;0.988594;1;4;1
376.531;1181.06;3.49823;4.40615;-0.00421254;-0.00248072;0.000559456;-0.00231572;-0.00437755;0.994147;-0.000333358;-0.00355424;1.00129;0.0203891;0.990201;1;3;1
399.531;1181.06;3.32859;4.43417;-0.00473266;-0.00206432;-1.04773e-06;-0.00206432;-0.00473266;0.994212;0.00307122;0.00110104;1.00031;0.0206392;0.985739;1;3;1
422.531;1181.06;3.27994;4.48288;-0.00275451;-0.00243479;-0.000737746;-0.00183978;-0.00334951;0.997907;0.00229069;-0.00020126;0.997826;0.0207032;0.986983;1;3;1
445.531;1181.06;3.20167;4.4933;-0.0046256;-0.00518408;2.15616e-05;-0.00462477;-0.00518491;0.994679;0.0024247;-0.00150608;0.993164;0.0179686;0.990527;1;4;1
468.531;1181.06;3.06654;4.59373;-0.00538146;-0.00507484;0.000661798;-0.00454883;-0.00590747;0.995908;0.00230323;-0.00629854;0.995531;0.0233426;0.985305;1;3;1
491.531;1181.06;2.95334;4.59484;-0.00381553;-0.00326562;-0.000264606;-0.00315898;-0.00392217;0.992954;0.00154243;0.00303062;0.997911;0.0252427;0.982106;1;2;1
514.531;1181.06;2.89064;4.66103;-0.00410304;-0.0036547;-4.80223e-05;-0.00364962;-0.00410813;0.994159;0.0011019;-0.00166192;0.999214;0.0251666;0.9836;1;3;1
537.531;1181.06;2.76417;4.65966;-0.00591864;-0.00476132;-0.000951942;-0.00422596;-0.006454;0.992196;0.00405042;-0.00459079;0.997723;0.0231456;0.981632;1;3;1
560.531;1181.06;2.61745;4.76339;-0.00350992;-0.00384639;0.000626678;-0.00302929;-0.00432702;1.00389;-0.00163211;-0.00219895;0.994801;0.0213343;0.984148;1;3;1
583.531;1181.06;2.60217;4.81417;-0.00277173;-0.00186027;-0.000438466;-0.00168359;-0.00294841;0.991354;0.00511392;-0.0022347;0.99764;0.022307;0.983681;1;3;1
606.531;1181.06;2.48964;4.87567;-0.00599864;-0.00242766;0.00086094;-0.00223093;-0.00619537;0.996002;0.00706984;0.00192168;0.997436;0.0219339;0.988463;1;3;1
629.531;1181.06;2.32536;4.8714;-0.00522924;-0.00420205;0.000417895;-0.00405351;-0.00537777;0.996875;-0.000229449;-0.00128374;0.998455;0.022953;0.982986;1;4;1
652.531;1181.06;2.24841;4.94538;-0.00233832;-0.00674611;0.000763161;-0.00220993;-0.0068745;0.998548;0.00318749;-0.00773505;0.992756;0.0231198;0.981102;1;4;1
675.531;1181.06;2.21738;5.03462;-0.00433365;-0.00531989;0.001177;-0.00355065;-0.00610289;0.99276;-0.00913173;0.00219754;0.996244;0.0285579;0.97749;1;4;1
698.531;1181.06;2.04851;5.04758;-0.0063817;-0.0050132;0.000285699;-0.00495595;-0.00643895;0.989897;0.00191111;-0.0102556;0.995794;0.0263384;0.983754;1;3;1
721.531;1181.06;1.92265;5.18028;-0.00459248;-0.00560296;-0.000600932;-0.00431261;-0.00588282;0.997084;0.00288711;-0.000129516;1.00096;0.0262641;0.980443;1;3;1
744.531;1181.06;1.8365;5.20626;-0.00374458;-0.00556473;-0.000570967;-0.0035803;-0.00572901;0.996684;-0.00165457;-0.00273378;0.989822;0.0220578;0.985893;1;4;1
767.531;1181.06;1.75003;5.2406;-0.00546472;-0.00451506;-0.000897526;-0.0039745;-0.00600528;0.993453;0.000643137;0.00412364;0.996355;0.024832;0.985535;1;3;1
790.531;1181.06;1.58443;5.22086;-0.00690591;-0.00506428;-0.00262649;-0.00320187;-0.00876832;0.991676;0.0103221;0.000206581;0.995701;0.0212265;0.984202;1;4;1
813.531;1181.06;1.43125;5.26939;-0.00640032;-0.00571491;-0.000402166;-0.00552924;-0.00658599;0.999028;0.00647592;-0.00492563;0.993963;0.0262823;0.977703;1;4;1
836.531;1181.06;1.28878;5.38197;-0.00438288;-0.00366836;-0.00149392;-0.00248958;-0.00556166;0.995211;0.0109711;0.00279867;0.997511;0.0267042;0.970514;1;4;1
859.531;1181.06;1.22916;5.31977;-0.00595502;-0.00647171;-0.00266628;-0.00353459;-0.00889213;0.998415;-0.00015071;0.00371142;0.993626;0.0286028;0.974156;1;4;1
882.531;1181.06;1.01402;5.36048;-0.00628392;-0.00537546;0.00039388;-0.00522847;-0.00643091;0.984656;0.00507452;-0.00546635;0.994922;0.0274141;0.979415;1;4;1
905.531;1181.06;0.939016;5.44589;-0.0031087;-0.00402413;-0.00164102;-0.00186275;-0.00527007;0.992626;0.00887009;0.00234245;0.996291;0.0229498;0.985306;1;3;1
928.531;1181.06;0.87076;5.42258;-0.00634585;-0.00585945;-0.00124294;-0.00483614;-0.00736916;0.99502;0.00433682;-0.00326588;0.992395;0.0268422;0.976284;1;3;1
951.531;1181.06;0.646137;5.50442;-0.00772109;-0.00458884;-0.000322799;-0.00455592;-0.00775401;0.995009;0.00315935;0.00376784;0.996404;0.0219568;0.983179;1;3;1
974.531;1181.06;0.51408;5.53068;-0.00446454;-0.00444578;-0.00110361;-0.00335151;-0.00555881;0.99259;0.00769769;-0.00230905;0.995793;0.0214705;0.989147;1;3;1
997.531;1181.06;0.440295;5.53822;-0.00381532;-0.00529468;-0.00156775;-0.00282152;-0.00628848;0.996084;0.00125935;-0.0010079;0.990074;0.0255671;0.975013;1;4;1
1020.53;1181.06;0.338228;5.5616;-0.00585493;-0.00444212;-0.00140608;-0.00357497;-0.00672208;0.998395;0.00400211;-0.00182517;0.990954;0.0247809;0.981684;1;3;1
1043.53;1181.06;0.170155;5.58167;-0.00760339;-0.00265801;-0.000942228;-0.00248458;-0.00777683;0.991274;0.000971649;-0.00477896;0.993978;0.0260562;0.982014;1;3;1
1066.53;1181.06;-0.0129842;5.66481;-0.00465397;-0.00500605;-0.00197037;-0.00285179;-0.00680823;0.994463;0.00505386;0.00265583;0.993619;0.0259513;0.974094;1;3;1
1089.53;1181.06;-0.0444368;5.60986;-0.00502668;-0.00359501;-0.0035202;-0.000718601;-0.00790309;1.00082;0.0138799;-0.00252879;0.999427;0.023928;0.980053;1;3;1
1112.53;1181.06;-0.244815;5.62243;-0.00542828;-0.00423972;-0.000131812;-0.00422528;-0.00544272;0.98775;0.0021647;-0.00171301;0.995781;0.0235338;0.982483;1;3;1
1135.53;1181.06;-0.295043;5.75297;-0.00690925;-0.00358496;0.000441121;-0.00352742;-0.00696679;0.997168;0.0002626;-0.000760058;0.997887;0.0231256;0.983593;1;3;1
1158.53;1181.06;-0.563847;5.71805;-0.00658545;-0.00279019;-0.000237736;-0.00277536;-0.00660028;0.994726;0.000699697;0.000542904;1.00188;0.0242584;0.979634;1;3;1
1181.53;1181.06;-0.598978;5.76025;-0.00411288;-0.00352086;0.00024876;-0.00343022;-0.00420352;0.996013;-0.00302368;-0.00395638;0.994621;0.0221554;0.985381;1;3;1
1204.53;1181.06;-0.753592;5.84008;-0.00789105;-0.00519847;-0.00111654;-0.00479571;-0.00829381;0.990747;0.000849972;-0.00480401;0.991742;0.0220605;0.986749;1;3;1
1227.53;1181.06;-0.963425;5.79689;-0.00748215;-0.00610166;-0.0010342;-0.00554852;-0.00803529;0.987234;0.00213158;5.8966e-05;0.996472;0.0218022;0.98701;1;3;1
1250.53;1181.06;-1.09908;5.87262;-0.00719953;-0.00300805;-0.000481349;-0.00295348;-0.0072541;1.00085;0.00688404;0.00293169;1.00162;0.0230388;0.989522;1;3;1
1273.53;1181.06;-1.29585;5.85818;-0.00851823;-0.00298269;-0.00165052;-0.00252792;-0.008973;0.974568;0.001547;-0.00569175;0.999335;0.0260344;0.988044;1;4;1
31.5305;1158.06;4.85551;3.42096;-0.00374868;-0.00204758;0.0010728;-0.00152907;-0.0042672;0.993363;0.00569167;-0.00748901;1.00261;0.0253136;0.983769;1;3;1
54.5305;1158.06;4.76892;3.51979;-0.0033528;-0.00315725;0.000658488;-0.00258932;-0.00392074;0.994412;-0.00283132;0.00247482;0.99653;0.0241451;0.989519;1;3;1
77.5306;1158.06;4.70091;3.52495;-0.00292859;-0.00322205;0.00171216;-0.00135689;-0.00479375;1.00728;0.000312378;-0.00778514;0.996118;0.0265414;0.988257;1;3;1
100.531;1158.06;4.63387;3.63046;-0.0027839;-0.00133241;0.00106811;-0.000766811;-0.0033495;0.985434;0.00183554;-0.00650211;0.996862;0.0217458;0.989874;1;3;1
123.531;1158.06;4.57209;3.75655;-0.00404464;-0.00344579;0.0022748;-0.00145079;-0.00603963;0.998402;0.000160689;-0.00314173;0.997276;0.0234411;0.991438;1;3;1
146.531;1158.06;4.44693;3.84805;-0.00515285;-0.00191584;0.000713624;-0.0017655;-0.00530319;0.998096;0.000390111;0.00252196;0.999412;0.0229995;0.985914;1;2;1
169.531;1158.06;4.33436;3.8431;-0.00360744;-0.00281408;0.000293298;-0.00271743;-0.00370409;0.991187;0.000716388;-0.00419957;0.997871;0.0270422;0.981694;1;3;1
192.531;1158.06;4.28063;3.91999;-0.00295392;-0.00197782;0.000546746;-0.00173298;-0.00319876;1.00252;0.000429506;0.000430421;0.999822;0.025153;0.980507;1;4;1
215.531;1158.06;4.19824;3.90188;-0.00388713;-0.00320914;0.000473318;-0.00296595;-0.00413033;0.990906;0.00236358;-0.00351622;0.998106;0.0236382;0.986188;1;4;1
238.531;1158.06;4.10137;4.01519;-0.00443396;-0.00416693;0.00183445;-0.00246115;-0.00613974;1.00154;0.0110571;-0.00692093;0.99451;0.0212745;0.991682;1;3;1
261.531;1158.06;3.99324;4.13216;-0.00223124;-0.00339644;0.00118293;-0.00149522;-0.00413246;0.997561;-0.0012115;-0.00450961;0.997491;0.0242759;0.986348;1;2;1
284.531;1158.06;3.99836;4.17059;-0.0033715;-0.00297309;0.000655915;-0.0024868;-0.00385779;0.999573;0.000808724;0.000252933;0.997031;0.018727;0.990332;1;3;1
307.531;1158.06;3.83777;4.23757;-0.00645742;-0.00291997;0.00160015;-0.00230356;-0.00707383;0.989864;0.00123621;-0.0031244;0.998445;0.0211134;0.986945;1;3;1
330.531;1158.06;3.70013;4.31081;-0.00461197;-0.000580156;0.00147221;-9.9811e-05;-0.00509231;1.00008;0.00814181;-0.0063873;0.993637;0.0234677;0.988778;1;3;1
353.531;1158.06;3.62491;4.37875;-0.00482722;-0.00269532;4.32316e-05;-0.00269444;-0.0048281;0.988905;0.00780934;-0.00782792;0.998839;0.0243858;0.984666;1;3;1
376.531;1158.06;3.47737;4.43489;-0.00630131;-0.00157699;0.00115103;-0.00131148;-0.00656682;0.994612;0.000834748;0.000636702;0.992387;0.0208585;0.990741;1;4;1
399.531;1158.06;3.33407;4.45753;-0.00203195;-0.00186968;-0.000322924;-0.00161785;-0.00228377;0.995279;0.00266416;-0.000289999;0.992134;0.0215108;0.988822;1;3;1
422.531;1158.06;3.38376;4.50036;-0.00245154;-0.00217178;0.00116979;-0.00113353;-0.00348979;0.999479;0.00438789;-0.00521174;0.997605;0.018687;0.989961;1;4;1
445.531;1158.06;3.22094;4.59948;-0.00587413;-0.00247329;0.00124165;-0.00206821;-0.00627921;0.991727;0.00217844;-0.00206014;0.998344;0.0172794;0.992098;1;3;1
468.531;1158.06;3.11247;4.66082;-0.00474194;-0.00157637;-0.000959976;-0.001308;-0.00501031;0.994161;0.000899918;-0.00300502;0.998739;0.0217816;0.984538;1;4;1
491.531;1158.06;3.00225;4.66045;-0.00469592;-0.00236685;-0.000523806;-0.00225447;-0.0048083;0.994758;0.00425719;0.00107543;0.997904;0.0213466;0.987157;1;3;1
514.531;1158.06;2.89587;4.74553;-0.00221421;-0.00247797;5.85084e-05;-0.00220182;-0.00249036;0.996823;-0.000221314;-0.00214825;0.997208;0.0220189;0.987723;1;3;1
537.531;1158.06;2.90009;4.79179;-0.00427276;-0.00418448;-0.000276614;-0.00394851;-0.00450874;0.991389;0.00651074;-0.00638005;0.99617;0.0263022;0.978838;1;3;1
560.531;1158.06;2.69875;4.86281;-0.00501145;-0.00223219;-0.00185744;-0.00130209;-0.00594156;1.00031;0.00724582;0.00541215;0.997203;0.0238643;0.984899;1;3;1
583.531;1158.06;2.66897;4.82385;-0.00562052;-0.00210699;-0.000218091;-0.00209351;-0.00563401;0.991932;0.00434603;-0.00648972;0.99771;0.0257407;0.975308;1;3;1
606.531;1158.06;2.43946;4.90205;-0.00742437;-0.001641;0.000669512;-0.00156451;-0.00750087;0.997202;-0.00776748;0.00214505;0.995768;0.026793;0.976499;1;4;1
629.531;1158.06;2.32592;4.97579;-0.00247773;-0.00305773;0.00064143;-0.00206379;-0.00347167;0.994516;-0.00498379;-0.00398519;0.992086;0.0236985;0.984027;1;3;1
652.531;1158.06;2.3251;5.05325;-0.00358017;-0.00387532;4.21777e-05;-0.00357426;-0.00388123;0.999237;0.00285724;-0.00622893;0.992094;0.0237384;0.987434;1;3;1
675.531;1158.06;2.16079;5.09135;-0.00301933;-0.00266032;0.00109496;-0.00173025;-0.0039494;0.992701;0.000847223;0.00604421;0.996833;0.0260954;0.980784;1;3;1
698.531;1158.06;2.1859;5.14729;-0.000564993;-0.0048041;0.00109307;-0.000299739;-0.00506935;1.00252;0.00490003;-0.0106538;0.996659;0.0263171;0.988838;1;4;1
721.531;1158.06;2.1345;5.25572;-0.00671806;-0.0021028;-0.000820011;-0.00196144;-0.00685943;0.989104;0.00368052;0.000531506;0.996494;0.0203269;0.987951;1;3;1
744.531;1158.06;1.8756;5.29171;-0.00827395;-0.00138992;-0.000570765;-0.00134292;-0.00832095;0.994032;0.00436271;-0.00100366;1.00081;0.0214085;0.98483;1;3;1
767.531;1158.06;1.75229;5.30376;-0.00264483;-0.00263782;0.000219587;-0.00242171;-0.00286094;0.995706;0.00253257;0.000616145;1.0001;0.0223229;0.986056;1;3;1
790.531;1158.06;1.75375;5.33182;-0.00441827;-0.00330125;-0.00110555;-0.00262114;-0.00509838;0.99473;0.000439811;-0.000210881;0.997444;0.023958;0.979433;1;3;1
813.531;1158.06;1.54859;5.31893;-0.00622466;-0.00284142;-0.00106294;-0.00253519;-0.00653089;0.992081;0.00627684;0.0011259;0.999856;0.0247031;0.98452;1;4;1
836.531;1158.06;1.46651;5.36398;-0.00409482;-0.00137422;-0.00217591;-0.000168396;-0.00530065;0.99746;0.00373926;-0.00481877;0.996309;0.0255792;0.969926;1;3;1
859.531;1158.06;1.35968;5.4397;-0.00601097;-0.00318812;-0.000899842;-0.00292568;-0.00627342;0.991235;0.00587397;-0.000203281;0.999393;0.0241043;0.977885;1;3;1
882.531;1158.06;1.18908;5.4533;-0.00605789;-0.0029333;-0.0020213;-0.00194091;-0.00705028;0.996256;0.00435785;-0.00696955;1.00338;0.0260244;0.978921;1;3;1
905.531;1158.06;1.08009;5.52815;-0.00635997;-0.00250366;-8.54013e-05;-0.00250177;-0.00636186;0.987333;0.00145366;-0.000147328;0.999829;0.0214067;0.984528;1;3;1
928.531;1158.06;0.89538;5.59168;-0.00712431;-0.00490947;-0.00120846;-0.00437775;-0.00765602;0.998394;0.00424989;-0.00243859;0.999165;0.0220095;0.985614;1;3;1
951.531;1158.06;0.751186;5.55428;-0.00633722;-0.00372434;-0.00242496;-0.00227628;-0.00778527;0.99042;0.00180965;0.000579809;0.994656;0.022872;0.986875;1;3;1
974.531;1158.06;0.602938;5.58538;-0.00402984;-0.00353672;-0.000684324;-0.00305589;-0.00451067;1.00008;0.00803005;-2.74968e-05;0.994104;0.026109;0.979891;1;3;1
997.531;1158.06;0.565304;5.66539;-0.00562911;-0.00379359;-0.00104946;-0.0033172;-0.0061055;0.991796;0.00796097;-0.00671413;0.996339;0.0280658;0.979688;1;3;1
1020.53;1158.06;0.343175;5.67677;-0.00576802;-0.00506174;-0.00143651;-0.0039356;-0.00689416;0.993871;0.0041538;0.00771535;0.995327;0.0282209;0.967297;1;3;1
1043.53;1158.06;0.299203;5.67795;-0.00536296;-0.00478839;-0.000582676;-0.00442602;-0.00572532;0.997021;0.00547503;-0.00892708;0.994775;0.0235956;0.985614;1;3;1
1066.53;1158.06;0.0957539;5.75077;-0.00582124;-0.00316361;-0.00145003;-0.00252562;-0.00645923;0.996152;0.00248783;0.00380941;0.997478;0.0192399;0.987765;1;3;1
1089.53;1158.06;0.0306197;5.72343;-0.0047692;-0.00474246;-0.00138018;-0.00337559;-0.00613607;0.99477;0.00103501;0.000166898;0.997859;0.0224275;0.986225;1;3;1
1112.53;1158.06;-0.124158;5.7356;-0.00871555;-0.00410769;-0.00112895;-0.00384596;-0.00897728;0.99158;-0.0007098;-9.02602e-05;0.994857;0.0250488;0.982608;1;3;1
1135.53;1158.06;-0.372092;5.77919;-0.0104521;-0.00199488;0.000543611;-0.00196008;-0.0104869;0.984593;0.00616591;-0.00267629;0.997377;0.0230133;0.98263;1;3;1
1158.53;1158.06;-0.607538;5.79957;-0.00586677;-0.0046188;-0.000970307;-0.00408916;-0.00639641;0.994935;0.00621904;-0.00333043;0.994591;0.0274423;0.975168;1;3;1
1181.53;1158.06;-0.642831;5.85989;-0.0029255;-0.0052537;-6.0751e-05;-0.00292392;-0.00525529;1.00046;0.00218515;-0.000317545;0.995482;0.0217236;0.986302;1;3;1
1204.53;1158.06;-0.742433;5.90637;-0.00608809;-0.00447765;0.000445376;-0.00436268;-0.00620306;0.990594;-0.000768231;-0.00367832;0.99793;0.0233048;0.983939;1;3;1
1227.53;1158.06;-0.923854;5.96165;-0.00792582;-0.00443862;-0.000889915;-0.00422464;-0.00813979;0.991224;-0.00436721;0.00129388;0.997444;0.0214339;0.987851;1;3;1
1250.53;1158.06;-1.10853;5.97266;-0.00600309;-0.00361017;-0.00155802;-0.00284221;-0.00677105;0.994124;0.00310808;-0.000109856;0.995175;0.0222806;0.988468;1;3;1
1273.53;1158.06;-1.20083;5.95869;-0.00400503;-0.00430269;-0.00216003;-0.00198871;-0.00631901;0.996361;0.0100868;-0.00403232;0.999882;0.0254175;0.987434;1;3;1
31.5305;1135.06;4.9108;3.51324;-0.00608627;-0.00254225;0.00242165;-0.00131353;-0.00731499;0.996157;-0.00236192;-0.00147282;0.993802;0.0233833;0.988384;1;4;1
54.5305;1135.06;4.77006;3.63641;-0.00492997;-0.00135376;0.000616603;-0.00125043;-0.0050333;0.996242;0.0047352;-0.000276626;1.00708;0.0284873;0.980513;1;4;1
77.5306;1135.06;4.68319;3.67051;-0.000968013;-0.00357591;-2.07179e-05;-0.000967848;-0.00357608;1.00068;0.00320678;-0.00510733;0.998899;0.0238487;0.990235;1;3;1
100.531;1135.06;4.72548;3.68793;-0.00299587;-0.00352027;0.0011579;-0.00207085;-0.00444528;0.993002;0.000747341;-0.00232869;0.998233;0.0230022;0.990379;1;3;1
123.531;1135.06;4.54495;3.8152;-0.00483174;-0.00171155;0.00217595;-0.00059421;-0.00594908;0.997651;0.00287117;-0.00814778;1.00043;0.0230292;0.989105;1;4;1
146.531;1135.06;4.50234;3.86391;-0.0031795;-0.000799252;0.00145863;-0.000106825;-0.00387193;0.997388;0.0036761;0.0044504;0.999116;0.0265405;0.984292;1;4;1
169.531;1135.06;4.3982;3.9677;-0.0041513;-0.00338401;0.00123041;-0.00247882;-0.00505648;0.997755;0.000301802;-0.00448279;0.997199;0.0262388;0.97945;1;3;1
192.531;1135.06;4.31082;3.986;-0.00420004;-0.00305506;0.000856813;-0.00259708;-0.00465802;0.988814;0.00408045;-0.000334929;0.995141;0.0259166;0.987874;1;3;1
215.531;1135.06;4.20453;4.045;-0.00417286;-0.00470731;0.00127163;-0.00314069;-0.00573949;0.998685;0.000756742;-0.0107704;0.995017;0.023169;0.986745;1;3;1
238.531;1135.06;4.11822;4.13609;-0.00479966;-0.00303227;0.00155184;-0.00213015;-0.00570178;0.995153;-0.00573042;-0.0023401;0.99406;0.0243801;0.982495;1;3;1
261.531;1135.06;3.98289;4.21654;-0.0043646;-0.00263459;0.000824341;-0.0023047;-0.00469449;0.99502;-0.00106174;-0.00414037;0.994047;0.0248973;0.984103;1;3;1
284.531;1135.06;3.9169;4.23546;-0.00434355;-0.00326259;0.000948921;-0.00271102;-0.00489512;0.998547;-0.00412773;0.00107526;0.995906;0.0243491;0.980504;1;3;1
307.531;1135.06;3.78258;4.29634;-0.00518602;-0.0028986;0.000216053;-0.00287837;-0.00520625;0.989016;-0.00204787;-0.00246476;0.992562;0.0255725;0.981486;1;4;1
330.531;1135.06;3.6777;4.27824;-0.00301886;-0.00110732;0.000503876;-0.000982632;-0.00314355;1.00322;-0.00771397;-0.00306911;0.999122;0.0268441;0.988614;1;4;1
353.531;1135.06;3.64335;4.41596;-0.00447805;-0.00242748;0.00162855;-0.00152835;-0.00537718;0.99675;0.00210036;-0.00741828;0.994001;0.0227102;0.983345;1;4;1
376.531;1135.06;3.47081;4.47875;-0.00475787;-0.000332001;0.0012031;-2.60993e-05;-0.00506377;0.993418;0.00272715;0.00126678;1.00339;0.0217047;0.985096;1;3;1
399.531;1135.06;3.42384;4.52035;-0.00339948;-0.00311555;0.00011238;-0.00307646;-0.00343858;0.997352;-0.00265173;-0.00536968;0.999146;0.0210667;0.990431;1;3;1
422.531;1135.06;3.31405;4.5829;-0.0038184;-0.00337618;0.0016611;-0.00192154;-0.00527304;0.990159;-0.00268488;0.000195079;0.997167;0.0245676;0.984179;1;3;1
445.531;1135.06;3.24778;4.60724;-0.00211791;-0.00156187;0.000802;-0.000991068;-0.00268871;1.00029;-0.00408893;-0.00191089;1.0001;0.0201979;0.986549;1;3;1
468.531;1135.06;3.21644;4.66655;-0.00349403;-0.00232525;-0.000142017;-0.00230825;-0.00351104;0.993407;0.00456376;-0.00204818;0.999104;0.0233848;0.983833;1;4;1
491.531;1135.06;3.08667;4.70404;-0.00433326;-0.00308877;-8.36122e-05;-0.00308318;-0.00433885;0.991123;0.00425818;-0.00703379;0.996886;0.0235136;0.98542;1;4;1
514.531;1135.06;3.01655;4.77533;-0.0038925;-0.00226338;-0.000830132;-0.00191492;-0.00424097;0.999653;0.00856182;-0.000228589;0.997525;0.0234512;0.984645;1;3;1
537.531;1135.06;2.90702;4.85277;-0.00423237;-0.00279632;0.000526421;-0.00262402;-0.00440467;0.993034;-0.00300919;-0.00362867;0.996257;0.0219038;0.986239;1;4;1
560.531;1135.06;2.82136;4.86664;-0.00531756;-0.00214883;-0.000987821;-0.00186611;-0.00560028;1.00026;0.000922776;0.000627988;0.996825;0.0206888;0.987099;1;4;1
583.531;1135.06;2.66172;4.91123;-0.00522251;-0.00402981;-0.000285283;-0.00396509;-0.00528723;0.987811;-0.00467178;-0.00580373;0.998996;0.0204375;0.989908;1;4;1
606.531;1135.06;2.58041;4.95131;-0.00529678;-0.00360833;-0.00152038;-0.00271351;-0.0061916;1.00149;0.0127183;0.000852684;1.00183;0.0218577;0.985359;1;4;1
629.531;1135.06;2.41731;5.01236;-0.00477229;-0.00247303;-0.000578248;-0.0023358;-0.00490953;0.988565;0.00994141;-0.0103468;1.00084;0.0215588;0.98822;1;3;1
652.531;1135.06;2.36003;5.12412;-0.00448258;-0.00215375;0.000622382;-0.00199786;-0.00463848;0.999233;0.000940207;0.000195096;0.998149;0.0269192;0.97967;1;4;1
675.531;1135.06;2.21042;5.15716;-0.00538173;-0.00118864;-0.00089167;-0.0010069;-0.00556347;0.991105;0.0127778;-7.48555e-05;1.00091;0.0261901;0.973597;1;3;1
698.531;1135.06;2.11157;5.26914;-0.00144604;-0.00310923;0.000639926;-0.00122832;-0.00332695;0.999115;0.00170622;-0.00659993;0.992927;0.0288733;0.979583;1;4;1
721.531;1135.06;2.14369;5.27764;-0.00377013;-0.000600396;0.000385536;-0.000554177;-0.00381635;0.994145;-0.000943979;0.00419937;0.999271;0.0225426;0.985579;1;4;1
744.531;1135.06;1.93782;5.27035;-0.00809162;-0.0010915;-9.89465e-05;-0.0010901;-0.00809302;0.987824;0.000733188;-0.00173186;1.00186;0.0215289;0.986502;1;4;1
767.531;1135.06;1.76988;5.3621;-0.0051156;-0.00170421;-2.39797e-05;-0.00170404;-0.00511577;0.995662;0.000289065;-0.00367897;0.994615;0.0241795;0.979619;1;3;1
790.531;1135.06;1.70178;5.37312;-0.00451013;-0.00224076;-0.000189462;-0.00222505;-0.00452584;0.996611;-0.000221489;0.00203889;0.996737;0.0225638;0.982876;1;3;1
813.531;1135.06;1.56193;5.40046;-0.00197277;-0.0032931;-0.000340147;-0.00189029;-0.00337558;0.999367;-0.00865505;0.000453242;0.992687;0.0231556;0.981959;1;4;1
836.531;1135.06;1.61089;5.44635;-0.00346924;-0.00394848;8.02585e-05;-0.00345616;-0.00396157;0.992978;-0.00288212;-0.00331209;0.998964;0.0223345;0.986549;1;4;1
859.531;1135.06;1.40202;5.46699;-0.00695412;-0.00328031;-0.000292498;-0.00325717;-0.00697726;0.992516;-0.00301115;0.000883876;0.99542;0.0263531;0.975686;1;3;1
882.531;1135.06;1.28985;5.49644;-0.00684759;-0.00397182;-0.000676649;-0.00382057;-0.00699884;0.992178;0.00280192;-0.00913636;0.991493;0.0272064;0.969142;1;4;1
905.531;1135.06;1.08585;5.56144;-0.00608295;-0.00283878;0.000386011;-0.00279349;-0.00612825;0.995003;0.000479997;-0.000148804;0.998457;0.0231376;0.980379;1;3;1
928.531;1135.06;1.00892;5.64918;-0.00480063;-0.00273974;-0.000771641;-0.00248285;-0.00505752;0.998825;0.00357121;-0.000895105;0.994451;0.0288115;0.97454;1;3;1
951.531;1135.06;0.864341;5.67658;-0.00694184;-0.00407817;-0.00185213;-0.00316895;-0.00785107;0.990971;0.00493767;-0.000505789;0.996555;0.0217547;0.982162;1;3;1
974.531;1135.06;0.68846;5.69399;-0.00510368;-0.00389565;-0.00164225;-0.00274986;-0.00624947;0.996487;0.00326699;0.00103069;0.991453;0.0217765;0.988873;1;3;1
997.531;1135.06;0.628955;5.71345;-0.0044384;-0.00215074;-0.000439654;-0.00206916;-0.00451999;0.999895;6.124e-05;-0.00438812;0.993588;0.0235051;0.984713;1;3;1
1020.53;1135.06;0.483726;5.79527;-0.00716494;-0.00398162;-0.00164708;-0.0032828;-0.00786375;0.991568;0.00308935;0.00295866;0.988083;0.0266204;0.981997;1;3;1
1043.53;1135.06;0.298091;5.80265;-0.00686592;-0.00485683;-0.00062644;-0.00467751;-0.00704524;0.992925;0.00275432;-0.00274198;0.997365;0.021551;0.984666;1;3;1
1066.53;1135.06;0.166799;5.81092;-0.0049897;-0.00282788;-0.00102726;-0.00241761;-0.00539998;0.997375;0.000816102;-0.00125186;0.999581;0.0239699;0.97857;1;3;1
1089.53;1135.06;0.0679822;5.82867;-0.00543762;-0.00442988;-0.000900796;-0.00390161;-0.00596589;0.99436;0.00405903;0.000614061;0.996526;0.0254154;0.975502;1;3;1
1112.53;1135.06;-0.0840147;5.81206;-0.00755905;-0.00333459;-0.000938418;-0.00313551;-0.00775813;0.990103;0.00852239;-0.00224305;0.996954;0.0284277;0.976295;1;3;1
1135.53;1135.06;-0.281061;5.84483;-0.00669634;-0.0032868;-0.000961645;-0.00303428;-0.00694887;0.990298;0.00513076;-0.00650998;0.99283;0.0258564;0.972528;1;3;1
1158.53;1135.06;-0.39324;5.93132;-0.0044572;-0.00399038;-0.00104774;-0.00315037;-0.00529721;1.00097;0.00714462;0.00118706;0.994792;0.022837;0.981263;1;4;1
1181.53;1135.06;-0.486823;6.0027;-0.00648997;-0.0031402;-0.000963018;-0.00288308;-0.00674709;0.996188;-0.000212567;0.000515297;0.996091;0.0268396;0.982691;1;3;1
1204.53;1135.06;-0.692899;6.04656;-0.00709533;-0.00328431;-0.00175833;-0.002597;-0.00778264;0.989062;0.00483313;-0.00343654;0.996175;0.0236818;0.983571;1;3;1
1227.53;1135.06;-0.814375;6.00177;-0.00574298;-0.00198899;-0.0024184;-0.000804652;-0.00692732;0.999725;0.0102655;0.00245654;1.00113;0.0239105;0.9872;1;3;1
1250.53;1135.06;-0.95784;6.03921;-0.00671321;-0.00380829;-0.00164921;-0.00306313;-0.00745837;0.98794;0.00616895;-0.00412767;0.995519;0.022861;0.983813;1;2;1
1273.53;1135.06;-1.12426;6.05685;-0.00720915;-0.00330314;-0.00171053;-0.00265997;-0.00785232;0.992545;0.000740189;0.00304997;0.991186;0.028746;0.981819;1;3;1
31.5305;1112.06;4.87859;3.53806;-0.000382352;-0.00043109;0.00150613;0.00109961;-0.00191305;0.990344;-0.000894752;-0.00156815;1.0008;0.0252231;0.985062;1;4;1
54.5305;1112.06;4.86975;3.58221;-0.00269507;-9.84652e-06;0.000733398;0.000177404;-0.00288232;0.998348;0.00465653;-0.00439867;0.994398;0.0281315;0.980633;1;3;1
77.5306;1112.06;4.75419;3.68977;-0.00428689;-0.00154849;0.00128356;-0.00104092;-0.00479445;1.00036;-0.00324537;-0.00240657;0.993043;0.0276745;0.98323;1;3;1
100.531;1112.06;4.67164;3.79269;-0.00447917;-0.00432593;0.00268813;-0.00171332;-0.00709177;0.990781;-0.0021071;-0.00475601;0.993401;0.0250723;0.987354;1;4;1
123.531;1112.06;4.54746;3.83536;-0.00447649;-0.000818749;0.00147191;-0.000300005;-0.00499524;1.00146;-0.00407905;-0.000349847;0.999479;0.0254365;0.988989;1;3;1
146.531;1112.06;4.46517;3.88484;-0.00443106;-0.00213334;0.00148931;-0.00140127;-0.00516314;1.00103;-0.00202877;-0.00531917;0.995604;0.0260191;0.990834;1;3;1
169.531;1112.06;4.34288;3.99903;-0.00403483;-0.00165476;0.00185367;-0.000642;-0.00504759;0.991197;-0.00567319;-0.00297866;0.998565;0.0252259;0.982569;1;3;1
192.531;1112.06;4.27885;4.06074;-0.00243106;-0.00318471;0.00130599;-0.00144862;-0.00416715;0.998587;0.000479604;0.000777247;0.996674;0.0256216;0.988484;1;4;1
215.531;1112.06;4.23076;4.11894;-0.00323373;-0.00312883;0.00135744;-0.00182283;-0.00453973;0.995281;0.00330581;-0.00853199;0.993364;0.0222269;0.989889;1;3;1
238.531;1112.06;4.12976;4.1549;-0.00464007;-0.0024118;0.000727351;-0.0021954;-0.00485648;0.997575;0.00545575;-0.00129514;1.00133;0.0250138;0.986478;1;3;1
261.531;1112.06;4.01662;4.25351;-0.00301517;-0.00343256;0.000375441;-0.00279432;-0.00365341;1.00193;0.00493337;-0.00387014;0.996353;0.0245226;0.986821;1;4;1
284.531;1112.06;3.99055;4.32092;-0.00338127;-0.00358221;0.000535016;-0.00293737;-0.00402611;0.991293;0.000312779;-0.00625378;0.998615;0.0238049;0.986834;1;3;1
307.531;1112.06;3.86067;4.3711;-0.0047073;-0.00376844;-0.000493629;-0.00355667;-0.00491907;1.00048;-0.0023806;0.00181679;0.998245;0.0268774;0.9836;1;4;1
330.531;1112.06;3.77349;4.36184;-0.0040175;-0.00513583;-0.000363843;-0.00390955;-0.00524378;0.997542;0.00810047;-0.00449566;0.989537;0.0233578;0.988428;1;4;1
353.531;1112.06;3.67534;4.49058;-0.00655203;-0.00300787;0.000345631;-0.00297448;-0.00658543;0.990362;0.00305016;0.00228038;0.996355;0.0242535;0.977153;1;4;1
376.531;1112.06;3.47102;4.45016;-0.00536241;-0.00191753;-1.16989e-05;-0.00191749;-0.00536245;0.994478;-0.000556747;-0.00706223;0.99663;0.0259275;0.981861;1;3;1
399.531;1112.06;3.42787;4.60116;-0.00332657;-0.00293142;0.00108428;-0.00202686;-0.00423113;0.99655;0.00688015;-0.000696368;0.995981;0.0217472;0.985332;1;3;1
422.531;1112.06;3.31728;4.65597;-0.00427601;-0.00289713;-0.00089515;-0.0024567;-0.00471645;0.999032;0.00340981;-0.00432884;0.995872;0.0233306;0.983605;1;3;1
445.531;1112.06;3.23069;4.67138;-0.00205514;-0.00411907;0.000201655;-0.00203562;-0.00413858;0.992906;0.0078224;-0.00249249;0.994624;0.0233113;0.980082;1;3;1
468.531;1112.06;3.22251;4.76804;-0.00242346;-0.00408679;0.00113349;-0.00184925;-0.00466099;0.995913;-0.000240595;-0.00407565;0.994276;0.020387;0.987836;1;4;1
491.531;1112.06;3.11889;4.8029;-0.00219142;-0.00401613;-6.274e-05;-0.00218927;-0.00401828;1.00102;-0.000643531;-0.00436219;0.99702;0.0214139;0.986398;1;3;1
514.531;1112.06;3.12152;4.85032;-0.00381542;-0.00262347;0.00012633;-0.00261023;-0.00382866;0.993104;-0.000610483;0.000642418;0.995491;0.0198834;0.986699;1;3;1
537.531;1112.06;2.94289;4.92062;-0.00590878;-0.00252996;0.000932291;-0.00228979;-0.00614895;0.993599;0.00173059;-0.00377924;0.99478;0.0206223;0.990396;1;3;1
560.531;1112.06;2.84877;4.96201;-0.00353015;-0.00328985;-0.000140809;-0.0032249;-0.0035951;0.997137;0.00515456;-0.00519102;0.998272;0.0192354;0.991692;1;3;1
583.531;1112.06;2.78013;5.00974;-0.00362932;-0.00351772;-0.000463541;-0.00310663;-0.00404041;0.992615;0.00629428;-0.000363977;0.994721;0.0207629;0.988366;1;3;1
606.531;1112.06;2.68139;5.06897;-0.00493282;-0.00549828;-0.000329957;-0.00478103;-0.00565007;1.00191;-0.00124135;-0.00436878;0.990711;0.0222939;0.986217;1;4;1
629.531;1112.06;2.55259;5.09025;-0.00582206;-0.00413566;-0.000622041;-0.00393104;-0.00602668;0.985022;0.00183453;0.00155008;0.994525;0.0225707;0.987705;1;3;1
652.531;1112.06;2.41271;5.15251;-0.00355132;-0.00176879;-0.000190472;-0.00174867;-0.00357145;0.997152;0.0101933;-0.00493653;0.998322;0.027482;0.978235;1;4;1
675.531;1112.06;2.3889;5.14662;-0.00358675;-0.00189559;0.000182339;-0.00187615;-0.00360619;0.999443;-0.00237582;0.00216613;0.997304;0.0278301;0.961592;1;4;1
698.531;1112.06;2.24722;5.29058;-0.00625395;-0.000395563;-2.45615e-05;-0.000395461;-0.00625406;0.991256;0.00503049;-0.000844532;1.00176;0.0260333;0.976405;1;4;1
721.531;1112.06;2.10011;5.28336;-0.0060113;-0.00120268;-0.000597901;-0.00112946;-0.00608452;0.994911;5.76923e-05;-0.00262435;1.00053;0.0236655;0.984262;1;4;1
744.531;1112.06;1.96983;5.34204;-0.00525515;-0.00101398;2.22704e-05;-0.00101386;-0.00525527;0.998116;0.000501088;-0.00377611;0.993111;0.0218265;0.986369;1;3;1
767.531;1112.06;1.85763;5.38234;-0.00347273;-0.00165595;-0.000660735;-0.00144107;-0.00368762;0.998542;-0.00215684;-0.00110731;0.997462;0.0277459;0.978779;1;4;1
790.531;1112.06;1.80972;5.43504;-0.00443495;-0.00421907;-0.000688386;-0.00363021;-0.00502381;0.997046;0.00164301;0.00135695;0.993327;0.0262801;0.976482;1;3;1
813.531;1112.06;1.65308;5.47079;-0.00615459;-0.00284936;-0.00148841;-0.0022779;-0.00672604;0.991411;0.0128382;-0.00494854;1.00066;0.0244783;0.981438;1;4;1
836.531;1112.06;1.52559;5.54601;-0.00468185;-0.00368519;0.00177506;-0.00233983;-0.0060272;0.999451;0.000274578;0.00198174;0.996069;0.0248659;0.981235;1;4;1
859.531;1112.06;1.43705;5.59091;-0.00388388;-0.00382072;-0.000155434;-0.00369369;-0.00401091;0.994841;5.40079e-05;-0.00513758;0.996661;0.0287816;0.974238;1;3;1
882.531;1112.06;1.3465;5.63663;-0.00519079;-0.00729793;8.13046e-05;-0.00518766;-0.00730106;0.993553;0.000835168;-0.00162609;0.991248;0.0280267;0.974707;1;3;1
905.531;1112.06;1.1976;5.65907;-0.00572989;-0.00544984;-0.000832074;-0.00474609;-0.00643364;0.989039;0.00328538;-0.000903796;0.994284;0.0239572;0.98023;1;3;1
928.531;1112.06;1.08209;5.71826;-0.00498343;-0.00273849;-6.01138e-05;-0.00273688;-0.00498503;0.996063;0.0099366;-0.000723792;0.997352;0.0290374;0.964326;1;3;1
951.531;1112.06;0.967714;5.74277;-0.00629205;-0.00206302;-0.00157578;-0.00154044;-0.00681463;0.995671;0.00213615;-0.00265009;0.99402;0.0229504;0.985573;1;3;1
974.531;1112.06;0.791715;5.76532;-0.00564186;-0.00188899;-0.00191871;-0.00108168;-0.00644916;0.993702;0.0049866;0.00497823;1.00243;0.022887;0.981311;1;3;1
997.531;1112.06;0.707447;5.76465;-0.00447519;-0.00336794;-0.000850274;-0.00290694;-0.00493619;0.995274;0.00280469;-0.00894508;0.997734;0.0266124;0.980326;1;3;1
1020.53;1112.06;0.585293;5.86093;-0.00724145;-0.00246836;0.000572542;-0.00240065;-0.00730916;0.988476;-0.00172684;0.00140083;0.99779;0.0263785;0.972647;1;3;1
1043.53;1112.06;0.372919;5.90197;-0.00797822;-0.00252884;-0.00111948;-0.00230782;-0.00819924;0.995089;-0.00126366;0.00351072;0.996518;0.0253215;0.978067;1;2;1
1066.53;1112.06;0.216815;5.88119;-0.00558926;-0.00286638;-0.0024799;-0.00139879;-0.00705685;0.995441;0.00950133;-0.00285809;0.996419;0.031571;0.965658;1;4;1
1089.53;1112.06;0.115083;5.92773;-0.00515516;-0.00242472;-0.00177836;-0.00154798;-0.0060319;0.990737;0.00201833;0.00762489;0.998899;0.0263984;0.980329;1;4;1
1112.53;1112.06;-0.0209376;5.88936;-0.00603448;-0.00535103;-0.00156532;-0.00409056;-0.00729495;0.991281;0.00158134;-0.00390358;0.992315;0.0244515;0.983938;1;3;1
1135.53;1112.06;-0.163345;5.9311;-0.00718552;-0.00438137;-0.000818651;-0.00415987;-0.00740702;0.997388;0.00462979;-0.00357047;1.00201;0.0222293;0.986982;1;3;1
1158.53;1112.06;-0.352766;5.98421;-0.00595217;-0.00356711;-0.000768681;-0.00334084;-0.00617844;0.992268;0.00432925;-0.00584585;0.993923;0.0261218;0.966975;1;3;1
1181.53;1112.06;-0.438025;6.00503;-0.00493593;-0.00258744;-0.000784539;-0.00234947;-0.0051739;0.992807;0.012903;-0.00124788;0.998055;0.0249903;0.982098;1;3;1
1204.53;1112.06;-0.580441;6.05799;-0.00583941;-0.00171085;-0.000839153;-0.0015468;-0.00600345;0.994063;0.00640798;-0.00187679;1.00197;0.0238994;0.982133;1;3;1
1227.53;1112.06;-0.707452;6.05374;-0.00693211;-0.00297592;-0.00154245;-0.00244563;-0.00746241;0.994792;0.00374437;-0.00345528;0.993245;0.024474;0.989051;1;3;1
1250.53;1112.06;-0.900522;6.14865;-0.00648742;-0.00394666;-0.00152338;-0.00323347;-0.00720061;0.992581;0.00577845;1.07092e-05;1.00007;0.0248053;0.986057;1;3;1
1273.53;1112.06;-1.00688;6.11129;-0.00461244;-0.00259121;-0.00157917;-0.00172696;-0.00547669;0.997543;-0.00251209;-0.00342672;0.998501;0.0286074;0.982651;1;4;1
31.5305;1089.06;4.86048;3.5331;-0.000249236;-0.00364793;0.00177271;0.000507083;-0.00440425;0.997968;-0.00692355;-0.00554748;0.999179;0.0294638;0.986036;1;4;1
54.5305;1089.06;4.85452;3.63694;-0.00183216;-0.00426854;0.00273119;-5.97972e-05;-0.0060409;0.997614;-0.00191308;0.00189739;0.994947;0.0297211;0.9896;1;3;1
77.5306;1089.06;4.77565;3.74189;-0.00501264;-0.00397762;0.00295977;-0.00149046;-0.0074998;0.994755;0.00333446;-0.0124649;0.997813;0.0227177;0.990272;1;3;1
100.531;1089.06;4.62267;3.88747;-0.00594126;-0.00307968;0.000708718;-0.00291377;-0.00610717;0.99572;0.00378998;-8.96777e-05;0.994905;0.0241788;0.992723;1;3;1
123.531;1089.06;4.5014;3.8529;-0.00203803;-0.00423731;0.000438226;-0.00195393;-0.00432141;0.994575;0.00451715;0.000325718;0.992949;0.0286427;0.991673;1;3;1
146.531;1089.06;4.52876;3.96215;-0.00212195;-0.00460709;0.00163877;-0.00130793;-0.0054211;1.00266;0.00318767;-0.0075485;0.999547;0.0258101;0.979827;1;4;1
169.531;1089.06;4.40329;4.04388;-0.00473336;-0.00253069;0.000892893;-0.00221421;-0.00504984;0.990945;0.00218758;-0.00172906;1.00092;0.0241058;0.986478;1;3;1
192.531;1089.06;4.31019;4.13274;-0.00498002;-0.00331937;0.000123821;-0.00331019;-0.0049892;0.998258;0.00182721;-0.0039735;0.998746;0.0232351;0.985912;1;3;1
215.531;1089.06;4.17341;4.18916;-0.00269601;-0.00370479;0.00104419;-0.00204077;-0.00436002;0.9965;-0.000812455;-0.00287267;0.996552;0.0225938;0.986223;1;3;1
238.531;1089.06;4.18587;4.24721;-0.00127831;-0.0040746;0.0016708;-0.000497838;-0.00485508;1.00329;-0.00181869;-0.00198722;0.994033;0.0222875;0.98649;1;3;1
261.531;1089.06;4.11419;4.3749;-0.00434994;-0.00311025;0.000676801;-0.00281234;-0.00464785;0.991776;0.00134943;-0.00662229;1.00087;0.0261849;0.985858;1;3;1
284.531;1089.06;3.98507;4.40059;-0.00531029;-0.00293323;0.00102789;-0.00255041;-0.00569312;0.996771;-0.00427122;-0.00248475;0.995766;0.0234012;0.989854;1;3;1
307.531;1089.06;3.86917;4.4701;-0.00334821;-0.00301688;0.00115365;-0.00201706;-0.00434803;0.997882;0.000820757;-0.00475493;0.991436;0.0241958;0.984888;1;4;1
330.531;1089.06;3.83065;4.51536;-0.00366952;-0.00386443;0.000172632;-0.00356874;-0.00396522;0.999307;-0.00510261;-5.60388e-05;0.99895;0.022081;0.989734;1;4;1
353.531;1089.06;3.69998;4.55457;-0.00537182;-0.00209348;-0.000237712;-0.00207634;-0.00538897;0.996739;-0.00178695;-0.00137414;0.999251;0.0205753;0.98605;1;4;1
376.531;1089.06;3.58285;4.56718;-0.00369366;-0.00413332;-0.00067421;-0.00320434;-0.00462263;0.992932;0.00690721;-0.00235591;0.995117;0.0187289;0.992116;1;4;1
399.531;1089.06;3.52965;4.65552;-0.00250862;-0.00235114;0.000302307;-0.00211749;-0.00274227;0.996013;0.00178477;-0.00185727;0.997763;0.0210888;0.988564;1;4;1
422.531;1089.06;3.46707;4.71662;-0.00408746;-0.00336629;0.000117689;-0.00334757;-0.00410618;0.996315;6.96005e-05;-0.00608058;0.99831;0.0197415;0.989256;1;3;1
445.531;1089.06;3.34102;4.7972;-0.00485016;-0.00373909;-0.000400484;-0.00360979;-0.00497947;0.998232;0.00248062;-0.00191113;0.998634;0.0209727;0.990057;1;3;1
468.531;1089.06;3.24321;4.85494;-0.0036097;-0.0017383;-0.000490021;-0.00161776;-0.00373025;0.993132;0.0051583;-0.00127236;1.00161;0.0221722;0.988648;1;3;1
491.531;1089.06;3.17458;4.88924;-0.00261493;-0.00254963;-0.000346212;-0.00223453;-0.00293003;0.999673;0.00210878;-0.00199312;0.997034;0.0224286;0.988497;1;3;1
514.531;1089.06;3.12275;4.89629;-0.00524042;-0.00259947;0.00162819;-0.0018236;-0.00601629;0.99293;-0.00164231;-0.00100491;0.996633;0.0187425;0.990533;1;3;1
537.531;1089.06;2.93281;4.9693;-0.00431869;-0.00290093;0.000472856;-0.00275769;-0.00446193;0.995566;0.00276866;4.46437e-05;0.998197;0.0219636;0.985903;1;4;1
560.531;1089.06;2.92349;5.01833;-0.00263128;-0.00161775;0.000301308;-0.00153494;-0.00271409;0.999883;-0.000282915;-0.00330079;0.996138;0.0225792;0.981786;1;4;1
583.531;1089.06;2.8115;5.07358;-0.00502471;-0.00279187;0.00150217;-0.00203668;-0.0057799;0.994558;-0.00064944;-0.00128545;0.999682;0.0178954;0.993355;1;3;1
606.531;1089.06;2.69139;5.20507;-0.00547971;-0.00239739;0.000997947;-0.0021025;-0.0057746;0.995526;0.00313231;-0.00771944;0.997172;0.0192302;0.990223;1;3;1
629.531;1089.06;2.55855;5.20322;-0.00557788;-0.00312757;-0.00107088;-0.00272552;-0.00597993;0.991473;-0.00173534;-0.000563562;0.996681;0.0220299;0.984495;1;3;1
652.531;1089.06;2.43409;5.20562;-0.00491497;-0.0028513;-0.000880799;-0.00252649;-0.00523978;0.999215;0.00313555;-0.00247687;0.995585;0.0214167;0.990167;1;3;1
675.531;1089.06;2.33189;5.2446;-0.00396207;-0.00613333;0.0004965;-0.00385392;-0.00624147;0.988441;0.00409179;0.00039407;0.990755;0.0241247;0.982962;1;3;1
698.531;1089.06;2.2514;5.28756;-0.0017605;-0.00148333;0.00109366;-0.000519507;-0.00272432;0.996941;0.00346811;0.00220199;1.00171;0.0258518;0.978604;1;3;1
721.531;1089.06;2.25075;5.33312;-0.00468953;-0.00329351;-0.00146577;-0.00236803;-0.00561501;0.998171;0.0097312;-0.00183007;0.993286;0.0285751;0.977747;1;3;1
744.531;1089.06;2.03516;5.31712;-0.00707432;-0.0042629;0.000132402;-0.00425668;-0.00708054;0.992439;-0.00202254;-0.00343885;0.99426;0.0294457;0.96956;1;4;1
767.531;1089.06;1.92405;5.4386;-0.00391874;-0.00424194;0.00166239;-0.00241012;-0.00575056;0.992028;0.00416286;0.00018394;1.00029;0.0264097;0.972566;1;4;1
790.531;1089.06;1.85386;5.56786;-0.00245125;-0.00426275;0.000152502;-0.0024385;-0.0042755;1.00225;-0.00185082;-0.0023108;0.99886;0.0238031;0.977518;1;4;1
813.531;1089.06;1.81106;5.5324;-0.00621488;-0.00396905;-0.000500696;-0.00386248;-0.00632145;0.986255;-0.00417693;-0.000957949;0.9908;0.0248744;0.979261;1;3;1
836.531;1089.06;1.56706;5.61621;-0.00658506;-0.00354513;0.000233323;-0.00352733;-0.00660287;0.99892;0.00649727;-0.00238074;0.998439;0.0285337;0.978317;1;4;1
859.531;1089.06;1.507;5.6432;-0.00468879;-0.00329059;0.00124159;-0.00256481;-0.00541457;0.998108;0.00772377;-0.0101732;1.00041;0.0267892;0.978267;1;4;1
882.531;1089.06;1.35035;5.83341;-0.00568373;-0.00373622;0.00104594;-0.00328093;-0.00613903;0.992206;0.00134404;0.00205117;0.999046;0.0348186;0.95529;1;4;1
905.531;1089.06;1.24449;5.8131;-0.00546204;-0.00496824;-0.00201115;-0.00318889;-0.00724139;0.99587;0.000667262;0.00272221;0.99115;0.0278258;0.981764;1;3;1
928.531;1089.06;1.09837;5.77541;-0.00405659;-0.00369427;-0.00149363;-0.00237085;-0.00538001;0.993143;-0.00874954;0.00409583;0.995641;0.0262998;0.978772;1;3;1
951.531;1089.06;1.05749;5.77198;-0.00456383;-0.00231438;-0.000462077;-0.00222316;-0.00465505;0.996092;0.00564077;0.000534666;0.998237;0.022202;0.987694;1;3;1
974.531;1089.06;0.887949;5.7814;-0.0055094;-0.0027852;-0.000333707;-0.00274492;-0.00554969;0.997324;0.00366464;-0.00415397;0.997224;0.0240567;0.983326;1;3;1
997.531;1089.06;0.803251;5.86896;-0.00691338;-0.004152;-0.00024232;-0.00413089;-0.00693448;0.991463;0.0094992;-4.54154e-05;0.996388;0.0219468;0.983907;1;3;1
1020.53;1089.06;0.568649;5.90903;-0.00824685;-0.00307527;-0.00112318;-0.00284187;-0.00848026;0.990097;0.00376331;-0.00156476;0.996398;0.0249663;0.980548;1;3;1
1043.53;1089.06;0.422291;5.91929;-0.00318114;-0.00292169;-0.0013722;-0.0016731;-0.00442973;0.998605;0.0087631;0.000478277;0.997682;0.0304657;0.983516;1;3;1
1066.53;1089.06;0.42207;5.94367;-0.00394116;-0.00422207;-0.00191917;-0.00215731;-0.00600592;1.00365;-0.00153398;0.00190549;0.986545;0.0299268;0.966869;1;3;1
1089.53;1089.06;0.240634;5.94067;-0.00774539;-0.00346155;-0.000592645;-0.00338107;-0.00782587;0.984993;0.00554456;0.00472973;0.996233;0.025137;0.975991;1;3;1
1112.53;1089.06;0.0642451;6.0591;-0.00759257;-0.00537212;-0.000996446;-0.00499053;-0.00797416;0.999104;0.00601648;-0.00391256;0.994201;0.0206543;0.984787;1;3;1
1135.53;1089.06;-0.110084;6.04713;-0.00676446;-0.00459884;-0.00163906;-0.00371722;-0.00764608;0.991781;0.0051505;-0.00389105;0.9895;0.0285978;0.976201;1;3;1
1158.53;1089.06;-0.247994;6.09593;-0.00499154;-0.00457196;-0.00116188;-0.00360108;-0.00596242;0.992449;0.00893493;-0.00437539;1.00116;0.0265365;0.976471;1;3;1
1181.53;1089.06;-0.340333;6.12211;-0.00689609;-0.00418949;-0.00129946;-0.00366661;-0.00741896;0.99882;-0.00136919;0.000813802;0.998474;0.0253333;0.976132;1;4;1
1204.53;1089.06;-0.566325;6.1255;-0.00520627;-0.00316198;-0.00170164;-0.00219909;-0.00616916;0.992665;0.00227471;0.0028465;0.993431;0.0260582;0.974155;1;3;1
1227.53;1089.06;-0.580451;6.13946;-0.00417916;-0.00473049;-0.000577945;-0.0038145;-0.00509515;0.990399;0.00226316;-0.00179608;0.9994;0.0232173;0.984376;1;3;1
1250.53;1089.06;-0.759071;6.22154;-0.0102232;-0.00442102;-0.0018026;-0.00390661;-0.0107376;0.989258;-0.00127529;-0.000318262;0.994352;0.0237124;0.984738;1;3;1
1273.53;1089.06;-1.05316;6.17626;-0.0127029;-0.00305677;-0.00202655;-0.0026483;-0.0131113;0.989899;0.00235238;0.00158658;0.995562;0.0289654;0.980182;1;3;1
31.5305;1066.06;4.92243;3.70619;-0.00416637;-0.00480817;0.000335735;-0.00402284;-0.0049517;1.00433;0.00818416;-0.00769161;0.990678;0.0320129;0.979907;1;3;1
54.5305;1066.06;4.82629;3.77901;-0.00413978;-0.0034281;0.00157138;-0.00217278;-0.0053951;0.9866;0.00426988;-0.000136368;0.996222;0.0303047;0.979966;1;3;1
77.5306;1066.06;4.7313;3.87311;-0.00235904;-0.00376765;0.0015622;-0.00134972;-0.00477697;1.0035;-0.00187847;-0.00609612;0.992154;0.0242166;0.988638;1;3;1
100.531;1066.06;4.71738;3.9346;-0.00324372;-0.0017843;0.00116698;-0.00113767;-0.00389035;0.991851;-0.00100037;-0.00656474;0.996893;0.0225214;0.987033;1;3;1
123.531;1066.06;4.58158;4.0307;-0.00460904;-0.00328265;0.00107789;-0.00268027;-0.00521142;0.998235;-0.00279139;-0.000811878;0.9951;0.0247232;0.983233;1;3;1
146.531;1066.06;4.50459;4.09727;-0.00325973;-0.00344502;0.0017104;-0.00163947;-0.00506528;0.997211;-0.00247386;-0.00164018;1.0002;0.021608;0.991165;1;4;1
169.531;1066.06;4.43131;4.11568;-0.00198748;-0.00329531;0.0016299;-0.000885215;-0.00439758;0.997244;0.00313283;-0.00121556;0.995666;0.0245611;0.989258;1;3;1
192.531;1066.06;4.41292;4.21388;-0.00395256;-0.00357114;0.00162894;-0.00212178;-0.00540191;0.99721;0.00155219;-0.00534148;0.995417;0.0233407;0.988395;1;3;1
215.531;1066.06;4.2488;4.28968;-0.00545613;-0.00256857;0.000404418;-0.002513;-0.0055117;0.99326;0.00721019;-0.00181866;0.995633;0.0209705;0.990428;1;3;1
238.531;1066.06;4.16107;4.34272;-0.00306092;-0.00208345;0.000773013;-0.00165763;-0.00348674;0.994586;0.00293706;-0.00180903;0.996697;0.0233027;0.988837;1;3;1
261.531;1066.06;4.10765;4.3969;-0.00368936;-0.000750308;0.00127679;-0.000273118;-0.00416655;0.996473;0.00070934;-0.00049332;0.998358;0.0248733;0.986361;1;3;1
284.531;1066.06;3.99091;4.45604;-0.00517214;-0.000943701;0.000495243;-0.000886472;-0.00522937;0.998337;0.00368516;-0.000907487;1.00087;0.0204666;0.990596;1;3;1
307.531;1066.06;3.86898;4.51009;-0.00323018;-0.00227592;0.000207172;-0.00223288;-0.00327321;0.994649;0.0025462;-0.00514757;1.00323;0.0238475;0.987299;1;4;1
330.531;1066.06;3.842;4.54;-0.00259649;-0.000864175;0.000147977;-0.000851626;-0.00260904;0.995492;0.00352096;0.000171047;1.0011;0.0214735;0.990655;1;3;1
353.531;1066.06;3.74932;4.58704;-0.00450523;-0.00135861;-0.000313252;-0.00132773;-0.00453611;0.995821;0.0044371;-0.00182568;0.999029;0.0219279;0.990477;1;3;1
376.531;1066.06;3.63418;4.64098;-0.00433218;-0.00286826;0.000914089;-0.00242919;-0.00477126;0.99483;-0.00205203;-0.00322063;0.99771;0.0206292;0.990138;1;3;1
399.531;1066.06;3.54944;4.7096;-0.00402828;-0.0022939;0.0012278;-0.00165792;-0.00466426;0.996242;0.00169845;-0.00700281;1.00008;0.0227645;0.987145;1;3;1
422.531;1066.06;3.44819;4.81127;-0.00310498;-0.00319692;0.00116028;-0.00198977;-0.00431214;0.995241;-0.0028191;-0.00303545;0.99335;0.0213051;0.98602;1;3;1
445.531;1066.06;3.40619;4.84404;-0.0019157;-0.00153448;-0.000468804;-0.00121901;-0.00223116;1.00137;-0.000738964;-0.00137253;0.998114;0.0226307;0.988803;1;3;1
468.531;1066.06;3.35997;4.84828;-0.00464014;-0.00209883;-0.000507941;-0.00200106;-0.00473791;0.987695;0.00393757;-0.000772367;0.992846;0.0229893;0.984083;1;3;1
491.531;1066.06;3.19218;4.92039;-0.00668614;-0.00187688;0.000608579;-0.00180107;-0.00676196;0.992308;0.000980218;-0.00100299;0.998904;0.0262058;0.975468;1;3;1
514.531;1066.06;3.05121;4.9701;-0.00370118;-0.00385291;0.00172831;-0.00204707;-0.00550702;0.999429;-0.00260042;-0.00572196;0.997858;0.0198454;0.985974;1;3;1
537.531;1066.06;3.02142;5.05433;-0.00273116;-0.00290698;-0.000443023;-0.0023674;-0.00327073;0.996438;0.0029879;0.000104658;0.999204;0.019623;0.987283;1;3;1
560.531;1066.06;2.92535;5.03655;-0.0041859;-0.00389101;0.0002249;-0.00376953;-0.00430738;0.99441;0.00142389;-0.00452245;1.00043;0.0221271;0.984911;1;3;1
583.531;1066.06;2.82839;5.13837;-0.00446853;-0.00269578;0.000574199;-0.00252605;-0.00463827;0.997998;0.00362879;0.000630118;0.994064;0.0215136;0.990609;1;3;1
606.531;1066.06;2.71912;5.1794;-0.00382015;-0.00186219;0.000625234;-0.00167957;-0.00400277;0.995099;-0.00341268;-0.00540889;0.996624;0.024533;0.984141;1;3;1
629.531;1066.06;2.65222;5.23446;-0.00397854;-0.00276079;-6.48849e-05;-0.00275735;-0.00398199;0.996834;0.0011626;-0.00527209;0.999283;0.0206197;0.986645;1;3;1
652.531;1066.06;2.53562;5.28402;-0.00492274;-0.00315717;0.000521182;-0.0030148;-0.00506511;0.996682;0.00470732;-0.00390588;0.999131;0.0221676;0.987727;1;3;1
675.531;1066.06;2.4248;5.42964;-0.0065132;-0.00496656;-0.000369662;-0.00488275;-0.00659701;0.996011;0.0020928;0.000725311;0.998313;0.0254614;0.984796;1;3;1
698.531;1066.06;2.23497;5.35887;-0.00346333;-0.00580261;-0.000780292;-0.00322694;-0.00603899;1.00204;-0.000566347;-5.77653e-05;0.990063;0.0215908;0.985727;1;4;1
721.531;1066.06;2.26521;5.43541;-0.0037164;-0.00442982;0.00202635;-0.0020156;-0.00613062;0.990078;-0.00258253;-0.00504447;0.997647;0.0252914;0.981555;1;3;1
744.531;1066.06;2.06334;5.53865;-0.00672157;-0.00446695;-0.000229965;-0.00444373;-0.00674478;0.994321;0.000478866;-0.00811855;0.998237;0.0269081;0.980238;1;3;1
767.531;1066.06;1.95475;5.57799;-0.00377472;-0.00382716;0.000488201;-0.00331204;-0.00428984;0.999104;-0.000707557;0.0081829;0.993738;0.0272051;0.972678;1;3;1
790.531;1066.06;1.88928;5.63162;-0.00448551;-0.00101839;0.000562872;-0.000929296;-0.0045746;0.989869;0.00434031;-0.00491852;0.99531;0.028635;0.963097;1;3;1
813.531;1066.06;1.74789;5.65382;-0.00594075;-0.00383409;0.00111406;-0.00335424;-0.0064206;0.994785;0.00180086;0.000997725;1.00191;0.0242145;0.978925;1;3;1
836.531;1066.06;1.61512;5.70947;-0.00451148;-0.00334976;-0.000672763;-0.00304179;-0.00481945;0.997276;-0.00332722;-0.00291414;0.997644;0.024801;0.984309;1;4;1
859.531;1066.06;1.5398;5.74264;-0.00423153;-0.00334394;-0.000164991;-0.00331426;-0.00426121;0.996338;-0.000464309;0.00100778;0.991687;0.0265516;0.970563;1;4;1
882.531;1066.06;1.41995;5.80888;-0.00464037;0.000466557;-0.00031005;0.000485312;-0.00465912;0.998644;0.0100702;-0.00526819;1.00123;0.0300721;0.954093;1;4;1
905.531;1066.06;1.32562;5.88836;-0.0052243;-0.00130284;-0.000937139;-0.00109039;-0.00543675;0.993547;0.00494416;-0.00221391;1.00193;0.0269109;0.972808;1;3;1
928.531;1066.06;1.17893;5.88862;-0.00669871;-0.0042686;-0.00262004;-0.00259558;-0.00837173;0.987961;0.0104615;0.00186709;0.997428;0.0299814;0.970693;1;4;1
951.531;1066.06;1.01642;5.84938;-0.0056167;-0.00498869;-0.000704099;-0.00453176;-0.00607364;1.00066;-0.00154596;0.00673575;0.996501;0.028313;0.975282;1;4;1
974.531;1066.06;0.919836;5.89379;-0.00343767;-0.00512173;-0.000847373;-0.0030851;-0.0054743;0.996073;0.00075032;-0.00734378;0.99195;0.0234308;0.982807;1;3;1
997.531;1066.06;0.857889;5.95629;-0.00389731;-0.00480422;0.000264589;-0.00382577;-0.00487577;0.988718;0.000994665;0.000141258;0.992576;0.021879;0.987209;1;3;1
1020.53;1066.06;0.740079;6.00287;-0.0070101;-0.00368616;-0.00111215;-0.00334838;-0.00734789;0.998572;0.00484813;-0.00353352;0.993428;0.0241845;0.975239;1;3;1
1043.53;1066.06;0.534215;6.03685;-0.007031;-0.00379653;-0.00214508;-0.00272736;-0.00810018;0.990902;0.00392819;-0.000519097;0.992652;0.0216834;0.987932;1;3;1
1066.53;1066.06;0.415449;6.07625;-0.00538154;-0.00363931;-0.000347616;-0.00357251;-0.00544834;0.992804;0.00772652;0.00393959;1.00121;0.0253489;0.978396;1;3;1
1089.53;1066.06;0.285966;6.08756;-0.00514462;-0.00357062;-0.00119962;-0.00292289;-0.00579236;0.990895;0.00781803;-0.00446302;0.997977;0.02305;0.98988;1;3;1
1112.53;1066.06;0.178143;6.13758;-0.00564799;-0.00289765;-0.0011239;-0.00249681;-0.00604884;0.994044;-0.000713361;0.000287766;0.995799;0.0234925;0.982298;1;3;1
1135.53;1066.06;0.0253864;6.14353;-0.00754593;-0.0022688;-0.00160325;-0.0018199;-0.00799483;0.990792;0.00503686;-0.00489894;0.997134;0.021936;0.983561;1;3;1
1158.53;1066.06;-0.170326;6.19536;-0.00678865;-0.00533349;-0.000941732;-0.00487101;-0.00725113;0.999317;0.00153014;-0.00221847;0.993148;0.0225872;0.986392;1;3;1
1181.53;1066.06;-0.287992;6.1984;-0.00510335;-0.00297666;-0.00106215;-0.00253705;-0.00554295;0.988837;0.00180465;0.0042543;0.988047;0.024651;0.976785;1;3;1
1204.53;1066.06;-0.405682;6.204;-0.00585267;-0.00422309;-0.00091462;-0.00381297;-0.00626279;1.00209;0.00900596;-0.00251263;0.996524;0.0239534;0.978093;1;3;1
1227.53;1066.06;-0.558067;6.27211;-0.00628491;-0.00309813;0.000277373;-0.00307417;-0.00630887;0.988378;0.00632813;-0.00516462;0.995792;0.0257867;0.972021;1;3;1
1250.53;1066.06;-0.695945;6.35292;-0.00761037;-0.00190524;-0.00214203;-0.00119053;-0.00832507;0.990126;0.00476308;0.00174;0.998952;0.0279798;0.977669;1;3;1
1273.53;1066.06;-0.90949;6.25222;-0.00923188;-0.00474303;-0.00408364;-0.00232767;-0.0116472;0.991123;0.00280047;-0.000516971;0.996864;0.0236556;0.988182;1;3;1
31.5305;1043.06;4.975;3.75495;-0.00427706;-0.00180986;0.00141288;-0.00116782;-0.00491909;0.996587;-0.00152828;-0.00328284;1.00127;0.0262831;0.98312;1;3;1
54.5305;1043.06;4.87638;3.79491;-0.00407337;-0.00197725;0.000795444;-0.00170957;-0.00434105;0.995083;0.00122244;-0.00300888;0.998124;0.0295213;0.983104;1;3;1
77.5306;1043.06;4.78696;3.91553;-0.00440906;-0.00173713;0.00142028;-0.00112322;-0.00502296;0.998519;0.00244978;-0.00724581;1.00109;0.0276728;0.980935;1;3;1
100.531;1043.06;4.67278;3.96964;-0.00481895;-0.00112551;0.000827668;-0.000948518;-0.00499594;0.994915;0.00154234;-0.000839907;0.998688;0.0227068;0.985045;1;3;1
123.531;1043.06;4.56467;4.00419;-0.00469945;-0.000808634;0.00146285;-0.000320004;-0.00518808;0.99777;-0.000520248;-0.00173001;1.00203;0.020275;0.990078;1;3;1
146.531;1043.06;4.45585;4.12095;-0.00422513;-0.0019799;0.00176059;-0.00101447;-0.00519057;0.991589;0.00241888;-0.0049417;0.996779;0.0212199;0.992426;1;3;1
169.531;1043.06;4.3695;4.19573;-0.00264221;-0.00353789;0.00166901;-0.001362;-0.0048181;1.00037;-0.00488465;-0.00445327;0.995207;0.0236725;0.989182;1;4;1
192.531;1043.06;4.33381;4.29731;-0.00226142;-0.00291632;0.00121644;-0.00132913;-0.00384862;0.993565;0.0018502;-0.00285459;0.995817;0.0201336;0.991949;1;4;1
215.531;1043.06;4.26522;4.30756;-0.00243031;-0.00157412;0.000295637;-0.00148195;-0.00252247;0.996909;-0.00784358;0.00122243;0.998414;0.0204455;0.990357;1;3;1
238.531;1043.06;4.22185;4.34317;-0.00336732;-0.000105043;0.000652818;2.07434e-05;-0.00349311;0.998739;-0.0047067;-0.00530437;0.996764;0.0245173;0.983292;1;3;1
261.531;1043.06;4.10995;4.40943;-0.00366273;-0.00185024;0.000757559;-0.00157531;-0.00393766;0.989958;0.00755081;0.0015477;0.994784;0.0240443;0.985736;1;3;1
284.531;1043.06;4.05295;4.44407;-0.00380941;-0.00222714;0.00166573;-0.00117422;-0.00486233;0.99327;0.000340986;-0.00335671;0.997727;0.0236387;0.986539;1;3;1
307.531;1043.06;3.93408;4.57495;-0.00344447;-0.00197825;5.82123e-05;-0.00197594;-0.00344678;0.996741;0.0041151;-0.00191948;0.995765;0.0237224;0.990472;1;3;1
330.531;1043.06;3.89409;4.55517;-0.0022545;-0.00176688;-0.000402947;-0.00153972;-0.00248166;1.00048;0.00225768;0.00227156;0.998322;0.0236253;0.987218;1;3;1
353.531;1043.06;3.83024;4.61729;-0.00591141;-0.0014701;0.00131362;-0.00111066;-0.00627085;0.993371;-0.000839238;-0.00154344;1.00365;0.0248793;0.984805;1;4;1
376.531;1043.06;3.62113;4.69933;-0.00527277;-0.00299994;0.00159566;-0.00217739;-0.00609533;0.999479;-0.00257957;-0.00646033;0.998171;0.0226138;0.989713;1;4;1
399.531;1043.06;3.58682;4.76119;-0.0027446;-0.00360032;0.000898515;-0.00217727;-0.00416764;0.992119;0.00204374;-0.00511436;0.996213;0.0231909;0.983552;1;3;1
422.531;1043.06;3.49441;4.86392;-0.00359015;-0.000709825;0.000610287;-0.000585853;-0.00371413;0.997681;0.00526035;-0.0022533;1.00413;0.0270023;0.981962;1;3;1
445.531;1043.06;3.42125;4.86791;-0.00277049;-0.0020535;0.000934635;-0.00141096;-0.00341302;0.999757;0.000622666;-0.00207737;0.997921;0.0229406;0.982399;1;3;1
468.531;1043.06;3.36671;4.95175;-0.00391607;-0.00282188;0.00118963;-0.00205957;-0.00467838;0.989918;-0.00118318;-0.00117656;0.999977;0.0221447;0.982138;1;3;1
491.531;1043.06;3.24063;4.97571;-0.00584114;-0.00329249;0.000544065;-0.00318121;-0.00595243;0.992341;0.000976538;-0.00401949;0.994602;0.0240997;0.982732;1;3;1
514.531;1043.06;3.09706;5.07388;-0.00434551;-0.00464064;0.00103092;-0.00345164;-0.0055345;0.995266;0.00205523;-0.00160131;0.99461;0.019887;0.988834;1;3;1
537.531;1043.06;3.04012;5.10334;-0.00239094;-0.00388196;0.000923337;-0.00194971;-0.00432318;1.00001;-0.00094243;-0.00446248;0.994999;0.0227783;0.987949;1;3;1
560.531;1043.06;2.98678;5.19771;-0.00300604;-0.00474998;0.000260407;-0.00296799;-0.00478803;0.996487;0.00365689;-0.00499095;0.993508;0.0217614;0.982837;1;3;1
583.531;1043.06;2.90154;5.19784;-0.00556613;-0.00145502;9.22897e-05;-0.00145295;-0.0055682;0.992049;0.00167595;0.00593842;1.00326;0.0225497;0.983168;1;3;1
606.531;1043.06;2.72993;5.29082;-0.00503186;-0.00173742;0.000318595;-0.00170689;-0.00506239;0.993219;0.00105218;-0.00805175;1.00204;0.0230105;0.985201;1;3;1
629.531;1043.06;2.6693;5.33052;-0.00322205;-0.00322588;0.000184483;-0.00303947;-0.00340845;0.997881;0.00229516;0.000485101;0.993075;0.0204164;0.987439;1;4;1
652.531;1043.06;2.58143;5.35132;-0.00494406;-0.00388888;0.000287965;-0.00381541;-0.00501753;0.992566;0.00256224;-0.00327315;0.994858;0.0212172;0.987432;1;2;1
675.531;1043.06;2.44108;5.47376;-0.00545862;-0.00271383;0.00123316;-0.00224119;-0.00593126;0.99571;-0.00155382;-0.00045968;0.993023;0.0239103;0.983042;1;3;1
698.531;1043.06;2.32919;5.55532;-0.00428972;-0.00670596;-0.0011619;-0.00382166;-0.00717402;0.993047;0.0079827;-0.00391036;0.991363;0.0248249;0.981152;1;3;1
721.531;1043.06;2.24328;5.53735;-0.00281814;-0.00442983;-0.000600415;-0.00261906;-0.00462892;1.00034;0.00274922;0.000840098;0.996371;0.0275662;0.97677;1;3;1
744.531;1043.06;2.19937;5.52336;-0.00588038;-0.00341942;-0.000908283;-0.00312051;-0.0061793;0.989654;0.00882575;-0.00144233;0.998457;0.0316004;0.964431;1;3;1
767.531;1043.06;1.97192;5.61501;-0.0069611;-0.00231487;7.67423e-05;-0.0023136;-0.00696236;0.996317;0.00502794;-0.00242246;0.997374;0.0290831;0.968676;1;3;1
790.531;1043.06;1.87794;5.61474;-0.00403229;-0.00399962;-7.30009e-05;-0.00394115;-0.00409076;0.990194;-0.0034359;-0.000295847;0.999575;0.0323628;0.9578;1;4;1
813.531;1043.06;1.78596;5.70911;-0.00346188;-0.00470626;-0.000209407;-0.00342759;-0.00474056;0.997954;0.00816768;-0.00272354;0.995128;0.0242447;0.98558;1;4;1
836.531;1043.06;1.71815;5.7708;-0.00356153;-0.00254256;-3.86541e-05;-0.00254109;-0.003563;0.994476;0.00851364;0.00151727;0.998886;0.0254905;0.978642;1;4;1
859.531;1043.06;1.62175;5.79742;-0.00417949;-0.00124789;0.0001267;-0.00124242;-0.00418495;0.998718;-0.00173188;0.000830015;0.999732;0.0229195;0.984406;1;4;1
882.531;1043.06;1.52547;5.81229;-0.00456523;-0.00126104;-0.000569739;-0.00116556;-0.00466071;0.991832;-0.00315641;-0.00284915;1.00049;0.0265919;0.970253;1;3;1
905.531;1043.06;1.41121;5.87337;-0.00484098;-0.00202624;-0.000803543;-0.001813;-0.00505422;0.997712;0.00365711;-0.00636038;0.996773;0.0275764;0.982528;1;3;1
928.531;1043.06;1.30197;5.97264;-0.00613789;-0.00370079;-1.36659e-05;-0.00370071;-0.00613796;0.998861;0.000159288;0.000370715;0.991346;0.0279271;0.974531;1;3;1
951.531;1043.06;1.12781;6.00209;-0.00496675;-0.00543003;-0.00157792;-0.00360356;-0.00679322;0.991192;0.00867142;-0.00340166;0.990638;0.027676;0.97332;1;4;1
974.531;1043.06;1.0729;6.01798;-0.00520241;-0.00427527;-0.000613491;-0.0039699;-0.00550778;0.993344;0.00695712;-0.00109765;0.994185;0.0276077;0.96905;1;4;1
997.531;1043.06;0.887792;6.09057;-0.00693966;-0.00298467;-0.000203522;-0.00297423;-0.0069501;0.997023;-0.00120976;-0.000844994;0.994108;0.0301228;0.961628;1;3;1
1020.53;1043.06;0.752522;6.07928;-0.0041897;-0.00297418;-0.000415584;-0.00284568;-0.0043182;0.994887;0.00339273;-0.00525315;0.994135;0.0281006;0.97771;1;4;1
1043.53;1043.06;0.69466;6.09507;-0.00536566;-0.00480214;-0.00139114;-0.00366452;-0.00650329;0.991133;0.00183239;0.00355169;0.991695;0.0288648;0.967835;1;3;1
1066.53;1043.06;0.505024;6.11146;-0.00610429;-0.00303914;-0.00106857;-0.00270339;-0.00644003;0.997315;0.00264138;0.000519542;0.989818;0.0230123;0.977773;1;3;1
1089.53;1043.06;0.412999;6.10553;-0.00608128;-0.00399187;-0.0003344;-0.00393965;-0.0061335;0.991458;0.00240698;-0.00309393;0.993774;0.0259159;0.983297;1;3;1
1112.53;1043.06;0.224357;6.19287;-0.00685338;-0.00197812;-8.92435e-06;-0.0019781;-0.0068534;0.995165;0.0010795;-0.00065141;0.999616;0.0247914;0.983387;1;3;1
1135.53;1043.06;0.0966322;6.15208;-0.00714657;-0.0032613;-0.000481674;-0.00320247;-0.00720539;0.991634;4.0231e-05;-0.00968158;1.00022;0.0262571;0.982248;1;3;1
1158.53;1043.06;-0.105812;6.34215;-0.00714736;-0.00434521;-0.000516769;-0.00425294;-0.00723963;0.995572;0.00572149;0.00170962;0.991572;0.0246389;0.9706;1;3;1
1181.53;1043.06;-0.233456;6.25936;-0.00654442;-0.00349894;-0.00151432;-0.00287415;-0.00716921;0.985865;0.00824982;-0.00172955;0.998723;0.0243147;0.976747;1;3;1
1204.53;1043.06;-0.407852;6.32045;-0.00484184;-0.00426634;-0.00175458;-0.00277607;-0.00633212;1.00103;0.00100804;0.00358358;0.996412;0.0274045;0.964738;1;3;1
1227.53;1043.06;-0.456728;6.28236;-0.00374574;-0.00235246;-0.00127012;-0.00160048;-0.00449772;0.994909;-0.000329987;-0.00160382;0.992935;0.0295672;0.96584;1;3;1
1250.53;1043.06;-0.580482;6.30962;-0.00907576;-0.0029434;0.000229495;-0.00293482;-0.00908434;0.98761;0.00348831;-0.00599301;0.991679;0.0321833;0.972743;1;3;1
1273.53;1043.06;-0.876265;6.3953;-0.0127705;-0.00364823;8.23353e-05;-0.00364748;-0.0127713;0.983241;0.000110063;-0.00137376;0.99975;0.0308217;0.97811;1;3;1
31.5305;1020.06;4.872;3.78955;0.00182165;-0.00254428;0.00259038;0.00302622;-0.00374885;0.998597;-0.00191237;-0.00540019;0.99472;0.0231922;0.990387;1;3;1
54.5305;1020.06;4.91372;3.87013;-0.0020946;-0.00326168;0.00176585;-0.000818366;-0.00453792;0.994516;0.00614698;-0.00158118;0.99259;0.0283068;0.98644;1;3;1
77.5306;1020.06;4.77526;3.95311;-0.00398576;-0.00164669;0.000670827;-0.00146796;-0.00416449;1.00302;-0.00454187;-0.00125707;0.999101;0.0270787;0.989265;1;3;1
100.531;1020.06;4.72986;3.9864;-0.00383724;-0.00205134;0.00115082;-0.00148767;-0.00440091;0.994653;-0.00638159;-0.00277967;1.00011;0.0237214;0.989146;1;3;1
123.531;1020.06;4.59826;4.06792;-0.00424147;-0.00342952;0.00240097;-0.00140044;-0.00627054;0.996678;-0.000960035;-0.00396492;0.992832;0.0235798;0.987948;1;3;1
146.531;1020.06;4.5339;4.18844;-0.00313058;-0.00143121;0.00155063;-0.000512722;-0.00404907;0.993443;0.00291984;-0.00473888;0.997616;0.0227026;0.990211;1;4;1
169.531;1020.06;4.45355;4.27871;-0.00262926;-0.00200857;0.000582352;-0.00165903;-0.0029788;1.0008;0.00724198;-0.00140831;0.99792;0.027232;0.984801;1;4;1
192.531;1020.06;4.41251;4.34822;-0.00403612;-0.00187135;0.000579665;-0.0017259;-0.00418157;0.984079;0.000180011;-0.00678165;0.998715;0.0227008;0.988053;1;3;1
215.531;1020.06;4.26743;4.36215;-0.00454393;-0.00251208;-1.16024e-05;-0.00251201;-0.004544;1.00034;0.00453822;0.00308456;0.998847;0.0273322;0.987894;1;3;1
238.531;1020.06;4.20301;4.34757;-0.00278918;-0.00128187;0.000609108;-0.0010665;-0.00300455;0.995048;0.00353722;-0.00457628;0.999757;0.0254342;0.987834;1;3;1
261.531;1020.06;4.13879;4.4821;-0.00433113;-0.00156406;0.00263272;2.65254e-05;-0.00592171;0.995114;-0.000461622;-0.00451314;0.999784;0.0239189;0.985844;1;3;1
284.531;1020.06;4.00286;4.55861;-0.00355399;-0.00242166;0.000851998;-0.00196486;-0.00401078;0.999468;-0.00139816;-0.00385747;0.997126;0.0245681;0.984706;1;3;1
307.531;1020.06;3.97486;4.6013;-0.00176598;-0.00120662;0.000253891;-0.00110857;-0.00186403;0.995344;-0.00056328;-0.000316508;0.998768;0.0216841;0.989035;1;3;1
330.531;1020.06;3.92151;4.62141;-0.00438778;-0.00395088;0.000183987;-0.00388372;-0.00445493;0.998054;-0.000786376;-0.00392519;0.99342;0.0222171;0.988234;1;3;1
353.531;1020.06;3.77255;4.65472;-0.00629324;-0.00346992;0.00188603;-0.00252576;-0.0072374;0.990817;0.0026749;-0.00122822;0.992162;0.0258368;0.984823;1;4;1
376.531;1020.06;3.63083;4.77919;-0.00306093;-0.00318996;0.000950537;-0.00217272;-0.00407817;0.990383;0.0132862;-0.000976867;0.994606;0.0256814;0.978521;1;4;1
399.531;1020.06;3.631;4.87559;-0.00286384;-0.00294001;-8.71113e-05;-0.00280685;-0.002997;0.995241;0.000675258;0.00467596;0.995371;0.0250835;0.981976;1;3;1
422.531;1020.06;3.49886;4.84396;-0.00483811;-0.000967365;0.000266293;-0.000949131;-0.00485634;0.993746;-7.44745e-05;-0.00556217;1.00101;0.021894;0.984844;1;3;1
445.531;1020.06;3.40786;4.93859;-0.00305318;-0.00285965;0.00150687;-0.00144644;-0.00446639;0.995967;0.00118241;-0.00231618;0.999886;0.0224431;0.986161;1;3;1
468.531;1020.06;3.358;4.97827;-0.00311232;-0.00171998;0.00142106;-0.000833724;-0.00399858;0.994982;0.000248346;-0.00568236;0.997879;0.0210452;0.987504;1;3;1
491.531;1020.06;3.26428;5.07215;-0.00593866;-0.00280514;0.00216428;-0.00170004;-0.00704376;0.998298;0.0037441;-0.00498528;0.999721;0.0224712;0.988418;1;3;1
514.531;1020.06;3.08355;5.18408;-0.00442653;-0.00131957;0.000492608;-0.00124333;-0.00450276;0.993827;0.00481394;-0.00339872;1.00034;0.024331;0.982641;1;3;1
537.531;1020.06;3.05992;5.23326;-0.00190776;-0.00166858;-0.000412451;-0.00135873;-0.00221761;0.996173;-0.00111838;0.000338465;0.999673;0.0208803;0.989532;1;3;1
560.531;1020.06;2.99565;5.25563;-0.00318124;-0.00181251;-0.000865039;-0.00139385;-0.00359989;1.00006;0.0019662;0.00258878;0.998844;0.0223636;0.986065;1;3;1
583.531;1020.06;2.91334;5.20542;-0.00375091;-0.00238479;-0.000304823;-0.00231986;-0.00381584;0.99239;0.00277198;-0.000501533;0.994571;0.02102;0.98728;1;3;1
606.531;1020.06;2.82278;5.25951;-0.00471295;-0.0018555;0.000307991;-0.00182268;-0.00474577;0.994987;0.00509093;-0.00345045;0.99679;0.0232749;0.982495;1;3;1
629.531;1020.06;2.69569;5.38311;-0.00368761;-0.0023977;0.00209093;-0.000854512;-0.0052308;0.999577;-0.00145364;-0.00192414;0.999187;0.0229662;0.983099;1;4;1
652.531;1020.06;2.65239;5.46341;-0.00390698;-0.00329486;0.00109276;-0.00246611;-0.00473574;0.993172;0.00243714;-0.00699536;0.995732;0.0213429;0.98615;1;3;1
675.531;1020.06;2.51529;5.55474;-0.00533728;-0.00105629;0.00141701;-0.000629755;-0.00576381;0.996293;0.00663288;-0.00285929;1.00176;0.0234343;0.983889;1;3;1
698.531;1020.06;2.40575;5.6687;-0.00491227;-0.00127252;5.36888e-05;-0.00127173;-0.00491306;0.995622;-0.00263646;-0.00282555;1.00083;0.027393;0.977095;1;3;1
721.531;1020.06;2.28869;5.63964;-0.00391594;-0.00285824;-0.000926249;-0.0023205;-0.00445369;0.99664;0.000401513;-0.00201177;0.999542;0.0266464;0.975846;1;3;1
744.531;1020.06;2.22526;5.6965;-0.00540314;-0.00565197;-6.54381e-05;-0.00538698;-0.00566813;0.993129;0.000390831;0.000721251;0.996383;0.0313396;0.962632;1;3;1
767.531;1020.06;2.03945;5.68468;-0.00509494;-0.00404599;-0.000762812;-0.00364475;-0.00549619;0.991599;0.00228945;-0.0108689;0.995972;0.033608;0.960055;1;3;1
790.531;1020.06;1.99013;5.81608;-0.00251824;-0.00465516;0.000781943;-0.00226267;-0.00491072;0.998327;0.0023411;0.00335449;0.993934;0.0286469;0.967634;1;3;1
813.531;1020.06;1.92309;5.87116;-0.0061341;-0.00244276;-0.00142166;-0.0019587;-0.00661816;0.995404;-0.0113658;-0.00530135;0.996033;0.0318708;0.974586;1;4;1
836.531;1020.06;1.70709;5.82666;-0.00765146;-0.0024399;-0.00146061;-0.00205846;-0.0080329;0.995684;0.00315871;0.00676817;0.995647;0.0247509;0.988518;1;3;1
859.531;1020.06;1.56971;5.80009;-0.00343457;-0.000900238;-0.000917348;-0.000603039;-0.00373177;0.993504;0.00428512;-0.00244262;1.00131;0.0249537;0.979138;1;3;1
882.531;1020.06;1.54881;5.86711;-0.000187821;-0.00395672;0.000627344;-8.61407e-05;-0.0040584;0.996949;0.00691541;-0.00258908;0.995094;0.022482;0.986659;1;3;1
905.531;1020.06;1.56071;5.98226;-0.00518581;-0.00465111;0.000960494;-0.00392145;-0.00591547;0.99951;0.0108326;-0.00560675;0.996974;0.0273566;0.97304;1;4;1
928.531;1020.06;1.30924;6.05935;-0.00764282;-0.00188448;0.00060333;-0.00182194;-0.00770536;0.998424;-0.00261579;0.00328853;1.00086;0.0241106;0.98466;1;4;1
951.531;1020.06;1.20763;6.10024;-0.00529227;-0.00160025;-0.00126405;-0.00120895;-0.00568358;0.997131;-0.00315236;-0.00499372;1.00232;0.0259882;0.974646;1;3;1
974.531;1020.06;1.06514;6.09111;-0.005838;-0.00264008;-0.00110365;-0.00229617;-0.00618191;0.98793;5.45878e-05;0.00246145;0.996829;0.0266304;0.978351;1;3;1
997.531;1020.06;0.938292;6.09386;-0.00611439;-0.00230079;-0.00100969;-0.00204996;-0.00636522;0.996912;0.000660819;0.000464874;1.00155;0.0245515;0.97861;1;3;1
1020.53;1020.06;0.782982;6.13991;-0.00526652;-0.00480321;-0.000767183;-0.00423347;-0.00583626;0.995752;0.0118221;-0.00842029;0.995722;0.0265254;0.96691;1;4;1
1043.53;1020.06;0.695094;6.25856;-0.00559431;-0.00446761;2.3336e-05;-0.00446713;-0.00559479;0.990522;0.00284582;-0.000683445;1.00588;0.0328622;0.954737;1;4;1
1066.53;1020.06;0.524856;6.21639;-0.00642689;-0.00256357;-0.00108627;-0.00227909;-0.00671137;0.997621;-0.00351373;0.00244536;1.00454;0.0278176;0.978043;1;3;1
1089.53;1020.06;0.398499;6.27169;-0.00648122;-0.00411281;-0.000962719;-0.00377086;-0.00682318;0.99266;0.00339881;0.00106189;0.99624;0.0236504;0.983091;1;4;1
1112.53;1020.06;0.225746;6.22869;-0.00387519;-0.00336373;-0.00105408;-0.0025348;-0.00470411;0.995011;0.00587924;-0.00223595;0.995519;0.0216761;0.986368;1;3;1
1135.53;1020.06;0.219889;6.29421;-0.00521007;-0.00404833;0.000593573;-0.00379869;-0.0054597;0.997465;0.00764858;-0.00323469;0.994885;0.0224322;0.981817;1;3;1
1158.53;1020.06;-0.0148504;6.39594;-0.00842863;-0.000486783;-0.00090884;-0.000384106;-0.0085313;0.990687;0.00322549;-0.00225238;1.00213;0.0233833;0.979938;1;3;1
1181.53;1020.06;-0.169523;6.35978;-0.00445982;-0.00353943;-0.00167867;-0.00225902;-0.00574023;0.998171;0.0034309;-0.000564114;0.997782;0.0241636;0.98015;1;3;1
1204.53;1020.06;-0.220462;6.40105;-0.00611368;-0.00327084;-0.00181953;-0.00238334;-0.00700118;0.99331;0.00233869;0.0049002;0.997202;0.0270792;0.970942;1;3;1
1227.53;1020.06;-0.451622;6.38057;-0.00829286;-0.00417084;-0.00105417;-0.00391689;-0.00854681;0.988324;0.001302;-0.00813555;0.998147;0.0269792;0.983034;1;3;1
1250.53;1020.06;-0.603613;6.48861;-0.00633978;-0.00487328;-0.000138673;-0.00486028;-0.00635277;0.997559;-0.000717098;0.00107609;0.993065;0.0220442;0.987297;1;3;1
1273.53;1020.06;-0.7442;6.42065;-0.00608945;-0.00297506;-0.00451902;0.000247534;-0.00931205;0.987759;0.0115841;0.00203182;0.990819;0.026705;0.990537;1;4;1
31.5305;997.06;4.89758;3.87221;-0.000891783;-0.00276038;0.000297916;-0.000845435;-0.00280672;0.989484;0.0049558;-0.00715393;0.997764;0.0262306;0.985998;1;3;1
54.5305;997.06;4.87695;3.9452;-0.00121424;-0.00312555;0.00220831;0.000236323;-0.00457612;0.992762;0.000773226;-0.00224924;0.99831;0.0293417;0.981876;1;3;1
77.5306;997.06;4.84154;3.99137;-0.00423612;-0.00243387;0.00107386;-0.00193314;-0.00473685;0.999008;1.00878e-05;-0.00405042;0.995612;0.0252798;0.986836;1;4;1
100.531;997.06;4.68152;4.0641;-0.00641792;-0.00375232;0.00177306;-0.002867;-0.00730325;0.990134;0.00456446;-0.00184519;0.99425;0.0225726;0.990019;1;3;1
123.531;997.06;4.54504;4.16223;-0.00341709;-0.002372;0.000644208;-0.00206505;-0.00372403;0.990268;-0.00213877;0.00130246;1.00037;0.0242529;0.985912;1;3;1
146.531;997.06;4.5239;4.18689;-0.00150342;-0.00118811;-0.000102146;-0.00115791;-0.00153362;0.999539;0.000676664;-0.00237073;1.00062;0.0260917;0.988757;1;3;1
169.531;997.06;4.47566;4.28834;-0.00346344;-0.000971734;0.00176067;-6.07078e-05;-0.00437446;0.993782;-0.00318778;-0.0063922;0.997805;0.0219832;0.991617;1;3;1
192.531;997.06;4.36388;4.38348;-0.00455094;-0.000803302;0.00165627;-0.000176235;-0.00517801;0.994465;-0.000228419;-0.00218747;1.00016;0.0220498;0.989229;1;4;1
215.531;997.06;4.26564;4.42326;-0.00169614;-0.00228811;-0.000299159;-0.00157129;-0.00241296;1.00035;0.00303365;0.00201675;0.993687;0.0269604;0.978128;1;3;1
238.531;997.06;4.28579;4.40222;-0.00406347;-0.00341025;-0.000202985;-0.00335231;-0.00412141;0.992189;0.00899696;-0.00262025;0.994505;0.0264338;0.984085;1;3;1
261.531;997.06;4.0783;4.48144;-0.00416327;-0.00206073;0.00173378;-0.0010844;-0.00513961;0.994865;-0.00579672;-0.000963552;0.998794;0.0251547;0.985209;1;4;1
284.531;997.06;4.09362;4.55562;-0.00226998;-0.00235076;0.00080859;-0.00150077;-0.00311997;0.998718;0.00237686;-0.00703089;0.993271;0.0244841;0.987272;1;3;1
307.531;997.06;3.97352;4.63051;-0.0035312;-0.00146471;0.00203796;-0.000213037;-0.00478287;0.993533;0.000768055;-0.000715612;1.00106;0.0211155;0.993373;1;3;1
330.531;997.06;3.93054;4.73729;-0.00346017;-0.00256946;0.000903355;-0.00200764;-0.00402199;0.996709;0.000817122;-0.00442913;0.998551;0.02225;0.984362;1;3;1
353.531;997.06;3.81384;4.77719;-0.00382213;-0.00241693;0.000639129;-0.00216972;-0.00406933;0.998901;0.00148512;-0.00235493;1.00151;0.0223705;0.98744;1;3;1
376.531;997.06;3.75425;4.84649;-0.00334349;-0.00106549;-0.000526116;-0.000949848;-0.00345913;0.993768;-0.0035972;-0.0046885;0.997666;0.0253286;0.980145;1;3;1
399.531;997.06;3.65963;4.89669;-0.0047964;-0.00136981;0.000385391;-0.001327;-0.00483921;0.99713;0.00103587;-0.00013476;0.998201;0.0229936;0.988435;1;3;1
422.531;997.06;3.53304;4.90845;-0.00526842;-0.00317627;0.000667333;-0.00298154;-0.00546315;0.989866;0.00401157;-0.00116781;0.994415;0.0235552;0.98782;1;3;1
445.531;997.06;3.41652;4.99964;-0.00354963;-0.00341334;0.000242131;-0.00322995;-0.00373302;0.998404;0.000114478;-0.00618441;0.992238;0.0200738;0.988194;1;3;1
468.531;997.06;3.36931;5.03094;-0.00368043;-0.00328557;-0.000212284;-0.0031931;-0.0037729;0.993836;0.00404564;-0.00112919;0.995858;0.0179594;0.993108;1;3;1
491.531;997.06;3.24679;5.10493;-0.00338634;-0.00189625;0.000360281;-0.00181371;-0.00346888;0.995684;-0.000921066;-0.00544278;0.998917;0.0220618;0.98419;1;3;1
514.531;997.06;3.21315;5.13476;-0.00210699;-0.000166521;-0.00134382;0.000520712;-0.00279422;0.997258;0.00561041;-0.00175622;1.00116;0.0252759;0.9777;1;3;1
537.531;997.06;3.1497;5.18029;-0.00377919;0.000282973;6.15215e-05;0.000283905;-0.00378012;0.997123;0.00670717;-0.000186434;0.994382;0.0235749;0.982915;1;3;1
560.531;997.06;3.03875;5.28119;-0.00468353;-0.0025504;0.00053774;-0.00242251;-0.00481143;0.998181;-0.00198874;-0.00487092;0.995692;0.0226103;0.989206;1;4;1
583.531;997.06;2.93358;5.30768;-0.00345042;-0.00466418;0.000989966;-0.00289612;-0.00521848;0.996202;-0.000123092;-0.00507275;0.992018;0.0187802;0.987278;1;3;1
606.531;997.06;2.87965;5.3765;-0.0054849;-0.00353723;0.00108935;-0.00304989;-0.00597224;0.995551;0.00214929;-0.00145594;0.99579;0.0230208;0.981339;1;3;1
629.531;997.06;2.68038;5.44095;-0.00492777;-0.00157285;0.000427327;-0.00151928;-0.00498134;0.993434;0.00528659;-0.00185793;1.00005;0.0233433;0.980159;1;3;1
652.531;997.06;2.65224;5.50319;-0.00356142;-0.00256546;0.00109914;-0.00185675;-0.00427013;0.992296;-0.000677311;-0.0040224;0.993618;0.0217961;0.983604;1;3;1
675.531;997.06;2.51619;5.52244;-0.00526118;-0.000344973;0.0004663;-0.000301136;-0.00530502;0.994499;0.000358425;-0.0048446;1.00174;0.0228176;0.986032;1;3;1
698.531;997.06;2.40945;5.61396;-0.00345686;0.000302687;0.000988379;0.000546694;-0.00370087;1.00096;0.00249638;0.00213598;0.999902;0.0265283;0.978046;1;3;1
721.531;997.06;2.35667;5.66915;-0.00344398;-0.00139676;0.00195554;-0.000213133;-0.00462762;0.994862;0.00307674;-0.00978514;0.997713;0.0265496;0.976448;1;3;1
744.531;997.06;2.25044;5.78412;-0.00421525;-0.00199817;0.000310513;-0.0019555;-0.00425791;0.997881;0.00170014;-0.00637244;0.992836;0.0284214;0.973936;1;3;1
767.531;997.06;2.16216;5.8019;-0.00560402;-0.00372813;-0.0015064;-0.00289154;-0.00644061;0.991765;0.00666619;0.00585449;0.992759;0.0308168;0.966841;1;3;1
790.531;997.06;1.9919;5.82952;-0.0050733;-0.000505146;-0.00113973;-0.000236579;-0.00534187;0.998439;0.0062057;-0.00282759;0.993447;0.0365484;0.963789;1;3;1
813.531;997.06;1.92819;5.82184;-0.00454935;0.000568956;-1.16037e-05;0.000568983;-0.00454938;0.988817;0.0114766;-0.00213694;0.989269;0.0252066;0.983078;1;3;1
836.531;997.06;1.78212;5.88322;-0.00393134;-0.00326548;-0.00214041;-0.00143227;-0.00576456;0.998769;0.00828988;0.00253544;0.991166;0.0315263;0.960778;1;3;1
859.531;997.06;1.74699;5.83902;-0.00288182;-0.00496678;-0.00116107;-0.0023639;-0.0054847;0.997272;0.00198004;-0.000373671;0.997215;0.0271165;0.979413;1;3;1
882.531;997.06;1.64923;5.99483;-0.00502166;-0.00397331;0.00139619;-0.00300614;-0.00598883;0.998703;-0.00299923;-0.00640016;0.991827;0.0262023;0.980501;1;3;1
905.531;997.06;1.51473;6.08794;-0.00616547;-0.00157404;0.00083388;-0.00142728;-0.00631223;0.990072;-0.0072155;-0.00325677;0.992918;0.0292636;0.958329;1;3;1
928.531;997.06;1.3647;6.05945;-0.00516336;-0.000472495;-0.0019142;0.000209485;-0.00584534;0.998388;0.0113435;0.0039994;1.00205;0.0288029;0.972223;1;4;1
951.531;997.06;1.2766;6.076;-0.00425167;-8.69915e-05;-0.000663189;1.60653e-05;-0.00435473;0.997695;0.00508681;-0.00634165;0.997238;0.0245511;0.976766;1;3;1
974.531;997.06;1.16863;6.13968;-0.00533779;-0.00128371;0.000344715;-0.00125461;-0.00536689;0.985888;0.00859223;-0.00407563;0.999341;0.027806;0.976375;1;3;1
997.531;997.06;1.03024;6.19675;-0.00390733;-0.00418109;-0.00039263;-0.00362841;-0.00446002;1.00187;0.010618;-0.00700444;0.99503;0.026072;0.985241;1;3;1
1020.53;997.06;0.988257;6.30137;-0.00565887;-0.00475917;-0.000438278;-0.00458097;-0.00583707;0.998337;-1.89876e-05;0.00310757;0.995172;0.0260597;0.975351;1;3;1
1043.53;997.06;0.769076;6.3011;-0.00799842;-0.00233067;-0.00146826;-0.00197289;-0.0083562;0.989654;0.00282592;-0.00221978;0.989046;0.0244554;0.979286;1;3;1
1066.53;997.06;0.61879;6.22968;-0.00551951;-0.00419713;-0.00182696;-0.00291539;-0.00680124;0.991666;0.00389277;0.00424794;0.999262;0.025143;0.984469;1;3;1
1089.53;997.06;0.514473;6.29523;-0.00594744;-0.00408354;-0.000798422;-0.00378829;-0.00624269;0.994359;0.004491;-0.00191085;0.999082;0.0230436;0.986875;1;3;1
1112.53;997.06;0.344236;6.34802;-0.00661417;-0.00539231;-0.00181208;-0.00409095;-0.00791553;0.993039;0.00352056;-0.00185925;0.991061;0.0202963;0.988144;1;3;1
1135.53;997.06;0.209188;6.33882;-0.00649213;-0.00367664;-0.000828852;-0.00345076;-0.00671801;0.99082;-0.0056314;-0.00575763;0.997688;0.0224778;0.988015;1;3;1
1158.53;997.06;0.0446191;6.36479;-0.00611869;-0.000595086;-0.00109569;-0.000385677;-0.0063281;0.995259;-0.00365796;-0.00160082;0.998322;0.0256929;0.977682;1;2;1
1181.53;997.06;-0.0732155;6.42275;-0.00570257;-0.00231214;-0.000845022;-0.0021132;-0.00590151;0.993138;0.00113852;0.00158892;0.996669;0.0232808;0.983633;1;3;1
1204.53;997.06;-0.218576;6.47154;-0.00428975;-0.00170353;-0.000412491;-0.00163933;-0.00435394;0.997933;0.000220306;-0.00380594;0.996893;0.0228242;0.986645;1;3;1
1227.53;997.06;-0.270999;6.475;-0.00669233;-0.00383568;-0.00173525;-0.00301652;-0.00751149;0.99637;0.0100723;0.00182427;0.992849;0.0244514;0.985502;1;3;1
1250.53;997.06;-0.527503;6.53437;-0.00700312;-0.000862809;-0.00121695;-0.000630415;-0.00723551;0.990397;0.00796793;-0.00583319;1.00168;0.0252268;0.982143;1;3;1
1273.53;997.06;-0.594315;6.53322;-0.00290064;-0.00236905;-0.00267268;5.10168e-05;-0.0053207;0.99914;0.00259533;0.0188431;0.997222;0.0341226;0.988726;1;4;1
31.5305;974.06;4.99028;3.91685;-0.00696783;-0.00264809;0.000698792;-0.00253786;-0.00707806;0.99418;0.00369771;-0.00256741;0.998883;0.0261182;0.983232;1;3;1
54.5305;974.06;4.82925;4.01421;-0.00422733;-0.0025382;0.000597748;-0.00234807;-0.00441746;0.994677;0.00154822;-0.00279712;0.994502;0.0369315;0.968254;1;3;1
77.5306;974.06;4.79517;4.06521;-0.00199835;-0.00195208;0.000816174;-0.00115871;-0.00279172;1.00544;0.0061913;-0.00307159;0.998185;0.0310386;0.974989;1;4;1
100.531;974.06;4.737;4.15933;-0.00289416;-0.00179094;0.0001671;-0.00176619;-0.00291892;0.985762;0.00104604;-0.000798846;1.00355;0.0274476;0.985729;1;3;1
123.531;974.06;4.66171;4.1772;-0.00146556;-0.00064126;-6.63097e-05;-0.00063596;-0.00147086;1.00066;0.00303927;-0.00126878;0.997504;0.0247274;0.985084;1;3;1
146.531;974.06;4.66946;4.24333;-0.00376218;-0.00245007;-0.000164173;-0.00242984;-0.00378241;0.996896;0.00706927;-0.00321928;0.992896;0.022116;0.98937;1;3;1
169.531;974.06;4.48809;4.32345;-0.0059469;-0.00227866;0.00168667;-0.00162102;-0.00660454;0.99669;0.00281739;-0.00630229;0.998045;0.0238956;0.98784;1;3;1
192.531;974.06;4.39486;4.38519;-0.00377835;-0.000802717;0.000588421;-0.000690585;-0.00389048;0.995258;-0.000544766;-0.00420657;1.00143;0.0240044;0.986371;1;4;1
215.531;974.06;4.31373;4.46755;-0.00249087;-0.000127064;0.0004731;-3.58925e-05;-0.00258205;0.992451;-0.000797605;-0.0031861;1.00452;0.0214091;0.987237;1;3;1
238.531;974.06;4.27999;4.50478;-0.00393234;-0.0027688;0.00136303;-0.00186857;-0.00483257;0.994854;-0.00174753;0.00263658;0.996408;0.0254802;0.986075;1;3;1
261.531;974.06;4.13235;4.57699;-0.00438906;-0.00254803;0.00043637;-0.00244984;-0.00448725;0.994601;0.00800045;-0.00465525;0.998051;0.0250087;0.98823;1;3;1
284.531;974.06;4.07736;4.66693;-0.0035483;-0.002175;0.000258823;-0.00212784;-0.00359546;0.996573;0.00158528;-0.00355431;1.00453;0.0208215;0.992039;1;4;1
307.531;974.06;3.96875;4.66873;-0.00200613;-0.0019963;0.000519366;-0.00148183;-0.00252061;0.999083;0.00210924;-0.00133898;0.996063;0.0235981;0.984767;1;3;1
330.531;974.06;3.98492;4.7398;-0.00316358;-0.000440197;-0.000607091;-0.000310995;-0.00329278;0.99039;0.00421508;-0.00388179;0.998913;0.0212608;0.988537;1;3;1
353.531;974.06;3.82289;4.76606;-0.00402795;-0.00121255;-0.000336085;-0.00117298;-0.00406751;0.998099;0.000243675;0.00116179;1.00096;0.0232285;0.988097;1;3;1
376.531;974.06;3.79918;4.82853;-0.00358085;-0.000546888;0.000838451;-0.000330597;-0.00379714;0.994102;0.00266039;-0.00757897;1.00008;0.024852;0.982471;1;3;1
399.531;974.06;3.65755;4.93865;-0.00560555;-0.00229541;0.00132901;-0.00182786;-0.0060731;0.992994;0.000791262;-0.00591204;0.99691;0.0263478;0.977898;1;3;1
422.531;974.06;3.54031;4.99032;-0.00323976;-0.00246177;0.000201572;-0.00241265;-0.00328888;0.996084;-0.00228985;-0.000534349;0.999506;0.0213452;0.985731;1;3;1
445.531;974.06;3.50801;5.09599;-0.00124197;-0.0027635;-0.00018584;-0.0012196;-0.00278587;1;0.00684576;-0.00343157;0.997408;0.0202776;0.987402;1;3;1
468.531;974.06;3.48293;5.12982;-0.00375296;-0.00231261;-0.000225031;-0.00227827;-0.0037873;0.992833;0.00444165;-0.00511838;0.99779;0.0205195;0.989094;1;3;1
491.531;974.06;3.335;5.15952;-0.00433695;-0.00173747;-0.000427599;-0.00166894;-0.00440548;0.996207;0.00244563;0.000727992;0.995148;0.0236675;0.981549;1;3;1
514.531;974.06;3.28296;5.19217;-0.00290209;-0.00311676;-0.000295721;-0.00269483;-0.00332403;0.996281;-0.00256436;-0.000868916;0.994787;0.022975;0.985849;1;3;1
537.531;974.06;3.20127;5.22046;-0.00453298;-0.00265889;0.000812814;-0.00235548;-0.00483638;0.994044;0.00192122;-0.00569706;1.00132;0.0238757;0.989152;1;3;1
560.531;974.06;3.07361;5.37316;-0.00614826;-0.00241718;0.000758968;-0.0022687;-0.00629674;0.99187;0.00603264;-0.00265739;0.997505;0.0209848;0.987255;1;4;1
583.531;974.06;2.91714;5.42048;-0.0047287;-0.00121134;-0.00094326;-0.000974348;-0.00496569;0.997644;-0.000140032;-0.00119004;0.999126;0.0200426;0.985645;1;3;1
606.531;974.06;2.85554;5.42252;-0.00290511;-0.0016912;0.000153722;-0.00167204;-0.00292427;0.997779;7.62005e-05;-0.000548273;0.999695;0.0223992;0.983412;1;3;1
629.531;974.06;2.78329;5.4556;-0.00483161;0.000661915;0.000515544;0.000709878;-0.00487957;0.995182;0.00863893;-0.00314725;0.995523;0.0241264;0.979498;1;3;1
652.531;974.06;2.63247;5.58158;-0.00433094;-0.00152;0.000630496;-0.00138506;-0.00446589;0.99437;0.00364637;-0.000164321;1.00046;0.0230483;0.983057;1;3;1
675.531;974.06;2.58349;5.57066;-0.0037027;-0.00249969;0.000227488;-0.00245811;-0.00374428;0.991384;0.00605724;-0.00210313;0.990523;0.0291301;0.971364;1;3;1
698.531;974.06;2.46177;5.65481;-0.00660061;-0.00134788;0.000739384;-0.00124578;-0.0067027;0.995395;-0.00270685;-0.0036603;0.996637;0.0302234;0.974796;1;4;1
721.531;974.06;2.27866;5.70394;-0.0028648;-0.00268063;0.000765463;-0.00200174;-0.0035437;1.00663;-0.000759735;-0.00444948;0.992631;0.0307461;0.969288;1;3;1
744.531;974.06;2.32961;5.78863;-0.00117526;-0.000357017;0.00119708;0.000498917;-0.0020312;0.994204;0.000136588;-0.00191854;1.00162;0.0294504;0.974207;1;3;1
767.531;974.06;2.22431;5.85686;-0.00464189;-0.00020721;-0.000407505;-0.000170075;-0.00467902;0.993512;0.00117936;-0.000798251;1.00313;0.0289053;0.97647;1;3;1
790.531;974.06;2.11556;5.83949;-0.00533732;0.000359045;-0.0011094;0.000567481;-0.00554576;0.995894;0.00280494;-0.00141663;1.00652;0.0273351;0.978639;1;3;1
813.531;974.06;1.97814;5.84503;-0.00419475;-0.00193049;0.000534171;-0.0018108;-0.00431444;0.997459;-0.00744211;-0.00497844;1.00877;0.0243337;0.982356;1;3;1
836.531;974.06;1.92198;5.97763;-0.00411231;-0.00183463;0.000421721;-0.00175905;-0.00418788;0.996265;0.000613176;-0.000515999;1.00326;0.0321547;0.971128;1;3;1
859.531;974.06;1.78821;6.02965;-0.00548556;-0.00402272;0.000389099;-0.00392567;-0.00558261;0.991282;-0.000775878;-0.00178703;0.996381;0.0277809;0.980921;1;3;1
882.531;974.06;1.66889;6.0504;-0.00519875;-0.00145807;-0.000571408;-0.00137273;-0.00528409;0.995813;0.00768272;0.00197909;1.00277;0.0254352;0.978584;1;3;1
905.531;974.06;1.54843;6.05473;-0.00422174;-0.000436153;-0.000831376;-0.000261616;-0.00439628;0.99543;-0.000426114;-0.0020549;1.00451;0.0234992;0.98444;1;3;1
928.531;974.06;1.47427;6.08139;-0.00431535;-0.0025953;-0.0015124;-0.0017155;-0.00519515;0.998709;-0.00361654;-0.00246553;0.997088;0.0234243;0.981899;1;3;1
951.531;974.06;1.34947;6.10446;-0.00692642;-0.00192514;-0.000370991;-0.00189777;-0.00695379;0.991662;-0.00152775;-7.79467e-05;0.998448;0.0222246;0.982822;1;3;1
974.531;974.06;1.15449;6.15028;-0.00461773;-0.00134283;0.00176463;-0.000572972;-0.0053876;0.999143;0.00218705;-0.00615491;0.993837;0.0270723;0.973497;1;4;1
997.531;974.06;1.1362;6.28702;-0.00490161;-0.000940603;0.00159624;-0.000377413;-0.0054648;0.992791;0.000342862;-0.00322209;1.00187;0.0260043;0.976972;1;3;1
1020.53;974.06;0.927984;6.35958;-0.00816118;0.000535817;0.000407165;0.000554838;-0.0081802;0.99218;-0.00248039;-0.00109833;0.997946;0.0272483;0.979039;1;3;1
1043.53;974.06;0.75917;6.36594;-0.00520315;-0.00105592;-0.000367619;-0.00102358;-0.00523548;0.992628;-0.00509166;-0.00591363;0.996365;0.0295137;0.972339;1;3;1
1066.53;974.06;0.687985;6.41016;-0.00364799;-0.00455646;0.000326799;-0.00354265;-0.0046618;1.0001;0.0076443;0.00486937;0.986755;0.0282489;0.984753;1;4;1
1089.53;974.06;0.590958;6.46032;-0.00543552;-0.00432852;1.83047e-05;-0.00432822;-0.00543582;0.991351;0.00117902;-0.00194928;0.989462;0.0256539;0.975767;1;3;1
1112.53;974.06;0.437218;6.4779;-0.00601423;-0.00112714;-0.00187032;-0.00049351;-0.00664787;0.992987;0.00414155;0.00436373;0.999398;0.0273904;0.970072;1;3;1
1135.53;974.06;0.313466;6.46374;-0.00577053;-0.00233179;-0.0028741;-0.000702025;-0.0074003;0.998793;0.00744191;-0.000146295;0.996906;0.0252274;0.980464;1;3;1
1158.53;974.06;0.170971;6.4237;-0.00645046;-0.0018937;-0.00308445;-0.000337393;-0.00800677;0.991889;0.00956796;-0.0044379;0.998378;0.0250073;0.984104;1;3;1
1181.53;974.06;0.015781;6.46664;-0.00651986;-0.00170141;-0.000980375;-0.00150958;-0.00671169;0.99561;0.00355714;-0.0014007;0.99906;0.0262113;0.975186;1;3;1
1204.53;974.06;-0.129961;6.47957;-0.00528135;-0.000629038;-0.00158814;-0.0001386;-0.00577179;0.989305;0.0102945;0.00271552;0.998237;0.025107;0.982666;1;3;1
1227.53;974.06;-0.227897;6.5579;-0.0065499;-0.00259344;-0.00113328;-0.00229181;-0.00685152;0.993706;-0.00178901;-0.000208173;1.0017;0.0271673;0.980848;1;4;1
1250.53;974.06;-0.432275;6.52864;-0.00589514;-0.00126211;-0.00276622;2.94542e-05;-0.0071867;0.992114;0.000497195;-0.00193356;0.998937;0.0207335;0.98585;1;3;1
1273.53;974.06;-0.499886;6.5304;-0.00293525;-0.000653865;-0.00276265;0.00119433;-0.00478344;0.997145;0.0104568;0.00403959;0.999759;0.0337821;0.97478;1;3;1
31.5305;951.06;5.02841;3.99437;-0.00251788;-0.000786103;1.36113e-05;-0.000785996;-0.00251798;0.99183;-0.00319691;-0.00398485;1.00192;0.0284232;0.987502;1;3;1
54.5305;951.06;4.97032;4.0622;-0.00253797;-0.000520839;0.00026316;-0.000487072;-0.00257174;1.00286;-0.00154477;-0.0047161;0.999756;0.0295371;0.983123;1;3;1
77.5306;951.06;4.91143;4.08131;-0.00416572;-0.00200766;-0.000868471;-0.00170158;-0.00447181;0.992168;-0.00118842;-0.000929787;0.999347;0.0254811;0.980951;1;3;1
100.531;951.06;4.77822;4.14666;-0.00598373;-0.000223399;-3.73807e-05;-0.000223156;-0.00598397;0.995778;0.00288913;-0.00458835;1.003;0.0259478;0.988591;1;3;1
123.531;951.06;4.63522;4.19182;-0.00200819;-0.000380949;0.000859124;-1.1323e-05;-0.00237781;0.997008;-0.000890181;-0.00404533;1.00026;0.0233806;0.986837;1;3;1
146.531;951.06;4.6855;4.30001;-0.00375009;-0.00191455;0.00149236;-0.00108033;-0.0045843;0.999015;-0.00087264;-0.00122322;0.998308;0.0281548;0.986873;1;3;1
169.531;951.06;4.46195;4.39328;-0.00501486;-0.00151146;0.00100647;-0.0012429;-0.00528341;0.994303;-0.00525147;-0.00613895;0.998944;0.0289105;0.985558;1;3;1
192.531;951.06;4.45407;4.42051;-0.00260654;1.3119e-05;-0.000704969;0.000190782;-0.0027842;0.998294;0.00359826;0.0013719;0.997327;0.0244772;0.990345;1;3;1
215.531;951.06;4.34187;4.42917;-0.00400235;-0.000431559;0.000901069;-0.000217065;-0.00421685;0.990154;0.00235104;-0.00423564;0.997405;0.0250865;0.990915;1;4;1
238.531;951.06;4.26946;4.52976;-0.00306332;-0.00123642;0.00141851;-0.000462696;-0.00383705;0.992833;0.000106437;0.00160765;0.998815;0.0223598;0.989274;1;4;1
261.531;951.06;4.20043;4.59896;-0.00233866;-0.00144884;7.02428e-05;-0.00144333;-0.00234417;1.00422;2.2041e-05;-0.00863105;0.998359;0.0304768;0.981934;1;4;1
284.531;951.06;4.16159;4.65583;-0.00437614;-0.000849001;0.00033806;-0.000816892;-0.00440825;0.985583;-0.00014144;0.0016065;0.998872;0.0218963;0.987234;1;4;1
307.531;951.06;3.99852;4.72244;-0.00167908;-0.00270301;7.93026e-05;-0.00167298;-0.00270911;1.00475;-0.000340054;-0.00113185;0.995862;0.0262061;0.983795;1;4;1
330.531;951.06;4.08417;4.7578;-0.00140156;-0.00136784;0.000198849;-0.00118514;-0.00158426;0.997745;0.00175511;-0.007142;0.996456;0.0232024;0.991025;1;3;1
353.531;951.06;3.93387;4.83316;-0.00507569;-0.0030278;-0.00048731;-0.00291775;-0.00518573;0.990467;0.00313648;0.000746026;0.99235;0.0239906;0.98417;1;3;1
376.531;951.06;3.84995;4.87176;-0.00508606;-0.00284675;0.000736529;-0.00262622;-0.0053066;0.996981;0.00377801;-0.00253544;0.994718;0.0245193;0.980296;1;3;1
399.531;951.06;3.699;5.00242;-0.00385791;-0.0010586;8.42984e-05;-0.00105606;-0.00386044;0.996813;0.00791915;-0.00749548;0.997743;0.022493;0.982624;1;3;1
422.531;951.06;3.6719;5.02205;-0.00273322;-0.000308458;-0.000428282;-0.000235034;-0.00280664;0.993198;0.0118568;0.000495782;0.996859;0.0227552;0.981515;1;3;1
445.531;951.06;3.57293;5.12721;-0.00472878;-5.04548e-05;0.000408656;-1.50267e-05;-0.00476421;1.00084;0.00358776;-0.00538672;1.00345;0.0233883;0.98284;1;3;1
468.531;951.06;3.45371;5.13752;-0.00485935;-0.000957757;-0.000485659;-0.000898212;-0.00491889;0.993277;-0.000285091;-0.00323806;0.9987;0.0191384;0.991847;1;3;1
491.531;951.06;3.34882;5.18503;-0.00330158;-0.00231001;0.000419224;-0.00215653;-0.00345507;0.998394;0.00260284;-0.00160762;0.999054;0.0227571;0.98649;1;3;1
514.531;951.06;3.30137;5.27844;-0.00201428;-0.00230222;0.000681647;-0.00146156;-0.00285493;0.99987;0.00436162;-0.00206951;0.994769;0.0236199;0.984723;1;3;1
537.531;951.06;3.25591;5.30289;-0.00286472;-0.00296874;0.00110815;-0.00180736;-0.0040261;0.993607;-0.00246966;-0.00116726;0.997775;0.0217969;0.988329;1;4;1
560.531;951.06;3.16926;5.39271;-0.00402592;0.000271201;-0.0003585;0.000300904;-0.00405562;1.00011;0.000337945;-0.00435722;1.0009;0.0205133;0.988378;1;3;1
583.531;951.06;3.07031;5.36364;-0.00582182;4.95196e-05;-0.00154045;0.000429141;-0.00620144;0.991932;0.0118115;-0.00220388;1.00191;0.0212001;0.986441;1;4;1
606.531;951.06;2.90063;5.45437;-0.00601715;-0.00159188;-0.000805984;-0.00144965;-0.00615938;0.99799;1.77202e-05;-0.000883073;0.995739;0.0224281;0.989898;1;4;1
629.531;951.06;2.79266;5.41065;-0.00414599;-0.00188299;-0.000470886;-0.00178892;-0.00424006;0.994923;0.00341727;-0.00175762;0.996442;0.0295218;0.969827;1;3;1
652.531;951.06;2.70937;5.57319;-0.0048487;-0.00173762;0.00068926;-0.00159175;-0.00499457;1.0017;0.00108584;-0.00289729;0.997542;0.021261;0.984949;1;3;1
675.531;951.06;2.56851;5.6376;-0.00508015;-0.00263652;0.000789436;-0.00240367;-0.005313;0.989978;-0.000309409;-0.00338723;1.00922;0.0302534;0.972289;1;3;1
698.531;951.06;2.47497;5.67605;-0.00322017;-0.00103821;0.000816858;-0.000766289;-0.00349209;1.00044;0.00760707;0.000562578;1.00194;0.026379;0.974972;1;3;1
721.531;951.06;2.41988;5.79267;-0.00393943;-0.00133878;-0.000335624;-0.00129617;-0.00398204;0.997586;0.011291;-0.00153465;0.9984;0.0240567;0.986314;1;3;1
744.531;951.06;2.29322;5.80056;-0.00366628;-0.000455916;-0.000328206;-0.000422706;-0.00369949;0.999537;0.00319374;-0.00146355;1.00049;0.0234922;0.982358;1;4;1
767.531;951.06;2.25092;5.81152;-0.00456794;0.00123269;-0.00112012;0.00144147;-0.00477673;0.986067;0.000612214;-0.00255366;1.00006;0.0211687;0.986551;1;4;1
790.531;951.06;2.08262;5.8131;-0.00506368;-0.00232318;0.000263592;-0.00229806;-0.00508881;1.00091;0.00791013;0.00162295;0.994334;0.0230007;0.984681;1;4;1
813.531;951.06;2.01729;5.91081;-0.00334522;-0.000867448;0.00111277;-0.000441075;-0.0037716;0.996829;0.00533873;-0.00225583;1.00031;0.0274593;0.976013;1;3;1
836.531;951.06;1.92822;5.96792;-0.00505823;-0.000384789;0.000705269;-0.000280676;-0.00516234;0.995698;0.00506023;-0.00581751;0.995401;0.0241206;0.981688;1;3;1
859.531;951.06;1.78388;6.02445;-0.00435722;-0.000720877;-0.00014367;-0.000715209;-0.00436289;0.995471;0.00158942;-0.00842416;1.0034;0.0252111;0.981104;1;3;1
882.531;951.06;1.72725;6.06202;-0.00349714;-0.000748753;3.9135e-07;-0.000748753;-0.00349714;0.994682;-0.000558262;-0.000111526;0.996276;0.0244637;0.986636;1;3;1
905.531;951.06;1.62265;6.10813;-0.00375025;-8.79052e-05;0.000508176;-1.87e-05;-0.00381946;0.994217;0.00281837;0.00128374;0.995846;0.026569;0.976672;1;3;1
928.531;951.06;1.55426;6.17938;-0.00525572;-0.00105319;0.00025898;-0.00103729;-0.00527162;0.998109;-0.00117312;-0.00049112;0.997217;0.0258606;0.970801;1;3;1
951.531;951.06;1.38021;6.16476;-0.0079155;-0.0031018;-0.00102253;-0.00289359;-0.0081237;0.987827;0.00318675;0.000442401;0.995514;0.0200625;0.989206;1;4;1
974.531;951.06;1.18869;6.2015;-0.00622728;-0.000837767;-0.00116078;-0.000598392;-0.00646666;0.99579;0.0058844;-0.00313576;1.00496;0.0220446;0.982512;1;3;1
997.531;951.06;1.0928;6.24008;-0.00344023;-0.000156655;-5.33631e-05;-0.000155788;-0.0034411;0.99615;-0.00345575;-0.0045655;1.00238;0.0271444;0.966542;1;4;1
1020.53;951.06;1.03011;6.27674;-0.00517791;-0.000405208;-0.000628162;-0.000323916;-0.0052592;0.992619;0.00779795;0.00139255;1.00271;0.025469;0.984709;1;3;1
1043.53;951.06;0.853863;6.34978;-0.007513;0.000978344;-0.000784142;0.00105015;-0.0075848;0.991804;0.00729249;-0.00742787;1.00334;0.0252159;0.989155;1;3;1
1066.53;951.06;0.682908;6.4398;-0.00591804;0.000120654;-0.000158278;0.0001248;-0.00592218;0.990129;0.00479219;-0.00117002;1.00334;0.0241826;0.982922;1;4;1
1089.53;951.06;0.580593;6.49482;-0.00351789;0.000291349;-0.00324128;0.00214618;-0.00537272;0.999409;0.00463968;0.00480042;1.0018;0.0277069;0.971803;1;3;1
1112.53;951.06;0.520782;6.40024;-0.00346801;0.00192561;-0.00310242;0.00333949;-0.00488189;0.994019;0.00486384;-0.00172119;1.00444;0.0310026;0.977669;1;3;1
1135.53;951.06;0.420761;6.4467;-0.00407;0.0017646;-0.000845679;0.0018847;-0.0041901;0.998325;0.0133914;0.00750443;1.00016;0.0284421;0.973143;1;3;1
1158.53;951.06;0.33315;6.45289;-0.00751542;-0.00119089;-0.00216567;-0.000520394;-0.00818592;0.993184;0.00921326;-0.00449593;0.998857;0.0266462;0.97866;1;2;1
1181.53;951.06;0.0737106;6.50131;-0.00678395;-0.0011493;-0.0013238;-0.000853788;-0.00707946;0.99493;0.00755622;0.00062544;0.998815;0.0279251;0.97744;1;3;1
1204.53;951.06;0.0199969;6.50111;-0.00413043;-4.87127e-05;-0.00195353;0.000735565;-0.0049147;0.997461;0.0052565;0.000620861;1.00309;0.0260765;0.977942;1;3;1
1227.53;951.06;-0.116778;6.59471;-0.00691121;-0.000844654;-0.000695337;-0.000765976;-0.00698989;0.99036;0.00440834;-0.0034942;0.993765;0.0318804;0.969454;1;3;1
1250.53;951.06;-0.299117;6.59303;-0.00475117;-0.00283264;-0.00220437;-0.00138787;-0.00619595;0.997753;0.00415444;0.00132769;0.990238;0.0279406;0.989245;1;3;1
1273.53;951.06;-0.335864;6.56404;-0.00159561;-0.000646373;-0.00179932;0.000739872;-0.00298185;0.999775;-0.00479907;9.05375e-05;0.995949;0.0288204;0.982142;1;4;1
31.5305;928.06;5.12492;3.95323;-0.0100648;-0.00118783;0.000602179;-0.00114717;-0.0101055;0.994977;0.00894305;-0.00331408;0.995246;0.0268074;0.985429;1;4;1
54.5305;928.06;4.89209;4.03822;-0.00356775;-4.69997e-05;0.00170345;0.000642252;-0.004257;0.995572;-0.000161211;-0.00465928;1.00232;0.025838;0.987317;1;3;1
77.5306;928.06;4.96005;4.15795;-0.000875372;-0.0024364;0.00161162;0.000134793;-0.00344657;0.995019;0.00339293;0.000853109;0.996371;0.0236889;0.987497;1;4;1
100.531;928.06;4.85162;4.16975;-0.00485614;-0.00105739;-0.00024432;-0.00104174;-0.00487179;0.99821;0.000972013;-0.00427393;0.993797;0.0253229;0.984355;1;4;1
123.531;928.06;4.73611;4.19479;-0.00255888;-0.00084611;0.0004313;-0.000743633;-0.00266135;0.995635;0.0024239;-0.000488227;0.999771;0.0257361;0.98102;1;3;1
146.531;928.06;4.73348;4.33153;-0.00476548;0.00102093;0.0024712;0.00193266;-0.0056772;0.996561;0.00347335;-0.00843431;0.999468;0.0251393;0.985911;1;4;1
169.531;928.06;4.51594;4.39304;-0.00515126;-0.00100836;-0.000866886;-0.000834286;-0.00532534;0.996209;0.0041129;0.000546788;0.99923;0.0262837;0.98482;1;4;1
192.531;928.06;4.49587;4.3847;-0.00381246;-0.000987398;0.000615216;-0.000859236;-0.00394062;0.996452;-0.00117517;0.000688119;0.995188;0.0266182;0.982724;1;3;1
215.531;928.06;4.34014;4.48741;-0.00382619;-0.0027871;0.00213587;-0.00110849;-0.0055048;0.990821;-0.00357981;-0.00785927;0.994304;0.0240641;0.990685;1;3;1
238.531;928.06;4.31919;4.56171;-0.00190714;-0.00208656;0.00100839;-0.000984479;-0.00300923;1.00553;-0.000173362;0.00150974;1.00095;0.023937;0.990055;1;3;1
261.531;928.06;4.25206;4.64384;-0.0032324;-0.00137142;0.000905367;-0.00100365;-0.00360018;0.992885;0.000477313;-0.00228985;0.999923;0.0223179;0.987676;1;3;1
284.531;928.06;4.17003;4.70609;-0.00408983;-0.00117516;0.000846192;-0.000947308;-0.00431768;0.994295;-0.000807416;-0.00383677;0.998132;0.0220639;0.984632;1;3;1
307.531;928.06;4.0633;4.79333;-0.00201108;-0.00189316;0.000561965;-0.00138707;-0.00251717;0.995877;0.00320308;0.00078582;0.998432;0.0207066;0.989625;1;3;1
330.531;928.06;4.07733;4.80286;-0.0017596;-0.0016517;0.00170612;1.31933e-06;-0.00341262;0.99864;0.00186956;-0.0056406;1.00197;0.0247459;0.982523;1;3;1
353.531;928.06;3.98215;4.90583;-0.00382612;-0.00157248;0.00162966;-0.000718012;-0.00468059;0.998359;0.00243198;-0.00257777;1.00079;0.0243873;0.982087;1;3;1
376.531;928.06;3.90072;4.95978;-0.00394001;-0.00217547;0.000763248;-0.00189114;-0.00422434;0.998153;0.00192589;-0.00309178;1.00188;0.019539;0.993474;1;3;1
399.531;928.06;3.80047;4.98759;-0.00424713;-0.000405933;-0.000865139;-0.000220074;-0.00443299;0.994607;0.00537215;-0.000826122;1.00021;0.0218605;0.988092;1;3;1
422.531;928.06;3.70491;5.00481;-0.00464336;-0.00187855;0.000992929;-0.00155891;-0.004963;0.991447;-0.00379222;-0.00221391;0.998122;0.0227715;0.987397;1;3;1
445.531;928.06;3.58625;5.09837;-0.00257741;7.00074e-06;0.00124555;0.00050956;-0.00307997;1.00253;0.00509247;-0.00498802;0.99719;0.0204445;0.988019;1;3;1
468.531;928.06;3.58588;5.17401;-0.00322457;-0.000123418;0.000251013;-0.000103231;-0.00324475;0.995754;0.00423027;-0.000616375;1.00366;0.0214335;0.988213;1;3;1
491.531;928.06;3.43737;5.26601;-0.0053719;-0.00108192;-0.000143577;-0.00107712;-0.0053767;0.993843;0.000676549;-0.0036984;0.997057;0.024473;0.985438;1;3;1
514.531;928.06;3.33794;5.29823;-0.00485776;-0.000494954;0.000272918;-0.000477947;-0.00487477;0.995015;0.0013433;-0.000983352;1.00287;0.0213784;0.986751;1;3;1
537.531;928.06;3.21328;5.35723;-0.00369236;-0.00145833;-0.000294887;-0.00142006;-0.00373063;0.996753;0.0053211;-0.0014021;0.997105;0.0207929;0.988988;1;4;1
560.531;928.06;3.16773;5.36078;-0.00198758;6.74644e-06;0.000442549;0.000100539;-0.00208137;0.999824;-0.00141998;-0.00253194;0.999513;0.0215802;0.984298;1;3;1
583.531;928.06;3.12172;5.41866;-0.00412561;-0.00216378;0.00105252;-0.00170595;-0.00458344;0.994676;-0.00209275;-0.00341466;0.999299;0.0201949;0.98837;1;2;1
606.531;928.06;2.97736;5.49597;-0.00381123;-0.00105007;-0.000152132;-0.00104171;-0.00381959;0.996222;0.00152615;-0.00118467;1.00137;0.02356;0.982791;1;3;1
629.531;928.06;2.9459;5.54259;-0.0039195;-0.00312237;-0.000666986;-0.00274394;-0.00429793;0.992699;0.0016859;-0.00107789;1.00094;0.0251741;0.979439;1;3;1
652.531;928.06;2.79641;5.66187;-0.00719232;-0.00151201;0.000466347;-0.00147398;-0.00723035;0.995288;0.00404412;-0.00593273;0.998431;0.023808;0.98256;1;3;1
675.531;928.06;2.61361;5.69211;-0.0055195;-0.00172997;-0.00122517;-0.00136838;-0.00588109;0.990394;0.00227116;0.000608406;0.991523;0.0274895;0.980126;1;4;1
698.531;928.06;2.54179;5.70267;-0.00388489;-0.0019979;-0.00150311;-0.00116671;-0.00471608;0.999393;0.00188158;-0.00103165;0.996364;0.0281749;0.972975;1;3;1
721.531;928.06;2.43449;5.76583;-0.00353393;0.000135987;0.000543187;0.000214696;-0.00361263;0.995721;-0.00420435;-0.000537993;1.00158;0.0228412;0.981042;1;4;1
744.531;928.06;2.37882;5.80963;-0.00204212;-0.000972584;-0.00146046;4.79307e-05;-0.00306264;0.998695;0.00299985;0.000718971;0.99446;0.0227827;0.982224;1;3;1
767.531;928.06;2.34045;5.80034;-0.00407562;-0.0013864;0.00119935;-0.000929224;-0.00453279;0.990089;0.00718921;-0.00705648;1.00197;0.0233855;0.983812;1;4;1
790.531;928.06;2.19075;5.94654;-0.00671077;-0.00382405;0.00025423;-0.00380183;-0.00673299;1.00186;-0.00492607;0.00170474;0.998116;0.0231953;0.979481;1;4;1
813.531;928.06;2.03063;5.88498;-0.00476647;-0.00155211;-0.000461653;-0.00148712;-0.00483145;0.992895;-0.00243413;-0.0017735;1.00204;0.0236998;0.977787;1;3;1
836.531;928.06;1.97094;5.99536;-0.00291674;-0.00239438;0.000850779;-0.00176559;-0.00354552;0.997589;0.00241786;-0.00737234;1.00256;0.0270046;0.983729;1;3;1
859.531;928.06;1.89592;6.06295;-0.00472988;-0.00284858;-0.000692794;-0.00262099;-0.00495747;0.997034;0.0055606;-0.00304232;0.999431;0.0236238;0.97753;1;3;1
882.531;928.06;1.75276;6.08493;-0.0059953;-0.000351677;-0.000955898;-0.000194166;-0.00615281;0.990095;-0.00739771;-0.00101921;1.00016;0.0251001;0.976093;1;4;1
905.531;928.06;1.6193;6.05883;-0.00532389;-0.00112587;-0.000197915;-0.00111656;-0.0053332;0.988629;0.00084351;-0.00158252;1.00276;0.0262553;0.9803;1;3;1
928.531;928.06;1.50719;6.12987;-0.00330745;0.000155342;0.00121577;0.000539562;-0.00369167;1.00043;-0.00130136;-0.00280163;1.00172;0.023042;0.983808;1;3;1
951.531;928.06;1.46652;6.24752;-0.00367727;-0.00355441;-0.00154775;-0.00206687;-0.00516481;0.994372;0.00331277;-0.00302482;0.997017;0.0227011;0.984191;1;3;1
974.531;928.06;1.33768;6.1892;-0.00541733;-0.00165048;-0.00231673;-0.000548182;-0.00651962;0.992131;0.00680633;-0.00096946;0.997295;0.0249104;0.978334;1;3;1
997.531;928.06;1.21662;6.2943;-0.00522512;-0.0014742;5.9652e-06;-0.00147419;-0.00522513;0.996872;0.00522067;-0.00547168;0.996344;0.0297258;0.980273;1;4;1
1020.53;928.06;1.0963;6.37853;-0.00477759;-0.00329239;-0.00071547;-0.0030038;-0.00506618;0.996494;0.00406553;0.00221141;0.993945;0.0222331;0.986232;1;3;1
1043.53;928.06;0.996315;6.32157;-0.00537118;-0.00062592;-0.00226894;0.000284352;-0.00628145;0.994436;0.00774831;-0.000771178;1.00059;0.0217823;0.983949;1;3;1
1066.53;928.06;0.848556;6.40489;-0.00316122;7.25192e-05;-0.00134202;0.000556909;-0.00364561;0.99806;0.00306469;-0.00325419;0.997324;0.022193;0.984547;1;3;1
1089.53;928.06;0.850495;6.44765;-0.00376031;0.00156675;-0.00353654;0.00333058;-0.00552414;0.999714;0.012305;0.00264336;0.999869;0.0273284;0.979153;1;3;1
1112.53;928.06;0.675252;6.39002;-0.00878488;-0.00104655;-0.00275408;-0.000166466;-0.00966497;0.98822;-0.00223964;0.000855158;1.00128;0.0287112;0.979783;1;3;1
1135.53;928.06;0.444553;6.38282;-0.00538694;-0.00180654;-0.00098713;-0.00155242;-0.00564106;0.991577;-0.0198549;-0.00173946;0.997598;0.0281296;0.975706;1;3;1
1158.53;928.06;0.426695;6.47923;-0.00558116;-0.00468225;0.00121184;-0.0038392;-0.00642421;0.992301;-0.00267031;-0.00486656;0.988979;0.0277531;0.981221;1;3;1
1181.53;928.06;0.186894;6.51986;-0.00612036;-0.00400115;-0.00177205;-0.00299607;-0.00712543;0.995721;0.00139448;0.000410576;0.99208;0.027982;0.979581;1;3;1
1204.53;928.06;0.144292;6.48263;-0.00558918;-0.00306553;-9.39336e-06;-0.00306549;-0.00558921;0.994382;-0.00219506;0.00167919;0.989037;0.0239479;0.989316;1;3;1
1227.53;928.06;-0.0709958;6.59703;-0.0087265;-0.00193964;0.000755026;-0.00185666;-0.00880948;0.99523;-0.00476468;-0.000780827;0.999714;0.0275006;0.965446;1;3;1
1250.53;928.06;-0.259237;6.65945;-0.00695628;-0.00181712;-0.00229062;-0.000944362;-0.00782904;0.992251;0.00628931;-0.00389227;1.00219;0.0247839;0.985088;1;3;1
1273.53;928.06;-0.39212;6.56027;-0.00575154;-0.0041136;-0.00223409;-0.0025531;-0.00731204;0.9951;0.000453307;0.0090662;1.00136;0.0260043;0.989539;1;3;1
31.5305;905.06;5.14396;4.04918;-0.00544021;-0.00227118;0.000991833;-0.00198636;-0.00572503;0.997291;-0.0101862;0.000732529;0.997899;0.0239952;0.987528;1;3;1
54.5305;905.06;5.01849;4.06438;-0.00540646;-0.00249098;0.000105242;-0.00248719;-0.00541026;0.988703;0.00309777;-0.00588416;0.997427;0.022382;0.988434;1;3;1
77.5306;905.06;4.89436;4.19352;-0.00391637;-0.00011646;0.00121392;0.000238232;-0.00427107;0.994739;0.00347747;-0.00320369;0.99555;0.0247367;0.985899;1;3;1
100.531;905.06;4.83779;4.19537;-0.00297074;-0.0016668;0.000213488;-0.00163274;-0.0030048;0.999678;0.00232535;-0.00150737;0.999927;0.0214564;0.987087;1;4;1
123.531;905.06;4.75749;4.23092;-0.00393361;-0.00267091;0.000651317;-0.00239517;-0.00420935;0.994311;0.00172345;-0.00191877;0.994713;0.0244654;0.985761;1;3;1
146.531;905.06;4.65645;4.25308;-0.00350475;-0.00138906;0.00253023;0.000295559;-0.00518937;0.998591;0.00029389;-0.00715682;1.00095;0.0236517;0.989052;1;3;1
169.531;905.06;4.59551;4.43988;-0.00356016;-0.00137464;0.00152879;-0.000588213;-0.00434658;0.988779;0.000861026;0.00523473;0.996289;0.0255255;0.986809;1;3;1
192.531;905.06;4.4919;4.46597;-0.00592907;-0.00203402;0.0012602;-0.00166185;-0.00630124;0.996659;0.00320531;-0.00373465;0.998557;0.0250402;0.984614;1;3;1
215.531;905.06;4.32181;4.55756;-0.00344414;-0.00104577;0.00071763;-0.000847443;-0.00364247;0.995407;0.00388867;-0.00518986;1.00123;0.0224706;0.988828;1;4;1
238.531;905.06;4.33292;4.62589;-0.00130705;-0.0020051;0.00059968;-0.000962221;-0.00234993;0.997497;-0.0028329;0.000527028;0.994832;0.0262137;0.987334;1;3;1
261.531;905.06;4.26152;4.66213;-0.00216061;-0.000462063;-0.00010183;-0.00045598;-0.00216669;0.9985;0.00250468;-0.00320179;0.999205;0.0234257;0.986849;1;3;1
284.531;905.06;4.23334;4.70998;-0.00472346;-0.000987515;0.000812572;-0.000818432;-0.00489254;0.993834;0.00261054;-0.00301498;0.998655;0.0225452;0.985909;1;3;1
307.531;905.06;4.04349;4.80963;-0.00420275;-0.00064252;0.000483207;-0.000578103;-0.00426717;0.995953;0.000683397;-0.000775305;1.00169;0.0237859;0.985357;1;3;1
330.531;905.06;4.03944;4.83386;-0.00223121;-0.00174603;0.000576704;-0.00136297;-0.00261427;0.99414;0.00405317;-0.00197876;0.995971;0.0213708;0.985838;1;3;1
353.531;905.06;3.94064;4.90555;-0.00385927;-0.00126155;0.00124703;-0.000759826;-0.004361;0.99566;0.000891988;-0.00407287;1.00186;0.0204108;0.988608;1;3;1
376.531;905.06;3.86136;4.97194;-0.00252647;-0.000554157;0.00140485;0.000176111;-0.00325674;0.999348;-0.00246024;-0.000934541;1.0003;0.0250992;0.98362;1;3;1
399.531;905.06;3.82413;5.02127;-0.00368778;-0.000860059;0.00113802;-0.000458957;-0.00408888;0.997775;0.000106418;-0.00262829;0.998342;0.0213244;0.989289;1;3;1
422.531;905.06;3.69121;5.10854;-0.00425875;-0.000706995;0.000975834;-0.000456548;-0.0045092;0.989343;0.000928298;-0.00354153;1.00131;0.024405;0.98739;1;4;1
445.531;905.06;3.62769;5.12692;-0.0020086;-0.00177917;-0.00104708;-0.000840538;-0.00294723;1.00087;-0.000405801;0.0030746;1.0025;0.0237838;0.985992;1;3;1
468.531;905.06;3.59871;5.14342;-0.00305424;-0.00123504;0.000709672;-0.000990951;-0.00329833;0.997924;0.00176334;-0.00944997;1.00064;0.0219271;0.988044;1;3;1
491.531;905.06;3.48685;5.23503;-0.00500223;-0.00026126;0.000907377;-9.35306e-05;-0.00516996;0.996012;0.00629143;0.00394909;1.00564;0.021223;0.989696;1;3;1
514.531;905.06;3.36775;5.30126;-0.00305644;-0.00091973;0.00071864;-0.000700519;-0.00327565;0.993799;0.00351696;-0.00672454;1.00089;0.0239284;0.984763;1;3;1
537.531;905.06;3.34584;5.37011;-0.00385441;-0.0010109;0.000142586;-0.00100376;-0.00386154;0.999482;0.00174467;-0.00299513;0.996465;0.0228402;0.983705;1;3;1
560.531;905.06;3.19002;5.3924;-0.00514361;-0.001843;-0.000141934;-0.00183691;-0.0051497;0.996014;-8.56824e-05;-0.00106303;0.996091;0.0207085;0.987731;1;3;1
583.531;905.06;3.10853;5.4633;-0.00327567;-0.00198015;0.00115492;-0.00130374;-0.00395208;0.994555;-0.00150949;-0.00292055;0.994905;0.0195955;0.990717;1;3;1
606.531;905.06;3.03896;5.5029;-0.00191424;-0.00051234;-0.000452976;-0.000378713;-0.00204787;0.996946;0.00667602;-0.00308251;0.996564;0.0252268;0.975628;1;4;1
629.531;905.06;3.02029;5.55507;-0.00481901;-0.000155118;0.00164129;0.000364567;-0.0053387;0.994296;-0.0058175;-0.000722408;0.998487;0.0221238;0.986447;1;4;1
652.531;905.06;2.81653;5.64292;-0.00644003;0.00109622;0.000403292;0.00111774;-0.00646155;0.99976;0.00359738;-0.00396956;1.00415;0.0216528;0.987669;1;3;1
675.531;905.06;2.7228;5.71751;-0.00279397;-0.000742492;-0.000350417;-0.000684288;-0.00285218;0.993639;0.00343896;-0.000196725;1.00026;0.0224724;0.985521;1;4;1
698.531;905.06;2.68766;5.76854;-0.00532621;-0.00355059;-0.000935624;-0.00314859;-0.0057282;0.993915;0.00252527;-0.00199198;0.997211;0.0252299;0.978975;1;3;1
721.531;905.06;2.47709;5.78645;-0.00488328;-0.00130876;-0.00140383;-0.00082335;-0.00536869;0.993411;0.00665462;-0.00165862;0.997245;0.0230433;0.982123;1;4;1
744.531;905.06;2.46241;5.84563;-0.00432964;-0.0017409;-0.00121387;-0.00126076;-0.00480978;0.99706;0.00637266;0.00376634;1.00148;0.0216031;0.987558;1;3;1
767.531;905.06;2.27741;5.87534;-0.00689411;-0.00477187;0.000416836;-0.00469294;-0.00697305;0.997202;0.0120382;-0.0101094;0.993667;0.0292241;0.978368;1;4;1
790.531;905.06;2.14395;5.98938;-0.0036531;-0.00184862;0.000748248;-0.00157872;-0.003923;0.999203;0.00260127;0.00151723;0.99884;0.0260553;0.979559;1;4;1
813.531;905.06;2.10893;5.98236;-0.00252036;-0.00306672;-0.000567445;-0.00216376;-0.00342332;0.990729;0.00364851;-0.00367768;0.992993;0.0291271;0.967;1;4;1
836.531;905.06;2.02778;6.07831;-0.00370916;-0.00163283;0.000421047;-0.0015507;-0.00379129;1.00001;0.00341716;-0.00636449;0.999168;0.0299924;0.965631;1;4;1
859.531;905.06;1.93767;6.15593;-0.00468915;-0.00132823;-0.00120173;-0.000942753;-0.00507463;0.994364;0.00146182;-0.00133418;0.99939;0.0271032;0.970274;1;3;1
882.531;905.06;1.81157;6.07827;-0.00545417;-0.00155746;-0.00140836;-0.00110174;-0.00590989;0.996891;0.00487998;-0.00330473;0.999293;0.0236948;0.984233;1;4;1
905.531;905.06;1.68609;6.15999;-0.00390738;-0.00369376;-0.00110135;-0.00269406;-0.00490709;0.991755;0.00292203;-0.00276795;0.998296;0.0208357;0.984934;1;3;1
928.531;905.06;1.63139;6.1723;-0.00224326;-0.00350545;-0.000344826;-0.0021552;-0.00359351;1.00361;0.00667374;-0.00206969;0.992772;0.0250007;0.978636;1;4;1
951.531;905.06;1.58247;6.329;-0.00393381;-0.00130552;-3.80783e-05;-0.00130497;-0.00393436;0.994405;0.00479374;-0.000833335;0.999393;0.0227766;0.985954;1;3;1
974.531;905.06;1.44995;6.27822;-0.00650414;-0.0037679;-0.00153195;-0.00308209;-0.00718995;0.996459;0.00195025;-0.00079473;0.994391;0.0231451;0.986492;1;3;1
997.531;905.06;1.28229;6.30833;-0.00706493;-0.00181996;-0.000372366;-0.00179366;-0.00709124;0.987592;0.00847745;-0.000848981;1.00155;0.0257655;0.983318;1;4;1
1020.53;905.06;1.12356;6.42854;-0.00416566;-0.00138551;0.000124096;-0.00137999;-0.00417119;1.00439;0.00582471;0.00234133;1.00534;0.0237176;0.98081;1;3;1
1043.53;905.06;1.09022;6.37919;-0.00412842;-0.00471747;-0.000485129;-0.00385541;-0.00499048;0.992616;0.00549254;-0.00509185;1.00198;0.0222256;0.985484;1;3;1
1066.53;905.06;0.933258;6.43715;-0.00429427;-0.00260324;-0.0010339;-0.00211314;-0.00478436;0.99926;0.00865286;0.000671251;1.00378;0.0226688;0.984024;1;3;1
1089.53;905.06;0.892234;6.42386;-0.00481836;-0.000763988;-0.000951665;-0.000551721;-0.00503063;0.992204;-0.003334;-0.00206604;0.996497;0.0235958;0.984289;1;3;1
1112.53;905.06;0.711076;6.4488;-0.00629548;-0.00384567;0.000535263;-0.00373383;-0.00640732;0.990772;0.00544012;-0.000212754;0.99666;0.0260703;0.974051;1;3;1
1135.53;905.06;0.601601;6.53023;-0.00763062;-0.00452415;0.00118027;-0.00412659;-0.00802817;0.997773;0.00443181;-0.00102431;0.998556;0.0287389;0.977776;1;3;1
1158.53;905.06;0.358187;6.66879;-0.0077994;-0.00400742;0.00217133;-0.0030208;-0.00878603;0.991649;0.00231279;-0.000904224;0.99988;0.028662;0.975016;1;3;1
1181.53;905.06;0.241152;6.68604;-0.00563484;-0.00580747;-0.00170244;-0.00401652;-0.00742578;0.995569;0.00926567;6.17533e-05;0.989778;0.023845;0.982018;1;3;1
1204.53;905.06;0.0982426;6.64241;-0.00541919;-0.00594808;-5.41299e-05;-0.00541371;-0.00595356;0.992165;0.0006122;0.000499918;0.997972;0.0247566;0.978882;1;3;1
1227.53;905.06;-0.00880984;6.68415;-0.00481617;-0.00410092;-0.000898529;-0.00349146;-0.00542563;1.00278;0.00362271;-0.00182642;0.994933;0.025271;0.984335;1;3;1
1250.53;905.06;-0.123851;6.67703;-0.00690986;-0.00311587;-0.0016114;-0.00252385;-0.00750188;0.985876;0.00566841;-0.00151053;0.995725;0.0237933;0.98936;1;3;1
1273.53;905.06;-0.327822;6.75365;-0.00882345;-0.00428466;-5.09352e-05;-0.00428409;-0.00882402;0.990871;0.00475409;-0.00329662;1.00004;0.036548;0.983475;1;3;1
31.5305;882.06;5.06367;4.05786;-0.00157908;-0.000580752;0.00282779;0.0017916;-0.00395143;0.998378;-0.00206488;-0.00548988;0.996924;0.0248925;0.98508;1;3;1
54.5305;882.06;5.02712;4.15315;-0.00182725;-0.00227799;0.00146255;-0.000572805;-0.00353243;0.992398;0.00233755;-0.00184647;0.995846;0.024597;0.981614;1;3;1
77.5306;882.06;4.97941;4.16331;-0.00342141;-0.000691764;0.00155128;9.61915e-06;-0.00412279;1.00013;-0.00612665;1.54943e-05;1.00259;0.0250454;0.987465;1;4;1
100.531;882.06;4.86937;4.24649;-0.00532082;-0.00258664;0.00150875;-0.00191774;-0.00598972;0.994621;0.000317793;-0.00511161;0.995535;0.0255316;0.983575;1;3;1
123.531;882.06;4.73374;4.31782;-0.00346897;-0.00247401;0.00184938;-0.00105636;-0.00488661;0.989978;-0.00379725;-0.00235615;1.00123;0.0244063;0.98621;1;3;1
146.531;882.06;4.70928;4.39548;-0.00315566;-0.00385401;0.000624434;-0.0027894;-0.00422026;0.998117;-0.00164826;-0.00371201;1.00325;0.0224805;0.986894;1;3;1
169.531;882.06;4.58814;4.45637;-0.00459426;0.000170545;0.000126151;0.000173883;-0.0045976;0.997827;0.00213431;0.000139698;1.00393;0.0213775;0.991308;1;3;1
192.531;882.06;4.49738;4.47836;-0.00333968;-0.000727456;0.000141997;-0.00071976;-0.00334738;0.993832;-0.00172136;-0.00282521;1.0001;0.0250011;0.979149;1;3;1
215.531;882.06;4.43419;4.53564;-0.00279164;-0.000986673;0.000496869;-0.000858935;-0.00291937;0.998833;0.000826916;-0.00656535;0.996129;0.0212163;0.989127;1;3;1
238.531;882.06;4.36845;4.65406;-0.00191829;-0.00101789;0.000781214;-0.000566442;-0.00236974;0.994682;0.00112052;-2.88933e-05;0.99921;0.023942;0.986354;1;3;1
261.531;882.06;4.34568;4.6652;-0.00272188;-0.00111577;0.000187848;-0.00109409;-0.00274356;0.994498;0.00278291;0.000114939;0.9974;0.0252653;0.982195;1;4;1
284.531;882.06;4.24297;4.7516;-0.00439104;-0.0017058;0.00119471;-0.00125121;-0.00484563;0.997311;0.00458524;-0.00431793;1.00027;0.0192156;0.989857;1;3;1
307.531;882.06;4.14298;4.82297;-0.00266303;-0.000419488;-9.20838e-05;-0.000415715;-0.0026668;1.0012;0.00934382;-0.0024772;0.997684;0.0260405;0.985937;1;3;1
330.531;882.06;4.12012;4.88327;-0.00298132;-0.00201569;0.00113389;-0.0012661;-0.00373091;0.99657;-0.00262364;-0.00179621;0.996956;0.0232857;0.986107;1;4;1
353.531;882.06;4.00541;4.9639;-0.00505044;-0.00171738;0.000287306;-0.0016928;-0.00507502;0.997004;0.00322056;-0.00543872;0.994788;0.0217915;0.990215;1;3;1
376.531;882.06;3.88709;4.98528;-0.00375359;0.00014282;-6.01164e-05;0.000143748;-0.00375451;0.999068;0.00664588;0.000650496;0.996389;0.0242849;0.983446;1;3;1
399.531;882.06;3.83238;5.02719;-0.00360836;-0.000135847;0.000793688;3.6961e-05;-0.00378117;0.992451;-0.00215624;-0.00247972;1.00175;0.0256447;0.98092;1;3;1
422.531;882.06;3.72078;5.03734;-0.0024853;-0.00121875;0.00106493;-0.000613032;-0.00309102;1.00371;-0.00350946;-0.00510794;0.998496;0.0251937;0.978722;1;3;1
445.531;882.06;3.71766;5.18048;-0.00199062;-0.00187077;0.00123229;-0.000696946;-0.00316444;0.993311;0.00243372;-0.00332698;0.996312;0.0224996;0.989827;1;3;1
468.531;882.06;3.62871;5.23088;-0.00445718;-0.00283015;0.00111991;-0.00225947;-0.00502786;0.999037;-0.00273068;-0.00595973;0.995983;0.0230286;0.988139;1;4;1
491.531;882.06;3.51207;5.27809;-0.00480556;-0.00118938;0.00138854;-0.000717722;-0.00527722;0.993003;-0.00195768;0.000303006;0.996172;0.0241572;0.982583;1;3;1
514.531;882.06;3.40699;5.34061;-0.00477958;-0.00137156;0.00110085;-0.00104689;-0.00510424;0.990494;-0.0005189;-0.00301223;0.996219;0.0213021;0.985611;1;3;1
537.531;882.06;3.2915;5.40382;-0.00287649;-0.00197477;0.0014149;-0.000940628;-0.00391063;1.00223;-4.35041e-05;-0.00309686;1.00266;0.0187197;0.989063;1;3;1
560.531;882.06;3.27436;5.44576;-0.00359399;-0.00222488;-0.000223349;-0.00218936;-0.0036295;0.99682;0.00543963;-0.00139562;0.998625;0.0209771;0.989048;1;3;1
583.531;882.06;3.12576;5.50983;-0.00354325;-0.000880643;6.57996e-05;-0.000879018;-0.00354487;0.989646;0.00415924;-0.000222217;0.997928;0.0209242;0.985661;1;3;1
606.531;882.06;3.11102;5.51974;-0.00414133;-0.00131713;5.37255e-05;-0.00131611;-0.00414235;1.00056;0.00106972;-0.00156726;0.999788;0.0233316;0.984351;1;4;1
629.531;882.06;2.93484;5.54972;-0.00408266;-0.00129499;0.0011823;-0.00086109;-0.00451656;0.987736;0.00169783;-0.00277464;1.00031;0.0209462;0.989972;1;4;1
652.531;882.06;2.92274;5.61164;-0.00353053;-0.0016148;0.000813574;-0.00131592;-0.00382941;0.998801;-0.00434097;-0.00219455;0.995797;0.0234858;0.986498;1;4;1
675.531;882.06;2.77181;5.72655;-0.00487131;-0.00139937;0.00185412;-0.000595391;-0.00567528;0.99121;0.00026666;-0.00902165;0.998154;0.0244949;0.983301;1;4;1
698.531;882.06;2.6974;5.86655;-0.00282327;-0.00223953;0.000683547;-0.00178815;-0.00327466;1.00014;0.00166256;0.00339051;0.996334;0.0231497;0.981565;1;3;1
721.531;882.06;2.64165;5.82654;-0.00254661;-0.00207778;-0.00110571;-0.00118191;-0.00344248;0.993899;0.00527057;-0.00639416;1.00023;0.023967;0.979658;1;3;1
744.531;882.06;2.5801;5.89022;-0.00423772;-0.00222793;0.00144846;-0.00146991;-0.00499574;1.00003;0.0014423;0.00300218;1.00041;0.0258142;0.974831;1;4;1
767.531;882.06;2.44589;6.02049;-0.00760162;-0.00352046;8.93311e-05;-0.0035185;-0.00760357;0.989374;-0.0096978;-0.00308002;0.997858;0.0280668;0.966362;1;4;1
790.531;882.06;2.22887;6.03168;-0.00593977;-0.000595213;-0.00212415;0.000146169;-0.00668115;0.989752;0.00582266;-0.000277345;0.998633;0.0273065;0.978165;1;4;1
813.531;882.06;2.17184;6.02648;-0.00266708;-0.00109737;-0.000980471;-0.000626308;-0.00313814;1.00254;0.00518787;-0.00110736;0.99945;0.0233815;0.98351;1;4;1
836.531;882.06;2.106;6.07073;-0.00357556;-0.00183982;-2.44276e-05;-0.00183947;-0.0035759;0.993754;0.000157382;-0.00149056;0.994722;0.0236257;0.980802;1;3;1
859.531;882.06;2.00697;6.12423;-0.00474519;-0.0016264;-0.000586406;-0.00151978;-0.00485181;0.995133;-5.3779e-05;-0.000322073;0.994319;0.0280231;0.958266;1;3;1
882.531;882.06;1.88712;6.15683;-0.00416028;-0.00302779;-0.00057551;-0.00278667;-0.00440141;0.998869;0.00585861;-0.00248869;0.996647;0.0236371;0.975732;1;3;1
905.531;882.06;1.81507;6.22947;-0.00388692;-0.00201514;-0.000929357;-0.00163209;-0.00426997;0.995824;0.00828178;-0.00518968;0.999188;0.0229357;0.979934;1;3;1
928.531;882.06;1.70778;6.29185;-0.0051771;-0.00328856;-0.000632847;-0.0030961;-0.00536955;0.993648;0.00472663;-0.00131943;0.997741;0.0284631;0.969635;1;3;1
951.531;882.06;1.57624;6.30774;-0.00539618;-0.000466972;0.000741436;-0.000357862;-0.00550529;0.988153;0.000545544;-0.00311251;0.997219;0.027162;0.971025;1;3;1
974.531;882.06;1.45882;6.36301;-0.00377439;-0.00336264;0.000232484;-0.00325798;-0.00387906;0.998924;0.00146401;0.0013162;0.99661;0.0235705;0.983203;1;3;1
997.531;882.06;1.40223;6.37847;-0.00656225;-0.00337054;-4.18284e-05;-0.00336999;-0.0065628;0.991753;-0.00193664;-0.00295512;0.996121;0.021261;0.987479;1;3;1
1020.53;882.06;1.15589;6.44235;-0.00762759;-0.00212129;0.000278612;-0.00210723;-0.00764165;0.991856;-0.00350239;-0.00361382;0.99472;0.025248;0.977385;1;3;1
1043.53;882.06;1.04973;6.53912;-0.0036236;-0.00356545;-0.000338989;-0.00325429;-0.00393476;0.996726;-0.00526576;0.000912664;0.990095;0.0228019;0.98029;1;3;1
1066.53;882.06;0.988831;6.52501;-0.00216132;-0.00230885;-0.00170412;-0.000529374;-0.0039408;0.99869;-0.00394727;-1.40841e-05;0.996429;0.0206463;0.98868;1;3;1
1089.53;882.06;0.950171;6.48292;-0.00556018;-0.00188317;-2.79655e-05;-0.00188296;-0.00556039;0.998061;0.00420336;0.00331203;1.00136;0.0240348;0.981407;1;3;1
1112.53;882.06;0.732328;6.5673;-0.00853336;-0.00444487;0.000320748;-0.00441986;-0.00855837;0.986472;-7.64682e-06;-0.00998353;0.998302;0.0259327;0.983224;1;3;1
1135.53;882.06;0.555818;6.59154;-0.00758958;-0.000949804;0.00150612;-0.000624137;-0.00791524;0.994416;0.00573519;0.000845853;1.00057;0.0276664;0.984073;1;3;1
1158.53;882.06;0.38177;6.66396;-0.00514685;-0.00214525;0.00220194;-0.000981297;-0.0063108;0.995411;0.000141109;-0.00489326;1.00287;0.0224512;0.982919;1;4;1
1181.53;882.06;0.318029;6.78797;-0.00507983;4.04551e-06;-0.000843856;0.000140454;-0.00521624;0.992368;0.00281068;0.00533388;1.00677;0.0256008;0.974673;1;3;1
1204.53;882.06;0.147407;6.75706;-0.00588073;-0.00275692;-0.00162528;-0.0020647;-0.00657295;1.00177;-0.00175053;-0.00375619;0.99142;0.0245202;0.978981;1;3;1
1227.53;882.06;0.0467152;6.78622;-0.00406915;-0.00307553;-0.00112273;-0.00234461;-0.00480008;0.988641;-0.00211851;-0.00322294;0.998717;0.0236859;0.983896;1;3;1
1250.53;882.06;-0.0401804;6.80353;-0.00607136;-0.00532241;-0.000907622;-0.00471505;-0.00667873;0.997211;0.000116652;0.00183993;0.994583;0.024127;0.979737;1;3;1
1273.53;882.06;-0.233429;6.75807;-0.00836487;-0.00359053;-0.00180248;-0.00298646;-0.00896894;0.984571;-0.000948019;0.00225697;0.995072;0.0269605;0.985493;1;4;1
31.5305;859.06;5.07415;4.07596;-0.00368346;-0.00203158;0.000852164;-0.00167078;-0.00404426;1.00559;-0.00108594;-0.00819566;0.997174;0.0253257;0.989856;1;4;1
54.5305;859.06;4.98909;4.1693;-0.00496919;-0.00131762;0.00134863;-0.000873542;-0.00541327;0.992578;-0.00345786;-0.0038132;0.996386;0.0287644;0.979545;1;4;1
77.5306;859.06;4.84476;4.22538;-0.00294516;-0.00167541;0.000767868;-0.00131395;-0.00330662;1.00333;-0.00139144;0.00163875;1.00049;0.0251425;0.982684;1;3;1
100.531;859.06;4.85318;4.31451;-0.00236068;-0.000626872;0.00164471;0.000365412;-0.00335296;0.994535;-0.00238752;-0.0026494;0.996675;0.0223003;0.988131;1;3;1
123.531;859.06;4.73588;4.34487;-0.00251319;-0.00185466;0.000244263;-0.00177395;-0.0025939;0.993837;0.00421051;-0.00194542;0.995033;0.0278541;0.981428;1;3;1
146.531;859.06;4.73728;4.43078;-0.00149158;-0.00102433;0.00114503;-8.93328e-05;-0.00242657;0.997265;0.00497178;-0.00355058;0.992619;0.0266341;0.97854;1;3;1
169.531;859.06;4.66713;4.43209;-0.00388282;0.000324769;0.000304746;0.000346726;-0.00390478;1.00192;0.00184163;-0.00190214;0.99731;0.0221519;0.989557;1;3;1
192.531;859.06;4.55827;4.49949;-0.00465933;-0.000913598;0.00170104;-0.000256409;-0.00531652;0.993828;-0.00282661;-0.00301902;0.999151;0.0223326;0.988716;1;3;1
215.531;859.06;4.45198;4.60315;-0.00363164;-0.00280383;0.00103864;-0.00209966;-0.00433581;0.992928;-0.000813263;-0.00597799;0.999684;0.0220993;0.988934;1;3;1
238.531;859.06;4.39058;4.67277;-0.00238754;-0.00176822;0.000525957;-0.00146754;-0.00268823;0.998349;0.00205674;0.000622123;0.999824;0.0221631;0.987108;1;3;1
261.531;859.06;4.34189;4.71356;-0.00237319;-0.00257624;0.00205279;-0.000419416;-0.00453002;1.00172;-0.000201319;-0.00532086;0.996421;0.0223345;0.986152;1;3;1
284.531;859.06;4.28114;4.78854;-0.00342446;-0.00139313;0.000891594;-0.00105731;-0.00376028;0.989184;-0.0028242;-0.0035806;0.997932;0.0216631;0.985474;1;3;1
307.531;859.06;4.18395;4.82914;-0.00444755;-0.00120654;0.001532;-0.000597009;-0.00505708;1.00255;-0.000428572;-0.00268326;1.00289;0.0259871;0.984661;1;4;1
330.531;859.06;4.07589;4.92669;-0.00362935;-0.00104245;0.00238219;0.000374789;-0.00504659;0.995893;0.00082103;-1.51165e-05;1.00022;0.025279;0.986935;1;3;1
353.531;859.06;4.01643;4.98468;-0.00315645;0.000315447;-0.000371784;0.000354813;-0.00319582;0.99794;-0.00087989;0.00194881;0.998378;0.0254893;0.980884;1;3;1
376.531;859.06;3.93044;4.96542;-0.00462671;-0.00153179;-0.000392365;-0.00148282;-0.00467568;0.996454;-0.00480566;-0.00120038;0.99866;0.021163;0.988108;1;3;1
399.531;859.06;3.80309;5.02752;-0.00398192;-0.000536665;0.00221962;0.000550365;-0.00506895;0.994747;-0.00594836;-0.00649067;0.99451;0.0228386;0.985652;1;3;1
422.531;859.06;3.74648;5.16467;-0.00206444;-0.00400415;0.00118086;-0.00150621;-0.00456238;1.00269;0.00384615;-0.00478816;0.991859;0.0227516;0.988769;1;4;1
445.531;859.06;3.70765;5.21312;-0.00332825;-0.00161702;0.00127451;-0.000937557;-0.00400771;0.994164;0.000240658;-0.00384549;0.997012;0.0233677;0.984535;1;3;1
468.531;859.06;3.59299;5.2738;-0.00518161;-0.000857963;0.00101646;-0.000630923;-0.00540865;0.991527;-0.00469569;0.000635311;0.999393;0.0196838;0.987582;1;3;1
491.531;859.06;3.46861;5.28978;-0.00435478;-0.00191015;0.000614603;-0.00176433;-0.00450059;0.998396;0.00225414;-0.00371252;0.999185;0.0203215;0.98836;1;3;1
514.531;859.06;3.39214;5.36441;-0.00320682;-0.000731308;0.000804289;-0.000492948;-0.00344518;0.996349;0.00125705;-0.00103727;0.998522;0.0193754;0.987187;1;2;1
537.531;859.06;3.32054;5.46105;-0.00163254;-0.00284546;0.000314729;-0.00155574;-0.00292227;1.00074;0.00317732;-0.00730542;0.99126;0.0261429;0.972618;1;4;1
560.531;859.06;3.3168;5.49503;-0.00312335;-0.00308116;0.000117528;-0.00298285;-0.00322166;0.99687;-0.000974162;0.00118879;0.995042;0.0229731;0.98359;1;4;1
583.531;859.06;3.17662;5.50388;-0.00526334;-0.00103214;0.00013999;-0.00102751;-0.00526796;0.99098;0.00018088;-0.000246584;0.998302;0.0247563;0.984303;1;3;1
606.531;859.06;3.074;5.56354;-0.00375913;-0.00275156;0.000819492;-0.00229339;-0.0042173;0.998317;0.000516108;-0.00358716;1;0.0210584;0.985284;1;3;1
629.531;859.06;3.00324;5.61468;-0.00336728;-0.00266928;0.000668665;-0.00226402;-0.00377254;0.997074;0.00234051;-0.00324124;0.995973;0.0192436;0.990363;1;3;1
652.531;859.06;2.91858;5.71738;-0.00424641;-0.00236261;0.0010957;-0.00185961;-0.00474941;0.989016;0.00527816;-0.00551899;0.998991;0.0212442;0.986052;1;3;1
675.531;859.06;2.80719;5.782;-0.00420151;-0.000939096;0.000918248;-0.000698402;-0.00444221;0.998962;0.00500998;0.00153862;1.00081;0.0225655;0.981402;1;3;1
698.531;859.06;2.72464;5.87169;-0.00443169;7.35956e-05;0.000675898;0.000172811;-0.00453091;0.996738;0.00202443;-0.00403957;1.00481;0.0213305;0.982074;1;3;1
721.531;859.06;2.60276;5.8823;-0.0043741;-0.00175684;0.000922407;-0.00146442;-0.00466651;0.992235;-0.00188904;-0.00179085;0.995896;0.021;0.986119;1;3;1
744.531;859.06;2.52293;5.94827;-0.00415085;-0.000622757;0.00182391;0.000150617;-0.00492422;0.996209;-0.0045766;-0.00460298;0.996689;0.0278608;0.969355;1;4;1
767.531;859.06;2.41116;6.03776;-0.00382554;0.00192801;-0.000911151;0.00206885;-0.00396639;1.00534;0.0116946;-0.00328143;1.00199;0.0276847;0.977623;1;4;1
790.531;859.06;2.34656;6.01722;-0.00374673;-0.000917517;-0.00225197;0.000327295;-0.00499154;0.993453;0.00177784;0.00321722;0.994215;0.032044;0.965737;1;3;1
813.531;859.06;2.23849;6.03305;-0.00473606;-0.00204342;0.000743598;-0.00185172;-0.00492777;0.993735;0.00273291;-0.0112007;0.997853;0.0240078;0.981976;1;4;1
836.531;859.06;2.12795;6.16312;-0.00346821;-0.00231929;0.00090878;-0.00181863;-0.00396887;0.999172;0.00551208;-0.00198561;0.994148;0.0219672;0.986835;1;3;1
859.531;859.06;2.07825;6.23102;-0.0034248;-0.00247136;-0.000406422;-0.00232163;-0.00357453;0.991335;0.00411723;0.00211696;0.99579;0.0272476;0.973496;1;4;1
882.531;859.06;1.97011;6.21804;-0.00371156;-0.00296779;-0.00109763;-0.00218075;-0.00449859;0.999251;0.00076878;-0.00438973;0.997759;0.0258196;0.973585;1;3;1
905.531;859.06;1.90719;6.25332;-0.00437429;-0.00143513;-0.000757277;-0.00125149;-0.00455793;0.998507;0.00193261;0.00181295;0.999494;0.0215266;0.981354;1;3;1
928.531;859.06;1.76833;6.32403;-0.00696863;-0.00162051;-0.000305109;-0.00160316;-0.00698598;0.990328;0.00490459;-0.00821938;1.00355;0.0251867;0.978719;1;3;1
951.531;859.06;1.58541;6.35049;-0.0058299;-0.00171845;0.000399254;-0.00168003;-0.00586832;0.993122;0.00482111;-0.00736352;1.00227;0.0225529;0.98299;1;3;1
974.531;859.06;1.49924;6.43319;-0.00476049;-0.00171991;0.000285141;-0.00169341;-0.004787;0.99426;0.00726025;0.00362374;1.00139;0.0215911;0.983042;1;3;1
997.531;859.06;1.36576;6.46372;-0.00520079;-0.00358185;7.40452e-06;-0.00358182;-0.00520082;0.997296;0.00334871;-0.00121361;0.995487;0.0242728;0.979118;1;3;1
1020.53;859.06;1.25928;6.52642;-0.00350486;-0.00306543;-0.00177316;-0.00149842;-0.00507186;0.99342;0.00358943;-0.00528281;0.997383;0.0233306;0.97968;1;3;1
1043.53;859.06;1.20418;6.54364;-0.0048813;-0.00167745;-0.0023574;-0.000429205;-0.00612955;0.994544;0.00955502;0.00197475;0.999119;0.0229965;0.985319;1;3;1
1066.53;859.06;1.03419;6.54359;-0.00578548;-0.000114567;-0.00164388;0.0003275;-0.00622754;0.996258;0.00517427;0.00132176;1.001;0.0235744;0.9825;1;3;1
1089.53;859.06;0.937265;6.51059;-0.00528305;-0.00344415;0.00160678;-0.00251235;-0.00621485;0.987504;-0.00641995;-0.00519187;1.00357;0.02606;0.980034;1;3;1
1112.53;859.06;0.790387;6.65379;-0.00818219;-0.00308164;-0.000448773;-0.00304246;-0.00822138;0.995713;0.00472141;-0.00325594;0.997391;0.0297356;0.968344;1;3;1
1135.53;859.06;0.559287;6.57396;-0.0094908;-0.00204626;0.000181107;-0.00204186;-0.0094952;0.988866;-0.0107206;0.00188383;1.00026;0.0334134;0.967972;1;4;1
1158.53;859.06;0.351576;6.76758;-0.00317742;-0.00306608;-0.000174721;-0.00293838;-0.00330513;0.995274;0.0119429;-0.00744486;0.99471;0.036065;0.954344;1;3;1
1181.53;859.06;0.412756;6.68618;-0.00227298;-0.000197334;-0.000804296;7.78422e-05;-0.00254816;0.987375;-0.00210756;-0.00305067;0.994213;0.0281543;0.975787;1;4;1
1204.53;859.06;0.2469;6.76964;-0.00587648;0.000173071;0.000472608;0.00020977;-0.00591318;1.00195;0.00569825;0.00342076;1.00157;0.0314731;0.959944;1;3;1
1227.53;859.06;0.141425;6.82609;-0.00681688;0.000805512;5.80387e-05;0.000805954;-0.00681732;0.992661;0.0078426;-0.00763446;0.999773;0.0302868;0.972451;1;3;1
1250.53;859.06;-0.0680087;6.92255;-0.00851312;-0.00267024;0.000730092;-0.0025804;-0.00860296;0.994186;0.00372699;-0.00225791;0.999754;0.0328329;0.965508;1;3;1
1273.53;859.06;-0.251955;6.91918;-0.00796568;-0.0027677;-0.00223386;-0.00193961;-0.00879377;0.978683;0.00348912;-0.0123914;0.994312;0.0389379;0.972747;1;4;1
31.5305;836.06;5.17197;4.15154;-0.00518157;-0.00129558;0.000753066;-0.00115474;-0.0053224;0.975476;0.00814553;0.00012352;0.993485;0.0274915;0.983203;1;4;1
54.5305;836.06;5.0524;4.2138;-0.00256033;0.00119192;0.000393067;0.00123266;-0.00260106;1.00244;0.00205251;-0.000431566;1.00385;0.02715;0.985664;1;4;1
77.5306;836.06;5.05396;4.2405;-0.00466205;-0.000248565;-0.00128313;9.73653e-05;-0.00500798;0.999779;0.010888;-0.00112671;0.998568;0.0257655;0.987219;1;3;1
100.531;836.06;4.8374;4.27535;-0.00490323;-0.000600066;0.000912627;-0.000414515;-0.00508878;0.997373;0.00347516;-0.00748785;1.00293;0.0264122;0.98097;1;4;1
123.531;836.06;4.82756;4.40331;-0.00317007;-0.00236246;0.0010635;-0.00162869;-0.00390385;0.995148;-0.00215604;-0.0015925;0.999058;0.0283551;0.9814;1;3;1
146.531;836.06;4.69104;4.44262;-0.00430705;-0.00088909;0.000946566;-0.000644458;-0.00455168;0.997161;-0.00527984;-0.0031652;0.999647;0.0213562;0.988437;1;3;1
169.531;836.06;4.62899;4.44145;-0.00388635;-0.00139765;0.000891025;-0.00111153;-0.00417247;0.991847;-0.000884818;0.00287895;0.9971;0.0226241;0.987355;1;4;1
192.531;836.06;4.51185;4.52041;-0.0025346;-0.000972482;0.00197193;0.000367443;-0.00387453;0.999187;0.00198068;-0.00584836;0.9982;0.0227431;0.988514;1;3;1
215.531;836.06;4.51171;4.66486;-0.00175781;-0.00130913;0.00132419;-0.000190412;-0.00287652;0.998082;0.00360289;-0.00797045;0.99953;0.0269687;0.983416;1;3;1
238.531;836.06;4.43042;4.73551;-0.00519159;-0.000616044;0.00134565;-0.000249635;-0.005558;0.991932;0.000885866;-0.000335364;0.998455;0.0210704;0.992518;1;3;1
261.531;836.06;4.27212;4.78392;-0.00333941;-0.00162266;0.00148793;-0.000763265;-0.0041988;1.0029;-0.00266153;-0.00570911;1.0039;0.0227425;0.990303;1;3;1
284.531;836.06;4.27648;4.81574;-0.00286582;-0.00102014;0.000787117;-0.000730053;-0.00315591;0.998234;-0.000988373;0.00508091;0.996479;0.0234254;0.989297;1;3;1
307.531;836.06;4.14;4.8785;-0.00477638;-0.000986411;0.000774667;-0.000834184;-0.00492861;0.988856;-0.00150287;-0.00799001;0.994473;0.024816;0.98706;1;3;1
330.531;836.06;4.05609;4.93129;-0.00133289;0.000483998;0.000114293;0.00049116;-0.00134005;0.997806;-0.00370068;0.00557077;1.00087;0.0227984;0.988108;1;3;1
353.531;836.06;4.0786;4.94945;-0.00194567;-0.000555919;0.000553081;-0.000362679;-0.00213891;0.995926;0.00347839;-0.00552982;1.00311;0.0256627;0.98257;1;3;1
376.531;836.06;3.96634;5.05587;-0.00544554;-0.00187567;0.00082472;-0.00169435;-0.00562686;0.99665;0.009699;-0.00223258;0.99967;0.0256079;0.975228;1;3;1
399.531;836.06;3.8273;5.05188;-0.00366458;-0.00192085;4.59616e-05;-0.00191964;-0.00366579;0.995984;0.0113284;-0.000481579;0.997338;0.0213624;0.988083;1;3;1
422.531;836.06;3.79715;5.22197;-0.00255177;-0.000241126;0.00164563;0.00061424;-0.00340713;1.00231;-0.00165304;-0.00668779;1.00486;0.0222362;0.9859;1;4;1
445.531;836.06;3.70932;5.25492;-0.00402291;-0.000565679;0.000501932;-0.000494281;-0.0040943;0.992412;-0.000510376;-0.00249272;1.00281;0.0211071;0.990096;1;3;1
468.531;836.06;3.6117;5.27037;-0.0035389;-0.000637199;0.000394513;-0.000584518;-0.00359158;1.00179;0.00453795;-0.00181101;0.999909;0.0227739;0.981206;1;3;1
491.531;836.06;3.54611;5.36606;-0.00232636;-0.0028147;0.000381244;-0.0021178;-0.00302326;0.994247;-0.0010543;-0.00542608;0.993555;0.0216785;0.984867;1;3;1
514.531;836.06;3.50445;5.37436;-0.00331678;-0.00218069;0.00104526;-0.00155909;-0.00393837;0.993875;0.00417586;-0.000612275;0.999541;0.0223256;0.990357;1;3;1
537.531;836.06;3.39297;5.53501;-0.00428654;0.00186383;0.00122181;0.00209766;-0.00452037;0.995398;0.00113011;-0.0104657;1.00395;0.0272498;0.980067;1;4;1
560.531;836.06;3.30634;5.58773;-0.00458401;-0.000151137;-0.000287763;-0.000132535;-0.00460261;1.00079;-0.00658863;0.00191594;1.00113;0.0239261;0.984725;1;4;1
583.531;836.06;3.18161;5.55737;-0.00347321;-0.00260527;-8.14742e-05;-0.00259769;-0.00348079;0.995543;0.00147923;-0.00150268;0.99611;0.0251486;0.979991;1;4;1
606.531;836.06;3.14626;5.6465;-0.00335101;-2.7325e-07;0.000503008;7.36084e-05;-0.0034249;0.997871;0.00499589;-0.00410652;0.998133;0.0233691;0.987429;1;4;1
629.531;836.06;3.02706;5.67277;-0.00340849;-0.000897277;-0.000813927;-0.000656546;-0.00364922;0.995323;0.00571354;0.000482236;1.00091;0.0196156;0.988526;1;3;1
652.531;836.06;2.98914;5.7205;-0.00401723;0.000456778;0.000342212;0.000482802;-0.00404326;0.996611;0.00306631;-0.00347424;1.00167;0.0200697;0.987568;1;4;1
675.531;836.06;2.8418;5.76982;-0.00548963;0.00257573;0.00116706;0.00274121;-0.00565511;0.995873;-0.000203369;-0.00169219;1.00251;0.0248121;0.978036;1;4;1
698.531;836.06;2.7357;5.86318;-0.00452002;0.00195;0.000416105;0.00197665;-0.00454667;0.994024;0.0019412;-0.00109664;0.996407;0.02176;0.985319;1;4;1
721.531;836.06;2.6332;5.90743;-0.00364658;0.000242612;-0.000576943;0.000326394;-0.00373036;0.997186;-0.000531152;-0.00157519;1.00017;0.0231927;0.984344;1;3;1
744.531;836.06;2.56762;5.91888;-0.000734749;-0.000520632;-0.000519567;-9.72084e-05;-0.00115817;1.00338;0.00212461;0.000749685;0.996497;0.0269912;0.970764;1;3;1
767.531;836.06;2.59938;5.93215;-0.00293594;0.000561006;0.000155082;0.00056787;-0.0029428;0.995195;-0.00412608;-0.00738669;1.00075;0.0309363;0.966402;1;3;1
790.531;836.06;2.4321;6.07435;-0.00757068;-0.00129138;0.000752966;-0.00120236;-0.00765971;0.995993;0.00193587;-0.0070473;1.00501;0.0244254;0.979166;1;3;1
813.531;836.06;2.24941;6.12064;-0.00459097;-0.00123814;-5.69906e-05;-0.00123717;-0.00459194;0.992904;0.00283774;0.00142526;1.00201;0.0245724;0.981404;1;3;1
836.531;836.06;2.22031;6.17768;-0.00325138;-2.785e-05;-0.000272376;-4.99721e-06;-0.00327424;0.996308;0.00513165;-0.000733068;1.00419;0.0242559;0.983979;1;3;1
859.531;836.06;2.09945;6.23814;-0.00454125;0.00101846;0.000668195;0.00109764;-0.00462043;0.99834;0.0010813;-0.00403296;1.00026;0.0276882;0.968187;1;3;1
882.531;836.06;2.01079;6.29372;-0.00234636;-0.00130799;-0.000498043;-0.00110773;-0.00254662;0.994052;0.00339311;-0.00555324;0.994662;0.0211002;0.987388;1;3;1
905.531;836.06;1.99136;6.29588;-0.00384024;-0.00197483;0.000294345;-0.00192948;-0.00388558;0.999446;0.00182461;0.0076868;0.997416;0.0271995;0.968323;1;4;1
928.531;836.06;1.83374;6.36662;-0.00741478;-0.00275584;-0.000122632;-0.00275261;-0.00741801;0.996879;0.00170761;-0.00654846;0.988838;0.0219373;0.987056;1;3;1
951.531;836.06;1.64891;6.38692;-0.00623344;-0.00296239;-0.000982979;-0.00268972;-0.0065061;0.990149;0.00116627;0.00169221;0.997179;0.0251533;0.983217;1;3;1
974.531;836.06;1.54604;6.44228;-0.00333595;-0.00048573;0.000136173;-0.000479239;-0.00334244;0.999225;-0.00206257;-0.00589042;0.996284;0.0205281;0.987349;1;3;1
997.531;836.06;1.49493;6.54362;-0.0031747;-0.000595559;-0.000292592;-0.000562783;-0.00320748;0.994816;0.00507255;-0.00379492;1.00292;0.024292;0.979291;1;4;1
1020.53;836.06;1.39955;6.58422;-0.00455421;0.000115462;-0.000552885;0.00018003;-0.00461878;0.991515;0.00466148;0.00150983;1.0013;0.0251519;0.980246;1;3;1
1043.53;836.06;1.2849;6.61695;-0.0063235;-0.00154734;-0.00146031;-0.00113623;-0.0067346;1.00015;0.0033399;0.00230881;1.00109;0.0233338;0.980983;1;3;1
1066.53;836.06;1.10771;6.53043;-0.00807432;-0.000558199;-0.0016085;-0.000228439;-0.00840408;0.991649;0.00948243;-0.00147679;0.993832;0.025534;0.984361;1;4;1
1089.53;836.06;0.911963;6.64164;-0.00584604;-0.00443747;0.00117908;-0.00376835;-0.00651516;0.99447;0.00542378;-0.00139242;0.988037;0.0253028;0.986905;1;3;1
1112.53;836.06;0.837655;6.70939;-0.00559929;-0.00120722;-0.000871091;-0.00104076;-0.00576575;0.995884;-0.0025062;-0.00498584;0.992955;0.0281003;0.972372;1;4;1
1135.53;836.06;0.653649;6.68587;-0.00709267;-0.00201266;-0.00194484;-0.0013536;-0.00775174;0.991283;0.0108918;-0.00242516;0.992874;0.0298631;0.976665;1;4;1
1158.53;836.06;0.510126;6.8054;-0.00562011;4.13631e-05;-0.00178494;0.000557129;-0.00613587;0.99607;-0.00106983;-0.00657708;1.00269;0.0295067;0.963762;1;3;1
1181.53;836.06;0.394258;6.79711;-0.00575849;-0.00186743;-0.00119922;-0.00152753;-0.0060984;0.988624;0.000907751;0.00155387;0.998993;0.0280103;0.961466;1;3;1
1204.53;836.06;0.244434;6.7492;-0.00431266;-0.00125885;-0.00140454;-0.000711103;-0.0048604;0.99929;-0.000515894;0.00173802;0.999842;0.0250098;0.97718;1;3;1
1227.53;836.06;0.195422;6.74942;-0.00560107;-0.00140525;0.00180089;-0.000738301;-0.00626801;0.987556;0.00113438;-0.00628931;0.99369;0.0278153;0.979138;1;3;1
1250.53;836.06;-0.0142844;6.92653;-0.00494953;0.000368631;-0.000777123;0.000479862;-0.00506076;0.990076;-0.0141229;-0.00910499;0.996833;0.0286108;0.973889;1;4;1
1273.53;836.06;-0.0330266;6.886;-0.000812993;-0.000803234;-0.00480816;0.00400005;-0.00561628;0.998468;-0.00220244;0.0143649;1.0084;0.0348384;0.991028;1;4;1
31.5305;813.06;5.12953;4.13563;-0.00379236;-0.000216297;-0.000338095;-0.000184613;-0.00382404;1.00377;-0.00183113;0.000805299;1.00301;0.0283592;0.982667;1;4;1
54.5305;813.06;5.04213;4.11453;-0.00226355;0.00132626;0.000571253;0.00141497;-0.00235227;0.995594;-0.00841937;-0.00371266;0.998445;0.0250666;0.984515;1;4;1
77.5306;813.06;5.02518;4.23717;-0.00237227;0.000353251;0.00376587;0.00299535;-0.00501437;1.0021;-0.00661813;-0.00498337;0.998366;0.0213809;0.994099;1;3;1
100.531;813.06;4.93231;4.34219;-0.00476105;-0.00148998;0.00171838;-0.000753215;-0.00549781;0.995644;-0.00191086;-0.00254738;0.995925;0.024659;0.988796;1;4;1
123.531;813.06;4.80513;4.45373;-0.00529105;-8.45718e-05;0.00133273;0.000236743;-0.00561236;0.98685;0.0029988;-0.00314483;1.00162;0.0268375;0.986277;1;3;1
146.531;813.06;4.68809;4.47173;-0.00308854;-0.00105719;0.000139993;-0.00104758;-0.00309815;1.00023;0.00474305;-0.00424503;1.00262;0.0272877;0.9888;1;3;1
169.531;813.06;4.66282;4.49643;-0.00190869;-0.00223303;0.000225328;-0.00179324;-0.00234848;1.00162;0.00206375;0.00549093;0.996872;0.0249015;0.987511;1;3;1
192.531;813.06;4.60015;4.54427;-0.00254833;-0.000550058;0.000884849;-0.000214567;-0.00288382;0.994014;0.00253902;-0.00658925;0.998347;0.0247048;0.98283;1;3;1
215.531;813.06;4.54514;4.66351;-0.00464449;0.000805468;0.00188734;0.00139524;-0.00523426;1.0009;0.00272185;-0.005473;1.00052;0.0264968;0.979138;1;3;1
238.531;813.06;4.38574;4.70112;-0.00563756;-1.437e-05;0.00100038;0.000158299;-0.00581022;0.99065;0.00152592;-0.000893539;1.00109;0.0189578;0.99126;1;3;1
261.531;813.06;4.28491;4.7883;-0.00178681;0.000118162;0.000568137;0.000274734;-0.00194338;0.999287;0.00222241;-0.00275619;0.996546;0.0220687;0.988818;1;3;1
284.531;813.06;4.30328;4.83549;-0.00122751;-0.00110434;0.00119977;3.54269e-05;-0.00236728;1.00251;-0.00331903;-0.00237975;0.997935;0.0200609;0.99189;1;3;1
307.531;813.06;4.22833;4.87456;-0.00361912;0.000252889;-0.000614719;0.000348138;-0.00371437;0.989978;0.00810375;0.00153875;1.0044;0.0230449;0.987451;1;4;1
330.531;813.06;4.13644;4.90447;-0.00299393;-0.00100201;0.000384337;-0.000930424;-0.00306551;0.997379;0.00337475;-0.00231322;0.995751;0.0259189;0.979261;1;3;1
353.531;813.06;4.0902;5.01032;-0.00388932;-0.00278587;0.00189705;-0.00136195;-0.00531324;0.996161;-0.00489283;-0.00277731;0.99745;0.0292895;0.986028;1;4;1
376.531;813.06;3.95695;5.05179;-0.00271026;-0.00121468;0.00113439;-0.000603777;-0.00332116;0.997607;-0.00368644;-0.00638238;0.998474;0.0243448;0.980648;1;3;1
399.531;813.06;3.96524;5.11625;-0.00344136;-0.0021971;0.00024697;-0.00214987;-0.00348859;0.995025;0.000394089;9.06346e-06;0.999519;0.025795;0.981864;1;3;1
422.531;813.06;3.7982;5.1758;-0.00553282;0.000757923;0.000799312;0.000857896;-0.00563279;0.996538;0.00455836;-0.00190699;0.998628;0.0195234;0.991189;1;3;1
445.531;813.06;3.70985;5.23915;-0.00282201;0.000460633;0.00108394;0.000786256;-0.00314764;0.998049;0.00711951;-0.00506164;0.998464;0.0224868;0.989521;1;3;1
468.531;813.06;3.66803;5.30318;-0.00373426;-0.00200391;0.00050906;-0.00186526;-0.00387292;0.996454;0.00386831;-0.00242405;1.00022;0.0219321;0.987484;1;3;1
491.531;813.06;3.5374;5.41949;-0.00440201;0.000202133;0.000954625;0.000392218;-0.00459209;0.993157;0.00164626;-0.00363583;1.00289;0.0218934;0.980455;1;3;1
514.531;813.06;3.4648;5.46488;-0.00249793;-0.00127476;-0.00074241;-0.000924468;-0.00284823;1.00127;0.00764598;-0.00207036;0.998514;0.0205568;0.98825;1;4;1
537.531;813.06;3.42233;5.3755;-0.00214838;-0.000125625;-0.000252105;-9.46777e-05;-0.00217933;1.00426;-0.00228161;-0.000409656;0.996287;0.021682;0.988613;1;4;1
560.531;813.06;3.36586;5.50201;-0.00387709;0.000973001;0.00129367;0.00129649;-0.00420058;0.99236;0.00746668;-0.00409123;1.00266;0.0219653;0.989447;1;3;1
583.531;813.06;3.24296;5.62392;-0.00482458;-0.000522151;0.000501381;-0.000464495;-0.00488224;0.99358;-0.00081681;-0.00330665;1.00583;0.0228131;0.988855;1;3;1
606.531;813.06;3.14335;5.56361;-0.00196291;-0.000879394;0.000168692;-0.000853738;-0.00198856;1.00015;0.000904567;0.00533519;1.00029;0.0245739;0.984815;1;3;1
629.531;813.06;3.15257;5.65622;-0.00344399;-0.0013771;0.000911131;-0.00103281;-0.00378828;0.993942;-0.000755733;-0.00828666;0.995117;0.0267472;0.98235;1;3;1
652.531;813.06;2.98446;5.69642;-0.00670591;-0.000663273;-0.000338603;-0.000644359;-0.00672482;0.993531;-0.00144117;0.000921033;1.00181;0.0207349;0.988232;1;3;1
675.531;813.06;2.84306;5.66368;-0.00346543;-0.00189324;-0.000253252;-0.00185345;-0.00350522;0.995451;0.00727809;-0.00717;0.996978;0.0238481;0.982122;1;4;1
698.531;813.06;2.82469;5.78219;-0.00283575;0.00113735;0.000168065;0.00114444;-0.00284285;1.00252;0.00561913;-0.00205174;1.00178;0.0215678;0.986247;1;4;1
721.531;813.06;2.71196;5.87127;-0.00496169;-0.00056471;0.000429585;-0.000523133;-0.00500327;0.995202;0.00404178;-0.00489896;1.00611;0.0284078;0.968793;1;3;1
744.531;813.06;2.59549;5.97228;-0.00344781;-0.00241071;0.000839655;-0.00194239;-0.00391613;0.995237;-0.000260056;-0.00698407;0.999382;0.0267402;0.978715;1;3;1
767.531;813.06;2.55287;6.01218;-0.00279864;-0.00258995;0.0013662;-0.00132412;-0.00406447;0.999063;0.00233945;0.00181576;0.994531;0.0206479;0.989584;1;3;1
790.531;813.06;2.46645;6.07681;-0.00445452;-0.00143602;0.000352937;-0.0013953;-0.00449524;0.995704;0.00538527;-0.00467893;0.996808;0.0223409;0.980217;1;3;1
813.531;813.06;2.34743;6.09016;-0.0042386;-0.0017208;-0.00105488;-0.00133727;-0.00462214;0.991469;0.00563642;0.00165884;0.999805;0.022881;0.985627;1;4;1
836.531;813.06;2.27098;6.16463;-0.00464481;0.000587574;2.97263e-05;0.000587743;-0.00464498;0.999894;0.00304448;0.000731386;0.999129;0.0256275;0.981409;1;4;1
859.531;813.06;2.13318;6.18423;-0.00427356;0.00164153;0.000273967;0.00165419;-0.00428622;0.995061;-0.001389;-0.00519307;1.00507;0.0254344;0.976778;1;4;1
882.531;813.06;2.07383;6.27836;-0.00390213;0.00090723;0.000660385;0.000996261;-0.00399116;0.999067;0.00389727;-0.00130446;1.00751;0.0253763;0.97326;1;3;1
905.531;813.06;1.95305;6.34427;-0.00438904;-0.00230661;0.00172902;-0.0013295;-0.00536615;0.990609;0.00369717;-0.00689978;0.998964;0.0242423;0.984939;1;3;1
928.531;813.06;1.87116;6.45109;-0.00434939;-0.00109969;0.00124989;-0.000674574;-0.00477451;0.997006;-0.000833391;-0.00162058;1.00561;0.0203875;0.982742;1;4;1
951.531;813.06;1.75232;6.48726;-0.00493002;-0.00122765;-0.00125113;-0.000844511;-0.00531317;0.991556;0.006105;-0.00100647;1.00097;0.0205485;0.984938;1;3;1
974.531;813.06;1.64382;6.45577;-0.0047115;-0.000923375;-0.0015365;-0.000378526;-0.00525635;0.99798;0.00434864;0.000235767;1.0014;0.0182644;0.990356;1;3;1
997.531;813.06;1.53507;6.49143;-0.00563023;0.000447069;-0.000537461;0.000494235;-0.0056774;0.989365;0.00474312;-0.00422632;0.997834;0.0204649;0.985114;1;3;1
1020.53;813.06;1.38405;6.52128;-0.00541068;0.0013239;0.000687152;0.0013933;-0.00548008;0.999546;-0.00110486;-0.00517413;1.00207;0.0198936;0.98859;1;3;1
1043.53;813.06;1.28534;6.61494;-0.0038138;-0.00031305;-5.17388e-05;-0.000312285;-0.00381457;0.997904;-0.00187573;0.00431418;0.994773;0.0231852;0.97912;1;3;1
1066.53;813.06;1.20825;6.5696;-0.00602233;-0.00325963;-0.000289121;-0.0032297;-0.00605227;0.994251;-0.000477071;-0.00569446;0.999398;0.0223023;0.987508;1;3;1
1089.53;813.06;1.00736;6.71522;-0.00634134;-0.000825789;0.000103834;-0.000823835;-0.00634329;0.990661;-5.3667e-05;-0.00562184;0.997333;0.0245513;0.980953;1;3;1
1112.53;813.06;0.915408;6.70952;-0.00371796;-0.000936126;-0.00215745;0.000239912;-0.004894;1.00059;0.00215717;0.00425017;0.999159;0.0213318;0.985187;1;3;1
1135.53;813.06;0.835993;6.66747;-0.00621494;-0.000737693;-0.00137232;-0.000413097;-0.00653954;0.990917;0.00363687;-0.00664999;1.00066;0.021633;0.986219;1;3;1
1158.53;813.06;0.628591;6.76651;-0.00798025;-0.000231176;-0.00149353;4.67157e-05;-0.00825814;0.990379;0.00913259;-0.00145595;0.996171;0.0218782;0.980951;1;3;1
1181.53;813.06;0.467305;6.77219;-0.00649416;0.000191137;-0.00208805;0.000789714;-0.00709273;0.996611;0.00424968;0.00392604;0.996402;0.0261411;0.97987;1;3;1
1204.53;813.06;0.328842;6.82766;-0.00680834;-0.00250374;-0.00114445;-0.00221838;-0.0070937;0.98733;0.00673605;-0.00651462;0.99985;0.0245652;0.985691;1;3;1
1227.53;813.06;0.152894;6.89078;-0.00407045;-0.00320602;-0.000773364;-0.00275229;-0.00452418;1.0024;0.00349797;-0.00200921;0.995976;0.0287111;0.972179;1;3;1
1250.53;813.06;0.141152;6.90607;-0.000937861;-0.000448308;-0.00213676;0.00145765;-0.00284382;0.998528;0.0122678;-0.00310089;1.00082;0.0273529;0.979571;1;3;1
1273.53;813.06;0.109683;6.95757;-0.00136475;-0.00191309;-0.000538645;-0.00103451;-0.00224332;0.980406;0.000283131;-0.00480514;0.99422;0.0294824;0.972911;1;4;1
31.5305;790.06;5.16086;4.16149;-0.00257156;-0.000853728;-0.000460821;-0.000737917;-0.00268737;0.995256;0.000312343;-0.00305635;1.00239;0.0243982;0.985883;1;3;1
54.5305;790.06;5.10163;4.15286;-0.00489808;-0.00130617;-0.000111198;-0.00130273;-0.00490151;0.998409;0.00631536;0.00402028;1.00278;0.0262143;0.97865;1;3;1
77.5306;790.06;4.93495;4.22441;-0.00445544;-0.00107037;0.00283685;0.000540488;-0.0060663;0.995395;0.00196898;-0.00624371;1.00157;0.023715;0.988241;1;3;1
100.531;790.06;4.89582;4.34398;-0.002173;-7.33909e-05;0.00215958;0.00127803;-0.00352442;0.998053;0.00464091;-0.00179895;1.00207;0.0268063;0.985075;1;3;1
123.531;790.06;4.83452;4.4072;-0.00379009;0.000879375;0.00119589;0.00116783;-0.00407854;0.99487;0.00276789;-0.000190014;0.994979;0.0257086;0.987412;1;3;1
146.531;790.06;4.72091;4.49129;-0.00333289;-0.00202891;0.000490662;-0.00186491;-0.00349689;0.997156;0.00288473;-0.00776408;0.997529;0.0251906;0.988127;1;3;1
169.531;790.06;4.68074;4.54431;-0.00267533;-0.0011743;0.000288729;-0.00112068;-0.00272895;1.00047;0.000724626;0.00189235;0.996722;0.0243807;0.986452;1;3;1
192.531;790.06;4.59765;4.5458;-0.0040286;6.75223e-06;-7.63575e-05;8.19655e-06;-0.00403005;0.988688;-0.00178254;-0.00860942;1.0044;0.0246243;0.984935;1;3;1
215.531;790.06;4.49497;4.62783;-0.00290653;0.000594101;0.00198844;0.00149285;-0.00380527;0.997942;-0.00212595;-0.00106375;1.00151;0.0250934;0.982772;1;3;1
238.531;790.06;4.46336;4.73618;-0.00304612;-0.00182588;0.000322341;-0.00174596;-0.00312604;0.998093;-0.00142224;-0.00459049;1.00306;0.0215378;0.992606;1;3;1
261.531;790.06;4.35439;4.77855;-0.00457501;-0.000693015;0.000902742;-0.000493355;-0.00477467;0.994641;0.00264178;-0.00665762;1.00206;0.0207821;0.989393;1;3;1
284.531;790.06;4.25224;4.86657;-0.00191763;-0.00061327;0.000578772;-0.000393488;-0.00213741;0.99786;0.0054192;0.000546418;0.997551;0.0212563;0.989859;1;3;1
307.531;790.06;4.26601;4.86704;-0.00207291;-0.00120567;0.00110648;-0.000450874;-0.0028277;0.998974;-0.000968511;-0.000501328;0.995962;0.0211762;0.990533;1;3;1
330.531;790.06;4.15665;4.97752;-0.00465551;-0.0017139;0.00160098;-0.00101068;-0.00535874;0.995431;0.00341145;-0.00406791;1.00043;0.0226474;0.989855;1;3;1
353.531;790.06;4.05087;5.07779;-0.0040932;-0.000711658;0.00174171;2.49654e-05;-0.00482982;0.995709;-0.0012069;-0.00554622;1.00061;0.023244;0.985913;1;3;1
376.531;790.06;3.96778;5.11178;-0.00265184;-0.000989722;0.000783262;-0.000678783;-0.00296278;1.00019;3.11796e-05;-0.0016344;1.0017;0.0221579;0.986393;1;3;1
399.531;790.06;3.92866;5.15317;-0.00262337;-0.000478987;0.00162308;0.000394069;-0.00349643;0.997363;-0.00137815;0.000359431;0.998044;0.0218711;0.98679;1;3;1
422.531;790.06;3.84689;5.18714;-0.00415384;-4.57483e-06;5.62832e-05;-3.81151e-06;-0.00415461;0.993833;-0.000960492;-0.00299945;1.00304;0.0233438;0.98833;1;3;1
445.531;790.06;3.73712;5.23374;-0.00219763;-0.000461255;0.0016137;0.000502982;-0.00316187;1.00461;-0.00499433;-0.00455838;1.00152;0.0224979;0.987542;1;3;1
468.531;790.06;3.74535;5.36283;-0.00253161;-0.00128782;0.000542949;-0.00108416;-0.00273527;0.996225;0.00411543;-0.00161953;0.993939;0.0206499;0.990044;1;3;1
491.531;790.06;3.62035;5.35682;-0.00469372;0.00128989;-0.000668117;0.00136358;-0.00476741;0.996822;0.00398759;-0.0025922;0.99881;0.0196762;0.987177;1;3;1
514.531;790.06;3.52887;5.43305;-0.00361437;-0.000327131;0.000872558;-0.000109879;-0.00383162;0.997291;0.00021926;-0.00812802;0.99696;0.0238869;0.984197;1;3;1
537.531;790.06;3.45342;5.54083;-0.00200336;-0.00393333;0.00102348;-0.00156168;-0.00437501;0.994339;0.00499497;0.00419979;0.991025;0.0224218;0.984315;1;3;1
560.531;790.06;3.43649;5.54317;-0.00555563;-0.00153727;2.84716e-05;-0.00153707;-0.00555583;0.991726;0.00136218;-0.000798832;0.999665;0.0223407;0.985443;1;3;1
583.531;790.06;3.19713;5.5814;-0.00592212;0.000589111;0.000926751;0.000718448;-0.00605145;0.994799;0.00144233;-0.00333741;0.993015;0.0236333;0.980188;1;3;1
606.531;790.06;3.16304;5.68697;-0.00262326;-0.00285254;0.00134961;-0.00138342;-0.00409237;0.998323;-0.000560104;-0.00199611;0.994944;0.0213847;0.986223;1;4;1
629.531;790.06;3.07604;5.73618;-0.00293004;-0.00208805;0.000541949;-0.00182279;-0.0031953;0.999847;0.000447997;-0.00311507;0.99932;0.0228752;0.987715;1;4;1
652.531;790.06;3.02801;5.75104;-0.00270931;-0.00231138;-0.000265616;-0.00217847;-0.00284222;0.996522;0.00643561;-0.000751597;0.995724;0.0257273;0.982022;1;4;1
675.531;790.06;2.95108;5.85712;-0.00215775;-0.00366612;-0.000596071;-0.00195063;-0.00387324;0.989342;0.00260282;-0.00490273;0.988916;0.0258639;0.984992;1;4;1
698.531;790.06;2.92861;5.81129;-0.00361517;-0.00270143;-0.000274879;-0.00262511;-0.00369149;1.0124;-0.000628251;0.00234;0.997768;0.0231521;0.984307;1;4;1
721.531;790.06;2.78442;5.93366;-0.0064342;-0.00209383;0.00114352;-0.00181099;-0.00671704;0.993974;0.0055443;-0.00459836;0.992927;0.0292183;0.976545;1;3;1
744.531;790.06;2.63116;6.02995;-0.00447643;-0.00140109;0.000364003;-0.0013586;-0.00451892;0.993527;0.00110249;-0.00427493;0.998795;0.0239439;0.980216;1;4;1
767.531;790.06;2.57789;6.05145;-0.00332751;-0.00173734;0.000816517;-0.00139275;-0.0036721;0.998933;-0.00112487;-0.000707566;1.00113;0.0218834;0.983411;1;3;1
790.531;790.06;2.4777;6.14048;-0.00309816;0.00032643;0.000804935;0.000506191;-0.00327792;0.993307;-0.00176114;-0.00797621;1.00427;0.0243859;0.976337;1;3;1
813.531;790.06;2.43491;6.20024;-0.00359298;-0.00160104;-0.000921643;-0.00124003;-0.00395398;0.996461;-0.00514591;0.00238236;0.99949;0.0233219;0.981641;1;4;1
836.531;790.06;2.31213;6.15075;-0.005341;-0.000998773;-0.00107914;-0.000745369;-0.0055944;0.999147;-0.00043242;-0.0013039;1.00055;0.0200218;0.989848;1;3;1
859.531;790.06;2.18855;6.16278;-0.00436877;-0.000470102;-0.000790802;-0.000315803;-0.00452307;0.998673;-0.000909202;0.00661515;0.993206;0.0217476;0.986211;1;4;1
882.531;790.06;2.11061;6.25211;-0.00397576;0.000509443;0.00167323;0.00106487;-0.00453118;0.990154;-0.0015431;-0.0132519;0.995552;0.0255301;0.969625;1;3;1
905.531;790.06;2.00467;6.4021;-0.00538982;-0.00215529;-0.000751279;-0.00198931;-0.0055558;0.99769;0.00300032;0.00287483;0.993275;0.0259491;0.978509;1;3;1
928.531;790.06;1.86171;6.41724;-0.00510359;0.00106721;-0.000279252;0.00107982;-0.00511621;0.997222;0.00667013;0.000725218;0.998836;0.0221637;0.987729;1;3;1
951.531;790.06;1.76929;6.44358;-0.00367592;0.00168776;0.000136131;0.00169121;-0.00367938;0.9905;0.000817681;-0.00186675;1.00165;0.0192254;0.989087;1;3;1
974.531;790.06;1.69225;6.48501;-0.00344283;-0.00107366;0.000223243;-0.00105281;-0.00346369;1.00204;-0.000684688;-0.0020342;0.996815;0.0184221;0.989499;1;3;1
997.531;790.06;1.61057;6.52321;-0.00502867;-0.000294851;-0.000545943;-0.000232704;-0.00509082;0.991902;6.47669e-05;-0.00184252;0.997786;0.0211068;0.989041;1;2;1
1020.53;790.06;1.46033;6.5234;-0.00590153;-0.00164348;-0.000822778;-0.00149003;-0.00605499;0.993194;0.00957925;-0.00142327;0.997069;0.0213771;0.988749;1;3;1
1043.53;790.06;1.33817;6.63138;-0.00487996;-0.00105717;-9.41624e-05;-0.00105485;-0.00488227;0.997932;0.00891133;-0.00685835;1.00062;0.022072;0.984802;1;3;1
1066.53;790.06;1.23504;6.6808;-0.00639451;-0.00267015;-0.0007731;-0.00251605;-0.00654861;0.992899;0.00519667;0.00394541;0.993308;0.0223531;0.985064;1;3;1
1089.53;790.06;1.04305;6.67983;-0.00533311;-0.00161475;0.000363784;-0.00157949;-0.00536837;0.99568;0.00168138;0.00101505;1.0024;0.0259196;0.972701;1;4;1
1112.53;790.06;0.988998;6.75272;-0.0044473;-0.00278983;-0.000635097;-0.00257446;-0.00466267;0.988555;-0.00172956;-0.00925174;1.0025;0.0226281;0.983204;1;4;1
1135.53;790.06;0.837999;6.72019;-0.00509066;-0.0018707;-4.28427e-05;-0.00187013;-0.00509123;0.999556;-0.00079192;0.000185935;0.998511;0.0225579;0.984048;1;3;1
1158.53;790.06;0.754184;6.81668;-0.00409525;-0.00199273;-0.00109754;-0.00152421;-0.00456378;0.996744;0.00112206;0.00236857;0.997824;0.0214961;0.986143;1;3;1
1181.53;790.06;0.649178;6.78902;-0.00616805;-0.00298717;-0.00216646;-0.00189004;-0.00726518;0.989731;0.00375514;-0.00531348;0.996374;0.0201174;0.991257;1;3;1
1204.53;790.06;0.469548;6.86507;-0.00658055;-0.00191278;-0.00081949;-0.00177308;-0.00672024;0.993744;0.00587999;0.000508638;0.992152;0.0204262;0.988853;1;2;1
1227.53;790.06;0.345341;6.89738;-0.00477483;-0.00104732;-0.00200323;-0.000174923;-0.00564722;1.00244;0.0042604;-0.00708021;0.999841;0.0221085;0.988962;1;3;1
1250.53;790.06;0.249304;6.94792;-0.00489538;-0.00187908;-0.00106746;-0.00153953;-0.00523493;0.991718;0.00627057;0.00289836;0.997178;0.0226481;0.99085;1;3;1
1273.53;790.06;0.119536;6.97434;-0.00562553;-0.00114589;0.000312366;-0.00112422;-0.00564721;0.999888;0.0054532;-0.00470475;0.999619;0.026522;0.990147;1;3;1
31.5305;767.06;5.15475;4.17492;-0.00170264;0.000282549;4.17053e-05;0.000283425;-0.00170352;0.988493;-0.00601976;0.000202935;0.995508;0.025368;0.982395;1;3;1
54.5305;767.06;5.11556;4.17472;-0.00433483;-0.00223957;0.00123418;-0.00166833;-0.00490607;1.00514;-0.00359718;-0.00646521;0.993049;0.0256737;0.98221;1;4;1
77.5306;767.06;4.95478;4.28649;-0.00431395;-0.00319872;0.000903882;-0.00269429;-0.00481838;0.994097;0.0009628;-0.0048816;0.994693;0.0260012;0.984197;1;3;1
100.531;767.06;4.91637;4.34557;-0.00242994;0.0001808;0.000678699;0.000346695;-0.00259584;1.00046;0.00609322;-0.000634989;0.996237;0.0234282;0.983016;1;3;1
123.531;767.06;4.84269;4.41331;-0.00294664;-9.94902e-05;0.00198915;0.000923009;-0.00396914;0.998365;-0.0058452;-0.00503521;1.00436;0.0259082;0.976333;1;3;1
146.531;767.06;4.7801;4.56524;-0.0032926;-0.000162423;0.000419634;-0.000107143;-0.00334788;0.995793;0.00321344;-0.00229704;0.998977;0.0232392;0.987542;1;3;1
169.531;767.06;4.69078;4.55049;-0.00193366;0.000762724;-0.000749648;0.000957125;-0.00212806;1.00164;0.00468388;0.00224844;1.00296;0.0306454;0.980264;1;4;1
192.531;767.06;4.69106;4.54404;-0.00299488;-0.00144268;0.000782181;-0.0011169;-0.00332066;1.00118;0.00881569;-0.00343788;0.990403;0.0260161;0.9869;1;3;1
215.531;767.06;4.55273;4.63619;-0.00398159;-0.00103777;0.0020959;5.14381e-05;-0.00507079;0.985886;0.00389482;-0.00521161;0.998212;0.0257406;0.985881;1;4;1
238.531;767.06;4.5069;4.78534;-0.00477078;-0.000411641;0.0018357;0.000258406;-0.00544083;0.992813;-0.000903845;0.00039694;0.994409;0.027712;0.986221;1;3;1
261.531;767.06;4.33238;4.82021;-0.00365221;-0.000216213;0.000371109;-0.000176588;-0.00369183;0.997115;-0.000156843;-0.00461773;1.00044;0.0243844;0.986944;1;3;1
284.531;767.06;4.33853;4.86373;-0.0020606;8.03303e-05;0.000349834;0.000136044;-0.00211632;0.998418;-0.00215395;-0.00200939;1.00179;0.0245295;0.983237;1;3;1
307.531;767.06;4.23736;4.93006;-0.0030071;-0.00143529;0.000781243;-0.00111305;-0.00332934;0.99609;-0.000345484;-0.000637091;1.00146;0.022983;0.987557;1;3;1
330.531;767.06;4.19984;4.98342;-0.00375807;-0.000153866;0.000902798;5.96255e-05;-0.00397156;0.996421;-0.00252615;-0.0024981;1.00001;0.0224861;0.986075;1;3;1
353.531;767.06;4.06402;5.04307;-0.0051929;0.00127775;0.00070218;0.00135307;-0.00526822;0.996317;-0.000653312;-0.0056658;0.99715;0.0219728;0.983345;1;3;1
376.531;767.06;3.9602;5.09734;-0.00375105;-0.000180948;-4.39394e-05;-0.000180408;-0.00375159;0.997043;0.000361605;-0.00382506;0.996523;0.0265234;0.974744;1;3;1
399.531;767.06;3.89105;5.13835;-0.00187248;-0.00139358;0.0010543;-0.000551876;-0.00271418;0.995672;-0.000482093;0.00168038;0.999046;0.0238132;0.984476;1;3;1
422.531;767.06;3.87392;5.17607;-0.00333841;-0.00158929;0.000875257;-0.00122654;-0.00370116;0.999532;-0.00055358;-0.00101417;0.996073;0.0193914;0.988002;1;3;1
445.531;767.06;3.73706;5.26038;-0.00287312;-0.00119278;0.00123122;-0.00054238;-0.00352352;1.00236;0.00213055;-0.0068421;0.996472;0.0192457;0.99158;1;3;1
468.531;767.06;3.74118;5.36251;-0.00145894;0.000915867;0.000353271;0.000967305;-0.00151038;0.993295;-0.0013648;-0.00252814;1.00003;0.0214092;0.988042;1;3;1
491.531;767.06;3.66979;5.36039;-0.003736;-0.00205888;0.000868723;-0.00169002;-0.00410486;0.998656;-0.000374027;-0.00357925;1.0001;0.0221652;0.988499;1;3;1
514.531;767.06;3.56885;5.48005;-0.00501946;-0.00124395;0.00193196;-0.000430574;-0.00583283;0.990817;-0.00374063;-0.00221616;1.00204;0.0220661;0.990998;1;3;1
537.531;767.06;3.4379;5.55679;-0.00357622;-0.000127738;0.00053532;-4.65502e-05;-0.00365741;1.00062;0.00027207;0.00453763;1.00464;0.0222345;0.987263;1;4;1
560.531;767.06;3.40396;5.5728;-0.00295094;-0.00131189;0.000818555;-0.000973114;-0.00328971;0.998403;-0.00811641;-0.00551781;0.996178;0.0240382;0.980222;1;3;1
583.531;767.06;3.30193;5.59687;-0.0049916;-0.00168405;-0.000782906;-0.00150809;-0.00516755;0.991499;0.00218038;-0.00257365;0.997341;0.0202203;0.986894;1;4;1
606.531;767.06;3.17361;5.69502;-0.00293009;-0.0007875;0.000594344;-0.000633676;-0.00308391;0.993336;-0.00106173;-0.00404141;1.00178;0.0203748;0.984787;1;4;1
629.531;767.06;3.16669;5.75237;-0.000945908;-0.00164432;-0.000127258;-0.000923443;-0.00166679;1.00039;0.00848854;-0.00547002;0.994048;0.021955;0.983192;1;3;1
652.531;767.06;3.12995;5.8031;-0.004521;-0.000659005;0.000330439;-0.000630937;-0.00454907;0.999053;-0.000874093;0.00635053;0.99689;0.0239652;0.981784;1;4;1
675.531;767.06;2.95818;5.83278;-0.00440651;-0.00137605;0.000926648;-0.00111516;-0.0046674;0.996418;0.00227016;0.000764669;0.998994;0.0275107;0.979567;1;4;1
698.531;767.06;2.92668;5.90673;-0.00287177;-0.00232373;0.0019861;-0.000592838;-0.00460267;0.997698;0.000426234;-0.00619823;0.998475;0.0266892;0.984667;1;3;1
721.531;767.06;2.82569;5.96783;-0.00534425;-0.000711391;0.000804417;-0.000575693;-0.00547995;0.997997;0.00278135;-0.00116647;1.00001;0.0248184;0.983259;1;3;1
744.531;767.06;2.68;6.03686;-0.00514585;4.488e-05;0.000838051;0.00017683;-0.0052778;0.987792;0.0020697;-0.00111382;1.00304;0.0249383;0.978523;1;3;1
767.531;767.06;2.5882;6.09218;-0.00300673;-0.00162196;0.000153477;-0.00160516;-0.00302353;0.998564;0.00253794;-0.00166776;1.00142;0.0251239;0.976386;1;4;1
790.531;767.06;2.54148;6.06186;-0.00315405;-9.23093e-05;0.000185811;-8.1074e-05;-0.00316529;0.9981;0.00277226;-0.0022291;0.997212;0.021978;0.986264;1;3;1
813.531;767.06;2.44283;6.16397;-0.00451291;0.00130865;0.00143625;0.00164371;-0.00484797;0.993354;0.0048189;-0.00524857;1.00157;0.0209027;0.987673;1;3;1
836.531;767.06;2.33317;6.21064;-0.00292605;-0.00164241;-0.000170744;-0.00162009;-0.00294837;0.998235;0.000297528;-0.00200855;0.994707;0.0210713;0.987757;1;3;1
859.531;767.06;2.30801;6.20619;-0.00376388;-0.00126104;8.6818e-05;-0.00125803;-0.00376689;0.994011;0.00843071;0.00202723;1.00257;0.0243418;0.979032;1;4;1
882.531;767.06;2.15968;6.25501;-0.00258751;-0.00188823;0.00197309;-0.000234044;-0.0042417;0.995416;0.00572279;-0.00548363;0.99725;0.0225214;0.976752;1;3;1
905.531;767.06;2.18821;6.44412;-0.00478685;-0.000281518;0.00012398;-0.000278109;-0.00479026;0.990187;0.00234869;-0.00411265;1.00019;0.0240465;0.979191;1;4;1
928.531;767.06;1.93872;6.40207;-0.00823377;-0.000462337;-0.00218445;0.000109594;-0.0088057;0.995853;0.003087;0.00177503;0.998683;0.0219333;0.987097;1;3;1
951.531;767.06;1.80788;6.40973;-0.00510812;-0.000131521;-0.000319363;-0.00011111;-0.00512853;0.990272;-0.000548082;0.00087537;0.999297;0.0201534;0.986724;1;3;1
974.531;767.06;1.70303;6.50522;-0.00398421;-0.0009012;-0.00030128;-0.000872034;-0.00401338;1.00105;0.00185194;-0.00741367;0.99859;0.0230539;0.981116;1;3;1
997.531;767.06;1.62414;6.50508;-0.00291091;-0.000932831;0.000151865;-0.000921239;-0.0029225;0.991199;0.000217674;-0.00614013;1.00176;0.0204215;0.988176;1;3;1
1020.53;767.06;1.56884;6.59732;-0.00372813;-0.00181669;0.000182612;-0.0017994;-0.00374542;0.99851;-0.0016273;-0.00138837;0.997699;0.0234553;0.988829;1;3;1
1043.53;767.06;1.45205;6.6639;-0.00520966;-0.000839624;-0.000950422;-0.000641869;-0.00540742;0.993792;-0.00363397;-0.00317008;0.996864;0.0206425;0.986684;1;3;1
1066.53;767.06;1.32847;6.69275;-0.00878633;-0.00270547;0.000487023;-0.00266671;-0.00882509;0.989412;0.00108715;0.0011517;1.00482;0.0240751;0.984916;1;3;1
1089.53;767.06;1.04591;6.78958;-0.00679653;-0.000861179;-0.00123042;-0.00061622;-0.00704149;0.990992;0.00378847;-0.0055205;0.996731;0.0240535;0.981405;1;3;1
1112.53;767.06;1.01453;6.83814;-0.00307735;-0.00123146;-0.00192507;-1.95225e-05;-0.00428929;1.00233;0.00561596;0.00157068;0.991053;0.0269679;0.979248;1;4;1
1135.53;767.06;0.904119;6.75365;-0.00467511;-0.0020513;-0.00190758;-0.00104805;-0.00567836;0.993588;0.00536184;-0.000799326;0.992723;0.0272472;0.974103;1;3;1
1158.53;767.06;0.79896;6.85858;-0.0040667;-0.00127262;0.000281195;-0.0012446;-0.00409471;0.997532;0.00760929;-0.00798023;1.00246;0.0264404;0.980886;1;3;1
1181.53;767.06;0.716401;6.91048;-0.00618342;-0.00257045;-0.000300253;-0.00254566;-0.0062082;0.995005;0.000886512;0.000535166;0.997983;0.0250239;0.98818;1;3;1
1204.53;767.06;0.513602;6.9161;-0.00639581;-0.00305164;-0.00127015;-0.00262393;-0.00682352;0.995502;0.000147328;-0.00229012;0.998107;0.0206559;0.991338;1;3;1
1227.53;767.06;0.421237;6.93976;-0.00426268;-0.00191253;-0.000579116;-0.00177758;-0.00439763;0.992405;0.0045224;-0.00502836;0.998563;0.0236472;0.992477;1;4;1
1250.53;767.06;0.317035;6.99292;-0.0062266;-0.0015443;-0.00109082;-0.00130265;-0.00646826;0.999359;0.000740089;0.000263851;0.999598;0.0220847;0.987924;1;2;1
1273.53;767.06;0.133862;7.01031;-0.00793204;-0.00187822;-0.000896768;-0.00174817;-0.00806209;0.986374;0.00442111;-0.00160481;0.998759;0.0257314;0.989695;1;3;1
31.5305;744.06;5.1566;4.14849;-0.00247323;3.8554e-05;0.00203082;0.00117044;-0.00360512;0.995076;-0.00114405;-0.00164923;1.00346;0.0285211;0.982402;1;3;1
54.5305;744.06;5.09939;4.256;-0.00289976;-0.00115361;0.00280363;0.000909741;-0.00496311;0.994756;-0.000123211;-0.0025498;0.998167;0.0264076;0.987891;1;3;1
77.5306;744.06;5.02247;4.37187;-0.00301578;0.000130292;-0.000222924;0.00014601;-0.0030315;1.00039;4.05219e-05;-0.00594799;0.997104;0.0256089;0.987466;1;3;1
100.531;744.06;4.96039;4.33571;-0.0032811;-0.00137025;0.000808661;-0.00107397;-0.00357738;0.99434;-0.00339074;-0.00135604;1.00116;0.0244566;0.988444;1;3;1
123.531;744.06;4.87127;4.41179;-0.0030455;-0.00051166;0.00159685;0.000259808;-0.00381697;0.999102;0.00398585;-0.00259043;0.998967;0.025693;0.983777;1;3;1
146.531;744.06;4.81979;4.49887;-0.00309485;0.0013465;0.000341177;0.00137256;-0.00312091;1.00032;-0.00416065;-0.00498041;1.00183;0.0237059;0.987262;1;3;1
169.531;744.06;4.72859;4.50927;-0.00451901;-0.00037043;-0.000388814;-0.000334304;-0.00455514;0.996673;-0.00851693;0.00218017;0.998839;0.029443;0.990225;1;3;1
192.531;744.06;4.6113;4.61221;-0.00401131;-0.0015019;0.00224359;-0.00018601;-0.0053272;0.994326;-0.00476458;-0.00555879;1.0026;0.0254974;0.985653;1;3;1
215.531;744.06;4.54339;4.67562;-0.0028781;-0.000542487;0.0017635;0.000404822;-0.00382541;0.991476;-0.00164674;-0.005147;0.99955;0.0224529;0.989685;1;3;1
238.531;744.06;4.4785;4.75513;-0.0031359;0.00104645;0.00126236;0.00139793;-0.00348738;0.997753;0.00274681;0.000233068;1.00016;0.0254917;0.982588;1;3;1
261.531;744.06;4.39878;4.78852;-0.00321871;-0.000113764;-0.00017775;-0.000103621;-0.00322885;0.997921;0.00589365;-0.00227093;0.996328;0.0224858;0.988013;1;3;1
284.531;744.06;4.33007;4.86295;-0.0018406;-8.58902e-05;0.00139718;0.000686563;-0.00261305;1.00147;0.004923;-0.00329847;0.995272;0.0226878;0.987805;1;3;1
307.531;744.06;4.3138;4.93314;-0.00310827;-0.00052931;0.000521108;-0.000427995;-0.00320959;0.996266;0.00148445;-0.00442531;0.998542;0.0219772;0.990137;1;3;1
330.531;744.06;4.1867;4.9846;-0.00462246;-0.000201496;0.00120119;0.00010379;-0.00492775;1.00182;0.00173617;-0.00148112;1.00218;0.0214387;0.988877;1;3;1
353.531;744.06;4.10059;5.01908;-0.00258457;0.0011211;0.00129864;0.00153089;-0.00299436;0.995172;0.00183486;-9.59563e-05;1.00511;0.0235108;0.985514;1;3;1
376.531;744.06;4.06746;5.12021;-0.00412009;0.000117387;0.00118101;0.000424311;-0.00442702;0.992803;0.00912088;-0.00905481;1.00433;0.0238927;0.976363;1;3;1
399.531;744.06;3.91025;5.21732;-0.00388171;-0.00084251;0.00100652;-0.000539401;-0.00418482;0.996184;0.00345225;0.000720112;0.999849;0.024579;0.982455;1;3;1
422.531;744.06;3.88834;5.26033;-0.00216978;-0.00162032;0.000837323;-0.00101381;-0.00277629;0.999005;-0.000157882;-0.00195309;0.996274;0.0229791;0.984053;1;3;1
445.531;744.06;3.81028;5.2887;-0.0016347;-0.000475479;-0.00029147;-0.000406319;-0.00170386;1.00072;0.000681335;-0.00413086;1.00601;0.0195239;0.990287;1;3;1
468.531;744.06;3.81304;5.32077;-0.00330155;0.00160316;0.00134902;0.00194971;-0.0036481;0.996446;0.00460967;-0.00117932;1.00295;0.0227726;0.989397;1;3;1
491.531;744.06;3.65786;5.45164;-0.00575157;-0.00149337;0.00179983;-0.000834561;-0.00641038;0.990638;0.00172883;-0.00429304;0.998948;0.0203627;0.990628;1;3;1
514.531;744.06;3.54739;5.49031;-0.00348756;0.000242801;0.000178908;0.000251362;-0.00349612;0.99938;0.00440623;0.00168526;1.00143;0.0215824;0.990664;1;2;1
537.531;744.06;3.49706;5.54673;-0.00317203;0.00166142;0.00066194;0.00175043;-0.00326105;0.997662;0.0033123;-0.00600488;1.00574;0.0198016;0.992045;1;3;1
560.531;744.06;3.4011;5.60357;-0.002275;0.000676993;0.000897551;0.00092847;-0.00252648;0.995575;0.00410492;-0.000600612;1.00183;0.0199166;0.988451;1;3;1
583.531;744.06;3.39215;5.65934;-0.00297195;-0.000656564;0.000824328;-0.000393071;-0.00323544;0.993617;-0.00122938;-0.00260848;1.00113;0.0211467;0.986506;1;3;1
606.531;744.06;3.26403;5.72332;-0.00425484;-1.2977e-05;0.000318389;1.07878e-05;-0.00427861;0.999552;-0.000863051;-0.00614041;0.999579;0.0224515;0.985849;1;3;1
629.531;744.06;3.19575;5.81204;-0.00403097;-0.00075956;0.000603065;-0.00065193;-0.0041386;0.996891;-0.00367112;0.000218441;1.00188;0.02254;0.985265;1;3;1
652.531;744.06;3.0782;5.78139;-0.00490574;0.000659513;0.00136366;0.000975689;-0.00522191;0.995326;-0.00115518;0.000854537;1.00005;0.0203542;0.986755;1;3;1
675.531;744.06;2.9694;5.92047;-0.00428433;-0.00118986;0.0010589;-0.000862209;-0.00461199;0.988221;-0.00165774;-0.00668573;0.996772;0.0238933;0.97997;1;3;1
698.531;744.06;2.88049;5.91834;-0.0027926;-0.00132909;0.000117513;-0.00131972;-0.00280198;1.00339;-0.000371992;-0.00138408;0.99466;0.0235334;0.98373;1;3;1
721.531;744.06;2.84074;5.96643;-0.00437514;-0.000437657;0.000676584;-0.000324642;-0.00448815;0.991954;0.000577944;0.000222599;1.00013;0.0293954;0.980559;1;3;1
744.531;744.06;2.67866;6.02791;-0.0054568;0.000138431;0.000785023;0.000246485;-0.00556485;0.99595;0.000998024;-0.00738258;0.995873;0.0224884;0.984498;1;3;1
767.531;744.06;2.58876;6.12612;-0.00316779;0.000712501;-0.000375198;0.000748447;-0.00320373;0.994606;0.00486379;-0.000319957;0.995352;0.0240999;0.987251;1;3;1
790.531;744.06;2.53256;6.14476;-0.00297258;-0.00161551;-0.0011043;-0.000997939;-0.00359015;0.998206;0.00127307;-0.000454767;0.998146;0.0212429;0.985419;1;3;1
813.531;744.06;2.45182;6.14009;-0.00352267;-0.000309886;0.000514542;-0.000229492;-0.00360307;0.996855;-0.000419192;-0.00226832;1.00123;0.0207349;0.987064;1;3;1
836.531;744.06;2.37016;6.2264;-0.00491675;-0.00173595;-0.00023108;-0.00171925;-0.00493345;0.994726;0.00262527;-0.00345159;0.998775;0.0236076;0.981193;1;3;1
859.531;744.06;2.22502;6.22084;-0.00440997;-0.00334192;0.00107267;-0.00267769;-0.0050742;0.993509;-0.00277912;-0.002527;0.994646;0.0276104;0.984432;1;4;1
882.531;744.06;2.16671;6.33909;-0.00181721;-0.00208597;0.0015709;-0.000374952;-0.00352823;0.993806;0.00300549;-0.00509879;0.997028;0.0226663;0.980983;1;3;1
905.531;744.06;2.14094;6.41526;-0.00297208;0.000808404;0.00211167;0.00175227;-0.00391594;0.997241;-9.58084e-05;0.000725025;1.00267;0.0186222;0.988651;1;3;1
928.531;744.06;2.02968;6.43882;-0.00516999;-0.00157388;-0.000706224;-0.00144016;-0.00530371;0.994729;0.000155605;-0.00349239;0.99904;0.0209473;0.98705;1;3;1
951.531;744.06;1.90249;6.44982;-0.00463839;-0.0023826;-0.00158448;-0.00156558;-0.00545542;0.993362;0.00481463;-0.00262332;1.00246;0.0233266;0.985379;1;4;1
974.531;744.06;1.81574;6.52665;-0.00463059;-0.00122674;-0.000795927;-0.00104982;-0.00480751;0.996779;0.0018574;-0.0057179;0.999878;0.0204573;0.987267;1;4;1
997.531;744.06;1.68884;6.5662;-0.00462136;-0.00240782;0.000248979;-0.00238016;-0.00464901;0.995564;0.000548821;-0.00319957;0.996336;0.0228179;0.987492;1;4;1
1020.53;744.06;1.60259;6.60727;-0.00361944;-0.00216299;0.000670057;-0.00190163;-0.00388081;0.99854;0.00369807;-0.000826382;0.995221;0.0223038;0.986965;1;3;1
1043.53;744.06;1.52192;6.67039;-0.0061954;-0.0012275;0.00109809;-0.000995608;-0.0064273;0.990035;0.0076477;-0.00753941;1.00418;0.020989;0.983012;1;4;1
1066.53;744.06;1.31628;6.80549;-0.00474107;-0.00111115;-3.89557e-05;-0.00111074;-0.00474149;0.999813;0.00379596;0.00385637;1.00357;0.0221368;0.983386;1;3;1
1089.53;744.06;1.30329;6.7202;-0.00402709;0.000920738;-0.00297462;0.00231575;-0.00542211;0.991866;0.00313301;-3.2157e-05;1.00327;0.0232548;0.985826;1;3;1
1112.53;744.06;1.13066;6.80962;-0.00581706;0.00041275;-0.000869675;0.000531878;-0.00593619;0.99636;0.00623088;-0.00342171;1.00259;0.0243298;0.982505;1;3;1
1135.53;744.06;1.03482;6.81507;-0.0053148;-0.00214888;-0.000912014;-0.00190495;-0.00555873;0.992993;0.00325236;-0.00138046;0.998107;0.0226621;0.985519;1;3;1
1158.53;744.06;0.885481;6.87545;-0.00650103;-0.00230708;-0.000370959;-0.00227453;-0.00653359;1.00086;-0.000513877;0.00466663;0.99273;0.0239116;0.981033;1;3;1
1181.53;744.06;0.734701;6.9075;-0.00582559;-0.000385953;0.00029198;-0.000370325;-0.00584122;0.992603;0.00710437;-0.00858057;0.99808;0.0232306;0.983883;1;4;1
1204.53;744.06;0.616533;7.00589;-0.00560984;-0.00184168;-0.00114408;-0.00152151;-0.00593;0.996736;0.00912469;0.00205209;0.999825;0.0199334;0.988955;1;3;1
1227.53;744.06;0.475853;6.98562;-0.00423783;-0.00190832;-0.001605;-0.00108997;-0.00505617;0.990505;0.0133582;-0.00129097;0.997768;0.022996;0.985787;1;3;1
1250.53;744.06;0.421176;7.01933;-0.00516265;-0.00126276;-0.000534033;-0.00119095;-0.00523445;1.00151;0.00686015;-0.00293909;0.996583;0.0246843;0.990425;1;4;1
1273.53;744.06;0.237693;7.06097;-0.00794405;-0.00152287;-0.00130047;-0.00126949;-0.00819743;0.982043;0.0062002;0.00148007;0.992773;0.0247708;0.987377;1;3;1
31.5305;721.06;5.18301;4.17316;-0.0044379;-0.00133386;0.000812854;-0.00113388;-0.00463788;0.996857;0.00229019;-0.00113847;0.998581;0.0240641;0.985292;1;3;1
54.5305;721.06;5.08064;4.22783;-0.00276938;-0.000264926;0.000746382;-5.93609e-05;-0.00297494;0.994982;0.00732904;-0.00437261;1.00185;0.0274812;0.982837;1;3;1
77.5306;721.06;5.05531;4.2806;-0.00430729;0.000977564;0.00123415;0.00125156;-0.00458129;1.00133;0.000621091;-0.00351948;1.0009;0.0281341;0.988636;1;3;1
100.531;721.06;4.88172;4.40866;-0.00425481;-0.000551603;0.00186896;0.000227658;-0.00503407;0.996417;-0.00118425;-0.00801492;0.999041;0.0279677;0.982119;1;4;1
123.531;721.06;4.85891;4.43686;-0.000762744;-1.09045e-05;0.00104627;0.000724925;-0.00149857;0.996529;-0.00661139;-7.21806e-05;0.99788;0.0217873;0.990158;1;3;1
146.531;721.06;4.84653;4.50339;-0.000395366;-0.000965461;0.0017879;0.00113007;-0.0024909;0.99727;0.00759948;-0.00405247;1.00085;0.0273676;0.985919;1;4;1
169.531;721.06;4.84053;4.56778;-0.00424765;-0.00118978;0.00108922;-0.00084147;-0.00459596;1.00239;0.00429536;0.000543616;1.00142;0.02865;0.982405;1;4;1
192.531;721.06;4.65059;4.6132;-0.00665532;-0.000398193;-5.10058e-05;-0.000397777;-0.00665574;0.991499;-0.000744408;-0.00569801;1.00099;0.0245624;0.988633;1;3;1
215.531;721.06;4.53327;4.66115;-0.00318263;-3.61039e-05;0.00108907;0.000304066;-0.0035228;1.00365;0.000272516;-0.00225417;1.00089;0.021539;0.989252;1;3;1
238.531;721.06;4.50378;4.73723;-0.00165155;0.00115367;0.00130375;0.00166602;-0.0021639;0.998092;0.00180422;-0.00491815;1.00411;0.0209377;0.986633;1;3;1
261.531;721.06;4.45694;4.82561;-0.00323342;-0.00073217;0.000499807;-0.000635995;-0.0033296;0.991599;-0.00345865;-0.000321927;1.00237;0.0244558;0.989866;1;3;1
284.531;721.06;4.35462;4.86768;-0.00315837;-0.000366404;0.000935904;-8.17074e-05;-0.00344307;1.00006;-0.00299268;-0.00243708;1.00416;0.0240669;0.989163;1;3;1
307.531;721.06;4.31124;4.95447;-0.00389045;-0.000841824;0.000966119;-0.000561444;-0.00417083;0.99611;0.00291212;-0.00298774;0.998604;0.0208525;0.990993;1;4;1
330.531;721.06;4.17514;4.9927;-0.00500651;0.00048027;9.84037e-05;0.000482035;-0.00500828;0.990803;0.00451852;-0.00117115;0.993436;0.0245509;0.987914;1;3;1
353.531;721.06;4.08035;4.99153;-0.00271041;-0.000978217;0.000711664;-0.000723337;-0.00296529;0.996907;0.000871609;-0.00324602;0.997684;0.0240024;0.982993;1;3;1
376.531;721.06;4.05018;5.09203;-0.00306777;-0.000821986;0.00198246;0.000333506;-0.00422326;0.997622;-0.00398445;-0.00330721;0.999332;0.0227642;0.987688;1;3;1
399.531;721.06;3.93864;5.17715;-0.00394378;0.000449322;0.00124442;0.000777336;-0.00427179;0.996999;-0.00124792;-0.00428809;1.0009;0.0241512;0.982509;1;3;1
422.531;721.06;3.86813;5.25066;-0.00247686;0.000193195;0.00119627;0.000650754;-0.00293442;0.996056;-0.00181895;-0.0037394;1.00152;0.0210017;0.989551;1;3;1
445.531;721.06;3.82444;5.28234;-0.00190505;-0.000510679;0.000660251;-0.000247656;-0.00216807;0.998533;-0.00139059;0.000967752;0.992601;0.022092;0.989096;1;3;1
468.531;721.06;3.7804;5.28884;-0.00327051;-0.00165956;0.00203741;-0.00027419;-0.00465589;0.99227;-0.00755478;-0.00575478;0.999511;0.023882;0.986044;1;3;1
491.531;721.06;3.67351;5.42913;-0.00287137;0.00037795;0.00216851;0.0014629;-0.00395632;1.0008;0.00191509;-0.00188541;0.997309;0.0239078;0.985291;1;3;1
514.531;721.06;3.64778;5.46895;-0.00396745;0.000424743;-1.0526e-05;0.000424769;-0.00396747;0.995606;0.00281778;-0.00265163;0.994674;0.023084;0.988747;1;2;1
537.531;721.06;3.49062;5.48046;-0.00463207;0.000169997;0.000803245;0.000300794;-0.00476286;0.995192;-0.000261546;-0.00314617;0.993475;0.0249626;0.981684;1;3;1
560.531;721.06;3.43415;5.54168;-0.00313617;0.0010638;0.00132777;0.00144834;-0.00352072;0.994455;0.000818387;-0.00104731;1.0011;0.0206243;0.989266;1;3;1
583.531;721.06;3.34589;5.6271;-0.00295977;-0.000313134;0.00129142;0.000212585;-0.00348549;0.994708;0.00347418;-0.00395377;0.998069;0.0199271;0.987753;1;4;1
606.531;721.06;3.29754;5.69579;-0.00382679;-0.00042051;0.00147981;0.000132569;-0.00437987;0.999399;0.00304128;-0.00424086;0.999593;0.0212836;0.988638;1;3;1
629.531;721.06;3.16924;5.78732;-0.00400434;0.000311086;0.000685684;0.000417415;-0.00411067;0.999912;-0.000576891;-0.000326601;0.997276;0.0226671;0.980328;1;4;1
652.531;721.06;3.1129;5.77277;-0.00371958;-0.000911913;0.000655562;-0.000766389;-0.00386511;0.990224;0.00218628;-0.000371085;1.001;0.0187116;0.988837;1;3;1
675.531;721.06;2.99771;5.88756;-0.0032689;0.00179275;0.00120668;0.00206571;-0.00354185;0.992558;0.00365041;-0.00314637;1.00452;0.021832;0.987764;1;3;1
698.531;721.06;2.96187;5.96793;-0.00270118;-0.00100925;-0.000908995;-0.000613473;-0.00309696;1.00312;0.00413252;-0.0078066;1.00053;0.0229939;0.980437;1;3;1
721.531;721.06;2.87318;5.98799;-0.00420545;-0.000891775;-0.000164395;-0.000883639;-0.00421359;0.992571;0.0019869;0.00718393;0.998576;0.0203625;0.984771;1;3;1
744.531;721.06;2.76797;6.03057;-0.0028871;-0.00201617;-0.000481583;-0.00180237;-0.0031009;0.990775;0.00381539;-0.00461552;1.0032;0.022745;0.985285;1;3;1
767.531;721.06;2.74013;6.05967;-0.00239898;0.00119826;-7.58673e-05;0.00119986;-0.00240058;0.99919;-0.00320313;-0.00792311;1.00617;0.025651;0.987193;1;4;1
790.531;721.06;2.65736;6.13638;-0.00569549;-0.00024688;0.000201201;-0.000239461;-0.00570291;0.994586;0.00524767;-0.000808383;1.00085;0.0239007;0.982631;1;4;1
813.531;721.06;2.47723;6.17824;-0.0048048;-0.000459117;0.000209682;-0.000449024;-0.00481489;0.995777;0.00168929;-0.00357735;0.997802;0.0250425;0.980404;1;3;1
836.531;721.06;2.43555;6.29067;-0.00336763;-0.000645169;0.00100565;-0.000313981;-0.00369881;0.993246;-0.00100858;-0.00530317;1.00675;0.0260743;0.974237;1;4;1
859.531;721.06;2.3217;6.36018;-0.00490628;-0.00163037;-0.00104015;-0.00132801;-0.00520864;1.0005;0.0076146;0.00539887;1.00302;0.0247851;0.975634;1;4;1
882.531;721.06;2.20926;6.35109;-0.00494847;-0.000497307;-0.000190328;-0.000489183;-0.00495659;0.992312;-0.00614166;-0.00638034;1.00069;0.0237562;0.976508;1;4;1
905.531;721.06;2.09348;6.40705;-0.00369689;0.000181445;0.00057968;0.000266234;-0.00378168;0.998801;0.000466088;-0.00240562;0.997692;0.0222771;0.984243;1;3;1
928.531;721.06;2.03872;6.47464;-0.00110777;0.000141661;0.000710064;0.000462705;-0.00142881;0.995564;0.00349683;-0.00176435;0.997824;0.0194093;0.986552;1;3;1
951.531;721.06;2.04235;6.52006;-0.00315297;-0.00207035;-0.000291832;-0.00199669;-0.00322662;0.999226;0.00376109;-0.00373515;0.997973;0.0223167;0.984888;1;3;1
974.531;721.06;1.89337;6.56208;-0.0078025;-0.00126274;-0.000640968;-0.00120051;-0.00786473;0.9886;0.00471095;-0.0030364;0.997682;0.0226586;0.978242;1;4;1
997.531;721.06;1.68192;6.61601;-0.00610878;-0.00146542;-0.000336949;-0.0014411;-0.0061331;0.993446;0.00562399;-0.00466427;1.00192;0.0251065;0.979908;1;4;1
1020.53;721.06;1.61131;6.69694;-0.00286974;-0.00131867;0.000678784;-0.00106357;-0.00312484;0.996403;-0.00185894;-0.00269453;1.00233;0.0231914;0.974138;1;4;1
1043.53;721.06;1.54961;6.7205;-0.00497075;-0.00312011;0.000380727;-0.00304484;-0.00504602;0.995395;-0.00937614;-0.000829809;0.990975;0.0216059;0.982089;1;3;1
1066.53;721.06;1.38206;6.74392;-0.00487418;0.00130693;-0.00130752;0.00157214;-0.00513939;0.997756;-0.000276932;-0.00133072;0.998687;0.0186441;0.987495;1;3;1
1089.53;721.06;1.32484;6.74809;-0.00415491;-0.00228001;0.00103803;-0.00181878;-0.00461614;0.992778;-0.000266991;0.000258061;0.995098;0.0229867;0.985582;1;3;1
1112.53;721.06;1.19047;6.81949;-0.0058569;-0.0014906;-0.000120148;-0.0014873;-0.00586021;0.99518;-0.00113109;-0.00399738;1.00208;0.0240972;0.986781;1;4;1
1135.53;721.06;1.05451;6.85285;-0.00572496;-0.00220022;-0.000530466;-0.00212212;-0.00580307;0.994138;0.00031584;0.0012795;0.99821;0.0229756;0.986424;1;3;1
1158.53;721.06;0.926133;6.96501;-0.00507186;-0.00132777;-0.000474563;-0.00126856;-0.00513107;0.989461;0.0057006;-0.000104497;1.00054;0.029007;0.972443;1;3;1
1181.53;721.06;0.820543;6.92836;-0.00494943;-0.00139056;-0.00122661;-0.00100876;-0.00533123;0.997429;0.00141588;-0.00185347;1.00025;0.0225778;0.986159;1;3;1
1204.53;721.06;0.697878;7.00127;-0.00514838;7.78631e-05;-0.000275048;9.22985e-05;-0.00516282;0.992789;-7.47996e-05;-0.00116163;0.993923;0.0256894;0.974797;1;3;1
1227.53;721.06;0.582997;7.02791;-0.0055452;-0.00129129;-0.000959216;-0.001085;-0.00575149;0.995582;-0.00202039;-0.00192559;1.00021;0.0234581;0.980982;1;3;1
1250.53;721.06;0.442061;7.05122;-0.00530508;-0.00164748;-6.06066e-05;-0.00164648;-0.00530608;0.994212;0.00398177;-0.00254895;0.99995;0.0232385;0.985353;1;3;1
1273.53;721.06;0.338282;7.08087;-0.00450111;-0.00180355;-0.000626386;-0.00166519;-0.00463947;0.989057;0.00162081;0.00240875;0.999584;0.0290491;0.988104;1;3;1
31.5305;698.06;5.19116;4.20991;-0.00229459;-0.00087968;0.000954568;-0.000398988;-0.00277528;0.995752;0.00106501;-0.00723321;0.997666;0.0211046;0.990343;1;3;1
54.5305;698.06;5.13825;4.2682;-0.00218853;-0.00071971;0.000940342;-0.000260973;-0.00264727;0.993456;0.000938106;-0.00226216;1.00227;0.0266555;0.981435;1;3;1
77.5306;698.06;5.09023;4.32697;-0.0042002;-0.000639548;0.000667716;-0.000518452;-0.00432129;1.00321;0.00181069;0.00045334;0.999975;0.0206382;0.990994;1;2;1
100.531;698.06;4.94454;4.36109;-0.00477972;0.000255174;-0.000599629;0.000325601;-0.00485015;0.993818;-0.00147256;-0.00190568;1.00001;0.0262879;0.981253;1;3;1
123.531;698.06;4.86975;4.41229;-0.00343091;0.000548222;0.00157002;0.00109308;-0.00397578;0.995662;0.00491298;-0.00291649;1.00365;0.0234079;0.987518;1;3;1
146.531;698.06;4.78608;4.54331;-0.00285254;-0.000977251;0.00216233;0.000441976;-0.00427177;0.990539;-0.00840164;-0.00447538;0.998701;0.025083;0.986279;1;3;1
169.531;698.06;4.7381;4.56403;-0.00165099;-0.00116562;0.0018565;0.000463986;-0.0032806;1.00216;-0.0027245;-0.00374509;1.00021;0.0240774;0.989048;1;3;1
192.531;698.06;4.70999;4.63064;-0.00370305;-0.000233947;0.00080824;-5.48844e-05;-0.00388211;0.99161;0.00769782;-0.00585677;0.998495;0.0227197;0.989125;1;3;1
215.531;698.06;4.5673;4.67728;-0.00404958;-0.000481959;-0.000721439;-0.000341593;-0.00418995;0.999112;0.000292462;0.00126814;1.00017;0.0239403;0.989118;1;3;1
238.531;698.06;4.52328;4.70211;-0.00181687;-0.000538823;0.00153497;0.000484825;-0.00284051;0.992241;-0.00298232;-0.000397407;0.995383;0.0257179;0.983841;1;3;1
261.531;698.06;4.48342;4.82229;-0.00325599;0.000595267;0.00181532;0.00131604;-0.00397676;1.00252;-0.00219558;-0.0103624;1.00122;0.021376;0.99082;1;3;1
284.531;698.06;4.37291;4.87982;-0.00289152;-0.000621141;0.00075334;-0.000393914;-0.00311875;0.993825;0.000948211;0.00055457;0.996358;0.0239427;0.988127;1;4;1
307.531;698.06;4.34997;4.97189;-0.00342816;-0.000246226;0.00155585;0.000388084;-0.00406247;0.99254;-0.00269029;-0.00272029;0.999626;0.0206687;0.991183;1;3;1
330.531;698.06;4.21487;4.96253;-0.00467231;-0.00177033;0.000588245;-0.00165563;-0.00478702;0.994844;0.00135117;0.00195591;0.999147;0.024714;0.986038;1;2;1
353.531;698.06;4.13445;5.06411;-0.00312358;-0.0018953;0.00169969;-0.000702202;-0.00431668;0.997454;0.00207664;-0.0050661;0.997142;0.0205407;0.991013;1;3;1
376.531;698.06;4.07054;5.15804;-0.00389701;-0.000508204;0.000886831;-0.000290155;-0.00411506;0.997314;0.00382899;-0.00642054;0.995414;0.0266544;0.982275;1;3;1
399.531;698.06;3.95464;5.19668;-0.00405616;-0.000230045;0.000717509;-9.99167e-05;-0.00418629;0.994354;0.00237119;-0.00184352;0.998642;0.0220438;0.987222;1;2;1
422.531;698.06;3.88349;5.25144;-0.00362059;-3.49165e-05;0.000793139;0.000132689;-0.00378819;0.99306;0.00408395;-0.0036189;0.997158;0.0204659;0.991042;1;3;1
445.531;698.06;3.78765;5.31221;-0.00241539;-0.00144452;0.00126171;-0.000578084;-0.00328182;1.0008;-0.000364268;-0.00264217;1.00031;0.0277928;0.984969;1;4;1
468.531;698.06;3.77201;5.3972;-0.00323401;-0.000685574;0.00126596;-0.000163608;-0.00375598;0.992895;0.00390849;-0.00242117;0.997735;0.0231168;0.988389;1;3;1
491.531;698.06;3.63848;5.43426;-0.00373289;-0.000549131;0.000509882;-0.000469466;-0.00381255;0.997996;-0.00173895;-0.00319413;1.00198;0.0229634;0.985982;1;3;1
514.531;698.06;3.59992;5.4708;-0.00309246;-6.5298e-05;0.00164258;0.000654724;-0.00381249;0.995613;-0.00435695;0.0012794;1.00703;0.0219758;0.985643;1;3;1
537.531;698.06;3.49589;5.53891;-0.00377588;-0.00119081;0.000466295;-0.00110927;-0.00385742;0.996615;0.000788242;-0.00563506;1.00259;0.0230961;0.987048;1;3;1
560.531;698.06;3.42582;5.55467;-0.00148116;-0.000648747;0.000807402;-0.00015659;-0.00197332;0.999389;0.000507379;0.00019135;1.00042;0.0202928;0.991515;1;3;1
583.531;698.06;3.42751;5.67376;-0.0029803;-0.000323123;0.00159138;0.000421361;-0.00372479;0.99368;0.00225929;-0.00671126;1.00185;0.0203007;0.984458;1;4;1
606.531;698.06;3.28814;5.74267;-0.00471928;-0.000308303;0.00049732;-0.000252928;-0.00477466;0.997332;-0.00358864;-0.000856773;1.00134;0.0222328;0.986478;1;3;1
629.531;698.06;3.20974;5.79774;-0.00368632;-0.000537739;0.000298885;-0.000509618;-0.00371444;1.00046;0.00324713;-0.00498508;1.00834;0.0260092;0.983033;1;4;1
652.531;698.06;3.11818;5.82337;-0.0033757;-0.00106198;-0.000500612;-0.000958307;-0.00347937;0.99009;0.000172726;0.00436217;1.00489;0.0226801;0.985974;1;4;1
675.531;698.06;3.05417;5.83815;-0.00115194;0.000530763;0.000350032;0.000600671;-0.00122185;1.00265;0.00206537;-0.00285532;0.997659;0.0199814;0.987492;1;3;1
698.531;698.06;3.06494;5.96516;-0.00293207;0.000930087;0.000566472;0.00101146;-0.00301344;0.999348;0.00142251;-0.00464429;1.00014;0.0278454;0.973217;1;4;1
721.531;698.06;2.91879;6.00754;-0.00584895;-0.000284596;0.00145041;7.07714e-05;-0.00620432;0.990835;-0.00287188;-0.0051315;1.00176;0.0264585;0.98306;1;3;1
744.531;698.06;2.79484;6.1209;-0.00470184;-0.00027961;-0.000573105;-0.000206545;-0.0047749;0.999328;0.000456393;-0.00157761;0.999561;0.0249746;0.976076;1;4;1
767.531;698.06;2.70195;6.07117;-0.00350811;-0.00146232;-5.22911e-05;-0.00146099;-0.00350944;0.993819;0.00320656;-0.00415663;0.997351;0.0216348;0.9871;1;3;1
790.531;698.06;2.63317;6.15622;-0.00248512;-0.000294606;0.000829479;-1.59551e-05;-0.00276377;0.999534;0.000419231;-0.00219291;0.998075;0.0241243;0.984292;1;3;1
813.531;698.06;2.5874;6.16141;-0.00376008;-0.000301401;-0.000833733;-0.000110917;-0.00395056;0.993209;0.0099799;-0.00147711;1.00462;0.0231707;0.981797;1;4;1
836.531;698.06;2.45977;6.25618;-0.00445521;0.000717274;0.000664598;0.000801301;-0.00453924;0.996413;0.00629031;-0.00492081;0.999277;0.0231872;0.982706;1;3;1
859.531;698.06;2.3818;6.29617;-0.00494976;0.000827411;-0.000517908;0.000873473;-0.00499582;0.995655;0.000469175;0.00334737;1.00068;0.0224019;0.985832;1;3;1
882.531;698.06;2.23139;6.36201;-0.00369395;0.000278498;0.000303831;0.000301602;-0.00371706;0.999899;0.0112999;-0.00743684;0.999024;0.0221933;0.981665;1;4;1
905.531;698.06;2.21143;6.40697;-0.00334009;0.000160288;-0.00125449;0.000563446;-0.00374325;0.990177;0.00321308;-8.48539e-05;0.999685;0.0209393;0.991849;1;4;1
928.531;698.06;2.07743;6.43233;-0.00421419;0.000751196;0.00030496;0.000769855;-0.00423284;0.998059;-0.000183557;-0.00232386;1.00168;0.0196264;0.991445;1;3;1
951.531;698.06;2.01696;6.5453;-0.00228897;-0.000719076;0.00144964;0.000144488;-0.00315253;0.998413;-0.00354659;-0.00502393;0.998982;0.0191307;0.989221;1;3;1
974.531;698.06;1.97177;6.58504;-0.00350162;-0.00171449;0.000486355;-0.0015907;-0.00362541;1.00067;-0.00262263;0.000141401;0.999169;0.0218972;0.985417;1;2;1
997.531;698.06;1.85552;6.63397;-0.00708512;-0.000594742;-0.000699559;-0.000520197;-0.00715966;0.984239;0.00339169;-0.00361092;0.996283;0.0238945;0.972158;1;3;1
1020.53;698.06;1.64461;6.66799;-0.00696198;-0.000357525;0.00085094;-0.000249649;-0.00706986;0.995592;0.00627024;-0.00557423;0.999779;0.0212366;0.98417;1;3;1
1043.53;698.06;1.53379;6.81414;-0.00389725;-0.000606327;0.000561346;-0.00051321;-0.00399036;0.998196;0.00675538;-0.000263834;1.00297;0.0273324;0.961751;1;3;1
1066.53;698.06;1.46492;6.74565;-0.00543485;-0.000733216;-0.00106558;-0.000502988;-0.00566508;0.993655;0.00254763;0.000756129;0.999737;0.0215565;0.988095;1;3;1
1089.53;698.06;1.2831;6.8252;-0.00472181;-0.00113368;0.000579272;-0.00104248;-0.00481301;0.992582;0.000826734;-0.0020296;1.00166;0.0265889;0.980643;1;4;1
1112.53;698.06;1.24701;6.87839;-0.0011531;-0.00188442;-0.000628651;-0.000791498;-0.00224602;1.00211;0.00480987;-0.00208891;0.995001;0.023899;0.986526;1;3;1
1135.53;698.06;1.22994;6.9168;-0.00524312;-0.0020844;-0.00103688;-0.00177445;-0.00555307;0.993531;0.00845308;-0.000498772;1.00309;0.0290737;0.975833;1;3;1
1158.53;698.06;1.00516;6.93672;-0.00748063;0.000356391;-0.00142959;0.000609026;-0.00773326;0.993351;-0.00174233;-0.000666552;1.00348;0.0240501;0.979687;1;3;1
1181.53;698.06;0.884498;6.97175;-0.00570236;-0.000299635;-0.00140387;4.33768e-05;-0.00604537;0.997836;0.00747246;0.000653053;1.00407;0.0215538;0.98733;1;3;1
1204.53;698.06;0.742047;7.00248;-0.00584539;0.000634769;0.000427249;0.000662816;-0.00587344;0.989932;0.00438197;-0.00145887;1.00704;0.0236753;0.979727;1;3;1
1227.53;698.06;0.61476;7.04527;-0.00567975;-0.000705077;0.000332336;-0.000682973;-0.00570185;0.991337;0.000291628;0.00227483;0.999186;0.0268508;0.981566;1;3;1
1250.53;698.06;0.479938;7.09521;-0.0056275;-0.000693608;0.000251428;-0.000680828;-0.00564028;0.997562;1.5207e-05;-0.00726106;0.998793;0.021638;0.990119;1;3;1
1273.53;698.06;0.355056;7.14416;-0.00541267;-0.00231837;-0.000216181;-0.00230334;-0.0054277;0.993325;0.00518085;0.00398476;0.999432;0.0279235;0.985226;1;3;1
31.5305;675.06;5.21175;4.21365;-0.00436069;-0.000864597;0.00110207;-0.000546192;-0.0046791;0.99607;0.00189907;-0.00193734;0.997807;0.0248387;0.986455;1;3;1
54.5305;675.06;5.11118;4.26096;-0.00270942;0.000923473;0.00113391;0.00124834;-0.00303428;0.994811;-0.00274183;0.0011904;1.00215;0.0224694;0.98911;1;3;1
77.5306;675.06;5.08684;4.31004;-0.00191294;-0.000257931;0.00240109;0.00145425;-0.00362512;1.00304;0.000647722;-0.00268846;0.996931;0.0247317;0.988028;1;3;1
100.531;675.06;5.0229;4.39714;-0.00411789;-0.0010222;0.000919312;-0.000769782;-0.00437031;0.994808;0.0015013;-0.00312149;0.994198;0.0284526;0.98214;1;4;1
123.531;675.06;4.89692;4.41166;-0.00484918;-0.00300987;0.00148545;-0.00218243;-0.00567661;0.99921;-0.0022259;-0.0124578;0.998016;0.025883;0.981535;1;4;1
146.531;675.06;4.79905;4.54839;-0.00303056;-0.00059584;0.00178377;0.000346387;-0.00397278;0.990872;0.000644428;-0.00257693;1.00061;0.0204552;0.993679;1;3;1
169.531;675.06;4.75682;4.6215;-0.00237514;-0.00135285;2.19534e-05;-0.00135238;-0.00237561;1.00503;0.00230699;-0.00237471;0.994871;0.0246694;0.988015;1;3;1
192.531;675.06;4.6896;4.62398;-0.0018492;0.000473598;0.000993808;0.000840761;-0.00221637;0.998483;-0.00342404;-0.00255944;1.00194;0.0244536;0.987523;1;3;1
215.531;675.06;4.67164;4.68354;-0.00394621;-0.00147624;0.00127925;-0.000933116;-0.00448933;0.990375;0.00107729;-0.0026426;0.998585;0.0234094;0.986234;1;3;1
238.531;675.06;4.5075;4.76202;-0.00441869;-0.00157048;0.00111576;-0.00118544;-0.00480373;1.00045;0.00139914;-0.0025824;1.00087;0.0247586;0.982979;1;3;1
261.531;675.06;4.46778;4.79824;-0.00156961;-0.000990603;0.0019411;0.000682466;-0.00324268;0.998991;0.00528211;-0.000350549;0.994636;0.0245173;0.989046;1;4;1
284.531;675.06;4.43505;4.89633;-0.00470408;-0.00163835;0.00157294;-0.00097489;-0.00536754;0.989346;0.0090278;-0.00176405;0.995798;0.0233174;0.989329;1;3;1
307.531;675.06;4.25058;4.96584;-0.00480251;-0.000104568;0.0025151;0.000987883;-0.00589496;0.999114;-0.00130748;-0.0090002;0.997512;0.0214179;0.984319;1;2;1
330.531;675.06;4.21326;5.07422;-0.00284809;-0.000985619;0.00127105;-0.000341175;-0.00349254;0.99409;0.00125143;0.00174633;0.995615;0.0236435;0.986912;1;4;1
353.531;675.06;4.11924;5.07881;-0.0024306;4.80083e-05;0.000415654;0.000115855;-0.00249845;1.00137;0.00248002;-0.00100329;1.0013;0.0212006;0.990302;1;3;1
376.531;675.06;4.10129;5.11544;-0.00332024;0.000526043;0.00101662;0.000778216;-0.00357242;0.993689;0.00139679;-0.00593999;1.00095;0.0183642;0.991125;1;3;1
399.531;675.06;3.96612;5.18774;-0.00412721;0.000560888;0.00108188;0.00079851;-0.00436483;0.995837;-0.000719881;-0.000100215;1.00259;0.0204588;0.987484;1;3;1
422.531;675.06;3.91084;5.25229;-0.00242885;0.000551234;0.00142828;0.00112522;-0.00300284;1.00229;-0.00194672;-0.006823;1.00103;0.0209667;0.991135;1;3;1
445.531;675.06;3.85398;5.34885;-0.00271078;-0.000543774;8.03246e-05;-0.0005408;-0.00271375;0.995332;0.00269412;-0.000710048;0.996619;0.0253255;0.985638;1;4;1
468.531;675.06;3.78593;5.32039;-0.00333316;0.000141136;0.00103845;0.00042786;-0.00361988;0.99447;-0.00226416;0.0010133;1.00362;0.0218315;0.988487;1;4;1
491.531;675.06;3.70027;5.45441;-0.0040034;0.000875208;0.00131652;0.00120781;-0.004336;0.994162;-0.000626607;-0.00664198;1.00365;0.0236818;0.984195;1;4;1
514.531;675.06;3.60115;5.47198;-0.0036576;-0.000534832;0.000354034;-0.000495197;-0.00369724;1.00124;0.00238246;6.346e-07;1.00016;0.0198329;0.991139;1;4;1
537.531;675.06;3.53164;5.53529;-0.00230852;-0.000373938;-0.000411944;-0.000289873;-0.00239259;0.997068;0.00297242;-0.00450109;0.997765;0.0212911;0.990441;1;4;1
560.531;675.06;3.49473;5.57157;-0.00312482;-0.000600955;0.000198909;-0.000585374;-0.00314041;1.00376;0.0020478;-0.00322853;0.998457;0.0219169;0.987739;1;3;1
583.531;675.06;3.38755;5.64199;-0.00257125;0.00143314;0.00123751;0.00178472;-0.00292282;0.989473;-0.000615779;-0.00297647;0.999652;0.0208086;0.988164;1;4;1
606.531;675.06;3.37609;5.71004;-0.00357264;0.000798368;0.00183524;0.00146673;-0.004241;1.00225;0.00418162;-0.00293533;0.999648;0.023206;0.986996;1;4;1
629.531;675.06;3.2226;5.8121;-0.00382585;-0.000655513;0.00130298;-0.000188727;-0.00429264;0.992659;-0.00156997;-0.00296258;0.996546;0.0234719;0.981873;1;4;1
652.531;675.06;3.19963;5.82173;-0.00249859;-0.000122553;-0.00069296;6.47761e-05;-0.00268592;0.9971;0.00129945;0.00384049;0.99306;0.0210005;0.991603;1;4;1
675.531;675.06;3.10749;5.86328;-0.00260234;-0.00141022;0.00052725;-0.00121049;-0.00280207;0.997538;0.00208218;-0.00769241;0.994442;0.0222026;0.983558;1;3;1
698.531;675.06;3.07964;5.92531;-0.00459186;0.0008897;0.00146048;0.00125454;-0.0049567;0.996835;-0.00209621;0.00250113;0.997573;0.0226799;0.988163;1;4;1
721.531;675.06;2.89557;6.00109;-0.00422216;-0.000669647;0.000954626;-0.000429372;-0.00446243;0.992696;0.00456127;-0.00726003;0.997438;0.021657;0.983093;1;4;1
744.531;675.06;2.88486;6.04359;-0.00249789;0.00123271;0.000604273;0.00132814;-0.00259332;0.997754;0.00602323;-0.000591325;1.00272;0.0246119;0.9848;1;4;1
767.531;675.06;2.78035;6.12701;-0.00462923;-0.00150849;9.06403e-05;-0.00150586;-0.00463186;0.989365;0.0031842;-0.000695895;0.99818;0.0266437;0.978125;1;4;1
790.531;675.06;2.6713;6.14994;-0.00273074;0.000707945;-0.000849538;0.000906376;-0.00292917;0.998734;0.00118697;-0.00447934;0.99907;0.0241239;0.984201;1;4;1
813.531;675.06;2.65452;6.19245;-0.0035065;-0.000323181;0.000759424;-0.000151292;-0.00367839;0.996591;-0.00142923;-0.00317016;0.99495;0.0242069;0.988351;1;3;1
836.531;675.06;2.50959;6.25775;-0.00386859;-0.000952815;0.000587274;-0.000838975;-0.00398243;0.991421;-0.000131931;0.0004631;0.998507;0.0225414;0.984091;1;3;1
859.531;675.06;2.47604;6.3224;-0.00470772;-0.000409634;9.45457e-05;-0.000407555;-0.0047098;0.995041;0.000760404;-0.00324357;1.00085;0.0292153;0.976636;1;4;1
882.531;675.06;2.29245;6.33836;-0.00425455;0.000472747;8.01035e-05;0.000474104;-0.00425591;0.997894;-0.00374101;-0.00313579;1.00009;0.0199798;0.989975;1;3;1
905.531;675.06;2.27984;6.40005;-0.00309872;-0.000649461;0.000199663;-0.000633292;-0.00311489;0.995422;-0.00416427;-0.00160403;0.995619;0.023175;0.987847;1;3;1
928.531;675.06;2.14957;6.44023;-0.00472712;-0.00101165;0.000265749;-0.000992743;-0.00474603;0.998843;0.00374354;-0.00145325;0.998529;0.0227367;0.986208;1;4;1
951.531;675.06;2.06162;6.55315;-0.00459457;-0.000354897;0.00153578;0.00014296;-0.00509243;0.994074;0.00210069;-0.00693442;0.996976;0.0245799;0.982053;1;4;1
974.531;675.06;1.9373;6.64104;-0.00501547;0.000678146;0.00108271;0.000877084;-0.0052144;0.997715;-0.00270631;0.000971459;1.00034;0.0197033;0.989788;1;4;1
997.531;675.06;1.83024;6.64362;-0.00484449;-0.000471569;0.00110374;-0.000208775;-0.00510728;0.994389;0.00239365;-0.00172525;1.00291;0.0221616;0.984802;1;3;1
1020.53;675.06;1.71385;6.7135;-0.00551595;-0.00101565;-0.000510182;-0.000958538;-0.00557306;0.99773;0.00122968;0.000983058;0.995261;0.0220134;0.990569;1;3;1
1043.53;675.06;1.57568;6.74841;-0.00481579;0.0020388;-0.000531228;0.00207973;-0.00485672;0.993702;0.00575093;-0.00540884;1.00215;0.0230079;0.98861;1;4;1
1066.53;675.06;1.49174;6.77779;-0.00371359;-0.00120828;-0.000745369;-0.0010033;-0.00391857;0.993382;0.00164335;0.00269504;0.999852;0.022142;0.987879;1;3;1
1089.53;675.06;1.40451;6.80033;-0.00329136;-0.000473238;-0.00110058;-9.43587e-05;-0.00367024;0.993402;-0.000743896;-0.00311333;0.996628;0.0220323;0.98364;1;3;1
1112.53;675.06;1.33991;6.9065;-0.00423772;0.000312616;0.000546735;0.000377386;-0.00430249;0.994239;0.00453642;-0.0047208;1.00085;0.0235939;0.983149;1;3;1
1135.53;675.06;1.20892;6.9491;-0.00489787;-0.00209966;0.000515857;-0.00200759;-0.00498994;0.996335;-0.00557488;0.000793903;0.998714;0.0253877;0.973857;1;4;1
1158.53;675.06;1.11403;6.949;-0.00417288;-0.00211733;-0.00106718;-0.00166349;-0.00462672;1.00017;0.00394402;-0.002054;0.997069;0.0220675;0.987667;1;3;1
1181.53;675.06;1.01656;6.94256;-0.00826307;-0.000307837;-0.0016735;2.98738e-05;-0.00860078;0.994189;0.00550699;0.00241873;0.99632;0.0244253;0.980792;1;3;1
1204.53;675.06;0.732341;6.97209;-0.00803195;-0.000992891;0.000199065;-0.000987266;-0.00803757;0.983841;0.00495698;-0.0066377;0.996668;0.0239529;0.983497;1;4;1
1227.53;675.06;0.645445;7.0604;-0.00464206;-0.000414265;0.000264913;-0.00039773;-0.0046586;0.999783;0.00395147;-0.000321097;0.99862;0.0230893;0.991164;1;4;1
1250.53;675.06;0.518174;7.0832;-0.00409597;-0.000629614;0.00166748;4.22874e-05;-0.00476787;1.00265;-0.00190734;-0.00463951;0.998085;0.0243232;0.982413;1;3;1
1273.53;675.06;0.456466;7.1878;-0.00266901;-0.00117637;0.00136129;-0.000370242;-0.00347514;0.988304;-0.0014488;-0.00708427;0.999135;0.0375629;0.962118;1;3;1
31.5305;652.06;5.18427;4.24969;-0.00233917;-0.000542458;-0.00241802;0.00113869;-0.00402032;1.00261;-0.00266073;-0.00356288;1.0015;0.0242745;0.99035;1;3;1
54.5305;652.06;5.13039;4.22574;-0.00388094;0.000120559;0.000125845;0.000124513;-0.0038849;0.985915;0.00301612;0.00242844;0.998402;0.0220022;0.990547;1;3;1
77.5306;652.06;5.00531;4.33892;-0.00365599;-0.000261703;0.00245478;0.00102548;-0.00494318;1.0034;-0.00232727;-0.00922355;1.00471;0.025955;0.986982;1;3;1
100.531;652.06;4.96154;4.40814;-0.00262389;0.00031834;0.00309901;0.00227768;-0.00458324;0.99099;-0.00303322;-0.00247721;1.00442;0.0241672;0.987011;1;3;1
123.531;652.06;4.88396;4.55096;-0.00280958;-0.0014009;0.00123759;-0.000681256;-0.00352923;0.997367;0.000195601;-0.000729225;1.00133;0.0268142;0.985173;1;3;1
146.531;652.06;4.83183;4.57075;-0.00156749;-0.000187917;0.000466535;-4.49613e-05;-0.00171045;1.00358;0.000866804;-0.00362096;0.998722;0.0225288;0.988927;1;3;1
169.531;652.06;4.81174;4.62636;-0.0032826;0.000231429;-0.000215942;0.000244649;-0.00329582;0.993497;0.00480151;0.000560054;1.00267;0.0260973;0.984526;1;3;1
192.531;652.06;4.68057;4.60887;-0.00485891;0.000660134;0.0015244;0.00105319;-0.00525196;1.00354;-0.00200409;4.87147e-05;1.00391;0.0247069;0.989419;1;3;1
215.531;652.06;4.58753;4.74524;-0.00314863;2.60007e-05;0.00176481;0.000812313;-0.00393495;0.986209;0.00248026;-0.00316368;1.00369;0.0243547;0.987051;1;3;1
238.531;652.06;4.5352;4.77441;-0.0032214;-0.00081702;-0.000214067;-0.00079811;-0.00324031;1.00214;0.0029866;-0.000773918;0.9981;0.0245896;0.988159;1;3;1
261.531;652.06;4.43894;4.86791;-0.00302185;-0.00124756;0.00206731;0.000114918;-0.00438432;0.998413;-0.00601096;-0.00798968;1.00216;0.0296049;0.983359;1;3;1
284.531;652.06;4.39563;4.95525;-0.00309556;0.000690475;0.00174632;0.00137294;-0.00377803;0.998156;-0.00491519;-0.00324096;0.998758;0.0218019;0.990446;1;4;1
307.531;652.06;4.2962;4.97673;-0.00400963;0.000979801;0.000410026;0.00101327;-0.0040431;0.996556;0.00226874;0.000192379;1.0012;0.0194584;0.990424;1;3;1
330.531;652.06;4.21079;5.00789;-0.00344354;0.00111341;0.000922275;0.00129299;-0.00362312;0.993868;-0.00249925;-0.00338849;1.00265;0.0226908;0.988767;1;3;1
353.531;652.06;4.13744;5.0619;-0.00270434;4.34896e-05;0.000930664;0.000329026;-0.00298987;0.99416;-0.0010923;-0.00252663;0.997424;0.0240431;0.988353;1;3;1
376.531;652.06;4.08605;5.13385;-0.00314974;-0.00177259;0.000770255;-0.001428;-0.00349433;0.997279;-0.000416569;0.000328759;0.996531;0.02229;0.989054;1;3;1
399.531;652.06;3.99219;5.1709;-0.0037451;-0.00187863;9.98067e-05;-0.00187331;-0.00375042;0.995837;0.00340176;-0.00155728;0.996676;0.020854;0.988146;1;3;1
422.531;652.06;3.91336;5.2261;-0.0031126;0.000662797;0.000827379;0.000836157;-0.00328596;0.99736;-0.00202696;-0.00499384;1.00326;0.0220198;0.982251;1;3;1
445.531;652.06;3.84849;5.33727;-0.00284325;0.000649084;0.000693801;0.000781868;-0.00297604;0.999168;0.00172233;-0.00182817;1.00342;0.0241524;0.984945;1;3;1
468.531;652.06;3.78208;5.39071;-0.0038891;-0.0003045;0.000260115;-0.000285723;-0.00390788;0.993336;0.00152836;-0.00309999;1.0015;0.0229356;0.984152;1;3;1
491.531;652.06;3.66921;5.39403;-0.00290011;0.00106793;0.00105504;0.00133101;-0.00316319;0.995769;0.00124918;-0.0034305;0.999929;0.0229918;0.983834;1;3;1
514.531;652.06;3.64837;5.49544;-0.000766312;-0.0015813;-1.29058e-05;-0.000766108;-0.0015815;0.999057;0.00440447;-0.00525029;0.996904;0.0200099;0.993103;1;3;1
537.531;652.06;3.63366;5.55632;-0.00290558;-5.88004e-05;-0.000428764;4.37516e-06;-0.00296876;0.998491;0.000541458;-0.000283043;0.996635;0.0210155;0.991989;1;3;1
560.531;652.06;3.51443;5.58241;-0.00393221;-0.00109316;0.000253182;-0.00107076;-0.00395461;0.998385;0.00314146;-0.00224023;0.996008;0.0181037;0.993496;1;3;1
583.531;652.06;3.45239;5.60789;-0.00487325;-0.000188388;-6.40977e-05;-0.000187511;-0.00487412;0.992877;0.0040015;-0.00138012;0.999613;0.0225514;0.985162;1;4;1
606.531;652.06;3.28955;5.70596;-0.00542885;-0.00106368;0.00229571;-7.86206e-05;-0.00641391;1.00082;-0.00482474;-0.00951506;1.00033;0.0228191;0.984892;1;4;1
629.531;652.06;3.20145;5.8279;-0.00121613;0.000391876;-0.000103221;0.000398475;-0.00122273;0.996978;0.00203198;0.00254476;0.996115;0.0255789;0.981837;1;4;1
652.531;652.06;3.23341;5.82916;-0.00200106;-0.00031816;0.000296396;-0.000267484;-0.00205174;0.995667;-0.000815261;-0.00278633;1.00168;0.0209209;0.986252;1;3;1
675.531;652.06;3.10925;5.9031;-0.00357578;-9.43277e-05;0.00016416;-8.66042e-05;-0.0035835;0.997543;0.00256778;-0.00804852;1.00415;0.0241507;0.981186;1;3;1
698.531;652.06;3.06853;5.92425;-0.00346707;0.000419752;0.00141863;0.000882446;-0.00392977;0.999294;0.00392734;0.000166936;0.999619;0.0246735;0.98222;1;3;1
721.531;652.06;2.94928;6.03836;-0.00439947;-0.000167398;7.96769e-05;-0.000165899;-0.00440097;0.990696;0.00381332;-0.00945269;0.999201;0.0218101;0.988629;1;3;1
744.531;652.06;2.86549;6.06428;-0.00323206;-0.000781476;0.000292853;-0.000746965;-0.00326657;1.00246;-0.00176277;0.00354886;0.998188;0.0247398;0.982791;1;3;1
767.531;652.06;2.80025;6.14072;-0.00191651;-0.000217663;5.10299e-05;-0.000216131;-0.00191804;0.995201;0.00523498;-0.00203634;0.99905;0.0279612;0.976491;1;4;1
790.531;652.06;2.77721;6.1239;-0.00379269;-0.000350775;-0.000920368;-0.000120124;-0.00402334;0.996669;0.00581577;-4.27193e-05;1.0047;0.02822;0.976262;1;3;1
813.531;652.06;2.62545;6.17629;-0.00522567;-0.000145348;0.00141661;0.000222962;-0.00559398;0.99735;-0.000588965;-0.00584137;1.00023;0.0251984;0.985829;1;4;1
836.531;652.06;2.53585;6.30009;-0.00371506;-0.000731071;0.000544096;-0.000634958;-0.00381117;0.998904;0.0061437;-0.00562899;0.998286;0.0236325;0.987488;1;4;1
859.531;652.06;2.45402;6.31507;-0.00507014;0.000402509;0.000264871;0.000415298;-0.00508293;0.992021;-0.000187489;0.00171355;0.9996;0.0212944;0.987236;1;3;1
882.531;652.06;2.30202;6.34033;-0.00344483;-0.000372576;0.00121536;5.00703e-05;-0.00386747;0.996685;0.00387908;-0.00244099;1.00154;0.019942;0.988413;1;3;1
905.531;652.06;2.29513;6.43693;-0.00206898;-0.000127284;0.00177921;0.000928719;-0.00312499;1.00049;-0.00139133;-0.00447012;1.00776;0.0210796;0.987221;1;4;1
928.531;652.06;2.20653;6.47907;-0.00473379;-0.000914219;0.000275973;-0.000894383;-0.00475362;0.993419;0.000920171;0.00175854;1.00106;0.0228223;0.985805;1;4;1
951.531;652.06;2.07668;6.56167;-0.00528662;0.00036937;-0.000174539;0.000374751;-0.005292;0.992935;0.00270002;-0.00391637;1.0011;0.0216803;0.983001;1;3;1
974.531;652.06;1.96264;6.55385;-0.00542697;0.00250932;-0.000375688;0.00252706;-0.00544471;0.99724;0.00371714;0.000116414;1.00426;0.0219369;0.988239;1;3;1
997.531;652.06;1.82627;6.65567;-0.00358672;0.000558802;0.000503364;0.000619047;-0.00364696;0.998763;-0.00200947;-0.00377808;0.996217;0.0206292;0.987913;1;3;1
1020.53;652.06;1.79707;6.71498;-0.00387479;0.00145308;-0.000201239;0.00146067;-0.00388238;0.997427;-0.000113709;-0.000202892;1.00635;0.0229388;0.986659;1;3;1
1043.53;652.06;1.64763;6.72059;-0.00458041;-0.000616127;-0.000243696;-0.000601202;-0.00459533;0.994055;0.000183235;-0.00655059;0.997832;0.0216946;0.987697;1;3;1
1066.53;652.06;1.58581;6.80142;-0.00290218;-0.000368745;0.000307793;-0.000331887;-0.00293904;0.999584;0.00467585;-0.00305615;0.997122;0.0192783;0.991721;1;3;1
1089.53;652.06;1.51376;6.84755;-0.0052;-0.000715832;-0.00102486;-0.000492702;-0.00542313;0.991321;0.00831029;0.00215614;1.00075;0.022375;0.983701;1;3;1
1112.53;652.06;1.34594;6.86412;-0.00625419;0.000610569;0.000777584;0.000697545;-0.00634117;0.99604;-0.000794803;-0.00626945;1.00193;0.0204148;0.987131;1;3;1
1135.53;652.06;1.22486;7.01349;-0.00538593;-0.000811871;0.000870149;-0.00065193;-0.00554587;0.991537;0.0057528;-0.00429546;0.997958;0.025095;0.983286;1;4;1
1158.53;652.06;1.0972;7.03431;-0.00351192;-0.000610058;-0.0011084;-0.000235132;-0.00388684;0.998953;-0.00357946;0.00260192;0.998215;0.0229436;0.984756;1;3;1
1181.53;652.06;1.06302;6.98626;-0.00552673;-0.000826622;9.71877e-05;-0.000824614;-0.00552874;0.995778;0.0018859;-0.00157395;1.00117;0.0251717;0.982251;1;3;1
1204.53;652.06;0.842263;7.04829;-0.00781916;-0.00288534;-0.000626137;-0.00280712;-0.00789738;0.990853;0.00403597;-0.00350514;0.99586;0.0221548;0.985639;1;3;1
1227.53;652.06;0.701857;7.06441;-0.00840917;-0.00115932;-0.00131957;-0.000926608;-0.00864188;0.99103;0.00262207;-0.000851744;0.999692;0.0248826;0.985217;1;3;1
1250.53;652.06;0.453737;7.12419;-0.0056939;-0.00139939;-0.00127817;-0.00104776;-0.00604553;1.00013;0.0177599;-0.0043775;0.999267;0.0288824;0.978957;1;3;1
1273.53;652.06;0.438991;7.19838;-0.000635736;0.000419253;0.000182343;0.00044988;-0.000666362;0.99002;0.0046928;-0.00903706;0.997452;0.0258426;0.986332;1;3;1
31.5305;629.06;5.38674;4.23894;-0.00855401;0.000245474;-0.00062373;0.000289466;-0.008598;1.00667;0.00631844;-0.00408596;0.997962;0.0251431;0.98602;1;3;1
54.5305;629.06;5.18915;4.25548;-0.00743894;-0.00156739;0.000287225;-0.00155337;-0.00745296;0.984405;0.000774086;0.000947479;0.996411;0.0256065;0.983074;1;3;1
77.5306;629.06;5.04319;4.3221;-0.00518788;0.000527894;0.00120712;0.00077237;-0.00543236;1.00181;0.000534406;-0.00776941;0.994881;0.027065;0.985599;1;3;1
100.531;629.06;4.9497;4.38255;-0.00211416;-0.000812801;0.00125435;-5.04093e-05;-0.00287655;0.994959;0.00551415;-0.00143781;0.995889;0.0253307;0.981728;1;3;1
123.531;629.06;4.94558;4.47617;-0.00255764;0.000749818;0.000382654;0.000793511;-0.00260133;1.00197;0.00678909;-0.00560665;0.999149;0.0272053;0.980431;1;3;1
146.531;629.06;4.83157;4.55705;-0.0028303;0.000319671;0.00104977;0.000637462;-0.0031481;0.996042;-0.000655891;-0.00668987;1.00247;0.0234718;0.989053;1;3;1
169.531;629.06;4.815;4.6109;-0.00354467;0.000422529;0.00043676;0.000470044;-0.00359219;0.998289;-0.00246867;0.0033035;1.00049;0.0247458;0.98987;1;4;1
192.531;629.06;4.66821;4.59363;-0.00304138;-0.000901611;-0.000497903;-0.000791428;-0.00315156;0.999452;0.00741128;-0.0044603;0.998002;0.0242078;0.988405;1;3;1
215.531;629.06;4.67483;4.68234;-0.000380965;0.000693562;0.00150876;0.00175786;-0.00144526;0.995343;0.00369066;-0.000517768;1.00127;0.0200891;0.991454;1;3;1
238.531;629.06;4.65022;4.79984;-0.00469164;0.000636074;0.000871837;0.000775114;-0.00483068;0.997228;0.00249993;-0.00342288;1.00518;0.0247349;0.988176;1;3;1
261.531;629.06;4.45818;4.85567;-0.00578844;0.000814154;0.000611659;0.00087034;-0.00584463;0.993021;0.00434162;-0.00177445;0.996378;0.0220532;0.989285;1;3;1
284.531;629.06;4.38313;4.86461;-0.00417679;0.00226791;0.000334287;0.0022852;-0.00419409;0.996816;-0.00202242;0.00390831;1.00152;0.0248997;0.986281;1;3;1
307.531;629.06;4.2656;4.92079;-0.00367114;0.00190333;0.00139254;0.00223183;-0.00399965;0.994703;-0.00173963;-0.00844118;1.00269;0.02703;0.986502;1;3;1
330.531;629.06;4.21367;5.02303;-0.00229388;0.00135476;0.00120129;0.00171476;-0.00265388;1.00137;0.00273984;-0.00691048;1.00235;0.0206403;0.987253;1;4;1
353.531;629.06;4.15969;5.07683;-0.00160719;-0.000211172;0.00125536;0.000527188;-0.00234555;0.994589;0.000171156;-0.000381287;1.0045;0.0237088;0.988731;1;3;1
376.531;629.06;4.13935;5.19707;-0.002387;0.000289988;0.00232003;0.00162995;-0.00372696;0.993537;0.00298012;-0.00291739;0.997798;0.0230267;0.986422;1;3;1
399.531;629.06;4.04933;5.27431;-0.00299253;-0.000249462;-0.000739193;-6.29486e-05;-0.00317905;1.00214;0.00275888;-0.00130351;1.00044;0.0221546;0.986821;1;3;1
422.531;629.06;4.00148;5.2219;-0.00204503;-0.000164489;-0.00110919;0.000349346;-0.00255886;0.997609;0.00977498;-0.00196298;0.995644;0.023106;0.987401;1;3;1
445.531;629.06;3.95514;5.31911;-0.00395889;0.00213532;-0.000118605;0.00213763;-0.0039612;0.998847;0.00598812;0.00307453;0.999563;0.0245535;0.983506;1;3;1
468.531;629.06;3.81887;5.33441;-0.00535483;0.000782675;0.000213136;0.000790067;-0.00536222;0.995564;0.00234142;-0.00300025;1.00018;0.0205574;0.989715;1;3;1
491.531;629.06;3.70808;5.40531;-0.00117107;-0.000256783;0.0011029;0.00047996;-0.00190781;0.99969;0.00144429;-0.00344902;1.00034;0.0243179;0.984394;1;3;1
514.531;629.06;3.76449;5.54507;-0.00107467;0.000965429;0.00146134;0.00172752;-0.00183676;1.00113;0.00231409;-0.00634365;1.00096;0.0205489;0.991785;1;3;1
537.531;629.06;3.65842;5.53817;-0.00523319;0.00156314;0.000529963;0.00160422;-0.00527426;0.996154;0.0033702;0.00676357;1.00493;0.0217049;0.990697;1;3;1
560.531;629.06;3.52307;5.62189;-0.00305341;0.00180327;0.000545683;0.00186382;-0.00311396;1.00007;-0.0026235;-0.00686998;1.00677;0.0261961;0.983512;1;4;1
583.531;629.06;3.51761;5.65084;-0.00299895;-0.00205022;0.00139954;-0.00104684;-0.00400234;0.99657;-0.000441747;-0.0036812;0.996803;0.0255684;0.981623;1;4;1
606.531;629.06;3.3847;5.75899;-0.00351316;-0.000993757;0.000604687;-0.000856142;-0.00365077;0.991453;0.00347249;0.00223438;0.998029;0.0233247;0.988847;1;4;1
629.531;629.06;3.3555;5.79427;-0.00297399;0.00109232;-0.00102434;0.00133578;-0.00321745;1.00103;0.00995433;-0.00686045;1.00081;0.0237583;0.983611;1;4;1
652.531;629.06;3.24763;5.83639;-0.00363862;-0.000236994;0.000323704;-0.000206464;-0.00366915;0.997618;0.00339949;-0.00520239;0.998988;0.0238832;0.985642;1;4;1
675.531;629.06;3.18776;5.86769;-0.00353963;0.00147667;-0.00110845;0.00171069;-0.00377365;0.995233;0.00451736;0.00111533;0.996985;0.0226916;0.986024;1;3;1
698.531;629.06;3.08446;5.90601;-0.00344405;0.000445369;0.000823307;0.000612467;-0.00361114;0.999693;0.0038334;-0.00354666;1.0007;0.0227549;0.985433;1;3;1
721.531;629.06;3.02884;6.00899;-0.00268543;0.0026501;0.000716095;0.00274454;-0.00277987;0.994354;0.000540553;-0.00252475;1.00328;0.0250999;0.978364;1;3;1
744.531;629.06;2.96044;6.07961;-0.00419329;0.000115132;-9.28334e-05;0.000117131;-0.00419529;0.997231;0.00140142;-0.00492798;1.00218;0.0218258;0.985192;1;3;1
767.531;629.06;2.83536;6.13705;-0.00365339;0.00104506;-0.000565553;0.00111218;-0.00372051;0.994537;-0.00255326;-0.00144499;0.999395;0.02258;0.986172;1;3;1
790.531;629.06;2.79199;6.16623;-0.00292444;0.000771975;-2.41473e-05;0.000772133;-0.0029246;1.00035;-0.00048413;0.0022804;0.999269;0.0275363;0.969323;1;3;1
813.531;629.06;2.7006;6.19916;-0.00419306;-0.000342763;0.000536454;-0.000269417;-0.0042664;0.991597;0.00487331;-0.00822873;0.998837;0.0227693;0.985854;1;3;1
836.531;629.06;2.59854;6.29148;-0.00452186;0.00180365;-3.2278e-05;0.00180381;-0.00452202;0.998813;0.00288817;-0.00337583;1.00632;0.0206587;0.98824;1;3;1
859.531;629.06;2.492;6.30389;-0.00641424;-0.000420498;0.000463934;-0.0003848;-0.00644994;0.992849;0.000447919;-0.00387019;0.998965;0.019646;0.989288;1;3;1
882.531;629.06;2.30248;6.3555;-0.00514015;-0.0006446;-0.000691647;-0.000540596;-0.00524416;0.992321;0.00194218;0.00140577;0.998464;0.0205452;0.990404;1;4;1
905.531;629.06;2.25483;6.40592;-0.00115204;0.00102135;0.000292188;0.00105994;-0.00119063;0.998936;0.0110867;-0.00535669;0.998708;0.0237209;0.986324;1;4;1
928.531;629.06;2.24928;6.48241;-0.00220792;0.000510607;0.000778108;0.000717564;-0.00241488;0.999011;0.00352571;-0.00465783;1.00182;0.0209323;0.987238;1;3;1
951.531;629.06;2.15297;6.53625;-0.00395867;-0.000801549;-0.000750758;-0.000632113;-0.00412811;0.995664;0.00470409;0.000201692;0.999746;0.0215095;0.987112;1;3;1
974.531;629.06;2.0668;6.52593;-0.00449704;0.000348821;-0.00130519;0.000678003;-0.00482622;0.991258;0.0121537;-0.00498441;1.00323;0.021622;0.987317;1;3;1
997.531;629.06;1.94557;6.61807;-0.00582942;0.00138108;-7.83468e-05;0.00138193;-0.00583027;0.997327;0.0118886;-0.000729228;1.00476;0.0232751;0.987573;1;3;1
1020.53;629.06;1.7977;6.64679;-0.00564263;0.000723838;0.0012438;0.000958209;-0.00587701;0.99652;0.00087498;-0.00459452;0.99581;0.0205703;0.988072;1;4;1
1043.53;629.06;1.68499;6.77689;-0.00448633;-0.000754832;7.23864e-05;-0.000753428;-0.00448773;0.996044;0.00725013;-0.00132125;1.00218;0.0214732;0.984955;1;4;1
1066.53;629.06;1.59063;6.79487;-0.00266362;0.000727988;0.000115105;0.00073189;-0.00266752;0.996562;-0.00132053;-0.0015239;1.0065;0.0235051;0.988823;1;4;1
1089.53;629.06;1.56227;6.83354;-0.00337575;8.46682e-05;0.000245877;0.000102051;-0.00339313;0.999212;-0.00128893;0.00126989;1.00141;0.0217071;0.985678;1;3;1
1112.53;629.06;1.435;6.87852;-0.00569244;-0.00118507;0.000707489;-0.00107663;-0.00580088;0.990826;0.00490986;-0.00871771;0.999985;0.0271646;0.97699;1;3;1
1135.53;629.06;1.29941;6.98655;-0.00533013;0.00202091;-0.00017205;0.00202493;-0.00533416;0.996129;0.0029609;-0.0023732;1.00112;0.024929;0.983895;1;3;1
1158.53;629.06;1.18905;6.97713;-0.00602082;0.00165753;-0.002121;0.00220446;-0.00656775;0.996901;0.00840062;0.00342459;1.00125;0.0252675;0.980814;1;3;1
1181.53;629.06;1.02161;6.9806;-0.00693077;-0.000654388;0.000985955;-0.000503149;-0.00708201;0.995605;-0.00434951;-0.00947343;0.997843;0.0245118;0.979916;1;4;1
1204.53;629.06;0.868947;7.10521;-0.00384202;-0.000996196;-0.000492853;-0.000913258;-0.00392496;0.994744;0.00559755;-0.000643151;1.00275;0.0261263;0.984232;1;3;1
1227.53;629.06;0.844343;7.11419;-0.00212695;-0.00162404;-0.00255452;0.000691372;-0.00444236;1.00054;0.0102128;-0.00202614;0.998368;0.0251066;0.988919;1;3;1
1250.53;629.06;0.770983;7.14831;-0.00555206;-0.00100551;-0.00190897;-0.000310295;-0.00624727;0.993046;8.6823e-05;-0.00110237;0.999786;0.0242945;0.988428;1;3;1
1273.53;629.06;0.588203;7.1687;-0.00791496;0.000744966;-0.000684554;0.000798745;-0.00796874;0.995519;0.00332854;-0.00116431;1.00359;0.0288962;0.97968;1;4;1
31.5305;606.06;5.27551;4.23849;-0.00381912;0.000112931;0.00219873;0.00109643;-0.00480261;0.995547;-0.00883853;0.00162697;1.00361;0.0257944;0.982721;1;3;1
54.5305;606.06;5.18742;4.29794;-0.00550568;-0.00107925;0.00024734;-0.00106547;-0.00551946;0.9918;0.000559657;-0.00626047;1.00873;0.0264482;0.987181;1;3;1
77.5306;606.06;5.02148;4.31465;-0.00405732;-0.000691127;0.00047555;-0.000625235;-0.00412322;0.997597;0.00218878;-0.00203778;1.00682;0.0212316;0.988717;1;3;1
100.531;606.06;5.00017;4.44556;5.87925e-05;-0.00343641;-0.000244077;7.57545e-05;-0.00345337;0.993637;-0.00430969;-0.00154107;1.00607;0.0222539;0.987821;1;3;1
123.531;606.06;5.02374;4.51669;-0.00282007;-2.23768e-05;0.000185086;-1.01853e-05;-0.00283226;0.994171;-0.001358;-0.00516795;1.00272;0.0284569;0.984821;1;3;1
146.531;606.06;4.87013;4.55606;-0.00467412;-0.000157895;-0.00054902;-9.21108e-05;-0.00473991;0.996333;0.0031128;-0.00168689;1.00074;0.0247892;0.992143;1;3;1
169.531;606.06;4.80814;4.60693;-0.00156221;0.000219455;0.000877415;0.000578999;-0.00192175;1.00182;0.00183792;-0.00644939;0.993433;0.025195;0.987515;1;3;1
192.531;606.06;4.79811;4.65051;-0.0033186;-0.00240129;7.80144e-05;-0.0023947;-0.00332519;0.997096;0.00129299;-0.00048365;0.99626;0.0223726;0.988287;1;3;1
215.531;606.06;4.65511;4.7134;-0.00367029;0.000320203;0.00127539;0.000692998;-0.00404309;0.99262;-0.00295637;-0.00220595;1.00276;0.0222752;0.989651;1;3;1
238.531;606.06;4.62887;4.74526;-0.00449898;0.00114253;0.00217185;0.00188177;-0.00523823;0.992907;-0.00416957;-0.00498823;0.994872;0.027516;0.976673;1;3;1
261.531;606.06;4.44754;4.83047;-0.00430486;0.000798742;0.00104855;0.00100577;-0.0045119;0.99289;-0.00461567;-0.00124415;1.00084;0.0211575;0.991267;1;3;1
284.531;606.06;4.4303;4.85106;-0.00261787;-0.000701441;-7.16465e-05;-0.000698766;-0.00262055;1.00385;0.00401545;-0.00418414;0.996911;0.0226862;0.988283;1;3;1
307.531;606.06;4.32692;4.88927;-0.00376625;-0.00102686;-0.000812345;-0.000804079;-0.00398903;0.991554;0.00533122;0.000943688;0.998214;0.0238085;0.9804;1;3;1
330.531;606.06;4.25663;4.94563;-0.00283326;0.000790629;0.00121691;0.00116135;-0.00320397;0.999114;-0.000135521;-0.00770679;1.00399;0.0214929;0.98883;1;3;1
353.531;606.06;4.19604;5.07166;-0.00403941;0.000822259;0.00148494;0.00123994;-0.00445709;0.99423;0.00132952;-0.00181381;0.998314;0.0224654;0.986555;1;3;1
376.531;606.06;4.0701;5.12051;-0.00240151;0.00330856;0.00168791;0.00377019;-0.00286314;1.00336;-0.00278798;-0.000707081;1.01379;0.0206944;0.986852;1;3;1
399.531;606.06;4.0853;5.18247;-0.000205795;0.00282685;0.000110492;0.00283087;-0.000209815;0.995586;0.0019978;-0.005357;1.00716;0.0231629;0.984792;1;3;1
422.531;606.06;4.06049;5.2339;-0.00244539;-0.00190209;0.000175874;-0.00185012;-0.00249735;0.998552;-0.00365113;-0.00152851;1.0038;0.0241535;0.988744;1;3;1
445.531;606.06;3.97264;5.23931;-0.00458147;0.000807934;0.00101805;0.000993832;-0.00476737;0.995299;-0.00404549;-0.000461686;1.0084;0.0224254;0.989105;1;3;1
468.531;606.06;3.8491;5.35476;-0.00420573;-0.000651263;0.00106628;-0.000355936;-0.00450106;0.992084;0.000381084;-0.00352835;0.997643;0.0226198;0.990218;1;3;1
491.531;606.06;3.77847;5.40598;-0.00438364;-0.000736078;0.000100213;-0.000733327;-0.00438639;0.993015;0.00284382;-0.00116787;0.997043;0.0213545;0.992086;1;3;1
514.531;606.06;3.64691;5.45105;-0.00252751;0.00123807;0.00166288;0.00186727;-0.00315671;1.00088;-0.00508928;-0.000193223;1.00145;0.0194346;0.988201;1;3;1
537.531;606.06;3.66199;5.48448;-0.00151176;-0.000292162;0.000377999;-0.000184508;-0.00161941;0.993918;-5.30517e-05;-0.00142317;0.995249;0.0203815;0.989202;1;4;1
560.531;606.06;3.57729;5.49958;-0.00435988;0.00167976;0.00164085;0.00209675;-0.00477688;0.996784;0.00459238;-0.00144582;1.00018;0.0237348;0.984935;1;3;1
583.531;606.06;3.46048;5.7023;-0.00431858;0.000334321;0.00360013;0.00229428;-0.00627853;0.999335;0.000922638;-0.00594031;0.996037;0.026996;0.976452;1;4;1
606.531;606.06;3.37751;5.75178;-0.00188363;-0.00151365;-0.000372997;-0.00128229;-0.00211499;1.00019;-0.000571844;3.135e-05;0.999886;0.0240758;0.980252;1;3;1
629.531;606.06;3.37369;5.778;-0.00217656;-0.000544685;0.00117969;7.37466e-05;-0.002795;0.99485;-0.00367553;-0.00319158;1.00207;0.0240058;0.985805;1;4;1
652.531;606.06;3.27719;5.84008;-0.00200007;0.000709168;0.000141142;0.000716501;-0.00200741;0.996909;0.00374298;-0.00853058;1.00261;0.021653;0.987543;1;4;1
675.531;606.06;3.28155;5.83555;-0.00309926;0.00159763;0.000591624;0.00167101;-0.00317264;1.00022;0.00181589;0.00276044;0.999976;0.0256829;0.982469;1;3;1
698.531;606.06;3.13436;5.90381;-0.00485176;-0.000112942;-0.000199105;-0.000104592;-0.00486011;0.994189;0.00178662;-0.00679754;1.00346;0.0238043;0.984696;1;4;1
721.531;606.06;3.05776;5.91674;-0.00285271;8.14939e-05;0.000430532;0.000143361;-0.00291458;0.999686;0.00710812;0.00405854;1.00072;0.0228745;0.984767;1;3;1
744.531;606.06;3.00269;6.05919;-0.00255998;0.00100026;0.0014467;0.00151399;-0.00307371;0.996361;0.000965427;-0.0109713;0.994536;0.0217716;0.986557;1;3;1
767.531;606.06;2.93951;6.09288;-0.00349185;0.00206422;-0.00123981;0.00232832;-0.00375596;0.997826;0.00365586;-0.00385875;1.00401;0.0203432;0.988938;1;4;1
790.531;606.06;2.84177;6.08844;-0.00515597;0.00162518;-6.44401e-06;0.00162518;-0.00515598;0.998789;-0.000964437;0.00243116;1.00395;0.0230839;0.986017;1;4;1
813.531;606.06;2.70161;6.19213;-0.00428118;-0.000176696;0.000529105;-0.000109586;-0.00434829;0.992097;0.000679502;-0.000428888;1.00366;0.0256104;0.984749;1;3;1
836.531;606.06;2.64423;6.21732;-0.00489909;7.8738e-05;0.000452113;0.000119468;-0.00493982;0.992744;-2.76133e-05;-0.00431029;0.998451;0.0218881;0.986392;1;3;1
859.531;606.06;2.47548;6.33442;-0.00380808;-0.00118631;0.000758391;-0.000982744;-0.00401165;0.998285;0.0013687;-0.00613681;0.997771;0.019309;0.991126;1;4;1
882.531;606.06;2.46847;6.37029;-0.00173866;-0.000154287;-0.0012159;0.000504723;-0.00239767;1.00083;0.00533877;-6.8408e-05;1.00486;0.0255386;0.980513;1;4;1
905.531;606.06;2.3954;6.39008;-0.00440138;-9.59851e-05;-0.000445463;-5.03778e-05;-0.00444698;0.994685;-0.00169186;-0.00230979;1.00279;0.0224358;0.990216;1;4;1
928.531;606.06;2.26548;6.45563;-0.00445153;-0.000309823;0.00122823;2.70182e-05;-0.00478837;0.990654;-0.00116219;-0.00262226;0.997414;0.0208078;0.98745;1;3;1
951.531;606.06;2.18969;6.59869;-0.00216999;7.83118e-05;-8.70746e-06;7.83455e-05;-0.00217002;1.00267;-0.00115473;0.00141394;0.997633;0.0219044;0.985119;1;3;1
974.531;606.06;2.16548;6.53826;-0.00508364;-0.0018008;-0.000951314;-0.00154505;-0.00533939;0.995973;-0.00194365;-0.00298592;0.994688;0.0208335;0.989908;1;3;1
997.531;606.06;1.95525;6.59237;-0.00700612;-0.000894097;0.000152743;-0.000890282;-0.00700993;0.992165;0.00685885;-0.00310027;0.99552;0.0208842;0.99029;1;4;1
1020.53;606.06;1.84183;6.68172;-0.00358873;-0.00169458;0.000328208;-0.00163932;-0.00364399;0.995245;0.00951893;-0.00309451;0.999304;0.023166;0.98613;1;4;1
1043.53;606.06;1.78958;6.75555;-0.0045486;0.000330384;-0.000890281;0.000487759;-0.00470598;0.997535;0.00199968;-0.000558278;0.997362;0.022477;0.986621;1;3;1
1066.53;606.06;1.63204;6.76797;-0.00465174;-0.000699119;-0.00091195;-0.00049886;-0.004852;0.99318;0.00631261;-0.000361415;0.993756;0.0227352;0.985574;1;3;1
1089.53;606.06;1.57501;6.8437;-0.00428676;-0.000602465;0.00107701;-0.000310731;-0.00457849;0.997682;0.00319905;-0.00572802;1.00479;0.0239395;0.98721;1;4;1
1112.53;606.06;1.43418;6.91875;-0.00509198;-0.00139196;0.000718492;-0.00125733;-0.00522661;0.991473;0.000680276;0.00125429;0.999942;0.0231033;0.987469;1;3;1
1135.53;606.06;1.34012;6.92077;-0.00318253;0.00117384;-0.000593973;0.00125337;-0.00326206;0.999639;-2.23249e-05;-0.00286103;1.0021;0.0212531;0.986914;1;3;1
1158.53;606.06;1.28753;6.95852;-0.00519189;1.00991e-05;-0.000428811;4.521e-05;-0.005227;0.996697;0.00211166;0.000856905;1.00169;0.0220667;0.988733;1;2;1
1181.53;606.06;1.10057;7.01639;-0.00575673;-0.000979699;-0.000334965;-0.000956326;-0.0057801;0.994536;0.00711119;-0.00511078;0.998737;0.0237988;0.991522;1;3;1
1204.53;606.06;1.02175;7.09448;-0.00260324;0.00123385;-0.00133756;0.00165408;-0.00302348;0.99352;-2.64116e-06;0.000167122;0.997907;0.0223947;0.984555;1;3;1
1227.53;606.06;0.980495;7.14003;-0.00729017;-7.09566e-05;-0.000154533;-6.76502e-05;-0.00729347;0.99889;-0.00729318;0.00129514;0.999573;0.0221133;0.98407;1;3;1
1250.53;606.06;0.685107;7.17105;-0.00945215;-0.000216004;0.000160065;-0.000213231;-0.00945492;0.984387;0.000512423;-0.00780869;0.995997;0.0283215;0.978916;1;3;1
1273.53;606.06;0.543616;7.16424;-0.00613284;0.00151728;-0.000394123;0.00153753;-0.00615309;0.994941;-0.00165528;0.00468811;0.999336;0.0337782;0.983618;1;3;1
31.5305;583.06;5.30303;4.23382;-0.00261264;-0.00107731;0.00148724;-0.0001713;-0.00351865;0.993682;0.00238668;-0.00204628;0.992875;0.0262614;0.983651;1;3;1
54.5305;583.06;5.24275;4.30518;-0.00337449;-0.000763672;-0.000548414;-0.000653154;-0.00348501;0.992797;0.00630843;-0.00377029;0.993455;0.0246086;0.991126;1;3;1
77.5306;583.06;5.14739;4.35403;-0.00149135;-0.000924537;0.000532695;-0.000604551;-0.00181134;1.00349;0.00989015;-0.00591752;0.990759;0.0273543;0.981592;1;4;1
100.531;583.06;5.17349;4.54145;-0.00234297;0.000635308;0.000454785;0.000703206;-0.00241087;0.994368;0.00683293;-0.00393455;0.993178;0.0308734;0.986038;1;3;1
123.531;583.06;5.03932;4.4773;-0.0043496;0.000104879;0.000256251;0.000119571;-0.00436429;0.99201;-0.00293674;0.00389214;1.00001;0.0246237;0.989278;1;3;1
146.531;583.06;4.97297;4.56453;-0.00456308;-0.0011461;-0.000162216;-0.00113842;-0.00457076;0.994898;0.00412645;-0.000919291;0.998218;0.0250169;0.986108;1;4;1
169.531;583.06;4.82877;4.6008;-0.00445043;0.000510682;0.000873463;0.000659973;-0.00459972;1.006;0.00447895;-0.00993089;1.00566;0.0244109;0.987874;1;3;1
192.531;583.06;4.76758;4.70433;-0.00383033;0.000508421;0.00108112;0.000762886;-0.0040848;0.996842;0.00144301;0.00307844;0.998865;0.0245309;0.984706;1;3;1
215.531;583.06;4.65219;4.66762;-0.00434531;-0.000789938;-0.000494472;-0.000722449;-0.0044128;0.99146;0.00218188;-0.00188825;0.996187;0.0251024;0.984779;1;3;1
238.531;583.06;4.56724;4.74739;-0.00399836;0.000285779;0.00228621;0.00127664;-0.00498922;0.9966;0.00451301;-0.00293944;0.999805;0.0211446;0.990214;1;3;1
261.531;583.06;4.46764;4.81894;-0.00256925;-0.0011075;0.000534482;-0.00093292;-0.00274383;0.989618;0.00914738;0.00485991;1.00212;0.0254117;0.982808;1;3;1
284.531;583.06;4.44866;4.89693;-0.000694403;-0.000656689;0.002111;0.00143554;-0.00278663;1.00877;-0.00249485;-0.00685574;1.0021;0.0245838;0.986279;1;3;1
307.531;583.06;4.43545;4.96837;-0.00356152;-0.000881236;0.0007214;-0.000699407;-0.00374335;0.989388;0.00189603;-0.00122748;0.996296;0.0200228;0.990994;1;3;1
330.531;583.06;4.28445;4.98673;-0.00514183;-0.000502088;0.00112517;-0.000243624;-0.00540029;0.998059;-0.00183115;-0.00134584;1.00043;0.0262257;0.985121;1;3;1
353.531;583.06;4.19826;5.03904;-0.00410605;0.000222826;0.000246355;0.000236801;-0.00412002;0.993425;-0.000929327;0.00178599;0.999738;0.0230217;0.98655;1;3;1
376.531;583.06;4.09514;5.04515;-0.000982857;-7.99893e-05;0.000119316;-6.44877e-05;-0.000998359;1.00181;0.00220511;-0.00692987;0.988782;0.0237361;0.981449;1;3;1
399.531;583.06;4.1529;5.14458;-0.00113509;0.0028914;0.00223854;0.00388885;-0.00213253;0.992664;0.00343771;-0.00552812;0.99939;0.0237491;0.983789;1;3;1
422.531;583.06;4.04214;5.3095;-0.00369162;0.00198499;0.00192139;0.00257418;-0.00428081;1.00184;-0.000847643;-0.00550651;0.998622;0.0247221;0.979031;1;3;1
445.531;583.06;3.98257;5.28197;-0.00335268;-0.00196821;0.000861155;-0.00155556;-0.00376534;0.996341;0.00231723;0.00905927;0.995599;0.0223945;0.987378;1;3;1
468.531;583.06;3.88762;5.36443;-0.00405349;-0.00113862;0.000876343;-0.000895441;-0.00429667;1.00022;0.000202904;-0.00991969;1.00074;0.0231728;0.988751;1;3;1
491.531;583.06;3.79546;5.43926;-0.00428507;-0.000327013;0.000609684;-0.000235228;-0.00437686;0.988002;-0.000476025;0.00364565;1.00262;0.0238115;0.987417;1;3;1
514.531;583.06;3.68992;5.48821;-0.00267332;0.0006375;0.00014601;0.000643927;-0.00267975;1.00237;0.0040711;-0.00394725;0.997074;0.0208005;0.98879;1;3;1
537.531;583.06;3.67218;5.55161;-0.00215609;0.00010176;0.000450228;0.000188227;-0.00224256;0.99279;0.00112112;-0.00192411;0.998726;0.0254643;0.981918;1;3;1
560.531;583.06;3.59059;5.54473;-0.00506876;-0.00110524;0.00104327;-0.000847409;-0.00532659;1.00035;-0.000873081;-0.000644795;0.997318;0.0230901;0.986185;1;2;1
583.531;583.06;3.43835;5.63553;-0.00206097;0.00109147;0.00234275;0.00233889;-0.00330839;0.990492;0.00588722;-0.00581833;1.00209;0.0260628;0.980321;1;4;1
606.531;583.06;3.49481;5.82881;-0.00223243;0.000106262;0.000636169;0.000268111;-0.00239428;0.999766;0.00340846;-0.00877128;0.997874;0.0264388;0.978418;1;4;1
629.531;583.06;3.33517;5.81933;-0.00439221;-5.83633e-05;-0.000362023;-2.83303e-05;-0.00442224;0.993231;-0.00107203;0.00335486;0.996382;0.0231467;0.985469;1;3;1
652.531;583.06;3.29232;5.8038;-0.00299495;0.00132056;-0.000596234;0.00140142;-0.00307581;0.998026;-0.00319741;0.00344074;0.994566;0.023731;0.987892;1;3;1
675.531;583.06;3.19719;5.79426;-0.0023393;-0.000701172;0.000809433;-0.000368696;-0.00267178;0.991208;0.00530073;-0.00518747;0.995242;0.0237583;0.987644;1;4;1
698.531;583.06;3.18446;5.91131;-0.00112439;0.000168848;0.00157886;0.00122837;-0.00218391;1.00138;-0.00122642;-0.0026263;0.999967;0.0235417;0.989143;1;3;1
721.531;583.06;3.14496;6.00538;-0.00391682;-0.00129486;-0.00014384;-0.001287;-0.00392469;0.993552;-0.00219363;-0.000496095;0.996773;0.0221827;0.986951;1;4;1
744.531;583.06;3.00377;6.03364;-0.00359561;0.000926129;-0.00045359;0.000971182;-0.00364066;0.99818;0.00369535;-0.00348812;1.00105;0.0200818;0.986733;1;4;1
767.531;583.06;2.97924;6.04242;-0.00241482;0.000673137;0.000271729;0.000696866;-0.00243855;0.998491;0.00249579;0.00114814;1.00253;0.0218546;0.986196;1;3;1
790.531;583.06;2.89251;6.09165;-0.00429122;-0.00112884;0.000972616;-0.000853651;-0.00456641;0.997367;0.00312406;-0.00892374;0.995745;0.0231475;0.978021;1;4;1
813.531;583.06;2.78113;6.20736;-0.00417275;-0.00087153;0.000742968;-0.000712025;-0.00433226;0.990751;0.0046401;0.00211708;0.994722;0.0222488;0.985794;1;3;1
836.531;583.06;2.69974;6.28797;-0.00445829;-0.00115148;2.05429e-05;-0.00115135;-0.00445842;0.994785;0.00403649;-0.00346665;0.996377;0.0229258;0.98728;1;3;1
859.531;583.06;2.57533;6.35856;-0.00497444;0.000598879;-0.0011275;0.000818335;-0.0051939;0.999869;0.00264581;-0.00332679;1.00163;0.0226458;0.982701;1;4;1
882.531;583.06;2.47029;6.36291;-0.00419984;0.000983753;-0.00035345;0.00100774;-0.00422382;0.991998;-0.000623288;0.00012189;0.998272;0.0205422;0.987907;1;4;1
905.531;583.06;2.38171;6.41051;-0.00270994;-0.000486544;0.0001679;-0.000473937;-0.00272255;1.00092;0.00400027;-0.00268986;0.994953;0.0208792;0.984026;1;4;1
928.531;583.06;2.34526;6.49676;-0.00314627;-0.00102533;0.000101662;-0.00102047;-0.00315114;0.990714;0.00136461;-0.00263538;1.00038;0.0238899;0.986466;1;3;1
951.531;583.06;2.23659;6.53273;-0.00426702;0.00248018;0.000324751;0.00249577;-0.00428261;1.00012;-0.000954515;-0.00611284;1.00471;0.0195512;0.988625;1;3;1
974.531;583.06;2.14842;6.60892;-0.00348622;-0.000692537;0.00120805;-0.000242613;-0.00393614;0.998861;-0.00373985;-0.00229744;0.996551;0.0216223;0.987621;1;3;1
997.531;583.06;2.07576;6.6594;-0.00471462;-0.00157324;-0.000493703;-0.00149747;-0.00479038;0.994387;0.000106435;0.000196125;0.997134;0.0218612;0.985561;1;4;1
1020.53;583.06;1.93089;6.725;-0.00480797;-0.00118767;-0.000465992;-0.00112865;-0.00486699;0.991206;0.00140229;-0.00690971;0.999071;0.0218068;0.985946;1;3;1
1043.53;583.06;1.85395;6.762;-0.00363145;-0.000674494;0.000229954;-0.000656718;-0.00364923;1.00233;0.00348355;-0.00113379;1.00366;0.0215998;0.986831;1;3;1
1066.53;583.06;1.76343;6.82736;-0.0051984;-0.000912695;-0.000766352;-0.000779781;-0.00533131;0.991062;0.00442968;0.00013;0.996874;0.023479;0.982412;1;3;1
1089.53;583.06;1.61409;6.8613;-0.0068754;-0.000350838;3.24859e-05;-0.000350676;-0.00687557;0.994592;0.00531799;-0.00277146;0.992741;0.0242455;0.988364;1;3;1
1112.53;583.06;1.44592;6.9426;-0.00476809;0.000804311;-0.00140099;0.00113672;-0.00510049;0.999463;0.0094048;-0.000739764;1.00096;0.0254893;0.986932;1;3;1
1135.53;583.06;1.39418;6.93268;-0.00262851;-0.000171312;-0.00131632;0.000400688;-0.00320051;0.995601;0.00783197;-0.00168907;0.996081;0.0256194;0.98556;1;3;1
1158.53;583.06;1.32483;6.97687;-0.00444347;-0.000487688;6.38532e-05;-0.000486657;-0.0044445;0.996708;0.00473096;-0.000906931;1.00087;0.0227292;0.987534;1;3;1
1181.53;583.06;1.18923;7.026;-0.00451881;-0.000167259;-0.00026365;-0.000151343;-0.00453473;1.0003;0.000729152;-0.000353821;1.00006;0.0242046;0.984122;1;3;1
1204.53;583.06;1.11644;7.04915;-0.00549228;-8.61475e-05;-0.000234816;-7.59674e-05;-0.00550246;0.987508;0.00592483;-0.003292;0.999739;0.0228674;0.979674;1;3;1
1227.53;583.06;0.935792;7.11755;-0.00727232;0.000455929;0.000523335;0.000491207;-0.0073076;0.996913;0.00575381;0.000135075;1.00147;0.0208092;0.987776;1;2;1
1250.53;583.06;0.780556;7.15825;-0.00703661;-4.14535e-05;-0.00293231;0.00102512;-0.00810318;0.994612;0.00512141;-0.00539256;0.997656;0.0229906;0.986219;1;3;1
1273.53;583.06;0.610957;7.09897;-0.00734338;-0.00205092;-0.00291383;-0.000761039;-0.00863326;0.987533;-0.00151258;0.0113246;0.99889;0.033082;0.979902;1;3;1
31.5305;560.06;5.28125;4.28808;0.00336894;-0.000548182;0.00063888;0.00347051;-0.000649749;1.00255;0.00234321;-0.0050648;0.999936;0.025459;0.988144;1;4;1
54.5305;560.06;5.35856;4.3334;-0.00157263;-0.000820058;0.000502039;-0.000568942;-0.00182375;0.995728;-0.00591927;-2.55069e-05;1.00188;0.0229451;0.992248;1;3;1
77.5306;560.06;5.2088;4.35758;-0.00599538;-0.000771276;0.000924371;-0.000612538;-0.00615412;0.995867;0.00203371;-0.00156197;0.998593;0.0264405;0.989454;1;4;1
100.531;560.06;5.08187;4.41642;-0.00401994;0.00105685;0.00243858;0.00203841;-0.0050015;0.990711;-0.00258267;-0.00515695;1.00011;0.0264932;0.987926;1;3;1
123.531;560.06;5.02325;4.51186;-0.00157296;7.02526e-05;0.00191818;0.00133538;-0.00283808;0.999562;-0.0037873;0.000379246;1.00513;0.0248367;0.983266;1;3;1
146.531;560.06;5.00905;4.60903;-0.00336991;0.00122612;0.00107688;0.00146593;-0.00360972;0.994138;-0.00194961;-0.00110086;1.00617;0.0250738;0.986694;1;4;1
169.531;560.06;4.86792;4.58348;-0.00528325;0.000461776;0.000260603;0.000473573;-0.00529505;0.99899;-0.00488055;-0.00303542;0.9986;0.0243123;0.98749;1;4;1
192.531;560.06;4.76537;4.62714;-0.0026834;0.00164423;0.0021965;0.00256371;-0.00360288;0.988326;-0.00726911;-0.00290535;1.00257;0.0301884;0.981136;1;4;1
215.531;560.06;4.74401;4.74984;-0.00424287;-0.000814199;0.00113653;-0.000471681;-0.00458539;0.994503;0.0018687;0.000921353;0.99603;0.0224499;0.99104;1;3;1
238.531;560.06;4.56967;4.73215;-0.00424806;-0.00213318;0.00081689;-0.0018544;-0.00452684;0.993082;-0.00160043;-0.00415516;0.996851;0.0234483;0.991914;1;3;1
261.531;560.06;4.548;4.88155;-0.00399287;-5.97221e-05;0.00040958;-1.7523e-05;-0.00403507;0.999488;-0.000419734;-0.00713804;0.992984;0.0259837;0.982507;1;3;1
284.531;560.06;4.38538;4.8813;-0.00428686;-8.83935e-05;0.000392686;-5.19811e-05;-0.00432328;0.993706;-0.00050831;0.0016126;0.997988;0.0269405;0.985267;1;3;1
307.531;560.06;4.35035;4.92983;-0.00350953;0.00148253;0.00173731;0.00202762;-0.00405462;0.9967;-0.000369495;-0.00148484;1.00675;0.0259621;0.987036;1;3;1
330.531;560.06;4.22358;4.96875;-0.0025665;-0.000663219;0.000438052;-0.000567239;-0.00266248;0.995285;0.00257106;0.00400185;0.995297;0.0272114;0.983271;1;3;1
353.531;560.06;4.23195;5.06142;-0.00127244;-0.000144295;0.00176156;0.0011413;-0.00255804;0.997813;0.000711982;0.000436277;1.00113;0.022797;0.988989;1;3;1
376.531;560.06;4.16474;5.12429;-0.0018984;-0.000797686;-0.00124091;9.43493e-06;-0.00270552;0.998471;0.00639881;-0.00783558;1.00126;0.0246703;0.988403;1;3;1
399.531;560.06;4.14454;5.0497;-0.00311459;0.000285797;0.000763618;0.000449409;-0.0032782;0.991758;0.00134478;0.00520639;0.997882;0.0259212;0.984612;1;3;1
422.531;560.06;4.02125;5.1427;-0.00424149;0.000986067;0.0026558;0.00209856;-0.00535399;0.998332;-0.000372757;-0.00408731;1.00021;0.0239082;0.986381;1;3;1
445.531;560.06;3.94816;5.32995;-0.00205389;-0.00101977;0.00274947;0.00126084;-0.0043345;0.997743;-0.00366521;-0.00575607;1.00236;0.0247568;0.982811;1;4;1
468.531;560.06;3.92591;5.40724;-0.00220757;3.98837e-05;0.000436586;0.000121714;-0.0022894;1.00037;0.00310008;-0.0038841;0.997969;0.0203172;0.989038;1;3;1
491.531;560.06;3.84641;5.42107;-0.0038998;-0.000500772;-0.000810991;-0.000317189;-0.00408338;0.999672;0.00114207;0.000752581;0.99928;0.0258517;0.981232;1;3;1
514.531;560.06;3.74616;5.42184;-0.00367244;0.000416911;-0.000322967;0.000442261;-0.00369779;0.991511;-0.00217103;-0.000401518;1.00797;0.0230838;0.985944;1;4;1
537.531;560.06;3.67713;5.4798;-0.00392515;0.000386357;0.00180601;0.00104289;-0.00458168;0.998877;-6.02839e-05;-0.00272302;1.00186;0.0272576;0.980726;1;3;1
560.531;560.06;3.56507;5.55045;-0.00319781;-0.000147385;0.00150858;0.000472648;-0.00381784;0.999385;0.0016614;-0.00440127;1.00359;0.0252289;0.98036;1;3;1
583.531;560.06;3.52947;5.65217;-0.00133743;0.00166775;0.000783997;0.00185999;-0.00152966;0.994491;-0.000956301;-0.00280723;0.997109;0.0225273;0.986225;1;3;1
606.531;560.06;3.50309;5.74707;-0.0031962;0.00362727;0.00176532;0.00405692;-0.00362585;1.00196;-0.0026669;-0.00293118;1.0022;0.0238881;0.984174;1;4;1
629.531;560.06;3.38203;5.78069;-0.00425268;0.00107949;-0.000676644;0.00116402;-0.0043372;0.996822;0.00183168;-0.00461207;1.00361;0.024432;0.981302;1;4;1
652.531;560.06;3.30703;5.77938;-0.00146302;-0.000213218;-0.000193937;-0.000183815;-0.00149242;0.99845;0.0040672;0.00226621;1.0034;0.0236935;0.986397;1;2;1
675.531;560.06;3.3146;5.86782;-0.00231357;-0.00255427;-0.00111591;-0.00131154;-0.00355629;0.992482;-0.000813589;-0.00433935;1.00195;0.0237156;0.983509;1;3;1
698.531;560.06;3.20034;5.89609;-0.00262209;0.000855207;3.62514e-05;0.000855585;-0.00262247;1.00137;0.00242963;-0.00257401;1.00336;0.0237414;0.980797;1;3;1
721.531;560.06;3.19369;5.97655;-0.00257074;0.00173671;-2.04019e-05;0.0017368;-0.00257084;0.996528;0.00517053;-0.00215848;1.006;0.0232432;0.981334;1;3;1
744.531;560.06;3.08177;6.01668;-0.00479241;0.000649371;-0.000756382;0.000752548;-0.00489559;0.995123;0.00111135;-0.00382569;1.0008;0.0207648;0.984579;1;3;1
767.531;560.06;2.97263;6.06194;-0.00356404;0.000302219;0.000698691;0.000424609;-0.00368643;1.00016;-0.00410039;0.00224587;0.999972;0.0235371;0.983866;1;3;1
790.531;560.06;2.91737;6.14046;-0.00309023;-0.00140162;0.00112324;-0.00084075;-0.0036511;0.997559;0.00602016;-0.00883747;0.997212;0.0248683;0.981963;1;4;1
813.531;560.06;2.82995;6.23241;-0.00267332;0.000581402;0.000389174;0.00062729;-0.00271921;0.99741;0.00032514;-0.000160462;1.0047;0.0216009;0.98641;1;3;1
836.531;560.06;2.79405;6.27057;-0.00379271;0.000622079;-0.00040306;0.000658576;-0.0038292;0.995372;0.00439772;-0.00182955;1.00248;0.0201105;0.988072;1;3;1
859.531;560.06;2.65509;6.30723;-0.00521835;0.000311809;-0.000641576;0.000385266;-0.00529181;0.992252;0.0063901;0.000116263;1.00158;0.0232491;0.984698;1;4;1
882.531;560.06;2.55334;6.32514;-0.00305843;-0.000206523;-0.000179741;-0.000195239;-0.00306971;1.00113;0.00438489;-0.0046421;0.997054;0.0213318;0.985865;1;4;1
905.531;560.06;2.51406;6.41262;-0.00378451;-0.00016406;0.000278405;-0.000142776;-0.00380579;0.993739;0.00209334;-0.00083564;1.00251;0.0229394;0.985329;1;4;1
928.531;560.06;2.37858;6.50296;-0.00523411;0.000512871;-0.00150986;0.000885399;-0.00560664;0.996407;0.00833886;-0.0070072;1.00149;0.024148;0.983993;1;3;1
951.531;560.06;2.2726;6.48482;-0.00428535;0.000639289;-0.00111279;0.000879064;-0.00452513;0.996838;0.0124429;-0.000116007;1.00154;0.0229982;0.991928;1;3;1
974.531;560.06;2.18098;6.57013;-0.00336213;0.000613026;0.00128386;0.000991617;-0.00374073;1.0011;0.00489994;-0.000303934;1.00526;0.0212496;0.98675;1;3;1
997.531;560.06;2.11733;6.66508;-0.0041821;-0.000324523;0.00104884;-5.77944e-05;-0.00444883;0.992806;0.00469684;-0.00681949;1.00485;0.0239092;0.985197;1;4;1
1020.53;560.06;1.98789;6.73662;-0.00533687;0.000814812;0.000701906;0.000893883;-0.00541594;0.991437;0.00219228;-0.00247493;1.00376;0.0179295;0.989494;1;3;1
1043.53;560.06;1.87101;6.78666;-0.00401799;-0.00125765;-0.000329986;-0.00121875;-0.00405689;0.999301;0.00123286;-0.000722773;0.999193;0.0203165;0.991663;1;3;1
1066.53;560.06;1.80263;6.81029;-0.00396935;0.000796273;-0.000405144;0.000830471;-0.00400354;0.996068;-0.00177245;-0.00126229;1.0018;0.0222894;0.986361;1;3;1
1089.53;560.06;1.688;6.85998;-0.00362618;-0.00128065;-0.00084091;-0.00101033;-0.0038965;0.999827;0.000478184;-0.0025017;0.998886;0.026415;0.978696;1;3;1
1112.53;560.06;1.63547;6.88221;-0.0041664;-0.00062226;-0.000690891;-0.000492341;-0.00429632;0.993067;0.00176419;0.00325726;0.998071;0.0245013;0.981727;1;3;1
1135.53;560.06;1.49589;6.92891;-0.00563718;-0.000663566;-0.000410654;-0.000629888;-0.00567086;0.994671;-0.000272964;-0.00719057;1.00407;0.0197327;0.99028;1;3;1
1158.53;560.06;1.37532;6.98104;-0.00646291;-0.00129663;0.00054209;-0.00124036;-0.00651918;0.993138;0.00294322;-0.0014204;0.999038;0.0199726;0.988712;1;3;1
1181.53;560.06;1.19753;7.02418;-0.00519612;-0.00037249;0.000201782;-0.000364064;-0.00520454;0.995041;0.00472225;-0.000669561;1.00005;0.0214623;0.9863;1;3;1
1204.53;560.06;1.13552;7.09859;-0.00337457;0.000395198;-8.38462e-05;0.000397062;-0.00337643;0.99724;0.00511087;-0.00366792;0.998913;0.02062;0.987133;1;3;1
1227.53;560.06;1.04194;7.1191;-0.00428149;-0.000483672;-0.00166014;0.000139705;-0.00490487;0.998945;0.00387758;-0.00030627;1.00056;0.0210306;0.989454;1;2;1
1250.53;560.06;0.938087;7.17366;-0.00752041;0.000192081;-0.000877764;0.000290719;-0.00761904;0.997218;0.00640098;0.000467888;1.00529;0.0238276;0.985512;1;3;1
1273.53;560.06;0.694479;7.25893;-0.0105287;-4.45799e-05;-0.000956376;4.1948e-05;-0.0106152;0.980935;0.00954147;-0.00395739;0.992507;0.0321307;0.975236;1;4;1
31.5305;537.06;5.33474;4.25906;-0.00297565;0.0011382;0.00108686;0.00140769;-0.00324515;0.99788;0.000532213;-0.000560544;0.999566;0.0234414;0.985595;1;3;1
54.5305;537.06;5.26604;4.34292;-0.00410597;0.000233893;0.00189844;0.000947132;-0.00481921;0.989344;0.00325054;-0.00176909;0.995109;0.0220083;0.992192;1;3;1
77.5306;537.06;5.14529;4.38952;-0.00352605;5.60908e-05;0.00181848;0.000817431;-0.00428739;1.005;0.000679654;-0.00192217;0.998673;0.0271804;0.982152;1;4;1
100.531;537.06;5.10331;4.49291;-0.0019485;-0.000873312;6.63027e-05;-0.000869238;-0.00195258;0.994717;0.00313524;-0.00383678;0.995302;0.0208576;0.990962;1;3;1
123.531;537.06;5.05549;4.47407;-0.00342456;0.000977645;-0.000222939;0.000988906;-0.00343582;1.00074;0.00203951;-0.00308515;0.998539;0.0269391;0.982145;1;3;1
146.531;537.06;4.94551;4.50817;-0.00504125;0.00268591;0.0017943;0.00308223;-0.00543757;0.989231;-0.00128359;-0.00257692;1.00434;0.0241353;0.98802;1;3;1
169.531;537.06;4.82289;4.57957;-0.00462661;4.69708e-05;0.00166288;0.00057824;-0.00515788;0.997966;0.00341444;-0.00167491;0.997246;0.028736;0.979194;1;3;1
192.531;537.06;4.73203;4.62877;-0.00369238;0.000272815;0.00127334;0.000646506;-0.00406607;0.993528;0.0050283;-0.003652;0.995341;0.0267539;0.982508;1;3;1
215.531;537.06;4.65255;4.70509;-0.00233993;0.00128227;0.00274262;0.00275782;-0.00381547;1.00238;-0.00207591;-0.0061605;1.00186;0.0257069;0.984404;1;3;1
238.531;537.06;4.62376;4.84566;-0.00158243;0.000105937;-7.02726e-05;0.000108857;-0.00158535;0.990671;0.00131432;-0.00314849;1.00142;0.0252716;0.984477;1;3;1
261.531;537.06;4.57955;4.82182;-0.00353429;0.00247622;0.000481349;0.00251453;-0.00357259;0.99548;0.00536209;0.00144446;1.00039;0.0219522;0.990911;1;3;1
284.531;537.06;4.46086;4.901;-0.00469658;-0.000386367;0.000314775;-0.000363501;-0.00471944;0.989822;0.0038438;-0.00342215;0.994859;0.0254207;0.98374;1;3;1
307.531;537.06;4.36293;4.90028;-0.00184247;-5.57157e-05;0.00125721;0.000593209;-0.00249139;0.993968;0.00136467;0.00681454;0.999299;0.0263747;0.985206;1;3;1
330.531;537.06;4.37588;5.01734;-0.00371041;-0.000939354;0.00033754;-0.000898831;-0.00375094;0.998067;0.00460984;-0.00208705;1.00069;0.0233075;0.990209;1;3;1
353.531;537.06;4.19171;5.04568;-0.00386316;0.0010099;0.000414394;0.00104489;-0.00389814;0.998227;0.00288837;-0.000452161;1.00051;0.0242755;0.987483;1;3;1
376.531;537.06;4.19778;5.08197;-0.00197023;0.00147075;-0.000794019;0.00164513;-0.00214462;0.99459;0.00905469;-0.00177051;0.996885;0.0250801;0.987019;1;3;1
399.531;537.06;4.10091;5.13146;-0.00258228;-0.00235819;0.00216839;-0.000298948;-0.00464152;1.00269;-0.00721173;-0.00610457;1.00392;0.0253461;0.986996;1;4;1
422.531;537.06;4.07848;5.26418;-0.00231424;-0.00166156;0.00155648;-0.000397578;-0.00357822;0.998904;0.0028105;-0.003724;0.999041;0.0260012;0.986003;1;4;1
445.531;537.06;3.9939;5.3289;-0.00303197;0.00198424;0.000825699;0.00211666;-0.00316439;0.989557;0.00199036;2.92873e-05;1.00158;0.0241526;0.984423;1;3;1
468.531;537.06;3.9387;5.36263;-0.00236005;0.00333498;0.00228018;0.00413542;-0.00316049;1.0017;-0.00469067;-0.00341689;1.0045;0.0212607;0.989908;1;3;1
491.531;537.06;3.88502;5.46239;-0.00346925;-0.000718761;0.00090892;-0.000445542;-0.00374247;0.995742;-0.00434513;0.00166471;1.001;0.0235366;0.98583;1;3;1
514.531;537.06;3.77871;5.46912;-0.0054292;-0.000511446;3.716e-05;-0.000511166;-0.00542948;0.992826;0.000625281;-0.00167447;0.995103;0.0210669;0.988121;1;3;1
537.531;537.06;3.63454;5.53386;-0.0033503;6.66233e-05;0.000682053;0.000197737;-0.00348142;0.997248;-0.0058646;-0.00512101;1.00187;0.022921;0.98384;1;3;1
560.531;537.06;3.62426;5.55153;-0.00154653;-0.000710541;-0.00111514;6.23721e-05;-0.00231945;0.998174;-0.0011542;0.00156994;0.993809;0.0234396;0.978719;1;3;1
583.531;537.06;3.56333;5.55905;-0.00353398;0.00204366;0.00108405;0.00224694;-0.00373726;0.99459;0.00381171;-0.00194849;1.00695;0.0267073;0.985381;1;4;1
606.531;537.06;3.46128;5.66227;-0.00287993;0.00194096;0.00197382;0.00264599;-0.00358497;1.00391;-0.00203811;-0.00623681;1.00024;0.0259039;0.981022;1;3;1
629.531;537.06;3.43018;5.7698;-0.00138156;0.00210881;1.3322e-05;0.00210886;-0.00138161;0.99872;0.00509244;-0.00332119;1.0041;0.0235123;0.986291;1;3;1
652.531;537.06;3.39743;5.81373;-0.000286653;-0.000653226;0.000803896;0.000354586;-0.00129447;0.999188;-0.00016221;-0.00170246;0.999024;0.0229212;0.984602;1;3;1
675.531;537.06;3.41677;5.91243;-0.00232717;0.000420358;-2.75845e-05;0.000420635;-0.00232745;0.997118;0.00375695;-0.00437607;0.996981;0.0323844;0.978349;1;3;1
698.531;537.06;3.29022;5.87211;-0.00323018;-0.000511911;-0.00064409;-0.000367018;-0.00337507;0.999583;0.0048302;-0.00160391;0.998436;0.0226322;0.988278;1;3;1
721.531;537.06;3.26794;5.92573;-0.00283253;0.000507787;0.000489585;0.000578066;-0.00290281;0.996522;0.00142398;-0.00202989;0.999795;0.023793;0.985641;1;3;1
744.531;537.06;3.15955;6.00405;-0.00496209;0.000677332;9.66914e-06;0.000677349;-0.00496211;0.995207;0.00149579;-0.00015107;1.00108;0.0254997;0.982823;1;3;1
767.531;537.06;3.039;6.02856;-0.00433133;0.000975337;0.000319792;0.000994539;-0.00435054;0.995362;0.00538905;-0.00296373;0.999873;0.0222101;0.988659;1;3;1
790.531;537.06;2.95962;6.15622;-0.00353708;0.00106129;0.00114424;0.00133029;-0.00380607;0.996212;0.00021437;-0.00386738;0.999068;0.0248631;0.988046;1;4;1
813.531;537.06;2.87575;6.18072;-0.00319892;0.00221652;0.000229112;0.00222619;-0.0032086;0.999489;0.00511196;-0.00383788;0.999901;0.0195282;0.986779;1;3;1
836.531;537.06;2.81212;6.2595;-0.00403346;0.000144454;0.00124563;0.000487641;-0.00437665;0.994353;-0.0023064;-0.00019137;0.998742;0.0197992;0.988106;1;3;1
859.531;537.06;2.68955;6.34437;-0.00475852;0.000501259;6.34312e-05;0.000502023;-0.00475928;0.995089;0.00114368;-0.00261972;0.999998;0.0248052;0.980083;1;3;1
882.531;537.06;2.59256;6.37257;-0.0033644;0.000850534;-0.00127637;0.00120692;-0.00372078;0.996798;0.00340975;-0.00613151;1.00265;0.0194359;0.991177;1;3;1
905.531;537.06;2.53446;6.41831;-0.00075898;0.000545702;-0.000173552;0.000568394;-0.000781672;0.999343;0.00087843;0.00106158;0.999447;0.0248689;0.984441;1;3;1
928.531;537.06;2.55752;6.47367;-0.00276744;-0.00117054;3.33747e-05;-0.00116984;-0.00276814;1.00417;0.00435341;-0.000839938;0.998116;0.0235587;0.983031;1;3;1
951.531;537.06;2.4069;6.50364;-0.00750448;-0.000997725;-0.000428153;-0.000969673;-0.00753253;0.992606;0.00382362;-0.00432592;0.996049;0.0211574;0.990036;1;3;1
974.531;537.06;2.21089;6.58077;-0.00564882;0.000441274;0.000667444;0.000513564;-0.00572111;0.99884;-0.00157839;-0.00165408;1.00056;0.0232968;0.987384;1;3;1
997.531;537.06;2.146;6.67438;-0.00482448;0.000374902;0.000281636;0.000390113;-0.00483969;0.993186;-0.0048739;-0.00435938;0.994695;0.0216545;0.981776;1;3;1
1020.53;537.06;1.9883;6.68757;-0.00406695;0.00146786;0.000595787;0.00153127;-0.00413035;0.995151;-0.00497232;-0.0032536;0.997978;0.0216386;0.986198;1;3;1
1043.53;537.06;1.95831;6.82001;-0.0024678;-6.29993e-05;0.000421734;8.81637e-06;-0.00253962;0.988009;0.00333459;-0.00529441;0.998582;0.0197407;0.988045;1;3;1
1066.53;537.06;1.87452;6.79088;-0.00421677;0.00061464;-5.56603e-05;0.000615281;-0.00421741;1.00567;0.00270912;0.00187566;1.00315;0.0232254;0.986979;1;3;1
1089.53;537.06;1.76382;6.92049;-0.0063978;1.83277e-05;7.93433e-05;1.93087e-05;-0.00639878;0.992142;0.00195762;-0.00564137;0.998134;0.0187694;0.990228;1;3;1
1112.53;537.06;1.57892;6.97142;-0.00503703;-0.000787023;-0.000914297;-0.000598678;-0.00522538;0.99147;0.00975089;-0.000299796;0.999331;0.0224508;0.989385;1;4;1
1135.53;537.06;1.53151;6.96342;-0.00452168;-0.000363917;-0.00115078;-6.6658e-05;-0.00481894;0.997779;0.00842458;0.001573;1.00007;0.0249252;0.98082;1;3;1
1158.53;537.06;1.3704;7.03658;-0.00526341;0.000522226;-0.0010506;0.000707095;-0.00544828;0.99502;0.000749579;-0.00368253;0.999092;0.0249462;0.982154;1;3;1
1181.53;537.06;1.28868;7.04324;-0.00327614;-0.000918832;-0.00184605;9.27458e-05;-0.00428772;0.998782;0.0022938;-0.00105995;0.997376;0.0263159;0.978217;1;3;1
1204.53;537.06;1.21945;7.03109;-0.00269291;0.000406359;-0.000141487;0.000412805;-0.00269936;0.993194;0.00685005;-0.00526475;1.00081;0.0261835;0.987569;1;3;1
1227.53;537.06;1.16454;7.14037;-0.00469452;-0.000774084;0.000327394;-0.000746932;-0.00472167;0.997008;-0.00129848;-0.00181051;0.994684;0.0255551;0.985486;1;4;1
1250.53;537.06;1.00284;7.14995;-0.00633363;0.000326295;-0.00113613;0.000514776;-0.00652211;0.995706;-0.000446379;0.000678267;1.00101;0.0266823;0.986446;1;3;1
1273.53;537.06;0.872244;7.10176;-0.00565987;0.000100703;-0.00304092;0.00140888;-0.00696805;0.992938;0.00550325;-0.00207125;1.00122;0.0407037;0.958855;1;4;1
31.5305;514.06;5.34939;4.2358;-0.00152085;0.000505534;0.00121092;0.00107123;-0.00208655;1.00199;-0.000857689;0.00183934;1.00294;0.0245633;0.987949;1;3;1
54.5305;514.06;5.31422;4.32266;-0.00342442;0.000552778;0.000870477;0.000734952;-0.0036066;0.991826;-0.000744901;-0.00518642;1.00105;0.0268164;0.985101;1;3;1
77.5306;514.06;5.19144;4.355;-0.00333398;0.000790728;0.000277118;0.000809263;-0.00335251;1.00333;-7.19023e-05;-0.00229467;1.00129;0.0256739;0.986334;1;3;1
100.531;514.06;5.1604;4.45667;-0.00286843;0.00233855;0.00138922;0.00268601;-0.00321589;0.996061;-0.000846305;-0.00427531;1.00333;0.0242935;0.987921;1;3;1
123.531;514.06;5.05916;4.46693;-0.00457498;-0.000192874;0.000686605;-8.78128e-05;-0.00468004;0.994932;0.00182556;-0.000918754;1.00066;0.0252675;0.983974;1;3;1
146.531;514.06;4.94946;4.48568;-0.00484975;0.00129881;0.00105685;0.0014754;-0.00502633;0.990174;0.00202637;-0.00216214;0.99355;0.0234795;0.990363;1;3;1
169.531;514.06;4.83539;4.58133;-0.00380717;-0.000448071;0.000907413;-0.00021862;-0.00403662;0.99358;-0.000383786;-0.00673493;1.00104;0.0251049;0.98382;1;3;1
192.531;514.06;4.77381;4.61459;-0.00274578;-0.0019867;0.000444247;-0.00178194;-0.00295054;0.997541;-0.00204964;0.00219986;1.0038;0.0263704;0.985364;1;4;1
215.531;514.06;4.70878;4.69091;-0.00175062;-0.000118718;0.000545645;4.69144e-05;-0.00191625;1.00261;0.00795214;-0.00702193;0.997938;0.0289724;0.982597;1;2;1
238.531;514.06;4.69307;4.72744;-0.00324427;0.00277985;0.000484653;0.00281859;-0.00328301;0.99001;0.00436856;0.00337197;0.999227;0.024218;0.986336;1;3;1
261.531;514.06;4.55923;4.76779;-0.00558583;0.000372797;0.00161211;0.000780993;-0.00599402;0.999008;-0.000164474;-0.00261004;0.996;0.0260167;0.98712;1;3;1
284.531;514.06;4.43508;4.8991;-0.00450966;0.000490155;0.00131913;0.000816843;-0.00483635;0.99243;0.00353086;-0.0101073;1.00812;0.0281471;0.979717;1;3;1
307.531;514.06;4.35102;4.9324;-0.00210059;0.000619488;0.000786992;0.000830774;-0.00231188;0.994773;-0.00287281;0.00126563;0.998751;0.0302055;0.978406;1;3;1
330.531;514.06;4.33821;5.01212;-0.00200501;0.00194676;0.00133343;0.0023546;-0.00241285;0.996534;-0.00712006;-0.000654745;0.999842;0.0244897;0.985214;1;3;1
353.531;514.06;4.25863;5.015;-0.000308146;0.000317219;-0.000935647;0.000991048;-0.000981975;1.00382;0.00297379;-0.00371711;1.00416;0.0271232;0.983132;1;3;1
376.531;514.06;4.32402;5.05696;-0.00285726;0.00179225;0.00121938;0.00209264;-0.00315765;0.992764;0.00857073;-0.0055777;1.00678;0.0248101;0.98779;1;3;1
399.531;514.06;4.12678;5.15831;-0.00538623;0.000352824;0.000918419;0.000496215;-0.00552963;0.996767;0.0102456;-0.0033299;0.99554;0.026875;0.984841;1;4;1
422.531;514.06;4.07529;5.21923;-0.00338122;0.00170839;0.000296107;0.00172556;-0.00339839;0.996626;-0.00573678;0.000260329;1.00239;0.0261623;0.983652;1;4;1
445.531;514.06;3.97091;5.23877;-0.00488781;0.0015766;-0.000285843;0.00158921;-0.00490043;1.00069;-0.00171514;-0.00168537;1.00364;0.0280667;0.978727;1;3;1
468.531;514.06;3.84989;5.25414;-0.00219572;0.00208037;0.00244509;0.00319035;-0.0033057;0.998008;-0.00162838;-0.00558311;1.00028;0.0203464;0.986946;1;3;1
491.531;514.06;3.86929;5.45415;-0.00075927;0.00287222;0.00230532;0.003991;-0.00187805;1.00141;0.00304311;-0.00579848;1.00336;0.0237879;0.983742;1;4;1
514.531;514.06;3.81455;5.44543;-0.00374145;0.00127385;-0.000415755;0.00130808;-0.00377568;0.99222;0.00548291;-0.00117449;1.00035;0.0220235;0.989043;1;3;1
537.531;514.06;3.69685;5.47674;-0.00263373;0.00161027;0.000395103;0.00164674;-0.0026702;0.997665;0.0063124;0.0011836;1.00017;0.0228595;0.987284;1;3;1
560.531;514.06;3.69303;5.58332;-0.00338642;0.000163734;0.000618248;0.000268319;-0.00349101;0.997354;0.0033749;-0.00295116;0.999414;0.0226383;0.985136;1;3;1
583.531;514.06;3.54074;5.55826;-0.00347707;-0.00135677;0.000104771;-0.00135161;-0.00348223;0.994439;-0.00130834;-0.00145936;0.996886;0.0240275;0.982661;1;3;1
606.531;514.06;3.53274;5.65788;-0.000168925;0.00010259;0.000384889;0.000374962;-0.000441297;0.999139;0.00150105;-0.0024511;1.00348;0.0235222;0.990357;1;3;1
629.531;514.06;3.5328;5.68403;-0.00340412;0.00155225;0.00157934;0.00201273;-0.0038646;0.997003;-0.00200189;-0.00569825;1.00191;0.0256784;0.979882;1;3;1
652.531;514.06;3.37564;5.80949;-0.00340338;-0.000451686;0.00227622;0.000785268;-0.00464033;0.989959;-0.00270821;-0.00235456;1.00258;0.0241812;0.987708;1;3;1
675.531;514.06;3.37568;5.84853;-0.00222334;0.00243625;0.00114081;0.00270056;-0.00248765;1.00213;0.00135265;-0.00235038;1.00517;0.0247777;0.985467;1;3;1
698.531;514.06;3.27312;5.9197;-0.00205576;-0.00126844;0.00156102;-5.22093e-05;-0.00327199;0.99816;-0.00411621;-0.00427531;0.998349;0.0244971;0.985661;1;4;1
721.531;514.06;3.2809;5.95328;-0.00192803;-0.00110486;0.00135821;-9.72468e-05;-0.00293565;0.996871;-0.00416888;-0.00143902;0.993078;0.0269119;0.980918;1;4;1
744.531;514.06;3.18429;5.98564;-0.00400905;0.000759853;0.000171651;0.000766023;-0.00401522;0.996229;0.000983119;0.00101043;0.998336;0.0213059;0.987679;1;3;1
767.531;514.06;3.09607;6.01726;-0.00476222;-0.00085548;0.000267759;-0.000837214;-0.00478049;0.992718;0.00149172;0.00115116;0.999772;0.0229163;0.985256;1;3;1
790.531;514.06;2.96459;6.09169;-0.0039765;0.00124226;0.000550115;0.00129961;-0.00403385;0.99614;-0.00265699;-0.00414073;1.00555;0.0275278;0.976002;1;4;1
813.531;514.06;2.91264;6.13064;-0.00262575;0.000442334;0.00102328;0.000752302;-0.00293572;1.00143;-0.00078539;-0.00567689;0.997661;0.0199662;0.985891;1;3;1
836.531;514.06;2.84332;6.26395;-0.0032445;0.00155798;0.00102732;0.00176851;-0.00345503;0.993929;-0.00269554;-0.00336588;1.00784;0.0212909;0.98529;1;3;1
859.531;514.06;2.7629;6.28431;-0.00212587;0.00142148;-0.000968849;0.00166884;-0.00237324;1.00119;2.22596e-06;-0.000179247;1.00386;0.0220651;0.982548;1;3;1
882.531;514.06;2.74542;6.28643;-0.00285479;0.00173007;0.00013108;0.00173381;-0.00285853;0.99621;0.00414245;-0.00305963;1.00434;0.020768;0.990051;1;3;1
905.531;514.06;2.63127;6.38767;-0.0061473;0.00129717;0.00202945;0.00181448;-0.0066646;0.993267;-0.0004142;-0.00191013;1.00244;0.0216954;0.987112;1;3;1
928.531;514.06;2.46097;6.55691;-0.00457525;0.00116891;0.00237726;0.00202513;-0.00543147;0.993961;-0.00645833;-0.00212501;0.996758;0.0274034;0.972846;1;4;1
951.531;514.06;2.4201;6.53098;-0.0036879;0.000730737;-1.32876e-05;0.000730777;-0.00368794;0.995588;-0.00400778;-0.00470427;1.00106;0.0220771;0.985418;1;3;1
974.531;514.06;2.29101;6.54996;-0.00479935;0.000877808;-0.000801806;0.000988877;-0.00491042;0.996657;0.00225948;-0.000394652;0.999324;0.0209418;0.987455;1;3;1
997.531;514.06;2.19865;6.64791;-0.00458853;0.00184556;-8.53819e-05;0.00184669;-0.00458966;0.996378;0.00611042;-0.00304106;1.00495;0.0237548;0.981813;1;3;1
1020.53;514.06;2.0793;6.66924;-0.00569561;0.00164257;-0.000504054;0.00167703;-0.00573007;0.997022;0.00905656;-0.000538007;1.00168;0.0205683;0.991437;1;3;1
1043.53;514.06;1.93568;6.7896;-0.00369781;0.00233984;-0.000221253;0.00234794;-0.00370591;0.989908;0.000381091;-0.00818128;1.00036;0.0200703;0.990084;1;3;1
1066.53;514.06;1.90874;6.78215;-0.00159138;-0.000226745;-7.15711e-05;-0.000223002;-0.00159512;1.00208;0.00193253;-0.00056972;0.998052;0.0226143;0.989255;1;3;1
1089.53;514.06;1.86237;6.85947;-0.00315612;0.000836787;0.000244402;0.000851691;-0.00317103;0.997827;0.00669884;-0.00107602;1.0019;0.0267151;0.98275;1;4;1
1112.53;514.06;1.76313;6.9186;-0.00422178;0.00190673;-0.00126724;0.00215843;-0.00447348;0.99552;-0.00104706;-0.0018422;1.00012;0.0218703;0.987697;1;3;1
1135.53;514.06;1.66767;6.94598;-0.00456207;0.00157672;-0.00147488;0.00191268;-0.00489803;1.00213;-0.00744348;0.000757495;1.00147;0.0244772;0.984676;1;3;1
1158.53;514.06;1.55277;6.95737;-0.00661016;0.00200758;-0.000822891;0.00208545;-0.00668803;0.986238;-0.00434013;-0.000335154;1.00076;0.0255386;0.983123;1;3;1
1181.53;514.06;1.36243;7.06676;-0.00664318;-0.000621264;-0.00112089;-0.000419396;-0.00684504;0.997439;0.00428657;-0.00633522;1.00025;0.022238;0.989794;1;3;1
1204.53;514.06;1.246;7.08003;-0.00501651;-0.000737867;-0.000116526;-0.000734695;-0.00501968;0.993079;0.00347255;-0.002673;1.00291;0.0248304;0.981858;1;3;1
1227.53;514.06;1.13101;7.15481;-0.00523674;0.0001438;-0.00028467;0.00015882;-0.00525176;0.999323;0.00662196;-0.00208347;1.00568;0.021395;0.988561;1;3;1
1250.53;514.06;1.00441;7.1587;-0.00546327;-0.000574609;-7.17807e-05;-0.000573556;-0.00546433;0.991016;0.00560195;-0.00221765;1.00077;0.0227412;0.987319;1;4;1
1273.53;514.06;0.878897;7.25466;-0.00543349;-0.00355561;0.000870783;-0.00321398;-0.00577512;0.996876;-0.00215358;-0.00703086;0.999039;0.0334866;0.966219;1;4;1
31.5305;491.06;5.39724;4.23585;-0.00398045;-0.000720893;0.00175594;4.50559e-05;-0.0047464;0.990013;0.00597483;0.00101347;0.993228;0.0260045;0.986671;1;3;1
54.5305;491.06;5.30536;4.31752;-0.00309971;0.000753925;0.00137893;0.00119651;-0.00354229;0.993982;-0.00179305;-0.00388132;1.00225;0.025007;0.985947;1;3;1
77.5306;491.06;5.25428;4.35329;-0.00472046;-0.000183949;-0.000274896;-0.000167352;-0.00473706;1.00107;0.00755469;-0.00425195;1.00214;0.0258841;0.987323;1;4;1
100.531;491.06;5.08765;4.38547;-0.00505087;0.0012371;0.00158056;0.00161203;-0.0054258;0.994828;-0.0025231;-0.00099192;1.00646;0.02483;0.986018;1;3;1
123.531;491.06;5.02117;4.48295;-0.00270697;0.00016358;0.00103759;0.000499352;-0.00304274;0.991816;-0.00379907;-0.00518295;0.997071;0.0250554;0.987875;1;3;1
146.531;491.06;4.96292;4.44847;-0.00331143;-0.000819416;0.00135599;-0.000223888;-0.00390695;1.00019;-0.00934084;0.00171572;1.00166;0.029894;0.981326;1;3;1
169.531;491.06;4.86844;4.60021;-0.00350274;-0.000374535;0.00282399;0.00128957;-0.00516685;0.996273;-0.00523333;-0.00532214;0.999381;0.0234857;0.98858;1;3;1
192.531;491.06;4.8007;4.7203;-0.00332073;-0.000349096;0.000436046;-0.000286433;-0.00338339;0.993035;0.00168756;-0.00559135;1.00019;0.0255539;0.98796;1;3;1
215.531;491.06;4.7153;4.71059;-0.00313273;0.000437877;-0.000622756;0.000543376;-0.00323823;0.997342;-0.00684102;0.00330258;1.00127;0.0258524;0.983246;1;3;1
238.531;491.06;4.65637;4.71797;-0.00243406;0.000983662;0.001385;0.00147444;-0.00292484;0.995539;-0.00534046;-0.00237932;1.00306;0.0232933;0.990497;1;3;1
261.531;491.06;4.6031;4.80468;-0.00329253;0.00182979;0.00196727;0.00249813;-0.00396088;0.998226;-0.000391996;-0.00424266;1.00387;0.0277069;0.987485;1;3;1
284.531;491.06;4.50438;4.87848;-0.00432423;0.00258582;-0.00105126;0.00274222;-0.00448062;0.994704;0.00317227;-0.00435602;1.00027;0.0235808;0.985286;1;3;1
307.531;491.06;4.4037;4.87181;-0.00365578;0.00155678;-0.000834908;0.00168725;-0.00378624;0.990646;0.00428054;0.000865682;0.999771;0.0252814;0.986736;1;3;1
330.531;491.06;4.33588;4.92789;-0.00175376;0.00042367;0.000576418;0.000566847;-0.00189694;1.00861;-0.00230148;-0.004308;1.00211;0.0242172;0.988992;1;4;1
353.531;491.06;4.32268;5.03128;-0.0023141;0.000703448;0.000266717;0.000726841;-0.00233749;0.992508;-0.00162957;-0.00401085;0.999021;0.0210513;0.989894;1;3;1
376.531;491.06;4.22926;4.99961;-0.00311345;0.00108491;0.00202038;0.00189923;-0.00392778;0.999539;-0.00584921;0.00341178;1.0039;0.0281231;0.979993;1;4;1
399.531;491.06;4.17916;5.1153;-0.00210333;0.0015314;0.000646427;0.00164295;-0.00221487;0.994109;-0.00290593;-0.0076902;1.00139;0.0232676;0.987669;1;3;1
422.531;491.06;4.13202;5.18569;-0.00268058;0.00110741;0.000288951;0.00112932;-0.0027025;0.994047;0.0090256;-0.00129448;1.00285;0.023735;0.986407;1;3;1
445.531;491.06;4.05547;5.25648;-0.00439017;0.000966645;0.000214995;0.00097526;-0.00439878;1.00472;-0.000120521;-0.00131038;1.00315;0.0243879;0.985232;1;3;1
468.531;491.06;3.92956;5.26703;-0.00413639;0.000379199;0.000171086;0.000385672;-0.00414286;0.992761;0.00233149;-0.00413068;1.00026;0.0207172;0.990397;1;3;1
491.531;491.06;3.86474;5.33046;-0.00194443;0.00416727;0.000858228;0.0042855;-0.00206266;0.999824;0.00094287;-0.000270521;1.00679;0.0243597;0.985199;1;3;1
514.531;491.06;3.8398;5.4106;-0.00277839;0.00140055;0.00158423;0.00193323;-0.00331107;0.998146;0.00416639;-0.00256243;0.999669;0.0242119;0.989596;1;4;1
537.531;491.06;3.73658;5.45996;-0.00413502;0.00172166;0.000110469;0.00172374;-0.00413711;0.993904;0.00350228;-0.00251118;1.00574;0.0205204;0.984396;1;3;1
560.531;491.06;3.649;5.544;-0.00234322;0.00224974;0.0013044;0.00259433;-0.00268782;1.0012;-0.00326971;-0.00277061;1.0054;0.0278406;0.973135;1;3;1
583.531;491.06;3.62838;5.62155;-0.00211076;0.000786308;-3.45479e-05;0.00078672;-0.00211117;0.987911;0.000633436;-0.00468873;1.00205;0.0224776;0.987722;1;3;1
606.531;491.06;3.55166;5.65764;-0.00415561;0.00102661;0.000404141;0.00105794;-0.00418694;1.00476;0.00331984;0.0016383;0.999659;0.0196586;0.991051;1;3;1
629.531;491.06;3.43675;5.69845;-0.00431744;0.00177133;0.00233317;0.00256256;-0.00510867;0.991733;0.00190499;-0.00491412;1.00202;0.0207261;0.986143;1;4;1
652.531;491.06;3.35229;5.83454;-0.000311529;0.00109726;0.000683712;0.00137451;-0.000588783;0.997885;0.00772965;-0.00235473;1.00118;0.0230754;0.992651;1;3;1
675.531;491.06;3.42231;5.8005;-0.00219435;-3.85935e-05;0.00130069;0.000572795;-0.00280573;0.995684;-0.00395693;-0.00129304;0.995932;0.0245276;0.983516;1;4;1
698.531;491.06;3.25114;5.93051;-0.00462473;0.00207185;0.00245652;0.00287633;-0.00542921;1.00023;0.00395485;-0.00546339;1.00046;0.0220563;0.987922;1;4;1
721.531;491.06;3.20874;5.97662;-0.000937426;0.00162363;0.00116378;0.00207345;-0.00138725;1.00111;0.00214793;0.00203112;1.00465;0.0253132;0.98132;1;3;1
744.531;491.06;3.20798;5.96913;-0.00190976;0.00134206;0.000842298;0.00154728;-0.00211498;0.996973;-0.000596628;-0.00322826;1.00287;0.0206592;0.988354;1;3;1
767.531;491.06;3.12071;6.068;-0.00401394;0.000407514;0.00146202;0.000847225;-0.00445365;0.991463;-0.00275601;-0.00542325;0.998039;0.0224419;0.983622;1;3;1
790.531;491.06;3.02278;6.09915;-0.0036124;-0.000746597;8.75763e-06;-0.00074657;-0.00361242;0.995473;0.00191165;0.000375477;0.997378;0.0243993;0.98657;1;3;1
813.531;491.06;2.95415;6.16044;-0.00327712;0.000266474;0.000175504;0.000275145;-0.00328579;1.0014;0.00427051;-0.00290422;1.0015;0.031522;0.969138;1;3;1
836.531;491.06;2.8717;6.18792;-0.00331109;0.00212105;0.000375279;0.00214686;-0.00333689;0.993448;0.00636532;-0.00326146;0.995116;0.0208378;0.986142;1;3;1
859.531;491.06;2.80143;6.27916;-0.0040628;0.0017566;0.00097747;0.00191639;-0.0042226;0.999039;0.00174615;-0.00391138;0.999729;0.0235344;0.983981;1;3;1
882.531;491.06;2.68431;6.29315;-0.00395429;-0.000226087;0.000841089;-4.51202e-05;-0.00413526;0.99029;-0.00238023;-0.000667139;0.999761;0.0247123;0.98622;1;4;1
905.531;491.06;2.61911;6.35876;-0.00438587;0.00110027;0.000717571;0.00119257;-0.00447818;0.998788;0.00495714;-0.00363924;1.0036;0.0224543;0.989739;1;4;1
928.531;491.06;2.48194;6.41999;-0.00472387;0.00435203;3.60664e-05;0.00435218;-0.00472401;0.992842;0.000620919;-0.0035083;1.00612;0.0254461;0.986302;1;3;1
951.531;491.06;2.40116;6.47004;-0.00171961;0.00158066;0.000204981;0.00159334;-0.00173229;0.996171;0.00350115;0.00162012;0.99922;0.0218241;0.988738;1;3;1
974.531;491.06;2.40261;6.54081;-0.00275842;-0.00113712;-0.000122;-0.00112799;-0.00276755;0.997999;0.00079521;-0.00472425;0.997165;0.0249188;0.983232;1;3;1
997.531;491.06;2.27394;6.58974;-0.00487668;0.00211783;7.11381e-05;0.00211855;-0.00487741;0.993932;0.00284489;-0.0037789;1.00072;0.0253513;0.980864;1;3;1
1020.53;491.06;2.17768;6.61246;-0.00393645;0.00132569;-0.00093037;0.00148534;-0.0040961;0.995747;0.00261134;-0.00365763;1.00013;0.0215387;0.988677;1;3;1
1043.53;491.06;2.09234;6.7127;-0.0049054;0.00223213;-0.000772904;0.00231486;-0.00498814;0.995279;0.00564871;-0.00593249;1.00242;0.0218656;0.992371;1;4;1
1066.53;491.06;1.95108;6.80138;-0.00463632;0.000282327;0.000164777;0.000287841;-0.00464184;0.995259;0.0037788;0.00102739;0.999979;0.0195452;0.989158;1;3;1
1089.53;491.06;1.87826;6.88215;-0.00364478;0.000723184;0.000203344;0.00073263;-0.00365422;0.996979;0.00310498;-0.00443444;1.00114;0.0260367;0.981313;1;3;1
1112.53;491.06;1.78304;6.88425;-0.00371973;0.000812732;-0.00067563;0.000911301;-0.00381829;0.996188;0.00631227;-0.00259711;1.00022;0.0214331;0.988504;1;3;1
1135.53;491.06;1.70683;6.89128;-0.00465318;0.00206938;-0.000325446;0.0020851;-0.0046689;0.99105;0.00604191;0.00266967;0.999303;0.0270726;0.98281;1;3;1
1158.53;491.06;1.56846;6.94475;-0.00413427;4.8252e-05;0.0015226;0.000543822;-0.00462984;0.997424;0.00356612;-0.0054789;1.00448;0.025895;0.978154;1;4;1
1181.53;491.06;1.5159;7.07239;-0.00541237;0.000593244;0.000360176;0.000614768;-0.00543389;0.994494;0.00387309;-0.000775846;1.00522;0.0209472;0.987187;1;3;1
1204.53;491.06;1.31865;7.06515;-0.00533149;0.000329474;-0.00122204;0.000582013;-0.00558403;0.997045;0.00227709;-0.000700284;0.994424;0.0224759;0.986603;1;3;1
1227.53;491.06;1.26995;7.13388;-0.00452629;0.000704264;0.000131787;0.000707582;-0.00452961;0.995794;0.00513846;-0.00170946;0.996505;0.0223371;0.983869;1;2;1
1250.53;491.06;1.10983;7.17652;-0.00619306;-0.000338001;-0.000279205;-0.000324717;-0.00620634;0.994191;-0.000519992;-0.000573016;0.997758;0.0264001;0.979207;1;3;1
1273.53;491.06;0.983995;7.26575;-0.00544869;-0.00277382;-0.00110668;-0.00237532;-0.00584719;0.999612;0.00867159;-0.00141372;0.993077;0.0369156;0.967313;1;4;1
31.5305;468.06;5.35106;4.26897;-0.00200693;-0.000640819;0.00143415;0.000264633;-0.00291238;1.00109;-0.00402238;-0.00656738;1.00178;0.0218626;0.989516;1;3;1
54.5305;468.06;5.30485;4.28799;-0.00143074;0.000657029;0.00160919;0.00153126;-0.00230497;0.994596;-0.00286838;0.00339658;1.00089;0.0230968;0.989514;1;3;1
77.5306;468.06;5.2851;4.36356;-0.00347169;-0.00197541;0.000794201;-0.00163247;-0.00381464;0.998338;-0.00632615;-0.00504379;0.995409;0.0246655;0.989298;1;3;1
100.531;468.06;5.14474;4.39981;-0.00560104;-0.00118876;0.000778312;-0.00105549;-0.00573431;0.998921;-0.00564951;-0.00608883;0.999082;0.0256227;0.98987;1;3;1
123.531;468.06;5.02663;4.45942;-0.00439751;-2.52651e-05;0.000915156;0.000158558;-0.00458133;0.987412;0.000684928;0.00110766;0.997826;0.0231396;0.989056;1;3;1
146.531;468.06;4.94184;4.52339;-0.00388512;-0.0035255;0.000694356;-0.00298805;-0.00442257;0.997918;0.00629922;0.00126412;0.992073;0.0228909;0.98701;1;2;1
169.531;468.06;4.84735;4.59857;-0.00211589;0.000247986;0.000437522;0.000326367;-0.00219427;0.996598;0.00492627;-0.00414066;0.998874;0.0209966;0.991104;1;3;1
192.531;468.06;4.84428;4.63071;-0.00181099;0.000961736;-8.03104e-05;0.00096406;-0.00181331;1.00187;0.00335657;-0.00395348;1.00065;0.0218131;0.989316;1;3;1
215.531;468.06;4.76392;4.6708;-0.00400262;-8.21258e-05;-0.00050375;-1.84329e-05;-0.00406631;0.998755;0.00102987;0.00189875;1.0003;0.0250531;0.986967;1;3;1
238.531;468.06;4.65976;4.68223;-0.004878;-0.000500616;-0.000395576;-0.000465156;-0.00491346;0.993874;0.00376636;-0.00210024;0.995138;0.0257009;0.98785;1;3;1
261.531;468.06;4.53898;4.6837;-0.00130007;0.000926011;0.00019822;0.000943523;-0.00131758;0.998208;0.00384881;-0.00431969;1.00219;0.0264755;0.985556;1;3;1
284.531;468.06;4.59981;4.7806;-0.00132183;0.00131793;0.00117022;0.00176199;-0.0017659;0.999909;-0.000424425;-0.00529767;1.0058;0.0211974;0.989756;1;3;1
307.531;468.06;4.47779;4.86102;-0.00335116;-0.0010423;0.00143841;-0.000352353;-0.00404111;0.992375;0.00225574;0.000587013;0.99748;0.0225114;0.990579;1;2;1
330.531;468.06;4.44491;4.99276;-0.00372484;-0.000456581;-0.000276837;-0.000433298;-0.00374812;0.997992;0.00622482;-0.00478048;0.998563;0.0217246;0.98893;1;3;1
353.531;468.06;4.30596;4.98267;-0.00483537;0.00131402;-4.43886e-06;0.00131402;-0.00483537;0.991777;0.000387552;0.00043392;0.999846;0.0242177;0.985512;1;3;1
376.531;468.06;4.22194;5.00719;-0.00112773;-0.000163015;0.000733406;0.00023244;-0.00152318;1.00041;0.00214064;-0.00169228;0.995349;0.0212748;0.985429;1;3;1
399.531;468.06;4.25394;5.08809;-0.000680296;0.000602768;0.00143287;0.00153117;-0.00160869;1.0026;0.00259247;-0.00248285;0.998223;0.0202075;0.992568;1;3;1
422.531;468.06;4.19035;5.16846;-0.00479269;0.000704297;0.00131535;0.00100283;-0.00509122;0.994397;-0.00661716;-0.00300465;1.00175;0.0195905;0.993675;1;3;1
445.531;468.06;4.03282;5.19437;-0.0061094;0.000982594;0.000781818;0.00106776;-0.00619456;0.992908;-0.00281098;0.00371472;1.00066;0.0210704;0.989492;1;3;1
468.531;468.06;3.9084;5.23674;-0.00213114;-9.62278e-05;0.000133002;-8.75717e-05;-0.00213979;1.00034;0.000846822;-0.00421278;1.00278;0.0262589;0.98189;1;3;1
491.531;468.06;3.93463;5.2629;-0.00238291;-0.00130566;0.00143494;-0.000311583;-0.00337699;0.9947;-0.00238718;-0.00207888;1.00303;0.0188866;0.992474;1;3;1
514.531;468.06;3.79843;5.38105;-0.00246657;0.000379353;0.00108092;0.000743344;-0.00283056;0.993866;-0.00194565;-0.00311892;1.00362;0.0248147;0.98803;1;3;1
537.531;468.06;3.82083;5.39778;-0.00137412;0.000856234;0.000497646;0.000962233;-0.00148012;1.00172;0.00148757;0.000714265;1.00269;0.0226124;0.982984;1;3;1
560.531;468.06;3.73507;5.47997;-0.00353229;0.00160541;0.000325353;0.00162593;-0.00355281;0.994521;0.00120089;-0.00485898;1.00006;0.023912;0.988631;1;3;1
583.531;468.06;3.65789;5.52225;-0.00351922;0.00216281;0.00122472;0.00241555;-0.00377196;0.996874;0.00434243;-0.00206615;1.00222;0.023537;0.982204;1;4;1
606.531;468.06;3.57272;5.6107;-0.00352897;0.00208702;0.000391175;0.00211414;-0.00355608;0.995318;0.00286472;-0.00253122;1.00214;0.0224386;0.989768;1;4;1
629.531;468.06;3.4952;5.60264;-0.00341947;0.000489054;0.000393497;0.000528276;-0.00345869;0.998808;0.000637036;-0.000399298;1.00437;0.021604;0.988411;1;3;1
652.531;468.06;3.41491;5.75906;-0.00309505;0.0021977;0.00132976;0.00251301;-0.00341036;0.995328;0.00289668;-0.009109;1.00359;0.023624;0.984217;1;3;1
675.531;468.06;3.35194;5.85031;-0.00415436;0.00166241;0.000457876;0.00169823;-0.00419018;0.997416;0.00797999;-0.00310819;1.00116;0.0238228;0.984198;1;3;1
698.531;468.06;3.22336;5.82452;-0.00302765;0.00287664;-0.00128091;0.00314255;-0.00329356;1.00548;0.0025704;0.00887042;1.00534;0.0217781;0.9827;1;4;1
721.531;468.06;3.21245;5.8787;-0.000541634;0.00205367;0.000195737;0.00206835;-0.000556313;0.997893;0.0045433;-0.00837113;1.00043;0.0231526;0.986473;1;3;1
744.531;468.06;3.19833;5.92395;-0.00261988;0.000616661;0.0011935;0.00100917;-0.00301239;0.997901;0.000239071;-0.000952344;1.00298;0.0208221;0.987113;1;3;1
767.531;468.06;3.09162;5.99852;-0.00306929;0.00226617;0.00178767;0.00280976;-0.00361287;0.993971;0.00242417;-0.00317582;1.0065;0.0212368;0.984534;1;3;1
790.531;468.06;3.05648;6.12614;-0.00230009;0.00227031;0.00109788;0.00252036;-0.00255013;1.00088;0.00390389;-0.00339126;1.00265;0.0241769;0.982292;1;3;1
813.531;468.06;2.98553;6.11844;-0.00278792;0.00137547;0.000337142;0.00140259;-0.00281504;0.994603;-0.00239759;-0.00152805;1.00389;0.020146;0.988282;1;4;1
836.531;468.06;2.92804;6.16656;-0.00449022;0.00151609;0.000378878;0.0015399;-0.00451403;0.997603;-0.00346248;-0.00251607;1.00359;0.0293938;0.976137;1;3;1
859.531;468.06;2.77844;6.20358;-0.00391046;0.00152308;0.000518213;0.00157206;-0.00395944;0.99162;-0.00315074;-0.000832843;0.999398;0.0235502;0.98845;1;3;1
882.531;468.06;2.74762;6.29683;-0.00186214;0.00137623;-0.000173779;0.00138553;-0.00187144;1.00424;0.00595233;-0.00552833;1.00118;0.0235162;0.984459;1;5;1
905.531;468.06;2.69251;6.33713;-0.00385448;-7.63252e-05;-0.00128947;0.000321809;-0.00425261;0.991479;0.00670785;0.00121607;1.00034;0.0228631;0.988164;1;4;1
928.531;468.06;2.56994;6.35728;-0.00368703;0.000560149;-0.000638832;0.000654157;-0.00378103;0.998951;0.00837114;-0.00238265;1.00387;0.0198726;0.990272;1;3;1
951.531;468.06;2.52243;6.45844;-0.00319313;-0.00070041;0.00156262;5.20312e-05;-0.00394557;0.995219;0.00476406;-0.00441922;1.00011;0.0233706;0.987493;1;4;1
974.531;468.06;2.42216;6.60249;-0.00559526;-9.23972e-05;0.000643312;-1.81916e-05;-0.00566947;0.995362;0.00455514;-0.00716758;1.00022;0.0245123;0.983926;1;3;1
997.531;468.06;2.26423;6.55064;-0.00289417;0.000820939;-0.000819038;0.000993491;-0.00306672;0.99591;-0.00025631;0.00272855;1.00309;0.020141;0.989407;1;3;1
1020.53;468.06;2.28883;6.60877;-0.00144702;-0.000598049;0.000375095;-0.000456068;-0.001589;0.995246;0.00332144;-0.00419613;1.00055;0.0237475;0.982322;1;3;1
1043.53;468.06;2.19741;6.68778;-0.00487388;0.00104628;0.000741331;0.0011377;-0.00496529;0.99583;0.00237812;-0.00309545;0.996483;0.0229092;0.982782;1;3;1
1066.53;468.06;2.06381;6.76943;-0.00586044;0.00169906;-0.000359121;0.00171608;-0.00587746;0.99134;0.00246349;-0.000471782;1.00155;0.0197443;0.984876;1;3;1
1089.53;468.06;1.92683;6.82626;-0.00496551;0.000728212;0.000303653;0.000744361;-0.00498165;0.998934;0.000269043;-0.00216058;1.00308;0.0224546;0.988202;1;3;1
1112.53;468.06;1.83469;6.88128;-0.00364907;-8.56657e-05;-0.00100153;0.000176531;-0.00391127;0.991645;-0.00208693;-0.0054963;0.998405;0.0243202;0.987884;1;3;1
1135.53;468.06;1.75866;6.85097;-0.00521763;-8.22612e-05;0.00073086;1.97286e-05;-0.00531962;0.99606;-0.000830502;0.00304048;1.00271;0.0234955;0.987787;1;4;1
1158.53;468.06;1.59399;6.95517;-0.00667353;-0.000475194;0.000704637;-0.000396099;-0.00675263;0.99595;0.00406413;-0.00392416;0.995977;0.0214471;0.989814;1;3;1
1181.53;468.06;1.45025;7.03957;-0.00375345;0.00184015;0.000978436;0.00200636;-0.00391966;0.992972;-0.000167846;-0.00617737;1.00037;0.0229764;0.989562;1;3;1
1204.53;468.06;1.42087;7.06521;-0.00475829;0.00143463;-0.000953483;0.00157811;-0.00490177;0.992299;0.00231734;-0.00117104;1.00462;0.0199502;0.989011;1;3;1
1227.53;468.06;1.23077;7.12253;-0.00558934;0.00191055;0.000711628;0.00197747;-0.00565626;0.994004;-0.00837616;-0.00480384;1.00709;0.0264358;0.974812;1;3;1
1250.53;468.06;1.16291;7.17452;-0.00151671;0.000401431;0.00128537;0.0010461;-0.00216138;1.00572;0.0144303;-0.000343554;1.0046;0.0308858;0.972016;1;3;1
1273.53;468.06;1.16021;7.3833;-7.59398e-05;0.000553757;0.00253204;0.00279044;-0.00231263;0.998368;0.016981;-0.0166164;1.00787;0.0387162;0.9674;1;4;1
31.5305;445.06;5.30312;4.26544;-0.00222493;-0.000395546;-0.000530822;-0.000252678;-0.0023678;0.996871;0.00398466;0.0002575;0.998056;0.0233992;0.986362;1;3;1
54.5305;445.06;5.25188;4.28734;-0.000213817;-0.000882979;0.00128946;0.00078376;-0.00188056;0.9943;0.00341338;-0.00358415;1.00202;0.0240942;0.98371;1;3;1
77.5306;445.06;5.29294;4.44426;-0.00303228;0.00091177;0.00157483;0.00146343;-0.00358394;1.00552;0.00444592;-0.00775777;1.00164;0.0261481;0.982965;1;4;1
100.531;445.06;5.11193;4.44019;-0.00503502;-0.00155395;0.000617112;-0.00144779;-0.00514118;0.992926;0.0048411;-0.00135971;0.999345;0.0232814;0.987543;1;3;1
123.531;445.06;5.06072;4.48413;-0.00159918;-0.000231229;0.0018473;0.00105465;-0.00288506;1.001;-0.00442908;-0.00244007;1.00615;0.0243576;0.990909;1;4;1
146.531;445.06;5.03799;4.61099;-0.00271213;0.00043335;0.000359239;0.000473857;-0.00275264;0.997686;-0.0041186;0.00493961;1.00397;0.0285313;0.986334;1;3;1
169.531;445.06;4.93568;4.58885;-0.003416;0.000649322;0.000604044;0.000737175;-0.00350385;0.994633;0.00217728;-0.00331816;0.998846;0.0256232;0.981427;1;3;1
192.531;445.06;4.88054;4.67615;-0.00264767;0.000182396;0.000999854;0.000499999;-0.00296527;0.998363;-0.00436609;-0.00707686;1.00005;0.02764;0.988717;1;3;1
215.531;445.06;4.81355;4.71447;-0.0037883;-0.00015363;0.000453086;-9.80011e-05;-0.00384393;0.9949;0.00238014;0.00178897;0.998104;0.0259261;0.986313;1;3;1
238.531;445.06;4.7059;4.74104;-0.00282411;0.000685522;-9.03353e-05;0.000687846;-0.00282644;0.996331;-0.00301419;-0.00351389;1.00623;0.0238713;0.985605;1;3;1
261.531;445.06;4.68343;4.76218;-0.00285395;0.000417098;-0.000492692;0.000489697;-0.00292655;0.997482;0.00257929;4.41725e-05;0.999621;0.0230187;0.993271;1;3;1
284.531;445.06;4.57437;4.81795;-0.00432954;-0.00132061;0.00117094;-0.000918636;-0.00473152;0.996124;0.000938871;-0.00648986;0.996027;0.0217309;0.992904;1;3;1
307.531;445.06;4.48357;4.91985;-0.00196919;0.00049616;0.00104499;0.0008795;-0.00235253;1.00104;-0.000492992;0.00159453;0.999332;0.023244;0.988588;1;3;1
330.531;445.06;4.48351;4.94914;-0.00316725;0.00242961;0.000723521;0.00252163;-0.00325927;0.993733;-0.00038679;-0.00346562;1.00537;0.0204079;0.990226;1;3;1
353.531;445.06;4.33762;4.97087;-0.00468995;0.00222712;-0.00011562;0.00222905;-0.00469188;0.994755;0.000196619;-0.00418851;1.00489;0.0222505;0.987445;1;3;1
376.531;445.06;4.26722;5.00713;-0.00279493;0.000412559;-0.000360261;0.000452525;-0.00283489;0.992712;0.00382878;0.000116373;1.00282;0.0217385;0.988021;1;3;1
399.531;445.06;4.20872;5.08759;-0.00324905;0.000860981;0.00183085;0.00155826;-0.00394633;0.999512;-0.00391497;-3.45178e-05;1.00346;0.0204108;0.991173;1;3;1
422.531;445.06;4.11729;5.1533;-0.00340037;0.000906472;0.00101804;0.00113499;-0.00362889;0.993432;0.00824089;-0.00604374;0.997509;0.0196534;0.990536;1;3;1
445.531;445.06;4.05187;5.2113;-0.0028474;0.000421115;0.000933763;0.000669067;-0.00309535;0.997102;0.00596044;1.0079e-05;0.998558;0.0206054;0.990072;1;2;1
468.531;445.06;3.98597;5.27149;-0.0037894;6.85551e-05;0.00102123;0.000322204;-0.00404305;0.995515;0.00455774;-0.00531381;0.999336;0.0241566;0.983629;1;3;1
491.531;445.06;3.87687;5.39057;-0.00239791;-0.00150873;0.0015885;-0.000303777;-0.00360287;0.991304;0.00380705;-0.000365679;0.99129;0.0261427;0.983312;1;3;1
514.531;445.06;3.87537;5.39317;-0.00188936;-0.000369377;-0.00100583;0.000131295;-0.00239003;0.997269;0.0032194;-0.00063187;0.997392;0.0227443;0.987241;1;4;1
537.531;445.06;3.78987;5.42062;-0.00284866;0.00120346;0.000810895;0.00135971;-0.0030049;0.999158;0.00174496;-0.00358381;0.997447;0.0214836;0.989928;1;3;1
560.531;445.06;3.74408;5.47031;-0.00310354;-0.000572515;0.000923347;-0.000271473;-0.00340458;0.998671;-0.00102755;0.00237952;1.00157;0.0287402;0.976124;1;4;1
583.531;445.06;3.64677;5.52217;-0.00320372;0.000114217;0.000462778;0.000177555;-0.00326706;0.997233;-0.00164336;-0.0062152;0.99702;0.0242327;0.980407;1;3;1
606.531;445.06;3.59638;5.56175;-0.00210944;0.00159326;0.000800432;0.00175889;-0.00227507;0.997803;-0.00362159;-0.00480942;1.00139;0.0245475;0.987758;1;3;1
629.531;445.06;3.54938;5.6761;-0.00255107;-0.000493225;0.00109407;-2.02624e-05;-0.00302404;0.993752;-0.000297987;-0.00680666;0.995625;0.0232994;0.986126;1;3;1
652.531;445.06;3.47856;5.73373;-0.00224754;0.00241649;-0.000562015;0.00248326;-0.00231431;0.999404;0.00338233;0.00422704;0.998435;0.0234291;0.979216;1;4;1
675.531;445.06;3.44585;5.7241;-0.00175104;0.00373693;0.000370572;0.00376184;-0.00177595;0.996569;-0.0038881;-0.00367487;1.00871;0.0245218;0.985197;1;4;1
698.531;445.06;3.3979;5.79861;-0.00336761;0.00112232;-0.000153892;0.00112759;-0.00337287;0.997551;0.000840511;-0.000897707;1.0007;0.0226002;0.984156;1;4;1
721.531;445.06;3.29041;5.88232;-0.00389638;0.00147953;0.000661253;0.00155967;-0.00397652;0.995067;-0.00311936;-0.00714088;1.00225;0.0237212;0.983909;1;3;1
744.531;445.06;3.21809;5.94077;-0.00285075;0.00127003;0.000193421;0.00127908;-0.00285981;0.998514;0.00520368;0.00445972;0.997919;0.0289807;0.974223;1;4;1
767.531;445.06;3.15901;5.96389;-0.00381972;0.000958976;-0.000571151;0.00102629;-0.00388703;0.992437;0.00207751;2.07192e-05;0.998226;0.0205172;0.9874;1;3;1
790.531;445.06;3.04202;5.99484;-0.00423412;0.00142938;0.000527009;0.001478;-0.00428275;1.00193;-0.00501439;-0.00441499;1.00307;0.0206014;0.990312;1;3;1
813.531;445.06;2.96363;6.09721;-0.00259484;0.00129299;0.000498222;0.00135583;-0.00265767;0.994475;0.0016178;-0.0021353;1.00331;0.0253429;0.983512;1;4;1
836.531;445.06;2.92233;6.11827;-0.00171472;0.00170003;0.000622727;0.00181005;-0.00182473;1.00062;0.00224713;-0.00184499;1.00457;0.0258794;0.98157;1;3;1
859.531;445.06;2.88455;6.20923;-0.00190871;0.000835706;-0.000219046;0.000853079;-0.00192608;1.0004;0.00520958;-0.00175706;1.00212;0.0260283;0.984754;1;3;1
882.531;445.06;2.83431;6.23013;-0.00185535;0.0036144;0.00093769;0.00377068;-0.00201163;0.993502;-0.0022354;-0.0098008;1.0031;0.0239897;0.98632;1;4;1
905.531;445.06;2.79887;6.36262;-0.00371617;0.00153115;0.0011332;0.00176542;-0.00395043;0.995195;0.000579579;-0.00120562;1.0005;0.0261046;0.98396;1;3;1
928.531;445.06;2.66276;6.39459;-0.00641185;0.000197464;0.000839905;0.000302528;-0.00651692;0.999567;-0.00131814;-0.000709316;0.997604;0.0233744;0.985798;1;3;1
951.531;445.06;2.50276;6.50238;-0.00491619;6.99622e-05;0.00137803;0.000425466;-0.00527169;0.994841;-0.00301849;-0.00895745;0.999937;0.0238858;0.984663;1;3;1
974.531;445.06;2.43581;6.54507;-0.0031888;0.00207917;0.000256514;0.00209163;-0.00320126;0.996076;-0.00348154;-0.000122874;1.00376;0.0251632;0.981517;1;3;1
997.531;445.06;2.35581;6.55207;-0.00337102;0.00124224;-0.00098913;0.00144537;-0.00357416;1.00011;0.00335176;-0.00491261;0.99956;0.0224765;0.990562;1;3;1
1020.53;445.06;2.28038;6.64009;-0.00369451;0.000245683;0.00084563;0.000419501;-0.00386833;0.993291;0.000363349;0.000347589;0.995615;0.0247603;0.980566;1;3;1
1043.53;445.06;2.18541;6.66469;-0.00339527;0.000255412;-0.000253972;0.000272996;-0.00341286;0.995017;0.00185646;-0.00302048;1.00314;0.0228655;0.983063;1;3;1
1066.53;445.06;2.12385;6.72361;-0.00482227;0.000806588;0.000836829;0.000928363;-0.00494405;0.997771;0.00353634;-0.00633557;1.00065;0.0210379;0.989963;1;3;1
1089.53;445.06;1.96268;6.84874;-0.00484116;0.0010048;0.000349928;0.00102567;-0.00486203;0.997036;0.00550308;-0.00462182;0.99581;0.0230063;0.98628;1;3;1
1112.53;445.06;1.90032;6.88834;-0.00540172;0.00157418;-0.000204649;0.00158017;-0.00540771;0.993425;-2.68413e-05;0.000939176;1.00565;0.0230817;0.98481;1;3;1
1135.53;445.06;1.7135;6.89506;-0.00449605;-0.00139003;0.00066139;-0.00125506;-0.00463102;0.99373;0.00421124;-0.000196899;0.993546;0.023775;0.986339;1;4;1
1158.53;445.06;1.69297;6.96678;-0.00384488;0.00123167;-0.000998881;0.00142115;-0.00403435;0.999691;0.00269058;-0.00703339;1.00125;0.0256469;0.982729;1;3;1
1181.53;445.06;1.5362;6.98783;-0.00439651;0.00146021;-0.00214322;0.00216072;-0.00509702;0.991581;0.00602911;0.00219776;0.997618;0.0254182;0.982565;1;4;1
1204.53;445.06;1.49027;6.99953;-0.00481268;0.00131324;-0.000452037;0.00134641;-0.00484586;0.997178;0.00213527;-0.00219348;0.99972;0.0234026;0.986679;1;3;1
1227.53;445.06;1.31425;7.0461;-0.00514594;0.00098323;0.000197631;0.000989596;-0.0051523;0.994133;0.00986181;-0.00544082;0.993563;0.0270022;0.982976;1;3;1
1250.53;445.06;1.25267;7.15827;-0.00314672;0.0019462;0.000285402;0.00196214;-0.00316266;0.995704;-0.000642647;-0.00187719;0.994541;0.0406063;0.945444;1;3;1
1273.53;445.06;1.16886;7.24065;-0.00363094;0.00604459;0.001215;0.00619483;-0.00378118;0.997501;-0.00251044;-0.0188889;1.0092;0.0360149;0.972353;1;3;1
31.5305;422.06;5.44389;4.28727;-0.00342679;-0.000549482;-0.000224102;-0.000532133;-0.00344414;0.991079;0.00463366;-0.00294727;0.99623;0.0265671;0.984662;1;3;1
54.5305;422.06;5.3649;4.32867;-0.00326949;-0.000652043;-0.000734489;-0.000460023;-0.00346151;0.994964;0.00403335;0.00147636;0.99812;0.0234837;0.988321;1;3;1
77.5306;422.06;5.29323;4.32163;-0.00513877;0.00221518;0.00164793;0.00256757;-0.00549117;0.998089;0.000517743;-0.00510882;1.0052;0.0221006;0.986024;1;3;1
100.531;422.06;5.12768;4.47135;-0.00575616;-0.000681581;0.00136297;-0.000338676;-0.00609906;0.986973;0.00135588;-0.00189379;0.997844;0.0247655;0.984499;1;3;1
123.531;422.06;5.02744;4.47005;-0.00247366;-0.000130032;-0.000238853;-0.000105936;-0.00249776;0.994831;0.00640783;-0.00235427;0.999094;0.024278;0.987297;1;3;1
146.531;422.06;5.01374;4.50351;-0.00369569;0.00111245;0.00140736;0.0014941;-0.00407733;0.998994;0.00122888;-0.00113679;0.998133;0.0210457;0.988074;1;3;1
169.531;422.06;4.85702;4.56871;-0.00294263;0.000352286;0.00195276;0.0012597;-0.00385004;0.991512;-0.00296043;-0.00335415;0.996882;0.0207113;0.986342;1;3;1
192.531;422.06;4.87803;4.62233;-0.00151397;0.00194332;0.000840144;0.00213667;-0.00170732;0.998242;0.00636995;-0.00445126;1.00168;0.027069;0.982193;1;3;1
215.531;422.06;4.78719;4.67787;-0.00351677;0.00103838;0.000557647;0.00110566;-0.00358404;0.993171;0.000779893;0.00055825;0.99666;0.0248127;0.982172;1;3;1
238.531;422.06;4.71596;4.65074;-0.00272655;0.00121183;-0.000795763;0.00136654;-0.00288126;1.00105;0.00325734;-0.00113313;0.995477;0.025859;0.985066;1;3;1
261.531;422.06;4.6616;4.66468;-0.00142946;0.00146954;0.00255197;0.00295493;-0.00291485;1.00227;-0.000637459;-0.00876644;1.00264;0.0235393;0.986597;1;4;1
284.531;422.06;4.64977;4.84142;-0.00321865;-7.90066e-05;0.00152716;0.000541274;-0.00383893;0.995691;0.00721364;-0.00346777;1.00174;0.0226302;0.989603;1;3;1
307.531;422.06;4.51297;4.83821;-0.00477778;0.00231783;-7.33724e-05;0.00231858;-0.00477854;0.990004;0.00302261;0.00224655;1.00994;0.0261787;0.987521;1;4;1
330.531;422.06;4.42944;4.88113;-0.00299359;0.00195232;0.000673989;0.00204252;-0.00308379;0.995976;-0.00147155;-0.00191526;0.995302;0.0245139;0.985635;1;4;1
353.531;422.06;4.37504;4.88039;-0.00123942;-1.25465e-05;0.000665149;0.000278852;-0.00153082;1.0002;0.00398545;-0.00130289;0.995474;0.0227964;0.986866;1;3;1
376.531;422.06;4.37227;4.98847;-0.0031039;-0.00077773;0.000468631;-0.000686869;-0.00319477;0.994371;0.00406039;-0.00197294;0.995412;0.0238295;0.985783;1;3;1
399.531;422.06;4.23173;5.04851;-0.00328682;0.000102174;0.000792845;0.000278485;-0.00346314;0.9976;0.00229482;-0.0027078;0.997966;0.0236893;0.986908;1;3;1
422.531;422.06;4.22062;5.12679;-0.00360902;0.0013802;0.000824828;0.00151303;-0.00374184;0.998783;-0.00446729;-0.00269767;1.00395;0.0218366;0.988775;1;3;1
445.531;422.06;4.06524;5.17501;-0.00491045;0.000442515;-0.000118631;0.000445143;-0.00491308;0.998879;-0.00157304;0.00117683;0.999171;0.0230451;0.989169;1;3;1
468.531;422.06;3.99405;5.23367;-0.00336484;0.00135961;0.00107717;0.00159361;-0.00359884;0.997433;0.000498488;-0.00847933;1.00197;0.0225549;0.986019;1;3;1
491.531;422.06;3.90993;5.33236;-0.00157515;0.0011406;0.000357707;0.00118693;-0.00162147;0.9947;-0.00135865;-0.00302454;1.00466;0.0255888;0.986134;1;3;1
514.531;422.06;3.92124;5.39821;-0.00187774;0.00131257;-0.000695618;0.00145765;-0.00202282;0.999392;0.00510172;-0.000713064;1.00046;0.0234949;0.986772;1;3;1
537.531;422.06;3.82347;5.34245;-0.00367699;0.00118654;0.000622071;0.00126485;-0.00375529;0.997951;-0.000499123;-0.00640433;1.00054;0.0225281;0.988004;1;3;1
560.531;422.06;3.75166;5.50632;-0.00252318;-0.000777181;0.00177311;0.000326194;-0.00362655;0.991292;0.00349925;-0.00335102;0.998561;0.0256888;0.982881;1;3;1
583.531;422.06;3.70693;5.51703;-0.00213315;0.000201837;-8.5656e-05;0.000204974;-0.00213629;1.00045;0.00554132;-0.00142817;1.00197;0.0243762;0.987212;1;4;1
606.531;422.06;3.65342;5.53754;-0.00304275;-0.000246163;0.000418264;-0.000184947;-0.00310397;0.995631;0.00617328;0.000758889;1.00008;0.0243547;0.986447;1;3;1
629.531;422.06;3.56662;5.62539;-0.00300267;0.00152967;0.000681271;0.00162986;-0.00310285;0.995049;0.00083549;-0.00346297;1.00234;0.0254477;0.985445;1;3;1
652.531;422.06;3.51496;5.64815;-0.00398247;0.0023256;0.00034586;0.0023445;-0.00400138;0.996749;0.00213111;-0.00133944;1.00299;0.0228103;0.987485;1;3;1
675.531;422.06;3.38303;5.67874;-0.0025682;3.17146e-06;0.000817942;0.000241303;-0.00280633;0.992437;0.0024476;0.000292537;0.99711;0.0252252;0.976891;1;3;1
698.531;422.06;3.3965;5.77325;-0.00192282;0.000693609;0.000967105;0.00101227;-0.00224148;1.00437;0.000942701;-0.00786854;0.999356;0.0229178;0.984375;1;3;1
721.531;422.06;3.2943;5.81077;-0.00290897;0.00151498;0.000427594;0.00155593;-0.00294992;0.995775;-0.000194947;0.00526333;1.00156;0.0246568;0.981642;1;3;1
744.531;422.06;3.2624;5.86561;-0.0020715;0.00192443;0.000947625;0.00213777;-0.00228484;0.995862;-0.00418602;-0.0039652;1.00247;0.0227473;0.98963;1;3;1
767.531;422.06;3.19869;5.95455;-0.00260762;0.000100148;0.00138059;0.000679919;-0.00318739;0.99748;0.00546295;-0.00197307;1.00161;0.020996;0.987152;1;4;1
790.531;422.06;3.14188;6.06052;-0.00293229;0.00280894;0.000606693;0.00287235;-0.0029957;0.994811;0.0110634;-0.00511891;0.997112;0.0232603;0.986571;1;3;1
813.531;422.06;3.06349;6.05907;-0.00344664;0.00125597;-0.000555429;0.00132068;-0.00351135;1.00134;0.00387634;0.00287468;0.998465;0.0271308;0.978305;1;3;1
836.531;422.06;2.98305;6.08846;-0.00331108;8.81349e-05;0.000413271;0.000137658;-0.0033606;0.993456;0.00267646;-0.00709126;1.00044;0.0245277;0.989663;1;3;1
859.531;422.06;2.9108;6.16534;-0.0036369;0.00154251;9.59851e-05;0.00154429;-0.00363868;0.996535;-0.000749289;0.00192295;1.00133;0.0233807;0.984351;1;3;1
882.531;422.06;2.81543;6.13092;-0.00341808;0.00195249;0.00067338;0.00203563;-0.00350122;0.997414;0.00411959;-0.00759145;1.00342;0.0247082;0.987932;1;3;1
905.531;422.06;2.75319;6.26679;-0.00394975;0.0030903;0.00233681;0.00379535;-0.0046548;0.998238;-0.000429741;-0.00663932;1.00399;0.0234604;0.989392;1;3;1
928.531;422.06;2.63286;6.34824;-0.00447984;0.00152177;0.00183345;0.00203755;-0.00499562;0.996308;-0.000639964;-9.99633e-05;1.00173;0.0228728;0.985602;1;3;1
951.531;422.06;2.54626;6.45522;-0.00399539;0.000993324;0.00105224;0.00120618;-0.00420825;0.991868;0.00724659;-0.00927838;1.00442;0.021473;0.984042;1;3;1
974.531;422.06;2.44843;6.50695;-0.00206842;0.00134444;-0.000597947;0.00144617;-0.00217015;1.00382;0.00652591;0.00480579;1.00331;0.0268041;0.975304;1;3;1
997.531;422.06;2.451;6.49391;-0.00270343;-0.000414051;-4.82576e-05;-0.000413034;-0.00270445;0.991014;0.00434635;-0.00901542;1.00392;0.0231847;0.991795;1;3;1
1020.53;422.06;2.32382;6.59749;-0.00316792;1.02807e-05;0.0008908;0.000242928;-0.00340057;1.00268;0.000923368;0.000925073;1.00307;0.0243004;0.985268;1;4;1
1043.53;422.06;2.30468;6.67616;-0.00330047;0.00144829;0.000453981;0.0014913;-0.00334348;0.993908;-0.00136858;0.00103708;1.00435;0.0250882;0.983613;1;3;1
1066.53;422.06;2.17154;6.73246;-0.0052986;0.00032082;0.000914801;0.000465992;-0.00544377;1.0018;-0.00609244;-0.0053151;1.00013;0.0240512;0.980565;1;3;1
1089.53;422.06;2.06018;6.78025;-0.00587868;0.0027039;-0.00198952;0.00314266;-0.00631743;0.986438;0.00275252;0.000616606;1.00787;0.0221928;0.985962;1;4;1
1112.53;422.06;1.90026;6.80898;-0.00614974;0.00292003;0.00102925;0.00303537;-0.00626507;0.999191;0.00152801;-0.00375106;0.999412;0.0216556;0.989078;1;4;1
1135.53;422.06;1.77622;6.91496;-0.00262047;0.000201762;-0.000948839;0.0004911;-0.00290981;0.992726;6.85747e-05;-0.00280206;1.00402;0.0215413;0.987158;1;3;1
1158.53;422.06;1.77947;6.89892;-0.00206167;0.00139073;-0.000724289;0.00153652;-0.00220746;1.0004;0.00393914;0.00243771;0.999726;0.023982;0.985397;1;3;1
1181.53;422.06;1.68125;6.97303;-0.00559432;0.00256004;-0.00141836;0.0027997;-0.00583398;0.990766;0.0065427;-0.00301232;1.00427;0.0248906;0.980504;1;3;1
1204.53;422.06;1.52129;7.00495;-0.0066927;0.000460587;-0.000751916;0.00053877;-0.00677088;0.993374;0.00585446;0.000218215;1.00018;0.0291366;0.974459;1;4;1
1227.53;422.06;1.37222;7.07754;-0.00410241;-0.00129228;-0.00148433;-0.000653463;-0.00474123;0.994057;0.00133972;-0.00406133;1.00498;0.0278094;0.969924;1;3;1
1250.53;422.06;1.33212;7.08539;-0.00342544;0.00184583;-0.000847476;0.00197873;-0.00355834;1.00421;0.00343216;0.00263949;0.999969;0.0299299;0.96466;1;3;1
1273.53;422.06;1.21437;7.10612;-0.00510573;0.00260207;-0.000974638;0.0027234;-0.00522706;0.988539;0.00171638;-0.00848261;0.994649;0.0399058;0.946905;1;3;1
31.5305;399.06;5.40685;4.29084;-0.00228882;-0.000735535;0.000408841;-0.000634496;-0.00238986;0.993907;-0.00138349;-0.00667201;1.00183;0.0222099;0.993399;1;3;1
54.5305;399.06;5.35414;4.31745;-0.00266052;0.000482823;0.00053147;0.000570251;-0.00274795;0.998988;-0.000970877;0.00351111;1.00312;0.0230689;0.984453;1;3;1
77.5306;399.06;5.28428;4.34248;-0.00474711;-0.0025719;0.00153801;-0.00177579;-0.00554322;0.997548;-0.00328726;-0.00229071;0.997394;0.023571;0.990701;1;3;1
100.531;399.06;5.13499;4.47156;-0.00366813;0.000715821;0.000900178;0.000893461;-0.00384577;0.992377;0.00237421;-0.00695643;1.00206;0.0249747;0.986166;1;4;1
123.531;399.06;5.115;4.49015;-0.00277306;-0.000101254;-0.000439112;-3.09361e-05;-0.00284337;0.999503;0.00227222;-0.00195018;0.998188;0.022226;0.989792;1;3;1
146.531;399.06;5.00717;4.55986;-0.00520849;-0.000176263;0.000642875;-9.5433e-05;-0.00528932;0.993185;0.000464799;1.79657e-06;0.997472;0.025871;0.978249;1;3;1
169.531;399.06;4.8747;4.57269;-0.00205194;3.16285e-05;-0.00132762;0.000677414;-0.00269773;0.999216;0.00329765;0.00037583;1.00373;0.0230339;0.988859;1;3;1
192.531;399.06;4.91267;4.58686;-0.00182453;0.000770532;0.000525809;0.000873023;-0.00192702;0.995311;0.00165466;-0.00367479;0.997621;0.0243369;0.986289;1;3;1
215.531;399.06;4.7906;4.66674;-0.0031797;0.00201331;0.00109304;0.002234;-0.00340039;0.998385;0.00303982;0.00343138;1.00889;0.0223096;0.986924;1;4;1
238.531;399.06;4.76607;4.68536;-0.0032782;-0.000593643;2.64135e-05;-0.000593383;-0.00327846;0.994992;0.00325718;-0.00421329;1.00054;0.0223699;0.989656;1;3;1
261.531;399.06;4.63955;4.69465;-0.00343695;0.000123753;0.000899673;0.000338161;-0.00365135;0.997071;0.000571137;2.15693e-05;0.996673;0.0249275;0.989937;1;3;1
284.531;399.06;4.60749;4.8216;-0.00236773;0.00176877;0.00142538;0.00221236;-0.00281133;0.995141;-0.00579428;-0.00298189;1.00252;0.0204189;0.990502;1;3;1
307.531;399.06;4.53035;4.81337;-0.00312059;0.00105578;0.000562985;0.00113034;-0.00319515;1.00017;-0.00342955;0.00111425;0.99879;0.0229829;0.988799;1;3;1
330.531;399.06;4.4637;4.85942;-0.00317468;0.000273523;0.00104237;0.000564135;-0.00346529;0.99662;0.00420947;-0.00218861;1.00632;0.0234893;0.984213;1;3;1
353.531;399.06;4.38381;4.97147;-0.00153909;-0.000505383;0.0020631;0.00110462;-0.0031491;0.99671;0.000704146;-0.00745172;1.00221;0.0227273;0.986888;1;4;1
376.531;399.06;4.39248;5.04309;-0.00237413;-0.000784389;0.00119133;-0.000147095;-0.00301142;1.00158;-0.00268251;0.00208988;0.998795;0.0211074;0.987759;1;3;1
399.531;399.06;4.27433;5.08294;-0.00486185;-0.000850499;-0.000502748;-0.000788448;-0.0049239;0.99359;0.000699328;-0.000850321;1.00165;0.0240414;0.988147;1;3;1
422.531;399.06;4.16827;5.08989;-0.00225652;0.00169155;0.00139636;0.0021355;-0.00270047;0.999765;0.0021491;-0.00065726;1.00161;0.0221734;0.990055;1;3;1
445.531;399.06;4.17029;5.1911;-0.00268069;0.00149025;0.000405359;0.00152928;-0.00271972;0.99626;0.00461197;-0.00293732;1.00114;0.0239999;0.986063;1;3;1
468.531;399.06;4.04464;5.20903;-0.00349718;0.000682378;0.000387777;0.000718052;-0.00353285;0.995588;0.000848207;-0.0034927;0.995051;0.0206862;0.990714;1;3;1
491.531;399.06;4.0089;5.33832;-0.00205997;0.00154486;0.000262339;0.00156385;-0.00207896;0.999915;0.00772535;-0.00971129;0.99933;0.0264872;0.981738;1;4;1
514.531;399.06;3.94961;5.33289;-0.00364168;0.0014312;-0.000615577;0.00150483;-0.00371531;0.99812;-0.00153008;0.00239475;1.00117;0.0223274;0.987318;1;4;1
537.531;399.06;3.84107;5.3661;-0.00420545;-0.000757492;0.00111648;-0.000427541;-0.0045354;0.991521;8.93864e-05;-0.00438901;1.00248;0.0194371;0.992201;1;3;1
560.531;399.06;3.75543;5.50608;-0.00336107;0.00112204;0.000149342;0.00112701;-0.00336604;0.997162;0.00229051;-0.004781;1.00455;0.0257651;0.981507;1;4;1
583.531;399.06;3.68596;5.5129;-0.00193131;0.00117671;0.000383948;0.00122344;-0.00197804;0.99552;-0.00118988;-2.31296e-05;1.00361;0.0212755;0.988403;1;3;1
606.531;399.06;3.66645;5.57313;-0.0019164;-0.000641349;0.000772861;-0.000277;-0.00228075;0.998924;-0.000983837;-0.000874195;0.996943;0.0214712;0.988673;1;3;1
629.531;399.06;3.59763;5.60581;-0.00360452;0.000354845;-3.48609e-05;0.000355152;-0.00360483;0.995386;-0.00220796;-0.0019601;1.00158;0.0250619;0.981218;1;4;1
652.531;399.06;3.50031;5.62688;-0.00220723;-0.000339605;0.000917104;3.54322e-05;-0.00258226;1.00289;-0.00104897;-0.00281423;0.995679;0.0238663;0.986574;1;3;1
675.531;399.06;3.49583;5.72398;-0.00128125;-0.00125814;1.1481e-06;-0.00125809;-0.00128131;0.990872;0.00109584;-0.00161935;1.00088;0.0229484;0.988474;1;3;1
698.531;399.06;3.44112;5.76674;-0.00329941;0.000673331;0.00025213;0.000689268;-0.00331535;1.00078;0.00183365;0.00142391;1.00156;0.0294054;0.97658;1;3;1
721.531;399.06;3.34372;5.81271;-0.00360115;0.00130059;0.000115833;0.00130333;-0.00360389;0.99557;0.00497661;-0.00117786;1.00443;0.0204095;0.987126;1;3;1
744.531;399.06;3.27509;5.85237;-0.00252704;0.000250279;0.00103697;0.000594735;-0.00287149;0.997018;0.00014678;-0.00422578;0.99878;0.0245306;0.985629;1;3;1
767.531;399.06;3.2271;5.95933;-0.0039905;0.00160841;0.000156701;0.00161279;-0.00399488;0.994685;-0.00335658;-0.000707519;0.997715;0.0271124;0.981991;1;4;1
790.531;399.06;3.09116;5.86583;-0.00399292;0.00288988;-0.000151753;0.00289322;-0.00399627;0.991743;-0.00333252;0.000699597;1.00491;0.0246281;0.988216;1;3;1
813.531;399.06;3.04299;6.03954;-0.00216429;-0.000152835;0.00204928;0.00112421;-0.00344133;1.00629;-0.00324503;-0.00511223;1.0017;0.0260845;0.984685;1;4;1
836.531;399.06;2.99082;6.11426;-0.00270302;-6.52406e-05;0.000998367;0.000270018;-0.00303828;0.992294;-0.00472766;-0.00181665;0.999624;0.0270254;0.981494;1;3;1
859.531;399.06;2.91837;6.13834;-0.00253301;0.00197452;-0.00037533;0.00200556;-0.00256405;1.00088;0.00199728;0.00372009;1.00057;0.0232299;0.985128;1;4;1
882.531;399.06;2.87415;6.14042;-0.00252746;-0.000198507;0.000175778;-0.000185315;-0.00254065;0.999861;0.00364504;-0.00648987;0.998398;0.0219378;0.986363;1;3;1
905.531;399.06;2.80189;6.22068;-0.00414107;0.000847206;0.00153119;0.00127971;-0.00457358;0.989657;0.004055;-0.00295896;1.00161;0.0214541;0.989727;1;3;1
928.531;399.06;2.68289;6.32464;-0.0051216;0.00203017;0.00158803;0.00236693;-0.00545836;0.995433;0.00505993;-0.0049356;1.00052;0.0236872;0.990476;1;3;1
951.531;399.06;2.56508;6.45676;-0.00331771;0.00127461;0.000153173;0.00127971;-0.00332282;0.997716;-0.00203476;0.000762099;0.997211;0.0251899;0.982418;1;3;1
974.531;399.06;2.52975;6.48336;-0.00247366;0.0026588;-0.000586239;0.00272491;-0.00253977;0.999402;0.00580981;-0.00440767;1.00656;0.0247059;0.985225;1;4;1
997.531;399.06;2.45101;6.57122;-0.00322277;0.00132932;0.0012694;0.00165938;-0.00355282;0.993636;-0.00241841;-0.00474204;1.0037;0.025723;0.980219;1;4;1
1020.53;399.06;2.38099;6.63973;-0.00372924;0.00150806;-0.000461385;0.0015484;-0.00376958;1.00066;2.70035e-05;0.0010722;0.99944;0.0269793;0.978035;1;3;1
1043.53;399.06;2.27913;6.59821;-0.00513915;0.00124859;0.00012309;0.00125096;-0.00514153;0.994927;0.000445232;0.00153848;0.999355;0.0241692;0.982374;1;3;1
1066.53;399.06;2.14393;6.70886;-0.00119452;0.00113204;0.000668912;0.00131065;-0.00137313;0.996412;0.00519397;-0.00304821;1.00409;0.0246196;0.986948;1;3;1
1089.53;399.06;2.22398;6.72527;-0.00440171;0.000572536;-0.000872833;0.000721247;-0.00455042;0.990245;0.00578732;-0.000643402;0.991314;0.0269471;0.978087;1;4;1
1112.53;399.06;1.94098;6.75423;-0.00720139;0.00104621;5.69521e-05;0.0010466;-0.00720179;0.992416;-0.000145147;-0.00687645;0.998774;0.0256278;0.977346;1;4;1
1135.53;399.06;1.89123;6.88613;-0.00266454;0.00175203;-0.000451502;0.00179772;-0.00271022;0.992734;0.00266842;0.0032883;0.997648;0.0258886;0.983732;1;4;1
1158.53;399.06;1.81801;6.90302;-0.00253794;0.000744989;-0.00113714;0.0011004;-0.00289335;0.998812;0.00389672;0.00145055;1.00537;0.0262751;0.980492;1;3;1
1181.53;399.06;1.77433;6.87083;-0.00331534;0.000176233;0.000540051;0.000257856;-0.00339696;0.994032;-0.00104407;-0.00302789;0.999734;0.0286021;0.97677;1;3;1
1204.53;399.06;1.66519;6.97868;-0.00524026;0.00110285;0.00097642;0.00124975;-0.00538716;1.00148;-0.00286042;-0.0046819;1.00276;0.0277247;0.975805;1;4;1
1227.53;399.06;1.53204;7.10609;-0.00661825;0.0012946;-0.00215886;0.00184528;-0.00716893;0.987856;0.00763259;-0.00172342;0.997125;0.0281369;0.979611;1;3;1
1250.53;399.06;1.35963;7.07357;-0.00501518;0.000377728;-0.00104229;0.000572162;-0.00520961;0.995781;0.0024344;-0.00272833;0.998435;0.0284322;0.969229;1;4;1
1273.53;399.06;1.30076;7.1213;-0.0025544;-0.000110694;-0.000774591;0.000114144;-0.00277924;1.00305;0.00254901;-0.00183394;0.999919;0.0304728;0.973947;1;4;1
31.5305;376.06;5.45951;4.32112;-0.00398445;9.65061e-05;-0.00116824;0.000407269;-0.00429521;0.998036;0.000805521;-0.0042787;0.996901;0.0209336;0.988336;1;3;1
54.5305;376.06;5.36768;4.30646;-0.00333911;0.00052978;0.000818833;0.000695946;-0.00350528;0.996374;0.000373404;-0.00251136;1.00107;0.0236377;0.984234;1;3;1
77.5306;376.06;5.3055;4.4401;-0.00378861;-0.00134726;0.00105711;-0.000953148;-0.00418272;0.996554;0.00301884;-0.00172088;0.999681;0.0206907;0.991317;1;3;1
100.531;376.06;5.19288;4.43848;-0.0032338;0.000517624;-0.0010869;0.00080978;-0.00352595;0.996031;0.00541801;0.000560753;1.00014;0.0217879;0.985392;1;3;1
123.531;376.06;5.15649;4.47489;-0.00337639;0.000547679;0.00124687;0.000910354;-0.00373906;0.995999;-0.000781221;-0.00409078;1.00326;0.0223767;0.985363;1;3;1
146.531;376.06;5.03725;4.51163;-0.00325395;0.00210408;0.000594805;0.00216931;-0.00331919;0.995902;0.0014545;-0.000283623;1.00338;0.0222399;0.984412;1;3;1
169.531;376.06;5.00647;4.5675;-0.0024605;-1.72469e-05;-0.000822664;0.00023393;-0.00271167;1.00238;0.00819356;-0.0035187;0.997008;0.0235936;0.984755;1;3;1
192.531;376.06;4.92386;4.58692;-0.00479567;-0.00131052;-0.000216245;-0.00129715;-0.00480903;0.991352;0.00427174;0.00131692;1.00063;0.0209499;0.989705;1;3;1
215.531;376.06;4.78533;4.58535;-0.00395437;-0.000475767;0.000476523;-0.00041167;-0.00401846;1.00018;0.0058237;-0.00622705;0.999044;0.0205849;0.986425;1;3;1
238.531;376.06;4.74151;4.67806;-0.00152086;-0.000527001;0.000930911;3.13118e-05;-0.00207917;0.993031;-0.000987122;0.00225909;1.00259;0.0277294;0.983045;1;3;1
261.531;376.06;4.71526;4.65902;-0.0022561;-0.0012834;0.000216394;-0.00123743;-0.00230207;0.999772;0.00668042;-0.00223225;0.998023;0.0238041;0.988056;1;3;1
284.531;376.06;4.63754;4.76013;-0.00468618;0.000958444;0.000839594;0.00108068;-0.00480841;0.994414;0.00341745;-0.0048415;1.00138;0.0210545;0.990819;1;2;1
307.531;376.06;4.499;4.78967;-0.0031586;-0.00107624;0.00089551;-0.000744103;-0.00349074;0.996415;0.00300261;-0.00129693;0.999372;0.023457;0.988993;1;3;1
330.531;376.06;4.49188;4.8686;-0.00282351;-0.00184259;0.000329864;-0.00174199;-0.00292412;0.995819;0.00392411;-0.00366665;0.998095;0.0222474;0.987691;1;3;1
353.531;376.06;4.3688;4.90365;-0.00255264;0.000511664;0.000793028;0.000704732;-0.00274571;0.998035;0.00214479;0.000264967;0.999563;0.019241;0.991101;1;3;1
376.531;376.06;4.37405;5.02456;-0.000939256;0.00204498;0.00275747;0.00368816;-0.00258243;0.997721;-0.00050592;-0.00318655;1.0087;0.0227367;0.992308;1;3;1
399.531;376.06;4.3252;5.08774;-0.00376652;0.000839062;0.000435722;0.000879922;-0.00380738;0.991784;0.00265737;0.00341107;1.00131;0.0262449;0.991237;1;3;1
422.531;376.06;4.20045;5.04905;-0.0038558;0.000889076;-0.000356368;0.000915692;-0.00388241;0.994536;-0.000712275;-0.00669977;0.999478;0.0232208;0.986242;1;3;1
445.531;376.06;4.14749;5.10658;-0.00204378;0.00116069;0.00141039;0.00169302;-0.00257611;0.996548;0.000272634;0.00394309;0.995565;0.0214951;0.984962;1;3;1
468.531;376.06;4.10609;5.20243;-0.00297753;-0.000170637;0.00113917;0.000233503;-0.00338167;0.999085;0.00279988;-0.00921762;1.00381;0.0210915;0.990914;1;3;1
491.531;376.06;4.01006;5.26146;-0.00216918;0.00275256;0.000966888;0.00293569;-0.00235232;0.996938;-0.00642812;-0.0021055;1.00925;0.0269675;0.97956;1;4;1
514.531;376.06;4.00601;5.3325;-0.00251431;-0.000101048;0.000648065;6.19733e-05;-0.00267733;0.997831;0.00581795;-0.00207973;0.994812;0.0220303;0.990414;1;4;1
537.531;376.06;3.89411;5.37736;-0.00261633;0.00092179;0.00136268;0.00138577;-0.00308031;0.99441;0.00316912;-0.00407165;0.996023;0.0256195;0.983233;1;3;1
560.531;376.06;3.88534;5.45493;-0.00336881;0.00235302;0.000116542;0.00235539;-0.00337118;0.995123;7.18959e-05;0.000163601;0.998141;0.023885;0.985566;1;3;1
583.531;376.06;3.7388;5.46294;-0.0045545;0.000765668;0.000268765;0.000779211;-0.00456805;0.999676;0.000528617;-0.00721518;1.00351;0.0231754;0.984875;1;3;1
606.531;376.06;3.67521;5.56705;-0.00249185;0.00137921;0.000845777;0.00155593;-0.00266858;0.996758;0.00169643;-0.00106617;1.00406;0.0253451;0.983271;1;3;1
629.531;376.06;3.6238;5.6091;-0.00274238;0.000149363;0.000187526;0.000161473;-0.00275449;0.996834;0.00427585;-0.00407693;1.00307;0.0285576;0.98454;1;3;1
652.531;376.06;3.54879;5.66379;-0.00218972;0.000183681;0.00047495;0.000275196;-0.00228123;0.999315;0.00129221;0.00291628;1.0024;0.0230257;0.985588;1;3;1
675.531;376.06;3.52278;5.73687;-0.00187678;0.00152233;-0.000194611;0.00153344;-0.00188789;0.995104;0.000538862;-0.00355721;1.00501;0.0330814;0.972987;1;3;1
698.531;376.06;3.46231;5.74234;-0.00332315;0.000921142;-0.000139387;0.000925714;-0.00332772;0.999505;0.000608909;0.00379201;1.00297;0.0230316;0.987771;1;3;1
721.531;376.06;3.36966;5.75104;-0.00322062;0.000943346;0.000651894;0.00104302;-0.0033203;0.995647;0.000317029;-0.00516527;0.998436;0.0219504;0.988824;1;3;1
744.531;376.06;3.31379;5.85413;-0.00372614;0.000669978;0.000269518;0.00068644;-0.0037426;0.994127;0.00812905;0.000494685;1.00635;0.0244432;0.986353;1;4;1
767.531;376.06;3.19775;5.88062;-0.00167395;0.00183295;-1.25365e-05;0.001833;-0.00167399;0.998606;0.00294142;0.000384817;1.00232;0.0238498;0.987531;1;3;1
790.531;376.06;3.23666;5.92787;-0.00160539;-0.00164177;0.000800079;-0.000823294;-0.00242387;1.00302;0.00050414;-0.00647563;0.993564;0.0261246;0.986031;1;4;1
813.531;376.06;3.12347;6.06614;-0.00534136;0.000278229;0.000102522;0.000280099;-0.00534323;0.99325;0.00602498;0.00134988;1.00117;0.0256793;0.978873;1;3;1
836.531;376.06;2.99001;6.09146;-0.00329409;0.00208244;-0.00144063;0.00244413;-0.00365577;1.00179;0.00702017;-0.00358669;1.002;0.0268476;0.981933;1;4;1
859.531;376.06;2.97169;6.07464;-0.00235002;0.002119;-0.000905293;0.00229542;-0.00252644;0.992261;0.00506767;2.45748e-06;1.00499;0.0317603;0.975475;1;4;1
882.531;376.06;2.88175;6.1401;-0.00378755;-0.000282342;0.00106526;1.60057e-05;-0.0040859;0.999924;-0.000196849;-0.00656264;0.998257;0.0256677;0.983539;1;3;1
905.531;376.06;2.79688;6.22785;-0.00342507;-0.00111551;0.00077433;-0.000879931;-0.00366066;0.994926;0.00555067;-0.00426389;0.997039;0.0246174;0.990123;1;3;1
928.531;376.06;2.72378;6.25503;-0.00227978;0.000847489;0.00108902;0.00118935;-0.00262164;1.00214;0.0019904;-0.00178019;0.997542;0.0237107;0.984689;1;3;1
951.531;376.06;2.69158;6.39686;-0.0023028;0.00212122;-0.000847156;0.00227789;-0.00245948;0.99453;0.0049672;-0.00369896;1.00876;0.02628;0.980409;1;3;1
974.531;376.06;2.61755;6.38512;-0.00435233;0.00217578;-0.000733116;0.0022571;-0.00443365;0.998537;0.00211395;-0.000798284;1.00011;0.0252698;0.981851;1;3;1
997.531;376.06;2.49092;6.43282;-0.00485263;0.00321417;0.000826865;0.00329806;-0.00493651;0.992693;0.00408824;-0.00419817;1.00235;0.0223752;0.984771;1;3;1
1020.53;376.06;2.39356;6.52822;-0.00277156;0.00284162;0.00137975;0.00316244;-0.00309238;1.00075;0.00458851;-0.00460794;1.00231;0.0214026;0.98928;1;3;1
1043.53;376.06;2.36287;6.61879;-0.00338592;-0.000465823;0.000352885;-0.000423783;-0.00342796;0.995636;0.00402482;-0.00112147;0.997642;0.0235234;0.983218;1;3;1
1066.53;376.06;2.23729;6.68047;-0.00382391;0.000428019;-0.000518819;0.00049041;-0.0038863;0.993028;0.0083638;-0.00592201;0.992786;0.0241684;0.98594;1;3;1
1089.53;376.06;2.18644;6.7541;-0.00390625;-0.000223776;0.000905874;-1.29988e-05;-0.00411703;0.994257;0.00110106;-0.000181559;1.00186;0.025998;0.976383;1;4;1
1112.53;376.06;2.05718;6.76114;-0.00475069;0.000911719;-0.00157203;0.00131888;-0.00515784;0.997705;0.00602824;-0.00217241;1.0068;0.024588;0.991232;1;3;1
1135.53;376.06;1.96731;6.83483;-0.00407976;0.00256194;0.000640626;0.00262317;-0.00414099;0.991754;0.0072785;-1.56332e-05;1.01233;0.0300791;0.975823;1;3;1
1158.53;376.06;1.86901;6.86475;-0.005632;0.0012302;0.000660239;0.00129315;-0.00569494;0.993373;0.000910115;-0.0102214;0.998764;0.024866;0.985269;1;4;1
1181.53;376.06;1.70732;6.96493;-0.00436364;-0.000646615;0.000217873;-0.000633888;-0.00437637;0.991056;0.00776232;0.00594462;0.99902;0.0277565;0.974148;1;4;1
1204.53;376.06;1.66775;6.95448;-0.000857776;0.000383095;-0.000509861;0.000565715;-0.0010404;1.00026;0.00775088;-0.00559697;0.996043;0.0254791;0.976116;1;3;1
1227.53;376.06;1.66781;7.01898;-0.00485406;0.0026755;-0.000297411;0.00268723;-0.00486579;0.997785;0.00476523;-0.000192731;1.00683;0.024995;0.977033;1;4;1
1250.53;376.06;1.44378;7.06816;-0.00620251;0.000486148;-0.00108842;0.000658806;-0.00637517;0.992829;0.00174377;-0.00646466;1.00407;0.023827;0.981439;1;3;1
1273.53;376.06;1.38151;7.11151;-0.00270173;-0.0021594;-0.000730919;-0.00165097;-0.00321016;0.997375;0.00615933;-0.000612671;1.00087;0.0325818;0.977579;1;3;1
31.5305;353.06;5.48534;4.28646;-0.00379036;-0.000436876;-0.000586151;-0.000337375;-0.00388986;0.999239;0.00171973;0.00221979;1.00545;0.0227119;0.991072;1;3;1
54.5305;353.06;5.39799;4.29311;-0.00360643;-0.00315088;0.000508227;-0.00282172;-0.00393559;0.992716;0.00150425;-0.00533086;0.99933;0.0243868;0.991762;1;3;1
77.5306;353.06;5.31899;4.40451;-0.00276781;0.00265642;0.00221395;0.00344532;-0.00355671;0.996949;0.00177578;-0.000192373;0.998719;0.0178694;0.993737;1;2;1
100.531;353.06;5.27024;4.44795;-0.00532523;0.00189844;-0.00261815;0.00274755;-0.00617435;0.99605;0.00383599;-0.0030969;0.998591;0.0216582;0.988954;1;3;1
123.531;353.06;5.07333;4.46498;-0.00487645;0.000246726;-0.000636969;0.000324733;-0.00495446;0.994948;0.00320102;-0.00477813;1.00001;0.0237179;0.987622;1;3;1
146.531;353.06;5.04537;4.46319;-0.00102446;-0.000434615;-0.0006517;-1.42098e-05;-0.00144486;0.999322;0.00128272;0.00402215;1.00023;0.0204052;0.992874;1;3;1
169.531;353.06;5.02606;4.57373;-0.00205043;-0.00277397;0.000737608;-0.00159065;-0.00323375;0.997665;-0.00270757;-0.00403627;1.00029;0.0206026;0.992097;1;3;1
192.531;353.06;4.95058;4.6472;-0.00407573;-0.00453722;0.000470595;-0.00378235;-0.00483059;0.994066;-0.0038867;-0.00391951;0.998467;0.0228186;0.986734;1;3;1
215.531;353.06;4.83804;4.68865;-0.00426282;-0.00141806;-0.00131683;-0.000902087;-0.00477879;1.00011;-0.00120348;-0.00257754;0.99834;0.0243783;0.984601;1;3;1
238.531;353.06;4.75403;4.70961;-0.00295768;-0.000838142;-0.00259133;0.00090175;-0.00469758;0.991111;0.00300844;0.00581396;0.997;0.0226428;0.991655;1;3;1
261.531;353.06;4.70174;4.75376;-0.00201319;-0.00248954;-3.94986e-05;-0.00200994;-0.00249279;1.00298;0.000957428;0.00261995;0.999647;0.0228665;0.990926;1;3;1
284.531;353.06;4.66128;4.77756;-0.00315193;0.0015546;0.00038432;0.00158578;-0.00318311;0.994798;0.00362947;-0.00901861;1.00165;0.021718;0.988433;1;3;1
307.531;353.06;4.5564;4.86292;-0.00246696;-0.000866094;0.000518017;-0.000713094;-0.00261996;0.996655;-0.0035453;0.00261132;0.994914;0.023549;0.99281;1;3;1
330.531;353.06;4.54736;4.94434;-0.00193739;-0.00166685;-0.000276012;-0.00149475;-0.0021095;1.00306;-0.000717597;-0.00271294;0.995141;0.02226;0.99027;1;3;1
353.531;353.06;4.46711;4.94802;-0.00486102;-0.00112425;-0.00114328;-0.000802209;-0.00518306;0.996949;0.00408676;-0.00269352;0.999093;0.0200174;0.991127;1;3;1
376.531;353.06;4.3232;4.94916;-0.00451823;0.00266242;0.00095439;0.0027871;-0.00464292;0.991857;-0.00145805;0.000998003;0.996073;0.0222353;0.990864;1;4;1
399.531;353.06;4.2587;5.04436;-0.00223622;0.00630462;0.00272738;0.00710126;-0.00303286;0.999302;-0.00876159;-0.00773143;0.99455;0.0223041;0.990249;1;3;1
422.531;353.06;4.22011;5.04904;-0.00140049;-0.00169507;0.000219649;-0.00128332;-0.00181225;1.00139;0.00248849;-0.00228992;1.00235;0.0237448;0.990669;1;3;1
445.531;353.06;4.19414;5.13775;-0.00271303;7.77877e-05;0.00126029;0.000562674;-0.00319791;0.990426;-0.00125909;-0.00648426;1.00208;0.0211148;0.989899;1;3;1
468.531;353.06;4.09484;5.21691;-0.00311707;0.00168563;-0.000119304;0.00168859;-0.00312003;0.997105;0.00193082;-0.00320784;1.0006;0.0204975;0.991752;1;3;1
491.531;353.06;4.05047;5.21189;-0.00192542;-0.000200213;-0.000151731;-0.00018697;-0.00193866;0.998666;0.00218718;0.00305351;0.998977;0.023439;0.987678;1;4;1
514.531;353.06;4.00602;5.33758;-0.00460008;0.000415932;0.00110876;0.000650086;-0.00483423;0.993943;-0.00177151;-0.00807988;1.00417;0.0236704;0.991629;1;4;1
537.531;353.06;3.83824;5.32372;-0.00380242;0.000158128;-0.000816578;0.000319882;-0.00396418;0.996707;-0.00299435;0.00159222;1.0005;0.0239515;0.983718;1;3;1
560.531;353.06;3.83074;5.39803;-0.00139311;0.00434978;0.0020128;0.00498498;-0.00202831;0.998494;-0.00188938;-0.00503503;0.999604;0.021495;0.991972;1;3;1
583.531;353.06;3.77385;5.47778;-0.00207237;-0.00112923;5.58185e-05;-0.00112594;-0.00207566;0.996224;-7.31593e-05;0.000599092;0.994985;0.0239554;0.98748;1;3;1
606.531;353.06;3.73517;5.50978;-0.00209228;-0.00111273;0.000584222;-0.000840145;-0.00236486;0.99735;0.00257339;-0.00321095;0.998112;0.0251183;0.982981;1;3;1
629.531;353.06;3.67735;5.59901;-0.00326541;0.00122215;0.000815232;0.00136566;-0.00340892;0.996303;-0.00105364;-0.00277737;0.999399;0.0223263;0.988221;1;3;1
652.531;353.06;3.58459;5.61851;-0.00184008;0.00440103;-0.000647519;0.0044675;-0.00190655;0.999345;0.00369801;-0.00252562;1.00098;0.0209359;0.990936;1;3;1
675.531;353.06;3.59259;5.65411;-0.00252386;0.00218807;-4.2173e-05;0.00218845;-0.00252424;0.999246;0.0032847;-0.00370513;1.00175;0.026018;0.986639;1;3;1
698.531;353.06;3.46822;5.72439;-0.0042654;0.00063851;0.000663179;0.000726612;-0.0043535;0.998086;0.00253766;-0.00295405;1.00078;0.0224762;0.987758;1;3;1
721.531;353.06;3.39582;5.76937;-0.00190605;-0.00257607;0.00096497;-0.00121959;-0.00326253;0.996129;0.00332345;-0.00581202;1.00214;0.024739;0.985175;1;3;1
744.531;353.06;3.38036;5.82168;-0.00202929;-0.000887775;-0.000240288;-0.000839257;-0.00207781;1.00071;-0.00271973;0.00507796;1.00199;0.0278642;0.982737;1;3;1
767.531;353.06;3.30225;5.87516;-0.00384605;0.000321366;-0.000802421;0.000470531;-0.00399521;0.995267;0.00249171;-0.00279061;1.00339;0.026829;0.988123;1;3;1
790.531;353.06;3.20294;5.94155;-0.00225791;0.000380364;0.00036925;0.000431069;-0.00230862;0.994809;0.00571712;-0.00264136;1.00139;0.0253559;0.987673;1;4;1
813.531;353.06;3.19802;6.02701;-0.00153211;0.00304032;-0.000208534;0.00304981;-0.0015416;1.00076;0.00523722;-0.000420821;0.999027;0.0211327;0.987993;1;3;1
836.531;353.06;3.13234;6.01879;-0.00319717;-0.00265255;-0.00117714;-0.00171664;-0.00413308;0.99421;0.00170739;-0.00230381;1.00101;0.0244995;0.982364;1;3;1
859.531;353.06;3.05071;6.04116;-0.00439517;-0.00381628;-0.000250905;-0.00372267;-0.00448878;0.990887;0.00166516;-0.00143874;0.988693;0.0235615;0.989676;1;3;1
882.531;353.06;2.92952;6.15344;-0.00443627;0.000377514;0.00273197;0.00161161;-0.00567036;1.00054;0.00123424;-0.00782275;0.997913;0.0250757;0.98139;1;3;1
905.531;353.06;2.84561;6.27205;-0.00384748;4.46526e-05;-4.83572e-05;4.52534e-05;-0.00384808;0.995041;-0.000105675;-0.00477243;1.00086;0.0225654;0.989195;1;2;1
928.531;353.06;2.75201;6.28573;-0.00155667;-0.00339776;-0.000350541;-0.00149219;-0.00346225;1.00035;0.00143075;-0.000405601;0.999516;0.0228551;0.989132;1;3;1
951.531;353.06;2.77386;6.35976;-0.00256665;-0.00266077;0.00178034;-0.000832745;-0.00439468;0.997007;0.00168276;0.00139803;0.996672;0.0230977;0.984723;1;3;1
974.531;353.06;2.63368;6.3835;-0.00552798;0.000559438;0.000423447;0.000588753;-0.00555729;0.993317;0.00494454;-0.00807533;1.00581;0.0276451;0.982169;1;4;1
997.531;353.06;2.51882;6.42365;-0.00418219;-0.00179234;0.000562988;-0.00166636;-0.00430817;0.995415;-0.00462153;0.000501064;1.00157;0.0268581;0.977816;1;3;1
1020.53;353.06;2.44073;6.50924;-0.0025869;-0.00151285;0.00144094;-0.000512122;-0.00358763;0.998143;-0.0004146;-0.00190781;1.00194;0.0209532;0.989453;1;3;1
1043.53;353.06;2.39925;6.6198;-0.00244581;-0.00166894;0.00156797;-0.000442005;-0.00367274;0.997746;0.000202386;-0.00353018;1.00034;0.025287;0.984267;1;3;1
1066.53;353.06;2.32773;6.68954;-0.00385821;0.00178492;-0.000230265;0.0017943;-0.00386759;0.992866;0.000973045;-0.0035062;1.00436;0.0212761;0.990652;1;3;1
1089.53;353.06;2.22128;6.73557;-0.00347715;-0.000449419;0.000746486;-0.000275377;-0.00365119;0.996449;-0.000852181;0.00527899;0.999131;0.0287304;0.983688;1;3;1
1112.53;353.06;2.16749;6.71287;-0.00617483;1.40856e-05;-0.00093799;0.000153124;-0.00631386;0.989332;0.00363226;-0.00780688;0.991082;0.0306022;0.974306;1;4;1
1135.53;353.06;1.93635;6.76845;-0.00605515;-0.00180959;0.000236186;-0.00179649;-0.00606825;0.993409;-0.000101272;-0.00121272;0.992461;0.0222184;0.989123;1;4;1
1158.53;353.06;1.88791;6.84652;-0.00199567;-0.00225189;-0.000487027;-0.00162019;-0.00262738;0.998103;-0.000946901;-0.00198067;0.997099;0.0247822;0.984572;1;4;1
1181.53;353.06;1.84426;6.90064;-0.00263826;0.00115981;-0.00166102;0.00178374;-0.00326219;0.994508;-5.42231e-05;-0.00163853;1.00143;0.0242818;0.987264;1;3;1
1204.53;353.06;1.76625;6.96117;-0.00369141;-0.000166442;9.69491e-05;-0.000163777;-0.00369407;0.996865;-0.00437251;-0.00458532;1.0022;0.0250765;0.983005;1;3;1
1227.53;353.06;1.67407;6.9834;-0.00461118;-0.00224556;0.00114897;-0.00177938;-0.00507736;0.997633;-0.00341591;0.00160091;1.00023;0.0285118;0.972268;1;2;1
1250.53;353.06;1.55355;7.05162;-0.0047389;0.00185131;0.000536678;0.00189472;-0.00478232;0.994423;0.00366749;-0.00387145;1.00049;0.027115;0.974649;1;3;1
1273.53;353.06;1.45494;7.221;-0.00425108;0.00278558;0.00317348;0.00400536;-0.00547085;0.996655;0.000416305;-0.0113395;0.992746;0.0304131;0.976823;1;4;1
31.5305;330.06;5.52698;4.34127;-0.00381296;-0.00237822;0.00149293;-0.00143924;-0.00475193;1.0045;-0.00602054;-0.0014431;0.992194;0.0319942;0.991067;1;4;1
54.5305;330.06;5.43885;4.45169;-0.00585335;-0.00686926;-0.00113317;-0.00511949;-0.00760312;0.989216;0.00269453;0.00320862;0.987688;0.0274652;0.992486;1;4;1
77.5306;330.06;5.25693;4.31809;0.00124454;0.00376803;0.000265668;0.0037957;0.00121688;0.99762;-0.00586378;0.00194919;1.00625;0.0278774;0.988301;1;4;1
100.531;330.06;5.49596;4.35223;-0.000565214;0.00421867;-0.00331587;0.0059153;-0.00226184;0.990393;0.0171956;-0.00753784;1.01417;0.033623;0.987014;1;4;1
123.531;330.06;5.23069;4.4636;-0.00627422;8.31764e-05;-0.00144582;0.000396543;-0.00658758;0.996633;0.00357299;0.0014617;0.998734;0.0341579;0.991433;1;3;1
146.531;330.06;5.20608;4.53193;-0.00233984;-0.00296023;-0.000973233;-0.00162857;-0.0036715;1.00008;0.00497556;-0.00853885;0.995707;0.0295975;0.988909;1;4;1
169.531;330.06;5.12235;4.69542;-0.00455598;-0.00526833;0.000773196;-0.00406086;-0.00576344;0.985152;0.00146465;0.00437905;0.991376;0.0354843;0.988092;1;4;1
192.531;330.06;4.99526;4.79617;-0.00331463;-0.00645416;-0.00144779;-0.00274892;-0.00701987;1.00059;0.00820394;-0.00750442;0.987145;0.037441;0.992502;1;3;1
215.531;330.06;4.9696;4.651;0.00110223;0.00165474;-0.00371798;0.00510672;-0.00234974;0.99787;0.0118333;0.000603563;1.00024;0.0354815;0.985713;1;4;1
238.531;330.06;5.04587;4.71764;-0.00396209;-0.0002684;-0.00498549;0.00320132;-0.00743182;1.00062;0.021818;4.58165e-05;0.993872;0.0385658;0.982974;1;4;1
261.531;330.06;4.78682;4.77374;-0.00723716;-0.000861186;-0.00214991;-0.000203997;-0.00789435;0.986768;0.0036844;0.00136249;0.995375;0.0389553;0.990405;1;4;1
284.531;330.06;4.71174;4.68873;-0.00365648;0.00387185;-0.000482396;0.00390264;-0.00368727;0.995107;-0.000878129;-0.00382037;1.00465;0.03434;0.979293;1;3;1
307.531;330.06;4.61828;4.82969;-0.00235737;0.00144948;0.00145261;0.00194044;-0.00284834;0.999565;0.00336637;-0.00494679;1.00997;0.0359539;0.977115;1;4;1
330.531;330.06;4.60245;4.94547;-0.00301203;-4.63269e-05;0.000173636;-3.61954e-05;-0.00302216;0.999607;0.00380549;0.00364642;1.00672;0.0280824;0.992268;1;4;1
353.531;330.06;4.47934;4.95552;-0.00476143;-0.000326149;-0.000734177;-0.000207779;-0.0048798;0.994075;-0.002942;0.00139527;1.00186;0.0360585;0.982572;1;4;1
376.531;330.06;4.38288;4.90225;-0.00660039;0.00204502;-0.00299484;0.00298111;-0.00753647;0.995738;0.00661278;-0.00608552;1.00887;0.0311409;0.984715;1;3;1
399.531;330.06;4.17445;4.79888;-0.00236139;0.0107365;0.00429782;0.0120208;-0.0036457;0.993927;-0.0014021;-0.000677706;1.02403;0.0340044;0.978726;1;4;1
422.531;330.06;4.27358;5.12715;0.00056808;-0.00338769;0.00213183;0.00149824;-0.00431785;1.00011;0.00190598;0.001193;0.98781;0.040135;0.989949;1;4;1
445.531;330.06;4.19956;5.10303;-0.00178055;0.00151044;-0.00014087;0.00151646;-0.00178657;0.99805;0.0084127;-0.00448149;1.00219;0.0326316;0.991548;1;4;1
468.531;330.06;4.1916;5.12503;-0.00118053;0.00401135;-0.000269449;0.0040253;-0.00119448;0.993935;0.00751922;-0.00099471;1.00176;0.0277953;0.98954;1;3;1
491.531;330.06;4.14492;5.27087;-0.00380334;-0.00255256;-3.63242e-06;-0.00255255;-0.00380335;1.00161;0.00668996;-0.00751884;0.999912;0.0272151;0.993138;1;3;1
514.531;330.06;4.01592;5.31337;-0.00248829;0.00105311;0.000867077;0.00125401;-0.00268919;0.989755;0.000601905;-0.00146346;0.992663;0.0310044;0.987287;1;3;1
537.531;330.06;4.03021;5.37029;-0.00349478;-0.00198802;-0.00478884;0.00210634;-0.00758913;1.00257;0.0130908;0.00155539;1.00107;0.0302944;0.988865;1;4;1
560.531;330.06;3.85485;5.25528;-0.00400208;0.00622622;0.00106111;0.00633514;-0.004111;0.996549;-0.000775751;-0.00370114;1.01332;0.0359054;0.989914;1;3;1
583.531;330.06;3.84552;5.51504;-0.00240367;-0.0016139;0.00238552;0.000409202;-0.00442677;0.997597;0.00715793;-0.00409473;0.998063;0.0339827;0.986376;1;4;1
606.531;330.06;3.74271;5.61832;-0.00407288;-0.00470759;0.0002468;-0.00398821;-0.00479226;0.991864;0.00302629;0.00271747;0.988714;0.0359982;0.9832;1;4;1
629.531;330.06;3.65776;5.55293;-0.00170566;0.00200594;-0.00127837;0.00240363;-0.00210335;0.996827;-0.00101092;-0.00367296;1.00443;0.0318295;0.988543;1;3;1
652.531;330.06;3.66391;5.46193;-0.000535338;0.00683709;-0.000809435;0.00692492;-0.000623162;1.00162;0.00317297;-0.00525453;1.01298;0.0277078;0.992888;1;3;1
675.531;330.06;3.63306;5.63646;-0.0031768;0.000769364;0.00185436;0.00150399;-0.00391143;0.997075;-0.00336253;-0.000542237;1.00266;0.0310042;0.988804;1;4;1
698.531;330.06;3.51686;5.71301;-0.00551784;0.000497398;0.00148493;0.000843999;-0.00586444;1.00234;0.00376703;-0.00732699;0.99681;0.034378;0.98088;1;3;1
721.531;330.06;3.37794;5.86969;-0.0016216;-0.00435215;0.00235939;-0.000260943;-0.0057128;0.996758;-0.00437376;-0.00969385;0.979724;0.0313253;0.987606;1;3;1
744.531;330.06;3.44185;5.89516;0.000310907;-0.00318621;-0.00137437;0.000786391;-0.0036617;1.00373;0.00630181;0.00309142;0.986803;0.0314658;0.987626;1;4;1
767.531;330.06;3.39224;5.86625;-0.001889;0.000394775;-0.00178541;0.00137223;-0.00286646;0.991553;0.00885141;0.00147074;0.996804;0.0322251;0.98696;1;3;1
790.531;330.06;3.35487;5.91053;-0.0037305;0.00137168;-0.00263359;0.00248717;-0.004846;0.998852;0.00543501;-0.00814151;1.00708;0.0338309;0.983263;1;3;1
813.531;330.06;3.22027;5.9266;-0.00522662;0.00437569;0.00282966;0.00514751;-0.00599844;0.99503;-0.0018117;0.00262801;1.00896;0.0336587;0.987172;1;4;1
836.531;330.06;3.11281;6.2138;-0.0019441;-0.00844271;0.00391797;-0.00010337;-0.0102834;0.996443;-0.00137964;-0.00898679;0.984785;0.0341599;0.991608;1;3;1
859.531;330.06;3.12961;6.2508;-0.00545073;-0.00906742;-0.00268663;-0.00402054;-0.0104976;0.996896;0.00462257;0.00598139;0.987821;0.0357997;0.987325;1;4;1
882.531;330.06;2.86129;6.12274;-0.00424008;0.0013401;0.00120708;0.00159002;-0.00449;0.999985;-0.00333686;-0.00658557;1.00237;0.035579;0.98352;1;4;1
905.531;330.06;2.93415;6.22601;-0.000364177;0.00201115;0.00122371;0.00252878;-0.000881805;0.988188;0.00854689;0.00515496;1.00321;0.0335298;0.985888;1;4;1
928.531;330.06;2.84363;6.41175;-0.00667478;-0.00545658;0.00119385;-0.00472543;-0.00740593;1.00045;0.00857885;-0.00773076;0.990685;0.0282193;0.989081;1;4;1
951.531;330.06;2.62513;6.51947;-0.00435874;-0.00689889;0.00265399;-0.00268658;-0.00857105;0.99305;-0.0104922;-0.00084371;0.990555;0.0360791;0.990829;1;3;1
974.531;330.06;2.64266;6.3594;-0.00130756;0.00104855;-0.000239122;0.00107257;-0.00133158;0.997834;-0.000141447;-0.00218981;0.994057;0.0361036;0.98226;1;4;1
997.531;330.06;2.56494;6.5154;-0.00401428;-0.00397911;0.00158349;-0.00241311;-0.00558028;0.990781;0.00758098;-0.00422734;0.993349;0.035987;0.981061;1;3;1
1020.53;330.06;2.45701;6.59791;-0.00359963;-0.00384742;0.00159892;-0.00211981;-0.00532724;1.00376;0.00266531;0.000425295;0.989864;0.0291232;0.98549;1;3;1
1043.53;330.06;2.39871;6.69564;-0.00178168;-0.0032921;1.97052e-05;-0.00178142;-0.00329236;0.996941;0.00818475;-0.00585594;0.993839;0.0286505;0.990918;1;3;1
1066.53;330.06;2.37498;6.59864;-0.00558695;0.00396222;-0.000157674;0.00396482;-0.00558955;0.990628;0.00183145;0.00108026;1.00435;0.0295294;0.991742;1;4;1
1089.53;330.06;2.14092;6.7748;-0.00428631;-0.00169815;0.00349756;0.000737054;-0.00672151;1.00238;-0.00921427;-0.0051975;0.99995;0.0340745;0.982393;1;4;1
1112.53;330.06;2.1771;6.76065;-0.00132573;-0.00207521;0.0013479;-0.000301449;-0.00309949;0.993812;-0.00274158;-0.00247465;1.00898;0.0331198;0.991985;1;4;1
1135.53;330.06;2.07967;6.91829;-0.00283449;-0.00647404;-0.000859132;-0.00264188;-0.00666665;0.99254;0.00715541;0.00475094;0.989471;0.0293585;0.989126;1;3;1
1158.53;330.06;2.04605;6.9688;-0.0022592;-0.00527872;-0.00349387;3.71556e-05;-0.00757508;1.00625;0.0079405;-0.00527907;0.993925;0.0319148;0.986422;1;4;1
1181.53;330.06;1.97563;6.91239;-0.00659102;-0.000494521;-0.00290856;0.000670486;-0.00775603;0.986233;0.01798;0.000177334;1.00195;0.0376569;0.98643;1;4;1
1204.53;330.06;1.74186;6.9622;-0.00699412;-4.40937e-05;0.00280899;0.00094924;-0.00798746;0.994154;0.00283003;-0.000978274;0.998787;0.0295321;0.987938;1;3;1
1227.53;330.06;1.65228;7.12239;-0.00235629;-0.00602419;0.000702264;-0.00222643;-0.00615405;1.00209;0.00749935;0.00333902;0.978132;0.03417;0.979966;1;4;1
1250.53;330.06;1.63334;6.98346;-0.00482772;0.00297372;-0.00323935;0.00414341;-0.00599741;0.989719;0.00314481;-0.0073021;1.00359;0.0337847;0.977611;1;4;1
1273.53;330.06;1.42946;6.98358;-0.00882508;0.0103765;0.000551648;0.0103923;-0.00884091;0.984428;-0.00368234;0.00110264;1.01787;0.0366099;0.977355;1;4;1
