x [mm];y [mm];x-displacement [mm];y-displacement [mm];Transverse strain Exx - GL [S];Axial strain Eyy - GL [S];Shear strain Exy - GL [S];Maximum normal strain - GL [S];Minimum normal strain - GL [S];Affine transformation a [];Affine transformation b [];Affine transformation c [];Affine transformation d [];Confidence region [pixel];Correlation value [count];Enough pixels valid [];Number of iterations [];Vector status []
31.5305;1641.06;-0.496689;3.56866;0.00704829;0.00206874;-0.00497329;0.0101202;-0.00100319;1.00292;0.00730956;-0.000437512;1.00777;0.031964;0.971649;1;3;1
54.5305;1641.06;-0.336253;3.34223;0.00498417;-0.00636758;0.00159543;0.00520414;-0.00658754;1.00297;-0.00382601;0.00843295;0.995797;0.0434185;0.966298;1;4;1
77.5306;1641.06;-0.268539;3.3425;-0.00228566;-0.00560421;0.0054209;0.00172422;-0.0096141;0.996195;-0.0112989;-0.00304856;0.995496;0.0327288;0.978372;1;4;1
100.531;1641.06;-0.441556;3.40498;-0.0003885;-0.00373201;0.000846103;-0.000186581;-0.00393393;0.998723;-0.00498506;-0.00472697;0.997522;0.028964;0.982669;1;4;1
123.531;1641.06;-0.286415;3.35436;0.00324042;-0.0072638;0.00226948;0.00370978;-0.00773316;1.00246;-0.0181485;0.00255087;0.989471;0.0304155;0.982404;1;4;1
146.531;1641.06;-0.292901;3.28219;-0.00297575;-0.00787034;0.00137036;-0.00261821;-0.00822789;1.00274;-0.00655558;-0.000484943;0.993038;0.0356229;0.959791;1;8;1
169.531;1641.06;-0.423774;3.19683;-0.00300158;-0.0132406;-0.000244906;-0.00299573;-0.0132465;1.00299;0.00489437;-0.000683773;0.982909;0.035784;0.979727;1;5;1
192.531;1641.06;-0.431202;3.23909;0.00209142;-0.008211;-0.000291572;0.00209966;-0.00821925;0.998511;0.00634583;0.00435849;0.987488;0.0295635;0.987476;1;3;1
215.531;1641.06;-0.32782;3.31457;0.00377685;-0.00199029;0.00120618;0.00401896;-0.0022324;1.00635;-0.00674054;0.00346681;1.00102;0.0300939;0.985338;1;3;1
238.531;1641.06;-0.257817;3.19273;0.000465583;-0.00421451;0.00322294;0.0021084;-0.00585733;1.00081;-0.0124346;-0.00435879;0.987849;0.0320967;0.976521;1;3;1
261.531;1641.06;-0.306442;3.37056;-0.000355926;0.00281243;0.00116944;0.00319732;-0.000740808;0.99964;-0.00070523;0.000397327;1.00594;0.0355761;0.980987;1;7;1
284.531;1641.06;-0.274194;3.203;0.00177385;-0.00466807;-0.000491503;0.00181113;-0.00470535;1.00369;-0.00534499;0.0126213;0.989067;0.0325901;0.982354;1;5;1
307.531;1641.06;-0.225185;3.21341;7.20425e-05;-0.00305596;0.00285318;0.00176177;-0.00474569;1.00235;-0.0021709;-0.00698273;1.00484;0.0403433;0.956813;1;4;1
330.531;1641.06;-0.270884;3.22314;-0.000144511;-0.00169305;0.000158102;-0.000128534;-0.00170902;0.993536;0.000324832;-0.00154015;1.00205;0.0351525;0.989369;1;4;1
353.531;1641.06;-0.231882;3.14649;0.00144372;-0.00122047;-0.00228243;0.00275435;-0.00253109;1.00614;-0.00770548;-0.00165563;0.990174;0.0310943;0.981911;1;4;1
376.531;1641.06;-0.20467;3.10598;0.00115846;-0.00427721;0.000125308;0.00116135;-0.0042801;1.00508;-0.00110439;0.0012733;0.989246;0.033097;0.978567;1;4;1
399.531;1641.06;-0.178664;3.08538;0.00152557;-0.00260326;0.00127215;0.00188606;-0.00296376;1.00084;0.00153413;0.00655481;0.998841;0.0260169;0.985382;1;4;1
422.531;1641.06;-0.13458;3.16137;-0.000788061;0.00363664;0.000632457;0.00372526;-0.000876688;0.999877;-0.00687638;0.00299675;1.0047;0.0277369;0.989319;1;4;1
445.531;1641.06;-0.214971;3.02372;-0.000662233;-0.00224404;-0.00361047;0.00224295;-0.00514922;1.00136;0.00380846;0.00424876;0.991797;0.0314239;0.989672;1;3;1
468.531;1641.06;-0.16563;2.931;0.00291513;-0.00491005;0.000467171;0.00294293;-0.00493784;1.00184;-0.00136397;0.000934527;0.986946;0.0352775;0.982283;1;3;1
491.531;1641.06;-0.0810769;2.99737;0.00112583;-0.000551594;0.0011961;0.00174797;-0.00117373;1.00108;-0.00721999;-0.00194064;0.994651;0.028334;0.985582;1;4;1
514.531;1641.06;-0.113881;2.96025;0.00289888;-0.00254137;-8.72639e-05;0.00290028;-0.00254277;1.00329;-0.0016923;0.00185404;0.995414;0.0320621;0.98688;1;4;1
537.531;1641.06;0.0520778;2.98819;0.00238991;0.00349503;0.00415031;0.00712941;-0.00124446;0.99658;-0.0160605;0.00288179;1.00132;0.0340759;0.980186;1;5;1
560.531;1641.06;-0.00408108;2.93764;-0.00268658;-0.00144654;-0.00175609;-0.000204221;-0.00392889;1.00164;-0.0152978;0.00495216;0.988627;0.0318706;0.979563;1;5;1
583.531;1641.06;-0.0730906;2.6273;0.000426213;-0.0119794;-0.00190107;0.000711001;-0.0122642;1.00024;0.00422362;0.00555768;0.970289;0.0276799;0.984113;1;5;1
606.531;1641.06;0.0152373;2.77619;0.00260486;-0.0031389;0.00681954;0.00713256;-0.0076666;1.00237;0.00202898;-0.00931184;0.992457;0.0316425;0.983844;1;4;1
629.531;1641.06;0.0449686;3.01252;-0.00118558;0.00594919;0.00328475;0.00723111;-0.00246751;1.00095;-0.0143416;-0.000623293;1.01801;0.0264074;0.985873;1;5;1
652.531;1641.06;-0.0393884;2.8483;-0.00137721;0.000842391;-0.00389339;0.00378107;-0.00431589;0.990913;-0.00353332;0.0025477;1.00375;0.0311936;0.989239;1;6;1
675.531;1641.06;-0.0197274;2.66684;0.000394784;-0.00334657;-0.000827714;0.000569723;-0.0035215;1.00225;0.00318592;0.00619355;0.991565;0.0295339;0.989666;1;3;1
698.531;1641.06;-0.0214177;2.71752;-0.000694799;0.0013173;0.000519888;0.00144369;-0.000821189;0.993774;0.00139557;-0.000545236;1.00396;0.0351379;0.985131;1;3;1
721.531;1641.06;-0.0517465;2.73268;0.00171645;0.00332642;-0.00127931;0.00403293;0.00100993;1.0009;0.00362911;-0.00244739;1.00279;0.0265871;0.989384;1;3;1
744.531;1641.06;0.0574637;2.69109;0.00163195;0.00382986;0.000530559;0.00395123;0.00151058;1.00142;-0.00711899;0.00441454;1.0117;0.0255564;0.989076;1;4;1
767.531;1641.06;0.023184;2.6478;0.00106075;0.0038823;0.000533645;0.00397986;0.000963191;1.00195;-0.000540996;-0.00113116;1.00248;0.0271975;0.984799;1;3;1
790.531;1641.06;0.106189;2.62811;-0.000405824;0.00153177;0.0021338;0.00290641;-0.00178046;0.994684;-0.00711503;0.00155822;1.00423;0.0342779;0.984741;1;3;1
813.531;1641.06;0.00451195;2.65352;-0.00121798;0.00427633;-0.000783601;0.00438591;-0.00132755;0.997762;-0.000147005;0.00408498;1.00759;0.0304943;0.97854;1;4;1
836.531;1641.06;0.0500339;2.53515;-0.000647746;-0.00105548;-0.00300622;0.00216151;-0.00386474;1.00089;-0.00116117;0.00158168;1.00327;0.0289095;0.977155;1;3;1
859.531;1641.06;-0.0261151;2.37877;-4.97478e-07;-0.00498836;-0.00058815;6.79167e-05;-0.00505677;0.998849;-0.000524974;0.00569642;0.984722;0.0315393;0.987466;1;4;1
882.531;1641.06;0.0500063;2.55585;0.000907823;0.00678056;0.00213827;0.00747661;0.000211777;1.00099;0.00344724;-0.00971904;1.01136;0.0311235;0.98059;1;5;1
905.531;1641.06;0.0154648;2.50056;8.73475e-06;0.00279526;-0.00292096;0.00463823;-0.00183424;1.00392;-0.000495619;0.00138757;1.0054;0.027807;0.985683;1;5;1
928.531;1641.06;0.0500655;2.37831;0.00333487;-0.00461376;-0.00186704;0.00375157;-0.00503046;1.00173;0.0007349;0.00617144;0.992265;0.0336308;0.975957;1;3;1
951.531;1641.06;0.167896;2.24318;-0.00275814;-0.00483573;0.00155838;-0.00192406;-0.00566981;0.994242;-0.00978419;-0.000112792;0.991825;0.0358426;0.968754;1;3;1
974.531;1641.06;-0.0770505;2.30028;-0.00168329;-0.00378475;-0.000319337;-0.00163584;-0.0038322;0.996061;0.0101971;0.00602215;0.991347;0.0406504;0.970301;1;3;1
997.531;1641.06;0.0898873;2.46005;-0.00165575;0.00722027;0.0015181;0.00747274;-0.00190822;0.998291;-0.00495504;-0.00810144;1.02188;0.0369702;0.974047;1;3;1
1020.53;1641.06;-0.153278;2.30432;-0.00443073;0.00227284;-0.00664852;0.00636668;-0.00852457;0.999819;0.0116304;0.0098787;1.00621;0.0436946;0.961519;1;4;1
1043.53;1641.06;-0.114527;2.34391;0.0074802;0.00605777;-0.00560151;0.0124155;0.00112251;1.00022;0.0156874;-0.00511376;1.01338;0.0399449;0.97382;1;3;1
1066.53;1641.06;0.189317;2.16282;0.0080342;-0.00307456;0.00228228;0.00848481;-0.00352517;1.00715;-0.0195717;0.000995523;0.990424;0.0362039;0.97344;1;5;1
1089.53;1641.06;0.25273;2.06424;-0.00944037;-0.00476058;0.00603346;-0.000629174;-0.0135718;0.994651;-0.0311291;-0.00712623;0.986039;0.0342278;0.975368;1;3;1
1112.53;1641.06;-0.247035;2.21127;-0.00668731;0.00234842;-0.00453527;0.0042321;-0.00857099;1.00606;0.0208108;0.00327519;1.00804;0.0404071;0.977857;1;3;1
1135.53;1641.06;-0.0560673;2.17951;0.00725309;0.00245491;-0.00380513;0.0093523;0.000355707;1.01197;0.00543428;0.00514211;1.00595;0.041533;0.967083;1;4;1
1158.53;1641.06;0.0849177;1.99848;0.00301713;-0.00707129;0.00113812;0.00314393;-0.00719809;1.00197;-0.00530874;-0.00425082;0.986764;0.0391448;0.966781;1;3;1
1181.53;1641.06;0.08251;2.16664;-0.000199228;0.00501475;0.0021598;0.00579319;-0.000977665;0.994851;0.000617312;0.00336793;0.999977;0.0355317;0.965786;1;4;1
1204.53;1641.06;0.0754953;2.15224;0.00139259;0.0058176;-0.00177539;0.00644186;0.000768332;1.01062;0.000974666;-0.000810043;1.01914;0.0385894;0.963582;1;3;1
1227.53;1641.06;0.146352;2.04071;0.00346985;0.00114285;-0.000454412;0.00355544;0.00105726;1.00252;-0.0048657;-0.00159692;0.997146;0.0492849;0.925078;1;3;1
1250.53;1641.06;0.23478;2.08253;0.00140811;0.00497177;0.00231728;0.00611307;0.000266808;0.992138;-0.0155374;0.0107708;1.00562;0.0389469;0.960836;1;3;1
1273.53;1641.06;0.210921;1.9198;-0.00101177;-0.00388728;-0.000822999;-0.000792879;-0.00410617;1.00778;-0.00941908;0.000797306;0.988818;0.0396177;0.969658;1;3;1
31.5305;1618.06;-0.494826;3.52113;-0.00113993;0.000148525;-0.000667909;0.000432269;-0.00142368;1.00359;-0.00643655;0.000182427;1.00083;0.0274108;0.975855;1;4;1
54.5305;1618.06;-0.52108;3.4899;0.000166203;-0.00334084;0.00109863;0.000481937;-0.00365658;1.00174;-0.00316506;0.00245825;0.993257;0.0276632;0.977003;1;3;1
77.5306;1618.06;-0.487207;3.4728;0.00101139;-0.0041238;0.00136754;0.00135286;-0.00446527;0.997105;-0.00213077;0.000754555;0.991999;0.0264093;0.982516;1;3;1
100.531;1618.06;-0.47458;3.491;0.000783112;-0.0019688;0.000139363;0.000790151;-0.00197584;1.00923;0.00282021;-0.00216245;0.995225;0.0266217;0.975314;1;3;1
123.531;1618.06;-0.451224;3.52263;0.000871849;-0.00405033;0.00136123;0.00122322;-0.0044017;0.997225;0.000625191;-0.00307437;0.998595;0.022103;0.987757;1;4;1
146.531;1618.06;-0.4345;3.46436;0.000378938;-0.00411825;0.0012112;0.000684396;-0.00442371;1.00324;-0.00107677;0.00138984;0.994996;0.0262535;0.982961;1;3;1
169.531;1618.06;-0.433801;3.50341;0.00163088;-0.00616395;-0.000542717;0.00166849;-0.00620156;1.00232;-0.000767382;-0.000390433;0.99403;0.0261465;0.981846;1;4;1
192.531;1618.06;-0.359555;3.42883;0.000606276;-0.00538815;-0.00144773;0.000937607;-0.00571948;0.999461;-2.66597e-05;0.00820908;0.994788;0.0248624;0.98517;1;3;1
215.531;1618.06;-0.406142;3.36053;-0.000399465;-0.000898872;-0.00112713;0.000505287;-0.00180362;0.996165;4.32286e-05;0.00116853;0.995853;0.0265846;0.974075;1;3;1
238.531;1618.06;-0.378143;3.29018;0.00111085;-0.00462327;0.00030851;0.0011274;-0.00463983;1.00471;0.00434435;0.000457296;0.999353;0.0295843;0.967038;1;3;1
261.531;1618.06;-0.355104;3.30602;0.00105387;-0.000680817;0.000911315;0.00144461;-0.00107156;0.997694;-0.000298636;-0.00557577;0.998744;0.0259208;0.983424;1;3;1
284.531;1618.06;-0.329695;3.31068;0.000189661;-0.00294618;0.000681298;0.000331285;-0.0030878;1.004;0.00161719;0.00765484;1.00225;0.0215423;0.988886;1;4;1
307.531;1618.06;-0.346385;3.28412;0.000394819;-0.00343336;0.000626723;0.000494811;-0.00353335;0.996649;-0.00546674;-0.0040305;0.991857;0.0200559;0.990773;1;3;1
330.531;1618.06;-0.311562;3.26215;0.00350728;-0.0014008;-0.00106029;0.00372654;-0.00162006;1.00177;0.00141749;0.00444094;0.999936;0.0254622;0.989593;1;3;1
353.531;1618.06;-0.185462;3.17463;0.00153989;-0.00285658;-0.000431235;0.00158179;-0.00289848;1.0038;-0.00307232;-0.00266166;0.999911;0.0230438;0.985005;1;3;1
376.531;1618.06;-0.240818;3.2046;-0.000522554;-0.00273036;-0.000569869;-0.000384139;-0.00286877;0.997667;-0.000811037;0.00230905;0.993773;0.0235933;0.980955;1;4;1
399.531;1618.06;-0.209515;3.14536;0.00100766;-0.00275727;-0.00145681;0.00150553;-0.00325513;0.994799;-0.00163525;-0.00114548;0.995552;0.0244128;0.985318;1;3;1
422.531;1618.06;-0.194663;3.07796;0.000995899;0.000462751;-0.000132752;0.00102713;0.000431525;1.00103;0.00107884;0.00242783;1.00098;0.0218288;0.985163;1;3;1
445.531;1618.06;-0.16378;3.07545;-0.000118566;-0.00148844;-0.000974689;0.000387782;-0.00199478;1.00015;-0.00160771;0.00337109;1.00222;0.0212359;0.98681;1;3;1
468.531;1618.06;-0.20013;3.04424;0.000921913;-0.00378923;-0.000518037;0.000978203;-0.00384552;1.00172;-0.000731468;0.00408165;0.997338;0.018285;0.990562;1;3;1
491.531;1618.06;-0.121437;3.0101;0.00186461;-0.0016688;0.000150385;0.001871;-0.00167519;1.00308;0.00156783;0.000756859;1.00583;0.0208836;0.985545;1;3;1
514.531;1618.06;-0.114444;3.01877;-0.00061169;-0.00230724;-0.00154914;0.000306481;-0.00322541;1.00248;0.00113159;-0.00182505;0.999906;0.0217106;0.984466;1;3;1
537.531;1618.06;-0.149695;2.90883;0.00023302;0.00137201;0.00118466;0.00211696;-0.000511925;0.998319;-0.00279427;0.00281089;0.998197;0.0210316;0.989738;1;3;1
560.531;1618.06;-0.103751;2.97115;0.00183425;-0.00161659;0.000515503;0.00190961;-0.00169195;1.00327;0.00409831;0.00138482;1.00402;0.018649;0.992925;1;3;1
583.531;1618.06;-0.0653973;2.9045;-4.86155e-05;-0.0072466;-0.00103873;9.8284e-05;-0.0073935;0.998571;-0.000698879;0.00084855;0.998376;0.0182345;0.991594;1;3;1
606.531;1618.06;-0.10615;2.84882;-9.9866e-05;-0.00286109;-4.59832e-05;-9.91004e-05;-0.00286185;0.999796;-0.000725394;0.00147998;0.997196;0.0219474;0.989585;1;3;1
629.531;1618.06;-0.07;2.87638;0.00158576;0.00299683;0.000979752;0.00349864;0.00108394;1.00117;0.000265972;0.000177363;1.00083;0.0189824;0.992832;1;3;1
652.531;1618.06;-0.0332677;2.82893;0.000508302;-0.000142283;-0.00151525;0.00173278;-0.00136677;1.00266;9.20403e-05;0.00303907;0.998109;0.0213489;0.989749;1;3;1
675.531;1618.06;-0.0468146;2.74396;0.000459215;-0.000975753;-0.00110876;0.00106239;-0.00157892;0.99702;-0.00384067;0.00462085;1.00015;0.0184316;0.992923;1;3;1
698.531;1618.06;-0.0123668;2.68724;0.000884367;0.000754515;-0.000506608;0.00133019;0.00030869;1.00111;0.000211284;-0.00144196;1.00042;0.0208405;0.990385;1;3;1
721.531;1618.06;-0.006235;2.65634;6.55055e-05;-3.30987e-05;-0.00127237;0.00128953;-0.00125712;1.00122;0.00181353;0.00352048;1.0005;0.0229243;0.988544;1;3;1
744.531;1618.06;-0.00943028;2.60326;-0.000577529;-0.000411845;-0.000416771;-6.97625e-05;-0.000919611;0.995746;0.000380821;0.00080063;0.996608;0.0192634;0.990216;1;3;1
767.531;1618.06;-0.0329126;2.55875;0.00044121;0.00102689;0.000484005;0.00129975;0.00016835;1.00948;-0.00351255;-0.00208304;1.00276;0.0251882;0.986255;1;3;1
790.531;1618.06;0.0108598;2.59311;0.000582288;0.000711561;0.00113793;0.00178669;-0.000492838;0.999918;-0.00243527;-0.000486531;0.999264;0.0242021;0.989124;1;3;1
813.531;1618.06;-0.00613525;2.55538;0.000875239;0.00142774;-0.000140355;0.00146135;0.000841629;0.99997;0.00312925;0.00167775;1.00001;0.021708;0.987768;1;3;1
836.531;1618.06;0.0510909;2.55944;0.000378638;-0.00154886;-0.000478499;0.000490887;-0.00166111;1.00335;0.000634075;0.0018795;0.994906;0.0250433;0.985101;1;3;1
859.531;1618.06;0.0112376;2.49382;-0.000822082;-0.00360649;-0.00191264;0.000151388;-0.00457996;0.995937;-0.000191222;0.001808;1.00181;0.0274359;0.976507;1;3;1
882.531;1618.06;0.0129846;2.40045;0.00107908;0.00202176;-0.000790193;0.00247051;0.000630328;1.00158;0.000800237;0.000798243;1.00238;0.0258604;0.975182;1;3;1
905.531;1618.06;0.0608127;2.4364;-0.000106853;-0.000120033;0.000774648;0.000661233;-0.000888119;1.00145;-0.00230189;-0.00382559;1.00136;0.0260084;0.983831;1;4;1
928.531;1618.06;0.00799188;2.48471;-7.9616e-05;-0.0031826;-4.66496e-05;-7.89149e-05;-0.0031833;0.995697;-0.00117637;0.000208004;1.00002;0.0314836;0.970368;1;4;1
951.531;1618.06;0.057078;2.35494;0.000825976;-0.00332157;0.000674028;0.000932765;-0.00342836;1.0069;0.000534706;0.00518784;0.996719;0.0251863;0.988188;1;3;1
974.531;1618.06;0.0458692;2.38782;-0.000761913;-9.90235e-06;-0.00233939;0.0019835;-0.00275532;1.00252;0.00143942;0.00409234;1.00168;0.0274696;0.980654;1;3;1
997.531;1618.06;0.0219772;2.29467;0.00108294;0.00264129;-0.00137894;0.00344597;0.00027826;1.00204;0.00110858;0.00246909;1.00029;0.0266856;0.982111;1;3;1
1020.53;1618.06;0.0954612;2.25345;0.00105917;0.000954855;-0.00293824;0.00394572;-0.00193169;1.00086;0.00321215;0.00281231;0.998363;0.0278233;0.97287;1;3;1
1043.53;1618.06;0.0705874;2.20574;-0.00322491;0.00197892;-0.00184331;0.0025657;-0.00381168;0.998998;0.00481156;-0.00491915;1.00216;0.0243956;0.983038;1;3;1
1066.53;1618.06;-0.0531282;2.23492;-0.00160095;-0.00108183;0.00190403;0.000580253;-0.00326304;1.00196;-0.000479823;0.000705086;1.00519;0.0249518;0.980025;1;3;1
1089.53;1618.06;-0.00312547;2.17542;0.00161754;-0.0044939;0.0018272;0.00212216;-0.00499853;0.999793;0.00418745;0.00225542;0.998103;0.0199051;0.99116;1;3;1
1112.53;1618.06;0.0211556;2.15888;0.000325593;0.00108521;-0.00274384;0.0034754;-0.00206459;0.998933;0.00101934;0.000826766;1.00253;0.0235771;0.986916;1;3;1
1135.53;1618.06;0.0118197;2.12322;0.000112911;0.000897317;-0.000317549;0.00100975;4.7521e-07;1.00112;-0.00161341;0.00186747;1.00101;0.0258962;0.982608;1;3;1
1158.53;1618.06;0.0263491;2.16177;0.00105835;-0.00286289;3.56994e-05;0.00105868;-0.00286321;1.00168;0.000552626;-0.00281095;0.993855;0.0249446;0.984084;1;3;1
1181.53;1618.06;0.0604224;2.05159;0.00147249;0.00155823;-0.000903369;0.00241975;0.000610976;0.998455;-0.0062584;0.00594848;0.999969;0.0239696;0.981617;1;3;1
1204.53;1618.06;0.0938123;2.01883;0.00156643;0.00226966;0.000537008;0.00255992;0.00127617;1.00262;-0.00121704;-0.000790092;0.993662;0.024688;0.985883;1;3;1
1227.53;1618.06;0.132407;2.01445;-0.000567676;-0.000125705;0.00117393;0.000847861;-0.00154124;1.00259;-0.00113379;-0.00354428;0.999767;0.0236146;0.98382;1;3;1
1250.53;1618.06;0.0676648;1.96907;-0.000996204;0.00113066;0.00127109;0.00172451;-0.00159005;0.993727;-0.00391052;0.00375856;0.999644;0.0236655;0.983365;1;3;1
1273.53;1618.06;0.0865585;2.00972;0.000823364;-0.00182553;0.00354204;0.00328048;-0.00428265;1.00038;-0.000851861;0.00623698;0.994853;0.0329495;0.976671;1;3;1
31.5305;1595.06;-0.4977;3.56183;0.000536209;-0.00101317;-0.000448374;0.000656609;-0.00113356;1.00091;-0.00173831;0.00151254;0.994897;0.0323355;0.974066;1;3;1
54.5305;1595.06;-0.485464;3.49641;0.00227591;-0.000801936;-0.000883504;0.0025115;-0.00103752;1.00205;0.00107702;-0.00230765;0.998516;0.0288951;0.96077;1;3;1
77.5306;1595.06;-0.393136;3.53275;0.00175786;-0.00204866;-0.000680735;0.00187594;-0.00216674;0.997636;0.00441146;-0.00458418;0.995573;0.0278417;0.970599;1;4;1
100.531;1595.06;-0.404673;3.49565;-0.000975767;-0.00111887;-0.000979639;-6.50682e-05;-0.00202957;1.00094;0.00570676;0.00364413;0.999725;0.0228406;0.988621;1;3;1
123.531;1595.06;-0.438044;3.54131;-0.000407401;-0.000590032;-0.00059918;0.000107382;-0.00110481;1.00046;-0.00210004;0.00227111;1.00027;0.0240514;0.985723;1;2;1
146.531;1595.06;-0.423423;3.4722;0.000628659;-0.00158548;-0.000190172;0.000644874;-0.00160169;0.997492;-0.00296831;0.00155212;0.999771;0.0252922;0.982515;1;3;1
169.531;1595.06;-0.409174;3.48126;-0.000362791;0.000931918;0.000393928;0.00104235;-0.000473228;1.0027;-0.000453683;-0.00720518;1.00127;0.0288541;0.980464;1;4;1
192.531;1595.06;-0.440117;3.48761;0.00101531;-0.000504185;-0.000730915;0.00130982;-0.000798692;1.00332;-0.00209575;0.00751003;1.00139;0.024255;0.989469;1;3;1
215.531;1595.06;-0.362664;3.35595;0.00217233;-0.00103009;0.0001264;0.00217732;-0.00103507;1.00198;-0.00547492;0.00414995;1.00256;0.0284941;0.975779;1;3;1
238.531;1595.06;-0.340371;3.40597;-0.000153087;-0.00263819;-5.00991e-05;-0.000152078;-0.0026392;0.995928;0.000712873;-0.00176977;1.00087;0.0297904;0.981322;1;4;1
261.531;1595.06;-0.36973;3.40193;-0.000397011;-0.00153823;-0.000752993;-2.28478e-05;-0.00191239;1.00487;0.00575588;0.000418411;1.00058;0.0236542;0.98372;1;4;1
284.531;1595.06;-0.358686;3.3388;0.000838758;0.000380365;-0.000131662;0.000873883;0.00034524;0.995315;-0.00265791;-0.00386195;1.00352;0.022114;0.987235;1;3;1
307.531;1595.06;-0.331173;3.37174;0.00165525;-0.00176274;-0.00104563;0.00194975;-0.00205724;1.00145;0.0072653;0.00230742;0.999946;0.0232811;0.986706;1;3;1
330.531;1595.06;-0.282636;3.28762;0.00177777;-0.000314341;-0.00116306;0.00229598;-0.000832555;1.0012;-0.00145994;0.00411269;0.995305;0.0199667;0.988581;1;3;1
353.531;1595.06;-0.249563;3.27809;0.00220342;-0.00324365;0.00048351;0.00224601;-0.00328624;1.00131;-0.00122729;0.00391918;0.995289;0.0202716;0.992161;1;3;1
376.531;1595.06;-0.181424;3.23176;0.00171174;-0.000653713;-0.00108707;0.00213542;-0.0010774;1.00572;0.00451749;0.0017324;1.00318;0.0213363;0.989267;1;3;1
399.531;1595.06;-0.170938;3.21239;-0.000233312;-0.00260249;-0.000734624;-2.40124e-05;-0.00281179;0.99708;-0.000786421;0.00116858;0.994289;0.022533;0.987192;1;4;1
422.531;1595.06;-0.192249;3.14013;0.000263774;-0.00220435;-0.000757696;0.000477819;-0.00241839;0.997216;-0.00248414;0.00355403;0.990205;0.0210235;0.985541;1;3;1
445.531;1595.06;-0.158962;3.09227;0.000200084;-0.00154166;0.000201341;0.000223055;-0.00156463;1.00162;0.00285404;0.00236187;0.9986;0.0231836;0.987271;1;3;1
468.531;1595.06;-0.183059;3.10564;0.000841759;-0.00209275;-0.00037053;0.000887822;-0.00213882;0.999139;0.000420042;-0.00540492;0.990433;0.0188802;0.990528;1;4;1
491.531;1595.06;-0.120261;3.07422;0.00240948;-0.00167707;-0.00071463;0.00253085;-0.00179843;1.00463;-0.000495828;0.00757807;0.989722;0.0217345;0.987707;1;3;1
514.531;1595.06;-0.0723722;3.06652;0.000346662;0.000285682;-0.00197841;0.00229482;-0.00166247;0.998755;0.00616113;5.84221e-05;0.996699;0.0248192;0.979657;1;4;1
537.531;1595.06;-0.104558;2.92539;0.0003626;-0.00165978;-0.00163632;0.00127496;-0.00257214;0.999593;0.00531334;-0.00139779;1.00266;0.0243083;0.990691;1;3;1
560.531;1595.06;-0.0557278;3.0121;0.000121771;-0.000531581;0.000314346;0.00024845;-0.00065826;1.00047;-0.00126628;0.00140714;0.996516;0.020523;0.988862;1;3;1
583.531;1595.06;-0.0989717;2.96187;0.00102807;-0.00182468;-0.00102214;0.00135649;-0.0021531;0.997092;0.00113956;-0.00084245;0.997508;0.020109;0.989501;1;3;1
606.531;1595.06;-0.00857858;2.908;0.000741799;-0.00190697;-0.00141442;0.00135509;-0.00252026;1.00463;0.00207081;0.00350692;0.999389;0.0235344;0.988212;1;4;1
629.531;1595.06;-0.0649435;2.875;-0.000516829;-0.000354004;-0.00123903;0.000806281;-0.00167711;1.00027;0.00373344;-0.00552062;0.994241;0.0221867;0.987365;1;3;1
652.531;1595.06;-0.0323896;2.85484;0.00012988;-0.00105941;-0.00142645;0.00108067;-0.0020102;1.00105;0.00245545;0.00783859;0.996869;0.0258745;0.981676;1;3;1
675.531;1595.06;-0.059259;2.71177;-0.000646488;-0.00109383;-0.00210458;0.00124628;-0.0029866;1.00226;0.00306984;0.00500168;0.998236;0.0217479;0.99145;1;3;1
698.531;1595.06;-0.0624594;2.68284;0.000883043;-0.000894708;8.64681e-05;0.000887238;-0.000898904;0.997526;-0.000337315;-0.00293245;1.00283;0.0188467;0.993218;1;4;1
721.531;1595.06;-0.0186625;2.73421;0.00132029;-0.00139653;0.000165427;0.00133033;-0.00140657;1.00596;-0.00201372;-0.00171534;0.999162;0.0193959;0.990149;1;3;1
744.531;1595.06;-0.00177408;2.71007;-0.000274568;-0.00256234;-0.00155687;0.000513469;-0.00335038;0.993212;0.000648422;0.00598442;0.997378;0.02211;0.988587;1;3;1
767.531;1595.06;-0.0314883;2.60062;2.28236e-06;-0.00224183;-0.00197029;0.00114761;-0.00338716;1.00766;0.00601362;-0.000909491;0.99472;0.0260834;0.978754;1;3;1
790.531;1595.06;-0.00181173;2.59552;0.000330865;-0.00209526;-0.000679445;0.000508186;-0.00227258;0.997773;0.00219191;0.00230116;0.997045;0.0275258;0.972246;1;3;1
813.531;1595.06;-0.0162729;2.5879;0.000748436;-0.00177772;0.00016511;0.000759182;-0.00178847;1.0042;0.00092013;0.00235977;0.995572;0.0227004;0.986594;1;2;1
836.531;1595.06;0.0326021;2.60646;0.000168307;0.000815704;-0.000785581;0.00134166;-0.000357652;0.996558;-0.00443228;-0.000583599;1.00136;0.0224264;0.983969;1;3;1
859.531;1595.06;-0.0085514;2.54498;0.000712719;-0.000780988;-0.00169158;0.00181499;-0.00188326;1.00721;0.00131626;0.00384694;0.994238;0.0270816;0.972768;1;4;1
882.531;1595.06;0.0651518;2.46294;0.000805062;-0.00112862;-0.000912531;0.00116769;-0.00149125;0.997718;0.00319968;-0.00102866;0.995014;0.0273925;0.970054;1;3;1
905.531;1595.06;0.0284501;2.50609;-0.00199727;-0.00184486;0.0014443;-0.000474754;-0.00336737;0.989518;0.00066186;-0.00686759;0.998561;0.027151;0.972659;1;3;1
928.531;1595.06;-0.0268563;2.52501;-0.000410108;0.0018482;-0.000534626;0.00196837;-0.000530279;1.00458;-0.003496;0.0150342;1.00392;0.0272928;0.977272;1;3;1
951.531;1595.06;0.00945071;2.3965;0.00229458;-0.000422199;-0.00105688;0.0026573;-0.000784917;0.999948;-0.00599533;-0.00118091;1.00264;0.0238607;0.981027;1;3;1
974.531;1595.06;0.0780295;2.301;0.00157977;-0.000912385;-0.000103145;0.00158404;-0.000916647;1.00608;-0.00693224;-0.00105069;0.993133;0.0298188;0.978723;1;3;1
997.531;1595.06;0.0820268;2.33871;-0.00109035;-0.00162852;-0.000304289;-0.000953232;-0.00176563;0.997115;-0.00594788;-0.00421131;0.997599;0.0267439;0.968431;1;3;1
1020.53;1595.06;0.0278286;2.26077;-0.000976912;-0.000238979;0.000317005;-0.000121501;-0.00109439;1.00293;-0.00396972;0.00949693;1.00069;0.0251202;0.978517;1;3;1
1043.53;1595.06;0.0369873;2.25322;-0.00096193;-0.00140568;-0.000203126;-0.000882992;-0.00148462;1.00022;-0.0141665;-0.00537815;0.995831;0.0293691;0.972009;1;4;1
1066.53;1595.06;-0.0164663;2.21307;-0.000601113;-0.00123432;-0.000491688;-0.000332913;-0.00150252;1.00106;0.0034932;0.0044391;0.996092;0.0241958;0.984276;1;3;1
1089.53;1595.06;0.00932395;2.27207;-0.000661401;-0.000544954;-0.000443452;-0.00015592;-0.00105044;0.991019;-0.00307774;-0.00177598;0.99893;0.0215908;0.98707;1;3;1
1112.53;1595.06;-0.0469294;2.16182;-0.000719226;-0.000530741;-0.00129517;0.000673607;-0.00192357;1.0041;0.00169159;0.00927037;0.994306;0.0214515;0.984859;1;3;1
1135.53;1595.06;-0.0239671;2.13826;0.00124503;-0.00103155;-0.000523487;0.00135964;-0.00114615;1.00299;0.00547584;-0.00422214;0.995954;0.0212369;0.989127;1;3;1
1158.53;1595.06;0.0102958;2.13042;0.00101213;-0.000354916;0.000150605;0.00102852;-0.000371311;0.995032;0.00180428;0.00299195;1.00331;0.0250915;0.980314;1;3;1
1181.53;1595.06;0.0225468;2.09505;-0.00046134;-0.000556227;0.000117097;-0.00038244;-0.000635127;1.00615;0.00508205;0.00239564;0.999143;0.0248709;0.985082;1;3;1
1204.53;1595.06;-0.0110046;2.04804;-0.000739311;-0.000681943;-0.000368522;-0.00034099;-0.00108026;0.997207;-0.00226224;0.00107862;1.00501;0.0262067;0.982235;1;3;1
1227.53;1595.06;-0.0114994;2.04677;0.00269914;-0.000929526;0.00132502;0.00313147;-0.00136186;1.00365;-0.00479604;0.000363655;0.994494;0.0225461;0.989055;1;3;1
1250.53;1595.06;0.112985;2.03071;-0.000479583;-7.96338e-05;0.000200116;3.29867e-06;-0.000562515;1.01145;-0.00289206;-0.00196761;1.00714;0.0222466;0.988318;1;3;1
1273.53;1595.06;-0.0335849;2.0045;-0.00635167;0.00186678;0.00116172;0.00202784;-0.00651273;0.97625;-0.00270814;0.008986;1.01107;0.0268544;0.98862;1;3;1
31.5305;1572.06;-0.584228;3.56784;0.0050255;-0.00145002;-0.00051514;0.00506623;-0.00149074;1.00517;0.00126785;0.0022462;0.996472;0.025724;0.984656;1;3;1
54.5305;1572.06;-0.468966;3.52684;0.00345762;-0.00207987;0.00010567;0.00345963;-0.00208189;0.999273;0.00323391;-0.0035514;1.00067;0.0249863;0.977196;1;3;1
77.5306;1572.06;-0.425451;3.56718;0.00202715;0.00075486;0.000389286;0.00213681;0.000645201;1.00376;0.000332617;0.00401959;1.00272;0.0241126;0.984742;1;3;1
100.531;1572.06;-0.375815;3.5426;0.000129117;-0.00194876;0.000310448;0.000174508;-0.00199416;0.989756;-0.00285855;0.00228723;1.00332;0.0252621;0.988661;1;3;1
123.531;1572.06;-0.419516;3.54979;-0.00219577;-0.000769865;0.000390188;-0.000670077;-0.00229556;1.00113;0.00125142;0.00104002;1.00181;0.022928;0.984955;1;4;1
146.531;1572.06;-0.476931;3.53737;-0.000761033;-0.00244261;-3.63916e-05;-0.000760246;-0.0024434;0.993841;-0.00254039;-0.00317603;0.997922;0.0223021;0.986532;1;3;1
169.531;1572.06;-0.454623;3.46057;0.00129474;-0.000900394;-0.000249281;0.00132269;-0.000928346;1.00229;-0.00396555;0.00808803;0.996202;0.0268922;0.982543;1;3;1
192.531;1572.06;-0.417491;3.45207;-0.000966457;0.000148185;-0.00078322;0.000552134;-0.00137041;1.00099;-0.00233069;-0.00163152;0.996158;0.0262818;0.981284;1;4;1
215.531;1572.06;-0.499132;3.40803;0.00195491;-0.0031122;-0.000469348;0.00199802;-0.00315531;1.00476;0.003075;0.00493286;0.992176;0.0252073;0.982;1;3;1
238.531;1572.06;-0.32767;3.41173;0.00318446;-0.00107844;-0.000408266;0.00322321;-0.00111719;1.00071;-9.52918e-05;-0.0057697;0.996557;0.0229164;0.98589;1;3;1
261.531;1572.06;-0.35289;3.37683;-0.00043361;0.000139365;-0.00135948;0.00124221;-0.00153646;1.00633;0.00212446;0.00440933;0.999982;0.0229166;0.986578;1;4;1
284.531;1572.06;-0.347774;3.29319;0.00112102;-0.00168208;-0.000566193;0.00123107;-0.00179213;1.00018;0.00664886;0.000806928;0.992966;0.0332549;0.963464;1;4;1
307.531;1572.06;-0.301353;3.3653;0.00107828;0.000835118;-4.73291e-05;0.00108717;0.000826231;0.999626;-0.002151;0.000506901;0.999104;0.020779;0.99068;1;3;1
330.531;1572.06;-0.298202;3.27661;0.000347136;6.46709e-05;-0.000136804;0.000402529;9.27716e-06;0.997218;-0.000335535;-0.000504982;1.00285;0.0199146;0.991858;1;3;1
353.531;1572.06;-0.285406;3.32419;0.00199549;-3.81627e-05;0.000164576;0.00200872;-5.1395e-05;1.00421;-1.30364e-05;0.0019487;1.00305;0.0239547;0.986982;1;3;1
376.531;1572.06;-0.20652;3.23469;0.00113355;-0.000138302;0.000421336;0.00126046;-0.000265217;0.998476;-0.00968631;-0.00313185;1.00143;0.0204205;0.98851;1;3;1
399.531;1572.06;-0.23333;3.26523;-0.000830981;0.000251029;0.000220004;0.000294051;-0.000874003;0.999454;-0.00564076;0.00197481;1.00639;0.0205758;0.990347;1;3;1
422.531;1572.06;-0.244794;3.1795;0.00036442;-0.000817621;-0.000894788;0.000845757;-0.00129896;0.997431;-0.000754063;0.00115669;1.00807;0.0203099;0.988789;1;3;1
445.531;1572.06;-0.216723;3.14645;0.00132125;-0.00270926;0.000524439;0.00138837;-0.00277638;1.00062;-0.00576103;-0.0012458;0.996648;0.0239248;0.985771;1;4;1
468.531;1572.06;-0.184073;3.14061;0.00265462;-0.00210926;-0.000433451;0.00269374;-0.00214838;1.0006;0.000304912;0.010403;1.00017;0.0213669;0.987804;1;3;1
491.531;1572.06;-0.0948099;3.08731;0.00224066;-0.000950115;-0.00105573;0.00255834;-0.00126779;1.00238;0.00217033;-0.000859016;1.00281;0.023286;0.987889;1;3;1
514.531;1572.06;-0.0813159;3.00565;0.00090039;-0.000370582;0.000144465;0.000916604;-0.000386795;1.0043;-0.00749406;0.00875457;0.995091;0.0215918;0.990103;1;4;1
537.531;1572.06;-0.0535235;2.98534;-0.000323615;-0.00260983;-0.00065686;-0.00014833;-0.00278512;1.00133;0.00214614;-0.00197388;0.99203;0.0208377;0.988604;1;4;1
560.531;1572.06;-0.0962056;2.99561;-0.000472399;0.000333689;0.0006895;0.000729303;-0.000868012;0.996792;-0.000496173;-0.00560525;1.00419;0.0162013;0.994238;1;4;1
583.531;1572.06;-0.0752591;2.98852;0.000728182;3.57988e-05;-0.000353605;0.000876849;-0.000112868;1.00043;-0.0016745;0.00348888;1.00107;0.0192616;0.992083;1;3;1
606.531;1572.06;-0.0627592;2.93665;0.00144118;-0.000846182;-0.000305304;0.00148123;-0.000886231;1.00046;0.0023662;0.00425816;0.994275;0.023279;0.98711;1;4;1
629.531;1572.06;-0.00911208;2.89271;-4.99163e-05;-0.000368572;-0.000389765;0.000211829;-0.000630317;1.00045;-0.00216683;0.00187195;1.00173;0.0199802;0.992722;1;4;1
652.531;1572.06;-0.0650932;2.8777;-0.000342962;-0.00100629;-0.000508039;-6.79084e-05;-0.00128134;1.00268;7.83582e-05;-0.00302994;0.99893;0.0247631;0.981877;1;3;1
675.531;1572.06;-0.0249963;2.79431;0.00146681;-0.00280682;-0.00192067;0.00220314;-0.00354315;0.99713;0.00713286;0.00222147;0.996879;0.020342;0.988635;1;3;1
698.531;1572.06;0.00208859;2.72842;0.00066937;-0.00229295;-0.00119934;0.00109406;-0.00271764;1.00068;0.00328752;0.00403604;0.995539;0.0208585;0.98725;1;3;1
721.531;1572.06;0.00572546;2.72063;-3.31639e-05;-0.00102597;-3.20833e-05;-3.21282e-05;-0.00102701;1.00042;-0.00180617;0.000180396;1.00022;0.0232613;0.988058;1;3;1
744.531;1572.06;0.000562471;2.72128;0.00061692;-0.00156697;-0.000772581;0.000862594;-0.00181264;1.00142;-0.00133677;0.00600866;0.999639;0.0221108;0.990292;1;3;1
767.531;1572.06;0.0340577;2.66204;0.00130743;-0.00318764;-0.00115347;0.00158614;-0.00346634;0.999108;-0.00244949;6.32389e-05;0.997405;0.0241648;0.991279;1;3;1
790.531;1572.06;0.0606541;2.68962;-0.000965966;-0.00148504;-0.000113043;-0.000942417;-0.00150859;0.996862;0.000416031;-0.000802685;0.997091;0.0246664;0.981536;1;3;1
813.531;1572.06;-0.0104049;2.63723;0.000436031;-0.000902543;-0.00218266;0.00204971;-0.00251623;1.00132;-0.00255866;0.00266032;0.999369;0.0220676;0.984496;1;2;1
836.531;1572.06;0.0804017;2.52194;0.000739088;0.000258281;-0.00132723;0.00184751;-0.000850146;1.00325;0.00134369;0.00249248;0.999091;0.0215694;0.991096;1;3;1
859.531;1572.06;0.0234551;2.52977;-0.000484569;7.60708e-06;-0.000657965;0.000463998;-0.00094096;0.995459;-0.00145428;-0.00140773;1.00089;0.0269835;0.975067;1;3;1
882.531;1572.06;0.0580535;2.45242;-0.000732541;-0.000870306;0.000747435;-5.08205e-05;-0.00155203;1.00142;-0.00199984;0.00399215;1.00254;0.0246365;0.978432;1;3;1
905.531;1572.06;-0.0102549;2.5214;-0.00240277;0.000575451;-0.00013967;0.000581987;-0.00240931;0.995224;-0.00196626;0.0013424;1.00285;0.0276226;0.972395;1;3;1
928.531;1572.06;-0.0526373;2.39981;-0.00127806;0.000829347;-0.00179002;0.00185277;-0.00230148;1.00195;-0.00199144;0.00135696;0.99996;0.0314227;0.959839;1;4;1
951.531;1572.06;-0.0693179;2.37454;0.00109503;-0.0016199;0.000860124;0.00134459;-0.00186945;0.995667;-0.00343356;-0.00016341;0.992717;0.026973;0.972619;1;3;1
974.531;1572.06;-0.00230322;2.42984;0.00172149;-0.00278362;0.0013108;0.00207512;-0.00313725;1.00449;0.00083905;0.000562346;0.996616;0.0274528;0.981946;1;3;1
997.531;1572.06;0.00980208;2.36965;-0.000362677;-0.000566652;-0.0011492;0.000689057;-0.00161839;1.00069;-0.00220794;0.00255796;0.995261;0.0293081;0.969316;1;3;1
1020.53;1572.06;-0.0192863;2.26458;0.000694041;-0.000759799;-0.000209822;0.000723717;-0.000789475;1.00141;-0.00125407;0.000334061;0.997542;0.0294503;0.973057;1;3;1
1043.53;1572.06;0.04161;2.27045;0.000658288;-0.000798857;0.000934617;0.00111476;-0.00125533;1.00523;0.00695284;0.00204902;1.00392;0.0315048;0.961245;1;4;1
1066.53;1572.06;0.0109769;2.29178;-0.0011975;-0.00321696;-0.000184988;-0.00118069;-0.00323377;0.999582;-0.00132655;0.00358204;0.998471;0.0240435;0.980125;1;3;1
1089.53;1572.06;-0.0135612;2.2005;-9.31438e-05;0.00134773;-0.000575309;0.00154926;-0.000294666;0.999994;0.00199266;0.0007113;1.00189;0.0255415;0.98203;1;3;1
1112.53;1572.06;0.00656422;2.18331;0.000917073;-0.00161459;-0.000250857;0.00094169;-0.0016392;0.9978;-0.00463091;0.00295798;0.998255;0.0226185;0.985404;1;3;1
1135.53;1572.06;0.0285952;2.1707;-0.000808567;-0.000439111;-0.000301198;-0.000270505;-0.000977173;1.00032;-0.0046868;0.00290998;0.997756;0.0240789;0.983334;1;3;1
1158.53;1572.06;-0.0306452;2.17814;-0.00133019;-0.00012122;-0.000482794;4.79181e-05;-0.00149933;1.00011;-0.00638529;0.00471305;0.999461;0.0310244;0.978491;1;3;1
1181.53;1572.06;-0.0327291;2.07728;0.00240022;-0.000495714;-0.000669598;0.00254754;-0.000643043;1.00252;-0.00556411;-0.00285904;0.997621;0.0241505;0.984476;1;3;1
1204.53;1572.06;0.0794551;2.05021;0.000571902;-0.000600318;-0.00034118;0.000663972;-0.000692388;0.99182;-0.00519962;0.00328401;0.995907;0.0253257;0.979761;1;3;1
1227.53;1572.06;-0.00643347;2.05744;-0.00157324;0.000647503;0.000137752;0.000656016;-0.00158175;1.00279;-0.00306209;0.00265048;1.00792;0.0210149;0.986318;1;3;1
1250.53;1572.06;0.0069639;1.97277;-0.00146032;-0.000537744;0.00082757;-5.15832e-05;-0.00194648;0.998877;-0.00359633;0.00430034;0.996349;0.0219368;0.98747;1;3;1
1273.53;1572.06;-0.0738506;1.92421;-0.00350527;0.000784019;-0.00140015;0.00120061;-0.00392186;0.995778;-0.0023104;0.00349945;1.0012;0.0313497;0.980334;1;3;1
31.5305;1549.06;-0.532031;3.62859;0.0015772;-0.00175732;-0.00125271;0.00199538;-0.00217549;0.996224;0.000767042;-0.00214154;1.00513;0.0254131;0.97717;1;4;1
54.5305;1549.06;-0.495812;3.59219;0.00259206;-0.00273302;-0.00200181;0.00326064;-0.0034016;1.00514;0.00129861;8.6225e-05;0.996317;0.0226131;0.988855;1;3;1
77.5306;1549.06;-0.413135;3.49805;0.000983825;-0.00116495;0.000804217;0.00125148;-0.0014326;1.00619;-0.00150344;0.00439776;1.00156;0.0265151;0.978436;1;4;1
100.531;1549.06;-0.450579;3.5854;-0.00143497;-0.00239639;0.00135798;-0.00047513;-0.00335623;0.992888;-0.000774248;-0.00220755;0.990354;0.0256975;0.981746;1;3;1
123.531;1549.06;-0.479258;3.57675;-0.0012724;-0.00189406;0.000975965;-0.000558964;-0.0026075;1.00001;-0.00704751;-0.00209364;0.992902;0.0285532;0.970486;1;4;1
146.531;1549.06;-0.509147;3.58478;0.000171886;-0.000396009;-0.00103273;0.00095899;-0.00118311;1.00061;-0.00126661;0.00236235;1.00118;0.0268961;0.981838;1;3;1
169.531;1549.06;-0.471384;3.52274;0.00192961;-0.00115868;-0.000689428;0.00207653;-0.0013056;0.995588;-0.00153163;0.00567006;1.00043;0.0251314;0.987902;1;3;1
192.531;1549.06;-0.420587;3.4808;0.00243087;-0.00146158;-0.00042485;0.0024767;-0.00150741;1.00973;0.00396682;-0.00591109;1.00343;0.0243017;0.982392;1;3;1
215.531;1549.06;-0.359705;3.49934;0.00188423;-0.00326003;-0.00112853;0.00212092;-0.00349671;0.995739;0.00544094;0.00503827;0.997981;0.0250027;0.98145;1;3;1
238.531;1549.06;-0.334001;3.4556;-7.35492e-05;-0.000782611;-0.000544019;0.000221265;-0.00107742;1.00034;-0.00178478;-0.00137235;0.997137;0.0206733;0.989126;1;3;1
261.531;1549.06;-0.363206;3.39552;0.000345046;0.000316677;0.000409601;0.000740708;-7.89857e-05;1.00405;-0.00412875;0.00308851;0.998534;0.0217852;0.99158;1;3;1
284.531;1549.06;-0.318149;3.41626;0.000431483;-0.00302383;-2.05294e-05;0.000431605;-0.00302395;0.995753;-0.00755788;0.000164224;0.99602;0.0241799;0.984305;1;3;1
307.531;1549.06;-0.343404;3.33334;0.000156133;-0.000415537;-0.00064063;0.000571802;-0.000831206;0.999143;-0.00657425;0.00393562;0.998398;0.0192748;0.991736;1;3;1
330.531;1549.06;-0.311155;3.28466;0.000803106;-0.00173402;-0.000150281;0.000811977;-0.00174289;1.00001;-0.00321335;0.00594975;0.996528;0.0221245;0.987598;1;3;1
353.531;1549.06;-0.306507;3.27988;0.000699246;0.00157591;3.45319e-05;0.00157727;0.000697888;1.0028;-0.001779;-0.00614301;0.999808;0.0202201;0.991819;1;4;1
376.531;1549.06;-0.279025;3.23822;0.00130789;-0.000988635;-0.000360218;0.00136306;-0.00104381;0.996782;0.00116116;0.00633035;0.997128;0.0202339;0.991721;1;3;1
399.531;1549.06;-0.246451;3.20091;0.00109767;-0.000687076;-0.000169584;0.00111364;-0.000703046;1.0002;-0.000128132;0.000557289;0.998165;0.0180041;0.991212;1;3;1
422.531;1549.06;-0.228599;3.17777;1.248e-05;-0.00150249;4.01563e-05;1.35436e-05;-0.00150355;1.00203;0.00478799;-0.000530134;0.995127;0.0210095;0.990939;1;3;1
445.531;1549.06;-0.245879;3.21715;0.000575482;-0.00176687;0.000690283;0.000763771;-0.00195516;1.00025;0.00355768;0.00355069;0.999744;0.0267923;0.972227;1;3;1
468.531;1549.06;-0.202142;3.20277;0.00191709;-0.00144735;-0.00128715;0.00235304;-0.0018833;1.00513;-0.00226988;0.00296104;0.993277;0.0224928;0.987136;1;3;1
491.531;1549.06;-0.157884;3.11796;0.000321757;-0.00109684;-0.000833054;0.000706571;-0.00148166;0.996776;-0.00115923;0.00254434;0.999377;0.0201102;0.989585;1;3;1
514.531;1549.06;-0.187497;3.08372;0.00225963;-0.00101001;-6.26517e-05;0.00226083;-0.00101121;1.00264;-0.000792752;0.00254255;1.00071;0.0197961;0.987691;1;2;1
537.531;1549.06;-0.0541157;3.04562;0.00155701;-0.0019499;-0.000151227;0.00156352;-0.0019564;1.00559;-0.00463459;0.000106662;1.00375;0.0197212;0.991502;1;3;1
560.531;1549.06;-0.116012;2.99679;-0.00154653;0.00010312;-8.25895e-05;0.000107245;-0.00155065;0.995653;-0.00115523;0.00211348;0.99874;0.0195463;0.988452;1;3;1
583.531;1549.06;-0.12539;2.96023;0.000868132;0.000147733;-0.000560526;0.00117422;-0.000158351;1.0021;0.00140283;0.00350848;1.00329;0.0209566;0.98846;1;3;1
606.531;1549.06;-0.0761224;2.94699;0.000814057;-0.000455874;-0.000528399;0.00100516;-0.000646975;0.998886;-5.869e-05;-0.000531026;1.00322;0.0196189;0.989366;1;3;1
629.531;1549.06;-0.0880095;2.89197;-0.000170015;-0.000976663;8.62543e-05;-0.000160895;-0.000985782;1.0038;-0.00102148;-0.00087474;1.00256;0.0190627;0.990029;1;3;1
652.531;1549.06;-0.0839666;2.90119;0.00123061;-0.000250013;-0.000970279;0.00171075;-0.000730154;1.00241;0.000134971;0.00259545;0.999691;0.02173;0.989083;1;3;1
675.531;1549.06;-0.0314645;2.84107;0.00127141;-0.00203635;-0.000682872;0.00140684;-0.00217178;0.998662;-0.00305263;0.00291773;0.996894;0.0169701;0.991693;1;3;1
698.531;1549.06;-0.0256569;2.78845;0.000188436;-0.00139349;-0.00102953;0.000695758;-0.00190082;1.0008;-0.00397319;0.000155761;1.00235;0.0186799;0.993146;1;3;1
721.531;1549.06;-0.0228359;2.78143;0.000792933;-0.00206945;0.000482735;0.000872153;-0.00214867;1.00122;-0.000274677;-1.17975e-05;1.00039;0.0215955;0.987588;1;3;1
744.531;1549.06;0.0108031;2.78221;0.00143178;-5.77553e-05;0.000303233;0.00149115;-0.00011712;0.99283;-0.00321412;0.00447171;0.998887;0.0191692;0.990884;1;3;1
767.531;1549.06;0.0429666;2.74755;-0.000583581;-0.000516425;-0.00134461;0.000795026;-0.00189503;1.00342;-0.00291216;-0.00159668;1.00103;0.0196749;0.990786;1;3;1
790.531;1549.06;-0.0162018;2.66388;-0.000561171;0.000835152;-0.00102845;0.00138003;-0.00110605;1.00374;0.00481971;0.00265055;0.998176;0.0192993;0.991555;1;4;1
813.531;1549.06;0.0169938;2.62945;0.00138053;-0.000386794;-0.00119249;0.00198108;-0.000987349;1.00041;0.00108096;-0.00193129;0.996603;0.020571;0.987792;1;3;1
836.531;1549.06;0.0472065;2.59458;-0.000748882;-0.00141744;8.93269e-05;-0.000737153;-0.00142917;0.999582;-0.0025375;0.00792274;0.997901;0.0204737;0.988805;1;3;1
859.531;1549.06;-0.0175459;2.54463;-0.00128485;0.00010801;-0.000766537;0.000447241;-0.00162408;0.992106;-0.00269016;-0.00273158;1.00703;0.0278795;0.975722;1;3;1
882.531;1549.06;-0.0120257;2.50306;0.000133928;-0.00269885;0.00022271;0.00015133;-0.00271625;1.0033;-0.00833222;0.00162722;0.994032;0.0269139;0.973633;1;4;1
905.531;1549.06;-0.0114315;2.47964;6.28232e-05;0.000779481;-0.000827978;0.00132334;-0.000481038;1.0034;0.00067903;0.0099943;1.00194;0.0296972;0.960231;1;3;1
928.531;1549.06;-0.00913876;2.48688;-0.00061326;-0.00106403;-6.51469e-05;-0.000604033;-0.00107325;0.998472;0.00423649;-0.00519048;0.998435;0.0290443;0.969492;1;3;1
951.531;1549.06;-0.0396509;2.4711;-0.000826783;0.000290621;-0.00136694;0.00120863;-0.00174479;0.994499;0.00708735;-0.00149537;1.00466;0.029751;0.971862;1;4;1
974.531;1549.06;-0.0472225;2.42939;0.00135625;0.00160259;-0.000310772;0.00181371;0.00114513;1.00941;0.00104765;0.00269211;1.00472;0.0288836;0.968688;1;4;1
997.531;1549.06;0.0225718;2.36482;-9.81572e-05;0.000149683;-0.000136133;0.000209851;-0.000158325;0.998932;-0.00113852;-0.000717126;1.00284;0.0291154;0.976033;1;3;1
1020.53;1549.06;-0.0519319;2.29581;-0.000962431;-0.00256178;-0.000595541;-0.000765036;-0.00275918;1.00075;-0.00236779;0.00554376;0.997503;0.0271376;0.975282;1;3;1
1043.53;1549.06;-0.0217822;2.29002;-0.000375202;-0.00190968;0.00214398;0.00113468;-0.00341957;0.99059;0.00221046;-0.000646834;0.996066;0.034137;0.96871;1;3;1
1066.53;1549.06;-0.0692411;2.36132;-0.000532974;-0.00187685;-3.83882e-05;-0.000531879;-0.00187795;0.997217;0.00132197;-0.0026958;0.998414;0.0346039;0.960487;1;3;1
1089.53;1549.06;-0.046375;2.21015;0.000343783;-0.00218636;-0.000817177;0.000584761;-0.00242733;1.00472;-0.0033442;0.00313799;0.99801;0.0259959;0.97784;1;4;1
1112.53;1549.06;-0.0536001;2.23615;0.000978648;-0.00131564;0.000335816;0.00102679;-0.00136379;0.995446;0.00154315;-0.000289457;0.999261;0.0267435;0.976351;1;4;1
1135.53;1549.06;-0.00140815;2.15847;0.000325165;-0.000379774;-0.000689291;0.000746877;-0.000801485;1.0036;0.00290508;0.0106013;0.999123;0.0260303;0.977606;1;3;1
1158.53;1549.06;-0.0387538;2.13602;-0.000915298;0.000485178;0.000687993;0.000766606;-0.00119673;1.0034;0.00108364;-0.00330467;1.00024;0.0348475;0.97154;1;3;1
1181.53;1549.06;-0.043549;2.11791;0.000855502;-0.000877154;0.000917836;0.00125129;-0.00127295;1.00381;-0.00131493;0.00110528;1.00086;0.0247024;0.981999;1;3;1
1204.53;1549.06;0.000542876;2.07566;-0.00126335;-0.00155733;0.000276345;-0.00109733;-0.00172334;0.997483;0.00157698;0.00263317;1.00113;0.0245254;0.983498;1;3;1
1227.53;1549.06;-0.101811;2.01708;-0.00210976;-4.22902e-05;0.000703329;0.000174287;-0.00232634;1.00069;-0.00407835;0.000426909;0.999184;0.0239595;0.983349;1;3;1
1250.53;1549.06;-0.096613;2.05593;0.00217583;-0.00325231;0.000519999;0.0022252;-0.00330167;0.997722;-0.00440001;0.00494628;0.998752;0.0238559;0.988548;1;3;1
1273.53;1549.06;-0.00185655;1.96846;0.00413556;-0.00110201;-0.000329853;0.00415625;-0.00112271;1.00737;0.00303759;0.00428845;0.995347;0.0302119;0.977763;1;4;1
31.5305;1526.06;-0.541724;3.64877;0.00551954;-0.00225612;0.00141175;0.00576792;-0.0025045;1.00635;-0.00429669;-0.00259588;0.99267;0.0259394;0.982211;1;3;1
54.5305;1526.06;-0.415123;3.65276;0.000774074;-0.00122161;6.79381e-05;0.000776384;-0.00122392;1.00142;0.000759205;-0.000947864;0.998862;0.026403;0.985483;1;3;1
77.5306;1526.06;-0.506139;3.62087;-0.000156;-0.00406692;0.0014622;0.000330233;-0.00455315;1.00043;-0.00306238;0.000797915;0.995082;0.0226387;0.989415;1;3;1
100.531;1526.06;-0.4223;3.65299;-8.46739e-05;-0.000988255;0.00067678;0.000277259;-0.00135019;1.00089;-0.000338812;-0.00383997;1.00087;0.0223538;0.987478;1;3;1
123.531;1526.06;-0.510037;3.63709;-0.000293847;-0.00110116;-0.00118934;0.000558471;-0.00195348;0.996201;0.00188172;0.00402582;0.998182;0.0289556;0.981317;1;3;1
146.531;1526.06;-0.435922;3.55561;0.000331074;-0.000477233;-0.00255124;0.00250997;-0.00265613;0.999773;0.0110247;0.00327577;1.00181;0.0268158;0.986759;1;3;1
169.531;1526.06;-0.494975;3.51392;0.000742257;-0.00153723;-0.000379591;0.000803806;-0.00159878;1.00057;-0.000352963;0.000900204;0.995823;0.0222611;0.986862;1;3;1
192.531;1526.06;-0.401805;3.51935;0.00161924;-0.00140709;0.00046921;0.00169032;-0.00147817;1.00584;-0.00137792;-8.79373e-06;0.995465;0.0236237;0.986423;1;4;1
215.531;1526.06;-0.420572;3.55831;0.000445741;-0.000267881;-0.000266687;0.000534392;-0.000356531;0.994844;-0.00320537;-0.00163189;1.00159;0.0240631;0.979217;1;3;1
238.531;1526.06;-0.381361;3.44777;-0.000193722;-0.000680964;-0.00103575;0.000626676;-0.00150136;1.00412;-0.000378394;0.00512824;1.00028;0.0221578;0.989284;1;3;1
261.531;1526.06;-0.429901;3.36233;-0.000575702;-0.000953517;0.000737856;-2.95538e-06;-0.00152626;0.997392;0.00259281;0.000183119;0.998843;0.0264965;0.988371;1;4;1
284.531;1526.06;-0.407854;3.43254;0.00121707;-0.000920527;0.00137809;0.00189225;-0.00159571;0.998109;-0.00287756;-0.0013555;0.998165;0.0211932;0.988588;1;3;1
307.531;1526.06;-0.373955;3.38448;0.00152739;-0.00231724;-0.000617205;0.00162404;-0.00241389;1.00538;0.00348967;0.00278514;0.996967;0.0212362;0.988336;1;3;1
330.531;1526.06;-0.33771;3.35646;0.000850245;-0.00257767;-0.000907127;0.0010755;-0.00280292;0.999855;0.0014326;0.00256683;0.998079;0.0188919;0.9922;1;3;1
353.531;1526.06;-0.335052;3.25178;0.00186171;-0.00224808;-0.000501213;0.00192196;-0.00230833;1.00284;0.00165048;0.00165288;1.00169;0.0180295;0.993355;1;3;1
376.531;1526.06;-0.252214;3.28022;0.00123941;-0.00310511;0.000403003;0.00127648;-0.00314218;1.00206;0.00192178;-0.000835835;0.997286;0.0208197;0.989748;1;3;1
399.531;1526.06;-0.278096;3.29687;0.000433912;-0.00237763;-0.000435113;0.00049971;-0.00244343;1.00018;-0.00231978;0.0034261;0.994551;0.0226552;0.988464;1;3;1
422.531;1526.06;-0.232269;3.24867;0.000498078;-0.00196977;-0.000567803;0.00062245;-0.00209415;0.999503;-0.00501537;0.000100092;0.992755;0.0230769;0.984755;1;3;1
445.531;1526.06;-0.255242;3.22781;0.00146948;-0.000759046;-0.000826099;0.00174231;-0.00103187;1.0004;-0.00154708;-0.000598866;0.997684;0.0220826;0.985333;1;3;1
468.531;1526.06;-0.164742;3.20724;0.00257388;-0.000158671;-0.000834193;0.00280842;-0.000393203;1.00618;0.000784944;0.0056028;1.00578;0.0187043;0.992015;1;4;1
491.531;1526.06;-0.137083;3.13782;0.000376984;-0.00112082;-0.00132043;0.0011461;-0.00188994;0.996935;0.000802243;0.00204195;0.998613;0.0230517;0.987184;1;3;1
514.531;1526.06;-0.147665;3.05218;0.000236364;-0.000601583;-0.00143018;0.00130768;-0.0016729;1.0003;0.00529912;0.00135577;1.00115;0.0186749;0.989498;1;3;1
537.531;1526.06;-0.126255;3.07518;-0.000574217;-0.00175774;-0.000494526;-0.000394787;-0.00193717;0.995519;0.000902402;-0.00249465;0.998149;0.0221894;0.987633;1;3;1
560.531;1526.06;-0.174127;2.99094;0.00114955;-0.00170766;-0.00129602;0.00164983;-0.00220793;1.01013;0.003791;0.00117953;0.997136;0.0294127;0.980496;1;4;1
583.531;1526.06;-0.0735005;2.98172;0.00199705;-0.00125025;-0.000636124;0.00211721;-0.00137041;0.99666;0.00164124;0.00131164;0.994679;0.0199593;0.98972;1;3;1
606.531;1526.06;-0.0823665;2.95763;0.000232806;-0.000267263;-0.000355554;0.000417439;-0.000451896;1.00093;0.000943699;-0.000718337;1.00115;0.0205791;0.993161;1;3;1
629.531;1526.06;-0.0628137;2.93769;0.00121073;-0.000765264;-0.000352049;0.00127158;-0.000826113;1.00875;-0.000365061;0.00329971;0.999938;0.0216859;0.987674;1;4;1
652.531;1526.06;-0.0267576;2.88922;-0.000255932;-0.000351655;-0.000419703;0.00011863;-0.000726217;0.993792;0.00635625;-0.00232704;1.00061;0.0229642;0.985374;1;3;1
675.531;1526.06;-0.0746148;2.8881;0.00139443;-0.000332895;-0.000527462;0.00154276;-0.000481225;1.00552;-0.00346077;0.00555884;0.998711;0.0209483;0.986243;1;3;1
698.531;1526.06;0.0372402;2.79258;0.00064801;7.02105e-05;-0.0001404;0.000680319;3.79015e-05;1.00279;-0.0024341;-0.00230224;0.997793;0.0182417;0.990526;1;3;1
721.531;1526.06;-0.0448726;2.81595;-0.00213492;-0.00175948;1.56127e-05;-0.00175883;-0.00213557;0.992118;-0.00283994;0.00200674;0.998624;0.0199066;0.986351;1;3;1
744.531;1526.06;-0.0611226;2.72398;0.00183985;6.74556e-05;-0.00150755;0.00270239;-0.000795076;1.0039;0.000593296;0.00362095;0.999876;0.0232308;0.983554;1;3;1
767.531;1526.06;0.0394993;2.6858;0.00213785;-0.000168861;-0.000286823;0.00217298;-0.00020399;1.00244;-0.00207679;0.00451784;1.00291;0.0203517;0.990201;1;3;1
790.531;1526.06;0.0370563;2.65122;-0.000206909;-0.00207674;-0.00088193;0.000143426;-0.00242707;1.00215;-0.00249359;-0.00338342;0.998399;0.0228995;0.986722;1;3;1
813.531;1526.06;0.0299702;2.65504;-0.00107762;-0.00154454;-0.00121101;-7.77712e-05;-0.00254438;1.00343;0.000105563;0.00268221;1.00624;0.0244611;0.982962;1;4;1
836.531;1526.06;-0.0125853;2.58728;-0.000594705;-0.00233421;-0.000136317;-0.000584088;-0.00234483;0.994596;-0.00552207;0.00788851;0.997065;0.0241975;0.980136;1;4;1
859.531;1526.06;0.00242115;2.5248;-0.00031844;-0.00101188;-0.000899608;0.00029895;-0.00162927;0.999879;0.00634219;-0.00191756;0.998577;0.0306877;0.981514;1;3;1
882.531;1526.06;-0.0272371;2.57681;0.00102914;-0.000638601;-0.000893198;0.00141721;-0.00102667;1.00382;0.00617173;0.00125919;1.00115;0.0269544;0.977831;1;4;1
905.531;1526.06;0.0497205;2.4856;-0.000603308;-0.00140684;-0.00158272;0.000627842;-0.00263799;0.999396;-0.000686995;0.0084509;0.993661;0.0270778;0.970648;1;4;1
928.531;1526.06;-0.0551759;2.44878;-0.00109846;-0.00202443;-0.000442462;-0.000921035;-0.00220186;0.997876;0.0051675;-0.0048356;0.995457;0.0322333;0.958753;1;4;1
951.531;1526.06;-0.00100477;2.36122;-0.000538737;0.00031194;-0.00191605;0.0018493;-0.00207609;0.998851;-0.00337465;0.00593317;1.00198;0.0270988;0.97832;1;3;1
974.531;1526.06;-0.0800576;2.35624;-0.00239464;0.000339731;0.000606351;0.000468158;-0.00252307;0.99903;-0.00238503;-0.000126119;1.00056;0.028556;0.978819;1;3;1
997.531;1526.06;-0.111291;2.36292;0.000890347;-0.00108881;0.00108768;0.00137125;-0.00156971;1.0031;-0.0005344;-0.00128674;0.994545;0.0289508;0.966919;1;4;1
1020.53;1526.06;-0.0391274;2.38258;0.000456446;-0.00406288;-0.000729186;0.000571186;-0.00417762;1.00265;0.00965409;0.00341241;0.992403;0.0298101;0.976594;1;3;1
1043.53;1526.06;-0.090299;2.35857;-0.00056766;-0.00126007;0.000247863;-0.000488079;-0.00133965;0.994277;-0.00749746;-0.00309015;0.998406;0.0320143;0.965589;1;4;1
1066.53;1526.06;-0.0652474;2.37826;0.000588711;0.000862482;-0.00106512;0.00179947;-0.000348281;1.00362;0.000160638;-0.000141171;0.997873;0.0310271;0.966238;1;3;1
1089.53;1526.06;-0.0632621;2.30121;-0.000226416;-0.00156447;-0.00118564;0.000465931;-0.00225681;0.993608;-0.00223613;0.00420932;0.996362;0.0254047;0.978038;1;3;1
1112.53;1526.06;-0.0758599;2.24394;0.00120365;-0.00154898;-0.000871171;0.0014562;-0.00180153;1.00673;-0.00404265;0.00470806;0.998145;0.0236538;0.979427;1;3;1
1135.53;1526.06;-0.00806591;2.18818;-0.00127475;-0.00180008;-0.000209964;-0.00120115;-0.00187369;0.99659;-0.00858027;0.00427611;0.995898;0.0248365;0.982009;1;3;1
1158.53;1526.06;-0.13462;2.15594;-0.00367221;-0.00187363;-0.000432591;-0.001775;-0.00377085;0.999202;-0.00252185;0.00583134;0.999209;0.0275322;0.981858;1;3;1
1181.53;1526.06;-0.177353;2.11788;0.00191128;-0.0001233;0.000600157;0.00207512;-0.000287139;1.00342;0.00181606;-0.00186209;0.999922;0.0340527;0.971026;1;3;1
1204.53;1526.06;-0.0467975;2.12208;0.00187872;-0.00149869;0.000367847;0.00191831;-0.00153829;1.00518;0.00242393;0.00012435;0.99609;0.0248276;0.982763;1;3;1
1227.53;1526.06;-0.0910501;2.05946;-0.000919764;-0.00185655;-0.000198234;-0.000879542;-0.00189677;0.991988;0.00308018;0.00497327;0.998877;0.0275689;0.978326;1;3;1
1250.53;1526.06;-0.0891261;2.12272;-0.0027467;4.12685e-05;-0.000932686;0.000324512;-0.00302995;1.00038;0.00459802;0.00634486;0.998325;0.0291513;0.977089;1;3;1
1273.53;1526.06;-0.21765;1.97515;-0.0055518;-0.000852866;-0.00122112;-0.000554477;-0.00585019;0.990479;-0.000266684;0.00239755;1.00607;0.0299814;0.98783;1;3;1
31.5305;1503.06;-0.653285;3.73265;0.00538553;-0.0012853;-0.000972044;0.00552428;-0.00142406;0.999473;-0.00215702;0.0020276;1.00056;0.0317532;0.971772;1;3;1
54.5305;1503.06;-0.529903;3.64843;0.00230398;-0.00137677;0.000952495;0.00253585;-0.00160865;1.0002;-0.0102041;-0.00735539;1.0006;0.0260226;0.983664;1;3;1
77.5306;1503.06;-0.547448;3.6857;0.000723488;-0.00130958;-0.000841817;0.0010268;-0.00161289;0.999058;-0.00836793;0.00328043;0.99992;0.0250514;0.983247;1;3;1
100.531;1503.06;-0.496638;3.6309;0.00174883;-1.12686e-05;-0.000189249;0.00176895;-3.13871e-05;1.0019;-0.00680989;-0.000504266;0.998484;0.0236708;0.988272;1;3;1
123.531;1503.06;-0.467109;3.62743;0.00215578;0.000882134;-1.55172e-05;0.00215597;0.000881945;1.00102;0.00347622;0.00205446;1.00481;0.0232297;0.981043;1;3;1
146.531;1503.06;-0.397585;3.60687;-0.00012037;-0.000793808;0.000891611;0.000495984;-0.00141016;0.996939;-0.0106034;-0.00328431;0.998194;0.0264138;0.978863;1;3;1
169.531;1503.06;-0.472659;3.5935;-0.000473892;-0.00149508;-0.000767362;-6.27754e-05;-0.0019062;1.00534;0.00245463;0.0045862;0.99871;0.026383;0.982313;1;3;1
192.531;1503.06;-0.419431;3.54557;0.0014363;-0.00162921;-4.40409e-05;0.00143693;-0.00162985;0.998568;-0.000857536;0.00213841;1.00189;0.0230645;0.984793;1;3;1
215.531;1503.06;-0.406709;3.51169;-0.000328405;0.000492195;0.000208837;0.000542285;-0.000378495;0.999649;0.00281865;-0.00312239;1.0009;0.0222586;0.986449;1;3;1
238.531;1503.06;-0.434577;3.48705;-0.000860256;-0.00252906;-0.000507264;-0.000718162;-0.00267115;1.00336;-0.00129642;0.0039625;1.00139;0.0214172;0.991227;1;3;1
261.531;1503.06;-0.446355;3.43948;0.000258925;-0.00291298;-0.00105372;0.000577066;-0.00323112;0.993992;-0.0033727;-0.00240474;0.999051;0.0280629;0.974107;1;4;1
284.531;1503.06;-0.422677;3.45874;0.0018247;-0.000384997;-4.64864e-05;0.00182568;-0.000385975;1.0042;-0.0019471;0.00438988;1.00076;0.0209894;0.992406;1;3;1
307.531;1503.06;-0.362495;3.44006;0.00136392;-0.00146874;-0.000543295;0.00146454;-0.00156937;0.999815;-0.000884885;-0.00296512;0.997648;0.022475;0.989907;1;3;1
330.531;1503.06;-0.360012;3.40341;0.000567895;-0.000789924;-0.00102038;0.00111458;-0.00133661;0.993817;-0.002062;0.00201771;1.00148;0.0187841;0.990175;1;3;1
353.531;1503.06;-0.336414;3.38342;0.00193352;-0.00268547;-0.000916192;0.00210861;-0.00286057;1.00263;0.0016572;0.000378742;1.00075;0.0207573;0.990929;1;3;1
376.531;1503.06;-0.271162;3.38128;0.00214517;-0.000755897;-0.000831094;0.00236639;-0.000977118;1.00655;0.000722299;0.00642971;0.998172;0.02319;0.98872;1;3;1
399.531;1503.06;-0.237899;3.31041;0.000565972;0.000156816;-0.00113194;0.00151167;-0.000788887;0.997507;-0.00151986;-0.0051772;1.00374;0.0216522;0.987517;1;3;1
422.531;1503.06;-0.245273;3.26847;0.000578688;-0.00139719;7.89648e-05;0.000581838;-0.00140034;0.998952;0.00079701;0.00464635;1.00175;0.021942;0.989932;1;3;1
445.531;1503.06;-0.211324;3.25209;0.000651598;-0.0014509;-0.000550898;0.000787199;-0.0015865;1.00309;-0.00124449;0.00101985;0.994646;0.0213722;0.989132;1;3;1
468.531;1503.06;-0.215346;3.21008;0.00043746;-0.00136558;0.000109195;0.000444049;-0.00137217;0.997896;-0.00472823;0.00276277;0.995545;0.0197983;0.988804;1;3;1
491.531;1503.06;-0.19128;3.16956;0.00210908;-0.00298571;0.000405081;0.00214108;-0.00301771;1.00036;-0.0058434;-0.000776598;0.998504;0.0222331;0.986645;1;3;1
514.531;1503.06;-0.118536;3.11145;0.00264564;-0.00185743;0.000585803;0.0027206;-0.00193239;1.0042;-0.00210973;0.00171689;0.995949;0.0193943;0.990537;1;3;1
537.531;1503.06;-0.0697607;3.12655;0.000618513;-0.00106241;-0.000571975;0.000794679;-0.00123858;0.999856;0.00178653;0.000168699;0.995555;0.026405;0.981886;1;4;1
560.531;1503.06;-0.0901072;3.07542;-0.000658414;-0.0037882;-0.00200248;0.00031811;-0.00476472;1.00085;-8.15545e-05;0.000686749;0.999507;0.0226288;0.984748;1;3;1
583.531;1503.06;-0.100186;3.01779;6.13376e-05;-0.00262159;-0.00137636;0.000641824;-0.00320207;0.999932;-0.00306123;0.00556567;1.00001;0.0192705;0.991549;1;3;1
606.531;1503.06;-0.0874323;2.95929;-0.00051412;-0.00268584;2.75227e-05;-0.000513771;-0.00268619;1.00127;-0.00383751;-0.00221611;0.998502;0.0192146;0.99174;1;3;1
629.531;1503.06;-0.123931;2.9272;-0.000162407;-0.000203839;0.000634409;0.000451624;-0.000817871;0.999832;-0.00233002;0.00246325;0.997608;0.0245435;0.982568;1;3;1
652.531;1503.06;-0.0949227;2.91737;0.000967889;-0.00243734;0.000653355;0.00108894;-0.0025584;0.997418;-0.0115708;-0.000112419;0.989354;0.0231551;0.986236;1;3;1
675.531;1503.06;-0.0794843;2.85641;0.000222861;0.000537336;-0.00167952;0.00206696;-0.00130677;1.00053;0.000774681;0.00782679;1.00064;0.0230027;0.984403;1;3;1
698.531;1503.06;-0.0848619;2.78526;-0.000291469;-0.000963225;0.00145048;0.00086151;-0.0021162;0.99676;-0.00891571;-0.00390411;1.00198;0.020052;0.989738;1;3;1
721.531;1503.06;-0.0928942;2.86249;0.00226761;-0.00154099;0.000529433;0.00233984;-0.00161321;1.00337;-0.00452398;0.00106268;0.999402;0.0207054;0.98997;1;3;1
744.531;1503.06;0.0193298;2.77911;0.00195241;-0.00102236;-0.00153657;0.00260357;-0.00167351;1.00112;0.00439485;0.00636089;0.99833;0.0189342;0.992535;1;3;1
767.531;1503.06;-0.00329537;2.75534;0.000324474;-0.00155283;0.000393361;0.000403565;-0.00163192;0.998946;0.00294033;-0.00381848;0.996876;0.0242411;0.980769;1;4;1
790.531;1503.06;0.034249;2.75954;0.0014782;-0.00135151;0.000330224;0.00151623;-0.00138954;1.00307;-0.00212758;0.00180408;0.994479;0.0195844;0.988453;1;3;1
813.531;1503.06;0.0646192;2.70058;-0.00226853;-0.000952286;-0.000134685;-0.000938646;-0.00228217;0.995909;0.00159793;0.00187908;0.991522;0.0226073;0.98637;1;3;1
836.531;1503.06;-0.0702576;2.70223;-0.000211031;-0.00375449;-0.000547608;-0.000128334;-0.00383719;1.00176;-3.71664e-05;0.00199811;0.99729;0.0257066;0.98712;1;3;1
859.531;1503.06;0.0547808;2.59125;0.00220886;-0.00360221;-0.00103498;0.00238769;-0.00378104;1.00127;-0.00490751;0.00684523;0.994158;0.0255345;0.97741;1;3;1
882.531;1503.06;0.0309256;2.53247;-0.00105195;-0.000293852;-0.000478208;-6.26871e-05;-0.00128311;1.00525;-0.00636063;0.00249233;0.998692;0.027451;0.977093;1;4;1
905.531;1503.06;0.00634181;2.5444;-0.00268228;-0.00302137;0.00254742;-0.000298773;-0.00540488;0.993909;0.000882899;-0.00411524;0.997877;0.0245046;0.983391;1;4;1
928.531;1503.06;-0.0926501;2.58017;0.000823011;-0.00354043;-0.000602612;0.000904705;-0.00362212;1.00227;-0.0114058;0.00653807;0.994864;0.0328024;0.968763;1;3;1
951.531;1503.06;0.0441014;2.45683;-0.000184376;-0.00289559;-0.00221391;0.00105599;-0.00413595;1.00354;0.00291533;0.00425932;0.991663;0.0281755;0.971671;1;3;1
974.531;1503.06;-0.101433;2.4138;-0.00206747;-0.0012442;-0.00128286;-0.00030855;-0.00300312;0.996282;0.00151566;-0.00210015;0.995684;0.0276032;0.977713;1;3;1
997.531;1503.06;-0.0511197;2.41499;0.00244379;-0.00164161;-1.94628e-05;0.00244388;-0.0016417;1.00801;0.00187806;0.00452599;1.00546;0.0263754;0.979919;1;4;1
1020.53;1503.06;0.0107921;2.48312;4.89843e-05;-0.00141298;-0.000719855;0.000343929;-0.00170792;0.998998;-0.00313184;-0.00188602;1.00765;0.0364592;0.944612;1;3;1
1043.53;1503.06;-0.0489152;2.34802;-0.000851756;-0.000308162;-0.0017983;0.00123877;-0.00239868;0.998994;0.00889749;0.00244981;1.00079;0.0292812;0.971711;1;3;1
1066.53;1503.06;-0.0286889;2.32168;-0.000487956;0.000832279;-0.000846124;0.00124533;-0.000901002;1.00162;0.00116858;-0.00137164;1.00296;0.0298121;0.963093;1;3;1
1089.53;1503.06;-0.0714138;2.28218;-0.00125079;0.00171525;0.000684004;0.00186539;-0.00140093;0.987139;-0.00163607;-0.00715206;1.00424;0.0321713;0.963972;1;3;1
1112.53;1503.06;-0.0862636;2.30747;3.06728e-05;-0.000885422;6.78329e-05;3.56683e-05;-0.000890418;1.0048;0.00228652;0.00898749;1.00204;0.0293744;0.975319;1;3;1
1135.53;1503.06;-0.070021;2.2414;0.000371824;-0.00247702;0.000265566;0.000396369;-0.00250156;0.997872;-0.00545831;-0.00225731;0.998268;0.0274533;0.978183;1;3;1
1158.53;1503.06;-0.0692417;2.2223;-0.00135292;-0.00244136;-0.00259378;0.000753118;-0.0045474;1.00134;0.00434379;0.00210397;0.998201;0.0224538;0.988771;1;3;1
1181.53;1503.06;-0.132448;2.12367;-0.000481388;-0.00125379;-0.00122049;0.000412542;-0.00214772;0.997017;-0.00446165;0.00422646;0.99938;0.0287751;0.974817;1;3;1
1204.53;1503.06;-0.0914562;2.14475;0.00107743;-0.0016542;0.0013904;0.00166063;-0.0022374;1.00097;-0.00301358;0.00183531;0.998521;0.0236779;0.983425;1;3;1
1227.53;1503.06;-0.0829181;2.10257;-7.7493e-05;-0.00242762;-0.000935587;0.000249475;-0.00275458;0.999844;0.00246194;-0.000738831;0.997959;0.0233014;0.984004;1;3;1
1250.53;1503.06;-0.0951105;2.05403;-0.00222363;-0.000224853;-5.86958e-05;-0.000223131;-0.00222535;0.996145;-0.00627044;0.0051337;1.00139;0.0257017;0.978083;1;3;1
1273.53;1503.06;-0.185416;2.00808;-0.00391664;-0.00269136;-0.00106727;-0.00207339;-0.00453461;0.997688;-0.00436304;0.000739841;0.995575;0.0362452;0.971275;1;3;1
31.5305;1480.06;-0.620101;3.708;0.00308214;0.000660115;0.000204845;0.00309935;0.000642912;1.0065;0.000945548;-0.000637533;0.994306;0.0234768;0.984537;1;3;1
54.5305;1480.06;-0.549322;3.71633;0.00378703;-0.00214067;-0.000239572;0.00379669;-0.00215034;0.999185;-0.000552951;0.000885577;0.992645;0.0275385;0.978508;1;3;1
77.5306;1480.06;-0.446235;3.68119;0.00187737;-0.000705443;-0.000739648;0.00207418;-0.00090226;1.00542;-0.00116401;0.00125641;0.996052;0.0260751;0.987539;1;3;1
100.531;1480.06;-0.463087;3.65353;-0.00187432;-0.00232858;-0.000484511;-0.00156634;-0.00263655;0.997355;0.00484743;0.00197002;0.998161;0.0240667;0.98663;1;3;1
123.531;1480.06;-0.532612;3.59654;-0.00192728;-0.00212374;-0.000791812;-0.00122763;-0.00282339;0.995258;-0.00443994;0.00290062;0.99578;0.0241018;0.988224;1;3;1
146.531;1480.06;-0.551869;3.59228;0.001023;-4.69262e-05;0.000915245;0.00154816;-0.000572085;0.999663;-0.00115312;-0.00106065;0.996922;0.0216794;0.988672;1;3;1
169.531;1480.06;-0.48558;3.58274;0.0015783;-0.000668972;0.00069118;0.00177386;-0.000864536;1.00059;-0.00260983;0.00383853;1.00113;0.0276426;0.980482;1;4;1
192.531;1480.06;-0.479324;3.59442;-0.000277357;-0.00137478;-0.000787591;0.000133819;-0.00178596;0.998527;-1.1167e-05;0.000866646;0.993941;0.0222995;0.984891;1;3;1
215.531;1480.06;-0.498365;3.53574;0.00157937;-0.00058266;0.000542032;0.00170765;-0.000710939;0.999199;-0.0115149;-0.000565945;0.996519;0.0245417;0.989185;1;3;1
238.531;1480.06;-0.40674;3.56427;0.00298667;-0.00202752;0.000207962;0.00299528;-0.00203613;1.0088;-0.00453148;0.00181374;0.99609;0.0254317;0.980626;1;3;1
261.531;1480.06;-0.361199;3.49657;8.42433e-05;-0.00174726;-0.00142892;0.000865669;-0.00252869;0.996251;0.000503132;0.00284326;0.994029;0.0260543;0.978494;1;3;1
284.531;1480.06;-0.403006;3.45025;-0.000391225;-0.000380391;-0.000797551;0.000411761;-0.00118338;1.00021;-0.000348351;0.0026048;0.999402;0.0189038;0.989771;1;3;1
307.531;1480.06;-0.37922;3.45209;0.00223269;6.80688e-05;-0.000450409;0.00232267;-2.19111e-05;0.996077;-0.0019309;-0.00451835;1.00226;0.0216217;0.99005;1;3;1
330.531;1480.06;-0.300453;3.39283;0.00231435;-0.000527278;-0.00107783;0.00267691;-0.000889839;1.00018;0.00104356;0.00851477;0.998258;0.0198945;0.99032;1;3;1
353.531;1480.06;-0.272947;3.37552;0.00112684;7.82211e-05;-0.00105757;0.00178293;-0.000577872;1.00744;0.00179987;6.15832e-05;1.0002;0.0219551;0.9899;1;4;1
376.531;1480.06;-0.248713;3.315;-0.000299056;0.00172598;-0.000917993;0.00208017;-0.000653251;0.999225;-0.00338763;0.00156658;1.00489;0.0215737;0.990339;1;3;1
399.531;1480.06;-0.286786;3.28966;-0.00106502;-0.000611272;0.000434337;-0.000348126;-0.00132817;0.994018;-0.000227515;-0.00221698;1.00179;0.0199772;0.991289;1;4;1
422.531;1480.06;-0.297731;3.31303;0.00052022;-0.0014611;-0.000957066;0.000907015;-0.0018479;1.00866;0.00575366;0.00257506;0.99692;0.0242996;0.986277;1;3;1
445.531;1480.06;-0.262862;3.29461;0.000882557;-0.00112297;-0.000389123;0.00095541;-0.00119582;0.997353;0.00364754;-0.0010179;1.00028;0.0186193;0.992081;1;3;1
468.531;1480.06;-0.257171;3.27019;-0.000207195;-0.00119495;0.000391038;-7.11317e-05;-0.00133101;1.0005;-0.00108672;0.00537099;0.996971;0.0205816;0.99043;1;4;1
491.531;1480.06;-0.272398;3.27556;0.000285549;-0.00144788;-0.00112482;0.000838836;-0.00200117;0.998361;0.00591154;-0.00444126;0.996034;0.0281219;0.981438;1;3;1
514.531;1480.06;-0.244228;3.1378;0.00354995;-0.00130239;-0.00054365;0.00361011;-0.00136256;1.00306;-0.00509745;0.00769235;0.998868;0.021547;0.988577;1;3;1
537.531;1480.06;-0.109638;3.12408;0.00317969;-0.000966242;0.00151618;0.003675;-0.00146154;1.00412;-0.00387989;-0.0041092;1.00636;0.0231261;0.986898;1;4;1
560.531;1480.06;-0.0982022;3.16559;0.00102098;-0.00256779;0.000582044;0.00111302;-0.00265983;1.0043;-0.00159773;0.00142649;0.996619;0.0212516;0.9895;1;3;1
583.531;1480.06;-0.0627015;3.10247;-0.00167284;-0.00212899;-0.000392612;-0.00144686;-0.00235497;0.997992;0.0110812;0.00339214;1.00199;0.0221635;0.99014;1;4;1
606.531;1480.06;-0.175294;3.08144;-0.00217462;-0.00169285;-0.00090745;-0.000994855;-0.00287261;0.992502;-0.00492441;-5.45247e-06;0.991856;0.0246332;0.98268;1;4;1
629.531;1480.06;-0.163106;2.94717;0.000391641;-0.00245134;-0.000885282;0.000644773;-0.00270447;0.999268;-0.00173521;-0.00163262;0.996806;0.0278291;0.976076;1;3;1
652.531;1480.06;-0.157352;3.00166;0.00241378;-0.00125544;-0.000626158;0.00251769;-0.00135936;1.00261;-0.00380382;0.00467687;1.00274;0.0244967;0.984376;1;3;1
675.531;1480.06;-0.0522819;2.8634;0.00146798;1.42223e-05;-0.00200525;0.00287403;-0.00139183;0.994226;0.00140022;0.00689834;1.00241;0.0223533;0.987366;1;3;1
698.531;1480.06;-0.0901681;2.83708;-0.00102793;-0.00123283;-0.000318541;-0.000795768;-0.00146499;1.00266;0.00267886;-0.00430867;0.991971;0.0210349;0.989287;1;3;1
721.531;1480.06;-0.099597;2.88692;0.00137819;0.000665045;-0.00120969;0.00228276;-0.000239526;1.00081;-0.000585167;0.00244005;0.996032;0.0221464;0.988597;1;3;1
744.531;1480.06;-0.0268622;2.77105;0.00181839;-5.25388e-05;-0.000745608;0.00207918;-0.000313329;1.00546;0.00037307;0.0039746;0.99831;0.020687;0.986512;1;3;1
767.531;1480.06;-0.0162091;2.75732;-0.000456264;-0.000422674;0.000523568;8.43687e-05;-0.000963307;0.998483;0.00110886;0.00488252;0.99949;0.0180554;0.991257;1;3;1
790.531;1480.06;-0.0478911;2.71351;2.71139e-05;-0.000531081;0.0006846;0.000487322;-0.000991289;1.00251;-0.00147273;0.00234713;1.00471;0.0204517;0.988435;1;3;1
813.531;1480.06;-0.014999;2.69889;-0.000504492;-0.000581919;0.00177642;0.00123364;-0.00232005;0.995223;-0.00176531;-0.000546324;1.003;0.0234084;0.980553;1;3;1
836.531;1480.06;-0.0711275;2.76035;-0.00122422;-0.000639166;-0.000634809;-0.000232728;-0.00163066;1.00061;-0.00125176;-0.00250081;1.00156;0.0250683;0.974689;1;3;1
859.531;1480.06;-0.0713485;2.69086;0.000899505;-0.0011309;-0.00107297;0.00136143;-0.00159283;0.998618;-0.000318808;-0.00116559;0.999298;0.0247669;0.982918;1;3;1
882.531;1480.06;-0.0300828;2.59033;-0.00143782;-0.00229993;0.000391441;-0.00128661;-0.00245114;0.999348;0.00322513;0.00530381;0.99421;0.0289198;0.969173;1;3;1
905.531;1480.06;-0.137583;2.62517;-0.00123587;-0.00207963;0.00119351;-0.000391871;-0.00292363;0.995379;-0.00503724;0.00359779;0.992396;0.0281526;0.976547;1;3;1
928.531;1480.06;-0.0869731;2.61194;0.00380196;-0.00227933;-0.00152721;0.00416394;-0.00264131;1.00423;0.0077394;0.00348584;0.99459;0.0300563;0.976389;1;4;1
951.531;1480.06;0.0367915;2.49463;0.00182204;-0.00101291;-0.00221766;0.00303653;-0.0022274;0.999903;0.00361602;0.00474115;0.997022;0.0231332;0.982185;1;3;1
974.531;1480.06;-0.00366238;2.41358;-0.00167727;-0.00269644;-0.000509052;-0.00146657;-0.00290714;1.00122;-0.00724098;0.000860629;1.00417;0.0238452;0.980561;1;4;1
997.531;1480.06;-0.040462;2.43855;-0.000784443;-0.00132702;-0.000192513;-0.000723077;-0.00138838;0.997255;0.00192656;-0.000893939;0.993757;0.0302809;0.974382;1;4;1
1020.53;1480.06;-0.0397735;2.44763;-0.000993786;0.000213919;-0.000755284;0.000577067;-0.00135693;0.996925;-0.00327829;-0.00177261;0.997656;0.0225901;0.983586;1;3;1
1043.53;1480.06;-0.086246;2.37275;-0.000291217;-0.00106809;-0.00128448;0.000662277;-0.00202158;0.99946;-0.00192391;0.00474115;0.999575;0.0296969;0.972472;1;3;1
1066.53;1480.06;-0.0532974;2.34;-0.00117393;-0.00126785;-0.00164473;0.000424512;-0.00286629;1.00596;-0.00344982;0.0040573;0.998381;0.0272224;0.980252;1;3;1
1089.53;1480.06;-0.140524;2.22244;-0.00150992;-0.000572403;-0.000271069;-0.000499671;-0.00158265;0.994005;-0.00208392;-0.00149076;1.00288;0.0268875;0.975836;1;3;1
1112.53;1480.06;-0.12284;2.28471;0.000504042;-0.000854253;0.00135861;0.0013438;-0.00169401;0.998399;0.0014579;-0.00208648;1.00057;0.025926;0.982001;1;3;1
1135.53;1480.06;-0.117414;2.3024;0.00238472;-0.00132613;0.00128664;0.00278718;-0.00172859;0.999937;0.00703994;-0.00114742;1.00536;0.0238521;0.984852;1;3;1
1158.53;1480.06;-0.0132761;2.26854;-0.000541589;0.000364578;-0.00113929;0.00113757;-0.00131458;0.996033;-0.00059764;0.00421554;1.00361;0.0245082;0.983338;1;3;1
1181.53;1480.06;-0.142508;2.1756;-0.00395495;-0.00145789;-0.000329893;-0.00141504;-0.0039978;0.999846;0.00617824;0.00329709;0.996021;0.0258163;0.986595;1;3;1
1204.53;1480.06;-0.195619;2.19848;0.00102309;-0.0014383;0.000407905;0.00108893;-0.00150414;1.00492;-0.00364198;-0.00288045;1.00169;0.0273786;0.981951;1;3;1
1227.53;1480.06;-0.0954704;2.17127;0.000375608;-0.0014526;0.000799015;0.000675593;-0.00175258;1.00053;-0.00586911;0.00275005;0.998251;0.026043;0.979962;1;3;1
1250.53;1480.06;-0.17839;2.13315;-0.00250914;-0.00205125;-5.55495e-05;-0.00204461;-0.00251578;0.998926;0.00377385;0.00303792;0.992586;0.0259093;0.979269;1;3;1
1273.53;1480.06;-0.211093;2.09912;-0.00141973;-0.00275694;-0.000573337;-0.00120757;-0.0029691;1.00348;0.000859028;0.000579532;0.998869;0.0334366;0.976238;1;3;1
31.5305;1457.06;-0.655452;3.70229;0.0052702;-0.000275046;0.00279224;0.00643256;-0.0014374;0.999545;-0.00425841;0.00251329;1.00371;0.0248441;0.986163;1;3;1
54.5305;1457.06;-0.534599;3.747;0.00246575;-0.000597424;0.00114001;0.00284346;-0.000975127;1.00333;-0.00464529;0.00130969;1.00019;0.0257877;0.985134;1;3;1
77.5306;1457.06;-0.54217;3.71817;-4.32808e-05;-0.00167844;0.000902884;0.000357185;-0.00207891;1.00363;-0.000245128;-0.00302466;1.00086;0.021509;0.990822;1;3;1
100.531;1457.06;-0.536591;3.73816;0.00188916;-0.00134251;0.00125176;0.00231729;-0.00177065;1.00344;0.00201783;-0.000113612;1.00027;0.0229766;0.990128;1;3;1
123.531;1457.06;-0.455351;3.72523;0.000898009;-0.00213848;-0.000929557;0.00115997;-0.00240044;1.00002;-0.00270913;0.00558389;0.996511;0.0210196;0.989267;1;3;1
146.531;1457.06;-0.495481;3.60914;-0.00170615;-0.00118119;-0.00114623;-0.000267771;-0.00261957;0.996134;-0.00364482;0.00241513;1.00014;0.0226199;0.991725;1;3;1
169.531;1457.06;-0.534012;3.62433;0.00221056;-0.00160221;0.000571162;0.00229428;-0.00168594;1.00651;0.00432422;-0.00122717;0.996838;0.0262345;0.980569;1;3;1
192.531;1457.06;-0.393908;3.60887;0.00103316;-0.00134319;-0.00149545;0.001755;-0.00206502;1.00304;0.000109551;-0.000700931;1.00119;0.0255266;0.98212;1;3;1
215.531;1457.06;-0.486591;3.53857;-0.00214346;-0.00215129;-0.000567357;-0.00158001;-0.00271475;0.99242;0.00934822;-0.00082021;0.997811;0.0300076;0.979649;1;3;1
238.531;1457.06;-0.492622;3.58045;0.00125923;-0.00025123;0.000215148;0.00128927;-0.000281277;1.0044;0.0038218;-3.43789e-05;1.0003;0.0246949;0.982877;1;2;1
261.531;1457.06;-0.428707;3.51993;0.00215412;-0.00149891;-0.000308891;0.00218006;-0.00152485;1.00147;0.00598973;0.00414324;0.999429;0.0268013;0.978694;1;3;1
284.531;1457.06;-0.393756;3.47625;0.00109471;-0.000850093;-0.000451646;0.00119448;-0.000949862;0.999506;-0.00176517;0.000137015;0.998368;0.0226492;0.989638;1;3;1
307.531;1457.06;-0.378453;3.43693;0.00122574;0.000654616;-0.00020607;0.00129233;0.000588026;1.00119;-0.000296891;0.002461;0.998975;0.0218211;0.990703;1;3;1
330.531;1457.06;-0.337432;3.42767;0.00133817;-0.00153633;7.54937e-05;0.00134016;-0.00153831;1.00321;0.00188386;2.19408e-06;0.999133;0.0195057;0.992111;1;3;1
353.531;1457.06;-0.316973;3.37982;0.00141156;-0.00197198;-0.00100342;0.00168675;-0.00224717;0.998015;-0.000736905;0.00400223;0.995803;0.0191039;0.993715;1;3;1
376.531;1457.06;-0.272718;3.30196;0.000807218;-0.000598551;0.000539657;0.000990492;-0.000781824;1.00381;0.00378458;0.00438677;0.99828;0.0241514;0.990467;1;3;1
399.531;1457.06;-0.279875;3.33856;0.00262081;-0.000567885;-0.000633643;0.00274211;-0.000689185;0.99884;-0.000842974;-0.00739559;0.994208;0.0230057;0.987392;1;3;1
422.531;1457.06;-0.152331;3.33582;0.00133961;-0.000295319;-0.00127128;0.00203357;-0.000989279;1.00421;-0.000620612;0.00221738;1.00193;0.0195577;0.989068;1;3;1
445.531;1457.06;-0.218307;3.30378;-0.00256118;-0.00120679;-0.000595018;-0.000982521;-0.00278545;0.997366;-0.00417038;0.00302492;1.0021;0.0241522;0.987034;1;3;1
468.531;1457.06;-0.270351;3.26511;-3.54561e-05;0.00023066;-0.00132385;0.00142812;-0.00123292;0.99932;0.000785699;-0.000252069;1.00478;0.0205192;0.989578;1;3;1
491.531;1457.06;-0.219988;3.23622;0.00110922;0.00104966;-0.00198558;0.00306524;-0.000906359;1.0035;0.00452791;0.00454681;1.00365;0.0207105;0.990542;1;3;1
514.531;1457.06;-0.21945;3.17151;0.000845988;-0.000878187;-0.00108398;0.0013689;-0.0014011;0.999051;0.00497429;-0.00202217;0.998221;0.0198685;0.990558;1;3;1
537.531;1457.06;-0.181134;3.17116;0.00118171;-0.00105286;0.00118528;0.0016933;-0.00156444;1.00302;-0.00150495;9.80124e-05;0.997036;0.0206717;0.985693;1;3;1
560.531;1457.06;-0.165129;3.19375;0.000718683;0.00039349;-0.000159367;0.00078376;0.000328412;0.996309;-0.00304405;-0.00191947;0.998879;0.0216375;0.983565;1;3;1
583.531;1457.06;-0.14812;3.11585;0.000135959;0.00208555;-0.00174967;0.00311364;-0.000892134;1.01308;-0.0015344;0.00568318;1.00305;0.0290628;0.984364;1;3;1
606.531;1457.06;-0.159141;3.03728;0.000567936;0.000557827;-0.00112928;0.00169217;-0.000566409;0.985688;0.00376787;0.00135628;0.999569;0.0222807;0.986281;1;3;1
629.531;1457.06;-0.122065;3.0401;0.000832064;-0.00202699;-0.00133874;0.00136105;-0.00255597;1.00205;0.00382186;-0.00371746;0.997976;0.0220756;0.984576;1;4;1
652.531;1457.06;-0.120924;2.97516;0.00136662;0.000418798;-0.00190042;0.00285132;-0.00106591;1.00125;0.00664645;0.00231661;0.997918;0.0216676;0.985015;1;3;1
675.531;1457.06;-0.0596122;2.85576;0.00193902;-0.00214118;-0.00061232;0.00202893;-0.00223109;0.999267;-0.0061719;0.00304496;0.995338;0.0224764;0.989082;1;3;1
698.531;1457.06;-0.0320077;2.84203;0.000258191;-0.00286114;-0.000214124;0.00027282;-0.00287577;1.0018;0.00514269;0.00381598;1.00243;0.0235763;0.984617;1;3;1
721.531;1457.06;-0.0477431;2.83193;-0.000206642;0.000232077;-0.00115671;0.00119005;-0.00116461;1.00375;0.00669377;-0.00383805;1.00734;0.0240731;0.985263;1;3;1
744.531;1457.06;-0.041554;2.78157;-0.00133052;-0.00242107;-0.000153942;-0.00130921;-0.00244238;0.994467;-0.00113191;0.00419821;1.00109;0.0209753;0.986586;1;3;1
767.531;1457.06;-0.109023;2.77491;-0.000990342;-0.000861961;0.000689415;-0.000233754;-0.00161855;1.00025;-0.000411689;-0.00639441;0.99866;0.0240917;0.985457;1;3;1
790.531;1457.06;-0.0871323;2.78414;0.00123972;-0.00104799;-0.000599445;0.00138727;-0.00119554;1.00252;0.00087878;0.00997873;0.995049;0.0240333;0.986208;1;3;1
813.531;1457.06;-0.0520562;2.7275;0.00146513;0.000453976;-0.000198465;0.00150269;0.000416417;1.00711;-0.00339799;-0.00256908;0.99979;0.0252963;0.981186;1;4;1
836.531;1457.06;-0.0198154;2.73167;0.000779916;0.00176344;-0.00107903;0.00245748;8.58742e-05;0.997632;0.00445751;0.00137963;0.999797;0.0229089;0.988819;1;3;1
859.531;1457.06;-0.0162709;2.64336;-0.00110505;0.000167772;-0.0016796;0.00132749;-0.00226477;0.997111;0.000587687;0.00397516;0.999444;0.0219393;0.982167;1;3;1
882.531;1457.06;-0.0707704;2.6385;-0.00142793;-0.00243139;0.000467152;-0.00124412;-0.0026152;0.999319;-0.00307202;-2.86421e-05;1.00134;0.0210718;0.982412;1;3;1
905.531;1457.06;-0.0820026;2.64025;-0.000253043;-0.00032664;0.000343139;5.52644e-05;-0.000634948;0.994659;0.000768006;-0.00448972;1.00691;0.0281669;0.977112;1;3;1
928.531;1457.06;-0.0824355;2.68514;0.00287702;0.000868457;-0.00203302;0.00414028;-0.000394799;1.00582;-0.00090859;0.00607253;1.00776;0.0285312;0.966825;1;3;1
951.531;1457.06;0.0499477;2.50345;-0.000605588;-0.000452112;-0.000625984;0.00010182;-0.00115952;1.00116;0.000588888;0.00142352;1.01055;0.026977;0.97306;1;3;1
974.531;1457.06;-0.110536;2.538;-0.00107124;-0.00139331;0.000643258;-0.00056917;-0.00189539;1.00039;0.0014929;0.00116908;0.993862;0.0298721;0.970832;1;3;1
997.531;1457.06;0.000635931;2.4761;0.0027221;-0.000690055;0.00073965;0.00287553;-0.000843489;1.00254;-0.00659532;0.000376876;1.00167;0.025528;0.977258;1;4;1
1020.53;1457.06;0.0144647;2.47329;-0.000843622;-0.000583456;-0.000274729;-0.000409569;-0.00101751;0.995227;0.00788524;0.000696864;1.00382;0.0273288;0.978188;1;3;1
1043.53;1457.06;-0.0382548;2.39718;-0.000909669;-0.000840402;-0.000827463;-4.6848e-05;-0.00170322;0.9993;0.0024245;0.00366686;1.00193;0.0316158;0.965419;1;3;1
1066.53;1457.06;-0.0274937;2.38004;-0.00137802;-0.000145176;-0.000372732;-4.12467e-05;-0.00148195;0.998606;-0.000749253;-0.00133267;0.997243;0.026383;0.978029;1;3;1
1089.53;1457.06;-0.101773;2.30853;-0.0022548;-0.00179168;-0.00086222;-0.00113047;-0.00291601;0.99539;0.0055353;0.00511758;0.996404;0.0272722;0.972011;1;3;1
1112.53;1457.06;-0.131344;2.3468;-0.00222468;-0.000233823;0.000175966;-0.00021839;-0.00224011;1.0071;0.00344695;0.00465312;1.00298;0.0242946;0.982797;1;4;1
1135.53;1457.06;-0.204223;2.30264;0.000875992;-0.000927726;-8.79528e-05;0.00088027;-0.000932005;0.995102;-0.011628;-0.00283654;1.00229;0.0297501;0.980991;1;3;1
1158.53;1457.06;-0.0912823;2.20554;0.000699012;-0.00100413;-3.97881e-05;0.000699941;-0.00100506;0.998728;-0.0075226;0.00252682;0.997711;0.0251453;0.979659;1;3;1
1181.53;1457.06;-0.172215;2.19079;-0.000912339;-0.00164227;-1.42297e-05;-0.000912062;-0.00164255;1.00002;-0.0073396;0.00202218;0.999646;0.0254739;0.981402;1;3;1
1204.53;1457.06;-0.133269;2.21097;-0.00107307;-0.00149338;-0.000244617;-0.000960731;-0.00160572;0.995602;0.00334434;0.000860436;0.998812;0.024143;0.982224;1;3;1
1227.53;1457.06;-0.221608;2.16964;-0.000626975;5.7096e-05;0.00123348;0.000995089;-0.00156497;1.00234;-0.00179868;0.00238443;1.0019;0.0268459;0.980254;1;3;1
1250.53;1457.06;-0.162162;2.14854;0.000458032;-0.000649952;-5.06255e-05;0.000460341;-0.000652261;1.00035;-0.00509675;0.00634319;1.00082;0.0229032;0.983743;1;3;1
1273.53;1457.06;-0.200556;2.13508;-0.00166776;3.54988e-05;-0.0011009;0.000575723;-0.00220799;0.995451;-0.00883569;-0.00658205;1.00091;0.0265205;0.980423;1;4;1
31.5305;1434.06;-0.786716;3.72095;0.00648206;-0.001793;0.00135139;0.00669716;-0.00200811;1.01072;0.00212764;-0.000601216;0.99303;0.0226629;0.984845;1;3;1
54.5305;1434.06;-0.63812;3.74391;0.00541895;-0.000447576;0.00077872;0.00552056;-0.000549183;1.00367;0.0044827;0.00291302;0.998052;0.0202401;0.991283;1;3;1
77.5306;1434.06;-0.538131;3.75855;0.00146062;-0.00154343;-0.00044064;0.00152392;-0.00160673;0.999117;-0.00336765;-0.00257604;0.995242;0.0182036;0.992747;1;3;1
100.531;1434.06;-0.57099;3.71545;-0.000817652;-0.000736901;-7.4638e-05;-0.000692418;-0.000862135;1.00411;-0.00712469;0.00457635;0.994493;0.0222945;0.987626;1;3;1
123.531;1434.06;-0.575803;3.69503;0.000518577;0.000360685;0.000286199;0.000736519;0.000142743;0.990697;-0.00385341;-0.000851303;1.00069;0.0220916;0.98537;1;3;1
146.531;1434.06;-0.547193;3.64665;0.000816354;-0.00279606;-0.000147163;0.00082234;-0.00280204;1.00783;0.00210998;0.00423719;0.996051;0.024051;0.989576;1;3;1
169.531;1434.06;-0.538282;3.65654;0.00260672;-0.00138089;0.000365932;0.00264003;-0.00141419;1.00164;-0.00913107;-0.00439269;0.998787;0.0246133;0.983568;1;3;1
192.531;1434.06;-0.427441;3.65628;0.00138819;-0.00186751;0.000999358;0.00167047;-0.00214979;1.00364;-0.00161482;-0.00188463;0.997446;0.0230643;0.988484;1;3;1
215.531;1434.06;-0.474475;3.63481;-0.000382748;-0.00190721;-0.00124611;0.000315768;-0.00260573;0.992192;-0.00117985;0.00330452;0.995906;0.0221009;0.987802;1;3;1
238.531;1434.06;-0.445121;3.57584;0.000823658;-0.00171978;-0.00100274;0.00117143;-0.00206756;1.00265;-0.0012469;0.000201029;1.0004;0.0214485;0.987964;1;3;1
261.531;1434.06;-0.436654;3.56564;1.88258e-05;-0.00183346;-0.00124987;0.00064829;-0.00246293;0.997479;-0.00367092;0.00115122;0.997715;0.0212353;0.992162;1;3;1
284.531;1434.06;-0.444336;3.48939;0.000609757;-0.00277881;-0.00111305;0.000942656;-0.00311171;1.00059;-0.00245245;0.00423161;0.9978;0.0228204;0.988552;1;3;1
307.531;1434.06;-0.408838;3.422;0.00174089;-0.00115226;2.46382e-05;0.0017411;-0.00115247;1.00329;-0.00421132;0.00352555;0.999592;0.0210477;0.989616;1;3;1
330.531;1434.06;-0.364332;3.4636;0.00223737;-0.00221919;0.000600599;0.00231689;-0.00229871;1.00012;0.0037186;-0.00297041;0.998854;0.0177149;0.991029;1;3;1
353.531;1434.06;-0.306055;3.46633;0.000542748;-0.00245729;-0.000871595;0.000777588;-0.00269213;0.999115;0.00352058;0.000969958;0.996572;0.0216328;0.987568;1;3;1
376.531;1434.06;-0.339531;3.34263;0.00242501;-0.00257694;-0.000862642;0.0025696;-0.00272153;1.00418;-0.00538704;0.00341302;0.993736;0.0222686;0.989597;1;3;1
399.531;1434.06;-0.194885;3.31588;0.00269679;-0.00060172;4.58211e-05;0.00269742;-0.000602356;1.00404;0.00452776;-0.000647991;1.00249;0.0218902;0.989544;1;3;1
422.531;1434.06;-0.215649;3.32669;-0.00182205;-0.000498602;0.00106284;9.16761e-05;-0.00241233;0.996296;-0.00356634;-0.00274158;0.998329;0.0244518;0.987692;1;3;1
445.531;1434.06;-0.278788;3.35015;0.000277092;-0.000656273;-0.000935023;0.000855426;-0.00123461;0.998339;0.00240783;0.00116675;1.00173;0.0214446;0.985804;1;3;1
468.531;1434.06;-0.202953;3.25961;0.00207672;0.000127948;-0.0016023;0.00297765;-0.000772975;1.00549;-0.000645992;0.00285325;0.993956;0.0192869;0.989948;1;3;1
491.531;1434.06;-0.183521;3.22739;-0.000141494;-0.0021884;-0.00143377;0.000596632;-0.00292652;0.997259;-0.0045861;0.000381977;0.995435;0.0228354;0.987658;1;3;1
514.531;1434.06;-0.209534;3.17823;-0.000278479;-0.00305067;-0.00106573;8.38646e-05;-0.00341301;1.00392;-0.000346756;0.0088945;0.994857;0.0190999;0.989693;1;3;1
537.531;1434.06;-0.196366;3.17262;0.00153824;-0.000996883;-3.91422e-05;0.00153885;-0.000997488;0.999537;-0.000376123;-0.00200665;0.996463;0.0189763;0.988616;1;3;1
560.531;1434.06;-0.13884;3.14751;0.00300748;6.78047e-05;-0.00230887;0.00427467;-0.00119938;0.998062;0.00323705;0.00446279;0.996365;0.017709;0.992454;1;3;1
583.531;1434.06;-0.0585278;3.00664;-0.000180032;0.000858899;-0.00114299;0.00159493;-0.000916062;1.00626;-0.00388914;-0.000761927;0.99837;0.0239257;0.982948;1;4;1
606.531;1434.06;-0.147213;3.05579;-0.000943992;-0.00223135;0.000868419;-0.000506711;-0.00266863;0.997918;-0.00893418;-0.0016926;0.996063;0.0227323;0.987664;1;3;1
629.531;1434.06;-0.101984;3.04055;-0.000426873;0.000415862;-0.00156129;0.00161165;-0.00162266;0.997574;0.000981707;0.00146774;1.0004;0.0246296;0.98209;1;4;1
652.531;1434.06;-0.166912;2.9824;-0.000577869;-0.00183556;-0.00141152;0.000338544;-0.00275197;1.00021;-0.00586608;0.00201692;0.99643;0.0235095;0.983108;1;3;1
675.531;1434.06;-0.128641;2.96206;0.00158132;-0.00269612;0.000358341;0.00161114;-0.00272593;1.00096;0.000374043;0.00181923;0.996646;0.0224382;0.988474;1;3;1
698.531;1434.06;-0.0942308;2.96888;0.00163326;-0.00265313;-0.000202544;0.00164281;-0.00266268;1.00119;-0.00473143;0.00284199;0.998973;0.0213127;0.98735;1;3;1
721.531;1434.06;-0.0536522;2.87627;0.000536555;-0.00247077;-0.00145098;0.00112247;-0.00305669;0.999747;-0.00224861;-0.000152342;0.993392;0.0227579;0.983678;1;3;1
744.531;1434.06;-0.0696368;2.88257;-0.000508693;-0.00380932;-3.86757e-05;-0.00050824;-0.00380977;0.999341;-0.00181425;0.00525994;0.990214;0.0222572;0.987897;1;3;1
767.531;1434.06;-0.0771263;2.79703;0.000645476;-0.00181144;-0.00169317;0.00150889;-0.00267486;1.00256;-0.00301682;-0.00053859;1.00105;0.0201734;0.988676;1;3;1
790.531;1434.06;-0.0401131;2.76174;0.000610962;-0.000190018;-0.00188034;0.00213299;-0.00171204;0.997521;-0.00216608;0.00419053;1.00507;0.020867;0.990868;1;3;1
813.531;1434.06;-0.0491844;2.67803;-0.00034709;0.000212023;-0.00143934;0.0013987;-0.00153377;1.00392;0.00680474;0.00406698;1.00495;0.0253355;0.983785;1;3;1
836.531;1434.06;-0.0561559;2.67931;0.000853433;0.00101121;0.00028307;0.00122618;0.000638466;0.999396;-0.000452839;-0.00401191;0.996485;0.0252734;0.990377;1;3;1
859.531;1434.06;-0.00994354;2.68319;-0.000436152;-0.000408046;0.00101548;0.000593479;-0.00143768;0.999194;-0.00042115;0.00337784;0.999608;0.0229814;0.98809;1;3;1
882.531;1434.06;-0.0762291;2.70234;-0.00244382;-0.00168365;-0.000146946;-0.00165623;-0.00247124;0.997048;0.00143877;0.00160834;0.994552;0.0228615;0.982849;1;3;1
905.531;1434.06;-0.122517;2.64021;0.00085714;-0.000871546;-0.00186556;0.00204886;-0.00206327;1.00071;0.00511374;-0.00334032;0.996764;0.0260775;0.982009;1;4;1
928.531;1434.06;-0.0370019;2.57204;0.00152164;0.00272603;-0.00139939;0.0036473;0.00060037;0.996906;-0.00304205;0.00660819;0.996103;0.0246601;0.979012;1;4;1
951.531;1434.06;-0.0527437;2.51552;-0.00115459;-0.00165427;8.56582e-05;-0.00114031;-0.00166854;0.999683;-0.00341104;0.00391784;0.991354;0.0248753;0.986746;1;3;1
974.531;1434.06;-0.0902402;2.47779;-0.00260656;0.000935766;-0.000290616;0.00095945;-0.00263025;1.0017;-0.00411175;-0.00136736;1.00101;0.0293776;0.970214;1;4;1
997.531;1434.06;-0.172824;2.4705;-6.90786e-05;0.000401424;0.00101432;0.00120741;-0.000875066;1.00017;-0.00149756;0.00385187;0.99931;0.0244986;0.979247;1;4;1
1020.53;1434.06;-0.0934181;2.4745;0.0015133;0.000448553;-0.000104046;0.00152337;0.000438481;0.994908;-0.0050535;-0.00376556;0.99768;0.0281631;0.968574;1;4;1
1043.53;1434.06;-0.103303;2.41143;-0.000307096;-0.00199479;-0.000759283;-1.57819e-05;-0.0022861;1.00122;-0.000429182;0.00684217;0.99522;0.0247333;0.976731;1;3;1
1066.53;1434.06;-0.107724;2.34671;0.000199018;-0.000648284;-0.00064811;0.000549658;-0.000998924;1.00198;-0.000412792;-0.00609094;1.00231;0.0245783;0.982074;1;3;1
1089.53;1434.06;-0.0942725;2.30495;-0.000808585;-0.00201293;-9.42241e-06;-0.000808512;-0.002013;0.997658;-0.00141992;0.00949719;0.997473;0.0239578;0.98317;1;3;1
1112.53;1434.06;-0.144963;2.29547;-0.00338661;-0.000289923;0.000668792;-0.000151658;-0.00352488;0.99449;-0.00404709;-0.00337432;0.996497;0.0222543;0.987158;1;3;1
1135.53;1434.06;-0.250339;2.34528;0.000515201;-0.0015475;-0.000139935;0.000524651;-0.00155695;1.00134;-0.000325845;0.0020684;0.992139;0.0268576;0.977481;1;3;1
1158.53;1434.06;-0.121274;2.31488;0.00249592;-0.00247153;-0.000363114;0.00252232;-0.00249793;0.999848;0.00378534;0.00347465;0.99357;0.0226112;0.981546;1;3;1
1181.53;1434.06;-0.135766;2.25121;-0.00158426;-0.00200112;-0.000401495;-0.00134032;-0.00224506;0.997258;0.0014029;-6.72464e-05;1.00208;0.0312998;0.974947;1;3;1
1204.53;1434.06;-0.194232;2.26723;-0.00294488;-0.00228349;-8.19934e-05;-0.00227348;-0.00295489;0.993206;-0.0129129;0.00748104;1.00531;0.0299957;0.979139;1;3;1
1227.53;1434.06;-0.271504;2.16898;-0.000302414;-0.00115116;-0.000504635;-6.7433e-05;-0.00138615;1.00649;-0.00410096;-0.00128063;0.998538;0.024508;0.981607;1;3;1
1250.53;1434.06;-0.208263;2.16307;0.00293811;-3.54439e-05;-0.000127701;0.00294358;-4.0918e-05;0.995655;0.00352095;0.00848903;0.99881;0.0273684;0.986334;1;3;1
1273.53;1434.06;-0.136604;2.09755;0.00312454;0.000475048;0.000304977;0.00315919;0.000440396;1.00566;0.011439;-0.00096508;0.999186;0.03292;0.975383;1;4;1
31.5305;1411.06;-0.733458;3.78491;0.00719913;-0.00156916;-0.000808152;0.00727299;-0.00164302;1.00995;-0.00117202;0.00247048;0.99995;0.0246799;0.985522;1;3;1
54.5305;1411.06;-0.568476;3.76761;0.00443147;-0.00261146;-3.76562e-05;0.00443167;-0.00261166;1.01001;4.5105e-05;0.00177795;1.00382;0.0261018;0.985367;1;3;1
77.5306;1411.06;-0.53006;3.78922;-0.000538242;-0.00308562;0.000844397;-0.000283765;-0.00334009;1.00199;0.000827805;-0.00289136;0.999698;0.0215122;0.989508;1;3;1
100.531;1411.06;-0.593242;3.77211;-0.000441743;-0.00106234;-0.00107013;0.000362173;-0.00186625;1.0015;0.0024332;0.00511154;1.00393;0.0207999;0.992103;1;3;1
123.531;1411.06;-0.550455;3.70874;0.00158695;-0.000824941;-0.000603389;0.00172948;-0.00096747;0.996908;0.00274718;-0.00235738;1.00133;0.0200937;0.990205;1;3;1
146.531;1411.06;-0.520313;3.73794;-0.000163865;-0.00246687;-0.000485524;-6.56913e-05;-0.00256504;1.00095;-0.000502781;0.00264453;0.99625;0.0248657;0.984672;1;3;1
169.531;1411.06;-0.557998;3.6879;0.000281699;-0.0013452;-0.000842635;0.000639461;-0.00170296;0.999048;0.00530822;-0.000512091;1.00216;0.0260447;0.982159;1;3;1
192.531;1411.06;-0.507377;3.69499;0.00230298;-0.00114378;0.000234341;0.00231884;-0.00115964;1.00696;0.00111071;0.00431665;0.999274;0.0225809;0.98772;1;3;1
215.531;1411.06;-0.452224;3.6264;0.000825281;-0.00148724;-0.000446014;0.000908322;-0.00157028;0.999562;0.00287504;0.00223158;0.998264;0.0180392;0.99316;1;3;1
238.531;1411.06;-0.469443;3.65963;0.00113594;-0.00264768;0.000247802;0.0011521;-0.00266384;0.998276;-0.00460881;-0.00249537;0.994886;0.0254432;0.984745;1;3;1
261.531;1411.06;-0.400006;3.60435;0.000759109;-0.00159697;-0.000120443;0.00076525;-0.00160311;0.996758;-0.00454319;-0.000562332;1.00031;0.0265561;0.983932;1;3;1
284.531;1411.06;-0.43457;3.60428;-0.000136722;-0.00175289;-0.00116573;0.000473617;-0.00236323;0.995381;0.00132496;0.00425578;0.998756;0.0235938;0.987649;1;3;1
307.531;1411.06;-0.406438;3.48997;0.0018758;-0.00144965;-0.000699499;0.00201695;-0.0015908;1.00781;0.00207284;-0.0023022;0.999266;0.0240807;0.98806;1;3;1
330.531;1411.06;-0.348424;3.52987;0.00106589;-0.00183455;-0.00012172;0.00107099;-0.00183965;1.00109;-0.00217909;0.00219772;0.997083;0.0215476;0.987704;1;3;1
353.531;1411.06;-0.357433;3.49302;0.000115318;-0.000958176;-0.000662111;0.000430914;-0.00127377;0.995085;-0.00819941;0.00026277;1.00394;0.0286773;0.97621;1;4;1
376.531;1411.06;-0.34325;3.4207;0.00125376;-0.0022416;-0.0018237;0.002032;-0.00301984;1.00743;-0.00317328;0.00322473;1.00176;0.0240632;0.985253;1;3;1
399.531;1411.06;-0.29997;3.36625;0.00277165;-0.00205368;0.000585861;0.00284176;-0.0021238;1.00007;-0.00563277;0.00166837;0.99748;0.0197717;0.990779;1;3;1
422.531;1411.06;-0.215972;3.35881;0.0021907;-0.00229984;0.000520514;0.00225025;-0.00235938;1.00092;-0.00022227;0.000943537;0.998513;0.020934;0.989405;1;3;1
445.531;1411.06;-0.199319;3.33398;-0.000645224;0.000648829;-0.00130036;0.00145425;-0.00145064;1.00178;0.00116009;0.00011169;0.99976;0.0218594;0.985494;1;2;1
468.531;1411.06;-0.245769;3.25923;0.000653218;-0.0014152;0.000442718;0.000743992;-0.00150597;0.99995;-0.00226203;0.00843199;1.00111;0.0202551;0.989128;1;4;1
491.531;1411.06;-0.169281;3.33702;0.00151862;-0.00187323;0.000116762;0.00152263;-0.00187724;1.00223;0.00486431;-0.00938074;1.00328;0.0209834;0.987194;1;3;1
514.531;1411.06;-0.175996;3.31207;-0.000841851;-0.00216926;-0.00131024;-3.68025e-05;-0.0029743;0.994967;0.000183572;0.00572714;1.00224;0.0210618;0.984867;1;3;1
537.531;1411.06;-0.208179;3.21704;0.00124673;-0.00155601;-0.00123005;0.00170999;-0.00201928;0.996547;-0.00316771;0.000241543;0.999419;0.0196813;0.985192;1;3;1
560.531;1411.06;-0.118842;3.19065;0.00160202;-0.00257063;-0.00148454;0.00207628;-0.00304489;1.00659;-0.00157372;0.00374165;0.998398;0.0180528;0.991409;1;3;1
583.531;1411.06;-0.13476;3.07636;-0.00187593;-0.00319475;0.000706735;-0.00156875;-0.00350193;0.99895;-0.000670801;0.00141542;1.00026;0.0193408;0.99267;1;3;1
606.531;1411.06;-0.205244;3.14006;0.00180547;-0.00258534;0.000824514;0.0019552;-0.00273506;0.998268;0.000211412;-0.00376532;0.998862;0.0232802;0.9837;1;3;1
629.531;1411.06;-0.0518162;3.02102;0.00295947;-0.00154413;0.000297314;0.00297901;-0.00156368;0.999461;-0.000556978;0.00123534;0.998893;0.0247526;0.983561;1;3;1
652.531;1411.06;-0.0693795;3.0597;-0.00117656;0.000150712;-0.000865039;0.000577354;-0.0016032;0.999303;0.00378622;0.000814879;1.00227;0.0252106;0.972284;1;4;1
675.531;1411.06;-0.105988;2.97997;-0.000637841;0.000981171;-0.0011767;0.00159992;-0.00125659;0.995955;0.00173407;0.00468711;1.00083;0.0235736;0.98418;1;3;1
698.531;1411.06;-0.0988285;2.96429;0.00229883;-0.000434337;-0.000772678;0.00250214;-0.000637652;1.00268;0.0026615;-0.00138233;1.00037;0.0214928;0.989977;1;4;1
721.531;1411.06;-0.000376;2.94575;-0.000394283;-0.000737133;0.000195084;-0.000306008;-0.000825408;0.998162;0.000886914;-0.00015447;1.00224;0.0222236;0.985237;1;4;1
744.531;1411.06;-0.11697;2.95719;-0.00159486;-0.00086254;-0.00123899;6.32575e-05;-0.00252066;0.996604;0.00177487;0.00562576;0.998706;0.0233221;0.984833;1;3;1
767.531;1411.06;-0.0738815;2.85833;0.00183005;-0.00229233;-0.00186607;0.00254928;-0.00301156;1.00155;0.00222568;0.00327091;0.99534;0.0211288;0.986291;1;3;1
790.531;1411.06;-0.0331571;2.79291;0.00156694;-0.00161483;-0.000895184;0.0018015;-0.0018494;1.00301;0.001306;0.00411645;0.997043;0.0221424;0.986743;1;3;1
813.531;1411.06;-0.00207327;2.71778;-0.000160618;-0.00185722;-0.00151248;0.000725212;-0.00274305;0.998882;-0.00373399;0.00112587;0.99601;0.0203823;0.992601;1;4;1
836.531;1411.06;-0.0406723;2.68518;-0.00183748;-0.000991853;-0.000420911;-0.000818061;-0.00201127;1.00062;-0.00333221;-0.000438089;1.00149;0.0227688;0.983124;1;3;1
859.531;1411.06;-0.0867087;2.66219;-0.00129374;-0.00179328;0.0023795;0.000849065;-0.00393608;1.00151;-0.00616111;-0.00311525;0.995379;0.0230366;0.985653;1;4;1
882.531;1411.06;-0.100233;2.71602;0.00100321;0.00120842;0.000941039;0.00205243;0.000159198;0.99641;-0.0063086;-0.00182174;1.00653;0.0246076;0.981168;1;4;1
905.531;1411.06;-0.0405878;2.68038;0.000473415;-0.00143638;-0.00271837;0.00239973;-0.00336269;1.00069;0.000931551;0.00729418;1.00055;0.0222476;0.986503;1;3;1
928.531;1411.06;-0.0787259;2.55992;-0.000248714;-0.000702821;-0.000241345;-0.000144406;-0.000807129;0.997024;0.000898628;0.00141194;1.00254;0.0216892;0.990327;1;3;1
951.531;1411.06;-0.0521402;2.57972;-0.0010893;0.00102449;0.00077423;0.00127773;-0.00134254;0.996054;-0.010021;-0.0036891;1.00572;0.0277223;0.967659;1;4;1
974.531;1411.06;-0.128907;2.49498;-0.000949084;-0.00107022;-0.000743957;-0.000263233;-0.00175607;1.00335;-0.0027025;0.0150006;0.995376;0.0268304;0.98224;1;4;1
997.531;1411.06;-0.0959807;2.45774;0.00204431;-0.00135755;-0.000844534;0.00224244;-0.00155567;1.01058;0.0114697;-0.00345164;1.00123;0.0294076;0.980348;1;3;1
1020.53;1411.06;-0.034984;2.45268;6.64047e-07;0.000128598;0.000463714;0.000532737;-0.000403474;0.988147;-0.000767985;0.00141853;1.00072;0.0277384;0.982201;1;3;1
1043.53;1411.06;-0.0959608;2.48907;-0.000853136;-0.00104786;-0.000639038;-0.000304086;-0.00159691;1.00421;0.0023559;-0.00108555;1.00046;0.0271407;0.976512;1;3;1
1066.53;1411.06;-0.0742649;2.40989;-0.00121731;-0.000270172;-4.28157e-05;-0.00026824;-0.00121924;0.995207;0.00432682;0.00132552;0.998253;0.0273179;0.983418;1;3;1
1089.53;1411.06;-0.152075;2.40124;-0.00170146;-0.00057372;-0.00144488;0.00041342;-0.0026886;0.993209;-0.000525986;-0.000931767;0.99778;0.027521;0.975032;1;4;1
1112.53;1411.06;-0.152625;2.36015;-0.000432643;-0.000825086;-0.000666824;6.62309e-05;-0.00132396;0.996022;-0.000992974;0.00331318;0.99644;0.0258336;0.977569;1;4;1
1135.53;1411.06;-0.171989;2.37389;2.33408e-05;-0.000338044;-0.00211338;0.00196374;-0.00227845;1.00403;0.00346439;-0.000736082;0.999044;0.0278586;0.975915;1;3;1
1158.53;1411.06;-0.15157;2.31941;-0.000234212;0.000372883;0.000106155;0.00039091;-0.000252239;0.992526;-0.00250569;0.00742044;1.00259;0.0211457;0.988447;1;3;1
1181.53;1411.06;-0.182854;2.28294;-0.00122577;0.00153061;0.00237253;0.0028962;-0.00259136;0.999869;-0.00561941;-0.00312834;1.00298;0.02346;0.983351;1;4;1
1204.53;1411.06;-0.20799;2.3162;-0.00209221;0.000713703;0.00075392;0.000903444;-0.00228195;0.999885;0.00317125;0.00305787;1.00181;0.0279689;0.977146;1;3;1
1227.53;1411.06;-0.279236;2.22266;-0.000290635;-0.000778807;-0.00120321;0.000692997;-0.00176244;0.999725;0.00195794;-0.00117839;0.999352;0.027036;0.985519;1;3;1
1250.53;1411.06;-0.221661;2.1502;-0.00173433;0.000870066;0.000519098;0.000969718;-0.00183398;0.996554;-0.00678431;0.00782802;1.00501;0.0244961;0.985238;1;3;1
1273.53;1411.06;-0.359214;2.1135;-0.00596143;-0.000105667;0.00154288;0.000275977;-0.00634308;0.998552;-0.00766228;-0.00749858;0.992803;0.0339769;0.968205;1;3;1
31.5305;1388.06;-0.7472;3.79321;0.00509629;-0.00116417;0.00251307;0.00598027;-0.00204815;1.00326;-3.69e-05;-0.00205937;0.997112;0.0223534;0.989201;1;3;1
54.5305;1388.06;-0.630391;3.86419;0.00295986;-0.00223462;0.00268789;0.00410033;-0.00337508;1.00555;-0.00475356;-0.00360598;0.993295;0.0226295;0.988023;1;3;1
77.5306;1388.06;-0.611373;3.90077;0.00168785;-0.00141116;0.00054786;0.00178186;-0.00150516;1.00318;-0.00256285;0.00513846;0.996216;0.0247902;0.983272;1;3;1
100.531;1388.06;-0.552924;3.76435;0.00124464;-0.00133861;-0.00152476;0.00195131;-0.00204528;1.00023;-0.00117541;0.00416714;0.992946;0.0198479;0.989988;1;3;1
123.531;1388.06;-0.55446;3.733;0.000643923;-0.00267441;0.000644724;0.000764785;-0.00279527;0.996909;-0.00403916;-0.00255752;0.992736;0.0203007;0.993229;1;3;1
146.531;1388.06;-0.523313;3.76027;0.00110496;-0.00161476;-4.99205e-05;0.00110588;-0.00161568;1.00316;9.72653e-05;0.000753243;0.998909;0.0224676;0.990138;1;3;1
169.531;1388.06;-0.503662;3.71847;0.000284818;-0.00240126;-0.00065966;0.000438076;-0.00255452;1.00301;-0.00425149;0.00379883;0.992649;0.0226978;0.985108;1;3;1
192.531;1388.06;-0.510242;3.709;0.000759211;-0.000134829;0.000319576;0.000861696;-0.000237314;1.00336;-0.00437415;0.000683333;0.994016;0.0224329;0.985525;1;2;1
215.531;1388.06;-0.468754;3.70327;0.000443388;-0.00208049;0.000592792;0.000575684;-0.00221279;0.994235;-0.00357854;0.000906218;0.996061;0.0238213;0.988967;1;3;1
238.531;1388.06;-0.489852;3.69782;-0.000260968;-0.000379847;-0.000952099;0.000633545;-0.00127436;1.00373;0.00128376;0.0031354;0.996131;0.0231014;0.986056;1;3;1
261.531;1388.06;-0.480805;3.63918;0.000842974;-0.00127285;-0.00121889;0.00139902;-0.00182889;1.00127;-0.000512082;0.00229472;0.992462;0.022615;0.990352;1;3;1
284.531;1388.06;-0.451268;3.5701;0.00135503;-0.000362313;-0.00155578;0.00227337;-0.00128065;0.999219;0.00112489;0.00628075;0.996178;0.0212391;0.988021;1;3;1
307.531;1388.06;-0.418762;3.48873;0.00220159;-0.0025848;-0.000669488;0.00229346;-0.00267668;1.00913;0.000707185;-1.80661e-05;0.994098;0.0217713;0.988638;1;3;1
330.531;1388.06;-0.350112;3.54807;0.00140463;-0.000967848;0.000779725;0.00163795;-0.00120116;0.997313;0.000394416;-0.00507923;1.00019;0.0180937;0.991049;1;3;1
353.531;1388.06;-0.354199;3.51046;0.00112976;0.000105823;-0.00122635;0.00194671;-0.000711135;1.00392;0.00331991;0.00987653;0.998356;0.0236437;0.989192;1;3;1
376.531;1388.06;-0.298286;3.44588;0.000958597;-0.00271672;-0.00229443;0.00206057;-0.00381869;1.00082;0.00708765;-0.000929076;0.993742;0.0225411;0.989408;1;3;1
399.531;1388.06;-0.310233;3.41059;5.94656e-05;-0.00402412;0.000291829;8.02154e-05;-0.00404487;0.999102;0.00269866;0.000962512;0.996834;0.0212644;0.98974;1;3;1
422.531;1388.06;-0.295552;3.43267;0.00112102;-0.000896081;-0.000900706;0.00146467;-0.00123973;1.00394;-0.00490075;0.00512983;0.997344;0.0209183;0.988632;1;3;1
445.531;1388.06;-0.258783;3.32032;0.00119757;-0.000598099;-0.000497079;0.00132598;-0.000726517;1.00185;-0.00457979;-0.000360979;1.00173;0.0228024;0.989095;1;3;1
468.531;1388.06;-0.240624;3.32477;0.00255111;-0.00105685;-0.000921216;0.00277271;-0.00127845;0.996989;0.0039601;0.000885466;0.999485;0.0173252;0.991686;1;3;1
491.531;1388.06;-0.141582;3.31366;0.00069456;0.00092024;-0.000590839;0.00140892;0.000205882;1.00538;0.00260789;0.00102761;1.00235;0.02432;0.990738;1;3;1
514.531;1388.06;-0.208709;3.27812;-0.00136409;0.000725396;-0.000442928;0.00081541;-0.0014541;0.993342;0.00255815;-0.00148102;0.997162;0.0208534;0.992888;1;3;1
537.531;1388.06;-0.204425;3.24425;0.00143867;-0.00091738;-0.00105879;0.00184456;-0.00132327;1.00491;0.00316672;0.00319213;0.9992;0.0258346;0.978894;1;3;1
560.531;1388.06;-0.142579;3.26591;0.000659302;-0.000243815;-0.000758684;0.00109064;-0.000675153;0.997096;-0.00526487;0.0021862;1.00207;0.0219989;0.984879;1;4;1
583.531;1388.06;-0.174196;3.15398;-0.0029382;-0.00125863;-0.00154385;-0.00034094;-0.00385589;1.00343;-0.00124113;0.00532914;0.997658;0.0222768;0.987397;1;3;1
606.531;1388.06;-0.278025;3.17506;-0.000761366;-0.000576408;-0.00118488;0.000519593;-0.00185737;0.990431;0.00383215;-0.00296125;0.994717;0.0230791;0.987913;1;3;1
629.531;1388.06;-0.209252;3.11176;0.00326874;-0.00371557;-0.00116251;0.00345716;-0.00390398;1.00303;-0.00602113;-0.000505467;0.990718;0.0278262;0.985611;1;4;1
652.531;1388.06;-0.12834;2.97549;0.00204078;-8.88446e-05;-0.00108102;0.00249334;-0.000541411;0.999356;-0.0045951;0.00726571;0.998595;0.0254229;0.973007;1;4;1
675.531;1388.06;-0.115883;2.91695;0.00154259;-0.00214137;-0.000176325;0.00155101;-0.00214979;0.998406;-0.00417302;0.00528581;1.00535;0.027692;0.983773;1;4;1
698.531;1388.06;-0.0574371;2.98888;0.000808614;-0.00115523;0.000299732;0.000853342;-0.00119996;1.00679;0.000170709;-0.00977176;1.00166;0.0274131;0.972871;1;4;1
721.531;1388.06;-0.0787023;2.9102;0.000315902;-0.000437127;0.000113137;0.000332533;-0.000453758;0.996411;-0.0028212;0.00259854;1.0016;0.0235456;0.989568;1;3;1
744.531;1388.06;-0.0429561;2.92227;0.000202996;0.00051728;-0.000723271;0.00110028;-0.000380007;1.00534;0.00194448;-0.00321983;1.00317;0.0235249;0.985006;1;3;1
767.531;1388.06;-0.069366;2.9026;-0.00119391;-0.000796934;-0.00136368;0.000382628;-0.00237347;0.998663;-0.00176756;0.000186789;0.999573;0.0240662;0.985337;1;3;1
790.531;1388.06;-0.0979896;2.83612;0.00113137;-0.00128462;-0.0015594;0.00189594;-0.00204918;0.999574;-0.00226468;0.00719518;0.997533;0.0227612;0.986818;1;3;1
813.531;1388.06;-0.0175622;2.76355;0.000546447;-0.00190203;-0.00112486;0.000984755;-0.00234034;1.00699;0.00437074;0.00704857;0.998316;0.0295667;0.983371;1;3;1
836.531;1388.06;-0.0729942;2.72496;-0.00392174;-0.0015862;-9.10989e-05;-0.00158265;-0.00392529;0.995437;-0.00228964;0.0006737;0.995139;0.0208497;0.988076;1;3;1
859.531;1388.06;-0.198318;2.76614;-0.00155236;-0.00234203;-0.00200893;0.000100172;-0.00399456;0.991112;-0.00104969;-0.00487655;1.00016;0.0203126;0.988638;1;4;1
882.531;1388.06;-0.144525;2.64683;0.00370263;-0.000281916;-0.000206239;0.00371327;-0.000292562;1.00784;0.0003884;0.00211965;0.999263;0.0278272;0.971675;1;3;1
905.531;1388.06;-0.0283495;2.70642;0.000633651;-9.86069e-05;0.000291504;0.000735523;-0.000200479;0.99479;-0.0104246;-6.32068e-05;0.99311;0.0275549;0.975503;1;4;1
928.531;1388.06;-0.115406;2.60445;-0.00347554;-0.00221189;-0.00167007;-0.00105812;-0.00462931;0.996282;-0.00497745;0.00834675;0.996643;0.0296196;0.969037;1;3;1
951.531;1388.06;-0.18912;2.46862;-0.000613341;-0.000714274;-0.000815149;0.000152902;-0.00148052;1.00165;0.00121546;-0.00487475;0.999213;0.0258299;0.970413;1;3;1
974.531;1388.06;-0.143693;2.52708;0.00112505;-0.00313367;0.000912388;0.00131229;-0.00332091;1.00556;0.00161801;0.00249064;0.998366;0.021841;0.987518;1;3;1
997.531;1388.06;-0.137442;2.533;0.000847808;-0.00268115;-0.000848837;0.00104137;-0.0028747;0.993822;-0.000436311;0.00136139;0.998485;0.0245167;0.979418;1;4;1
1020.53;1388.06;-0.104748;2.46859;0.00109315;-0.00160216;-0.000107049;0.00109739;-0.0016064;0.99407;0.000738925;0.000353973;0.996258;0.0271599;0.97561;1;4;1
1043.53;1388.06;-0.0872432;2.45966;-0.00188549;-0.000666925;-0.000884151;-0.000202452;-0.00234996;1.00551;-0.000929961;0.00462581;1.00215;0.0259648;0.979242;1;4;1
1066.53;1388.06;-0.191692;2.35921;0.00166445;-0.000677496;0.001075;0.00208307;-0.00109612;0.99541;-0.0125913;0.000776252;0.996674;0.0296357;0.971693;1;3;1
1089.53;1388.06;-0.0109206;2.33143;0.00175743;0.000748498;-0.000212095;0.00180021;0.000705726;1.0024;0.00577184;0.0047381;0.997123;0.0262547;0.977823;1;3;1
1112.53;1388.06;-0.110928;2.33346;-0.0018614;-0.000465788;0.000211335;-0.000434488;-0.0018927;0.999211;0.00397786;-0.00289934;1.00197;0.0241216;0.982856;1;3;1
1135.53;1388.06;-0.0966343;2.36109;-0.00241247;0.000513955;-0.000339557;0.000552837;-0.00245135;1.00608;-0.00211458;0.000261431;1.00385;0.0263314;0.982329;1;3;1
1158.53;1388.06;-0.22205;2.29784;-0.00564789;0.000400347;-0.0021479;0.00108551;-0.00633305;0.97521;-0.00244429;0.00803364;0.998971;0.0288783;0.976141;1;3;1
1181.53;1388.06;-0.357528;2.18139;-0.0022169;0.000449111;-0.000181938;0.00046147;-0.00222926;1.01193;-0.00494798;0.000232671;0.998139;0.0305323;0.968702;1;4;1
1204.53;1388.06;-0.324184;2.23459;0.000670808;0.000911538;0.000198613;0.00102341;0.000558934;1.00508;0.00085832;-0.00114422;0.997522;0.0260128;0.984135;1;4;1
1227.53;1388.06;-0.326687;2.20485;-0.000895901;-0.000199144;-0.000769614;0.000297269;-0.00139231;0.996327;-0.00600829;0.00114443;0.998975;0.0203094;0.988132;1;3;1
1250.53;1388.06;-0.365549;2.12333;-0.000574582;-0.00176808;0.000382628;-0.000462449;-0.00188022;0.993004;-0.00401218;0.00621107;0.995958;0.0241742;0.984997;1;3;1
1273.53;1388.06;-0.353239;2.10292;0.000535768;-0.00112456;-0.000296864;0.000587251;-0.00117604;1.00444;-0.000670366;-0.00450684;1.00264;0.0286951;0.984643;1;4;1
31.5305;1365.06;-0.822414;3.83858;0.00498647;-0.00115658;0.00119245;0.00520983;-0.00137993;1.00233;-0.00270515;1.68205e-05;0.997421;0.0235461;0.98968;1;3;1
54.5305;1365.06;-0.708032;3.87073;0.00310271;0.00030354;0.00174268;0.00393825;-0.000532001;1.0039;-0.00414486;-8.94272e-05;1.00081;0.0203342;0.988495;1;3;1
77.5306;1365.06;-0.679913;3.85442;0.00190558;0.000718252;-5.48721e-05;0.00190811;0.000715722;0.999992;0.000110635;-0.00319538;1.00323;0.0200059;0.991004;1;3;1
100.531;1365.06;-0.620474;3.83373;0.00143858;-0.00203152;0.00116576;0.00179384;-0.00238678;1.00536;-0.00218002;-0.00185478;0.999382;0.0222997;0.983802;1;3;1
123.531;1365.06;-0.613791;3.83197;0.0019641;-0.00265696;0.000713446;0.00207174;-0.00276461;0.992121;0.00114922;0.00370645;0.998205;0.0198955;0.991243;1;3;1
146.531;1365.06;-0.530219;3.81228;0.00142145;-0.00105174;7.17953e-05;0.00142353;-0.00105383;1.00602;-0.000652699;-0.00155708;1.00064;0.0188841;0.993666;1;3;1
169.531;1365.06;-0.548463;3.79849;-0.00046912;-0.00201642;-0.000490354;-0.00032681;-0.00215873;0.996778;0.00108266;0.0043385;1.0006;0.019209;0.994901;1;2;1
192.531;1365.06;-0.551937;3.70122;0.000666176;-0.00150156;5.19757e-05;0.000667421;-0.0015028;1.00119;-0.00228976;0.000443718;1.00211;0.0232593;0.987736;1;3;1
215.531;1365.06;-0.517892;3.72224;0.00230759;-0.00149684;0.000519893;0.00237736;-0.0015666;1.00184;-0.00200525;-0.000844011;0.998282;0.0194073;0.992244;1;2;1
238.531;1365.06;-0.445917;3.67711;0.00223117;-0.000268662;-0.000520138;0.00233508;-0.000372568;1.00611;-0.00286192;0.00304144;1.00046;0.0219285;0.987957;1;2;1
261.531;1365.06;-0.415411;3.66294;8.9802e-05;-0.000408916;-0.000757834;0.000638247;-0.000957362;0.995847;-0.00226865;-0.000375048;0.999877;0.020911;0.990881;1;3;1
284.531;1365.06;-0.44182;3.62095;0.00105567;-0.00199141;-0.0010552;0.0013854;-0.00232115;1.00333;-0.000938767;0.00346525;0.997886;0.025225;0.980863;1;3;1
307.531;1365.06;-0.366907;3.60905;0.000945221;-0.00291008;-0.000677501;0.00106081;-0.00302567;0.995159;0.00116393;-0.00121308;0.999442;0.0209175;0.991628;1;3;1
330.531;1365.06;-0.398384;3.57444;0.000440247;-0.000581937;-0.00137847;0.00139932;-0.00154101;1.00329;7.58868e-05;0.000549992;0.99962;0.0168305;0.99398;1;2;1
353.531;1365.06;-0.346819;3.48815;0.00362681;-0.00187629;0.000300652;0.00364319;-0.00189266;1.00444;0.000833139;0.00331039;0.998336;0.0218733;0.986364;1;3;1
376.531;1365.06;-0.231861;3.54598;0.000149832;-0.00174608;0.000679975;0.00036849;-0.00196473;0.998496;-0.00512012;-0.00605958;1.00026;0.021018;0.990015;1;4;1
399.531;1365.06;-0.339971;3.55175;0.000191432;-0.00146859;-0.00215232;0.00166824;-0.0029454;1.00671;-0.000117148;0.00767561;0.995058;0.0255078;0.982182;1;4;1
422.531;1365.06;-0.223287;3.40005;0.00171925;-0.000761972;-0.00263237;0.0033887;-0.00243143;0.99527;0.00151727;-0.000245268;0.998727;0.023214;0.984019;1;3;1
445.531;1365.06;-0.261346;3.36155;0.00120742;-0.00332749;-0.00211636;0.00204163;-0.0041617;1.00595;0.00406162;0.00026798;0.998517;0.0205386;0.990275;1;3;1
468.531;1365.06;-0.167871;3.30794;0.00217125;-0.00214957;-0.000474506;0.00222275;-0.00220106;1.0021;-0.00278703;0.00338497;1.00027;0.021329;0.985826;1;4;1
491.531;1365.06;-0.161625;3.29471;-0.000801061;-0.00147095;-6.37806e-05;-0.000795043;-0.00147697;0.998159;-0.000805925;0.00037797;0.998515;0.0204884;0.98916;1;3;1
514.531;1365.06;-0.204744;3.27873;0.000838312;-0.00143243;-0.000162686;0.000849908;-0.00144403;0.998387;0.00145579;0.00288243;1.00231;0.0216629;0.987046;1;3;1
537.531;1365.06;-0.123092;3.25934;0.00142552;-0.00104382;-0.000901007;0.00171932;-0.00133762;1.00599;-0.00221538;0.00206557;1.00374;0.0243315;0.987393;1;3;1
560.531;1365.06;-0.139281;3.20187;0.00086883;0.000128728;-0.000389822;0.00103627;-3.87148e-05;0.997742;0.00445502;-0.00131979;0.998044;0.0216008;0.991372;1;4;1
583.531;1365.06;-0.0833134;3.13432;1.99143e-05;-0.000513254;-0.000322192;0.000171511;-0.00066485;1.00613;-0.00225477;0.00208769;0.995662;0.0201304;0.988424;1;4;1
606.531;1365.06;-0.138379;3.16663;-0.0013045;-0.000456948;-0.000608578;-0.000139136;-0.00162231;0.997105;0.00316102;0.000509549;1.00436;0.0220376;0.990085;1;3;1
629.531;1365.06;-0.143396;3.19235;-0.000565721;-0.00170344;-0.00162624;0.000588278;-0.00285744;1.00146;0.00612504;-0.00245781;1.00082;0.0240223;0.978618;1;3;1
652.531;1365.06;-0.164524;3.06389;0.0014596;-0.00339245;-0.00118374;0.00173299;-0.00366584;0.996036;-0.00130427;0.00948886;0.995074;0.0286172;0.983892;1;3;1
675.531;1365.06;-0.0764442;3.07859;0.000683376;-0.004113;0.000141712;0.000687559;-0.00411719;1.00686;-0.00183084;-0.00565401;0.99193;0.0225988;0.985241;1;3;1
698.531;1365.06;-0.133123;3.01747;-1.64652e-05;-0.00141034;-0.000363118;7.24578e-05;-0.00149926;0.995894;-0.0100783;0.00565381;0.997316;0.0201822;0.98899;1;3;1
721.531;1365.06;-0.0773396;2.96593;0.00163522;-0.00223218;-0.000593092;0.00172413;-0.0023211;1.00552;-0.00212779;0.00104866;0.999453;0.0218118;0.988474;1;3;1
744.531;1365.06;-0.0580409;2.93344;0.00093386;-0.00182736;-0.000238257;0.000954268;-0.00184776;1.002;-0.00466268;0.00126554;0.999968;0.0235942;0.988581;1;3;1
767.531;1365.06;-0.0344567;2.89502;0.000642428;-0.00138321;-0.000357589;0.0007037;-0.00144448;1.00246;-0.00186215;0.00470483;0.995796;0.0280197;0.97658;1;3;1
790.531;1365.06;-0.0285707;2.85204;0.00054383;-0.0011121;-0.00134773;0.0012976;-0.00186587;0.999188;0.00263692;-0.00118047;0.999464;0.0260747;0.984166;1;4;1
813.531;1365.06;-0.00953467;2.80535;-2.16146e-05;-0.00207482;-9.81602e-06;-2.15677e-05;-0.00207486;0.998006;-0.00692638;0.00415159;0.998404;0.0225088;0.987648;1;3;1
836.531;1365.06;-0.0296607;2.7582;0.000649861;-0.00346417;-0.000171955;0.000657036;-0.00347135;1.00338;0.00161257;0.00493332;0.995801;0.0230514;0.982077;1;3;1
859.531;1365.06;0.0203358;2.77017;-0.00241313;0.000634865;-0.00137056;0.0011605;-0.00293877;0.996177;0.0123489;-0.00221666;0.997596;0.0240916;0.98716;1;4;1
882.531;1365.06;-0.140808;2.72901;-0.00282207;-0.00435735;-0.00178889;-0.00164306;-0.00553635;1.00324;-0.00374769;0.00524049;0.990484;0.0243308;0.977816;1;4;1
905.531;1365.06;-0.109742;2.68497;-0.000473705;-0.00115325;0.000394413;-0.000292895;-0.00133406;0.995338;0.00503043;-0.00277831;0.997823;0.0289721;0.972715;1;4;1
928.531;1365.06;-0.162653;2.66185;0.00120378;-0.0023518;-0.000683496;0.00133064;-0.00247867;1.00389;-0.00411696;0.00390665;0.998958;0.0290441;0.965404;1;4;1
951.531;1365.06;-0.0544585;2.61259;0.000304789;-0.00370527;-0.00151087;0.00081031;-0.00421079;0.994395;0.0104402;0.00258353;0.994253;0.0276644;0.973718;1;4;1
974.531;1365.06;-0.14864;2.63936;-0.000473172;-0.00239144;-0.00112256;4.42069e-05;-0.00290881;1.00578;-0.0016903;0.0012168;0.993123;0.029856;0.973787;1;4;1
997.531;1365.06;-0.0762402;2.58125;0.00109815;-0.00186641;-0.00126512;0.00156464;-0.00233289;1.00261;-0.00166938;0.00291231;0.996664;0.0197888;0.988822;1;3;1
1020.53;1365.06;-0.0982915;2.52649;-0.00103631;0.000340639;-0.000923245;0.000803851;-0.00149952;0.997073;0.000544452;-0.00101006;1.00031;0.023582;0.986703;1;3;1
1043.53;1365.06;-0.123976;2.51977;-0.00439382;-0.000740776;-0.000232245;-0.00072607;-0.00440853;0.994658;-0.00148753;0.00630159;0.995708;0.0258952;0.98064;1;4;1
1066.53;1365.06;-0.300932;2.44163;-0.000740938;-0.00323371;-0.00112802;-0.000306278;-0.00366837;1.00296;0.00229929;-0.00042579;0.999298;0.0274188;0.981935;1;4;1
1089.53;1365.06;-0.158326;2.36683;0.0034532;-0.00203703;0.00172158;0.00394838;-0.0025322;1.00264;-0.0110557;0.00366909;1.00579;0.0269288;0.983141;1;3;1
1112.53;1365.06;-0.142397;2.38158;-0.000392634;-0.0011905;0.00052842;-0.000129468;-0.00145367;0.996924;0.00168952;0.00145618;0.997521;0.0271051;0.975575;1;4;1
1135.53;1365.06;-0.176394;2.35026;0.000191904;-0.00204357;0.000495626;0.000296861;-0.00214853;0.996401;0.00430653;0.00298653;0.997761;0.0248214;0.98141;1;4;1
1158.53;1365.06;-0.133641;2.301;-0.00115196;-0.00167855;-0.000336595;-0.000987916;-0.0018426;1.0018;-0.000100368;0.00227924;1.00036;0.0297004;0.974199;1;3;1
1181.53;1365.06;-0.229499;2.26231;-0.0015018;-0.00252739;-0.00164936;-0.000287361;-0.00374183;0.997932;0.0120591;-0.00101425;0.997711;0.0256978;0.983197;1;4;1
1204.53;1365.06;-0.202783;2.27428;-0.00195885;-0.000888819;-0.00101945;-0.000272524;-0.00257515;0.999614;0.00640685;-0.000936828;1.00024;0.0322494;0.969739;1;3;1
1227.53;1365.06;-0.319705;2.23184;-0.00338303;-0.000609448;-0.000367005;-0.000561707;-0.00343077;0.992011;0.00151454;0.000951619;1.00093;0.0223545;0.989954;1;3;1
1250.53;1365.06;-0.358686;2.23181;-0.00114963;-0.00323871;-0.0010354;-0.000723409;-0.00366493;0.999838;-0.000375087;-0.00186576;1.00061;0.0312322;0.973263;1;3;1
1273.53;1365.06;-0.372666;2.16526;-0.000603455;-0.00305143;-0.00117895;-0.000128011;-0.00352687;0.990472;-0.0044825;0.0132452;0.997718;0.0269877;0.984923;1;4;1
31.5305;1342.06;-0.792458;3.84647;0.00078445;-0.00162394;0.000811082;0.00103213;-0.00187162;1.00426;-0.00392259;0.00122601;1.00013;0.0229685;0.990213;1;3;1
54.5305;1342.06;-0.774423;3.85046;0.00324819;0.000328074;0.000167169;0.00325773;0.000318535;1.00405;-0.00441572;0.00155519;0.998216;0.0252137;0.985107;1;3;1
77.5306;1342.06;-0.643288;3.86775;0.00200265;0.000537874;0.000248021;0.00204351;0.000497018;0.999057;0.000302231;0.000871236;1.00121;0.0226573;0.991485;1;4;1
100.531;1342.06;-0.682393;3.85807;4.28353e-05;-0.000641223;0.000710686;0.000489514;-0.0010879;1.00221;-0.00823154;-0.00404764;0.999102;0.0192017;0.991192;1;3;1
123.531;1342.06;-0.641319;3.85547;0.00259271;-0.000272546;0.000577126;0.00270459;-0.000384424;0.997624;-0.00317299;0.00313567;0.999003;0.0221633;0.99369;1;3;1
146.531;1342.06;-0.563309;3.8087;0.00156462;-0.0016856;0.000169163;0.0015734;-0.00169438;1.00267;0.000522111;0.00026891;1.00021;0.020374;0.994153;1;3;1
169.531;1342.06;-0.569424;3.81137;-0.000603752;-0.000597311;-0.000598076;-2.44642e-06;-0.00119862;0.998056;0.00519796;0.00144769;1.00108;0.0197168;0.990814;1;3;1
192.531;1342.06;-0.5911;3.77819;0.000629636;-0.00190531;-0.00031507;0.000668209;-0.00194389;1.00444;0.00366532;0.00148554;0.997099;0.022304;0.990439;1;3;1
215.531;1342.06;-0.540486;3.77224;0.00195608;-0.000617799;-0.000423713;0.00202404;-0.000685757;0.996931;0.00440241;-0.000141294;0.999399;0.0203811;0.990718;1;3;1
238.531;1342.06;-0.501259;3.71018;0.00159689;-0.000850891;-0.000770937;0.00181947;-0.00107346;1.00451;-0.000940068;0.00309818;0.999366;0.0234983;0.992443;1;2;1
261.531;1342.06;-0.467229;3.65799;0.00202939;-0.00069553;-0.000952685;0.00232943;-0.000995569;1.00479;-0.00105438;-0.00227462;1.00189;0.0215123;0.990487;1;3;1
284.531;1342.06;-0.408026;3.66182;0.00140156;-0.00137966;-0.00215024;0.00257167;-0.00254978;1.00481;0.00150446;0.000927382;1.00117;0.0210821;0.988787;1;3;1
307.531;1342.06;-0.402816;3.62279;0.00139199;-0.000306357;-0.00147961;0.00224879;-0.00116315;0.992461;0.00197156;0.00324416;1.00016;0.0221269;0.991806;1;3;1
330.531;1342.06;-0.344121;3.57484;-0.000157463;-0.000621547;-0.00074687;0.00039258;-0.00117159;1.00544;0.00530424;0.00246417;1.00017;0.0200823;0.989888;1;3;1
353.531;1342.06;-0.410067;3.59688;0.00101772;-0.00262408;-0.000301705;0.00104255;-0.00264891;0.998238;-0.000107727;-0.00092562;0.993927;0.0200335;0.988869;1;3;1
376.531;1342.06;-0.297356;3.52627;0.00331578;-0.000392467;-0.000990188;0.00356362;-0.000640306;1.00578;0.00480804;0.00453194;0.997338;0.0203159;0.989651;1;3;1
399.531;1342.06;-0.257946;3.47823;0.00117179;-1.91794e-05;-0.000960351;0.00170629;-0.000553685;0.997397;0.0001743;-0.00187677;1.00251;0.0243316;0.98479;1;4;1
422.531;1342.06;-0.243522;3.46777;0.00221859;-0.00152253;0.000210484;0.0022304;-0.00153434;1.00771;-0.000735752;0.001187;0.997965;0.0223226;0.987603;1;4;1
445.531;1342.06;-0.156004;3.47376;-0.000436139;-0.00196395;-0.000510231;-0.000281411;-0.00211868;0.989786;0.00999869;0.00462089;0.996499;0.0241668;0.989889;1;3;1
468.531;1342.06;-0.26361;3.42377;-0.000191351;-0.00175908;-0.000248196;-0.000152996;-0.00179744;1.00189;0.000318494;0.00219686;1.00272;0.0263742;0.982228;1;4;1
491.531;1342.06;-0.164899;3.38138;0.000753239;-0.0014612;-0.00017327;0.000766715;-0.00147467;0.993232;-0.00372578;-0.00219615;0.996508;0.021096;0.986019;1;3;1
514.531;1342.06;-0.229043;3.34407;-0.000724299;-0.000851958;-0.000899122;0.000113256;-0.00168951;1.00414;-0.00146252;0.00577305;0.999269;0.021955;0.988961;1;3;1
537.531;1342.06;-0.198316;3.29229;-5.55306e-05;-0.00159753;-7.17594e-05;-5.21983e-05;-0.00160087;0.996106;0.000479299;-0.00381683;0.996575;0.0226895;0.988209;1;3;1
560.531;1342.06;-0.231674;3.26008;0.000406142;-0.00209733;-0.00100146;0.000757452;-0.00244864;1.0061;-0.00135967;0.00655676;0.997426;0.0241504;0.979091;1;3;1
583.531;1342.06;-0.17978;3.17759;0.00147571;-0.00185556;-0.000110045;0.00147935;-0.00185919;0.998521;0.00453964;0.00158336;0.999105;0.0213146;0.980854;1;3;1
606.531;1342.06;-0.163885;3.19622;0.000382785;-0.00131906;0.00102605;0.000864845;-0.00180112;1.00445;-0.00312086;-0.00129643;0.997876;0.0178461;0.99118;1;3;1
629.531;1342.06;-0.162177;3.19021;0.000676965;0.00249843;-0.000495326;0.00262441;0.000550981;0.998587;-0.00258875;0.000892718;0.999654;0.0222787;0.985434;1;3;1
652.531;1342.06;-0.132801;3.1318;-0.000279307;-0.00143121;-0.00091793;0.000228401;-0.00193891;1.00052;-0.00146767;0.00625087;1.00053;0.0212895;0.98601;1;3;1
675.531;1342.06;-0.175103;3.10658;-7.97923e-05;0.000848543;-0.0015054;0.00195971;-0.00119096;1.00515;-0.000441879;-0.00220495;1.00399;0.0215938;0.988474;1;3;1
698.531;1342.06;-0.136537;3.05387;0.0014633;-0.00186833;-0.00172237;0.00219362;-0.00259866;1.00026;0.00649465;0.00557681;0.999551;0.02168;0.98971;1;3;1
721.531;1342.06;-0.107935;3.013;0.000974175;-0.00188443;0.000399524;0.00102896;-0.00193922;1.002;-0.00303548;-0.00205524;1.00065;0.0227199;0.985923;1;3;1
744.531;1342.06;-0.0917715;3.00643;-0.000212244;-0.000605147;0.00058359;0.000207073;-0.00102446;0.996048;0.00269191;-0.00114858;0.996714;0.0248781;0.986131;1;4;1
767.531;1342.06;-0.117723;2.9663;0.000616362;-0.00284441;0.000767867;0.000779083;-0.00300713;1.00357;-0.00552272;0.00608237;0.998628;0.0283513;0.975078;1;4;1
790.531;1342.06;-0.0635817;2.88732;0.000164013;-0.00163185;-0.000278238;0.000206133;-0.00167397;0.990558;-0.00470938;0.00610563;0.996714;0.0232134;0.983504;1;3;1
813.531;1342.06;-0.110304;2.85918;-0.000622353;-0.00199181;0.0015909;0.000424914;-0.00303907;1.00006;-0.0043825;-0.00209831;0.997203;0.0223768;0.9853;1;3;1
836.531;1342.06;-0.0922189;2.88459;0.000201303;-0.00325782;-0.000444311;0.000257461;-0.00331398;1.00148;-0.00353698;0.00347029;0.995723;0.0243935;0.984091;1;3;1
859.531;1342.06;-0.101207;2.73705;0.000601888;-0.00125375;0.00135409;0.00131553;-0.00196739;1.00093;-0.00431622;0.00506906;1.00134;0.0224418;0.989848;1;3;1
882.531;1342.06;-0.0645552;2.84778;-0.000663895;-0.00226419;-0.000189354;-0.000641795;-0.00228629;1.00294;0.00180447;-0.00907292;0.999798;0.0241012;0.985196;1;4;1
905.531;1342.06;-0.131762;2.75962;-0.00130279;-0.00201541;-0.00101986;-0.000578782;-0.00273941;0.999612;0.00363402;0.00990283;0.997919;0.0324593;0.972674;1;4;1
928.531;1342.06;-0.124721;2.71276;0.00129121;-0.00279058;-0.00221413;0.00226156;-0.00376093;1.00328;0.00657181;-0.00183892;0.996414;0.0256313;0.974714;1;4;1
951.531;1342.06;-0.0725614;2.63952;0.00115572;-0.00225437;-0.000374567;0.00119638;-0.00229503;1.00158;-0.0126436;0.00462621;0.999101;0.0308084;0.964693;1;4;1
974.531;1342.06;-0.0716503;2.63728;-0.00132858;-0.00241139;-0.00135938;-0.000406762;-0.00333321;0.995463;-0.00131254;0.00274881;0.994198;0.026766;0.978741;1;4;1
997.531;1342.06;-0.133721;2.61894;-0.00020135;-0.00343734;-0.0010812;0.000126651;-0.00376534;1.0066;-0.000205422;0.00176185;0.995436;0.0258533;0.97901;1;3;1
1020.53;1342.06;-0.0812828;2.45293;-0.000370807;-0.00297276;-0.000211667;-0.000353701;-0.00298986;0.992373;0.00336167;0.005438;0.996997;0.0269766;0.97603;1;3;1
1043.53;1342.06;-0.150952;2.49379;-0.00345232;-0.00110701;0.00130464;-0.000525474;-0.00403386;0.993596;0.00112999;-0.0030824;1.0028;0.0288771;0.974856;1;4;1
1066.53;1342.06;-0.240398;2.50823;-0.00168293;-0.00145085;-0.0010487;-0.000511792;-0.00262199;1.004;0.00374677;0.00216097;1.0009;0.0302962;0.971036;1;3;1
1089.53;1342.06;-0.228483;2.42574;0.00140178;-0.0035261;-0.000133774;0.00140541;-0.00352973;0.998155;0.000553443;0.00250303;0.995789;0.0314921;0.974988;1;4;1
1112.53;1342.06;-0.176117;2.3883;0.000127638;-0.00174206;0.000811645;0.000430815;-0.00204524;0.996648;-0.00730195;0.00139716;1.00192;0.0264878;0.983275;1;4;1
1135.53;1342.06;-0.222621;2.45537;-0.00223292;-0.00130193;0.00136012;-0.000329856;-0.00320499;0.993762;-0.00560137;-0.00631602;0.998735;0.0300277;0.969214;1;4;1
1158.53;1342.06;-0.278949;2.37515;-0.000203366;-0.00118388;2.26509e-05;-0.000202843;-0.00118441;1.00565;-0.00165528;0.00671778;0.996819;0.0249553;0.985363;1;3;1
1181.53;1342.06;-0.232246;2.29797;0.000398924;-0.00166559;-0.00016836;0.000412563;-0.00167923;1.00493;-0.0110329;0.00117189;1.00027;0.0336674;0.978895;1;4;1
1204.53;1342.06;-0.26071;2.27554;-0.00223893;-0.0022407;0.000572346;-0.00166747;-0.00281216;0.99491;-0.00498014;0.0033106;0.996883;0.025078;0.982143;1;3;1
1227.53;1342.06;-0.335399;2.23289;-0.0016489;-0.00139683;1.83207e-05;-0.00139551;-0.00165023;0.999485;0.00439681;-0.00166693;0.992874;0.0271275;0.982397;1;3;1
1250.53;1342.06;-0.336622;2.27256;-0.000914396;0.000167911;0.000605212;0.000438625;-0.00118511;0.996634;0.00180565;0.00168259;0.994575;0.0256678;0.983902;1;3;1
1273.53;1342.06;-0.377481;2.24351;-0.00177413;-0.00207956;-0.000935415;-0.000979043;-0.00287464;0.997816;-0.000678873;-0.00338511;0.998689;0.0295411;0.984245;1;3;1
31.5305;1319.06;-0.889016;3.91339;0.00816135;-0.00115339;-0.00118638;0.00831008;-0.00130212;1.0056;-0.00570678;0.004109;1.00124;0.0264698;0.983156;1;4;1
54.5305;1319.06;-0.702136;3.85564;0.0042266;-0.00223408;-0.0014656;0.00454353;-0.002551;1.00423;0.00602986;0.00294939;0.998441;0.0199652;0.99188;1;3;1
77.5306;1319.06;-0.695077;3.82969;8.7091e-05;-0.00027494;0.00144668;0.00136404;-0.00155189;1.00218;-0.00035906;-0.0038413;0.996309;0.0187935;0.990443;1;3;1
100.531;1319.06;-0.698131;3.8633;-0.000454388;-0.000551414;0.000394932;-0.000105001;-0.000900801;1.00116;0.00071202;0.000808938;0.998548;0.0188353;0.993671;1;3;1
123.531;1319.06;-0.715986;3.84463;0.00235979;-2.70291e-05;0.000778766;0.0025914;-0.000258647;0.998565;-0.00525657;-0.00120215;1.00102;0.0248012;0.979649;1;3;1
146.531;1319.06;-0.589716;3.88992;0.00418439;-0.00127625;0.000563652;0.00424196;-0.00133382;1.00768;-0.00243911;-0.00417519;0.994065;0.020431;0.990423;1;4;1
169.531;1319.06;-0.523909;3.82598;0.000605132;0.000192854;-0.000980571;0.001401;-0.000603012;1.00537;-0.00470632;0.00431864;0.994148;0.0170454;0.994681;1;3;1
192.531;1319.06;-0.561999;3.78894;-0.0004968;-0.00117339;-0.00118242;0.000394764;-0.00206495;0.994749;-0.00335708;0.00206546;0.994027;0.019884;0.98974;1;2;1
215.531;1319.06;-0.546829;3.75068;0.00158797;-0.00124572;-0.00109519;0.0019619;-0.00161965;1.00315;-0.00446485;0.000351649;0.996081;0.0164672;0.994244;1;3;1
238.531;1319.06;-0.489068;3.71629;0.00371755;-0.00161263;-0.000701611;0.00380836;-0.00170343;1.00004;0.00189946;-0.000277796;0.998551;0.0180143;0.991723;1;3;1
261.531;1319.06;-0.376172;3.69497;0.00456911;-0.0012708;-0.00109256;0.00476682;-0.00146851;1.00711;0.00295078;0.000575141;0.997221;0.0206901;0.989365;1;3;1
284.531;1319.06;-0.279378;3.68474;0.00127106;-0.000918609;-0.00108975;0.00172097;-0.00136852;1.0012;0.00539913;0.0029462;0.99962;0.022348;0.990905;1;3;1
307.531;1319.06;-0.317796;3.62317;-0.0016532;-0.00162292;-0.000273275;-0.00136437;-0.00191175;0.997683;-0.00317032;-0.000704161;0.996137;0.0244021;0.984686;1;3;1
330.531;1319.06;-0.355561;3.60306;-0.00107962;-0.000479277;-0.000323436;-0.000338185;-0.00122072;0.998209;-0.0039953;0.000592434;0.996562;0.016878;0.994904;1;2;1
353.531;1319.06;-0.367488;3.60902;0.00209559;-0.000205926;-0.000651473;0.00226721;-0.000377538;1.00192;-0.00073659;-0.000173618;1.00424;0.0212014;0.986803;1;3;1
376.531;1319.06;-0.259281;3.56404;0.00124786;-0.00118281;-0.000418579;0.00131792;-0.00125288;1.00343;-0.00418263;0.00259913;1.00185;0.0211882;0.989572;1;3;1
399.531;1319.06;-0.310156;3.55264;0.000267756;-0.00174223;-0.000489165;0.000380481;-0.00185495;0.999617;-0.0029314;0.000233898;0.994156;0.0217589;0.984029;1;3;1
422.531;1319.06;-0.247061;3.47014;0.00113003;-0.00148975;-0.000591937;0.00125756;-0.00161729;0.998917;0.00371148;0.00580848;0.993975;0.0181528;0.991095;1;3;1
445.531;1319.06;-0.258315;3.45198;0.000214507;0.000537203;-4.41454e-05;0.000543133;0.000208577;0.998484;-0.00326589;-0.0030607;0.999712;0.0199596;0.990139;1;3;1
468.531;1319.06;-0.237267;3.38898;0.000721586;-0.000805658;-0.00105572;0.00126091;-0.00134498;1.00379;0.000845947;0.00441567;0.993207;0.0197218;0.991407;1;3;1
491.531;1319.06;-0.225221;3.36202;0.000571505;-0.000333968;0.000223575;0.0006237;-0.000386163;0.996797;-0.00108108;0.000247806;0.99678;0.0200682;0.98555;1;3;1
514.531;1319.06;-0.21104;3.31793;0.000541036;-0.000154258;-0.000721607;0.000994373;-0.000607595;1.00631;0.00599906;0.00126081;0.999722;0.0209947;0.985097;1;3;1
537.531;1319.06;-0.20035;3.33295;0.00107554;-0.00198273;-0.000446155;0.00113929;-0.00204649;0.999589;-0.00112385;8.93399e-05;0.99785;0.0183452;0.993083;1;3;1
560.531;1319.06;-0.161596;3.29846;0.00138453;-0.00263699;-0.00177466;0.00205567;-0.00330813;1.00545;-0.00273579;0.000961206;1.00026;0.0217828;0.986245;1;3;1
583.531;1319.06;-0.136845;3.21979;-0.00127082;-0.00294429;-0.000932986;-0.000854326;-0.00336079;0.997484;-0.000217077;0.00366777;0.998972;0.0193558;0.989778;1;3;1
606.531;1319.06;-0.220146;3.22742;-0.000550493;-0.00152551;-0.00118455;0.000242946;-0.00231895;1.00612;-0.00261785;0.00446078;0.998943;0.021988;0.989247;1;3;1
629.531;1319.06;-0.162394;3.07757;0.00123257;0.00125503;-0.00146591;0.00270976;-0.000222155;1.00293;0.000776725;0.00101411;1.00611;0.0217633;0.986111;1;3;1
652.531;1319.06;-0.163586;3.12977;0.00318918;0.00123913;-0.0009512;0.0035763;0.000852007;1.00688;0.0014888;0.00360414;1.00353;0.0208129;0.987799;1;3;1
675.531;1319.06;-0.0159407;3.03961;0.00207676;0.000247046;-0.000794621;0.00237367;-4.98671e-05;1.00124;0.00871937;-0.00243548;1.00228;0.0231916;0.989798;1;3;1
698.531;1319.06;-0.0681616;3.10354;-0.00315628;-0.000965728;0.000871441;-0.000661347;-0.00346066;0.999383;0.00171276;-0.000184035;0.99628;0.0218217;0.990237;1;4;1
721.531;1319.06;-0.161361;3.05277;-0.00195561;-0.00125813;-0.0012126;-0.000345119;-0.00286863;0.997869;-0.00515871;0.0029616;0.995338;0.0228494;0.985174;1;3;1
744.531;1319.06;-0.158428;2.9614;-0.00135535;-0.000147467;0.000293051;-8.01233e-05;-0.00142269;1.00392;-0.0115557;0.00438926;0.994052;0.0271293;0.976688;1;3;1
767.531;1319.06;-0.223757;3.02644;0.0010558;-0.00122446;-0.000361695;0.00111179;-0.00128045;0.99564;-0.00272875;-0.0073799;0.997385;0.0289794;0.97818;1;3;1
790.531;1319.06;-0.1099;2.92724;0.00141893;-0.00152503;-0.000918957;0.00168224;-0.00178833;0.995821;0.00300398;0.00957481;0.998564;0.0268773;0.979629;1;3;1
813.531;1319.06;-0.158713;2.89731;-1.30669e-05;-0.0012329;-2.83508e-06;-1.30604e-05;-0.00123291;1.00341;0.0072249;-0.00553785;0.997898;0.0230282;0.985961;1;3;1
836.531;1319.06;-0.110505;2.90838;0.000388224;0.000237118;-0.000385659;0.000705661;-8.03194e-05;1.00226;-0.00124785;0.00519184;1.00106;0.0244856;0.982469;1;4;1
859.531;1319.06;-0.140911;2.82817;0.000211461;-0.00281497;-0.000524479;0.000299776;-0.00290329;0.997164;-0.00114681;0.00227182;0.995436;0.0276664;0.974307;1;3;1
882.531;1319.06;-0.10084;2.8333;-0.000212512;0.00122891;0.000125554;0.00123977;-0.000223367;0.999302;-0.00534307;2.70321e-05;0.999523;0.0264763;0.97981;1;4;1
905.531;1319.06;-0.150715;2.77779;0.000479197;-0.00016728;-0.000117939;0.000500041;-0.000188124;1.00134;-0.0035703;0.00206449;0.999673;0.0262384;0.972541;1;3;1
928.531;1319.06;-0.0788217;2.79047;0.00120707;-0.000590279;-0.00119641;0.00180473;-0.00118794;1.00435;0.00494993;0.00193075;0.999776;0.0279515;0.978291;1;4;1
951.531;1319.06;-0.0952637;2.71642;0.000758212;-0.00126902;5.90009e-06;0.000758229;-0.00126904;1.00223;0.00295074;-0.00416008;0.996989;0.0271543;0.976438;1;3;1
974.531;1319.06;-0.0439745;2.75054;-0.00141706;-0.000463624;0.00140692;0.000545148;-0.00242583;0.995999;-0.00325686;0.000953328;1.00054;0.0265183;0.974676;1;3;1
997.531;1319.06;-0.160501;2.73971;-0.00346296;-0.000817752;-0.000608568;-0.000684459;-0.00359626;0.993587;-0.00479032;0.00809554;1.00128;0.0290598;0.973692;1;3;1
1020.53;1319.06;-0.20363;2.66356;-0.000612347;-0.00521222;0.000119762;-0.000609231;-0.00521533;0.996611;-0.0131589;-0.00125065;0.98832;0.0299678;0.967998;1;4;1
1043.53;1319.06;-0.188988;2.57077;-0.00148719;-0.00185256;-0.00134417;-0.000313345;-0.00302641;1.00117;-0.00441767;0.00417619;0.993573;0.024497;0.982505;1;3;1
1066.53;1319.06;-0.272354;2.50842;-0.00165887;-0.00109448;-0.000983757;-0.000353241;-0.0024001;1.00115;-0.00566156;-0.000893401;1.00234;0.0229833;0.984893;1;3;1
1089.53;1319.06;-0.265377;2.52944;0.0018471;-0.0024852;0.000442074;0.00189175;-0.00252985;1.00529;0.00164397;0.0030687;0.997552;0.0253943;0.977606;1;3;1
1112.53;1319.06;-0.187489;2.46181;-0.00107398;-0.00217368;-8.51446e-06;-0.00107391;-0.00217375;0.992833;0.00539197;-0.00233626;0.997392;0.0287425;0.972493;1;4;1
1135.53;1319.06;-0.314961;2.41039;-0.00228784;0.000128581;-0.000945618;0.000454636;-0.00261389;0.994857;0.000893894;0.00745854;0.996483;0.0250581;0.980522;1;3;1
1158.53;1319.06;-0.292973;2.35577;3.45437e-05;-0.00191461;-0.000771355;0.000302862;-0.00218293;1.00938;-0.00150433;0.00123888;0.996557;0.02141;0.983253;1;3;1
1181.53;1319.06;-0.313428;2.33907;-0.000600966;-0.0020907;0.00160418;0.000422847;-0.00311452;0.991547;0.00659172;0.00101059;0.996542;0.0248242;0.982919;1;3;1
1204.53;1319.06;-0.32063;2.37762;-0.000237387;-0.00227458;0.00069289;-2.40601e-05;-0.00248791;1.00427;-0.0039413;-0.00100048;0.995941;0.0214194;0.98716;1;3;1
1227.53;1319.06;-0.324369;2.29614;-0.00180057;-0.00155756;-0.00107622;-0.000596004;-0.00276213;0.990892;-0.00458316;0.00660038;1.00052;0.0235699;0.985554;1;3;1
1250.53;1319.06;-0.403788;2.22411;-0.000438209;0.000234064;0.00090719;0.000865388;-0.00106953;1.00282;-0.00323688;-0.00462205;1.00122;0.0216816;0.992677;1;2;1
1273.53;1319.06;-0.344544;2.26103;0.00258043;0.000117004;0.000829241;0.00283356;-0.000136125;1.00174;0.00673765;0.00352748;0.998349;0.025194;0.985537;1;3;1
31.5305;1296.06;-0.798628;3.89955;0.0032826;-0.00177675;-0.000369607;0.00330946;-0.00180361;1.00508;0.007288;-0.00122174;0.995172;0.0231079;0.987797;1;3;1
54.5305;1296.06;-0.723314;3.95337;0.000650651;-0.00136743;0.000794111;0.000925657;-0.00164243;0.99468;-0.00641276;0.0036729;0.997005;0.0238854;0.98367;1;3;1
77.5306;1296.06;-0.768712;3.88057;0.000425223;-0.00243393;0.00054312;0.000524917;-0.00253362;1.00055;-0.00330493;9.22535e-05;1.00022;0.0192842;0.994067;1;3;1
100.531;1296.06;-0.703811;3.88345;0.00179462;-1.36009e-05;0.000199409;0.00181635;-3.53305e-05;1.00205;-0.00334725;0.00463349;1.00042;0.0205904;0.988214;1;3;1
123.531;1296.06;-0.686239;3.85673;0.00152989;-0.00152813;-0.000806236;0.00172943;-0.00172767;0.998694;0.00504802;-0.00318761;0.995516;0.0225804;0.986387;1;4;1
146.531;1296.06;-0.633493;3.8675;0.00230847;0.000274816;-0.000606689;0.0024757;0.000107578;1.00535;-0.00394642;0.0010465;1.00071;0.0208059;0.992039;1;3;1
169.531;1296.06;-0.580204;3.8025;0.0016534;0.000888859;0.000252425;0.00172923;0.000813037;1.00555;0.00123799;-0.00148865;1.00528;0.0211363;0.989549;1;3;1
192.531;1296.06;-0.557513;3.83221;0.00147662;-0.00154063;0.000767623;0.00166068;-0.00172469;0.995276;0.00143474;0.00277838;1.00021;0.0201753;0.987209;1;3;1
215.531;1296.06;-0.512337;3.82958;0.00141771;-0.000740592;-0.000888964;0.00173671;-0.00105959;1.00701;0.00458403;0.000784418;0.999224;0.0212333;0.991718;1;3;1
238.531;1296.06;-0.492369;3.78442;0.00248003;-0.00207565;-0.00119864;0.00277615;-0.00237177;0.996398;0.000111735;0.00181451;0.999001;0.0217825;0.993119;1;3;1
261.531;1296.06;-0.398535;3.71654;0.00245736;-0.00115403;1.81779e-05;0.00245745;-0.00115412;1.01151;-0.00140601;0.0047647;1.00362;0.0251935;0.98411;1;3;1
284.531;1296.06;-0.379539;3.7041;-0.00132035;-0.00123648;0.00140722;0.000129427;-0.00268626;0.995714;-0.00609533;-0.00195679;0.99979;0.0206213;0.991279;1;3;1
307.531;1296.06;-0.459316;3.69754;0.00111315;-0.00189135;0.000238351;0.00113194;-0.00191014;1.00452;-0.00190907;0.00585279;0.998879;0.0201781;0.986571;1;3;1
330.531;1296.06;-0.328487;3.5969;0.00152769;-0.000102666;-0.00073158;0.00180783;-0.000382807;0.996905;0.00473344;0.00285821;1.0068;0.018322;0.991765;1;3;1
353.531;1296.06;-0.389186;3.60636;0.000290309;-0.00101827;-0.000440223;0.00042462;-0.00115258;1.00021;0.00355633;-0.00117541;0.999028;0.0190365;0.995096;1;4;1
376.531;1296.06;-0.315137;3.58071;0.00179606;-0.00130379;0.000198392;0.0018087;-0.00131643;1.01043;0.00181432;0.000612974;0.996045;0.0260528;0.984426;1;3;1
399.531;1296.06;-0.306666;3.55846;0.000557366;0.00117126;-0.00076708;0.00169053;3.80997e-05;0.997704;-0.000330878;-0.00150426;1.0016;0.0198955;0.988523;1;3;1
422.531;1296.06;-0.289527;3.53637;0.00160266;-0.00145209;-0.00102725;0.00191597;-0.00176539;1.00371;-0.00130904;0.00315185;1.0025;0.0208914;0.98898;1;3;1
445.531;1296.06;-0.233133;3.44912;0.000722334;-0.0019816;5.79188e-07;0.000722334;-0.0019816;0.999036;0.00362556;0.00135778;0.996938;0.0229813;0.989692;1;3;1
468.531;1296.06;-0.256374;3.46084;-0.000505828;-0.00242182;0.000153253;-0.000493648;-0.002434;1.00207;-0.000776889;0.00303939;0.99776;0.0198209;0.987809;1;3;1
491.531;1296.06;-0.256436;3.39684;0.00140896;-0.00117539;-0.00138792;0.0020131;-0.00177953;0.998126;0.000110698;0.00529709;0.998981;0.0205836;0.986891;1;3;1
514.531;1296.06;-0.191738;3.35118;0.00173425;-0.00191892;-5.53003e-05;0.00173509;-0.00191976;1.0044;-0.00253993;0.000528282;0.9983;0.0196355;0.989613;1;3;1
537.531;1296.06;-0.176732;3.38359;0.00022629;-0.00141648;0.00123952;0.000891876;-0.00208207;1.00008;-0.00442127;-0.0019775;0.99878;0.0210517;0.987155;1;3;1
560.531;1296.06;-0.18134;3.38157;0.000261583;-0.000603774;-0.000303697;0.000357527;-0.000699719;1.00704;0.0020443;-0.00108998;1.00058;0.0192388;0.98925;1;3;1
583.531;1296.06;-0.164754;3.31323;-0.000335658;-0.0016613;-3.88959e-06;-0.000335646;-0.00166132;0.993865;-0.00193034;0.00585384;1.00157;0.0208248;0.987334;1;3;1
606.531;1296.06;-0.196927;3.26646;0.000869508;-0.000180564;-0.00170855;0.00213187;-0.00144293;1.00454;0.00302586;-0.000866949;1.00577;0.0224032;0.984936;1;3;1
629.531;1296.06;-0.125129;3.13253;0.00247862;-0.00419298;-0.00220892;0.00314368;-0.00485804;0.998423;0.00180353;0.00019404;0.99274;0.0203338;0.987872;1;4;1
652.531;1296.06;-0.083449;3.07487;-6.92208e-05;-0.00124576;-0.000121719;-5.67603e-05;-0.00125822;1.00235;-0.00159906;0.00303494;0.995415;0.0194964;0.988201;1;3;1
675.531;1296.06;-0.128328;3.09524;-0.00261235;-0.000757869;0.00190438;0.000433014;-0.00380324;1.00172;-0.00821503;-0.00279153;1.00057;0.0269473;0.982471;1;3;1
698.531;1296.06;-0.203781;3.09837;-0.000218881;-0.00126206;0.000940948;0.000335373;-0.00181631;0.99418;-0.00616526;0.000787349;1.00116;0.0251369;0.983065;1;3;1
721.531;1296.06;-0.138404;3.07092;0.00127747;-0.00102139;-0.00197619;0.00241419;-0.00215812;1.00556;0.00831743;0.00140645;0.997427;0.0228113;0.988334;1;3;1
744.531;1296.06;-0.145133;3.01325;0.000432045;-0.00232484;-0.00130665;0.000952928;-0.00284573;0.999678;0.00524396;0.00333566;1.00205;0.0209227;0.989444;1;3;1
767.531;1296.06;-0.11856;3.02266;0.000810363;0.00102178;-0.0014994;0.00241919;-0.000587048;0.997372;0.00223177;-0.00388684;0.998164;0.0258645;0.98127;1;3;1
790.531;1296.06;-0.107905;2.95755;-0.000221642;-0.000499722;-0.000247063;-7.71821e-05;-0.000644182;0.997263;-0.00336832;-0.00152023;1.00228;0.0227359;0.986858;1;3;1
813.531;1296.06;-0.128881;2.91593;-0.000389142;-0.000731046;-0.000467611;-6.22142e-05;-0.00105797;1.00833;-0.00509527;0.00411378;1.00316;0.0215177;0.989726;1;3;1
836.531;1296.06;-0.125886;2.8737;2.35682e-05;0.000304959;0.000519896;0.000702861;-0.000374333;0.996415;-0.00753701;0.000994039;0.999029;0.0275064;0.976378;1;3;1
859.531;1296.06;-0.127823;2.86673;-1.30347e-05;-0.00264676;-0.000459187;6.47281e-05;-0.00272452;0.998716;-0.00453601;0.00216783;1.0011;0.0254465;0.982061;1;3;1
882.531;1296.06;-0.126559;2.79133;-0.000777512;-0.00087426;-0.00046676;-0.000356626;-0.00129515;0.996487;0.00436293;0.00300585;1.00579;0.0231597;0.980359;1;3;1
905.531;1296.06;-0.16371;2.76733;0.00109955;-0.00154906;-0.000959715;0.00141074;-0.00186025;1.00163;0.00272488;0.000845148;1.00184;0.0265634;0.982989;1;3;1
928.531;1296.06;-0.0760364;2.73995;0.00110506;0.00088341;0.000199281;0.00122226;0.000766211;1.00193;-0.00281211;6.402e-05;1.00291;0.0291602;0.977462;1;3;1
951.531;1296.06;-0.112957;2.69795;-0.0022117;-0.00162051;0.000219353;-0.00154801;-0.0022842;0.996935;-0.00279525;0.00229415;0.991588;0.0295154;0.975852;1;3;1
974.531;1296.06;-0.177959;2.65873;-0.00112496;0.00248683;0.00109192;0.00279127;-0.0014294;1.00306;0.00156708;-0.000872248;1.00481;0.030041;0.96328;1;3;1
997.531;1296.06;-0.164753;2.65658;-0.00179194;0.000233711;0.00140567;0.000953434;-0.00251167;0.998742;0.00295226;-0.00115654;1.0043;0.0259559;0.980841;1;3;1
1020.53;1296.06;-0.260476;2.69367;-0.000377352;-0.000508497;-0.000759773;0.000319673;-0.00120552;0.996712;0.00649651;0.000398647;1.0059;0.0257096;0.984378;1;3;1
1043.53;1296.06;-0.18218;2.5791;0.00151377;-0.000168619;-0.00157164;0.00245517;-0.00111002;1.0002;0.0044432;0.00502196;1.00161;0.0264624;0.977903;1;3;1
1066.53;1296.06;-0.191093;2.55863;-0.00289362;-0.00246381;-0.000666735;-0.0019782;-0.00337923;0.995203;0.00571462;-0.00105762;0.993358;0.0256126;0.976358;1;3;1
1089.53;1296.06;-0.315496;2.54029;-0.00223879;-4.05095e-05;2.6794e-05;-4.0183e-05;-0.00223911;0.995602;-0.00503271;-0.00120399;1.00304;0.0252471;0.979843;1;4;1
1112.53;1296.06;-0.294246;2.48855;0.00160707;-0.00103792;0.000197112;0.00162167;-0.00105253;1.0034;-0.00833321;0.00587443;0.99639;0.0236733;0.985752;1;4;1
1135.53;1296.06;-0.24172;2.44946;0.00032787;-0.000435744;5.18473e-05;0.000331374;-0.000439249;0.998221;-0.000302994;0.00148995;0.998502;0.0220598;0.986614;1;3;1
1158.53;1296.06;-0.279174;2.46331;-0.002526;-0.00138888;-0.000216659;-0.001349;-0.00256588;0.994905;-0.00128223;0.00157319;1.00245;0.028327;0.975877;1;3;1
1181.53;1296.06;-0.358096;2.39441;-0.00191249;-0.000963317;-0.000332604;-0.000858371;-0.00201743;1.00261;-0.00665474;0.00150384;1.00211;0.0256985;0.984753;1;3;1
1204.53;1296.06;-0.367307;2.38041;-0.00068615;-0.000237117;6.89739e-05;-0.000226761;-0.000696506;0.997859;-0.000544573;0.000425757;1.00138;0.0213545;0.983129;1;3;1
1227.53;1296.06;-0.389757;2.30463;-0.00190675;-0.0013062;-0.000420913;-0.00108943;-0.00212351;0.994584;0.00265518;0.00418003;0.994309;0.0191275;0.988052;1;3;1
1250.53;1296.06;-0.455254;2.26195;0.000214999;-0.00153903;-4.30618e-05;0.000216055;-0.00154009;1.00319;0.00152146;0.000789617;0.997087;0.0190575;0.992191;1;3;1
1273.53;1296.06;-0.379916;2.23813;0.00328146;-0.000676923;0.00203971;0.00414438;-0.00153985;1.00668;-0.00861845;-0.00087714;0.997788;0.0239379;0.986951;1;3;1
31.5305;1273.06;-0.748039;3.99541;-0.00199461;-0.00170282;-0.000941459;-0.000896021;-0.00280141;1.00711;-0.00132544;0.00215113;0.996659;0.0237271;0.983522;1;3;1
54.5305;1273.06;-0.794089;3.91868;-0.00144825;0.000545113;0.000799292;0.000826024;-0.00172916;0.999023;-0.00330879;0.0019645;1.00146;0.0206589;0.989028;1;2;1
77.5306;1273.06;-0.814738;3.94195;0.00117199;-0.000514436;5.24417e-05;0.00117362;-0.000516065;1.00015;-0.00217595;3.47937e-05;0.999337;0.0172033;0.99473;1;3;1
100.531;1273.06;-0.740241;3.86395;0.00341696;-0.000579901;0.00096919;0.00363958;-0.000802518;1.00361;0.00310156;-0.00123468;0.998822;0.0211814;0.989643;1;3;1
123.531;1273.06;-0.657833;3.91501;0.0033117;-0.000696038;-0.000775548;0.00345655;-0.000840882;1.00583;-0.00356733;0.00181651;1.00162;0.0242635;0.989228;1;2;1
146.531;1273.06;-0.588156;3.87728;0.00164631;-0.00035791;-0.00153709;0.0024791;-0.0011907;1.00292;-0.00485309;0.00353851;0.999905;0.0285591;0.978684;1;3;1
169.531;1273.06;-0.582348;3.78515;-0.000377146;-0.00120201;-0.000388852;-0.00022274;-0.00135642;0.999207;-0.00187119;-0.00236966;0.993138;0.0196037;0.987971;1;4;1
192.531;1273.06;-0.605511;3.85989;0.00151191;3.01697e-05;0.000210936;0.00154135;7.2646e-07;1.00382;-0.00155956;0.00617646;0.99904;0.0200404;0.993424;1;3;1
215.531;1273.06;-0.512852;3.78477;0.00248;0.000610765;-0.000230011;0.00250789;0.000582878;1.0034;-0.000467651;-0.00137545;1.00283;0.0236048;0.987826;1;3;1
238.531;1273.06;-0.491597;3.81187;0.00119628;-0.000368397;0.000827353;0.00155261;-0.000724727;0.996452;-0.00693851;0.00039149;0.999303;0.0213136;0.990667;1;3;1
261.531;1273.06;-0.457871;3.74815;0.00138444;-0.00187019;0.0022139;0.00250476;-0.00299051;1.00893;-0.00525777;-0.00129415;0.993158;0.030562;0.974209;1;4;1
284.531;1273.06;-0.428011;3.74189;0.000245837;-0.00240131;0.00120787;0.000714133;-0.0028696;0.999423;-0.00388978;0.00485404;0.991913;0.0207729;0.992669;1;3;1
307.531;1273.06;-0.446579;3.71043;0.00106173;-2.45819e-05;-0.00171828;0.00232065;-0.00128351;0.998824;0.00326726;0.00133541;0.9975;0.0196963;0.990115;1;3;1
330.531;1273.06;-0.379392;3.60779;0.00225143;-0.00182739;-3.65523e-05;0.00225175;-0.00182772;1.00495;-0.00420528;0.00485506;0.993459;0.0206629;0.990738;1;3;1
353.531;1273.06;-0.343162;3.65589;0.00117785;-0.00188834;-0.000299292;0.00120679;-0.00191728;0.999997;-0.0068494;-0.00113676;0.998754;0.020601;0.99043;1;4;1
376.531;1273.06;-0.325246;3.6241;0.00129284;-0.000171825;-0.00126435;0.00202163;-0.000900617;1.00533;-0.00512058;0.000814281;1.00082;0.0190193;0.993455;1;3;1
399.531;1273.06;-0.283998;3.4988;0.00138376;-0.000700253;-0.000123981;0.00139111;-0.000707602;0.999278;-0.0020756;0.000291735;1.00052;0.0242208;0.984358;1;3;1
422.531;1273.06;-0.26172;3.53699;-0.00107918;0.000640972;-0.000344513;0.000707405;-0.00114561;1.00356;0.0024859;0.00255507;0.999408;0.0238781;0.99029;1;3;1
445.531;1273.06;-0.333688;3.54328;-0.000908737;-0.00164101;0.000377971;-0.000748643;-0.0018011;0.999844;-0.00361197;-0.00173944;0.998381;0.0249978;0.983425;1;3;1
468.531;1273.06;-0.303555;3.50057;0.00275963;-0.000359352;-0.00105511;0.00308303;-0.000682749;1.00572;-0.0014654;0.00459513;1.00114;0.0204599;0.985864;1;3;1
491.531;1273.06;-0.207095;3.41612;0.0018386;-0.0012771;-0.000696802;0.00198733;-0.00142584;1.00101;-0.00461099;3.58103e-05;0.997399;0.0184396;0.989666;1;3;1
514.531;1273.06;-0.219153;3.40629;-0.00167082;-0.00217686;0.000676492;-0.00120158;-0.0026461;0.996469;0.000289851;0.00185988;0.997764;0.0222766;0.986564;1;3;1
537.531;1273.06;-0.284021;3.39823;0.000331815;-0.000715554;-0.00026062;0.000393082;-0.000776821;1.00394;-0.000179854;0.00178088;0.993603;0.0226964;0.9824;1;3;1
560.531;1273.06;-0.203962;3.32626;0.000711045;0.00113637;-0.001623;0.00256058;-0.000713163;1.00628;-0.00472764;0.00245832;1.00246;0.0217695;0.985092;1;3;1
583.531;1273.06;-0.251437;3.29641;-0.000859649;-0.00032058;-0.000360909;-0.000139666;-0.00104056;0.99118;-0.00852421;0.00125262;0.998632;0.0203612;0.987536;1;3;1
606.531;1273.06;-0.243612;3.23573;0.00220783;0.000448686;-8.54197e-05;0.00221197;0.000444548;1.00396;-0.0023012;0.000294556;0.998002;0.020415;0.990953;1;2;1
629.531;1273.06;-0.149996;3.27085;0.0011747;-0.00421787;-0.000231752;0.00118464;-0.00422781;0.998912;-0.00527954;-0.00246637;1.0029;0.0230884;0.98658;1;3;1
652.531;1273.06;-0.189633;3.18712;-0.000383529;-0.00364466;-0.000710216;-0.000235569;-0.00379262;0.99951;-0.00352867;0.00532952;0.999582;0.0232979;0.981367;1;3;1
675.531;1273.06;-0.16806;3.07474;0.000230473;-0.00209639;-0.000168112;0.000242556;-0.00210848;0.999983;-0.00108523;0.0051066;0.993767;0.0247296;0.982517;1;3;1
698.531;1273.06;-0.17904;3.16177;0.00224955;-0.00108643;0.000120992;0.00225393;-0.00109081;1.00779;-0.00166422;-0.00355597;0.999788;0.0219067;0.98903;1;3;1
721.531;1273.06;-0.0647038;3.09988;0.00201799;-0.000629985;-0.000664797;0.00217552;-0.000787516;1.00179;-0.00457759;-0.00160112;1.00126;0.0206502;0.987671;1;3;1
744.531;1273.06;-0.0863998;3.06852;-0.00166765;-0.00101255;-0.00152294;0.000217672;-0.00289787;0.99907;-0.00080879;0.00528899;0.994696;0.0244068;0.980025;1;3;1
767.531;1273.06;-0.141637;2.97953;-0.00233001;-0.000517827;-0.0005962;-0.000339272;-0.00250856;0.997884;0.00145445;-0.0054481;0.998626;0.0312927;0.960621;1;3;1
790.531;1273.06;-0.193857;2.95031;-0.00125646;-0.00124266;0.00041879;-0.000830718;-0.00166841;1.0013;0.00328869;0.00549232;1.00008;0.0221283;0.983024;1;3;1
813.531;1273.06;-0.199497;2.93097;-0.000297008;-0.000369696;0.000654314;0.00032197;-0.000988675;0.996021;-0.00485744;0.00140066;0.998219;0.0263078;0.982458;1;4;1
836.531;1273.06;-0.207556;2.89446;0.000406165;-0.00103963;0.00178971;0.00161346;-0.00224692;1.00737;-0.00398591;-0.00232835;1.00245;0.0314293;0.954295;1;4;1
859.531;1273.06;-0.180821;2.95009;0.00109421;-0.00247164;0.000829654;0.00127779;-0.00265522;0.993905;-0.00356528;0.000227432;0.991862;0.029112;0.97822;1;4;1
882.531;1273.06;-0.157255;2.87356;0.0014613;-0.00150425;0.000713491;0.00162403;-0.00166698;0.99948;-0.00182248;0.00176968;0.995923;0.0244786;0.984079;1;3;1
905.531;1273.06;-0.113761;2.84911;-0.000197207;-0.00323779;-0.00188733;0.000705991;-0.00414099;0.998168;0.00145414;0.00181551;0.992705;0.0208239;0.987635;1;3;1
928.531;1273.06;-0.166493;2.74994;-0.00180174;-0.00236558;0.00051471;-0.0014968;-0.00267052;0.996768;-0.00422667;0.00314982;0.999069;0.0246106;0.976109;1;3;1
951.531;1273.06;-0.196752;2.79114;-0.000422384;-0.0012581;-0.00123702;0.000465451;-0.00214593;1.00203;-0.00105028;0.00444643;1.00018;0.02736;0.969655;1;3;1
974.531;1273.06;-0.186067;2.63651;-0.00126554;-0.000993739;-0.00129786;0.000175321;-0.0024346;1.0022;-0.00162198;-0.00253161;0.997593;0.0275764;0.980337;1;3;1
997.531;1273.06;-0.255046;2.72906;-0.000545075;-0.000412043;0.00122067;0.000743922;-0.00170104;0.996651;-0.00424116;-0.000438961;1.00047;0.0235893;0.984829;1;4;1
1020.53;1273.06;-0.211175;2.68695;0.00165057;0.000602115;-0.0014218;0.0026417;-0.00038902;1.00072;-0.00799817;0.00481589;0.999559;0.0267381;0.976805;1;4;1
1043.53;1273.06;-0.179428;2.57852;-0.0008354;-0.000953125;0.000349514;-0.000539826;-0.0012487;1.00077;-0.00983893;-0.000365582;0.99921;0.0236247;0.987889;1;3;1
1066.53;1273.06;-0.249665;2.62191;-0.00344257;-0.00154586;0.000573041;-0.00138617;-0.00360226;0.995837;-0.00735163;0.00101813;1.00125;0.0250641;0.978222;1;3;1
1089.53;1273.06;-0.338084;2.53136;-0.00100778;-0.0015864;-0.000481316;-0.000735519;-0.00185866;0.995053;-0.0027236;0.0043047;0.994253;0.0241016;0.983427;1;4;1
1112.53;1273.06;-0.296184;2.5097;-0.000146793;-0.00231204;-0.000596546;6.68203e-06;-0.00246552;1.00446;0.00547375;-0.00236277;0.999911;0.0257645;0.982533;1;3;1
1135.53;1273.06;-0.344948;2.43045;-0.000691643;-0.00149172;-0.000290846;-0.000597089;-0.00158628;0.999538;-0.00503489;0.0111243;0.997808;0.0275694;0.978925;1;3;1
1158.53;1273.06;-0.328098;2.41971;-0.000451558;6.63149e-05;0.000503059;0.000373167;-0.00075841;1.00024;-0.00394735;-0.00238941;0.997286;0.026836;0.980439;1;3;1
1181.53;1273.06;-0.365748;2.38343;-0.00192629;-0.00171783;-0.000414509;-0.00139465;-0.00224947;0.997517;0.00338241;-0.000916724;0.996569;0.0195872;0.989623;1;3;1
1204.53;1273.06;-0.416804;2.38863;-0.000833292;-0.00202585;0.000187536;-0.000804496;-0.00205465;0.998264;-0.00238766;0.002943;0.998147;0.0225748;0.985526;1;3;1
1227.53;1273.06;-0.404103;2.35634;-0.00107142;-0.00227569;-6.60003e-06;-0.00107139;-0.00227573;0.998671;-0.00118336;-0.0012665;1.00274;0.0199585;0.991497;1;3;1
1250.53;1273.06;-0.466211;2.295;-0.00379482;-0.00204147;-0.000589207;-0.00186186;-0.00397442;0.997185;-0.00154401;0.00169352;1.00147;0.0226815;0.987753;1;3;1
1273.53;1273.06;-0.579042;2.29278;-0.00489365;-0.00214316;0.00187003;-0.00119714;-0.00583968;0.987711;-0.0091525;0.00368506;1.00407;0.0232;0.989624;1;3;1
31.5305;1250.06;-0.865352;3.978;0.000647059;-0.000174068;0.00068265;0.0010331;-0.000560106;1.00191;-0.00227596;0.00316173;0.998856;0.0210609;0.987248;1;3;1
54.5305;1250.06;-0.850527;3.92847;0.000809956;-0.00126422;-0.000240094;0.000837385;-0.00129165;1.00558;-0.0025061;0.00258922;0.994697;0.0226175;0.990633;1;3;1
77.5306;1250.06;-0.828168;3.90428;0.000674788;0.000195002;-0.000370881;0.000876597;-6.80777e-06;0.998132;0.00115623;-0.00246073;0.99886;0.0229877;0.988504;1;3;1
100.531;1250.06;-0.819501;3.91028;0.00493233;-0.00155932;0.000897688;0.00505417;-0.00168117;1.00303;-0.00143998;-0.00053534;1.00012;0.0235996;0.992431;1;3;1
123.531;1250.06;-0.60184;3.88884;0.00430475;-0.000528347;0.000232628;0.00431592;-0.000539518;1.00274;0.00731315;0.00152226;0.996441;0.0218439;0.992097;1;3;1
146.531;1250.06;-0.621915;3.88396;0.000871107;-0.00118627;3.85594e-05;0.00087183;-0.00118699;1.00022;0.00310515;0.000629072;0.995193;0.0255871;0.991512;1;3;1
169.531;1250.06;-0.561797;3.85783;0.000971805;-0.00309776;0.00058904;0.00105535;-0.00318131;0.995385;-0.0029534;0.00269086;0.998929;0.0211065;0.988633;1;3;1
192.531;1250.06;-0.577264;3.83083;0.00049302;8.51094e-07;-0.000495954;0.000800585;-0.000306714;1.0074;0.00243003;0.00426814;1.00238;0.0209068;0.989368;1;3;1
215.531;1250.06;-0.539158;3.8015;-0.000601623;-0.000410433;7.7651e-05;-0.000382869;-0.000629186;0.997053;-0.0100831;0.000224525;0.996267;0.0231846;0.991121;1;3;1
238.531;1250.06;-0.604956;3.80151;-0.00287673;0.000377401;0.0011257;0.000728854;-0.00322818;0.986199;0.00243501;-0.00332948;1.00144;0.0282305;0.978366;1;3;1
261.531;1250.06;-0.671679;3.80346;0.00166879;-0.000850828;0.00127407;0.00220073;-0.00138277;1.01529;-0.00222303;0.00209339;1.00044;0.0223357;0.988812;1;3;1
284.531;1250.06;-0.528258;3.81493;0.00515312;-0.000411483;0.000123999;0.00515588;-0.000414245;0.998801;-0.00118064;0.00161881;1.0014;0.0196648;0.989019;1;3;1
307.531;1250.06;-0.435362;3.69868;0.00324443;-0.00040274;-0.00164268;0.0038752;-0.00103351;1.00519;-0.000526453;0.00514755;0.998865;0.0184385;0.990928;1;3;1
330.531;1250.06;-0.37945;3.68106;0.00195716;-0.00211322;3.1854e-05;0.00195741;-0.00211347;1.0005;-0.00046307;-0.00351975;0.999532;0.016931;0.99248;1;3;1
353.531;1250.06;-0.34542;3.69333;0.000515666;-4.69758e-05;-0.00089804;0.00117542;-0.000706727;1.00286;0.00446889;0.00902907;0.997339;0.0223545;0.988469;1;3;1
376.531;1250.06;-0.355828;3.58864;-0.000796944;-0.000457694;-0.000354572;-0.000234262;-0.00102038;0.999422;0.00058165;-0.00199502;0.999674;0.0225043;0.987586;1;3;1
399.531;1250.06;-0.382209;3.59075;0.00310609;-0.00194203;-0.000247758;0.00311822;-0.00195416;1.00021;-0.00143337;0.00155321;0.995255;0.0269791;0.982546;1;3;1
422.531;1250.06;-0.213241;3.50696;0.00169539;-0.000848845;-0.000976954;0.00202725;-0.0011807;1.0041;0.00387819;0.00576375;1.00456;0.0207956;0.988421;1;3;1
445.531;1250.06;-0.304334;3.52472;-0.00158753;-0.000988932;-0.000250167;-0.00089815;-0.00167831;0.99784;0.00201779;0.00102802;0.998206;0.022481;0.987644;1;4;1
468.531;1250.06;-0.286335;3.47739;0.000390428;-0.000385919;-0.000867567;0.000952703;-0.000948194;1.00446;-0.00425779;-0.00271298;0.998378;0.0210218;0.98974;1;4;1
491.531;1250.06;-0.28643;3.45563;0.000312716;0.000480474;-0.000162039;0.000579057;0.000214133;1.00176;-0.000675449;0.00358935;1.00263;0.0186497;0.991779;1;3;1
514.531;1250.06;-0.27196;3.45149;0.00116883;-0.0002166;3.45921e-05;0.0011697;-0.000217463;0.99613;0.000814193;-0.00134131;1.00214;0.0198851;0.990382;1;3;1
537.531;1250.06;-0.232711;3.41656;0.00300734;8.22634e-05;-0.00206079;0.00407183;-0.000982224;1.00846;0.00499716;0.000409367;1.00131;0.0214347;0.988592;1;3;1
560.531;1250.06;-0.133991;3.32935;0.000232611;-0.000813431;-0.00145603;0.00125671;-0.00183753;0.992041;-0.0027418;0.00723562;0.998587;0.0279515;0.98041;1;4;1
583.531;1250.06;-0.222098;3.32802;-0.0017492;-0.00134224;-0.00137605;-0.000154709;-0.00293673;1.00034;0.00482511;-0.00211732;0.999378;0.0251249;0.981932;1;3;1
606.531;1250.06;-0.214601;3.24583;0.00152103;-0.00131004;5.47636e-05;0.00152209;-0.00131109;1.00083;0.00459834;-0.0014411;1.00475;0.0209869;0.987946;1;3;1
629.531;1250.06;-0.152183;3.32697;2.27215e-05;-0.000824924;0.000715797;0.000430758;-0.00123296;1.00038;0.00218423;-0.000740935;0.992527;0.0205728;0.984061;1;3;1
652.531;1250.06;-0.213556;3.24301;0.000309284;-0.00185667;-0.00110685;0.000774839;-0.00232223;1.00096;-0.000792153;0.00459478;0.996701;0.0261767;0.972464;1;3;1
675.531;1250.06;-0.138157;3.19178;0.000517953;-0.0034683;-3.03533e-07;0.000517953;-0.0034683;0.99487;-0.00369358;-0.00202383;0.995938;0.0256867;0.983887;1;3;1
698.531;1250.06;-0.189833;3.14837;-0.000698026;0.000125944;5.74753e-05;0.000129934;-0.000702015;1.00195;-0.0036345;0.00620802;0.997564;0.0251768;0.982169;1;3;1
721.531;1250.06;-0.170369;3.09992;0.0014076;-0.000187557;0.000948547;0.00184933;-0.000629282;1.00244;-0.00138314;0.00100008;0.999831;0.0210062;0.988575;1;3;1
744.531;1250.06;-0.125214;3.05985;-0.000252272;-0.000463926;-0.000241763;-9.41883e-05;-0.00062201;0.993958;0.00288727;0.00499529;1.00168;0.0251454;0.98374;1;3;1
767.531;1250.06;-0.182006;3.04653;-0.00151648;-0.000651482;-0.000186995;-0.000612789;-0.00155517;0.996356;-0.00672575;-0.0073866;1.00115;0.0250165;0.982032;1;3;1
790.531;1250.06;-0.195047;3.01483;-0.00136426;-0.00165135;-0.00152981;2.87267e-05;-0.00304433;1.00352;-0.00857305;0.0067249;0.993508;0.0298205;0.965813;1;3;1
813.531;1250.06;-0.244945;2.93309;-0.00165582;0.000345095;-0.000819133;0.000637654;-0.00194838;0.9962;0.00537973;0.00129502;1.00176;0.0236788;0.980145;1;4;1
836.531;1250.06;-0.271373;2.92178;0.000436687;-0.000703134;0.000818231;0.000863923;-0.00113037;0.997358;0.00421791;0.000793815;0.994832;0.024326;0.977682;1;3;1
859.531;1250.06;-0.224886;2.98066;-0.000464532;-0.000134113;-0.000453967;0.000183772;-0.000782417;1.00141;0.00225058;-0.00632922;0.998942;0.027569;0.974131;1;3;1
882.531;1250.06;-0.292786;2.86087;0.00242996;-0.00123199;0.000114285;0.00243352;-0.00123555;1.00239;-0.00617908;0.00366898;1.00044;0.0287334;0.97217;1;4;1
905.531;1250.06;-0.113288;2.91653;0.00242406;-0.000389786;0.00111325;0.00281123;-0.000776955;1.0028;-0.0072234;0.00136828;0.999832;0.0264441;0.975599;1;4;1
928.531;1250.06;-0.181416;2.84901;2.45351e-05;-0.00150547;-0.00139974;0.000854681;-0.00233561;1.00376;-0.00226725;0.0075814;0.990396;0.0229695;0.980084;1;4;1
951.531;1250.06;-0.11244;2.75586;0.00133006;0.000252802;-0.00169534;0.00257028;-0.000987413;1.00254;0.00678539;0.0055714;0.998989;0.0255646;0.978618;1;3;1
974.531;1250.06;-0.1205;2.7045;-0.00247848;-0.00281979;-0.00101902;-0.00161592;-0.00368234;1.00033;-0.00113544;-0.00173458;1.00104;0.0312375;0.968753;1;3;1
997.531;1250.06;-0.226662;2.67558;-0.00346679;-0.000945544;-0.000138894;-0.000937915;-0.00347442;0.99607;-0.000721568;0.00222196;1.00209;0.0227118;0.985949;1;3;1
1020.53;1250.06;-0.280266;2.66599;-0.00114525;0.000781311;0.000168926;0.000796011;-0.00115995;0.997934;0.00456833;0.00118284;1.00156;0.0278999;0.97364;1;4;1
1043.53;1250.06;-0.279404;2.62307;-0.000238439;-0.00287547;1.6342e-05;-0.000238338;-0.00287557;0.999627;0.0103395;-0.00168359;0.998113;0.0234183;0.982081;1;3;1
1066.53;1250.06;-0.29125;2.6299;-0.0022562;3.92184e-05;0.00104117;0.000441113;-0.0026581;0.993566;-0.00280828;0.000948755;1.00215;0.0273292;0.97312;1;4;1
1089.53;1250.06;-0.383307;2.61337;-0.00105989;-0.00234124;4.40081e-06;-0.00105988;-0.00234126;1.00262;-0.00172698;0.0035111;0.998699;0.025943;0.982531;1;3;1
1112.53;1250.06;-0.340044;2.59505;0.00170895;-0.00161211;-0.000431313;0.00176405;-0.00166721;0.9998;-0.00826001;-0.00327996;0.993046;0.0246286;0.981759;1;3;1
1135.53;1250.06;-0.304861;2.51817;-0.000701494;-0.0035997;-0.00112378;-0.000316808;-0.00398438;0.997572;0.00318182;0.00675407;0.993107;0.0255841;0.980305;1;4;1
1158.53;1250.06;-0.372522;2.46036;-0.00100149;-0.00312233;0.000238872;-0.000974914;-0.00314891;1.00563;-0.000778422;-0.0049884;0.995971;0.0264439;0.984523;1;3;1
1181.53;1250.06;-0.350974;2.4735;-0.000849937;-0.00390649;0.00149063;-0.00024336;-0.00451307;1.00265;-0.000711791;0.0034643;0.998086;0.0257998;0.977931;1;3;1
1204.53;1250.06;-0.411637;2.47372;-0.0028578;-0.00198634;8.05921e-05;-0.00197895;-0.00286519;0.990797;0.00127273;0.000448582;0.996133;0.0274251;0.975356;1;3;1
1227.53;1250.06;-0.482666;2.40952;-0.00114547;-0.00178256;0.000107853;-0.00112771;-0.00180033;0.9985;-0.00281723;0.00230887;0.997009;0.0182727;0.990775;1;3;1
1250.53;1250.06;-0.46451;2.35595;-0.00161928;-0.00345574;1.4417e-05;-0.00161916;-0.00345585;0.998637;-0.000548099;0.00243898;0.991275;0.0222018;0.988184;1;3;1
1273.53;1250.06;-0.55727;2.33716;-0.00402457;-0.00252062;-0.000704118;-0.00224243;-0.00430276;0.988903;0.00384759;-0.00199507;0.995227;0.0255954;0.989102;1;3;1
31.5305;1227.06;-0.909769;4.0037;0.00279533;-0.00154627;0.00019748;0.00280429;-0.00155524;1.00509;-0.0049259;0.00403974;0.995427;0.0197272;0.990478;1;3;1
54.5305;1227.06;-0.845582;3.9769;0.00241593;-0.00165033;-0.000163583;0.0024225;-0.0016569;0.996582;0.0017986;-0.000277962;1.00239;0.0193219;0.991342;1;3;1
77.5306;1227.06;-0.798824;3.93298;0.000170299;-0.00168912;-0.000326008;0.000225801;-0.00174462;1.00179;0.00197825;0.00164252;1.00088;0.0209172;0.988566;1;3;1
100.531;1227.06;-0.837767;3.93584;0.0020345;-0.000995496;-0.00011706;0.00203901;-0.00100001;1.00247;0.00472837;0.000596348;0.992516;0.0227373;0.988183;1;3;1
123.531;1227.06;-0.705333;3.93935;0.00468738;-0.0021143;0.00146056;0.00498775;-0.00241467;1.00109;-0.00391418;-0.000553546;0.998837;0.0229052;0.988334;1;2;1
146.531;1227.06;-0.62265;3.9319;0.000346396;-0.00150217;0.000454455;0.000452078;-0.00160785;1.0046;-0.00663721;-0.000100986;1.00005;0.0233419;0.988943;1;3;1
169.531;1227.06;-0.689403;3.92799;0.000141463;-0.00133234;0.000671625;0.000401609;-0.00159249;1.00303;-0.00742319;0.0038978;0.99808;0.0247624;0.983902;1;3;1
192.531;1227.06;-0.6162;3.85985;0.00305334;-0.000939183;-0.000877305;0.00323761;-0.00112345;1.00106;-0.00648033;2.04055e-05;0.99614;0.0263798;0.984927;1;3;1
215.531;1227.06;-0.549331;3.80367;0.00049462;-0.00185936;0.000260385;0.000523078;-0.00188782;0.997085;-0.00244057;0.002746;0.996661;0.0256245;0.987991;1;4;1
238.531;1227.06;-0.593499;3.79462;-0.000264392;-0.00140671;0.000231592;-0.000219225;-0.00145188;1.00098;-0.00312943;-0.00136008;0.995251;0.022063;0.988279;1;3;1
261.531;1227.06;-0.561497;3.78743;0.00108644;-0.000102954;-0.00112357;0.00176299;-0.000779503;1.00556;0.00663243;0.00156461;0.997594;0.0206333;0.986778;1;3;1
284.531;1227.06;-0.543562;3.76097;0.00287826;-0.000297682;6.97632e-06;0.00287828;-0.000297697;0.995411;-0.0037289;0.000993387;0.996453;0.022188;0.985131;1;3;1
307.531;1227.06;-0.429324;3.72896;0.00339591;-0.00239359;-0.000286879;0.00341009;-0.00240777;0.998876;-0.00358422;0.00290992;0.998552;0.0210808;0.989719;1;3;1
330.531;1227.06;-0.387649;3.7051;0.00166266;-0.00154325;-0.000276523;0.00168633;-0.00156693;1.00846;-0.00406039;0.00262747;1.0003;0.0200503;0.989739;1;3;1
353.531;1227.06;-0.35296;3.65805;-0.00016352;-0.000832014;-0.000151736;-0.000130691;-0.000864843;0.997694;-0.000607006;-0.000732762;1.00043;0.0196875;0.991795;1;3;1
376.531;1227.06;-0.39521;3.64522;0.000227597;-0.00205588;0.000394697;0.000293895;-0.00212218;1.00309;0.00489561;-0.00100583;0.996324;0.0209592;0.990854;1;4;1
399.531;1227.06;-0.342545;3.58826;0.00342779;-0.00244696;-0.000732385;0.00351772;-0.00253689;1.00322;7.60114e-05;-9.04984e-05;0.994884;0.0235887;0.982474;1;3;1
422.531;1227.06;-0.237853;3.57606;5.04534e-05;-0.00190121;0.000702349;0.000276928;-0.00212769;1.00147;-0.00682144;0.00436859;0.996892;0.0204077;0.989213;1;3;1
445.531;1227.06;-0.340224;3.5888;-0.00119317;-0.000133319;-0.000302125;-5.32443e-05;-0.00127325;0.999724;-0.00454203;-0.00326185;1.00259;0.0213554;0.991292;1;3;1
468.531;1227.06;-0.292808;3.51832;0.00266756;-0.00117222;-0.00224965;0.00370519;-0.00220984;1.00313;0.00435604;0.00828883;0.998467;0.0216705;0.989178;1;3;1
491.531;1227.06;-0.218091;3.39403;0.000686531;-0.00162671;-0.000739236;0.000902588;-0.00184277;1.00043;0.00418422;-0.000584542;0.993127;0.0212259;0.98846;1;3;1
514.531;1227.06;-0.261352;3.41627;2.8371e-05;-0.000401395;0.000189061;9.97027e-05;-0.000472727;0.997856;0.000996243;0.00230942;0.997318;0.0218734;0.988757;1;3;1
537.531;1227.06;-0.216785;3.3945;0.00223944;0.00013386;-0.000374594;0.0023041;6.92028e-05;1.0095;-0.00573513;-0.00276945;1.00364;0.0222328;0.984793;1;4;1
560.531;1227.06;-0.158482;3.36371;0.000187646;-0.00317055;0.000837595;0.000384964;-0.00336787;0.998747;-0.00730557;0.00334071;1.00022;0.0225218;0.987733;1;3;1
583.531;1227.06;-0.208169;3.35822;-0.00197971;-0.00195792;-0.000286247;-0.00168236;-0.00225527;1.00015;0.000204288;0.000543275;0.997058;0.020321;0.987107;1;3;1
606.531;1227.06;-0.249689;3.29603;-0.000227585;-0.00269597;-0.000570825;-0.000101972;-0.00282159;0.998964;-0.000231468;0.00179612;0.991151;0.0205884;0.985827;1;3;1
629.531;1227.06;-0.218665;3.30887;0.000586237;-0.000245225;0.000665083;0.000954833;-0.00061382;1.00392;6.55076e-05;-0.00328136;1.00385;0.020327;0.989707;1;4;1
652.531;1227.06;-0.222736;3.27262;-0.00094672;-0.000462456;-0.00108458;0.000406686;-0.00181586;0.996648;7.79103e-05;0.00308687;1.00084;0.0216787;0.987624;1;3;1
675.531;1227.06;-0.262295;3.23466;-0.00115969;-0.000976502;-0.0010467;-1.73979e-05;-0.0021188;1.0007;-0.00481544;-0.000657931;1.00245;0.0241359;0.984806;1;3;1
698.531;1227.06;-0.276261;3.15608;0.000483704;8.10881e-07;-0.00158633;0.00184686;-0.00136234;0.995755;0.000591186;0.000646128;1.00326;0.0243728;0.982347;1;3;1
721.531;1227.06;-0.240222;3.10884;0.00345755;-0.000640407;-0.000441121;0.00350449;-0.000687353;1.00609;0.00188405;0.0036085;0.9992;0.0213167;0.988258;1;3;1
744.531;1227.06;-0.117535;3.08988;0.00154154;-0.00176152;-1.95937e-05;0.00154166;-0.00176164;1.00152;-0.00924134;0.0041209;0.998262;0.021004;0.983544;1;4;1
767.531;1227.06;-0.169473;3.00952;-0.00105916;-0.00180579;-0.000498374;-0.00080979;-0.00205516;0.992757;0.00644711;-0.00259674;0.995539;0.0307112;0.960651;1;3;1
790.531;1227.06;-0.166327;3.02634;-0.00103598;-0.00226793;0.000940372;-0.000527799;-0.00277611;0.998697;0.00562281;0.0035673;0.998993;0.0300685;0.977484;1;4;1
813.531;1227.06;-0.21725;2.9151;-0.00149551;-0.00159983;-0.000687693;-0.000858003;-0.00223734;0.999496;0.00132973;0.00420349;1.00072;0.0275741;0.974287;1;3;1
836.531;1227.06;-0.235279;2.92682;0.000376331;-0.00281241;0.000146668;0.000383063;-0.00281914;0.997245;-0.000968759;-0.00347286;1.00328;0.026377;0.973021;1;4;1
859.531;1227.06;-0.19996;2.95627;7.91306e-05;0.00164103;-0.000513673;0.00179483;-7.46612e-05;1.00502;0.00175656;0.00115345;1.00046;0.028681;0.973415;1;3;1
882.531;1227.06;-0.23164;2.93033;-0.00060229;-0.00053222;-0.00197899;0.00141205;-0.00254655;0.992756;0.00518872;0.000513696;0.995208;0.0293425;0.963894;1;3;1
905.531;1227.06;-0.22776;2.86719;0.000731291;-0.00011514;0.00104336;0.001434;-0.000817848;0.993036;0.00137421;0.00494191;1.00348;0.0255203;0.971148;1;3;1
928.531;1227.06;-0.198147;2.81925;0.000924337;-0.000169063;-0.000245693;0.000977009;-0.000221734;1.00379;0.000774808;-0.00162232;1.00599;0.0275468;0.965252;1;4;1
951.531;1227.06;-0.185344;2.77951;0.000561851;-0.00233466;0.00148395;0.00118713;-0.00295994;1.0032;-0.00797055;0.00439133;1.00265;0.0247388;0.980043;1;4;1
974.531;1227.06;-0.172339;2.7664;-0.00207379;-0.00205366;0.00185625;-0.00020745;-0.00392;0.995921;0.00141105;-0.00372377;0.987328;0.0288586;0.964364;1;4;1
997.531;1227.06;-0.280837;2.77258;-0.00232042;-0.000958217;-0.000324753;-0.000884757;-0.00239388;0.997636;-0.00234964;0.00589365;1.0013;0.0263649;0.973102;1;4;1
1020.53;1227.06;-0.279347;2.65108;0.00139142;-0.00165045;0.000305127;0.00142173;-0.00168076;1.00068;-0.00895726;-0.000185633;1.00652;0.0225082;0.980065;1;3;1
1043.53;1227.06;-0.216918;2.711;-0.0016515;-0.00279824;-0.000776581;-0.00125956;-0.00319018;0.999155;-0.0049935;-0.00134751;0.996471;0.0238874;0.981432;1;3;1
1066.53;1227.06;-0.35539;2.62022;-0.00339261;-0.00103349;0.000513695;-0.000926486;-0.00349962;0.996708;-0.00348809;-0.00149308;0.996597;0.0258785;0.97753;1;4;1
1089.53;1227.06;-0.3733;2.6392;8.58997e-05;-0.000402784;0.000892645;0.00076704;-0.00108392;1.00623;-0.00536398;0.00536295;1.00154;0.0237023;0.981656;1;4;1
1112.53;1227.06;-0.351453;2.58395;-5.36818e-05;0.000693834;0.00024428;0.000766582;-0.00012643;0.992243;-0.00447576;-0.00296086;0.999828;0.0255976;0.987607;1;4;1
1135.53;1227.06;-0.375789;2.59635;-0.000939025;-0.000545882;0.000451325;-0.000250179;-0.00123473;1.00242;-0.00142882;-0.00307307;1.00077;0.0238473;0.980969;1;3;1
1158.53;1227.06;-0.394673;2.56361;-0.00247263;-0.00184052;0.000397845;-0.00164847;-0.00266468;0.99765;0.00685148;0.00185482;1.00122;0.025296;0.980865;1;3;1
1181.53;1227.06;-0.489683;2.56365;-0.00203105;-0.00125175;0.000938305;-0.000625409;-0.0026574;0.997155;-0.00065942;0.00430402;0.99292;0.0243169;0.97998;1;3;1
1204.53;1227.06;-0.488272;2.48015;-0.000909832;1.43854e-05;0.000158308;4.07497e-05;-0.000936197;1.00084;-0.00540861;0.0013494;1.00008;0.0220888;0.983335;1;3;1
1227.53;1227.06;-0.531724;2.43858;-0.00111868;-0.000603389;0.000599872;-0.000208174;-0.0015139;1.00126;-0.00234937;0.00101261;0.995631;0.020336;0.987931;1;3;1
1250.53;1227.06;-0.539768;2.4543;-0.000432723;-0.00180103;0.00133257;0.000381059;-0.00261481;1.00148;-0.00809487;0.00532917;1.00077;0.0223128;0.99028;1;3;1
1273.53;1227.06;-0.551643;2.40888;-0.000514256;-0.000676654;0.000269012;-0.000314456;-0.000876455;0.993796;-0.0109154;-0.00569391;0.99812;0.0242924;0.990117;1;3;1
31.5305;1204.06;-0.936848;4.04924;0.00134615;-0.00145075;-0.000436352;0.00141265;-0.00151724;0.998361;-0.00101647;0.00134266;1.00194;0.0255158;0.987183;1;3;1
54.5305;1204.06;-0.905951;4.00449;0.00212687;-0.00125151;4.84977e-05;0.00212756;-0.00125221;1.00731;-0.00458587;0.00138766;0.995401;0.026337;0.992073;1;3;1
77.5306;1204.06;-0.839165;3.98205;0.00225405;-0.000831249;0.000480207;0.00232707;-0.000904262;0.99989;-0.00699084;0.0039599;0.993748;0.0214824;0.989631;1;3;1
100.531;1204.06;-0.802406;3.9561;0.00216903;-0.00197766;0.000653913;0.00226971;-0.00207833;1.00255;-0.00539665;-0.00170284;0.998263;0.0211404;0.993636;1;3;1
123.531;1204.06;-0.739498;3.98641;0.00277263;-0.00129098;0.000176261;0.00278026;-0.00129861;1.00301;-0.00526933;-0.00190072;1.00182;0.0185431;0.993306;1;3;1
146.531;1204.06;-0.675042;3.95315;0.000957582;-0.00183235;0.000350283;0.00100089;-0.00187565;1.00001;-0.00100086;0.00125809;0.998353;0.0203885;0.991377;1;2;1
169.531;1204.06;-0.695519;3.91935;0.00118519;-0.000755588;-0.000800926;0.00147303;-0.00104343;0.999713;0.00197548;0.000785307;0.999312;0.0192262;0.991716;1;3;1
192.531;1204.06;-0.620623;3.87407;0.00146533;-0.000994858;-0.000606955;0.00160693;-0.00113645;1.00543;0.00778733;0.00109277;0.996511;0.020441;0.98761;1;3;1
215.531;1204.06;-0.628174;3.8872;-0.00047536;-0.00126831;-0.000126696;-0.000455608;-0.00128807;0.995946;0.00536631;-0.00125622;1.00409;0.0242654;0.987192;1;3;1
238.531;1204.06;-0.642496;3.86628;0.000569866;-0.00145169;-0.000975591;0.000963883;-0.00184571;1;0.000763086;0.00305351;1.00111;0.0198775;0.992036;1;3;1
261.531;1204.06;-0.602035;3.80825;0.00120369;-0.00125365;5.18741e-05;0.00120478;-0.00125474;1.0024;-0.00527207;0.00274186;0.998036;0.0215203;0.986899;1;3;1
284.531;1204.06;-0.587174;3.82867;0.00299206;-0.00115117;0.000225847;0.00300433;-0.00116344;1.00429;0.00415935;-0.00592838;0.999256;0.021273;0.992239;1;3;1
307.531;1204.06;-0.464606;3.80893;0.0035389;-0.00139087;0.000143428;0.00354307;-0.00139504;1.00037;-0.00150109;0.00631044;0.997795;0.0178981;0.993074;1;4;1
330.531;1204.06;-0.424736;3.75213;0.00159617;-0.00150951;-0.000326974;0.00163023;-0.00154356;1.001;-0.00196075;-0.00169729;0.997474;0.0256624;0.983808;1;2;1
353.531;1204.06;-0.391305;3.73164;-0.000803571;-0.00246906;0.000439065;-0.000694911;-0.00257772;0.994124;-0.00469565;0.00375974;0.994293;0.0199376;0.991349;1;3;1
376.531;1204.06;-0.461766;3.68343;0.000163116;-0.0024708;-6.10092e-05;0.000164528;-0.00247221;1.00571;-0.00321378;-0.00160046;0.999501;0.0208784;0.986975;1;3;1
399.531;1204.06;-0.383811;3.70345;0.00401962;-0.0021227;-0.000659876;0.00408971;-0.00219279;1.00347;0.00127186;0.00207856;0.999213;0.0210157;0.986306;1;3;1
422.531;1204.06;-0.277319;3.59454;0.00108389;-0.00113244;-0.000977299;0.00145327;-0.00150182;1.00031;0.0070784;0.00310885;0.999581;0.0193317;0.986001;1;3;1
445.531;1204.06;-0.334302;3.53086;7.43904e-05;0.000334934;-0.00121776;0.00142937;-0.00102004;1.00203;-0.00245638;0.00238186;0.998956;0.0233751;0.984779;1;3;1
468.531;1204.06;-0.273941;3.53134;0.00030492;-0.00186809;4.16265e-05;0.000305717;-0.00186889;1.00192;-0.000954491;-0.00290948;0.995481;0.0194665;0.99246;1;3;1
491.531;1204.06;-0.320278;3.53053;-0.000323875;-0.00377672;0.0003809;-0.000282355;-0.00381824;0.991693;-0.00634141;0.00330052;0.993699;0.0211265;0.988016;1;3;1
514.531;1204.06;-0.288882;3.46996;0.00151547;-0.00299595;-0.00100201;0.00172801;-0.00320849;1.00237;-0.00607644;0.00456064;0.9965;0.0224037;0.988605;1;3;1
537.531;1204.06;-0.250776;3.4104;0.000906733;-0.00149804;0.00110173;0.00133516;-0.00192646;0.999176;-0.00380095;-0.0114507;0.994603;0.0230044;0.979033;1;4;1
560.531;1204.06;-0.247192;3.47556;-0.000274222;-0.00203368;0.0017888;0.000839467;-0.00314737;1.0044;0.00276842;0.00557637;0.995766;0.0215353;0.983612;1;3;1
583.531;1204.06;-0.263393;3.41819;0.000783129;-0.00197861;-0.000528238;0.000880717;-0.0020762;0.995849;-0.0041566;0.00236059;0.997483;0.0218347;0.990083;1;3;1
606.531;1204.06;-0.211303;3.37001;0.00058127;-0.00375033;-0.00114957;0.00086745;-0.00403651;1.0006;0.000724778;-0.000392139;0.995273;0.0186766;0.993168;1;2;1
629.531;1204.06;-0.236731;3.33833;0.000510966;-0.00163739;-0.000823305;0.000790188;-0.00191661;0.996574;-0.0057501;0.006474;0.996709;0.0220716;0.983855;1;3;1
652.531;1204.06;-0.187926;3.2643;0.00170872;-0.00120547;-0.00111948;0.00208911;-0.00158586;1.00614;-0.00151221;0.00308882;1.00083;0.0236294;0.975434;1;4;1
675.531;1204.06;-0.158309;3.23672;0.00039911;-0.00251771;-0.0020826;0.00148317;-0.00360178;1.00198;0.00567749;-0.00221345;0.996049;0.0275132;0.984225;1;3;1
698.531;1204.06;-0.169717;3.14834;-0.000813231;-0.0029994;-0.00232962;0.000667004;-0.00447963;1.00251;-0.0027995;0.00499354;0.998773;0.0213041;0.986905;1;3;1
721.531;1204.06;-0.195858;3.1294;-0.00114486;-0.00363941;0.000102477;-0.00114065;-0.00364361;0.996639;-0.00113784;-0.00461105;0.989416;0.0257378;0.983618;1;3;1
744.531;1204.06;-0.222411;3.14106;-8.11656e-05;-0.00286427;0.000842395;0.00015395;-0.00309939;1.00227;0.00462521;0.00563916;0.99721;0.0224883;0.980459;1;3;1
767.531;1204.06;-0.199592;3.12967;-0.0033322;-0.00439569;0.000412641;-0.00319087;-0.00453701;0.998939;0.000872726;-0.00453274;0.997274;0.0260078;0.979765;1;4;1
790.531;1204.06;-0.375953;3.11963;-0.00176666;-0.00243947;0.00020763;-0.00170774;-0.00249839;0.99857;0.000237243;0.00926752;0.995377;0.023851;0.978053;1;3;1
813.531;1204.06;-0.281095;3.00676;0.00287761;-0.0048381;0.000436153;0.00290219;-0.00486268;1.00272;-0.000864279;-0.000657921;0.990496;0.0255338;0.983122;1;3;1
836.531;1204.06;-0.243823;3.05134;0.00233075;-0.00409237;-8.86261e-05;0.00233197;-0.00409359;1.00249;-0.0029655;0.00362501;0.988498;0.0270762;0.969258;1;3;1
859.531;1204.06;-0.174117;2.90527;0.000966276;-0.00127765;-0.00137532;0.00161923;-0.0019306;1.00287;-0.000136156;0.00906481;1.00084;0.0290208;0.971659;1;4;1
882.531;1204.06;-0.199695;2.88546;-0.00317036;-0.00218314;0.000788517;-0.00174648;-0.00360703;0.988116;-0.0097256;-0.00885593;0.998191;0.0315787;0.961463;1;4;1
905.531;1204.06;-0.320188;2.9223;-0.00101488;-0.00370673;0.00056343;-0.000901703;-0.0038199;1.00638;-0.0102365;0.0044844;0.996039;0.0266497;0.973166;1;3;1
928.531;1204.06;-0.246412;2.85684;0.000405316;-0.00161668;-5.76719e-05;0.00040696;-0.00161833;0.991557;-0.0045367;-0.00273829;0.994066;0.0252491;0.98271;1;3;1
951.531;1204.06;-0.301585;2.86377;-0.00113225;-0.0034698;0.000666904;-0.000955364;-0.00364669;0.999689;-0.00211392;0.00679669;0.994625;0.0219279;0.983501;1;3;1
974.531;1204.06;-0.298561;2.79941;-0.000225779;-0.00226729;-2.42442e-05;-0.000225491;-0.00226758;1.00493;-0.00246848;0.0020336;1.00013;0.0274806;0.973185;1;3;1
997.531;1204.06;-0.312197;2.71976;-0.00154442;-0.00183122;-0.00093017;-0.000746665;-0.00262898;0.9912;0.00807563;0.000394798;0.999488;0.0240496;0.980588;1;4;1
1020.53;1204.06;-0.369695;2.74206;0.00160015;-0.00366433;-0.000788635;0.00171575;-0.00377994;1.00533;0.00179707;-0.00186024;0.990658;0.0245607;0.975162;1;4;1
1043.53;1204.06;-0.238661;2.75198;-0.000888882;0.00173204;0.000229329;0.00175195;-0.000908796;0.997073;-0.00415045;0.0031215;1.00724;0.0269244;0.980339;1;4;1
1066.53;1204.06;-0.410647;2.67762;-0.00569797;-0.00231638;-0.00164042;-0.00165138;-0.00636297;0.991806;0.000606635;0.000408844;0.995226;0.0245804;0.972405;1;4;1
1089.53;1204.06;-0.501675;2.63205;0.000117176;-0.000181116;-0.00173622;0.00171064;-0.00177458;1.0008;-0.000164361;0.00452458;0.995851;0.0280721;0.981279;1;3;1
1112.53;1204.06;-0.405399;2.56319;0.00293891;-0.000950789;-0.00073282;0.00307239;-0.00108427;1.0006;0.00271235;0.00225032;0.998344;0.0266684;0.977236;1;3;1
1135.53;1204.06;-0.366769;2.54333;-0.000793811;-0.000947205;-3.84303e-05;-0.000784722;-0.000956294;1.00019;-0.00106556;-0.0023706;0.996577;0.022959;0.985479;1;3;1
1158.53;1204.06;-0.441933;2.54515;-0.00334723;-0.000953946;0.00152941;-0.000208668;-0.00409251;1.00031;-0.00509989;0.00385675;0.995573;0.0268057;0.981682;1;3;1
1181.53;1204.06;-0.521002;2.53143;-0.00237557;0.000357465;-0.00110385;0.000747607;-0.00276571;0.996462;5.48137e-05;-0.001389;0.999543;0.0233269;0.986152;1;3;1
1204.53;1204.06;-0.551395;2.47327;-0.000927394;-0.00121748;-0.000406555;-0.000640783;-0.00150409;0.99915;0.0037271;2.79699e-05;0.99949;0.0278694;0.980944;1;2;1
1227.53;1204.06;-0.563778;2.43736;-0.00142101;-0.000627742;0.000443397;-0.000429465;-0.00161929;1.00051;0.00358577;0.00561597;0.998101;0.0214018;0.986641;1;3;1
1250.53;1204.06;-0.616821;2.43913;-0.00236736;5.95644e-05;0.000589681;0.000195255;-0.00250305;0.999574;-0.00310688;-0.00200107;0.999753;0.0191587;0.98968;1;4;1
1273.53;1204.06;-0.672858;2.36844;-0.00242868;0.000175834;-0.000481127;0.00026187;-0.00251471;0.996689;-0.00271719;0.00639278;1.0017;0.0257532;0.991653;1;3;1
31.5305;1181.06;-0.958933;4.07051;0.00182619;-0.000366052;-0.000502869;0.00193604;-0.000475898;0.999393;0.000285901;-0.00129392;1.00104;0.0215032;0.986401;1;3;1
54.5305;1181.06;-0.916997;4.03456;0.00147714;-0.00154185;-0.000584049;0.00158619;-0.0016509;1.00308;0.00452527;0.0065106;1.0069;0.0216717;0.989186;1;3;1
77.5306;1181.06;-0.891141;3.97132;0.000511889;-0.000549223;5.04699e-05;0.000514285;-0.000551618;1.00712;-0.00320551;-0.0057956;1.0097;0.0265229;0.98904;1;3;1
100.531;1181.06;-0.893456;4.02693;0.00363058;0.000857474;0.000134029;0.00363704;0.000851011;1.00191;-0.00651591;-0.000995471;1.00056;0.0175911;0.993989;1;3;1
123.531;1181.06;-0.724445;3.99877;0.00374049;-0.000140358;7.23837e-06;0.0037405;-0.000140372;1.00729;0.00433961;0.000207149;1.00058;0.0198452;0.993567;1;3;1
146.531;1181.06;-0.721716;4.01637;0.000646637;-0.000958411;-5.147e-05;0.000648286;-0.00096006;0.999032;-0.00258993;0.00123748;0.998952;0.0203938;0.989252;1;3;1
169.531;1181.06;-0.694723;3.96276;0.00281565;-0.00170108;-0.000404912;0.00285166;-0.00173709;1.00219;-0.000457776;0.00381283;0.998913;0.0205987;0.988661;1;3;1
192.531;1181.06;-0.592511;3.90564;0.00325249;-0.00126866;-0.000156913;0.00325793;-0.0012741;1.00574;-0.00661566;0.00484199;1.0025;0.0209961;0.988485;1;3;1
215.531;1181.06;-0.545461;3.86205;0.000216174;0.000315209;-0.000334254;0.000603593;-7.22098e-05;0.994762;-0.0063145;-0.00273934;0.998394;0.0222388;0.987581;1;3;1
238.531;1181.06;-0.582589;3.86145;-0.00126695;-0.000465639;-0.000870527;9.20069e-05;-0.0018246;1.00445;-0.000833491;0.000131959;1.00058;0.0197059;0.993576;1;2;1
261.531;1181.06;-0.603781;3.84515;0.000413326;-0.00146865;-0.000749583;0.00067539;-0.00173071;0.991957;-0.00100109;0.00321384;0.998074;0.0215609;0.990475;1;3;1
284.531;1181.06;-0.563604;3.81396;0.00185338;0.000308621;-0.00143251;0.00270847;-0.00054647;1.00436;0.00432949;-0.000255336;0.999438;0.0192589;0.99284;1;3;1
307.531;1181.06;-0.518634;3.79308;0.00280735;-0.00132947;-0.000279253;0.00282612;-0.00134824;1.00073;-0.000932023;-0.000998642;0.999054;0.0213978;0.988914;1;3;1
330.531;1181.06;-0.434664;3.77462;0.00123256;-0.00167693;0.000443333;0.00129862;-0.00174298;1.00298;0.0031943;-5.85525e-05;0.999592;0.0196971;0.990177;1;3;1
353.531;1181.06;-0.461976;3.7719;0.000368623;-0.000254329;0.000585872;0.000720671;-0.000606377;1.00004;-0.00405731;0.00238952;1.00028;0.0171592;0.992626;1;3;1
376.531;1181.06;-0.417713;3.75902;0.001994;-0.00117488;-0.000782828;0.00217683;-0.00135772;0.999257;-0.00253685;0.000405971;0.998531;0.0197789;0.990791;1;3;1
399.531;1181.06;-0.370423;3.68602;0.00212523;0.000295709;-0.000740824;0.00238759;3.33516e-05;1.00268;-0.00177066;0.00561938;1.00138;0.0181024;0.988904;1;2;1
422.531;1181.06;-0.320241;3.62825;0.00172207;-0.00108018;-0.000616586;0.00185174;-0.00120985;1.002;-0.00186392;0.00330041;1.00218;0.0184521;0.98954;1;3;1
445.531;1181.06;-0.291413;3.57342;0.000506195;-0.0030251;-0.000142342;0.000511924;-0.00303083;1.00096;0.00626608;-0.00285334;0.995323;0.0205113;0.987419;1;3;1
468.531;1181.06;-0.296968;3.60434;-0.000497625;-0.00219002;0.000604952;-0.000303623;-0.00238403;0.999896;0.0063776;0.00106674;1.00234;0.0235853;0.98509;1;3;1
491.531;1181.06;-0.31431;3.56819;0.000176142;-0.000127307;-0.000935377;0.00097202;-0.000923185;0.998035;0.00471194;0.0039851;1.00086;0.0194719;0.989333;1;2;1
514.531;1181.06;-0.288894;3.5543;4.26898e-05;-0.00150703;-0.0007958;0.000378552;-0.0018429;0.996344;0.00460531;0.000262306;0.999501;0.0206408;0.988928;1;3;1
537.531;1181.06;-0.312466;3.46356;-0.00057215;-0.00188418;-0.000924063;-9.492e-05;-0.00236142;0.999781;0.00207132;-0.00149435;1.00105;0.0229231;0.981947;1;3;1
560.531;1181.06;-0.315322;3.45763;0.0010353;-0.000633187;0.000711152;0.00129728;-0.000895163;1.00575;-0.00434616;0.00497089;0.999072;0.0212807;0.984315;1;3;1
583.531;1181.06;-0.264868;3.44936;0.00199804;-6.04188e-05;-0.000384066;0.00206737;-0.000129743;0.997463;0.0010258;-0.00224631;1.00275;0.0203287;0.986403;1;3;1
606.531;1181.06;-0.223505;3.46888;0.000357977;-0.00044545;0.000827442;0.000876065;-0.000963537;0.997961;-0.0030251;0.0042013;1.00245;0.0222161;0.988186;1;3;1
629.531;1181.06;-0.24845;3.38426;5.40819e-05;-0.00155813;-0.00122208;0.000711973;-0.00221603;1.00238;0.00319486;0.00208757;1.00059;0.021884;0.984353;1;3;1
652.531;1181.06;-0.221233;3.3281;0.00135026;-0.00204293;-0.00038896;0.00139428;-0.00208695;1.00358;-0.000351066;0.00198875;0.999175;0.021418;0.983681;1;4;1
675.531;1181.06;-0.186392;3.35068;0.00113968;-0.00169313;0.00104841;0.00148548;-0.00203893;1.00099;-0.00146091;0.00426693;0.999157;0.0265778;0.980807;1;3;1
698.531;1181.06;-0.16885;3.29438;-0.00153076;-0.00356674;-0.000450344;-0.0014356;-0.00366191;0.994041;-0.00257655;-0.00275429;0.995571;0.0210909;0.989337;1;3;1
721.531;1181.06;-0.256921;3.27656;-0.000562037;-0.00313125;-0.00145229;9.22643e-05;-0.00378555;1.00048;0.000962505;0.00340443;1.00047;0.0259656;0.981058;1;3;1
744.531;1181.06;-0.194768;3.22189;0.000608785;-0.00253124;-0.000248593;0.000628344;-0.00255079;0.999097;-0.00525405;0.00181075;0.999933;0.0215152;0.986584;1;4;1
767.531;1181.06;-0.22897;3.2122;-0.00246332;-0.00251949;-2.61565e-05;-0.00245302;-0.00252978;0.997645;-0.00676717;0.000828418;1.00021;0.0264432;0.9834;1;3;1
790.531;1181.06;-0.308295;3.13892;-0.00208466;-0.000193271;-0.00246143;0.00149788;-0.00377582;0.995433;0.00820133;0.00751065;1.00105;0.0222675;0.982595;1;3;1
813.531;1181.06;-0.325025;3.13832;-0.000427752;-0.00199059;-0.00028098;-0.000378771;-0.00203957;1.00428;-0.00204113;-0.00248976;1.00053;0.029638;0.971532;1;4;1
836.531;1181.06;-0.327982;3.11555;0.00187408;0.000556739;-0.00147806;0.00283359;-0.000402772;1.00363;0.0113809;0.00380015;1.00297;0.0303218;0.962788;1;3;1
859.531;1181.06;-0.239062;3.01509;0.000884992;-0.00280883;-0.00097322;0.00112572;-0.00304956;1.00709;-0.00061566;0.00873854;0.99494;0.0325278;0.966565;1;4;1
882.531;1181.06;-0.287368;3.0309;-0.00150154;-0.00226058;0.000353792;-0.00136221;-0.00239991;0.991633;0.00717204;-0.00732021;0.992721;0.029087;0.976907;1;3;1
905.531;1181.06;-0.308191;3.03809;0.00078995;-0.00192436;-0.00162613;0.00155085;-0.00268526;1.00177;0.0111653;0.00266839;0.995389;0.0263952;0.980521;1;4;1
928.531;1181.06;-0.251249;2.89371;9.21617e-05;-0.00298982;0.000102934;9.55957e-05;-0.00299326;0.99458;0.00145907;0.00403428;0.993351;0.0345871;0.960435;1;3;1
951.531;1181.06;-0.304057;2.93956;-0.00135935;-0.00144894;0.000720982;-0.000681774;-0.00212652;1.00758;-0.00291966;0.00739743;0.997392;0.0224548;0.98278;1;3;1
974.531;1181.06;-0.313828;2.87104;0.0011237;-0.000385811;0.000675816;0.00138205;-0.000644161;0.995736;-0.00305291;-5.9054e-05;0.99973;0.0215474;0.98896;1;3;1
997.531;1181.06;-0.25247;2.85691;0.00302639;-0.00392971;-0.00118843;0.00322382;-0.00412714;1.00353;-0.00530594;0.00116174;0.994965;0.0270025;0.97248;1;3;1
1020.53;1181.06;-0.174852;2.82007;-0.00107794;-0.00185407;-0.00226331;0.000830336;-0.00376234;1.00109;-0.00407053;0.00329897;0.999657;0.0305754;0.971886;1;4;1
1043.53;1181.06;-0.302635;2.63148;-0.00323384;-0.000201689;0.000773289;-1.5865e-05;-0.00341966;0.990819;-0.00681521;-0.000885643;1.00179;0.0266444;0.981191;1;4;1
1066.53;1181.06;-0.323944;2.72691;-0.000550903;-0.00287969;-0.000450795;-0.000466686;-0.00296391;1.00695;-0.00496528;0.00257994;0.999781;0.0299783;0.966131;1;3;1
1089.53;1181.06;-0.327986;2.64755;-0.00105507;-0.00247884;-0.00247506;0.000808455;-0.00434236;1.00047;0.0028033;4.59175e-05;1.0009;0.0261526;0.976237;1;4;1
1112.53;1181.06;-0.37261;2.62771;-0.00135345;-0.0026791;-0.000867992;-0.000924145;-0.0031084;0.99268;-0.00310718;0.00326965;0.993162;0.0219038;0.984927;1;3;1
1135.53;1181.06;-0.390288;2.63994;-0.0038007;-0.0021781;0.00141978;-0.00135417;-0.00462462;0.996897;-0.00508301;-5.95108e-05;1.00007;0.0239898;0.982394;1;3;1
1158.53;1181.06;-0.54778;2.60777;-0.00151157;-0.0013507;0.000899505;-0.000528042;-0.00233423;1.00521;-0.00473691;0.00461907;1.0031;0.0254362;0.977708;1;4;1
1181.53;1181.06;-0.459966;2.54722;6.42707e-05;-0.00110616;0.000319444;0.00014578;-0.00118767;0.993736;-0.00226095;-0.00290774;1.00191;0.0242554;0.982519;1;3;1
1204.53;1181.06;-0.544879;2.53622;-0.00318414;-0.00151215;-0.000974608;-0.00106411;-0.00363218;0.996127;-0.0050807;0.00166693;0.994994;0.0208163;0.988237;1;3;1
1227.53;1181.06;-0.60674;2.46753;-0.00256785;-0.0026353;-0.000222318;-0.00237671;-0.00282644;0.998266;-0.00175627;0.0011362;1.0014;0.0227458;0.985849;1;3;1
1250.53;1181.06;-0.66323;2.45173;-0.000917501;-0.00055693;0.000645335;-6.71706e-05;-0.00140726;0.994545;0.00126621;0.00357356;1.00082;0.0226043;0.989907;1;3;1
1273.53;1181.06;-0.649013;2.4009;0.000620788;-0.00228471;-0.000892835;0.000873217;-0.00253714;0.996715;-0.00340314;0.000282382;0.997029;0.0254868;0.988455;1;3;1
31.5305;1158.06;-0.962418;4.06609;0.000488596;-0.00047059;0.000203386;0.000529939;-0.000511934;0.995237;0.00337985;-0.00418133;1.00269;0.0230341;0.986592;1;3;1
54.5305;1158.06;-0.951185;4.07549;0.00241665;-0.00207554;-0.000821371;0.00256212;-0.00222101;1.00263;-4.16743e-05;0.00627625;0.993244;0.0217912;0.991432;1;3;1
77.5306;1158.06;-0.851424;4.00732;0.00357458;-0.0020256;-0.00146187;0.00393322;-0.00238424;1.00874;0.00701711;-5.13948e-05;0.995045;0.0239471;0.990528;1;3;1
100.531;1158.06;-0.78732;3.91667;0.00219248;0.000530973;-0.00175779;0.00330594;-0.000582485;0.986682;0.00120229;-0.00323959;0.997173;0.0217772;0.989847;1;3;1
123.531;1158.06;-0.750682;3.99286;0.00176524;-0.000164012;0.00159386;0.00266365;-0.00106242;1.00668;-0.00261047;-0.00128673;0.996056;0.0220623;0.992442;1;2;1
146.531;1158.06;-0.706261;3.99726;-0.000389434;0.000111904;0.000522852;0.00044107;-0.0007186;0.991533;0.00275489;0.000396471;0.996772;0.0189889;0.990388;1;3;1
169.531;1158.06;-0.7686;3.99772;-4.01717e-06;-0.000173356;-0.000486545;0.00040517;-0.000582543;1.00189;0.000610105;0.00344285;0.99815;0.0207088;0.989225;1;2;1
192.531;1158.06;-0.706492;3.93255;0.00276785;-0.000757469;-0.000643265;0.00288156;-0.000871177;1.00701;-0.000324001;0.00376506;1.00024;0.0208781;0.986565;1;3;1
215.531;1158.06;-0.641624;3.87271;0.00277106;-0.00227555;0.000312571;0.00279034;-0.00229484;1.00063;-0.000803416;0.0010257;0.998041;0.0209009;0.989161;1;3;1
238.531;1158.06;-0.579221;3.88774;0.00132957;-0.00197394;0.00047663;0.00139696;-0.00204133;1.00225;0.00444288;0.000857598;0.996163;0.0177338;0.994222;1;3;1
261.531;1158.06;-0.580504;3.87586;0.00155901;-0.00199274;-0.00073689;0.00170583;-0.00213955;0.999921;0.000241939;0.000562615;0.998684;0.022742;0.987674;1;3;1
284.531;1158.06;-0.50762;3.81454;0.00222716;-0.000802623;-0.00015604;0.00223518;-0.000810638;1.00432;0.00518571;0.00177707;1.00132;0.0193674;0.989642;1;3;1
307.531;1158.06;-0.478169;3.87012;0.000457428;-0.00109574;0.000167392;0.000475264;-0.00111357;0.998847;0.0015037;6.88807e-05;0.996976;0.0211339;0.98695;1;3;1
330.531;1158.06;-0.486586;3.82938;0.000382026;0.00099037;-0.000434667;0.00121672;0.000155674;1.00121;-0.00011227;0.000226508;0.995919;0.021568;0.990581;1;3;1
353.531;1158.06;-0.460774;3.74339;0.000242978;-0.00056643;-0.000675095;0.000625382;-0.000948833;0.996743;0.00213048;0.000383251;0.999022;0.0209264;0.9887;1;2;1
376.531;1158.06;-0.475502;3.73751;0.00031482;0.000355951;-9.58537e-06;0.000358075;0.000312696;1.00064;-0.00258762;0.00161644;0.998837;0.018922;0.992425;1;3;1
399.531;1158.06;-0.446325;3.68989;0.00310527;-0.00056617;-0.000311901;0.00313158;-0.000592478;0.998995;-0.00302289;0.00425836;0.994511;0.0184517;0.991759;1;3;1
422.531;1158.06;-0.332975;3.64429;0.0022042;-0.00172518;0.000796944;0.00235968;-0.00188067;1.00203;-0.00127565;-0.001308;0.996342;0.0192369;0.989215;1;3;1
445.531;1158.06;-0.345048;3.67023;-4.06463e-05;-0.00176273;0.00110456;0.000498829;-0.0023022;1.00112;-0.00338923;0.00031072;0.995867;0.0171402;0.992201;1;3;1
468.531;1158.06;-0.334846;3.63223;0.00132669;-0.000231412;-0.000847622;0.00169889;-0.000603613;0.999023;-0.0047543;0.00219213;0.998184;0.0208998;0.985774;1;3;1
491.531;1158.06;-0.284255;3.5364;0.000321845;9.04081e-05;-0.000950196;0.00116334;-0.00075109;0.99593;-0.00279192;0.00343138;0.998008;0.0197653;0.989031;1;3;1
514.531;1158.06;-0.320137;3.53935;0.000478541;0.000320113;-6.50895e-06;0.000478808;0.000319846;1.00117;-0.00668254;0.00137632;0.995909;0.0184143;0.991304;1;3;1
537.531;1158.06;-0.262264;3.49716;-0.000142909;-0.00122488;-0.000484553;4.23673e-05;-0.00141016;0.9982;-0.00144751;-0.00049816;0.996861;0.027453;0.976741;1;3;1
560.531;1158.06;-0.326724;3.50477;0.000988087;-0.00188183;-0.00162296;0.00171949;-0.00261323;1.00625;0.000102289;0.00445289;0.997964;0.0215376;0.98759;1;3;1
583.531;1158.06;-0.216898;3.42099;-0.000556014;-0.00129289;-0.00117246;0.000304538;-0.00215344;0.996549;0.000601265;0.00111981;0.995647;0.0229405;0.980301;1;3;1
606.531;1158.06;-0.35245;3.39073;-0.00104203;0.00165092;0.000474891;0.00173221;-0.00112332;1.00087;-0.0101254;0.00361226;0.998127;0.0238372;0.981193;1;4;1
629.531;1158.06;-0.264857;3.41007;0.00363283;-1.8854e-05;0.00056409;0.00371799;-0.000104006;1.00582;-0.00648542;0.00122618;0.993624;0.0224245;0.985755;1;3;1
652.531;1158.06;-0.185653;3.35837;-0.000506828;-0.000867905;-0.000827362;0.000159464;-0.0015342;0.996158;0.00296108;-0.00201672;0.995844;0.020144;0.990932;1;3;1
675.531;1158.06;-0.288276;3.31485;-0.000358887;-0.000772114;0.00102023;0.000475441;-0.00160644;0.999999;-0.00570954;0.00649145;0.998567;0.0235697;0.984353;1;3;1
698.531;1158.06;-0.202188;3.31271;0.00334931;-0.000174768;0.00118674;0.00371168;-0.000537141;1.0049;0.000882299;-0.00117677;0.999972;0.0245715;0.990274;1;3;1
721.531;1158.06;-0.134483;3.2737;-0.00133586;-0.00145034;-0.00153765;0.00014562;-0.00293182;0.992697;0.000414939;0.000804864;1.00248;0.022745;0.984864;1;3;1
744.531;1158.06;-0.263711;3.25766;-0.00316138;-0.000957981;0.000483464;-0.000856568;-0.00326279;0.998786;-0.000851197;0.00366638;0.994848;0.0207844;0.985816;1;4;1
767.531;1158.06;-0.280146;3.24578;0.000888201;-0.00110052;-0.00036068;0.000951595;-0.00116391;1.00386;-0.00225024;0.00287857;1.00075;0.0204264;0.988338;1;3;1
790.531;1158.06;-0.223052;3.12877;3.95419e-05;-0.000750403;-0.00133886;0.00104047;-0.00175133;1.00204;-0.000858835;0.00415287;1.00218;0.024573;0.978267;1;3;1
813.531;1158.06;-0.278563;3.09841;-0.000173723;0.000699455;-0.00133235;0.00166493;-0.0011392;0.995149;0.00323727;0.00134311;0.999808;0.0237628;0.985461;1;3;1
836.531;1158.06;-0.23116;3.02574;0.00238563;-0.000351367;-0.00235226;0.00373852;-0.00170425;0.99987;-0.00402334;0.00204664;0.990568;0.0276979;0.964884;1;3;1
859.531;1158.06;-0.168998;3.03466;0.000475226;-0.0011711;-5.54402e-05;0.000477091;-0.00117297;1.0035;0.00402061;0.000637103;0.999654;0.0249561;0.976276;1;4;1
882.531;1158.06;-0.209319;2.98956;-0.00300659;0.00107951;-0.000318193;0.00110414;-0.00303122;0.997745;-0.00445605;-0.00406423;1.00702;0.0288382;0.974019;1;4;1
905.531;1158.06;-0.307516;3.0109;-0.00314259;0.00052026;0.000384442;0.000560175;-0.00318251;0.992222;-0.00492124;0.00287951;1.00538;0.0229915;0.982059;1;4;1
928.531;1158.06;-0.354106;2.9947;-0.00180477;-0.00291155;0.000203264;-0.00176862;-0.0029477;0.999171;0.000226607;-0.000228216;1.00257;0.0268151;0.978577;1;3;1
951.531;1158.06;-0.390681;2.93056;-0.00192734;-0.00163202;-0.00121654;-0.000554211;-0.00300515;0.995339;-0.00110494;0.00454571;0.997041;0.0283159;0.97934;1;3;1
974.531;1158.06;-0.443192;2.81739;0.00298018;-0.00147492;0.000373991;0.00301136;-0.0015061;1.00739;0.00475073;-0.000791128;0.990415;0.0260028;0.980076;1;3;1
997.531;1158.06;-0.253806;2.90092;0.0012332;-0.00188131;0.000888057;0.00146862;-0.00211673;0.9986;0.00556495;-0.000630985;0.987993;0.0322063;0.973445;1;3;1
1020.53;1158.06;-0.386501;2.82743;-0.00324379;-0.00304017;4.68276e-05;-0.00302992;-0.00325404;0.995793;-0.000927951;0.00387763;0.993128;0.0252844;0.973801;1;3;1
1043.53;1158.06;-0.403475;2.76156;0.000726129;-0.00504038;0.000384566;0.000751662;-0.00506591;1.00719;0.00540527;-0.00270207;0.98872;0.0233768;0.985548;1;4;1
1066.53;1158.06;-0.353114;2.81032;0.000667508;-0.00163542;0.000971055;0.0010223;-0.00199022;1.00039;0.000690009;-0.000463048;0.994314;0.0211315;0.985238;1;4;1
1089.53;1158.06;-0.372782;2.7464;0.000440232;-0.00268978;-0.000598696;0.00055084;-0.00280039;1;0.0066777;0.00686995;1.00003;0.023248;0.9851;1;3;1
1112.53;1158.06;-0.333034;2.68665;-0.00314649;-0.00119359;-0.000164594;-0.00117981;-0.00316026;0.993811;-0.00638291;0.00452912;1.00103;0.0263486;0.980857;1;4;1
1135.53;1158.06;-0.517864;2.64388;-0.00616453;-0.00130331;0.000446248;-0.00126269;-0.00620516;0.990068;0.00063247;-0.00291142;0.998134;0.0237323;0.981367;1;3;1
1158.53;1158.06;-0.61755;2.60766;-0.00225717;-0.00203474;-0.000846041;-0.00129264;-0.00299928;0.997903;0.00170565;0.00275091;1.00026;0.0270755;0.976025;1;3;1
1181.53;1158.06;-0.621852;2.58245;0.00166072;-0.00309843;0.000267368;0.00167569;-0.0031134;1.00679;-0.00491124;0.00160467;0.994805;0.0257473;0.980906;1;4;1
1204.53;1158.06;-0.541266;2.54288;-0.000128341;-0.00179466;0.00056398;4.45955e-05;-0.00196759;0.995466;-0.00115141;-0.00133257;1.00115;0.0258854;0.979966;1;3;1
1227.53;1158.06;-0.627762;2.55879;-0.00437239;-0.00303274;-0.00052192;-0.00285341;-0.00455172;0.996121;-0.00588841;0.00454757;0.996937;0.0223061;0.986959;1;3;1
1250.53;1158.06;-0.742904;2.46493;-0.00139669;-0.00254249;9.85493e-05;-0.00138828;-0.0025509;0.99431;-0.00177209;0.000295797;0.9989;0.0204061;0.990338;1;3;1
1273.53;1158.06;-0.692134;2.47366;0.00220989;-0.00122699;0.00167002;0.0028877;-0.00190479;1.00142;0.0057053;-0.00102514;1.00279;0.0255228;0.987239;1;4;1
31.5305;1135.06;-0.95885;4.09216;0.00255838;-0.000130541;0.00177739;0.00344252;-0.00101469;1.00192;-0.00349638;0.00343652;0.996206;0.0212388;0.990402;1;3;1
54.5305;1135.06;-0.900114;4.13014;0.000952724;-0.000484956;-0.000752009;0.0012742;-0.000806428;1.00054;-0.00766337;0.00171982;1.01015;0.0241089;0.986107;1;4;1
77.5306;1135.06;-0.915054;4.0646;0.00334829;-0.00166595;-0.000876134;0.00349696;-0.00181463;1.00523;-0.00436849;0.00085046;0.997642;0.0213282;0.992327;1;3;1
100.531;1135.06;-0.746526;4.00275;0.00271462;-0.0031277;0.000690136;0.00279504;-0.00320811;0.999539;0.00117859;-0.000550399;1.00008;0.0218357;0.991343;1;3;1
123.531;1135.06;-0.790387;4.00636;-0.000400989;-0.00170362;0.000983436;0.000127255;-0.00223186;1.00486;-0.00133509;0.002564;1.00072;0.0191286;0.992497;1;3;1
146.531;1135.06;-0.764976;4.01124;0.00164779;0.000228613;0.000875355;0.00206504;-0.000188636;0.995877;-0.00240858;0.00199311;1.00787;0.0211745;0.989914;1;3;1
169.531;1135.06;-0.714665;3.97074;0.00232787;0.00124546;-0.00012038;0.0023411;0.00123223;1.00171;-0.00457563;0.000657812;1.00513;0.0221887;0.985261;1;3;1
192.531;1135.06;-0.658072;3.94055;0.00208797;0.000142643;0.000727467;0.00232992;-9.93052e-05;1.00196;-0.00443456;0.00242987;0.998912;0.0211316;0.991934;1;3;1
215.531;1135.06;-0.618719;3.9669;0.00075763;-0.00166054;0.000265094;0.00078635;-0.00168926;1.00348;0.00164386;-0.00268343;0.996231;0.0202571;0.989561;1;3;1
238.531;1135.06;-0.623236;3.95236;0.000210732;-0.000846639;0.000658465;0.000526491;-0.0011624;0.998715;-0.00481134;0.00388882;0.999575;0.0216557;0.985949;1;3;1
261.531;1135.06;-0.609036;3.93691;0.00148691;-0.00244647;-0.000847783;0.00166186;-0.00262141;1.00226;-0.00139413;-0.0039737;0.996072;0.0264586;0.982343;1;3;1
284.531;1135.06;-0.555;3.8509;0.00195659;-0.00246664;-0.000180127;0.00196391;-0.00247397;1.00029;-0.00797995;0.00579857;0.993697;0.0254311;0.978676;1;4;1
307.531;1135.06;-0.519215;3.84351;0.000732022;-8.50658e-05;-0.000304397;0.000832953;-0.000185998;0.998033;-0.00748895;0.0039419;1.0026;0.021297;0.986808;1;3;1
330.531;1135.06;-0.521501;3.72916;0.0005993;0.000513075;-0.000357948;0.000916722;0.000195652;1.00802;-0.00991758;-0.00692958;1.00232;0.0234168;0.991384;1;3;1
353.531;1135.06;-0.491678;3.79797;0.00111299;-0.00200856;0.000341749;0.00114996;-0.00204554;1.00109;-0.00322681;-0.00088212;0.994338;0.0233663;0.982254;1;3;1
376.531;1135.06;-0.470334;3.74268;0.00124131;-0.000846688;-0.00102833;0.00166271;-0.00126809;1.00165;0.00284202;0.00636776;0.998579;0.0240766;0.981585;1;3;1
399.531;1135.06;-0.434693;3.71211;0.00124786;-0.0017614;-0.00035569;0.00128933;-0.00180287;0.999207;0.00060327;-0.00211155;1.00196;0.0191855;0.992105;1;3;1
422.531;1135.06;-0.412981;3.70777;0.000644942;-0.00234298;0.000321944;0.000679237;-0.00237728;1.00088;-0.00266711;0.000587166;1.00049;0.0207213;0.988827;1;3;1
445.531;1135.06;-0.405071;3.65472;0.0013131;0.00093297;-0.000194217;0.00139478;0.00085129;1.00034;-0.0104794;0.00193289;1.00531;0.0183472;0.988884;1;3;1
468.531;1135.06;-0.352712;3.61502;0.00185777;-0.000930488;2.57366e-05;0.001858;-0.000930725;0.99842;-0.000191569;0.000627628;0.999929;0.0215118;0.986436;1;4;1
491.531;1135.06;-0.319782;3.56403;0.000548855;-0.00126766;0.000444872;0.000651954;-0.00137076;0.994597;-0.00122729;0.00178993;1.00099;0.0214458;0.987839;1;3;1
514.531;1135.06;-0.327533;3.5396;0.000377893;-0.00113028;-2.17597e-05;0.000378207;-0.00113059;1.00048;0.00158173;0.00601054;1.00164;0.023415;0.984691;1;3;1
537.531;1135.06;-0.302424;3.51994;0.00185891;-0.0016689;0.000738105;0.00200712;-0.0018171;1.00402;0.000650251;-0.00436422;0.998399;0.0248149;0.982253;1;3;1
560.531;1135.06;-0.242103;3.54433;0.000685539;-0.00209973;-0.000814499;0.000906236;-0.00232043;1.00538;0.00160899;0.00226998;0.998189;0.0208884;0.986614;1;4;1
583.531;1135.06;-0.270901;3.50887;-0.000778913;-0.00296451;-0.00115519;-0.000281528;-0.00346189;0.995362;-0.00738805;0.00381964;1.00065;0.020216;0.990126;1;4;1
606.531;1135.06;-0.278196;3.39303;-0.00133242;-0.00178553;-0.00260536;0.00105622;-0.00417417;1.00088;0.0103815;0.0030412;1.00257;0.0193138;0.988519;1;4;1
629.531;1135.06;-0.3324;3.3852;0.000825269;-2.85351e-05;-0.000123713;0.000842833;-4.60992e-05;0.998323;0.00323818;-0.00307569;1.00621;0.0230107;0.986632;1;3;1
652.531;1135.06;-0.240256;3.36805;0.000140815;-0.00226151;0.00123751;0.000664245;-0.00278494;0.998967;-0.00296633;0.0025503;1.00079;0.023009;0.985186;1;3;1
675.531;1135.06;-0.325923;3.38642;-0.0017023;-6.44047e-05;-0.000805411;0.000265282;-0.00203199;0.998715;0.00565049;0.00232145;1.0002;0.0224687;0.980216;1;3;1
698.531;1135.06;-0.318675;3.30267;0.00338901;-0.000319519;0.000553708;0.00346991;-0.000400427;1.00006;5.93691e-05;-0.000944554;0.999959;0.0269712;0.982344;1;4;1
721.531;1135.06;-0.170312;3.34341;0.00111635;-0.00195547;0.000968938;0.00139644;-0.00223556;1.00796;0.00277253;-0.0011933;0.994833;0.0218701;0.986446;1;3;1
744.531;1135.06;-0.267366;3.26603;-0.00334367;-0.00167504;-0.000612354;-0.00147444;-0.00354428;0.986038;0.00103608;0.0059046;1.00205;0.0220245;0.986061;1;3;1
767.531;1135.06;-0.324449;3.26296;-0.00141032;0.000452479;-6.40881e-05;0.000454682;-0.00141252;0.999563;0.00171617;0.000237139;0.995895;0.0244455;0.978957;1;4;1
790.531;1135.06;-0.33238;3.17345;0.000416677;-0.00141118;-0.000801347;0.000718241;-0.00171275;1.00242;-0.00476906;0.00171703;0.99678;0.0226084;0.982809;1;4;1
813.531;1135.06;-0.305553;3.10616;0.0034129;-0.00251856;-0.000501406;0.00345499;-0.00256065;1.00554;0.00141338;0.00260234;0.997429;0.0246321;0.979678;1;3;1
836.531;1135.06;-0.175672;3.13197;0.000771784;-0.00310467;0.000599494;0.000862379;-0.00319526;0.995917;2.27249e-06;0.000955037;1.00243;0.0219644;0.987151;1;4;1
859.531;1135.06;-0.27008;3.06901;-0.0023003;-0.00244832;-0.000214128;-0.00214775;-0.00260087;0.999047;-0.011799;0.00160091;1.00007;0.0281771;0.972084;1;3;1
882.531;1135.06;-0.281855;2.98127;-0.00148586;-0.00194941;0.000288126;-0.00134786;-0.00208741;0.996509;0.0013779;-0.00182575;0.995849;0.0258521;0.972395;1;4;1
905.531;1135.06;-0.338513;3.01417;-0.00148501;-0.000792477;0.00102133;-6.03087e-05;-0.00221718;1.00166;-0.000825633;0.00122335;0.998771;0.025795;0.975449;1;3;1
928.531;1135.06;-0.35024;3.02795;-0.000668657;-0.0011736;0.000230013;-0.000579591;-0.00126266;0.99923;0.00477126;0.000448922;0.997269;0.0299276;0.972644;1;3;1
951.531;1135.06;-0.369282;3.01474;-0.000593614;-0.00188138;-0.00206418;0.000924778;-0.00339977;0.999199;-0.000704809;0.00502193;1.001;0.0231814;0.979952;1;3;1
974.531;1135.06;-0.377641;2.93898;0.000984583;-0.00406063;-0.00144117;0.00136723;-0.00444328;0.999142;0.000887001;0.00161162;1.00273;0.0215913;0.988781;1;3;1
997.531;1135.06;-0.324068;2.94358;0.00128524;-0.000120985;0.00186175;0.00257222;-0.00140797;1.01;-0.00210468;-0.000947368;1.00493;0.0225825;0.985867;1;4;1
1020.53;1135.06;-0.318563;2.96035;-0.00067067;-0.0038196;-0.000730935;-0.000509277;-0.003981;0.994854;0.00136214;0.00443314;0.993949;0.025602;0.983234;1;4;1
1043.53;1135.06;-0.354998;2.86395;-0.00237777;-0.00324647;-0.00110293;-0.00162675;-0.00399749;0.99368;-0.000551007;-0.00200627;1.0011;0.0279482;0.973608;1;4;1
1066.53;1135.06;-0.428343;2.80232;-0.000893475;0.000199733;0.000922647;0.000725535;-0.00141928;1.00408;-0.00803971;0.00353256;1.00358;0.0250392;0.97657;1;3;1
1089.53;1135.06;-0.396209;2.7715;-0.000687683;-0.000919855;0.000510191;-0.000280538;-0.001327;0.999466;-0.00394723;0.00178744;0.99508;0.0262066;0.974284;1;3;1
1112.53;1135.06;-0.460142;2.68274;-0.00249062;-0.00119495;0.00110175;-0.000564688;-0.00312089;0.994715;-0.000950098;-0.00255951;1.00105;0.0256882;0.980713;1;3;1
1135.53;1135.06;-0.510977;2.70009;-0.00154364;-0.00204843;0.000833345;-0.000925309;-0.00266676;0.994048;0.000296433;-0.00174854;0.994212;0.0219547;0.980383;1;4;1
1158.53;1135.06;-0.531209;2.70147;-0.000826131;-0.00264279;-0.000195745;-0.000805279;-0.00266364;1.00349;0.00289432;0.00163904;0.993996;0.0230527;0.980995;1;3;1
1181.53;1135.06;-0.548996;2.69005;-0.00193541;-0.00116708;-0.00110549;-0.000380912;-0.00272158;0.997358;-0.00475661;0.006294;0.998371;0.0272365;0.982145;1;4;1
1204.53;1135.06;-0.620398;2.61891;-0.00190034;-0.00200632;0.000475848;-0.00147454;-0.00243212;0.999725;-0.00412884;0.00162968;0.996181;0.0249887;0.981915;1;3;1
1227.53;1135.06;-0.636569;2.60726;-0.00297185;-0.00030689;-0.000273992;-0.000279012;-0.00299973;0.999563;0.00248036;-0.00133263;0.999772;0.021768;0.989365;1;3;1
1250.53;1135.06;-0.757334;2.56893;-0.00321415;-0.00294638;-0.00164936;-0.00142548;-0.00473505;0.995217;0.00244696;0.00326471;0.994657;0.0226457;0.984135;1;3;1
1273.53;1135.06;-0.784903;2.45757;-0.00118618;-0.00068562;-0.0015062;0.000590951;-0.00246275;0.990419;-0.00801163;0.0075774;0.994376;0.0273248;0.983618;1;3;1
31.5305;1112.06;-1.04978;4.07217;0.00611462;0.000641505;0.00230052;0.00695313;-0.000197006;0.997019;-0.000816384;0.00252753;1.00282;0.0244578;0.985723;1;3;1
54.5305;1112.06;-0.909587;4.09782;0.0033086;0.0011784;0.0015661;0.00413746;0.000349536;1.00498;-0.000550301;-0.0051492;0.995022;0.0245956;0.98515;1;3;1
77.5306;1112.06;-0.897839;4.08404;2.30946e-05;-0.000334958;0.000592827;0.000463337;-0.000775201;0.99975;-0.00683166;0.00539275;0.997923;0.0257101;0.985195;1;3;1
100.531;1112.06;-0.90854;4.06093;0.00141687;-0.00228598;0.00171431;0.00208867;-0.00295777;1.00449;-0.00407599;-0.00272363;0.995722;0.0223662;0.989182;1;3;1
123.531;1112.06;-0.832711;4.07137;0.00187927;-0.000301379;0.000639345;0.0020529;-0.000475005;0.998094;-0.00551091;0.00295956;0.998691;0.0191986;0.993764;1;3;1
146.531;1112.06;-0.822234;3.9869;0.000102744;-0.00122606;-0.00114018;0.000757976;-0.0018813;1.00391;-0.00585601;0.00341472;0.991681;0.018914;0.995163;1;3;1
169.531;1112.06;-0.828171;3.94051;0.000982324;-0.00182139;-0.000360844;0.00102802;-0.00186708;0.997062;-0.00577233;0.00388181;0.993378;0.022693;0.985735;1;3;1
192.531;1112.06;-0.777109;3.92604;0.00378899;-0.000598647;0.000854578;0.00394956;-0.000759216;1.01131;0.00319768;-0.00109258;0.996608;0.025474;0.988609;1;3;1
215.531;1112.06;-0.654207;3.94916;0.00233656;0.000748633;0.00128203;0.00305057;3.46238e-05;0.997733;-0.00594868;-0.00502471;1.00211;0.0184345;0.993015;1;3;1
238.531;1112.06;-0.669753;3.9268;0.00109917;-0.000413956;0.000727413;0.00139214;-0.000706925;1.00103;0.0032043;0.00183311;1.00351;0.024672;0.986745;1;3;1
261.531;1112.06;-0.60369;3.98854;0.00186443;-0.00285703;-0.000528828;0.00192294;-0.00291553;1.00258;0.00518332;-0.00244544;0.995559;0.0233304;0.988064;1;3;1
284.531;1112.06;-0.584069;3.92821;0.000696168;-0.000852598;-0.000372097;0.000780928;-0.000937358;0.997967;-0.00170694;0.00324334;0.998671;0.0201165;0.990585;1;3;1
307.531;1112.06;-0.571819;3.87413;0.00185011;0.000116627;-2.40849e-05;0.00185045;0.000116293;1.00126;-0.00535078;0.00386902;1.0005;0.0227849;0.988283;1;4;1
330.531;1112.06;-0.499205;3.80578;0.00202656;-0.00280715;-6.49006e-05;0.00202743;-0.00280802;1.00536;0.00312611;-0.00243789;0.995486;0.0220829;0.989723;1;3;1
353.531;1112.06;-0.478708;3.83588;0.000707197;-0.000958086;-6.24833e-05;0.000709538;-0.000960427;1.00394;0.00270892;0.00341794;1.0024;0.0257565;0.974044;1;4;1
376.531;1112.06;-0.466694;3.77647;0.000659201;-0.00150096;-0.000525176;0.000780113;-0.00162188;0.995973;0.00560598;-0.00134695;0.996264;0.0242586;0.984151;1;3;1
399.531;1112.06;-0.44844;3.77099;0.0010201;-0.000552567;8.4355e-05;0.00102461;-0.000557078;0.999591;0.000638808;0.00168089;0.995444;0.022661;0.983895;1;3;1
422.531;1112.06;-0.4198;3.75227;0.0006249;-0.000288352;-0.00190894;0.00213106;-0.00179452;1.00494;0.000294831;-0.00158717;0.996469;0.0227274;0.984424;1;3;1
445.531;1112.06;-0.419928;3.6274;-0.000169096;-0.00233384;-0.000406699;-9.52098e-05;-0.00240773;0.994222;0.00757013;0.00206824;0.996534;0.0220565;0.982098;1;3;1
468.531;1112.06;-0.427644;3.67515;0.000423951;-0.00249263;0.000800937;0.000629425;-0.0026981;1.00052;-0.0068326;0.00104226;0.997259;0.0196934;0.988667;1;4;1
491.531;1112.06;-0.400442;3.5949;0.00142626;-0.00349008;-0.000146774;0.00143064;-0.00349446;1.00524;-0.00535643;-0.000980338;0.994741;0.0220306;0.985617;1;3;1
514.531;1112.06;-0.362159;3.59139;0.00163435;-0.00126408;0.00024;0.00165409;-0.00128382;0.995077;-0.00323103;0.00356079;0.995838;0.0195615;0.987079;1;3;1
537.531;1112.06;-0.325327;3.57403;0.00216063;-0.00163703;0.00144044;0.00264517;-0.00212156;1.0069;-0.00228577;0.000261951;0.995624;0.0226176;0.988664;1;4;1
560.531;1112.06;-0.262878;3.6015;0.00138853;-0.000111524;0.000562814;0.00157621;-0.000299207;0.995403;0.00146187;-0.00259063;1.00034;0.0193244;0.991629;1;4;1
583.531;1112.06;-0.261502;3.55759;0.000587305;-0.000844445;-0.00129768;0.00135348;-0.00161062;1.00253;0.0034754;0.00762677;0.999076;0.024034;0.984316;1;3;1
606.531;1112.06;-0.236049;3.47308;-0.000363303;-0.00352854;-0.00124674;6.87834e-05;-0.00396063;1.00051;-0.00385856;-0.000928981;0.993011;0.0204811;0.98838;1;3;1
629.531;1112.06;-0.27845;3.41138;-0.00135168;-0.00143915;-0.000270205;-0.00112169;-0.00166914;0.997852;0.000957274;0.00158071;1.00018;0.0209586;0.98941;1;3;1
652.531;1112.06;-0.298269;3.46265;-2.15883e-05;-0.00118846;-0.000212268;1.58264e-05;-0.00122587;0.998533;0.00204473;0.00541498;1.00081;0.0248662;0.982064;1;3;1
675.531;1112.06;-0.279538;3.31782;5.77151e-05;-0.000138364;-0.000950838;0.000915554;-0.000996203;1.00115;-0.00359965;0.00586039;0.998275;0.0254984;0.967666;1;3;1
698.531;1112.06;-0.295813;3.32751;0.000424252;-0.00159243;0.000515245;0.000548266;-0.00171645;0.99669;-0.000180503;-0.00461318;0.992282;0.0251333;0.977821;1;3;1
721.531;1112.06;-0.26005;3.36391;0.000174783;-0.00017078;0.00117361;0.00118827;-0.00118426;1.00566;-0.00639533;-0.000537971;1.00613;0.0255501;0.981623;1;3;1
744.531;1112.06;-0.287774;3.33478;-0.00231759;-0.000536371;-0.000636522;-0.00033229;-0.00252167;0.996701;-0.00807274;0.00116079;1.0002;0.0235147;0.984097;1;3;1
767.531;1112.06;-0.366992;3.22506;-0.000388572;7.5483e-05;-0.00123582;0.00110087;-0.00141396;0.998017;-0.0109147;0.00742054;0.999939;0.0294631;0.976111;1;3;1
790.531;1112.06;-0.305868;3.19381;0.00202733;-0.00252377;-2.59444e-05;0.00202748;-0.00252392;1.00971;-0.00397135;-0.00475604;0.998382;0.0259795;0.976924;1;4;1
813.531;1112.06;-0.273831;3.21441;-0.000378298;-0.00317284;3.92412e-07;-0.000378298;-0.00317284;0.997638;-0.000918353;0.00187959;0.997348;0.0262725;0.978349;1;3;1
836.531;1112.06;-0.32328;3.16887;-0.000566167;-0.00191492;0.0012404;0.000171324;-0.00265242;0.998438;-0.00780036;0.00862731;1.00237;0.0245723;0.981716;1;4;1
859.531;1112.06;-0.29993;3.1476;0.000710894;-0.000601767;-0.000454017;0.000852624;-0.000743497;1.00212;0.00108583;0.00034972;1.00167;0.0260376;0.978776;1;3;1
882.531;1112.06;-0.290677;3.07939;-0.00119209;-0.00418668;0.000151751;-0.00118442;-0.00419435;0.997175;-0.00935757;-0.00278429;0.993596;0.0311332;0.96885;1;4;1
905.531;1112.06;-0.354909;3.0474;-0.00182501;-0.00324931;5.89857e-06;-0.00182498;-0.00324933;0.995497;-0.00789393;0.00372003;0.996695;0.0332271;0.962734;1;4;1
928.531;1112.06;-0.374715;3.04872;0.00142275;-0.00139684;0.000334073;0.00146179;-0.00143589;0.998957;-2.45029e-05;0.0025373;0.996915;0.0269595;0.969061;1;3;1
951.531;1112.06;-0.289519;3.01729;-0.000147667;-0.000253188;-0.00093792;0.000738975;-0.00113983;1.00845;0.00273279;0.00266576;0.994643;0.0258315;0.981689;1;3;1
974.531;1112.06;-0.381529;3.0046;-0.00247232;-0.00085928;-0.00049025;-0.000721968;-0.00260963;0.992476;-0.000488633;0.00260045;0.993582;0.0245646;0.978435;1;3;1
997.531;1112.06;-0.403519;2.90673;-0.000370864;0.000554673;0.000997672;0.00119168;-0.00100787;1.00052;-0.000464143;0.00468864;0.998278;0.0281587;0.977871;1;3;1
1020.53;1112.06;-0.398592;3.00347;-0.00121968;0.000385403;0.000960327;0.000834381;-0.00166866;0.992902;-0.00646004;-0.0112663;1.00468;0.0278956;0.970005;1;4;1
1043.53;1112.06;-0.459659;2.91117;-0.00285658;-0.00144433;-0.000939845;-0.000974902;-0.00332601;0.997518;-0.00903778;0.00717309;0.994977;0.0251896;0.978181;1;4;1
1066.53;1112.06;-0.530628;2.80147;-0.00172647;-0.000593345;-0.00135052;0.000304642;-0.00262445;1.00287;0.0040708;0.00438446;0.99909;0.030864;0.967566;1;4;1
1089.53;1112.06;-0.539308;2.78904;0.000533163;-0.000709587;0.000772283;0.000903014;-0.00107944;0.996839;-0.00637547;0.00679146;1.00265;0.0218315;0.986614;1;4;1
1112.53;1112.06;-0.506147;2.74198;-0.000795162;-0.00322348;0.000725693;-0.00059482;-0.00342382;0.997854;-0.0048605;-0.0030816;0.994644;0.0241116;0.984649;1;4;1
1135.53;1112.06;-0.575928;2.73824;-0.00224524;-0.000528344;0.0010557;-2.61139e-05;-0.00274747;0.997959;-0.00410898;-0.00283046;1.00561;0.0223067;0.986678;1;3;1
1158.53;1112.06;-0.609546;2.72939;-0.000576476;-0.00108889;0.000946914;0.000148278;-0.00181365;0.999376;-0.00954852;0.00376843;1.00012;0.0232226;0.974007;1;3;1
1181.53;1112.06;-0.602567;2.63617;-0.00126597;-0.000583676;0.000328829;-0.000450999;-0.00139865;0.999131;0.00319657;-0.00234327;0.999954;0.0237756;0.983689;1;4;1
1204.53;1112.06;-0.667914;2.63544;-0.00108615;-0.000666163;0.00043577;-0.000392428;-0.00135988;0.998382;-0.00285596;-7.42685e-05;0.999955;0.0227324;0.983879;1;3;1
1227.53;1112.06;-0.6526;2.57291;-0.00157421;0.000491924;-0.000341422;0.000546881;-0.00162917;0.999159;-0.00246362;0.00253048;0.995235;0.0248228;0.988732;1;3;1
1250.53;1112.06;-0.740398;2.60066;-0.00268267;-0.000532271;-0.00121711;1.65411e-05;-0.00323148;0.994296;-0.00160888;0.00211735;1.00212;0.0199239;0.991046;1;3;1
1273.53;1112.06;-0.776219;2.50529;-0.00154763;-0.00185852;-0.000840739;-0.000848086;-0.00255806;1.0015;-0.00270967;0.00312082;0.999693;0.0253688;0.985839;1;3;1
31.5305;1089.06;-1.1182;4.06294;0.00376049;-0.00156211;0.00054577;0.00381587;-0.0016175;0.99367;-0.00140181;0.00274859;1.00178;0.0273426;0.988048;1;3;1
54.5305;1089.06;-1.03188;4.07615;0.00243212;-0.00039143;0.0011803;0.00286052;-0.000819823;1.01111;-0.00236926;0.00145657;0.996839;0.0252459;0.992584;1;3;1
77.5306;1089.06;-1.00646;4.0801;0.00250848;-0.00181622;0.00167955;0.00308413;-0.00239188;0.998616;0.00124464;-0.00386234;0.999043;0.0235546;0.989566;1;3;1
100.531;1089.06;-0.916643;4.10834;0.0018175;-0.000970186;-0.00100659;0.00214296;-0.00129565;1.00269;0.00144786;0.00170086;0.998035;0.0228713;0.993504;1;3;1
123.531;1089.06;-0.922974;4.02042;0.00274028;-0.000353771;0.000301546;0.00276939;-0.000382885;0.998191;0.0016507;0.00499828;1.00002;0.0245108;0.993903;1;3;1
146.531;1089.06;-0.790781;4.06768;0.00393825;-0.00279869;0.000686091;0.00400742;-0.00286785;1.01438;0.00467972;-0.004751;1.00212;0.0260784;0.977958;1;3;1
169.531;1089.06;-0.742183;4.05461;0.00137274;-0.00287426;-0.00130398;0.00174115;-0.00324267;0.99548;0.0016781;0.00428938;0.999327;0.0195858;0.99106;1;3;1
192.531;1089.06;-0.727785;3.96815;0.000145757;-0.00248091;-0.00222761;0.00141836;-0.00375352;1.00349;-0.000533328;0.00540087;0.997712;0.0182865;0.991234;1;3;1
215.531;1089.06;-0.73564;3.93263;0.00167593;-0.00144763;0.00085812;0.00189615;-0.00166785;1.00092;0.00180513;-0.00159721;0.995812;0.0218063;0.987157;1;3;1
238.531;1089.06;-0.650757;3.97142;0.00385032;-0.00131881;0.00142075;0.00421508;-0.00168357;1.00449;-0.00347091;-0.0024103;0.995408;0.0221521;0.98651;1;3;1
261.531;1089.06;-0.559065;4.06855;0.000343647;-0.000538095;-0.000382991;0.00048677;-0.000681218;0.994916;-0.00418034;0.000829392;1.00669;0.0270205;0.985101;1;4;1
284.531;1089.06;-0.635024;3.8902;-0.00172846;-0.0010508;-0.00213877;0.000775811;-0.00355508;1.0002;-0.00144635;-0.00143655;1.00036;0.022823;0.990354;1;3;1
307.531;1089.06;-0.63922;3.8383;0.00177169;-0.00102889;0.00011116;0.0017761;-0.00103329;1.00407;0.000849447;0.00431302;0.995273;0.0244474;0.984578;1;3;1
330.531;1089.06;-0.553609;3.85849;0.0026998;-0.00209232;0.000696817;0.00279907;-0.00219159;1.00258;-0.00276429;-0.00200214;0.999861;0.0199878;0.991518;1;3;1
353.531;1089.06;-0.515197;3.84207;0.00145387;-0.000253127;0.000218591;0.00148142;-0.000280675;1.00836;-0.00125913;0.00513325;0.998219;0.0220984;0.983808;1;3;1
376.531;1089.06;-0.486804;3.81178;0.0010595;-0.00177513;-0.000292838;0.00108944;-0.00180506;0.996183;-0.00567371;-0.00279524;0.999827;0.0199102;0.991112;1;3;1
399.531;1089.06;-0.466604;3.73755;0.00230624;0.000520681;-0.000363702;0.00237748;0.00044944;1.00647;-0.00203181;-0.000677516;0.99836;0.0219998;0.98739;1;3;1
422.531;1089.06;-0.380928;3.72105;0.000478471;-0.000310559;0.000271803;0.000563038;-0.000395126;0.997487;-0.00222684;-0.00293289;1.00204;0.0222101;0.986412;1;3;1
445.531;1089.06;-0.444606;3.76221;-0.00169074;-0.00359234;0.000536208;-0.00154997;-0.00373311;1.0071;-0.00326467;0.00444826;0.99778;0.0198916;0.991046;1;3;1
468.531;1089.06;-0.458769;3.72994;0.00119586;-0.0016127;-0.000486173;0.00127763;-0.00169447;0.99626;0.00812562;-0.00236235;0.998363;0.0195154;0.991271;1;4;1
491.531;1089.06;-0.389645;3.72491;0.00192747;-0.00368302;-0.00172229;0.00241399;-0.00416953;1.00149;0.00135055;0.00514877;0.997207;0.0250563;0.985711;1;3;1
514.531;1089.06;-0.37038;3.5978;-0.000755344;-0.00262371;-0.000605895;-0.000576061;-0.002803;0.998338;-0.00420496;0.00163977;0.997351;0.0187227;0.990597;1;3;1
537.531;1089.06;-0.424586;3.59547;0.00130891;-0.00134921;7.38458e-05;0.00131096;-0.00135126;0.997685;-0.00119121;0.00701886;0.995695;0.0240822;0.982958;1;3;1
560.531;1089.06;-0.310235;3.54951;0.00315254;0.00170762;0.000335987;0.00322684;0.00163332;1.00824;-0.0044873;-0.00326637;0.993248;0.0222532;0.981629;1;3;1
583.531;1089.06;-0.279822;3.54773;2.26615e-05;0.000258926;0.00110654;0.00125362;-0.000972034;0.997349;-0.0043371;0.00313156;1.00072;0.0186103;0.99284;1;3;1
606.531;1089.06;-0.309193;3.55564;-0.000825994;-0.00202533;-0.000220676;-0.000786678;-0.00206465;1.00393;0.00105569;-0.00118583;0.995799;0.019437;0.990047;1;3;1
629.531;1089.06;-0.317934;3.45145;-0.000104277;-0.00223353;-0.00114201;0.000392383;-0.00273019;0.996404;-0.000868428;0.000710607;0.997718;0.0220186;0.984444;1;3;1
652.531;1089.06;-0.314182;3.42281;-0.00120791;-0.000758332;-0.000715987;-0.000232676;-0.00173356;0.99475;0.00271597;0.000474242;0.996755;0.0239738;0.987602;1;3;1
675.531;1089.06;-0.373569;3.39281;-0.000127175;-0.0035804;0.000241828;-0.000110322;-0.00359725;0.998417;-0.00233736;0.00288723;0.996974;0.0220222;0.985902;1;3;1
698.531;1089.06;-0.320056;3.37598;0.00223285;-0.00226827;-0.00026493;0.00224839;-0.00228381;0.996064;0.00355477;-0.000370374;1.00169;0.0244178;0.980718;1;3;1
721.531;1089.06;-0.270991;3.35138;-0.000600665;-0.00116458;0.000166526;-0.000555161;-0.00121008;1.0051;0.00110457;-0.000411429;0.993753;0.02674;0.98039;1;4;1
744.531;1089.06;-0.347774;3.29078;-0.00175213;-0.00144941;-0.000761258;-0.000824611;-0.00237693;0.99715;-0.00218649;0.00108396;0.997158;0.0260724;0.976231;1;3;1
767.531;1089.06;-0.351752;3.25949;0.000156122;-0.00126015;-0.000337287;0.000232345;-0.00133637;0.991709;0.00102598;0.00786513;1.00268;0.0266889;0.971715;1;4;1
790.531;1089.06;-0.340593;3.28969;0.000462949;-0.00209449;0.000590768;0.000592821;-0.00222436;1.01153;0.000276258;-0.00283828;1.00093;0.0232059;0.9787;1;4;1
813.531;1089.06;-0.330462;3.25235;-0.000346215;-0.00129306;0.000450128;-0.000166381;-0.00147289;0.99141;-0.00287877;0.00391654;0.995992;0.0233455;0.981775;1;3;1
836.531;1089.06;-0.356573;3.2205;0.000283294;-0.00132444;-0.000984457;0.000750393;-0.00179154;1.00627;0.00102282;-0.00209796;0.99743;0.0264825;0.981362;1;4;1
859.531;1089.06;-0.317695;3.09672;-0.000850546;-0.00107406;0.000862324;-9.27668e-05;-0.00183184;0.998909;-0.001817;0.00429664;0.99798;0.029911;0.972621;1;4;1
882.531;1089.06;-0.395738;3.1744;-0.0011285;-0.00179054;0.00185024;0.000420097;-0.00333914;0.999897;0.000457021;-0.00194551;0.99962;0.0308186;0.963821;1;4;1
905.531;1089.06;-0.369685;3.16389;-0.00032902;-0.00294296;-4.95287e-05;-0.000328082;-0.0029439;1.00495;-0.00164889;0.000933836;0.997251;0.0284705;0.980793;1;3;1
928.531;1089.06;-0.410949;3.09229;0.00093073;-0.00249234;-0.000139881;0.000936436;-0.00249804;0.996018;-0.0120583;0.00660894;0.996444;0.0227914;0.984196;1;3;1
951.531;1089.06;-0.327096;3.02641;-0.000697187;-0.00120202;0.000941589;2.52323e-05;-0.00192444;1.00423;-0.00598135;0.00297224;1.00038;0.0223856;0.987396;1;3;1
974.531;1089.06;-0.443171;2.97857;-0.00195032;-0.000904629;-0.000317124;-0.000815973;-0.00203898;0.998846;-0.00487508;0.00245423;0.99931;0.0242795;0.982941;1;4;1
997.531;1089.06;-0.417026;2.91817;0.000883388;-0.0026417;0.000226208;0.000897845;-0.00265616;1.00283;-0.00523697;0.00299327;0.999813;0.0221882;0.983838;1;3;1
1020.53;1089.06;-0.402567;2.94271;-0.00116315;-0.000366419;0.00130515;0.000599813;-0.00212938;1.00007;-0.00152927;-0.0030535;0.996846;0.0270237;0.976843;1;4;1
1043.53;1089.06;-0.470564;2.93058;-0.000509617;-0.000787795;-0.00144041;0.000798399;-0.00209581;0.996833;0.00303031;0.00291009;1.00154;0.0281331;0.985957;1;3;1
1066.53;1089.06;-0.426155;2.82962;-0.00121459;-0.00297176;-0.0018465;-4.83146e-05;-0.00413803;1.00614;0.00132242;0.00720478;0.990327;0.0255108;0.975712;1;3;1
1089.53;1089.06;-0.526643;2.80433;-0.00328753;-0.00250628;-0.000887691;-0.00192707;-0.00386674;0.993422;0.00473624;0.00497526;0.995657;0.0270666;0.972265;1;3;1
1112.53;1089.06;-0.577631;2.83141;-0.00204612;-0.00378172;-0.0012073;-0.00142709;-0.00440075;1.00386;0.00345639;0.00411701;0.995149;0.0214532;0.983626;1;3;1
1135.53;1089.06;-0.62093;2.72453;-0.00309715;-0.00191229;-0.00122762;-0.00114163;-0.00386781;0.994194;0.00404194;-0.000569812;0.992613;0.0285646;0.97596;1;3;1
1158.53;1089.06;-0.72039;2.75197;-0.00113788;-0.00117747;-0.000729318;-0.000428085;-0.00188726;0.998339;0.00571779;-0.00541731;1.00137;0.0255421;0.978284;1;4;1
1181.53;1089.06;-0.673303;2.71708;-7.21123e-05;-0.00230151;-9.59615e-05;-6.79894e-05;-0.00230563;1.00404;-0.00255313;0.00556513;1.00094;0.0268814;0.972822;1;4;1
1204.53;1089.06;-0.723821;2.64968;0.000729322;-0.00113764;-0.00129155;0.00138941;-0.00179773;0.998712;0.00197061;-0.00130906;0.998956;0.0252357;0.976268;1;3;1
1227.53;1089.06;-0.639956;2.58464;0.00023977;-0.00129838;-9.74097e-05;0.000245914;-0.00130453;0.998319;0.00328015;0.00301528;1.00316;0.0238454;0.983528;1;4;1
1250.53;1089.06;-0.712827;2.59344;-0.00559604;-0.00123705;-0.000153124;-0.00123167;-0.00560141;0.990382;-0.00251616;0.00599128;0.998928;0.0234319;0.985312;1;3;1
1273.53;1089.06;-0.898117;2.54329;-0.00802128;-0.00336284;-0.000455915;-0.00331864;-0.00806548;0.998941;0.000745578;0.00118936;0.996029;0.0304865;0.978259;1;3;1
31.5305;1066.06;-1.07353;4.14409;0.00316796;-0.00263025;-0.000676568;0.00324586;-0.00270815;1.0045;0.000835712;0.00107389;0.993494;0.0280082;0.984557;1;3;1
54.5305;1066.06;-1.0008;4.11592;0.00116615;-0.000383738;2.92726e-05;0.0011667;-0.000384291;0.99412;0.0089052;-0.00057865;1.00063;0.0255017;0.985546;1;3;1
77.5306;1066.06;-1.01992;4.16783;0.00272497;-0.00239077;3.34626e-05;0.00272519;-0.00239099;1.00794;0.00229146;-0.000807805;0.993827;0.0231152;0.989653;1;3;1
100.531;1066.06;-0.875618;4.1056;0.00259212;-0.00154438;-0.000464025;0.00264354;-0.0015958;0.996301;-0.0014473;-0.00307737;0.999957;0.0206566;0.989076;1;3;1
123.531;1066.06;-0.900907;4.0877;0.000532145;-0.00254155;-0.000268932;0.000555498;-0.0025649;1.00422;-0.00212838;0.00329349;0.997303;0.0227081;0.985656;1;3;1
146.531;1066.06;-0.851147;4.11583;0.00203303;-0.00180326;0.000725774;0.00216575;-0.00193598;1.00318;-0.000897116;-0.000182186;1.00042;0.0207123;0.991882;1;3;1
169.531;1066.06;-0.807485;4.07292;0.00342648;-0.00184009;0.000427127;0.0034609;-0.0018745;1.00086;-0.0018389;0.0015743;0.997869;0.0237375;0.990017;1;3;1
192.531;1066.06;-0.69386;4.04038;0.00169183;-0.00220172;0.000125015;0.00169584;-0.00220573;1.00355;0.00308242;0.00112162;1.00011;0.0205603;0.99105;1;3;1
215.531;1066.06;-0.729762;4.01586;0.000633826;-0.00193179;-0.000401255;0.000695117;-0.00199308;0.999493;0.00379944;0.00386964;1.00038;0.0189895;0.992163;1;3;1
238.531;1066.06;-0.664743;3.9875;0.00174399;-0.00072252;0.000350716;0.00179289;-0.000771419;1.00222;0.000753685;-0.00205366;1.00113;0.0212392;0.990575;1;2;1
261.531;1066.06;-0.649608;4.01332;0.00103054;0.00232681;0.00186101;0.00364932;-0.000291974;1.00109;-0.00569115;0.000528435;1.00257;0.0224696;0.988868;1;3;1
284.531;1066.06;-0.617364;3.97659;0.000783835;-0.000438465;-0.00126154;0.00157447;-0.0012291;1.00527;0.00174079;0.00250014;0.998831;0.0197588;0.991153;1;3;1
307.531;1066.06;-0.613657;3.9215;0.00126254;-0.00318372;-0.000714587;0.00137456;-0.00329575;0.99669;-0.000593853;0.00264266;0.996369;0.0219705;0.989295;1;3;1
330.531;1066.06;-0.559384;3.90217;0.00148585;0.000222242;-0.000411448;0.00160802;0.00010008;1.00084;0.000240368;0.00139308;0.999371;0.017837;0.993549;1;3;1
353.531;1066.06;-0.545418;3.84757;0.000334746;0.000462674;-0.000645138;0.00104701;-0.000249592;1.0016;0.000165327;0.00263241;1.00301;0.0214332;0.990985;1;3;1
376.531;1066.06;-0.54401;3.85826;0.00086794;-0.000967311;0.000131537;0.00087732;-0.000976691;0.999704;-0.00302617;0.00182442;1.00063;0.0203396;0.990384;1;3;1
399.531;1066.06;-0.50562;3.74708;0.00269826;-0.00166066;-0.00087487;0.0028673;-0.0018297;1.00453;-0.00126749;-0.00117145;1.00356;0.0223522;0.987712;1;3;1
422.531;1066.06;-0.420148;3.76656;0.000982502;-0.00213421;0.00148392;0.00157601;-0.00272771;0.996312;0.000204668;-0.000395615;0.993704;0.0221765;0.984765;1;3;1
445.531;1066.06;-0.46047;3.79296;-4.7716e-07;-0.00049744;0.000119329;2.66905e-05;-0.000524607;1.00187;-0.000204715;0.00381601;0.997433;0.0214052;0.9899;1;3;1
468.531;1066.06;-0.420173;3.74939;0.00188838;-0.00100094;2.91163e-06;0.00188838;-0.00100094;1.00243;-0.00083346;-0.00202831;0.99513;0.0217433;0.985952;1;3;1
491.531;1066.06;-0.373695;3.76464;-0.00033437;0.000503458;0.000156134;0.000531609;-0.00036252;0.994611;-0.000626052;0.00676573;1.00415;0.0240072;0.978953;1;3;1
514.531;1066.06;-0.435571;3.7123;-0.00013913;-0.00225744;-0.000491149;-3.07935e-05;-0.00236577;1.00204;-0.000383731;0.00021791;1.0034;0.0197782;0.986011;1;3;1
537.531;1066.06;-0.380275;3.63617;0.00205873;-0.000998539;-0.00226273;0.00326079;-0.00220059;1.00119;-4.65588e-06;0.00217679;1.00468;0.0202093;0.986524;1;3;1
560.531;1066.06;-0.341355;3.52309;0.000504395;-0.00231533;-5.72279e-05;0.000505556;-0.00231649;1.00156;-0.00492375;-0.00233089;1.00235;0.0222624;0.984657;1;3;1
583.531;1066.06;-0.357167;3.54578;0.000641102;-0.00112765;0.000898914;0.00101774;-0.00150429;0.999211;-0.00204152;0.00396936;0.996772;0.0195019;0.992229;1;3;1
606.531;1066.06;-0.311894;3.5664;0.00111478;-0.00130248;0.000399665;0.00117915;-0.00136685;1.00309;-0.00313691;0.00208797;1.00098;0.0220982;0.987113;1;4;1
629.531;1066.06;-0.305927;3.51425;0.000455784;-0.00268132;-0.000220963;0.000471271;-0.00269681;1.00253;-0.00323551;-0.000166306;0.99771;0.0182678;0.989566;1;3;1
652.531;1066.06;-0.290985;3.49755;-0.000923904;-0.00253734;0.000334592;-0.000857268;-0.00260397;0.99698;5.57597e-05;-8.8098e-05;0.999214;0.0213553;0.988634;1;2;1
675.531;1066.06;-0.348457;3.48286;-0.000471931;-0.00254682;-0.000219335;-0.000448999;-0.00256976;0.999364;0.00269213;0.00270808;0.998583;0.0217153;0.988982;1;3;1
698.531;1066.06;-0.312745;3.43197;-0.000261372;-0.00113001;-0.000284425;-0.000176527;-0.00121485;1.00244;-0.0028759;0.00274859;0.997786;0.0202758;0.98737;1;3;1
721.531;1066.06;-0.360528;3.41762;7.01658e-05;7.61477e-05;0.000596871;0.000670035;-0.000523721;0.999137;-0.00711768;0.00419515;1.0003;0.0249099;0.982281;1;3;1
744.531;1066.06;-0.309528;3.40151;0.00051473;-0.000594394;-0.00194127;0.0019791;-0.00205876;1.00282;-0.00157665;-0.00102357;1.00022;0.0231911;0.985257;1;4;1
767.531;1066.06;-0.337053;3.28307;-0.00125257;-0.00111612;-0.000686439;-0.000494522;-0.00187417;0.994668;0.00154936;0.0140316;0.993107;0.0271676;0.973036;1;4;1
790.531;1066.06;-0.367317;3.2903;-0.00102853;0.00150597;0.000216862;0.0015244;-0.00104695;1.00664;0.00196619;-0.00816383;0.99697;0.0310876;0.955021;1;4;1
813.531;1066.06;-0.38439;3.27407;-0.000451147;-7.60924e-05;0.000583755;0.000349516;-0.000876756;0.990321;-0.00293143;0.00376685;1.00372;0.0243571;0.978658;1;3;1
836.531;1066.06;-0.388114;3.22988;-0.000890038;-0.000367163;0.000572667;9.21179e-07;-0.00125812;1.00127;-0.00111838;-0.00242076;1.0029;0.0260629;0.98262;1;3;1
859.531;1066.06;-0.425415;3.19721;-0.000126106;-0.00340636;0.000316085;-9.59254e-05;-0.00343654;0.998285;0.002528;0.00734933;0.996247;0.0302171;0.962139;1;4;1
882.531;1066.06;-0.393965;3.16195;-0.000148561;0.000493863;-0.000186022;0.00054384;-0.000198538;1.00719;-0.000332745;-0.0035463;1.00217;0.0287888;0.958128;1;4;1
905.531;1066.06;-0.432251;3.18304;-0.00227804;0.000370358;0.000118721;0.000375669;-0.00228335;0.994056;0.00037154;-0.00311953;1.00488;0.0250423;0.976669;1;3;1
928.531;1066.06;-0.498875;3.16368;-0.00124887;-0.00214309;-0.00131345;-0.00030852;-0.00308344;0.992937;0.0107476;0.00132649;1.0005;0.0274366;0.975687;1;3;1
951.531;1066.06;-0.489867;3.07306;0.000834676;-0.00184775;0.000438225;0.000904453;-0.00191753;1.00754;-0.00388152;0.00763122;1.00035;0.0301084;0.9722;1;4;1
974.531;1066.06;-0.460645;3.0463;0.000648939;-0.00208388;-0.000766986;0.000849483;-0.00228442;1.00457;0.00467787;-0.0012525;0.997646;0.0248098;0.980314;1;4;1
997.531;1066.06;-0.460047;3.02844;-0.000993655;-0.00325138;0.000433758;-0.000913188;-0.00333184;0.996412;0.00508158;0.00268642;0.994221;0.021486;0.987568;1;3;1
1020.53;1066.06;-0.506383;3.02045;0.000434714;-0.00175173;0.000178189;0.000449141;-0.00176615;1.00531;-0.00270187;0.00217945;0.995736;0.0250274;0.973845;1;3;1
1043.53;1066.06;-0.440126;2.94743;0.000432447;-0.00124073;-0.000768792;0.000732045;-0.00154033;0.999817;0.0018653;0.00342731;0.99846;0.0227054;0.986639;1;3;1
1066.53;1066.06;-0.486568;2.9384;-0.000335569;-0.00265315;0.000980878;2.38354e-05;-0.00301256;0.996261;-0.00363638;0.00174275;0.999818;0.0215409;0.984512;1;3;1
1089.53;1066.06;-0.455585;2.90455;0.000262289;-0.00296751;-0.00024963;0.000281469;-0.00298669;1.00229;0.00163872;0.004085;1.00071;0.0242694;0.988604;1;3;1
1112.53;1066.06;-0.47451;2.91628;-0.00187892;-0.00194399;-0.000884046;-0.00102681;-0.0027961;1.00103;-0.0010224;-0.000302596;1.00097;0.0222661;0.984161;1;3;1
1135.53;1066.06;-0.542163;2.8263;-0.00163181;-0.00273509;-0.00189288;-0.000211833;-0.00415507;0.99321;-0.00277513;0.00482517;0.997509;0.0195064;0.986956;1;3;1
1158.53;1066.06;-0.549826;2.78362;-0.00333265;-0.00280946;-0.00203086;-0.00102341;-0.0051187;1.00789;-0.00106053;0.000662146;0.996968;0.023043;0.985917;1;3;1
1181.53;1066.06;-0.695798;2.74226;-0.00285348;-0.00117499;-0.000685357;-0.000930702;-0.00309777;0.995478;-0.00768788;0.00705944;0.992655;0.0248696;0.975891;1;3;1
1204.53;1066.06;-0.681374;2.6878;-8.41166e-05;-0.00179123;-0.00058302;9.59956e-05;-0.00197134;1.00464;0.0006717;-0.000835564;0.997669;0.0251078;0.97594;1;3;1
1227.53;1066.06;-0.699798;2.6327;-0.00187605;-0.00054963;0.000718297;-0.00023519;-0.00219049;0.992192;-0.00554671;0.00221088;1.00045;0.0254296;0.972567;1;4;1
1250.53;1066.06;-0.767763;2.65761;-0.00292856;0.000381239;0.00153766;0.000985343;-0.00353267;0.995696;-0.00272544;0.00378915;0.998313;0.025367;0.981811;1;3;1
1273.53;1066.06;-0.834718;2.66028;-0.00290684;-0.00273026;0.000744938;-0.0020684;-0.0035687;1.00155;-0.00502199;-0.00577198;0.99514;0.0222411;0.989463;1;3;1
31.5305;1043.06;-1.11218;4.18409;0.00442206;-0.00218829;-0.000786945;0.00451445;-0.00228069;1.00416;-0.00282587;0.000494124;0.999997;0.0242952;0.985569;1;3;1
54.5305;1043.06;-1.01087;4.09381;0.00201015;-0.00214153;0.000168193;0.00201696;-0.00214833;1.00542;-0.00577205;0.000892021;1.00294;0.0289274;0.983527;1;3;1
77.5306;1043.06;-1.0198;4.19021;0.00124185;-2.85266e-05;0.00178381;0.00250019;-0.00128687;1.0013;-0.00306747;-0.00184639;1.00154;0.0251046;0.984105;1;3;1
100.531;1043.06;-0.953862;4.17945;0.00286903;-0.000142832;0.000654654;0.00300517;-0.000278973;1.00187;-0.000394888;0.00116975;0.998767;0.0208482;0.98698;1;2;1
123.531;1043.06;-0.888048;4.1375;0.00177832;-0.000752401;0.000445906;0.00185459;-0.00082867;1.00456;0.000841664;0.000524237;1.00146;0.018526;0.991704;1;3;1
146.531;1043.06;-0.872141;4.15078;0.000688417;-0.000672475;0.000353133;0.000774594;-0.000758651;0.996154;-0.00700942;-0.00167221;0.996527;0.0216683;0.992129;1;3;1
169.531;1043.06;-0.856392;4.13947;0.00165585;-0.000557588;-0.0014854;0.00240149;-0.00130323;0.998443;-0.00115313;0.0022672;0.996206;0.020876;0.991464;1;3;1
192.531;1043.06;-0.796106;4.06959;0.00228627;-0.00125189;-0.000399893;0.00233091;-0.00129652;1.00379;-0.000203526;0.00286824;0.994408;0.0190368;0.992752;1;3;1
215.531;1043.06;-0.751494;4.02158;0.00240849;-0.00152625;-0.000319422;0.00243426;-0.00155201;1.0059;-0.00533211;0.00400232;0.996421;0.0191382;0.991317;1;3;1
238.531;1043.06;-0.685494;4.00468;0.000228313;-4.01685e-05;-0.000277574;0.000402404;-0.000214259;0.998123;-0.00443841;-0.00178839;0.993945;0.0229718;0.984686;1;3;1
261.531;1043.06;-0.741031;3.962;0.00162806;0.000426445;-0.000578064;0.001861;0.00019351;0.995847;0.0022009;0.0047088;0.997621;0.0244352;0.985425;1;3;1
284.531;1043.06;-0.61076;3.91038;0.00203229;-0.00018472;0.000787569;0.00228358;-0.000436013;1.00128;-0.00385607;-0.000830863;1.00056;0.0227447;0.987411;1;4;1
307.531;1043.06;-0.647646;3.98499;0.000459941;-0.000885181;-0.000413625;0.000576953;-0.00100219;1.00005;0.00194035;0.00517288;1.00057;0.0203712;0.992961;1;3;1
330.531;1043.06;-0.58965;3.84828;0.00322613;0.00027875;-0.000907931;0.00348337;2.15153e-05;1.00155;-0.00186649;0.00558213;1.00118;0.0208416;0.990154;1;3;1
353.531;1043.06;-0.499775;3.8208;-0.000207748;0.000655731;0.000607754;0.000969487;-0.000521504;1.00248;-0.00211242;-0.000247184;1.00544;0.0256173;0.983569;1;3;1
376.531;1043.06;-0.599208;3.85643;0.000481415;-0.000777804;0.000638351;0.00074841;-0.0010448;1.00402;-0.00231681;-0.00350278;0.995116;0.0203991;0.991601;1;3;1
399.531;1043.06;-0.477636;3.814;0.00277878;-0.00400383;-0.000379871;0.00279999;-0.00402504;0.999249;0.00263996;0.00362799;0.994087;0.0243918;0.98166;1;3;1
422.531;1043.06;-0.471576;3.81942;0.000106538;-0.0016442;0.000868133;0.000464021;-0.00200169;1.0038;-0.00287701;-0.00270345;1.00388;0.022724;0.987219;1;3;1
445.531;1043.06;-0.472744;3.78511;-0.000340791;0.000107431;-0.000323633;0.000276975;-0.000510335;0.99962;0.00081986;0.000407929;1.00207;0.0207899;0.985366;1;3;1
468.531;1043.06;-0.487275;3.77602;0.000688938;-0.000669458;0.000206848;0.000719737;-0.000700257;0.998714;-0.00322681;0.00525084;1.00205;0.0187321;0.987176;1;3;1
491.531;1043.06;-0.44114;3.70178;0.00073843;-0.000365492;-0.000146252;0.000757477;-0.00038454;1.00362;-0.00128976;0.00049807;0.996411;0.021633;0.98608;1;3;1
514.531;1043.06;-0.45338;3.70184;0.000776388;-0.00115246;-0.000436058;0.000870388;-0.00124646;0.997071;-0.00441091;9.74029e-05;0.996475;0.0179188;0.990874;1;2;1
537.531;1043.06;-0.405479;3.64143;0.00126792;-0.00157459;0.000918717;0.001539;-0.00184568;1.00252;-0.00653164;-0.00134255;0.995325;0.0209504;0.989875;1;3;1
560.531;1043.06;-0.395115;3.65622;0.00187719;-0.00190136;0.00116236;0.00220613;-0.00223029;1.00203;-0.000844995;0.000631309;0.99473;0.0195853;0.98588;1;4;1
583.531;1043.06;-0.319228;3.59965;0.000386184;-0.000665429;0.000544859;0.000617572;-0.000896817;1.00059;-0.00394517;0.00445246;1.00129;0.0214981;0.984573;1;3;1
606.531;1043.06;-0.377372;3.61565;-0.0010216;-0.000196485;0.000853899;0.000339296;-0.00155738;0.998969;-0.00159281;-0.00302279;0.999355;0.0201981;0.988516;1;3;1
629.531;1043.06;-0.366252;3.57499;2.41154e-05;-0.00322861;0.000320557;5.54054e-05;-0.0032599;0.999249;0.00201318;0.00556182;0.994554;0.0214359;0.986076;1;4;1
652.531;1043.06;-0.376325;3.53972;-0.00114122;-0.00283249;0.000529175;-0.000989295;-0.00298442;0.993981;0.000235599;-0.00171416;0.995769;0.0211263;0.987551;1;3;1
675.531;1043.06;-0.418824;3.51014;0.000378241;-0.00121094;-0.000736817;0.000667289;-0.00149999;1.00955;-0.00259496;0.00412558;0.99757;0.0222101;0.985458;1;3;1
698.531;1043.06;-0.359065;3.428;0.00136509;-0.00134373;-0.000522043;0.00146221;-0.00144086;0.996526;-0.000926817;0.000562317;0.999233;0.0186459;0.98945;1;3;1
721.531;1043.06;-0.356358;3.34795;0.00120776;-0.000113753;-0.000709262;0.00151636;-0.000422353;1.00202;0.00780212;0.000597758;1.00599;0.0238298;0.982896;1;3;1
744.531;1043.06;-0.303673;3.31815;-0.000942509;-0.00106791;-0.000354411;-0.000645296;-0.00136513;0.991263;0.00350477;0.00135434;0.999265;0.0286336;0.970753;1;3;1
767.531;1043.06;-0.399749;3.31089;-0.00142974;-0.0022125;-0.000679843;-0.00103667;-0.00260557;1.00325;0.00254008;0.00407348;1.00173;0.0239292;0.978999;1;3;1
790.531;1043.06;-0.369592;3.22048;-0.000974565;-0.00151211;-0.000490354;-0.000684153;-0.00180252;0.997602;-0.000258614;0.00528871;0.999395;0.0283365;0.967681;1;4;1
813.531;1043.06;-0.444634;3.25599;-0.00253176;-0.00238469;0.000893625;-0.00156158;-0.00335487;0.994903;-0.00400858;-0.00142859;0.994644;0.0225623;0.987579;1;4;1
836.531;1043.06;-0.486204;3.23757;0.000655662;-0.00127405;0.000831672;0.000964629;-0.00158302;1.0024;-0.00404159;0.00140646;0.992232;0.0267987;0.976972;1;3;1
859.531;1043.06;-0.414483;3.25378;0.0020343;-0.00114522;-0.000107433;0.00203793;-0.00114885;1.00152;-0.00274022;0.0047838;0.997178;0.024768;0.981581;1;3;1
882.531;1043.06;-0.392801;3.15169;0.000776663;-0.00203535;0.000375901;0.000826045;-0.00208474;0.99956;-0.0031298;0.0040901;1.00007;0.0219384;0.979868;1;3;1
905.531;1043.06;-0.378895;3.14686;-0.000152701;-0.000364547;0.000271713;3.30054e-05;-0.000550253;1.00249;0.00549582;-0.00601274;0.995314;0.0282652;0.981458;1;3;1
928.531;1043.06;-0.399843;3.19098;-0.00229162;-0.00111601;-0.000879013;-0.000646374;-0.00276125;0.995997;0.000456583;0.00319192;0.994043;0.022929;0.982988;1;3;1
951.531;1043.06;-0.484444;3.11175;-0.000372932;-0.0032673;-0.000721518;-0.000203041;-0.00343719;1.00316;0.00270277;0.000473868;0.992523;0.026539;0.975771;1;3;1
974.531;1043.06;-0.417148;3.07453;3.6935e-05;-0.00167026;0.000116809;4.48901e-05;-0.00167822;0.99816;-0.00233335;0.00160521;0.997909;0.0249304;0.975023;1;3;1
997.531;1043.06;-0.482766;3.06802;-0.00179428;-0.0021119;0.000665751;-0.00126866;-0.00263752;0.996521;-0.00868861;0.00444361;0.993979;0.0268936;0.969615;1;4;1
1020.53;1043.06;-0.499788;3.02346;2.29581e-05;-0.000571039;0.000577131;0.000375027;-0.000923108;1.00429;0.00187718;-0.00193199;0.996826;0.0283509;0.97716;1;4;1
1043.53;1043.06;-0.48178;2.98769;-0.00128974;-0.00393413;0.000896186;-0.00101464;-0.00420923;1.00047;-0.00793303;0.00582949;0.993089;0.0243113;0.97741;1;4;1
1066.53;1043.06;-0.55921;2.95202;-0.000954502;-0.0014505;0.000804879;-0.00036028;-0.00204472;1.00192;0.00242505;0.00286418;0.995368;0.0218689;0.980254;1;4;1
1089.53;1043.06;-0.525731;2.94104;-0.000329579;-0.000890971;0.00116619;0.000589224;-0.00180977;0.996289;-0.0012055;-0.00180125;0.99828;0.0216872;0.98828;1;3;1
1112.53;1043.06;-0.574383;2.92092;-0.00115557;-0.000712685;0.00145567;0.000538294;-0.00240654;1.00058;-0.0064004;0.000610495;0.999918;0.0219254;0.986905;1;4;1
1135.53;1043.06;-0.579007;2.85054;-0.000925895;-0.00240639;0.000469871;-0.000789362;-0.00254292;1.00147;-0.00365887;-0.00285887;0.996575;0.0224649;0.986829;1;3;1
1158.53;1043.06;-0.617011;2.88151;-0.00275658;-0.00245781;0.000717239;-0.00187457;-0.00333983;1.00016;-0.00431729;0.00657442;0.994313;0.020057;0.980713;1;3;1
1181.53;1043.06;-0.706054;2.77117;-0.00352194;-0.00188031;-0.000276999;-0.00183484;-0.00356742;0.995409;0.00594018;0.00343265;0.99863;0.0238504;0.977795;1;4;1
1204.53;1043.06;-0.77955;2.73219;-0.000653256;-0.00342061;-0.00125791;-0.000166936;-0.00390693;1.00217;-0.00150495;0.0043914;0.996204;0.0246182;0.97108;1;3;1
1227.53;1043.06;-0.736396;2.61003;-0.00102607;-0.00325377;-0.000411787;-0.000952385;-0.00332745;0.999422;-0.00318748;0.00350544;0.990409;0.0276209;0.970488;1;4;1
1250.53;1043.06;-0.827039;2.57605;-0.00488098;-0.00147219;0.0021863;-0.000404421;-0.00594875;0.988568;0.00209023;-0.00534058;0.993954;0.031745;0.973264;1;3;1
1273.53;1043.06;-0.96151;2.66909;-0.0058213;-0.000521218;0.00324639;0.00101941;-0.00736194;0.994052;-4.71953e-05;-0.00113881;1.00417;0.0247066;0.986192;1;4;1
31.5305;1020.06;-1.18082;4.24499;0.00744936;-0.00134732;0.0004265;0.00746999;-0.00136795;1.00081;-0.00161274;-0.000131386;0.995703;0.0239706;0.989711;1;3;1
54.5305;1020.06;-1.01014;4.21454;0.00179703;-0.00382698;7.96212e-05;0.00179815;-0.0038281;1.00771;0.00476831;0.00467619;0.987349;0.031986;0.982782;1;3;1
77.5306;1020.06;-1.0983;4.16921;0.000478807;0.000213878;-0.000358058;0.000728118;-3.54324e-05;1.00385;-0.0077573;0.00449267;1.00113;0.0258868;0.990406;1;3;1
100.531;1020.06;-0.988235;4.11231;0.00278353;0.000420552;0.00033194;0.00282927;0.000374808;1.00134;-0.00645487;0.000347452;1.00074;0.0236462;0.989203;1;3;1
123.531;1020.06;-0.970455;4.12237;0.00232033;-0.00168982;0.00169683;0.00294196;-0.00231145;1.00028;-0.00218127;0.00120043;0.996304;0.0217229;0.989713;1;3;1
146.531;1020.06;-0.881636;4.14678;0.00475894;-0.000793289;0.000449805;0.00479515;-0.000829493;1.00531;0.00613527;-0.00254478;1.0013;0.0225963;0.99033;1;3;1
169.531;1020.06;-0.752068;4.09861;0.00232944;5.02277e-05;-0.000771953;0.00256628;-0.000186616;1.00711;0.00315125;0.00359816;1.00025;0.0242076;0.988;1;3;1
192.531;1020.06;-0.774632;4.09808;-0.000283236;-0.000859082;0.000826043;0.000303625;-0.00144594;0.994741;-0.00490945;1.20266e-05;1.00081;0.0208173;0.989892;1;3;1
215.531;1020.06;-0.765101;4.08613;0.00165311;-0.00166452;-0.000363491;0.00169247;-0.00170388;1.00486;-0.00194022;0.00327372;1.00069;0.0221266;0.992053;1;3;1
238.531;1020.06;-0.69878;3.98936;0.00162088;-0.000204457;-0.000334644;0.0016803;-0.000263874;1.00421;0.00293819;0.00109574;1.00233;0.024967;0.988228;1;3;1
261.531;1020.06;-0.690693;3.99373;0.000696858;-0.00093359;0.000331097;0.000761529;-0.000998261;0.997715;0.0020812;0.0026619;0.997547;0.0230575;0.986941;1;3;1
284.531;1020.06;-0.666736;3.98511;0.00115415;-0.00102876;0.000509626;0.00126727;-0.00114188;1.00762;0.0043939;-0.00376948;1.00095;0.0219962;0.987669;1;3;1
307.531;1020.06;-0.637644;3.96225;0.000587246;-0.000108605;-0.000487105;0.000837922;-0.000359281;0.994455;-0.000872371;0.00391502;1.00078;0.021381;0.989372;1;3;1
330.531;1020.06;-0.63983;3.88942;0.000971993;-0.00263723;-0.000896253;0.0011823;-0.00284754;1.00286;-0.0014591;0.000502442;0.996791;0.0223069;0.988047;1;3;1
353.531;1020.06;-0.593181;3.81745;0.000659694;-0.00179276;0.001984;0.00176583;-0.00289889;1.00041;0.00253672;0.00351468;0.989831;0.0197632;0.990896;1;4;1
376.531;1020.06;-0.609494;3.8941;0.00186681;-0.00192485;0.00149591;0.00238592;-0.00244396;0.998406;-0.000183935;-0.00863178;0.997686;0.0260116;0.97775;1;3;1
399.531;1020.06;-0.507529;3.93162;0.00175532;-0.00256404;0.000309603;0.0017774;-0.00258612;0.997418;0.000816459;0.0078153;0.99521;0.0211873;0.987131;1;3;1
422.531;1020.06;-0.528849;3.84239;0.000731692;-0.000415003;-0.000354418;0.000832392;-0.000515703;1.0021;0.00130235;0.000333419;0.997341;0.0235297;0.982094;1;3;1
445.531;1020.06;-0.474108;3.78802;0.000141;-0.000894279;0.000442397;0.000304291;-0.00105757;0.999591;0.00324465;0.00199459;0.997913;0.0206757;0.988301;1;3;1
468.531;1020.06;-0.522406;3.78031;0.000864716;-0.000180866;0.00102177;0.00148967;-0.00080582;1.00371;-0.000687006;0.000556939;0.998773;0.0199486;0.988779;1;3;1
491.531;1020.06;-0.434349;3.78149;0.0014507;-0.00123823;0.0013295;0.00199705;-0.00178458;1.00287;-0.00139628;0.00117946;1.0031;0.022029;0.98889;1;3;1
514.531;1020.06;-0.455724;3.76535;-0.00164586;9.42422e-05;-0.000480366;0.000218042;-0.00176966;0.997998;0.00261035;0.000254371;0.999034;0.0203523;0.987961;1;3;1
537.531;1020.06;-0.510178;3.70885;-0.000732886;-0.00146439;-0.000950623;-8.00799e-05;-0.00211719;0.995066;-0.000638065;-0.000528676;0.99981;0.0216117;0.98872;1;3;1
560.531;1020.06;-0.489709;3.61087;0.00136105;-0.00162502;-0.000637651;0.00149152;-0.00175548;1.00805;0.000258008;0.00703061;1.00176;0.0219509;0.986587;1;4;1
583.531;1020.06;-0.447802;3.57648;0.00162093;-0.000299462;0.00112591;0.00214048;-0.000819015;0.998489;0.00074985;0.00093925;0.999583;0.0198932;0.988612;1;2;1
606.531;1020.06;-0.41522;3.57556;0.000799941;-0.000434841;0.00179578;0.0020815;-0.0017164;0.998531;-0.00351923;-0.00107198;1.0019;0.021321;0.985052;1;3;1
629.531;1020.06;-0.411101;3.66313;0.000234595;-0.00124108;0.00209031;0.00171347;-0.00271996;1.0044;-0.00539071;-0.00366583;1.00501;0.0237523;0.981835;1;3;1
652.531;1020.06;-0.40446;3.62817;0.000414012;-0.00123122;-0.000422386;0.000516116;-0.00133332;0.995161;-0.00584646;0.00953123;0.998146;0.024703;0.98115;1;3;1
675.531;1020.06;-0.392229;3.53862;-0.00047544;-0.000571831;-0.000998921;0.000476447;-0.00152372;1.00112;-0.000887027;-0.00139334;1.0017;0.0209949;0.987002;1;3;1
698.531;1020.06;-0.426531;3.49396;-0.000275741;-0.00200103;1.11489e-05;-0.000275669;-0.0020011;0.996766;-0.00474315;0.00102308;0.997868;0.0268243;0.978197;1;3;1
721.531;1020.06;-0.405061;3.42288;0.0024508;-0.00174102;0.000656584;0.00255124;-0.00184145;1.00259;-0.00539025;-0.00174833;0.998866;0.025409;0.977489;1;3;1
744.531;1020.06;-0.313953;3.45066;0.000719016;-0.00255444;0.000997041;0.000998787;-0.00283421;0.999528;-0.00547887;0.0041036;1.00017;0.0295458;0.967468;1;3;1
767.531;1020.06;-0.372013;3.38497;-0.00136826;-0.00199734;-0.000985744;-0.00064809;-0.00271751;0.999689;0.000702118;0.00250765;0.997759;0.0263213;0.975623;1;4;1
790.531;1020.06;-0.377025;3.35991;-0.00168786;-0.00275394;0.000632199;-0.00139398;-0.00304783;0.994751;-0.00908226;0.00117771;0.9964;0.0287252;0.966696;1;4;1
813.531;1020.06;-0.449721;3.38394;-0.00194812;-0.00144948;-0.000933637;-0.000732444;-0.00266515;1.00243;0.00422638;-0.0051757;1.00171;0.0314344;0.974798;1;4;1
836.531;1020.06;-0.466782;3.28859;-0.00111336;-0.000982642;-0.00185393;0.000807081;-0.00290309;1.00084;0.00813063;0.00875914;1.00363;0.0258369;0.987452;1;3;1
859.531;1020.06;-0.501159;3.24998;-0.00148479;-0.000315606;-0.000614083;-5.23507e-05;-0.00174805;0.995607;-0.000289664;-0.00371449;1.00024;0.024475;0.980114;1;3;1
882.531;1020.06;-0.535145;3.25589;0.00181057;-0.00262839;-0.00095881;0.00200882;-0.00282664;1.00326;-0.00269694;0.00661276;0.997121;0.0209683;0.988286;1;4;1
905.531;1020.06;-0.417976;3.19981;0.00178836;-0.00240387;0.000654517;0.00188817;-0.00250368;1.00528;-0.0044292;-0.00440371;0.996552;0.0276201;0.972633;1;4;1
928.531;1020.06;-0.452971;3.21507;-0.00263969;0.000712427;0.000470766;0.000777286;-0.00270455;0.995189;-0.00422467;0.000812013;1.00222;0.0220248;0.987163;1;4;1
951.531;1020.06;-0.539568;3.22363;-0.00134646;-0.00201131;-0.000994004;-0.000630767;-0.002727;1.00071;-0.00347767;0.00276689;0.997796;0.0249544;0.976666;1;3;1
974.531;1020.06;-0.515042;3.12323;-0.000712614;-0.00113244;-0.000634358;-0.00025434;-0.00159071;1.00271;-0.00413654;0.00111285;0.994881;0.023536;0.983079;1;3;1
997.531;1020.06;-0.572464;3.12583;-0.00270624;-0.00193229;-0.000736278;-0.00148749;-0.00315104;0.996185;0.00382822;-0.000461855;1.00213;0.0211603;0.984126;1;3;1
1020.53;1020.06;-0.639762;3.04692;-0.000466488;-0.00185986;0.000239591;-0.000426441;-0.00189991;0.997057;0.010014;-0.00115464;0.99878;0.0273881;0.965085;1;4;1
1043.53;1020.06;-0.593928;3.12902;0.000706025;-0.00262756;0.000736808;0.000861617;-0.00278315;0.995461;-0.00133771;0.00492958;1.00798;0.0285085;0.965555;1;4;1
1066.53;1020.06;-0.607315;3.00533;6.41434e-06;-0.00180386;-0.00152608;0.00087559;-0.00267304;1.0105;-0.00613899;0.00518923;1.00167;0.0256225;0.98131;1;3;1
1089.53;1020.06;-0.593998;2.94576;-0.00199328;-0.00147371;0.000810749;-0.000882142;-0.00258485;0.997811;-0.00299803;0.00170991;0.999647;0.0229939;0.984105;1;3;1
1112.53;1020.06;-0.699131;2.94962;-0.000668995;-0.00154018;0.00121509;0.000186221;-0.00239539;0.995373;-0.00383163;0.00185914;0.991794;0.0215366;0.986575;1;3;1
1135.53;1020.06;-0.624782;2.93721;8.20762e-05;-0.00267685;0.000529455;0.000180193;-0.00277496;1.00107;0.00127971;0.00134976;0.997278;0.0209243;0.984313;1;3;1
1158.53;1020.06;-0.695385;2.89705;-0.00422753;0.000221795;0.000165867;0.00022797;-0.0042337;1.0012;-0.00109063;0.00147189;1.00325;0.0222958;0.981827;1;3;1
1181.53;1020.06;-0.819789;2.829;-0.000670528;-0.00190311;0.000370719;-0.00056762;-0.00200602;0.998768;-0.00239843;-0.00362736;0.997408;0.0254158;0.978072;1;3;1
1204.53;1020.06;-0.726269;2.84544;4.66557e-05;-0.00367789;0.000144462;5.22505e-05;-0.00368348;1.00303;-0.00200917;0.00742341;0.997764;0.027807;0.969646;1;3;1
1227.53;1020.06;-0.817666;2.78277;-0.00399628;-0.00469542;-0.000755354;-0.00351353;-0.00517817;0.994678;-0.00273205;-0.00139717;0.997715;0.0257066;0.98464;1;3;1
1250.53;1020.06;-0.910623;2.7256;-0.00282828;-0.00468806;-0.000453918;-0.0027234;-0.00479294;1.00149;-0.00647795;-0.00148152;0.995126;0.0217948;0.987922;1;3;1
1273.53;1020.06;-0.948057;2.6844;-0.00162462;-0.00219743;-0.000858618;-0.0010059;-0.00281615;0.991776;0.00265062;0.00385289;0.991812;0.0251574;0.991539;1;4;1
31.5305;997.06;-1.21151;4.24622;0.00514255;0.000456335;0.000417736;0.0051795;0.000419388;0.994706;0.00836037;-0.00387717;1.00579;0.0272565;0.984832;1;3;1
54.5305;997.06;-1.09354;4.27026;0.00266594;-0.00162456;0.00032865;0.00269097;-0.00164959;1.00275;-0.00248322;0.00245803;1.00364;0.0282139;0.983634;1;3;1
77.5306;997.06;-1.08908;4.18043;0.00136261;-0.00153786;-0.000844037;0.00159035;-0.0017656;1.0075;0.00296214;0.0026295;0.996971;0.0221973;0.989819;1;3;1
100.531;997.06;-1.03104;4.16017;0.00173276;-0.00198972;0.00116268;0.00206607;-0.00232303;0.998488;0.000365288;0.00112446;0.997152;0.0207189;0.991499;1;3;1
123.531;997.06;-1.00946;4.21545;0.00204735;-0.000460754;0.00150889;0.00275528;-0.00116869;1.00101;-0.00149758;-0.000716771;0.999969;0.0213863;0.989114;1;3;1
146.531;997.06;-0.936963;4.18733;0.0038202;0.000385924;-0.000452183;0.00387874;0.000327384;1.00729;-0.0096213;0.000586611;1.00068;0.0223612;0.991677;1;2;1
169.531;997.06;-0.83413;4.13717;0.00114061;-0.00113494;0.000780634;0.00138266;-0.00137699;0.99721;-0.0100998;0.00218389;1.00163;0.0207057;0.992454;1;3;1
192.531;997.06;-0.884591;4.10921;0.000167042;-0.00100405;0.000872231;0.000632044;-0.00146905;1.00202;-0.00225132;0.00136281;0.99905;0.0182835;0.99257;1;3;1
215.531;997.06;-0.826463;4.09827;0.00299794;-0.00093687;7.7671e-06;0.00299796;-0.000936885;1.00173;0.00160787;0.00477825;0.994819;0.0201225;0.988037;1;3;1
238.531;997.06;-0.74699;4.01412;0.00110588;-0.00220973;0.000200863;0.001118;-0.00222186;1.00029;0.000614667;9.65104e-05;0.995608;0.022231;0.988729;1;3;1
261.531;997.06;-0.775715;4.00497;0.00126206;-0.0018008;0.000259867;0.00128395;-0.00182269;1.00126;-0.00498288;0.00461429;1.00157;0.0222479;0.98851;1;4;1
284.531;997.06;-0.689006;3.9578;0.00168042;-0.0013515;0.000776449;0.00186769;-0.00153878;1.00322;-0.00757463;-0.00134996;0.995185;0.0191721;0.992157;1;3;1
307.531;997.06;-0.698483;3.99001;0.000814533;-0.000641049;0.00139498;0.00166016;-0.00148668;0.99615;-0.0025515;0.00291197;0.996257;0.0192411;0.994502;1;3;1
330.531;997.06;-0.651554;3.96979;0.000457804;-0.00188354;-0.000594142;0.000599945;-0.00202568;1.00289;-0.00238422;0.00213401;0.995114;0.0202562;0.986937;1;3;1
353.531;997.06;-0.67751;3.90368;0.00062478;-0.00271862;0.000530719;0.000707002;-0.00280084;1.00276;-0.00636511;-0.00333998;1.00254;0.0189357;0.990993;1;3;1
376.531;997.06;-0.62283;3.94507;0.00261113;-0.000295193;0.000243073;0.00263132;-0.000315382;1.00095;0.000881193;-0.00175198;1.00403;0.0235;0.982812;1;3;1
399.531;997.06;-0.557563;3.93217;0.000881269;0.000598113;7.75997e-05;0.000901141;0.000578241;0.996293;-0.00338791;0.00312352;1.00471;0.0199878;0.991238;1;3;1
422.531;997.06;-0.582433;3.83865;-0.000386085;-0.00216046;-0.000572465;-0.000217423;-0.00232912;1.00059;0.00271783;0.0045766;0.99587;0.0251514;0.986163;1;4;1
445.531;997.06;-0.575448;3.82638;-0.000114144;-0.00218018;0.00013657;-0.000105156;-0.00218917;0.998678;-0.000565017;-0.000574784;0.994941;0.0189153;0.989595;1;3;1
468.531;997.06;-0.587716;3.78445;-5.87782e-05;-0.00171048;-0.00108538;0.000479216;-0.00224848;0.998922;0.000137266;-0.000239549;0.999282;0.0181584;0.992916;1;3;1
491.531;997.06;-0.578202;3.75898;0.00230503;-0.00111062;0.000435367;0.00235965;-0.00116524;1.00066;-0.00280038;0.00173013;0.997622;0.0220132;0.984013;1;3;1
514.531;997.06;-0.481888;3.69751;0.00230499;-0.000213928;6.53248e-05;0.00230668;-0.000215621;1.0016;-0.00440675;0.00142899;1.0022;0.0213876;0.984077;1;3;1
537.531;997.06;-0.472321;3.70889;0.000291417;-0.00131433;0.000433699;0.000401068;-0.00142398;0.999644;0.000783888;-0.000529959;0.995674;0.0207258;0.986871;1;3;1
560.531;997.06;-0.468497;3.73109;0.000315936;-0.00322753;-0.000666817;0.000437264;-0.00334886;0.998572;-0.00271736;-0.00156099;0.996487;0.0209495;0.990739;1;3;1
583.531;997.06;-0.457889;3.61364;0.000275634;-0.00220498;-0.000794874;0.000508483;-0.00243783;0.999982;-0.0014809;0.000523468;0.996906;0.0176953;0.988796;1;3;1
606.531;997.06;-0.455919;3.63572;-0.00104488;-0.00144987;0.00117115;-5.885e-05;-0.0024359;1.00185;-0.00162831;0.0020914;0.996277;0.0228757;0.981098;1;3;1
629.531;997.06;-0.505982;3.63232;-0.000127055;0.000189513;0.000811599;0.000858119;-0.000795661;0.996467;0.00072705;-0.00200881;0.998641;0.0226489;0.981212;1;3;1
652.531;997.06;-0.46178;3.59647;0.000978954;-0.00130302;-5.85274e-05;0.000980454;-0.00130452;0.999835;0.000484496;0.00202115;0.992549;0.0225595;0.982442;1;3;1
675.531;997.06;-0.461072;3.53647;-0.000299773;-0.00126088;-4.74518e-05;-0.000297436;-0.00126322;0.99882;0.000502066;0.00068151;0.998558;0.0201796;0.9891;1;3;1
698.531;997.06;-0.475635;3.52029;3.17745e-05;-0.000317934;0.000333513;0.000233491;-0.00051965;1.00223;-0.00234206;0.00138906;0.998868;0.023817;0.982295;1;3;1
721.531;997.06;-0.459738;3.42823;0.000926392;-0.00245899;0.000819015;0.00111412;-0.00264673;0.994714;-0.00111702;3.01365e-05;0.995408;0.022664;0.982965;1;3;1
744.531;997.06;-0.433118;3.43599;0.00130764;-0.00158087;0.00197048;0.00230647;-0.0025797;1.00445;-0.000897608;0.00371253;0.997535;0.0253009;0.97939;1;3;1
767.531;997.06;-0.399633;3.40286;9.39159e-05;-0.00083488;-0.000346176;0.000208744;-0.000949708;1.00018;-0.00584538;0.00492618;0.999771;0.0281359;0.972519;1;3;1
790.531;997.06;-0.428883;3.34738;-0.000656823;-0.000560708;-0.000682112;7.50375e-05;-0.00129257;0.993638;0.00651124;-0.00329345;1.00059;0.0255831;0.982444;1;4;1
813.531;997.06;-0.429927;3.32272;-0.000445544;0.00049053;-0.000618373;0.000798021;-0.000753035;1.00431;-0.00230812;0.00357574;0.991785;0.0228743;0.986112;1;4;1
836.531;997.06;-0.449428;3.28281;0.000855073;-0.000592046;-0.000406762;0.00096157;-0.000698543;0.999178;0.00029851;-0.00160288;0.999219;0.0257035;0.974028;1;4;1
859.531;997.06;-0.390642;3.26831;0.00206154;-0.00153084;-6.56413e-05;0.00206274;-0.00153204;1.0013;0.00196414;0.0063982;1.00039;0.0258513;0.981517;1;3;1
882.531;997.06;-0.354696;3.27277;-0.00193307;-0.00155237;-0.000994297;-0.000730362;-0.00275507;1.00956;0.00350868;-0.00120446;0.997135;0.024857;0.982525;1;3;1
905.531;997.06;-0.479651;3.25768;-0.00140195;-0.0019095;-0.000304299;-0.0012595;-0.00205196;0.993975;0.0019797;0.004201;0.999563;0.02955;0.957712;1;3;1
928.531;997.06;-0.419374;3.15822;-0.000107996;-0.000694316;-0.000898806;0.000544251;-0.00134656;1.00023;0.00356204;0.00196234;0.996122;0.0255853;0.977785;1;3;1
951.531;997.06;-0.48465;3.20436;-0.000806554;8.9808e-05;3.97126e-05;9.1564e-05;-0.00080831;1.00149;-2.83332e-05;-0.000271609;1.00142;0.0266763;0.972928;1;3;1
974.531;997.06;-0.456501;3.12667;-0.000142199;-0.00114721;0.00104841;0.000517912;-0.00180732;1.0007;-0.00148965;-0.0032464;1.00365;0.0245069;0.981678;1;3;1
997.531;997.06;-0.491216;3.157;-0.00135026;-0.00138666;-0.000320298;-0.00104764;-0.00168927;0.995616;-0.000606419;-0.00190118;0.995393;0.0223109;0.98914;1;3;1
1020.53;997.06;-0.518658;3.1091;-0.00216566;-0.00267021;-0.000898451;-0.00148474;-0.00335113;1.0031;-0.0030285;0.0101814;0.997865;0.0229407;0.980874;1;4;1
1043.53;997.06;-0.590969;3.10885;-0.00180313;-3.10533e-05;-0.000684659;0.00020265;-0.00203684;0.994455;0.00350479;-0.00792535;0.993795;0.0226563;0.982139;1;4;1
1066.53;997.06;-0.601737;3.03509;-0.0014148;-0.00238785;-0.000987937;-0.000800086;-0.00300256;0.999368;-0.00198282;0.000951182;0.998538;0.0242791;0.985475;1;3;1
1089.53;997.06;-0.656205;3.00907;-0.00202044;-0.00333646;0.00123836;-0.00127613;-0.00408078;0.999413;-0.00263716;0.000802139;0.994108;0.0244467;0.985207;1;3;1
1112.53;997.06;-0.694792;2.99198;-0.000519826;-0.0027435;-0.000184369;-0.000504643;-0.00275868;0.994036;0.000439405;0.00572274;0.997948;0.0212609;0.986939;1;3;1
1135.53;997.06;-0.680136;2.97395;-0.00100106;-0.00137649;-0.000868073;-0.00030064;-0.00207691;1.00289;-0.00426067;-0.00155315;0.994296;0.0212;0.989299;1;3;1
1158.53;997.06;-0.741022;2.87147;-0.00241992;-7.77496e-05;-2.18559e-05;-7.75457e-05;-0.00242012;0.998092;-0.00230742;0.0050563;0.997069;0.022747;0.982276;1;3;1
1181.53;997.06;-0.791732;2.85888;-0.00212532;-0.00209987;0.000774618;-0.00133787;-0.00288732;0.996602;-0.00198162;-0.00169922;1.00055;0.0225369;0.98483;1;3;1
1204.53;997.06;-0.838901;2.90172;0.000116623;-0.000255146;0.000721721;0.000676013;-0.000814537;1.00173;-0.00674573;0.000554129;0.999378;0.0226756;0.986476;1;3;1
1227.53;997.06;-0.786379;2.82655;-0.000962874;-0.0020294;-0.000469539;-0.000785619;-0.00220665;0.994945;0.00235955;0.00535557;0.995161;0.0272391;0.981961;1;3;1
1250.53;997.06;-0.883344;2.79224;-0.00386918;-0.000689072;-6.53011e-05;-0.000687732;-0.00387052;0.997877;0.00357179;0.000291035;0.999056;0.0240304;0.98369;1;4;1
1273.53;997.06;-0.964741;2.77029;-0.00353227;-0.0014313;-0.000491821;-0.00132187;-0.00364171;0.997553;-0.00281568;0.00269407;1.00148;0.0287722;0.991998;1;3;1
31.5305;974.06;-1.17119;4.22401;0.00285098;-0.00149162;0.00191722;0.00357628;-0.00221692;1.00789;-0.00386863;-0.00519194;0.999834;0.0257273;0.983253;1;3;1
54.5305;974.06;-1.1058;4.28943;0.00088458;-0.000649658;0.00164618;0.00193361;-0.00169868;1.00469;0.000972345;0.00164617;0.993904;0.0354017;0.969565;1;3;1
77.5306;974.06;-1.13052;4.24001;0.000995289;-0.00191104;-0.00053047;0.00108908;-0.00200484;1.00592;0.00247898;0.000638794;1.00083;0.0255977;0.982454;1;3;1
100.531;974.06;-1.06012;4.20398;0.00105973;-0.00205799;-0.000369961;0.00110303;-0.00210129;0.992173;-0.0018848;0.00295275;1.00254;0.0282306;0.98509;1;3;1
123.531;974.06;-1.0819;4.14371;0.00309115;-6.52297e-05;0.000247238;0.0031104;-8.44783e-05;1.0049;-0.00265264;0.00141051;1.0022;0.0218497;0.988383;1;3;1
146.531;974.06;-0.918209;4.12905;0.00392391;-0.000454171;-0.000154977;0.00392939;-0.00045965;1.00448;0.00927021;3.75768e-05;1.00002;0.0181892;0.992898;1;3;1
169.531;974.06;-0.901753;4.15109;0.000532682;-0.00138826;0.00258013;0.00232532;-0.0031809;1.00407;0.000496404;-0.00406978;0.994731;0.0232272;0.988533;1;3;1
192.531;974.06;-0.893715;4.14444;0.000896803;-0.00228995;-3.20843e-05;0.000897126;-0.00229028;1.00177;-0.000177086;-5.6257e-05;0.998538;0.0203559;0.990207;1;4;1
215.531;974.06;-0.860523;4.12935;0.00181724;-0.000603941;0.000333772;0.00186241;-0.00064911;0.996111;-0.00679556;0.00101383;1.00403;0.019756;0.989134;1;3;1
238.531;974.06;-0.810228;4.09126;0.0019547;-0.00219952;0.000404122;0.00199364;-0.00223846;1.00045;-0.00221911;0.0058725;0.99696;0.0225279;0.989036;1;3;1
261.531;974.06;-0.770725;4.07671;0.00124598;-0.0011275;8.90604e-05;0.00124932;-0.00113084;0.999314;0.00208999;-0.00241433;0.996649;0.022358;0.990636;1;3;1
284.531;974.06;-0.752969;4.0474;0.000367533;-0.00224981;-5.53285e-05;0.000368702;-0.00225098;1.00298;0.000317596;0.00189746;1.00199;0.0189905;0.993295;1;3;1
307.531;974.06;-0.7539;3.99189;0.00177778;-0.000617017;0.000854473;0.00205139;-0.000890634;1.00069;-0.00256436;0.000556175;1.00089;0.0215743;0.986964;1;3;1
330.531;974.06;-0.671319;3.97615;0.00189976;-0.000631997;-0.000218729;0.00191851;-0.000650755;0.998416;0.00131968;-0.000457693;0.999959;0.0216102;0.988203;1;3;1
353.531;974.06;-0.66662;3.94273;0.00147887;-0.00209855;-0.000789993;0.00164555;-0.00226524;1.00475;0.0037234;0.000354956;0.996346;0.020306;0.990988;1;3;1
376.531;974.06;-0.603392;3.90768;0.000991479;0.000101274;7.85821e-07;0.000991479;0.000101273;1.00156;-0.00239115;-0.00129954;1.00191;0.0202347;0.988316;1;3;1
399.531;974.06;-0.621051;3.90426;0.000470566;-7.92871e-05;0.00131089;0.00153505;-0.00114377;0.994288;-0.0100123;-0.00266402;0.995557;0.0239964;0.981537;1;3;1
422.531;974.06;-0.581764;3.94191;0.00174698;-0.00163341;-0.00043858;0.00180296;-0.00168938;1.0042;-0.00587555;0.000153219;1.00051;0.0202692;0.987122;1;3;1
445.531;974.06;-0.540762;3.88847;0.00200209;-0.00132956;-0.000134811;0.00200754;-0.00133501;1.00327;0.00159515;0.00302009;1.00272;0.0189497;0.988961;1;3;1
468.531;974.06;-0.489834;3.85907;-0.000438066;-0.00148532;-0.000399006;-0.000303369;-0.00162002;0.997436;0.00174637;-0.000831518;0.997805;0.0203779;0.989327;1;3;1
491.531;974.06;-0.560951;3.83278;-0.000473319;-0.00205202;-0.000710383;-0.000200729;-0.00232461;0.995445;0.00335216;0.00442904;0.9962;0.0202669;0.986458;1;3;1
514.531;974.06;-0.511689;3.77522;0.000966832;-0.00267466;0.000242607;0.000982924;-0.00269075;1.00365;0.00367834;0.00127671;0.995955;0.018504;0.990855;1;3;1
537.531;974.06;-0.516542;3.76934;-0.000252131;-0.00227585;0.000891746;8.47379e-05;-0.00261272;0.998636;-0.00361029;-0.00101799;0.999967;0.0190362;0.993139;1;4;1
560.531;974.06;-0.523291;3.75959;0.0010181;-0.000606038;-0.000356223;0.0010928;-0.000680733;1.00141;0.000467695;0.000519423;1.00229;0.0195818;0.988992;1;3;1
583.531;974.06;-0.469824;3.67803;0.000413976;-0.00139681;-0.000353475;0.00048053;-0.00146337;0.998379;-0.00112913;0.00626007;1.00108;0.0175788;0.98893;1;3;1
606.531;974.06;-0.504401;3.64239;-0.00119962;-0.0011146;0.000351805;-0.000802743;-0.00151147;0.99849;0.000836381;-0.0018961;1.00156;0.018303;0.988747;1;3;1
629.531;974.06;-0.525045;3.65455;0.000211094;9.92356e-05;0.00110382;0.0012604;-0.000950069;0.999556;0.00190996;-0.00123536;1.00293;0.0218911;0.983097;1;3;1
652.531;974.06;-0.494715;3.68824;0.00132954;-0.00158028;0.000153766;0.00133765;-0.00158838;1.00161;-0.00128071;0.0044981;1.00058;0.022627;0.983895;1;3;1
675.531;974.06;-0.463963;3.59672;-0.00152831;-0.00161288;-0.00110458;-0.000465206;-0.00267598;0.994559;0.000201634;0.00266962;0.996125;0.0258777;0.977856;1;3;1
698.531;974.06;-0.565421;3.5088;-0.00217923;-0.000173335;-3.7178e-05;-0.000172646;-0.00217991;1.00157;-0.00830908;0.0032782;0.996794;0.02231;0.986328;1;3;1
721.531;974.06;-0.564357;3.53641;0.000981519;-0.0029604;0.000580835;0.00106532;-0.0030442;1.00483;-0.00188008;-0.00340566;0.993838;0.028501;0.973825;1;3;1
744.531;974.06;-0.520296;3.5239;0.0029564;-0.00311156;-0.000578519;0.00301106;-0.00316622;1.00336;-0.00694223;0.00273366;0.992844;0.0224712;0.984942;1;3;1
767.531;974.06;-0.428701;3.42343;0.00274566;-0.00149062;-0.0017568;0.00337941;-0.00212436;0.996983;-0.000379834;0.00403269;0.995448;0.0270331;0.97953;1;3;1
790.531;974.06;-0.394375;3.38571;-0.00062348;-0.000976551;-2.4243e-05;-0.000621823;-0.000978208;1.00522;-0.00662071;0.00241068;0.996886;0.0232527;0.984642;1;4;1
813.531;974.06;-0.457432;3.36138;-0.00193927;-0.00312956;0.00067288;-0.0016361;-0.00343273;0.999167;-0.00319872;0.0015588;1.00271;0.0247577;0.981779;1;3;1
836.531;974.06;-0.483721;3.31583;-0.00103609;-0.00284835;0.000772787;-0.000751304;-0.00313313;0.987774;-0.00354659;0.00285457;0.994376;0.0286242;0.977373;1;4;1
859.531;974.06;-0.505135;3.32045;0.000643653;-0.00198298;0.00153943;0.00135386;-0.00269319;1.00353;-0.00454387;-0.00221743;0.992285;0.027789;0.980875;1;3;1
882.531;974.06;-0.454124;3.32742;1.54886e-05;-0.00258744;0.00128797;0.000545059;-0.00311701;0.998467;-0.00123176;-0.000677313;0.99786;0.0205337;0.985995;1;3;1
905.531;974.06;-0.504434;3.28781;0.000666199;-0.00158047;-0.000851009;0.000952154;-0.00186642;1.00037;-0.00319197;0.00399575;0.998823;0.0205348;0.988136;1;3;1
928.531;974.06;-0.42356;3.24703;-0.00152746;-0.00243279;-5.96762e-05;-0.00152354;-0.00243671;0.995326;-0.00389733;-0.000703848;1.00025;0.0283739;0.973699;1;3;1
951.531;974.06;-0.574802;3.21951;-0.00510028;-0.000747675;0.000361174;-0.000717909;-0.00513005;0.997796;-0.00287495;0.000830216;0.997156;0.0259041;0.976704;1;3;1
974.531;974.06;-0.658829;3.17626;0.000310476;-0.00270054;0.00182297;0.00116924;-0.0035593;1.00095;-0.00562488;0.00202926;0.990982;0.0288743;0.969948;1;3;1
997.531;974.06;-0.560532;3.18966;0.00116987;-0.000153162;0.000896868;0.00162279;-0.000606085;1.00312;0.00642287;-0.00235805;1.00627;0.023622;0.980811;1;4;1
1020.53;974.06;-0.605046;3.16993;-0.000964484;-0.001925;0.00108431;-0.000258834;-0.00263065;0.997886;-0.00113911;0.00666232;0.998829;0.0221807;0.98624;1;4;1
1043.53;974.06;-0.604957;3.13045;-0.00023693;-0.00114487;1.51501e-05;-0.000236677;-0.00114512;0.996418;-0.00651485;-0.00242013;0.995849;0.0260764;0.978555;1;3;1
1066.53;974.06;-0.615979;3.1153;-0.00317429;-0.00298913;0.000851548;-0.00222514;-0.00393828;1.00143;0.000551597;0.00106895;0.993843;0.0282734;0.984523;1;4;1
1089.53;974.06;-0.751218;3.09976;-0.00219768;-0.00227124;-0.000204859;-0.00202633;-0.0024426;0.994088;-0.0104749;-0.00153334;0.992885;0.0223507;0.981504;1;3;1
1112.53;974.06;-0.717201;3.076;0.00187187;-0.0017614;-0.000296503;0.0018959;-0.00178544;1.00228;0.00168793;0.00638782;0.996049;0.0256677;0.974796;1;3;1
1135.53;974.06;-0.665299;3.00059;-0.00198015;-0.00115883;-0.000838538;-0.000635795;-0.00250319;1.00193;0.00242403;0.00902224;1.00531;0.0278534;0.976266;1;3;1
1158.53;974.06;-0.808712;2.90077;-0.00424304;-0.00284211;-0.000256721;-0.00279655;-0.00428861;0.992913;0.00180067;-0.00177566;0.998167;0.0239821;0.98528;1;3;1
1181.53;974.06;-0.860956;2.92572;-0.00035298;-0.00197089;0.000871731;2.73183e-05;-0.00235119;1.00406;-0.00538331;0.0025802;0.997375;0.0229141;0.98123;1;3;1
1204.53;974.06;-0.824973;2.85729;-0.000495703;-0.000231966;-0.000197287;-0.000126535;-0.000601135;0.994212;0.00256355;-0.00155279;1.00024;0.0210124;0.987977;1;3;1
1227.53;974.06;-0.883791;2.87627;-0.00295123;-0.00294003;0.00132911;-0.00161651;-0.00427475;0.995261;-0.00617005;0.00242233;0.996737;0.0210861;0.988257;1;3;1
1250.53;974.06;-0.961039;2.75734;-0.00136189;-0.000728504;0.000830275;-0.000156575;-0.00193382;0.994927;-0.00126056;0.00949678;0.999985;0.0223442;0.983633;1;3;1
1273.53;974.06;-0.946653;2.75029;0.000625736;0.000679887;0.000403417;0.00105714;0.000248487;1.00148;0.00498414;-0.0108106;1.00176;0.0295635;0.980731;1;3;1
31.5305;951.06;-1.25711;4.31491;0.00122877;-0.00152189;0.000509353;0.00132006;-0.00161318;1.00377;-0.00643979;-0.00255353;0.998579;0.0267323;0.988926;1;3;1
54.5305;951.06;-1.22887;4.30036;0.0028652;0.000483207;0.00222479;0.00419772;-0.000849314;1.01062;-0.00402611;0.00102703;1.00032;0.0267851;0.986516;1;2;1
77.5306;951.06;-1.12553;4.26844;0.00295775;-0.00175722;-0.000720913;0.00306551;-0.00186498;0.996077;0.00148363;0.00151095;0.999793;0.0210652;0.98654;1;3;1
100.531;951.06;-1.09304;4.25498;0.000407045;-0.000978299;3.21551e-06;0.000407052;-0.000978306;1.00474;0.00417793;-0.00169291;1.00051;0.0235754;0.99052;1;3;1
123.531;951.06;-1.10683;4.21856;0.00386943;-0.00295043;-0.000962898;0.00400277;-0.00308377;0.999236;0.00187283;-0.000871217;0.993347;0.0219077;0.988487;1;3;1
146.531;951.06;-0.915414;4.20823;0.00110551;-0.00210991;0.00104574;0.00141569;-0.00242009;1.00347;-0.00406368;0.00536491;0.995985;0.0213212;0.992482;1;3;1
169.531;951.06;-1.05601;4.20161;0.0002631;-0.000948594;0.00141383;0.00119543;-0.00188092;1.00006;-0.00967692;-0.00264426;1.0007;0.0283017;0.98625;1;3;1
192.531;951.06;-0.903313;4.21467;0.00317684;-0.00048099;0.000268501;0.00319644;-0.000500594;1.006;-0.00198271;0.00386628;1.00174;0.0218786;0.992216;1;4;1
215.531;951.06;-0.91017;4.12614;0.00145553;-0.000409505;-0.000337672;0.00151479;-0.00046876;0.993849;0.00398807;-2.27901e-05;0.994712;0.0241035;0.991635;1;3;1
238.531;951.06;-0.836514;4.1155;0.00179666;-0.000588855;-0.000189123;0.00181156;-0.000603756;1.0012;-0.00342703;0.00593921;1.00208;0.0219839;0.989489;1;3;1
261.531;951.06;-0.827649;4.0569;0.00148002;-0.00080896;7.72146e-05;0.00148262;-0.000811561;1.00405;-0.00659124;0.000231508;0.999013;0.0292815;0.983333;1;3;1
284.531;951.06;-0.768515;4.06147;-0.000442662;-0.00123431;0.000145535;-0.000416755;-0.00126022;0.993832;-0.00503533;0.0030062;0.998408;0.0214176;0.987322;1;3;1
307.531;951.06;-0.848032;4.01864;0.00191598;-0.0024794;3.1011e-05;0.0019162;-0.00247962;1.00333;0.00273332;-0.000465062;0.998221;0.0211203;0.989481;1;4;1
330.531;951.06;-0.680507;3.99888;0.00380881;-0.00106401;0.000382416;0.00383864;-0.00109384;1.00271;-0.0037866;-0.00182957;0.99807;0.0202107;0.993136;1;3;1
353.531;951.06;-0.673163;4.00032;0.00041754;-0.00141573;-0.000350751;0.000482356;-0.00148055;1.00193;0.000271448;0.00319285;0.998595;0.01907;0.989957;1;3;1
376.531;951.06;-0.661341;3.94042;0.000637198;-0.0020552;2.46298e-05;0.000637423;-0.00205542;0.999726;0.00105377;0.00187166;0.994006;0.0200562;0.986526;1;3;1
399.531;951.06;-0.643906;3.9359;0.00225157;-0.000638794;-4.95224e-05;0.00225242;-0.000639642;1.00234;0.00441264;-0.00193045;1.00117;0.0200812;0.986017;1;4;1
422.531;951.06;-0.557893;3.91385;-3.68482e-05;0.00169208;0.000760053;0.0019787;-0.000323461;0.998037;0.000865366;0.00199368;0.998602;0.0204658;0.985079;1;3;1
445.531;951.06;-0.645627;3.88764;-0.0010577;-0.000615343;0.000829117;2.15896e-05;-0.00169463;1.00459;-0.00637422;-0.000664112;0.997694;0.0205296;0.986579;1;3;1
468.531;951.06;-0.606613;3.85283;0.00106809;-0.000993708;0.0011233;0.00156185;-0.00148746;0.998819;-0.00249155;0.00276492;0.999484;0.0173557;0.993272;1;3;1
491.531;951.06;-0.596533;3.85347;0.00085317;-0.000900217;9.20009e-05;0.000857984;-0.000905032;1.00436;-0.00196833;-0.000989203;1.00059;0.0195951;0.990033;1;3;1
514.531;951.06;-0.567395;3.82079;0.000577695;-0.00124912;0.000546688;0.000728798;-0.00140023;0.999727;-0.0056289;0.00194687;0.997684;0.0194596;0.989575;1;3;1
537.531;951.06;-0.569984;3.8138;0.000881105;-0.00201083;0.000614684;0.00100633;-0.00213606;1.00286;-0.00296513;0.00743053;0.992026;0.0224513;0.987721;1;3;1
560.531;951.06;-0.526924;3.75901;0.000604781;-0.000792005;-0.000591887;0.000821857;-0.00100908;1.00127;-0.00383218;-0.00314408;0.996713;0.0185887;0.99047;1;3;1
583.531;951.06;-0.542373;3.67801;0.000329904;-0.00204952;0.000449939;0.000412143;-0.00213176;1.00068;-0.00387452;0.00314558;0.99721;0.019582;0.988313;1;3;1
606.531;951.06;-0.511807;3.68706;-0.000418791;-0.00176071;-0.000207107;-0.000387554;-0.00179195;1.00564;-0.00189439;-0.000769582;0.994831;0.0204506;0.991627;1;3;1
629.531;951.06;-0.561669;3.62779;-0.000473011;-0.000623949;0.000124215;-0.000403136;-0.000693824;0.996475;0.00121805;0.00359987;1.00331;0.0242848;0.97956;1;3;1
652.531;951.06;-0.533574;3.66927;0.000499172;0.000310252;0.000489123;0.000902872;-9.34488e-05;1.00679;-0.00460188;0.00145045;1.00672;0.0197212;0.987162;1;3;1
675.531;951.06;-0.538716;3.61079;2.5099e-05;-0.000945926;-0.000447265;0.000199714;-0.00112054;0.99676;-0.00447169;0.00480267;1.00555;0.0259193;0.979452;1;2;1
698.531;951.06;-0.532635;3.5283;0.00088427;-0.00111685;-0.000340763;0.000940706;-0.00117329;1.00529;0.00689031;0.00211741;1.00453;0.0228054;0.98123;1;3;1
721.531;951.06;-0.49808;3.56462;0.000876798;-0.000812571;0.000866128;0.00124194;-0.00117771;1.00019;0.00426159;-0.00106463;0.999289;0.023474;0.98688;1;3;1
744.531;951.06;-0.492349;3.57938;0.00265824;-0.000398352;-0.000720942;0.00281975;-0.000559862;1.0045;0.00603698;0.00474191;0.998966;0.024645;0.980577;1;3;1
767.531;951.06;-0.376058;3.47148;8.81303e-05;-0.000833119;-0.00145829;0.00115681;-0.0019018;0.997166;-0.00313344;0.000801706;0.995612;0.0231768;0.983765;1;4;1
790.531;951.06;-0.488675;3.39236;-0.00402855;-0.00221623;0.000857477;-0.00187483;-0.00436994;0.999727;0.00978654;9.74641e-06;0.997103;0.0250186;0.981308;1;4;1
813.531;951.06;-0.561746;3.46709;-0.00158073;-0.00153429;0.00119127;-0.00036601;-0.00274901;0.997921;0.00471078;0.000514208;0.99999;0.0265777;0.977354;1;3;1
836.531;951.06;-0.561451;3.41416;0.000897171;-0.00185528;-0.00010866;0.000901454;-0.00185956;0.994674;-0.00147402;0.0032721;0.997339;0.0237639;0.981965;1;4;1
859.531;951.06;-0.520619;3.3598;0.00121194;-0.00226083;0.000265734;0.00123215;-0.00228105;1.00337;0.000918582;-0.00525183;0.996704;0.0241685;0.982715;1;4;1
882.531;951.06;-0.505741;3.3922;0.000848278;-7.44608e-05;0.000405248;0.00100098;-0.000227166;1.00626;-0.000511634;0.00203616;1.00084;0.0220987;0.988825;1;3;1
905.531;951.06;-0.481625;3.33044;0.000517171;-0.000370903;0.000445156;0.000701889;-0.000555621;0.994688;-0.00686807;0.00541733;0.998389;0.0230998;0.98218;1;3;1
928.531;951.06;-0.482119;3.27031;-0.00233236;-0.00167635;0.000941584;-0.00100728;-0.00300144;0.999403;-0.00447858;0.000797791;0.99735;0.0243437;0.974351;1;3;1
951.531;951.06;-0.58913;3.23889;-0.00372773;-0.00270759;0.000380363;-0.00258138;-0.00385394;0.990615;-0.000315018;-0.00131302;0.997943;0.0215176;0.98756;1;4;1
974.531;951.06;-0.653919;3.25149;0.000200796;-0.00158382;-0.000954365;0.000615019;-0.00199805;1.00275;0.00429612;0.00593129;1.00741;0.0257212;0.976195;1;3;1
997.531;951.06;-0.579955;3.16413;-0.00051551;-0.00166307;9.105e-05;-0.00050833;-0.00167025;0.99516;-0.00635704;-0.00339812;0.999338;0.0277938;0.964648;1;4;1
1020.53;951.06;-0.67767;3.19801;-0.00145508;-0.0018146;0.000493931;-0.00110922;-0.00216047;0.999988;-0.00588845;0.00544095;1.00001;0.023339;0.987049;1;3;1
1043.53;951.06;-0.646938;3.16158;-0.00072455;-9.37548e-05;0.000421747;0.000117484;-0.000935788;0.999312;-0.00152297;-0.00375688;1.00229;0.0256398;0.988753;1;3;1
1066.53;951.06;-0.711018;3.17293;-0.000644406;-0.000358711;0.000206867;-0.000250164;-0.000752953;0.99885;0.00195646;0.00640462;1.00382;0.0250761;0.981548;1;3;1
1089.53;951.06;-0.676615;3.11367;-0.00120047;0.000234019;-0.00210834;0.00174378;-0.00271023;0.997244;0.0135798;-0.00134841;1.00521;0.0252435;0.976552;1;4;1
1112.53;951.06;-0.766381;3.07313;-0.00220445;-0.000968146;-0.000457161;-0.000817463;-0.00235513;0.998483;-0.0005304;0.000750888;1.00381;0.0249555;0.985502;1;4;1
1135.53;951.06;-0.778213;3.02739;-0.000561576;-0.00158686;0.0015534;0.000561589;-0.00271002;1.00628;-0.000644927;0.00582895;0.998663;0.0241483;0.980851;1;3;1
1158.53;951.06;-0.792276;3.00242;-0.00297589;-0.00313042;-0.000852271;-0.00219739;-0.00390892;0.993418;-0.00259265;-0.000588949;0.993778;0.0244035;0.982257;1;3;1
1181.53;951.06;-0.915373;2.9498;-0.00169081;-0.00112694;3.78307e-05;-0.00112441;-0.00169333;1.00095;0.00260222;0.00741965;1.00009;0.0216563;0.986513;1;3;1
1204.53;951.06;-0.870207;2.9124;-0.00203254;-0.00199024;0.00134431;-0.000666913;-0.00335586;0.998393;-0.00375097;-0.000817017;1.00024;0.02158;0.984906;1;3;1
1227.53;951.06;-1.00897;2.96253;-0.00467603;-0.00221288;0.000575966;-0.00208485;-0.00480406;0.99045;-0.00881475;-0.0019347;0.998129;0.0268758;0.978934;1;3;1
1250.53;951.06;-1.08589;2.82621;-0.000139583;-0.00436482;-0.0015376;0.000360722;-0.00486512;1.00428;-0.00955592;0.00858338;0.994158;0.0258106;0.990752;1;3;1
1273.53;951.06;-1.01593;2.73905;0.00305351;-0.00184596;-0.000717253;0.00315635;-0.0019488;0.997856;-0.00703484;0.00306896;1.00082;0.0273562;0.984216;1;4;1
31.5305;928.06;-1.24701;4.29413;-0.00473796;-0.00118295;-0.000668258;-0.00106148;-0.00485943;1.00283;0.00627386;0.00135225;0.99536;0.0258936;0.986506;1;3;1
54.5305;928.06;-1.35626;4.26789;0.00299286;0.000496191;6.08634e-05;0.00299434;0.000494708;1.0076;-0.00544228;0.00226719;0.999579;0.0286542;0.984279;1;3;1
77.5306;928.06;-1.10955;4.32092;0.00536291;-0.000741888;0.000312935;0.00537891;-0.000757888;1.00169;-0.00463644;0.000287138;0.99601;0.0225416;0.988588;1;3;1
100.531;928.06;-1.11023;4.24903;0.00151176;-0.000300656;0.000629628;0.00170902;-0.000497917;1.00602;-0.00771208;0.000658371;0.997425;0.0225423;0.987563;1;3;1
123.531;928.06;-1.04008;4.27965;0.0017195;-0.000573745;-0.000624361;0.00187847;-0.000732715;0.997356;-0.00189778;0.000423178;1.00278;0.0226081;0.985396;1;3;1
146.531;928.06;-1.0312;4.22634;0.000321737;0.000394667;0.000678946;0.00103813;-0.000321722;0.998436;0.000117084;0.00264751;1.00138;0.0211533;0.989783;1;3;1
169.531;928.06;-1.02536;4.19491;0.000820052;-0.000505471;-0.00105806;0.00140578;-0.0010912;1.00414;-0.00104134;0.00337888;0.999063;0.0251273;0.986133;1;3;1
192.531;928.06;-0.993535;4.16668;0.00210875;0.000251699;0.000500391;0.002235;0.000125449;1.00167;-0.00438806;-7.25281e-05;0.992485;0.0245964;0.985302;1;3;1
215.531;928.06;-0.928487;4.14824;0.0028655;-0.00189268;0.000404227;0.00289959;-0.00192678;1.00044;-0.00479228;-0.00164904;0.997148;0.021224;0.992735;1;3;1
238.531;928.06;-0.861936;4.11838;0.0021061;-0.000733516;0.000873831;0.00235345;-0.000980872;1.00665;0.000885918;0.00330032;0.996248;0.0198942;0.993105;1;3;1
261.531;928.06;-0.831721;4.11398;0.0012475;-0.00153797;0.000443296;0.00131635;-0.00160681;0.998414;-5.94213e-05;0.0012289;1.00065;0.0206896;0.989377;1;3;1
284.531;928.06;-0.804588;4.10424;0.000275189;-0.00188726;0.000834857;0.000559992;-0.00217207;1.00226;-0.00199549;0.000651831;0.995543;0.0186364;0.988919;1;3;1
307.531;928.06;-0.819065;4.10613;0.00174172;-0.00251479;0.000420562;0.00178288;-0.00255595;0.99859;-0.00938011;0.00195583;0.997154;0.0197223;0.990668;1;4;1
330.531;928.06;-0.724607;4.02516;0.00275278;-0.00162863;-0.000210732;0.00276289;-0.00163874;1.00035;0.00322072;0.000667542;1.00288;0.0210259;0.98741;1;3;1
353.531;928.06;-0.692715;4.00791;0.00119008;-0.000713244;0.000919851;0.00156197;-0.00108513;1.00163;-0.00349697;0.00121935;1.00012;0.021878;0.985343;1;3;1
376.531;928.06;-0.669901;4.00237;0.00108267;-0.00183637;0.000356747;0.00112563;-0.00187934;1.00241;0.00065792;0.000387671;0.99977;0.0175975;0.994627;1;3;1
399.531;928.06;-0.642999;3.93366;-0.000650447;-0.000614609;-0.000800627;0.0001683;-0.00143336;0.996855;0.00196821;0.0028562;1.00018;0.0185812;0.991365;1;3;1
422.531;928.06;-0.700039;3.86429;-0.000764319;-0.000860096;0.00168399;0.000872463;-0.00249688;0.993018;-0.00737782;0.00313174;1.00125;0.0204572;0.989786;1;3;1
445.531;928.06;-0.678175;3.91699;0.00158599;-0.00188842;0.000933916;0.00182112;-0.00212354;1.00495;0.00363568;0.0019628;0.997903;0.0181637;0.990411;1;3;1
468.531;928.06;-0.627159;3.90501;0.00167105;-0.000585373;-0.000388093;0.00173594;-0.000650257;1.00179;0.00223729;-0.000465301;0.997998;0.0196193;0.990165;1;3;1
491.531;928.06;-0.60139;3.87423;0.000557937;0.000495518;-0.000591;0.00111855;-6.50955e-05;0.995828;-0.00187191;8.89459e-05;0.996642;0.0186512;0.991581;1;3;1
514.531;928.06;-0.601558;3.83281;-0.000722568;0.000557267;0.000509543;0.000735352;-0.000900653;0.99912;-0.00192898;7.30192e-05;1.00336;0.0189242;0.98969;1;2;1
537.531;928.06;-0.634642;3.86209;-6.28736e-05;-8.50893e-05;0.000206287;0.000132604;-0.000280567;1.00232;0.00155754;0.0018143;1.00224;0.0174456;0.992233;1;3;1
560.531;928.06;-0.604465;3.79611;0.00112542;-0.000787998;0.000670545;0.00133701;-0.000999589;0.999349;0.00107263;0.000864754;0.997934;0.0187543;0.988059;1;3;1
583.531;928.06;-0.582989;3.77255;0.00150174;-0.00222051;8.73932e-05;0.00150379;-0.00222256;1.0038;-0.00103617;0.00109816;0.997164;0.0179852;0.99063;1;3;1
606.531;928.06;-0.535494;3.72346;0.000626646;-0.001195;-7.92264e-05;0.000630085;-0.00119844;0.998308;-0.00504908;0.00260227;1.00293;0.0215229;0.985608;1;3;1
629.531;928.06;-0.554259;3.68327;-0.000460145;-0.00232363;-0.000435024;-0.000363593;-0.00242018;0.998359;-0.00269524;0.00256977;0.994524;0.023394;0.981996;1;3;1
652.531;928.06;-0.556692;3.67401;-0.000203705;-0.000719604;0.000868418;0.000444263;-0.00136757;1.0038;-0.00234839;-0.000490308;0.995947;0.0210266;0.986465;1;3;1
675.531;928.06;-0.56365;3.64036;-0.000507273;-0.00161764;-0.000644137;-0.000212079;-0.00191283;0.993087;-0.00250016;0.00624391;0.989369;0.0245679;0.984251;1;4;1
698.531;928.06;-0.580173;3.56021;-0.000636247;-0.00239643;-0.00018382;-0.000617255;-0.00241542;1.00393;-0.00679971;-0.00536415;0.993953;0.0271007;0.974855;1;4;1
721.531;928.06;-0.592975;3.57381;0.000721468;-0.000456449;0.00173851;0.00196807;-0.00170305;1.00246;-0.00607113;0.00521048;1.00519;0.0236577;0.979691;1;3;1
744.531;928.06;-0.547001;3.54224;0.00243135;0.000607683;-0.000144365;0.00244271;0.000596326;1.0012;-0.0102288;0.00246658;1.00291;0.0227576;0.9821;1;3;1
767.531;928.06;-0.481404;3.4618;0.00150231;-0.00168267;0.00202271;0.00248419;-0.00266455;0.998339;0.000940163;0.00253529;0.999748;0.0236345;0.983455;1;3;1
790.531;928.06;-0.477979;3.48785;-0.00139008;-0.00387526;0.00133808;-0.000806614;-0.00445873;1.00589;-0.0113974;-0.00123914;0.995457;0.0246356;0.976583;1;3;1
813.531;928.06;-0.545402;3.4321;-0.00222947;-0.000707385;-0.000969335;-0.000236032;-0.00270082;0.991492;-0.00750435;0.00405597;1.00241;0.0239641;0.977436;1;3;1
836.531;928.06;-0.580731;3.40136;-0.000131172;-0.000268115;-0.000405431;0.000211528;-0.000610815;1.00562;0.00409661;2.88695e-05;1.0058;0.0246828;0.986438;1;3;1
859.531;928.06;-0.551437;3.42459;0.00130683;-0.00189042;-0.00074869;0.00147346;-0.00205705;0.998055;0.00541296;-0.00331643;1.00417;0.0239598;0.977021;1;3;1
882.531;928.06;-0.52071;3.3309;-0.00250891;-0.000176609;-0.000107762;-0.000171641;-0.00251388;0.996648;-0.00705393;0.00653406;1.00045;0.0232491;0.97997;1;4;1
905.531;928.06;-0.667148;3.30517;-0.00176564;-0.00044559;0.00135137;0.000398323;-0.00260955;0.99453;0.00415942;-0.000499392;1.00096;0.0222944;0.985745;1;4;1
928.531;928.06;-0.602001;3.32455;0.000835134;-0.00180699;0.0012267;0.00131684;-0.0022887;1.00422;-0.00261702;-0.0047193;0.997401;0.0218487;0.985313;1;3;1
951.531;928.06;-0.628764;3.34426;-0.000947555;-0.0036859;-0.000249703;-0.000924971;-0.00370848;1.00398;-0.00124593;0.00573612;0.993394;0.021228;0.986042;1;4;1
974.531;928.06;-0.645671;3.24917;0.000141252;-0.00180707;-0.001621;0.00105829;-0.00272411;0.995595;-0.0049206;0.000474058;0.994932;0.027488;0.973545;1;4;1
997.531;928.06;-0.622333;3.26627;-0.000161553;-0.00262979;0.000826437;8.96052e-05;-0.00288095;1.00201;-0.00081048;-0.00440508;0.994606;0.0256236;0.985176;1;4;1
1020.53;928.06;-0.653103;3.2535;-0.00100723;-0.000623934;-0.00180111;0.000995694;-0.00262686;0.996333;0.00607136;0.0105777;0.994932;0.0238932;0.984453;1;4;1
1043.53;928.06;-0.668878;3.1348;-0.00064503;-0.00106645;-0.00127168;0.000433284;-0.00214476;1.00443;0.00275268;-0.000370737;0.993462;0.023329;0.98174;1;3;1
1066.53;928.06;-0.682945;3.13185;0.000259575;-0.000405594;-0.000346267;0.000407109;-0.000553127;0.995571;0.00255681;0.00301725;0.99751;0.0199747;0.987466;1;3;1
1089.53;928.06;-0.656961;3.0891;-0.00170478;-0.000633692;0.00110412;5.79135e-05;-0.00239638;1.00344;-0.00443309;-0.00323843;1.00051;0.0257585;0.981736;1;4;1
1112.53;928.06;-0.761433;3.12058;-0.00481357;-0.00209126;-0.000148222;-0.00208321;-0.00482162;0.986929;-0.00209721;0.00210436;1.00032;0.0216912;0.98831;1;3;1
1135.53;928.06;-0.878924;3.07414;-0.00100294;-0.00274619;-0.000221604;-0.000975209;-0.00277392;1.00303;-0.00771483;0.000400427;0.995054;0.0216829;0.985664;1;3;1
1158.53;928.06;-0.807654;3.045;-0.00163971;-0.00308885;0.000471005;-0.00150008;-0.00322848;0.99753;0.0019043;0.000230771;0.994205;0.0215262;0.988847;1;3;1
1181.53;928.06;-0.954513;2.97768;-0.00278758;-0.00279496;-0.00114436;-0.00164691;-0.00393563;0.995501;-0.00147061;0.00642161;0.995161;0.0222351;0.987071;1;3;1
1204.53;928.06;-0.936162;2.94906;-0.00149719;-0.00268882;0.00101306;-0.000917724;-0.00326829;1.00085;-0.00427119;0.00169434;0.992606;0.0222293;0.990735;1;3;1
1227.53;928.06;-1.02344;2.97838;-0.0023003;-0.000896694;0.000193299;-0.00087056;-0.00232643;0.995784;0.00432666;-0.00512687;0.995873;0.0250513;0.971456;1;4;1
1250.53;928.06;-1.0421;2.95863;-0.000666722;-0.00201495;-0.00192442;0.000698239;-0.00337991;1.00314;-0.00401664;0.00475615;0.998265;0.0214075;0.988955;1;3;1
1273.53;928.06;-1.05434;2.83541;-0.000517652;-0.00302118;-0.00251206;0.00103725;-0.00457608;0.997786;-0.000845283;0.00590235;0.996289;0.0240307;0.991041;1;3;1
31.5305;905.06;-1.24801;4.36935;0.00176093;-0.0015235;-0.00109129;0.00209047;-0.00185303;0.999059;-0.00696228;0.00282928;1.00053;0.0248657;0.986518;1;3;1
54.5305;905.06;-1.20773;4.27754;0.00163521;-0.00175664;-0.00216008;0.00268558;-0.00280701;1.0033;0.00485477;0.00511113;1.00246;0.0202346;0.990248;1;3;1
77.5306;905.06;-1.1729;4.3026;0.000340371;0.00131778;0.000554493;0.00156819;8.99578e-05;0.995377;0.000509107;-0.00313354;1.00068;0.0238633;0.987191;1;3;1
100.531;905.06;-1.19208;4.26892;0.00219399;-0.00100178;8.64599e-05;0.00219633;-0.00100412;1.00842;0.00452206;0.0011902;0.995465;0.0216271;0.986804;1;3;1
123.531;905.06;-1.07213;4.24497;0.00282012;2.92935e-05;0.000748426;0.00300816;-0.000158745;0.997985;-0.000465799;0.00104895;0.997691;0.0213745;0.989006;1;3;1
146.531;905.06;-1.0626;4.19032;0.00117018;-0.00125877;0.00113654;0.00161903;-0.00170762;1.00397;-0.00358076;-0.00306641;1.00095;0.0206234;0.991671;1;3;1
169.531;905.06;-1.01833;4.22488;0.00145247;-0.00184937;0.00039129;0.00149821;-0.0018951;0.999586;0.00166968;0.00838958;0.999722;0.021743;0.990268;1;3;1
192.531;905.06;-0.995837;4.20319;0.000500434;-0.000779348;0.000311387;0.000572176;-0.000851091;0.997316;0.00431809;-0.00327786;1.00176;0.0226382;0.987349;1;3;1
215.531;905.06;-0.995322;4.21336;0.000978061;-0.00055824;0.000265487;0.00102265;-0.000602824;1.00626;-0.000529533;0.00264247;1.00327;0.0188832;0.992088;1;3;1
238.531;905.06;-0.9509;4.1494;0.00245784;-0.000836224;-3.03964e-05;0.00245812;-0.000836505;0.996213;-0.0059799;0.00425973;1.0011;0.0221042;0.990994;1;3;1
261.531;905.06;-0.882479;4.12773;0.00212768;-1.19465e-06;0.000542697;0.00225804;-0.000131558;1.00556;-0.00325418;-0.00172272;0.99979;0.0207696;0.98967;1;3;1
284.531;905.06;-0.853131;4.14845;-0.00180118;-0.00120262;0.00113458;-0.000328506;-0.00267529;0.99607;-0.00150502;-7.1911e-05;1.00234;0.0192115;0.989705;1;3;1
307.531;905.06;-0.965409;4.13462;0.00205042;-0.000682113;-0.000261259;0.00207517;-0.000706868;1.00263;0.00248489;0.00178828;1.00567;0.0276874;0.979965;1;3;1
330.531;905.06;-0.758968;4.07393;0.00403174;-0.00195685;-0.000187397;0.0040376;-0.00196271;0.997517;-0.000401848;0.00301178;0.998295;0.018392;0.989449;1;3;1
353.531;905.06;-0.780432;4.03326;-0.000199249;-0.0012707;0.000403888;-6.40594e-05;-0.00140589;1.0018;0.00017919;0.00105493;1.00066;0.0194015;0.98987;1;3;1
376.531;905.06;-0.768161;4.0251;0.00157071;-0.000395223;0.00055887;0.00171848;-0.000542991;1.00328;-0.00705011;0.000937922;1.00159;0.0219667;0.987263;1;3;1
399.531;905.06;-0.708288;3.96423;0.000839648;-0.0018096;0.000703637;0.00101494;-0.00198488;1.00315;-0.0037931;0.00190392;0.995527;0.0185906;0.991879;1;3;1
422.531;905.06;-0.729608;3.95376;0.000379678;-0.00217227;0.000594455;0.000511357;-0.00230395;0.997735;0.00242397;0.00174112;1.00109;0.0222481;0.989429;1;4;1
445.531;905.06;-0.690827;3.97461;0.00252582;-0.00120932;-0.00120252;0.00287948;-0.00156298;1.00335;-0.002297;-0.000198928;1.00069;0.0191927;0.9909;1;3;1
468.531;905.06;-0.613626;3.87976;0.00166789;-0.000682995;-0.00128703;0.00223546;-0.00125057;1.00239;-0.00123415;0.000404631;1.00357;0.0201944;0.989861;1;3;1
491.531;905.06;-0.614393;3.83069;-0.000277391;0.000147749;0.000336993;0.000333613;-0.000463255;0.997771;-0.000992357;0.00695918;1.0053;0.0194634;0.991342;1;3;1
514.531;905.06;-0.626466;3.7952;-0.000244903;-0.000491017;0.000506888;0.000153652;-0.000889572;0.998061;-7.76358e-05;-0.00286123;0.998791;0.0172945;0.991965;1;3;1
537.531;905.06;-0.625662;3.81775;-0.00111786;-0.000712269;0.000684179;-0.000201464;-0.00162867;1.00224;-0.00347039;-0.0012146;0.995672;0.0182951;0.989546;1;3;1
560.531;905.06;-0.677916;3.79552;6.30431e-05;-0.00116018;9.93433e-05;7.10587e-05;-0.00116819;0.999093;-0.00852006;0.0008082;0.999193;0.0184944;0.990215;1;3;1
583.531;905.06;-0.622777;3.78034;0.00183453;-0.000913942;-0.000214685;0.0018512;-0.00093061;1.00055;-0.00262084;0.002938;0.999991;0.0175603;0.992552;1;3;1
606.531;905.06;-0.593636;3.74213;0.00112694;-0.000277526;0.000213685;0.00115873;-0.000309318;0.999008;0.000108071;-0.00273492;0.997302;0.0218795;0.981731;1;3;1
629.531;905.06;-0.57099;3.73481;-0.0013626;-0.00106449;0.000374178;-0.000810769;-0.00161632;1.00307;-0.00253585;0.00238112;1.00045;0.0194739;0.989522;1;3;1
652.531;905.06;-0.656375;3.70255;-0.000479958;-0.0010691;-0.000147531;-0.000445079;-0.00110398;1.00548;0.000299304;0.00376332;1.00159;0.0199006;0.989566;1;3;1
675.531;905.06;-0.5931;3.68529;0.00161603;-0.00146551;-0.000598835;0.00172831;-0.00157779;0.996979;-0.00136375;-0.00310819;1.004;0.0197283;0.988869;1;3;1
698.531;905.06;-0.582142;3.6387;-0.0017951;-0.00237675;-0.000669955;-0.00135557;-0.00281628;1.00018;-0.00255097;0.00380628;1.00036;0.0248162;0.97964;1;3;1
721.531;905.06;-0.675856;3.58597;-0.000188803;-0.001648;-0.000985204;0.000307544;-0.00214435;0.999365;-0.00205776;0.00224185;0.995408;0.0238044;0.98093;1;3;1
744.531;905.06;-0.59091;3.55154;0.0013005;-0.00212195;0.000214823;0.00131393;-0.00213538;1.00175;0.0022434;-0.00222372;0.993237;0.0235135;0.985396;1;3;1
767.531;905.06;-0.616086;3.54958;-0.00110072;-0.0020989;0.00170749;0.000179124;-0.00337875;1.00317;-0.00159959;0.00150663;0.997667;0.0313255;0.975001;1;3;1
790.531;905.06;-0.641576;3.57122;0.00124262;-0.0032025;0.00129607;0.00159291;-0.00355279;1.00129;-0.00663092;-0.00244132;0.993133;0.0253287;0.980995;1;3;1
813.531;905.06;-0.558988;3.49965;0.0023975;-0.00266693;-0.000950883;0.00257015;-0.00283958;0.994933;0.00179514;0.00437431;0.995318;0.0266577;0.972311;1;4;1
836.531;905.06;-0.53165;3.4265;0.000803649;-0.00255047;-0.00089461;0.00102734;-0.00277416;1.0039;0.00382091;0.000544127;0.997907;0.0317986;0.960636;1;3;1
859.531;905.06;-0.522066;3.44684;-0.00182118;-0.000399811;-0.000100664;-0.000392717;-0.00182828;0.997174;0.00203664;0.00268267;0.997872;0.0318512;0.959487;1;4;1
882.531;905.06;-0.615508;3.40045;-0.00196239;-0.00263923;2.57197e-05;-0.00196141;-0.0026402;1.00751;-0.00187639;0.000112924;1.00079;0.0250187;0.982187;1;3;1
905.531;905.06;-0.612524;3.35113;0.00129734;-0.00223525;-0.000813705;0.00147576;-0.00241367;0.997467;-0.00200569;-6.89811e-05;1.00032;0.0237888;0.980513;1;3;1
928.531;905.06;-0.555893;3.35356;-0.000624748;-0.00157986;0.000985334;-7.34147e-06;-0.00219727;0.999224;-0.00117306;0.000331065;0.999891;0.0240855;0.980154;1;3;1
951.531;905.06;-0.641307;3.40878;-0.00058134;-0.000895038;0.000498049;-0.000216025;-0.00126035;1.00097;-0.00462494;0.0030965;1.00304;0.0234471;0.985098;1;3;1
974.531;905.06;-0.582646;3.33474;-0.000221976;-0.00300156;-0.000594009;-0.000100355;-0.00312318;1.00138;0.000333389;0.00137938;0.99988;0.0232423;0.986315;1;3;1
997.531;905.06;-0.651685;3.28531;-0.00131529;-0.00046846;-0.000672804;-9.69253e-05;-0.00168683;0.993166;0.00332619;0.000585152;1.00201;0.0254848;0.983957;1;3;1
1020.53;905.06;-0.643316;3.22673;6.22132e-06;-0.00081583;-3.88198e-05;8.05044e-06;-0.000817659;1.00456;-0.00307183;0.00805069;1.00102;0.0250263;0.978743;1;4;1
1043.53;905.06;-0.65146;3.21066;-0.00177055;-0.00381164;0.000900686;-0.00142994;-0.00415226;0.998433;-0.00151148;-0.00718238;1.00364;0.0264134;0.979171;1;4;1
1066.53;905.06;-0.724847;3.19159;-0.00299868;-0.00209627;0.000116121;-0.00208157;-0.00301338;0.99851;-0.00491562;0.00212475;0.999695;0.0224076;0.984176;1;3;1
1089.53;905.06;-0.789656;3.14297;-0.000930581;-0.00150062;0.000985422;-0.00018979;-0.00224142;0.999447;-0.00724984;0.00169884;0.995412;0.0192632;0.989561;1;3;1
1112.53;905.06;-0.767679;3.16943;-0.000947318;-0.00157876;0.000569696;-0.000611708;-0.00191437;0.998431;-0.00154635;-0.00322494;0.999077;0.02219;0.981399;1;3;1
1135.53;905.06;-0.833255;3.15392;-0.0035655;-0.00227374;-0.000104703;-0.0022653;-0.00357394;0.997707;-0.00141839;0.00674209;0.999058;0.0221189;0.986866;1;2;1
1158.53;905.06;-0.931992;3.14494;-0.00157297;-0.00130412;0.001275;-0.000156481;-0.00272061;1.00391;-0.00573552;0.00543339;1.00158;0.0224262;0.984667;1;4;1
1181.53;905.06;-0.90573;3.07854;-0.000667758;-0.00293298;-0.00110356;-0.000219024;-0.00338172;0.995299;-0.000396348;0.00244244;0.996755;0.0204632;0.986679;1;3;1
1204.53;905.06;-0.962848;3.03635;-0.00241919;-0.00412567;5.68371e-05;-0.0024173;-0.00412756;0.99895;-0.000782106;0.00213072;0.997879;0.0215132;0.984124;1;3;1
1227.53;905.06;-1.01721;3.0038;-0.00192229;-0.00189028;-0.00108835;-0.000817811;-0.00299475;1.00045;-0.00123119;0.00365228;0.994074;0.0234288;0.986499;1;3;1
1250.53;905.06;-1.05151;2.91901;-0.000285846;-4.81718e-05;-0.00110729;0.000946635;-0.00128065;0.993318;-0.00170459;0.0010305;1.00066;0.0238628;0.989307;1;3;1
1273.53;905.06;-1.03053;2.87824;0.000914021;-0.00213561;-0.00015895;0.000922283;-0.00214387;0.997837;-0.000869842;-0.000602552;1.00113;0.0356664;0.984215;1;4;1
31.5305;882.06;-1.32981;4.36434;0.00459454;0.000648204;0.000850436;0.00477001;0.000472737;1.00278;-0.000989279;-0.00183236;0.999712;0.0225351;0.987568;1;3;1
54.5305;882.06;-1.22438;4.34895;0.00350066;-0.00264881;0.000247042;0.00351057;-0.00265872;1.00245;0.00140122;0.00673294;0.995723;0.0260095;0.979124;1;3;1
77.5306;882.06;-1.16918;4.26038;0.00106157;-0.000605713;0.00156749;0.0020033;-0.00154745;0.99998;-0.00920551;-0.00141654;0.996598;0.0286462;0.983469;1;3;1
100.531;882.06;-1.17561;4.29518;-0.000390039;-0.00141347;0.000776176;2.79247e-05;-0.00183143;1.0049;-0.0027459;-0.00131288;1.00131;0.0234548;0.986137;1;3;1
123.531;882.06;-1.18713;4.27854;0.000433356;-0.0012192;0.00117779;0.0010458;-0.00183164;0.986296;-0.00664673;-0.000902141;1.00155;0.0208733;0.989848;1;3;1
146.531;882.06;-1.15568;4.28445;0.00301852;-0.00304082;0.000849784;0.00313544;-0.00315774;1.0067;-0.00522349;0.00142318;0.997756;0.0214084;0.988081;1;3;1
169.531;882.06;-1.04849;4.28007;0.00265745;-0.00128051;-0.000221107;0.00266982;-0.00129288;1.00512;-0.00279237;0.000610705;0.999481;0.0180592;0.993768;1;3;1
192.531;882.06;-1.03367;4.20256;0.000913752;-1.21042e-05;-0.000252044;0.000977919;-7.62707e-05;0.995902;-0.00604353;-0.000195999;1.00321;0.0243779;0.980078;1;3;1
215.531;882.06;-1.00659;4.17399;0.00194097;-0.000788937;-0.000256594;0.00196488;-0.000812846;1.00509;-0.000452281;0.000469581;0.998417;0.0324602;0.974678;1;3;1
238.531;882.06;-0.944497;4.15694;0.00270241;-0.00138513;-0.000948161;0.00291164;-0.00159436;1.00504;0.00423416;0.00144324;0.998034;0.0223879;0.988073;1;3;1
261.531;882.06;-0.88249;4.11406;0.00091848;-0.00185616;0.000347544;0.00096135;-0.00189903;0.99474;0.000316307;-0.000499779;0.99712;0.0254956;0.981558;1;3;1
284.531;882.06;-0.902266;4.1597;0.000284814;-0.000521536;0.00078815;0.000766924;-0.00100365;1.00421;0.00145937;0.00146775;0.995976;0.0159527;0.993043;1;3;1
307.531;882.06;-0.869396;4.13755;0.00204772;-0.000129299;-0.00173538;0.00300772;-0.0010893;1.00312;0.00569539;0.00165258;0.997123;0.0231388;0.988893;1;3;1
330.531;882.06;-0.808189;4.11534;0.00197574;-0.00162683;0.000838011;0.00216114;-0.00181222;1.00237;-0.00637117;0.00165961;0.996185;0.0194075;0.990178;1;3;1
353.531;882.06;-0.778656;4.06648;0.000394569;-0.0012847;2.72437e-05;0.000395011;-0.00128514;1.00149;-0.00507734;-0.00240772;0.999993;0.020001;0.991757;1;3;1
376.531;882.06;-0.790139;4.02071;-3.31028e-06;0.000245843;0.00016323;0.000326604;-8.40709e-05;1.00378;0.00164087;0.00510588;1.00031;0.0212824;0.987287;1;3;1
399.531;882.06;-0.778835;4.01717;0.000996611;-0.000794221;0.00102631;0.00146321;-0.00126082;0.998176;-0.00637819;-0.00204342;1.00125;0.0212823;0.986844;1;2;1
422.531;882.06;-0.744353;3.96434;0.00298963;-0.00169263;0.000396548;0.00302298;-0.00172598;1.00467;-0.00154878;0.000347594;0.99502;0.0195408;0.98684;1;3;1
445.531;882.06;-0.641538;3.97266;0.00199833;0.00010819;0.000545538;0.00214448;-3.79638e-05;1.00344;-0.00252531;0.00124545;0.997396;0.0179189;0.993562;1;3;1
468.531;882.06;-0.65253;3.93645;-0.00163653;-0.00198557;0.000620739;-0.00116625;-0.00245586;0.997152;-0.00655887;0.000226488;0.998755;0.0177235;0.992936;1;3;1
491.531;882.06;-0.717001;3.86758;-0.000185658;-0.00145233;0.00068729;0.000115608;-0.0017536;1.00098;-0.00502274;0.00480115;0.993848;0.0191525;0.988877;1;3;1
514.531;882.06;-0.661142;3.85544;0.000427796;-0.00188057;0.00170953;0.00133629;-0.00278906;0.997122;-0.00364413;-0.00605591;0.997481;0.0172194;0.990507;1;3;1
537.531;882.06;-0.697334;3.89491;0.000221338;-0.00131313;0.00131741;0.000978643;-0.00207044;1.00561;0.00120214;0.000418121;0.999808;0.0178537;0.989921;1;3;1
560.531;882.06;-0.650962;3.84953;0.00175995;-0.000176915;-5.76162e-05;0.00176166;-0.000178627;0.997241;0.00416988;0.00334999;1.00033;0.0235262;0.986153;1;3;1
583.531;882.06;-0.616518;3.81462;0.00109837;0.000121205;-0.00131391;0.0020116;-0.000792022;1.00157;0.00262979;0.00314914;0.998461;0.0201411;0.98655;1;3;1
606.531;882.06;-0.600604;3.73628;-0.000255006;-0.00166847;-0.000187582;-0.000230536;-0.00169294;1.00283;0.00172469;0.00321856;0.997248;0.0213602;0.98688;1;3;1
629.531;882.06;-0.628323;3.73232;0.000174159;-0.000433347;0.000641446;0.000580138;-0.000839326;0.998767;0.000656061;-0.00135934;1.00005;0.0188546;0.991774;1;3;1
652.531;882.06;-0.592595;3.72323;0.00121869;-0.00110289;-0.000267282;0.00124906;-0.00113327;1.00197;-0.00447869;0.00324363;0.99823;0.0211978;0.988989;1;3;1
675.531;882.06;-0.572304;3.70782;-0.000544802;-0.00193441;0.000211442;-0.000513342;-0.00196587;1.00038;-0.00400263;-0.0060532;0.993178;0.0236982;0.984526;1;3;1
698.531;882.06;-0.617694;3.66968;-0.000369568;-0.00293328;3.81347e-05;-0.000369001;-0.00293384;0.997719;0.00107794;0.00709012;0.997252;0.0243233;0.979457;1;3;1
721.531;882.06;-0.589344;3.64968;0.000319603;-0.00206123;-0.000566205;0.000447397;-0.00218902;0.999851;0.00484868;-0.00569241;1.00048;0.0272681;0.973929;1;4;1
744.531;882.06;-0.603004;3.63999;-0.000642734;-0.00376669;6.61469e-05;-0.000641334;-0.00376809;1.00002;-0.000180338;0.00390163;0.997679;0.0263959;0.973166;1;4;1
767.531;882.06;-0.619009;3.55865;-0.00095118;-0.00277936;0.000164964;-0.000936414;-0.00279413;1.01044;-0.000177146;-0.00841004;0.997833;0.0255142;0.971623;1;4;1
790.531;882.06;-0.64678;3.63571;0.000367252;-0.00130607;0.00104152;0.000866542;-0.00180536;0.990429;-0.00420564;0.00275372;0.999606;0.0286217;0.976005;1;3;1
813.531;882.06;-0.602119;3.55498;0.00208501;-0.000971047;0.000105704;0.00208866;-0.000974699;1.00534;-0.00204416;0.00275502;1.00022;0.0252948;0.980796;1;3;1
836.531;882.06;-0.551117;3.51884;0.000739604;-0.00312417;-0.000288244;0.00076099;-0.00314556;0.999421;-0.00245704;0.00394635;0.992278;0.0240035;0.980282;1;3;1
859.531;882.06;-0.568246;3.44299;-0.00146772;-0.00163176;0.000749572;-0.000795696;-0.00230379;0.998356;-0.00612296;0.00225108;0.99414;0.0354103;0.932755;1;3;1
882.531;882.06;-0.61873;3.45257;-0.00153899;-0.00140011;0.000200632;-0.00125724;-0.00168186;1.00923;0.005246;0.004485;0.996989;0.0256566;0.971201;1;4;1
905.531;882.06;-0.639107;3.40811;-0.000355303;-0.00297264;-0.000398628;-0.000295937;-0.00303201;0.993926;0.00620451;-0.00431686;1.00093;0.0241319;0.977965;1;3;1
928.531;882.06;-0.63511;3.3973;-0.00117999;-0.000452143;0.000412505;-0.000265975;-0.00136616;1.0018;0.000108459;0.00326366;0.999284;0.0287336;0.969115;1;4;1
951.531;882.06;-0.693425;3.38549;-0.00171644;-0.000621617;0.00110675;6.57057e-05;-0.00240376;0.993646;-7.52638e-05;0.00210799;0.994309;0.0250597;0.97545;1;3;1
974.531;882.06;-0.714135;3.3875;0.000545084;-0.000673297;0.00072772;0.00088494;-0.00101315;1.00453;-0.00243102;0.000908267;0.997668;0.0254438;0.980511;1;4;1
997.531;882.06;-0.668461;3.28785;-0.00021492;-0.00111768;0.000422983;-4.77063e-05;-0.0012849;0.994076;-0.00451024;0.00166251;0.998833;0.0238371;0.984239;1;3;1
1020.53;882.06;-0.724123;3.2911;-0.00257242;-0.00327262;0.00192378;-0.000967143;-0.0048779;1.00734;-0.00473227;0.00270606;1.00082;0.0270488;0.974276;1;3;1
1043.53;882.06;-0.786951;3.31063;-0.000809438;-0.00205624;0.000172513;-0.000786009;-0.00207967;0.998872;-0.00676946;0.000958808;0.993839;0.0214583;0.982703;1;4;1
1066.53;882.06;-0.761415;3.22845;0.000377139;-0.00117792;-0.000936673;0.000816947;-0.00161772;1.00243;-0.00420964;0.00313825;0.997048;0.021209;0.987743;1;3;1
1089.53;882.06;-0.769858;3.15831;-0.000902136;-0.00169304;-9.89161e-05;-0.000889952;-0.00170523;0.99741;0.00125305;0.00211317;0.998981;0.023063;0.983376;1;3;1
1112.53;882.06;-0.802946;3.19328;-0.00269005;-0.000991944;0.00124207;-0.000336457;-0.00334554;0.998551;-0.000469999;-0.00672867;0.998011;0.0185038;0.991281;1;3;1
1135.53;882.06;-0.893771;3.17885;-0.00428443;-0.000558837;0.000234095;-0.000544185;-0.00429909;0.995147;-0.00508423;0.00442487;0.995705;0.0221997;0.989585;1;3;1
1158.53;882.06;-1.00054;3.10543;-0.00146516;-0.00020146;7.75242e-05;-0.000196722;-0.0014699;0.99908;-0.00346102;0.00255174;1.00212;0.0210592;0.984532;1;3;1
1181.53;882.06;-0.961266;3.1128;-0.000336208;4.89289e-05;0.00168553;0.00155285;-0.00184013;1.00323;0.00382623;0.00262404;1.00538;0.0247491;0.97699;1;4;1
1204.53;882.06;-1.01602;3.13931;-0.00171967;-0.0011306;0.000431383;-0.000902789;-0.00194748;0.998669;-0.00128459;0.000150041;0.999004;0.021698;0.983628;1;3;1
1227.53;882.06;-1.04046;3.06542;-0.00107394;-0.000929853;-0.00147594;0.000475806;-0.0024796;0.995665;-0.00422744;0.0011932;1.00311;0.0207825;0.987605;1;3;1
1250.53;882.06;-1.06579;2.96085;-0.00174551;-0.002655;-0.000259519;-0.00167667;-0.00272385;0.997095;-0.00196407;0.00500163;0.994999;0.0207991;0.985191;1;3;1
1273.53;882.06;-1.12102;2.9338;-0.00239741;-0.00227337;0.000174127;-0.00215055;-0.00252023;0.993546;-0.00265573;0.00254425;0.997199;0.0233692;0.989101;1;3;1
31.5305;859.06;-1.35655;4.33967;0.000997319;-0.00183181;0.000508071;0.00108579;-0.00192029;1.00456;-0.000288116;-0.00451722;0.998191;0.0259964;0.98919;1;3;1
54.5305;859.06;-1.3337;4.39972;-0.000306292;-0.0015326;0.00107092;0.000314582;-0.00215348;1.0015;-0.00462422;0.00168283;0.999665;0.0246788;0.984688;1;3;1
77.5306;859.06;-1.37064;4.3309;0.00192287;-0.00287324;-0.00038569;0.00195369;-0.00290405;1.0035;0.00243082;0.00217695;0.998884;0.0241502;0.983688;1;3;1
100.531;859.06;-1.24538;4.33402;0.00390976;-0.00084491;0.000622395;0.00398988;-0.000925033;1.00241;-0.00795898;-0.000116645;0.994841;0.0201326;0.990363;1;3;1
123.531;859.06;-1.19115;4.30124;0.00231468;-0.00136889;0.00016793;0.00232232;-0.00137653;0.999826;0.00423778;7.05168e-05;0.994968;0.0229669;0.987354;1;3;1
146.531;859.06;-1.13903;4.33047;0.00242767;-0.00123297;0.000246474;0.00244419;-0.00124949;1.0036;0.00899139;-0.00127214;0.997743;0.0230241;0.983394;1;3;1
169.531;859.06;-1.07962;4.28386;0.00131724;0.000494876;-4.12129e-05;0.0013193;0.000492816;1.00754;-0.000204785;0.00619556;1.00254;0.023292;0.988423;1;3;1
192.531;859.06;-1.07865;4.20382;0.00135676;-0.00112088;0.00120007;0.00184271;-0.00160683;1.00071;-0.00656399;-0.00111903;0.999483;0.0225695;0.98841;1;3;1
215.531;859.06;-1.01726;4.24967;0.00337653;-0.00205232;0.0014647;0.00374649;-0.00242229;1.00385;-0.00314719;0.000337738;0.997475;0.0221617;0.988821;1;3;1
238.531;859.06;-0.923589;4.21317;0.00229843;-0.00310582;0.0001237;0.00230126;-0.00310865;1.00434;-0.0036025;0.000568995;0.997829;0.0247216;0.984025;1;3;1
261.531;859.06;-0.911667;4.2132;0.000466488;-0.00284256;0.000638716;0.000585494;-0.00296156;1.00411;0.000963662;-0.00284833;0.9963;0.0190264;0.98953;1;3;1
284.531;859.06;-0.902153;4.17247;0.00133513;-0.000210713;-0.000553275;0.00151274;-0.000388329;0.999645;-0.00446896;0.00481426;1.00043;0.0221584;0.984825;1;3;1
307.531;859.06;-0.85035;4.14071;-9.93172e-05;-0.000533216;0.000129944;-6.33781e-05;-0.000569155;0.997965;-0.00466893;-0.00251758;1.00229;0.023529;0.98736;1;3;1
330.531;859.06;-0.906728;4.14906;-0.000587408;-0.00118148;0.000930829;9.26277e-05;-0.00186152;0.999324;0.00396384;0.0042147;0.99808;0.0237388;0.988549;1;3;1
353.531;859.06;-0.877404;4.0925;0.00161942;-0.000626749;0.000337819;0.00166913;-0.000676457;1.00799;-0.00363789;0.000820238;0.994991;0.021602;0.986109;1;3;1
376.531;859.06;-0.832493;4.01384;0.000404716;-0.00198307;0.000532089;0.000517919;-0.00209628;0.99759;-0.00409286;0.00613841;0.995905;0.0202801;0.989106;1;3;1
399.531;859.06;-0.858881;4.00102;0.000482942;-0.000901545;0.0015076;0.00144963;-0.00186823;0.998227;-0.00219042;-0.00519131;0.994575;0.0209134;0.988068;1;3;1
422.531;859.06;-0.810287;4.03175;0.00196135;-0.00297217;0.000575879;0.00202768;-0.0030385;1.00637;-0.00376674;0.00151906;0.998401;0.0197815;0.991467;1;2;1
445.531;859.06;-0.768758;3.9697;0.000749266;-0.00152159;0.000879286;0.00104992;-0.00182225;0.998008;-0.00434108;0.000628771;0.998401;0.0189251;0.989744;1;3;1
468.531;859.06;-0.775873;3.97148;0.000223328;-0.00225515;0.000717762;0.000416183;-0.00244801;1.00342;-0.00446774;0.000846126;0.995237;0.0182664;0.989316;1;3;1
491.531;859.06;-0.758542;3.89777;0.000425039;-0.00161838;6.47751e-05;0.000427091;-0.00162043;0.999097;-0.00582293;0.00337983;1.00021;0.017632;0.991226;1;2;1
514.531;859.06;-0.756412;3.88197;0.000126359;-0.00123987;0.00093432;0.000600656;-0.00171416;1.00191;0.000494126;0.000913513;0.999467;0.0180504;0.988864;1;3;1
537.531;859.06;-0.752734;3.87837;8.08771e-05;-0.00061801;-1.59503e-05;8.12409e-05;-0.000618374;1.00166;-0.004212;0.000763252;1.00081;0.0199724;0.983806;1;3;1
560.531;859.06;-0.752759;3.80372;0.00299746;-0.00118155;-0.000140817;0.0030022;-0.00118629;1.00202;-0.00922549;0.00388894;1.00032;0.02285;0.983866;1;3;1
583.531;859.06;-0.615174;3.77477;0.00205008;-0.000723691;0.001512;0.00271492;-0.00138854;1.00268;-0.003032;-0.00101585;0.998802;0.0224373;0.987244;1;3;1
606.531;859.06;-0.658554;3.81899;-0.000605359;-0.00301328;0.00154101;0.000146248;-0.00376489;0.998833;-0.0078135;0.000754537;0.999542;0.0170076;0.990393;1;3;1
629.531;859.06;-0.643033;3.7548;5.08954e-05;-0.00162226;6.76464e-05;5.36259e-05;-0.00162499;1.00011;-0.00483609;-0.000352417;0.997038;0.017426;0.992075;1;3;1
652.531;859.06;-0.65626;3.75331;-0.000499775;-0.00140086;0.000969577;0.000118826;-0.00201946;0.999447;0.00184258;0.00229454;0.99667;0.0202778;0.987539;1;3;1
675.531;859.06;-0.666033;3.77442;0.000274455;-0.00114226;0.00122463;0.000980833;-0.00184864;1.00371;4.1541e-05;-0.000383331;1.00337;0.0233211;0.980143;1;3;1
698.531;859.06;-0.643641;3.77387;0.000276545;-0.00311717;-0.000348524;0.000311968;-0.00315259;0.998495;0.00018426;0.00101204;1.00161;0.0246575;0.975914;1;2;1
721.531;859.06;-0.653408;3.68089;-0.000957702;-0.0028172;0.000687593;-0.00073107;-0.00304383;0.999011;-0.00181806;0.00429896;0.998037;0.0230893;0.983554;1;4;1
744.531;859.06;-0.687742;3.72524;0.00038838;-0.000268529;0.00120816;0.00131194;-0.00119209;0.993761;-0.0014404;-0.00742772;1.00493;0.0290896;0.966555;1;4;1
767.531;859.06;-0.635546;3.67761;-0.00115574;-0.00178048;-0.00123644;-0.000192821;-0.0027434;1.01118;-0.000521728;0.0077599;0.995835;0.0254005;0.981607;1;4;1
790.531;859.06;-0.741033;3.63145;-0.00107479;-0.000622415;-0.00146653;0.000635269;-0.00233248;0.996966;-0.000129911;0.00120892;0.994656;0.028654;0.97268;1;4;1
813.531;859.06;-0.685206;3.54451;0.00270738;-0.0014278;0.000244069;0.00272173;-0.00144215;1.00295;-0.00312927;-0.00078201;0.996716;0.0266913;0.978058;1;3;1
836.531;859.06;-0.616702;3.57052;0.000605029;-0.00139582;0.0014552;0.00137052;-0.00216131;1.00298;-0.00225706;0.000677325;0.997668;0.0205593;0.988442;1;3;1
859.531;859.06;-0.657389;3.52217;-0.00113099;-0.00208367;0.000185281;-0.00109623;-0.00211844;0.99559;-0.00464225;0.00652506;0.993701;0.0325821;0.961776;1;4;1
882.531;859.06;-0.668878;3.46493;0.000574894;-0.00276936;0.00114894;0.000931575;-0.00312604;1.00511;-0.0102235;-0.000383391;0.996895;0.023723;0.97756;1;4;1
905.531;859.06;-0.630964;3.48808;0.00114074;-0.00295331;-0.000447815;0.00118915;-0.00300172;0.996293;-0.00940444;0.0013415;0.998294;0.0253794;0.974403;1;4;1
928.531;859.06;-0.616523;3.37441;-0.00265114;-0.00197407;-2.45999e-05;-0.00197318;-0.00265203;0.998986;0.0030973;0.00020788;1.0003;0.0254221;0.978336;1;4;1
951.531;859.06;-0.753106;3.43752;-0.00283435;-0.00292957;0.000620944;-0.00225919;-0.00350473;0.995214;-0.0022163;-0.00233335;1.00281;0.0248901;0.979268;1;3;1
974.531;859.06;-0.747089;3.36602;-0.000732601;-0.00124543;0.000137655;-0.000697988;-0.00128005;1.00211;0.00187427;0.00772746;0.999082;0.0212189;0.983595;1;4;1
997.531;859.06;-0.786928;3.33696;-0.00110605;-0.00394368;0.00173046;-0.000287113;-0.00476261;0.999508;0.000366639;-0.00072708;0.995892;0.0258536;0.976431;1;3;1
1020.53;859.06;-0.797997;3.37778;0.00124051;-0.00252051;0.000908729;0.00144857;-0.00272857;0.998089;-0.00551094;0.000590991;0.992889;0.0204806;0.984415;1;3;1
1043.53;859.06;-0.729911;3.30541;0.000160999;-0.00248528;-0.00048171;0.000245958;-0.00257024;0.997449;-0.0020751;0.000397949;0.995894;0.0224707;0.98582;1;3;1
1066.53;859.06;-0.790781;3.24586;-0.00186142;-0.00282676;0.000168744;-0.00183278;-0.00285541;0.998545;-0.00166361;0.00409143;0.999154;0.0234753;0.982894;1;3;1
1089.53;859.06;-0.815694;3.22092;-0.00154007;-0.00331965;0.0014694;-0.000712054;-0.00414767;0.997535;-0.0120168;-0.00152841;0.999714;0.0234214;0.983885;1;3;1
1112.53;859.06;-0.861689;3.21518;-0.00276464;-0.00144735;0.00101711;-0.000894248;-0.00331774;0.999645;-0.00024774;9.27368e-05;0.999026;0.0237308;0.979896;1;4;1
1135.53;859.06;-0.943062;3.17977;-0.00311557;-0.000741967;0.000414799;-0.000671567;-0.00318597;0.993302;-0.00174895;0.000258188;1.00356;0.0263589;0.980116;1;3;1
1158.53;859.06;-1.00527;3.15427;-0.00181972;-0.00310931;-0.000565788;-0.00160668;-0.00332235;0.998442;7.49231e-06;0.00095572;0.997051;0.0285074;0.971511;1;4;1
1181.53;859.06;-1.02696;3.07645;-0.00097107;-0.00111945;-0.000151167;-0.00087687;-0.00121365;0.999309;-0.00359176;0.00432328;0.994821;0.0230755;0.983811;1;3;1
1204.53;859.06;-1.05001;3.08847;-0.000712428;0.00221669;0.00117426;0.00262931;-0.00112505;1.00009;-0.00273195;0.00333176;0.998915;0.0301403;0.963535;1;4;1
1227.53;859.06;-1.05975;3.04661;-0.00236808;-3.73913e-06;0.000374965;5.43024e-05;-0.00242612;0.995242;0.0025814;-0.00286938;0.999568;0.0246431;0.981485;1;3;1
1250.53;859.06;-1.15909;3.04142;-0.000888861;-0.00373888;0.000512792;-0.000799404;-0.00382834;0.997874;0.00200407;0.00665728;0.998772;0.0273868;0.975958;1;4;1
1273.53;859.06;-1.1007;2.98299;0.00254508;-0.000510164;-0.00234461;0.00381582;-0.0017809;0.999403;0.000539271;-0.00977994;0.99876;0.0310525;0.982854;1;4;1
31.5305;836.06;-1.25675;4.44874;-0.00325279;-0.00154475;0.000625855;-0.00133997;-0.00345756;0.981319;0.00136568;0.00451308;0.993875;0.0283501;0.982073;1;3;1
54.5305;836.06;-1.33171;4.41963;0.00125364;0.000384175;0.000190395;0.00129351;0.000344311;1.00341;-0.00620986;0.00147992;0.996326;0.0236559;0.989028;1;3;1
77.5306;836.06;-1.19915;4.39275;0.00151473;-0.00174923;-0.00138354;0.00202227;-0.00225677;1.00299;0.000924631;0.00219498;1.0006;0.0202758;0.992106;1;3;1
100.531;836.06;-1.26216;4.33415;-0.00014976;-0.00209689;0.000362921;-8.43152e-05;-0.00216233;1.00215;0.0034571;-0.000175228;1.00271;0.0233782;0.985035;1;3;1
123.531;836.06;-1.20607;4.34155;0.00144772;-0.00211829;0.00107973;0.00174917;-0.00241973;1.00243;-0.00538245;-0.000439276;0.994696;0.0209226;0.989853;1;3;1
146.531;836.06;-1.19561;4.34122;0.000758952;-9.55517e-05;0.000863747;0.00129534;-0.000631941;0.999127;-0.00903258;-0.00122758;0.995756;0.0195681;0.990386;1;3;1
169.531;836.06;-1.17125;4.25747;0.000384025;-0.000742014;-0.000323623;0.000470407;-0.000828397;1.00221;-0.00748793;0.00579813;0.995324;0.0208128;0.989376;1;3;1
192.531;836.06;-1.17803;4.25438;0.000862463;-0.00227257;0.000247135;0.000881825;-0.00229193;1.00263;0.00262401;6.78739e-05;0.994329;0.022208;0.98889;1;3;1
215.531;836.06;-1.1316;4.26867;0.00405017;-0.00122211;0.000908443;0.00420231;-0.00137424;0.997774;0.000823705;-0.00234319;0.998214;0.023569;0.987402;1;3;1
238.531;836.06;-0.992125;4.30005;0.00326223;-0.00222857;0.00145779;0.00362527;-0.00259161;1.00095;-0.00372888;0.00186359;0.99765;0.0211713;0.992435;1;3;1
261.531;836.06;-0.981783;4.24511;0.00149018;-0.000241757;0.000269563;0.00153117;-0.000282742;1.00595;-0.000140497;0.00159227;1.00325;0.0191042;0.993161;1;3;1
284.531;836.06;-0.923813;4.1694;0.00167759;-0.000477612;0.000565395;0.00181691;-0.000616931;0.999024;-0.00450554;0.00507451;1.00041;0.0187521;0.993152;1;3;1
307.531;836.06;-0.904753;4.1621;-0.000396594;-0.00132911;0.0016768;0.00087757;-0.00260327;1.00094;-0.00432874;-0.00615026;0.996343;0.0199099;0.991688;1;3;1
330.531;836.06;-0.94206;4.16991;-0.000864934;-7.83413e-05;-0.000368725;6.74731e-05;-0.00101075;0.999923;-0.00973113;0.00771199;0.999405;0.0210633;0.98983;1;3;1
353.531;836.06;-0.944605;4.09562;0.000255755;-0.00100683;0.000461167;0.000406259;-0.00115733;1.00121;-0.00153847;0.000667766;0.999784;0.0223935;0.986842;1;3;1
376.531;836.06;-0.930332;4.11224;0.000979704;-0.00251666;0.000947207;0.00121982;-0.00275678;1.00093;-0.000243061;0.00137628;1.00091;0.0225146;0.979869;1;2;1
399.531;836.06;-0.899576;4.05882;0.00221842;-0.0011825;0.000513698;0.00229432;-0.0012584;1.00414;0.00372985;-0.00136371;1.00083;0.0221952;0.987092;1;3;1
422.531;836.06;-0.8284;4.10134;0.00254817;-0.00034159;0.00107199;0.00290241;-0.000695834;1.00483;-0.00241102;0.00290671;1.00162;0.0203407;0.988235;1;3;1
445.531;836.06;-0.782512;4.04293;0.00082956;-0.0010479;0.000274;0.000868731;-0.00108707;0.997334;-0.00309607;0.000708662;1.00191;0.0191722;0.991832;1;3;1
468.531;836.06;-0.790296;4.04051;-0.000644519;-0.00132017;-0.00029191;-0.000535871;-0.00142881;1.00061;0.00356705;0.00484785;0.998676;0.0206631;0.984436;1;3;1
491.531;836.06;-0.81228;3.94218;0.000522008;-0.00269956;-0.000514184;0.000602085;-0.00277963;1.00137;0.00156485;0.000282288;0.994973;0.0211239;0.985822;1;3;1
514.531;836.06;-0.766467;3.91263;0.000831247;-0.00228587;0.000255787;0.000852097;-0.00230672;0.995776;-0.00466443;0.00239801;0.997351;0.018167;0.993658;1;3;1
537.531;836.06;-0.774062;3.92341;0.00054918;-0.00107682;5.05078e-05;0.000550748;-0.00107838;1.00078;-0.00212113;-0.00353856;0.997949;0.0214491;0.987788;1;4;1
560.531;836.06;-0.741213;3.904;0.000739704;-0.00229403;-0.000183087;0.000750713;-0.00230504;1.00524;-0.0023558;0.0054044;0.999136;0.0184436;0.990901;1;4;1
583.531;836.06;-0.74011;3.84809;-0.000459921;-0.00339376;0.00168325;0.000305912;-0.00415959;0.996765;-0.00837998;-0.00434446;0.996033;0.0223821;0.98408;1;3;1
606.531;836.06;-0.762383;3.87538;0.000870203;-0.000912625;0.000166626;0.000885642;-0.000928065;0.998284;0.000178863;0.00253928;0.993918;0.0203701;0.990474;1;3;1
629.531;836.06;-0.700116;3.80706;0.00218124;-0.00145244;-0.000939407;0.00240974;-0.00168093;1.00354;0.000264098;0.00338602;0.997377;0.0185144;0.989766;1;3;1
652.531;836.06;-0.662238;3.78777;0.000776974;-0.000792091;0.000157976;0.000792721;-0.000807839;1.00149;-0.000240073;0.00174391;0.99953;0.0199775;0.987702;1;3;1
675.531;836.06;-0.664413;3.76049;-0.00036099;0.000247661;0.00108953;0.00107457;-0.0011879;1.00309;0.000825668;-0.00035682;0.997156;0.0237837;0.97971;1;4;1
698.531;836.06;-0.678854;3.81334;-0.000799264;0.000295361;0.00105594;0.000937398;-0.0014413;0.998787;-0.00209347;0.00230259;0.995146;0.0230228;0.983584;1;3;1
721.531;836.06;-0.701198;3.77959;-0.000831201;-0.00146041;-0.000806997;-0.000279651;-0.00201196;0.998036;-0.0033646;0.0035077;0.997618;0.023481;0.983941;1;3;1
744.531;836.06;-0.717386;3.65248;0.00223175;-2.76618e-05;-0.000725082;0.00244442;-0.000240335;1.005;-0.001952;0.0026583;0.997347;0.025047;0.974778;1;3;1
767.531;836.06;-0.598861;3.64063;0.0015776;-0.000873629;0.00097868;0.0019204;-0.00121644;0.999917;-0.0060916;0.000351657;0.998583;0.0294343;0.969478;1;3;1
790.531;836.06;-0.644876;3.66435;-0.0018749;-0.00170995;-0.00076816;-0.00101985;-0.002565;1.00067;-0.0036468;-0.00263963;1.00566;0.0226986;0.982014;1;3;1
813.531;836.06;-0.685192;3.62078;-0.00135271;-0.00208637;-0.000879747;-0.000766375;-0.0026727;0.998763;0.00170672;0.00128783;0.996624;0.022836;0.983874;1;3;1
836.531;836.06;-0.707214;3.58336;-0.000120225;-8.76854e-05;0.000164604;6.14505e-05;-0.000269361;1.00199;-0.00349945;0.00474936;0.998948;0.0253732;0.982472;1;4;1
859.531;836.06;-0.690795;3.5391;-0.00111092;0.00048048;0.000816056;0.000824554;-0.00145499;0.999102;-0.00257022;-0.00321274;1.00758;0.0301328;0.961988;1;3;1
882.531;836.06;-0.758344;3.58035;5.83478e-05;-0.00203778;0.00151554;0.000852919;-0.00283236;0.995276;-0.000836285;-7.3718e-05;0.994334;0.0247329;0.98278;1;3;1
905.531;836.06;-0.688111;3.54419;0.00163187;-0.00231528;0.000552014;0.00170762;-0.00239102;1.00651;-0.00124764;0.00493123;0.993874;0.0269551;0.968892;1;4;1
928.531;836.06;-0.683431;3.48822;-0.00154189;-0.00503123;0.00134597;-0.00108304;-0.00549008;1.00417;-0.00458095;-0.000453073;0.99152;0.0220872;0.986602;1;3;1
951.531;836.06;-0.759099;3.5205;-0.00312275;-0.00314868;-0.0004351;-0.00270042;-0.00357101;0.997045;-0.00012605;0.00571273;0.994348;0.0226757;0.986335;1;3;1
974.531;836.06;-0.827323;3.44497;-0.00123813;-0.00270706;0.000136901;-0.00122548;-0.00271971;1.00075;-0.00393808;-0.00204864;0.996822;0.0220026;0.985355;1;3;1
997.531;836.06;-0.816116;3.46985;-0.000254496;-0.00236268;2.45297e-05;-0.00025421;-0.00236297;0.998026;0.00210634;7.29128e-06;1.00164;0.0244014;0.978792;1;4;1
1020.53;836.06;-0.839047;3.40733;-0.00126166;-0.000698383;-8.06036e-05;-0.000687075;-0.00127297;0.992632;0.0057951;0.0033089;1.00587;0.0240805;0.9819;1;3;1
1043.53;836.06;-0.874211;3.42517;-0.000484787;-0.0023168;0.00119517;0.000105028;-0.00290662;1.0038;-0.00168819;0.00106391;1.00077;0.0222931;0.98258;1;3;1
1066.53;836.06;-0.861378;3.35878;-0.00133662;-0.00224121;-9.76519e-05;-0.00132619;-0.00225164;1.00295;0.00258688;0.000703545;0.991421;0.0244051;0.985479;1;3;1
1089.53;836.06;-0.935877;3.31157;-0.0016617;-0.00204809;0.000721029;-0.00110843;-0.00260136;0.999341;0.0031339;0.0013771;0.997243;0.0217499;0.99028;1;3;1
1112.53;836.06;-0.937986;3.2601;-0.00124097;-0.00254552;0.000648708;-0.000973303;-0.00281318;0.997511;-0.00648332;0.00384823;0.99421;0.0242996;0.979412;1;3;1
1135.53;836.06;-0.993103;3.2131;-0.00246617;-0.00207676;0.000758579;-0.0014883;-0.00305464;0.996434;-0.00395803;-0.000783528;0.996058;0.0257147;0.982619;1;3;1
1158.53;836.06;-1.05157;3.24871;-0.000434854;-0.00201775;0.000310522;-0.000376117;-0.00207648;0.997644;-0.00233394;-0.00237921;1.00044;0.0247251;0.974964;1;3;1
1181.53;836.06;-1.01314;3.16435;-0.00221487;-0.0032669;-0.000977625;-0.00163073;-0.00385104;1.00165;-0.000390348;0.0037144;0.995724;0.024532;0.971061;1;3;1
1204.53;836.06;-1.15405;3.03766;-0.00236582;-0.00250162;0.000170243;-0.00225044;-0.002617;0.996819;-0.00595637;0.00464668;1.00112;0.0303342;0.966155;1;3;1
1227.53;836.06;-1.1222;3.06567;-0.00048477;-0.00369253;0.00258164;0.000950644;-0.00512794;0.99039;-0.00444288;-0.00214785;0.990977;0.0250351;0.983295;1;3;1
1250.53;836.06;-1.17646;3.1333;0.00217511;-0.0025063;1.76684e-05;0.00217517;-0.00250637;0.99935;-0.0164422;-0.00391012;0.990345;0.0243556;0.980769;1;4;1
1273.53;836.06;-1.02238;2.95738;0.00675076;-0.00185668;-0.00320698;0.00781423;-0.00292015;1.01287;-0.000239305;0.0146554;1.00346;0.0307127;0.99303;1;4;1
31.5305;813.06;-1.47262;4.41093;0.00285241;0.000436727;0.0020833;0.00405268;-0.000763548;1.01508;-0.00438064;-0.00138279;1.00064;0.0301392;0.980469;1;3;1
54.5305;813.06;-1.40713;4.38211;0.00313253;0.000877262;0.00085576;0.00342048;0.00058931;1.00295;-0.00412268;0.00170947;1.00438;0.024406;0.985454;1;3;1
77.5306;813.06;-1.32875;4.41145;0.00168149;-0.000174383;0.00234742;0.00327773;-0.00177062;0.998332;-0.0065693;-0.000599998;0.99849;0.0200856;0.994791;1;3;1
100.531;813.06;-1.32987;4.43065;0.000988747;-0.00294583;0.000798647;0.00114468;-0.00310176;1.0046;-0.00451494;0.00152623;0.990469;0.0224411;0.990741;1;3;1
123.531;813.06;-1.28329;4.39888;0.000598661;-0.000813886;-8.66433e-05;0.000603956;-0.000819181;0.992378;0.00173441;0.00278369;1.00202;0.0233524;0.98954;1;3;1
146.531;813.06;-1.30244;4.33516;0.00319562;-0.000280482;0.000149025;0.003202;-0.000286859;1.00172;0.00180715;-0.00413697;1.00135;0.0252603;0.990267;1;2;1
169.531;813.06;-1.1366;4.31805;0.00462462;-0.00172807;0.000446486;0.00465585;-0.00175929;1.00998;0.00515932;0.00532825;0.999415;0.0219512;0.990296;1;3;1
192.531;813.06;-1.0902;4.30848;0.00177412;-0.00223375;0.000101956;0.00177671;-0.00223634;1.00135;-0.000295598;0.000447697;0.999392;0.0184624;0.990152;1;2;1
215.531;813.06;-1.05506;4.30594;0.000206814;-0.00101174;0.000205051;0.000240393;-0.00104532;1.00175;0.00120275;-0.00448344;0.999878;0.0222626;0.985188;1;3;1
238.531;813.06;-1.08069;4.31606;-0.000254763;-9.20313e-05;0.000234093;7.44334e-05;-0.000421227;0.998575;-0.000654378;0.00588863;1.00245;0.0176323;0.992449;1;3;1
261.531;813.06;-1.06686;4.22459;0.00095547;-0.000891275;-0.000623136;0.00114606;-0.00108187;1.00459;-0.00366189;0.0014508;0.994323;0.0180341;0.992653;1;3;1
284.531;813.06;-1.03692;4.19464;0.00136386;-0.00164854;0.00101443;0.00167362;-0.0019583;0.998981;-0.00395581;0.00265226;0.996485;0.0199597;0.991955;1;3;1
307.531;813.06;-1.00417;4.20215;0.00212471;-0.00115109;0.000573575;0.00222224;-0.00124861;1.00205;0.00325274;-0.0012299;1.0006;0.020004;0.990545;1;4;1
330.531;813.06;-0.939307;4.15268;0.000582533;-0.00108726;5.8083e-05;0.000584551;-0.00108928;1.00127;0.00307249;0.0023555;0.996817;0.0229044;0.98351;1;3;1
353.531;813.06;-0.977422;4.13895;-0.000367385;-0.00184821;7.67518e-05;-0.000363418;-0.00185217;0.999729;-0.00451272;0.000183328;0.999709;0.0266471;0.988415;1;3;1
376.531;813.06;-0.956216;4.12992;0.00131833;-0.00118943;-0.000606277;0.00145721;-0.00132831;1.00256;-0.002284;0.00320213;0.999463;0.0212355;0.985114;1;3;1
399.531;813.06;-0.916894;4.05548;0.000691064;-0.0016578;-0.000690829;0.000879179;-0.00184592;1.00017;-0.00202155;0.00213948;1.00061;0.0216981;0.98715;1;3;1
422.531;813.06;-0.924512;4.04761;0.00135406;0.000290651;1.73141e-05;0.00135434;0.000290369;1.00354;0.00110428;0.00304018;1.00079;0.0175329;0.992903;1;3;1
445.531;813.06;-0.854665;4.01801;0.00162833;0.000662966;0.000970634;0.00222967;6.16209e-05;0.998168;0.000571552;-0.00348802;0.998583;0.0175314;0.993616;1;3;1
468.531;813.06;-0.849672;4.0323;0.000346437;-0.000665762;0.00137336;0.00130398;-0.00162331;1.00229;-0.00595254;-0.000198636;0.999936;0.0189143;0.990586;1;3;1
491.531;813.06;-0.838731;4.02219;0.00111042;-0.00156193;0.000592118;0.00123574;-0.00168725;1.00103;-0.00182341;0.00119462;1.00029;0.0205504;0.98251;1;3;1
514.531;813.06;-0.798643;3.98726;0.0015847;-0.00260522;4.67599e-06;0.0015847;-0.00260523;0.999099;-0.000265262;0.00341801;0.992118;0.018427;0.990587;1;3;1
537.531;813.06;-0.765989;3.92793;-0.000267606;-0.00210728;-8.13805e-05;-0.000264013;-0.00211087;1.00813;-0.00225814;0.000430556;0.995931;0.0188111;0.991362;1;3;1
560.531;813.06;-0.811021;3.90941;-0.000709548;-0.00103323;0.000956786;9.89884e-05;-0.00184177;0.996579;-0.000232184;0.00290134;0.997207;0.0176299;0.993287;1;3;1
583.531;813.06;-0.79864;3.93151;0.00209405;-0.00225993;0.000904217;0.00227436;-0.00244025;1.00253;-0.00220853;-0.00489737;0.998552;0.0183327;0.992832;1;3;1
606.531;813.06;-0.714821;3.86103;0.00336818;-0.00162256;-0.0001517;0.00337278;-0.00162716;1.00219;-0.0042445;0.00821107;1.00159;0.0209024;0.988998;1;3;1
629.531;813.06;-0.644095;3.82166;-5.23728e-05;-0.00120725;0.000651291;0.000240599;-0.00150023;0.998147;0.00211376;-0.00160223;1.00064;0.023007;0.987012;1;3;1
652.531;813.06;-0.717285;3.7898;-0.00209747;-0.000956927;0.000483395;-0.000779616;-0.00227478;0.997207;-1.48033e-05;0.00466381;1.00366;0.0195485;0.989556;1;3;1
675.531;813.06;-0.740717;3.76309;-9.66142e-05;-0.00248334;0.001521;0.000643301;-0.00322326;0.998754;-0.00165898;-0.00248669;0.998152;0.0236205;0.982474;1;4;1
698.531;813.06;-0.721739;3.76035;1.87438e-05;0.00010125;0.000697667;0.000758883;-0.000638889;1.00452;-0.00112455;0.00183854;0.999607;0.0191395;0.989143;1;3;1
721.531;813.06;-0.739857;3.7482;-0.000827433;-0.000816252;0.000261262;-0.000560521;-0.00108316;0.998238;-0.00216733;0.000881046;1.00194;0.0232327;0.97892;1;3;1
744.531;813.06;-0.759829;3.72657;0.000571072;-0.00317182;0.000745717;0.000714174;-0.00331492;0.997404;-0.00219968;-0.00533782;0.996746;0.0244067;0.982352;1;3;1
767.531;813.06;-0.713606;3.71788;0.00151727;-0.00184194;0.00210149;0.0025279;-0.00285257;1.00606;-0.00575189;0.00213483;1.00029;0.0193247;0.990844;1;3;1
790.531;813.06;-0.69009;3.7102;0.00062146;-0.00149954;0.000786398;0.000881218;-0.0017593;0.998703;0.00024728;-0.000450715;0.996652;0.0210922;0.982645;1;3;1
813.531;813.06;-0.685092;3.64058;-0.000504913;-0.00118964;-0.00030609;-0.000388034;-0.00130652;0.997249;-0.00307618;0.00608122;1.00247;0.0203467;0.988615;1;3;1
836.531;813.06;-0.713522;3.57465;-0.00109195;-0.000692337;-8.1762e-05;-0.000676255;-0.00110804;0.99809;-0.00273402;0.00421253;1.00994;0.023998;0.983773;1;3;1
859.531;813.06;-0.735564;3.50014;-0.00194805;-0.00161455;0.000966772;-0.000800256;-0.00276235;1.00157;-0.00812311;0.00285638;0.996914;0.029204;0.969611;1;3;1
882.531;813.06;-0.803222;3.55896;-0.000820764;-0.000441471;0.00126685;0.000649853;-0.00191209;1.0022;0.000983416;-0.00260857;1.00626;0.0236569;0.977073;1;4;1
905.531;813.06;-0.773433;3.59493;0.00085023;-0.00233806;0.00179389;0.00165595;-0.00314378;0.998421;-0.00078141;-0.00416395;0.999079;0.0248852;0.984082;1;3;1
928.531;813.06;-0.764153;3.60667;0.000374754;-0.00285639;0.00169795;0.00110292;-0.00358455;1.00028;-0.00489616;-4.18196e-05;0.998215;0.0201956;0.983155;1;4;1
951.531;813.06;-0.756199;3.58259;-0.00099892;-0.000898263;-0.000229436;-0.000713701;-0.00118348;0.997732;-0.0016873;0.00207478;1.00791;0.021348;0.983856;1;3;1
974.531;813.06;-0.810273;3.49076;-0.001528;-0.00119926;-0.00108245;-0.000268775;-0.00245849;1.00498;-0.000372017;0.00507884;1.00016;0.0192651;0.989312;1;3;1
997.531;813.06;-0.826744;3.44578;-0.00054183;0.000309216;-0.000238674;0.000371581;-0.000604196;0.997393;-0.00169459;0.00312849;0.998754;0.0214072;0.98363;1;3;1
1020.53;813.06;-0.835275;3.40993;-0.00133887;-0.000380582;0.000298335;-0.000295295;-0.00142416;0.997884;-0.00533999;2.31819e-05;0.997904;0.0232844;0.984232;1;3;1
1043.53;813.06;-0.888386;3.41238;-0.00130281;0.000200265;0.000127248;0.000210962;-0.0013135;1.00222;0.00269952;0.000751836;0.99753;0.0207188;0.983404;1;4;1
1066.53;813.06;-0.895283;3.34919;-0.0020042;-0.00127651;0.000240307;-0.00120431;-0.0020764;0.994629;-0.00111667;-0.00198667;1.00424;0.0198039;0.990173;1;3;1
1089.53;813.06;-0.980774;3.31553;-0.00270292;1.99832e-05;0.00157755;0.000742326;-0.00342527;0.997826;-0.00411067;0.000890119;0.995755;0.0211123;0.986167;1;4;1
1112.53;813.06;-1.01979;3.33269;-0.000948038;-0.001819;0.000151174;-0.000922544;-0.00184449;1.00022;0.00241308;-2.21957e-05;0.998391;0.0216126;0.984837;1;4;1
1135.53;813.06;-1.02442;3.27547;-0.0013611;-0.00189665;-0.000856778;-0.000731224;-0.00252652;0.999624;0.00506395;0.00602679;1.00107;0.0236655;0.983804;1;3;1
1158.53;813.06;-1.08252;3.24725;-0.00267471;-0.00106996;-0.000192194;-0.00104726;-0.00269741;0.997727;0.000555018;-0.00155296;0.996573;0.0214523;0.981685;1;3;1
1181.53;813.06;-1.14765;3.22714;-0.00177748;-0.0012348;0.00059978;-0.000847837;-0.00216444;0.999817;-0.00789062;0.00228424;0.995906;0.0232987;0.984147;1;3;1
1204.53;813.06;-1.16438;3.20383;-0.00118188;-0.00400047;0.000492006;-0.00109847;-0.00408389;0.997394;0.00567241;-0.0010901;0.995741;0.022168;0.987967;1;3;1
1227.53;813.06;-1.20205;3.21701;-0.00226036;-0.00323336;0.000432528;-0.00209589;-0.00339783;1.00118;-0.00289765;0.00156874;0.999482;0.0230499;0.982258;1;3;1
1250.53;813.06;-1.2685;3.15699;0.000996458;-0.00122118;-0.000292138;0.0010343;-0.00125901;0.997812;0.00387551;0.000320225;1.00357;0.0277881;0.979277;1;4;1
1273.53;813.06;-1.15647;3.06851;0.00488983;-0.00419423;0.00080224;0.00496013;-0.00426453;0.992427;-0.0151683;0.00282694;0.992416;0.0315446;0.96993;1;4;1
31.5305;790.06;-1.50538;4.42932;0.00417189;-0.000770096;-0.000805275;0.0042998;-0.000898001;1.00635;-0.00160614;0.00360821;0.998795;0.0213686;0.989141;1;3;1
54.5305;790.06;-1.40968;4.37936;0.00302807;9.91551e-05;2.32782e-05;0.00302825;9.89702e-05;1.00225;0.00340755;0.00182392;1.00086;0.024383;0.981657;1;3;1
77.5306;790.06;-1.3663;4.40108;0.00134178;-0.00023555;0.00100217;0.0018284;-0.000722166;1.00197;0.00676923;-0.00203674;0.999128;0.021284;0.990518;1;3;1
100.531;790.06;-1.34809;4.46994;0.00158485;0.00038215;-0.000375491;0.00169245;0.000274546;1.00219;0.00259554;-6.77148e-05;1.00124;0.0261909;0.985509;1;3;1
123.531;790.06;-1.29346;4.37909;0.00127029;1.90189e-05;-0.0014302;0.00220571;-0.000916396;1.00232;0.00376301;0.00495447;0.998895;0.0216235;0.991058;1;3;1
146.531;790.06;-1.28983;4.35422;0.00119267;-0.00292433;-0.000824708;0.00135173;-0.00308339;0.999819;0.00562718;-0.00251111;1.00026;0.0220867;0.990961;1;3;1
169.531;790.06;-1.23865;4.33708;0.00196673;-0.000567171;0.00162435;0.0027598;-0.00136024;1.00572;-0.00858216;0.00202711;0.99617;0.0245951;0.986253;1;3;1
192.531;790.06;-1.19945;4.35725;0.00208435;-0.000659032;0.00174413;0.00293156;-0.00150624;0.998274;-0.0109806;-0.000233444;1.0014;0.0210657;0.989002;1;3;1
215.531;790.06;-1.14288;4.31523;0.00227324;-0.000731289;0.000400335;0.00232567;-0.000783716;1.00273;-0.00345846;0.00176538;0.999812;0.0206515;0.988049;1;3;1
238.531;790.06;-1.09503;4.3044;0.00211492;-0.000656854;1.59788e-05;0.00211501;-0.000656946;0.999916;-0.00504052;0.000993281;1.00027;0.0188593;0.994313;1;3;1
261.531;790.06;-1.0457;4.28618;0.00121131;-0.0016711;-4.70419e-05;0.00121208;-0.00167187;1.00374;-0.000991047;0.000171731;1.00239;0.0191649;0.991038;1;3;1
284.531;790.06;-1.03938;4.24544;0.00101174;-0.00107074;-0.00038323;0.00108003;-0.00113903;1.00021;0.00301137;0.00219485;1.00012;0.0197568;0.991144;1;3;1
307.531;790.06;-0.999242;4.21517;0.000628308;-0.000590687;0.000523046;0.00082197;-0.000784348;1.00226;-0.00402722;4.62724e-05;0.999035;0.017072;0.993859;1;2;1
330.531;790.06;-1.0105;4.22;0.000540579;-0.00121325;0.000780189;0.000837409;-0.00151008;0.998125;-0.00546034;0.00318285;0.999768;0.018155;0.993512;1;3;1
353.531;790.06;-0.974395;4.18072;0.00114517;-0.000814611;-0.000539004;0.00128363;-0.000953072;1.00094;0.00544874;-0.000764995;1.00025;0.0204895;0.989021;1;3;1
376.531;790.06;-0.957881;4.16699;0.0012234;-6.14771e-05;0.0005039;0.00139744;-0.000235521;1.00122;-0.00286964;0.000447979;0.997793;0.0206327;0.988215;1;3;1
399.531;790.06;-0.918176;4.13515;0.00196975;-0.00117883;-9.63606e-05;0.0019727;-0.00118177;1.00536;-0.000289425;0.000467612;0.997179;0.0206153;0.988353;1;3;1
422.531;790.06;-0.867429;4.08799;0.000682431;-0.00131119;-0.00104534;0.00113005;-0.00175881;0.996937;-0.00705804;0.00683272;0.996103;0.0190884;0.992256;1;3;1
445.531;790.06;-0.886958;4.01256;-0.00097755;-0.00115616;0.00137769;0.000313727;-0.00244743;1.00305;-0.00446108;-0.00322218;1.00036;0.0212449;0.988983;1;3;1
468.531;790.06;-0.912422;4.07131;-0.0005359;-0.00155466;0.000667669;-0.000205489;-0.00188507;0.99724;-0.00160313;0.00166557;0.999207;0.0182628;0.99224;1;3;1
491.531;790.06;-0.911616;4.0142;0.001124;-0.000728896;-0.000174752;0.00114034;-0.000745233;1.00108;-0.00226686;0.0013924;1.00021;0.0183415;0.988706;1;2;1
514.531;790.06;-0.860763;4.03272;0.00146479;-0.00139408;0.0014751;0.00208943;-0.00201872;1.00559;-0.0039038;-0.00389462;1.00274;0.0212604;0.987696;1;3;1
537.531;790.06;-0.844285;4.0205;0.000763743;-0.00177562;0.00106679;0.00115241;-0.00216429;1.00067;-0.00553276;0.0068205;0.997198;0.0193599;0.988286;1;3;1
560.531;790.06;-0.825716;3.95163;-0.000585862;-0.00135859;5.95173e-05;-0.000581305;-0.00136315;0.999824;-0.00284424;0.00316925;1.00235;0.0214168;0.986501;1;3;1
583.531;790.06;-0.871293;3.95235;-0.000696816;-0.000484271;0.00141385;0.000827292;-0.00200838;0.995672;-0.00544813;-0.000519774;0.998473;0.0240446;0.979505;1;3;1
606.531;790.06;-0.85778;3.95018;0.000874329;-0.0018625;0.00101078;0.00120716;-0.00219533;1.0021;-0.00276152;0.00668495;0.995602;0.0186709;0.989417;1;3;1
629.531;790.06;-0.831179;3.86282;0.00201268;-0.00198314;0.000734064;0.00214327;-0.00211372;1.00266;-0.00326827;0.000670608;0.998057;0.0193265;0.99123;1;3;1
652.531;790.06;-0.765442;3.83192;-5.56927e-05;-0.00095756;0.000514436;0.000177468;-0.00119072;1.00321;-0.00261653;-7.74817e-05;0.999002;0.020647;0.988353;1;4;1
675.531;790.06;-0.833742;3.87518;0.000163383;-0.00142787;0.00060666;0.000368285;-0.00163277;0.994479;-0.00346059;-0.000646962;0.993946;0.025288;0.985742;1;4;1
698.531;790.06;-0.757933;3.80875;0.00162626;-0.00249135;-0.000109306;0.00162916;-0.00249425;1.00939;5.77475e-05;0.00475577;0.995961;0.0200044;0.98823;1;3;1
721.531;790.06;-0.759032;3.81719;-0.00126487;-0.00216023;0.000553835;-0.00100041;-0.00242469;1.00171;-0.00360432;-0.0023236;0.995598;0.0258462;0.981984;1;3;1
744.531;790.06;-0.816155;3.79872;-0.00106679;-0.00135688;-0.000136591;-0.0010126;-0.00141107;0.995885;-0.00468603;0.00350885;0.998135;0.0215952;0.983886;1;3;1
767.531;790.06;-0.808221;3.72592;0.000475895;-0.00212734;0.00157507;0.00121758;-0.00286902;1.00098;0.00254975;-7.56695e-05;0.99924;0.021072;0.984707;1;4;1
790.531;790.06;-0.794315;3.73362;0.00034301;-0.000245725;0.000535763;0.000659948;-0.000562663;0.998467;-0.00085677;-0.000467431;1.00235;0.0223942;0.979946;1;3;1
813.531;790.06;-0.792472;3.67566;-0.00099342;-0.00143751;0.000248152;-0.000882473;-0.00154845;1.00224;-0.00563414;0.00189643;1.00353;0.0212181;0.984777;1;4;1
836.531;790.06;-0.840187;3.61541;-6.72274e-05;-0.00383236;0.00127162;0.000322004;-0.00422159;1.0015;-0.00830146;-0.000949527;0.994681;0.0194333;0.99047;1;3;1
859.531;790.06;-0.795607;3.61355;0.00130574;-0.00390269;0.000792437;0.00142364;-0.00402058;1.00232;-0.00125387;0.00555258;0.990231;0.0200458;0.988287;1;4;1
882.531;790.06;-0.780164;3.60066;-0.000213795;-0.00170006;0.000563943;-2.40409e-05;-0.00188982;1.00156;-0.0001002;-0.00714179;0.995684;0.0229632;0.974969;1;3;1
905.531;790.06;-0.805459;3.65202;-0.00155774;-0.00343282;0.000657468;-0.00135018;-0.00364037;0.998962;0.000972871;0.00387245;0.993361;0.0237868;0.98198;1;3;1
928.531;790.06;-0.85188;3.62011;-0.00105039;-0.000694212;0.000552173;-0.00029212;-0.00145248;0.997229;-0.00101369;0.0015515;0.998422;0.0214567;0.9884;1;3;1
951.531;790.06;-0.85389;3.56194;-0.00026953;0.000460587;0.000325034;0.000584317;-0.000393261;0.99997;-0.00191298;0.000911207;0.998987;0.0210662;0.986844;1;4;1
974.531;790.06;-0.864436;3.50018;-0.00045709;-0.000442004;2.83985e-05;-0.000420164;-0.00047893;1.00312;-0.00295639;0.000615372;1.00172;0.0232723;0.983257;1;3;1
997.531;790.06;-0.875044;3.45567;-0.000770712;-0.000776262;-4.25871e-05;-0.00073081;-0.000816164;0.997726;-0.00154819;0.00426923;0.999295;0.0250375;0.984634;1;4;1
1020.53;790.06;-0.899965;3.42488;-0.00155759;-0.00173095;0.000670295;-0.000968398;-0.00232015;0.99463;-1.68021e-05;-0.000976662;0.998909;0.0206359;0.989458;1;3;1
1043.53;790.06;-0.946766;3.41602;-0.00174831;-0.000735338;0.000810775;-0.000285851;-0.0021978;1.00336;-0.00591305;-0.00248776;0.996869;0.0220117;0.984932;1;3;1
1066.53;790.06;-0.980458;3.41769;-0.00327851;-0.00176453;7.7757e-06;-0.00176449;-0.00327855;0.99144;-0.003611;0.00601231;0.991963;0.0208244;0.98722;1;3;1
1089.53;790.06;-1.09795;3.31094;-0.000248028;-0.00306911;0.000473477;-0.000170682;-0.00314645;0.998958;-0.0044681;-0.00134647;1.00025;0.0261648;0.972186;1;4;1
1112.53;790.06;-0.991928;3.34388;0.00214091;-0.00165894;0.000668381;0.00225504;-0.00177308;1.00082;-0.0024287;0.000137061;1.00177;0.0236817;0.981445;1;3;1
1135.53;790.06;-0.999571;3.30043;-0.00196123;-0.00184235;0.00036238;-0.00153456;-0.00226901;1.00101;-0.00341952;-0.0020968;0.999356;0.0230067;0.983376;1;3;1
1158.53;790.06;-1.08226;3.29796;-0.00243645;-0.00172394;-0.000163838;-0.00168807;-0.00247232;0.997786;0.00066255;0.00454398;0.994688;0.0200823;0.987769;1;4;1
1181.53;790.06;-1.11185;3.22129;-0.00276042;-0.000350465;-0.0008786;-6.41652e-05;-0.00304672;0.995065;0.00129564;0.000867537;1.00388;0.019307;0.991889;1;3;1
1204.53;790.06;-1.20947;3.22208;-0.00210699;-0.00200129;0.000908968;-0.00114364;-0.00296465;0.999262;-0.0029715;-0.000337731;0.995222;0.0189991;0.990336;1;3;1
1227.53;790.06;-1.20888;3.21472;-0.0019176;-0.000309868;0.000374056;-0.000227101;-0.00200037;1.00015;-0.000595221;0.00252926;0.999879;0.0213038;0.989772;1;3;1
1250.53;790.06;-1.29778;3.18967;-0.00135286;-0.00208337;2.19414e-05;-0.0013522;-0.00208403;0.996418;-0.00317586;0.0018332;0.997989;0.0215535;0.991601;1;3;1
1273.53;790.06;-1.27119;3.1514;0.00115791;-0.0022787;0.00145002;0.00168797;-0.00280876;1.00757;0.00226185;0.0012382;0.997742;0.0238173;0.992074;1;3;1
31.5305;767.06;-1.49828;4.44638;0.00265362;-0.00211618;-0.00180266;0.00325826;-0.00272082;0.996646;-0.00519224;0.00158687;0.994444;0.0231451;0.985287;1;3;1
54.5305;767.06;-1.43743;4.37756;0.00365639;-0.00249215;0.000474414;0.00369278;-0.00252854;1.00923;-0.00406871;0.000449758;0.994891;0.0231046;0.985548;1;3;1
77.5306;767.06;-1.3304;4.42229;0.00261426;-0.00156392;0.000961836;0.00282504;-0.00177471;1.00471;-0.00287631;-0.000921781;0.997638;0.0220807;0.988477;1;3;1
100.531;767.06;-1.31734;4.41308;0.00136942;0.000682621;-0.000155;0.00140278;0.00064926;0.995567;-0.000621603;0.00331469;1.00346;0.0219748;0.985217;1;3;1
123.531;767.06;-1.26745;4.39801;0.00106326;-0.00150038;0.00149579;0.00175133;-0.00218844;1.00144;-0.0129257;-0.000490911;0.997811;0.0272744;0.973343;1;3;1
146.531;767.06;-1.26849;4.46989;-0.000331299;-0.00190023;-0.000439232;-0.000216704;-0.00201483;1.00059;0.000617431;-0.00649788;0.996342;0.0251799;0.985298;1;3;1
169.531;767.06;-1.28273;4.34438;-7.4826e-05;-0.0012209;-0.000854409;0.000380915;-0.00167665;1.00625;0.00161725;0.0100325;1.0021;0.0253664;0.986311;1;3;1
192.531;767.06;-1.27212;4.33916;0.00300941;-0.000336294;0.000937772;0.00325433;-0.000581215;0.999094;0.00430954;-0.0012771;0.998055;0.0218691;0.990708;1;3;1
215.531;767.06;-1.1445;4.33968;0.00350584;-0.000682185;0.000726833;0.0036284;-0.000804741;1.00078;-0.00287698;-0.00491123;1.00114;0.0203572;0.99096;1;3;1
238.531;767.06;-1.11113;4.3463;0.000504314;-0.000181829;0.000141472;0.000532338;-0.000209854;0.994459;-0.000844119;0.00587962;0.996712;0.0216778;0.991612;1;3;1
261.531;767.06;-1.12132;4.30156;0.000841524;8.54205e-05;0.000139676;0.000866502;6.04431e-05;1.00539;-0.001825;0.000361903;0.999034;0.0197232;0.991317;1;3;1
284.531;767.06;-1.07255;4.24394;0.000950802;-0.000619255;-7.22208e-05;0.000954117;-0.00062257;0.999775;-0.00208433;0.000462841;0.998326;0.0218907;0.986808;1;3;1
307.531;767.06;-1.07766;4.22939;0.000589974;-0.000309282;0.000116787;0.000604893;-0.000324202;1.00082;-0.00190387;0.0024639;0.998273;0.0215441;0.989058;1;3;1
330.531;767.06;-1.04544;4.20864;0.00210867;0.000534402;5.93562e-05;0.0021109;0.000532168;1.00146;-0.000944487;0.00307118;0.998938;0.0206441;0.988301;1;2;1
353.531;767.06;-0.980798;4.17643;-5.50913e-05;0.000328372;0.000444529;0.000620756;-0.000347475;1.00207;-0.00685537;0.00138626;0.995847;0.0176274;0.989262;1;3;1
376.531;767.06;-1.04803;4.13284;-0.000129375;-0.000553314;0.000277218;7.62604e-06;-0.000690316;0.998074;-0.00211817;0.00208613;0.998927;0.0213054;0.983736;1;3;1
399.531;767.06;-0.986798;4.1098;0.00211717;-0.00119303;0.00117785;0.00249349;-0.00156935;1.00173;-0.00271963;0.000148492;1.00005;0.0191413;0.990018;1;3;1
422.531;767.06;-0.950753;4.10797;-0.000247867;-0.00133201;0.00178813;0.00107855;-0.00265843;0.999469;0.00210215;0.00132363;1.00047;0.0180605;0.989302;1;3;1
445.531;767.06;-0.998217;4.07144;0.00089738;-0.00303396;0.00113133;0.0011997;-0.00333627;1.00492;-0.000649291;0.00255015;0.993382;0.0188278;0.992017;1;3;1
468.531;767.06;-0.909492;4.10391;0.00298344;-0.000741678;0.000234694;0.00299817;-0.000756406;1.00004;-0.0013357;-0.00207081;0.995784;0.0180307;0.991437;1;3;1
491.531;767.06;-0.861186;4.05574;-0.000398795;-0.00139785;0.000358481;-0.000283475;-0.00151317;0.998456;-7.40125e-06;0.00156991;0.999133;0.0218414;0.988915;1;3;1
514.531;767.06;-0.92787;4.05162;-0.00181859;-0.000333816;0.00081795;2.84151e-05;-0.00218082;0.998521;-0.00410771;0.000816064;0.997667;0.0198953;0.992655;1;2;1
537.531;767.06;-0.94494;4.01003;0.000942649;-0.000373963;0.000304208;0.00100954;-0.000440854;1.00771;0.00434757;0.00389902;1.00002;0.0187579;0.990851;1;4;1
560.531;767.06;-0.884598;3.972;0.000319942;-0.000799831;0.000759501;0.000703621;-0.00118351;1.00126;-0.00586971;-0.00211998;0.99589;0.0216936;0.983472;1;3;1
583.531;767.06;-0.930259;3.95398;-0.000269811;-0.000953456;-0.000106475;-0.000253612;-0.000969655;0.996274;-0.00261581;0.00146754;0.998436;0.0167888;0.991027;1;3;1
606.531;767.06;-0.897017;3.94714;0.002198;-0.000535771;0.000348286;0.00224168;-0.000579445;1.00319;-0.00405695;0.00377597;1.00174;0.0194996;0.986083;1;3;1
629.531;767.06;-0.82928;3.91335;0.0031547;-0.00219652;-0.000507818;0.00320246;-0.00224428;0.999752;0.000850225;-0.000990216;0.993015;0.0225006;0.982509;1;3;1
652.531;767.06;-0.752268;3.83389;0.000210926;-0.000877553;0.000793105;0.000628566;-0.00129519;1.00621;-0.0059046;0.00855725;0.993907;0.023189;0.982805;1;3;1
675.531;767.06;-0.819656;3.82889;-0.000372921;-0.00112817;0.0011637;0.000472893;-0.00197398;1.00142;0.00180477;-0.00130945;0.998837;0.0253402;0.982663;1;5;1
698.531;767.06;-0.769444;3.87512;0.000408121;-0.0022379;0.00158023;0.00114605;-0.00297583;1.00024;0.000704129;0.00224957;1.00344;0.0211795;0.990288;1;3;1
721.531;767.06;-0.80089;3.84772;-0.00149824;-0.00116939;0.000414758;-0.000887655;-0.00177998;1.00225;0.00297624;0.00302897;1.00112;0.0236379;0.985019;1;3;1
744.531;767.06;-0.838496;3.7891;-0.00265893;-0.000507988;0.000609753;-0.00034716;-0.00281976;0.989747;-0.000212968;0.00086533;1.00244;0.0246314;0.97892;1;3;1
767.531;767.06;-0.923375;3.81632;0.0010647;-0.00275955;0.00101638;0.00131804;-0.0030129;1.00487;-0.0104787;0.000829842;0.99461;0.0222719;0.981521;1;4;1
790.531;767.06;-0.789595;3.72161;0.00211957;-0.00148793;-0.00025908;0.00213808;-0.00150644;1.00502;-0.00238643;0.0021103;0.99766;0.0231939;0.984648;1;3;1
813.531;767.06;-0.826107;3.70697;-0.00223192;-0.00349849;0.00143793;-0.001294;-0.00443641;0.995021;0.000807749;-0.000628732;0.990459;0.0217914;0.986583;1;3;1
836.531;767.06;-0.892388;3.75163;6.68485e-05;-0.0040389;0.000538881;0.000136399;-0.00410846;0.997535;0.00285018;0.00091003;0.993935;0.0187154;0.990289;1;3;1
859.531;767.06;-0.82304;3.68009;0.00164967;-0.00218279;0.000586868;0.00173753;-0.00227064;1.00189;0.00221955;0.00295652;1.00421;0.0237434;0.97996;1;3;1
882.531;767.06;-0.816707;3.63723;0.000184622;-0.00206419;0.00213031;0.00146906;-0.00334862;0.999669;-0.00246927;-0.000588487;0.996545;0.0233894;0.974617;1;3;1
905.531;767.06;-0.814606;3.75313;-0.00192019;-0.000389369;0.000998861;0.000103622;-0.00241318;0.99849;-0.00205375;0.00409903;0.999973;0.0249438;0.978491;1;4;1
928.531;767.06;-0.905121;3.63883;-0.00197885;-0.00128266;-0.00151822;-7.31436e-05;-0.00318837;0.998862;-0.00320381;0.00372943;0.998656;0.0212113;0.98801;1;3;1
951.531;767.06;-0.906123;3.56165;-0.000301207;-0.00122405;-0.000963637;0.000305785;-0.00183104;0.993238;-0.00268591;-0.00188116;0.99393;0.0220169;0.984153;1;3;1
974.531;767.06;-0.919156;3.51122;0.000175403;-0.00104575;0.000263788;0.000229948;-0.0011003;1.00666;-0.00492418;-0.00151536;0.989763;0.0226346;0.981555;1;4;1
997.531;767.06;-0.898125;3.48156;-0.000380741;-0.00213598;0.00141867;0.000409824;-0.00292654;0.994695;-0.00490819;-0.00314176;1.00136;0.0219017;0.986373;1;3;1
1020.53;767.06;-0.936678;3.48973;-0.00156771;-0.000727579;0.000393049;-0.000572368;-0.00172292;0.997002;-0.00204325;0.00166212;0.994878;0.0225929;0.989592;1;3;1
1043.53;767.06;-0.97031;3.44629;-0.00140173;-0.00151878;0.000124511;-0.00132268;-0.00159784;1.00101;-0.00273874;0.00269662;1.00164;0.0204971;0.986799;1;3;1
1066.53;767.06;-1.00124;3.43055;-0.00277066;-0.00109919;0.00130263;-0.000387248;-0.0034826;0.994923;-0.007999;-0.00104113;1.00287;0.0230367;0.98604;1;3;1
1089.53;767.06;-1.09794;3.45707;-0.0019627;-0.00168618;-0.00072472;-0.00108665;-0.00256223;0.992851;0.0054891;2.85463e-05;0.998834;0.0219243;0.984555;1;3;1
1112.53;767.06;-1.09162;3.40912;-0.000124157;-0.00135118;0.0002743;-6.56289e-05;-0.0014097;1.00122;-0.00220696;-0.00134167;0.995399;0.0227287;0.985257;1;3;1
1135.53;767.06;-1.10375;3.36037;-0.00119299;-0.00155394;0.000328894;-0.000998308;-0.00174862;0.996899;-0.00407349;0.00470275;0.993678;0.0230556;0.981159;1;3;1
1158.53;767.06;-1.1466;3.32666;-0.000842194;-0.00108637;-0.000361821;-0.00058242;-0.00134615;1.00003;-0.0039807;-0.0026289;1.0043;0.0223418;0.98651;1;3;1
1181.53;767.06;-1.14266;3.24326;-0.00234802;-0.00230009;0.000766029;-0.00155765;-0.00309046;0.995309;-0.00726277;0.00461624;0.996395;0.0216422;0.99113;1;4;1
1204.53;767.06;-1.25475;3.29607;-0.00274267;-0.00177848;0.000272048;-0.00170702;-0.00281413;1.00248;-0.0019403;0.00220541;0.998693;0.0222351;0.989947;1;3;1
1227.53;767.06;-1.269;3.23131;-0.00171657;-0.00167125;0.000894578;-0.000799047;-0.00258878;0.990469;-0.00121911;-0.000845931;1.0006;0.0230652;0.992861;1;3;1
1250.53;767.06;-1.3338;3.25297;-0.00210581;-0.00183905;-0.000341351;-0.00160595;-0.00233892;1.00218;-0.00215933;-0.00191573;0.996862;0.0211655;0.988906;1;3;1
1273.53;767.06;-1.366;3.17392;-0.00139315;-0.00233132;-6.86957e-05;-0.00138815;-0.00233633;0.995674;0.000151468;0.00879795;0.998234;0.0256148;0.989743;1;3;1
31.5305;744.06;-1.47695;4.52678;-5.82752e-06;-0.00211008;-0.000100645;-1.02471e-06;-0.00211489;0.999073;-0.000344922;-0.000762441;1.00026;0.0311437;0.979169;1;2;1
54.5305;744.06;-1.47711;4.49419;0.0012571;-0.00242156;0.000331328;0.00128671;-0.00245116;1.00313;-0.000511709;0.000810806;0.999;0.0215873;0.991899;1;3;1
77.5306;744.06;-1.41919;4.4731;0.00259108;-0.000469978;0.00137444;0.00311764;-0.000996534;1.00579;-0.00694269;-0.00113646;0.999531;0.0217936;0.990822;1;3;1
100.531;744.06;-1.35811;4.43855;0.000977281;-0.00132745;0.00143488;0.00166525;-0.00201541;0.998124;-0.00547989;0.00158108;0.998584;0.025862;0.987141;1;3;1
123.531;744.06;-1.37427;4.44823;0.00119961;-0.0016162;0.00172174;0.0020158;-0.00243238;1.00035;-0.00118126;-0.00107431;0.99917;0.0220945;0.987887;1;3;1
146.531;744.06;-1.30296;4.44172;0.00182081;-0.000149077;-5.89652e-05;0.00182257;-0.00015084;1.0078;-0.00790395;0.000938781;0.999742;0.022607;0.988515;1;3;1
169.531;744.06;-1.29062;4.39331;0.000279623;-0.00205383;-0.000812342;0.000534568;-0.00230878;1.00104;-0.00582963;0.00254818;0.999945;0.0238788;0.993576;1;3;1
192.531;744.06;-1.29015;4.37281;0.00192002;-0.0013945;-0.0007352;0.00207578;-0.00155026;1.00166;-0.000262031;0.00242352;0.998851;0.0222044;0.988647;1;3;1
215.531;744.06;-1.20241;4.34666;0.00313637;-0.0011224;0.000451606;0.00318374;-0.00116976;0.999611;0.00463068;-0.00935212;0.996353;0.0190872;0.992591;1;3;1
238.531;744.06;-1.14614;4.31279;0.00090532;0.000111442;0.000271204;0.000989122;2.76403e-05;1.00307;-9.0968e-05;0.00771122;0.999838;0.0206006;0.988401;1;3;1
261.531;744.06;-1.16083;4.28239;0.000899453;-0.00141711;0.000397127;0.000965641;-0.00148329;0.999807;-0.00489089;0.000613591;0.99695;0.0202923;0.990259;1;2;1
284.531;744.06;-1.1048;4.27398;0.00251642;-0.00214996;0.000677997;0.00261293;-0.00224648;1.00588;-0.00600421;0.000342412;0.998767;0.0203444;0.990117;1;3;1
307.531;744.06;-1.04525;4.22943;0.000783967;-0.000661351;0.000360866;0.000869058;-0.000746442;0.99867;-0.00251928;-0.000188338;1.0005;0.0194255;0.992293;1;3;1
330.531;744.06;-1.06882;4.19546;-0.000995998;-0.000817932;0.000400469;-0.000496718;-0.00131721;1.00103;-9.89059e-05;0.00219192;1.00292;0.0175404;0.992589;1;3;1
353.531;744.06;-1.09113;4.16577;0.000409241;-0.0010352;0.00149798;0.00135001;-0.00197597;1.00061;-0.00100572;0.00163518;1.00375;0.0212042;0.988276;1;3;1
376.531;744.06;-1.05;4.19254;0.00087093;-0.0020049;0.000311199;0.00090422;-0.00203819;0.99993;0.00736241;-0.00125946;0.999666;0.0207183;0.981983;1;3;1
399.531;744.06;-1.05109;4.19025;-0.000440565;-0.00209096;0.000645964;-0.000217803;-0.00231373;0.998271;-0.000758295;0.00178087;0.997487;0.0201173;0.988283;1;3;1
422.531;744.06;-1.07029;4.14975;0.00122062;-0.00186685;0.00158928;0.0018925;-0.00253872;1.00233;-0.0130717;0.000786367;1.00082;0.0217794;0.985062;1;3;1
445.531;744.06;-0.994991;4.15246;0.0026276;-0.00128673;0.00094713;0.00284473;-0.00150385;1.00687;-0.0053914;-0.000348238;1.00461;0.0175198;0.99216;1;3;1
468.531;744.06;-0.949599;4.10545;-3.92045e-05;0.000715447;0.000609578;0.00105503;-0.000378789;0.997207;-0.00249206;0.00174048;1.00538;0.0183154;0.993235;1;2;1
491.531;744.06;-0.996853;4.07862;-0.000701775;-0.000356989;0.00106299;0.000547492;-0.00160626;0.999966;-0.00555515;0.00235959;1.00082;0.0180577;0.992668;1;3;1
514.531;744.06;-0.981927;4.04824;0.000981289;-0.000877851;0.000340643;0.00104174;-0.000938301;0.998534;-0.000877496;0.00349202;1.0029;0.0182605;0.993329;1;3;1
537.531;744.06;-0.951754;4.03783;0.000661454;-0.00104155;-0.000340484;0.000727005;-0.0011071;1.00427;-0.000643605;-0.00277779;1.00372;0.0178083;0.993549;1;3;1
560.531;744.06;-0.951549;3.98861;0.00142353;-0.00138814;0.00081155;0.00164096;-0.00160557;1.00083;0.00325523;0.00344276;0.999492;0.0175967;0.991067;1;3;1
583.531;744.06;-0.886337;3.99623;0.000462598;-0.00123839;0.000743812;0.00074197;-0.00151776;0.99716;-0.00115495;-0.000712211;0.997347;0.0180689;0.990221;1;3;1
606.531;744.06;-0.930277;3.97489;-0.000237167;-0.000948982;0.000585887;9.24428e-05;-0.00127859;1.00423;-0.00291016;-0.00289859;0.997891;0.0177891;0.99108;1;3;1
629.531;744.06;-0.89726;3.96402;0.000165842;-0.00137588;0.000330303;0.000233627;-0.00144367;0.999901;-0.0029612;0.00618328;1.00333;0.0193232;0.989174;1;3;1
652.531;744.06;-0.922762;3.87258;-5.14273e-05;-0.00256931;0.00192688;0.000991321;-0.00361206;0.997604;-0.00770413;0.00209216;0.998581;0.0207482;0.986215;1;3;1
675.531;744.06;-0.89964;3.92715;0.000833024;-0.0024669;0.00174781;0.00158665;-0.00322052;1.00296;-0.00721869;-0.00498002;0.997844;0.0231959;0.98122;1;3;1
698.531;744.06;-0.884476;3.91198;0.000356097;-0.0017416;0.00102775;0.0007757;-0.0021612;1.00378;-0.0076326;0.00318176;0.996097;0.022669;0.984709;1;3;1
721.531;744.06;-0.883297;3.87118;-0.000419435;-0.000880325;5.88753e-07;-0.000419434;-0.000880326;0.99473;-0.00214368;0.00248943;0.997657;0.0258594;0.985062;1;4;1
744.531;744.06;-0.903862;3.82218;-0.00185814;-0.00135388;0.00119735;-0.0003824;-0.00282963;1.00345;0.00132463;0.00152442;0.998145;0.0249342;0.981078;1;3;1
767.531;744.06;-0.968854;3.85331;0.000530111;-0.00137533;-0.000408217;0.000613883;-0.0014591;1.00321;0.00867282;0.00144;0.999787;0.0254322;0.985893;1;4;1
790.531;744.06;-0.879487;3.8022;0.00160514;-0.0039384;0.000148843;0.00160914;-0.00394239;1.00289;-0.00192321;-0.00073289;0.99371;0.0246947;0.980191;1;3;1
813.531;744.06;-0.89508;3.83698;-0.000804897;-0.00244716;0.00143552;2.77493e-05;-0.0032798;1.00149;-0.00311738;0.00133594;1.00001;0.0210731;0.986588;1;3;1
836.531;744.06;-0.916528;3.80164;-0.00148202;-0.0021585;-0.000516765;-0.00120264;-0.00243788;0.994048;-0.00519999;0.00310274;0.99832;0.0200714;0.986531;1;3;1
859.531;744.06;-0.963467;3.71438;0.000291347;-0.00225763;0.000754125;0.000497746;-0.00246403;0.998651;-0.0081359;0.00106087;0.994961;0.0290301;0.982992;1;4;1
882.531;744.06;-0.903249;3.69588;0.00146961;-0.000661765;0.000922331;0.00181332;-0.00100547;0.996119;-0.00113342;-0.000361184;1.00088;0.0211642;0.983494;1;3;1
905.531;744.06;-0.895936;3.67002;-6.13036e-06;0.0018639;0.0016668;0.00284003;-0.000982259;1.00469;-0.00456741;0.00356362;1.00421;0.020098;0.986677;1;3;1
928.531;744.06;-0.903534;3.67918;7.1081e-05;-0.000851729;-0.000407669;0.000225378;-0.00100603;0.999163;0.000588575;-0.00405414;0.998774;0.0204777;0.987537;1;3;1
951.531;744.06;-0.892695;3.61829;-0.00141146;-0.00175949;-0.000737497;-0.000827723;-0.00234322;0.997855;0.000836512;0.00420616;1.00155;0.0249602;0.983406;1;3;1
974.531;744.06;-0.968693;3.54843;-0.0029158;-0.0015963;-0.000755078;-0.00125334;-0.00325875;0.995843;0.00263046;-0.00433333;0.996976;0.0198274;0.988047;1;4;1
997.531;744.06;-1.02706;3.55428;-5.86613e-05;-0.00264276;0.000939333;0.000246705;-0.00294813;0.994669;-0.00313126;0.00147488;0.995616;0.0225563;0.987758;1;4;1
1020.53;744.06;-0.97148;3.45842;0.000210873;-0.00246065;0.00125021;0.000704671;-0.00295445;1.00023;-0.00168306;0.00244899;1.00097;0.0224716;0.986817;1;3;1
1043.53;744.06;-1.01741;3.48599;-0.00256964;-0.00249914;0.00127578;-0.00125812;-0.00381066;1.00155;-0.000649691;-0.000892495;0.996216;0.0209573;0.983043;1;3;1
1066.53;744.06;-1.08984;3.46841;-0.000761818;-0.00226036;0.000155921;-0.000745767;-0.00227641;1.00009;0.00163267;0.00277539;0.994014;0.0226722;0.982544;1;4;1
1089.53;744.06;-1.05257;3.38859;-0.000518906;0.000189359;0.00012405;0.000210457;-0.000540005;0.995884;-0.0116215;0.00408709;0.996991;0.0229582;0.986089;1;4;1
1112.53;744.06;-1.11375;3.40624;-0.00129742;-0.00211383;0.000794163;-0.000812691;-0.00259855;0.997702;-0.0005924;-0.00237183;0.996674;0.0202507;0.987936;1;4;1
1135.53;744.06;-1.1123;3.3721;-0.0011347;-0.00161266;0.000421813;-0.000888875;-0.00185849;0.999403;0.000168415;0.00260839;1.00138;0.0222277;0.985972;1;3;1
1158.53;744.06;-1.16602;3.34804;-0.00218813;-0.00333014;0.000917922;-0.0016781;-0.00384016;1.00053;-0.00407615;0.00314174;0.992921;0.0198755;0.986972;1;3;1
1181.53;744.06;-1.21308;3.32733;-0.00174834;-0.00300124;0.000956136;-0.00123171;-0.00351787;0.998906;-4.12496e-05;-0.000669892;1.00054;0.0187232;0.9894;1;4;1
1204.53;744.06;-1.24653;3.30398;-0.00263403;-0.00187589;0.000507426;-0.00162158;-0.00288835;0.994813;0.00012906;0.00144363;0.999989;0.0188865;0.990114;1;3;1
1227.53;744.06;-1.33442;3.29184;-0.00167619;-0.00195494;0.000743047;-0.00105956;-0.00257157;0.997001;0.00351854;0.000134327;1.00038;0.0212232;0.987859;1;3;1
1250.53;744.06;-1.32371;3.27435;-0.00191937;-0.000376915;0.000448295;-0.000256089;-0.0020402;1.00296;0.000291353;0.000496281;1.00105;0.0228546;0.9917;1;3;1
1273.53;744.06;-1.42281;3.25901;-0.00429918;-0.00249941;-0.000105894;-0.0024932;-0.00430539;0.991397;-0.005359;0.00350201;0.995569;0.023807;0.988361;1;3;1
31.5305;721.06;-1.55405;4.54358;0.00142577;-0.000883427;-0.00051348;0.0015348;-0.000992458;1.00299;-0.00245867;-0.000115483;0.999961;0.0214234;0.988344;1;3;1
54.5305;721.06;-1.52135;4.48916;0.000917102;-0.000197648;-0.000703129;0.00125698;-0.000537522;1.00093;0.00719353;0.00156965;0.999932;0.0267495;0.983651;1;3;1
77.5306;721.06;-1.51199;4.44427;0.00102905;-0.00113459;0.00113941;0.00151841;-0.00162394;1.00182;-0.00237322;0.00194103;0.997381;0.028039;0.988722;1;2;1
100.531;721.06;-1.47404;4.47445;0.00194756;-0.00106136;0.00206475;0.00299781;-0.00211162;1.00589;-0.00525764;-0.00438876;0.996547;0.0245739;0.986214;1;3;1
123.531;721.06;-1.4225;4.47267;0.00340022;-0.000644352;0.000835858;0.00356615;-0.000810284;1.00217;-0.00354735;0.00101816;0.99807;0.0199343;0.991755;1;3;1
146.531;721.06;-1.31789;4.47677;0.00317367;-0.000659028;0.00124038;0.00354007;-0.00102543;0.999648;0.00449138;0.000356022;0.99845;0.0270686;0.986361;1;2;1
169.531;721.06;-1.27676;4.43895;0.00145431;-0.00103054;0.000240901;0.00147745;-0.00105368;1.00839;0.00271786;0.00258544;0.997906;0.0233606;0.988456;1;3;1
192.531;721.06;-1.2511;4.40336;0.000676315;-0.000738939;1.30331e-05;0.000676435;-0.000739059;1.00127;-0.00401521;0.00249708;1.00081;0.0191454;0.992962;1;3;1
215.531;721.06;-1.24568;4.39145;0.00110633;-0.00122388;0.00107841;0.00152881;-0.00164636;0.999497;-0.0112982;0.00129381;0.999663;0.0178497;0.992656;1;3;1
238.531;721.06;-1.20028;4.34126;0.00106878;0.000171549;0.00154558;0.00222954;-0.000989204;1.00801;-0.00383247;-0.00155836;1.00056;0.0175482;0.990582;1;3;1
261.531;721.06;-1.19655;4.36685;0.00027809;-0.00210201;0.00113967;0.000735784;-0.00255971;0.998172;0.000806037;0.000408218;0.997579;0.023323;0.990811;1;3;1
284.531;721.06;-1.18749;4.34309;0.000161541;-0.00155;0.00044326;0.000269525;-0.00165799;1.00181;0.00123035;0.00413769;0.995627;0.0230309;0.990058;1;3;1
307.531;721.06;-1.18924;4.25996;0.000904904;-0.00174504;0.000917047;0.00119131;-0.00203144;1.00306;-0.00240803;-0.000926201;0.997118;0.0174638;0.99368;1;3;1
330.531;721.06;-1.14599;4.24639;0.00147465;-0.00151146;0.00128725;0.00195295;-0.00198975;1.00076;-0.00486902;0.00340194;0.997236;0.0213242;0.990856;1;2;1
353.531;721.06;-1.12147;4.22429;0.00204048;-0.00221105;0.000948662;0.00224255;-0.00241313;1.00146;-0.00626526;-0.00543557;0.996852;0.0195047;0.988575;1;3;1
376.531;721.06;-1.05222;4.22515;0.000706857;0.000359241;0.00136266;0.00190675;-0.000840655;1.00447;-0.00156307;0.00744857;0.997923;0.019597;0.990811;1;3;1
399.531;721.06;-1.08897;4.20619;-0.00178605;0.000382746;0.00103027;0.000794133;-0.00219743;0.998579;-0.00213569;0.000781577;0.999412;0.019836;0.988144;1;3;1
422.531;721.06;-1.13447;4.1943;-0.000873945;-0.00165143;-5.23623e-06;-0.00087391;-0.00165146;0.998439;0.00559393;0.00165609;0.994446;0.0185539;0.991928;1;4;1
445.531;721.06;-1.12925;4.13086;0.00207089;-5.77897e-05;0.000313289;0.00211604;-0.00010294;1.00254;-0.00533974;0.00259356;0.996487;0.0183525;0.992244;1;3;1
468.531;721.06;-1.03947;4.0712;0.00245974;-0.00167297;0.000497628;0.00251881;-0.00173204;0.997011;-0.0023748;-0.00031569;0.994008;0.019413;0.990745;1;3;1
491.531;721.06;-1.01628;4.07242;0.000860759;-0.00143299;0.00107112;0.00128316;-0.00185539;1.00117;0.00222898;-0.000893222;0.993329;0.0186832;0.990726;1;2;1
514.531;721.06;-0.999895;4.09207;0.000937886;-0.00119524;0.00044089;0.00102542;-0.00128277;1.0042;0.000440567;0.00306788;0.995183;0.0195195;0.991993;1;3;1
537.531;721.06;-0.973161;4.05797;-1.53917e-05;-0.000989788;0.000582374;0.0002567;-0.00126188;0.997683;-0.00245803;-0.0014625;0.991382;0.0185164;0.989419;1;3;1
560.531;721.06;-1.00064;4.03605;-0.000851251;-0.00181247;0.000894213;-0.000316674;-0.00234705;0.997425;-0.00648877;0.00105848;0.997519;0.0173905;0.992396;1;3;1
583.531;721.06;-1.01236;4.01106;0.000381275;-0.00121566;0.000837113;0.00073966;-0.00157405;1.00057;-0.00404831;0.0014828;1.00147;0.019266;0.98852;1;3;1
606.531;721.06;-0.983124;3.9909;0.00109959;-0.000951806;0.000431041;0.00118648;-0.0010387;1.00174;-0.00368447;0.00019779;1.00008;0.0173258;0.992485;1;2;1
629.531;721.06;-0.961819;3.97687;0.000365614;-0.000227249;0.00104697;0.00115731;-0.00101894;1.00323;-0.0054187;0.00153108;0.999092;0.0193354;0.984798;1;3;1
652.531;721.06;-0.966325;3.95273;0.000451993;-0.0028299;0.00109379;0.000783121;-0.00316103;0.997917;-0.00235286;0.00291028;1.00058;0.0179059;0.989787;1;3;1
675.531;721.06;-0.941044;3.94266;0.00101169;-0.00078651;0.00197746;0.00228485;-0.00205968;1.0044;-0.00626327;-0.000734358;1.00373;0.0213529;0.988295;1;3;1
698.531;721.06;-0.919811;3.95555;0.00109566;-0.00105858;-8.02657e-05;0.00109865;-0.00106157;1.00486;-0.00382011;-0.00203231;0.998566;0.0220398;0.981781;1;3;1
721.531;721.06;-0.890703;3.88832;-0.00101702;-0.00136241;-4.34486e-05;-0.00101164;-0.00136779;0.995974;-0.00768722;0.00793414;0.998465;0.0205265;0.984448;1;3;1
744.531;721.06;-0.966735;3.8516;-0.00032777;-0.00175681;0.00116513;0.00032448;-0.00240906;0.99354;-0.00903376;-0.00346155;0.998068;0.02338;0.984348;1;3;1
767.531;721.06;-0.905784;3.87963;0.00320638;0.000557135;0.000734076;0.00339618;0.000367329;1.00946;-0.0138134;0.000153963;1.00039;0.0274529;0.9854;1;4;1
790.531;721.06;-0.819506;3.90315;-0.0011519;-0.00176307;0.000767049;-0.000631801;-0.00228316;0.995898;-0.0117221;-0.0012886;1.00151;0.0242415;0.981804;1;3;1
813.531;721.06;-0.958841;3.81987;-0.00320709;0.000765834;0.000172595;0.000773318;-0.00321457;0.999163;-0.00514313;0.00465224;1.001;0.0215496;0.985587;1;4;1
836.531;721.06;-0.967299;3.85109;-0.000848176;-0.000718343;0.000803378;2.27375e-05;-0.00158926;0.995862;0.00342187;-0.00325438;1.0063;0.0261291;0.973543;1;4;1
859.531;721.06;-0.997887;3.7844;0.000477612;-0.00207183;-0.00172328;0.0013464;-0.00294062;1.00715;0.00700627;0.0124649;1.00542;0.0258244;0.973692;1;4;1
882.531;721.06;-0.945699;3.66787;0.000290238;-0.0010347;0.000498336;0.000456747;-0.00120121;0.99689;-0.00393338;-0.00233205;1.00003;0.0220591;0.979522;1;4;1
905.531;721.06;-0.984686;3.66778;0.000574074;-0.00119344;0.00207944;0.00194976;-0.00256913;1.00076;-0.00322614;0.000228578;0.997282;0.0211922;0.985787;1;3;1
928.531;721.06;-0.9193;3.67803;0.000343835;-0.00126727;0.00131381;0.00107939;-0.00200282;0.991579;-0.00422852;0.00206187;0.996469;0.0222172;0.982601;1;4;1
951.531;721.06;-0.968879;3.6427;0.000126336;-0.0016784;0.000650983;0.000336643;-0.00188871;1.00674;-0.00235945;0.00225043;0.997425;0.0197577;0.988184;1;3;1
974.531;721.06;-0.913583;3.58471;-0.00228941;-0.00249171;0.000334305;-0.00204129;-0.00273983;0.995566;-0.00434475;-0.00213885;1.00139;0.0225102;0.978658;1;3;1
997.531;721.06;-1.07433;3.60363;-0.00447237;-0.00288988;0.0013881;-0.00208335;-0.00527891;0.990633;-0.00629991;-0.0015959;0.993597;0.0260738;0.97828;1;3;1
1020.53;721.06;-1.11978;3.60343;-7.9259e-05;-0.00371907;0.00171735;0.000603106;-0.00440143;1.00134;-0.00842968;0.000152236;0.994726;0.0226246;0.975552;1;3;1
1043.53;721.06;-1.07799;3.56153;0.000151728;-0.00402081;0.000815186;0.000305335;-0.00417442;1.00154;-0.00762189;0.00256193;0.994673;0.0206263;0.983715;1;3;1
1066.53;721.06;-1.11285;3.53478;-0.00202909;-0.00186006;-0.000935071;-0.00100569;-0.00288346;0.999386;-0.00162257;0.00315903;1.00198;0.0210566;0.984322;1;3;1
1089.53;721.06;-1.17157;3.44842;-0.00148568;-0.0041458;0.00235983;-0.000106897;-0.00552459;1.00009;0.000632998;-0.00143643;1.00188;0.0218035;0.987061;1;3;1
1112.53;721.06;-1.18125;3.50655;-0.000634733;-0.00319498;0.000978761;-0.000303431;-0.00352628;0.996384;-0.00468075;-0.000763062;1.00172;0.0216273;0.989281;1;3;1
1135.53;721.06;-1.20078;3.43471;-0.00205658;-0.00305108;0.000379304;-0.00192843;-0.00317923;1.00115;-0.00114437;0.00496653;0.9957;0.0206904;0.988973;1;3;1
1158.53;721.06;-1.27596;3.48029;-0.00160685;-0.0036374;0.000509344;-0.00148625;-0.003758;0.998731;0.00150365;0.000619055;0.995617;0.027345;0.975099;1;3;1
1181.53;721.06;-1.27478;3.38172;-0.0013255;-0.00249952;-9.21122e-05;-0.00131832;-0.0025067;1.00034;-0.00373571;0.00339229;0.993792;0.020949;0.988108;1;3;1
1204.53;721.06;-1.33708;3.38252;-0.00200395;-0.0023039;0.000832668;-0.00130786;-0.00299999;0.991338;-0.00660376;-0.00110511;0.993397;0.0220904;0.981346;1;4;1
1227.53;721.06;-1.36709;3.32143;-0.00153763;-0.00180933;-0.000255274;-0.00138431;-0.00196265;1.00292;-0.00769466;0.00133608;0.997718;0.0230177;0.981767;1;3;1
1250.53;721.06;-1.408;3.27037;-0.000431186;-0.00145274;0.000855524;5.4438e-05;-0.00193836;0.99229;-0.00722066;0.00502088;0.999377;0.0212173;0.987972;1;3;1
1273.53;721.06;-1.38695;3.28905;0.000916157;-0.00230589;0.00178913;0.0017127;-0.00310244;0.999985;0.00233025;-0.00519984;1.00041;0.0247427;0.991398;1;3;1
31.5305;698.06;-1.53836;4.56748;0.00116447;-2.7187e-05;-0.00116418;0.00187644;-0.000739156;1.00341;0.00143971;0.000813249;0.999859;0.0198114;0.991483;1;3;1
54.5305;698.06;-1.51168;4.5033;-4.71184e-06;-0.00202104;0.000548258;0.000134722;-0.00216048;0.995061;-0.0076083;-0.000813511;0.998368;0.0249608;0.982934;1;3;1
77.5306;698.06;-1.5386;4.52548;-0.000167202;-0.00241973;-5.71156e-05;-0.000165755;-0.00242117;1.00209;0.000275423;0.00163326;0.998045;0.0199591;0.991581;1;3;1
100.531;698.06;-1.51938;4.48768;0.00195905;-0.00115528;-0.00016618;0.00196789;-0.00116413;1.0029;0.00208295;0.00330816;0.999462;0.0232577;0.985276;1;2;1
123.531;698.06;-1.44859;4.47794;0.00150265;-0.000589457;0.000386073;0.00157162;-0.000658428;1.00174;-0.000263433;-0.00276773;1.00186;0.021733;0.989198;1;3;1
146.531;698.06;-1.45031;4.47228;0.00136232;-0.000432651;0.00148129;0.0021968;-0.00126713;0.999588;-0.0108096;-0.00052454;1.00032;0.0225512;0.988903;1;3;1
169.531;698.06;-1.38598;4.44083;0.00242852;-0.000898252;0.000482581;0.0024971;-0.000966841;1.00105;-0.00630547;0.00122895;0.999662;0.0200862;0.992359;1;3;1
192.531;698.06;-1.33878;4.40684;0.000489976;-0.000496703;0.000881456;0.00100676;-0.00101349;0.99821;0.00214808;-0.000220214;0.996188;0.020908;0.990526;1;3;1
215.531;698.06;-1.36346;4.40328;0.00056821;0.000227508;-9.64471e-05;0.000593618;0.0002021;1.00271;0.000896136;0.00350473;0.998913;0.0222648;0.990558;1;3;1
238.531;698.06;-1.31276;4.30521;0.00216865;-0.000583481;0.00110569;0.00255783;-0.000972666;1.00179;-0.00529643;0.000391373;0.99938;0.0256958;0.983788;1;3;1
261.531;698.06;-1.26382;4.3793;0.00131593;-0.000608285;0.00113529;0.00184195;-0.00113431;1.00559;-0.00436031;-0.00344227;1.00054;0.0167432;0.994379;1;3;1
284.531;698.06;-1.25229;4.34557;0.000824153;-0.000246582;0.00069907;0.00116931;-0.000591736;0.998936;-0.00821872;0.0027678;1.00081;0.0182687;0.99306;1;2;1
307.531;698.06;-1.22598;4.31012;0.000646438;-0.0021047;7.8192e-05;0.000648658;-0.00210692;0.998269;-0.00375901;0.00106138;1.00076;0.0184103;0.992974;1;3;1
330.531;698.06;-1.22263;4.2653;0.000578889;-0.00313073;0.000184353;0.000588028;-0.00313987;0.999941;-0.000814975;0.00366548;0.997175;0.0191813;0.991642;1;3;1
353.531;698.06;-1.19938;4.26772;0.000638208;-0.00221824;0.000765041;0.000830204;-0.00241024;1.00216;-0.00262953;-0.000754128;0.998083;0.0168506;0.993933;1;3;1
376.531;698.06;-1.19337;4.17624;0.000489333;-0.000125327;0.000775105;0.00101581;-0.000651807;1.00632;-0.00804747;-0.000855839;1.00505;0.0210678;0.988535;1;3;1
399.531;698.06;-1.17697;4.17282;0.00105075;-0.000181859;0.00133709;0.00190674;-0.00103784;0.995833;-0.00111487;-0.00265679;1.00335;0.0184371;0.991117;1;3;1
422.531;698.06;-1.14508;4.22584;0.000660699;-0.00012742;0.000505415;0.000907519;-0.000374241;1.0008;-0.00249721;0.00200801;1.00356;0.0180099;0.992967;1;3;1
445.531;698.06;-1.14659;4.15537;0.00199418;-0.00185321;2.58811e-05;0.00199436;-0.00185338;1.00168;-0.00375206;0.000763677;0.996912;0.021637;0.990594;1;3;1
468.531;698.06;-1.05346;4.18259;0.00156875;-0.00287641;0.000980735;0.00177552;-0.00308318;1.00154;-0.0027685;0.00026416;0.996233;0.0203417;0.991013;1;3;1
491.531;698.06;-1.07449;4.14465;0.000362297;-0.00169093;0.000444445;0.000454373;-0.001783;1.00001;-0.00459305;0.000205295;1.00121;0.0194448;0.990041;1;3;1
514.531;698.06;-1.03687;4.10329;0.000287529;-0.00102604;0.00121581;0.00101261;-0.00175112;0.999618;-0.00521768;0.00392165;1.00581;0.0179001;0.990165;1;3;1
537.531;698.06;-1.0613;4.08351;-0.000953393;-0.00127999;0.000928851;-0.000173597;-0.00205979;1.00106;-0.00129908;0.00075514;1.00399;0.0196636;0.990623;1;3;1
560.531;698.06;-1.08076;4.07224;0.00115092;-0.00105609;0.000232905;0.00117523;-0.0010804;1.00176;3.495e-05;-0.00165473;1.00025;0.0170156;0.99403;1;3;1
583.531;698.06;-1.0084;4.05235;0.00167063;-0.00224132;0.000143056;0.00167585;-0.00224655;0.997272;0.00126539;0.00132802;0.996428;0.0185533;0.986543;1;3;1
606.531;698.06;-1.004;4.01875;-0.000504837;-0.000275254;-0.000253481;-0.000111784;-0.000668307;1.00179;0.00448425;0.0027413;1.00101;0.0191708;0.989823;1;3;1
629.531;698.06;-1.03169;3.97467;-0.001161;-0.00153981;0.00130683;-2.99216e-05;-0.0026709;0.994907;-0.00279421;-0.00195646;1.00461;0.0209847;0.988981;1;3;1
652.531;698.06;-1.05744;4.00313;-0.00101836;-0.00176725;0.00103496;-0.00029219;-0.00249343;0.998299;-0.00476768;0.00173999;0.99975;0.0209561;0.987963;1;3;1
675.531;698.06;-1.07856;3.96369;0.00274573;-0.00134593;0.00129616;0.00312177;-0.00172197;1.00403;-0.00319185;0.00170292;0.99601;0.0187178;0.989048;1;3;1
698.531;698.06;-0.931332;3.96073;0.00207526;0.000812686;0.000672255;0.00236617;0.000521775;1.00471;-0.00305438;-0.00101555;1.00229;0.0254815;0.977477;1;4;1
721.531;698.06;-0.983211;3.93401;-0.00191966;-0.00114103;0.00148561;5.42492e-06;-0.00306612;0.995402;-0.00342693;0.00343312;1.0018;0.0234551;0.986707;1;3;1
744.531;698.06;-1.01976;3.90321;-3.09835e-05;-0.0023811;-0.000557776;9.46796e-05;-0.00250676;1.00088;0.00264643;-0.00386418;0.999611;0.0258716;0.973229;1;3;1
767.531;698.06;-0.984759;3.8277;0.000215171;-0.000627926;0.000408299;0.000380488;-0.000793243;1.0024;0.00534048;0.00407256;1.00043;0.0231085;0.985388;1;3;1
790.531;698.06;-1.00986;3.88356;0.000467299;0.000251655;0.00152804;0.00189132;-0.00117236;1.00214;0.00588184;-0.00227134;0.998957;0.021595;0.987565;1;3;1
813.531;698.06;-0.963276;3.80182;-0.000349741;-0.00146483;0.000645776;-5.4125e-05;-0.00176044;0.997287;-0.00138536;0.0024386;0.997663;0.0218584;0.983567;1;3;1
836.531;698.06;-1.02598;3.83482;-0.000532029;-0.000266897;0.000852293;0.000463078;-0.001262;0.998516;-0.00431208;-0.00379274;0.999461;0.0219024;0.984516;1;3;1
859.531;698.06;-0.987756;3.80979;-0.000857723;-0.000414437;-0.000780452;0.000175234;-0.00144739;1.00428;-0.00819212;0.00605955;0.993525;0.0241933;0.983548;1;3;1
882.531;698.06;-1.06554;3.74379;-0.00193638;-0.00223842;0.00142393;-0.000655484;-0.00351931;0.993424;-0.00281621;-3.83801e-05;0.995371;0.0239283;0.97871;1;3;1
905.531;698.06;-1.07699;3.72531;0.000351033;-0.00234837;0.00113294;0.000763505;-0.00276085;0.997734;-0.000792584;-0.00134614;0.994901;0.0234244;0.989729;1;4;1
928.531;698.06;-1.0494;3.73774;0.00068023;-0.00105705;0.00134546;0.00141309;-0.00178991;1.00167;-0.00450541;0.00237843;0.998771;0.0204867;0.990714;1;3;1
951.531;698.06;-1.04572;3.69582;0.000236404;-0.00152432;0.00083397;0.000568702;-0.00185662;0.997766;-0.00679205;0.00114912;0.998444;0.0184707;0.989969;1;3;1
974.531;698.06;-1.03859;3.66325;-0.00197355;-0.00334059;0.00226517;-0.000291017;-0.00502312;1.00464;-0.00440594;-0.000608344;0.993418;0.0197255;0.988154;1;3;1
997.531;698.06;-1.1366;3.68754;-0.00288366;-0.00130335;0.000466244;-0.00117604;-0.00301096;0.991805;0.005462;0.000631869;1.00462;0.0250363;0.968944;1;4;1
1020.53;698.06;-1.17144;3.63025;-0.000525123;-0.00144039;0.000386732;-0.000383598;-0.00158191;1.00365;0.0105281;-2.89852e-05;1.00336;0.0233772;0.980993;1;3;1
1043.53;698.06;-1.16076;3.67155;0.0011908;-0.00196325;0.000766143;0.00136705;-0.00213951;1.00261;0.00383998;0.000430791;1.00312;0.0262575;0.963186;1;4;1
1066.53;698.06;-1.11676;3.55406;-0.00298043;-0.00131419;9.51693e-05;-0.00130877;-0.00298585;0.997382;-8.02377e-05;0.0062687;0.999919;0.0231128;0.986277;1;3;1
1089.53;698.06;-1.29816;3.58035;-0.00218839;-0.00263975;0.000602594;-0.0017706;-0.00305754;0.994924;-0.00510304;-0.00296524;0.993253;0.0257242;0.98199;1;4;1
1112.53;698.06;-1.21753;3.55356;0.00271463;-0.00294064;-0.000592824;0.0027761;-0.00300212;1.00232;0.00363289;-0.00141426;0.996065;0.024915;0.985036;1;3;1
1135.53;698.06;-1.1735;3.51271;-0.00104924;-0.00307577;0.000327542;-0.000997617;-0.00312739;1.00106;0.00262205;0.00349737;1.00379;0.0286742;0.976556;1;3;1
1158.53;698.06;-1.26584;3.51577;-0.00279378;-0.000513062;-0.000371264;-0.000454148;-0.0028527;1.00028;-0.00526981;0.00133708;1.00676;0.0237458;0.980346;1;3;1
1181.53;698.06;-1.30225;3.44254;-0.00255319;-0.00060829;-0.00064349;-0.000414662;-0.00274682;0.999774;0.00147909;0.00185522;1.00336;0.0240571;0.984191;1;3;1
1204.53;698.06;-1.38356;3.41029;-0.00262083;9.70198e-05;0.000420444;0.000160575;-0.00268438;0.986653;0.00238276;0.00417205;1.00238;0.0217171;0.983114;1;3;1
1227.53;698.06;-1.42302;3.37523;-0.00111233;-0.0012453;2.44147e-05;-0.00110799;-0.00124964;1.00273;-0.00259488;0.00276353;0.996641;0.0263445;0.982309;1;3;1
1250.53;698.06;-1.43481;3.34136;-0.00275739;-0.00176532;0.00144836;-0.000730405;-0.00379231;0.997077;-0.00269492;-0.0012497;0.996603;0.022464;0.989295;1;3;1
1273.53;698.06;-1.55003;3.36538;-0.00499682;-0.00230478;0.000285727;-0.00227478;-0.00502681;0.992529;-0.00412757;-0.00303142;0.995284;0.0267404;0.986587;1;4;1
31.5305;675.06;-1.57528;4.54484;-0.00166787;-0.000714483;0.00199031;0.000855428;-0.00323778;1.00383;0.00231349;-0.000772651;0.997244;0.0208846;0.990596;1;3;1
54.5305;675.06;-1.6137;4.58232;0.00115185;-0.00216295;0.00166617;0.00184457;-0.00285568;0.999923;-0.00404987;0.00172971;0.997803;0.020024;0.991337;1;2;1
77.5306;675.06;-1.52232;4.55571;0.00234096;-0.00172336;0.000527032;0.00240819;-0.00179059;1.00234;-0.00259011;0.00125659;0.998927;0.0228937;0.989807;1;3;1
100.531;675.06;-1.50617;4.52763;0.00106625;-0.00182014;5.11607e-05;0.00106716;-0.00182105;1.00112;-0.0045453;0.00322845;0.997547;0.0230158;0.988155;1;3;1
123.531;675.06;-1.47333;4.49982;0.00032956;-0.00206391;0.000679525;0.000509026;-0.00224338;0.996745;-0.00391367;-0.00191065;0.993689;0.021464;0.986678;1;3;1
146.531;675.06;-1.49103;4.497;0.00189466;-0.00112141;0.000191175;0.00190673;-0.00113348;1.00143;0.000660758;-0.00121503;1.00013;0.018992;0.994498;1;3;1
169.531;675.06;-1.38627;4.48042;0.00264266;-0.00186486;-0.000699748;0.00274879;-0.00197099;1.00394;0.00738075;0.00584137;0.996905;0.0253187;0.987318;1;3;1
192.531;675.06;-1.36968;4.42636;0.00104319;-0.000926788;-3.42491e-05;0.00104378;-0.000927383;1.00639;-0.00251939;-0.00372789;1.00266;0.0211925;0.990641;1;3;1
215.531;675.06;-1.33841;4.38108;0.000957411;-0.000772157;-0.000192885;0.000978661;-0.000793407;0.995825;-0.00364101;0.0017854;1.00076;0.0207698;0.98887;1;3;1
238.531;675.06;-1.32569;4.36828;0.00169377;-0.00327441;0.000768326;0.00180988;-0.00339052;1.0031;0.000222136;-0.000473113;0.997222;0.0215599;0.987179;1;3;1
261.531;675.06;-1.26057;4.39488;0.000105254;-0.00143578;0.00133603;0.000877033;-0.00220755;1.00043;-0.00469384;6.63572e-05;0.998907;0.019906;0.992562;1;3;1
284.531;675.06;-1.32085;4.35463;-0.000345644;-0.00136905;0.00104186;0.000303392;-0.00201809;0.995706;0.00338934;0.00441414;0.995317;0.0181899;0.993447;1;3;1
307.531;675.06;-1.27648;4.35696;0.00251802;-0.000862817;0.00160932;0.00316158;-0.00150637;1.00601;-9.96206e-05;-0.00641055;0.99379;0.0172545;0.989692;1;2;1
330.531;675.06;-1.20519;4.39067;-8.95497e-05;-0.000728942;0.000930538;0.000574678;-0.00139317;0.998702;-0.00367412;0.000600416;0.998011;0.019252;0.991361;1;4;1
353.531;675.06;-1.28061;4.32672;-0.000279805;-0.000673524;-0.000766927;0.000315125;-0.00126845;1.00023;-0.000588359;0.00709124;0.998849;0.0173974;0.993485;1;3;1
376.531;675.06;-1.21833;4.23122;0.00257791;-0.00308269;-0.000583685;0.00263747;-0.00314224;1.00397;-0.00010441;0.00124416;0.996231;0.0162297;0.992911;1;3;1
399.531;675.06;-1.16232;4.21462;0.00043423;-0.00288039;0.000107711;0.000437727;-0.00288389;0.998424;0.000872999;-0.000935069;0.99558;0.0185532;0.989645;1;3;1
422.531;675.06;-1.19837;4.2002;-0.000269454;-0.000528263;0.000894098;0.000504555;-0.00130227;1.00263;-0.0020876;-0.00126105;0.997891;0.0167646;0.994313;1;3;1
445.531;675.06;-1.17472;4.21621;0.00126501;-0.00137482;0.00119121;0.00172306;-0.00183287;0.999667;-0.00110135;0.000210319;0.998754;0.0217925;0.989376;1;3;1
468.531;675.06;-1.14022;4.20381;0.000836567;-0.00149871;0.00132013;0.00143135;-0.0020935;1.00251;-0.00438194;0.00110252;0.998434;0.0189087;0.991432;1;3;1
491.531;675.06;-1.1363;4.15043;-0.000706472;-0.00124551;0.000792687;-0.000138737;-0.00181324;0.996937;-0.00261706;0.00341384;0.998052;0.0182157;0.990712;1;3;1
514.531;675.06;-1.17278;4.13962;0.00101313;-0.00155199;0.00122723;0.00150569;-0.00204455;1.00062;-0.00742103;0.000810409;0.993488;0.0171354;0.993413;1;3;1
537.531;675.06;-1.08973;4.11704;0.00260492;-0.00154284;7.15979e-05;0.00260615;-0.00154408;1.00257;-0.00128819;-0.000615804;0.996931;0.0191806;0.992333;1;3;1
560.531;675.06;-1.05314;4.08468;0.000238003;-0.00157495;0.000460411;0.000348226;-0.00168517;1.00246;0.00221645;-0.000418115;0.998845;0.019422;0.990319;1;3;1
583.531;675.06;-1.07878;4.11432;0.000341768;-0.00154191;0.000474808;0.000454681;-0.00165483;0.995569;-0.00475061;0.0037701;0.998404;0.017689;0.991459;1;3;1
606.531;675.06;-1.03749;4.00359;-0.000412315;-0.000592113;0.000740275;0.0002435;-0.00124793;1.00105;-0.00456865;0.000205488;0.999093;0.0216808;0.988615;1;3;1
629.531;675.06;-1.0978;4.04796;-0.000762896;-0.0012802;0.00155007;0.000549948;-0.00259305;0.996795;-0.000168523;0.00246409;0.98886;0.0204581;0.986018;1;4;1
652.531;675.06;-1.07261;4.03421;-9.51787e-05;-0.000347276;2.44163e-05;-9.28357e-05;-0.000349619;1.0008;-0.00172038;0.00249435;0.996252;0.0183047;0.993643;1;3;1
675.531;675.06;-1.1022;4.0049;0.00133951;-0.00194968;-0.000738047;0.00149752;-0.0021077;1.00019;0.00259978;-0.00235549;0.994876;0.0196711;0.987117;1;3;1
698.531;675.06;-1.01118;3.91827;0.000370525;-0.00171569;0.00133324;0.00102023;-0.00236539;1.00312;-0.00595381;0.00623725;0.996836;0.0212356;0.989703;1;4;1
721.531;675.06;-1.0852;3.94124;-0.000223444;-0.00125945;0.00155302;0.00089568;-0.00237857;0.995141;0.000104011;-0.00712839;0.996376;0.0217422;0.982869;1;4;1
744.531;675.06;-1.02148;3.96129;0.00266078;-0.00245582;0.000352208;0.00268491;-0.00247995;1.00605;0.000684086;0.00411976;0.996351;0.0249824;0.984361;1;4;1
767.531;675.06;-0.96298;3.90856;0.000775065;-0.00293974;-0.000297639;0.000798761;-0.00296343;1.00089;0.00165669;0.00229865;0.993126;0.0232296;0.983246;1;4;1
790.531;675.06;-0.98589;3.89187;-0.00225757;-0.000511468;-0.000241503;-0.000478682;-0.00229036;0.994774;-0.00305672;-0.00238054;0.998398;0.0223262;0.986384;1;3;1
813.531;675.06;-1.06695;3.88743;-0.00112727;-0.00133145;0.00158156;0.00035549;-0.00281421;1.00143;-0.00106339;0.0038692;0.996259;0.0223703;0.989992;1;3;1
836.531;675.06;-1.03778;3.86342;0.00108594;-0.00142419;0.000122532;0.00109191;-0.00143016;1.00109;-0.00077192;0.00163017;0.998191;0.0205556;0.986736;1;3;1
859.531;675.06;-1.0171;3.80347;-0.00268185;-0.00122255;0.000487941;-0.00107443;-0.00282996;0.998002;-0.000697562;0.00305525;1.00277;0.0276718;0.978996;1;3;1
882.531;675.06;-1.16141;3.77146;-0.0016899;-0.00113132;0.000929157;-0.000440388;-0.00238084;0.996572;-0.00300201;-0.0020649;1.00101;0.0201762;0.989775;1;3;1
905.531;675.06;-1.09491;3.77606;0.00193642;-0.00130913;0.000107088;0.00193995;-0.00131266;1.00436;-0.00550769;0.000728186;0.99909;0.0235574;0.987332;1;4;1
928.531;675.06;-1.07244;3.72693;-0.000543256;-0.000587017;7.54381e-05;-0.00048659;-0.000643684;1.00011;-0.00197712;0.0023487;0.998736;0.0205882;0.988671;1;4;1
951.531;675.06;-1.11995;3.71312;-0.00126491;-0.0017266;0.00158172;0.000102719;-0.00309423;0.993547;-0.00173771;0.00147111;0.997145;0.0230687;0.984106;1;3;1
974.531;675.06;-1.13066;3.73915;-0.000661087;-0.000854905;0.00119937;0.000445285;-0.00196128;1.0032;-0.00857794;0.00198481;0.998563;0.0211272;0.987609;1;4;1
997.531;675.06;-1.1504;3.66368;-0.000883066;-0.000372887;0.000364199;-0.000183329;-0.00107262;1.00003;-0.00323623;0.00271969;0.998355;0.0211901;0.986212;1;3;1
1020.53;675.06;-1.17135;3.66976;-0.00160633;-0.000311996;6.56992e-06;-0.000311963;-0.00160636;0.999877;-0.00905098;0.00167115;0.996228;0.024294;0.988483;1;3;1
1043.53;675.06;-1.22435;3.65216;-0.000903172;0.000344639;-6.1931e-05;0.000347705;-0.000906239;0.991733;0.000876727;-0.00186716;1.00069;0.0217969;0.989813;1;4;1
1066.53;675.06;-1.21298;3.59538;-6.95541e-05;-0.00233002;0.000890236;0.000238944;-0.00263852;0.998822;-0.00631341;0.00470174;0.997198;0.0209567;0.989129;1;4;1
1089.53;675.06;-1.22762;3.57005;0.000410502;-0.00050342;0.000207146;0.000455261;-0.000548179;0.999263;-0.00180876;0.000237394;0.999115;0.0202778;0.986285;1;3;1
1112.53;675.06;-1.19412;3.64202;-0.000891591;-0.00139206;0.00139991;0.000280271;-0.00256392;0.999005;-0.0030709;-0.00126099;0.996195;0.0251942;0.980651;1;3;1
1135.53;675.06;-1.26865;3.57647;-0.00255559;-0.00259907;0.00011421;-0.00246107;-0.00269359;0.997103;-0.00611348;0.0016509;0.997093;0.0254913;0.974264;1;4;1
1158.53;675.06;-1.31204;3.50391;-0.00113341;-0.000285706;-0.000146758;-0.000261018;-0.0011581;1.00648;-0.00132711;0.00581761;0.998162;0.0225082;0.987108;1;4;1
1181.53;675.06;-1.32112;3.40973;-0.0028469;-0.00125525;0.000156337;-0.00124004;-0.00286211;0.994946;-0.00053066;0.00082117;0.999816;0.0218722;0.984447;1;3;1
1204.53;675.06;-1.44335;3.37818;-0.00254309;-0.00104897;0.000721891;-0.000757169;-0.00283489;0.994455;0.00120908;-0.00127646;1.0012;0.0215804;0.986604;1;2;1
1227.53;675.06;-1.43826;3.37881;-0.00234748;-0.000269624;0.000254715;-0.000238855;-0.00237825;0.997016;-0.00038884;0.000505786;1.00013;0.0187615;0.994157;1;3;1
1250.53;675.06;-1.55147;3.35187;0.00159001;-0.000138951;0.00255594;0.00342371;-0.00197265;1.00578;-0.00627716;0.00367611;1.0007;0.024133;0.982866;1;3;1
1273.53;675.06;-1.36518;3.39519;0.00813409;-0.000729037;0.0016096;0.00841736;-0.0010123;1.0018;0.00848163;-0.0102096;1.00177;0.0351761;0.966788;1;4;1
31.5305;652.06;-1.64673;4.60048;-0.000313724;-0.00163736;0.000983865;0.000210204;-0.00216129;1.00504;-0.00713174;-0.00422292;1.00073;0.0215485;0.99233;1;3;1
54.5305;652.06;-1.65395;4.60312;0.000115269;-4.32845e-05;-0.000223837;0.000273453;-0.000201469;0.995511;0.00143827;0.00482873;1.00143;0.018807;0.993016;1;3;1
77.5306;652.06;-1.64143;4.60494;0.00161343;-0.00123127;0.000945256;0.00189889;-0.00151672;1.00861;-0.00127176;-0.00707734;1.00161;0.0220455;0.990579;1;3;1
100.531;652.06;-1.5798;4.57152;0.00217194;-0.00163185;0.00117104;0.00250355;-0.00196346;0.996919;-0.00157059;0.00445861;0.998142;0.0171583;0.993388;1;2;1
123.531;652.06;-1.54164;4.57307;0.00201544;-0.00101557;0.000466997;0.00208576;-0.00108589;1.00259;-0.00276517;0.0023913;1.00056;0.0207192;0.991234;1;3;1
146.531;652.06;-1.48721;4.52391;0.00325678;-0.00208273;-0.000246304;0.00326812;-0.00209407;1.00392;0.00289374;0.00141697;0.998082;0.0179863;0.992953;1;3;1
169.531;652.06;-1.3921;4.5267;0.00114193;-0.00156166;0.000438687;0.00121133;-0.00163107;1.00293;-0.000534653;-0.000751392;0.999163;0.0198233;0.990583;1;3;1
192.531;652.06;-1.43477;4.44959;-0.000250854;-0.00135895;-6.66231e-05;-0.000246863;-0.00136294;1.00265;-0.00185757;0.00197976;0.998675;0.0207776;0.992472;1;3;1
215.531;652.06;-1.40372;4.43883;0.00141801;-0.00181447;0.00115092;0.00178592;-0.00218238;0.994473;0.000539762;-0.000452797;1.00134;0.0207032;0.990678;1;3;1
238.531;652.06;-1.36959;4.45611;7.32443e-05;-0.0029646;0.000581003;0.000180572;-0.00307193;1.00274;0.00243722;0.00237214;0.995919;0.0180957;0.993602;1;3;1
261.531;652.06;-1.40035;4.4456;-0.000357392;-0.00109034;0.00124214;0.000571213;-0.00201894;0.999095;-0.0048372;-0.00215371;0.997937;0.0248701;0.988302;1;3;1
284.531;652.06;-1.38606;4.40879;0.00136424;-0.00116254;-2.67717e-05;0.00136453;-0.00116282;1.00605;-0.00270003;0.00262611;0.998714;0.0185371;0.993104;1;3;1
307.531;652.06;-1.33774;4.34997;0.00103808;-0.000195351;-7.71277e-05;0.00104289;-0.000200155;0.997518;-0.00155155;0.00165565;1.00162;0.0169423;0.992741;1;3;1
330.531;652.06;-1.33846;4.29899;0.00107846;0.00111967;0.00132331;0.00242254;-0.000224411;1.00101;-0.00375526;-0.000471176;1.00185;0.0176369;0.993195;1;3;1
353.531;652.06;-1.28819;4.2988;0.00189727;0.000494169;0.000579453;0.00210563;0.000285808;1.00252;-0.0022028;0.000807727;1.00095;0.0189055;0.992754;1;3;1
376.531;652.06;-1.25127;4.3183;0.00153155;-0.00326888;0.000867097;0.00168337;-0.0034207;1.0035;-0.00575965;-0.0014515;0.996309;0.0181048;0.99278;1;3;1
399.531;652.06;-1.21779;4.30553;0.000555572;-0.00306782;0.000795021;0.000722335;-0.00323458;0.998408;-0.00547907;0.00304278;0.994714;0.0161295;0.992972;1;3;1
422.531;652.06;-1.22578;4.25022;-0.000751237;-0.00222826;-1.3578e-06;-0.000751236;-0.00222826;1.0015;-0.00570973;-0.00108185;0.998088;0.0197548;0.985246;1;3;1
445.531;652.06;-1.25244;4.21877;-0.00031873;-0.00073708;0.000834049;0.000331974;-0.00138778;0.997418;-0.00698482;0.00510466;0.999609;0.0215348;0.987792;1;3;1
468.531;652.06;-1.24044;4.25196;0.000887772;-0.000786236;0.000909316;0.00128666;-0.00118512;1.00281;-0.00309509;-0.00496687;1.00371;0.0181314;0.990102;1;3;1
491.531;652.06;-1.21162;4.20219;0.00125168;-0.000277696;0.00015991;0.00126822;-0.000294237;1.00043;-0.00312001;0.0038105;0.999854;0.0165925;0.991616;1;2;1
514.531;652.06;-1.18296;4.17497;0.00193818;-0.000830058;-9.13824e-05;0.0019412;-0.000833072;1.00044;-0.0016382;-0.00019208;0.999796;0.0173223;0.994816;1;3;1
537.531;652.06;-1.12258;4.15458;0.00124333;-0.00118718;0.000795088;0.00148032;-0.00142417;1.00371;-0.00713212;-0.000548035;0.997486;0.015977;0.995399;1;3;1
560.531;652.06;-1.12581;4.14477;-0.000226417;-0.00160843;0.00132593;0.000577764;-0.00241261;0.999899;-0.00333454;0.00175955;0.994649;0.0159923;0.994763;1;3;1
583.531;652.06;-1.13301;4.1235;-0.000273112;-0.00108778;0.000107089;-0.00025927;-0.00110162;0.99816;-0.000273056;0.00104432;0.99949;0.0197651;0.988223;1;3;1
606.531;652.06;-1.13849;4.04619;-0.000232817;-0.00187152;0.000351279;-0.000160691;-0.00194365;1.00339;-0.00454506;0.00230191;0.994628;0.0181389;0.989987;1;3;1
629.531;652.06;-1.1438;4.03373;0.000777593;-0.000553314;-0.000237204;0.000818605;-0.000594326;1.00096;-0.002579;0.00447921;1.00173;0.0182076;0.990595;1;3;1
652.531;652.06;-1.10274;4.01913;0.000380333;-0.000978695;0.000980012;0.000893364;-0.00149173;0.996139;0.00150695;-0.00182765;1.00225;0.0189608;0.988665;1;3;1
675.531;652.06;-1.12632;4.05349;-0.000320062;-0.000400754;0.00108199;0.000722334;-0.00144315;1.00272;-0.00219218;-0.00367037;1.00356;0.0225639;0.983398;1;3;1
698.531;652.06;-1.11747;4.04009;0.000939843;-0.00143229;0.000865331;0.00122196;-0.0017144;1.00325;-0.0023256;0.000425135;0.99436;0.0220189;0.985487;1;3;1
721.531;652.06;-1.08315;3.99209;0.000715165;-0.00186647;0.000429024;0.000784594;-0.0019359;0.998393;-0.00415386;-0.00183968;0.997125;0.0200158;0.990517;1;4;1
744.531;652.06;-1.08459;4.01637;0.00123115;-0.00210393;0.00108484;0.00155297;-0.00242575;1.00058;-0.00617144;0.00137852;0.997727;0.0224645;0.98576;1;3;1
767.531;652.06;-1.02656;3.96314;0.00165246;-0.00144829;0.000820602;0.00185624;-0.00165207;0.99731;-0.00444204;0.00523897;0.999352;0.0232744;0.982863;1;3;1
790.531;652.06;-1.00877;3.90709;-0.00240414;-0.00214296;0.000917757;-0.00134655;-0.00320055;0.997845;-0.00151278;-0.00126084;1.00036;0.0266581;0.978916;1;4;1
813.531;652.06;-1.13739;3.86344;-0.00243671;-9.16405e-05;0.000562946;3.64961e-05;-0.00256485;0.999549;-0.00459449;0.00294268;1.00115;0.0226282;0.988621;1;3;1
836.531;652.06;-1.12099;3.90048;0.000272225;-0.00212892;0.00173542;0.00118188;-0.00303858;1.00128;-0.00226203;-0.00333954;0.998163;0.0208934;0.990265;1;3;1
859.531;652.06;-1.12487;3.86626;-0.00124871;-0.0030961;0.00156168;-0.000358007;-0.00398681;1.00423;-0.00483755;0.00670316;0.993666;0.0268788;0.979797;1;3;1
882.531;652.06;-1.17859;3.796;-0.000136269;-0.00204476;-0.000488464;-1.85158e-05;-0.00216251;0.996287;0.00318763;0.00208322;0.997888;0.0215093;0.986514;1;3;1
905.531;652.06;-1.13121;3.7856;0.00129036;-0.000802541;0.00118817;0.0018272;-0.00133938;1.00471;-0.00183139;-0.00230177;1.0036;0.0220111;0.986118;1;3;1
928.531;652.06;-1.11928;3.76481;-0.00104299;-0.00169434;0.000947999;-0.000366286;-0.00237105;0.995735;-0.000761818;0.000371716;1.00003;0.0200928;0.988941;1;3;1
951.531;652.06;-1.17921;3.77551;-0.00171825;-0.00127211;-0.000136888;-0.00123346;-0.00175691;0.999248;8.70785e-05;0.00332666;0.996725;0.021068;0.984034;1;3;1
974.531;652.06;-1.19843;3.70287;-0.00130979;0.000543789;-0.00087208;0.000889581;-0.00165558;0.999045;0.00255209;0.00275798;1.0014;0.0194773;0.990696;1;3;1
997.531;652.06;-1.23956;3.70481;0.000323561;-0.00171977;0.000119186;0.00033049;-0.00172669;0.999327;-0.00665511;-0.000574067;0.99763;0.0214733;0.98693;1;3;1
1020.53;652.06;-1.18359;3.64461;0.000218473;0.000199908;0.000116706;0.000326266;9.21157e-05;1.00565;-0.00231543;0.00503325;0.999556;0.0221674;0.987541;1;4;1
1043.53;652.06;-1.22953;3.65575;-0.00210647;-0.00118993;0.00125419;-0.000312908;-0.00298349;0.992969;-0.00488959;-0.00516665;0.995433;0.0206201;0.989032;1;3;1
1066.53;652.06;-1.28059;3.66166;-0.000891946;-0.0016967;0.000718209;-0.000471078;-0.00211757;1.00274;-0.000554183;0.00115791;0.997329;0.0184756;0.992366;1;3;1
1089.53;652.06;-1.27061;3.60353;-0.00129076;-0.00203632;0.000495214;-0.0010437;-0.00228338;0.99625;-0.000943223;0.00619692;0.998221;0.0201514;0.986787;1;3;1
1112.53;652.06;-1.34002;3.61781;-0.00111947;0.00047499;0.00147994;0.00135877;-0.00200325;0.995409;-0.0032632;-0.00592653;1.00088;0.0197325;0.987902;1;3;1
1135.53;652.06;-1.32214;3.63266;-0.00171788;-0.000661694;0.000146531;-0.000641742;-0.00173783;0.999406;-0.00121857;0.00501828;0.994938;0.024015;0.984649;1;3;1
1158.53;652.06;-1.4192;3.52917;-0.00261114;0.000380196;-0.000835301;0.000597639;-0.00282858;0.998855;-0.00829887;0.00326329;0.995945;0.021473;0.986732;1;4;1
1181.53;652.06;-1.4426;3.50053;-0.00134381;-0.00224917;0.000580682;-0.00106021;-0.00253277;0.99243;-0.00787314;-0.00078657;0.993141;0.0234004;0.984605;1;3;1
1204.53;652.06;-1.48111;3.45867;-0.000654619;-0.0037331;-0.000800283;-0.000459007;-0.00392872;1.00002;-0.000793773;-0.00076121;0.991254;0.0236748;0.98363;1;3;1
1227.53;652.06;-1.47287;3.38766;-0.00373162;-0.00176318;-0.000806846;-0.00147473;-0.00402007;0.995995;-0.000822151;0.00581778;0.998145;0.025612;0.984674;1;4;1
1250.53;652.06;-1.65322;3.34827;-0.00299935;-0.00117458;-0.000692298;-0.000941663;-0.00323227;1.00839;0.0124553;-0.00466122;0.997883;0.0267199;0.982073;1;3;1
1273.53;652.06;-1.61104;3.39897;0.00183781;-0.000656157;0.00356605;0.00436861;-0.00318696;0.98697;-0.00247009;-0.00202914;0.992298;0.0260097;0.986464;1;4;1
31.5305;629.06;-1.66054;4.62029;0.00313189;-0.00242511;3.77718e-05;0.00313214;-0.00242537;1.00881;-0.00152538;-0.000115096;0.997021;0.023967;0.986394;1;3;1
54.5305;629.06;-1.58865;4.58432;0.000432456;-0.000267442;-0.00014451;0.00046112;-0.000296105;0.997297;-0.00158557;0.000749378;0.999836;0.0259598;0.98241;1;3;1
77.5306;629.06;-1.64066;4.61254;-0.00123326;-0.000567801;0.000332598;-0.000430073;-0.00137099;1.00397;0.00125012;-0.00731064;0.997243;0.021424;0.990942;1;3;1
100.531;629.06;-1.64542;4.60297;0.00167579;-0.00248919;-0.000601271;0.00176085;-0.00257426;0.995086;0.00293291;0.00359697;1.00167;0.0243877;0.981716;1;3;1
123.531;629.06;-1.56368;4.54665;0.00284873;-0.000199789;-0.00118149;0.00325302;-0.000604075;1.00878;0.00854438;0.00114334;1.00003;0.0240827;0.984263;1;3;1
146.531;629.06;-1.51457;4.59292;0.00137027;-0.00225002;0.000306453;0.00139603;-0.00227577;0.999125;-0.0064107;-0.00315231;0.997437;0.0203549;0.991755;1;3;1
169.531;629.06;-1.50069;4.55245;0.0013784;-0.000804461;0.000549353;0.00150886;-0.000934918;0.998683;-0.00766545;0.00633238;0.999992;0.020795;0.99283;1;3;1
192.531;629.06;-1.45132;4.48899;0.00137328;-0.00179876;-0.000450985;0.00143615;-0.00186163;1.00439;-0.00237181;-0.00185866;0.998893;0.0213444;0.990978;1;3;1
215.531;629.06;-1.43765;4.46473;0.00171735;-0.00190829;0.00127642;0.00212164;-0.00231258;1.00336;-0.00199409;-0.000308291;0.997928;0.0180349;0.993067;1;3;1
238.531;629.06;-1.37239;4.50488;0.000336601;-0.00195261;0.000329677;0.000383133;-0.00199914;0.997974;-0.00227363;0.00155474;1.0005;0.0219673;0.990567;1;2;1
261.531;629.06;-1.42217;4.44535;-0.000897193;-0.00127077;-0.000414635;-0.000629216;-0.00153875;1.00262;-0.000237373;2.8283e-06;0.996712;0.0202671;0.990796;1;3;1
284.531;629.06;-1.41378;4.40823;0.000939156;-0.00138211;-8.25342e-05;0.000942087;-0.00138504;0.997273;-0.00604631;0.00347635;0.999545;0.0195112;0.991529;1;4;1
307.531;629.06;-1.37906;4.36606;0.000779946;-0.0010492;1.03688e-06;0.000779947;-0.0010492;1.00297;-0.00365992;0.00178292;1.0005;0.0196091;0.992863;1;3;1
330.531;629.06;-1.37797;4.33952;0.00140455;-0.00105634;-1.3212e-05;0.00140463;-0.00105641;1.00236;-0.00373481;-0.0029246;0.998542;0.0175413;0.991017;1;3;1
353.531;629.06;-1.31454;4.30401;0.00188674;-0.00169192;0.00150316;0.00243433;-0.00223951;1.00257;-0.00105371;0.00487094;1.00038;0.0193269;0.992421;1;3;1
376.531;629.06;-1.29128;4.38189;0.000245881;-0.0014064;0.0019382;0.00152667;-0.00268719;0.99951;0.00193879;-0.00612294;0.996579;0.0183286;0.991474;1;3;1
399.531;629.06;-1.30326;4.35617;0.000140754;-0.000745178;0.00036905;0.000274344;-0.000878768;0.998436;0.000700992;0.00553749;0.999092;0.0170719;0.992225;1;3;1
422.531;629.06;-1.28488;4.3029;0.00116699;-0.00131232;-0.000254098;0.00119276;-0.00133809;1.0022;0.0012806;-0.000224273;0.997349;0.0165405;0.993488;1;2;1
445.531;629.06;-1.24973;4.25019;0.000969053;-0.00164934;-0.000342547;0.00101312;-0.00169341;1.00094;0.0029397;0.00645177;0.998424;0.0205005;0.988612;1;3;1
468.531;629.06;-1.24036;4.2401;0.000477102;-0.000389714;-0.00068142;0.000851268;-0.000763881;1.00011;0.000490501;-0.00204958;0.995894;0.0170145;0.992815;1;3;1
491.531;629.06;-1.22787;4.16329;0.000620787;-0.00119388;0.000286673;0.000664997;-0.00123809;1.00155;0.000123274;0.00336046;0.997429;0.0211624;0.988312;1;3;1
514.531;629.06;-1.21186;4.17783;0.000760384;-0.00097007;0.000658726;0.000982602;-0.00119229;0.998773;0.00223806;-0.000955313;0.998872;0.0173366;0.994063;1;2;1
537.531;629.06;-1.19291;4.1718;0.000123364;-0.00166515;0.00119392;0.000720798;-0.00226258;1.00645;0.00232754;0.00364144;0.997639;0.0186217;0.993091;1;3;1
560.531;629.06;-1.20619;4.15899;0.000125532;-0.000704114;0.00141151;0.00118191;-0.0017605;1.00187;-0.00663446;-0.00456259;1.00494;0.0228394;0.987507;1;3;1
583.531;629.06;-1.18713;4.16452;0.001018;-0.00107656;7.96198e-05;0.00102102;-0.00107958;0.999927;-0.00588144;0.0026399;0.997768;0.020518;0.987945;1;3;1
606.531;629.06;-1.15944;4.08993;0.0018322;-0.00296614;0.000331482;0.00185499;-0.00298893;0.996148;-0.00999545;-4.64807e-06;1.00082;0.0183954;0.993053;1;3;1
629.531;629.06;-1.10302;4.07342;0.000357319;-0.00120239;0.000528288;0.00051941;-0.00136448;1.0019;-0.00183849;0.00257346;0.997788;0.0215197;0.986713;1;4;1
652.531;629.06;-1.143;4.07931;-0.00168919;-0.00232414;0.000809522;-0.00113712;-0.00287621;0.998198;-0.00601837;-0.00748286;0.996578;0.0231692;0.98647;1;3;1
675.531;629.06;-1.18081;4.02341;-0.000192748;-0.0011195;-0.00017854;-0.000159542;-0.00115271;1.00222;0.00165195;0.00361762;0.998065;0.0208109;0.988461;1;4;1
698.531;629.06;-1.15197;3.98442;0.000706866;-0.000221207;0.00150541;0.00181813;-0.00133248;1.00243;-0.00133358;0.00189179;1.00066;0.0213821;0.987169;1;3;1
721.531;629.06;-1.14831;4.02723;4.39928e-05;-0.00108453;0.00265728;0.00219626;-0.0032368;0.999087;-0.00401516;-0.00300743;0.999075;0.0230405;0.981652;1;3;1
744.531;629.06;-1.15;4.05835;2.28677e-05;-0.00100786;0.000739217;0.000408637;-0.00139363;0.999689;-0.00146105;0.00177503;1.00216;0.0172654;0.990733;1;3;1
767.531;629.06;-1.14729;3.9756;-0.000439102;-0.000626635;0.000756983;0.000229899;-0.00129564;0.999288;-0.00979526;0.00344938;0.999762;0.0221072;0.986767;1;3;1
790.531;629.06;-1.17026;3.99093;0.000475613;-0.00141589;0.00117608;0.00103904;-0.00197932;1.00026;-0.00546648;0.00448923;0.997391;0.0238014;0.976606;1;3;1
813.531;629.06;-1.12549;3.89168;-0.000528378;-0.00200874;0.000298418;-0.000470485;-0.00206663;0.994559;0.00378653;-0.00252511;0.998766;0.0208745;0.988099;1;3;1
836.531;629.06;-1.19458;3.96173;-0.00303279;-0.000108078;0.00187925;0.000810759;-0.00395163;0.998244;-0.00461927;-0.00303095;1.00161;0.0198418;0.989124;1;4;1
859.531;629.06;-1.26524;3.94678;-4.97735e-05;-0.00157619;0.000871845;0.000345724;-0.00197169;0.999223;-0.00484462;0.00356824;1.00018;0.0209754;0.987614;1;3;1
882.531;629.06;-1.19697;3.86563;0.000657408;-0.00138621;-0.00104726;0.00109876;-0.00182757;1.00061;-0.00363468;0.00382435;1.00052;0.021042;0.989923;1;4;1
905.531;629.06;-1.23521;3.81321;0.000590933;-0.00151124;0.000532931;0.000718319;-0.00163862;1.00088;0.00389255;0.000441176;0.999829;0.0231551;0.98681;1;4;1
928.531;629.06;-1.16983;3.80504;0.0014342;-0.00165955;0.00125845;0.00188145;-0.00210679;1.00298;-0.00396869;-0.000522184;1.00156;0.0209127;0.987227;1;3;1
951.531;629.06;-1.1693;3.7717;0.00106079;-0.00281501;-0.000486187;0.00112085;-0.00287507;0.998541;-0.00281888;0.00273956;0.998165;0.0235614;0.984329;1;2;1
974.531;629.06;-1.12115;3.71414;-0.00109049;-0.00249306;-0.000355205;-0.00100567;-0.00257788;0.998102;0.00779274;0.000937018;1.00277;0.020196;0.988825;1;3;1
997.531;629.06;-1.2195;3.74291;-0.00238768;-0.000983018;-0.000162072;-0.00096456;-0.00240613;1.00129;0.00702674;0.00236911;1.00319;0.0236545;0.986825;1;3;1
1020.53;629.06;-1.23115;3.66061;-0.00224525;-0.00287469;0.00162865;-0.000901192;-0.00421875;1.00146;-0.00365743;-0.000422394;0.995782;0.0208525;0.987669;1;4;1
1043.53;629.06;-1.32291;3.70703;-0.00217462;-0.0020332;0.00120481;-0.000897031;-0.00331079;0.990617;-0.00131208;-0.00336759;0.996504;0.0202743;0.98661;1;3;1
1066.53;629.06;-1.33129;3.67365;0.000127727;-0.00137424;0.000994724;0.000623119;-0.00186963;1.00583;-0.00327347;0.00453533;1.00191;0.0245496;0.987697;1;3;1
1089.53;629.06;-1.31706;3.6639;0.00065408;-0.00215489;0.000998954;0.000973105;-0.00247392;0.99899;-0.00392326;0.00541376;0.99468;0.0232234;0.984088;1;3;1
1112.53;629.06;-1.30125;3.6203;-0.00116867;-0.00100092;-0.000355449;-0.000719583;-0.00145001;0.991422;0.00206226;-0.00703928;1.00189;0.026917;0.97752;1;3;1
1135.53;629.06;-1.37088;3.60703;-0.00143543;-0.000736182;-0.000328738;-0.000605905;-0.00156571;1.00579;-0.00329946;0.00570992;1.00182;0.0286379;0.978688;1;3;1
1158.53;629.06;-1.36752;3.48645;-0.00160917;-0.00159983;-0.0011659;-0.000438593;-0.00277041;0.997939;0.00588351;0.00366666;1.00029;0.0249141;0.981123;1;3;1
1181.53;629.06;-1.44506;3.51348;-0.00248913;-0.00175483;0.000926508;-0.00112538;-0.00311858;0.998931;0.000584013;-0.00486379;0.999575;0.025128;0.979049;1;3;1
1204.53;629.06;-1.4822;3.55024;-0.000636401;-0.00180189;-0.000445208;-0.000485796;-0.00195249;0.999166;0.00496697;0.00160574;1.00502;0.0223078;0.98837;1;3;1
1227.53;629.06;-1.47437;3.46;0.000134194;-0.00357422;-0.00151793;0.000676272;-0.0041163;0.997243;-0.00055637;0.000868451;0.994183;0.0236278;0.990193;1;3;1
1250.53;629.06;-1.47626;3.406;-0.00254289;-0.00404972;-0.000873705;-0.00214261;-0.00444999;1.00242;-0.00148671;0.00253421;0.99486;0.0228584;0.989636;1;3;1
1273.53;629.06;-1.59151;3.42594;-0.00499797;-0.00103552;0.00170916;-0.000400164;-0.00563332;0.98782;-0.00262181;-0.00388821;1.00214;0.0245659;0.985285;1;3;1
31.5305;606.06;-1.72176;4.71223;0.0032027;-0.00196656;-0.00149464;0.00360374;-0.0023676;1.00799;-0.00444927;0.00990786;1.0002;0.0240365;0.984841;1;4;1
54.5305;606.06;-1.64841;4.61543;0.00148857;-0.00270703;-0.000114568;0.00149169;-0.00271016;0.998328;0.000592757;-0.0020788;0.99908;0.0216597;0.991399;1;3;1
77.5306;606.06;-1.6534;4.63107;0.00126771;-0.0019714;0.000506017;0.00134492;-0.00204861;1.00344;-0.000579684;0.000309185;1.00313;0.018538;0.99137;1;3;1
100.531;606.06;-1.59019;4.68617;0.00457892;-0.00320971;-0.00116654;0.00474989;-0.00338067;1.00043;-0.00184071;-0.00180035;0.994238;0.0258595;0.98347;1;3;1
123.531;606.06;-1.44328;4.58237;0.00175457;-0.00243628;-0.000751718;0.00188533;-0.00256704;1.00526;-0.00451597;-0.00138208;0.997448;0.0272695;0.986255;1;3;1
146.531;606.06;-1.50959;4.62753;-0.00223628;-0.000494436;-0.000152039;-0.000481265;-0.00224945;0.994834;0.00413003;0.00176375;0.998699;0.0198174;0.994969;1;3;1
169.531;606.06;-1.54627;4.56398;0.000628475;-0.000374856;-0.000115991;0.000641709;-0.000388091;1.00234;0.00325701;0.000518667;0.996823;0.0209807;0.991212;1;3;1
192.531;606.06;-1.48079;4.53243;0.00089511;-0.00267467;0.000513756;0.000967577;-0.00274714;1.00155;0.0030244;0.0011699;0.995988;0.0210405;0.989735;1;3;1
215.531;606.06;-1.50513;4.5268;0.0013388;-0.00165274;0.00178473;0.00217167;-0.00248562;0.996952;-0.00134972;0.000195121;1.00004;0.021125;0.990758;1;3;1
238.531;606.06;-1.41924;4.54605;0.00100801;-0.000431375;0.00125243;0.0017328;-0.00115617;1.00344;-0.00272023;-0.00318772;0.998249;0.0244647;0.981207;1;3;1
261.531;606.06;-1.45879;4.50413;-0.000831802;-0.00132404;0.000763378;-0.00027585;-0.00188;0.997548;-0.00365096;0.00367674;1.0008;0.0169322;0.994405;1;3;1
284.531;606.06;-1.45758;4.47247;0.0011417;-0.00190554;1.50258e-05;0.00114177;-0.00190562;1.00262;0.00105517;-0.00394386;0.996401;0.0188498;0.991808;1;3;1
307.531;606.06;-1.40642;4.39831;0.00127481;-0.00207141;-0.000587198;0.00137486;-0.00217146;1.00084;-0.0028846;0.00949419;0.995767;0.0186629;0.987976;1;3;1
330.531;606.06;-1.39915;4.34765;0.000487716;-0.00137701;0.000886986;0.000842227;-0.00173152;1.00189;-0.00305208;-0.00109601;1.00157;0.0174856;0.992555;1;3;1
353.531;606.06;-1.38399;4.37679;0.000471709;-0.00196907;0.00165307;0.00130607;-0.00280343;1.00218;-0.00492935;-0.00152948;0.996705;0.0186552;0.990751;1;4;1
376.531;606.06;-1.37747;4.38322;0.0011604;0.000766749;0.000977224;0.00196042;-3.3276e-05;1.00521;-0.00272012;-0.00103211;1.00473;0.0162028;0.991923;1;3;1
399.531;606.06;-1.33066;4.33996;0.00150928;0.000706051;-8.96492e-05;0.00151916;0.000696166;1.00015;-0.00363448;0.00148033;1.00066;0.0204666;0.988137;1;3;1
422.531;606.06;-1.30815;4.3107;0.00102438;-0.00103096;0.00059532;0.00118436;-0.00119094;1.00028;-0.00203178;-9.2784e-05;1.00221;0.0167918;0.994578;1;3;1
445.531;606.06;-1.28359;4.29472;0.000947664;-0.0019215;0.000313785;0.00098158;-0.00195542;1.00228;-0.0031771;0.000735903;0.99671;0.0168145;0.993865;1;3;1
468.531;606.06;-1.2646;4.2699;-0.000359444;-0.000349289;0.000588362;0.000234018;-0.000942751;0.998107;-0.00170381;-0.00158284;0.999932;0.019421;0.992845;1;3;1
491.531;606.06;-1.30014;4.25722;0.00064351;-0.00320233;0.000243657;0.000658886;-0.00321771;1.00197;-0.000147606;0.00422444;0.998787;0.0167798;0.995126;1;3;1
514.531;606.06;-1.23503;4.21964;0.00106419;-0.00158855;0.000358838;0.00111187;-0.00163623;1.0007;-0.00125842;-0.000460972;0.999519;0.017283;0.990516;1;2;1
537.531;606.06;-1.25122;4.23142;-0.000605949;-0.00212811;0.000766144;-0.000287113;-0.00244695;0.999046;-0.00168007;0.00133859;0.992854;0.0173071;0.992178;1;3;1
560.531;606.06;-1.26293;4.17738;0.00091384;-0.00127581;0.000710497;0.00112418;-0.00148615;1.00063;-0.00174177;0.000235702;0.997497;0.0191776;0.99017;1;3;1
583.531;606.06;-1.20924;4.17311;7.28133e-05;-0.000291016;0.00139799;0.00130068;-0.00151888;1.0004;0.00472539;0.00299785;0.99941;0.0221812;0.984107;1;3;1
606.531;606.06;-1.25958;4.183;0.000137557;-0.00312532;-0.000123568;0.00014223;-0.00312999;1.00535;-0.00121355;-0.00284324;0.993975;0.0211375;0.985112;1;3;1
629.531;606.06;-1.20299;4.08911;0.000702347;-0.00150808;0.00101793;0.00109969;-0.00190542;0.995044;-0.00229699;0.00597299;1.00093;0.0181665;0.991903;1;3;1
652.531;606.06;-1.22732;4.12634;-3.6925e-05;-0.000853372;0.00125972;0.000879063;-0.00176936;1.0009;0.00211019;-0.00489419;1.00105;0.018815;0.990622;1;3;1
675.531;606.06;-1.20469;4.10508;-0.000536119;-0.002151;-0.00020927;-0.00050944;-0.00217767;1.0019;-0.00394704;0.0051253;0.995306;0.021639;0.98789;1;3;1
698.531;606.06;-1.25205;4.05047;-0.0010651;-0.0033671;0.000323456;-0.00102052;-0.00341168;1.0003;-0.00285949;-0.00435114;1.00042;0.0230274;0.985569;1;3;1
721.531;606.06;-1.25375;4.04232;0.00104165;-0.00124502;0.00163299;0.00189177;-0.00209514;1.00111;0.00111714;0.0052785;1.00033;0.0209209;0.987138;1;3;1
744.531;606.06;-1.20416;4.06291;0.00196142;0.000413388;0.000827264;0.0023203;5.45018e-05;1.00193;-0.00267227;-0.00243302;0.994731;0.0193255;0.989376;1;3;1
767.531;606.06;-1.16364;3.99218;7.77182e-05;-0.000781546;0.000131446;9.73764e-05;-0.000801205;1.00295;0.000743663;-0.000977092;1.00094;0.0211072;0.988074;1;3;1
790.531;606.06;-1.20068;3.97267;-0.000659713;-0.000799218;0.000583321;-0.000141988;-0.00131694;0.998821;-0.00270606;0.00524477;1.00132;0.0205779;0.988993;1;3;1
813.531;606.06;-1.19402;3.95597;-0.000834991;-0.00213407;0.000983346;-0.000306027;-0.00266303;0.996588;-0.0034991;0.0024748;0.998589;0.0225589;0.988079;1;3;1
836.531;606.06;-1.23915;3.90561;-0.00232373;-0.000494658;0.000555049;-0.000339401;-0.00247898;0.99551;0.000652999;-0.00309596;0.998515;0.0192302;0.989497;1;3;1
859.531;606.06;-1.30103;3.93916;0.000512589;-0.000574112;-0.000623178;0.000796028;-0.000857551;0.999497;0.00119629;-0.00148695;1.0002;0.0215945;0.988927;1;2;1
882.531;606.06;-1.2156;3.85982;0.00131487;4.70078e-05;-0.00015829;0.00133434;2.75446e-05;1.00509;-0.00222316;0.00333003;1.00201;0.0267178;0.978068;1;4;1
905.531;606.06;-1.24067;3.8553;-0.00131794;-0.0021278;0.000280364;-0.00123035;-0.00221538;0.99997;-0.00659515;-0.000395889;0.996482;0.0194215;0.992667;1;3;1
928.531;606.06;-1.27627;3.84148;0.000339623;-0.00217815;0.00190416;0.00136341;-0.00320194;0.996891;-0.00690455;0.00431894;0.993896;0.0220868;0.985915;1;3;1
951.531;606.06;-1.22507;3.9052;0.00178006;-0.00264479;0.00120979;0.00208923;-0.00295396;1.00102;-0.00326122;-0.000132246;0.999936;0.0212359;0.985843;1;3;1
974.531;606.06;-1.19447;3.81769;-0.00114905;-0.00265945;0.000444538;-0.00102793;-0.00278058;1.00178;-0.00796697;0.00499758;0.992711;0.023312;0.987554;1;3;1
997.531;606.06;-1.27822;3.75007;-0.00380003;-0.000993422;0.000419563;-0.000932043;-0.0038614;0.994586;-0.000953573;-0.000170542;0.993139;0.0220941;0.989086;1;4;1
1020.53;606.06;-1.36962;3.77741;-0.0010723;-0.00337804;0.000802376;-0.000820567;-0.00362978;1.00122;0.00730463;0.00127125;0.997836;0.0226607;0.986608;1;3;1
1043.53;606.06;-1.32757;3.74947;-0.000988894;-0.00160398;-0.000320335;-0.000852369;-0.00174051;0.999368;0.00116097;0.00485924;0.997547;0.0235007;0.985426;1;3;1
1066.53;606.06;-1.41516;3.72511;-0.0019124;-0.00175277;0.000326085;-0.00149687;-0.00216829;0.994023;0.000754618;-0.00195641;0.998345;0.0224519;0.986131;1;4;1
1089.53;606.06;-1.41565;3.70299;0.00111008;-0.00247048;0.00055204;0.00119326;-0.00255366;1.00677;0.00235134;0.00130011;1.00509;0.0200378;0.991021;1;3;1
1112.53;606.06;-1.36417;3.66388;-0.000220201;-0.00340631;0.00184119;0.000621449;-0.00424796;0.995706;-0.000353948;0.00264871;0.995266;0.0226425;0.988026;1;3;1
1135.53;606.06;-1.4258;3.66666;-0.000893297;-0.00220406;0.000633059;-0.000637477;-0.00245988;1.00306;0.00291605;0.000107851;0.997916;0.0223143;0.98547;1;3;1
1158.53;606.06;-1.40532;3.60283;-0.000833305;-0.00307979;0.000271776;-0.000800894;-0.0031122;0.999356;-0.00444472;0.00143059;1.00016;0.0227636;0.988063;1;3;1
1181.53;606.06;-1.46422;3.58133;-0.00191518;-0.00245387;0.000415927;-0.001689;-0.00268004;1.00069;-0.00436106;0.00223481;0.998535;0.0230926;0.992005;1;3;1
1204.53;606.06;-1.49354;3.54163;-0.00027621;1.23947e-05;0.000106085;4.71934e-05;-0.000311009;0.994695;-0.00743538;-0.000652154;0.995279;0.0217488;0.985617;1;3;1
1227.53;606.06;-1.47694;3.55237;-0.00245558;-0.00258744;0.00164619;-0.000873995;-0.00416902;0.999699;-0.0080392;0.00174666;0.998429;0.0201909;0.986678;1;3;1
1250.53;606.06;-1.60664;3.53496;-0.00546246;-0.00157212;0.00052171;-0.00150338;-0.00553121;0.991227;-0.00808634;-0.00277231;0.999126;0.0303834;0.975811;1;3;1
1273.53;606.06;-1.72903;3.44678;-0.0052998;-0.00056125;0.000186736;-0.000553903;-0.00530715;0.99316;-0.00652113;0.00106571;0.999714;0.028356;0.988379;1;3;1
31.5305;583.06;-1.71609;4.71088;0.00248741;-0.00100728;0.000351802;0.00252247;-0.00104235;1.0073;0.00172329;-0.00103084;0.997136;0.0248427;0.985394;1;3;1
54.5305;583.06;-1.65895;4.70906;0.00216442;-0.00288732;0.000272511;0.00217907;-0.00290197;0.997096;0.000406101;-0.000635488;0.993946;0.0199263;0.994187;1;2;1
77.5306;583.06;-1.61664;4.70332;0.00156786;-0.0022326;0.0009557;0.00179466;-0.00245939;1.00876;0.00298034;-0.0012852;0.99075;0.0236599;0.98672;1;3;1
100.531;583.06;-1.58691;4.75089;0.00138405;-1.97836e-06;0.000462659;0.0015243;-0.000142224;1.00274;-0.00233252;0.000237402;0.996834;0.0253467;0.990531;1;2;1
123.531;583.06;-1.55304;4.65886;0.0014823;-0.00309604;0.000478994;0.00153188;-0.00314562;0.997005;-0.00805427;0.0110798;0.995771;0.0231108;0.990604;1;3;1
146.531;583.06;-1.51897;4.61567;-0.000693363;-0.00113304;0.000323252;-0.000522277;-0.00130412;0.999871;-0.00655374;0.00197982;1.00055;0.0203019;0.990775;1;3;1
169.531;583.06;-1.58503;4.56978;-0.000361082;-0.00113067;0.000693146;4.69162e-05;-0.00153866;1.00481;-0.0022704;-0.00555384;1.00119;0.0203249;0.99168;1;3;1
192.531;583.06;-1.53558;4.61227;-6.55133e-05;-0.000867891;0.00138499;0.00097522;-0.00190862;1.00038;-0.00782749;0.00611681;0.999139;0.0231584;0.986477;1;3;1
215.531;583.06;-1.58805;4.54106;0.000554967;-0.000602525;4.24357e-05;0.000556521;-0.000604079;0.998765;-0.00240444;0.00125937;0.997311;0.0220356;0.988239;1;3;1
238.531;583.06;-1.51015;4.52493;0.000479685;-0.000159562;0.00118595;0.00138833;-0.0010682;1.00359;-0.00092504;-0.000249671;0.99807;0.0188738;0.992201;1;3;1
261.531;583.06;-1.56601;4.50652;-0.000228416;-0.00219489;0.000268588;-0.000192391;-0.00223091;0.998292;-0.000384953;-0.0011714;0.998564;0.0199596;0.98933;1;3;1
284.531;583.06;-1.52066;4.49609;0.00253626;-0.000376484;0.00023276;0.00255474;-0.000394967;1.00154;-0.00411345;0.00176674;0.998757;0.0199518;0.990969;1;3;1
307.531;583.06;-1.44951;4.4615;0.000864415;-0.000850109;-0.000323956;0.000923584;-0.000909278;0.996772;0.00354023;0.00391225;0.996545;0.0175633;0.993051;1;3;1
330.531;583.06;-1.48101;4.40302;0.000402008;-0.00244739;0.000228387;0.000420198;-0.00246558;1.00448;-0.00100648;-0.000271791;0.996442;0.0181679;0.992895;1;3;1
353.531;583.06;-1.43107;4.39482;0.00137369;-0.00188537;0.000444043;0.00143311;-0.00194479;1.00213;-0.00524209;0.00437051;0.996775;0.0178611;0.991831;1;3;1
376.531;583.06;-1.4179;4.34681;0.00138443;-0.00152964;-0.000196027;0.00139755;-0.00154277;0.99941;-0.00341859;0.000464399;0.995193;0.019141;0.987884;1;3;1
399.531;583.06;-1.36748;4.32375;0.000721132;-9.90024e-05;0.000956181;0.00135147;-0.000729338;0.996938;0.00200699;-0.00344687;1.00312;0.0189866;0.989559;1;3;1
422.531;583.06;-1.38474;4.35045;0.00104905;-0.000178838;0.0014398;0.00200034;-0.00113012;1.00322;-0.00589883;0.000499754;0.995896;0.0194332;0.986964;1;3;1
445.531;583.06;-1.31925;4.33871;0.00114907;-0.000983287;6.1576e-05;0.00115085;-0.000985064;1.00364;-0.00232657;0.00197502;0.998332;0.0185047;0.9911;1;3;1
468.531;583.06;-1.33201;4.25627;0.000411446;-0.000804294;0.00111117;0.00107015;-0.00146299;1.00469;-0.00578306;0.00184874;0.996496;0.0213198;0.990498;1;3;1
491.531;583.06;-1.30034;4.3109;0.00133649;-0.000951353;0.00160512;0.0021636;-0.00177846;0.997499;-0.00459207;0.000137112;0.993849;0.0183253;0.992557;1;3;1
514.531;583.06;-1.27057;4.251;-0.000114699;-0.00148668;0.00130456;0.000673233;-0.00227462;1.00104;-0.00306268;0.000850201;0.997236;0.0196961;0.989792;1;3;1
537.531;583.06;-1.30563;4.26993;-0.00128384;-0.00156706;0.000937431;-0.000477383;-0.00237352;0.998994;-0.00196481;2.5531e-05;1.00243;0.0197804;0.988877;1;3;1
560.531;583.06;-1.32968;4.21788;-9.54962e-05;-0.00152448;-8.23868e-06;-9.54487e-05;-0.00152452;1.00001;-0.00073679;0.000164226;0.99876;0.0187108;0.990934;1;3;1
583.531;583.06;-1.31012;4.17807;0.00213023;-0.00159876;0.00128469;0.00252998;-0.0019985;0.997983;-0.00387648;0.00212545;0.999237;0.0196943;0.988646;1;3;1
606.531;583.06;-1.23179;4.23397;0.00123972;-0.000381816;-1.40764e-06;0.00123972;-0.000381817;1.00358;-0.00112672;0.000358671;0.999722;0.0255788;0.979244;1;3;1
629.531;583.06;-1.25314;4.14309;-0.000239289;-0.00288054;-0.000118129;-0.000234016;-0.00288581;0.999141;-0.00611741;0.00318029;0.991551;0.0185256;0.990663;1;3;1
652.531;583.06;-1.24295;4.11869;0.000344524;-0.000970143;0.00135815;0.00119605;-0.00182167;1.0023;-0.0070983;0.00223648;0.995387;0.0191169;0.992175;1;3;1
675.531;583.06;-1.2373;4.12249;-3.09704e-05;-0.00136282;0.0012851;0.000750497;-0.00214429;0.999052;0.000675066;0.000367581;0.993233;0.0191818;0.991964;1;3;1
698.531;583.06;-1.24438;4.13966;-0.00105737;-0.00105672;2.8792e-05;-0.00102825;-0.00108584;0.997895;-0.00140552;0.00236215;0.9972;0.019583;0.992456;1;3;1
721.531;583.06;-1.28598;4.08474;-0.000685358;-0.00158343;-0.000920163;-0.000110512;-0.00215827;1.00163;-0.00267491;0.000123745;0.996228;0.019287;0.990128;1;3;1
744.531;583.06;-1.27602;4.03951;0.000793721;-1.38249e-05;-0.000253395;0.000866646;-8.67505e-05;0.999352;-0.00154336;0.000921419;1.00019;0.0205203;0.986034;1;3;1
767.531;583.06;-1.24954;4.01168;0.000344791;-0.00212053;0.00184428;0.00133042;-0.00310616;1.00079;-0.000972305;0.000234943;0.997616;0.0196063;0.988805;1;3;1
790.531;583.06;-1.26017;4.02779;-0.000727202;-0.00301091;0.000616457;-0.000571424;-0.00316669;1.00106;-0.00119407;-0.00206437;0.995858;0.0209157;0.98148;1;3;1
813.531;583.06;-1.28301;3.99023;-5.23869e-05;-0.00145682;0.000650011;0.000202278;-0.00171149;0.996439;-0.0011072;0.00385493;0.997836;0.0198267;0.98877;1;3;1
836.531;583.06;-1.2626;3.98454;0.000637951;-0.00259541;0.00106382;0.000956567;-0.00291403;1.00209;-0.00201941;0.000674823;0.994489;0.0201465;0.99024;1;3;1
859.531;583.06;-1.25368;3.9732;-7.4455e-05;-0.00066642;-0.00084137;0.000521476;-0.00126235;1.00191;-0.00165434;0.00309046;0.997805;0.023828;0.980805;1;3;1
882.531;583.06;-1.26618;3.86352;-0.000557429;-0.00140253;0.000544352;-0.000290874;-0.00166909;0.999721;0.00259269;-0.00172245;1.00033;0.0221864;0.985774;1;3;1
905.531;583.06;-1.27937;3.91121;-0.000629836;-0.00103904;0.00114542;0.000329108;-0.00199799;0.998541;0.00614715;0.000497947;0.998262;0.0207904;0.983756;1;3;1
928.531;583.06;-1.29518;3.90552;-0.000537119;-0.00328209;0.000801614;-0.00032017;-0.00349904;0.999903;-0.000269664;0.00129547;1.00045;0.025454;0.984711;1;3;1
951.531;583.06;-1.30408;3.89372;-0.000473034;0.000468145;0.000812503;0.0009365;-0.000941388;0.996495;-0.00798756;-0.000723618;0.999294;0.0194114;0.988721;1;3;1
974.531;583.06;-1.317;3.83706;0.00012091;-0.00133515;0.000940609;0.000582323;-0.00179656;1.00534;-0.00604949;0.00415059;1.00262;0.0207032;0.988685;1;3;1
997.531;583.06;-1.29864;3.7887;0.000247108;-0.00246963;0.000343548;0.000289878;-0.0025124;0.99637;0.000962011;-0.00189754;1.00149;0.0236852;0.983299;1;4;1
1020.53;583.06;-1.30564;3.81632;-0.00102197;-0.00226261;-0.000179213;-0.000996599;-0.00228797;0.997789;-0.00275956;0.00194122;0.99616;0.0222923;0.985206;1;3;1
1043.53;583.06;-1.34568;3.78088;-0.00221854;-0.00122294;0.00110793;-0.000506115;-0.00293537;1.0003;-0.00305887;0.0035818;0.99884;0.021545;0.98681;1;2;1
1066.53;583.06;-1.40784;3.75441;-0.00180545;-0.000966755;0.000456572;-0.000766174;-0.00200603;0.996534;-0.000528833;-0.00152249;0.997684;0.0225183;0.98373;1;3;1
1089.53;583.06;-1.4288;3.77782;-0.0021506;-0.00194034;0.000983694;-0.00105617;-0.00303477;1.0001;-0.00243301;0.00231554;0.991596;0.0221145;0.990241;1;3;1
1112.53;583.06;-1.50688;3.77772;-0.00133151;-0.00067806;0.000475205;-0.000428096;-0.00158147;1.00118;0.000448312;0.000932171;0.999585;0.0240264;0.988341;1;3;1
1135.53;583.06;-1.49015;3.70868;0.000640428;-0.000229401;-0.0013302;0.00160501;-0.00119398;1.00107;0.000906188;0.00417092;0.999009;0.0243853;0.98702;1;3;1
1158.53;583.06;-1.47768;3.62848;-0.00118068;-0.00112142;0.000174781;-0.000973774;-0.00132832;0.998791;0.00294534;-0.0014061;0.998962;0.0236199;0.986565;1;3;1
1181.53;583.06;-1.54456;3.6266;-0.000938523;-0.000806641;0.000134637;-0.000722664;-0.0010225;0.998932;-0.00257424;0.00379163;0.997953;0.0221378;0.986826;1;3;1
1204.53;583.06;-1.52094;3.54969;-0.00191738;-0.00184613;0.000520434;-0.0013601;-0.00240341;0.996054;0.00453192;0.000966939;0.99923;0.0220085;0.981146;1;3;1
1227.53;583.06;-1.63287;3.57945;-0.00237827;-0.00127812;0.000559669;-0.00104346;-0.00261293;0.994034;0.000826303;-0.000326494;0.99702;0.0189729;0.989895;1;3;1
1250.53;583.06;-1.63052;3.47863;-0.00331905;-0.000125664;-0.00143683;0.000425643;-0.00387035;0.999918;-0.00140965;-0.00370403;0.995141;0.0219215;0.987599;1;3;1
1273.53;583.06;-1.78598;3.45218;-0.0067354;0.000107073;-0.000541749;0.0001497;-0.00677803;0.991649;-0.00626066;0.00303209;0.999653;0.0370129;0.974865;1;3;1
31.5305;560.06;-1.75766;4.75861;0.00334068;-0.00192692;0.000664816;0.00342329;-0.00200953;1.00398;-0.00286313;-0.00514348;0.998235;0.0230144;0.990238;1;3;1
54.5305;560.06;-1.68095;4.74845;0.00126483;-0.00162853;0.00103934;0.00159947;-0.00196317;1.00403;-0.00598341;0.000263312;1.00023;0.0191834;0.994579;1;3;1
77.5306;560.06;-1.69952;4.7339;8.48409e-05;-0.000566322;0.00118978;0.000992786;-0.00147427;0.997864;0.000347037;0.00364974;1.00023;0.0231287;0.991892;1;3;1
100.531;560.06;-1.67709;4.68634;0.00168908;0.000755363;0.00151309;0.0028057;-0.000361259;0.999233;-0.00450304;-0.0033581;1.0004;0.0216168;0.991928;1;3;1
123.531;560.06;-1.62189;4.72535;0.00105929;-0.000822038;0.00157391;0.00195221;-0.00171496;1.00117;-0.00423593;0.00610305;1.00769;0.0211352;0.987821;1;4;1
146.531;560.06;-1.62839;4.67983;0.000186204;-0.000881891;0.000740866;0.000565441;-0.00126113;0.997289;0.000316202;0.00302543;1.00248;0.0197546;0.991664;1;3;1
169.531;560.06;-1.61345;4.61607;-0.000182275;-0.000692444;-0.000407994;4.38129e-05;-0.000918532;1.00307;-0.0049604;-0.00120981;1.0007;0.0205752;0.99108;1;3;1
192.531;560.06;-1.6369;4.57264;0.000374639;-0.000951102;0.000594959;0.000602484;-0.00117895;0.99483;-0.0048153;0.00331341;1.00386;0.0252591;0.986846;1;3;1
215.531;560.06;-1.59626;4.55462;0.0016119;-0.00110885;0.000183666;0.00162424;-0.00112119;0.998867;0.00140181;0.000668017;0.999841;0.0190842;0.993538;1;2;1
238.531;560.06;-1.56282;4.55361;0.00182794;-0.00130444;0.00119416;0.00223126;-0.00170776;1.00123;0.00140991;0.00153559;0.998927;0.0184462;0.994983;1;2;1
261.531;560.06;-1.51228;4.60523;0.000848722;-0.00102874;-0.000623512;0.00103693;-0.00121695;1.00231;0.000828063;-0.00320873;0.996053;0.0213343;0.988801;1;3;1
284.531;560.06;-1.52384;4.48984;0.000936051;1.94773e-06;-0.00142951;0.00197287;-0.00103487;1.00077;-0.000856902;0.00588299;0.998681;0.0186254;0.992963;1;3;1
307.531;560.06;-1.46955;4.43747;0.000809304;-0.000652756;0.000839389;0.00119137;-0.00103482;0.999538;-0.00762109;-0.000463015;1.00311;0.0180918;0.993749;1;3;1
330.531;560.06;-1.48663;4.46045;-0.000244733;-0.00193067;0.000509279;-0.000102836;-0.00207257;1.0012;0.000307583;0.00141702;0.995955;0.0198257;0.990949;1;3;1
353.531;560.06;-1.48082;4.4637;0.00122493;-0.0011498;0.00096943;0.00157041;-0.00149529;1.00082;0.000966847;0.00487011;0.999082;0.0175128;0.993519;1;3;1
376.531;560.06;-1.43032;4.45366;0.00143684;-0.00241801;-0.000738745;0.00157356;-0.00255474;1.0025;-0.000664711;-0.00337575;0.999935;0.0186698;0.993311;1;3;1
399.531;560.06;-1.41492;4.34459;0.000108508;-0.00264049;-0.000442157;0.000177876;-0.00270986;0.996151;-0.00703574;0.00697704;0.996952;0.0191783;0.991538;1;3;1
422.531;560.06;-1.42553;4.31908;0.000689166;-0.000954311;0.000687339;0.00093873;-0.00120388;1.00259;-0.0023158;-0.00140114;1.00394;0.0173361;0.992735;1;3;1
445.531;560.06;-1.38323;4.34008;0.000673373;-0.00105693;0.000962564;0.00110245;-0.001486;1.00117;-0.00173781;0.00048642;1.0034;0.0189543;0.989926;1;3;1
468.531;560.06;-1.39456;4.3071;-0.00151219;-0.00197706;0.000552835;-0.00114492;-0.00234434;0.999694;-0.00105415;-0.00385521;0.998933;0.0178585;0.991554;1;3;1
491.531;560.06;-1.45286;4.30126;-3.04627e-05;-4.75676e-05;0.00115291;0.00111393;-0.00119196;1.00071;-0.00302527;0.00599115;1.00327;0.0196756;0.989105;1;3;1
514.531;560.06;-1.39597;4.28836;0.00178798;-0.00196292;0.00177615;0.00249556;-0.0026705;1.00204;-0.00417573;-0.00155964;1.00006;0.0173633;0.992003;1;3;1
537.531;560.06;-1.37069;4.30372;0.000915212;-0.00101652;0.00145217;0.00169339;-0.0017947;0.999144;-0.00389096;0.000841499;0.999463;0.0183912;0.991104;1;2;1
560.531;560.06;-1.35391;4.24765;0.00129609;-0.00147013;0.00104868;0.0016487;-0.00182274;1.00358;-0.00842652;0.00176931;0.998748;0.0186923;0.989174;1;3;1
583.531;560.06;-1.31114;4.24683;0.00129552;-0.00109099;0.000766553;0.00152052;-0.001316;0.997847;-0.000623372;-0.00105577;0.995012;0.0171137;0.992054;1;3;1
606.531;560.06;-1.29438;4.20058;8.81527e-05;0.000624564;0.00154442;0.00192389;-0.00121118;1.00407;-0.00262623;-0.00211713;1.00067;0.0207852;0.98793;1;3;1
629.531;560.06;-1.3071;4.22193;-0.00170315;-0.00118279;0.00119565;-0.000219342;-0.0026666;0.996157;-0.00372215;-0.00122364;1.00276;0.0201257;0.987187;1;3;1
652.531;560.06;-1.3728;4.17122;0.000111887;-0.00230292;0.000574965;0.000241797;-0.00243283;1.0002;-0.00514201;0.00379286;1.00084;0.017995;0.992179;1;3;1
675.531;560.06;-1.30198;4.16792;0.00174921;-0.00396883;0.000507002;0.00179382;-0.00401344;1.00097;-0.00641845;0.00103331;1.00387;0.0193613;0.98916;1;3;1
698.531;560.06;-1.29246;4.09912;0.000715781;0.000285333;0.000317906;0.000884466;0.000116649;1.00271;-0.00205798;0.00134697;1.00515;0.019732;0.986516;1;3;1
721.531;560.06;-1.2691;4.11522;0.000839635;-0.000368144;-0.000107128;0.000849064;-0.000377572;0.999325;0.00328826;0.00126188;1.00333;0.0198697;0.986432;1;3;1
744.531;560.06;-1.25387;4.06357;-0.00164751;-0.00131675;0.000591841;-0.00086762;-0.00209665;1.00093;-0.000932244;-0.00166766;0.998201;0.0201696;0.985444;1;3;1
767.531;560.06;-1.34495;4.09019;-0.000542219;-0.00242356;0.00212163;0.000837926;-0.00380371;0.998529;-0.00783069;0.00126388;0.995941;0.0187263;0.989924;1;3;1
790.531;560.06;-1.27884;4.11144;0.00104369;-0.00123673;0.000679704;0.00123092;-0.00142395;1.00299;0.000345455;0.00141611;0.99429;0.0260426;0.980401;1;4;1
813.531;560.06;-1.29702;4.02315;-0.00162933;-0.00208937;-0.000341208;-0.00144785;-0.00227085;0.995922;-0.00456374;-0.000260364;0.998508;0.0199218;0.9885;1;3;1
836.531;560.06;-1.35393;4.02529;-0.0010326;-0.00185323;0.000957013;-0.000401647;-0.00248418;0.998869;-0.00409695;0.00236956;1.00168;0.0187273;0.989654;1;3;1
859.531;560.06;-1.34457;3.96985;0.000574102;-0.00109718;0.000544985;0.00073611;-0.00125919;0.999982;-0.00182426;0.00245717;1.0006;0.0227756;0.985228;1;3;1
882.531;560.06;-1.32764;3.92452;0.000880637;-0.00375897;0.000241683;0.000893192;-0.00377153;1.00961;-0.00491814;0.00177625;0.990448;0.0195701;0.987926;1;3;1
905.531;560.06;-1.30413;3.90317;-0.000865032;-0.00148552;0.00186716;0.00071748;-0.00306803;0.991655;-0.0064984;0.00224469;0.998225;0.0200175;0.988917;1;4;1
928.531;560.06;-1.3675;3.99279;-0.0013957;-0.00158866;0.00100235;-0.00048519;-0.00249916;1.00335;5.21914e-05;-0.00891572;0.99856;0.0280708;0.978309;1;3;1
951.531;560.06;-1.36838;3.8839;-0.000396021;-4.94471e-05;-0.0010302;0.00082194;-0.00126741;0.995106;0.00491021;0.00936445;1.00182;0.0230258;0.991902;1;3;1
974.531;560.06;-1.38586;3.87955;0.00082381;-0.00187121;0.000982293;0.00114384;-0.00219124;1.00509;0.0015526;-0.000175164;0.995791;0.0223143;0.985308;1;3;1
997.531;560.06;-1.3305;3.86384;0.00054219;-0.00169609;0.000865085;0.000837562;-0.00199147;1.00049;0.000564421;-0.0032239;0.997916;0.0232243;0.986273;1;3;1
1020.53;560.06;-1.36093;3.88161;-0.00349741;-0.000639866;0.00105196;-0.000294377;-0.0038429;0.992173;-0.0041026;0.00212384;1.00303;0.01732;0.990245;1;3;1
1043.53;560.06;-1.4917;3.80606;-0.00215511;-0.00170553;0.000171116;-0.00164781;-0.00221283;0.999565;-0.00312879;0.0082506;1.00149;0.0208467;0.991206;1;3;1
1066.53;560.06;-1.46031;3.76963;0.000188524;-0.00185303;0.00065566;0.000380956;-0.00204546;1.00252;-0.00440167;0.000782729;0.999116;0.0199156;0.989376;1;3;1
1089.53;560.06;-1.48303;3.79238;-0.000364266;-0.00163807;-0.000297887;-0.000298045;-0.00170429;1.00071;-0.00517187;0.000500922;1.0009;0.0227921;0.984537;1;3;1
1112.53;560.06;-1.47713;3.69522;0.000664718;-0.000319803;-0.000804181;0.00111534;-0.000770425;1.00125;-0.00148686;0.00587535;1.00337;0.0209792;0.98652;1;3;1
1135.53;560.06;-1.45261;3.67722;-0.000572829;-0.00128682;0.000421364;-0.000377561;-0.00148209;0.996359;-0.00128951;-0.00637097;1.0052;0.0166781;0.993015;1;3;1
1158.53;560.06;-1.5035;3.65455;-0.00223175;-0.00150169;0.00110863;-0.000699543;-0.0030339;1.00059;-0.00295996;0.00531686;1.00146;0.0202524;0.988296;1;3;1
1181.53;560.06;-1.55542;3.61854;-0.00184953;-0.00135309;0.00023618;-0.00125868;-0.00194394;0.99714;-0.0010323;-0.000514546;0.996513;0.0228934;0.984807;1;3;1
1204.53;560.06;-1.58867;3.62673;-0.000961749;-0.00155534;0.00107513;-0.000143204;-0.00237388;0.998293;-0.004678;-0.000834929;0.996964;0.0199149;0.988181;1;3;1
1227.53;560.06;-1.59969;3.61136;-0.000281192;0.000574674;-0.00061892;0.000899196;-0.000605714;1.00107;-0.00192213;0.00251798;1.003;0.0208111;0.989562;1;3;1
1250.53;560.06;-1.60168;3.54074;-0.00286792;-0.00202376;-0.0014828;-0.00090414;-0.00398755;0.999304;-0.000934515;0.00128489;1.00248;0.0204945;0.989295;1;2;1
1273.53;560.06;-1.73211;3.44186;-0.00564554;0.00216843;-0.00379358;0.00370716;-0.00718427;0.990269;0.0118719;0.00704434;0.999044;0.0350076;0.970553;1;3;1
31.5305;537.06;-1.79726;4.79967;0.000791016;-0.00228339;0.00021721;0.000806286;-0.00229866;1.0027;0.00283938;0.00287453;0.991146;0.0204605;0.988936;1;3;1
54.5305;537.06;-1.77908;4.78419;0.00019923;-0.00106474;0.000199201;0.000229881;-0.00109539;0.994082;0.000351471;0.00326561;0.995894;0.0185021;0.99449;1;3;1
77.5306;537.06;-1.78815;4.7297;0.000972538;-0.000239857;0.00058682;0.00121004;-0.000477362;1.00656;-0.00443394;0.00124051;0.997395;0.0230931;0.986208;1;3;1
100.531;537.06;-1.73442;4.7164;0.00182744;-0.000616115;-7.95697e-05;0.00183003;-0.000618703;1.00077;-0.000238528;-0.00214427;0.995938;0.0183544;0.993039;1;2;1
123.531;537.06;-1.70418;4.69694;0.000830072;-0.000687064;-0.000297894;0.000886468;-0.00074346;1.00459;-0.00200971;0.00288747;0.996636;0.0223064;0.987811;1;3;1
146.531;537.06;-1.69629;4.65659;0.00107997;-0.000932219;0.000364153;0.00114385;-0.000996093;0.998399;-0.00690654;0.0015348;0.996009;0.0220193;0.990012;1;3;1
169.531;537.06;-1.65463;4.60169;0.000970575;-0.000455379;0.00153246;0.0019478;-0.0014326;1.00064;0.00350217;0.00102019;0.998401;0.0226216;0.986511;1;3;1
192.531;537.06;-1.65167;4.65619;0.00066825;-0.00212898;0.000584383;0.000785427;-0.00224616;1.00329;0.00470589;-0.00351443;0.994668;0.0208091;0.989317;1;3;1
215.531;537.06;-1.6239;4.59211;0.00179223;-0.00105627;0.000439758;0.00185858;-0.00112261;0.996511;-0.00259895;0.00295052;0.997828;0.0199448;0.990478;1;3;1
238.531;537.06;-1.56935;4.58501;0.00112167;-0.00117799;0.000232874;0.00114501;-0.00120133;0.999541;-0.00327242;0.00085757;0.995879;0.0194097;0.990754;1;2;1
261.531;537.06;-1.57235;4.55387;0.000273086;-9.3415e-05;0.000842923;0.000952448;-0.000772777;1.00207;-0.00584746;0.00199815;0.997181;0.0171756;0.994458;1;3;1
284.531;537.06;-1.55688;4.49601;0.000356107;-0.00157175;0.00021277;0.000379311;-0.00159496;1.00009;0.0012361;0.000518577;0.99724;0.0181367;0.991638;1;3;1
307.531;537.06;-1.55601;4.49166;0.00120043;-0.00203622;0.00119107;0.00159149;-0.00242728;0.997729;0.000910368;-0.000499959;0.996336;0.0191108;0.992143;1;3;1
330.531;537.06;-1.50169;4.49192;0.000633196;-0.00286179;0.000650892;0.00075048;-0.00297907;0.999647;-0.000412496;0.00569052;0.997912;0.0189891;0.993557;1;3;1
353.531;537.06;-1.52691;4.44784;0.000718086;-0.000391005;0.000787743;0.0011269;-0.000799818;1.00435;-0.00197923;0.000510854;1.00231;0.0188609;0.992453;1;3;1
376.531;537.06;-1.46868;4.4582;0.00143338;-4.20445e-05;0.000614662;0.00165589;-0.000264556;0.996585;0.00171194;0.002418;0.997331;0.018989;0.992582;1;3;1
399.531;537.06;-1.46103;4.44547;0.000354235;-0.00198649;0.000733911;0.000565312;-0.00219757;1.00261;-0.00541263;0.000157564;0.998581;0.0188284;0.992844;1;3;1
422.531;537.06;-1.45244;4.39442;0.000899381;-0.00224379;-9.04095e-05;0.000901979;-0.00224639;0.999804;0.00196452;0.00402584;0.991225;0.0184214;0.993025;1;3;1
445.531;537.06;-1.41971;4.38747;0.000667866;-0.000660125;0.00105092;0.00124698;-0.00123924;0.999636;-0.0033732;-0.00125714;0.996801;0.0188768;0.990399;1;3;1
468.531;537.06;-1.42175;4.34739;-0.000116875;-0.00207351;0.000434572;-2.46976e-05;-0.00216568;1.00376;-0.00380971;-0.00029264;0.997116;0.0186842;0.992223;1;3;1
491.531;537.06;-1.42515;4.31325;-0.000206263;-0.00306025;3.95165e-05;-0.000205716;-0.00306079;0.996081;-0.00293203;0.00575757;0.995522;0.0195228;0.990209;1;3;1
514.531;537.06;-1.43124;4.34167;-0.00118627;-0.00168656;0.000812401;-0.000586372;-0.00228645;0.99992;-0.00364818;-0.00294989;0.995974;0.0157052;0.993307;1;2;1
537.531;537.06;-1.47975;4.31705;-0.00111884;0.000160537;0.000608039;0.000403409;-0.00136171;0.995915;-0.00548118;0.00233066;0.998813;0.0166624;0.991519;1;3;1
560.531;537.06;-1.48277;4.28581;0.0011382;-0.000513606;0.000113906;0.00114601;-0.000521424;1.00306;3.99698e-05;0.00326103;0.997522;0.0186056;0.986475;1;3;1
583.531;537.06;-1.4275;4.22843;0.00182897;0.000206693;0.000951467;0.00226813;-0.000232463;0.997087;-0.00595222;-0.000887048;1.00312;0.0196016;0.992174;1;3;1
606.531;537.06;-1.39878;4.20555;0.00075699;-0.000183485;0.00139055;0.00175466;-0.00118116;1.00506;-0.00676338;0.000227366;0.998463;0.0191564;0.989343;1;3;1
629.531;537.06;-1.39271;4.19774;0.00106724;0.000137171;0.00150505;0.00217746;-0.000973054;1.00001;0.0021689;-0.00127064;1.00053;0.022262;0.98766;1;4;1
652.531;537.06;-1.34972;4.22487;0.000810916;-0.00221455;0.00143974;0.00138653;-0.00279017;0.998938;0.000951884;0.000334231;0.996689;0.0203192;0.988005;1;3;1
675.531;537.06;-1.35555;4.30558;0.000511909;-0.00160359;0.000319776;0.000559189;-0.00165087;1.0006;-0.00289103;-0.000948123;0.993412;0.0238756;0.988471;1;3;1
698.531;537.06;-1.32628;4.12661;0.000964749;-0.00283991;-0.00046895;0.0010217;-0.00289686;1.00263;-0.00604505;0.00448096;0.992156;0.0195124;0.991212;1;3;1
721.531;537.06;-1.31164;4.10168;-0.000636966;-0.000911585;0.0014258;0.000658119;-0.00220667;0.99832;-0.00595993;0.000520481;0.995737;0.0211003;0.988661;1;2;1
744.531;537.06;-1.3556;4.10019;-0.00185493;-0.00176468;0.00145703;-0.000352073;-0.00326753;0.999921;-0.000407935;-0.00406941;1.00135;0.022456;0.986748;1;3;1
767.531;537.06;-1.39705;4.12354;-0.000737166;-0.000372222;0.000565438;3.94581e-05;-0.00114885;0.997682;-0.00214164;0.00351339;1.00088;0.0191459;0.991559;1;3;1
790.531;537.06;-1.38952;4.0849;0.00129186;0.000302939;0.00181418;0.00267776;-0.00108296;1.00173;-0.00774386;0.000474172;1.00067;0.0227995;0.989813;1;3;1
813.531;537.06;-1.33768;4.08647;-0.000314298;-0.00197967;0.000793502;3.23934e-06;-0.0022972;1.00111;0.000489012;0.00165428;0.997842;0.0202338;0.985772;1;3;1
836.531;537.06;-1.40399;4.07008;-0.00144827;-0.00165234;4.4317e-05;-0.00143906;-0.00166155;0.994239;-0.00447112;0.0014582;0.998482;0.0194336;0.988666;1;3;1
859.531;537.06;-1.40439;4.02394;0.00107072;-0.00284015;0.000859354;0.00125122;-0.00302065;1.0032;-0.00229427;0.00124165;0.996668;0.023658;0.981853;1;3;1
882.531;537.06;-1.35477;4.03684;0.000464151;-0.0021501;-0.000189374;0.000477798;-0.00216375;1.0032;0.00038288;-0.00343465;0.999704;0.0185597;0.991942;1;3;1
905.531;537.06;-1.38307;3.97972;-0.00112952;-0.00249579;0.000314706;-0.00106051;-0.00256479;0.994079;-0.00308095;0.00222949;0.998058;0.0249699;0.984284;1;3;1
928.531;537.06;-1.40679;3.97879;0.00131804;-0.00164023;-0.000558853;0.00142009;-0.00174228;1.00306;-0.00129568;0.00351977;0.99895;0.0232479;0.983756;1;3;1
951.531;537.06;-1.32255;3.896;-0.000444854;-0.00146993;-0.000954117;0.000125675;-0.00204046;1.0026;-0.00217447;-0.000182057;0.996742;0.0234979;0.987892;1;4;1
974.531;537.06;-1.4273;3.92335;-0.00116389;-0.0010249;0.000263783;-0.00082161;-0.00136718;0.99984;-0.00155127;0.000398981;1.00197;0.021319;0.989376;1;3;1
997.531;537.06;-1.37613;3.86685;-0.000724619;-0.00159944;0.000497278;-0.000499751;-0.00182431;1.00334;-0.00745631;0.00269697;0.996382;0.0217528;0.981854;1;3;1
1020.53;537.06;-1.46071;3.84603;-0.00211418;-0.000690043;0.00175656;0.000493292;-0.00329752;0.992369;-0.0054634;0.000600668;0.996005;0.0216934;0.98618;1;2;1
1043.53;537.06;-1.47349;3.85958;-0.00045858;-0.00135162;0.00053364;-0.00020929;-0.00160091;0.995222;-0.0018207;-0.00146002;0.997436;0.0185343;0.989172;1;3;1
1066.53;537.06;-1.48181;3.83979;-4.8124e-05;-0.00131242;0.000448301;9.47025e-05;-0.00145524;1.00936;-0.00190474;0.00466493;0.995967;0.0213541;0.988921;1;3;1
1089.53;537.06;-1.4757;3.85325;-0.00143737;-0.00102484;-0.000278876;-0.00088424;-0.00157797;0.997014;0.00184796;-0.00207575;0.994651;0.0192843;0.989658;1;3;1
1112.53;537.06;-1.548;3.79245;-0.00203693;-0.00290844;-0.000812681;-0.00155055;-0.00339482;0.994492;0.00594401;0.00178507;0.991236;0.0200825;0.991546;1;3;1
1135.53;537.06;-1.56957;3.76798;-0.00196601;-0.00231106;-0.000318165;-0.0017766;-0.00250046;0.994357;-0.00357776;0.00558225;0.998389;0.0212597;0.986013;1;3;1
1158.53;537.06;-1.63862;3.69789;-0.000532881;-0.000491998;-9.167e-05;-0.000418518;-0.000606361;1.00756;-0.00560976;0.000170953;0.995467;0.0241386;0.983566;1;3;1
1181.53;537.06;-1.59416;3.68891;0.000251489;-0.00230136;-0.000103553;0.000255682;-0.00230555;0.995035;-0.00207894;0.00412612;1.0005;0.0229371;0.983224;1;3;1
1204.53;537.06;-1.62712;3.62141;-0.00146885;-0.0004314;-0.00121899;0.000374647;-0.0022749;0.999062;-0.000230747;0.00222578;1.00035;0.0220305;0.991219;1;3;1
1227.53;537.06;-1.66198;3.55303;-0.000787116;-0.000294404;0.000491081;8.65063e-06;-0.00109017;0.999681;-0.00554685;0.00161835;0.996883;0.0228575;0.988202;1;3;1
1250.53;537.06;-1.66336;3.57183;0.000611344;-0.00159179;-0.00074704;0.000840761;-0.0018212;0.999188;-0.00119644;0.000381377;0.997083;0.0254337;0.987779;1;3;1
1273.53;537.06;-1.6343;3.35279;0.00130975;-0.00285893;-0.00355537;0.00334671;-0.00489589;0.995149;-0.00563052;0.0108678;0.994414;0.0398697;0.960425;1;3;1
31.5305;514.06;-1.80849;4.86379;0.00171545;-0.00140627;-0.00104556;0.00203328;-0.00172411;1.00834;-0.00440784;0.00306225;1.00372;0.0231007;0.98927;1;3;1
54.5305;514.06;-1.76917;4.79754;-0.000272271;-0.000937276;-0.000623561;0.000101899;-0.00131145;0.99397;-0.00114077;0.00071296;1.00012;0.0215645;0.990223;1;3;1
77.5306;514.06;-1.82117;4.7451;0.00145271;-0.000675172;-0.000263857;0.00148494;-0.000707402;1.00128;-0.00205743;0.000159705;1.00348;0.022529;0.989592;1;3;1
100.531;514.06;-1.70246;4.7147;0.00363606;-0.00167454;0.00155209;0.00405641;-0.00209488;1.00832;-0.000474443;0.000354254;0.999611;0.0234919;0.988671;1;3;1
123.531;514.06;-1.65422;4.75698;-0.00118292;-0.0025892;0.00112363;-0.000560559;-0.00321155;0.996017;0.00449408;-0.00475671;0.994073;0.023918;0.98577;1;3;1
146.531;514.06;-1.75691;4.72291;-0.00217885;-0.00158669;-8.12029e-05;-0.00157576;-0.00218978;0.99748;-0.00066939;0.00366067;0.998683;0.0203957;0.992731;1;3;1
169.531;514.06;-1.75471;4.63723;0.00123464;-0.0029956;0.000886306;0.00141283;-0.00317379;0.998458;-0.00641833;0.000260281;0.999893;0.0212955;0.98779;1;2;1
192.531;514.06;-1.70018;4.67072;0.00102441;-0.00122115;0.000733828;0.00124295;-0.00143969;1.00608;-0.00261418;-0.000979265;1.00156;0.0212457;0.990609;1;3;1
215.531;514.06;-1.70762;4.60337;0.00169385;-0.00149173;0.000661482;0.00182574;-0.00162363;1.00009;-0.0024213;0.0025731;0.99677;0.0229362;0.989167;1;3;1
238.531;514.06;-1.62237;4.60787;0.000627341;-0.000979984;0.00141058;0.00144713;-0.00179977;1.00179;-0.00280971;-0.000701225;0.999445;0.0187928;0.99186;1;2;1
261.531;514.06;-1.67878;4.60983;0.000367397;-0.00135775;0.000168704;0.00038374;-0.00137409;0.996552;-0.00321031;0.00172859;1.00114;0.0217856;0.990813;1;3;1
284.531;514.06;-1.6055;4.56227;0.00208398;-0.00179866;0.000571662;0.0021664;-0.00188108;1.00447;-0.00551513;-0.00333302;1.00311;0.0222073;0.987537;1;3;1
307.531;514.06;-1.58308;4.53137;0.00033422;-0.00172423;0.00183724;0.00141088;-0.0028009;1.00161;-0.00551002;-0.000443032;0.999162;0.0208748;0.989602;1;3;1
330.531;514.06;-1.59014;4.5924;-8.29585e-05;-0.00146633;0.0016767;0.00103913;-0.00258841;0.996083;-0.0093087;-0.00111284;1.0029;0.0178166;0.991982;1;3;1
353.531;514.06;-1.58692;4.48181;0.00220197;-0.00126102;-0.000180489;0.00221136;-0.0012704;1.00514;0.000166025;0.00546683;0.999504;0.0182668;0.992325;1;3;1
376.531;514.06;-1.48916;4.45564;0.000889433;0.000410821;0.000883944;0.00156589;-0.000265638;0.999832;0.00410023;-8.57333e-05;1.00116;0.0176844;0.993797;1;3;1
399.531;514.06;-1.54605;4.43625;0.000307339;-0.000893644;0.000805641;0.00071166;-0.00129796;0.999637;0.00184505;-0.00120262;1.00005;0.0181921;0.992971;1;3;1
422.531;514.06;-1.47504;4.42243;0.000418929;-0.000469765;0.000257907;0.000488353;-0.000539189;0.99892;-0.0077219;0.00617086;1.00357;0.0189682;0.991465;1;3;1
445.531;514.06;-1.52683;4.37068;-0.000729677;-0.000799563;0.00155773;0.000793498;-0.00232274;1.00083;-0.00559142;0.000287464;1.00039;0.0195168;0.989778;1;3;1
468.531;514.06;-1.50862;4.40272;0.00140704;-0.00114494;0.00274389;0.00315712;-0.00289502;0.999912;-0.00341962;-0.00139084;0.997369;0.0155166;0.992324;1;3;1
491.531;514.06;-1.46221;4.44225;0.00090532;-0.00130237;0.000684623;0.00110039;-0.00149744;1.00212;-0.00260042;-0.000820689;0.998435;0.0165838;0.992145;1;3;1
514.531;514.06;-1.46701;4.36606;-0.00043875;-0.00150228;-0.000704764;-8.76404e-05;-0.00185339;0.998167;8.54153e-05;0.00346491;0.996705;0.0159419;0.994177;1;3;1
537.531;514.06;-1.48262;4.29647;0.000310093;-0.000723406;-0.000727146;0.000685404;-0.00109872;1.00233;0.00276433;0.00380524;0.999874;0.0174764;0.992497;1;3;1
560.531;514.06;-1.45284;4.27138;8.73731e-05;-0.000740666;-0.000602815;0.000404653;-0.00105795;0.998136;0.00179068;0.00126056;1.00122;0.0177587;0.990869;1;3;1
583.531;514.06;-1.47864;4.23762;3.25302e-07;-0.00283979;-0.000203819;1.48777e-05;-0.00285434;0.999794;-0.00122333;0.00390894;0.995486;0.0199363;0.988068;1;3;1
606.531;514.06;-1.45287;4.20929;0.00114266;-0.00246471;0.000837813;0.00132774;-0.0026498;0.999224;-0.00338158;-0.00215407;0.998708;0.0206384;0.992585;1;3;1
629.531;514.06;-1.42612;4.21577;0.00120238;-0.00217578;0.00170669;0.0019145;-0.0028879;1.00429;-0.00139218;-0.00181533;0.997173;0.0212602;0.986423;1;3;1
652.531;514.06;-1.39764;4.2732;-7.20845e-05;-0.000471028;0.00146385;0.00120583;-0.00174894;0.997624;4.26309e-06;0.000953521;1.0002;0.0196796;0.991876;1;3;1
675.531;514.06;-1.42944;4.24192;-0.00119099;0.000637105;0.000647615;0.000843275;-0.00139716;1.00434;0.000378994;0.00225676;1.0038;0.0198236;0.990864;1;3;1
698.531;514.06;-1.45248;4.23022;5.98467e-05;-0.00308066;0.000781857;0.00024373;-0.00326455;0.993941;-0.000524247;-0.00141476;0.995682;0.0208792;0.989573;1;3;1
721.531;514.06;-1.42676;4.15744;0.00187675;-0.00208804;0.00150535;0.00238352;-0.00259481;1.00853;-0.00632032;0.00308586;0.995962;0.021703;0.98752;1;3;1
744.531;514.06;-1.36631;4.14495;0.000314828;-0.00176197;0.000664663;0.000509332;-0.00195647;0.997109;-0.00416187;-0.00170204;0.999498;0.0202321;0.988862;1;3;1
767.531;514.06;-1.41231;4.10736;-0.00252362;-0.000812781;8.55877e-05;-0.00080851;-0.00252789;0.99505;-3.70326e-05;0.00511701;0.997873;0.0199058;0.988848;1;3;1
790.531;514.06;-1.48256;4.09796;0.00059747;-0.00162565;0.00130083;0.00119697;-0.00222515;1.0085;-0.00354923;-0.00467536;0.997997;0.0214037;0.985503;1;3;1
813.531;514.06;-1.38484;4.11439;0.00134952;2.80377e-05;0.000971158;0.00186339;-0.00048584;0.997909;-0.00373069;-0.000867844;0.994655;0.0187979;0.98745;1;3;1
836.531;514.06;-1.42053;4.10141;-0.00156009;0.00039175;0.000151943;0.000403508;-0.00157184;0.997876;-0.00289433;0.000603199;1.00444;0.0179994;0.989311;1;3;1
859.531;514.06;-1.45666;4.10082;0.00144136;-0.00135324;-0.000716585;0.00161439;-0.00152627;1.00032;-0.00461949;-0.000663528;1.00137;0.0235112;0.980226;1;3;1
882.531;514.06;-1.35434;4.02354;0.0014281;-0.000238707;0.00055182;0.00159423;-0.000404837;1.00486;-0.00102452;0.0020108;1.00264;0.0183281;0.992284;1;3;1
905.531;514.06;-1.39109;4.0182;-0.000983425;-0.00178451;0.00178645;0.000446832;-0.00321477;0.992681;-0.00192296;0.00172806;1.0004;0.0200533;0.988987;1;3;1
928.531;514.06;-1.39962;4.06832;0.00120053;-0.000939703;0.00042742;0.00128274;-0.0010219;1.0031;0.00298234;0.00150611;0.996101;0.0273457;0.97096;1;3;1
951.531;514.06;-1.33594;3.95157;-0.000857703;-0.00186612;0.000435606;-0.000695594;-0.00202823;1.00022;0.00119471;-0.00224654;1.00321;0.0223219;0.98531;1;3;1
974.531;514.06;-1.43931;3.92675;-0.00255318;-0.0014834;0.000370731;-0.00136748;-0.0026691;0.997073;-0.00173671;0.00293014;0.997345;0.0198758;0.988812;1;3;1
997.531;514.06;-1.45354;3.93764;-0.00197299;-0.00195146;0.00127299;-0.000689187;-0.00323526;0.999352;-0.00281992;0.00126767;1.00092;0.0249519;0.979963;1;3;1
1020.53;514.06;-1.53016;3.91367;-0.00202963;-0.00179578;-7.48492e-05;-0.00177387;-0.00205154;0.995723;0.00670175;0.00438881;0.999706;0.0230643;0.989308;1;3;1
1043.53;514.06;-1.54705;3.86831;0.000486347;-3.65415e-05;0.000125784;0.000515032;-6.52259e-05;0.996807;0.00151805;-0.00266381;1.00123;0.0213218;0.988891;1;3;1
1066.53;514.06;-1.50787;3.83006;0.000921371;-0.000882262;0.000925911;0.00131207;-0.00127296;1.00454;-0.00105997;-0.00078934;1.00419;0.0214119;0.990371;1;3;1
1089.53;514.06;-1.5047;3.83955;0.00044496;-0.00148789;0.00122409;0.00103814;-0.00208107;0.997158;-0.00362377;-0.000277906;1.00238;0.0229051;0.987139;1;3;1
1112.53;514.06;-1.4874;3.8292;-0.000284347;-0.00106246;-0.000362725;-0.000141488;-0.00120532;0.998961;0.000433729;0.00340005;1.00292;0.020501;0.989151;1;3;1
1135.53;514.06;-1.51781;3.7837;-0.00187824;-0.000124643;-0.00170637;0.000917013;-0.00291989;1.00654;-0.00162151;0.00577275;0.997209;0.0201614;0.98961;1;3;1
1158.53;514.06;-1.57414;3.67724;-0.0022655;-0.000185142;-0.00019489;-0.000167042;-0.0022836;0.988471;-0.00758098;0.0019395;1.0001;0.0213376;0.988236;1;3;1
1181.53;514.06;-1.62218;3.72457;-0.000830728;-0.00110015;-1.14561e-05;-0.000830242;-0.00110064;1.00463;-0.00464666;-0.00222551;0.997236;0.019854;0.991831;1;3;1
1204.53;514.06;-1.61238;3.64659;-0.00156864;-0.00246055;-0.000295276;-0.00147974;-0.00254944;0.997474;-0.000248185;-0.000337606;0.997777;0.0224084;0.985232;1;3;1
1227.53;514.06;-1.6945;3.62501;-0.00261419;-0.00243667;0.000425636;-0.00209064;-0.00296022;0.998321;-0.00187269;0.00615814;0.998761;0.0210048;0.989105;1;3;1
1250.53;514.06;-1.7328;3.61421;-0.0031943;-0.00127733;0.000349697;-0.00121553;-0.0032561;0.998213;-0.003361;0.00164165;1.0034;0.0207019;0.989476;1;3;1
1273.53;514.06;-1.84171;3.57369;-0.0047224;-0.0086956;0.00108998;-0.00444303;-0.00897498;0.989425;-0.00901951;-0.000641869;0.995416;0.0290507;0.975001;1;4;1
31.5305;491.06;-1.83333;4.86442;-0.000302101;-0.00186117;2.75971e-05;-0.000301613;-0.00186165;0.996539;-0.00054646;0.00333131;0.99359;0.0236528;0.989029;1;3;1
54.5305;491.06;-1.84031;4.82737;-0.00028532;-0.00199811;-0.000696479;-3.78598e-05;-0.00224557;1.00051;-0.000221162;0.00164037;0.996096;0.0213673;0.989603;1;3;1
77.5306;491.06;-1.84658;4.7608;-0.000533548;-0.00241787;0.000329274;-0.000477667;-0.00247376;0.999392;-0.0023733;0.00281219;0.992748;0.0231583;0.989998;1;3;1
100.531;491.06;-1.86487;4.79367;0.00102527;-0.00187447;0.00243414;0.00240863;-0.00325783;1.0035;-0.00441213;-0.00375945;0.999091;0.0204852;0.990326;1;3;1
123.531;491.06;-1.79947;4.81629;0.0012246;-0.00200664;0.00138439;0.0017366;-0.00251864;0.992768;-0.00536579;-0.00199139;0.993165;0.0234732;0.989344;1;2;1
146.531;491.06;-1.80862;4.72978;0.00024992;-0.00175623;0.000174398;0.000264968;-0.00177128;1.0046;-0.00478419;0.00558011;0.995976;0.0237325;0.988241;1;3;1
169.531;491.06;-1.78804;4.73989;0.00121215;-0.00238525;0.000582364;0.00130407;-0.00247718;1.00058;-0.00546725;-0.000643624;0.997959;0.0219532;0.990224;1;3;1
192.531;491.06;-1.7529;4.71251;0.000887455;-0.000885015;0.000325571;0.000945364;-0.000942924;0.996781;-0.000934672;-0.000941623;0.997677;0.0210793;0.991815;1;3;1
215.531;491.06;-1.7473;4.66095;0.00131356;-0.00211341;-0.000365333;0.00135208;-0.00215192;1.00033;-0.00196311;0.00162886;0.99916;0.0218162;0.98799;1;2;1
238.531;491.06;-1.69259;4.63028;0.00247999;-0.00138054;0.00112227;0.00278253;-0.00168308;1.00443;-0.00611937;0.0014406;0.99991;0.02005;0.993037;1;3;1
261.531;491.06;-1.63339;4.61641;0.000110919;0.000168051;0.00080959;0.000949579;-0.000670609;0.998395;0.000992475;-0.000908714;0.998449;0.0221087;0.991947;1;3;1
284.531;491.06;-1.68752;4.57901;-0.00133611;0.000409202;0.00062807;0.00061172;-0.00153863;0.998361;-0.0035114;0.000336107;0.994601;0.0175782;0.99187;1;3;1
307.531;491.06;-1.69491;4.57125;-0.000389743;-0.00138341;0.00115642;0.000372059;-0.00214521;0.997025;9.50637e-05;0.000851705;0.993675;0.0186383;0.992738;1;3;1
330.531;491.06;-1.70545;4.55987;0.00105105;-0.000625863;0.00034246;0.00111829;-0.000693104;1.00876;0.000693376;0.00260143;0.997887;0.0194105;0.992831;1;3;1
353.531;491.06;-1.64663;4.50604;0.00239703;-0.00130597;-0.000259085;0.00241507;-0.00132401;1.00111;-0.00480118;0.00115924;0.998907;0.020094;0.990759;1;3;1
376.531;491.06;-1.59548;4.43948;0.00170479;-0.00099719;0.00209235;0.00284441;-0.00213681;1.00176;-0.0133969;0.00385112;1.00488;0.0204044;0.989386;1;3;1
399.531;491.06;-1.56828;4.48672;0.00117068;-0.00203563;0.000610769;0.00128309;-0.00214803;1.00125;-0.00277952;-0.00211196;0.999183;0.0185077;0.992216;1;3;1
422.531;491.06;-1.54166;4.41612;-0.000315439;-0.00115614;0.000896801;0.000254637;-0.00172622;0.997374;0.00261597;0.00265699;0.996248;0.0182762;0.991807;1;3;1
445.531;491.06;-1.58284;4.42455;-0.00132043;-0.00159122;0.000925835;-0.000520141;-0.00239151;1.00082;0.00181815;0.00195627;0.999119;0.0198985;0.990117;1;3;1
468.531;491.06;-1.60245;4.40044;0.00126642;-0.000820767;0.00128883;0.00188119;-0.00143554;1.00128;-0.00539273;1.24907e-05;1.00053;0.0158102;0.994447;1;3;1
491.531;491.06;-1.52465;4.37331;0.0019683;0.000858125;0.00143051;0.00294765;-0.00012122;1.00179;-0.00104569;0.000364566;1.00144;0.0178877;0.992029;1;3;1
514.531;491.06;-1.51199;4.41089;0.000374089;-0.00140188;0.00119824;0.000977517;-0.0020053;1.0013;0.00192672;0.000106336;0.998136;0.0171233;0.994793;1;3;1
537.531;491.06;-1.50745;4.35034;0.000564806;-0.00140516;-0.000335081;0.000620242;-0.0014606;1.00203;-0.00407438;0.00144613;0.998338;0.0168707;0.989497;1;3;1
560.531;491.06;-1.48611;4.31989;0.000799958;-0.00259898;0.00125768;0.00121471;-0.00301374;1.00038;-0.00875164;0.00247328;0.997509;0.0228897;0.980621;1;3;1
583.531;491.06;-1.47067;4.35927;-0.000248557;-0.00299312;0.00128771;0.00026101;-0.00350269;0.995533;-0.00409242;0.000329376;0.995156;0.0216537;0.988667;1;3;1
606.531;491.06;-1.49755;4.31918;-0.000328847;-0.00304238;0.000712668;-0.000153063;-0.00321816;1.00017;0.00245676;0.000364012;0.993043;0.018939;0.991719;1;3;1
629.531;491.06;-1.48584;4.29803;0.000855493;-0.00138376;0.000330078;0.000903134;-0.0014314;0.997324;-0.000926771;-0.000706693;0.996085;0.0176746;0.990014;1;3;1
652.531;491.06;-1.45827;4.24667;0.000599807;-0.00195311;0.00126703;0.00112188;-0.00247518;1.00522;-0.00414846;0.00233189;0.993348;0.0198683;0.994336;1;3;1
675.531;491.06;-1.45826;4.27639;-0.000524848;-0.00134493;0.0012115;0.000344117;-0.0022139;0.998144;-0.00410769;-0.00245089;0.994378;0.0183096;0.990817;1;3;1
698.531;491.06;-1.48242;4.26881;-0.00166114;0.000333703;7.68029e-05;0.000336656;-0.00166409;0.999599;-0.00286636;0.00440033;0.998922;0.0189434;0.991101;1;3;1
721.531;491.06;-1.5348;4.19838;0.000343632;-0.000575514;-0.000122544;0.000359689;-0.000591571;1.00113;0.00262538;0.000418864;1.00096;0.0215406;0.98601;1;3;1
744.531;491.06;-1.4667;4.18145;0.00180164;-0.00155602;0.00124421;0.00221244;-0.00196681;1.00494;-0.00675438;-0.00208943;0.997582;0.0215297;0.987467;1;3;1
767.531;491.06;-1.45202;4.16097;-0.000769623;-0.00108215;0.00100014;8.63885e-05;-0.00193816;0.995556;-0.00263842;0.000822819;0.998628;0.0216777;0.984644;1;3;1
790.531;491.06;-1.50212;4.15988;0.000622335;-0.00165374;-1.17527e-05;0.000622396;-0.0016538;0.996718;-0.00266602;0.00139941;0.998699;0.0214823;0.989618;1;3;1
813.531;491.06;-1.42346;4.08526;0.00153747;-0.00111048;0.000364148;0.00158664;-0.00115965;1.00725;-0.00262438;0.00240484;0.99846;0.030452;0.970996;1;4;1
836.531;491.06;-1.43158;4.05207;0.000157522;-9.8048e-05;0.0015105;0.00154563;-0.00148616;0.997636;0.00247969;0.00229082;0.997009;0.0207866;0.986367;1;3;1
859.531;491.06;-1.41621;4.08624;-0.00122473;0.000673969;0.0015205;0.00151715;-0.00206792;0.998745;-5.94657e-05;-0.00511564;0.998603;0.0235512;0.984019;1;3;1
882.531;491.06;-1.48795;4.04801;-0.00188126;-0.0022335;0.00202401;-2.5719e-05;-0.00408904;0.998823;-0.00902695;0.00365508;0.996014;0.0249645;0.985872;1;4;1
905.531;491.06;-1.50284;4.06203;-0.000534539;-0.00106736;0.00138135;0.000605862;-0.00220776;0.996533;-0.00290419;-0.00159834;1.00041;0.0208892;0.991128;1;3;1
928.531;491.06;-1.51255;4.02216;-2.55676e-05;0.000302419;0.000642669;0.000801689;-0.000524837;1.0007;-0.00740848;0.000629013;0.997356;0.0230488;0.988876;1;3;1
951.531;491.06;-1.50409;3.98228;0.000807317;-0.0017503;0.00218541;0.00206057;-0.00300356;1.00083;-0.00697675;0.00262335;0.993509;0.0205471;0.989875;1;3;1
974.531;491.06;-1.47544;3.99166;-5.34827e-05;-0.00309494;0.00146241;0.000535586;-0.00368401;0.999356;-0.0026425;0.00070259;0.997938;0.0217388;0.987179;1;3;1
997.531;491.06;-1.50655;3.95689;-0.00103572;-0.00166491;0.00116173;-0.000146739;-0.00255388;0.998971;-0.000859321;-0.000180541;0.995867;0.0218683;0.985286;1;2;1
1020.53;491.06;-1.52315;3.92875;-0.00134623;-0.000910315;-0.000527467;-0.000557546;-0.00169899;1.0011;-0.00493789;0.00334193;0.997711;0.0226987;0.987332;1;3;1
1043.53;491.06;-1.56862;3.86136;-0.00157352;-0.00180888;-0.000117846;-0.00152466;-0.00185774;0.996518;-0.00222815;0.000667003;0.997642;0.0192154;0.994026;1;3;1
1066.53;491.06;-1.59562;3.88053;-0.000444787;-0.00216513;0.00172621;0.000623693;-0.00323361;1.00449;-0.00265426;0.000450192;0.996416;0.0184469;0.990341;1;3;1
1089.53;491.06;-1.58913;3.92189;0.000548098;-0.00118404;0.00128175;0.00122895;-0.0018649;0.996171;0.00121361;-2.04329e-05;0.997203;0.025264;0.982466;1;3;1
1112.53;491.06;-1.57043;3.84136;0.000540158;-0.00105087;0.000567713;0.000721957;-0.00123267;1.00239;-0.00285796;0.0020876;0.996972;0.0206216;0.989685;1;2;1
1135.53;491.06;-1.56452;3.77372;-0.0023726;0.000139767;-0.000490596;0.000232168;-0.002465;0.995919;-0.00456736;0.00573638;0.997609;0.0235011;0.987116;1;3;1
1158.53;491.06;-1.67989;3.70642;-0.00128648;-0.00205457;0.00143029;-0.000189571;-0.00315148;0.999032;0.000758667;-0.000986213;0.999463;0.0245279;0.980469;1;3;1
1181.53;491.06;-1.62375;3.73956;-0.000423452;-0.00150326;0.00207688;0.00118255;-0.00310927;1.00229;-0.00103258;0.00283065;1.00201;0.0208873;0.986995;1;3;1
1204.53;491.06;-1.69939;3.73479;-0.00238439;-0.00243405;0.000645012;-0.00176373;-0.00305471;1.00063;-0.00259274;-0.000419816;0.998221;0.020129;0.989141;1;3;1
1227.53;491.06;-1.73362;3.66531;-0.00103326;-0.00087097;-0.000577141;-0.000369297;-0.00153493;0.994046;0.00398926;0.00732198;0.99964;0.0209387;0.985896;1;3;1
1250.53;491.06;-1.74706;3.6307;-0.00178231;-0.002444;0.00186118;-0.000222798;-0.00400352;0.998326;0.00149999;0.000578859;0.987616;0.0244315;0.982696;1;3;1
1273.53;491.06;-1.81577;3.7549;-0.00296848;-0.00425997;0.00136216;-0.00210675;-0.0051217;1.00666;0.00627119;-0.00434201;0.987576;0.0355327;0.970061;1;4;1
31.5305;468.06;-1.88502;4.94955;0.00333534;-0.00170501;0.000557148;0.0033962;-0.00176587;0.998133;-0.00489469;0.0031444;1.00206;0.0208219;0.990406;1;3;1
54.5305;468.06;-1.80851;4.88956;7.62022e-08;-0.00232323;0.000162499;1.13868e-05;-0.00233454;1.00091;0.000691545;0.00119779;1.00136;0.0209795;0.991356;1;3;1
77.5306;468.06;-1.88511;4.8565;-0.00135223;-0.00292999;-0.00100149;-0.000866235;-0.00341599;0.996907;-0.00444147;0.0057265;0.998525;0.0239399;0.989892;1;3;1
100.531;468.06;-1.87084;4.80131;0.000869878;-0.00091025;7.36308e-05;0.000872918;-0.00091329;1.008;-0.00338509;-0.00533276;1.00195;0.0233869;0.991527;1;3;1
123.531;468.06;-1.84512;4.84978;0.000470624;6.89337e-05;0.000812622;0.00110685;-0.000567295;0.99453;-0.0012126;0.000912625;0.999963;0.0219995;0.990047;1;2;1
146.531;468.06;-1.8492;4.80386;0.000430527;-0.00233367;-0.000916033;0.000706533;-0.00260968;1.0008;0.000266099;0.00503554;0.998486;0.0191951;0.99087;1;2;1
169.531;468.06;-1.82543;4.74714;0.000878281;-0.00122591;-0.000380064;0.000944825;-0.00129245;0.998541;0.000530491;0.00355063;0.996694;0.0207791;0.991302;1;3;1
192.531;468.06;-1.80891;4.71158;0.00151095;-0.00110894;0.000395765;0.00156943;-0.00116742;1.00011;-0.0061736;-0.00257982;0.999756;0.0209361;0.989942;1;3;1
215.531;468.06;-1.756;4.70071;0.000852337;-0.00225887;-6.03016e-05;0.000853505;-0.00226003;0.999669;0.00132325;0.00215648;0.999057;0.021512;0.990233;1;3;1
238.531;468.06;-1.76974;4.67165;-0.00105179;-0.002629;0.000176391;-0.0010323;-0.00264849;0.996741;0.00356261;0.00166176;0.996806;0.0242825;0.989207;1;3;1
261.531;468.06;-1.80452;4.60227;0.00133385;-0.00216633;8.51417e-05;0.00133592;-0.0021684;1.00466;-0.00290395;-0.000271948;1.00198;0.0232091;0.98879;1;4;1
284.531;468.06;-1.7086;4.54356;0.00208665;-0.000350161;0.000597664;0.00222534;-0.000488854;1.00205;-0.000894819;-0.000751952;1.00771;0.0176185;0.992897;1;3;1
307.531;468.06;-1.70863;4.59523;0.000477414;-0.00199257;0.0012674;0.00101203;-0.00252719;0.995774;0.000151412;0.00193262;0.998974;0.0180444;0.993907;1;3;1
330.531;468.06;-1.68671;4.6213;0.000556056;-0.00140364;-0.000855423;0.000876919;-0.00172451;1.00449;-0.000332411;0.00144392;0.998594;0.0210023;0.989595;1;3;1
353.531;468.06;-1.68309;4.54203;-0.000298596;-0.00100385;-0.000103649;-0.000283679;-0.00101876;0.997402;-0.00194477;0.00246906;0.997025;0.0224222;0.987764;1;2;1
376.531;468.06;-1.7006;4.50202;0.00125376;-0.00368508;0.000964507;0.00143543;-0.00386676;1.00427;0.00155389;0.00204941;0.9912;0.0184323;0.988905;1;3;1
399.531;468.06;-1.62546;4.53005;0.00176072;-0.00116328;0.000878639;0.00200443;-0.00140699;1.00013;-0.0031992;0.00107205;0.993669;0.0189536;0.993557;1;3;1
422.531;468.06;-1.61969;4.47587;-4.91687e-05;-0.00153794;0.000572589;0.000145577;-0.00173269;1.00135;-0.00449533;0.00235803;0.998615;0.0173286;0.995013;1;2;1
445.531;468.06;-1.6278;4.44404;-0.00127045;-0.002025;0.000452488;-0.00105859;-0.00223686;0.997418;-0.00491395;0.00487415;0.995678;0.0193179;0.991045;1;3;1
468.531;468.06;-1.67818;4.4408;0.0009723;-0.00241504;0.000373494;0.00101299;-0.00245573;1.00473;-0.0022166;-0.00161395;0.997522;0.0205707;0.988832;1;3;1
491.531;468.06;-1.58311;4.40295;0.00169816;-0.00282422;0.00143844;0.00211691;-0.00324297;0.997352;-0.00408104;0.0023604;1.0012;0.0181882;0.993034;1;3;1
514.531;468.06;-1.60013;4.43079;0.000880678;-0.00145569;0.000944411;0.00121468;-0.00178969;1.0014;-0.00525878;0.000533221;1.00245;0.0205626;0.99175;1;3;1
537.531;468.06;-1.54264;4.36119;0.000882643;-0.0022393;0.000882923;0.00111504;-0.0024717;1.00261;0.00210226;0.00203831;1.00011;0.0180327;0.989132;1;3;1
560.531;468.06;-1.55956;4.39122;-0.00119954;-0.00123594;0.0014285;0.000210869;-0.00264635;0.99536;0.00434564;-0.00180463;0.99892;0.0202512;0.991797;1;3;1
583.531;468.06;-1.59785;4.37567;-0.000433494;-0.000334387;0.00185904;0.00147576;-0.00224364;0.999535;-0.00299943;0.00108994;1.00344;0.0193292;0.987867;1;3;1
606.531;468.06;-1.57953;4.34963;0.00150443;-0.000777818;0.000199395;0.00152172;-0.000795108;1.00241;-0.00490793;0.00286763;1.00216;0.0177727;0.99359;1;2;1
629.531;468.06;-1.5288;4.27958;0.000952858;-0.000103528;0.00114296;0.00168377;-0.000834439;1.00092;-0.00616136;0.00124142;1.00203;0.0201223;0.989886;1;3;1
652.531;468.06;-1.53572;4.36334;0.000216712;-0.000488521;0.00139432;0.00130231;-0.00157412;0.998226;-0.00329976;-0.00202628;1.0043;0.0205306;0.987982;1;3;1
675.531;468.06;-1.51884;4.30391;-3.85094e-05;0.00119578;-0.000524203;0.00138837;-0.00023109;1.00085;-0.000803707;-0.00262645;1.00378;0.0205992;0.988191;1;3;1
698.531;468.06;-1.53773;4.21495;0.000352834;0.00179972;-0.000666857;0.00206018;9.2373e-05;1.00258;0.000816245;0.01079;1.00791;0.0188671;0.986377;1;3;1
721.531;468.06;-1.50277;4.18398;0.000432386;2.64316e-05;8.47693e-05;0.000449376;9.44159e-06;1.00206;-0.00174287;-0.00413192;1.00078;0.0197159;0.990225;1;3;1
744.531;468.06;-1.51784;4.21684;-0.000503864;-0.00109806;0.00078749;4.07085e-05;-0.00164263;1.00122;-0.000867901;0.000689125;0.997846;0.0208709;0.987148;1;3;1
767.531;468.06;-1.52596;4.15731;-0.000851009;-0.000639603;0.00101254;0.000272735;-0.00176335;0.998384;-0.00291577;0.000544867;1.00252;0.0208605;0.985145;1;3;1
790.531;468.06;-1.55703;4.17416;3.31568e-06;0.000897124;0.000684581;0.00126776;-0.000367322;0.999931;-0.00388501;-0.00292275;0.999439;0.0232061;0.983783;1;3;1
813.531;468.06;-1.52581;4.16571;-3.08359e-05;-0.00146597;0.00144558;0.00086548;-0.00236229;0.996822;-0.0055388;0.00637989;1.00192;0.0204793;0.987635;1;4;1
836.531;468.06;-1.5585;4.10613;-0.00162636;-0.000368074;0.00128451;0.000433093;-0.00242752;0.999061;-0.00939052;-0.00156644;0.99962;0.0271355;0.979455;1;3;1
859.531;468.06;-1.60078;4.07005;-0.00014333;-0.000345144;0.00262821;0.00238591;-0.00287439;0.997995;-0.010252;0.000255545;0.997165;0.0230477;0.989007;1;3;1
882.531;468.06;-1.56509;4.12688;0.00123331;0.000308694;0.000644807;0.00156442;-2.24105e-05;0.997959;0.00059357;-0.000425427;1.00381;0.0203517;0.988146;1;4;1
905.531;468.06;-1.54408;4.06758;0.000578998;-0.000122068;-0.000310349;0.000696642;-0.000239712;1.00187;0.00149763;0.00131272;0.997141;0.0217561;0.989415;1;3;1
928.531;468.06;-1.53852;4.05462;-0.000503318;-0.000542388;0.000770749;0.000248144;-0.00129385;1.00205;0.00259635;-0.00119356;1.00301;0.0217193;0.988333;1;3;1
951.531;468.06;-1.56725;4.03274;-0.00131747;-0.00162916;0.00225595;0.000788006;-0.00373464;0.994883;0.000160815;0.00343418;0.999788;0.0201419;0.990759;1;4;1
974.531;468.06;-1.59917;4.06961;-0.00121982;-0.00114228;0.00183022;0.000649581;-0.00301168;1.00316;0.00138073;-0.000287667;0.997176;0.0232707;0.985453;1;3;1
997.531;468.06;-1.6234;4.0146;0.000482019;-0.00179704;0.000121158;0.000488442;-0.00180346;0.998603;-0.0035492;0.000979491;0.997455;0.0186986;0.990686;1;3;1
1020.53;468.06;-1.57714;3.95559;0.000849256;-0.0014393;0.000858894;0.00113574;-0.00172578;0.997291;-0.000134727;0.0012257;0.998629;0.023088;0.983307;1;3;1
1043.53;468.06;-1.5844;3.95161;-0.00063402;-0.00190875;0.000988408;-9.52968e-05;-0.00244748;1.00209;0.00159599;0.00337949;0.995584;0.022256;0.983564;1;3;1
1066.53;468.06;-1.60633;3.92987;-0.00167746;-0.000161896;-1.1335e-06;-0.000161895;-0.00167746;0.997794;-0.0032571;0.00296871;1.0016;0.0191421;0.985371;1;3;1
1089.53;468.06;-1.66166;3.89432;-0.00176341;-0.00103279;0.000557469;-0.000731599;-0.0020646;0.999715;-0.00327745;0.000541755;1.00359;0.0217662;0.989061;1;3;1
1112.53;468.06;-1.68754;3.878;0.00117389;-0.00224794;-0.000297225;0.00119951;-0.00227357;0.995406;-0.00840265;-0.00072859;0.99779;0.0245511;0.987625;1;3;1
1135.53;468.06;-1.60784;3.77736;-0.00113764;-0.00171509;0.000438718;-0.000901166;-0.00195156;0.996706;-0.0026623;0.00251478;0.999615;0.0263835;0.98458;1;3;1
1158.53;468.06;-1.74003;3.77215;-0.00384375;-0.00280036;0.000778622;-0.00238481;-0.00425929;1.00017;-0.00242789;0.000543145;0.998339;0.022178;0.98919;1;2;1
1181.53;468.06;-1.785;3.79406;-0.000131992;-0.00213438;0.00206506;0.00116178;-0.00342815;0.998743;-0.0044036;-0.00172078;0.997069;0.0239782;0.988588;1;3;1
1204.53;468.06;-1.7461;3.75888;0.00086388;-0.00142217;-0.000475524;0.000958849;-0.00151714;0.998642;-0.00454818;0.0047646;0.997217;0.0221149;0.986403;1;2;1
1227.53;468.06;-1.74546;3.66512;-0.00149209;-0.00151078;0.000806698;-0.000694682;-0.00230819;0.996561;-0.0083766;0.00242827;1.00037;0.0305579;0.966506;1;3;1
1250.53;468.06;-1.8148;3.72684;0.000571079;-0.00412929;0.00215722;0.00141103;-0.00496924;1.00463;0.00240398;-0.00216771;1.00309;0.0289189;0.975425;1;3;1
1273.53;468.06;-1.71932;3.77023;0.00416179;0.00101422;0.00181778;0.0049924;0.000183607;1.00091;0.00678964;-0.00270887;1.00462;0.0423599;0.961615;1;3;1
31.5305;445.06;-2.0038;4.94324;0.00242496;-0.00156076;0.000300234;0.00244745;-0.00158325;0.995218;-0.00265724;0.00576664;0.997835;0.0220416;0.987963;1;3;1
54.5305;445.06;-1.94809;4.93449;0.00351491;-0.00117416;0.00106278;0.00374455;-0.00140379;1.00419;-0.00626159;-0.00296092;0.999785;0.0215406;0.986735;1;3;1
77.5306;445.06;-1.84242;4.89578;0.0015195;-0.00165659;-0.00106439;0.00184321;-0.0019803;1.00669;0.00457053;0.00141265;1.00004;0.0251868;0.984216;1;4;1
100.531;445.06;-1.87835;4.83557;-0.0006336;-0.00285169;-0.000439014;-0.000549869;-0.00293542;1.00143;0.00169174;-0.000677581;0.998196;0.0198019;0.990926;1;3;1
123.531;445.06;-1.87165;4.81318;0.0011228;-0.000963765;0.000997378;0.00152284;-0.00136381;0.998539;-0.00662581;0.00103007;1.00028;0.0204389;0.993567;1;3;1
146.531;445.06;-1.82673;4.83725;0.000575212;-0.000976485;0.000573758;0.000764319;-0.00116559;0.999717;-0.00213027;0.00452655;0.997948;0.0318309;0.983005;1;3;1
169.531;445.06;-1.8452;4.79635;-0.000190627;-0.000823638;-0.000318795;-5.79043e-05;-0.000956361;1.00125;0.000139917;0.00119774;0.999548;0.0248401;0.982217;1;3;1
192.531;445.06;-1.83556;4.76362;0.00138466;-0.00166707;-0.000212458;0.00139938;-0.00168179;1.00208;-0.00111387;-0.00151033;0.996171;0.023608;0.99173;1;3;1
215.531;445.06;-1.78156;4.76499;0.000618616;-0.0015884;0.00125844;0.00118885;-0.00215863;1.00104;-0.00644774;0.000567403;0.996957;0.0239274;0.988042;1;2;1
238.531;445.06;-1.80712;4.75151;0.00027681;-5.58701e-05;0.000623994;0.000756254;-0.000535314;0.996829;-0.00512854;0.0029698;1.00062;0.0227191;0.987078;1;3;1
261.531;445.06;-1.76885;4.71637;0.0012609;-0.00101733;-0.0016963;0.00216507;-0.0019215;1.00027;-0.00111815;0.00404379;0.996952;0.0208067;0.994493;1;3;1
284.531;445.06;-1.74942;4.59517;0.000760565;-0.00361022;0.000126207;0.000764207;-0.00361386;1.00221;-0.00143762;-8.35437e-05;0.992395;0.0194692;0.994257;1;2;1
307.531;445.06;-1.73391;4.66302;0.00151283;-0.00189913;0.0011157;0.00184527;-0.00223157;1.00312;-0.00346266;0.000581532;0.995911;0.0189023;0.99247;1;3;1
330.531;445.06;-1.67989;4.62449;-0.000483537;0.000235672;0.0003858;0.000403474;-0.000651338;0.99468;0.000877578;0.00142484;1.0029;0.0180095;0.992452;1;3;1
353.531;445.06;-1.75629;4.55237;-0.000350497;-0.0013169;0.000770096;7.54398e-05;-0.00174283;1.00297;-0.00275483;0.00236034;0.998181;0.0213451;0.988294;1;3;1
376.531;445.06;-1.69602;4.60942;0.0017679;-0.00154993;0.000238494;0.00178496;-0.00156698;1.00176;0.000175202;0.00132651;1.00281;0.0192497;0.990501;1;3;1
399.531;445.06;-1.67504;4.54039;0.000346993;-0.000794822;3.56096e-05;0.000348102;-0.000795931;0.997141;-0.00600937;0.00408016;1.00082;0.016599;0.994128;1;3;1
422.531;445.06;-1.68022;4.48713;0.00033659;-0.00180876;0.00135167;0.000989499;-0.00246166;1.0017;-0.000819953;-0.00342733;0.996689;0.0203136;0.989813;1;3;1
445.531;445.06;-1.65957;4.51786;5.43354e-05;-0.00142724;0.00136694;0.000868307;-0.00224122;1.00244;0.00182879;0.0015416;0.997113;0.0184208;0.992122;1;3;1
468.531;445.06;-1.67773;4.51173;-0.000155661;-0.00276813;0.000471952;-7.30156e-05;-0.00285077;0.996557;0.00252404;0.000444961;0.998106;0.021823;0.986631;1;3;1
491.531;445.06;-1.66673;4.50363;0.000810695;-0.00172089;0.00128055;0.00134547;-0.00225566;0.997958;0.000254544;0.000212035;0.993677;0.0187042;0.991373;1;3;1
514.531;445.06;-1.64046;4.47808;0.000841766;-0.000616818;0.000264822;0.000888359;-0.000663411;0.99941;0.00111516;0.00245448;0.996304;0.0191376;0.990998;1;3;1
537.531;445.06;-1.62805;4.45363;0.000812545;-0.00163672;0.000648725;0.000973758;-0.00179794;1.00143;-0.00367056;-0.0013919;0.997021;0.0184861;0.992524;1;3;1
560.531;445.06;-1.60321;4.37693;-0.00120021;-0.00152917;0.00023852;-0.00107496;-0.00165443;0.997381;-0.00359842;0.00818015;1.00125;0.026533;0.979994;1;3;1
583.531;445.06;-1.68336;4.37514;-0.000184992;0.000208321;0.000331606;0.000397198;-0.00037387;1.00422;1.28792e-06;-0.00503977;0.99841;0.0238249;0.98013;1;3;1
606.531;445.06;-1.61173;4.35511;0.00231195;-0.000236668;2.83539e-05;0.00231227;-0.000236984;1.00202;-0.00146319;0.00261046;1.00052;0.0197793;0.992061;1;3;1
629.531;445.06;-1.57719;4.30289;0.00107898;-0.00158892;0.000418301;0.00114303;-0.00165297;1.00005;-0.00330953;0.0024191;1.00079;0.0184676;0.991224;1;2;1
652.531;445.06;-1.5622;4.26927;0.0004057;0.00117029;0.000164725;0.00120426;0.000371722;0.999339;-0.00441452;0.00464117;1.00179;0.0195799;0.984978;1;3;1
675.531;445.06;-1.55861;4.22153;0.000458408;0.00149281;0.000428222;0.00164707;0.000304139;1.00136;-0.00309995;-0.00327035;1.00378;0.0220111;0.98803;1;2;1
698.531;445.06;-1.5412;4.18613;0.000389165;-0.00091893;0.000996701;0.000927255;-0.00145702;1.0032;-0.00399138;0.00282835;0.997856;0.0196311;0.988012;1;4;1
721.531;445.06;-1.54071;4.19716;-0.000535154;-0.000703867;0.00186922;0.00125161;-0.00249064;0.998296;-0.00439856;-0.00323639;0.996685;0.0219715;0.986013;1;3;1
744.531;445.06;-1.56584;4.2321;-0.00102602;-0.000396568;0.00118437;0.00051418;-0.00193677;1.00101;-0.000476923;0.00758015;0.997675;0.0254309;0.979444;1;3;1
767.531;445.06;-1.58794;4.19061;0.000202;-0.00151794;-0.000672438;0.000433689;-0.00174963;0.998429;0.000887754;0.000405143;0.996151;0.0221269;0.985328;1;3;1
790.531;445.06;-1.55669;4.11866;-0.000791796;-0.000448431;-0.000797845;0.000195994;-0.00143622;1.00399;0.00285697;0.000949803;1.00028;0.0226975;0.988234;1;3;1
813.531;445.06;-1.62439;4.15318;-0.00193304;0.000429775;0.000209047;0.000448128;-0.00195139;0.995524;0.000170083;0.00705987;1.00091;0.0233712;0.985932;1;4;1
836.531;445.06;-1.64572;4.06951;-0.000280043;-0.000839909;0.000421015;-5.43916e-05;-0.00106556;1.00053;0.000186733;0.000968147;1.00132;0.0262018;0.981202;1;3;1
859.531;445.06;-1.6373;4.10265;0.00209054;-0.00135987;0.000176797;0.00209958;-0.00136891;1.0038;0.00368257;-0.00133404;0.997844;0.0253739;0.985549;1;3;1
882.531;445.06;-1.54967;4.03386;0.00197576;0.00159251;0.000304032;0.00214352;0.00142475;0.998927;-0.00513137;-0.00782395;1.00292;0.0260128;0.983914;1;3;1
905.531;445.06;-1.54652;4.06767;-0.00149146;0.000573458;0.00119996;0.00112399;-0.002042;1.00076;-0.00435474;0.00364985;1.00186;0.0275258;0.982274;1;3;1
928.531;445.06;-1.61833;4.04723;-0.00326409;-0.00101825;0.00192545;8.78e-05;-0.00437014;0.998917;-0.00578119;0.00209041;0.999273;0.0232294;0.985981;1;3;1
951.531;445.06;-1.69691;4.05769;-0.000952465;-0.000413541;0.00180746;0.00114443;-0.00251044;1.00008;-0.00751065;-0.00501139;0.999507;0.0211877;0.98789;1;3;1
974.531;445.06;-1.66217;4.04462;0.001424;0.00114292;0.00117401;0.00246584;0.000101067;1.00416;-0.0137228;0.00126314;1.00385;0.02277;0.984736;1;3;1
997.531;445.06;-1.63146;4.0398;-5.99904e-05;0.00013432;0.000341301;0.000392025;-0.000317695;1.00112;-0.00507904;-0.00109619;1.00216;0.0211429;0.991662;1;3;1
1020.53;445.06;-1.66495;3.99522;-0.0011678;-0.00130871;0.000585698;-0.000648331;-0.00182817;0.997509;-0.00326514;0.00325411;0.99699;0.0243416;0.981192;1;2;1
1043.53;445.06;-1.6853;3.94939;0.000265034;-0.000506473;-0.000498367;0.000509499;-0.000750938;0.998387;-0.00278016;0.000767801;0.999316;0.0231287;0.982626;1;2;1
1066.53;445.06;-1.65289;3.88802;-0.000154481;-0.00164703;0.00168387;0.00094108;-0.00274259;1;-0.00109064;-0.00410113;0.997781;0.0218745;0.989153;1;3;1
1089.53;445.06;-1.69241;3.96954;-0.000146778;-0.00144385;0.00222938;0.00152648;-0.00311712;1.00244;-0.00519153;-0.000694978;0.99491;0.0196703;0.989619;1;3;1
1112.53;445.06;-1.65968;3.94496;-0.000394918;-0.00092718;-0.000673744;6.33521e-05;-0.00138545;0.998033;-0.00152097;0.00421679;0.999335;0.0201503;0.988348;1;3;1
1135.53;445.06;-1.71073;3.85291;-0.00163501;-0.00255155;0.000758819;-0.00120681;-0.00297974;0.995989;-0.00619052;0.00101454;0.994558;0.0213397;0.989059;1;3;1
1158.53;445.06;-1.73508;3.83545;-0.00252442;-0.00211825;0.000229572;-0.00201483;-0.00262785;1.00303;-0.00313728;-0.00243522;0.993411;0.0241189;0.984624;1;3;1
1181.53;445.06;-1.827;3.83829;-0.00106981;-0.00117326;-0.000471237;-0.000647466;-0.0015956;0.993123;-0.000178907;0.00282829;0.995168;0.0243072;0.983936;1;3;1
1204.53;445.06;-1.78433;3.80034;-0.000279905;-0.000863857;0.000353441;-0.000113437;-0.00103032;1.01173;-0.00351252;0.00665701;0.996428;0.0242377;0.985679;1;3;1
1227.53;445.06;-1.83999;3.73498;-0.00122664;-0.00234688;0.00178442;8.35072e-05;-0.00365703;1.0005;0.000125276;-0.00207415;0.993261;0.0274537;0.982355;1;3;1
1250.53;445.06;-1.84079;3.82114;-0.00121265;0.00122446;0.00022274;0.00124465;-0.00123284;0.992542;-0.00122547;0.000873255;0.994023;0.0330318;0.96381;1;3;1
1273.53;445.06;-1.89582;3.70834;-0.00237737;0.00364805;-0.000602879;0.00370778;-0.0024371;0.997704;-0.00533476;-0.00629633;1.01066;0.0388019;0.967828;1;3;1
31.5305;422.06;-1.93;5.02142;-0.00100171;-0.00311639;-0.00221755;0.000397675;-0.00451578;0.995;0.00736199;0.00545411;0.991354;0.0233536;0.988066;1;3;1
54.5305;422.06;-1.95318;4.94383;0.000960056;-0.00111665;-0.00119397;0.00150403;-0.00166062;1.00124;0.00358232;1.01989e-05;0.9999;0.0211846;0.99055;1;3;1
77.5306;422.06;-1.88595;4.93277;0.000877359;-0.00191808;0.000712909;0.00104867;-0.00208939;0.998838;-0.00325447;0.00181838;0.997582;0.0209079;0.987479;1;3;1
100.531;422.06;-1.91285;4.9327;-0.00106737;-0.00258696;0.000269027;-0.00102115;-0.00263319;0.997426;-0.00492344;0.00214214;0.996194;0.0211203;0.988457;1;3;1
123.531;422.06;-1.93509;4.89422;-0.000126846;-0.00334735;-0.000274346;-0.000103643;-0.00337056;0.996069;0.00251717;0.000176947;0.997145;0.020805;0.99083;1;3;1
146.531;422.06;-1.91876;4.84886;0.00142566;-0.00230336;-1.37895e-05;0.00142571;-0.00230341;1.00397;-0.00145679;0.00431106;0.999645;0.0178782;0.99121;1;3;1
169.531;422.06;-1.86968;4.78507;0.00213566;-0.00120553;0.000235649;0.0021522;-0.00122207;1.00425;-0.00283276;-0.0010695;0.996763;0.0197755;0.987418;1;3;1
192.531;422.06;-1.82066;4.78833;-0.00030651;-0.00134669;0.000319193;-0.000216372;-0.00143683;0.998547;0.00369225;0.00168754;0.998528;0.0250385;0.984816;1;3;1
215.531;422.06;-1.88379;4.77401;-0.0011934;-0.000985628;0.00032136;-0.000751778;-0.00142725;0.998022;-0.00298138;-0.000245264;0.997086;0.0205103;0.986998;1;3;1
238.531;422.06;-1.87573;4.67435;0.00172562;-0.00168506;-0.000371986;0.00176572;-0.00172516;1.00349;0.00100986;0.00287701;0.995711;0.0270267;0.983606;1;3;1
261.531;422.06;-1.80465;4.6491;0.0022291;0.000654413;0.0018256;0.0034299;-0.000546392;0.999866;-0.0054411;0.00157201;1.00402;0.0201452;0.990323;1;3;1
284.531;422.06;-1.77332;4.70998;0.000495049;-0.00211003;0.00190333;0.00149886;-0.00311385;1.00367;0.000838235;-0.000575839;0.997236;0.0189088;0.992659;1;2;1
307.531;422.06;-1.78189;4.68273;-0.00129292;-0.0006902;0.000243159;-0.000604333;-0.00137878;0.992701;-0.000990747;0.00174113;1.00299;0.0203233;0.992504;1;4;1
330.531;422.06;-1.83294;4.61069;0.000281281;-0.00133916;0.0013378;0.00103509;-0.00209297;0.998338;-0.00905233;0.00176814;0.993009;0.019791;0.990315;1;3;1
353.531;422.06;-1.76902;4.60273;0.0021437;-0.00195927;0.000343905;0.00217233;-0.00198789;1.00728;-0.000412566;0.00154915;0.998306;0.0201975;0.989677;1;3;1
376.531;422.06;-1.73445;4.57338;0.000394898;-0.000662054;0.000762132;0.000793856;-0.00106101;0.994749;-0.0015285;-0.00235938;0.994998;0.0198859;0.990062;1;3;1
399.531;422.06;-1.75088;4.5668;-0.000695909;-0.00196815;0.00136677;0.000175523;-0.00283958;0.999394;-0.00222052;0.00161284;0.998297;0.018939;0.991569;1;3;1
422.531;422.06;-1.76648;4.55939;0.00047667;-0.00187075;0.000725662;0.00068288;-0.00207696;1.00071;-0.00299065;0.00281007;0.999996;0.0192582;0.991343;1;3;1
445.531;422.06;-1.72899;4.50986;0.000667119;-0.0013104;0.0013672;0.00136563;-0.00200891;1.00284;-0.00336117;0.00113675;0.998065;0.019726;0.992085;1;2;1
468.531;422.06;-1.7358;4.56835;-0.000117117;-0.000704128;0.000787564;0.000429855;-0.0012511;1.00035;-0.00449839;-0.00217587;0.998734;0.0175803;0.991469;1;2;1
491.531;422.06;-1.73439;4.48243;0.00133846;-0.00104761;-0.000706865;0.00153214;-0.0012413;0.997638;-0.0039848;0.000352612;1.00356;0.0186301;0.992671;1;3;1
514.531;422.06;-1.6744;4.45923;0.000679124;-0.000953672;-0.000140434;0.000691114;-0.000965663;0.999214;-0.000408894;0.000393916;1.00292;0.0161417;0.993781;1;2;1
537.531;422.06;-1.70318;4.43682;0.000313379;-0.00143637;0.00130773;0.00101189;-0.00213489;1.002;-0.00367507;0.00092338;0.998517;0.0173631;0.992891;1;3;1
560.531;422.06;-1.65999;4.46172;0.00115381;-0.00259938;0.00105258;0.00142885;-0.00287442;0.998236;-0.0030805;-0.00073339;0.998064;0.0229168;0.986274;1;3;1
583.531;422.06;-1.65019;4.36612;0.000128147;-0.000518243;-0.000327918;0.000265371;-0.000655466;1.00303;-0.000590533;0.00456212;1.00092;0.0205403;0.99101;1;3;1
606.531;422.06;-1.6542;4.36058;-5.80327e-05;-0.00159034;0.00107339;0.000494584;-0.00214296;1.00014;-0.00409363;0.00084487;0.995732;0.0201065;0.990684;1;3;1
629.531;422.06;-1.65286;4.3529;0.000477255;-0.00226858;0.000815947;0.000701421;-0.00249274;0.99818;-0.000993137;-0.000853537;0.995703;0.021562;0.989444;1;2;1
652.531;422.06;-1.63228;4.30964;0.000251567;-0.00153221;0.000417229;0.000344333;-0.00162498;1.00094;0.000472248;0.00256808;0.996537;0.0192935;0.991101;1;3;1
675.531;422.06;-1.64144;4.23546;-0.000465404;-0.00199237;0.000563191;-0.000280156;-0.00217762;0.998303;-0.00219849;0.00175744;0.9953;0.020384;0.984714;1;3;1
698.531;422.06;-1.65373;4.25739;0.00027336;-0.0025767;0.000994541;0.000586093;-0.00288943;1.00508;-0.00251483;0.00012632;0.99368;0.0198721;0.988153;1;3;1
721.531;422.06;-1.62887;4.21654;0.000440479;-0.00173556;0.00114122;0.00092922;-0.0022243;0.999244;-0.00265982;0.00294408;0.998919;0.0237526;0.982782;1;3;1
744.531;422.06;-1.63348;4.23523;0.00112076;-0.00178938;0.00157859;0.00181259;-0.00248121;0.998115;-0.00532314;-0.00248176;0.996238;0.0195369;0.992379;1;3;1
767.531;422.06;-1.57735;4.22722;0.00244842;-0.00304673;0.000193697;0.00245524;-0.00305355;1.00545;0.00279782;0.00447264;0.997213;0.0197928;0.988621;1;3;1
790.531;422.06;-1.521;4.1948;-0.000368025;-0.000481877;0.000621077;0.000198729;-0.00104863;0.997682;0.000937682;-0.000231086;0.993358;0.0245745;0.984999;1;3;1
813.531;422.06;-1.59435;4.146;-0.0027509;-0.00229322;0.000186802;-0.00222666;-0.00281747;1.00153;3.4679e-06;0.00191209;1.00178;0.0303203;0.972435;1;3;1
836.531;422.06;-1.64775;4.14487;-0.00126407;-0.00362363;0.000697992;-0.00107306;-0.00381464;0.99653;-0.00170921;-0.00479865;0.996056;0.0223773;0.991382;1;3;1
859.531;422.06;-1.65254;4.13268;0.000431908;-0.00126614;-0.000211582;0.000457875;-0.0012921;1.00007;-0.00302154;0.00600935;1.00024;0.0233768;0.984184;1;3;1
882.531;422.06;-1.62797;4.05372;0.000247569;-0.00232402;0.000252188;0.000272067;-0.00234852;1.00069;0.00114414;-0.00537229;0.996071;0.0236048;0.989038;1;3;1
905.531;422.06;-1.64124;4.04131;-0.00213358;-0.000812393;0.00241505;0.00103078;-0.00397676;1.00193;-0.00176845;-0.00200724;1.00103;0.0214481;0.991134;1;2;1
928.531;422.06;-1.72625;4.10186;-0.00206479;-0.0022135;0.00184872;-0.000288931;-0.00398936;0.991011;-0.00528937;0.000597719;0.996333;0.0233964;0.984766;1;4;1
951.531;422.06;-1.73632;4.05208;3.08132e-05;-0.00151746;0.000318705;9.38504e-05;-0.0015805;1.00539;0.000767678;0.0023739;0.998353;0.0235336;0.980704;1;3;1
974.531;422.06;-1.72491;4.01724;0.000698774;-0.000285401;0.000941153;0.00126872;-0.000855348;1.00218;0.00476359;0.00159047;1.00006;0.0228103;0.98174;1;2;1
997.531;422.06;-1.70421;4.00849;7.43949e-05;-0.000880546;0.00105247;0.000752635;-0.00155879;0.997964;-0.00189696;-0.00667123;0.999586;0.021314;0.993035;1;3;1
1020.53;422.06;-1.72149;4.01606;0.0012733;-0.00269539;0.000605676;0.00136368;-0.00278576;1.00625;-0.00512862;0.00567659;1.00161;0.0216922;0.988244;1;3;1
1043.53;422.06;-1.64569;3.97495;-0.000427389;-0.00134875;0.000459943;-0.000237091;-0.00153905;0.997027;-0.00403462;0.00190952;1.00332;0.0235822;0.985532;1;3;1
1066.53;422.06;-1.74115;4.0059;-0.0035639;-0.00285036;0.00202254;-0.00115337;-0.00526089;0.999079;-0.0120985;-0.00279047;0.999608;0.0229796;0.982331;1;3;1
1089.53;422.06;-1.80992;3.96102;-1.88874e-05;-0.000535214;0.000440373;0.000233416;-0.000787517;0.998277;-0.00521208;0.00437496;0.999463;0.0194837;0.989156;1;3;1
1112.53;422.06;-1.7421;3.92071;0.00049554;0.00051963;0.00146582;0.00197346;-0.000958287;1.00679;-0.00817597;-0.00029345;0.995008;0.0198721;0.990763;1;3;1
1135.53;422.06;-1.78718;3.89523;-0.000732277;-0.00274612;0.000935243;-0.000364946;-0.00311345;0.99425;-0.00121312;-0.00166314;0.994877;0.0222578;0.986274;1;3;1
1158.53;422.06;-1.77583;3.8697;0.000228031;-0.00150746;0.000877024;0.000594042;-0.00187347;1.00527;-0.00228642;0.00324951;0.998823;0.0226513;0.98696;1;3;1
1181.53;422.06;-1.77671;3.84807;-0.0023016;0.00108011;-0.000190287;0.00109078;-0.00231227;0.994546;0.0029415;-0.000251613;1.00416;0.0236361;0.982359;1;3;1
1204.53;422.06;-1.88188;3.79884;-0.00243776;0.000563162;0.000653164;0.000699162;-0.00257376;0.992838;-0.000238235;0.00794638;1.00128;0.0287024;0.975289;1;4;1
1227.53;422.06;-1.88905;3.77342;0.000435619;-0.00173228;-0.000737221;0.000662563;-0.00195923;0.999236;-0.00409511;-0.00450384;1.00391;0.0296425;0.965439;1;2;1
1250.53;422.06;-1.86202;3.67058;-2.84488e-05;0.00172761;-0.000575753;0.00189954;-0.000200385;1.00833;-0.00631279;0.00761149;1.00033;0.0311257;0.962416;1;3;1
1273.53;422.06;-1.89067;3.60304;-0.0012407;0.00164993;-0.0011427;0.00204709;-0.00163785;0.992181;-0.00366604;0.00442234;0.992076;0.043176;0.937812;1;3;1
31.5305;399.06;-1.95443;5.08684;0.00121082;-0.00258636;-0.00168848;0.00185302;-0.00322856;0.998167;-0.00218979;0.000615037;1.00054;0.0202034;0.994455;1;3;1
54.5305;399.06;-1.92682;4.98589;0.000771998;-0.00295487;-0.000714886;0.000904422;-0.00308729;1.00392;-0.000460542;0.000689717;0.995364;0.0235329;0.98384;1;3;1
77.5306;399.06;-1.91905;4.98416;-0.000321421;-0.00306454;0.000758993;-0.00012542;-0.00326054;0.997669;-0.00372255;0.00358465;0.997421;0.0213836;0.992404;1;3;1
100.531;399.06;-1.94162;4.95476;-0.000237438;-0.00164802;0.00071897;6.44214e-05;-0.00194988;1.00112;-0.00216252;0.00091086;1.00141;0.0241374;0.987201;1;3;1
123.531;399.06;-1.92997;4.96745;0.000161012;-0.00184715;0.000193497;0.000179486;-0.00186563;0.997175;-0.000522579;0.000332653;0.99644;0.0221257;0.989941;1;3;1
146.531;399.06;-1.93421;4.94346;6.43391e-05;-0.00181029;-0.00114154;0.000604069;-0.00235002;1.00376;0.00181088;0.00479224;0.994682;0.0229633;0.982286;1;3;1
169.531;399.06;-1.92716;4.85191;0.00127011;-0.00281274;-0.000560776;0.00134573;-0.00288836;1.00259;-0.0022066;0.00262076;0.998388;0.0201368;0.991413;1;3;1
192.531;399.06;-1.87598;4.82563;4.37788e-05;-0.00162072;0.000285459;9.13737e-05;-0.00166831;1.00252;-0.0016492;0.000272201;0.998418;0.0219299;0.988863;1;3;1
215.531;399.06;-1.92516;4.81057;-0.000466636;-0.00215235;0.00138341;0.000310455;-0.00292944;0.998774;0.00347117;0.00318231;0.996027;0.0201577;0.989384;1;3;1
238.531;399.06;-1.89745;4.82918;0.000532159;-0.00273066;-0.000147113;0.000538778;-0.00273728;1.00109;-0.00320373;0.00102025;0.996517;0.0216702;0.990374;1;3;1
261.531;399.06;-1.90086;4.68647;0.00014691;-0.00270991;-0.000196477;0.00016036;-0.00272336;1.00135;-0.0031782;0.00621452;0.997668;0.0203638;0.993227;1;3;1
284.531;399.06;-1.89089;4.69255;0.000983129;-0.00109497;0.00156157;0.00181975;-0.00193159;0.999374;-0.00285926;-0.000502961;0.999718;0.0165039;0.993752;1;3;1
307.531;399.06;-1.85566;4.69494;0.000175865;-0.000265726;0.000976753;0.000956467;-0.00104633;1.00186;-0.00100698;0.000842457;0.999402;0.0168952;0.993913;1;3;1
330.531;399.06;-1.8828;4.68658;0.000666896;-0.00107956;0.000171793;0.000683634;-0.0010963;1.00207;0.001794;0.000217523;1.00277;0.0216834;0.986158;1;3;1
353.531;399.06;-1.82502;4.64264;0.00175879;-0.00125465;0.00101384;0.00206813;-0.00156399;1.0016;-0.0047537;-0.00281124;1.00126;0.0209304;0.988923;1;3;1
376.531;399.06;-1.802;4.64001;0.000221204;-0.00312169;0.00119433;0.00060406;-0.00350455;0.999126;-0.00370043;0.00179835;0.999834;0.0190313;0.990011;1;3;1
399.531;399.06;-1.81485;4.63122;-3.72908e-05;-0.000470643;0.000239171;6.87576e-05;-0.000576692;0.997051;-0.00202387;0.00109254;1.00151;0.023155;0.989005;1;2;1
422.531;399.06;-1.80376;4.57343;0.000838514;-0.000106806;0.000573377;0.00110893;-0.000377227;0.999825;-0.00186623;0.00491524;1.00197;0.0184263;0.993128;1;2;1
445.531;399.06;-1.77632;4.57833;0.000568932;-0.000576302;0.000982456;0.00113346;-0.00114083;1.00029;-0.00147977;0.00170142;1.00293;0.0188153;0.991211;1;3;1
468.531;399.06;-1.7776;4.54424;0.00142896;0.000445779;0.000644796;0.00174819;0.000126554;1.00297;-0.00246835;-0.000226778;1.00034;0.0167431;0.993929;1;3;1
491.531;399.06;-1.71065;4.55186;0.00227489;-0.000744407;0.000973925;0.00256179;-0.0010313;1.00295;0.000111911;-0.0045439;0.997888;0.0198191;0.989601;1;3;1
514.531;399.06;-1.67308;4.52199;-0.000764492;-0.000458254;0.00121623;0.000614456;-0.0018372;0.999769;-0.00533178;0.00456744;0.995681;0.0192489;0.990552;1;3;1
537.531;399.06;-1.74584;4.5199;-0.00211276;-0.00156721;0.000631417;-0.00115217;-0.0025278;0.996842;-0.00246917;0.000622984;1.0027;0.0175171;0.993595;1;3;1
560.531;399.06;-1.77038;4.49696;-0.000179987;-0.00123768;-0.0003366;-8.19545e-05;-0.00133572;0.996149;-0.00323463;0.00158556;1.00155;0.0204653;0.98828;1;3;1
583.531;399.06;-1.75428;4.39904;0.00101676;-0.00182835;0.000937271;0.00129777;-0.00210936;1.00386;-0.00853314;0.00213687;0.995327;0.019247;0.990473;1;3;1
606.531;399.06;-1.72368;4.42846;0.00111487;-0.00215392;0.00117206;0.00149169;-0.00253074;1.0003;-0.000976831;-0.000344742;1.00154;0.0173181;0.992642;1;3;1
629.531;399.06;-1.70302;4.40753;0.000129572;-0.00157544;0.000402952;0.000220006;-0.00166588;1.00122;-0.00402178;-0.000136367;0.999687;0.0217715;0.98513;1;2;1
652.531;399.06;-1.71781;4.34007;0.000880809;-0.00185046;0.000450316;0.000953139;-0.00192279;1.00381;-0.00364469;0.00142911;0.994836;0.0199831;0.990623;1;3;1
675.531;399.06;-1.66262;4.31339;0.00144221;-0.00247905;0.000405443;0.0014837;-0.00252053;0.996286;0.000332514;0.00429108;0.999504;0.0173575;0.993525;1;3;1
698.531;399.06;-1.65153;4.30494;-0.00011177;-0.00215997;0.000253232;-8.0926e-05;-0.00219081;1.00099;0.000132264;0.00157847;1.00224;0.0223354;0.986539;1;2;1
721.531;399.06;-1.66777;4.27724;-0.00105902;-0.00159652;0.00151182;0.000207749;-0.00286329;0.998045;-0.000862485;0.000710324;0.999893;0.0201264;0.987505;1;3;1
744.531;399.06;-1.70027;4.31468;0.000476021;-0.00238552;0.00166926;0.00124378;-0.00315328;1.00268;0.00190331;-0.00445466;0.998706;0.021494;0.988903;1;3;1
767.531;399.06;-1.64591;4.33101;0.00012039;-0.00105433;0.000218725;0.000159793;-0.00109374;0.996552;-0.00517418;0.00592863;0.995351;0.0266128;0.982631;1;4;1
790.531;399.06;-1.69506;4.14104;-0.000991046;-0.00152605;0.000902328;-0.000317403;-0.00219969;0.998886;-0.00484975;0.00430364;0.996714;0.0232028;0.989451;1;3;1
813.531;399.06;-1.69158;4.25884;-0.000611705;-0.00383334;0.00228641;0.000574333;-0.00501938;0.998368;-0.00537449;-0.00488973;0.992844;0.0229968;0.988088;1;3;1
836.531;399.06;-1.72331;4.23656;-0.000372684;-0.00155348;0.000571626;-0.000141299;-0.00178486;0.998291;-0.0064374;0.00288233;0.999119;0.0247584;0.984335;1;3;1
859.531;399.06;-1.70883;4.16098;0.00129219;-0.000760359;0.000542891;0.00142693;-0.000895105;1.00498;-0.00279093;0.00845298;0.998926;0.0223147;0.98642;1;3;1
882.531;399.06;-1.664;4.14103;-0.000263255;-0.00237236;0.00101518;0.000145982;-0.0027816;1.00272;-0.00072212;-0.00251314;0.996681;0.0223848;0.985607;1;2;1
905.531;399.06;-1.72098;4.10539;-0.00247509;-0.00251296;0.0012086;-0.00128528;-0.00370277;0.990896;0.000626733;-0.00205368;0.996942;0.0223485;0.988855;1;3;1
928.531;399.06;-1.778;4.14945;-0.00194897;-0.00155159;0.000917534;-0.000811479;-0.00268908;0.996594;0.000971889;0.0027874;0.998551;0.0245937;0.989809;1;3;1
951.531;399.06;-1.81072;4.12769;-0.000307412;-0.000833602;-0.00105427;0.000516091;-0.0016571;1.00021;-0.0035595;0.00406184;0.998802;0.0281216;0.978513;1;3;1
974.531;399.06;-1.79223;4.05793;0.00176859;-1.27342e-05;-9.60392e-05;0.00177375;-1.78972e-05;1.0047;0.00150716;0.00188088;1.00168;0.0221488;0.988053;1;3;1
997.531;399.06;-1.72946;4.08043;0.000832092;-0.00130001;0.00171972;0.00178938;-0.0022573;0.99903;-0.00610755;-0.00407168;1.00062;0.0268518;0.978208;1;3;1
1020.53;399.06;-1.75401;4.11946;-0.000179735;-0.00105142;0.000725718;0.000230958;-0.00146212;0.999127;0.00215279;-0.00174653;0.996192;0.0259218;0.979472;1;3;1
1043.53;399.06;-1.73778;4.01151;-0.00215952;-0.00237707;0.000940588;-0.00132144;-0.00321515;0.994604;-0.006425;0.00535327;0.991357;0.0210372;0.986528;1;3;1
1066.53;399.06;-1.85357;4.01976;-0.00174376;-0.000659868;0.000822251;-0.000217027;-0.0021866;1.00104;0.0026874;0.00256564;1.0005;0.0224159;0.989212;1;3;1
1089.53;399.06;-1.81807;3.99434;-0.000143188;0.000203782;-0.0016334;0.00167289;-0.00161229;0.99882;0.00596554;0.00130918;0.995435;0.0242866;0.981692;1;3;1
1112.53;399.06;-1.86026;3.9215;-0.000644567;-0.000470435;0.000566192;1.53458e-05;-0.00113035;0.997914;0.000743757;-0.00531743;1.00049;0.0228443;0.982258;1;4;1
1135.53;399.06;-1.84773;3.97961;-5.5688e-05;-0.00125988;0.000652711;0.00023022;-0.00154579;0.996303;-0.0041946;0.00493056;0.998686;0.0251762;0.984673;1;2;1
1158.53;399.06;-1.86282;3.90503;-0.000704763;0.000141883;-0.00146592;0.00124438;-0.00180726;1.00538;-2.50064e-05;0.00779854;0.998691;0.0261247;0.98001;1;3;1
1181.53;399.06;-1.88056;3.78866;-0.00122586;-0.000618484;0.00034651;-0.000461417;-0.00138293;0.993856;-0.00684878;-0.00322711;0.999763;0.0268941;0.979506;1;3;1
1204.53;399.06;-1.91943;3.77464;-0.000426367;-0.000935362;0.000599545;-2.95404e-05;-0.00133219;0.997762;0.00127516;0.00262246;1.0004;0.0276667;0.975848;1;4;1
1227.53;399.06;-1.90018;3.81478;-0.000848804;-0.00053778;0.0002192;-0.000424531;-0.000962053;1.00024;-0.000567961;-0.000407251;0.995144;0.0304784;0.975839;1;3;1
1250.53;399.06;-1.95851;3.74189;-0.000553655;-0.00201933;-0.000323872;-0.000485279;-0.0020877;0.993343;-0.0013229;0.00246586;0.994846;0.0292378;0.967336;1;3;1
1273.53;399.06;-1.92602;3.63252;0.00142484;-0.00117482;-0.00157213;0.0021649;-0.00191488;1.00983;0.000428494;0.00867103;1.00265;0.0317146;0.972085;1;4;1
31.5305;376.06;-1.97599;5.14057;-0.000595267;-0.00185412;-0.000197949;-0.000564875;-0.00188452;0.998908;-0.00559415;-0.00272755;0.996074;0.0195978;0.989857;1;3;1
54.5305;376.06;-1.98976;5.07997;-0.000234697;-0.00245183;-0.000528264;-0.000115264;-0.00257126;1.00224;-0.0010054;0.00372126;0.997599;0.0225634;0.985291;1;3;1
77.5306;376.06;-1.98684;5.07406;-0.000127556;-0.00286745;8.6237e-05;-0.000124845;-0.00287017;0.999905;-0.00100094;6.77253e-05;0.999617;0.0178427;0.993485;1;3;1
100.531;376.06;-1.99569;5.00864;0.000494905;-0.00252574;-0.000379771;0.00054192;-0.00257275;1.00099;0.000932458;0.00252603;0.996191;0.0198589;0.987883;1;3;1
123.531;376.06;-1.96417;4.97928;0.00145075;-0.000253051;0.000768852;0.0017464;-0.000548699;0.99824;-0.004097;0.000558538;1.00184;0.0202998;0.98756;1;2;1
146.531;376.06;-1.92907;4.93221;0.000624341;-0.000877115;0.00040569;0.000726946;-0.00097972;1.00264;-0.00520916;0.00257934;1.00028;0.020998;0.986262;1;3;1
169.531;376.06;-1.93551;4.91468;0.00089003;-0.00262035;0.000418021;0.000939122;-0.00266944;1.00389;-0.000882733;0.00217661;0.996774;0.024427;0.983315;1;2;1
192.531;376.06;-1.88819;4.86299;-0.00156499;-0.00289245;0.000537794;-0.00137446;-0.00308298;1.00066;-0.000417226;0.000705294;0.997787;0.0185049;0.991977;1;3;1
215.531;376.06;-2.00757;4.8733;-0.00212103;-0.00164416;0.000276455;-0.00151752;-0.00224767;0.994541;-0.0032449;-0.00251301;0.999228;0.019704;0.986678;1;3;1
238.531;376.06;-1.98591;4.80026;0.00184654;-0.000860607;0.000445546;0.00191799;-0.00093205;0.997428;-0.00604167;0.00517621;1.00275;0.0234546;0.98777;1;3;1
261.531;376.06;-1.92282;4.77407;0.00168697;-0.00327161;0.000393187;0.00171795;-0.0033026;1.00655;-0.000947387;0.00191153;0.994509;0.0215879;0.990311;1;2;1
284.531;376.06;-1.90839;4.76057;0.000982805;-0.00269247;-0.000157505;0.000989543;-0.00269921;0.996786;-0.00217117;-0.00239602;0.996084;0.0191049;0.99241;1;3;1
307.531;376.06;-1.8777;4.69505;0.000164316;-0.00154486;0.0002005;0.000187521;-0.00156807;1.00328;-0.00167195;0.000871245;0.997534;0.0209082;0.991281;1;2;1
330.531;376.06;-1.90094;4.66043;-0.000670709;-0.00103515;0.000258608;-0.000536572;-0.00116929;0.995068;-0.00144315;0.00157201;0.996383;0.0192699;0.990753;1;3;1
353.531;376.06;-1.90857;4.66069;0.000985113;-0.00238301;0.00175925;0.00173642;-0.00313432;1.00105;0.00166339;0.00193107;0.99519;0.018512;0.991693;1;3;1
376.531;376.06;-1.85568;4.71736;0.00150561;-0.00109991;0.0010263;0.00186131;-0.00145561;1.00402;-0.00485349;-0.000889632;1.0028;0.0199831;0.99398;1;3;1
399.531;376.06;-1.83942;4.58854;-0.000349775;-0.000720752;-0.00024643;-0.000226826;-0.000843701;0.99592;-0.00129309;0.000350552;1.00332;0.021106;0.994353;1;3;1
422.531;376.06;-1.87203;4.56442;-0.000196387;-0.000622066;0.00077388;0.000393389;-0.00121184;1.00493;-0.0069261;-0.00219405;0.995913;0.0187008;0.991012;1;3;1
445.531;376.06;-1.84849;4.53653;0.00109973;-0.00170435;0.00136194;0.00165232;-0.00225695;1.00174;-0.00529197;0.00766744;0.992616;0.0202427;0.986867;1;3;1
468.531;376.06;-1.82147;4.54793;5.48311e-05;-0.00180381;0.000949065;0.000453804;-0.00220278;1.00061;-0.00041556;-0.00630498;0.997166;0.0153137;0.995203;1;3;1
491.531;376.06;-1.84597;4.51682;6.88666e-05;-0.00127375;0.00129622;0.000857301;-0.00206218;1.00156;-0.00632722;0.000169524;0.999074;0.0218456;0.985942;1;3;1
514.531;376.06;-1.81835;4.48054;0.00129514;-0.000791913;0.001497;0.00207643;-0.0015732;0.999887;-0.000485766;0.00142425;0.997538;0.018486;0.993264;1;3;1
537.531;376.06;-1.78643;4.50905;0.0014931;0.000170651;0.00190065;0.00284426;-0.00118051;1.00366;0.00125311;-0.000567434;0.99629;0.0219497;0.98752;1;3;1
560.531;376.06;-1.74974;4.51878;-0.000394766;-0.000266119;0.000432559;0.000106873;-0.000767758;0.997275;-0.00204528;-0.00138069;0.997159;0.0194251;0.990143;1;3;1
583.531;376.06;-1.80463;4.45056;-7.99489e-05;-0.00226051;-4.26116e-05;-7.91165e-05;-0.00226134;1.00363;-0.000990347;0.00230836;1.00095;0.0201216;0.988565;1;3;1
606.531;376.06;-1.75346;4.45987;0.000575482;-0.00169178;0.000793114;0.000825379;-0.00194168;0.996923;-0.00226276;0.00410844;0.996807;0.0212487;0.98838;1;3;1
629.531;376.06;-1.77817;4.4256;-0.000305644;-0.00158248;0.000288468;-0.000243497;-0.00164463;1.00193;-0.00218172;-0.00519086;0.999693;0.0238836;0.989202;1;3;1
652.531;376.06;-1.76756;4.39504;0.00140459;-0.00138458;0.000451202;0.00147576;-0.00145576;0.997958;-0.00340299;0.00950985;1.00138;0.0208672;0.988271;1;3;1
675.531;376.06;-1.71367;4.34969;0.00118501;-0.00154922;0.000587597;0.00130593;-0.00167015;1.00014;-0.00354928;-0.000260865;0.997536;0.027744;0.980511;1;3;1
698.531;376.06;-1.7131;4.35689;-0.000970564;-0.00109856;0.00114978;0.000116994;-0.00218612;1.00135;-0.00449413;0.00526033;0.994307;0.02177;0.989081;1;3;1
721.531;376.06;-1.75838;4.29023;-0.000440352;-0.000543993;0.00120007;0.000709014;-0.00169336;0.997679;-0.00434706;-0.00432063;0.997006;0.0192468;0.9914;1;2;1
744.531;376.06;-1.73336;4.3452;-0.00027211;0.000181188;0.000997452;0.000977417;-0.00106834;0.998529;-7.33331e-05;0.00759897;1.00131;0.0267027;0.983468;1;3;1
767.531;376.06;-1.7709;4.27615;0.00124436;0.00105913;0.000812519;0.00196952;0.00033396;1.00152;-0.00636107;-0.000248571;1.0052;0.0231188;0.988303;1;3;1
790.531;376.06;-1.67623;4.26532;0.00133356;-0.00325335;0.00164596;0.00186307;-0.00378286;1.00541;-0.00522254;-0.00340826;0.998601;0.0228058;0.989461;1;3;1
813.531;376.06;-1.70962;4.32282;-0.00264533;-0.00126483;0.000136721;-0.00125142;-0.00265874;0.995721;-0.00113264;0.00768572;1.00074;0.0247057;0.979956;1;3;1
836.531;376.06;-1.7981;4.21663;-0.00190844;-0.000926556;-0.00127813;-4.83264e-05;-0.00278667;0.998427;0.00392103;-0.000759122;1.00296;0.0249739;0.984355;1;3;1
859.531;376.06;-1.79775;4.1679;0.000462219;0.000525239;0.000224697;0.000720624;0.000266834;0.996593;-0.000248121;0.00260962;1.00464;0.0264837;0.982445;1;4;1
882.531;376.06;-1.77687;4.16322;0.00116289;-0.000810167;0.00198685;0.00239465;-0.00204193;1.00489;-0.00495972;-0.00414595;0.997764;0.0235176;0.986413;1;3;1
905.531;376.06;-1.74429;4.15717;-0.000253046;-0.0026126;0.00132257;0.000339484;-0.00320513;0.997167;-0.00252641;-0.00176175;0.993769;0.0214047;0.992545;1;3;1
928.531;376.06;-1.78852;4.17333;0.000295143;-0.000325698;0.000367253;0.000465593;-0.000496147;1.00364;-0.00113784;0.00322658;0.994215;0.0223272;0.986265;1;3;1
951.531;376.06;-1.73077;4.09044;0.000554835;-0.000239836;-0.00205324;0.00224884;-0.00193384;0.999606;8.7325e-06;0.00105281;1.00315;0.023831;0.983839;1;4;1
974.531;376.06;-1.76326;4.01784;-0.00152311;-0.00188483;0.000402541;-0.00126266;-0.00214527;1.0003;-0.000326664;-0.00121867;0.996642;0.0218187;0.986375;1;3;1
997.531;376.06;-1.80089;4.06844;-0.0020379;-0.000524976;0.00248834;0.00131935;-0.00388222;0.996578;-0.00219003;0.00121813;0.995681;0.0227452;0.984264;1;3;1
1020.53;376.06;-1.85713;4.06465;-0.000678067;0.000650112;0.00176341;0.00187033;-0.00189829;0.998702;-0.00313072;-0.00148882;1.00129;0.0218837;0.988701;1;3;1
1043.53;376.06;-1.83209;4.08481;0.000500389;-0.00189331;0.000748066;0.00071494;-0.00210786;0.999636;0.00238302;9.45294e-05;1.00056;0.0201812;0.987561;1;3;1
1066.53;376.06;-1.83412;4.03635;0.00161807;-0.00131773;-0.00100188;0.00192738;-0.00162705;1.00195;0.000247934;0.00410599;0.994803;0.0192986;0.991013;1;3;1
1089.53;376.06;-1.75791;3.95168;0.000549445;-0.00265283;0.000337099;0.000584546;-0.00268793;1.00058;-0.00779931;0.00365665;0.997603;0.0234918;0.980112;1;4;1
1112.53;376.06;-1.80895;3.9424;-0.00229683;-0.0024153;0.000372639;-0.00197875;-0.00273338;0.998795;-0.000603991;-0.00188568;1.00053;0.0207648;0.993749;1;3;1
1135.53;376.06;-1.86369;3.95328;-0.00049888;0.00144707;0.000388884;0.0015219;-0.000573718;0.994804;0.00055652;0.00204905;1.0099;0.0294069;0.977097;1;3;1
1158.53;376.06;-1.83197;3.86321;-0.00163671;-0.000532524;-0.000263811;-0.000472733;-0.0016965;0.999319;-0.00287041;-0.00062734;0.998028;0.0240386;0.986185;1;3;1
1181.53;376.06;-1.9391;3.87681;-0.00171551;-0.00193351;9.14125e-05;-0.00168225;-0.00196677;0.995358;0.00228439;0.00313114;0.997677;0.0279764;0.973467;1;3;1
1204.53;376.06;-1.91096;3.84189;-6.13325e-05;-0.00127242;-0.000859956;0.000384889;-0.00171864;0.995338;-0.00263912;5.59721e-05;0.994425;0.0258698;0.975337;1;3;1
1227.53;376.06;-1.94199;3.7982;-0.00224033;-0.000515607;-0.000294107;-0.000466834;-0.00228911;1.0039;0.005362;0.00554765;1.00304;0.0267336;0.973741;1;4;1
1250.53;376.06;-2.0142;3.76381;-0.000482605;-0.000222257;-0.000927412;0.000584072;-0.00128893;0.994864;-0.00442561;-0.00413219;1.00234;0.0270503;0.976132;1;3;1
1273.53;376.06;-1.96441;3.65717;0.00217762;-0.00365986;-0.00116369;0.00240104;-0.00388329;1.00577;-0.00150299;0.0101924;0.992177;0.0335374;0.976473;1;3;1
31.5305;353.06;-2.05726;5.17233;0.00491677;-0.0043875;-0.00217707;0.00540098;-0.0048717;1.00794;-0.00176705;0.00180766;1.00235;0.0197846;0.993222;1;3;1
54.5305;353.06;-1.94457;5.09881;0.00128742;-0.00389743;-0.000458498;0.00132765;-0.00393766;0.996124;-0.000376368;-0.000394244;0.998185;0.0196758;0.994663;1;3;1
77.5306;353.06;-1.99811;5.11632;-0.00123014;-0.00134034;0.000403347;-0.000878149;-0.00169234;1.00193;0.000832317;-0.00109536;0.994992;0.0175171;0.993956;1;3;1
100.531;353.06;-2.0012;5.07113;-0.00170718;-0.00183325;-0.002229;0.000459674;-0.0040001;0.995718;-0.000946727;0.0033074;0.996868;0.0204062;0.99011;1;3;1
123.531;353.06;-2.07691;4.97933;-0.000754761;-0.000701611;-0.00151596;0.000788003;-0.00224437;1.00123;0.00415723;-0.00270907;1.00071;0.0223739;0.988956;1;3;1
146.531;353.06;-2.03601;4.98393;0.000921202;-0.00507664;0.00048636;0.000960384;-0.00511582;0.999689;-0.000905772;0.00843418;0.99865;0.0197503;0.993148;1;3;1
169.531;353.06;-2.03456;4.97273;0.00150455;-0.00419792;0.00185432;0.0020545;-0.00474787;1.00054;-0.00624973;0.000377037;0.99891;0.0202882;0.992373;1;3;1
192.531;353.06;-1.96686;4.95896;0.00046153;-0.0057396;0.000882964;0.000584802;-0.00586287;1.00081;-0.00572486;0.00232329;0.995795;0.0201096;0.989636;1;3;1
215.531;353.06;-2.01341;4.88635;-0.00152858;-0.0041552;-0.00190659;-0.000526749;-0.00515703;0.996253;0.00163929;0.00247151;1.00065;0.021849;0.987425;1;3;1
238.531;353.06;-2.03732;4.869;0.00080416;-0.00518071;-0.00157103;0.00119149;-0.00556804;1.00027;0.00130329;0.00226415;0.996738;0.0211452;0.992749;1;2;1
261.531;353.06;-1.97646;4.83727;0.00178857;-0.00243312;0.000579174;0.00186658;-0.00251114;1.00391;0.000188156;0.00384003;1.00111;0.0207918;0.992522;1;3;1
284.531;353.06;-1.95515;4.81661;5.3092e-05;-0.00137939;0.00032761;0.000124461;-0.00145076;0.996249;-0.00361466;-0.000304603;1.00249;0.0205446;0.98967;1;3;1
307.531;353.06;-1.97408;4.76621;0.000309977;-0.00240318;0.000931062;0.00059875;-0.00269196;1.00116;-0.00667387;0.00650133;0.992972;0.0207682;0.994406;1;3;1
330.531;353.06;-1.94096;4.73426;0.000959346;-0.00588101;0.000134826;0.000962002;-0.00588367;1.00262;-0.0032563;-0.00258595;0.995773;0.0200604;0.992178;1;3;1
353.531;353.06;-1.92997;4.75251;-0.00059219;-0.00273697;0.000410229;-0.000516404;-0.00281276;0.998581;-0.000467821;-0.00186119;0.999269;0.0177842;0.993064;1;3;1
376.531;353.06;-1.96823;4.69093;-0.000326056;-0.000301812;0.000447377;0.000133608;-0.000761476;1.00197;-0.00142348;0.0038884;0.996303;0.0190072;0.99333;1;3;1
399.531;353.06;-1.94505;4.66457;0.0008996;0.000235221;0.0015412;0.00214401;-0.00100919;0.993835;-0.00624565;-0.000729537;0.991549;0.0196152;0.992483;1;3;1
422.531;353.06;-1.92696;4.60222;0.000589765;-0.000121692;0.000465376;0.000819799;-0.000351726;1.00431;-0.00113078;-0.0036022;1.00186;0.019795;0.993564;1;3;1
445.531;353.06;-1.91793;4.65701;0.000921658;-0.00297512;0.00183599;0.00165041;-0.00370387;0.998972;-0.00324361;0.00183875;0.997244;0.0164173;0.993898;1;3;1
468.531;353.06;-1.88459;4.62741;0.000451615;-0.00216016;8.88968e-05;0.000454637;-0.00216318;1.0009;-0.00202775;-0.000910934;0.999335;0.0163139;0.994739;1;3;1
491.531;353.06;-1.89719;4.61087;0.0014413;-0.00212397;-0.000854855;0.00163568;-0.00231835;1.00382;-0.00511794;0.00392523;1.00086;0.0184096;0.992341;1;3;1
514.531;353.06;-1.81839;4.55866;0.000327142;-0.00134709;-0.000468922;0.000449531;-0.00146948;0.99791;-0.00119503;-0.00112308;0.998442;0.0183811;0.994937;1;3;1
537.531;353.06;-1.88225;4.51225;-0.00109236;-0.00112878;0.000115414;-0.000993732;-0.00122741;1.0003;-0.00740168;0.00268082;0.996374;0.0187599;0.989733;1;3;1
560.531;353.06;-1.86869;4.50931;0.00159075;0.00113888;0.00155018;0.00293137;-0.00020174;0.999061;-0.00399638;-0.00153151;0.993637;0.0189662;0.993767;1;3;1
583.531;353.06;-1.80913;4.50318;0.00102611;-0.00475138;0.000632327;0.0010945;-0.00481978;1.00217;-0.0010986;0.00461824;0.998791;0.0213263;0.990025;1;3;1
606.531;353.06;-1.82151;4.50646;0.000322205;-0.00419364;0.00103126;0.000546563;-0.004418;0.999217;-0.00672139;-0.00230856;1.00162;0.0212875;0.987446;1;3;1
629.531;353.06;-1.79432;4.48047;-0.0002897;-0.00125533;0.000249798;-0.000228908;-0.00131612;1.00101;-0.00545157;7.05465e-06;0.997724;0.0203618;0.990253;1;3;1
652.531;353.06;-1.83495;4.40395;0.000864718;0.00100771;0.000757328;0.00169691;0.000175521;1.00077;-0.000600813;0.00630872;0.998907;0.0187643;0.992763;1;3;1
675.531;353.06;-1.75466;4.3848;0.000393764;-0.000485972;0.000584028;0.000685041;-0.000777249;1.00127;-0.0016716;-0.00481321;1.0023;0.0221045;0.990427;1;3;1
698.531;353.06;-1.81687;4.3558;-0.000764668;-0.00292611;0.00103232;-0.000350849;-0.00333993;0.999584;-0.00237419;0.0067766;1.00181;0.0198353;0.990454;1;2;1
721.531;353.06;-1.78992;4.30243;0.000233771;-0.0039345;0.000634366;0.000328176;-0.0040289;1.00014;-0.0010443;-0.0019467;1.00208;0.0218961;0.988304;1;3;1
744.531;353.06;-1.80614;4.30647;-0.000228578;-0.00206933;0.00046529;-0.000117651;-0.00218026;0.996776;-0.0061508;0.0067482;1.00603;0.0249742;0.986151;1;4;1
767.531;353.06;-1.80044;4.28257;0.000137249;-0.000711939;0.000339163;0.000256081;-0.000830771;1.00084;-3.0327e-06;0.000319856;1.00175;0.0248021;0.989924;1;3;1
790.531;353.06;-1.79983;4.29106;0.00103322;-0.00123742;0.0021151;0.00229844;-0.00250264;1.00178;-0.00123561;-0.000383979;1.00169;0.0208935;0.991635;1;3;1
813.531;353.06;-1.75295;4.3171;0.000854099;0.00219061;0.00138748;0.00306237;-1.76655e-05;1.00082;0.000618113;-0.00266077;0.999197;0.0203211;0.988762;1;3;1
836.531;353.06;-1.76056;4.27922;-0.000643284;-0.00342432;-0.00132866;-0.000110554;-0.00395705;0.996467;-0.00376963;0.00423551;0.99427;0.0211055;0.98639;1;3;1
859.531;353.06;-1.7829;4.13689;-0.00209821;-0.00411661;-0.000821928;-0.00180585;-0.00440897;0.999439;-0.000701324;0.00804192;0.992459;0.0214011;0.991489;1;3;1
882.531;353.06;-1.85729;4.17872;-0.0010779;-0.000847463;0.00247834;0.00151834;-0.0034437;0.999299;-0.00522846;-0.00875175;0.999026;0.0223495;0.985253;1;4;1
905.531;353.06;-1.8326;4.22586;-0.000460049;-0.00501011;0.000539293;-0.000397003;-0.00507315;1.00006;-0.00368093;0.000382;1.00156;0.0209438;0.990703;1;3;1
928.531;353.06;-1.87846;4.16454;0.0012048;-0.00194291;-0.000564332;0.00130291;-0.00204103;1.00294;-0.00101555;0.00156848;1.00071;0.0200769;0.991578;1;3;1
951.531;353.06;-1.77729;4.13873;0.000590288;-0.00637498;0.00246975;0.00137713;-0.00716181;1.00149;-0.00521441;0.00126983;0.996956;0.0213306;0.987199;1;3;1
974.531;353.06;-1.85132;4.14475;-0.00292349;-0.00179696;0.00123663;-0.00100136;-0.0037191;1.00012;0.00163289;0.000603599;0.998484;0.0230087;0.9875;1;4;1
997.531;353.06;-1.91198;4.10495;-0.00105625;-0.00195821;8.10523e-06;-0.00105618;-0.00195829;0.996952;-0.00855756;0.00151527;1.00357;0.0239151;0.982356;1;3;1
1020.53;353.06;-1.89997;4.0898;0.00167937;-0.00350757;0.00107188;0.00189215;-0.00372034;1.00172;0.00254824;0.00239891;1.00103;0.0195098;0.990879;1;3;1
1043.53;353.06;-1.8348;4.09879;0.000123633;-0.00205571;0.000993636;0.000508647;-0.00244072;1.00021;-0.00412471;-0.000856918;1.00113;0.021058;0.98906;1;3;1
1066.53;353.06;-1.89428;4.08043;-0.00234325;-0.00236814;0.00129947;-0.00105617;-0.00365523;0.997672;-0.00536436;0.000133731;1.00291;0.0183171;0.993066;1;3;1
1089.53;353.06;-1.94272;4.1167;2.79919e-05;-0.00381346;0.000582609;0.000114408;-0.00389988;0.997636;-0.00164273;0.00144035;0.997305;0.0220461;0.990407;1;3;1
1112.53;353.06;-1.89302;4.03275;-0.000428178;-0.00163289;-0.00167615;0.000750565;-0.00281163;0.997026;-0.0030019;0.00213321;0.996111;0.0256427;0.981079;1;3;1
1135.53;353.06;-1.96287;3.91324;-0.000476727;-0.00310105;-0.0010308;-0.000120264;-0.00345751;1.00093;-0.00106595;0.00552285;0.991208;0.0195077;0.991623;1;3;1
1158.53;353.06;-1.91507;3.92956;0.00114384;-0.00352329;0.000680381;0.001241;-0.00362045;1.00253;-0.00080963;-0.00334225;0.995698;0.023655;0.985865;1;2;1
1181.53;353.06;-1.9103;3.8777;-7.95985e-05;-0.000764259;-0.00106276;0.000694608;-0.00153847;0.998734;-0.00326333;-0.000814206;0.99824;0.0230471;0.988504;1;3;1
1204.53;353.06;-1.91883;3.8332;-0.000890268;-0.00176439;0.0012694;1.52104e-05;-0.00266987;0.999036;-0.00586065;0.00754023;0.999113;0.0260934;0.981579;1;3;1
1227.53;353.06;-1.95128;3.83853;-0.00206972;-0.00370413;0.000861707;-0.00169934;-0.00407451;0.99766;-0.00698599;0.000371648;0.996137;0.0282405;0.972395;1;3;1
1250.53;353.06;-2.01421;3.75215;-0.00173606;-0.00167588;0.000411009;-0.00129386;-0.00211808;1.00396;-0.000166305;0.00389497;0.998524;0.0287092;0.971599;1;3;1
1273.53;353.06;-2.03123;3.8013;-0.000737328;-0.0031275;0.00150893;-7.55461e-06;-0.00385728;0.994269;-0.0063337;-0.00576482;0.99801;0.0311192;0.974686;1;4;1
31.5305;330.06;-1.92234;5.34287;-0.00350961;-0.00737031;-0.00471953;-0.000340917;-0.010539;1.00677;0.00633846;0.00145973;0.986367;0.0312506;0.99243;1;4;1
54.5305;330.06;-2.00335;5.2596;-0.00279741;-0.00696306;-0.000960656;-0.00258655;-0.00717393;0.990662;-0.00422372;0.00526228;0.986358;0.0301572;0.991814;1;4;1
77.5306;330.06;-2.05167;5.13581;0.0016625;-0.000844125;-0.00064209;0.0018174;-0.000999028;1.00465;-0.00487141;-0.00291094;1.00074;0.0325229;0.984338;1;3;1
100.531;330.06;-1.92724;5.0931;0.00304875;-0.000949479;-0.00296151;0.00462273;-0.00252346;0.989863;0.0104373;0.0109551;1.00022;0.0296761;0.990009;1;3;1
123.531;330.06;-1.9118;5.01159;-0.00115208;-0.0013759;-0.00279004;0.0015283;-0.00405627;1.00539;0.00451677;-0.00547026;0.994176;0.0354061;0.99106;1;4;1
146.531;330.06;-1.98033;5.16636;-0.00474459;-0.00789705;-0.000158657;-0.00473662;-0.00790502;0.989564;0.00625824;0.00634569;0.975876;0.0341152;0.987718;1;4;1
169.531;330.06;-2.13068;5.10861;-0.00162678;-0.00588139;0.00167256;-0.001048;-0.00646017;0.995204;-0.00262778;0.00904441;0.985994;0.0340408;0.987524;1;3;1
192.531;330.06;-2.05523;5.12808;0.00455546;-0.0073185;0.00145842;0.00473196;-0.00749501;1.00558;0.000912308;-0.00539891;0.98575;0.036604;0.994869;1;3;1
215.531;330.06;-1.92162;5.06492;0.00359429;-0.00772549;-0.00296017;0.00432165;-0.00845285;0.999441;0.0104468;0.00396862;0.983001;0.0309986;0.989534;1;3;1
238.531;330.06;-1.89028;5.03929;-0.00230602;-0.00735627;-0.00511671;0.000874729;-0.010537;1.00335;0.0136856;0.00121224;0.981312;0.033356;0.987266;1;3;1
261.531;330.06;-2.02817;4.88625;-0.00257718;-0.00212499;-0.00121206;-0.00111812;-0.00358405;0.986803;-0.00452144;0.00655016;0.996471;0.0332212;0.992833;1;4;1
284.531;330.06;-2.00949;4.82418;-0.000374151;-0.000326152;0.000309204;-4.00176e-05;-0.000660286;1.00071;-0.00171512;0.00274709;0.997954;0.0316138;0.983414;1;3;1
307.531;330.06;-2.04545;4.80604;0.00179888;-0.00172539;0.00272183;0.00327919;-0.00320571;1.00747;-0.00340703;-0.00382898;1.00789;0.0293347;0.985595;1;3;1
330.531;330.06;-1.92694;4.93176;0.00121556;-0.00854983;-0.000512269;0.00124236;-0.00857663;0.997508;0.00385737;0.00866561;0.994762;0.0259648;0.993306;1;3;1
353.531;330.06;-1.98958;4.78683;-0.00124743;-0.0014878;-0.000880083;-0.000479361;-0.00225587;0.998013;-0.00481686;0.00423556;0.996127;0.0300282;0.988234;1;3;1
376.531;330.06;-1.98479;4.73143;-0.00173076;-0.00175907;-0.00190337;0.000158512;-0.00364834;1.00469;-0.00056502;7.81055e-05;1.00165;0.0301126;0.985767;1;3;1
399.531;330.06;-2.06973;4.5783;0.00136393;0.00377299;0.000953366;0.00410462;0.00103229;0.993115;-0.00404127;0.0133702;1.01322;0.0291936;0.984473;1;4;1
422.531;330.06;-1.92238;4.57005;0.00169013;0.00139996;0.00093997;0.00249614;0.000593941;1.00234;0.000603341;-0.00794173;1.00248;0.0384907;0.990294;1;4;1
445.531;330.06;-1.99215;4.67381;0.00101736;-0.000725062;0.00245563;0.00275175;-0.00245945;1.0014;-0.00426909;0.000219597;0.996891;0.0277008;0.993932;1;4;1
468.531;330.06;-1.87567;4.64743;0.00340238;-0.000870002;-0.000837331;0.00356062;-0.00102825;1.00295;0.00150735;0.00212745;0.999429;0.0236878;0.992355;1;3;1
491.531;330.06;-1.83595;4.61463;4.57033e-05;-0.000159727;-0.0024709;0.00241602;-0.00253005;1.00196;0.00628192;-0.00179558;1.00242;0.0266691;0.99363;1;3;1
514.531;330.06;-1.87368;4.54258;-0.000226752;0.000702178;0.000618985;0.00101158;-0.000536154;0.998507;-0.00400291;-0.00247335;1.00354;0.0322252;0.986233;1;4;1
537.531;330.06;-1.84641;4.56104;-0.000596553;-0.0021178;-0.00160197;0.000416196;-0.00313055;0.999406;0.00588927;0.0016296;1.0062;0.0311469;0.988264;1;3;1
560.531;330.06;-1.9012;4.46667;-0.000413945;0.0018566;0.0018895;0.00292565;-0.001483;0.998935;0.000963705;0.00248592;1.00985;0.0278981;0.994321;1;3;1
583.531;330.06;-1.86558;4.66968;0.00066702;-0.00721008;0.00324235;0.00182994;-0.00837301;0.996751;0.00465931;-0.0027218;0.979526;0.0276396;0.990828;1;4;1
606.531;330.06;-1.8709;4.65334;-0.000817253;-0.00636352;-0.000937447;-0.000663088;-0.00651769;1.00179;0.00558768;0.00459779;0.983983;0.0316844;0.988982;1;3;1
629.531;330.06;-1.90357;4.48355;-0.00132419;-0.000122411;-0.000935681;0.000388709;-0.00183531;0.993026;-0.00141411;-0.00223701;1.00451;0.0269388;0.991761;1;4;1
652.531;330.06;-1.93286;4.34901;0.00191962;0.00240074;0.000918958;0.00311011;0.00121026;1.0043;-0.00923045;0.00366674;1.00556;0.0269615;0.993345;1;3;1
675.531;330.06;-1.81549;4.37217;0.000929828;0.000552985;0.00287907;0.00362664;-0.00214382;1.00261;-0.0110811;0.00440509;0.999632;0.034117;0.987169;1;3;1
698.531;330.06;-1.89033;4.49203;-0.00109209;-0.00590044;0.00267074;9.71889e-05;-0.00708972;1.00531;-0.00471979;-0.00394721;0.987149;0.026419;0.988145;1;4;1
721.531;330.06;-1.86586;4.4717;0.00205338;-0.00732666;0.00109851;0.00218031;-0.0074536;1.00015;-0.00498974;0.00262671;0.979165;0.0272724;0.989952;1;3;1
744.531;330.06;-1.796;4.44053;0.00105827;-0.00581188;-0.00197952;0.00158782;-0.00634143;0.998142;0.00445794;0.0026342;0.97092;0.0238016;0.992653;1;3;1
767.531;330.06;-1.81749;4.30893;-0.000869401;-0.00114516;-0.000910567;-8.63326e-05;-0.00192822;0.998472;0.00233018;0.000798145;0.99294;0.0271933;0.990834;1;3;1
790.531;330.06;-1.83617;4.32255;-0.000683362;-0.0013671;-0.000150358;-0.000651759;-0.00139871;1.00257;-0.00571196;-0.00159931;1.00001;0.0285971;0.987922;1;3;1
813.531;330.06;-1.84902;4.22237;-0.000419503;0.00413604;0.00265403;0.00535571;-0.00163917;0.995164;-0.00760915;0.00519874;1.012;0.0276547;0.991246;1;3;1
836.531;330.06;-1.8555;4.37446;0.000585948;-0.0041237;0.00352943;0.002474;-0.00601176;1.00354;-0.00416781;-0.00815523;1.0007;0.0284945;0.994346;1;3;1
859.531;330.06;-1.82227;4.35766;-0.00131038;-0.00955132;-0.000997156;-0.00119144;-0.00967026;1.00085;-0.00104334;0.0114219;0.988944;0.0298919;0.990892;1;3;1
882.531;330.06;-1.91613;4.20244;0.000309519;-0.00102733;0.00161179;0.00138599;-0.0021038;0.995891;-0.00172548;-0.00519823;0.9994;0.0283531;0.990245;1;4;1
905.531;330.06;-1.80804;4.38826;0.00201644;-0.00703524;0.000116717;0.00201795;-0.00703674;0.998691;0.000433388;0.00798665;0.984706;0.0307765;0.986842;1;3;1
928.531;330.06;-1.82351;4.26281;-0.003677;-0.00426052;-0.00122222;-0.0027122;-0.00522532;0.998493;0.00417861;0.00157976;0.99175;0.0253891;0.991232;1;3;1
951.531;330.06;-1.9775;4.3853;-0.0018981;-0.0106247;0.00260208;-0.00118112;-0.0113417;0.997286;-0.0134189;-0.00136842;0.978169;0.0331782;0.991892;1;4;1
974.531;330.06;-1.91119;4.10082;0.00264523;0.00191542;-0.00116343;0.00349964;0.00106101;1.00264;-0.00417465;0.00880453;1.00196;0.028831;0.988764;1;3;1
997.531;330.06;-1.85654;4.15864;-0.00109375;-0.00232865;0.000157753;-0.00107392;-0.00234849;0.997146;0.0183482;-0.00407125;0.988036;0.0342763;0.982426;1;4;1
1020.53;330.06;-1.9617;4.2264;-0.0016574;-0.00591783;0.00156614;-0.00114363;-0.00643159;1.00786;-0.0070772;-0.000137183;0.985094;0.0239877;0.989025;1;4;1
1043.53;330.06;-1.93284;4.17958;0.000559536;-0.00349738;0.00125669;0.000917268;-0.00385511;0.994156;-0.00162951;0.00340371;0.992906;0.0272656;0.991728;1;3;1
1066.53;330.06;-1.93604;4.14553;0.00160711;-0.00282471;0.000345375;0.00163386;-0.00285146;0.999988;0.000751517;0.00336736;0.990301;0.0267253;0.992802;1;3;1
1089.53;330.06;-1.85901;4.12754;0.0017042;-0.000464878;-0.00321282;0.0040106;-0.00277127;0.997084;0.0056387;0.00318327;0.997719;0.0261283;0.989894;1;3;1
1112.53;330.06;-1.85789;4.0176;-0.00027645;0.000660289;-0.00110479;0.00139189;-0.00100805;0.999081;0.00438999;-0.00262605;1.00516;0.0307716;0.994073;1;3;1
1135.53;330.06;-1.87173;4.09615;-0.00156336;-0.00791339;-0.00189101;-0.00104289;-0.00843387;0.995125;0.00797474;0.00618013;0.991734;0.0272416;0.990757;1;3;1
1158.53;330.06;-1.92987;4.02567;-0.00142304;-0.00416995;-0.00167227;-0.000632507;-0.00496049;1.00718;-0.00406681;0.00211051;0.992405;0.0302883;0.98736;1;3;1
1181.53;330.06;-1.93761;3.91198;-0.00297401;-0.00148863;-0.000518064;-0.00132579;-0.00313684;0.993544;0.00297315;-0.00226095;1.00181;0.033228;0.989234;1;3;1
1204.53;330.06;-2.06699;3.92339;-0.0035743;-0.0038928;0.00382863;9.83861e-05;-0.00756549;0.995859;-0.00530728;-0.00229634;0.996925;0.0298614;0.987274;1;3;1
1227.53;330.06;-2.10236;3.96919;-0.000483399;-0.00564312;0.00239247;0.000455205;-0.00658173;0.997252;-0.00483713;0.00868231;0.984234;0.0331733;0.980079;1;3;1
1250.53;330.06;-2.0893;3.84103;0.00211973;-0.00385162;-0.00018205;0.00212527;-0.00385716;1.00092;-0.0074677;-0.00898179;0.992428;0.0330498;0.978233;1;3;1
1273.53;330.06;-2.00526;3.80128;0.00366226;1.51838e-06;-0.00143057;0.00415499;-0.000491213;0.989002;0.00810189;0.00685705;1.0022;0.0395472;0.972239;1;4;1
