x [mm];y [mm];x-displacement [mm];y-displacement [mm];Transverse strain Exx - GL [S];Axial strain Eyy - GL [S];Shear strain Exy - GL [S];Maximum normal strain - GL [S];Minimum normal strain - GL [S];Affine transformation a [];Affine transformation b [];Affine transformation c [];Affine transformation d [];Confidence region [pixel];Correlation value [count];Enough pixels valid [];Number of iterations [];Vector status []
31.5305;1641.06;-1.67365;-3.41863;0.0131631;-0.00928465;-0.00191517;0.0133253;-0.00944688;1.00503;0.0164813;-0.0108453;0.989472;0.0370618;0.965878;1;4;1
54.5305;1641.06;-1.37289;-3.38399;0.00932144;-0.0112598;0.00197391;0.00950905;-0.0114474;1.00864;-0.00829958;0.00324833;0.987392;0.0462962;0.962119;1;3;1
77.5306;1641.06;-1.24691;-3.34198;0.00272647;-0.0118886;0.00456154;0.00403332;-0.0131955;0.995784;-0.00752246;-0.00739797;0.984521;0.0332546;0.978442;1;5;1
100.531;1641.06;-1.24833;-3.13379;0.0021501;-0.00791923;0.00176067;0.00244909;-0.00821821;1.01121;0.00678432;-0.00710368;1.00138;0.0368084;0.971859;1;3;1
123.531;1641.06;-1.14902;-3.05213;0.00216285;-0.0112707;-0.00148021;0.00232402;-0.0114319;1.0026;0.00657457;-0.00146901;0.996056;0.0339814;0.979957;1;4;1
146.531;1641.06;-1.14895;-3.11471;0.00478987;-0.0135578;-0.00225048;0.00506187;-0.0138298;1.00541;0.0174387;-0.0118261;0.985397;0.0437006;0.957872;1;5;1
169.531;1641.06;-0.929692;-2.84177;0.00711426;-0.0112776;0.00147604;0.00723197;-0.0113953;1.00191;0.0102717;-0.00500446;0.988405;0.0346807;0.982204;1;4;1
192.531;1641.06;-0.823709;-2.83174;0.00636146;-0.0131537;-0.00156227;0.00648573;-0.0132779;1.00454;0.0130659;0.00340139;0.979014;0.0330338;0.984902;1;4;1
215.531;1641.06;-0.638216;-2.69729;0.00549916;-0.00966895;-0.000217697;0.00550229;-0.00967207;1.00391;-0.003481;-0.00545817;0.992886;0.0334955;0.987033;1;4;1
238.531;1641.06;-0.571753;-2.6615;0.00485293;-0.0146779;0.000778217;0.00488389;-0.0147088;1.00561;0.00162554;-0.00537253;0.984618;0.0288437;0.980828;1;4;1
261.531;1641.06;-0.416295;-2.42955;0.00689242;-0.00835669;0.00231949;0.00723742;-0.00870169;1.01237;0.00800316;-0.00590223;0.99595;0.0294979;0.985146;1;3;1
284.531;1641.06;-0.256746;-2.36345;0.00582217;-0.0105765;0.00151457;0.00596088;-0.0107152;1.00528;-0.00202363;-0.000458406;0.99433;0.0301303;0.982849;1;4;1
307.531;1641.06;-0.149672;-2.23216;0.00363278;-0.00711005;0.0013923;0.00381029;-0.00728756;1.0003;0.00262087;-0.00201427;1.0008;0.0443732;0.947369;1;4;1
330.531;1641.06;-0.0905262;-2.13095;0.00667989;-0.00823744;-0.00233698;0.00703744;-0.00859498;1.01273;0.012377;-0.0123958;1.00419;0.0328817;0.987611;1;4;1
353.531;1641.06;0.156565;-2.19064;0.00908565;-0.0131505;0.000136854;0.00908649;-0.0131513;1.0187;-0.0143932;-0.00631535;0.984664;0.0395367;0.977125;1;4;1
376.531;1641.06;0.325389;-2.01553;0.00471479;-0.0145246;0.00548049;0.00616642;-0.0159762;1.00206;-0.00684903;-0.00308675;0.98582;0.0317646;0.981731;1;3;1
399.531;1641.06;0.371349;-1.80762;0.00223114;-0.010121;0.0022066;0.00261349;-0.0105034;1.00192;0.010486;-0.00858229;0.999457;0.0277671;0.987107;1;4;1
422.531;1641.06;0.426663;-1.67692;0.00464549;-0.00531217;-0.00162005;0.00490243;-0.00556911;0.998094;0.00938633;-0.00502995;1.00184;0.029582;0.986952;1;3;1
445.531;1641.06;0.584201;-1.62846;0.00637346;-0.00984653;-0.00219773;0.00666597;-0.010139;1.00314;0.0112928;-0.00390524;0.991899;0.0267331;0.990792;1;3;1
468.531;1641.06;0.718741;-1.55023;0.00724464;-0.00821431;0.000387013;0.00725432;-0.008224;1.01125;0.00407422;-0.0046089;0.992956;0.0336427;0.982082;1;4;1
491.531;1641.06;0.915941;-1.45777;0.00642802;-0.00806056;0.00223897;0.00676612;-0.00839867;1.00438;0.00538859;-0.00197549;0.992474;0.030497;0.984386;1;3;1
514.531;1641.06;1.01223;-1.20949;0.0051178;-0.00481227;-5.87016e-05;0.00511814;-0.00481262;1.00165;0.00666009;-0.00146888;1.00218;0.0365438;0.980465;1;3;1
537.531;1641.06;1.15019;-1.22901;0.00738916;-0.00728259;-0.00042065;0.00740121;-0.00729464;1.01086;0.0071949;-0.00421403;0.984635;0.0374575;0.973321;1;4;1
560.531;1641.06;1.35086;-1.16051;0.00606084;-0.0121488;-0.00143181;0.00617273;-0.0122607;1.00455;-0.0061855;-0.00677969;0.989668;0.0341712;0.976387;1;4;1
583.531;1641.06;1.42805;-1.32834;0.00561849;-0.0207256;-0.000358379;0.00562336;-0.0207304;1.01076;0.0126548;0.0057028;0.96028;0.0342215;0.97326;1;3;1
606.531;1641.06;1.60793;-0.914106;0.00780345;-0.00722734;0.00488439;0.00925122;-0.00867512;1.00665;0.0189328;-0.0163046;1.00331;0.0434729;0.968923;1;4;1
629.531;1641.06;1.78246;-0.787465;0.00779411;-0.00685848;0.00302785;0.00839514;-0.00745951;1.00551;-0.00317779;-0.000529126;0.996178;0.0331509;0.976867;1;4;1
652.531;1641.06;1.96429;-0.644314;0.00416761;-0.00498826;0.00102111;0.00428011;-0.00510075;1.00838;0.000883397;-0.0088232;0.999984;0.0364313;0.981992;1;3;1
675.531;1641.06;1.97366;-0.685778;0.00468015;-0.0100629;-0.00102168;0.00475062;-0.0101334;1.0085;0.0123632;-0.000143606;0.990788;0.0420783;0.97552;1;4;1
698.531;1641.06;2.17881;-0.486847;0.0074667;-0.00450292;-0.000926335;0.00753796;-0.00457419;1.0059;0.00243352;-0.0111356;1.0002;0.033781;0.98491;1;5;1
721.531;1641.06;2.31551;-0.507896;0.00640066;-0.010274;-0.00122807;0.00649062;-0.010364;1.00395;0.00422926;-0.00459636;0.984781;0.0298108;0.985522;1;4;1
744.531;1641.06;2.47217;-0.377882;0.00840319;-0.0103845;-0.00139289;0.0085059;-0.0104872;1.00439;0.0119561;-0.00397187;0.98788;0.0325;0.981454;1;4;1
767.531;1641.06;2.69977;-0.256526;0.00934395;-0.00717632;0.000636837;0.00936846;-0.00720083;1.00804;0.00734025;-0.00584199;0.985594;0.0307386;0.985228;1;4;1
790.531;1641.06;2.89956;-0.174613;0.0079322;-0.00934167;0.00340689;0.00857985;-0.00998932;1.00847;0.00747171;-0.000601855;0.98863;0.0507383;0.967173;1;4;1
813.531;1641.06;3.06214;0.0596778;0.0035242;-0.0010504;0.00185233;0.00418018;-0.00170638;1.00252;-0.00250114;0.00296189;1.00499;0.0346965;0.97561;1;3;1
836.531;1641.06;3.0611;-0.0104064;0.00425837;-0.0107935;-0.00419352;0.00534785;-0.0118829;0.994874;0.00416163;-0.00858891;0.992882;0.030154;0.978104;1;4;1
859.531;1641.06;3.25753;0.142493;0.00996065;-0.00560414;-0.000229661;0.00996404;-0.00560752;1.0192;0.00314749;0.00223732;0.993206;0.0370458;0.981719;1;4;1
882.531;1641.06;3.51581;0.325545;0.00828338;-0.00199473;0.000823238;0.0083489;-0.00206025;1.00373;0.000455876;-0.00573559;1.00365;0.0343396;0.97681;1;4;1
905.531;1641.06;3.63667;0.319011;0.00397492;-0.0068901;-0.00155875;0.00419412;-0.0071093;1.00711;0.00369661;-0.000106091;0.998491;0.0344313;0.978017;1;4;1
928.531;1641.06;3.69825;0.388483;0.0070447;-0.0107224;-0.00106975;0.00710887;-0.0107866;1.00952;0.0136272;-0.0100916;0.997078;0.0386755;0.969025;1;4;1
951.531;1641.06;3.95904;0.543782;0.00808331;-0.00595321;-0.000311941;0.00809024;-0.00596014;1.00088;0.00238001;0.00135699;0.988229;0.0338625;0.973419;1;3;1
974.531;1641.06;4.06833;0.544197;0.00690637;-0.011763;0.000550625;0.00692259;-0.0117793;1.01671;0.00623436;-0.00446622;0.970857;0.039206;0.97192;1;3;1
997.531;1641.06;4.27472;0.836571;0.00323612;-0.00347918;0.00273677;0.00421018;-0.00445324;1.0007;0.00712394;-0.00705764;1.00772;0.0349833;0.976438;1;4;1
1020.53;1641.06;4.21537;0.92731;0.00539288;-0.0042592;-0.005921;0.00820549;-0.00707181;1.0042;0.0186591;-0.00460755;1.00051;0.0412906;0.965519;1;3;1
1043.53;1641.06;4.52198;0.953956;0.0111117;-0.00615639;-0.00367817;0.0118625;-0.00690721;1.01334;0.00393584;0.00457708;0.999939;0.0394622;0.974264;1;4;1
1066.53;1641.06;4.72363;0.847636;0.00985135;-0.0187543;-0.000260742;0.00985372;-0.0187567;1.01231;0.0155793;-0.0121378;0.975639;0.0360534;0.97335;1;4;1
1089.53;1641.06;4.97256;1.13925;0.0055231;-0.00959841;0.00389535;0.00646756;-0.0105429;1.00716;-0.00553062;-0.00650008;0.990272;0.0418795;0.962889;1;5;1
1112.53;1641.06;4.97517;1.25835;0.00520025;-0.0065938;-0.00364505;0.00623585;-0.0076294;1.00206;0.0153023;-0.0107976;1.00139;0.0377788;0.980588;1;4;1
1135.53;1641.06;5.2109;1.29328;0.00930444;-0.00851619;-0.00254036;0.0096595;-0.00887125;1.01386;0.000560588;0.00105577;0.99939;0.0414215;0.966945;1;4;1
1158.53;1641.06;5.40109;1.35785;0.0112467;-0.0130242;0.000505596;0.0112572;-0.0130347;1.01216;0.00124613;-0.0136064;0.978303;0.0349955;0.972868;1;3;1
1181.53;1641.06;5.72426;1.61409;0.00775426;-0.00506068;0.00310956;0.00846894;-0.00577537;1.00112;-0.000360476;-0.00089172;0.993939;0.0374423;0.962035;1;4;1
1204.53;1641.06;5.7552;1.69377;0.00752167;-0.0037912;-0.00127771;0.00766418;-0.00393371;1.01473;0.00666309;-0.00810192;1.00176;0.039749;0.961397;1;3;1
1227.53;1641.06;6.06852;1.81803;0.010768;-0.00297377;0.00190404;0.0110269;-0.00323271;1.00979;-0.00499732;-0.00503436;0.997474;0.0455009;0.935961;1;3;1
1250.53;1641.06;6.24742;1.90218;0.00695112;-0.00466994;-0.000510116;0.00697347;-0.00469229;1.00521;-0.00259855;0.00716446;0.996173;0.0364468;0.965865;1;4;1
1273.53;1641.06;6.38717;1.81373;0.00610182;-0.0123194;-0.00206995;0.00633155;-0.0125491;1.00815;-0.000393765;-0.00311451;0.983786;0.0430045;0.963406;1;4;1
31.5305;1618.06;-1.55281;-3.20376;0.00556477;-0.00821645;-0.000845851;0.00561649;-0.00826818;1.00219;0.00116445;-0.00473876;0.995111;0.0297067;0.971343;1;4;1
54.5305;1618.06;-1.42532;-3.12347;0.00479643;-0.010173;0.00167387;0.00498131;-0.0103579;1.00969;0.00183489;-0.000649285;0.98798;0.0291811;0.973986;1;3;1
77.5306;1618.06;-1.33291;-3.06674;0.00523025;-0.012582;0.00147963;0.00535233;-0.0127041;1.0036;0.0045363;-0.00436403;0.986509;0.0293016;0.978096;1;3;1
100.531;1618.06;-1.18568;-2.95084;0.00571328;-0.00921975;0.00158054;0.00587874;-0.0093852;1.01005;0.00158784;-0.00674254;0.981867;0.0245478;0.979333;1;3;1
123.531;1618.06;-1.07166;-2.79129;0.00530212;-0.00983722;-0.000363668;0.00531085;-0.00984595;1.00509;0.0036386;-0.00160052;0.987484;0.0224229;0.987567;1;3;1
146.531;1618.06;-0.942668;-2.7998;0.00466139;-0.0130089;-0.000817256;0.00469911;-0.0130466;1.00617;0.00274664;-0.00451487;0.984202;0.0289836;0.979034;1;3;1
169.531;1618.06;-0.858217;-2.58079;0.00571206;-0.00910299;0.000529876;0.00573099;-0.00912192;1.00535;0.00277716;-0.00811302;0.989427;0.0284415;0.978651;1;3;1
192.531;1618.06;-0.681465;-2.52674;0.00684763;-0.0109783;-0.000580924;0.00686655;-0.0109972;1.00931;-3.90079e-05;-6.94987e-05;0.990521;0.0249443;0.985054;1;3;1
215.531;1618.06;-0.544421;-2.47363;0.00448396;-0.00862786;0.000771882;0.00452924;-0.00867314;0.998487;0.00309464;-0.00639036;0.991476;0.0258803;0.97516;1;4;1
238.531;1618.06;-0.47612;-2.32119;0.00369223;-0.0133455;0.000494051;0.00370654;-0.0133598;1.00968;0.00537533;-0.00161722;0.98806;0.0257352;0.974873;1;3;1
261.531;1618.06;-0.3755;-2.2365;0.00539776;-0.00925992;2.86713e-05;0.00539782;-0.00925997;1.00335;0.00397542;-0.00988195;0.988172;0.0231778;0.986735;1;3;1
284.531;1618.06;-0.228932;-2.11888;0.00604699;-0.00929133;0.000406598;0.00605776;-0.0093021;1.00678;0.00455172;-0.00151909;0.988363;0.0208308;0.989602;1;3;1
307.531;1618.06;-0.0984815;-2.06798;0.00579916;-0.00936684;-0.000160813;0.00580086;-0.00936855;1.00266;0.00488613;-0.00226751;0.986894;0.0213057;0.989635;1;4;1
330.531;1618.06;0.0367155;-1.94035;0.00666557;-0.00874035;-0.000913316;0.00671953;-0.0087943;1.00715;0.00531207;-0.00489643;0.987696;0.0258227;0.989256;1;3;1
353.531;1618.06;0.206763;-1.88611;0.00493192;-0.0129807;0.00171426;0.0050945;-0.0131432;1.00726;0.00150126;-0.0088987;0.987524;0.022739;0.985321;1;3;1
376.531;1618.06;0.262288;-1.67891;0.00504693;-0.0115412;0.00246455;0.00540535;-0.0118996;1.00042;0.00472588;-0.00834116;0.984648;0.0250912;0.978905;1;4;1
399.531;1618.06;0.437282;-1.57355;0.00714303;-0.0101133;-0.000878141;0.0071876;-0.0101578;1.00676;0.00213587;0.00169433;0.986667;0.0249766;0.984546;1;4;1
422.531;1618.06;0.589533;-1.55384;0.0067623;-0.00819584;-0.000579865;0.00678474;-0.00821828;1.00641;0.00335195;-0.00622092;0.987759;0.0254336;0.979667;1;3;1
445.531;1618.06;0.746979;-1.40028;0.00426932;-0.00988606;5.62108e-05;0.00426955;-0.00988629;0.999604;0.00487264;-0.00675309;0.990567;0.0226588;0.985112;1;3;1
468.531;1618.06;0.7851;-1.36042;0.00511562;-0.0109618;-0.000487431;0.00513038;-0.0109766;1.00768;0.00346664;6.14128e-05;0.987624;0.02297;0.985136;1;3;1
491.531;1618.06;0.981519;-1.27153;0.0075021;-0.0117773;0.00144776;0.00761021;-0.0118854;1.00952;-0.000392731;-0.00739356;0.990624;0.0278578;0.974894;1;3;1
514.531;1618.06;1.12817;-1.09825;0.00463025;-0.0081179;-0.000275116;0.00463618;-0.00812383;1.00172;0.00413428;-0.00122452;0.988957;0.0253838;0.979101;1;3;1
537.531;1618.06;1.19354;-1.06085;0.00522901;-0.0100328;0.000858406;0.00527714;-0.010081;1.00373;-0.00293052;-0.00721727;0.990474;0.0253411;0.985077;1;4;1
560.531;1618.06;1.36756;-0.879361;0.00810531;-0.011545;0.00153745;0.00822487;-0.0116645;1.00428;0.00610573;-0.00284708;0.985285;0.0232912;0.988772;1;4;1
583.531;1618.06;1.56439;-0.846199;0.00619344;-0.0163678;-0.000316832;0.00619789;-0.0163722;1.01173;0.00232494;-0.00211176;0.987895;0.0247909;0.984423;1;4;1
606.531;1618.06;1.65139;-0.747231;0.0046479;-0.0088517;0.000330853;0.004656;-0.0088598;0.997849;0.009111;-0.0080644;0.983581;0.0259518;0.985488;1;4;1
629.531;1618.06;1.77719;-0.629174;0.00691532;-0.0094565;0.00117025;0.00699854;-0.00953973;1.00875;0.00691155;-0.00270092;0.986225;0.0243329;0.988085;1;3;1
652.531;1618.06;1.96789;-0.529297;0.00700616;-0.00660885;0.000172177;0.00700833;-0.00661103;1.0054;0.0052296;-0.00753047;0.992202;0.0268355;0.983621;1;4;1
675.531;1618.06;2.09801;-0.452816;0.00744772;-0.00806284;-0.000560755;0.00746797;-0.00808308;1.00427;-0.00160002;-0.00462813;0.988732;0.0261347;0.98576;1;4;1
698.531;1618.06;2.30899;-0.382676;0.00714648;-0.00654886;-0.000165967;0.00714849;-0.00655087;1.01022;0.0110795;-0.00350688;0.989473;0.023578;0.987671;1;3;1
721.531;1618.06;2.42523;-0.270102;0.00765329;-0.0100334;-4.57062e-05;0.00765341;-0.0100335;1.0092;0.00667811;-0.00422862;0.994394;0.0260173;0.985395;1;3;1
744.531;1618.06;2.65905;-0.137019;0.00754651;-0.0108595;-0.0012585;0.00763216;-0.0109451;1.00551;0.00260716;-0.00821482;0.987008;0.0218568;0.987337;1;3;1
767.531;1618.06;2.77072;-0.090764;0.00524744;-0.00795904;0.000862087;0.00530347;-0.00801508;1.00552;0.000833441;0.00249519;0.989307;0.0252948;0.986028;1;3;1
790.531;1618.06;2.89946;0.0412584;0.00629292;-0.00824524;0.000590689;0.00631688;-0.0082692;1.00605;0.00692843;-0.00552808;0.995811;0.0270831;0.98629;1;4;1
813.531;1618.06;3.05896;0.08385;0.00862231;-0.0066316;0.000834495;0.00866783;-0.00667712;1.00783;0.0104682;-0.00634394;0.990517;0.0214441;0.988095;1;3;1
836.531;1618.06;3.29397;0.240389;0.00818126;-0.0104799;-0.00126744;0.00826694;-0.0105656;1.0053;0.00621915;-0.00348439;0.98468;0.0274356;0.982077;1;4;1
859.531;1618.06;3.43338;0.272427;0.00592694;-0.007874;-0.000755471;0.00596817;-0.00791523;1.00615;0.000231213;-0.00682863;0.992509;0.0297364;0.972682;1;3;1
882.531;1618.06;3.56562;0.371524;0.00668055;-0.00458058;0.000477984;0.0067008;-0.00460083;1.00687;0.0059946;-0.00720295;0.993494;0.0268559;0.972356;1;3;1
905.531;1618.06;3.73921;0.478263;0.00638247;-0.00877313;0.00131268;0.00649533;-0.00888598;1.00438;0.00129776;-0.00419625;0.987759;0.0328399;0.974487;1;4;1
928.531;1618.06;3.85752;0.636992;0.00678995;-0.0106119;-0.000487507;0.0068036;-0.0106255;1.00834;-0.000408858;-0.00349565;0.987295;0.0304578;0.972532;1;3;1
951.531;1618.06;4.05005;0.681297;0.0071927;-0.00781997;0.000686985;0.00722407;-0.00785134;1.00791;-0.000215668;-0.00373775;0.992837;0.0255993;0.987803;1;3;1
974.531;1618.06;4.18685;0.816666;0.00632549;-0.00984495;0.00105241;0.00639369;-0.00991315;1.01251;0.00164099;-0.000144076;0.996976;0.0276886;0.980233;1;3;1
997.531;1618.06;4.33951;0.916823;0.00781351;-0.0079233;0.000421222;0.00782478;-0.00793457;1.00973;0.00251055;-0.00364411;0.98874;0.0270953;0.981752;1;3;1
1020.53;1618.06;4.5444;1.02785;0.00678384;-0.00637191;-0.00170953;0.00700236;-0.00659043;1.00646;0.00515666;-0.00860242;0.990735;0.0241905;0.979497;1;3;1
1043.53;1618.06;4.65017;1.09635;0.00614527;-0.00777154;0.000201694;0.0061482;-0.00777446;1.00333;0.00434528;-0.00240551;0.98864;0.0247209;0.982744;1;3;1
1066.53;1618.06;4.82551;1.28334;0.00757647;-0.0128713;0.000133784;0.00757735;-0.0128721;1.01073;0.00223363;-0.011234;0.990943;0.0244318;0.980687;1;4;1
1089.53;1618.06;4.99662;1.36109;0.00857444;-0.00964103;0.000108784;0.00857509;-0.00964167;1.00899;0.00905141;-0.00134039;0.990745;0.0219582;0.98914;1;3;1
1112.53;1618.06;5.21808;1.4118;0.00827558;-0.00773964;-0.00165857;0.00844554;-0.0079096;1.0041;0.00342398;-0.00212151;0.987465;0.0255472;0.984683;1;3;1
1135.53;1618.06;5.37555;1.49059;0.00691994;-0.010214;0.000171839;0.00692167;-0.0102158;1.0118;0.0050411;-0.00775518;0.98742;0.0281672;0.979486;1;3;1
1158.53;1618.06;5.53464;1.65978;0.00814631;-0.00921874;0.000364625;0.00815397;-0.0092264;1.00767;0.00903932;-0.00149898;0.992642;0.0255198;0.9834;1;3;1
1181.53;1618.06;5.74815;1.73079;0.00829234;-0.00725549;-5.865e-05;0.00829256;-0.00725571;1.00347;0.00342909;-0.00665198;0.991555;0.0253985;0.979136;1;3;1
1204.53;1618.06;5.91436;1.78169;0.00734789;-0.00585217;-0.00107648;0.0074351;-0.00593938;1.00786;0.00412332;0.000285779;0.994461;0.0262205;0.9842;1;4;1
1227.53;1618.06;6.08466;1.88653;0.00774279;-0.00567141;0.0013741;0.0078821;-0.00581073;1.00839;0.00559136;-0.00546654;0.994458;0.0233696;0.984129;1;3;1
1250.53;1618.06;6.2686;2.00985;0.00677961;-0.00663925;0.00104508;0.00686051;-0.00672016;1.00977;0.00168543;-0.00409466;0.993769;0.0242677;0.982488;1;3;1
1273.53;1618.06;6.39498;2.09884;0.0055174;-0.00970297;0.00167112;0.00569873;-0.00988429;1.00925;-0.00318599;-0.00278019;0.985703;0.0357487;0.973017;1;3;1
31.5305;1595.06;-1.4379;-3.0385;0.0020479;-0.00905878;0.0018951;0.00236235;-0.00937323;1.00011;-0.00305821;-0.00996978;0.985391;0.0306782;0.97652;1;3;1
54.5305;1595.06;-1.39118;-2.91362;0.00492454;-0.0086576;0.000941278;0.00498947;-0.00872253;1.00748;0.00664209;-0.00195272;0.994253;0.0269392;0.966522;1;4;1
77.5306;1595.06;-1.21276;-2.75951;0.00588845;-0.0104635;-0.000242108;0.00589203;-0.0104671;1.00295;0.0097445;-0.00684588;0.989917;0.0276232;0.972574;1;4;1
100.531;1595.06;-1.12156;-2.70754;0.00536366;-0.00971296;-0.000263538;0.00536827;-0.00971756;1.00346;0.00230095;-0.00351715;0.991467;0.0238718;0.987612;1;4;1
123.531;1595.06;-0.966978;-2.59701;0.00555126;-0.00816933;-1.56835e-05;0.00555128;-0.00816935;1.0086;0.00100839;-0.00446957;0.998167;0.0257045;0.98363;1;3;1
146.531;1595.06;-0.867325;-2.51148;0.00562821;-0.0108811;0.00042362;0.00563907;-0.0108919;1.00474;0.000189757;-0.00491969;0.99541;0.0286491;0.977728;1;3;1
169.531;1595.06;-0.709141;-2.42058;0.00440848;-0.00738094;0.000337239;0.00441812;-0.00739058;1.00425;0.0041306;-0.0058634;0.993351;0.02687;0.983096;1;3;1
192.531;1595.06;-0.665362;-2.32366;0.00442838;-0.00861157;-6.10017e-05;0.00442866;-0.00861185;1.00766;8.43408e-05;0.00168241;0.993591;0.0283124;0.985794;1;4;1
215.531;1595.06;-0.506046;-2.29849;0.00615492;-0.0091195;0.00293869;0.00670079;-0.00966538;1.00899;-0.00264177;-0.00993778;0.986742;0.0289824;0.975684;1;3;1
238.531;1595.06;-0.383952;-2.04306;0.00626823;-0.00860344;0.000655793;0.00629709;-0.0086323;1.00066;0.00578645;-0.0039245;0.990688;0.0283426;0.983341;1;4;1
261.531;1595.06;-0.219561;-2.00118;0.00558272;-0.00914637;-0.00137126;0.0057093;-0.00927295;1.00795;0.00695785;-0.00167081;0.991358;0.0231258;0.98461;1;3;1
284.531;1595.06;-0.127989;-1.93387;0.00568722;-0.00896977;4.18938e-05;0.00568734;-0.00896989;1.00572;0.00474159;-0.00886626;0.995013;0.0220716;0.987066;1;3;1
307.531;1595.06;0.0408689;-1.79885;0.00655369;-0.0110297;-6.55277e-05;0.00655393;-0.01103;0.999174;0.00793717;-0.00578298;0.990083;0.0213241;0.988817;1;4;1
330.531;1595.06;0.172034;-1.72637;0.00470639;-0.0102999;0.000697054;0.00473869;-0.0103322;1.00883;0.00751305;0.000723055;0.990378;0.020464;0.988075;1;3;1
353.531;1595.06;0.256381;-1.58949;0.00513885;-0.0099769;0.000955712;0.00519904;-0.0100371;1.00347;0.0021353;-0.00284356;0.989288;0.0235428;0.989362;1;3;1
376.531;1595.06;0.407169;-1.48146;0.00695429;-0.00696502;0.000259648;0.00695913;-0.00696986;1.01115;0.00540319;-0.00843122;0.998145;0.0236338;0.986762;1;3;1
399.531;1595.06;0.5745;-1.33958;0.00530841;-0.00915552;0.000247924;0.00531266;-0.00915977;0.999512;0.00548935;-0.00377955;0.992551;0.0259875;0.983462;1;3;1
422.531;1595.06;0.650346;-1.29781;0.00425983;-0.0106774;0.000835003;0.00430636;-0.0107239;1.00213;0.00199335;-0.00220142;0.987242;0.024262;0.980683;1;3;1
445.531;1595.06;0.769729;-1.17105;0.0052397;-0.00846791;0.00240443;0.00564922;-0.00887744;1.00929;0.002963;-0.0100168;0.989366;0.0268275;0.982915;1;4;1
468.531;1595.06;0.890041;-1.04287;0.00592776;-0.0107745;0.000854204;0.00597134;-0.0108181;1.00183;0.00178814;-0.00696017;0.985036;0.0207712;0.988611;1;3;1
491.531;1595.06;1.04088;-0.912613;0.00776589;-0.00982316;0.00140519;0.00787745;-0.00993472;1.00736;0.00105914;-0.00510599;0.987842;0.0253898;0.982974;1;3;1
514.531;1595.06;1.24543;-0.833946;0.00537402;-0.00882184;0.000141408;0.00537543;-0.00882325;1.00327;0.00798575;0.000978651;0.991899;0.0302153;0.970583;1;4;1
537.531;1595.06;1.28719;-0.764951;0.0038345;-0.00942853;-0.000157215;0.00383636;-0.00943039;1.00339;0.0117903;-0.00154098;0.993345;0.0305951;0.985225;1;4;1
560.531;1595.06;1.42101;-0.626283;0.00652975;-0.00785183;0.000821061;0.00657647;-0.00789855;1.00724;-0.00164581;-0.00558998;0.997483;0.0258998;0.982406;1;4;1
583.531;1595.06;1.58617;-0.568885;0.00809528;-0.0105419;-7.6854e-05;0.0080956;-0.0105422;1.00688;0.00172464;-0.00602821;0.992349;0.0221028;0.987355;1;3;1
606.531;1595.06;1.79174;-0.504739;0.0066364;-0.00996438;0.000565987;0.00665568;-0.00998365;1.00835;-0.000396121;-0.00149017;0.990064;0.0279228;0.982967;1;3;1
629.531;1595.06;1.88992;-0.350262;0.00722359;-0.00950499;-0.00126119;0.00731814;-0.00959954;1.01039;0.00245437;-0.00390297;0.988202;0.0270581;0.981401;1;4;1
652.531;1595.06;2.12253;-0.339022;0.00609075;-0.00955313;-0.00239328;0.00644869;-0.00991108;1.00691;0.00148469;0.00141226;0.989347;0.0279922;0.978044;1;3;1
675.531;1595.06;2.16923;-0.312961;0.00549158;-0.00944161;-0.000731857;0.00552736;-0.00947739;1.00553;0.00940733;-0.00136783;0.995291;0.0276054;0.986261;1;3;1
698.531;1595.06;2.3742;-0.184189;0.00857073;-0.00964281;0.000958316;0.00862102;-0.00969309;1.00672;-0.0026761;-0.0094908;0.990032;0.0252962;0.987715;1;3;1
721.531;1595.06;2.56103;-0.0433592;0.00851378;-0.00973664;0.00111953;0.0085822;-0.00980506;1.00766;-0.000852546;-0.00298907;0.985646;0.0268284;0.98126;1;3;1
744.531;1595.06;2.76315;0.125327;0.00514434;-0.00870832;0.000386164;0.00515509;-0.00871908;1.00373;0.00292689;-0.00373135;0.993836;0.026087;0.984119;1;4;1
767.531;1595.06;2.7968;0.111161;0.00554943;-0.00869257;-0.000781341;0.00559217;-0.00873531;1.01234;0.00490548;-0.00190732;0.99229;0.0295511;0.973376;1;4;1
790.531;1595.06;3.01764;0.206397;0.0084273;-0.00767914;0.000726761;0.00846003;-0.00771187;1.00754;0.00387811;-0.00398783;0.989591;0.0281316;0.971234;1;3;1
813.531;1595.06;3.18214;0.365907;0.00752758;-0.00953359;0.000840288;0.00756886;-0.00957488;1.00896;0.0047872;-0.00737686;0.987532;0.0250509;0.983548;1;3;1
836.531;1595.06;3.36184;0.475214;0.00597501;-0.00803829;-6.66324e-05;0.00597533;-0.00803861;1.00324;0.00128403;-0.00216755;0.993322;0.0229668;0.983357;1;3;1
859.531;1595.06;3.45596;0.506565;0.00684646;-0.0098837;-0.000760342;0.00688094;-0.00991818;1.0114;0.00210123;0.000339456;0.989183;0.0254047;0.975682;1;4;1
882.531;1595.06;3.67567;0.537015;0.00703945;-0.00970097;0.000308938;0.00704515;-0.00970667;1.00409;0.00302429;-0.0061013;0.98685;0.0253085;0.974483;1;4;1
905.531;1595.06;3.77813;0.72458;0.00584143;-0.00920886;0.00193021;0.00608504;-0.00945247;1.00444;0.00240611;-0.0104934;0.993622;0.0259232;0.975342;1;4;1
928.531;1595.06;3.94232;0.8799;0.00644473;-0.00763831;0.000825483;0.00649295;-0.00768653;1.00483;0.00705488;0.00155778;0.999527;0.0282207;0.975405;1;4;1
951.531;1595.06;4.07329;0.905062;0.00570508;-0.0088441;0.000409061;0.00571657;-0.00885559;1.00488;0.00504825;-0.00302823;0.990343;0.0236079;0.981536;1;3;1
974.531;1595.06;4.20385;0.999518;0.0081157;-0.00920365;0.0016571;0.00827282;-0.00936077;1.00762;0.00369808;-0.0156122;0.986505;0.0294779;0.979168;1;4;1
997.531;1595.06;4.44415;1.20281;0.00753795;-0.00773677;0.000385598;0.00754767;-0.0077465;1.00512;-0.000390057;-0.00146786;0.994862;0.0267905;0.968776;1;3;1
1020.53;1595.06;4.54877;1.22257;0.00679411;-0.00830338;-6.50777e-05;0.00679439;-0.00830366;1.00989;0.0018788;-0.00146609;0.991204;0.021195;0.984855;1;4;1
1043.53;1595.06;4.75549;1.31344;0.0092276;-0.00870902;0.000560866;0.00924512;-0.00872654;1.01011;0.00373416;-0.00744725;0.991389;0.0283271;0.973775;1;4;1
1066.53;1595.06;4.97077;1.44425;0.00728911;-0.0076288;0.000868958;0.00733955;-0.00767925;1.00933;0.00520237;-0.00406787;0.992033;0.0243378;0.984021;1;3;1
1089.53;1595.06;5.08878;1.58504;0.00618201;-0.00621568;0.000369151;0.00619299;-0.00622666;0.997668;-0.00202403;-0.00675673;0.994109;0.0241347;0.983721;1;4;1
1112.53;1595.06;5.25394;1.61661;0.00764896;-0.00767516;-4.65436e-05;0.0076491;-0.00767531;1.01251;0.00669025;0.00151971;0.991223;0.0237669;0.981749;1;3;1
1135.53;1595.06;5.43894;1.76612;0.00764292;-0.00896247;1.72462e-05;0.00764294;-0.00896249;1.00772;0.00418323;-0.00751453;0.990755;0.0245627;0.985383;1;3;1
1158.53;1595.06;5.60388;1.78434;0.00897611;-0.00882479;0.000784287;0.0090106;-0.00885928;1.00378;0.00196133;-0.000399879;0.993156;0.0241862;0.981844;1;4;1
1181.53;1595.06;5.84965;1.94923;0.00881419;-0.00669503;0.000387636;0.00882387;-0.00670472;1.01367;0.00650686;-0.00733178;0.990597;0.0234574;0.986741;1;4;1
1204.53;1595.06;6.00721;1.96446;0.00695306;-0.00901815;-0.00165046;0.00712183;-0.00918692;1.00263;0.012584;-0.00127701;0.991875;0.0269205;0.981703;1;3;1
1227.53;1595.06;6.1682;2.07976;0.00774349;-0.00728458;0.000987373;0.00780809;-0.00734918;1.01135;0.00131615;-0.00381162;0.99111;0.0224335;0.989076;1;3;1
1250.53;1595.06;6.3614;2.20875;0.00526836;-0.00642945;0.000255449;0.00527393;-0.00643503;1.0088;0.00508999;-0.00262191;0.997865;0.0233258;0.986852;1;3;1
1273.53;1595.06;6.40955;2.26226;0.00209827;-0.00752878;1.28863e-05;0.00209829;-0.00752879;1.00356;0.0137078;-0.00609422;1.0028;0.0241536;0.990817;1;3;1
31.5305;1572.06;-1.47983;-2.78509;0.0106485;-0.00992284;-3.17369e-05;0.0106485;-0.00992288;1.012;0.00281591;-0.000345544;0.987036;0.0263645;0.983931;1;4;1
54.5305;1572.06;-1.23628;-2.72309;0.00812464;-0.00797354;-0.000427302;0.00813597;-0.00798488;1.00597;0.00209002;-0.00572721;0.992997;0.0279156;0.972138;1;3;1
77.5306;1572.06;-1.10804;-2.58232;0.00512869;-0.00591097;0.000174577;0.00513145;-0.00591373;1.00396;0.005217;-0.00357863;0.997926;0.0231803;0.985948;1;3;1
100.531;1572.06;-1.0015;-2.50148;0.0050452;-0.00786458;-0.000356548;0.00505504;-0.00787442;1.00194;0.00778794;-0.00450941;0.994605;0.0256194;0.988267;1;3;1
123.531;1572.06;-0.876853;-2.41354;0.00422746;-0.0089485;0.0011417;0.00432566;-0.0090467;1.00736;0.00806222;-0.00434929;0.990158;0.0215157;0.98663;1;3;1
146.531;1572.06;-0.807898;-2.29631;0.00378287;-0.00928767;0.000193134;0.00378572;-0.00929052;0.997147;-0.000508873;-0.00637694;0.987536;0.0249456;0.983218;1;3;1
169.531;1572.06;-0.703496;-2.23975;0.0055112;-0.00916209;0.000913669;0.00556787;-0.00921876;1.0063;0.00029771;-5.97644e-05;0.987393;0.0276206;0.981711;1;3;1
192.531;1572.06;-0.555381;-2.12872;0.00363868;-0.00902601;-0.00017907;0.00364121;-0.00902854;1.0077;0.00907368;-0.00536848;0.986501;0.0274802;0.979603;1;3;1
215.531;1572.06;-0.536801;-2.0522;0.00682044;-0.0111421;8.71613e-05;0.00682086;-0.0111425;1.00622;0.00626545;-0.000973034;0.989672;0.0277394;0.978032;1;3;1
238.531;1572.06;-0.24316;-1.92312;0.00862317;-0.00703764;0.000346754;0.00863084;-0.00704531;1.00711;0.00394602;-0.00835994;0.99577;0.024459;0.983621;1;3;1
261.531;1572.06;-0.142447;-1.81323;0.00458196;-0.00932667;0.00120986;0.00468642;-0.00943113;1.0044;0.00188334;-0.00392754;0.99114;0.0224041;0.987275;1;3;1
284.531;1572.06;-0.0333903;-1.70398;0.00554853;-0.0116337;0.00144354;0.00566896;-0.0117542;1.00837;-0.00194304;-0.00813307;0.984324;0.0287123;0.972407;1;4;1
307.531;1572.06;0.111373;-1.5573;0.00464379;-0.0100236;0.00168828;0.00483561;-0.0102154;0.999323;-0.00309696;-0.00657643;0.986241;0.0223532;0.989298;1;4;1
330.531;1572.06;0.179107;-1.46387;0.00543461;-0.0109227;0.000310785;0.00544052;-0.0109286;1.00506;-0.00152011;-0.00356158;0.988327;0.0211243;0.990757;1;3;1
353.531;1572.06;0.3605;-1.4246;0.00667518;-0.00883744;-0.000398374;0.0066854;-0.00884766;1.00652;0.005465;0.000379476;0.992851;0.0221251;0.989098;1;4;1
376.531;1572.06;0.485023;-1.35686;0.00514174;-0.00887246;0.00236074;0.00552872;-0.00925945;1.00258;-0.00016639;-0.0101568;0.991721;0.0231859;0.985333;1;3;1
399.531;1572.06;0.5956;-1.15017;0.00424773;-0.00832961;0.00259814;0.00476329;-0.00884518;1.00557;-0.00121694;-0.00494714;0.992284;0.0210761;0.989804;1;3;1
422.531;1572.06;0.679051;-1.05994;0.00398595;-0.00901747;-0.000286962;0.00399228;-0.0090238;0.999407;0.00365853;-0.000765505;1.00111;0.0234606;0.98504;1;3;1
445.531;1572.06;0.778375;-1.00908;0.00615982;-0.00993425;0.00141445;0.00628318;-0.0100576;1.0072;-0.000658169;-0.00441302;0.989807;0.0265111;0.982484;1;4;1
468.531;1572.06;0.961111;-0.861756;0.00611712;-0.00961615;0.000125765;0.00611813;-0.00961716;1.00093;0.00548858;-0.00141339;0.991117;0.0245232;0.984002;1;4;1
491.531;1572.06;1.05851;-0.817357;0.00654319;-0.00842579;-0.000241644;0.00654709;-0.00842969;1.00844;0.0012805;-0.00636363;0.991538;0.028694;0.981553;1;4;1
514.531;1572.06;1.2608;-0.690447;0.00774172;-0.00807834;0.000770922;0.0077792;-0.00811582;1.01225;0.00368423;0.000895018;0.990985;0.0244686;0.987374;1;3;1
537.531;1572.06;1.41286;-0.624547;0.00490979;-0.0095006;-0.000457891;0.00492433;-0.00951513;1.00518;0.00826686;-0.00396537;0.988146;0.024753;0.983868;1;4;1
560.531;1572.06;1.48577;-0.516594;0.00607489;-0.00754444;0.000653315;0.00610615;-0.00757571;1.00295;0.011597;-0.0117983;0.992887;0.0194531;0.991688;1;4;1
583.531;1572.06;1.6907;-0.358514;0.00718814;-0.0097195;0.000774381;0.00722353;-0.00975489;1.00599;0.00689815;-0.00157548;0.989581;0.02267;0.989;1;4;1
606.531;1572.06;1.81468;-0.28627;0.00796542;-0.0111325;0.000481415;0.00797755;-0.0111446;1.00513;0.00640691;-0.000225179;0.988504;0.0249793;0.985092;1;3;1
629.531;1572.06;2.05535;-0.188998;0.00893558;-0.00768053;1.26715e-05;0.00893559;-0.00768054;1.01422;0.00436493;-0.00320722;0.993224;0.0240292;0.989541;1;3;1
652.531;1572.06;2.22347;-0.0870164;0.0057224;-0.0106348;0.000322501;0.00572876;-0.0106412;1.0108;0.00784368;-0.00759365;0.986666;0.0311463;0.971186;1;3;1
675.531;1572.06;2.31751;-0.0159032;0.00573553;-0.010219;-0.000416524;0.00574639;-0.0102299;0.995228;0.00732831;-0.00325112;0.991607;0.025332;0.982315;1;3;1
698.531;1572.06;2.4863;0.0633977;0.00676004;-0.0110169;0.000173668;0.00676173;-0.0110186;1.01118;0.0099693;-0.00205507;0.993849;0.0255667;0.981211;1;3;1
721.531;1572.06;2.62701;0.180432;0.00632933;-0.00958536;3.49724e-06;0.00632933;-0.00958536;1.00646;0.00532553;-0.00584292;0.993803;0.024789;0.98647;1;3;1
744.531;1572.06;2.7761;0.265474;0.00644023;-0.00861367;-0.000234615;0.00644389;-0.00861733;1.00577;0.00854064;-0.00171345;0.99356;0.022733;0.989757;1;3;1
767.531;1572.06;2.92213;0.311099;0.00671642;-0.0110379;-0.000885822;0.00676051;-0.011082;1.01006;0.00161357;-0.00468893;0.989011;0.0233245;0.991868;1;3;1
790.531;1572.06;3.08384;0.396238;0.00708699;-0.00991733;0.00071764;0.00711723;-0.00994757;1.00854;-0.000962039;-0.000892073;0.988281;0.0237;0.983025;1;2;1
813.531;1572.06;3.24649;0.524892;0.00775642;-0.00973807;0.000498642;0.00777063;-0.00975227;1.00755;0.00193922;-0.00504108;0.988392;0.0253954;0.979145;1;3;1
836.531;1572.06;3.43876;0.611879;0.00692819;-0.00880672;0.000753198;0.00696417;-0.00884269;1.00705;0.00742818;-0.00579336;0.992726;0.0241003;0.988817;1;4;1
859.531;1572.06;3.56364;0.729533;0.00683823;-0.00897884;0.000164203;0.00683994;-0.00898055;1.00014;0.0103546;-0.00640838;0.989688;0.0243412;0.979903;1;3;1
882.531;1572.06;3.75178;0.820334;0.00735518;-0.01121;0.00102613;0.00741172;-0.0112666;1.01386;0.00354783;-0.00227463;0.99154;0.0246946;0.978342;1;3;1
905.531;1572.06;3.90041;0.904125;0.00454387;-0.00839733;2.98882e-05;0.00454394;-0.0083974;1.00358;0.0048824;-0.00481244;0.988899;0.0264623;0.975026;1;3;1
928.531;1572.06;3.96001;0.989821;0.00502299;-0.0066559;0.000639915;0.00505795;-0.00669086;1.00849;-0.00572331;-0.00295561;0.98612;0.0341776;0.952793;1;3;1
951.531;1572.06;4.13052;1.09001;0.00805237;-0.00906482;0.000526064;0.00806852;-0.00908097;1.00175;-6.01797e-05;-0.00515319;0.987622;0.0297788;0.966717;1;3;1
974.531;1572.06;4.32825;1.24222;0.00859808;-0.00902817;0.000392558;0.00860682;-0.00903691;1.01256;0.00493931;-0.0041638;0.990267;0.028963;0.979753;1;3;1
997.531;1572.06;4.52397;1.27447;0.0072297;-0.00616626;0.00028222;0.00723564;-0.0061722;1.00623;0.00118743;-0.00278378;0.995357;0.0278353;0.972711;1;3;1
1020.53;1572.06;4.65932;1.41154;0.00639734;-0.00788936;2.19128e-05;0.00639737;-0.00788939;1.00395;0.00637444;-0.00660165;0.989563;0.0259105;0.978776;1;3;1
1043.53;1572.06;4.81677;1.49903;0.00774601;-0.00907973;0.00214817;0.00801594;-0.00934966;1.01087;0.000258917;-0.00326819;0.991738;0.0293594;0.965973;1;4;1
1066.53;1572.06;5.01372;1.636;0.00690577;-0.00891765;0.000495487;0.00692127;-0.00893315;1.0087;0.00305019;-0.0035446;0.992693;0.0213638;0.984244;1;3;1
1089.53;1572.06;5.13311;1.64811;0.00845104;-0.00669361;-0.000223121;0.00845433;-0.0066969;1.00793;0.0109052;-0.00590906;0.9897;0.0246726;0.983292;1;3;1
1112.53;1572.06;5.40066;1.76659;0.00887686;-0.00948352;0.00133328;0.00897317;-0.00957983;1.00751;0.000766736;-0.00546391;0.986742;0.0235649;0.984115;1;4;1
1135.53;1572.06;5.53894;1.90502;0.00530382;-0.0064717;0.00224924;0.00571882;-0.0068867;1.00489;-0.000186404;-0.00211767;0.988319;0.0227378;0.984981;1;3;1
1158.53;1572.06;5.64301;2.06765;0.00766853;-0.00712635;0.000161439;0.00767029;-0.00712811;1.00636;0.00178117;-0.00670878;0.99273;0.0278665;0.982655;1;4;1
1181.53;1572.06;5.89015;2.04002;0.0120455;-0.00660332;0.000589082;0.0120641;-0.00662191;1.0127;0.000585578;-0.00364048;0.991534;0.0246125;0.983927;1;3;1
1204.53;1572.06;6.19362;2.19927;0.00753632;-0.00832844;-0.0001127;0.00753712;-0.00832924;1.00139;-0.00722961;-0.000463136;0.993519;0.0265662;0.977829;1;3;1
1227.53;1572.06;6.23516;2.2231;0.00505834;-0.00741758;0.000121662;0.00505953;-0.00741877;1.0083;0.00441897;-0.00142972;0.996601;0.0232648;0.983151;1;3;1
1250.53;1572.06;6.42559;2.30683;0.00578093;-0.00892672;0.000928846;0.00583936;-0.00898515;1.00647;3.93767e-05;-0.00391279;0.986122;0.0220953;0.987231;1;3;1
1273.53;1572.06;6.49978;2.4466;0.00324939;-0.00747404;-0.00119872;0.00338175;-0.0076064;1.00363;-0.00176801;-0.00525178;0.989077;0.0322749;0.979555;1;3;1
31.5305;1549.06;-1.31353;-2.57959;0.00702055;-0.00922263;-0.00164801;0.00718607;-0.00938815;1.00352;0.00765339;-0.00372153;0.994349;0.0267187;0.974827;1;3;1
54.5305;1549.06;-1.15265;-2.54474;0.00663187;-0.0100619;-0.000698253;0.00666102;-0.010091;1.00877;0.00233115;-0.00207014;0.992356;0.0247467;0.98661;1;3;1
77.5306;1549.06;-1.00956;-2.48635;0.00502916;-0.00996933;0.0010835;0.00510703;-0.0100472;1.00953;-0.00130505;-0.00105823;0.993166;0.0273091;0.977231;1;3;1
100.531;1549.06;-0.92232;-2.3439;0.00307975;-0.00908464;0.00161387;0.00329022;-0.00929511;0.998715;-0.000396297;-0.0045441;0.990298;0.0252154;0.982582;1;3;1
123.531;1549.06;-0.869106;-2.18341;0.00456603;-0.00937718;0.00160859;0.00474921;-0.00956035;1.00482;-0.00437407;-0.00801031;0.986535;0.0271239;0.973183;1;3;1
146.531;1549.06;-0.713502;-2.08199;0.00527226;-0.00904501;0.000531067;0.00529193;-0.00906468;1.00781;0.00101588;-0.00486362;0.992715;0.0284546;0.979982;1;4;1
169.531;1549.06;-0.627593;-1.9971;0.00545091;-0.00959658;0.000405832;0.00546185;-0.00960752;1.00045;0.00208336;0.000390541;0.99334;0.0258917;0.987138;1;4;1
192.531;1549.06;-0.463774;-1.90613;0.00689316;-0.010658;0.000809737;0.00693044;-0.0106953;1.01349;0.000870551;-0.00801032;0.99169;0.0269122;0.978546;1;4;1
215.531;1549.06;-0.31209;-1.78266;0.0061895;-0.0123309;-0.000599114;0.00620886;-0.0123503;1.00021;0.0089352;-0.000317028;0.987818;0.0255317;0.980972;1;3;1
238.531;1549.06;-0.180316;-1.71773;0.0043205;-0.00954204;0.00112312;0.0044109;-0.00963244;1.0046;0.00197453;-0.00705662;0.987278;0.0202608;0.989593;1;4;1
261.531;1549.06;-0.114264;-1.57001;0.00376608;-0.0073593;0.00241633;0.00426822;-0.00786144;1.00501;0.0044672;-0.0059133;0.990895;0.022111;0.991314;1;3;1
284.531;1549.06;-0.0085262;-1.39541;0.00518121;-0.0113016;0.00116572;0.00526324;-0.0113836;1.00262;0.00426167;-0.00307812;0.990317;0.0224896;0.986509;1;3;1
307.531;1549.06;0.122862;-1.33535;0.00617094;-0.00826286;0.000409878;0.00618257;-0.00827449;1.0048;0.0058129;-0.00649858;0.991449;0.0220386;0.989132;1;3;1
330.531;1549.06;0.274138;-1.22103;0.00600802;-0.00901134;-0.000123276;0.00600903;-0.00901236;1.00872;0.00344094;0.00102571;0.990545;0.0249989;0.984063;1;3;1
353.531;1549.06;0.398148;-1.18094;0.00409055;-0.0103379;0.000846501;0.00414005;-0.0103874;0.999049;-0.00209952;-0.00850719;0.98825;0.023772;0.988775;1;3;1
376.531;1549.06;0.461678;-1.07147;0.00505795;-0.0118405;0.00100403;0.0051174;-0.0118999;1.00636;0.00156034;-0.000479774;0.9846;0.0247822;0.987514;1;3;1
399.531;1549.06;0.629676;-0.954773;0.00773877;-0.0101021;0.000781463;0.00777293;-0.0101363;1.00995;-0.000766798;-0.00360518;0.988792;0.0229285;0.985758;1;3;1
422.531;1549.06;0.815903;-0.880815;0.00449618;-0.00909704;-0.000498046;0.0045144;-0.00911526;1.00293;0.00784769;-0.00393953;0.984973;0.0217694;0.990316;1;4;1
445.531;1549.06;0.835398;-0.711734;0.00549816;-0.0107612;0.0012095;0.00558764;-0.0108507;1.0126;0.00572664;-0.00481648;0.989719;0.0293824;0.96756;1;4;1
468.531;1549.06;1.06726;-0.598036;0.00866138;-0.0110372;0.000338026;0.00866718;-0.011043;1.01152;0.00527246;0.00111657;0.989509;0.0256886;0.983244;1;3;1
491.531;1549.06;1.23173;-0.52298;0.00649417;-0.0119055;-0.00131967;0.00658834;-0.0119997;0.998208;0.0123871;-0.00709098;0.989342;0.0265921;0.981873;1;4;1
514.531;1549.06;1.36483;-0.460673;0.0058684;-0.00898955;-6.76757e-05;0.0058687;-0.00898986;1.00663;0.00187737;0.00297987;0.99181;0.0250454;0.980124;1;4;1
537.531;1549.06;1.50046;-0.325328;0.00565134;-0.0110416;0.000373759;0.0056597;-0.0110499;1.0065;-0.00133129;-0.0105951;0.993974;0.0260322;0.985022;1;3;1
560.531;1549.06;1.62369;-0.27747;0.0052721;-0.0104212;0.000624122;0.00529689;-0.010446;1.00388;0.000955631;-0.00327636;0.986648;0.0240052;0.983034;1;3;1
583.531;1549.06;1.74189;-0.119328;0.00635256;-0.00811598;0.00209653;0.00665022;-0.00841365;1.00527;0.00635436;-0.00809698;0.994471;0.0258515;0.982424;1;4;1
606.531;1549.06;1.91409;0.0104034;0.00748475;-0.00965699;-0.000441398;0.00749611;-0.00966835;1.00573;-2.33775e-05;0.000473742;0.992814;0.0238357;0.984139;1;3;1
629.531;1549.06;2.08474;0.0048251;0.00762515;-0.0101768;0.00019007;0.00762718;-0.0101788;1.01023;0.00122695;-0.00597815;0.995064;0.0253505;0.982137;1;4;1
652.531;1549.06;2.2633;0.153028;0.00590598;-0.00795793;0.0010355;0.00598289;-0.00803484;1.00982;0.0045012;-0.00395598;0.998079;0.0292498;0.980076;1;3;1
675.531;1549.06;2.35536;0.159921;0.00628498;-0.00960917;0.000725842;0.00631805;-0.00964225;0.997544;0.00179083;0.00316599;0.986426;0.0205371;0.987447;1;3;1
698.531;1549.06;2.55119;0.325753;0.00883976;-0.00991797;0.00115276;0.00891033;-0.00998854;1.01246;-0.00415255;-0.00918505;0.992431;0.0221867;0.9903;1;4;1
721.531;1549.06;2.75958;0.400134;0.00791227;-0.0105562;0.000230589;0.00791515;-0.0105591;1.00592;0.00338825;-0.0033252;0.99119;0.0254212;0.982932;1;3;1
744.531;1549.06;2.9133;0.523524;0.00538749;-0.00972315;0.000906008;0.00544161;-0.00977728;1.00026;-8.61269e-05;-0.00164049;0.989215;0.0234943;0.986277;1;3;1
767.531;1549.06;3.00621;0.622219;0.00543156;-0.00980832;-0.000202239;0.00543424;-0.009811;1.00924;0.00517636;-0.00572333;0.991502;0.0200631;0.990387;1;3;1
790.531;1549.06;3.16226;0.665109;0.00747791;-0.0102868;0.000254801;0.00748157;-0.0102904;1.00946;0.00450313;-0.00354575;0.987112;0.0244098;0.986561;1;4;1
813.531;1549.06;3.34851;0.816365;0.00725893;-0.00999562;0.000493598;0.00727304;-0.0100097;1.00252;-0.00130525;-0.00654232;0.986941;0.0224277;0.985535;1;3;1
836.531;1549.06;3.49446;0.882315;0.00649362;-0.00978386;-0.000467624;0.00650705;-0.00979728;1.00871;0.00313704;0.00114141;0.984743;0.0228109;0.985925;1;3;1
859.531;1549.06;3.64613;0.92186;0.0056502;-0.00771939;-0.000312746;0.00565752;-0.0077267;0.999378;-0.00355809;-0.00426317;0.994003;0.0264927;0.977828;1;3;1
882.531;1549.06;3.75332;1.05567;0.00647632;-0.0083653;0.000895504;0.00653015;-0.00841913;1.01165;-0.00139716;-0.00791611;0.992028;0.0253553;0.976585;1;3;1
905.531;1549.06;3.94269;1.11279;0.00685679;-0.00855754;-0.000209901;0.00685965;-0.00856039;1.00541;-0.000441789;0.0026453;0.99735;0.0276516;0.965617;1;4;1
928.531;1549.06;4.06747;1.18727;0.0072254;-0.00724944;-0.00118515;0.0073218;-0.00734583;1.00937;0.00877071;-0.00859106;0.992433;0.0295184;0.968778;1;4;1
951.531;1549.06;4.27338;1.32439;0.00615769;-0.00892197;-0.000628672;0.00618385;-0.00894814;1.00359;0.00738374;-0.00595956;0.993646;0.0300688;0.971098;1;4;1
974.531;1549.06;4.34928;1.41694;0.00681323;-0.00811984;-0.000440295;0.0068262;-0.00813281;1.01791;0.00482081;-0.00438392;0.993492;0.0283294;0.969488;1;4;1
997.531;1549.06;4.58544;1.48756;0.00915363;-0.00945676;0.00128104;0.0092414;-0.00954453;1.00586;-0.00200096;-0.00279037;0.991382;0.025761;0.981075;1;3;1
1020.53;1549.06;4.76813;1.58745;0.00425434;-0.00808508;0.000310435;0.00426215;-0.00809289;1.00282;0.00188746;-0.00753853;0.994458;0.0234434;0.981434;1;4;1
1043.53;1549.06;4.78008;1.73303;0.00664987;-0.00858855;0.00127815;0.00675633;-0.00869501;0.999118;0.00448931;-0.00680394;0.993861;0.034266;0.968687;1;3;1
1066.53;1549.06;5.07223;1.85642;0.0100054;-0.00774942;0.000851694;0.0100462;-0.00779018;1.01032;-6.41915e-06;-0.00179798;0.99086;0.0329568;0.963622;1;3;1
1089.53;1549.06;5.23777;1.89423;0.00682271;-0.0104889;0.00023024;0.00682577;-0.010492;1.00733;-0.00151024;-0.00168992;0.992743;0.0242518;0.980625;1;3;1
1112.53;1549.06;5.38459;2.05513;0.00639389;-0.0102339;0.00066311;0.00642029;-0.0102603;1.00316;0.00497913;-0.00588938;0.995763;0.0317447;0.966816;1;4;1
1135.53;1549.06;5.53064;2.06488;0.00736638;-0.00802035;-0.00141541;0.0074955;-0.00814947;1.00734;0.00855696;0.00059479;0.996173;0.0256132;0.978416;1;3;1
1158.53;1549.06;5.72216;2.11348;0.00862459;-0.00480946;0.000106922;0.00862544;-0.00481031;1.00857;0.00568089;-0.00262512;0.993217;0.0322362;0.975672;1;4;1
1181.53;1549.06;5.92529;2.25406;0.0104043;-0.0102901;0.00194273;0.0105851;-0.0104709;1.01918;-0.000371141;-0.00718798;0.993607;0.0258686;0.98041;1;3;1
1204.53;1549.06;6.1977;2.34957;0.00738165;-0.00772791;0.00128928;0.00749087;-0.00783713;1.00567;0.00416445;-0.000668233;0.994136;0.0249574;0.982265;1;3;1
1227.53;1549.06;6.26329;2.42235;0.00653793;-0.00940298;0.00127533;0.00663931;-0.00950437;1.00826;0.0013526;-0.00877231;0.991959;0.0268834;0.979488;1;3;1
1250.53;1549.06;6.49667;2.62143;0.0116562;-0.0107148;0.00172762;0.0117888;-0.0108475;1.00695;0.00411421;-0.00261653;0.990993;0.0248006;0.98748;1;3;1
1273.53;1549.06;6.79601;2.60899;0.0130999;-0.00920873;-0.00281914;0.0134507;-0.00955947;1.01852;0.020449;-0.00127953;0.993407;0.0293548;0.978762;1;3;1
31.5305;1526.06;-1.26068;-2.35835;0.00786238;-0.00937318;0.000838037;0.00790303;-0.00941383;1.00889;0.00460695;-0.00752242;0.991659;0.0260711;0.982119;1;3;1
54.5305;1526.06;-1.08077;-2.25763;0.00549109;-0.0101979;0.00120496;0.00558309;-0.0102899;1.00694;0.00281082;-0.00290325;0.987772;0.0298507;0.981464;1;3;1
77.5306;1526.06;-1.00939;-2.12131;0.00503091;-0.0125017;0.00107916;0.00509709;-0.0125679;1.00998;0.00204698;0.00110342;0.984264;0.0276964;0.984167;1;3;1
100.531;1526.06;-0.850265;-2.08142;0.00531186;-0.0106391;-0.000727771;0.00534499;-0.0106723;1.00292;0.00434936;-0.00889227;0.987065;0.0281511;0.980207;1;4;1
123.531;1526.06;-0.765905;-1.98001;0.00387412;-0.00899979;0.000409712;0.00388714;-0.00901282;1.00505;0.00331819;-0.00180279;0.990134;0.0277916;0.982736;1;3;1
146.531;1526.06;-0.672847;-1.87814;0.00433242;-0.00998049;0.00071952;0.0043685;-0.0100166;1.00031;0.00656302;-0.00452091;0.99127;0.0267472;0.986778;1;4;1
169.531;1526.06;-0.56741;-1.79596;0.00555472;-0.0112391;0.00102132;0.00561661;-0.011301;1.00537;0.00278119;-0.00345872;0.985973;0.0256876;0.982904;1;4;1
192.531;1526.06;-0.418671;-1.6356;0.00591697;-0.010771;0.00165227;0.00607899;-0.010933;1.01009;0.00320957;-0.00982876;0.987177;0.0229788;0.987109;1;4;1
215.531;1526.06;-0.297104;-1.4808;0.00616211;-0.0103744;2.22702e-05;0.00616214;-0.0103744;1.00337;-0.00014719;-0.00208718;0.989854;0.0236123;0.980361;1;3;1
238.531;1526.06;-0.136337;-1.48195;0.00549187;-0.0102198;-0.000614563;0.00551587;-0.0102438;1.00632;0.00266006;0.00109352;0.989959;0.0215488;0.989663;1;3;1
261.531;1526.06;-0.0451682;-1.47334;0.00496938;-0.00969215;0.0018008;0.00518733;-0.00991009;1.0074;0.00654042;-0.0142059;0.984235;0.0318711;0.983092;1;4;1
284.531;1526.06;0.0907096;-1.18097;0.00636557;-0.00924043;0.00208184;0.00663852;-0.00951338;1.00645;0.00311121;-0.00235359;0.990601;0.0234263;0.985958;1;3;1
307.531;1526.06;0.245763;-1.17543;0.00549267;-0.0104762;1.05113e-05;0.00549268;-0.0104763;1.00377;0.00288071;-0.00583342;0.992412;0.0232267;0.98646;1;3;1
330.531;1526.06;0.342489;-1.04717;0.00403315;-0.008533;0.00150679;0.0042113;-0.00871115;1.00755;0.00162288;-0.00334502;0.995406;0.0210472;0.990295;1;3;1
353.531;1526.06;0.430348;-0.946515;0.00596528;-0.0113841;0.00128187;0.00605948;-0.0114783;1.00204;0.00523638;-0.00718794;0.992118;0.0208175;0.991181;1;3;1
376.531;1526.06;0.615464;-0.808744;0.00614774;-0.012038;0.000739789;0.00617778;-0.0120681;1.00572;0.00192618;-0.00598471;0.991888;0.0234023;0.987134;1;3;1
399.531;1526.06;0.71153;-0.682959;0.00762135;-0.0101596;-0.000346356;0.00762809;-0.0101663;1.00762;0.00295015;-0.000304506;0.993431;0.0251522;0.985749;1;3;1
422.531;1526.06;0.964408;-0.638658;0.00511501;-0.0105446;0.000317178;0.00512143;-0.010551;1.00401;-0.00308389;-0.00150925;0.987191;0.0224119;0.98562;1;3;1
445.531;1526.06;0.945902;-0.511063;0.00330611;-0.00929548;0.0010277;0.00338937;-0.00937874;1.00438;0.00175534;-0.00899669;0.990828;0.0240842;0.982604;1;3;1
468.531;1526.06;1.11534;-0.35095;0.00804799;-0.0103777;0.0018159;0.00822524;-0.0105549;1.00917;-0.00099919;-0.00387306;0.991297;0.0221465;0.988665;1;3;1
491.531;1526.06;1.31398;-0.265684;0.00755969;-0.0097184;-0.000583538;0.00757938;-0.00973808;1.00827;0.00238387;-0.00045084;0.994984;0.0236638;0.98652;1;3;1
514.531;1526.06;1.46172;-0.274609;0.0053422;-0.00903828;6.22756e-05;0.00534247;-0.00903855;1.00243;0.00535847;-0.00224988;0.992488;0.0256018;0.981195;1;3;1
537.531;1526.06;1.55882;-0.113565;0.00370983;-0.0111838;0.00088995;0.00376282;-0.0112368;1.00438;0.00364959;-0.00842342;0.986726;0.0259028;0.982986;1;3;1
560.531;1526.06;1.63143;-0.0344597;0.00488411;-0.0115514;-8.28051e-05;0.00488453;-0.0115518;1.01302;0.00242706;-0.0032811;0.990929;0.0277736;0.982011;1;4;1
583.531;1526.06;1.78276;0.0164413;0.00755003;-0.00868782;0.000456393;0.00756284;-0.00870063;1.00764;-0.00138845;-0.000941897;0.991308;0.0256792;0.982969;1;3;1
606.531;1526.06;1.97702;0.160407;0.00864777;-0.00809091;0.000957436;0.00870235;-0.0081455;1.00815;0.00629567;-0.00952314;0.999516;0.0274076;0.987871;1;3;1
629.531;1526.06;2.17809;0.281706;0.00664906;-0.00959732;0.000763794;0.00668489;-0.00963315;1.01199;-0.00152607;-0.00166368;0.986273;0.0298529;0.976535;1;4;1
652.531;1526.06;2.28171;0.280554;0.00530256;-0.00810256;0.00092532;0.00536613;-0.00816613;0.996217;-0.000541313;-0.00427556;0.989642;0.0290308;0.977137;1;3;1
675.531;1526.06;2.42114;0.428381;0.00732739;-0.0115126;0.000734775;0.00735601;-0.0115412;1.0113;0.00729039;7.39574e-05;0.986079;0.0226542;0.98385;1;3;1
698.531;1526.06;2.61692;0.522097;0.00828598;-0.00923289;0.00130513;0.00838267;-0.00932959;1.00923;-0.00199756;-0.00966213;0.987242;0.0212732;0.987052;1;4;1
721.531;1526.06;2.8001;0.668937;0.00644264;-0.00935483;0.00196585;0.0066836;-0.00959579;1.00319;0.000811416;-0.00302574;0.989092;0.0243241;0.979478;1;3;1
744.531;1526.06;2.91193;0.715137;0.00610685;-0.0090537;0.000347375;0.00611481;-0.00906166;1.00983;0.000625065;0.000577782;0.98708;0.0242305;0.982312;1;3;1
767.531;1526.06;3.08006;0.76479;0.00741034;-0.0087643;-0.000207747;0.00741301;-0.00876697;1.00363;-0.000610728;-0.00414628;0.996682;0.0214312;0.989201;1;3;1
790.531;1526.06;3.25128;0.872197;0.00731683;-0.0110963;0.000314196;0.00732219;-0.0111017;1.01169;-0.00295273;-0.00817532;0.993016;0.024812;0.984312;1;3;1
813.531;1526.06;3.41488;0.987323;0.00729602;-0.00874989;-0.000348088;0.00730357;-0.00875744;1.01131;0.0101136;-0.00292072;0.996338;0.0245794;0.982824;1;4;1
836.531;1526.06;3.58529;1.0644;0.0076051;-0.00968141;-0.000230384;0.00760817;-0.00968448;1.006;0.00523273;0.00125243;0.990526;0.0286617;0.97211;1;4;1
859.531;1526.06;3.76329;1.08644;0.00595161;-0.00915193;5.33398e-05;0.0059518;-0.00915211;1.00431;0.00612261;-0.00353862;0.993902;0.0301859;0.982125;1;4;1
882.531;1526.06;3.85803;1.20688;0.00624493;-0.00771881;-0.000294058;0.00625112;-0.007725;1.00612;0.0081637;-0.00914686;0.995889;0.0254425;0.98006;1;4;1
905.531;1526.06;4.04917;1.29971;0.00914895;-0.00895625;-0.000940939;0.00919772;-0.00900502;1.00745;0.0088343;-0.00221468;0.986898;0.0256357;0.974252;1;4;1
928.531;1526.06;4.27682;1.32561;0.00797705;-0.0101418;-0.00024646;0.0079804;-0.0101451;1.00691;0.0139669;-0.00608132;0.990821;0.0307049;0.962051;1;3;1
951.531;1526.06;4.41422;1.50315;0.00552242;-0.00841876;0.00144045;0.0056697;-0.00856604;1.00392;0.00340056;-0.000281247;0.99034;0.0289377;0.975229;1;4;1
974.531;1526.06;4.52924;1.6177;0.00350189;-0.00807355;0.000266734;0.00350803;-0.00807969;1.0048;0.00509931;-0.00553261;0.994103;0.029495;0.977924;1;3;1
997.531;1526.06;4.57456;1.71159;0.00751496;-0.00915944;-0.000211636;0.00751765;-0.00916213;1.00773;0.00806755;-0.00267034;0.986007;0.0300307;0.963423;1;3;1
1020.53;1526.06;4.87333;1.78548;0.00852857;-0.00945126;-0.000403194;0.00853761;-0.0094603;1.01198;0.013061;-0.00204671;0.986313;0.0285207;0.978686;1;3;1
1043.53;1526.06;4.96484;1.89606;0.00482995;-0.00698678;-0.00103156;0.00491933;-0.00707615;1.0008;0.00429272;-0.00897041;0.989835;0.0335633;0.961763;1;3;1
1066.53;1526.06;5.0945;1.99394;0.00748703;-0.00753283;4.27211e-05;0.00748715;-0.00753295;1.01037;0.00464969;-0.00258037;0.989088;0.0308214;0.966672;1;3;1
1089.53;1526.06;5.30736;2.1335;0.00904074;-0.00884926;0.000673251;0.00906604;-0.00887456;1.00747;0.0025717;-0.00492164;0.988186;0.027091;0.974374;1;3;1
1112.53;1526.06;5.50786;2.23991;0.00913965;-0.00807944;-0.000812002;0.00917785;-0.00811765;1.0099;-0.00194117;-0.0012784;0.98966;0.0232269;0.980165;1;4;1
1135.53;1526.06;5.72566;2.27583;0.00680737;-0.00891358;-0.00192381;0.00703937;-0.00914558;1.00876;0.00419514;0.00107186;0.989945;0.0259537;0.980289;1;3;1
1158.53;1526.06;5.81992;2.28976;0.00478247;-0.0105381;-0.000247314;0.00478646;-0.0105421;1.00092;0.00640061;-0.00759336;0.9947;0.0246251;0.985512;1;3;1
1181.53;1526.06;5.94451;2.51586;0.00922656;-0.00868092;0.000838676;0.00926575;-0.00872012;1.01357;0.00560635;-0.00551726;0.99036;0.0367141;0.966179;1;3;1
1204.53;1526.06;6.24163;2.55616;0.00965148;-0.00999851;0.000162544;0.00965283;-0.00999985;1.0097;0.00351983;-0.00646409;0.992019;0.0245495;0.9831;1;3;1
1227.53;1526.06;6.38614;2.65794;0.00457591;-0.00926398;-9.78949e-06;0.00457591;-0.00926399;1.00454;0.0052654;-0.00248199;0.990114;0.0265108;0.979904;1;2;1
1250.53;1526.06;6.45099;2.80239;0.00754665;-0.00622605;0.000771511;0.00758973;-0.00626914;1.00501;0.0058953;-0.00177264;0.997158;0.0277317;0.979509;1;4;1
1273.53;1526.06;6.73149;2.87276;0.0122745;-0.00858869;0.000194318;0.0122763;-0.0085905;1.00982;0.00846553;-0.00890384;1.00124;0.0329833;0.985302;1;3;1
31.5305;1503.06;-1.19203;-2.14622;0.00709383;-0.00927949;-5.28414e-05;0.007094;-0.00927966;1.00141;0.000995137;-0.00561743;0.983111;0.0364542;0.963766;1;3;1
54.5305;1503.06;-1.02957;-2.07305;0.00561188;-0.00984083;0.00166733;0.00578973;-0.0100187;0.998634;-0.000645739;-0.0105404;0.993229;0.0274981;0.981841;1;4;1
77.5306;1503.06;-0.935224;-1.90757;0.00683689;-0.00927994;0.00065902;0.00686379;-0.00930685;1.01276;0.00148469;-0.00151303;0.992713;0.0255515;0.982282;1;3;1
100.531;1503.06;-0.716668;-1.8514;0.00500036;-0.0102566;-0.000382414;0.00500994;-0.0102662;1.00333;-0.00124032;-0.00340963;0.988549;0.0269053;0.984848;1;3;1
123.531;1503.06;-0.705992;-1.76725;0.00259587;-0.00900795;0.00100481;0.00268224;-0.00909432;1.00146;0.00429144;-0.00450047;0.995248;0.0266334;0.976338;1;3;1
146.531;1503.06;-0.59799;-1.62042;0.00488903;-0.0108749;0.00178869;0.00508945;-0.0110753;1.00392;-0.00173789;-0.00919132;0.992813;0.0259437;0.979865;1;3;1
169.531;1503.06;-0.482556;-1.47693;0.00640091;-0.0117567;0.000797884;0.00643591;-0.0117917;1.01286;0.0101128;-0.00013146;0.994254;0.026186;0.982519;1;3;1
192.531;1503.06;-0.304973;-1.40769;0.00697813;-0.0104109;0.000516306;0.00699344;-0.0104262;1.00567;0.00324096;-0.00256215;0.991405;0.0245433;0.982835;1;3;1
215.531;1503.06;-0.163002;-1.30269;0.00410673;-0.00890499;3.47182e-05;0.00410682;-0.00890508;1.00253;0.00406556;-0.0065309;0.988934;0.0238208;0.984637;1;3;1
238.531;1503.06;-0.116736;-1.24515;0.00393844;-0.010668;0.00074607;0.00397645;-0.010706;1.00616;0.00359078;-0.00201418;0.991011;0.0243286;0.988672;1;4;1
261.531;1503.06;0.0174568;-1.1218;0.00461935;-0.0126285;0.0017681;0.00479874;-0.0128079;1.00068;-0.00163531;-0.00851136;0.992609;0.0268341;0.976767;1;3;1
284.531;1503.06;0.0944358;-0.968248;0.00516346;-0.00945858;0.00179666;0.00538098;-0.00967611;1.00641;0.00241631;-0.00395135;0.991978;0.0246712;0.989517;1;3;1
307.531;1503.06;0.253571;-0.850707;0.00584075;-0.0102249;7.10799e-05;0.00584106;-0.0102253;1.00526;0.00192694;-0.00669119;0.984799;0.0277105;0.98467;1;4;1
330.531;1503.06;0.362114;-0.826742;0.0057132;-0.00845799;0.000659115;0.00574379;-0.00848858;0.997306;-0.00035133;-0.00498318;0.988888;0.0225371;0.986488;1;3;1
353.531;1503.06;0.515214;-0.654102;0.00636259;-0.0100963;0.00168272;0.00653286;-0.0102666;1.0155;0.00241599;-0.00250271;0.993553;0.0249131;0.98708;1;4;1
376.531;1503.06;0.652811;-0.513943;0.00683793;-0.0104271;0.000644864;0.00686198;-0.0104511;1.00497;0.00469121;-0.000974467;0.985713;0.0262331;0.985592;1;4;1
399.531;1503.06;0.828381;-0.484601;0.00661801;-0.00754458;-0.000217415;0.00662135;-0.00754791;1.00538;0.00274792;-0.00160577;0.992292;0.0268257;0.980524;1;4;1
422.531;1503.06;0.956081;-0.392962;0.00429855;-0.0102428;0.00227822;0.00464713;-0.0105914;1.00323;0.00197395;-0.00140856;0.99072;0.0270027;0.984941;1;3;1
445.531;1503.06;1.02525;-0.281741;0.00407683;-0.00989672;0.00136953;0.0042098;-0.0100297;1.00583;0.0044864;-0.0100399;0.991353;0.0241309;0.985712;1;3;1
468.531;1503.06;1.14242;-0.118099;0.00731489;-0.00945538;0.000909688;0.00736409;-0.00950458;1.00771;0.000669913;-0.00136948;0.985743;0.0232725;0.98493;1;3;1
491.531;1503.06;1.36004;-0.0735598;0.00800377;-0.0116766;-0.000103179;0.00800431;-0.0116771;1.00808;-0.000123663;-0.00500868;0.988814;0.0240473;0.984451;1;3;1
514.531;1503.06;1.50907;-0.042788;0.00645956;-0.0104889;0.0023826;0.00678814;-0.0108175;1.00524;0.000284226;-0.00424068;0.985271;0.0224331;0.987269;1;3;1
537.531;1503.06;1.65546;0.192302;0.0054726;-0.00948053;0.00140124;0.00560278;-0.0096107;1.00678;0.00542594;-0.00766464;0.987858;0.029904;0.976879;1;4;1
560.531;1503.06;1.75915;0.2572;0.00515581;-0.0100529;-0.00158123;0.00531846;-0.0102155;1.00441;0.00437286;-0.000432541;0.99443;0.0269831;0.978448;1;3;1
583.531;1503.06;1.89193;0.28231;0.00717016;-0.0119571;-0.000430196;0.00717983;-0.0119668;1.00989;-0.00134786;0.000401056;0.989732;0.0268835;0.983328;1;4;1
606.531;1503.06;2.08763;0.384433;0.00526381;-0.0114973;0.00123967;0.005355;-0.0115884;1.00518;0.00123128;-0.00988393;0.983319;0.0240666;0.987025;1;3;1
629.531;1503.06;2.13314;0.448467;0.00514215;-0.00748172;0.00206863;0.00547249;-0.00781205;1.00209;0.00234988;-0.000242197;0.990691;0.0285274;0.976829;1;3;1
652.531;1503.06;2.32334;0.527308;0.00857492;-0.00915575;0.00143881;0.00869092;-0.00927175;1.00431;0.000372792;-0.00650099;0.986138;0.0266303;0.981784;1;3;1
675.531;1503.06;2.52526;0.692903;0.00754305;-0.00938055;0.000375879;0.0075514;-0.00938889;1.01708;0.00218831;-0.0028826;0.992384;0.0286835;0.975955;1;4;1
698.531;1503.06;2.66847;0.752596;0.00533658;-0.00924929;0.00035181;0.00534506;-0.00925777;0.999553;-0.000532294;-0.00491526;0.991122;0.0244759;0.984917;1;3;1
721.531;1503.06;2.76988;0.832489;0.00671494;-0.00797168;0.000657476;0.00674432;-0.00800106;1.01066;0.00354394;-0.00308206;0.994814;0.0254914;0.984843;1;3;1
744.531;1503.06;2.97594;0.94194;0.00895812;-0.00814523;0.000305533;0.00896357;-0.00815069;1.00367;0.0062727;-0.00251379;0.995465;0.0207022;0.991027;1;3;1
767.531;1503.06;3.17972;1.02749;0.00822231;-0.0108233;0.00106175;0.00828132;-0.0108823;1.01031;0.00671547;-0.0116694;0.983768;0.0282248;0.973755;1;4;1
790.531;1503.06;3.35202;1.1788;0.00851689;-0.00987709;0.000893566;0.0085602;-0.0099204;1.00827;0.00399767;-0.00115878;0.98773;0.0235334;0.983812;1;3;1
813.531;1503.06;3.56944;1.22117;0.00569304;-0.00974614;2.6263e-05;0.00569308;-0.00974619;1.00678;0.00400084;-0.0021816;0.983063;0.0236181;0.984803;1;3;1
836.531;1503.06;3.61291;1.32999;0.00462653;-0.0107395;-0.000302778;0.00463249;-0.0107454;1.00454;-0.000307625;-0.00683871;0.993118;0.0276904;0.985071;1;4;1
859.531;1503.06;3.7816;1.34499;0.00824389;-0.0107441;-0.000348089;0.00825027;-0.0107504;1.00676;0.000205172;-0.000103728;0.9899;0.0251751;0.978206;1;3;1
882.531;1503.06;3.99051;1.41273;0.0079406;-0.00966795;0.000680212;0.00796683;-0.00969419;1.01642;-0.00254272;-0.00206752;0.989622;0.0271272;0.977389;1;3;1
905.531;1503.06;4.14507;1.52709;0.00654026;-0.0107756;0.00178996;0.00672336;-0.0109587;0.999699;0.0027329;-0.00683791;0.986587;0.0271455;0.979635;1;3;1
928.531;1503.06;4.28974;1.65672;0.00621331;-0.0115479;0.00171707;0.00637778;-0.0117124;1.00709;-0.00578116;-0.00403326;0.987127;0.0328037;0.96879;1;4;1
951.531;1503.06;4.42963;1.71356;0.00525961;-0.00861058;5.43755e-05;0.00525982;-0.0086108;1.00264;-2.98327e-05;-0.000439614;0.989909;0.025055;0.977322;1;3;1
974.531;1503.06;4.53086;1.79019;0.00743086;-0.00758371;0.000879234;0.00748217;-0.00763502;1.014;-0.00207296;-0.00656397;0.991615;0.0253904;0.981873;1;3;1
997.531;1503.06;4.76976;1.91121;0.00995819;-0.0100442;-0.000524383;0.00997193;-0.0100579;1.01082;0.00521545;-0.00349412;0.995807;0.0239019;0.983424;1;4;1
1020.53;1503.06;4.98608;2.02481;0.00678361;-0.0101542;-0.000219848;0.00678646;-0.010157;1.00218;0.00135043;-0.00545647;0.997573;0.031637;0.959161;1;3;1
1043.53;1503.06;5.08053;2.05654;0.006904;-0.00921801;-0.00129237;0.00700694;-0.00932096;1.00895;0.0116664;-0.00285809;0.992579;0.0283599;0.973533;1;3;1
1066.53;1503.06;5.30223;2.20482;0.0073775;-0.00905592;-0.000202205;0.00737999;-0.00905841;1.00739;0.00511718;-0.00872847;0.994685;0.0289516;0.964764;1;3;1
1089.53;1503.06;5.41799;2.30347;0.00647374;-0.00761082;0.000502914;0.00649167;-0.00762876;0.999283;0.00646215;-0.00769189;0.996079;0.0296037;0.969701;1;3;1
1112.53;1503.06;5.59852;2.4288;0.0073714;-0.0087354;-0.000120552;0.0073723;-0.00873631;1.01162;0.00777606;0.00266586;0.990316;0.0315692;0.971023;1;4;1
1135.53;1503.06;5.75551;2.4773;0.00836006;-0.00923154;0.000864609;0.00840246;-0.00927394;1.00819;-0.00248256;-0.00920692;0.987752;0.0299001;0.974739;1;3;1
1158.53;1503.06;5.98117;2.60155;0.00775444;-0.0109081;-0.00143291;0.00786382;-0.0110175;1.01132;0.00893011;-0.00299624;0.986897;0.0214991;0.989651;1;3;1
1181.53;1503.06;6.1105;2.6555;0.00745164;-0.00731804;-0.0010347;0.00752378;-0.00739017;1.00221;0.00429011;-0.00276858;0.99134;0.0304117;0.971939;1;3;1
1204.53;1503.06;6.3222;2.812;0.0086662;-0.00934039;0.000723821;0.00869525;-0.00936943;1.0099;0.00573473;-0.00437488;0.982966;0.0289329;0.975358;1;4;1
1227.53;1503.06;6.50702;2.85113;0.0068933;-0.00944728;-0.00226272;0.00720084;-0.00975482;1.00701;0.0102665;-0.00162759;0.991958;0.0257369;0.980482;1;3;1
1250.53;1503.06;6.6381;2.90894;0.00894028;-0.00677074;-0.00173373;0.00912932;-0.00695978;1.00344;0.00919289;-0.00241785;0.988383;0.0245695;0.979826;1;2;1
1273.53;1503.06;6.91619;3.00594;0.0121729;-0.00882185;-0.00031665;0.0121777;-0.00882662;1.01917;-0.00495762;-0.000647455;0.980273;0.0337088;0.974224;1;4;1
31.5305;1480.06;-1.1119;-1.92925;0.00496498;-0.00911462;0.00030641;0.00497164;-0.00912129;1.00261;0.0034165;-0.00793493;0.988776;0.0266987;0.979946;1;3;1
54.5305;1480.06;-0.998332;-1.80263;0.00568995;-0.00951771;0.00120852;0.00578539;-0.00961315;1.00667;0.00153446;-0.0020594;0.983593;0.0327161;0.970771;1;3;1
77.5306;1480.06;-0.851508;-1.69216;0.00701729;-0.0095056;0.000177277;0.00701919;-0.00950751;1.00527;-0.000353025;-0.00637203;0.986639;0.0264164;0.98711;1;3;1
100.531;1480.06;-0.677075;-1.60684;0.00483498;-0.0104741;0.000733271;0.00487002;-0.0105092;1.00567;0.00730376;0.00185565;0.990281;0.0266733;0.983678;1;3;1
123.531;1480.06;-0.629813;-1.56356;0.00276038;-0.0102589;0.000763692;0.00280502;-0.0103035;1.0025;0.00206999;-0.00538974;0.986326;0.0234668;0.988677;1;3;1
146.531;1480.06;-0.550855;-1.37498;0.00434422;-0.0101128;0.00163313;0.00452641;-0.010295;1.00137;0.00773823;-0.00986998;0.984274;0.0259799;0.983447;1;4;1
169.531;1480.06;-0.431463;-1.25173;0.00559748;-0.00893481;0.000890327;0.00565182;-0.00898915;1.00586;0.000862117;0.000212507;0.988716;0.0290383;0.978835;1;4;1
192.531;1480.06;-0.294616;-1.15401;0.00636725;-0.00902522;0.000210356;0.00637012;-0.00902809;1.00468;0.00080116;-0.00324089;0.987703;0.0242672;0.98195;1;3;1
215.531;1480.06;-0.139857;-1.06906;0.00585306;-0.00850607;1.29966e-06;0.00585306;-0.00850607;1.00518;0.00450567;-0.00610838;0.992091;0.024095;0.989591;1;3;1
238.531;1480.06;-0.0264547;-0.98844;0.00447189;-0.00918721;-0.000327625;0.00447974;-0.00919507;1.00239;0.00412376;-0.000954149;0.98826;0.0234508;0.983705;1;3;1
261.531;1480.06;0.0650397;-0.88858;0.00480506;-0.0105155;0.00152931;0.00495622;-0.0106667;1.00938;0.000736852;-0.00581848;0.98417;0.0244216;0.981103;1;4;1
284.531;1480.06;0.193401;-0.74368;0.00684581;-0.00728932;-0.000536983;0.00686618;-0.00730969;1.00662;0.00719813;-0.00622577;0.991961;0.0232767;0.984505;1;3;1
307.531;1480.06;0.378502;-0.70246;0.00616467;-0.00766472;-0.000904991;0.00622364;-0.00772369;1.0027;0.00398291;-0.00629855;0.995845;0.0304914;0.980045;1;3;1
330.531;1480.06;0.476025;-0.656245;0.00449321;-0.0088445;-9.86432e-05;0.00449394;-0.00884523;1.00015;0.0050631;0.000766947;0.993306;0.0240735;0.985986;1;4;1
353.531;1480.06;0.58419;-0.479456;0.00541192;-0.00633653;0.00123604;0.00554056;-0.00646517;1.01022;0.00684988;-0.00861067;0.988353;0.0234272;0.98813;1;4;1
376.531;1480.06;0.723127;-0.326443;0.00581499;-0.00515789;-0.000956063;0.00589767;-0.00524057;1.00247;0.0014807;-0.000670539;0.997983;0.0242085;0.988064;1;5;1
399.531;1480.06;0.850678;-0.334377;0.00507314;-0.00721296;5.655e-05;0.0050734;-0.00721322;1.00169;0.00348601;-0.00201632;0.995522;0.0221355;0.989271;1;4;1
422.531;1480.06;0.955621;-0.165051;0.00526639;-0.0078553;0.000130526;0.00526769;-0.0078566;1.01327;0.0108706;-0.00558572;0.989247;0.0224039;0.988295;1;4;1
445.531;1480.06;1.09144;-0.0533061;0.00614986;-0.00891972;-0.000124163;0.00615088;-0.00892074;1.00591;0.00734036;-0.00557695;0.989895;0.0247518;0.986146;1;3;1
468.531;1480.06;1.23697;0.086236;0.00669523;-0.00746691;0.00117322;0.00679176;-0.00756345;1.00382;0.00702058;-0.00283682;0.993901;0.0232066;0.987754;1;3;1
491.531;1480.06;1.39724;0.274688;0.00585395;-0.00804797;-0.000549354;0.00587562;-0.00806964;1.00381;0.00911843;-0.0130157;0.98858;0.0316715;0.97671;1;3;1
514.531;1480.06;1.5053;0.210457;0.00717588;-0.00973995;-0.000582516;0.00719591;-0.00975999;1.00858;0.00123331;0.00295766;0.991337;0.0239571;0.985712;1;4;1
537.531;1480.06;1.72613;0.324933;0.00785733;-0.00629791;0.00091189;0.00791583;-0.00635641;1.01011;-0.00398514;-0.00813597;0.995134;0.0270906;0.981948;1;4;1
560.531;1480.06;1.8648;0.430918;0.00482449;-0.00815718;0.000728151;0.00486521;-0.0081979;1.00508;0.000889368;-0.00328596;0.990846;0.0244008;0.986013;1;3;1
583.531;1480.06;1.94687;0.570094;0.00354722;-0.00952684;0.000689181;0.00358345;-0.00956307;1.00673;0.0161262;-0.00478754;0.997592;0.0269082;0.985413;1;4;1
606.531;1480.06;2.02695;0.692383;0.00398608;-0.00706804;-0.000576002;0.00401601;-0.00709797;1.00039;-0.00674543;-0.00621749;0.983549;0.0311229;0.972337;1;4;1
629.531;1480.06;2.12983;0.627188;0.00793684;-0.00907469;-0.00225916;0.00823174;-0.00936959;1.00607;0.00554404;-0.00441856;0.993452;0.0354761;0.961465;1;4;1
652.531;1480.06;2.3906;0.703794;0.010469;-0.00772543;-0.000181634;0.0104708;-0.00772724;1.00947;-0.000395429;-0.00836615;0.993482;0.0339007;0.970234;1;4;1
675.531;1480.06;2.60831;0.862314;0.00725068;-0.00756915;0.000836472;0.00729774;-0.00761621;1.00291;0.000885839;-0.00184541;0.992739;0.024824;0.984117;1;3;1
698.531;1480.06;2.72228;0.949672;0.00695034;-0.00769504;-0.000365163;0.00695944;-0.00770414;1.00599;0.00671813;-0.0046372;0.989294;0.0234875;0.986633;1;4;1
721.531;1480.06;2.9266;1.03728;0.00771873;-0.00757689;-0.000734568;0.00775392;-0.00761209;1.00751;0.00244179;-0.00389235;0.986414;0.022227;0.988461;1;3;1
744.531;1480.06;3.07576;1.09165;0.0063138;-0.00689979;0.000603233;0.00634128;-0.00692727;1.00775;0.00543966;-0.00413507;0.991112;0.0224557;0.984385;1;3;1
767.531;1480.06;3.21556;1.26559;0.00620956;-0.00914579;0.0019918;0.00646372;-0.00939995;1.00424;7.27024e-05;-0.00403922;0.989215;0.020369;0.98884;1;3;1
790.531;1480.06;3.35991;1.32894;0.00755245;-0.00777485;0.000502273;0.00756889;-0.00779129;1.00837;0.00183322;-0.00379455;0.992215;0.0246929;0.98306;1;3;1
813.531;1480.06;3.56135;1.43809;0.00819867;-0.00938353;0.00146658;0.00832016;-0.00950502;1.00614;2.06246e-05;-0.0031118;0.995127;0.0234523;0.980428;1;3;1
836.531;1480.06;3.73494;1.56134;0.00687376;-0.00973962;-0.000814377;0.00691359;-0.00977945;1.01048;0.00841103;-0.00616716;0.990667;0.0283836;0.967824;1;3;1
859.531;1480.06;3.87623;1.58349;0.00523119;-0.00957881;-0.00126411;0.00533832;-0.00968594;0.997407;0.00731967;-0.00432143;0.985682;0.0234175;0.984511;1;4;1
882.531;1480.06;3.97485;1.65393;0.00544124;-0.00921781;0.00153285;0.00559981;-0.00937638;1.01054;0.00200603;-0.0038282;0.989082;0.0290945;0.969376;1;3;1
905.531;1480.06;4.12535;1.79815;0.00716912;-0.010002;0.000955527;0.00722212;-0.010055;1.0042;0.00505101;0.00122819;0.989274;0.0262725;0.979152;1;4;1
928.531;1480.06;4.303;1.85993;0.00907627;-0.0112018;-0.00044739;0.00908613;-0.0112117;1.00916;0.00538993;-0.00211519;0.98846;0.0275869;0.980185;1;3;1
951.531;1480.06;4.54087;1.90114;0.00743544;-0.00963912;-0.00155773;0.00757639;-0.00978007;1.00392;0.0117097;-0.00362693;0.98743;0.0240577;0.980793;1;4;1
974.531;1480.06;4.64364;1.96803;0.00681095;-0.00930488;0.000636111;0.00683602;-0.00932995;1.0123;0.00392055;-0.00665952;0.993218;0.024787;0.97842;1;3;1
997.531;1480.06;4.85229;2.17681;0.00859196;-0.00986856;0.00138012;0.00869457;-0.00997117;1.00555;0.00434004;-0.00776606;0.981848;0.0255346;0.981879;1;3;1
1020.53;1480.06;5.0363;2.25526;0.00890876;-0.0091834;-0.00037134;0.00891638;-0.00919102;1.0023;0.00177784;-0.00206111;0.987987;0.0224412;0.983743;1;3;1
1043.53;1480.06;5.26006;2.32301;0.00697706;-0.00937538;8.46254e-05;0.0069775;-0.00937582;1.01333;0.00723148;-0.00466789;0.98693;0.0306781;0.97039;1;3;1
1066.53;1480.06;5.35587;2.41316;0.00484778;-0.00849034;0.000200878;0.0048508;-0.00849336;1.00999;0.00210419;-0.00237588;0.989603;0.029631;0.976418;1;3;1
1089.53;1480.06;5.48223;2.48527;0.00730117;-0.00959474;0.000282379;0.00730588;-0.00959946;1.00141;0.00251637;-0.00819704;0.986951;0.0285404;0.973094;1;3;1
1112.53;1480.06;5.68993;2.64387;0.00730447;-0.00800994;0.000159375;0.00730613;-0.0080116;1.00467;0.0107279;-0.00295337;0.992832;0.0247814;0.983583;1;4;1
1135.53;1480.06;5.81651;2.70255;0.00952203;-0.00933647;7.86178e-05;0.00952235;-0.0093368;1.00671;0.00992445;-0.00459741;0.998708;0.0249441;0.983355;1;4;1
1158.53;1480.06;6.12563;2.79533;0.00939368;-0.00628012;-0.000589645;0.00941583;-0.00630227;1.01044;0.00541546;-0.00354813;0.996135;0.0247145;0.983042;1;3;1
1181.53;1480.06;6.24636;2.85473;0.00528614;-0.00743071;-0.000432473;0.00530083;-0.0074454;1.00706;0.0108596;-0.00217413;0.987965;0.0267841;0.985545;1;4;1
1204.53;1480.06;6.36775;2.98802;0.00966633;-0.00616791;0.000605348;0.00968943;-0.00619102;1.00718;0.00222082;-0.00816869;0.999638;0.0235575;0.986584;1;4;1
1227.53;1480.06;6.68826;3.09559;0.00859999;-0.00854366;0.00019188;0.00860213;-0.00854581;1.01206;-0.00178458;0.000254391;0.993245;0.0294307;0.974644;1;3;1
1250.53;1480.06;6.76149;3.11596;0.00571982;-0.00904204;-0.000622867;0.00574606;-0.00906828;1.00733;0.00903564;-0.00294588;0.985545;0.0262313;0.978748;1;3;1
1273.53;1480.06;6.95025;3.2809;0.0082665;-0.00852844;0.00197029;0.00849455;-0.00875648;1.01393;0.0161601;-0.00159842;0.993819;0.0329688;0.976756;1;3;1
31.5305;1457.06;-0.97039;-1.72448;0.00278419;-0.00896538;0.00166749;0.00301626;-0.00919744;1.0029;0.00513239;-0.00388163;0.993451;0.027528;0.983042;1;4;1
54.5305;1457.06;-0.906624;-1.63297;0.00462482;-0.00889589;0.000845525;0.00467749;-0.00894856;1.00148;0.00170183;-0.00567907;0.994926;0.0287456;0.981543;1;3;1
77.5306;1457.06;-0.75885;-1.46787;0.00545435;-0.00866415;0.00113824;0.00554553;-0.00875532;1.00842;0.002641;-0.00627917;0.993944;0.0220782;0.990224;1;3;1
100.531;1457.06;-0.657169;-1.367;0.00461845;-0.00960873;0.000279165;0.00462393;-0.00961421;1.00402;0.00638767;0.000118136;0.993573;0.0236638;0.989511;1;3;1
123.531;1457.06;-0.547222;-1.29262;0.00473739;-0.0106157;0.00137015;0.0048587;-0.0107371;1.00597;0.00237778;-0.00728447;0.991576;0.0217024;0.988545;1;3;1
146.531;1457.06;-0.44026;-1.15258;0.00439113;-0.00841676;0.000692478;0.00442846;-0.00845409;1.00498;0.00196736;-0.00212433;0.995256;0.0244044;0.990416;1;4;1
169.531;1457.06;-0.346238;-1.06387;0.00646013;-0.0086815;-0.000705591;0.00649294;-0.00871431;1.00777;0.0105159;-0.00598438;0.989989;0.0270736;0.979768;1;3;1
192.531;1457.06;-0.144332;-0.990353;0.00756271;-0.00866268;-0.00144436;0.00769028;-0.00879025;1.00824;0.00795252;-0.0046789;0.989888;0.0251486;0.983367;1;3;1
215.531;1457.06;8.39169e-05;-0.909439;0.00514228;-0.00883869;5.68456e-05;0.00514251;-0.00883893;1.00561;0.00214339;-0.00524617;0.993712;0.025254;0.985596;1;3;1
238.531;1457.06;0.0912939;-0.820101;0.0025942;-0.00824223;0.00106695;0.00269826;-0.00834628;1.00101;0.00391592;-0.00871134;0.991866;0.0278966;0.978056;1;4;1
261.531;1457.06;0.118449;-0.635399;0.00514582;-0.00850772;0.00039485;0.00515723;-0.00851913;1.00548;0.00992386;-0.000704644;0.997191;0.0248963;0.98183;1;3;1
284.531;1457.06;0.32701;-0.631116;0.0066374;-0.00655632;-0.000653879;0.00666973;-0.00658865;1.00945;0.0043366;-0.00444362;0.994357;0.0215299;0.990643;1;3;1
307.531;1457.06;0.422554;-0.496456;0.00577021;-0.00928864;0.000819289;0.00581465;-0.00933309;1.00104;0.000972598;-0.00484551;0.989667;0.0234025;0.989271;1;3;1
330.531;1457.06;0.591185;-0.417505;0.00666773;-0.010771;-0.000424093;0.00667803;-0.0107813;1.01097;0.00916725;-0.00132748;0.991808;0.0228555;0.989186;1;4;1
353.531;1457.06;0.728056;-0.361197;0.00638527;-0.00789992;-0.000683586;0.0064179;-0.00793255;1.00042;0.00479772;-0.00590525;0.988376;0.0204591;0.992821;1;3;1
376.531;1457.06;0.883757;-0.275482;0.00555974;-0.00613595;3.72608e-05;0.00555986;-0.00613607;1.00577;0.0142864;-0.00127154;0.991587;0.0274788;0.987672;1;3;1
399.531;1457.06;0.982621;-0.151339;0.00738421;-0.00890402;-0.000111389;0.00738497;-0.00890478;1.00854;0.00353577;-0.0109587;0.988123;0.0234836;0.986808;1;3;1
422.531;1457.06;1.22153;-0.0294157;0.00659459;-0.00763461;6.34095e-05;0.00659487;-0.00763489;1.00822;0.0019606;-0.0068876;0.995975;0.0217666;0.986461;1;3;1
445.531;1457.06;1.28412;0.131148;0.00299918;-0.00801808;-2.17802e-05;0.00299922;-0.00801812;1.00342;0.00651809;-0.00213204;0.991397;0.0261368;0.984637;1;4;1
468.531;1457.06;1.35858;0.227182;0.00542717;-0.00682947;-0.000612594;0.00545771;-0.00686001;1.0074;0.00588309;-0.00522885;0.99618;0.0228886;0.98692;1;3;1
491.531;1457.06;1.53279;0.298475;0.00552507;-0.00313947;-0.000238027;0.0055316;-0.00314601;1.00238;0.00618745;-0.00497549;1.00252;0.0232662;0.987993;1;3;1
514.531;1457.06;1.61168;0.407569;0.00560622;-0.00904451;-0.000628942;0.00563317;-0.00907146;1.00536;0.0052646;-0.00161805;0.992436;0.0203458;0.990099;1;4;1
537.531;1457.06;1.78959;0.48312;0.00705393;-0.00871707;0.000572066;0.00707466;-0.00873779;1.0132;0.00625468;-0.00800883;0.992787;0.0208103;0.985624;1;3;1
560.531;1457.06;1.93447;0.63431;0.00649566;-0.00816995;0.000763091;0.00653526;-0.00820955;1.00363;0.00740044;-0.0048016;0.992606;0.0264936;0.976141;1;3;1
583.531;1457.06;2.0868;0.723069;0.00572212;-0.00544108;-0.00213726;0.00611732;-0.00583628;1.01332;0.00192314;-0.000897549;0.998798;0.0304748;0.982496;1;4;1
606.531;1457.06;2.19687;0.710851;0.00575543;-0.00616515;-0.00240148;0.00622104;-0.00663076;0.997815;0.0135978;-0.00398044;1.00038;0.0296286;0.976346;1;4;1
629.531;1457.06;2.35057;0.868332;0.0081685;-0.00924231;-0.00197069;0.00838877;-0.00946258;1.00682;0.00585799;-0.00774076;0.988127;0.0259644;0.978682;1;4;1
652.531;1457.06;2.57078;0.884731;0.00743789;-0.00950633;-0.000495266;0.00745235;-0.0095208;1.00948;0.010166;-0.00679449;0.988306;0.0261947;0.978243;1;4;1
675.531;1457.06;2.69112;1.04271;0.0066311;-0.00783841;0.000581875;0.00665446;-0.00786177;1.00111;-0.00110713;-0.00410927;0.993836;0.0292169;0.98145;1;3;1
698.531;1457.06;2.87426;1.1084;0.00623374;-0.0101094;-0.000731385;0.0062664;-0.0101421;1.01091;0.00872052;0.00127518;0.995808;0.0239099;0.984242;1;3;1
721.531;1457.06;2.97677;1.18283;0.0059325;-0.0081485;-2.99247e-05;0.00593256;-0.00814856;1.0068;0.00643419;-0.0102682;1.00117;0.0267363;0.981672;1;4;1
744.531;1457.06;3.1461;1.26075;0.00556461;-0.0104298;0.00152903;0.00570947;-0.0105747;1.00481;0.00315088;-0.0019833;0.992373;0.0214194;0.985998;1;4;1
767.531;1457.06;3.23126;1.45017;0.00721633;-0.00798567;0.00130071;0.00732682;-0.00809616;1.00604;0.00272774;-0.0102997;0.992404;0.0254306;0.983883;1;4;1
790.531;1457.06;3.47603;1.53801;0.00946039;-0.00795947;-0.000250114;0.00946398;-0.00796306;1.0101;0.00119728;0.00156272;0.989817;0.023558;0.986794;1;4;1
813.531;1457.06;3.66395;1.65496;0.00774569;-0.00886846;0.000531678;0.00776269;-0.00888546;1.01061;0.00188445;-0.00782743;0.991511;0.0277041;0.977481;1;4;1
836.531;1457.06;3.83033;1.78074;0.00708497;-0.00597982;-0.000442656;0.00709995;-0.0059948;1.00399;0.00310939;-0.00108065;0.989083;0.025363;0.986368;1;4;1
859.531;1457.06;3.98852;1.78822;0.00504482;-0.0084364;-0.0014146;0.00519166;-0.00858324;1.00378;-0.000404469;0.00190862;0.995199;0.0233237;0.979817;1;3;1
882.531;1457.06;4.06177;1.83878;0.00593453;-0.011946;6.47716e-05;0.00593477;-0.0119462;1.0056;0.00401062;-0.00919975;0.989695;0.0230175;0.979317;1;3;1
905.531;1457.06;4.26026;1.98965;0.00809533;-0.00757555;0.00170108;0.00827786;-0.00775808;1.01014;0.00112253;-0.00731884;0.994819;0.027642;0.978048;1;3;1
928.531;1457.06;4.43144;2.17515;0.00913263;-0.0095884;-0.000552862;0.00914894;-0.00960472;1.00985;0.00486867;0.000632224;0.993932;0.0310091;0.962438;1;4;1
951.531;1457.06;4.67815;2.1598;0.0068181;-0.0100262;-0.000917175;0.00686789;-0.010076;1.00702;0.00509846;-0.00610391;0.99641;0.0269793;0.97263;1;4;1
974.531;1457.06;4.74399;2.22073;0.0054091;-0.00939997;-0.000225466;0.00541253;-0.0094034;1.00514;0.00772435;-0.00207145;0.98974;0.0299921;0.970355;1;3;1
997.531;1457.06;4.92584;2.3677;0.00917421;-0.00722601;0.000823182;0.00921542;-0.00726722;1.00961;0.0038786;-0.00305367;0.996069;0.0241839;0.979639;1;3;1
1020.53;1457.06;5.16352;2.44955;0.00659689;-0.00831534;-0.000600235;0.00662101;-0.00833946;1.00738;0.0084327;-0.00259519;0.992056;0.0267874;0.979305;1;3;1
1043.53;1457.06;5.22814;2.49009;0.00611972;-0.00735485;0.000855334;0.00617379;-0.00740892;1.00339;0.000505185;-0.00511592;0.992732;0.0300276;0.96912;1;3;1
1066.53;1457.06;5.44394;2.59727;0.00854964;-0.00742671;0.001304;0.00865538;-0.00753245;1.00722;0.00510806;-0.00399825;0.988947;0.0277723;0.975475;1;3;1
1089.53;1457.06;5.61904;2.74741;0.00773491;-0.00873266;-0.000344872;0.00774213;-0.00873988;1.01116;0.00178346;-0.00307747;0.991465;0.0248183;0.976236;1;4;1
1112.53;1457.06;5.79794;2.79918;0.0060666;-0.00667111;-5.69552e-05;0.00606685;-0.00667136;1.00695;-0.00110895;-0.00207426;0.997821;0.0226165;0.985041;1;4;1
1135.53;1457.06;5.89698;2.90902;0.00844597;-0.00812716;-0.000978565;0.00850355;-0.00818474;1.00714;-0.00777809;-0.00721287;0.996996;0.0288849;0.982034;1;3;1
1158.53;1457.06;6.18473;2.8918;0.00968633;-0.00701767;-0.000152357;0.00968772;-0.00701906;1.00793;-0.00360562;0.000849025;0.989899;0.0265829;0.977414;1;3;1
1181.53;1457.06;6.34033;2.99917;0.0069774;-0.00677637;0.000519217;0.00699697;-0.00679594;1.00497;-0.00411644;-0.00409212;0.993757;0.0284628;0.976828;1;3;1
1204.53;1457.06;6.50413;3.09696;0.00600972;-0.0066687;0.000455699;0.00602608;-0.00668506;1.00736;0.00631891;-0.00870018;0.994159;0.0250062;0.981161;1;3;1
1227.53;1457.06;6.61529;3.24596;0.00816591;-0.00539167;0.00230028;0.00854556;-0.00577132;1.00712;0.00279724;-0.00236045;0.991828;0.0233084;0.985229;1;3;1
1250.53;1457.06;6.87767;3.3274;0.00973718;-0.0082874;0.00046969;0.00974941;-0.00829963;1.00839;-0.0033508;0.00103282;0.994406;0.0212146;0.985999;1;4;1
1273.53;1457.06;7.06078;3.40017;0.00799834;-0.00619858;-0.000802082;0.00804352;-0.00624376;1.00688;-0.00905803;-0.00675224;0.994406;0.0294991;0.975421;1;3;1
31.5305;1434.06;-1.08401;-1.51497;0.011444;-0.00912133;0.00161708;0.0115704;-0.00924771;1.00656;0.0119614;-0.00956305;0.988696;0.0258942;0.980722;1;3;1
54.5305;1434.06;-0.822611;-1.39124;0.00853859;-0.0103686;0.000528521;0.00855335;-0.0103834;1.00833;0.00542587;-0.00251801;0.987845;0.0217721;0.98994;1;3;1
77.5306;1434.06;-0.693431;-1.2916;0.0063964;-0.00976108;0.00133291;0.00650562;-0.0098703;1.00454;0.00113806;-0.00468259;0.99017;0.019416;0.991786;1;3;1
100.531;1434.06;-0.529877;-1.16246;0.00326197;-0.00878878;0.000645708;0.00329647;-0.00882328;1.00925;-0.00129261;-0.00514878;0.98397;0.0254376;0.983968;1;3;1
123.531;1434.06;-0.544144;-1.07254;0.00308633;-0.00929134;0.000333207;0.00309529;-0.0093003;0.99828;-0.00361853;-0.00233621;0.991362;0.0233187;0.984316;1;4;1
146.531;1434.06;-0.388462;-0.985879;0.0073639;-0.00923985;0.000383435;0.00737275;-0.0092487;1.0153;0.00918025;-0.00372761;0.988837;0.0238585;0.98974;1;3;1
169.531;1434.06;-0.207177;-0.850083;0.0082569;-0.00851388;5.50101e-05;0.00825708;-0.00851407;1.00355;0.00367807;-0.00377937;0.992086;0.024223;0.98411;1;4;1
192.531;1434.06;-0.0107851;-0.752904;0.00502092;-0.00988399;0.000957341;0.00508216;-0.00994522;1.01306;0.000694362;-0.012109;0.988791;0.0266199;0.984521;1;3;1
215.531;1434.06;0.0228192;-0.66038;0.00343467;-0.0101793;0.000388923;0.00344578;-0.0101904;0.994244;-0.000384233;-0.000143955;0.984367;0.024374;0.984909;1;3;1
238.531;1434.06;0.14671;-0.607393;0.00419984;-0.0116997;0.000702628;0.00423083;-0.0117307;1.00087;-0.000775629;-0.00575275;0.98829;0.0252608;0.982445;1;3;1
261.531;1434.06;0.215313;-0.495298;0.00531568;-0.00761366;-0.000501916;0.00533514;-0.00763311;1.00655;-0.003975;-0.00381487;0.986672;0.0226846;0.991016;1;3;1
284.531;1434.06;0.390284;-0.440671;0.00652522;-0.0105113;0.00113101;0.00659998;-0.010586;1.00602;-0.000753989;-0.00743557;0.989787;0.0220977;0.98927;1;3;1
307.531;1434.06;0.513967;-0.272978;0.00563044;-0.0098254;0.00117376;0.00571907;-0.00991403;1.00565;0.00480083;-0.00883391;0.99102;0.0224411;0.988275;1;3;1
330.531;1434.06;0.647694;-0.157758;0.00595223;-0.0107904;0.000487428;0.00596641;-0.0108046;1.00724;0.00397292;0.000745411;0.989308;0.0228787;0.98539;1;3;1
353.531;1434.06;0.786687;-0.114163;0.00609635;-0.0102511;0.000608186;0.00611894;-0.0102737;1.00144;0.00679884;-0.00658667;0.989459;0.0213695;0.987824;1;3;1
376.531;1434.06;0.927134;-0.0428632;0.00690731;-0.0102462;0.00124286;0.0069969;-0.0103357;1.00697;0.000700343;-0.00684952;0.987163;0.0244424;0.987454;1;3;1
399.531;1434.06;1.10294;0.0777455;0.00658152;-0.0100076;0.000682299;0.00660953;-0.0100356;1.00663;0.00531708;-0.00165325;0.988161;0.0230747;0.988384;1;3;1
422.531;1434.06;1.22832;0.188306;0.0053381;-0.00947365;0.00172762;0.00553694;-0.00967249;1.00753;-0.0021631;-0.00571442;0.990211;0.0225011;0.989612;1;3;1
445.531;1434.06;1.34721;0.317733;0.00502311;-0.00804313;2.63609e-05;0.00502317;-0.00804318;1.00368;0.0050978;-0.00668807;0.996685;0.0257022;0.9798;1;4;1
468.531;1434.06;1.45831;0.402008;0.00546593;-0.007309;-0.00122512;0.00558236;-0.00742543;1.0077;0.00242139;-0.00106512;0.988578;0.0198274;0.989549;1;3;1
491.531;1434.06;1.59785;0.41977;0.00625941;-0.00864504;0.00108216;0.00633757;-0.0087232;1.00323;-0.00352597;-0.00579048;0.986811;0.0235748;0.98684;1;3;1
514.531;1434.06;1.74479;0.629032;0.00654795;-0.00942506;0.00142361;0.00667384;-0.00955095;1.00908;0.00332051;-0.00418529;0.988838;0.0213154;0.986947;1;3;1
537.531;1434.06;1.89705;0.728002;0.00625988;-0.00876195;0.000109788;0.00626068;-0.00876275;1.00706;0.000639306;-0.00379824;0.990463;0.0223307;0.984381;1;3;1
560.531;1434.06;2.0315;0.808588;0.00700515;-0.00810909;-0.00113506;0.00708992;-0.00819386;1.00714;0.00219185;-0.00277227;0.990159;0.0189129;0.991452;1;3;1
583.531;1434.06;2.21807;0.821872;0.00783416;-0.00667709;-0.00064659;0.00786291;-0.00670584;1.00642;0.00343447;-0.00400765;0.991055;0.0250484;0.981483;1;3;1
606.531;1434.06;2.39016;0.978303;0.0057351;-0.00944786;0.000431531;0.00574736;-0.00946011;1.00601;-0.00120346;-0.00605381;0.987235;0.0232153;0.987082;1;3;1
629.531;1434.06;2.48054;1.05567;0.00473749;-0.00818431;-0.000900032;0.00479988;-0.0082467;1.00378;0.00951875;-0.00239094;0.990683;0.0288209;0.975746;1;4;1
652.531;1434.06;2.60727;1.1437;0.00644136;-0.0107924;-2.27653e-05;0.0064414;-0.0107924;1.00645;0.000225639;-0.0048957;0.987499;0.0257401;0.979759;1;4;1
675.531;1434.06;2.77559;1.22461;0.00699208;-0.00960462;0.00114594;0.00707083;-0.00968337;1.00748;0.00531484;-0.0031019;0.99126;0.0245366;0.985824;1;4;1
698.531;1434.06;2.92698;1.41754;0.00663799;-0.0103677;0.000376727;0.00664633;-0.010376;1.00621;0.00258609;0.000895103;0.990805;0.0248016;0.982892;1;3;1
721.531;1434.06;3.07954;1.41391;0.00593555;-0.0123301;-0.00065943;0.00595933;-0.0123539;1.00404;-0.000216316;-0.00747183;0.983383;0.0261402;0.979257;1;4;1
744.531;1434.06;3.19895;1.57412;0.00634183;-0.0106055;0.0008162;0.00638105;-0.0106447;1.00403;0.00218358;-0.00331465;0.987598;0.0226341;0.987494;1;4;1
767.531;1434.06;3.36982;1.63467;0.00840857;-0.0087602;-0.00119791;0.00849174;-0.00884337;1.01273;0.00448717;-0.000769963;0.99275;0.0234196;0.984733;1;3;1
790.531;1434.06;3.58397;1.69709;0.00834314;-0.00735426;0.000316627;0.00834953;-0.00736064;1.00727;0.00247556;-0.0069489;0.993592;0.0239938;0.987896;1;4;1
813.531;1434.06;3.75153;1.84826;0.00704985;-0.00753401;5.3662e-05;0.00705005;-0.00753421;1.00439;0.00735797;-0.000637122;0.991762;0.0247306;0.984552;1;3;1
836.531;1434.06;3.90691;1.83756;0.00679744;-0.00606384;0.000171571;0.00679973;-0.00606613;1.01067;0.000755089;-0.00374104;0.993198;0.0298329;0.986728;1;3;1
859.531;1434.06;4.06298;1.9736;0.00569723;-0.00933004;0.00362298;0.0065251;-0.0101579;0.998873;0.00288004;-0.00382027;0.987618;0.024549;0.986439;1;4;1
882.531;1434.06;4.16677;2.20717;0.00520033;-0.0105718;0.00023431;0.00520381;-0.0105753;1.00506;0.00486116;-0.00777144;0.981456;0.0229241;0.982834;1;4;1
905.531;1434.06;4.30125;2.1483;0.00771942;-0.00816667;-0.0011437;0.00780134;-0.00824858;1.00629;0.0124741;-0.00576235;0.993974;0.0239538;0.984875;1;3;1
928.531;1434.06;4.5204;2.30365;0.00804845;-0.00601696;-0.000410843;0.00806044;-0.00602895;1.00518;0.000601948;-0.00313861;0.987667;0.0263576;0.975869;1;3;1
951.531;1434.06;4.6695;2.36486;0.00761159;-0.00978414;-7.3247e-05;0.00761189;-0.00978445;1.00882;-0.00223005;-0.000903649;0.985958;0.0223766;0.989282;1;3;1
974.531;1434.06;4.8691;2.40304;0.00726723;-0.00893493;-5.5105e-06;0.00726723;-0.00893493;1.01119;0.00520531;-0.00615414;0.988159;0.02649;0.975697;1;4;1
997.531;1434.06;5.00235;2.51067;0.00748961;-0.00632337;0.000931684;0.00755217;-0.00638593;1.00832;0.00309495;-0.00165432;0.992759;0.0261693;0.97639;1;3;1
1020.53;1434.06;5.21174;2.6397;0.00710072;-0.00723441;0.000681513;0.00713305;-0.00726674;1.00464;0.00385767;-0.000720574;0.994593;0.032979;0.957289;1;4;1
1043.53;1434.06;5.32759;2.66264;0.006074;-0.0093165;-0.000483889;0.0060892;-0.00933169;1.00259;0.00160254;-0.00402983;0.992613;0.0253737;0.975217;1;3;1
1066.53;1434.06;5.49015;2.75627;0.00841107;-0.00912213;0.000762345;0.00844416;-0.00915522;1.00981;0.00109375;-0.00926963;0.991967;0.0250052;0.981754;1;3;1
1089.53;1434.06;5.71233;2.88932;0.00796549;-0.00694005;0.000433603;0.00797809;-0.00695265;1.00756;0.00698438;-0.000156146;0.994346;0.0230448;0.984238;1;3;1
1112.53;1434.06;5.85471;2.95207;0.00621363;-0.00764445;8.27752e-05;0.00621413;-0.00764495;1.00359;0.00496637;-0.00724532;0.988142;0.0205701;0.989035;1;3;1
1135.53;1434.06;5.99689;3.07829;0.00815839;-0.00783334;1.25725e-05;0.0081584;-0.00783335;1.00743;0.00668227;-0.000497582;0.988444;0.0255113;0.979785;1;3;1
1158.53;1434.06;6.22817;3.1194;0.00883171;-0.00832756;-0.000371386;0.00883975;-0.00833559;1.00941;0.00755683;-8.27181e-05;0.992887;0.0220435;0.982807;1;3;1
1181.53;1434.06;6.40128;3.16777;0.00746067;-0.00795502;0.000414476;0.00747181;-0.00796616;1.00682;0.000428265;-0.00231195;0.998024;0.0317598;0.974143;1;3;1
1204.53;1434.06;6.56975;3.29625;0.00664676;-0.00863796;0.00015811;0.0066484;-0.00863959;1.00496;-0.00529927;-0.00236704;0.991813;0.0270507;0.983121;1;3;1
1227.53;1434.06;6.70569;3.34428;0.00656119;-0.00688306;-0.000593147;0.0065873;-0.00690918;1.00813;0.00344108;-0.00331968;0.994013;0.0231226;0.983738;1;3;1
1250.53;1434.06;6.87014;3.4989;0.0100892;-0.00884616;0.000429396;0.0100989;-0.0088559;1.00788;0.00742769;-0.00262064;0.9901;0.0256923;0.987888;1;3;1
1273.53;1434.06;7.16693;3.56743;0.0129918;-0.00699118;0.000837101;0.0130268;-0.00702618;1.0133;0.0131247;-0.00491523;0.9883;0.0303822;0.978814;1;3;1
31.5305;1411.06;-0.875054;-1.30287;0.00610042;-0.00861641;0.000626939;0.00612708;-0.00864306;1.00861;-0.00241276;-0.00973205;0.9938;0.0259373;0.983829;1;3;1
54.5305;1411.06;-0.735653;-1.15319;0.00480158;-0.00985616;0.0020561;0.00508453;-0.0101391;1.00775;0.00546524;-0.00235966;0.99266;0.0237819;0.987751;1;3;1
77.5306;1411.06;-0.655596;-1.01653;0.00514563;-0.0119483;0.00128164;0.00524119;-0.0120439;1.00273;0.00315263;-0.00585116;0.984022;0.0212363;0.989803;1;3;1
100.531;1411.06;-0.499961;-0.960652;0.00550333;-0.0101328;0.000407276;0.00551393;-0.0101434;1.00993;0.0112177;-0.00150523;0.995742;0.0233771;0.989965;1;3;1
123.531;1411.06;-0.40339;-0.862985;0.00531984;-0.00992288;-0.000225387;0.00532317;-0.00992621;1.0012;0.017097;-0.0104787;0.99152;0.0234716;0.987024;1;3;1
146.531;1411.06;-0.256495;-0.725199;0.00614125;-0.00993812;8.80178e-07;0.00614125;-0.00993812;1.00619;0.00565077;0.000119702;0.987748;0.0236589;0.986205;1;3;1
169.531;1411.06;-0.122157;-0.670001;0.00461512;-0.00923265;0.000389782;0.00462609;-0.00924361;1.00366;0.00334856;-0.00486219;0.993021;0.0233467;0.985492;1;3;1
192.531;1411.06;-0.0450856;-0.533312;0.0050276;-0.0100389;0.00142953;0.00516204;-0.0101733;1.01091;0.00367268;-0.00588478;0.993992;0.0212317;0.989218;1;3;1
215.531;1411.06;0.107955;-0.438656;0.0051254;-0.01011;0.000272613;0.00513028;-0.0101148;1.00272;0.00586851;-0.00299128;0.988795;0.0213942;0.990378;1;2;1
238.531;1411.06;0.18938;-0.278625;0.00482163;-0.0102938;0.000178863;0.00482375;-0.010296;1.00775;0.00119245;-0.00643817;0.986386;0.0265745;0.983472;1;3;1
261.531;1411.06;0.328957;-0.283342;0.00551496;-0.0100475;-0.000386526;0.00552455;-0.0100571;0.999952;0.00319642;-0.0032335;0.991247;0.0260973;0.984193;1;3;1
284.531;1411.06;0.442179;-0.144883;0.00578621;-0.0105475;0.0013471;0.00589656;-0.0106579;1.00408;0.00474968;-0.00529345;0.986205;0.0250766;0.986092;1;4;1
307.531;1411.06;0.593727;-0.0419234;0.0056932;-0.00939767;0.000745888;0.00572998;-0.00943444;1.00555;0.0034477;-0.00596111;0.991917;0.0283122;0.983429;1;3;1
330.531;1411.06;0.70277;0.0816996;0.00418258;-0.00912603;9.09814e-05;0.0041832;-0.00912665;1.00747;0.00143785;-0.00279112;0.989288;0.0234318;0.985087;1;3;1
353.531;1411.06;0.785466;0.112834;0.00558524;-0.0091176;0.000313427;0.00559191;-0.00912428;1.00498;0.000520546;0.00189752;0.995491;0.0241979;0.982903;1;4;1
376.531;1411.06;0.958831;0.198343;0.00791308;-0.00935714;0.00111125;0.00798429;-0.00942835;1.0071;-0.00116586;-0.00988973;0.995146;0.024424;0.984635;1;3;1
399.531;1411.06;1.14761;0.311636;0.00745201;-0.0103482;0.00130714;0.00754749;-0.0104437;1.00637;0.00380851;-0.00371275;0.993258;0.0231053;0.987464;1;3;1
422.531;1411.06;1.29988;0.408524;0.00753703;-0.0104257;0.00083359;0.00757563;-0.0104643;1.00724;0.00374961;-0.00223771;0.989525;0.0224305;0.987896;1;3;1
445.531;1411.06;1.49262;0.503108;0.00592615;-0.00732132;-0.000294226;0.00593268;-0.00732785;1.00728;0.00597633;-0.00569896;0.993771;0.0216224;0.98572;1;3;1
468.531;1411.06;1.57141;0.56513;0.00359982;-0.00819527;0.000611129;0.0036314;-0.00822685;1.00131;0.00217766;0.00102249;0.995434;0.0210171;0.988286;1;3;1
491.531;1411.06;1.65751;0.698052;0.00466987;-0.0109174;0.000587822;0.00469201;-0.0109395;1.00344;0.00851918;-0.0121767;0.990408;0.0229252;0.984692;1;3;1
514.531;1411.06;1.78489;0.843513;0.00652786;-0.00903923;0.000374107;0.00653684;-0.00904822;1.00421;0.00332195;-0.0037074;0.99498;0.0235796;0.980753;1;3;1
537.531;1411.06;1.95642;0.888257;0.0075508;-0.00902576;0.000545634;0.00756874;-0.0090437;1.00663;0.00230643;-0.00404272;0.987747;0.0210244;0.983691;1;4;1
560.531;1411.06;2.13063;1.00928;0.00778878;-0.0100546;0.000306309;0.00779404;-0.0100599;1.00966;0.00536354;-0.00105563;0.98725;0.0197593;0.989488;1;3;1
583.531;1411.06;2.3131;1.03181;0.0056077;-0.00945226;0.00057425;0.00562957;-0.00947412;1.00672;0.0033652;-0.00259732;0.991724;0.0222073;0.990215;1;3;1
606.531;1411.06;2.38766;1.14792;0.00618521;-0.0087269;0.00159127;0.00635313;-0.00889481;1.00389;0.00321453;-0.00494146;0.995766;0.0247555;0.981602;1;3;1
629.531;1411.06;2.59625;1.24703;0.00767813;-0.0091401;0.0018952;0.00788905;-0.00935101;1.00579;-0.00069254;-0.002294;0.990819;0.0236997;0.984762;1;4;1
652.531;1411.06;2.7389;1.3842;0.00567082;-0.00865903;0.00112134;0.00575803;-0.00874624;1.00566;0.00107641;-0.0122193;0.999224;0.0297369;0.960557;1;4;1
675.531;1411.06;2.85575;1.48696;0.00626891;-0.00977547;0.000798634;0.00630857;-0.00981512;1.00372;0.00895855;0.00160433;0.991698;0.0264374;0.979954;1;4;1
698.531;1411.06;3.02593;1.58807;0.00732729;-0.00900017;0.000743312;0.00736106;-0.00903394;1.01304;0.0103275;-0.00881719;0.989417;0.0262084;0.985273;1;4;1
721.531;1411.06;3.1908;1.75405;0.00573108;-0.0100582;-0.000359037;0.00573924;-0.0100664;1.00667;0.0061455;-0.00497385;0.98723;0.0257667;0.980455;1;4;1
744.531;1411.06;3.28852;1.75144;0.00590303;-0.00873501;-0.00159458;0.00607472;-0.0089067;1.00309;0.00961779;0.00322423;0.987676;0.028742;0.976893;1;4;1
767.531;1411.06;3.46144;1.8555;0.00805537;-0.00815809;-0.000720898;0.00808736;-0.00819008;1.01001;0.00254717;-0.00415905;0.993883;0.0228367;0.983994;1;4;1
790.531;1411.06;3.65741;1.87792;0.00733713;-0.00977547;-0.000173089;0.00733888;-0.00977722;1.00833;0.000526107;-0.00257579;0.989722;0.0235597;0.985043;1;4;1
813.531;1411.06;3.79748;2.00303;0.00613491;-0.00869647;0.000515651;0.00615281;-0.00871438;1.00624;-0.00343213;-0.00175976;0.992477;0.0230832;0.990377;1;4;1
836.531;1411.06;3.93839;2.06065;0.00488567;-0.01001;0.00111297;0.00496837;-0.0100927;1.00909;-0.00120217;-0.00686026;0.991351;0.0284121;0.974347;1;3;1
859.531;1411.06;4.02117;2.21943;0.00598855;-0.00964414;0.00257256;0.00640102;-0.0100566;1.00563;0.00105636;-0.00918461;0.990941;0.0252566;0.982802;1;4;1
882.531;1411.06;4.21228;2.32793;0.00958245;-0.00542721;-5.2751e-05;0.00958263;-0.0054274;1.0097;-0.00310886;0.00115441;1.00009;0.0250853;0.980673;1;4;1
905.531;1411.06;4.45963;2.3673;0.0102778;-0.00952919;-0.00101257;0.0103294;-0.00958082;1.01133;0.00205662;-0.00904555;0.98764;0.0236386;0.984326;1;4;1
928.531;1411.06;4.68248;2.45345;0.00705799;-0.00615136;0.00104119;0.00713955;-0.00623292;1.00747;0.00441984;-0.00369407;0.99802;0.0224116;0.989635;1;4;1
951.531;1411.06;4.78252;2.61221;0.00448455;-0.00610976;0.000287373;0.00449234;-0.00611755;1.00247;0.00203631;-0.00300067;0.998057;0.026745;0.969407;1;3;1
974.531;1411.06;4.88796;2.63381;0.0063611;-0.00831209;-0.000865374;0.00641196;-0.00836295;1.0079;3.46111e-05;0.00378374;0.994214;0.0244546;0.985179;1;3;1
997.531;1411.06;5.07418;2.65974;0.00793028;-0.00767043;-5.55549e-05;0.00793048;-0.00767063;1.0103;0.0110973;-0.00748689;0.994247;0.0334199;0.974905;1;3;1
1020.53;1411.06;5.25107;2.78363;0.0068433;-0.00655176;0.00161284;0.00703476;-0.00674322;1.00097;-0.00420466;-0.00512445;0.997324;0.029746;0.979519;1;4;1
1043.53;1411.06;5.38716;2.92094;0.00756429;-0.00906207;0.000432096;0.00757551;-0.0090733;1.00855;0.00608053;-0.008704;0.990486;0.0281446;0.974261;1;3;1
1066.53;1411.06;5.59713;3.01908;0.0084143;-0.00819503;-0.000351808;0.00842174;-0.00820248;1.00734;0.00990141;-0.00219456;0.990732;0.0209591;0.990255;1;3;1
1089.53;1411.06;5.77237;3.06802;0.00829048;-0.0058889;-0.000797392;0.00833519;-0.0059336;1.00618;0.00301516;-0.0026139;0.993753;0.0254536;0.978819;1;4;1
1112.53;1411.06;5.97673;3.15253;0.00629321;-0.008037;-0.000137363;0.00629452;-0.00803832;1.00355;0.000826114;-0.00632061;0.989443;0.0239756;0.980678;1;3;1
1135.53;1411.06;6.06051;3.27107;0.00719965;-0.00836727;-0.00126161;0.00730123;-0.00846886;1.01064;0.00219009;0.000351188;0.988822;0.0270539;0.977335;1;3;1
1158.53;1411.06;6.30656;3.27664;0.009089;-0.00934365;-0.000124312;0.00908984;-0.00934449;1.00368;0.00319773;-4.5786e-05;0.9912;0.0231889;0.98616;1;3;1
1181.53;1411.06;6.47662;3.36678;0.0078012;-0.008208;0.0011031;0.00787686;-0.00828366;1.00954;0.0026644;-0.00718088;0.997146;0.0249439;0.980987;1;3;1
1204.53;1411.06;6.66351;3.49632;0.00858538;-0.00743133;0.00121341;0.00867678;-0.00752273;1.00605;0.00503493;-0.00493335;0.990832;0.025857;0.980664;1;3;1
1227.53;1411.06;6.86945;3.56439;0.00861592;-0.00810477;0.000248843;0.00861962;-0.00810847;1.01301;0.00299469;-0.00323319;0.991556;0.0266821;0.98593;1;3;1
1250.53;1411.06;7.05753;3.7365;0.00544824;-0.00636053;-0.000808296;0.00550331;-0.0064156;1.00133;0.00176151;-0.00206347;0.999232;0.02534;0.984129;1;4;1
1273.53;1411.06;7.11911;3.72293;0.00268153;-0.00759777;4.71819e-05;0.00268175;-0.00759798;1.00574;0.00170196;-0.00340305;0.9965;0.0348072;0.966371;1;3;1
31.5305;1388.06;-0.846361;-1.11627;0.00515894;-0.00965548;0.00254852;0.0055851;-0.0100816;1.01036;0.00857782;-0.0116639;0.989657;0.0242096;0.987348;1;3;1
54.5305;1388.06;-0.728717;-0.935505;0.00493424;-0.00984078;0.00286855;0.00547162;-0.0103782;1.00145;0.000219299;-0.00453472;0.988194;0.0261228;0.98401;1;3;1
77.5306;1388.06;-0.621486;-0.738593;0.00683532;-0.00751295;0.00118869;0.00693314;-0.00761076;1.00673;0.00498259;-0.00629208;0.994799;0.0250721;0.983034;1;4;1
100.531;1388.06;-0.41599;-0.693822;0.00719993;-0.0107936;0.000252034;0.00720346;-0.0107971;1.00603;-0.00193126;-0.00341698;0.984502;0.0243423;0.985227;1;4;1
123.531;1388.06;-0.291643;-0.613097;0.00474261;-0.0109331;0.00026292;0.00474702;-0.0109376;1.00326;0.00535802;-0.00409032;0.985584;0.0228292;0.991443;1;3;1
146.531;1388.06;-0.198649;-0.526036;0.00519596;-0.00932205;0.000373758;0.00520558;-0.00933167;1.00853;-0.000247966;-0.00365941;0.993189;0.0212037;0.991277;1;3;1
169.531;1388.06;-0.0536368;-0.423144;0.00622538;-0.0107601;0.00170618;0.00639507;-0.0109298;1.00705;6.41281e-06;-0.0025664;0.988325;0.0227219;0.984895;1;2;1
192.531;1388.06;0.0862235;-0.288671;0.00660636;-0.00899624;0.00105473;0.00667733;-0.00906722;1.00774;0.00110019;-0.00631121;0.984702;0.0224015;0.985671;1;3;1
215.531;1388.06;0.248683;-0.192386;0.00429941;-0.0095024;0.000672156;0.00433207;-0.00953505;1.00376;0.000264455;-0.00101521;0.989902;0.0253276;0.98748;1;3;1
238.531;1388.06;0.283305;-0.131209;0.00291614;-0.00725092;3.9526e-05;0.00291629;-0.00725107;1.00126;0.00248122;-0.00210515;0.990063;0.0244255;0.984195;1;3;1
261.531;1388.06;0.382346;-0.0304623;0.0048288;-0.00990974;-8.21318e-05;0.00482926;-0.0099102;1.00936;0.00407986;-0.00228893;0.989524;0.0218812;0.990956;1;3;1
284.531;1388.06;0.504551;0.0472456;0.00625774;-0.0096183;0.000205715;0.0062604;-0.00962097;1.00449;0.00489057;-0.00436678;0.990238;0.0227696;0.986399;1;3;1
307.531;1388.06;0.668909;0.161629;0.00628085;-0.00891907;0.000263067;0.0062854;-0.00892362;1.01064;0.00330599;-0.00485857;0.98966;0.0261302;0.983756;1;4;1
330.531;1388.06;0.79206;0.264201;0.00445043;-0.00853714;-0.000201597;0.00445356;-0.00854027;1.00341;0.00579454;-0.00592446;0.991585;0.0221531;0.986791;1;2;1
353.531;1388.06;0.872946;0.307257;0.00499507;-0.00940833;-0.00135963;0.00512229;-0.00953555;1.00454;0.00418243;0.00546896;0.988957;0.0260921;0.986799;1;4;1
376.531;1388.06;1.02109;0.389695;0.00693149;-0.0103885;0.00112021;0.00700364;-0.0104606;1.00891;0.00450526;-0.00434373;0.989628;0.0249044;0.98704;1;3;1
399.531;1388.06;1.19003;0.556334;0.00698097;-0.0107581;0.00260619;0.00735594;-0.011133;1.00625;0.00258752;-0.0111988;0.986675;0.0217085;0.989231;1;4;1
422.531;1388.06;1.34025;0.670551;0.00739115;-0.0111492;-0.000289685;0.00739568;-0.0111538;1.01134;0.00147328;0.00477167;0.987669;0.0251529;0.983608;1;4;1
445.531;1388.06;1.52867;0.656116;0.00555477;-0.00937697;0.000758857;0.00559324;-0.00941544;1.00665;-0.00194005;-0.00593469;0.990928;0.0221366;0.989653;1;3;1
468.531;1388.06;1.59493;0.780752;0.00632837;-0.0109823;0.00173297;0.00650016;-0.0111541;0.998775;0.00440992;-0.00544588;0.987053;0.0206324;0.988289;1;3;1
491.531;1388.06;1.81807;0.925274;0.00662364;-0.0102146;0.000835554;0.006665;-0.010256;1.00919;0.0058375;-0.0057429;0.991304;0.0269994;0.988574;1;4;1
514.531;1388.06;1.89785;1.04699;0.00419813;-0.00951149;0.000411793;0.00421049;-0.00952385;1.00268;0.00695485;-0.00654848;0.98536;0.0210105;0.992842;1;4;1
537.531;1388.06;2.01026;1.14522;0.00538932;-0.0112314;-0.00021198;0.00539203;-0.0112341;1.00773;0.00495504;-0.00565628;0.991021;0.0301566;0.971669;1;3;1
560.531;1388.06;2.14454;1.27359;0.0063676;-0.00913393;-0.000297462;0.00637331;-0.00913964;1.00424;-0.00181893;0.00226225;0.997558;0.0269304;0.977498;1;4;1
583.531;1388.06;2.3021;1.25883;0.00681148;-0.00930418;1.06073e-06;0.00681148;-0.00930418;1.01017;-0.00383492;-0.00384542;0.987704;0.0237175;0.985878;1;4;1
606.531;1388.06;2.45669;1.38156;0.00519286;-0.00956329;-0.000189993;0.0051953;-0.00956573;0.999644;0.0060049;-0.00501726;0.986494;0.0253527;0.985336;1;4;1
629.531;1388.06;2.53984;1.47809;0.00621063;-0.0104371;0.00056423;0.00622973;-0.0104562;1.00707;0.00174431;-0.00598264;0.988979;0.0240329;0.989217;1;4;1
652.531;1388.06;2.74121;1.54395;0.00793934;-0.00845099;0.00199057;0.00817762;-0.00868927;1.01026;-3.47977e-05;-0.00617757;0.989484;0.0310021;0.960888;1;3;1
675.531;1388.06;2.90318;1.67668;0.00832899;-0.00970041;0.00110506;0.00839647;-0.00976789;1.00348;-0.00253936;-0.00240063;0.991061;0.0303007;0.980472;1;4;1
698.531;1388.06;3.12185;1.83385;0.00808561;-0.00861367;0.000488352;0.00809988;-0.00862794;1.01548;-0.000176964;-0.00861647;0.997479;0.0296377;0.968854;1;4;1
721.531;1388.06;3.27319;1.87935;0.00704921;-0.00708305;-2.00276e-05;0.00704924;-0.00708308;1.00155;-0.0017334;-0.00330496;0.994043;0.0225972;0.990297;1;3;1
744.531;1388.06;3.44476;1.97836;0.00626004;-0.0103602;-0.000631077;0.00628396;-0.0103842;1.01169;0.0013541;-0.00348826;0.992913;0.0252528;0.982776;1;3;1
767.531;1388.06;3.56006;2.01188;0.00655088;-0.00961318;-0.000167204;0.00655261;-0.00961491;1.00261;0.0091218;-0.00537168;0.992748;0.0225119;0.987107;1;4;1
790.531;1388.06;3.7448;2.14927;0.00708926;-0.010651;0.00073444;0.00711962;-0.0106814;1.00781;0.000854446;-0.00617437;0.986992;0.0238741;0.985516;1;4;1
813.531;1388.06;3.88441;2.25024;0.00596664;-0.00924498;-0.000805308;0.00600915;-0.0092875;1.01153;0.0137283;0.00479557;0.990953;0.0250965;0.988088;1;4;1
836.531;1388.06;4.0182;2.30048;0.00450418;-0.00786529;-0.000654521;0.00453872;-0.00789983;1.00656;0.00400969;-0.00425885;0.987824;0.0219441;0.986794;1;4;1
859.531;1388.06;4.09083;2.4194;0.0065278;-0.00789416;-0.00180748;0.00675088;-0.00811724;0.996524;0.0091442;-0.00645205;0.993167;0.0220937;0.986679;1;4;1
882.531;1388.06;4.31724;2.45775;0.0093041;-0.00761456;-0.000528957;0.00932062;-0.00763108;1.01673;0.0103413;-0.00241298;0.988832;0.0271986;0.971926;1;3;1
905.531;1388.06;4.51653;2.58926;0.00763599;-0.00913702;4.71213e-05;0.00763612;-0.00913716;1.00215;-0.000147042;-0.00416919;0.987187;0.0248506;0.980111;1;3;1
928.531;1388.06;4.66699;2.58772;0.00665535;-0.00806774;0.000148935;0.00665686;-0.00806924;1.00832;-0.00339556;0.000547225;0.991952;0.0257423;0.976501;1;3;1
951.531;1388.06;4.82163;2.64702;0.00716662;-0.00734904;-0.000201468;0.00716941;-0.00735184;1.00446;0.00210695;-0.00269034;0.99183;0.0246869;0.972929;1;3;1
974.531;1388.06;4.99505;2.78717;0.00728292;-0.0082359;-9.06393e-06;0.00728292;-0.00823591;1.01394;0.00745662;-0.0055035;0.989009;0.0235378;0.985439;1;4;1
997.531;1388.06;5.15492;2.86513;0.00714068;-0.00902398;-0.00071782;0.00717249;-0.00905579;1.0006;0.00428349;7.6606e-05;0.993267;0.0266917;0.975415;1;3;1
1020.53;1388.06;5.32209;2.94221;0.00797235;-0.0084726;0.00014008;0.00797354;-0.00847379;1.0006;0.00871859;-0.00930524;0.990398;0.0272278;0.974928;1;3;1
1043.53;1388.06;5.51969;3.08181;0.00753288;-0.00764253;-3.64998e-05;0.00753297;-0.00764262;1.01376;0.00939231;-0.0016708;0.994075;0.0276286;0.976228;1;3;1
1066.53;1388.06;5.66691;3.13514;0.00866861;-0.00812531;-0.000552698;0.00868678;-0.00814348;1.00739;-0.00145315;-0.00654398;0.990318;0.0286349;0.973806;1;2;1
1089.53;1388.06;5.91667;3.16147;0.00875306;-0.00718733;0.000361651;0.00876126;-0.00719553;1.01034;0.0109327;0.00275539;0.988936;0.0250675;0.979683;1;4;1
1112.53;1388.06;6.06742;3.32376;0.00695116;-0.00731622;0.00211409;0.00725782;-0.00762288;1.00796;0.00675945;-0.00805005;0.991729;0.0259459;0.980199;1;3;1
1135.53;1388.06;6.23432;3.46542;0.00581241;-0.00729255;-9.48377e-05;0.00581309;-0.00729324;1.00535;0.00657279;-0.00390779;0.992228;0.0262035;0.982426;1;3;1
1158.53;1388.06;6.33346;3.55136;0.00616058;-0.00990096;-0.000919094;0.00621301;-0.00995338;0.997567;0.00448814;-0.00152249;0.986975;0.0258231;0.980717;1;3;1
1181.53;1388.06;6.51676;3.54704;0.00698441;-0.00918149;-0.00101697;0.00704814;-0.00924521;1.01709;0.00376144;-0.00155054;0.991493;0.0289669;0.971869;1;3;1
1204.53;1388.06;6.65354;3.63945;0.00879355;-0.00914281;8.39998e-05;0.00879394;-0.0091432;1.01374;0.00976229;-0.00035284;0.988437;0.025458;0.984836;1;4;1
1227.53;1388.06;6.91919;3.71912;0.00977536;-0.00799418;0.000137164;0.00977642;-0.00799524;1.01055;0.00273943;-0.00794801;0.989578;0.0211249;0.987129;1;3;1
1250.53;1388.06;7.10078;3.79301;0.00472833;-0.00649484;0.000896778;0.00479953;-0.00656605;0.994999;0.0037895;0.00212285;0.990519;0.0245742;0.984331;1;3;1
1273.53;1388.06;7.13575;3.91828;0.00153633;-0.00984789;0.000714672;0.00158102;-0.00989258;1.00615;0.00104603;-0.0124288;0.990706;0.0282911;0.985186;1;3;1
31.5305;1365.06;-0.752115;-0.856387;0.00551542;-0.0109793;0.00155566;0.00566086;-0.0111247;1.01003;0.00254459;-0.00939807;0.987881;0.0209274;0.991805;1;3;1
54.5305;1365.06;-0.62615;-0.698134;0.00493638;-0.0100315;0.000612856;0.00496143;-0.0100565;1.00277;0.00208817;-0.0021369;0.989578;0.0233678;0.984731;1;3;1
77.5306;1365.06;-0.525977;-0.669442;0.00494746;-0.00693852;0.000226489;0.00495177;-0.00694283;1.00416;0.0042094;-0.00793447;0.991955;0.022918;0.988193;1;2;1
100.531;1365.06;-0.399733;-0.461327;0.0057715;-0.00928811;0.00243904;0.00615667;-0.00967329;1.00723;0.00260483;-0.0102564;0.99098;0.0238924;0.982049;1;3;1
123.531;1365.06;-0.262305;-0.357061;0.00646722;-0.00985312;0.000511948;0.00648326;-0.00986916;0.998826;-0.00203626;-0.000726483;0.992723;0.0226498;0.988669;1;3;1
146.531;1365.06;-0.103499;-0.29411;0.00474744;-0.00963481;0.00051513;0.00476586;-0.00965324;1.01106;0.00423238;-0.00216325;0.991421;0.0196312;0.993141;1;3;1
169.531;1365.06;-0.0448082;-0.172279;0.00412867;-0.00939683;0.000860285;0.00418316;-0.00945133;1.00377;0.00416033;-0.0055145;0.991228;0.020151;0.994396;1;3;1
192.531;1365.06;0.085691;-0.117419;0.00537972;-0.00871297;0.00144374;0.0055261;-0.00885935;1.00201;0.00112774;-0.00688491;0.989083;0.0231077;0.988193;1;3;1
215.531;1365.06;0.201673;0.000647538;0.00568277;-0.00979336;0.00131417;0.00579357;-0.00990416;1.0065;0.00343083;-0.00382005;0.990976;0.0239902;0.988103;1;3;1
238.531;1365.06;0.346033;0.0564037;0.00678291;-0.00995164;-0.000127891;0.00678389;-0.00995262;1.0066;0.00552344;-0.00119947;0.994554;0.0285416;0.980261;1;4;1
261.531;1365.06;0.512307;0.175156;0.00582195;-0.0102311;0.000436178;0.0058338;-0.0102429;1.00485;0.0036358;-0.00517466;0.990998;0.0228933;0.989121;1;3;1
284.531;1365.06;0.612427;0.300026;0.0059186;-0.0110262;-8.53913e-05;0.00591903;-0.0110267;1.00543;0.00213555;-0.00667591;0.989147;0.0242498;0.982428;1;3;1
307.531;1365.06;0.783349;0.370594;0.00551264;-0.0111085;0.000374428;0.00552107;-0.0111169;1.00707;-0.00274988;-0.000442779;0.99217;0.0249509;0.988074;1;3;1
330.531;1365.06;0.864977;0.476387;0.00546299;-0.00926696;-1.64709e-06;0.00546299;-0.00926696;1.00355;0.00091286;-0.0075728;0.99012;0.0212353;0.990391;1;3;1
353.531;1365.06;1.03362;0.548348;0.00515956;-0.0113182;0.000935972;0.00521256;-0.0113712;1.00934;0.00454405;-0.00215786;0.989318;0.0221925;0.986078;1;3;1
376.531;1365.06;1.10126;0.678944;0.00332098;-0.010231;0.000298924;0.00332757;-0.0102376;0.998273;0.00198365;-0.0100379;0.988118;0.0239754;0.986965;1;3;1
399.531;1365.06;1.1854;0.809213;0.00706094;-0.0095008;0.000602422;0.00708282;-0.00952268;1.0104;0.00572599;-0.0003478;0.989691;0.0284557;0.977903;1;4;1
422.531;1365.06;1.42428;0.92445;0.00756168;-0.00909711;-0.000138872;0.00756284;-0.00909827;1.0059;0.00513316;-0.00546673;0.991485;0.025358;0.981793;1;4;1
445.531;1365.06;1.53176;0.936507;0.00552517;-0.0120658;2.15984e-05;0.0055252;-0.0120658;1.00706;0.0056595;-0.00553679;0.986488;0.0220729;0.988746;1;3;1
468.531;1365.06;1.6775;1.07324;0.00680022;-0.0119205;0.00152825;0.00692416;-0.0120444;1.00504;0.00181842;-0.00508189;0.99058;0.0226651;0.984474;1;3;1
491.531;1365.06;1.84292;1.17073;0.00626027;-0.0101852;0.00125635;0.00635569;-0.0102806;1.00474;0.00669898;-0.00426956;0.985998;0.023221;0.985947;1;3;1
514.531;1365.06;1.9641;1.2835;0.00777688;-0.00962305;0.000849938;0.0078183;-0.00966447;1.00923;0.00414439;-0.00271737;0.992496;0.0225419;0.986462;1;4;1
537.531;1365.06;2.19866;1.40848;0.00667037;-0.00918729;-0.000444346;0.00668281;-0.00919974;1.00726;0.0022299;-0.00387459;0.99374;0.0253106;0.986247;1;4;1
560.531;1365.06;2.26968;1.43158;0.00480731;-0.0074867;-0.000935109;0.00487803;-0.00755742;1.00094;0.00385779;-0.00523736;0.988367;0.0245907;0.988738;1;4;1
583.531;1365.06;2.41924;1.46193;0.00767427;-0.00885281;-0.000803732;0.00771327;-0.00889181;1.01122;0.00589941;-0.00140329;0.989817;0.0254899;0.981351;1;3;1
606.531;1365.06;2.62108;1.59056;0.00623439;-0.00909499;0.000873635;0.00628402;-0.00914461;1.00741;-0.00146795;-0.00445349;0.990292;0.0226666;0.989533;1;4;1
629.531;1365.06;2.70436;1.72979;0.00287057;-0.00988856;-6.85099e-06;0.00287057;-0.00988856;1.00677;0.00807404;-0.00295971;0.98992;0.0246276;0.978044;1;4;1
652.531;1365.06;2.75257;1.7746;0.00732497;-0.0105293;0.000903336;0.00737056;-0.0105749;1.0042;0.00581294;-0.00593919;0.983697;0.0303538;0.981702;1;3;1
675.531;1365.06;3.03962;1.93574;0.00936037;-0.00900395;0.000498085;0.00937387;-0.00901745;1.01594;0.00659429;-0.00457275;0.993083;0.0246546;0.982447;1;3;1
698.531;1365.06;3.18067;1.98628;0.0064495;-0.00761855;0.00103513;0.00652526;-0.00769431;1.00315;-0.00178972;-0.00321554;0.990824;0.0211177;0.98791;1;3;1
721.531;1365.06;3.33512;2.08126;0.00646706;-0.00829359;0.00154543;0.00662713;-0.00845366;1.0106;0.00507643;-0.00277159;0.993002;0.0198233;0.990599;1;3;1
744.531;1365.06;3.47655;2.23089;0.00676785;-0.00750307;0.000477902;0.00678384;-0.00751906;1.00681;0.00320735;-0.00539446;0.996084;0.0228695;0.989208;1;4;1
767.531;1365.06;3.64488;2.30022;0.00759674;-0.00937422;-0.000916478;0.00764609;-0.00942357;1.00463;0.00377983;-0.00108754;0.991463;0.0277509;0.977009;1;3;1
790.531;1365.06;3.82447;2.37081;0.00819328;-0.00844812;-0.000249011;0.008197;-0.00845184;1.00811;0.00547953;-0.00697022;0.992081;0.02484;0.985659;1;3;1
813.531;1365.06;4.02005;2.43083;0.00743983;-0.00761746;-0.00190623;0.0076774;-0.00785504;1.00826;-0.00112122;0.00131645;0.991374;0.0222066;0.988038;1;3;1
836.531;1365.06;4.16541;2.42445;0.00701567;-0.0090627;-3.58192e-05;0.00701575;-0.00906278;1.00639;0.00662019;0.00170393;0.993982;0.0237323;0.980901;1;4;1
859.531;1365.06;4.34139;2.58513;0.00572941;-0.00636755;-5.18795e-05;0.00572963;-0.00636777;1.00278;0.00760225;-0.00796129;0.990259;0.0230086;0.98825;1;3;1
882.531;1365.06;4.42751;2.68005;0.00527887;-0.00935613;-0.00081092;0.00532366;-0.00940092;1.01179;-0.00390164;-0.00588246;0.990848;0.0252036;0.976459;1;4;1
905.531;1365.06;4.58313;2.78971;0.00651047;-0.00720956;-0.000282913;0.0065163;-0.00721539;1.00122;0.00682489;-0.00444494;0.995495;0.0233721;0.982571;1;4;1
928.531;1365.06;4.72579;2.8261;0.00905471;-0.00986644;-0.000284935;0.009059;-0.00987073;1.01049;0.0050076;-0.00107566;0.990617;0.0263306;0.971003;1;4;1
951.531;1365.06;4.9975;2.95203;0.00825381;-0.0118068;-0.000847676;0.00828957;-0.0118425;1.00406;0.0128852;-0.00248497;0.986995;0.0265059;0.975857;1;3;1
974.531;1365.06;5.10353;3.01475;0.00643298;-0.00930545;-0.00117486;0.0065202;-0.00939267;1.01056;0.00377506;-0.00441382;0.986004;0.0283546;0.976795;1;4;1
997.531;1365.06;5.2923;3.07725;0.00759786;-0.00859148;-0.000897922;0.00764751;-0.00864113;1.01037;-0.000647151;-0.000624192;0.988948;0.0225883;0.985388;1;3;1
1020.53;1365.06;5.45143;3.17547;0.00629439;-0.00807375;-0.000337345;0.0063023;-0.00808167;1.00556;0.00455255;-0.00675958;0.992164;0.0215952;0.9889;1;4;1
1043.53;1365.06;5.58051;3.27426;0.0059954;-0.00771563;0.000374196;0.0060056;-0.00772583;1.00697;0.00272866;-0.00517887;0.995215;0.0254459;0.981191;1;3;1
1066.53;1365.06;5.72588;3.39455;0.00752141;-0.0101944;-0.000554979;0.00753878;-0.0102118;1.0126;0.00943518;-0.00307138;0.989922;0.0275092;0.981729;1;3;1
1089.53;1365.06;5.92504;3.40009;0.00780053;-0.0103333;-0.000188703;0.00780249;-0.0103352;1.00859;-0.00590363;-0.00386895;0.993924;0.0262003;0.984136;1;3;1
1112.53;1365.06;6.08322;3.49044;0.00805914;-0.00929407;0.00100999;0.00811772;-0.00935265;1.00714;0.00899042;-0.00136196;0.990756;0.0266116;0.976441;1;3;1
1135.53;1365.06;6.29381;3.60836;0.00847795;-0.00808884;0.0019465;0.00870358;-0.00831447;1.00967;0.00280718;-0.00535599;0.993824;0.0261524;0.979353;1;3;1
1158.53;1365.06;6.47092;3.73466;0.00791733;-0.00684388;0.00136799;0.00804304;-0.00696959;1.00607;-0.000936008;-0.00583215;0.99275;0.0286173;0.976268;1;3;1
1181.53;1365.06;6.65621;3.79144;0.00773217;-0.00932004;6.64258e-07;0.00773217;-0.00932004;1.00606;0.00634694;-0.00174754;0.98959;0.0255962;0.983258;1;3;1
1204.53;1365.06;6.82487;3.91911;0.00767731;-0.00937346;-0.00145856;0.00780117;-0.00949733;1.00922;0.00352709;-0.00488974;0.990288;0.026717;0.979111;1;3;1
1227.53;1365.06;7.00781;3.93381;0.00758555;-0.00755246;0.000156493;0.00758717;-0.00755407;1.00754;0.0033852;-0.00292042;0.994853;0.0213769;0.990838;1;3;1
1250.53;1365.06;7.17234;4.03638;0.00641159;-0.00911258;0.00142557;0.00654142;-0.00924241;1.00347;0.00393429;-0.00606007;0.993723;0.0282244;0.97814;1;2;1
1273.53;1365.06;7.30115;4.17855;0.0056353;-0.00823427;0.000411286;0.00564749;-0.00824646;1.00221;0.0104449;-0.00397072;0.987434;0.0299701;0.982015;1;3;1
31.5305;1342.06;-0.677398;-0.608112;0.00335918;-0.0106492;0.0019795;0.00363353;-0.0109236;1.01472;0.0015274;-0.00313296;0.990434;0.0231362;0.99013;1;3;1
54.5305;1342.06;-0.60067;-0.47154;0.00587743;-0.00845243;0.00126431;0.00598813;-0.00856312;1.00218;-0.00167329;-0.00491884;0.989976;0.0251771;0.985196;1;4;1
77.5306;1342.06;-0.408217;-0.417808;0.00588093;-0.010352;0.00108052;0.00595253;-0.0104236;1.00658;0.00422879;-0.00626299;0.988824;0.0254604;0.989276;1;3;1
100.531;1342.06;-0.331402;-0.264488;0.00512198;-0.00890441;0.0013171;0.00524458;-0.00902702;1.00932;-0.00263967;-0.00903839;0.991912;0.0204641;0.990006;1;4;1
123.531;1342.06;-0.17394;-0.157446;0.00584484;-0.00834769;0.00142637;0.00598677;-0.00848962;0.998377;0.00728171;0.00052608;0.989933;0.0258817;0.99139;1;4;1
146.531;1342.06;-0.0636864;-0.0804789;0.00470874;-0.0101091;0.00128228;0.00481888;-0.0102192;1.00962;0.00487938;-0.00597518;0.989804;0.0188688;0.994968;1;3;1
169.531;1342.06;0.0418466;0.011261;0.00411064;-0.008363;-0.00021961;0.0041145;-0.00836686;1.00298;0.00968762;-0.0060385;0.993518;0.022658;0.987891;1;3;1
192.531;1342.06;0.124607;0.113903;0.00563378;-0.00976119;0.00153434;0.00578521;-0.00991262;1.00562;0.00368984;-0.00698688;0.991439;0.0214159;0.991251;1;3;1
215.531;1342.06;0.299604;0.260365;0.00747312;-0.00893697;0.000572887;0.00749309;-0.00895695;1.00662;0.00566995;-0.00170975;0.989151;0.0260832;0.984859;1;3;1
238.531;1342.06;0.466595;0.329236;0.00616961;-0.00929359;0.000574414;0.00619092;-0.00931489;1.01077;-0.00377597;-0.00803728;0.991399;0.027105;0.989546;1;3;1
261.531;1342.06;0.582175;0.443038;0.00519751;-0.00987761;0.00118629;0.00529029;-0.00997039;1.00414;0.00348187;-0.00563535;0.990226;0.022598;0.989432;1;3;1
284.531;1342.06;0.704498;0.557719;0.004936;-0.00986163;0.000400343;0.00494682;-0.00987246;1.00417;0.00796838;-0.00345209;0.990747;0.023037;0.986519;1;3;1
307.531;1342.06;0.808088;0.675702;0.00573495;-0.00924465;0.000563846;0.00575614;-0.00926585;1.00201;0.0076049;-0.00464635;0.987288;0.0256273;0.988962;1;3;1
330.531;1342.06;0.967356;0.692812;0.00389181;-0.00919357;0.000156466;0.00389368;-0.00919544;1.00796;0.00367611;-0.00288977;0.992712;0.0220345;0.987789;1;3;1
353.531;1342.06;0.986503;0.831015;0.0061923;-0.00989883;0.000499671;0.0062078;-0.00991433;1.00261;0.00525533;-0.00474416;0.988334;0.0230788;0.985302;1;4;1
376.531;1342.06;1.25101;0.863336;0.00851958;-0.00963645;-0.000933875;0.00856749;-0.00968436;1.00724;0.010228;-0.000455398;0.988475;0.0228464;0.986831;1;3;1
399.531;1342.06;1.37646;0.995848;0.0049616;-0.00889032;-0.000725432;0.00499949;-0.00892821;1.00707;0.00459724;-0.00743472;0.995458;0.0227053;0.986825;1;4;1
422.531;1342.06;1.47812;1.09115;0.00647591;-0.007982;0.000822625;0.00652256;-0.00802865;1.00996;-0.000539814;-0.00169162;0.99293;0.0240433;0.985634;1;4;1
445.531;1342.06;1.67287;1.21476;0.00452423;-0.00955898;0.00076835;0.00456603;-0.00960077;1.0036;0.00713907;-0.00359636;0.991307;0.0244834;0.989609;1;3;1
468.531;1342.06;1.68514;1.33249;0.00517637;-0.00889713;0.000680788;0.00520923;-0.00892999;1.00086;0.0060905;-0.00478256;0.989383;0.0324504;0.973268;1;3;1
491.531;1342.06;1.91001;1.3963;0.00805489;-0.00918157;6.98073e-05;0.00805518;-0.00918186;1.00587;0.000118948;-0.00787106;0.99113;0.0206879;0.98649;1;3;1
514.531;1342.06;2.05391;1.49207;0.00625717;-0.0087777;0.000143848;0.00625854;-0.00877908;1.0067;0.00367241;0.00453032;0.991646;0.021283;0.989545;1;3;1
537.531;1342.06;2.19662;1.57017;0.00499568;-0.00759787;0.000402438;0.00500853;-0.00761071;0.99957;0.00217552;-0.0104805;0.991964;0.0228691;0.987878;1;3;1
560.531;1342.06;2.28296;1.61949;0.00731635;-0.00838844;-0.000490453;0.00733166;-0.00840375;1.01293;0.00637344;0.00339813;0.993832;0.0260307;0.975781;1;3;1
583.531;1342.06;2.53185;1.66846;0.00781251;-0.00982898;6.4228e-05;0.00781274;-0.00982921;1.00743;0.00710682;-0.00488076;0.991772;0.0238988;0.975785;1;3;1
606.531;1342.06;2.64058;1.80222;0.00416268;-0.00887606;0.00206413;0.00448165;-0.00919502;1.00438;0.00547676;-0.00727069;0.994868;0.0213853;0.987313;1;3;1
629.531;1342.06;2.72216;1.9356;0.00481537;-0.00686582;0.00128963;0.00495606;-0.0070065;1.00131;-0.00311291;-0.00492419;0.994507;0.0246141;0.982284;1;3;1
652.531;1342.06;2.86099;2.03103;0.00749996;-0.00757846;-0.00101086;0.00756742;-0.00764593;1.01215;0.00223059;-0.0044199;0.998218;0.0269875;0.977448;1;4;1
675.531;1342.06;3.06561;2.09303;0.00676148;-0.00661547;-0.000740673;0.00680236;-0.00665636;1.00854;0.00267756;-0.00764921;0.992384;0.0221361;0.987763;1;4;1
698.531;1342.06;3.17072;2.18567;0.00671023;-0.00812076;-0.000186664;0.00671257;-0.00812311;1.00812;0.0054213;0.00280385;0.992098;0.0201998;0.991085;1;3;1
721.531;1342.06;3.37294;2.26256;0.00975198;-0.00805181;-0.000493038;0.00976562;-0.00806545;1.01069;0.00606167;-0.00497223;0.992829;0.0214483;0.987345;1;3;1
744.531;1342.06;3.61693;2.32513;0.00892483;-0.00593056;-0.000603768;0.00894933;-0.00595506;1.00421;0.00987004;-0.00394533;0.989203;0.0221862;0.988932;1;3;1
767.531;1342.06;3.78131;2.44567;0.00609544;-0.00725783;0.00146995;0.00625534;-0.00741772;1.01073;0.00645209;-0.0055908;0.993277;0.0249097;0.980569;1;4;1
790.531;1342.06;3.89598;2.53979;0.00720601;-0.00664735;0.000335024;0.00721411;-0.00665545;1.00713;0.000154093;-5.23946e-05;0.992619;0.0223481;0.9845;1;3;1
813.531;1342.06;4.11133;2.60256;0.00605496;-0.00858225;0.00055824;0.00607622;-0.00860351;1.0052;0.0071837;-0.00524423;0.990398;0.023008;0.984461;1;3;1
836.531;1342.06;4.17332;2.71954;0.00516313;-0.012081;-7.54215e-05;0.00516346;-0.0120813;1.00531;0.00256365;-0.00128134;0.985023;0.0249463;0.983456;1;3;1
859.531;1342.06;4.34809;2.71397;0.00917303;-0.00879232;0.000811586;0.00920962;-0.00882891;1.00963;0.0118909;-0.000802257;0.993621;0.0234026;0.98896;1;3;1
882.531;1342.06;4.59304;2.891;0.00739305;-0.00868862;5.98595e-05;0.00739327;-0.00868884;1.01113;0.00493512;-0.0112318;0.994047;0.02493;0.984045;1;3;1
905.531;1342.06;4.68645;2.92242;0.00565617;-0.00875584;-0.000226911;0.00565974;-0.00875941;1.00744;0.00266599;0.00391643;0.990177;0.0254402;0.98332;1;4;1
928.531;1342.06;4.85224;3.04421;0.00869416;-0.00951865;-2.15516e-05;0.00869419;-0.00951868;1.00849;0.00390048;-0.0125754;0.985881;0.0260802;0.973707;1;3;1
951.531;1342.06;5.08387;3.19413;0.00815898;-0.00957652;2.05991e-05;0.008159;-0.00957654;1.00894;-0.0037852;-0.00059907;0.985593;0.0322991;0.961852;1;4;1
974.531;1342.06;5.22571;3.21782;0.00678883;-0.00859262;-0.00238274;0.00714948;-0.00895328;1.00802;0.00336712;0.000729126;0.991553;0.0287061;0.975541;1;4;1
997.531;1342.06;5.39505;3.26268;0.00701405;-0.00900055;-0.000422405;0.00702518;-0.00901168;1.01086;0.00413256;-0.00674245;0.99285;0.024132;0.981801;1;3;1
1020.53;1342.06;5.54713;3.31567;0.00669286;-0.00967645;-0.000667254;0.00672001;-0.0097036;1.00373;0.00605712;0.000917935;0.986593;0.0213029;0.984915;1;3;1
1043.53;1342.06;5.70156;3.43847;0.00643338;-0.00818995;0.000330274;0.00644084;-0.0081974;1.00737;0.000832331;-0.00954419;0.987538;0.02777;0.976923;1;4;1
1066.53;1342.06;5.8412;3.60683;0.00713231;-0.00727483;0.00069032;0.00716531;-0.00730783;1.00755;0.00274246;-0.00207783;0.993088;0.0262078;0.97807;1;3;1
1089.53;1342.06;6.02805;3.63942;0.00739563;-0.0109258;-0.000225727;0.00739841;-0.0109285;1.00839;0.00536961;-0.00598093;0.990003;0.0288611;0.978824;1;3;1
1112.53;1342.06;6.17992;3.75344;0.00587204;-0.00985335;-0.000575906;0.0058931;-0.00987442;1.00395;-0.00322703;0.000485128;0.992931;0.0277789;0.981673;1;3;1
1135.53;1342.06;6.29695;3.83907;0.00455824;-0.00811879;-0.000374434;0.00456929;-0.00812984;1.00314;-0.000985423;-0.00365696;0.991744;0.0291685;0.970286;1;4;1
1158.53;1342.06;6.38898;3.86729;0.0087619;-0.00696139;-0.000713915;0.00879425;-0.00699374;1.0084;0.0088633;-0.00371707;0.994888;0.0222527;0.988417;1;4;1
1181.53;1342.06;6.69803;3.97814;0.0117674;-0.0089135;0.000895081;0.011806;-0.00895217;1.01411;-0.00178928;-0.00505218;0.988982;0.0272453;0.986088;1;4;1
1204.53;1342.06;6.92668;4.07349;0.00703447;-0.00807505;-0.00110524;0.00711488;-0.00815547;1.00723;0.00385423;0.00233305;0.991782;0.0266237;0.980115;1;3;1
1227.53;1342.06;7.0204;4.06797;0.00621383;-0.00831725;-0.000616654;0.00623995;-0.00834337;1.00247;0.00541992;-0.00440438;0.989456;0.0264572;0.983213;1;3;1
1250.53;1342.06;7.21142;4.21425;0.00782832;-0.00650112;0.000696353;0.00786208;-0.00653488;1.00467;0.00466773;-0.00525521;0.991208;0.026269;0.98324;1;3;1
1273.53;1342.06;7.37853;4.29927;0.00729898;-0.00594768;-0.00132751;0.00743071;-0.0060794;1.01271;0.00562674;-0.00146866;0.993827;0.0303794;0.983032;1;3;1
31.5305;1319.06;-0.664302;-0.363801;0.00480152;-0.00986458;-3.20747e-05;0.0048016;-0.00986465;1.00533;0.000972157;-0.00372803;0.989129;0.0292808;0.979506;1;3;1
54.5305;1319.06;-0.5542;-0.307608;0.00530802;-0.00893443;8.09254e-06;0.00530803;-0.00893443;1.00165;0.00419295;-0.0051446;0.993156;0.022484;0.989765;1;4;1
77.5306;1319.06;-0.421102;-0.19064;0.00635374;-0.00977979;0.00181788;0.00655604;-0.00998209;1.01126;0.00531722;-0.00893597;0.990042;0.021364;0.987887;1;3;1
100.531;1319.06;-0.263569;-0.0496805;0.00458133;-0.00929624;0.00141679;0.0047245;-0.00943941;1.00536;0.00336424;0.000435721;0.991775;0.0225492;0.990861;1;3;1
123.531;1319.06;-0.211361;0.0285768;0.00456257;-0.00871151;0.00166904;0.00476921;-0.00891816;1.00064;-0.0023078;-0.00749156;0.992618;0.0308084;0.970717;1;3;1
146.531;1319.06;-0.054705;0.173308;0.00827328;-0.00942309;0.000281359;0.00827775;-0.00942756;1.00997;0.00307092;-0.00654277;0.989909;0.0229863;0.987704;1;3;1
169.531;1319.06;0.167275;0.214535;0.0053531;-0.0099056;-0.000276632;0.00535811;-0.00991062;1.00985;-0.00268571;0.000394042;0.985751;0.0205723;0.992274;1;3;1
192.531;1319.06;0.190603;0.33393;0.00423361;-0.0107988;-0.000118389;0.00423454;-0.0107998;0.998895;-0.000146674;-0.00551161;0.986583;0.0229761;0.986637;1;3;1
215.531;1319.06;0.361181;0.413881;0.00617151;-0.00847761;-0.000196842;0.00617415;-0.00848025;1.01079;-0.000807816;-0.00443311;0.987903;0.0212397;0.990524;1;2;1
238.531;1319.06;0.473372;0.486092;0.00584556;-0.00974005;0.000803828;0.0058869;-0.0097814;0.999407;-0.0019634;-0.00522845;0.98714;0.0216767;0.988045;1;4;1
261.531;1319.06;0.628781;0.631942;0.00725267;-0.00978441;0.00140483;0.00736773;-0.00989947;1.00788;0.00519183;-0.00662491;0.992926;0.0228513;0.986933;1;3;1
284.531;1319.06;0.805005;0.756327;0.00515155;-0.00818039;-5.5249e-05;0.00515178;-0.00818061;1.00453;0.00550415;-0.00357733;0.994656;0.0219471;0.991152;1;4;1
307.531;1319.06;0.864847;0.797905;0.00433857;-0.00851871;6.01709e-05;0.00433885;-0.00851899;1.00868;0.0027725;-0.0052031;0.986816;0.027392;0.98055;1;2;1
330.531;1319.06;1.00392;0.901466;0.00635372;-0.00859028;0.000762792;0.00639255;-0.00862911;1.00158;0.00238062;-0.00402755;0.99294;0.0185283;0.993844;1;3;1
353.531;1319.06;1.15573;1.00613;0.00752679;-0.00842827;-0.000137387;0.00752797;-0.00842946;1.01006;0.00379236;-0.00642618;0.996576;0.0223038;0.985627;1;4;1
376.531;1319.06;1.34832;1.12505;0.00700793;-0.0102133;0.00177317;0.00718861;-0.010394;1.00506;-0.00384049;-0.00341837;0.995091;0.0227718;0.987818;1;3;1
399.531;1319.06;1.47647;1.22093;0.00472488;-0.0103337;0.000228463;0.00472834;-0.0103372;1.00629;0.004235;-0.00511657;0.98834;0.0233583;0.981838;1;4;1
422.531;1319.06;1.56485;1.29332;0.00486252;-0.0105952;-0.000178737;0.00486459;-0.0105972;1.00364;0.00728073;0.00017179;0.984323;0.0222526;0.986547;1;3;1
445.531;1319.06;1.69934;1.37865;0.00500648;-0.00888595;0.000603181;0.00503262;-0.00891209;1.00332;-0.00286137;-0.00645138;0.992605;0.0222678;0.987921;1;3;1
468.531;1319.06;1.79418;1.4845;0.00642397;-0.00823976;-0.000728325;0.00646005;-0.00827585;1.00517;0.0065601;-0.00501204;0.99422;0.0214074;0.989869;1;4;1
491.531;1319.06;1.99339;1.59528;0.00716679;-0.00882336;0.000308847;0.00717275;-0.00882933;1.00853;0.00672962;-0.0036128;0.987579;0.0197025;0.986287;1;3;1
514.531;1319.06;2.12222;1.68933;0.00642358;-0.00770101;1.51711e-05;0.0064236;-0.00770103;1.00709;0.0049874;-0.00384395;0.990996;0.0195988;0.987152;1;3;1
537.531;1319.06;2.28764;1.75941;0.00630634;-0.00938726;-0.000243028;0.0063101;-0.00939103;1.00422;0.00558869;-0.00726763;0.989194;0.0190077;0.992573;1;3;1
560.531;1319.06;2.41122;1.8193;0.00666399;-0.01061;-0.000131898;0.006665;-0.010611;1.00875;0.00131548;-0.00254508;0.988218;0.0179224;0.990738;1;3;1
583.531;1319.06;2.5929;1.91664;0.00620972;-0.00965761;0.000682761;0.00623905;-0.00968693;1.00554;0.00222329;-0.00554735;0.990396;0.0202533;0.988792;1;3;1
606.531;1319.06;2.69563;2.00075;0.00478777;-0.00926023;-0.000677559;0.00482038;-0.00929283;1.00873;0.00175817;-0.00168523;0.989588;0.025245;0.985844;1;3;1
629.531;1319.06;2.81243;2.04684;0.00664129;-0.00800628;-0.00167741;0.00683093;-0.00819592;1.00499;0.00572136;-0.00268795;0.99243;0.0216553;0.986311;1;3;1
652.531;1319.06;2.99996;2.12521;0.00978363;-0.00635939;-0.000768246;0.00982011;-0.00639587;1.01355;0.00469439;-0.00425937;0.996504;0.0248329;0.982573;1;3;1
675.531;1319.06;3.25989;2.2416;0.00797502;-0.00813627;0.000811169;0.00801576;-0.00817701;1.00974;0.00750689;-0.00723375;0.994468;0.0245704;0.988538;1;3;1
698.531;1319.06;3.36475;2.36174;0.00561661;-0.00853895;0.000331453;0.00562437;-0.00854671;1.00372;0.00534123;-0.000268122;0.991382;0.0217506;0.990302;1;3;1
721.531;1319.06;3.51705;2.45351;0.00758279;-0.00860052;-0.000532928;0.00760032;-0.00861805;1.01315;-0.000911199;-0.00835718;0.992157;0.0210043;0.987431;1;3;1
744.531;1319.06;3.71203;2.50512;0.00447904;-0.00931733;0.0012631;0.00459373;-0.00943202;1.00296;0.00109635;-0.00193921;0.989529;0.024668;0.981142;1;3;1
767.531;1319.06;3.72227;2.63537;0.00516306;-0.00885453;0.000887337;0.005219;-0.00891048;1.00203;0.000692466;-0.0100399;0.988018;0.0286957;0.978697;1;3;1
790.531;1319.06;3.9486;2.67778;0.0092657;-0.0078782;0.000626516;0.00928857;-0.00790107;1.00928;0.00267728;0.000241067;0.99403;0.0281054;0.977736;1;3;1
813.531;1319.06;4.14614;2.82749;0.0072921;-0.00998218;0.00174259;0.00746614;-0.0101562;1.00657;0.00423153;-0.0107655;0.990611;0.0248155;0.9837;1;3;1
836.531;1319.06;4.28181;2.98373;0.00632358;-0.00884875;-0.00120341;0.00641844;-0.0089436;1.00902;0.00652046;0.00210058;0.993906;0.0261768;0.980293;1;3;1
859.531;1319.06;4.43582;2.99147;0.00753802;-0.0116651;-0.0010891;0.00759959;-0.0117267;1.00381;0.00282779;-0.0024614;0.987335;0.025555;0.977963;1;3;1
882.531;1319.06;4.62716;3.08191;0.00697047;-0.0080884;0.000987682;0.00703497;-0.0081529;1.01276;-0.0023264;-0.005091;0.995944;0.0243923;0.982832;1;4;1
905.531;1319.06;4.7549;3.19458;0.00802707;-0.0100379;3.0277e-05;0.00802713;-0.010038;1.00355;0.00536686;-0.0032598;0.989393;0.0261651;0.97333;1;4;1
928.531;1319.06;4.99456;3.26685;0.00898986;-0.00768858;-0.000343041;0.00899692;-0.00769563;1.01413;0.00837364;-0.0022263;0.993342;0.0279795;0.977938;1;3;1
951.531;1319.06;5.16616;3.39499;0.00861122;-0.00680443;-0.000210767;0.0086141;-0.00680732;1.00841;0.00552158;-0.00998926;0.997362;0.0240201;0.981529;1;3;1
974.531;1319.06;5.38876;3.41261;0.00569281;-0.0096909;-0.000278468;0.00569785;-0.00969594;0.999335;0.000900562;0.00400076;0.989138;0.0260915;0.975749;1;4;1
997.531;1319.06;5.42719;3.49336;0.00647862;-0.00957605;0.000932335;0.00653258;-0.00963001;1.00561;0.00509042;-0.00584938;0.989738;0.0284329;0.974477;1;3;1
1020.53;1319.06;5.68534;3.62336;0.00896017;-0.0110269;-0.000229184;0.0089628;-0.0110295;0.999781;0.00477848;0.00267748;0.991095;0.0258151;0.976542;1;3;1
1043.53;1319.06;5.83725;3.65328;0.00382651;-0.0086129;-0.00163417;0.00403761;-0.008824;1.01021;0.00974041;-0.00648984;0.994045;0.0242884;0.982355;1;3;1
1066.53;1319.06;5.8609;3.73062;0.00551581;-0.00785229;-5.92e-05;0.00551607;-0.00785255;1.00985;0.00456521;-0.00364481;0.996145;0.0212887;0.987045;1;3;1
1089.53;1319.06;6.08959;3.90575;0.0103139;-0.00977331;0.000323991;0.0103191;-0.00977854;1.01047;0.00633934;-0.00486283;0.987027;0.0253669;0.977649;1;3;1
1112.53;1319.06;6.33241;3.94663;0.00765942;-0.00761464;-0.00130791;0.0077706;-0.00772583;1.00541;0.00968313;-0.00592801;0.993726;0.0263342;0.975938;1;3;1
1135.53;1319.06;6.44052;3.98359;0.007433;-0.00749414;-0.00197022;0.00768867;-0.00774981;1.00301;0.00865776;0.00287923;0.992495;0.0226558;0.984146;1;3;1
1158.53;1319.06;6.67294;4.05645;0.0073487;-0.00804643;-0.00112688;0.00743075;-0.00812848;1.01349;0.00692239;-0.00768926;0.990763;0.0222834;0.981771;1;3;1
1181.53;1319.06;6.7768;4.20346;0.00746204;-0.0082758;0.00102437;0.00752843;-0.0083422;1.00453;0.00768881;-0.00351541;0.994805;0.0229305;0.985612;1;3;1
1204.53;1319.06;7.01432;4.29247;0.00930924;-0.00821529;-0.000245145;0.00931267;-0.00821872;1.00928;0.00367552;-0.000422283;0.992906;0.0222995;0.986032;1;3;1
1227.53;1319.06;7.20291;4.31843;0.00703526;-0.00869982;-0.0019554;0.00727461;-0.00893918;1.00058;0.00369098;-0.00107928;0.992153;0.0230534;0.986253;1;2;1
1250.53;1319.06;7.33679;4.33671;0.00845951;-0.00644173;-0.000562505;0.00848072;-0.00646293;1.00959;0.00287815;-0.00421788;0.991102;0.0210664;0.993093;1;3;1
1273.53;1319.06;7.59022;4.45388;0.0110924;-0.00820686;-0.000865677;0.0111311;-0.00824562;1.0201;0.01299;-0.00322434;0.990748;0.0241643;0.986441;1;3;1
31.5305;1296.06;-0.56372;-0.151939;0.00580815;-0.00797271;-0.000201635;0.0058111;-0.00797566;1.00788;0.00600352;-0.00776767;0.991494;0.0259993;0.984417;1;3;1
54.5305;1296.06;-0.430707;-0.0583866;0.00530687;-0.00931172;5.4878e-05;0.00530708;-0.00931192;1.00271;0.00517044;-0.000297029;0.988373;0.0230024;0.984769;1;3;1
77.5306;1296.06;-0.320623;0.0343682;0.00405768;-0.00951979;0.000599434;0.00408409;-0.00954621;1.0048;0.00314758;-0.00899698;0.989659;0.0211921;0.992848;1;4;1
100.531;1296.06;-0.244972;0.165228;0.0046705;-0.00826109;0.00136348;0.0048127;-0.00840329;1.0038;0.00132012;0.00359561;0.990856;0.0218514;0.987248;1;4;1
123.531;1296.06;-0.10676;0.245094;0.00739003;-0.00934076;-0.000601401;0.00741162;-0.00936235;1.01126;0.00705456;-0.00950637;0.990389;0.0230531;0.985736;1;4;1
146.531;1296.06;0.0933321;0.355315;0.00725754;-0.00826671;-0.000245792;0.00726143;-0.0082706;1.00523;0.00298586;-0.00128798;0.993331;0.024019;0.989432;1;2;1
169.531;1296.06;0.22534;0.469568;0.00521342;-0.00897402;0.00147815;0.00536579;-0.00912638;1.00618;0.00625412;-0.00789643;0.990825;0.023468;0.987135;1;3;1
192.531;1296.06;0.331805;0.613832;0.00528711;-0.00997405;-0.000113594;0.00528795;-0.00997489;1.00349;0.0110091;-0.00254233;0.992091;0.0236328;0.982511;1;3;1
215.531;1296.06;0.467546;0.652311;0.00602324;-0.00922814;-0.00060984;0.00604759;-0.00925249;1.00539;0.0118376;-0.00614337;0.99469;0.0248035;0.988727;1;3;1
238.531;1296.06;0.607748;0.779701;0.00550662;-0.0102898;0.000309311;0.00551267;-0.0102959;1.00175;0.004937;-0.00386572;0.990461;0.0256902;0.990295;1;3;1
261.531;1296.06;0.719518;0.895552;0.00579559;-0.00904034;-8.9638e-05;0.00579613;-0.00904088;1.01045;0.000975683;-0.00230433;0.986085;0.025175;0.983851;1;4;1
284.531;1296.06;0.873313;0.935881;0.00493958;-0.00895459;0.000409294;0.00495162;-0.00896663;0.998441;0.00279449;-0.00632158;0.991756;0.0232523;0.988892;1;3;1
307.531;1296.06;0.945853;1.06945;0.00500591;-0.0105034;-0.000157272;0.0050075;-0.010505;1.00776;0.00403485;-0.00265249;0.987841;0.0215675;0.984745;1;3;1
330.531;1296.06;1.10275;1.08988;0.00596296;-0.00908506;-0.000573006;0.00598474;-0.00910684;1.00168;0.00407672;-0.000598665;0.988952;0.0185969;0.99156;1;3;1
353.531;1296.06;1.21909;1.22096;0.00431421;-0.00839169;0.000432381;0.00432891;-0.00840638;1.00672;0.00154816;-0.00998003;0.991312;0.0206277;0.994272;1;4;1
376.531;1296.06;1.30013;1.3356;0.00660597;-0.00888727;0.00142317;0.00673561;-0.00901691;1.00925;0.00349764;-0.000596468;0.987725;0.0246898;0.985917;1;3;1
399.531;1296.06;1.52127;1.47391;0.00764406;-0.00948584;0.00115413;0.00772147;-0.00956325;1.00495;-0.00103443;-0.0105689;0.987464;0.0199598;0.988467;1;4;1
422.531;1296.06;1.64977;1.58146;0.00621842;-0.0105118;0.00030878;0.00622412;-0.0105175;1.01101;0.0039071;0.00453887;0.990997;0.0235013;0.986106;1;3;1
445.531;1296.06;1.80619;1.62554;0.0068846;-0.00820582;-0.000629525;0.00691082;-0.00823204;1.00355;0.00758215;-0.0096133;0.986262;0.0306836;0.981517;1;3;1
468.531;1296.06;1.96519;1.71396;0.00605161;-0.00932139;-0.000111909;0.00605243;-0.0093222;1.00654;0.00441331;-0.00456703;0.987347;0.0194671;0.988423;1;3;1
491.531;1296.06;2.08338;1.80431;0.00543516;-0.00808463;-0.000588952;0.00546076;-0.00811024;1.002;0.00172076;0.00121013;0.995455;0.0243894;0.981247;1;4;1
514.531;1296.06;2.21434;1.84797;0.00575201;-0.00835409;0.000301746;0.00575846;-0.00836054;1.00833;0.00389561;-0.00609324;0.993178;0.0211598;0.987846;1;2;1
537.531;1296.06;2.34678;2.00428;0.0051426;-0.00936271;0.00192549;0.00539384;-0.00961396;1.00332;-0.00443231;-0.00468623;0.993777;0.0200104;0.988291;1;3;1
560.531;1296.06;2.44955;2.11047;0.00657239;-0.00978326;-0.000284202;0.00657733;-0.0097882;1.01018;0.00441473;-0.0058951;0.99337;0.0176955;0.99092;1;3;1
583.531;1296.06;2.648;2.11502;0.00833021;-0.0108864;0.000184038;0.00833197;-0.0108882;1.0085;0.00299222;0.00262553;0.988277;0.0193661;0.989028;1;3;1
606.531;1296.06;2.831;2.23058;0.00764912;-0.00996617;0.000670674;0.00767462;-0.00999167;1.00951;0.00321379;-0.00786991;0.99332;0.0214332;0.986607;1;4;1
629.531;1296.06;2.99813;2.30621;0.00636218;-0.0113745;-0.00107827;0.00642749;-0.0114398;0.999945;0.000450613;-0.00398703;0.983089;0.0233715;0.983924;1;4;1
652.531;1296.06;3.12264;2.32525;0.00493545;-0.0102362;0.000126731;0.00493651;-0.0102373;1.00764;0.00661055;-0.00264995;0.98492;0.0223811;0.984368;1;3;1
675.531;1296.06;3.22431;2.46911;0.00495556;-0.00857432;0.00259185;0.00543507;-0.00905384;1.00788;0.000242971;-0.00734694;0.988593;0.0292774;0.979343;1;4;1
698.531;1296.06;3.34932;2.5805;0.00739155;-0.00961771;0.000974175;0.00744716;-0.00967332;1.00209;-0.000470887;-0.00311364;0.987056;0.0232238;0.985774;1;4;1
721.531;1296.06;3.56268;2.6603;0.00723469;-0.00953369;0.000409451;0.00724468;-0.00954369;1.01272;0.005574;-0.00652882;0.987592;0.023093;0.988017;1;3;1
744.531;1296.06;3.68059;2.75579;0.00671955;-0.0103609;0.000832696;0.00676005;-0.0104014;1.00439;-0.00115732;-0.00246117;0.991213;0.0232055;0.986969;1;3;1
767.531;1296.06;3.87034;2.85489;0.00758015;-0.00918887;-0.00141882;0.00769935;-0.00930807;1.00589;0.00261507;-0.00516719;0.988074;0.0264636;0.980473;1;3;1
790.531;1296.06;4.02773;2.90381;0.00836064;-0.00929149;0.000565122;0.00837872;-0.00930956;1.00832;0.00497949;-0.00732307;0.987716;0.0236901;0.9857;1;3;1
813.531;1296.06;4.25286;3.06427;0.00912066;-0.00935632;0.000809023;0.00915602;-0.00939167;1.01357;0.00366292;-0.00628958;0.989261;0.0213243;0.989872;1;3;1
836.531;1296.06;4.44484;3.12921;0.00635432;-0.0065376;0.000371058;0.00636499;-0.00654827;1.00535;-0.00225091;-0.00521012;0.993598;0.0249197;0.980544;1;3;1
859.531;1296.06;4.54385;3.25415;0.00562939;-0.00863494;0.000292474;0.00563538;-0.00864094;1.00056;1.3428e-05;-0.00063737;0.992874;0.0244854;0.983624;1;4;1
882.531;1296.06;4.70287;3.26472;0.007017;-0.00913799;-0.000457272;0.00702993;-0.00915092;1.00554;0.00689608;-0.00261691;0.988508;0.0212868;0.98325;1;3;1
905.531;1296.06;4.86532;3.38685;0.00825007;-0.00859482;-0.00104419;0.00831455;-0.0086593;1.00884;0.00540366;-0.00201301;0.990968;0.0247104;0.985226;1;3;1
928.531;1296.06;5.08062;3.39983;0.00832715;-0.00886737;0.000308714;0.00833269;-0.00887292;1.00893;0.00108346;0.00213097;0.988758;0.0289087;0.977955;1;3;1
951.531;1296.06;5.24662;3.5085;0.00584721;-0.00860052;0.00121445;0.00594858;-0.0087019;1.01185;0.00434194;-0.0111396;0.987845;0.0232573;0.984987;1;4;1
974.531;1296.06;5.34805;3.66594;0.00590876;-0.00796907;0.00127289;0.00602455;-0.00808485;1.00686;0.00331215;9.48665e-05;0.989281;0.0274501;0.970247;1;4;1
997.531;1296.06;5.51721;3.70547;0.00822936;-0.0093966;0.000255721;0.00823307;-0.00940031;1.00634;0.00256606;-0.00535934;0.989099;0.0200482;0.988446;1;3;1
1020.53;1296.06;5.72477;3.82608;0.00961616;-0.00911046;0.000201005;0.00961832;-0.00911262;1.00473;-0.0011488;-0.00107752;0.989783;0.0242104;0.986104;1;3;1
1043.53;1296.06;5.95726;3.8371;0.00810173;-0.00856288;-2.2622e-05;0.00810177;-0.00856291;1.01159;0.00777104;-0.00351824;0.988389;0.0266073;0.978059;1;3;1
1066.53;1296.06;6.09573;3.97017;0.00553053;-0.00988881;-0.000367937;0.0055393;-0.00989759;1.0025;0.0132704;-0.0110725;0.982735;0.0245918;0.978289;1;3;1
1089.53;1296.06;6.21026;4.09157;0.00611554;-0.00777655;-0.00107369;0.00619803;-0.00785905;1.0056;0.00453434;0.00248905;0.990677;0.022901;0.983514;1;3;1
1112.53;1296.06;6.376;4.10547;0.00818316;-0.00910543;-0.000457874;0.00819528;-0.00911754;1.00589;0.00151462;-0.00376947;0.990427;0.0232961;0.986281;1;3;1
1135.53;1296.06;6.58507;4.18601;0.00725686;-0.00899224;-0.000249672;0.00726069;-0.00899608;1.0079;0.00662565;4.64287e-05;0.990689;0.0225665;0.985969;1;3;1
1158.53;1296.06;6.70841;4.24005;0.0054951;-0.00920905;0.000223105;0.00549849;-0.00921244;1.00665;0.00221449;-0.00744318;0.992047;0.0287084;0.974459;1;3;1
1181.53;1296.06;6.83682;4.36063;0.00772691;-0.00702617;0.000335084;0.00773452;-0.00703377;1.00909;-0.000268699;-0.00534327;0.994132;0.0221812;0.98863;1;3;1
1204.53;1296.06;7.062;4.45316;0.00886288;-0.0060597;-0.00039903;0.00887354;-0.00607037;1.00874;0.00407299;-0.00130198;0.994018;0.0224561;0.981391;1;2;1
1227.53;1296.06;7.24259;4.47046;0.0072921;-0.00798344;-0.000860123;0.00734038;-0.00803172;1.00413;0.00460226;0.000557994;0.98849;0.0182935;0.989001;1;3;1
1250.53;1296.06;7.39618;4.5119;0.00972175;-0.00835593;0.00082162;0.00975902;-0.0083932;1.01003;0.00243569;-0.00503567;0.993685;0.0210763;0.990269;1;3;1
1273.53;1296.06;7.68717;4.6794;0.0127581;-0.00725766;0.00377461;0.0134463;-0.00794582;1.02137;-0.00704743;-0.00851989;0.991482;0.0258663;0.984748;1;3;1
31.5305;1273.06;-0.461321;0.00486886;0.00374587;-0.00699337;0.00165978;0.00399654;-0.00724405;1.00477;0.00399483;-0.00616031;0.990217;0.0218271;0.986121;1;2;1
54.5305;1273.06;-0.375629;0.123094;0.00449974;-0.00877966;0.0019055;0.00476776;-0.00904767;1.00479;0.00052389;-0.00221147;0.991452;0.0206286;0.989077;1;3;1
77.5306;1273.06;-0.255445;0.249677;0.00426302;-0.0087825;0.000766487;0.0043079;-0.00882738;1.00446;0.000574171;-0.00511933;0.993435;0.0185249;0.993884;1;3;1
100.531;1273.06;-0.180419;0.331988;0.00624583;-0.00826742;0.00114177;0.00633511;-0.0083567;1.00613;0.00182065;-0.00535409;0.991697;0.0244167;0.986223;1;2;1
123.531;1273.06;0.0304897;0.460919;0.00806962;-0.00881658;-0.000308705;0.00807526;-0.00882222;1.01219;0.00148088;-0.00413589;0.991163;0.0263166;0.987309;1;3;1
146.531;1273.06;0.188758;0.555811;0.00559529;-0.00833211;0.00140411;0.00573544;-0.00847226;1.0025;0.00420557;-0.00173652;0.990579;0.0259468;0.982406;1;4;1
169.531;1273.06;0.28685;0.629365;0.00420063;-0.00778123;0.00200129;0.00452606;-0.00810666;1.00006;-0.00204236;-0.0108166;0.991294;0.0225473;0.984026;1;4;1
192.531;1273.06;0.380961;0.795445;0.00641027;-0.00718189;0.000506609;0.00642912;-0.00720074;1.01166;0.00296204;0.00201191;0.988458;0.0218263;0.992155;1;3;1
215.531;1273.06;0.5803;0.840879;0.0066266;-0.0089163;0.000309655;0.00663277;-0.00892246;1.00515;0.000324491;-0.00354616;0.989865;0.0220826;0.989401;1;4;1
238.531;1273.06;0.684481;0.962373;0.00459804;-0.00852938;0.00116934;0.00470139;-0.00863273;1.00019;-0.00320366;-0.00630775;0.991749;0.0227431;0.989416;1;3;1
261.531;1273.06;0.790853;1.04998;0.00555917;-0.00790578;0.00206961;0.00587009;-0.0082167;1.00732;0.000218142;-0.0121295;0.991248;0.0312224;0.973812;1;3;1
284.531;1273.06;0.939028;1.1703;0.00524403;-0.00995951;0.00253827;0.00565661;-0.0103721;1.00399;-0.00438861;7.09757e-05;0.985429;0.0228629;0.99112;1;3;1
307.531;1273.06;1.03086;1.28393;0.00581632;-0.00903459;-0.000100551;0.005817;-0.00903527;1.00428;0.00240523;-0.00262886;0.992862;0.0204356;0.989192;1;3;1
330.531;1273.06;1.20556;1.32174;0.00715582;-0.0094846;-9.28158e-07;0.00715582;-0.0094846;1.00729;-0.00366017;-0.00383626;0.990887;0.0227599;0.988783;1;3;1
353.531;1273.06;1.35872;1.39424;0.00571711;-0.00972491;0.000894405;0.00576874;-0.00977654;1.00679;0.00163774;-0.00258305;0.989872;0.0222621;0.988989;1;3;1
376.531;1273.06;1.4673;1.53585;0.00555468;-0.00906629;0.000754207;0.00559348;-0.00910509;1.00268;0.000204335;-0.00787923;0.990707;0.0168237;0.994923;1;3;1
399.531;1273.06;1.61277;1.65957;0.00477352;-0.00851611;0.00142162;0.00492389;-0.00866648;1.00281;0.00537992;-0.00869634;0.995411;0.0216756;0.987585;1;3;1
422.531;1273.06;1.68572;1.77959;0.00598961;-0.00733796;-0.000859776;0.00604484;-0.00739319;1.00712;0.00458227;0.000798126;0.995291;0.0259856;0.988509;1;3;1
445.531;1273.06;1.88737;1.75807;0.00643185;-0.00836698;1.09352e-05;0.00643185;-0.00836699;0.999286;0.00226048;-0.00661206;0.998127;0.0233636;0.985271;1;4;1
468.531;1273.06;1.98044;1.91568;0.00638119;-0.00726691;0.00147635;0.00653906;-0.00742478;1.01219;-0.000233913;-0.00411006;0.997753;0.0212401;0.985035;1;3;1
491.531;1273.06;2.17949;1.96907;0.00679741;-0.00907192;0.000879509;0.00684601;-0.00912051;1.00082;-0.000266542;-0.00796786;0.98733;0.0223117;0.98499;1;3;1
514.531;1273.06;2.29179;2.07555;0.00416403;-0.00934528;0.00126439;0.00428135;-0.00946261;1.00814;0.00397849;-0.00339989;0.990151;0.0214658;0.987454;1;3;1
537.531;1273.06;2.3701;2.1922;0.00555366;-0.00850592;0.000410489;0.00556563;-0.0085179;1.00593;0.00637542;0.00102539;0.988539;0.0227027;0.982396;1;4;1
560.531;1273.06;2.54613;2.27176;0.00707673;-0.00779923;0.000393938;0.00708715;-0.00780966;1.00919;0.00240468;-0.00871866;0.993012;0.0211726;0.985784;1;3;1
583.531;1273.06;2.69393;2.42028;0.00602885;-0.00958358;0.000898;0.00608033;-0.00963506;1.00558;-0.00195764;-0.00343129;0.993117;0.0219759;0.985421;1;3;1
606.531;1273.06;2.82224;2.46167;0.0067692;-0.0092916;3.01386e-05;0.00676926;-0.00929165;1.00583;0.00488104;-0.00112234;0.989113;0.0225798;0.98889;1;4;1
629.531;1273.06;3.00401;2.57348;0.00712863;-0.0110824;0.000609795;0.00714903;-0.0111028;1.00671;0.00167052;-0.0100095;0.99457;0.0267431;0.981999;1;4;1
652.531;1273.06;3.14879;2.59876;0.00589684;-0.0119534;-0.00043636;0.0059075;-0.0119641;1.00577;-0.000491857;-0.000919675;0.99274;0.0259796;0.976734;1;3;1
675.531;1273.06;3.27442;2.63772;0.00688015;-0.00843783;0.000679818;0.00691026;-0.00846794;1.00329;0.000497904;-0.00147437;0.992361;0.0268902;0.979146;1;3;1
698.531;1273.06;3.46373;2.80641;0.0082577;-0.00915693;0.000883577;0.00830242;-0.00920165;1.01434;0.00317331;-0.00888723;0.99426;0.0221317;0.98875;1;3;1
721.531;1273.06;3.65201;2.89437;0.00794043;-0.00834578;0.000585331;0.00796144;-0.00836679;1.00636;0.00425001;-0.00582577;0.994125;0.0215671;0.986556;1;3;1
744.531;1273.06;3.82721;2.98436;0.00754271;-0.00914061;-0.000612584;0.00756517;-0.00916308;1.00617;0.0122764;-0.00242684;0.987721;0.0266162;0.976374;1;4;1
767.531;1273.06;3.99738;3.06084;0.00601144;-0.00893196;0.000139173;0.00601274;-0.00893326;1.00425;0.00376266;-0.00453288;0.994675;0.0290799;0.966549;1;3;1
790.531;1273.06;4.10275;3.10746;0.00647056;-0.00983647;0.000773913;0.00650721;-0.00987312;1.00928;0.00406619;-0.00251852;0.996031;0.0225792;0.982401;1;3;1
813.531;1273.06;4.29364;3.26016;0.00726377;-0.0069808;0.00116512;0.00735844;-0.00707547;1.0022;-0.0055406;-0.00501205;0.994847;0.0226157;0.986824;1;4;1
836.531;1273.06;4.43534;3.2857;0.00543185;-0.00827934;0.000713443;0.00546887;-0.00831636;1.01168;-0.00121018;-0.00094251;0.990789;0.0270919;0.967313;1;4;1
859.531;1273.06;4.54265;3.39054;0.00795928;-0.00740891;0.000600773;0.00798273;-0.00743236;1.00092;0.0104611;-0.00405724;0.98912;0.0269507;0.98108;1;3;1
882.531;1273.06;4.7995;3.50452;0.0096292;-0.00860007;0.00113657;0.00969979;-0.00867066;1.00554;-0.000927613;-0.00622746;0.992331;0.0206545;0.988701;1;4;1
905.531;1273.06;4.98304;3.59222;0.00625389;-0.00825481;-3.06002e-05;0.00625395;-0.00825488;1.0067;0.00123009;-0.000630795;0.991836;0.0224499;0.985524;1;3;1
928.531;1273.06;5.08597;3.67667;0.00730388;-0.0102725;0.00151843;0.00743409;-0.0104027;1.00262;0.000275549;-0.0110058;0.993818;0.0251494;0.974915;1;4;1
951.531;1273.06;5.31737;3.79258;0.00831116;-0.00918717;-0.000549133;0.00832838;-0.00920438;1.016;0.00342868;0.00273669;0.991801;0.0244217;0.976169;1;3;1
974.531;1273.06;5.46659;3.78073;0.00531886;-0.00597966;-0.00183678;0.00560996;-0.00627076;1.00592;0.00498622;-0.00668301;0.998102;0.0271405;0.980944;1;3;1
997.531;1273.06;5.56119;3.92785;0.00720773;-0.00740907;0.000843067;0.0072562;-0.00745753;1.00369;0.00803872;-0.00518748;0.994472;0.0260521;0.98152;1;3;1
1020.53;1273.06;5.79621;4.04451;0.00917186;-0.00746448;0.000284727;0.00917673;-0.00746936;1.00825;0.00424117;-0.00441855;0.992544;0.026268;0.97747;1;3;1
1043.53;1273.06;5.98102;4.0491;0.0076189;-0.00972141;0.00126573;0.00771081;-0.00981331;1.00793;-0.00739845;-0.00353985;0.991511;0.0236516;0.987864;1;3;1
1066.53;1273.06;6.14513;4.18867;0.00743372;-0.00949694;0.00137593;0.00754481;-0.00960803;1.00892;-0.00804942;-0.0072838;0.999773;0.025875;0.977021;1;3;1
1089.53;1273.06;6.3212;4.26546;0.00702954;-0.00988068;0.000513188;0.0070451;-0.00989624;1.00316;0.00311163;-0.000597092;0.995279;0.0226389;0.98528;1;4;1
1112.53;1273.06;6.46701;4.36761;0.00598992;-0.00895138;-0.000381051;0.00599963;-0.00896109;1.01243;0.00154889;-0.00885074;0.990164;0.0238221;0.985297;1;3;1
1135.53;1273.06;6.59573;4.39937;0.00780669;-0.00887934;-2.05303e-05;0.00780671;-0.00887936;1.00589;0.00220881;0.00449702;0.987216;0.0269994;0.979973;1;3;1
1158.53;1273.06;6.82459;4.48229;0.00787107;-0.00899023;-0.000554333;0.00788927;-0.00900844;1.00663;0.00128198;-0.00761169;0.989578;0.0251804;0.982658;1;3;1
1181.53;1273.06;6.9562;4.52816;0.00729641;-0.00848065;-0.00164103;0.00746529;-0.00864953;1.01036;0.00512782;0.000563992;0.990078;0.0229796;0.985754;1;3;1
1204.53;1273.06;7.15892;4.5723;0.00836943;-0.00685831;0.000303184;0.00837546;-0.00686434;1.0035;0.00201715;-0.0026007;0.992035;0.0242968;0.983205;1;3;1
1227.53;1273.06;7.33932;4.68735;0.00672796;-0.00938082;0.000451514;0.0067406;-0.00939346;1.00721;0.00302368;-0.00147324;0.993227;0.0192766;0.992094;1;3;1
1250.53;1273.06;7.46712;4.72289;0.00515401;-0.00901807;-0.00156802;0.00532542;-0.00918949;1.00672;0.00504644;-0.00191621;0.98895;0.0220154;0.988518;1;3;1
1273.53;1273.06;7.57569;4.78895;0.00473548;-0.00719891;0.00196226;0.00504983;-0.00751327;0.999972;-0.00495248;0.000965964;0.998751;0.0251076;0.987949;1;3;1
31.5305;1250.06;-0.481934;0.170962;0.00518476;-0.00937541;0.00283794;0.00571835;-0.009909;1.00825;-0.00202406;-0.00827968;0.993023;0.0220357;0.98617;1;3;1
54.5305;1250.06;-0.363665;0.347316;0.00650037;-0.0100995;0.0014619;0.00662814;-0.0102272;1.00792;-0.00095452;-0.00281003;0.988313;0.0244561;0.989002;1;2;1
77.5306;1250.06;-0.184666;0.440356;0.00485793;-0.00849729;0.000752371;0.00490018;-0.00853954;1.00391;0.00457865;-0.00677419;0.990117;0.0255232;0.985952;1;3;1
100.531;1250.06;-0.141172;0.547233;0.00712609;-0.0106212;0.000842117;0.00716596;-0.0106611;1.0049;0.00807181;-0.00678194;0.989734;0.0264501;0.990331;1;3;1
123.531;1250.06;0.141486;0.653136;0.00594268;-0.00943306;0.00018165;0.00594483;-0.00943521;1.01015;0.0144997;-0.00186297;0.987345;0.0239034;0.990482;1;4;1
146.531;1250.06;0.130981;0.740218;0.00299599;-0.00974843;0.000880478;0.00305653;-0.00980898;0.993425;-0.00344816;-0.00594546;0.990216;0.0265693;0.990848;1;3;1
169.531;1250.06;0.278761;0.828939;0.00793611;-0.0102641;0.00164654;0.00808387;-0.0104119;1.00756;0.00396283;-0.00629959;0.990194;0.0196047;0.990119;1;3;1
192.531;1250.06;0.49415;0.945682;0.00709961;-0.00823479;0.00113041;0.00718249;-0.00831767;1.01488;0.000759801;-0.00325157;0.994047;0.0219709;0.988331;1;3;1
215.531;1250.06;0.603592;1.06451;0.00465076;-0.00884125;0.00201377;0.00494492;-0.00913541;0.999193;-0.00273285;-0.00574036;0.988543;0.0235779;0.990792;1;4;1
238.531;1250.06;0.707026;1.17385;0.00287638;-0.008397;0.00117189;0.00299691;-0.00851753;0.997417;0.00806042;-0.00789959;0.990748;0.024959;0.983063;1;3;1
261.531;1250.06;0.735299;1.26067;0.00359156;-0.00966529;0.00133972;0.00372559;-0.00979933;1.00906;0.00597781;-0.000691743;0.990963;0.0240916;0.986979;1;3;1
284.531;1250.06;0.871406;1.39632;0.00806506;-0.00818575;0.00175884;0.00825324;-0.00837393;1.00537;0.00133758;-0.00626083;0.991624;0.0213816;0.98693;1;3;1
307.531;1250.06;1.10425;1.48721;0.00742092;-0.00808297;-0.000275399;0.00742581;-0.00808787;1.00842;0.00851423;0.000506531;0.988777;0.020116;0.989271;1;4;1
330.531;1250.06;1.21132;1.52839;0.00532267;-0.00911666;0.00102913;0.00539565;-0.00918964;1.00345;0.00406774;-0.00710998;0.989264;0.0197139;0.989869;1;3;1
353.531;1250.06;1.34808;1.67068;0.00614546;-0.00924333;0.00115729;0.00623201;-0.00932988;1.00842;-0.00230574;-0.00209873;0.988128;0.0215503;0.989271;1;3;1
376.531;1250.06;1.4926;1.75496;0.00619186;-0.00870748;0.00164529;0.00637138;-0.008887;1.00767;-0.00163793;-0.00384156;0.991554;0.0205425;0.989551;1;3;1
399.531;1250.06;1.63162;1.86747;0.00727161;-0.00819333;0.000798774;0.00731276;-0.00823448;1.00354;-0.00177212;-0.00674873;0.99036;0.0277371;0.981617;1;3;1
422.531;1250.06;1.82559;1.92059;0.00671561;-0.00784045;-0.000927828;0.00677451;-0.00789935;1.0062;0.0068161;0.000236158;0.992413;0.0201881;0.989161;1;3;1
445.531;1250.06;1.93928;2.01224;0.00464027;-0.0103722;0.000178698;0.0046424;-0.0103744;1.00461;0.00457501;-0.0023653;0.989486;0.0243115;0.985594;1;3;1
468.531;1250.06;2.03837;2.04952;0.0048283;-0.00865414;0.000662654;0.00486079;-0.00868663;1.00881;0.00235827;-0.00543409;0.986742;0.0231703;0.987522;1;3;1
491.531;1250.06;2.16036;2.22359;0.00612344;-0.00864366;0.000970359;0.00618693;-0.00870715;1.0112;0.00247789;-0.00725274;0.991716;0.0191539;0.99135;1;4;1
514.531;1250.06;2.31861;2.28;0.00747664;-0.00909803;0.000142888;0.00747787;-0.00909926;1.00503;0.006343;-0.00605757;0.999065;0.020808;0.989544;1;3;1
537.531;1250.06;2.50268;2.3975;0.0069818;-0.00932986;-0.000302018;0.00698739;-0.00933545;1.00511;0.00745614;-0.0071749;0.989384;0.0211837;0.988942;1;3;1
560.531;1250.06;2.63827;2.47103;0.00545894;-0.00814168;-0.000922632;0.00552124;-0.00820398;1.00275;0.0113086;0.00117402;0.993927;0.0285798;0.979599;1;3;1
583.531;1250.06;2.75284;2.55812;0.00744299;-0.00744886;6.1875e-06;0.00744299;-0.00744886;1.00697;0.00486199;-0.00711918;0.992396;0.0259025;0.980653;1;3;1
606.531;1250.06;2.979;2.66023;0.00708845;-0.00987491;0.00128532;0.00718528;-0.00997175;1.00722;0.00257779;-0.00825017;0.992323;0.0219239;0.986906;1;4;1
629.531;1250.06;3.07702;2.81892;0.00538753;-0.00834214;0.000909031;0.00544745;-0.00840207;1.00821;0.00458532;-0.00325453;0.991585;0.0225655;0.980908;1;3;1
652.531;1250.06;3.22564;2.87855;0.00631712;-0.0092525;-0.00117793;0.00640573;-0.00934111;1.00409;0.00341046;0.000832849;0.987596;0.026412;0.971953;1;3;1
675.531;1250.06;3.36668;2.85913;0.00644329;-0.00981865;-0.00105781;0.00651181;-0.00988717;1.00543;0.00403261;-0.00517648;0.985179;0.023822;0.986183;1;3;1
698.531;1250.06;3.52092;3.00399;0.00693751;-0.00941084;9.40036e-05;0.00693805;-0.00941138;1.0107;0.00336448;-0.00675933;0.986871;0.0246901;0.982953;1;3;1
721.531;1250.06;3.68433;3.04598;0.00828742;-0.00832828;-0.000105628;0.00828809;-0.00832895;1.00815;0.00580759;-0.00226477;0.989393;0.0197416;0.989805;1;3;1
744.531;1250.06;3.90024;3.17873;0.00643531;-0.00791172;-0.000101277;0.00643603;-0.00791243;1.00221;0.00371494;-0.00419759;0.992587;0.0239357;0.985267;1;3;1
767.531;1250.06;3.97888;3.26774;0.00551898;-0.00761136;0.00107557;0.0056065;-0.00769888;1.00374;-0.0059984;-0.0047755;0.992448;0.0249212;0.982212;1;4;1
790.531;1250.06;4.15307;3.35871;0.00749411;-0.0101593;0.000148794;0.00749536;-0.0101605;1.01085;-0.00584697;0.000251921;0.983024;0.0283838;0.969362;1;3;1
813.531;1250.06;4.32217;3.38657;0.00775462;-0.00771881;-3.34232e-05;0.00775469;-0.00771888;1.00574;0.00852718;-0.0033909;0.995245;0.0219859;0.982919;1;4;1
836.531;1250.06;4.50815;3.51169;0.00835636;-0.0105272;0.000380764;0.00836404;-0.0105348;1.00764;0.00691735;-0.00787968;0.990902;0.0231559;0.979786;1;4;1
859.531;1250.06;4.7045;3.59652;0.00631182;-0.00928325;-0.000349514;0.00631965;-0.00929108;1.00882;0.00219633;-0.00403555;0.987003;0.0240466;0.98034;1;3;1
882.531;1250.06;4.79734;3.66213;0.00727847;-0.00834198;0.000425477;0.00729006;-0.00835356;1.00167;0.00266816;-0.00387891;0.991791;0.0268807;0.975743;1;2;1
905.531;1250.06;5.03778;3.76848;0.00746102;-0.0085539;0.0011697;0.007546;-0.00863889;1.00983;-0.00098902;-0.00313951;0.987622;0.0235162;0.980639;1;3;1
928.531;1250.06;5.13879;3.87485;0.0078895;-0.00802177;-6.70063e-05;0.00788979;-0.00802205;1.01323;0.00112442;-0.000821122;0.984696;0.0228423;0.980008;1;3;1
951.531;1250.06;5.39898;3.93332;0.0111735;-0.00784216;-0.000637664;0.0111949;-0.00786352;1.01058;0.00571316;-0.0049428;0.989712;0.022897;0.982881;1;3;1
974.531;1250.06;5.64988;3.94283;0.00657172;-0.00920554;-0.000624955;0.00659643;-0.00923026;1.00099;-0.00151475;-0.00329793;0.990178;0.0301849;0.971247;1;4;1
997.531;1250.06;5.70015;4.04793;0.00367514;-0.00727788;0.000366441;0.00368738;-0.00729012;1.00854;0.00116052;-0.00515966;0.996249;0.0223208;0.986315;1;3;1
1020.53;1250.06;5.81807;4.17084;0.00618923;-0.00630136;0.000767518;0.00623621;-0.00634835;1.00574;0.00490665;-0.0014883;0.994229;0.0275446;0.974544;1;3;1
1043.53;1250.06;5.98336;4.28648;0.0079739;-0.0111636;0.000794411;0.00800682;-0.0111965;1.00781;0.013345;-0.00834853;0.988913;0.0246125;0.980249;1;3;1
1066.53;1250.06;6.1828;4.40921;0.00778409;-0.00701588;0.00154747;0.00794416;-0.00717595;1.00655;0.00355199;-0.00676107;0.990004;0.0266528;0.973445;1;4;1
1089.53;1250.06;6.33931;4.54854;0.00785866;-0.00955471;-0.000567296;0.00787713;-0.00957317;1.00942;-0.00271124;-0.00158393;0.984804;0.0269099;0.981412;1;4;1
1112.53;1250.06;6.54276;4.5194;0.00786636;-0.00576592;-0.00122965;0.00797638;-0.00587595;1.00894;6.06419e-05;-0.00500937;0.992552;0.0218958;0.985632;1;3;1
1135.53;1250.06;6.69972;4.59643;0.00748617;-0.00737183;-0.000440832;0.00749924;-0.00738489;1.00745;0.00238056;0.000919193;0.996675;0.0227264;0.98459;1;3;1
1158.53;1250.06;6.88565;4.65582;0.00820379;-0.00668278;-2.47721e-05;0.00820383;-0.00668282;1.01005;0.00700183;-0.00536887;0.992507;0.0255187;0.985577;1;3;1
1181.53;1250.06;7.0753;4.75303;0.00666593;-0.00903875;-0.000574602;0.00668693;-0.00905975;1.01307;0.00410622;-0.00623191;0.992046;0.0264537;0.976936;1;3;1
1204.53;1250.06;7.19112;4.76991;0.00598419;-0.00927345;0.000111382;0.005985;-0.00927427;0.9971;0.00361733;-0.00615405;0.991157;0.0266168;0.976764;1;3;1
1227.53;1250.06;7.34951;4.90415;0.00980895;-0.00836136;0.000146627;0.00981013;-0.00836255;1.00904;0.00261224;-0.00250703;0.993025;0.0223181;0.986278;1;3;1
1250.53;1250.06;7.63987;4.92927;0.006295;-0.0084803;-0.000754785;0.00633345;-0.00851876;1.01293;0.00271139;-0.00130675;0.992957;0.0212444;0.989044;1;3;1
1273.53;1250.06;7.63805;5.01177;-7.28635e-05;-0.00853808;-0.000691205;-1.67963e-05;-0.00859414;0.990594;0.00703198;-0.00656155;0.991132;0.0263348;0.988895;1;4;1
31.5305;1227.06;-0.37348;0.438263;0.00565345;-0.0127551;0.00149469;0.00577402;-0.0128757;1.00428;-0.00122226;-0.00811492;0.986964;0.0259898;0.983538;1;3;1
54.5305;1227.06;-0.244315;0.590228;0.00538085;-0.0101846;0.00067206;0.00540981;-0.0102136;1.003;0.00558187;-0.00335641;0.990496;0.021768;0.989105;1;3;1
77.5306;1227.06;-0.127074;0.642407;0.00428262;-0.00985892;0.000907868;0.00434067;-0.00991696;1.00048;0.00549462;-0.00377125;0.990841;0.0239119;0.984758;1;3;1
100.531;1227.06;-0.0483232;0.823379;0.00723647;-0.00940369;0.000507343;0.00725192;-0.00941915;1.01241;0.000156751;-0.0109835;0.990453;0.0241277;0.986764;1;4;1
123.531;1227.06;0.203907;0.897236;0.00720497;-0.00929032;0.00111306;0.00727974;-0.00936509;1.00427;-0.00334059;-0.00259917;0.989408;0.0262415;0.984642;1;3;1
146.531;1227.06;0.281558;1.00654;0.0029361;-0.0098011;-0.000299336;0.00294313;-0.00980813;1.00588;0.00168835;-0.0069263;0.992377;0.0223712;0.989706;1;3;1
169.531;1227.06;0.338307;1.10399;0.00497815;-0.0107158;5.82388e-05;0.00497837;-0.010716;1.00402;0.00136074;-0.000921181;0.986285;0.0261253;0.982128;1;3;1
192.531;1227.06;0.509675;1.176;0.00616905;-0.0097392;0.000936463;0.00622399;-0.00979414;1.00788;0.00389405;-0.0056141;0.986704;0.0254372;0.986047;1;3;1
215.531;1227.06;0.620985;1.24941;0.00570265;-0.00815356;0.000370808;0.00571256;-0.00816347;1.00476;0.00609299;-0.002328;0.993772;0.0241529;0.989374;1;4;1
238.531;1227.06;0.770925;1.35035;0.00582653;-0.00835106;0.00101365;0.00589864;-0.00842317;1.0057;0.00202894;-0.00476183;0.992065;0.0226829;0.987307;1;3;1
261.531;1227.06;0.887567;1.49686;0.0050321;-0.00939215;-0.000314551;0.00503896;-0.009399;1.00296;0.00748061;-0.00385313;0.992652;0.0225172;0.984661;1;3;1
284.531;1227.06;1.0014;1.54844;0.00651567;-0.00949254;-0.000301797;0.00652136;-0.00949823;1.00673;0.00289902;-0.00268068;0.993181;0.0249079;0.981437;1;3;1
307.531;1227.06;1.18604;1.65752;0.0063508;-0.00957994;0.00062984;0.00637567;-0.0096048;1.00715;-0.00402507;-0.00526162;0.992061;0.0267393;0.983699;1;3;1
330.531;1227.06;1.2922;1.74312;0.00632986;-0.0101528;-2.90595e-05;0.00632991;-0.0101528;1.00539;-0.002047;-0.00305938;0.993628;0.0212923;0.988409;1;3;1
353.531;1227.06;1.47601;1.82156;0.00477088;-0.00946536;0.000116019;0.00477183;-0.0094663;1.00568;0.00791255;-0.00359924;0.990388;0.0205523;0.990982;1;4;1
376.531;1227.06;1.51073;1.93817;0.00495571;-0.00954447;0.00134017;0.00507853;-0.00966729;1.00579;0.00868752;-0.00733946;0.986265;0.0212027;0.990662;1;3;1
399.531;1227.06;1.7029;2.03811;0.00879721;-0.01067;0.000697085;0.00882214;-0.0106949;1.01267;0.00178712;-0.00300217;0.986585;0.0219375;0.985005;1;3;1
422.531;1227.06;1.91319;2.14224;0.00644519;-0.00948039;0.000799685;0.00648525;-0.00952045;1.00553;-0.00141669;-0.0029998;0.993944;0.0217822;0.987892;1;4;1
445.531;1227.06;1.998;2.23782;0.00469381;-0.00896779;0.000955368;0.00476029;-0.00903427;1.00605;-0.000720361;-0.00562983;0.994967;0.0225977;0.990243;1;3;1
468.531;1227.06;2.12827;2.31575;0.00698174;-0.00951579;-0.000331989;0.00698842;-0.00952247;1.00891;0.00465464;0.00112386;0.995208;0.0232358;0.987444;1;3;1
491.531;1227.06;2.31786;2.36862;0.00702148;-0.00859358;-0.000146678;0.00702286;-0.00859496;1.00456;0.00775311;-0.00452221;0.989273;0.0211056;0.988487;1;4;1
514.531;1227.06;2.44979;2.49626;0.0058534;-0.00942849;0.00121008;0.00594863;-0.00952371;1.00639;0.00406743;-0.00633213;0.981931;0.0223691;0.988248;1;3;1
537.531;1227.06;2.58563;2.62391;0.00740687;-0.00773478;-1.55613e-06;0.00740687;-0.00773478;1.00855;-0.00282253;-0.00333987;0.993394;0.0207943;0.986654;1;4;1
560.531;1227.06;2.789;2.64846;0.00641937;-0.00909917;-4.43447e-05;0.00641949;-0.0090993;1.00439;-0.00211073;-0.00333822;0.990661;0.022685;0.987542;1;3;1
583.531;1227.06;2.87976;2.76459;0.00376838;-0.00963506;0.000962461;0.00383714;-0.00970382;1.0072;0.00599593;-0.00663027;0.990194;0.0198318;0.98778;1;3;1
606.531;1227.06;2.96123;2.9184;0.00559823;-0.00890727;0.000739732;0.00563585;-0.0089449;1.00269;0.00182874;-0.00206203;0.987545;0.0225309;0.982723;1;3;1
629.531;1227.06;3.13616;2.95903;0.0073083;-0.00743569;-0.000150691;0.00730984;-0.00743723;1.00811;0.00425761;-0.00532529;0.991093;0.0204045;0.98968;1;4;1
652.531;1227.06;3.29607;3.0266;0.00782525;-0.00482218;6.14722e-05;0.00782555;-0.00482248;1.0079;0.00697289;-0.00416681;0.996821;0.0216759;0.987612;1;4;1
675.531;1227.06;3.49453;3.09215;0.00749293;-0.00991731;-0.000571765;0.00751169;-0.00993606;1.00555;0.00314847;-0.00264508;0.991513;0.0207903;0.988761;1;4;1
698.531;1227.06;3.63896;3.2417;0.00740445;-0.00821191;-0.000923828;0.00745891;-0.00826638;1.00955;0.0052204;-0.00757997;0.992;0.020915;0.987007;1;3;1
721.531;1227.06;3.83351;3.27944;0.00908954;-0.00948047;-0.00139357;0.00919354;-0.00958446;1.00976;0.00562963;-0.0023114;0.992009;0.0200864;0.989579;1;3;1
744.531;1227.06;4.05507;3.35032;0.00530287;-0.00935893;0.0001528;0.00530447;-0.00936052;1.00981;-0.00208672;0.00326779;0.987338;0.0208049;0.983761;1;3;1
767.531;1227.06;4.0766;3.41238;0.00329669;-0.00921498;-0.000221187;0.0033006;-0.00921889;0.993938;0.0137244;-0.0105966;0.983308;0.0300384;0.962043;1;4;1
790.531;1227.06;4.20591;3.5773;0.0081014;-0.00938258;0.000444262;0.00811268;-0.00939386;1.01056;0.0120707;-0.00163171;0.992367;0.0298922;0.977624;1;4;1
813.531;1227.06;4.44732;3.61686;0.00875785;-0.00971869;-6.55119e-05;0.00875808;-0.00971892;1.00927;0.00583957;-0.00689768;0.985382;0.0260151;0.977254;1;3;1
836.531;1227.06;4.60661;3.77285;0.00601444;-0.00921638;-0.000241315;0.00601826;-0.00922021;1.00344;0.00206812;-0.00610635;0.987706;0.026256;0.97348;1;3;1
859.531;1227.06;4.72271;3.81992;0.00705677;-0.00663234;-0.000896171;0.00711519;-0.00669076;1.01106;0.00262148;-0.00170591;0.993622;0.032117;0.965679;1;3;1
882.531;1227.06;4.92993;3.89005;0.00792569;-0.00868755;-0.000192867;0.00792793;-0.00868979;0.998637;0.0013587;-0.00573013;0.992154;0.0296641;0.963444;1;3;1
905.531;1227.06;5.08556;3.98751;0.00708263;-0.00837869;0.00016238;0.00708434;-0.00838039;1.00907;0.00713239;-0.00387065;0.993657;0.0257186;0.970856;1;3;1
928.531;1227.06;5.25432;4.04747;0.00778734;-0.00779415;-0.000687027;0.00781757;-0.00782438;1.00875;0.00824966;-0.00175724;0.996687;0.027228;0.966243;1;3;1
951.531;1227.06;5.44209;4.15492;0.00834892;-0.00875831;0.000536397;0.00836572;-0.00877511;1.01076;0.00164868;-0.00483755;0.991849;0.0237002;0.981546;1;4;1
974.531;1227.06;5.63651;4.20647;0.00678709;-0.0105816;0.000513173;0.00680224;-0.0105967;1.00691;0.00841297;-0.00178494;0.980722;0.0282275;0.965658;1;3;1
997.531;1227.06;5.75311;4.26426;0.00709663;-0.00934197;-0.000108158;0.00709734;-0.00934268;1.00457;0.00105811;-0.00375874;0.992447;0.0246329;0.976363;1;3;1
1020.53;1227.06;5.96163;4.33559;0.00851897;-0.00903122;0.000552285;0.00853633;-0.00904858;1.00774;0.0055787;-0.00664464;0.99544;0.0227728;0.979468;1;3;1
1043.53;1227.06;6.14235;4.56581;0.00655993;-0.00804882;-0.000751208;0.00659845;-0.00808735;1.01106;0.00132714;-0.00515902;0.990685;0.0227707;0.983323;1;3;1
1066.53;1227.06;6.26206;4.51269;0.00739986;-0.00694386;-2.73783e-05;0.00739992;-0.00694391;1.00793;0.00413003;-0.00674542;0.990013;0.0254581;0.977702;1;4;1
1089.53;1227.06;6.48128;4.70738;0.00795764;-0.005845;-0.000207487;0.00796076;-0.00584812;1.00827;0.00600193;-0.00183409;0.991196;0.0230174;0.982737;1;4;1
1112.53;1227.06;6.62651;4.63388;0.00630502;-0.0074792;-0.00176489;0.0065274;-0.00770158;1.00379;0.00817806;0.00161354;0.99204;0.0236265;0.989516;1;4;1
1135.53;1227.06;6.77039;4.74007;0.00774479;-0.00719093;-0.000341635;0.0077526;-0.00719874;1.00678;0.00703052;-0.00710975;0.991766;0.0214484;0.984541;1;3;1
1158.53;1227.06;6.98113;4.791;0.00766165;-0.00830934;0.000833647;0.00770505;-0.00835274;1.00545;0.00263322;-0.000657004;0.992362;0.0237609;0.982548;1;3;1
1181.53;1227.06;7.12103;4.94614;0.00691272;-0.0080448;0.00105099;0.00698621;-0.00811829;1.00389;0.0039562;-0.00502435;0.987469;0.0238866;0.980476;1;3;1
1204.53;1227.06;7.29755;5.00108;0.00789199;-0.00858438;-0.00108354;0.00796294;-0.00865533;1.00925;0.00156999;-0.00238375;0.990901;0.0216093;0.983734;1;3;1
1227.53;1227.06;7.48246;5.07382;0.00752302;-0.00732713;-0.00107094;0.00759985;-0.00740396;1.01364;0.00833536;-0.00720908;0.989978;0.0231306;0.984344;1;3;1
1250.53;1227.06;7.64218;5.11498;0.0069929;-0.00895867;0.000585959;0.00701439;-0.00898016;1.00272;-0.00101845;0.00182571;0.991849;0.0229789;0.989685;1;3;1
1273.53;1227.06;7.80289;5.18396;0.00701621;-0.00706862;-0.00192217;0.00727382;-0.00732622;1.01171;0.00788364;-0.00902772;0.989357;0.0267821;0.988737;1;3;1
31.5305;1204.06;-0.320327;0.761777;0.00419172;-0.0106385;-0.000121021;0.00419271;-0.0106395;1.00052;0.00320846;-0.00676761;0.988879;0.0241291;0.988579;1;3;1
54.5305;1204.06;-0.224188;0.818432;0.00616118;-0.00833163;0.000300958;0.00616742;-0.00833788;1.00404;0.00148774;-0.00210927;0.992095;0.0233778;0.993729;1;3;1
77.5306;1204.06;-0.037976;0.89636;0.00627125;-0.00989467;-0.000264002;0.00627556;-0.00989898;1.00442;0.00364796;-0.00434716;0.987915;0.0241277;0.987019;1;3;1
100.531;1204.06;0.0631006;0.982314;0.00563151;-0.00836297;7.98924e-05;0.00563197;-0.00836342;1.0126;0.00167528;-0.00570156;0.991148;0.0185129;0.995146;1;3;1
123.531;1204.06;0.219973;1.08256;0.00654178;-0.00939729;0.00124755;0.00663884;-0.00949434;1.00483;0.000573782;-0.00355057;0.994632;0.0184173;0.993376;1;3;1
146.531;1204.06;0.362561;1.19389;0.00481361;-0.00826194;0.00140733;0.00496337;-0.0084117;1.00467;0.00180806;-0.00716076;0.990378;0.0199027;0.99187;1;3;1
169.531;1204.06;0.440234;1.32482;0.00412838;-0.00835634;0.000413584;0.00414206;-0.00837003;0.999817;0.00264791;-0.00331521;0.994204;0.0224642;0.988815;1;3;1
192.531;1204.06;0.551634;1.39593;0.0065765;-0.00939417;-0.000537929;0.0065946;-0.00941226;1.01059;0.004921;-0.0033414;0.990206;0.0205661;0.987579;1;3;1
215.531;1204.06;0.741618;1.44132;0.00669449;-0.00881795;-0.000393654;0.00670448;-0.00882794;1.00747;0.00423763;-0.000214164;0.991104;0.0210014;0.990218;1;4;1
238.531;1204.06;0.858267;1.55987;0.00475928;-0.00997284;0.00104692;0.0048333;-0.0100469;1.00189;0.00222596;-0.0101612;0.98729;0.0219717;0.990237;1;3;1
261.531;1204.06;0.959329;1.69531;0.00434972;-0.0092118;0.00112866;0.00444301;-0.00930509;1.00484;-0.0005311;-0.00349213;0.987028;0.0245297;0.983057;1;3;1
284.531;1204.06;1.0571;1.83545;0.00609532;-0.00978186;0.00112636;0.00617482;-0.00986137;1.01093;0.00726211;-0.00926135;0.988998;0.0245023;0.989737;1;3;1
307.531;1204.06;1.23827;1.93022;0.00694819;-0.00928908;0.00051568;0.00696455;-0.00930544;1.00377;0.00228983;0.000642559;0.988806;0.0207422;0.990658;1;4;1
330.531;1204.06;1.37533;1.99811;0.00636411;-0.0109239;0.000496241;0.00637834;-0.0109381;1.00822;0.00673516;-0.00561316;0.989461;0.0310326;0.976793;1;3;1
353.531;1204.06;1.52975;2.10853;0.00454116;-0.0112358;0.00158942;0.00469969;-0.0113944;0.991208;-0.00149426;-0.00123251;0.985126;0.0226454;0.988862;1;3;1
376.531;1204.06;1.58332;2.19621;0.00521154;-0.0105379;0.00048936;0.00522673;-0.0105531;1.01248;0.00426352;-0.00599177;0.992286;0.0236781;0.983152;1;3;1
399.531;1204.06;1.76817;2.36114;0.00798806;-0.00945058;0.000235365;0.00799124;-0.00945376;1.00664;0.00116688;-0.00547868;0.991346;0.0273378;0.976729;1;3;1
422.531;1204.06;1.94903;2.35894;0.00555477;-0.00936843;-0.000588757;0.00557796;-0.00939162;1.0068;0.0129719;0.000262021;0.988666;0.022352;0.981087;1;3;1
445.531;1204.06;2.02293;2.4267;0.00541686;-0.00916654;-0.000206171;0.00541978;-0.00916945;1.00144;0.00637537;-0.00339565;0.983649;0.0251679;0.982334;1;3;1
468.531;1204.06;2.19735;2.48962;0.00717655;-0.00976718;0.000271582;0.0071809;-0.00977154;1.01209;0.00586659;-0.00780961;0.986361;0.0219056;0.99048;1;3;1
491.531;1204.06;2.35147;2.62101;0.00572345;-0.00954197;0.00107501;0.00579878;-0.0096173;0.999759;0.00178976;-0.0041111;0.985355;0.0216086;0.987702;1;3;1
514.531;1204.06;2.45933;2.71599;0.00657497;-0.00904634;-0.000189919;0.00657728;-0.00904865;1.00695;0.00094465;-0.00399829;0.991632;0.0237692;0.987201;1;3;1
537.531;1204.06;2.65274;2.75493;0.0070211;-0.00727186;0.000952262;0.00708426;-0.00733502;1.00498;0.00508431;-0.00827893;0.993785;0.0225872;0.98059;1;3;1
560.531;1204.06;2.78084;2.89174;0.00608086;-0.00901935;0.00258663;0.00651165;-0.00945014;1.00738;0.00322747;-0.00445209;0.991648;0.0218361;0.983222;1;3;1
583.531;1204.06;2.93094;3.00383;0.00703439;-0.00962923;-5.12472e-05;0.00703455;-0.00962938;1.00228;0.000575266;-0.00379265;0.990856;0.0230847;0.988896;1;3;1
606.531;1204.06;3.10294;3.07198;0.00581535;-0.00839077;-0.000761232;0.00585603;-0.00843145;1.01176;0.00670328;-0.00376769;0.993167;0.0213411;0.991074;1;3;1
629.531;1204.06;3.19741;3.16241;0.00541797;-0.00959716;-0.00215604;0.00572143;-0.00990062;0.997088;0.00361989;0.00211267;0.990103;0.0225052;0.983325;1;3;1
652.531;1204.06;3.35149;3.10108;0.00946012;-0.0107735;-0.000474191;0.00947123;-0.0107846;1.01693;-0.000564821;-0.00425697;0.99323;0.0255349;0.972306;1;4;1
675.531;1204.06;3.63027;3.31837;0.00959005;-0.011494;0.00142452;0.00968586;-0.0115898;1.00868;0.0102301;-0.0052348;0.987645;0.0264861;0.985079;1;4;1
698.531;1204.06;3.78967;3.38409;0.00628129;-0.00821418;-0.000101879;0.006282;-0.0082149;1.0105;0.00594957;-0.00413283;0.991975;0.0206169;0.987817;1;3;1
721.531;1204.06;3.91801;3.48477;0.00497173;-0.0107814;0.000744452;0.00500683;-0.0108165;0.999805;-0.0017143;-0.00518023;0.983422;0.022712;0.987149;1;3;1
744.531;1204.06;4.01725;3.61142;0.00666913;-0.00933705;0.00151059;0.00681044;-0.00947837;1.01191;0.00297518;-0.003434;0.992558;0.0229519;0.97954;1;4;1
767.531;1204.06;4.2233;3.69425;0.00646785;-0.0103875;-7.54323e-05;0.00646818;-0.0103879;1.00695;0.00282818;-0.00566757;0.994822;0.0259687;0.980004;1;3;1
790.531;1204.06;4.31346;3.79264;0.0064782;-0.00794374;-0.000266584;0.00648312;-0.00794867;1.0047;0.0013504;-0.000262123;0.99012;0.0249009;0.975855;1;3;1
813.531;1204.06;4.52012;3.83625;0.00910575;-0.00914893;-0.000137035;0.00910678;-0.00914996;1.0062;-0.00124031;-0.00463379;0.992067;0.0278706;0.979684;1;3;1
836.531;1204.06;4.7302;3.93816;0.00833678;-0.00776905;-0.00132362;0.00844483;-0.00787711;1.01185;0.00806182;0.00117573;0.994209;0.0286706;0.965611;1;3;1
859.531;1204.06;4.90198;3.90305;0.00544398;-0.00727387;-0.00128279;0.00557208;-0.00740197;1.00397;0.0110945;-0.004393;0.998815;0.02749;0.974662;1;3;1
882.531;1204.06;4.97978;4.06388;0.00603238;-0.00863708;0.00119112;0.00612847;-0.00873317;0.998332;-0.00386059;-0.00988435;0.988993;0.031887;0.960045;1;3;1
905.531;1204.06;5.17794;4.15575;0.0084454;-0.00843523;-0.000190246;0.00844754;-0.00843737;1.01272;0.0031878;4.2574e-05;0.993834;0.0278537;0.971066;1;4;1
928.531;1204.06;5.36632;4.23536;0.00717225;-0.00752144;-0.000469851;0.00718725;-0.00753645;1.0012;0.000635088;-0.00548497;0.990707;0.0218153;0.986799;1;3;1
951.531;1204.06;5.50633;4.33811;0.00751808;-0.00813483;0.000650944;0.00754511;-0.00816185;1.00815;0.00550506;-0.00290765;0.993005;0.0177548;0.989134;1;3;1
974.531;1204.06;5.71045;4.43223;0.0072199;-0.00880769;4.53007e-05;0.00722003;-0.00880782;1.00847;0.000672647;-0.00186767;0.992993;0.020741;0.984618;1;3;1
997.531;1204.06;5.83704;4.47989;0.0077209;-0.00903182;-0.00102745;0.00778368;-0.0090946;1.00288;0.0081053;-0.00619518;0.989603;0.0213611;0.984733;1;3;1
1020.53;1204.06;6.06398;4.58883;0.00851105;-0.0111243;-0.00102261;0.00856417;-0.0111774;1.0154;0.00663493;-0.00474519;0.98746;0.0222534;0.979362;1;3;1
1043.53;1204.06;6.22655;4.65888;0.00569208;-0.00461631;-0.000251748;0.00569823;-0.00462246;1.00463;-0.000901214;0.000887682;1.00131;0.0237384;0.984765;1;4;1
1066.53;1204.06;6.32486;4.72996;0.00548258;-0.00934809;9.42513e-05;0.00548318;-0.00934868;1.006;0.00295032;-0.00609609;0.991616;0.027435;0.965731;1;3;1
1089.53;1204.06;6.47779;4.81841;0.00898993;-0.00602093;-0.000836714;0.00903643;-0.00606743;1.00685;-0.00124685;0.00100044;0.995415;0.0235157;0.98688;1;3;1
1112.53;1204.06;6.73636;4.86515;0.00890988;-0.00888216;-0.00167339;0.00906589;-0.00903818;1.00666;0.00613134;0.000655278;0.990317;0.0248375;0.980169;1;3;1
1135.53;1204.06;6.8857;4.92879;0.00602458;-0.00854057;-0.00131357;0.0061421;-0.00865809;1.00607;-0.00313762;-0.00995383;0.992893;0.0241423;0.984;1;3;1
1158.53;1204.06;7.01233;5.03983;0.00656364;-0.00944561;0.000681448;0.0065926;-0.00947456;1.0069;0.00261494;0.000859657;0.987056;0.0271101;0.981641;1;3;1
1181.53;1204.06;7.18623;5.12473;0.00880948;-0.00724403;-0.000614887;0.008833;-0.00726755;1.0093;0.00260404;-0.00386578;0.995721;0.0232073;0.986276;1;3;1
1204.53;1204.06;7.41562;5.16706;0.00815129;-0.00822906;-0.000808633;0.00819111;-0.00826888;1.01124;0.00633201;-0.00511436;0.994371;0.0226913;0.987384;1;3;1
1227.53;1204.06;7.55952;5.24292;0.00609328;-0.00695211;1.09044e-05;0.00609329;-0.00695212;1.00581;0.00730881;-0.00257482;0.988041;0.0198836;0.988464;1;3;1
1250.53;1204.06;7.69473;5.34327;0.00851969;-0.00832311;-0.000905156;0.00856819;-0.00837161;1.00469;0.0012506;-0.00435487;0.990923;0.0211119;0.987439;1;3;1
1273.53;1204.06;7.94967;5.33915;0.011146;-0.0063882;-0.0017166;0.0113125;-0.00655468;1.0111;0.00629194;0.0011259;0.997843;0.0284686;0.990419;1;3;1
31.5305;1181.06;-0.250762;0.930433;0.00486453;-0.00715483;-0.00107052;0.00495914;-0.00724943;1.00652;0.0072565;-0.00417301;0.995648;0.0193985;0.988745;1;3;1
54.5305;1181.06;-0.139192;0.975214;0.00674829;-0.0090142;-0.000224248;0.00675148;-0.00901739;1.00792;0.0058011;-0.00025053;0.994803;0.0203002;0.990427;1;3;1
77.5306;1181.06;0.0583075;1.10021;0.00583787;-0.00920764;0.00105776;0.00591187;-0.00928164;1.0113;0.00190188;-0.0108143;0.992931;0.0247699;0.990421;1;4;1
100.531;1181.06;0.127975;1.21004;0.00523904;-0.00778637;0.000368349;0.00524945;-0.00779678;1.0073;0.0056299;-0.00258243;0.990651;0.0185041;0.993398;1;3;1
123.531;1181.06;0.298096;1.33166;0.0057594;-0.00920742;7.71409e-06;0.00575941;-0.00920743;1.00576;0.00530011;-0.00317773;0.986977;0.0208613;0.992835;1;3;1
146.531;1181.06;0.391805;1.38831;0.00440332;-0.00908221;0.000422666;0.00441655;-0.00909545;1.00454;0.00632685;-0.00530371;0.990321;0.0207689;0.988856;1;3;1
169.531;1181.06;0.499932;1.49029;0.00615405;-0.010206;0.00147442;0.00628587;-0.0103378;1.00587;0.00659609;-0.00591108;0.989356;0.0223919;0.986639;1;4;1
192.531;1181.06;0.673493;1.61047;0.00695314;-0.00898337;3.80138e-05;0.00695323;-0.00898346;1.00641;0.00185819;-0.00202408;0.997023;0.022045;0.98728;1;3;1
215.531;1181.06;0.818372;1.65727;0.00549894;-0.00977178;0.00114523;0.00558435;-0.00985719;1.0062;4.48518e-05;-0.00262813;0.98943;0.0271094;0.981733;1;3;1
238.531;1181.06;0.925314;1.81168;0.00519662;-0.0099147;0.00111774;0.00527885;-0.00999693;1.00895;0.000163142;-0.00600391;0.992629;0.0245355;0.989995;1;3;1
261.531;1181.06;1.05604;1.92288;0.00445928;-0.00944826;0.000158726;0.0044611;-0.00945007;1.00048;0.00568179;-0.00302911;0.989533;0.0251273;0.987053;1;3;1
284.531;1181.06;1.1296;2.00081;0.0053011;-0.00846905;-0.000455806;0.00531617;-0.00848412;1.01013;0.0064065;-0.00477103;0.987713;0.0226672;0.990233;1;3;1
307.531;1181.06;1.29895;2.08697;0.00639293;-0.00928828;0.00104821;0.00646269;-0.00935804;1.00338;0.00566302;-0.00480952;0.986936;0.021833;0.988389;1;3;1
330.531;1181.06;1.42208;2.24858;0.00495073;-0.00970779;0.00147394;0.00509747;-0.00985453;1.00353;-0.000294507;-0.00944574;0.987997;0.0218785;0.987898;1;3;1
353.531;1181.06;1.52542;2.34138;0.00638646;-0.00858483;0.000752515;0.00642419;-0.00862256;1.00522;0.000752301;-0.00100556;0.993794;0.0200323;0.989951;1;3;1
376.531;1181.06;1.71458;2.42596;0.00689532;-0.00849678;-0.000207819;0.00689812;-0.00849959;1.00524;0.00113879;-0.00240242;0.99181;0.020287;0.990367;1;3;1
399.531;1181.06;1.84133;2.47512;0.00692172;-0.00711674;0.000420852;0.00693433;-0.00712935;1.00846;0.0037314;-0.0021304;0.9926;0.0206226;0.98551;1;3;1
422.531;1181.06;2.03165;2.57538;0.00664565;-0.00832172;0.000589937;0.00666886;-0.00834494;1.00548;-0.00029737;-0.00246341;0.991493;0.0198395;0.987876;1;3;1
445.531;1181.06;2.14564;2.66167;0.00573927;-0.00935801;9.5051e-05;0.00573987;-0.00935861;1.00212;0.00275483;-0.00750057;0.994062;0.0191579;0.988926;1;4;1
468.531;1181.06;2.2945;2.76756;0.00647828;-0.00984966;0.000172027;0.0064801;-0.00985147;1.00911;0.00457858;-0.00158307;0.992639;0.0231079;0.985519;1;3;1
491.531;1181.06;2.44245;2.80984;0.0066463;-0.00923694;7.2939e-05;0.00664663;-0.00923728;1.00894;0.0028756;-0.00256835;0.991416;0.0214758;0.987157;1;2;1
514.531;1181.06;2.59899;2.91453;0.00500542;-0.00891695;-9.52318e-05;0.00500607;-0.0089176;0.998145;0.00716124;-0.00361873;0.994865;0.0214176;0.988059;1;3;1
537.531;1181.06;2.67188;2.95972;0.00433288;-0.00933748;3.98045e-05;0.00433299;-0.0093376;1.00489;0.00122035;-0.00352608;0.992049;0.0226273;0.982628;1;3;1
560.531;1181.06;2.79762;3.06524;0.00852497;-0.00792185;0.00154386;0.00866863;-0.00806551;1.0133;0.00440292;-0.00670916;0.987255;0.0208964;0.984758;1;3;1
583.531;1181.06;3.0617;3.21006;0.00851842;-0.00704377;0.000672806;0.00854745;-0.0070728;1.00326;0.00779634;-0.0080107;0.991318;0.0203581;0.986474;1;3;1
606.531;1181.06;3.18719;3.30656;0.00656095;-0.00917178;0.00121146;0.00665369;-0.00926452;1.00639;0.000376397;-0.00127746;0.993168;0.0227634;0.987555;1;3;1
629.531;1181.06;3.36212;3.4032;0.00666223;-0.0090128;0.000445172;0.00667486;-0.00902543;1.00599;0.00693151;-0.0023335;0.991169;0.0218042;0.984567;1;3;1
652.531;1181.06;3.49212;3.5253;0.00611037;-0.0119104;-0.000581504;0.00612912;-0.0119291;1.00559;0.00683783;-0.010148;0.989535;0.0252561;0.977131;1;3;1
675.531;1181.06;3.64181;3.62419;0.00698618;-0.00903931;0.000194791;0.00698855;-0.00904168;1.0076;0.00174741;-0.00152942;0.98644;0.0266021;0.980304;1;3;1
698.531;1181.06;3.81227;3.62144;0.00758399;-0.0098094;0.000420774;0.00759416;-0.00981958;1.00377;0.000261213;-0.00713649;0.988807;0.023187;0.987132;1;3;1
721.531;1181.06;3.98911;3.77836;0.00678749;-0.00982784;-0.00083683;0.00682953;-0.00986988;1.00167;0.00819551;-0.00321019;0.991532;0.0253129;0.981902;1;3;1
744.531;1181.06;4.12316;3.7819;0.00594608;-0.00852094;-0.000473114;0.00596154;-0.0085364;1.00866;0.00378468;0.000643098;0.993574;0.0212957;0.986872;1;3;1
767.531;1181.06;4.26167;3.89309;0.00539186;-0.00819986;0.000121929;0.00539295;-0.00820096;1.00409;0.00378096;-0.0038784;0.994676;0.0207632;0.989663;1;3;1
790.531;1181.06;4.37024;3.94447;0.00744615;-0.00685645;-0.00108059;0.00752733;-0.00693763;1.00878;0.00689354;0.00137732;0.997642;0.0200607;0.985866;1;3;1
813.531;1181.06;4.6027;4.03992;0.00924344;-0.0077422;-0.000553403;0.00926145;-0.00776021;1.01302;0.00905075;-0.00660303;0.994701;0.0309355;0.969238;1;4;1
836.531;1181.06;4.79311;4.13201;0.00789325;-0.00713547;-0.00124653;0.00799594;-0.00723816;1.00783;0.00578817;-0.00545422;0.989402;0.0283234;0.967211;1;3;1
859.531;1181.06;4.96422;4.15638;0.00604353;-0.0113908;-0.000409526;0.00605314;-0.0114004;1.01179;0.00145248;0.00500604;0.988455;0.0316586;0.968472;1;3;1
882.531;1181.06;5.07001;4.28931;0.00671438;-0.00932258;0.000164937;0.00671608;-0.00932428;0.998885;0.016567;-0.0116289;0.990317;0.0271914;0.97985;1;3;1
905.531;1181.06;5.27152;4.37756;0.00888824;-0.00946636;-0.000650224;0.00891125;-0.00948936;1.01352;0.00648187;-0.00133713;0.990152;0.0268993;0.979545;1;3;1
928.531;1181.06;5.47695;4.39531;0.00665641;-0.00775708;1.79088e-05;0.00665643;-0.0077571;1.00256;0.0101715;-0.00176432;0.991976;0.0219657;0.984137;1;3;1
951.531;1181.06;5.57645;4.53085;0.00644358;-0.00816374;0.000829587;0.00649054;-0.0082107;1.01255;0.00439649;-0.00457996;0.989891;0.0212245;0.984419;1;3;1
974.531;1181.06;5.77189;4.61362;0.00927538;-0.0068095;0.000834588;0.00931857;-0.00685269;1.0033;0.00409737;-0.00181195;0.993298;0.0200511;0.990472;1;3;1
997.531;1181.06;6.00091;4.68229;0.010031;-0.00971906;-0.000947144;0.0100763;-0.00976437;1.00965;0.00703381;-0.00239389;0.988346;0.0231319;0.97957;1;3;1
1020.53;1181.06;6.23042;4.85098;0.00663617;-0.00891548;-0.000289305;0.00664155;-0.00892086;1.01452;0.000829919;-0.0099814;0.990855;0.027508;0.977684;1;4;1
1043.53;1181.06;6.30507;4.77894;0.00392688;-0.00803067;-0.00122383;0.00405085;-0.00815464;0.99805;0.00541865;-0.00566259;0.993298;0.0242747;0.984396;1;4;1
1066.53;1181.06;6.4106;4.94497;0.00842964;-0.00904942;-0.000191555;0.00843174;-0.00905152;1.01304;0.000487241;-0.000575701;0.992893;0.0265022;0.972916;1;4;1
1089.53;1181.06;6.69075;4.98566;0.0104244;-0.00772355;-0.00158226;0.0105613;-0.00786047;1.01179;0.00595368;-0.00468825;0.994838;0.025048;0.978176;1;3;1
1112.53;1181.06;6.88754;5.04504;0.00812286;-0.00756814;-0.00119621;0.00821353;-0.00765881;1.00638;0.00388835;-0.0024169;0.989635;0.022219;0.984154;1;3;1
1135.53;1181.06;7.06265;5.13556;0.00489188;-0.0076641;0.000577039;0.00491835;-0.00769056;1.00816;0.00733372;-0.00430905;0.990854;0.0255524;0.980192;1;3;1
1158.53;1181.06;7.11166;5.22776;0.0052284;-0.00780988;0.000192384;0.00523124;-0.00781272;1.00683;0.00151012;-0.00241696;0.996628;0.0241204;0.979939;1;4;1
1181.53;1181.06;7.30231;5.28094;0.00821195;-0.00783793;-7.39186e-05;0.00821229;-0.00783827;1.00367;0.000557116;-0.00704754;0.994053;0.0233061;0.983824;1;3;1
1204.53;1181.06;7.48762;5.38159;0.00770817;-0.00878905;-0.000153773;0.00770961;-0.00879049;1.00723;0.00188244;-0.00355644;0.989384;0.0207826;0.988242;1;3;1
1227.53;1181.06;7.65539;5.39506;0.0072414;-0.00843017;-0.000812147;0.00728337;-0.00847215;1.00486;0.00417733;-0.00373949;0.997562;0.022479;0.986362;1;3;1
1250.53;1181.06;7.81937;5.4998;0.00644851;-0.00694619;-0.000736999;0.00648894;-0.00698662;1.00553;0.00561477;-0.00315812;0.997326;0.0237554;0.988913;1;2;1
1273.53;1181.06;7.95099;5.479;0.00573933;-0.00944301;-0.00254897;0.00615585;-0.00985953;0.998236;-0.00484159;0.00305405;0.993113;0.0241938;0.989498;1;4;1
31.5305;1158.06;-0.133824;1.09247;0.00425644;-0.00843613;0.00077494;0.00430358;-0.00848327;1.00493;0.00683006;-0.00526303;0.993028;0.0239162;0.985532;1;3;1
54.5305;1158.06;-0.0365751;1.23536;0.00503375;-0.0111128;0.000394147;0.00504337;-0.0111224;1.002;0.00646358;-0.00546043;0.984897;0.023407;0.990202;1;4;1
77.5306;1158.06;0.0965788;1.32208;0.00642332;-0.00929408;0.000697352;0.0064542;-0.00932496;1.01473;0.00267312;-0.00246692;0.991743;0.0256141;0.989021;1;3;1
100.531;1158.06;0.257831;1.34231;0.00651401;-0.00853861;-5.90277e-05;0.00651424;-0.00853884;0.993924;-0.000187888;-0.00945428;0.98975;0.023847;0.98769;1;3;1
123.531;1158.06;0.394879;1.50841;0.00486633;-0.00855329;0.00230726;0.00525194;-0.0089389;1.004;0.00197139;-0.00207474;0.98935;0.0232917;0.991558;1;3;1
146.531;1158.06;0.480343;1.61374;0.00282979;-0.0100178;0.00107273;0.00291875;-0.0101067;1.00142;-0.000411148;-0.0066502;0.990302;0.0213363;0.987926;1;3;1
169.531;1158.06;0.523964;1.7968;0.00506866;-0.0107486;0.000839489;0.00511309;-0.010793;1.0072;0.00388519;-0.00491654;0.990572;0.0230176;0.986818;1;3;1
192.531;1158.06;0.712492;1.81132;0.00678606;-0.0094147;-5.51834e-05;0.00678625;-0.00941489;1.00933;-0.000330423;-0.00280197;0.986913;0.0248451;0.98088;1;3;1
215.531;1158.06;0.83497;1.89314;0.0066645;-0.0106084;0.00112456;0.00673741;-0.0106813;1.00135;0.00554403;-0.00383906;0.989038;0.0219942;0.987824;1;3;1
238.531;1158.06;1.01758;2.0185;0.00647613;-0.010327;0.00167649;0.00664176;-0.0104926;1.01297;0.00859676;-0.00358339;0.988631;0.0235958;0.98977;1;3;1
261.531;1158.06;1.1313;2.13232;0.00530824;-0.00932381;0.00192599;0.00555751;-0.00957308;1.00212;-0.00171429;-0.00603826;0.99003;0.0241861;0.986337;1;3;1
284.531;1158.06;1.26064;2.22715;0.00557218;-0.0090435;0.00144911;0.00571447;-0.00918579;1.01028;0.00781286;-0.00567227;0.990844;0.0204108;0.988498;1;3;1
307.531;1158.06;1.38635;2.35972;0.00503352;-0.00886687;0.000445946;0.00504781;-0.00888116;0.998293;0.00535624;-0.00385284;0.99308;0.0221728;0.986226;1;4;1
330.531;1158.06;1.49108;2.447;0.00544028;-0.00700596;-8.8567e-05;0.00544091;-0.00700659;1.00668;0.00798883;-0.00533116;0.994467;0.0204898;0.991442;1;2;1
353.531;1158.06;1.63569;2.50527;0.00529978;-0.00777599;-0.000528981;0.00532114;-0.00779736;1.00265;0.0038942;-0.00463182;0.98959;0.0201047;0.98987;1;3;1
376.531;1158.06;1.73401;2.58899;0.00526879;-0.00696103;0.00081188;0.00532245;-0.00701469;1.00619;0.00324489;-0.000994883;0.991014;0.0208948;0.990693;1;3;1
399.531;1158.06;1.87705;2.68981;0.00753112;-0.00846389;-0.000194292;0.00753348;-0.00846625;1.00253;0.00549936;-0.00484781;0.989728;0.0203416;0.989875;1;3;1
422.531;1158.06;2.07889;2.74353;0.00712917;-0.00829136;0.000625737;0.00715452;-0.00831671;1.00758;0.00651626;-0.00479205;0.993096;0.0205338;0.987608;1;3;1
445.531;1158.06;2.20352;2.85956;0.00542623;-0.0077644;0.000958907;0.00549558;-0.00783374;1.00611;0.00132088;-0.00246274;0.988677;0.0194565;0.99007;1;3;1
468.531;1158.06;2.32738;2.94515;0.0062437;-0.00770049;0.00108003;0.00632685;-0.00778365;1.00411;-0.00286941;-0.00382308;0.990686;0.0220662;0.984316;1;4;1
491.531;1158.06;2.48946;3.0481;0.00629843;-0.00920597;0.000515172;0.00631553;-0.00922307;1.00743;0.00159795;-0.00180205;0.990087;0.0196491;0.989145;1;3;1
514.531;1158.06;2.61584;3.12829;0.00672875;-0.00928729;-8.56467e-05;0.0067292;-0.00928775;1.00256;-0.00130552;-0.000566299;0.988837;0.0194663;0.990286;1;3;1
537.531;1158.06;2.79774;3.18671;0.00589979;-0.0092928;-0.00104182;0.0059709;-0.00936391;1.00908;0.00960521;-0.00625624;0.990125;0.0243965;0.9814;1;4;1
560.531;1158.06;2.88626;3.25772;0.00675422;-0.00850016;-0.00113391;0.00683805;-0.00858399;1.0043;0.0031694;0.00179171;0.994908;0.0260113;0.982091;1;3;1
583.531;1158.06;3.10717;3.32934;0.00647045;-0.00828473;0.00131092;0.00658601;-0.00840029;1.00709;0.0034737;-0.0106824;0.993912;0.0264642;0.973745;1;3;1
606.531;1158.06;3.18233;3.4959;0.00578945;-0.00726281;0.00107474;0.00587735;-0.00735071;1.00887;-0.0043749;-0.000903083;0.988523;0.0216704;0.984492;1;4;1
629.531;1158.06;3.37205;3.57922;0.00960265;-0.0071405;0.000994002;0.00966146;-0.00719931;1.00834;-0.00373074;-0.00298552;0.990372;0.0228129;0.985143;1;3;1
652.531;1158.06;3.62168;3.65306;0.00731581;-0.00780628;0.000293723;0.00732151;-0.00781198;1.0066;0.00634373;-0.00628241;0.990029;0.0211489;0.990016;1;4;1
675.531;1158.06;3.70709;3.73614;0.00613697;-0.0065828;0.00129224;0.00626693;-0.00671276;1.00477;0.00227955;-0.00331928;1.00054;0.0251908;0.982226;1;3;1
698.531;1158.06;3.90276;3.8377;0.00973474;-0.00904261;0.00147714;0.00985023;-0.0091581;1.00997;0.00537136;-0.00526029;0.996227;0.0261343;0.988993;1;3;1
721.531;1158.06;4.15228;3.93969;0.00591177;-0.00800411;-0.000441434;0.00592576;-0.0080181;1.00122;0.00336821;-0.00630724;0.996427;0.0213993;0.986732;1;3;1
744.531;1158.06;4.17359;4.00534;0.00480329;-0.00823272;0.000108182;0.00480418;-0.00823362;1.00639;0.000576196;0.00380993;0.986351;0.0206408;0.985976;1;4;1
767.531;1158.06;4.37251;4.07325;0.00836974;-0.00811032;-0.00051789;0.008386;-0.00812658;1.01226;0.00453385;-0.00356996;0.991105;0.0195997;0.989247;1;3;1
790.531;1158.06;4.55689;4.10977;0.00835204;-0.00852251;-0.00116406;0.00843196;-0.00860243;1.00793;0.00928447;-0.00299413;0.990877;0.021839;0.982871;1;3;1
813.531;1158.06;4.75495;4.19439;0.00877952;-0.00886585;0.000223412;0.00878235;-0.00886868;1.00251;0.00933739;-0.00157058;0.991304;0.0251624;0.983712;1;3;1
836.531;1158.06;4.95872;4.26814;0.0074107;-0.00767472;-3.84382e-05;0.0074108;-0.00767481;1.00702;-0.000933106;-0.00732555;0.986645;0.0314065;0.955292;1;4;1
859.531;1158.06;5.09399;4.43045;0.00488575;-0.00893222;0.000941038;0.00494954;-0.00899601;1.00635;0.00536537;-0.00230762;0.995955;0.024298;0.97738;1;3;1
882.531;1158.06;5.18236;4.49518;0.00539744;-0.00684164;0.000164731;0.00539966;-0.00684386;1.00595;0.00368353;-0.00710987;0.999197;0.027827;0.976087;1;3;1
905.531;1158.06;5.34132;4.59357;0.00727677;-0.00675009;-0.00110297;0.00736297;-0.00683629;1.00534;0.00318833;0.00324529;0.997852;0.0222838;0.983187;1;3;1
928.531;1158.06;5.51577;4.59382;0.00664097;-0.0100924;-0.000166541;0.00664262;-0.0100941;1.00757;-0.000556694;-0.00171328;0.987124;0.0234291;0.983744;1;3;1
951.531;1158.06;5.64564;4.7154;0.00584034;-0.00817794;-0.000239994;0.00584445;-0.00818205;1.00604;0.00331811;-0.00417947;0.993473;0.0248844;0.984324;1;4;1
974.531;1158.06;5.7834;4.74659;0.0111681;-0.00857859;0.000636187;0.0111885;-0.00859906;1.01332;0.00342823;-0.00581015;0.987626;0.0242621;0.982738;1;3;1
997.531;1158.06;6.15603;4.93028;0.00879647;-0.0094496;0.000611314;0.00881693;-0.00947006;1.0105;0.00659732;-0.00769679;0.988751;0.0290399;0.978178;1;3;1
1020.53;1158.06;6.18557;5.00095;0.00601031;-0.00594453;0.000335539;0.00601972;-0.00595394;1.00647;-0.00160534;-0.000334068;0.993434;0.0254417;0.973771;1;4;1
1043.53;1158.06;6.43157;5.03025;0.00785971;-0.00917748;-0.000305905;0.0078652;-0.00918297;1.00952;0.00848913;-0.00454982;0.9874;0.0202893;0.988977;1;3;1
1066.53;1158.06;6.54548;5.14867;0.00629787;-0.00775034;-0.000921215;0.00635803;-0.00781049;1.00369;0.00792796;0.000491176;0.992463;0.0209168;0.985491;1;3;1
1089.53;1158.06;6.72014;5.17572;0.00977928;-0.00838199;-0.000353075;0.00978614;-0.00838885;1.01373;0.00464183;-0.00349402;0.994154;0.0214557;0.987425;1;3;1
1112.53;1158.06;6.9931;5.21534;0.00639609;-0.00678334;-3.80242e-05;0.00639619;-0.00678344;1.004;-0.000716852;0.0016474;0.997196;0.0267949;0.980247;1;3;1
1135.53;1158.06;7.0133;5.28288;0.00316768;-0.00594303;0.00114363;0.00330904;-0.00608439;0.999127;0.0023725;-0.0102509;0.992416;0.0237544;0.98141;1;3;1
1158.53;1158.06;7.13821;5.40067;0.0072326;-0.0082304;-0.000360655;0.00724101;-0.0082388;1.01032;0.00853437;-0.00355613;0.991032;0.0256242;0.978688;1;4;1
1181.53;1158.06;7.34436;5.48697;0.00882183;-0.0087572;-0.000258425;0.00882562;-0.008761;1.0134;0.00445498;-0.00468112;0.98976;0.0251175;0.981755;1;3;1
1204.53;1158.06;7.54192;5.57332;0.00886394;-0.00830124;-0.000165605;0.00886554;-0.00830284;1.00781;0.00664733;-2.79897e-05;0.99251;0.0242527;0.982545;1;3;1
1227.53;1158.06;7.75008;5.63275;0.00661074;-0.00851136;-0.000755216;0.00664836;-0.00854898;1.00346;-0.00399086;-0.00156341;0.988392;0.0206868;0.988728;1;3;1
1250.53;1158.06;7.84492;5.66416;0.00855853;-0.00810671;0.000234386;0.00856183;-0.00811;1.00648;0.00124536;-0.00322193;0.99079;0.0200606;0.990654;1;3;1
1273.53;1158.06;8.14188;5.776;0.0130063;-0.0103065;0.000369664;0.0130121;-0.0103124;1.01563;0.0143826;-0.00391996;0.990161;0.0261646;0.986634;1;3;1
31.5305;1135.06;-0.0395922;1.32063;0.00395783;-0.00858877;0.00234452;0.00438163;-0.00901257;1.00338;0.00438527;-0.00474126;0.990351;0.0228274;0.988981;1;4;1
54.5305;1135.06;0.0506398;1.48967;0.003046;-0.00829394;0.000797338;0.00310179;-0.00834973;1.00122;-0.00134555;-0.00520459;1.00189;0.0256377;0.984183;1;4;1
77.5306;1135.06;0.099837;1.52977;0.00580835;-0.00897695;-0.000115966;0.00580926;-0.00897786;1.01036;0.00210026;-0.000808312;0.99174;0.0228957;0.990981;1;2;1
100.531;1135.06;0.316909;1.6049;0.005564;-0.010413;0.00167446;0.00573761;-0.0105866;1.00337;0.00598058;-0.00703161;0.994524;0.0222416;0.991014;1;3;1
123.531;1135.06;0.354653;1.72684;0.00570804;-0.00956132;0.0021012;0.00599191;-0.00984518;1.00949;0.00266315;-0.00246182;0.99382;0.0227029;0.989415;1;3;1
146.531;1135.06;0.578075;1.85184;0.00574753;-0.00834352;0.00165045;0.00593826;-0.00853425;1.00176;0.00694547;-0.00732122;0.993678;0.0233954;0.987663;1;3;1
169.531;1135.06;0.61755;1.98756;0.00426246;-0.00749959;0.000464446;0.00428078;-0.0075179;1.0025;-0.00263582;-0.00191304;0.991975;0.0231383;0.984053;1;4;1
192.531;1135.06;0.773325;2.04572;0.00658564;-0.0101128;0.000330079;0.00659216;-0.0101193;1.00919;0.0076472;-0.00285253;0.988946;0.020303;0.992464;1;3;1
215.531;1135.06;0.91922;2.14798;0.00511231;-0.0100336;0.00139121;0.00523904;-0.0101603;1.00395;0.00469182;-0.00670939;0.989431;0.020449;0.989504;1;3;1
238.531;1135.06;1.00725;2.28927;0.00362862;-0.00833005;0.0017123;0.00386896;-0.0085704;0.999445;-0.00124732;-0.00313515;0.99165;0.0262102;0.980127;1;3;1
261.531;1135.06;1.08538;2.35381;0.00466382;-0.00764895;0.000770633;0.00471187;-0.00769699;1.00759;0.00302841;-0.00596694;0.991178;0.0220508;0.987544;1;4;1
284.531;1135.06;1.22111;2.4188;0.00850945;-0.00929368;0.00027442;0.00851368;-0.00929791;1.00751;-0.00383087;-0.00502704;0.993089;0.0246218;0.980137;1;3;1
307.531;1135.06;1.47494;2.49701;0.00770476;-0.00647295;0.000257031;0.00770942;-0.00647761;1.00433;0.000605218;0.00224939;0.993293;0.0224461;0.985847;1;3;1
330.531;1135.06;1.57392;2.57224;0.00521974;-0.00714192;0.000395691;0.00523239;-0.00715457;1.00753;-0.00115603;-0.00629402;0.990964;0.021299;0.992853;1;3;1
353.531;1135.06;1.71397;2.70086;0.00542751;-0.00835958;0.000816791;0.00547573;-0.0084078;1.00845;0.001678;-0.00485242;0.988471;0.0221727;0.983823;1;3;1
376.531;1135.06;1.82258;2.74741;0.00648795;-0.0081482;4.07992e-05;0.00648806;-0.00814831;1.00436;0.00463573;-0.00196467;0.993551;0.0203748;0.986855;1;3;1
399.531;1135.06;2.01116;2.86644;0.00697059;-0.00881925;-2.4217e-05;0.00697062;-0.00881929;1.00804;0.00389927;-0.00560101;0.99235;0.0196737;0.991783;1;3;1
422.531;1135.06;2.14163;2.95851;0.00536125;-0.0101488;-0.00015281;0.00536276;-0.0101503;1.00304;0.00501605;-0.00328041;0.989691;0.0223898;0.986865;1;3;1
445.531;1135.06;2.25687;3.02037;0.00523828;-0.00788836;0.000630324;0.00526848;-0.00791856;1.00729;-0.00228769;-0.00820598;0.995345;0.0202638;0.986411;1;4;1
468.531;1135.06;2.38167;3.12324;0.00696537;-0.00894809;0.000825877;0.00700811;-0.00899083;1.00117;0.00862017;-0.00093895;0.993166;0.0241769;0.982565;1;4;1
491.531;1135.06;2.57566;3.23548;0.00790211;-0.00856447;0.00058319;0.00792274;-0.0085851;1.00596;0.00566204;-0.00760928;0.993184;0.0248856;0.983738;1;4;1
514.531;1135.06;2.74322;3.34398;0.00696404;-0.00951061;-0.000925902;0.00701591;-0.00956249;1.00827;0.00409155;0.00200394;0.991088;0.0223208;0.986031;1;3;1
537.531;1135.06;2.89465;3.38974;0.006513;-0.00986577;-0.000757338;0.00654794;-0.00990072;1.00442;0.00233692;-0.00514857;0.99019;0.0217697;0.986515;1;3;1
560.531;1135.06;3.04171;3.45857;0.00615693;-0.00984614;-0.000842934;0.0062012;-0.00989041;1.00797;0.00648039;-0.00413187;0.988271;0.0205764;0.987047;1;4;1
583.531;1135.06;3.17655;3.59289;0.00641546;-0.0105623;0.000468094;0.00642836;-0.0105752;1.00362;-0.00283504;-0.000629025;0.992124;0.0201487;0.990212;1;3;1
606.531;1135.06;3.33551;3.64212;0.00544413;-0.00857956;-0.00125122;0.00555489;-0.00869032;1.00759;0.010856;-0.0046541;0.997256;0.0187925;0.989139;1;4;1
629.531;1135.06;3.42609;3.73288;0.00621466;-0.00724813;0.000276061;0.00622032;-0.00725379;1.002;0.0066607;-0.00606999;0.993975;0.0231545;0.986485;1;3;1
652.531;1135.06;3.61986;3.88598;0.00611142;-0.00756276;0.0014211;0.00625755;-0.00770889;1.00934;-0.00160498;-0.00475691;0.991167;0.023105;0.985066;1;4;1
675.531;1135.06;3.70595;3.92805;0.00562087;-0.00761215;-0.000326144;0.0056289;-0.00762018;1.0032;0.00948255;-0.00166964;0.987896;0.0238398;0.977814;1;4;1
698.531;1135.06;3.87745;4.03935;0.0106949;-0.00723079;0.00140701;0.0108046;-0.00734056;1.00993;0.00548298;-0.00549814;0.986086;0.0268566;0.982314;1;4;1
721.531;1135.06;4.19479;4.1485;0.00802759;-0.00841075;0.00115398;0.00810821;-0.00849136;1.01204;0.00372327;-0.00750619;0.990278;0.0238498;0.983939;1;3;1
744.531;1135.06;4.24508;4.16234;0.00472894;-0.00751938;-0.000657716;0.00476416;-0.00755459;0.997038;0.00275101;0.000887974;0.999403;0.0218589;0.985989;1;4;1
767.531;1135.06;4.41165;4.26793;0.00765542;-0.00773383;0.00119779;0.00774809;-0.0078265;1.01149;-0.00064538;-0.00605366;0.989949;0.0240879;0.979916;1;4;1
790.531;1135.06;4.59556;4.33874;0.00712569;-0.0102765;0.000639989;0.0071492;-0.0103;1.0082;-0.00159134;-0.000707418;0.990972;0.0244733;0.979859;1;3;1
813.531;1135.06;4.73792;4.44977;0.00947558;-0.00992287;0.000846332;0.00951244;-0.00995973;1.01296;-0.00396238;0.000887897;0.983178;0.0261126;0.977423;1;3;1
836.531;1135.06;5.02915;4.48702;0.0079491;-0.00930852;0.000872898;0.00799314;-0.00935256;1.00603;0.00382088;-0.0092964;0.9951;0.0227091;0.986097;1;4;1
859.531;1135.06;5.10198;4.56933;0.00407495;-0.00747506;0.000319859;0.0040838;-0.00748391;1.00112;-0.0045787;0.0016916;0.98887;0.0242599;0.979425;1;4;1
882.531;1135.06;5.21607;4.60534;0.00802554;-0.00744547;-0.000689504;0.00805621;-0.00747614;1.00839;0.0067015;-0.00726949;0.989982;0.0223452;0.979262;1;4;1
905.531;1135.06;5.46953;4.68955;0.00865924;-0.0080611;0.00033121;0.0086658;-0.00806766;1.00821;0.0033134;-0.00162561;0.994079;0.025733;0.975451;1;3;1
928.531;1135.06;5.61197;4.86213;0.00610613;-0.00912612;0.000144061;0.00610749;-0.00912749;1.01601;0.00909381;-0.00779228;0.993547;0.0264358;0.978587;1;3;1
951.531;1135.06;5.74904;4.90891;0.00682637;-0.0092548;-0.00130732;0.00693195;-0.00936039;1.00351;0.00506549;-0.000671022;0.988201;0.0241047;0.978212;1;3;1
974.531;1135.06;5.92468;5.0102;0.00975023;-0.0108362;-0.000407214;0.00975829;-0.0108443;1.00908;0.00742726;-0.00397264;0.990471;0.0216018;0.988846;1;3;1
997.531;1135.06;6.19491;5.11946;0.00816292;-0.00714985;0.000812159;0.00820587;-0.00719281;1.01193;0.00146758;-0.00333907;0.990398;0.0229583;0.985364;1;4;1
1020.53;1135.06;6.29852;5.1253;0.00617952;-0.0076386;-0.00111822;0.00626943;-0.0077285;1.00632;0.00737261;0.000623733;0.987126;0.0263264;0.982545;1;4;1
1043.53;1135.06;6.47822;5.20339;0.0074206;-0.0083222;0.000440358;0.00743291;-0.00833451;1.00488;0.00133942;-0.00354063;0.995579;0.0245083;0.979778;1;3;1
1066.53;1135.06;6.63826;5.30344;0.00677232;-0.00714005;0.000392429;0.00678338;-0.00715111;1.00756;0.00256699;-0.00541248;0.994899;0.0229341;0.980409;1;2;1
1089.53;1135.06;6.78839;5.37297;0.00782493;-0.00843189;-0.00122739;0.00791708;-0.00852404;1.01013;0.00491597;0.00150269;0.990273;0.0233237;0.979394;1;3;1
1112.53;1135.06;6.99678;5.35827;0.0077044;-0.00828555;-0.000209831;0.00770716;-0.0082883;1.00533;0.00348192;-0.00338681;0.993267;0.02538;0.98118;1;3;1
1135.53;1135.06;7.14142;5.40983;0.00762567;-0.0076881;0.000523786;0.00764356;-0.007706;1.0081;0.00977583;-0.00971767;0.991732;0.0224042;0.979712;1;3;1
1158.53;1135.06;7.34556;5.60853;0.00774539;-0.00773239;-2.11249e-05;0.00774542;-0.00773242;1.01289;0.00517414;-0.000677328;0.991374;0.0232502;0.98045;1;3;1
1181.53;1135.06;7.49552;5.68596;0.00655902;-0.00730582;-0.00099469;0.00663002;-0.00737682;1.00772;0.00469725;-0.00283254;0.991209;0.0260948;0.98356;1;3;1
1204.53;1135.06;7.64602;5.76532;0.00694741;-0.00722342;-0.00111276;0.00703425;-0.00731027;1.00546;-0.000287061;-0.00209469;0.991088;0.0243346;0.982787;1;3;1
1227.53;1135.06;7.81388;5.78854;0.0063894;-0.00684981;-0.000979876;0.00646153;-0.00692194;1.01195;0.00777702;-0.00285217;0.995908;0.0221521;0.988971;1;3;1
1250.53;1135.06;7.93888;5.87439;0.00703317;-0.00896301;-0.00038622;0.00704249;-0.00897233;1.00431;0.0108453;-0.00287994;0.992568;0.0218863;0.984733;1;3;1
1273.53;1135.06;8.13597;5.95594;0.00861254;-0.00673444;0.000467931;0.00862679;-0.00674869;1.00602;-0.000448144;0.0014329;0.991388;0.0267571;0.984161;1;3;1
31.5305;1112.06;-0.0148292;1.48942;0.0048921;-0.00872201;0.00294116;0.00550033;-0.00933024;1.00201;-0.00524505;-0.00238626;0.994619;0.0251124;0.984962;1;3;1
54.5305;1112.06;0.0970538;1.61867;0.00514812;-0.00746213;0.0021994;0.00552072;-0.00783472;1.00378;-0.0019859;-0.0102328;0.988855;0.0268886;0.982707;1;3;1
77.5306;1112.06;0.220715;1.73706;0.00440031;-0.00894685;0.00106232;0.00448433;-0.00903087;1.00816;-0.00114996;-0.00029421;0.985066;0.0274888;0.983745;1;3;1
100.531;1112.06;0.298569;1.82384;0.00491687;-0.0110967;0.00189394;0.00513782;-0.0113176;1.00567;-0.00291105;-0.00465831;0.984791;0.024557;0.987713;1;3;1
123.531;1112.06;0.445845;1.95038;0.00628474;-0.00833422;0.000103806;0.00628547;-0.00833496;1.009;0.00210246;-0.00616323;0.990704;0.0206331;0.992769;1;3;1
146.531;1112.06;0.586432;1.99928;0.00495967;-0.00765191;0.00151447;0.00513899;-0.00783123;1.00734;-0.00168146;-0.00429416;0.988903;0.0224283;0.993189;1;3;1
169.531;1112.06;0.673025;2.14332;0.00554767;-0.00835579;0.00105586;0.00562739;-0.00843552;1.00054;0.00677243;-0.00363028;0.989804;0.0205595;0.98801;1;3;1
192.531;1112.06;0.840074;2.27906;0.00599546;-0.00847351;0.000701115;0.00602935;-0.00850741;1.0103;0.00250733;-0.00346379;0.991794;0.0222605;0.991319;1;3;1
215.531;1112.06;0.9475;2.35716;0.00488312;-0.00734847;0.000214248;0.00488687;-0.00735222;1.00372;0.00433727;-0.00792142;0.989275;0.0193224;0.992355;1;3;1
238.531;1112.06;1.06398;2.40332;0.00526036;-0.00765204;-0.00087417;0.00531927;-0.00771096;1.00127;0.00635361;0.00133784;0.99416;0.022771;0.9889;1;4;1
261.531;1112.06;1.18866;2.48557;0.00682726;-0.00978216;-5.66151e-05;0.00682746;-0.00978236;1.00898;0.00814785;-0.0100635;0.991659;0.0203971;0.990879;1;4;1
284.531;1112.06;1.37628;2.65681;0.00710822;-0.00887147;-0.000140189;0.00710945;-0.0088727;1.00653;0.00258548;-0.00314488;0.992335;0.0181152;0.992449;1;3;1
307.531;1112.06;1.51417;2.65863;0.00610751;-0.00858105;0.000363822;0.00611651;-0.00859006;0.999893;0.0026367;0.00107457;0.990325;0.0211949;0.98978;1;3;1
330.531;1112.06;1.65622;2.77701;0.00479721;-0.00893716;0.00110165;0.00488501;-0.00902497;1.0069;0.00572733;-0.00590542;0.98961;0.0208845;0.990794;1;3;1
353.531;1112.06;1.73372;2.89153;0.00517893;-0.00863086;0.00113539;0.00527166;-0.00872358;1.007;0.00294077;-0.00461586;0.996105;0.0252276;0.975646;1;3;1
376.531;1112.06;1.89345;2.96562;0.00772057;-0.00925169;0.00116474;0.00780013;-0.00933124;1.0015;0.00110711;-0.00320665;0.991413;0.0221574;0.986607;1;3;1
399.531;1112.06;2.08705;3.09778;0.00767346;-0.0089741;0.000976435;0.00773054;-0.00903118;1.00985;0.0013573;-0.00491371;0.989573;0.0213157;0.985669;1;3;1
422.531;1112.06;2.24442;3.21307;0.00482748;-0.00922307;-0.000529316;0.0048474;-0.00924298;1.00719;-0.00115444;-0.00648783;0.992309;0.0249818;0.981153;1;3;1
445.531;1112.06;2.30841;3.22399;0.00478176;-0.0100595;-0.000365449;0.00479075;-0.0100685;1.00122;0.00640641;-0.00358175;0.989013;0.0219965;0.982455;1;4;1
468.531;1112.06;2.46363;3.35882;0.00753849;-0.00936765;0.000899445;0.00758621;-0.00941536;1.00662;-0.00266716;-0.00247213;0.992767;0.0198873;0.98833;1;4;1
491.531;1112.06;2.65336;3.44406;0.00849257;-0.0093275;0.00117075;0.00856915;-0.00940408;1.01263;-0.00167739;-0.0122108;0.988739;0.0220027;0.985686;1;3;1
514.531;1112.06;2.85217;3.56849;0.00712871;-0.00798265;0.000769561;0.0071678;-0.00802174;1.00194;0.0019036;0.00116399;0.989161;0.0200176;0.986716;1;3;1
537.531;1112.06;2.97969;3.64316;0.00679044;-0.0088168;0.000694816;0.00682131;-0.00884767;1.00885;0.00101978;-0.00469675;0.988096;0.0213709;0.989758;1;3;1
560.531;1112.06;3.16325;3.71374;0.0057875;-0.00888921;2.35176e-05;0.00578754;-0.00888925;0.998094;0.00559802;-0.0071397;0.990111;0.0200914;0.990926;1;4;1
583.531;1112.06;3.24482;3.818;0.00592954;-0.0094498;-4.49812e-05;0.00592967;-0.00944993;1.00937;0.00902666;-0.000455907;0.98829;0.018989;0.990246;1;3;1
606.531;1112.06;3.43486;3.89297;0.0074774;-0.0105058;-0.000555222;0.00749452;-0.010523;1.00924;0.00432271;-0.0036097;0.986432;0.0188249;0.990179;1;3;1
629.531;1112.06;3.5874;3.91435;0.00543892;-0.00905826;-0.00166699;0.00562813;-0.00924747;1.00489;0.00788262;-0.00277051;0.992206;0.0215178;0.988847;1;3;1
652.531;1112.06;3.68424;4.00232;0.0065691;-0.00733682;0.000148493;0.00657069;-0.0073384;1.00947;0.0145459;-0.00505236;0.995545;0.0258543;0.980912;1;4;1
675.531;1112.06;3.88827;4.088;0.00670245;-0.00860926;-0.000275574;0.00670741;-0.00861422;1.00361;0.00346106;9.70053e-05;0.994107;0.0264525;0.966341;1;4;1
698.531;1112.06;3.99122;4.17162;0.0061118;-0.00707019;0.000209295;0.00611512;-0.00707351;1.00759;0.00500948;-0.00528106;0.989904;0.0255471;0.976947;1;3;1
721.531;1112.06;4.16794;4.32823;0.00787719;-0.00693914;0.000528989;0.00789605;-0.006958;1.00944;-0.00249099;-0.00547754;0.995251;0.0253604;0.981964;1;3;1
744.531;1112.06;4.3518;4.35288;0.00586567;-0.00847801;-0.000554109;0.00588705;-0.00849938;1.00839;0.00211974;-0.00344112;0.989519;0.0220539;0.986064;1;3;1
767.531;1112.06;4.43686;4.43044;0.00710985;-0.00685111;0.00123439;0.00721815;-0.00695941;1.00706;-0.000688969;-0.00394894;0.991912;0.02767;0.978874;1;3;1
790.531;1112.06;4.67712;4.5851;0.0084467;-0.0091799;0.00110043;0.00851514;-0.00924833;1.01162;0.00179113;-0.000813433;0.986837;0.0257128;0.977521;1;3;1
813.531;1112.06;4.82325;4.65318;0.00697125;-0.00795958;-0.000914443;0.00702704;-0.00801538;1.00427;0.00357436;-0.00317668;0.994479;0.0277367;0.97588;1;4;1
836.531;1112.06;4.99654;4.69836;0.00782502;-0.00974544;0.000952821;0.00787654;-0.00979696;1.01344;-0.000968352;0.000143512;0.990848;0.0241489;0.982359;1;3;1
859.531;1112.06;5.18164;4.77569;0.00801754;-0.00908088;-0.00014358;0.00801875;-0.00908209;0.997623;0.00397221;-0.00243863;0.994746;0.024356;0.981365;1;3;1
882.531;1112.06;5.36367;4.83932;0.00834761;-0.00916003;0.000545515;0.00836459;-0.00917701;1.01476;0.000536422;-0.00889812;0.990838;0.0222719;0.984237;1;4;1
905.531;1112.06;5.56365;4.96643;0.00775375;-0.0110972;0.000741375;0.00778287;-0.0111263;1.00473;-0.00342235;-0.00569199;0.983699;0.024842;0.978932;1;3;1
928.531;1112.06;5.71863;5.01601;0.00758265;-0.00761613;-2.70525e-06;0.00758265;-0.00761613;1.01079;0.0023863;-0.00103336;0.992741;0.025501;0.97208;1;3;1
951.531;1112.06;5.9108;5.14388;0.00673344;-0.00854341;-0.000442277;0.00674624;-0.0085562;1.0094;0.00589275;-0.00140116;0.988955;0.0245355;0.98349;1;3;1
974.531;1112.06;6.02675;5.24844;0.00620644;-0.00837524;-0.00119802;0.00630421;-0.00847301;1.00492;0.00360297;-0.000915149;0.991735;0.0225542;0.981891;1;3;1
997.531;1112.06;6.19526;5.26037;0.00750534;-0.0077813;0.000112837;0.00750617;-0.00778213;1.00626;0.000716781;-0.00558774;0.991722;0.0285329;0.977375;1;3;1
1020.53;1112.06;6.37059;5.35405;0.00811338;-0.00906118;-0.000333863;0.00811987;-0.00906766;1.00971;-0.000838967;-0.00184169;0.991328;0.0293129;0.966259;1;3;1
1043.53;1112.06;6.56672;5.41488;0.00668361;-0.00871307;-0.000338523;0.00669105;-0.00872051;1.00868;0.00250471;-0.00403203;0.984724;0.0233702;0.981242;1;3;1
1066.53;1112.06;6.67685;5.47848;0.00697311;-0.00639749;-0.000810032;0.00702201;-0.00644639;1.0053;0.00225079;-0.00344414;0.987442;0.0306931;0.967794;1;4;1
1089.53;1112.06;6.88613;5.56553;0.00811601;-0.00702688;-0.000881803;0.00816718;-0.00707805;1.01212;0.000312718;0.00253153;0.993505;0.0232597;0.984722;1;3;1
1112.53;1112.06;7.04853;5.5981;0.0071089;-0.0101956;-0.00045388;0.0071208;-0.0102075;1.00396;0.00583609;-0.00464534;0.989297;0.0258464;0.982011;1;3;1
1135.53;1112.06;7.21193;5.63834;0.00793934;-0.00965762;-0.000141016;0.00794047;-0.00965875;1.00665;0.00131446;-0.00707027;0.992373;0.0206531;0.988562;1;3;1
1158.53;1112.06;7.41202;5.75857;0.00825887;-0.00803625;0.00092293;0.00831097;-0.00808835;1.01221;0.00218453;-0.00156973;0.990762;0.0267083;0.96578;1;3;1
1181.53;1112.06;7.5899;5.82493;0.00726399;-0.007203;-0.000273394;0.00726916;-0.00720816;1.00373;0.00257412;-0.00689851;0.993513;0.0223846;0.985683;1;3;1
1204.53;1112.06;7.74472;5.90726;0.00780315;-0.0068969;-0.000307077;0.00780957;-0.00690331;1.00755;0.00588037;-0.0044522;0.997246;0.0218499;0.985068;1;3;1
1227.53;1112.06;7.94729;5.94936;0.00655491;-0.00816364;-0.000824179;0.00660091;-0.00820964;1.00946;0.00479409;-0.00108901;0.989042;0.0227111;0.990606;1;3;1
1250.53;1112.06;8.04495;6.07876;0.00682185;-0.00770425;-0.00115123;0.00691253;-0.00779492;1.00444;0.00286471;-0.00259791;0.994247;0.0212347;0.989781;1;3;1
1273.53;1112.06;8.25983;6.08699;0.00938623;-0.00616339;-0.00168105;0.00956589;-0.00634305;1.0112;0.000511012;-0.00522793;0.993761;0.0268387;0.984434;1;3;1
31.5305;1089.06;-0.0538682;1.72361;0.00645514;-0.0109384;0.0013464;0.00655874;-0.011042;1.00631;-0.00236364;-0.00531935;0.988739;0.0249715;0.990076;1;3;1
54.5305;1089.06;0.0938595;1.83424;0.00565422;-0.00920243;0.00126308;0.00576083;-0.00930905;1.00909;0.00500699;-0.000899149;0.990665;0.0243395;0.992997;1;3;1
77.5306;1089.06;0.204973;1.9433;0.00567779;-0.00941242;0.00249671;0.00608015;-0.00981478;1.00413;0.00628229;-0.00783078;0.993098;0.0220691;0.990788;1;3;1
100.531;1089.06;0.353429;2.11822;0.0068358;-0.00933176;-0.000107592;0.00683651;-0.00933248;1.01044;0.00742609;-0.00527647;0.989751;0.0238636;0.992916;1;4;1
123.531;1089.06;0.518044;2.11212;0.00603119;-0.00861258;-0.000444274;0.00604465;-0.00862605;1.00882;0.0017762;-0.00244782;0.996116;0.0245824;0.993868;1;3;1
146.531;1089.06;0.62995;2.20521;0.00609565;-0.00973781;0.000721232;0.00612843;-0.00977059;1.01246;0.00693567;-0.00919417;0.991894;0.0244946;0.981299;1;3;1
169.531;1089.06;0.796854;2.3739;0.00633729;-0.00926784;0.000997307;0.00640077;-0.00933132;1.00123;-0.00136758;-0.00355351;0.992994;0.0225297;0.988168;1;3;1
192.531;1089.06;0.919965;2.4374;0.00491714;-0.0078074;-0.000954924;0.0049884;-0.00787866;1.00801;0.00414393;0.000248323;0.992316;0.0203431;0.989144;1;3;1
215.531;1089.06;1.02235;2.48738;0.00642268;-0.00844433;0.000316043;0.00642939;-0.00845104;1.00569;0.00429198;-0.00684994;0.991938;0.0207416;0.988415;1;3;1
238.531;1089.06;1.21401;2.64309;0.00695006;-0.0103689;0.00095121;0.00700215;-0.010421;1.00536;0.00375223;-0.0055302;0.988396;0.0206254;0.988229;1;3;1
261.531;1089.06;1.33985;2.80672;0.00415193;-0.0107331;0.000360983;0.00416068;-0.0107418;1.0045;-0.000311546;-0.00541677;0.993491;0.0227849;0.989304;1;3;1
284.531;1089.06;1.40423;2.82908;0.00480163;-0.00862941;-0.000498635;0.00482012;-0.0086479;1.00465;0.00279396;0.00138705;0.990687;0.0241413;0.989239;1;3;1
307.531;1089.06;1.56011;2.89352;0.00651672;-0.010588;-0.000146792;0.00651798;-0.0105892;1.00747;0.00492793;-0.00690924;0.986801;0.0239272;0.985242;1;3;1
330.531;1089.06;1.70276;2.98538;0.00515277;-0.00923099;0.000639691;0.00518116;-0.00925939;1.00501;-8.86064e-05;-0.00341562;0.994073;0.0235804;0.988208;1;3;1
353.531;1089.06;1.79607;3.09969;0.00472072;-0.00848081;-0.00031975;0.00472846;-0.00848855;1.01544;0.00365862;-0.00590401;0.986199;0.0246664;0.979829;1;4;1
376.531;1089.06;1.91902;3.17508;0.00806818;-0.00908773;0.00077496;0.00810312;-0.00912267;0.996514;0.00336742;0.00025259;0.987897;0.0223896;0.988737;1;3;1
399.531;1089.06;2.16537;3.28138;0.00864557;-0.00790637;0.00187885;0.00885616;-0.00811696;1.01021;0.00108289;-0.0060144;0.991608;0.021927;0.987565;1;3;1
422.531;1089.06;2.31453;3.38507;0.00586486;-0.00833389;0.000854167;0.00591606;-0.00838509;1.00404;0.00126538;-0.00508641;0.99269;0.017914;0.991203;1;3;1
445.531;1089.06;2.43392;3.4858;0.00439442;-0.00988946;-0.000349586;0.00440297;-0.00989801;1.01096;0.0017336;-0.00149888;0.992048;0.0192909;0.991562;1;3;1
468.531;1089.06;2.51592;3.55638;0.00525854;-0.00912608;-0.000379195;0.00526852;-0.00913607;1.00035;0.0112478;-0.00608681;0.989175;0.019747;0.99103;1;4;1
491.531;1089.06;2.67482;3.66667;0.00771172;-0.0102768;4.20611e-05;0.00771182;-0.0102769;1.00963;0.00614403;-0.00557883;0.991286;0.0230304;0.987899;1;3;1
514.531;1089.06;2.86903;3.71283;0.00653231;-0.00681921;0.00107708;0.00661864;-0.00690554;1.00566;0.00113478;7.94363e-05;0.993878;0.0197176;0.989473;1;3;1
537.531;1089.06;2.97415;3.79718;0.00748596;-0.00826928;0.000692361;0.00751632;-0.00829965;1.00563;0.000953488;0.00259418;0.990727;0.0249575;0.981655;1;4;1
560.531;1089.06;3.21184;3.86963;0.0083736;-0.00733738;0.00180278;0.00857781;-0.00754159;1.00835;-0.00268279;-0.0114888;0.987946;0.0242526;0.978538;1;4;1
583.531;1089.06;3.35715;4.03001;0.00588072;-0.00817613;0.00121168;0.0059844;-0.00827981;1.00642;-0.00132388;-0.00355109;0.992754;0.0176144;0.993569;1;3;1
606.531;1089.06;3.48084;4.12818;0.0071867;-0.00864101;0.000373642;0.00719552;-0.00864983;1.00723;0.00143907;-0.00852237;0.990767;0.0191122;0.99046;1;3;1
629.531;1089.06;3.6864;4.15221;0.00647291;-0.0093941;-0.000616207;0.0064968;-0.009418;1.00617;0.00258196;-0.00347646;0.990263;0.0236208;0.9821;1;3;1
652.531;1089.06;3.77754;4.22499;0.0046146;-0.00885669;-0.000102632;0.00461539;-0.00885747;1.00476;0.000520285;-0.000730586;0.988872;0.0230687;0.988551;1;3;1
675.531;1089.06;3.89786;4.3262;0.00693835;-0.00962187;0.00031534;0.00694435;-0.00962787;1.00466;-0.00266443;-0.00578277;0.987141;0.0237188;0.983716;1;3;1
698.531;1089.06;4.09539;4.36626;0.00933604;-0.00836064;-0.000301927;0.00934119;-0.00836579;1.01018;0.00614245;0.00242468;0.998333;0.0219416;0.984408;1;4;1
721.531;1089.06;4.32511;4.469;0.00657595;-0.00679181;-0.000468623;0.00659236;-0.00680822;1.00825;0.00962759;-0.0124362;0.994051;0.0257185;0.98209;1;3;1
744.531;1089.06;4.39651;4.55424;0.00442115;-0.00822213;-0.000321194;0.0044293;-0.00823028;1.00147;0.0012207;0.00477969;0.992753;0.025734;0.976826;1;4;1
767.531;1089.06;4.52789;4.58432;0.00693621;-0.00764276;0.000366579;0.00694542;-0.00765197;1.00285;0.00524516;-0.00707681;0.995285;0.0255815;0.974357;1;4;1
790.531;1089.06;4.71401;4.76313;0.0088594;-0.00642072;0.00118065;0.00895009;-0.00651141;1.01637;0.00213121;-0.00409989;0.998548;0.0240598;0.977062;1;3;1
813.531;1089.06;4.93304;4.8178;0.00761266;-0.00838302;-5.98976e-07;0.00761266;-0.00838302;1.00296;0.00480628;-0.00218715;0.990862;0.0237683;0.981261;1;3;1
836.531;1089.06;5.06254;4.93753;0.00700112;-0.00902521;6.43101e-05;0.00700138;-0.00902546;1.0127;0.00921422;-0.0025917;0.991495;0.0271605;0.980471;1;3;1
859.531;1089.06;5.25366;4.98921;0.00635216;-0.00880005;-0.000293701;0.00635786;-0.00880574;1.00706;0.00504804;0.000910514;0.98669;0.0258075;0.979734;1;4;1
882.531;1089.06;5.35373;5.02886;0.00702588;-0.00850303;0.00107453;0.00709988;-0.00857703;1.00859;-0.00102331;-0.00817457;0.992579;0.0305882;0.964067;1;3;1
905.531;1089.06;5.57523;5.20301;0.00947137;-0.00974216;0.0012525;0.00955268;-0.00982347;1.00998;0.00509753;-0.00507385;0.992736;0.0248498;0.985481;1;3;1
928.531;1089.06;5.787;5.21415;0.00968216;-0.00955001;-0.000441365;0.00969229;-0.00956013;1.00403;-0.000489816;0.000735476;0.988553;0.021475;0.985857;1;3;1
951.531;1089.06;6.01836;5.3044;0.007909;-0.00701496;0.000714075;0.00794309;-0.00704905;1.00946;0.00222355;-0.00388567;0.994326;0.0209414;0.989136;1;3;1
974.531;1089.06;6.14902;5.39764;0.00589941;-0.00660007;-0.000237337;0.00590391;-0.00660457;1.00577;0.00548461;-0.00668679;0.992311;0.0230118;0.984757;1;3;1
997.531;1089.06;6.28861;5.4789;0.00724496;-0.00810537;-0.000782058;0.0072847;-0.00814511;1.00732;0.00562464;-0.00231331;0.993693;0.0241068;0.980556;1;3;1
1020.53;1089.06;6.48086;5.54438;0.00748982;-0.00803348;-0.000222748;0.00749302;-0.00803668;1.00756;0.005339;-0.00217495;0.990437;0.0232868;0.983286;1;3;1
1043.53;1089.06;6.63169;5.60621;0.00829732;-0.00707549;-0.000859858;0.00834527;-0.00712343;1.00698;0.00247428;-0.00313396;0.995783;0.0255209;0.988454;1;3;1
1066.53;1089.06;6.86093;5.59922;0.00774903;-0.00782899;-0.00152446;0.00789681;-0.00797677;1.01774;0.00430044;0.00431342;0.985241;0.027531;0.971487;1;3;1
1089.53;1089.06;6.98668;5.69778;0.00543723;-0.00972743;2.49257e-07;0.00543723;-0.00972743;0.998049;0.007175;0.000688896;0.989685;0.0257595;0.974865;1;3;1
1112.53;1089.06;7.10979;5.82982;0.00710221;-0.00922602;-0.000343119;0.00710941;-0.00923323;1.013;0.00695362;-0.00657451;0.988925;0.0205011;0.985131;1;3;1
1135.53;1089.06;7.31196;5.85656;0.00731736;-0.00897667;-0.000685706;0.00734616;-0.00900547;1.00326;0.00510324;-0.00464632;0.98587;0.0259287;0.980412;1;3;1
1158.53;1089.06;7.44492;5.9798;0.00775524;-0.00775792;0.000454562;0.00776855;-0.00777123;1.00745;0.00661798;-0.00382758;0.997391;0.0250414;0.978957;1;3;1
1181.53;1089.06;7.66704;6.01882;0.00767838;-0.00789038;-0.000809449;0.00772035;-0.00793235;1.01171;0.00501355;-0.000564766;0.9938;0.0248852;0.976844;1;3;1
1204.53;1089.06;7.79667;6.08392;0.00854481;-0.00682084;-0.000902611;0.00859765;-0.00687368;1.00672;0.00723177;-0.00509841;0.991787;0.0254525;0.975788;1;3;1
1227.53;1089.06;8.0582;6.16627;0.00836697;-0.00762813;-1.47552e-05;0.00836699;-0.00762814;1.00698;0.00060991;0.00137826;0.993979;0.0251012;0.98171;1;3;1
1250.53;1089.06;8.17972;6.23079;0.00538991;-0.00852244;-0.000124088;0.00539102;-0.00852355;1.00176;-0.000655728;-0.00495633;0.991178;0.0206195;0.988441;1;2;1
1273.53;1089.06;8.30542;6.24065;0.00548008;-0.00773193;-0.00201008;0.00577912;-0.00803098;1.00715;0.00226292;0.00324024;0.991769;0.0264662;0.983723;1;3;1
31.5305;1066.06;0.079514;1.99546;0.00516432;-0.00921697;-0.00121421;0.00526611;-0.00931876;1.01006;0.00907324;-0.00390503;0.988418;0.0266737;0.986047;1;3;1
54.5305;1066.06;0.197937;2.04406;0.00420115;-0.00864065;0.000313634;0.00420881;-0.00864831;1.00035;0.00471263;-0.00711158;0.990813;0.0254188;0.985569;1;3;1
77.5306;1066.06;0.272025;2.17211;0.00604101;-0.00914927;0.00046018;0.00605494;-0.00916319;1.00897;0.00518588;-0.00119685;0.989643;0.0209545;0.991478;1;3;1
100.531;1066.06;0.474506;2.25547;0.00655403;-0.00761357;0.000217828;0.00655738;-0.00761692;1.00366;0.0037196;-0.00895707;0.994872;0.0217161;0.988;1;3;1
123.531;1066.06;0.572193;2.34845;0.0066313;-0.00980058;0.000279369;0.00663605;-0.00980533;1.00362;0.00176117;0.0025619;0.986192;0.0219186;0.986952;1;3;1
146.531;1066.06;0.778133;2.44982;0.00520436;-0.010395;0.000783441;0.00524361;-0.0104343;1.00669;-0.00719588;-0.00842417;0.990905;0.019521;0.99279;1;3;1
169.531;1066.06;0.810435;2.57185;0.00570735;-0.00923755;0.00101848;0.00577643;-0.00930663;1.00318;0.00275658;-0.00317574;0.990187;0.0230288;0.990561;1;3;1
192.531;1066.06;1.03954;2.64005;0.00678705;-0.00828286;0.000802967;0.00682972;-0.00832553;1.0066;0.00176401;-0.00220866;0.992139;0.0209342;0.990682;1;3;1
215.531;1066.06;1.12125;2.74759;0.00549371;-0.00907435;0.00122619;0.0055962;-0.00917684;1.00696;0.0054705;-0.00658714;0.990064;0.0191031;0.99203;1;3;1
238.531;1066.06;1.29092;2.88335;0.00475383;-0.00814607;0.00254296;0.00523702;-0.00862927;1.00469;0.00280332;-0.00522232;0.99095;0.0248849;0.987016;1;3;1
261.531;1066.06;1.33882;2.98221;0.00472813;-0.00667518;0.00129448;0.00487323;-0.00682028;1.00655;0.00108812;-0.00348663;0.99121;0.0225244;0.988726;1;3;1
284.531;1066.06;1.50758;3.05568;0.00747796;-0.00819435;0.000457109;0.00749128;-0.00820768;1.01012;0.00665492;-0.000227491;0.994088;0.0202709;0.990787;1;3;1
307.531;1066.06;1.68123;3.14859;0.00640153;-0.0100545;-0.000644604;0.00642674;-0.0100797;1.00819;0.00300792;-0.00665443;0.992145;0.0234978;0.987489;1;3;1
330.531;1066.06;1.80087;3.20384;0.00586869;-0.00853446;-0.000783996;0.00591124;-0.00857701;1.00486;0.00746516;-0.0059847;0.988208;0.0225726;0.989671;1;3;1
353.531;1066.06;1.9502;3.28383;0.00437487;-0.00827488;-0.00103361;0.00445877;-0.00835878;1.00553;0.00978524;-0.000245894;0.994524;0.022486;0.989944;1;3;1
376.531;1066.06;2.00132;3.3857;0.00375411;-0.00794065;-0.000396345;0.00376753;-0.00795407;1.00046;0.00466013;-0.00330923;0.994011;0.0220082;0.988721;1;3;1
399.531;1066.06;2.12222;3.46294;0.00801007;-0.00773567;0.000915678;0.00806314;-0.00778874;1.01198;0.00139928;-0.00862734;0.995231;0.0217415;0.988275;1;3;1
422.531;1066.06;2.36783;3.59821;0.00846141;-0.00753142;0.000768222;0.00849822;-0.00756824;1.00739;0.00496029;-0.00255116;0.989948;0.0230831;0.983331;1;3;1
445.531;1066.06;2.5093;3.68162;0.00674291;-0.00791264;6.42165e-05;0.00674319;-0.00791293;1.00426;0.00410503;-0.00332985;0.990703;0.0224565;0.9889;1;3;1
468.531;1066.06;2.67661;3.78105;0.00642235;-0.00869323;0.000291266;0.00642796;-0.00869884;1.00577;0.00560676;-0.00657523;0.98937;0.022017;0.985398;1;3;1
491.531;1066.06;2.80317;3.91949;0.00448846;-0.00783984;-0.00095756;0.00456239;-0.00791377;1.00005;0.00429998;-0.00208307;0.996229;0.0220364;0.982728;1;4;1
514.531;1066.06;2.8825;3.88326;0.00583781;-0.00806672;-0.000250047;0.00584231;-0.00807122;1.01042;0.00457158;-0.00137173;0.994979;0.0202692;0.985345;1;3;1
537.531;1066.06;3.07081;4.02523;0.00754516;-0.00892943;-0.000280522;0.00754993;-0.00893421;1.00709;0.00575357;-0.00276988;0.995039;0.0190028;0.988107;1;3;1
560.531;1066.06;3.22797;4.05255;0.00694651;-0.00886358;-4.30122e-05;0.00694663;-0.0088637;1.00587;0.00568196;-0.00641165;0.99746;0.02246;0.984393;1;3;1
583.531;1066.06;3.38893;4.19588;0.00640419;-0.00768692;0.00166749;0.00659883;-0.00788155;1.0073;0.00212552;-0.00232784;0.991403;0.0189243;0.992704;1;4;1
606.531;1066.06;3.52101;4.29227;0.00764497;-0.00754556;0.000295409;0.00765071;-0.0075513;1.00598;-0.000366764;-0.00671784;0.9909;0.0221747;0.986966;1;3;1
629.531;1066.06;3.73902;4.34878;0.00751574;-0.00936721;9.28834e-05;0.00751625;-0.00936772;1.01185;-0.00115027;-0.00295452;0.990949;0.0203823;0.986977;1;4;1
652.531;1066.06;3.86529;4.41191;0.00566261;-0.00895972;0.000549581;0.00568324;-0.00898035;1.00073;0.00496698;-0.00437359;0.993609;0.021915;0.987917;1;3;1
675.531;1066.06;3.9984;4.53289;0.00641138;-0.00854725;-9.08219e-05;0.00641193;-0.00854781;1.01315;0.00907368;-0.00113224;0.992101;0.0228225;0.987822;1;3;1
698.531;1066.06;4.15904;4.55814;0.00868948;-0.00974402;-0.000515167;0.00870387;-0.0097584;1.00821;0.00232093;-0.000934015;0.98702;0.0187289;0.989195;1;3;1
721.531;1066.06;4.39626;4.64229;0.00733931;-0.00784956;0.00101483;0.00740681;-0.00791707;1.00768;0.00149164;-0.00353414;0.992975;0.0212689;0.987031;1;3;1
744.531;1066.06;4.49509;4.7329;0.00464508;-0.00692798;-0.00111224;0.00475101;-0.00703391;1.00216;0.0070616;-0.00705664;0.993971;0.022427;0.986184;1;3;1
767.531;1066.06;4.60922;4.78369;0.00664248;-0.00800143;-0.000977178;0.0067074;-0.00806635;1.00626;0.00663255;0.00815772;0.989897;0.0288596;0.969321;1;3;1
790.531;1066.06;4.7994;4.88157;0.00843566;-0.00650292;0.000805358;0.00847895;-0.00654621;1.01408;0.00632134;-0.0130618;0.98905;0.0303797;0.956463;1;3;1
813.531;1066.06;4.99493;5.04075;0.00786869;-0.00866865;0.00157386;0.00801715;-0.0088171;0.998215;-0.00373809;-0.00270103;0.992758;0.0264062;0.974982;1;3;1
836.531;1066.06;5.15935;5.1157;0.00662447;-0.00774228;-3.43624e-05;0.00662456;-0.00774236;1.00916;-0.000601412;-0.00102076;0.994176;0.0256801;0.983275;1;3;1
859.531;1066.06;5.29844;5.18243;0.00691059;-0.0074555;-0.000685868;0.00694326;-0.00748817;1.00347;6.20818e-05;-0.00338171;0.993494;0.0284776;0.966689;1;3;1
882.531;1066.06;5.476;5.23228;0.00727451;-0.00770624;-0.000780629;0.00731508;-0.00774681;1.01212;0.0107121;-0.00728765;0.995107;0.0273221;0.961862;1;4;1
905.531;1066.06;5.63126;5.41682;0.00835758;-0.00636555;-0.00023662;0.00836138;-0.00636935;1.00784;0.0049636;-0.00575389;0.994977;0.0248657;0.976841;1;3;1
928.531;1066.06;5.85831;5.45764;0.00862713;-0.00870457;-0.00127801;0.00872086;-0.0087983;1.00493;0.00559091;0.000152179;0.992583;0.0240471;0.9811;1;3;1
951.531;1066.06;6.02638;5.46786;0.00791334;-0.00756825;0.000624778;0.00793851;-0.00759342;1.0132;0.00093741;0.00247109;0.995319;0.0251056;0.980649;1;4;1
974.531;1066.06;6.22079;5.55347;0.00840717;-0.00882907;0.000383432;0.0084157;-0.00883759;1.00512;0.0020431;-0.00989072;0.990832;0.0208925;0.986165;1;3;1
997.531;1066.06;6.4112;5.63525;0.00645122;-0.00935181;0.00117487;0.00653809;-0.00943868;1.0055;0.00177672;0.00239353;0.988105;0.0225945;0.986268;1;3;1
1020.53;1066.06;6.51628;5.72532;0.00628274;-0.00669049;-0.000360462;0.00629275;-0.0067005;1.00867;0.00219841;-0.00711414;0.99455;0.0234188;0.97714;1;3;1
1043.53;1066.06;6.69918;5.7417;0.00851517;-0.00826275;-0.000445853;0.00852701;-0.00827459;1.0083;0.00523792;0.00154157;0.989001;0.0228296;0.98658;1;3;1
1066.53;1066.06;6.90618;5.84061;0.00905916;-0.00953036;0.00141408;0.00916611;-0.00963731;1.00391;0.00432021;-0.00613191;0.993312;0.0216423;0.98445;1;3;1
1089.53;1066.06;7.11322;6.01576;0.00720558;-0.00841741;-0.000618584;0.00723003;-0.00844187;1.0103;0.00805401;-0.00799525;0.995868;0.0253857;0.987494;1;3;1
1112.53;1066.06;7.23608;6.02486;0.00673761;-0.00772131;-0.00153662;0.00689911;-0.00788281;1.00548;-0.000660371;0.000243621;0.996963;0.0211978;0.98563;1;3;1
1135.53;1066.06;7.4221;6.05362;0.00641805;-0.00811996;-0.00141377;0.00655425;-0.00825616;1.00391;0.00510591;-0.004595;0.995694;0.0191222;0.987492;1;3;1
1158.53;1066.06;7.53028;6.11698;0.00751544;-0.00848053;-0.000748916;0.00755043;-0.00851552;1.00827;-7.525e-05;-0.0013233;0.986918;0.02117;0.987953;1;3;1
1181.53;1066.06;7.76632;6.18968;0.00965714;-0.0081887;-0.00089153;0.00970157;-0.00823313;1.01009;0.00337171;0.000644769;0.988609;0.0219383;0.981298;1;3;1
1204.53;1066.06;7.97227;6.22266;0.0071338;-0.00822993;-0.000399286;0.00714417;-0.0082403;1.00958;0.00273907;-0.00716725;0.990464;0.0212575;0.98277;1;3;1
1227.53;1066.06;8.09318;6.30183;0.00344226;-0.00566952;0.00140221;0.00365316;-0.00588042;1.00269;0.00710762;0.00199158;0.996953;0.0223708;0.978923;1;3;1
1250.53;1066.06;8.12966;6.47255;0.0080813;-0.00651476;1.7906e-05;0.00808132;-0.00651478;1.0035;-0.00132305;-0.0016506;0.992364;0.0241033;0.983466;1;3;1
1273.53;1066.06;8.46321;6.4445;0.014608;-0.00942781;-0.00294492;0.0149635;-0.00978337;1.01379;0.00543857;0.000529196;0.994213;0.0222101;0.989537;1;3;1
31.5305;1043.06;0.153066;2.15004;0.00377231;-0.00865344;0.000418564;0.00378639;-0.00866752;1.0057;0.00104808;-0.00231144;0.995193;0.0239009;0.986173;1;2;1
54.5305;1043.06;0.239515;2.23368;0.00476219;-0.00883781;0.000601523;0.00478874;-0.00886437;1.0073;0.0012885;-0.00504294;0.995817;0.0252713;0.987506;1;3;1
77.5306;1043.06;0.371101;2.36641;0.00585319;-0.00842341;0.000578083;0.00587656;-0.00844678;1.00494;0.00360093;-0.00400827;0.989501;0.0253925;0.983754;1;3;1
100.531;1043.06;0.507374;2.47005;0.00682785;-0.00852093;0.00091201;0.00688185;-0.00857493;1.00717;0.00229065;-0.00483639;0.989229;0.021003;0.986792;1;3;1
123.531;1043.06;0.683689;2.56548;0.00591507;-0.00924067;0.000953458;0.00597481;-0.00930042;1.00608;0.00842152;-0.00490065;0.992238;0.0182019;0.992013;1;3;1
146.531;1043.06;0.778163;2.68613;0.00453175;-0.0102607;0.00162891;0.004709;-0.010438;0.998802;0.00508935;-0.00676063;0.989122;0.0204485;0.992966;1;3;1
169.531;1043.06;0.89108;2.80091;0.00526877;-0.00871633;-0.00022277;0.00527232;-0.00871987;1.00672;0.00419118;-0.00147457;0.990672;0.0234574;0.989236;1;2;1
192.531;1043.06;1.0197;2.82011;0.00564562;-0.00983914;0.000307963;0.00565174;-0.00984527;1.00716;0.00466639;-0.00120855;0.988937;0.0208616;0.991313;1;3;1
215.531;1043.06;1.14993;2.90689;0.00421545;-0.0097108;0.000516196;0.00423456;-0.00972991;1.00018;-0.00347098;-0.00629214;0.992339;0.0222175;0.988476;1;3;1
238.531;1043.06;1.21277;3.01935;0.00527956;-0.00672611;0.000643595;0.00531396;-0.00676051;1.00705;-0.00535913;-0.0058511;0.993765;0.0239043;0.98408;1;3;1
261.531;1043.06;1.39168;3.11484;0.00684678;-0.00737177;0.000529386;0.00686646;-0.00739146;1.00421;0.00790937;-0.00310572;0.992386;0.0253613;0.984183;1;3;1
284.531;1043.06;1.52627;3.20774;0.00815778;-0.00836736;0.00158832;0.00830906;-0.00851864;1.00729;0.00299336;-0.00471419;0.990457;0.0198005;0.990595;1;3;1
307.531;1043.06;1.76478;3.35884;0.00833501;-0.00847292;0.00082239;0.00837516;-0.00851307;1.00578;0.00169067;-0.00317016;0.98926;0.0236577;0.990523;1;3;1
330.531;1043.06;1.90777;3.38012;0.00666784;-0.00854565;0.000450785;0.00668119;-0.008559;1.00769;0.00030511;0.000367134;0.996781;0.0206819;0.990215;1;3;1
353.531;1043.06;2.07032;3.48274;0.00490046;-0.00811979;0.000919027;0.00496501;-0.00818434;1.00483;-0.00440525;-0.00540137;0.994662;0.0259557;0.983484;1;3;1
376.531;1043.06;2.13236;3.54231;0.00481426;-0.00842232;-0.000177425;0.00481664;-0.0084247;1.00713;0.00160183;-0.00491047;0.988985;0.021526;0.990634;1;4;1
399.531;1043.06;2.29098;3.63878;0.00714909;-0.00882357;-0.000700513;0.00717975;-0.00885423;1.00354;0.00742956;-0.00491658;0.992192;0.0215045;0.985899;1;3;1
422.531;1043.06;2.45966;3.73307;0.00693106;-0.00741017;0.000914378;0.00698912;-0.00746824;1.01074;0.00453902;-0.00043729;0.996169;0.0228145;0.987134;1;3;1
445.531;1043.06;2.60822;3.85157;0.00576608;-0.00792299;0.000491235;0.00578369;-0.00794059;1.00865;0.00494637;-0.012132;0.991079;0.020785;0.985687;1;3;1
468.531;1043.06;2.72359;3.9585;0.00557179;-0.00765781;0.000843916;0.00562541;-0.00771143;1.00211;0.00235048;-0.00058383;0.993312;0.0212285;0.983676;1;3;1
491.531;1043.06;2.86348;4.02912;0.00594708;-0.0077143;0.000643602;0.00597733;-0.00774456;1.00413;-0.0016703;-0.0058575;0.988574;0.0219492;0.985707;1;3;1
514.531;1043.06;2.99617;4.08559;0.00661225;-0.0110324;0.000111072;0.00661295;-0.0110331;1.00836;0.00163177;-0.00036898;0.986415;0.0168999;0.991883;1;3;1
537.531;1043.06;3.16629;4.21019;0.00846999;-0.0085132;0.000391887;0.00847903;-0.00852223;1.00898;0.00318105;-0.00462697;0.986305;0.0207645;0.989993;1;3;1
560.531;1043.06;3.38375;4.2795;0.00599873;-0.0095133;0.000987551;0.00606135;-0.00957592;1.00641;0.00220807;-0.0051435;0.987838;0.0215343;0.983131;1;3;1
583.531;1043.06;3.44107;4.38506;0.00481888;-0.00728488;0.000473831;0.0048374;-0.0073034;1.00119;0.00486088;-0.000466357;0.994454;0.0228727;0.982647;1;4;1
606.531;1043.06;3.60447;4.47676;0.00774512;-0.00728642;0.000183497;0.00774736;-0.00728866;1.01052;0.00152291;-0.0108654;0.998237;0.0216938;0.986871;1;4;1
629.531;1043.06;3.79555;4.58527;0.0066416;-0.00995607;-0.000211815;0.0066443;-0.00995877;1.00425;0.00761619;-4.00663e-06;0.989713;0.0239957;0.982432;1;4;1
652.531;1043.06;3.90869;4.63919;0.00555582;-0.0109846;0.000236613;0.00555921;-0.010988;1.00305;0.00262446;-0.0040765;0.98537;0.0229361;0.985329;1;4;1
675.531;1043.06;4.05021;4.72132;0.00744998;-0.00849676;0.000560732;0.00746967;-0.00851645;1.01174;-0.00204739;-0.00343078;0.99084;0.0230631;0.98434;1;3;1
698.531;1043.06;4.24978;4.81695;0.00773546;-0.0108702;-0.000754412;0.007766;-0.0109007;1.00545;0.00429446;-0.00170135;0.988432;0.0203778;0.987529;1;3;1
721.531;1043.06;4.40454;4.83157;0.00847877;-0.00873019;-5.19831e-05;0.00847893;-0.00873034;1.0104;0.00473271;-0.00250898;0.99007;0.0220897;0.985167;1;3;1
744.531;1043.06;4.63813;4.87468;0.00784199;-0.00961136;-0.00096431;0.00789511;-0.00966448;1.00254;0.00554083;-0.0025162;0.99116;0.0270746;0.973873;1;3;1
767.531;1043.06;4.76371;4.95448;0.00558185;-0.00879772;-0.000528998;0.00560129;-0.00881716;1.00811;0.00885581;-0.00356466;0.991692;0.0252907;0.976303;1;3;1
790.531;1043.06;4.89379;5.0636;0.00559602;-0.00922516;0.00103115;0.00566742;-0.00929656;1.0058;0.00422503;-0.000787394;0.994028;0.02783;0.968939;1;3;1
813.531;1043.06;5.01966;5.21838;0.00680838;-0.00879334;0.000295742;0.00681398;-0.00879894;1.01059;0.0087513;-0.0126147;0.990367;0.0256394;0.983949;1;3;1
836.531;1043.06;5.20534;5.29529;0.00899063;-0.00781419;-0.00105459;0.00905655;-0.00788011;1.00955;0.00615494;0.00622046;0.98777;0.0241136;0.980856;1;4;1
859.531;1043.06;5.43124;5.3338;0.00984535;-0.00701217;-0.000903679;0.00989365;-0.00706048;1.0041;0.00788624;-0.00318455;0.99433;0.0219533;0.985491;1;3;1
882.531;1043.06;5.65593;5.38572;0.00846916;-0.00758539;-0.000499984;0.00848471;-0.00760094;1.012;0.00283548;-0.00362656;0.992953;0.0240358;0.975277;1;3;1
905.531;1043.06;5.8189;5.49741;0.00650741;-0.00597444;-0.000492524;0.00652681;-0.00599384;1.00895;0.00806975;-0.00548764;0.991256;0.0253567;0.985336;1;3;1
928.531;1043.06;5.95373;5.61663;0.00516656;-0.00749848;-0.000439914;0.00518182;-0.00751375;1.00425;0.00645176;-0.00118235;0.989333;0.0218174;0.984524;1;3;1
951.531;1043.06;6.05568;5.65388;0.00709513;-0.00875479;0.00138795;0.00721575;-0.00887542;1.00425;0.00267554;-0.0051151;0.986921;0.0231508;0.981412;1;3;1
974.531;1043.06;6.27857;5.80577;0.0064422;-0.00788062;0.00165007;0.00662984;-0.00806826;1.00792;0.00265283;-0.00659051;0.990788;0.0216157;0.981263;1;3;1
997.531;1043.06;6.35036;5.91116;0.00742619;-0.00831485;-0.000701241;0.00745736;-0.00834603;1.0045;0.00299228;-0.000332127;0.992463;0.0226531;0.978014;1;4;1
1020.53;1043.06;6.61889;5.85339;0.00951087;-0.00796873;-0.00115357;0.00958667;-0.00804453;1.01002;0.0104286;-0.000915592;0.992525;0.0238932;0.983838;1;4;1
1043.53;1043.06;6.78574;5.98814;0.00834971;-0.0105731;-8.62623e-06;0.00834971;-0.0105731;1.00777;0.00233399;-0.000840327;0.98778;0.0238059;0.978241;1;3;1
1066.53;1043.06;7.00101;6.03994;0.00958758;-0.00890658;-0.000560637;0.00960456;-0.00892356;1.01157;0.00599322;-0.00257483;0.988747;0.0212883;0.980864;1;3;1
1089.53;1043.06;7.22457;6.08724;0.00625321;-0.00776429;0.000289202;0.00625917;-0.00777025;1.00613;0.00440621;-0.00185229;0.991244;0.0251656;0.984233;1;3;1
1112.53;1043.06;7.28753;6.18673;0.00671039;-0.00755492;0.000700016;0.00674466;-0.00758918;1.00978;-0.00118999;-0.00546419;0.988673;0.0228335;0.985954;1;3;1
1135.53;1043.06;7.53199;6.23214;0.00785782;-0.00920798;0.000101905;0.00785842;-0.00920859;1.00896;0.000752734;-0.00655265;0.989504;0.0209127;0.98862;1;3;1
1158.53;1043.06;7.64721;6.37202;0.00698948;-0.00967338;-0.00105737;0.00705631;-0.00974021;1.00601;0.010215;-0.00313456;0.98873;0.0216903;0.977238;1;3;1
1181.53;1043.06;7.85209;6.39743;0.00646576;-0.00890148;-0.000195777;0.00646826;-0.00890397;1.00051;-0.00100539;-0.00049837;0.990623;0.0229038;0.980001;1;3;1
1204.53;1043.06;7.94359;6.46431;0.00709415;-0.0106001;-0.000455561;0.00710587;-0.0106118;1.00861;0.00256528;-0.00152045;0.988716;0.023842;0.972932;1;3;1
1227.53;1043.06;8.17727;6.42796;0.00818861;-0.00844261;-0.000862904;0.00823326;-0.00848726;1.01264;0.000974247;0.000781263;0.986104;0.0289645;0.96765;1;4;1
1250.53;1043.06;8.31869;6.53167;0.00744264;-0.00641939;-0.000206547;0.00744572;-0.00642247;1.00011;0.000400489;-0.0104283;0.985352;0.0329836;0.971481;1;3;1
1273.53;1043.06;8.51769;6.67689;0.00870989;-0.00902556;0.0015713;0.00884802;-0.0091637;1.01283;0.00326716;-0.00137731;0.990105;0.0279086;0.982018;1;3;1
31.5305;1020.06;0.206352;2.39543;0.00654381;-0.0089777;0.000295603;0.00654944;-0.00898333;1.00299;0.00164054;-0.0039131;0.98868;0.0237746;0.989886;1;3;1
54.5305;1020.06;0.3563;2.45269;0.00536458;-0.00993429;0.000695676;0.00539615;-0.00996586;1.00924;0.00321852;-0.000468345;0.983379;0.0267986;0.987904;1;3;1
77.5306;1020.06;0.452166;2.56159;0.00504127;-0.00819643;0.00105507;0.00512483;-0.00827999;1.00964;-0.00350986;-0.00369945;0.992051;0.0224213;0.992664;1;3;1
100.531;1020.06;0.587199;2.64925;0.00536524;-0.00955343;0.00111186;0.00544765;-0.00963584;1.0029;-0.00361581;-0.00441929;0.994184;0.0243431;0.988552;1;4;1
123.531;1020.06;0.697813;2.77568;0.0059856;-0.0115292;0.00188663;0.00618652;-0.0117301;1.00789;0.00127462;-0.00602196;0.987619;0.0226055;0.988794;1;3;1
146.531;1020.06;0.8609;2.92434;0.00578947;-0.00944958;0.00127132;0.0058948;-0.00955491;1.00712;0.00430874;-0.00712151;0.990625;0.0238802;0.989159;1;3;1
169.531;1020.06;0.962934;2.97481;0.00556151;-0.00774434;0.000350928;0.00557076;-0.00775359;1.0016;0.000495356;-0.000423434;0.991546;0.0251834;0.9871;1;3;1
192.531;1020.06;1.11571;3.09496;0.00671855;-0.00938256;0.00141756;0.0068424;-0.00950642;1.00101;0.000729884;-0.00617258;0.990642;0.0224687;0.988086;1;3;1
215.531;1020.06;1.27042;3.19672;0.00702185;-0.00993155;-0.000642664;0.00704618;-0.00995588;1.0096;0.00678835;0.000732179;0.9912;0.0239344;0.990665;1;3;1
238.531;1020.06;1.43748;3.19404;0.00448662;-0.00902101;-0.00141397;0.00463304;-0.00916744;1.00734;0.00837717;-0.00370132;0.991687;0.0222884;0.990618;1;3;1
261.531;1020.06;1.47618;3.32278;0.00361119;-0.0084557;0.00105987;0.00370358;-0.00854809;1.00226;0.00362958;-0.00638125;0.991752;0.0215809;0.988622;1;3;1
284.531;1020.06;1.60263;3.4423;0.00654371;-0.00878699;0.000677111;0.00657356;-0.00881684;1.01194;-0.00304939;-0.00248757;0.994397;0.0222111;0.987376;1;3;1
307.531;1020.06;1.7757;3.54011;0.00609109;-0.00767414;0.000778346;0.00613496;-0.00771801;1.00179;0.000315344;-0.00707512;0.995377;0.021857;0.988898;1;3;1
330.531;1020.06;1.88171;3.59871;0.00546276;-0.00933534;0.00055163;0.00548329;-0.00935588;1.00455;0.00426882;-0.00282092;0.988246;0.0205911;0.990047;1;4;1
353.531;1020.06;2.02615;3.65893;0.00632802;-0.00823023;0.00246863;0.00673523;-0.00863745;1.00982;0.00660934;-0.00282265;0.985307;0.0208136;0.989714;1;3;1
376.531;1020.06;2.17154;3.77509;0.00759985;-0.0107115;0.00059939;0.00761945;-0.0107311;1.00031;0.00919061;-0.00212901;0.989623;0.0229762;0.982643;1;4;1
399.531;1020.06;2.37394;3.87133;0.00704198;-0.0100787;0.000583292;0.00706183;-0.0100986;1.00086;0.00239722;0.00101305;0.988923;0.0233116;0.984376;1;3;1
422.531;1020.06;2.49405;3.94052;0.00683019;-0.00910601;0.00114801;0.00691247;-0.00918829;1.01052;0.00296815;-0.00630969;0.988816;0.0211426;0.985904;1;3;1
445.531;1020.06;2.68672;4.04788;0.00612661;-0.00805038;0.00110832;0.00621273;-0.00813651;1.00536;0.00207475;-0.00530497;0.996693;0.0208571;0.988045;1;3;1
468.531;1020.06;2.77461;4.13477;0.00399726;-0.00808335;0.00133541;0.00414312;-0.0082292;1.00265;0.000786622;-0.0024269;0.990378;0.0199972;0.988725;1;3;1
491.531;1020.06;2.86967;4.27578;0.00602598;-0.00874292;0.00210835;0.00632106;-0.009038;1.00383;0.00281883;-0.00641429;0.99509;0.0216344;0.989279;1;3;1
514.531;1020.06;3.05024;4.39389;0.00777471;-0.00848392;-1.55317e-05;0.00777472;-0.00848393;1.01193;0.00578074;-0.00180211;0.991328;0.0206846;0.987501;1;3;1
537.531;1020.06;3.22571;4.41878;0.0056612;-0.0070198;-0.000246983;0.00566601;-0.00702461;1.00253;-0.0019098;-0.00457652;0.992313;0.0190214;0.991297;1;3;1
560.531;1020.06;3.30982;4.49234;0.00686837;-0.00908136;0.000758365;0.00690435;-0.00911734;1.00822;0.00234482;-0.000393047;0.989582;0.0207427;0.988018;1;3;1
583.531;1020.06;3.54043;4.53247;0.00855504;-0.00667612;-0.000204545;0.00855778;-0.00667887;1.00516;0.00265117;-0.00447195;0.991736;0.0202629;0.98817;1;3;1
606.531;1020.06;3.70148;4.62903;0.00826238;-0.00730121;0.000886338;0.00831269;-0.00735152;1.00906;0.00361987;-0.00169959;0.992407;0.0216601;0.984697;1;3;1
629.531;1020.06;3.91812;4.80942;0.00603708;-0.00769488;0.00245239;0.00646191;-0.00811971;1.00781;-0.00311471;-0.00931652;0.992773;0.0231625;0.982727;1;4;1
652.531;1020.06;3.97744;4.92015;0.00444802;-0.00828426;-0.00038044;0.00445938;-0.00829562;1.00036;0.0028438;0.00480196;0.989162;0.0235872;0.982799;1;4;1
675.531;1020.06;4.12213;4.92558;0.00783273;-0.00680168;-0.000240741;0.00783669;-0.00680564;1.01282;0.00525987;-0.00731866;0.992929;0.0222804;0.985379;1;3;1
698.531;1020.06;4.33613;5.06126;0.0073262;-0.00845067;0.000417901;0.00733727;-0.00846173;1.00336;3.20705e-05;-0.00350971;0.991534;0.0255754;0.97999;1;3;1
721.531;1020.06;4.45775;5.04569;0.00802993;-0.00819716;-0.000418731;0.00804073;-0.00820796;1.00713;0.00104264;-0.00148779;0.998294;0.0273271;0.97407;1;3;1
744.531;1020.06;4.70389;5.17764;0.00843319;-0.0106577;0.000659219;0.00845593;-0.0106804;1.00773;0.000816312;-0.00368325;0.994175;0.0251588;0.97625;1;3;1
767.531;1020.06;4.84383;5.19078;0.00569785;-0.0100169;0.000286644;0.00570307;-0.0100221;1.00644;0.00323179;-0.00139032;0.989537;0.0270015;0.974403;1;3;1
790.531;1020.06;4.96506;5.30821;0.00770076;-0.00885085;0.000313151;0.00770668;-0.00885677;1.00271;0.00230081;-0.00155239;0.984619;0.0247446;0.97479;1;4;1
813.531;1020.06;5.196;5.44748;0.00882662;-0.00716397;-0.000612151;0.00885002;-0.00718737;1.01355;0.0013471;-0.00896375;0.987482;0.0265419;0.982172;1;4;1
836.531;1020.06;5.36901;5.47705;0.00596832;-0.00663068;-0.00161038;0.0061709;-0.00683326;1.00425;0.00760964;0.000268726;0.995192;0.0229439;0.990114;1;3;1
859.531;1020.06;5.46969;5.50645;0.00684369;-0.00883686;-0.00048169;0.00685847;-0.00885164;1.00687;0.00314857;-0.00710505;0.989398;0.0214791;0.984505;1;3;1
882.531;1020.06;5.68262;5.583;0.00950145;-0.00865815;8.95729e-05;0.00950189;-0.00865859;1.00861;0.00481989;-0.000851748;0.991614;0.0206064;0.988805;1;3;1
905.531;1020.06;5.90433;5.69329;0.00809706;-0.00812322;0.00144324;0.00822448;-0.00825064;1.00817;0.00232474;-0.00498809;0.993702;0.0241012;0.979106;1;4;1
928.531;1020.06;6.05307;5.80429;0.00395945;-0.00776508;4.32934e-05;0.00395961;-0.00776524;1.00473;0.000922462;-0.00567488;0.995498;0.0219427;0.987223;1;3;1
951.531;1020.06;6.08575;5.8724;0.00590081;-0.00765086;-0.00111734;0.00599232;-0.00774237;1.0034;0.0023668;0.00210689;0.992197;0.022716;0.9807;1;3;1
974.531;1020.06;6.32357;5.91753;0.00953619;-0.00563161;8.80767e-05;0.0095367;-0.00563212;1.01048;0.0029597;-0.00688285;0.993392;0.0238086;0.982613;1;4;1
997.531;1020.06;6.52211;6.01947;0.00815975;-0.00607975;-0.000735609;0.00819765;-0.00611765;1.00981;0.000986141;-0.00338012;0.993461;0.0184787;0.987778;1;3;1
1020.53;1020.06;6.69706;6.09371;0.00788705;-0.0084284;-0.000119194;0.00788792;-0.00842927;1.00505;0.00511883;-0.00997504;0.993772;0.0236077;0.974011;1;4;1
1043.53;1020.06;6.88302;6.23103;0.00780786;-0.00743136;-0.000813334;0.00785115;-0.00747464;1.00932;0.00326196;0.00675032;1.0026;0.0234615;0.976884;1;4;1
1066.53;1020.06;7.05456;6.2524;0.00760988;-0.00740273;0.000526699;0.00762834;-0.00742118;1.01225;-0.00258119;-0.00376541;0.994607;0.0225423;0.985521;1;3;1
1089.53;1020.06;7.23153;6.37447;0.00568028;-0.00917856;0.000301038;0.00568637;-0.00918466;1.00565;0.00429932;0.00425372;0.991983;0.0253076;0.980657;1;3;1
1112.53;1020.06;7.31496;6.37377;0.00793426;-0.00897954;-0.00031069;0.00793996;-0.00898524;1.00363;0.00774518;-0.0054787;0.987534;0.0199605;0.988452;1;3;1
1135.53;1020.06;7.59495;6.47948;0.0103766;-0.00983258;0.000819994;0.0104098;-0.0098658;1.01622;0.00401949;-0.00422141;0.990828;0.020139;0.98552;1;3;1
1158.53;1020.06;7.78943;6.56487;0.0061122;-0.00678926;-0.000676504;0.00614758;-0.00682463;1.00426;0.00148165;-0.00345058;0.996466;0.0219343;0.982325;1;3;1
1181.53;1020.06;7.87509;6.60111;0.00555186;-0.00779893;0.00016364;0.00555387;-0.00780094;1.00741;-0.000627028;-0.00345416;0.988875;0.0263685;0.976047;1;3;1
1204.53;1020.06;8.04388;6.71293;0.00792608;-0.0081966;-0.00102235;0.00799065;-0.00826116;1.01122;0.00215566;-0.000979112;0.994055;0.0282802;0.968441;1;3;1
1227.53;1020.06;8.23817;6.69208;0.00764169;-0.00977831;-0.00210065;0.00789142;-0.010028;1.00723;0.00443287;0.00108714;0.994579;0.0265962;0.983533;1;3;1
1250.53;1020.06;8.39403;6.76956;0.00801826;-0.0095294;0.000104981;0.00801889;-0.00953003;1.00978;0.00533208;-0.00607043;0.989638;0.0233539;0.985835;1;3;1
1273.53;1020.06;8.60523;6.86179;0.00923305;-0.00673535;0.000378842;0.00924203;-0.00674433;1.00915;0.0036307;-0.000809433;0.991425;0.024482;0.992004;1;3;1
31.5305;997.06;0.238782;2.56496;0.00440318;-0.00952234;0.00153892;0.00457122;-0.00969038;0.995814;0.00624862;-0.00787744;0.994495;0.025688;0.986539;1;3;1
54.5305;997.06;0.339478;2.69305;0.00501388;-0.0097155;0.0016842;0.00520401;-0.00990562;1.00952;0.0103372;-0.00295495;0.99408;0.0273655;0.984233;1;3;1
77.5306;997.06;0.468495;2.74511;0.00605233;-0.00923095;0.00104035;0.00612282;-0.00930145;1.00434;0.00379755;-0.0050691;0.98924;0.0255927;0.986495;1;4;1
100.531;997.06;0.616531;2.91176;0.00685575;-0.00982084;0.00279338;0.00731121;-0.0102763;1.00773;0.00776333;-0.00500473;0.985815;0.0229489;0.989593;1;3;1
123.531;997.06;0.781433;3.09902;0.00527333;-0.00879345;0.00126798;0.00538671;-0.00890683;1.00991;0.000491669;-0.0061529;0.990815;0.0227661;0.987799;1;3;1
146.531;997.06;0.857986;3.12296;0.00536085;-0.0075972;-0.00110204;0.0054539;-0.00769026;1.00313;-0.00160102;-0.000977066;0.992175;0.0233864;0.990914;1;3;1
169.531;997.06;1.02734;3.15874;0.0054648;-0.00805534;-0.000489496;0.0054825;-0.00807303;1.00345;0.0042389;-0.00179448;0.990706;0.0206847;0.992507;1;3;1
192.531;997.06;1.1085;3.25384;0.00608743;-0.00834178;0.0012037;0.00618715;-0.0084415;1.00595;0.00904603;-0.00812132;0.989727;0.0197112;0.991377;1;3;1
215.531;997.06;1.30605;3.3663;0.00782394;-0.00721026;0.00117425;0.0079151;-0.00730143;1.00566;0.00549097;-0.00180589;0.991067;0.0241429;0.982209;1;3;1
238.531;997.06;1.46664;3.43691;0.00509902;-0.0104826;0.00106594;0.0051716;-0.0105552;1.00509;0.00232365;-0.00343079;0.98727;0.0240069;0.986878;1;3;1
261.531;997.06;1.53979;3.5057;0.0046212;-0.00943934;0.000415436;0.00463347;-0.0094516;1.00552;3.3408e-05;-0.00361098;0.989903;0.0217653;0.988891;1;3;1
284.531;997.06;1.67839;3.61399;0.00672996;-0.00899381;0.00124009;0.00682716;-0.00909101;1.005;0.00582683;-0.00380114;0.986273;0.0210029;0.990563;1;3;1
307.531;997.06;1.84787;3.71329;0.00646444;-0.00816443;0.000544617;0.00648469;-0.00818468;1.00628;0.00611487;-0.00441668;0.989232;0.0205403;0.99375;1;3;1
330.531;997.06;1.97438;3.81162;0.00372058;-0.00877233;-0.000401083;0.00373345;-0.0087852;1.00451;0.00133654;-0.00357463;0.992932;0.0199224;0.98731;1;3;1
353.531;997.06;2.01846;3.86293;0.00681296;-0.00915818;0.00149053;0.00695087;-0.00929609;1.0053;-0.00317519;-0.00800683;0.99702;0.0201564;0.989884;1;3;1
376.531;997.06;2.28616;4.03797;0.00834929;-0.00898056;0.000849644;0.00839085;-0.00902212;1.00764;-0.00210575;-0.00532734;0.988711;0.0214771;0.985574;1;3;1
399.531;997.06;2.40031;4.10489;0.00528557;-0.00973993;0.00060847;0.00531017;-0.00976454;1.0054;0.000776592;-0.000703669;0.989266;0.0198032;0.991382;1;3;1
422.531;997.06;2.52851;4.15392;0.00650434;-0.00916936;0.000154782;0.00650587;-0.00917089;1.00977;-0.00108179;-0.00338884;0.98949;0.0229396;0.9884;1;3;1
445.531;997.06;2.69839;4.22348;0.00650384;-0.00886379;0.000988168;0.00656712;-0.00892707;1.00594;0.00111968;-0.00493841;0.986371;0.0200806;0.988285;1;3;1
468.531;997.06;2.82638;4.33196;0.00497012;-0.00910996;0.000291681;0.00497616;-0.009116;1.00616;0.00860384;-0.00706062;0.991679;0.0193951;0.991898;1;4;1
491.531;997.06;2.92597;4.43311;0.00680846;-0.00819755;-0.000881809;0.0068601;-0.00824919;1.00237;0.00382969;-0.00423975;0.994266;0.02487;0.979648;1;3;1
514.531;997.06;3.13828;4.47774;0.00786165;-0.006644;-0.000649268;0.00789065;-0.006673;1.01175;-6.75327e-06;-0.000267818;0.994891;0.0254021;0.977629;1;3;1
537.531;997.06;3.28609;4.5344;0.00629352;-0.00789936;0.000546504;0.00631454;-0.00792037;1.00286;0.00934317;-0.00375254;0.989318;0.0222581;0.984911;1;4;1
560.531;997.06;3.42635;4.69918;0.00673009;-0.00990444;-0.000715603;0.00676082;-0.00993516;1.00523;0.00162849;-0.0047513;0.99002;0.0225196;0.989307;1;4;1
583.531;997.06;3.59436;4.69345;0.0080772;-0.00839891;-0.000436424;0.00808875;-0.00841046;1.00766;0.00669828;-0.00729251;0.987534;0.0193713;0.986419;1;4;1
606.531;997.06;3.79627;4.81426;0.0057712;-0.00912286;0.000644784;0.00579906;-0.00915072;1.00969;0.00798106;-0.000686511;0.986584;0.0205223;0.984596;1;3;1
629.531;997.06;3.85842;4.94065;0.00572119;-0.00682043;0.00144196;0.00588484;-0.00698409;1.00316;0.00642346;-0.00274751;0.993516;0.0234181;0.979799;1;3;1
652.531;997.06;4.05822;5.02211;0.00770182;-0.00642868;-0.000918492;0.00776128;-0.00648813;1.00834;0.00304739;-0.00346819;0.995484;0.0212042;0.984436;1;3;1
675.531;997.06;4.21125;5.03555;0.00593013;-0.00669106;-0.000628527;0.00596135;-0.00672228;1.00455;0.00663354;-0.00511497;0.993309;0.0232281;0.985577;1;3;1
698.531;997.06;4.32983;5.20741;0.00755779;-0.0059754;0.00113116;0.00765169;-0.00606929;1.00976;0.00251204;-0.00269211;0.996435;0.0264456;0.978209;1;3;1
721.531;997.06;4.55727;5.21046;0.00853095;-0.00886768;-5.24796e-05;0.00853111;-0.00886784;1.00432;0.00241076;-0.00391736;0.990083;0.0243488;0.980255;1;4;1
744.531;997.06;4.72032;5.36765;0.00674428;-0.00674303;0.00175729;0.00696948;-0.00696824;1.00824;0.000130574;-0.00910345;0.991608;0.0268774;0.976771;1;4;1
767.531;997.06;4.86601;5.4177;0.00867826;-0.00817649;-0.000351114;0.00868557;-0.0081838;1.00591;-9.46397e-05;0.00300191;0.99687;0.0266012;0.975483;1;3;1
790.531;997.06;5.11768;5.4731;0.00820361;-0.00771835;-0.000988944;0.00826481;-0.00777954;1.00922;0.0063623;-0.00531165;0.998363;0.0241637;0.984081;1;3;1
813.531;997.06;5.24165;5.54966;0.00639741;-0.006277;-0.000519259;0.00641865;-0.00629824;1.00386;0.00441214;-0.00324479;0.992494;0.0193011;0.990151;1;3;1
836.531;997.06;5.41085;5.60178;0.00738162;-0.00723535;0.000179554;0.00738382;-0.00723756;1.00796;0.00370791;-0.00717416;0.989945;0.0211371;0.982052;1;3;1
859.531;997.06;5.57956;5.74235;0.00918873;-0.00850565;-8.03537e-05;0.0091891;-0.00850601;1.00756;0.00136737;-0.00262546;0.986959;0.0222345;0.986211;1;3;1
882.531;997.06;5.83124;5.78607;0.00710181;-0.00871959;-0.000182857;0.00710392;-0.0087217;1.01197;0.00409118;-0.00241445;0.986732;0.0213381;0.987234;1;3;1
905.531;997.06;5.90491;5.87269;0.00645362;-0.00804623;0.000699572;0.00648729;-0.0080799;1.00449;0.00660382;0.00102266;0.984847;0.0264235;0.965974;1;4;1
928.531;997.06;6.12677;5.97555;0.00796357;-0.00804605;-0.000132237;0.00796467;-0.00804714;1.0099;0.00810057;-0.00319187;0.986595;0.030219;0.969167;1;3;1
951.531;997.06;6.26959;6.00768;0.00629642;-0.00687082;-0.00187118;0.00655717;-0.00713157;1.00784;0.00632492;0.00231547;0.991871;0.0249486;0.976045;1;3;1
974.531;997.06;6.41541;6.06576;0.00702369;-0.00743283;0.000301833;0.00702999;-0.00743913;0.997707;0.00238523;-0.00512754;0.991677;0.0248614;0.981184;1;3;1
997.531;997.06;6.59118;6.19231;0.00923421;-0.00799356;-0.000227917;0.00923723;-0.00799658;1.01035;0.00583026;-0.00848609;0.987464;0.0235952;0.9879;1;3;1
1020.53;997.06;6.8379;6.24327;0.00928838;-0.00897163;-5.95729e-05;0.00928858;-0.00897182;1.01527;0.00266513;0.00327714;0.986011;0.0202096;0.985114;1;4;1
1043.53;997.06;7.01627;6.33184;0.00559211;-0.00833549;-0.000303999;0.00559874;-0.00834213;1.00504;0.00876063;-0.0053415;0.988339;0.0249387;0.978176;1;3;1
1066.53;997.06;7.09422;6.38183;0.00655783;-0.00882902;0.000233695;0.00656137;-0.00883257;1.00098;0.0061334;-0.00936776;0.992406;0.0261917;0.983087;1;3;1
1089.53;997.06;7.3166;6.51151;0.0070999;-0.00668057;0.000836315;0.00715047;-0.00673114;1.0096;0.00101308;0.000375778;0.988888;0.0244492;0.985218;1;3;1
1112.53;997.06;7.41914;6.60185;0.00716285;-0.00881205;-0.000871797;0.00721028;-0.00885949;0.995741;0.00620065;-0.00385459;0.988353;0.0224799;0.985443;1;4;1
1135.53;997.06;7.64459;6.68683;0.00895455;-0.00791659;-0.00124184;0.00904547;-0.00800751;1.01823;0.00252316;-0.0061711;0.991042;0.0244483;0.985796;1;3;1
1158.53;997.06;7.82914;6.68576;0.00738977;-0.00660562;-0.000730849;0.00742783;-0.00664368;1.00571;0.00115925;-0.00446627;0.992717;0.0251166;0.978548;1;3;1
1181.53;997.06;7.98322;6.75778;0.0064892;-0.00666106;-0.000557426;0.00651279;-0.00668465;1.00695;0.00846298;-0.00272496;0.996461;0.022834;0.984372;1;3;1
1204.53;997.06;8.12642;6.84328;0.00964738;-0.00671814;-0.00101288;0.00970983;-0.00678059;1.01151;0.00356813;-0.0033357;0.994174;0.0230612;0.986051;1;3;1
1227.53;997.06;8.42472;6.88066;0.00762929;-0.00909397;-0.000373293;0.00763761;-0.0091023;1.00642;0.00521191;0.00216656;0.986989;0.0230703;0.987019;1;3;1
1250.53;997.06;8.47586;6.9724;0.00523316;-0.00728632;-0.00103955;0.00531889;-0.00737205;1.00062;-0.00138284;-0.00712821;0.997235;0.0269459;0.97938;1;3;1
1273.53;997.06;8.66469;6.988;0.00824412;-0.00583293;-0.00187732;0.00849018;-0.00607899;1.02056;-0.00270823;0.0101871;0.994547;0.0289254;0.991947;1;4;1
31.5305;974.06;0.318017;2.8357;0.00268635;-0.00969911;-0.000209508;0.00268989;-0.00970265;1.00509;-0.000475953;0.00028626;0.9901;0.0227324;0.986989;1;3;1
54.5305;974.06;0.379626;2.9018;0.00555095;-0.00945198;0.000302463;0.00555705;-0.00945807;1.00768;-0.000409179;-0.00343134;0.989701;0.0294483;0.979494;1;3;1
77.5306;974.06;0.572404;2.98835;0.00656068;-0.00980807;0.000603775;0.00658292;-0.00983031;1.01102;0.00915176;-0.00715358;0.992771;0.023476;0.98519;1;3;1
100.531;974.06;0.679994;3.10335;0.00475062;-0.00916042;0.000940025;0.00481386;-0.00922365;0.9991;0.00213228;-0.00240946;0.992729;0.0240916;0.989168;1;4;1
123.531;974.06;0.79001;3.18207;0.00744099;-0.00612145;0.000970506;0.00751008;-0.00619055;1.00944;0.00406097;-0.00457351;0.995934;0.0232407;0.986839;1;3;1
146.531;974.06;1.0207;3.27543;0.00757473;-0.00789494;-0.000668666;0.00760358;-0.00792379;1.00851;0.0127178;-0.00303535;0.991767;0.0207439;0.990675;1;3;1
169.531;974.06;1.13684;3.3472;0.00413834;-0.00915059;0.000828542;0.0041898;-0.00920205;1.00502;0.00844747;-0.00712494;0.992345;0.0233888;0.988522;1;3;1
192.531;974.06;1.21021;3.4804;0.0045119;-0.00873549;-0.000238441;0.00451619;-0.00873978;1.00461;-0.00297268;-0.00512797;0.993895;0.0212208;0.989456;1;4;1
215.531;974.06;1.34356;3.52965;0.00582899;-0.0079414;0.000582746;0.00585361;-0.00796602;1.0044;-0.00848536;-0.00295479;0.996243;0.0223999;0.986091;1;3;1
238.531;974.06;1.47714;3.67881;0.00588089;-0.00804641;0.00128026;0.0059976;-0.00816312;1.00428;-0.000233781;-0.00651038;0.992411;0.0236254;0.987952;1;3;1
261.531;974.06;1.61272;3.75927;0.00472516;-0.009673;0.00060611;0.00475063;-0.00969848;1.00348;0.00395672;0.00165644;0.987992;0.024;0.989205;1;3;1
284.531;974.06;1.69364;3.85798;0.0067228;-0.00891113;0.000309237;0.00672891;-0.00891724;1.00548;0.000572229;-0.00564703;0.994637;0.0204865;0.992189;1;3;1
307.531;974.06;1.92067;3.91745;0.00813795;-0.00841007;0.00110323;0.00821118;-0.0084833;1.01051;-0.00325791;-0.00264132;0.99354;0.021681;0.986925;1;4;1
330.531;974.06;2.06625;4.00439;0.00418966;-0.00841248;0.000196627;0.00419273;-0.00841554;1.00106;0.00421199;-0.00318716;0.988807;0.0217389;0.98796;1;3;1
353.531;974.06;2.1127;4.08224;0.00579815;-0.0100717;-0.000473131;0.00581224;-0.0100858;1.00767;0.0052339;-0.00494057;0.987177;0.021574;0.989759;1;3;1
376.531;974.06;2.33182;4.19035;0.00698918;-0.00699709;0.00130495;0.00710989;-0.00711781;1.00477;-0.00011073;-0.00773312;0.997253;0.0225521;0.985839;1;4;1
399.531;974.06;2.43247;4.3216;0.00578063;-0.00764902;0.00100976;0.00585613;-0.00772452;1.00405;-0.00398914;-0.00530891;0.992819;0.0262328;0.978089;1;3;1
422.531;974.06;2.59664;4.36438;0.00740666;-0.00920535;-0.000513099;0.00742249;-0.00922118;1.00505;0.00519415;-0.00383829;0.991916;0.0218273;0.985151;1;3;1
445.531;974.06;2.77172;4.45751;0.00782051;-0.00865322;0.000491364;0.00783515;-0.00866786;1.01095;0.00414204;-0.00129099;0.992462;0.0201463;0.987585;1;4;1
468.531;974.06;2.95459;4.55611;0.0070365;-0.00811555;0.00049733;0.00705281;-0.00813185;1.00258;0.00501409;-0.00836404;0.992303;0.0223092;0.98706;1;3;1
491.531;974.06;3.09385;4.65498;0.00555856;-0.00776321;-0.000700983;0.00559534;-0.00779999;1.00556;0.00800903;-0.000333231;0.988628;0.0247943;0.979661;1;3;1
514.531;974.06;3.20935;4.70081;0.00655143;-0.00887795;-0.000468675;0.00656565;-0.00889217;1.01091;0.00564031;-0.00267293;0.988099;0.022096;0.986898;1;3;1
537.531;974.06;3.39405;4.7839;0.00704549;-0.00896845;0.000730108;0.00707871;-0.00900166;1.00369;-0.000263071;-0.00545431;0.993113;0.0214865;0.991208;1;3;1
560.531;974.06;3.53163;4.95076;0.00653449;-0.00780965;-0.000520611;0.00655337;-0.00782852;1.00173;0.00259944;-0.00208881;0.997175;0.0213554;0.986818;1;4;1
583.531;974.06;3.69346;4.92071;0.00773656;-0.00855691;-0.000116091;0.00773739;-0.00855774;1.01255;-0.00146108;-0.00100228;0.991576;0.0201896;0.985381;1;3;1
606.531;974.06;3.88604;5.05099;0.00650908;-0.00848048;0.00135514;0.00663061;-0.008602;1.01103;0.00107917;-0.00634862;0.99462;0.021415;0.984686;1;3;1
629.531;974.06;3.99147;5.12429;0.00586763;-0.00723774;-0.000699031;0.00590482;-0.00727492;1.0019;0.00523177;-0.00237643;0.993933;0.0206506;0.98499;1;3;1
652.531;974.06;4.15487;5.21717;0.00810331;-0.00735771;-0.00103319;0.00817205;-0.00742645;1.0075;0.007775;0.00147351;0.989541;0.021478;0.985239;1;3;1
675.531;974.06;4.36259;5.23504;0.00546464;-0.00945823;-0.00116173;0.00555454;-0.00954813;0.999437;0.00649557;-0.00352364;0.986725;0.0244746;0.97998;1;3;1
698.531;974.06;4.4054;5.337;0.00562358;-0.00594461;-1.12986e-05;0.00562359;-0.00594462;1.00816;0.000332334;-0.00400824;0.99149;0.0257884;0.981738;1;3;1
721.531;974.06;4.62002;5.45572;0.00747591;-0.00939492;-0.000272594;0.00748032;-0.00939932;1.02168;0.00566747;-0.00483115;0.984246;0.028071;0.974676;1;4;1
744.531;974.06;4.74777;5.4889;0.0078493;-0.00816815;-0.000837561;0.00789298;-0.00821183;1.00636;0.00145888;-0.00311344;0.991214;0.0249151;0.981568;1;3;1
767.531;974.06;4.97955;5.56865;0.00956145;-0.00723576;-0.000828202;0.00960219;-0.0072765;1.00461;0.00219145;8.43014e-05;0.986786;0.0245231;0.98337;1;3;1
790.531;974.06;5.18518;5.66516;0.00854238;-0.00722457;0.00106459;0.00861394;-0.00729612;1.01314;-0.00141883;-0.00458937;0.990417;0.0214106;0.987092;1;3;1
813.531;974.06;5.37052;5.73747;0.00780319;-0.00842649;-0.000501306;0.00781866;-0.00844196;1.00904;0.00561448;-0.00225338;0.991371;0.0215202;0.986216;1;4;1
836.531;974.06;5.5425;5.81142;0.00627694;-0.00905614;0.000488151;0.00629247;-0.00907166;1.0004;0.00381134;-0.00347917;0.989085;0.0233334;0.984822;1;3;1
859.531;974.06;5.65808;5.89978;0.00622468;-0.00768706;0.000167879;0.00622671;-0.00768909;1.00653;0.00483594;-0.00387707;0.995769;0.0235003;0.986364;1;3;1
882.531;974.06;5.82762;5.9861;0.00806128;-0.00861156;0.000773088;0.00809705;-0.00864733;1.00585;0.00418284;-0.00445648;0.995922;0.0215955;0.984582;1;2;1
905.531;974.06;6.02712;6.06508;0.00809206;-0.00817355;-0.000940265;0.00814623;-0.00822772;1.01203;0.0030016;-0.00250061;0.992766;0.0211394;0.987467;1;2;1
928.531;974.06;6.19798;6.17614;0.0069569;-0.00727687;-0.000875073;0.0070105;-0.00733047;1.00051;-0.0008288;-0.00421971;0.994217;0.0267134;0.976367;1;3;1
951.531;974.06;6.34586;6.19029;0.00610722;-0.00839832;-0.00092812;0.00616636;-0.00845746;1.00851;0.000456973;-0.000852167;0.991503;0.0229778;0.981809;1;4;1
974.531;974.06;6.47798;6.26098;0.00811816;-0.00931631;0.00101137;0.00817664;-0.00937478;1.00939;0.00633623;-0.00819878;0.988574;0.0245417;0.978227;1;4;1
997.531;974.06;6.71737;6.38908;0.00790449;-0.00777447;0.00110626;0.00798216;-0.00785214;1.00748;0.00567674;-0.00261417;1.00189;0.0246024;0.979253;1;4;1
1020.53;974.06;6.8395;6.5085;0.00721404;-0.00770319;0.00134709;0.00733472;-0.00782386;1.00858;0.000242781;-0.004557;0.993666;0.0229014;0.985668;1;3;1
1043.53;974.06;7.04747;6.61637;0.00809482;-0.00868846;0.000195362;0.0080971;-0.00869073;1.0051;-0.000516843;-0.00591666;0.990305;0.0245618;0.980824;1;3;1
1066.53;974.06;7.21011;6.66061;0.00708398;-0.00944598;-0.00121146;0.00717229;-0.0095343;1.00852;0.00417798;0.00195602;0.988529;0.0280115;0.984887;1;3;1
1089.53;974.06;7.37214;6.68302;0.00779479;-0.00709637;-0.000685185;0.00782625;-0.00712783;1.00792;0.00355707;-0.00217705;0.99481;0.0243325;0.978039;1;3;1
1112.53;974.06;7.56713;6.78163;0.00914656;-0.00673218;-0.000983015;0.00920718;-0.00679281;1.01421;0.00755638;-0.000132792;0.991992;0.0270666;0.970577;1;3;1
1135.53;974.06;7.79069;6.84552;0.00783707;-0.00602991;-0.00141053;0.00797909;-0.00617193;1.00992;0.00264603;-0.00248023;0.994636;0.0235612;0.983106;1;3;1
1158.53;974.06;7.92615;6.86994;0.00634314;-0.00786776;-0.00143016;0.00648564;-0.00801026;1.00553;0.0046688;-0.000926127;0.990544;0.0212969;0.988417;1;3;1
1181.53;974.06;8.08151;6.90902;0.0072253;-0.00754462;-0.000305734;0.00723163;-0.00755094;1.00609;-1.58628e-05;-0.0020153;0.990469;0.0248422;0.977843;1;3;1
1204.53;974.06;8.25707;7.02351;0.00694072;-0.00564073;-0.00124541;0.00706281;-0.00576282;1.00642;0.00798173;-0.00446183;0.994514;0.0209477;0.988009;1;3;1
1227.53;974.06;8.39923;7.11261;0.00737887;-0.0078971;0.000201206;0.00738152;-0.00789975;1.00979;0.00271038;-0.00133722;0.993831;0.0232644;0.985969;1;3;1
1250.53;974.06;8.59518;7.10641;0.00891074;-0.00689716;-0.00136266;0.00902734;-0.00701376;1.00225;0.00750663;0.00276483;0.989444;0.0204328;0.986271;1;3;1
1273.53;974.06;8.80731;7.13134;0.00926648;-0.00727862;-0.00185103;0.00947104;-0.00748318;1.01493;0.00720008;-0.00453582;0.997857;0.0293132;0.980963;1;3;1
31.5305;951.06;0.388553;3.01355;0.00321884;-0.00736467;0.00075884;0.00327298;-0.0074188;1.00454;0.00757652;-0.00534551;0.991961;0.0252627;0.990121;1;3;1
54.5305;951.06;0.462173;3.13009;0.00486817;-0.00914837;0.000857419;0.00492043;-0.00920062;1.00638;0.00572997;-0.00550402;0.989034;0.0283574;0.984337;1;3;1
77.5306;951.06;0.611575;3.19874;0.00566297;-0.0100203;0.00118481;0.00575197;-0.0101093;1.00184;-0.0027876;-0.00383782;0.988948;0.026322;0.979683;1;4;1
100.531;951.06;0.721482;3.33521;0.00547918;-0.00836062;0.000216849;0.00548258;-0.00836401;1.01016;0.00300616;-0.00743146;0.995608;0.0238598;0.990241;1;3;1
123.531;951.06;0.86257;3.38155;0.00786563;-0.00905264;-0.000325545;0.00787189;-0.0090589;1.00394;0.00238878;-0.00316584;0.990671;0.0201023;0.990408;1;3;1
146.531;951.06;1.08164;3.48812;0.00635784;-0.00944272;0.00150804;0.00650049;-0.00958536;1.00935;-0.00401509;-0.00336084;0.990253;0.0235123;0.990866;1;3;1
169.531;951.06;1.15367;3.58179;0.0049919;-0.00956549;0.00172031;0.00519244;-0.00976603;1.01011;-0.00681986;-0.00422779;0.992031;0.02727;0.987501;1;4;1
192.531;951.06;1.31038;3.65789;0.0064338;-0.00817175;7.034e-05;0.00643414;-0.00817209;1.0025;0.00986968;0.000984514;0.99447;0.0215792;0.992451;1;3;1
215.531;951.06;1.44843;3.73329;0.00579579;-0.0087199;6.62336e-05;0.0057961;-0.00872021;1.00519;0.0115668;-0.00947151;0.990066;0.0212598;0.993413;1;3;1
238.531;951.06;1.57597;3.80867;0.00464078;-0.0076111;0.000694413;0.00468001;-0.00765034;1.00068;0.00779857;-5.41898e-05;0.994162;0.021432;0.990064;1;4;1
261.531;951.06;1.66089;3.95299;0.00502091;-0.00841898;0.000531079;0.00504186;-0.00843993;1.00584;0.00957198;-0.00918844;0.994764;0.0294407;0.983136;1;3;1
284.531;951.06;1.80585;4.02592;0.00502443;-0.00811789;-0.000499618;0.0050434;-0.00813685;0.999373;0.00362731;0.00117757;0.994302;0.0215232;0.987132;1;3;1
307.531;951.06;1.8912;4.10181;0.00683981;-0.0091964;0.000617378;0.00686354;-0.00922013;1.01393;0.0074399;-0.00327057;0.989089;0.0234126;0.98708;1;4;1
330.531;951.06;2.11908;4.20046;0.00772772;-0.00930248;0.000681852;0.00775498;-0.00932973;1.00187;0.00194812;-0.00898529;0.990861;0.0202782;0.993106;1;3;1
353.531;951.06;2.24476;4.32915;0.0061967;-0.00930566;-0.000620795;0.00622152;-0.00933048;1.00522;0.00283185;-0.00252396;0.990093;0.0203861;0.98853;1;2;1
376.531;951.06;2.40297;4.36112;0.00512322;-0.00864976;-0.0001821;0.00512562;-0.00865216;1.00598;0.00764176;-0.00200959;0.987596;0.0209829;0.985371;1;3;1
399.531;951.06;2.47964;4.45817;0.00668692;-0.00723075;5.33175e-05;0.00668713;-0.00723096;1.00791;0.00768916;-0.00716805;0.992689;0.021355;0.984678;1;3;1
422.531;951.06;2.70904;4.57969;0.0079176;-0.00757568;-0.000600487;0.00794084;-0.00759892;1.00572;0.0056582;-0.00419344;0.990802;0.0209683;0.984021;1;3;1
445.531;951.06;2.84213;4.62349;0.00581187;-0.00729741;-0.000260679;0.00581705;-0.00730259;1.00661;0.00661539;-0.00325846;0.99543;0.0211852;0.985735;1;3;1
468.531;951.06;2.97543;4.70705;0.00634752;-0.00755515;0.000866763;0.00640135;-0.00760898;1.00659;0.00259722;-0.00345586;0.992411;0.0175896;0.993091;1;3;1
491.531;951.06;3.13289;4.79208;0.00726502;-0.0068951;0.000670795;0.00729672;-0.00692681;1.00839;0.00177442;-0.00316393;0.994444;0.0219106;0.98743;1;3;1
514.531;951.06;3.30806;4.88827;0.00725957;-0.00807925;0.000143676;0.00726092;-0.0080806;1.00937;0.00223007;-0.00218596;0.992887;0.020824;0.988043;1;3;1
537.531;951.06;3.46536;4.94917;0.00656584;-0.00735808;0.00036453;0.00657538;-0.00736762;1.00559;0.0032984;-0.00225863;0.990358;0.0202571;0.989991;1;3;1
560.531;951.06;3.60879;5.0602;0.00519651;-0.00626661;0.000113839;0.00519765;-0.00626774;1.00731;0.00144267;-0.00666665;0.987613;0.0211977;0.987622;1;3;1
583.531;951.06;3.70357;5.08889;0.00576401;-0.00798953;0.000557218;0.00578654;-0.00801207;1.00374;0.00159966;-0.00321665;0.990871;0.019896;0.987972;1;3;1
606.531;951.06;3.87294;5.20609;0.00836451;-0.00671412;0.00122015;0.0084626;-0.00681222;1.01482;-0.00125338;-0.00326863;0.993347;0.0197477;0.992157;1;3;1
629.531;951.06;4.08636;5.27537;0.00848979;-0.00793504;-0.000358532;0.00849761;-0.00794287;1.00532;0.00523804;-0.00325318;0.99001;0.0217895;0.983627;1;3;1
652.531;951.06;4.26157;5.36227;0.00763023;-0.0072536;0.000294879;0.00763607;-0.00725944;1.01187;0.00182251;-0.00520666;0.99822;0.0187527;0.988359;1;3;1
675.531;951.06;4.4356;5.47326;0.00627159;-0.00908849;0.000133297;0.00627275;-0.00908964;1.00384;0.00340163;-0.00369202;0.999393;0.0250555;0.980931;1;3;1
698.531;951.06;4.54901;5.4822;0.00646049;-0.00782579;-0.00044873;0.00647458;-0.00783987;1.01108;0.00910181;-0.00154684;0.997574;0.0234899;0.979911;1;3;1
721.531;951.06;4.73151;5.64501;0.00784921;-0.00646817;0.000709136;0.00788425;-0.0065032;1.00962;0.0115975;-0.00417717;0.993913;0.0230551;0.98736;1;3;1
744.531;951.06;4.90792;5.74532;0.00837022;-0.00945178;-0.00131682;0.00846699;-0.00954855;1.00773;0.00706168;-0.00140535;0.987031;0.0274344;0.975935;1;3;1
767.531;951.06;5.11482;5.75244;0.00608083;-0.00738357;-0.00162434;0.00627401;-0.00757676;1.00165;0.00557981;-0.00477306;0.994413;0.0228713;0.984179;1;3;1
790.531;951.06;5.18675;5.8067;0.00691218;-0.00835275;0.000912961;0.00696659;-0.00840716;1.01173;0.0123692;-0.000570797;0.988771;0.0246867;0.981919;1;4;1
813.531;951.06;5.43131;5.93932;0.00741426;-0.00774405;0.00111427;0.00749573;-0.00782552;1.00651;0.00135488;-0.00172589;0.990491;0.0262419;0.977975;1;3;1
836.531;951.06;5.52606;6.02041;0.00666195;-0.00731584;0.000959338;0.00672749;-0.00738138;1.00277;2.10029e-05;-0.0101486;0.989859;0.0220135;0.984754;1;3;1
859.531;951.06;5.73648;6.09759;0.0086783;-0.00798301;-0.000359209;0.00868604;-0.00799076;1.01098;0.00288433;-0.0041721;0.988051;0.0237297;0.983259;1;3;1
882.531;951.06;5.92325;6.18402;0.00964323;-0.00784396;-0.000210877;0.00964577;-0.0078465;1.00731;0.00316883;-0.00392785;0.988338;0.0215338;0.989449;1;3;1
905.531;951.06;6.17769;6.25104;0.00888873;-0.00861939;-0.000257734;0.00889252;-0.00862319;1.009;0.00243263;-0.000391501;0.991057;0.0228694;0.982692;1;3;1
928.531;951.06;6.33016;6.31196;0.00568144;-0.00679602;-5.50722e-05;0.00568169;-0.00679626;1.00861;0.00862248;-0.00105196;0.991491;0.0226113;0.977659;1;3;1
951.531;951.06;6.43808;6.39595;0.00410997;-0.00912444;0.000341536;0.00411878;-0.00913325;0.998305;0.00331793;-0.00443749;0.99227;0.0230358;0.985677;1;3;1
974.531;951.06;6.51846;6.49644;0.00645664;-0.00826672;-0.000401401;0.00646757;-0.00827765;1.00537;-0.00298338;-0.0050343;0.996524;0.0233873;0.98011;1;3;1
997.531;951.06;6.73387;6.55156;0.00918175;-0.00782706;-0.000421468;0.00919219;-0.0078375;1.016;-0.00675159;-0.00582719;0.992652;0.0265144;0.967778;1;3;1
1020.53;951.06;6.93879;6.5991;0.00905176;-0.007061;-0.00051833;0.00906842;-0.00707766;1.00739;0.0072919;-0.00268452;0.988531;0.023492;0.986802;1;3;1
1043.53;951.06;7.14802;6.73345;0.0072474;-0.00533489;0.00010325;0.00724825;-0.00533573;1.00717;0.00132787;-0.00806063;0.995119;0.0247385;0.989546;1;4;1
1066.53;951.06;7.27045;6.81876;0.00764819;-0.00642086;-0.000559157;0.00767038;-0.00644305;1.00507;0.000279483;6.08927e-05;0.991387;0.0255561;0.980949;1;3;1
1089.53;951.06;7.49838;6.83947;0.00869722;-0.00677313;-0.000930036;0.00875293;-0.00682884;1.00778;0.00334162;-0.00404619;0.992249;0.0219105;0.982383;1;3;1
1112.53;951.06;7.6687;6.91326;0.00790576;-0.00663447;-0.000785231;0.00794804;-0.00667675;1.0074;0.00628397;-0.00231676;0.995693;0.0231505;0.987733;1;3;1
1135.53;951.06;7.86045;6.96555;0.00772519;-0.00571848;0.00059177;0.00775119;-0.00574448;1.01341;0.0100699;0.00079119;0.993555;0.022373;0.983437;1;3;1
1158.53;951.06;8.02249;7.04952;0.00659169;-0.00729198;-0.000659153;0.00662292;-0.0073232;1.00309;0.00620021;-0.00476769;0.99236;0.0203894;0.987526;1;2;1
1181.53;951.06;8.16246;7.1065;0.00914564;-0.00780632;-0.00104838;0.00921023;-0.00787091;1.01231;0.0074649;0.000934549;0.992242;0.0204907;0.987996;1;3;1
1204.53;951.06;8.44125;7.10457;0.00710611;-0.00655598;-0.000202735;0.00710912;-0.00655899;1.007;-0.0014042;-0.00478745;0.998458;0.0214616;0.985117;1;3;1
1227.53;951.06;8.48798;7.24541;0.00387002;-0.00661923;0.000506431;0.00389441;-0.00664362;0.997844;-0.00467618;-0.00245849;0.990557;0.0270447;0.978547;1;3;1
1250.53;951.06;8.61856;7.29099;0.00861402;-0.00738773;-0.00089549;0.00866398;-0.00743769;1.01256;-0.00508926;-0.00172318;0.991632;0.0285233;0.988801;1;3;1
1273.53;951.06;8.88247;7.32457;0.0115413;-0.00790492;-0.000820853;0.0115759;-0.0079395;1.01944;-1.89947e-05;0.00117953;0.99;0.0328407;0.977143;1;3;1
31.5305;928.06;0.479031;3.17602;0.000224977;-0.00852989;0.00155452;0.000492804;-0.00879772;1.00533;0.00198923;-0.00447646;0.991949;0.0273059;0.984865;1;3;1
54.5305;928.06;0.483724;3.32468;0.00408921;-0.00770615;0.00158041;0.00429729;-0.00791423;1.0027;-0.00160774;-0.00256869;0.992098;0.0246322;0.988398;1;3;1
77.5306;928.06;0.665929;3.45171;0.00779121;-0.00776034;0.000866378;0.00783932;-0.00780846;1.00785;0.00150543;-0.00245684;0.992648;0.022094;0.989114;1;3;1
100.531;928.06;0.84044;3.48984;0.00663892;-0.00698415;9.84226e-05;0.00663963;-0.00698487;1.00945;0.00106266;-0.00175001;0.987742;0.0239424;0.985968;1;3;1
123.531;928.06;0.970072;3.60074;0.00523131;-0.00852064;-0.000309001;0.00523825;-0.00852758;1.00135;0.00230107;-0.00568295;0.991213;0.0276709;0.978077;1;3;1
146.531;928.06;1.07992;3.7119;0.0038548;-0.00767401;0.00105476;0.0039505;-0.00776972;1.00275;0.00374524;-0.00601516;0.989721;0.0223689;0.988471;1;3;1
169.531;928.06;1.14667;3.78934;0.00596099;-0.00815724;5.32945e-05;0.00596119;-0.00815744;1.0065;0.00826299;-0.00173845;0.990025;0.0258226;0.985205;1;4;1
192.531;928.06;1.35308;3.85807;0.00741127;-0.00896915;0.00040312;0.00742118;-0.00897907;1.01069;-0.00540764;-0.00346454;0.983825;0.0248886;0.984898;1;3;1
215.531;928.06;1.48611;3.93276;0.00605764;-0.00925391;0.00156327;0.00621561;-0.00941188;1.00357;-0.00517214;-0.00411043;0.990608;0.0225774;0.991768;1;3;1
238.531;928.06;1.63057;4.03052;0.00638628;-0.00941936;0.00184587;0.00659899;-0.00963207;1.01074;-0.000644319;-0.00494704;0.990819;0.022016;0.991546;1;3;1
261.531;928.06;1.77844;4.14848;0.00558334;-0.00823046;-2.91163e-05;0.0055834;-0.00823052;1.00197;0.00237393;-0.00236778;0.993321;0.0210708;0.988963;1;3;1
284.531;928.06;1.88625;4.23334;0.00562401;-0.00800967;0.000200704;0.00562696;-0.00801262;1.00203;0.00457532;-0.00609362;0.98931;0.0201907;0.987308;1;3;1
307.531;928.06;2.03602;4.34259;0.00745537;-0.00875283;0.000282368;0.00746029;-0.00875775;1.00688;0.00219185;-0.00105824;0.995157;0.020191;0.990145;1;3;1
330.531;928.06;2.22749;4.4346;0.00636647;-0.00897727;0.000276545;0.00637145;-0.00898225;1.00583;0.00528187;-0.00747195;0.992862;0.0252561;0.981767;1;3;1
353.531;928.06;2.32764;4.51282;0.00541687;-0.00701767;6.11115e-05;0.00541717;-0.00701797;1.00489;0.00204506;-0.00170479;0.990871;0.0229125;0.983933;1;3;1
376.531;928.06;2.47573;4.59021;0.00688727;-0.00825988;0.000449398;0.0069006;-0.0082732;1.00684;0.00252121;-0.00508258;0.992586;0.0197994;0.993218;1;3;1
399.531;928.06;2.64315;4.65592;0.00738928;-0.00813087;-0.000992224;0.00745245;-0.00819405;1.00903;0.0102015;-0.00370668;0.99359;0.0183708;0.991579;1;3;1
422.531;928.06;2.81423;4.71471;0.00606891;-0.00759631;0.000261665;0.00607392;-0.00760132;1.0028;0.0040464;-0.00144689;0.993178;0.0199106;0.990445;1;3;1
445.531;928.06;2.92127;4.79467;0.0049638;-0.00897884;0.00126398;0.00507746;-0.0090925;1.00346;0.00565422;-0.00249449;0.990971;0.0182577;0.990234;1;3;1
468.531;928.06;3.04161;4.90506;0.0063315;-0.00743605;-5.30419e-05;0.0063317;-0.00743626;1.00608;0.00469621;-0.0051411;0.993755;0.0181665;0.991539;1;3;1
491.531;928.06;3.21125;4.9734;0.00675356;-0.00730533;2.49974e-05;0.00675361;-0.00730537;1.00713;0.00496965;-0.00198602;0.992133;0.0195569;0.990745;1;3;1
514.531;928.06;3.35092;5.07419;0.00696493;-0.00784858;0.000399334;0.00697568;-0.00785933;1.00686;0.00224043;-0.00271201;0.990587;0.0196104;0.988826;1;3;1
537.531;928.06;3.53029;5.12383;0.00673393;-0.00785689;0.000285962;0.00673953;-0.00786249;1.0122;0.00393638;-0.00434577;0.99156;0.0197287;0.990037;1;3;1
560.531;928.06;3.65935;5.24011;0.00558942;-0.00690196;0.000373603;0.00560058;-0.00691312;1.00477;0.004269;-0.00409034;0.997113;0.020734;0.9856;1;3;1
583.531;928.06;3.78639;5.28981;0.00652582;-0.00853832;-0.000669241;0.0065555;-0.00856799;1.00767;0.00381808;0.000642592;0.991586;0.022258;0.9853;1;3;1
606.531;928.06;3.9584;5.36094;0.00855485;-0.00711205;-0.000143698;0.00855616;-0.00711337;1.00679;0.00245884;-0.0058092;0.991153;0.0212331;0.986045;1;3;1
629.531;928.06;4.1778;5.49115;0.00796405;-0.00832392;5.56242e-05;0.00796424;-0.00832411;1.00439;-0.00194087;-0.00161147;0.992851;0.0192824;0.987659;1;4;1
652.531;928.06;4.32291;5.55236;0.0063458;-0.00844016;0.000422481;0.00635786;-0.00845222;1.00958;0.0027734;-0.00692181;0.987298;0.0200871;0.987563;1;4;1
675.531;928.06;4.4685;5.65515;0.00639098;-0.00657883;0.000279185;0.00639698;-0.00658483;0.996433;0.000586657;-0.00437827;0.985399;0.0292542;0.977686;1;4;1
698.531;928.06;4.61573;5.69889;0.00755614;-0.00996194;-0.000293944;0.00756107;-0.00996687;1.01566;-0.000886129;-0.00214264;0.982781;0.0298964;0.969349;1;4;1
721.531;928.06;4.81467;5.75464;0.00781897;-0.00546623;0.00167758;0.00802753;-0.00567479;1.00566;-0.0051932;-0.00244943;0.997648;0.0241858;0.978735;1;3;1
744.531;928.06;4.97345;5.92631;0.00816843;-0.00744796;8.62284e-05;0.00816891;-0.00744844;1.00709;0.00113589;-8.929e-05;0.99423;0.0248374;0.978549;1;4;1
767.531;928.06;5.18864;5.91004;0.00681704;-0.00893238;0.00077974;0.00685555;-0.00897089;1.00519;0.00389772;-0.00313296;0.991498;0.0226378;0.984852;1;3;1
790.531;928.06;5.2858;6.05112;0.006346;-0.00960272;0.000544361;0.00636456;-0.00962128;1.01112;-0.00871379;-0.00228715;0.991498;0.0263587;0.973279;1;3;1
813.531;928.06;5.47926;6.09521;0.00709475;-0.0073798;-0.000117672;0.00709571;-0.00738076;1.00607;0.000773799;4.76886e-05;0.999569;0.0216432;0.981417;1;3;1
836.531;928.06;5.61091;6.14924;0.00813737;-0.005927;-0.000321743;0.00814473;-0.00593435;1.01013;0.00883167;-0.00805108;1.00248;0.0241727;0.986963;1;3;1
859.531;928.06;5.85175;6.26889;0.00845185;-0.00866272;0.00028306;0.00845653;-0.00866741;1.00543;0.00744642;-0.00833344;0.995699;0.023143;0.978546;1;3;1
882.531;928.06;5.99763;6.34867;0.00709045;-0.00736636;0.000464968;0.00710539;-0.0073813;1.00598;-0.00105544;-8.01303e-05;0.993449;0.0243262;0.97791;1;3;1
905.531;928.06;6.17635;6.46354;0.00760924;-0.0079402;0.000223796;0.00761246;-0.00794342;1.00599;0.0023281;-0.0010406;0.993993;0.0212079;0.987031;1;3;1
928.531;928.06;6.34612;6.49007;0.00699174;-0.00820209;0.000618041;0.00701684;-0.00822719;1.00977;0.000504536;-0.00434887;0.99204;0.0211252;0.986293;1;3;1
951.531;928.06;6.49661;6.61219;0.00702754;-0.00828197;-0.000303852;0.00703357;-0.008288;1.00819;0.00743959;-0.00322931;0.990464;0.0207134;0.986808;1;3;1
974.531;928.06;6.66801;6.64323;0.00786358;-0.00772248;-0.00242219;0.00823133;-0.00809023;1.00448;0.0139466;-0.00294332;0.990097;0.023548;0.980728;1;4;1
997.531;928.06;6.85672;6.75075;0.00869255;-0.00756984;-0.000747627;0.00872685;-0.00760414;1.01014;0.0121952;-0.00711628;0.989279;0.0271333;0.983607;1;4;1
1020.53;928.06;7.06574;6.83502;0.00869766;-0.00880007;-0.000803995;0.00873453;-0.00883693;1.00569;0.00773424;-0.00135146;0.992283;0.0218826;0.986617;1;3;1
1043.53;928.06;7.25495;6.86291;0.0065456;-0.00651555;-0.00125787;0.00666563;-0.00663559;1.00892;0.0100555;-0.00430809;0.993315;0.021922;0.983854;1;3;1
1066.53;928.06;7.3657;6.95719;0.00643932;-0.00553197;-0.00104429;0.00652973;-0.00562239;1.00479;0.00997087;-0.00373707;0.994019;0.0193936;0.988151;1;3;1
1089.53;928.06;7.55002;6.996;0.0086799;-0.0071034;-9.15852e-05;0.00868043;-0.00710393;1.01458;0.00214809;-0.00297361;0.995135;0.0225025;0.985991;1;4;1
1112.53;928.06;7.76307;7.08825;0.00700732;-0.00744057;-0.000777915;0.00704908;-0.00748234;1.00328;-0.00308395;-0.0017275;0.993323;0.0208011;0.989292;1;3;1
1135.53;928.06;7.8711;7.10939;0.00791101;-0.00873872;-0.000412336;0.00792122;-0.00874892;1.00559;-0.00970329;-0.00285833;0.992877;0.0210463;0.986484;1;3;1
1158.53;928.06;8.1254;7.20704;0.00786537;-0.00833778;-1.70581e-05;0.00786539;-0.00833779;1.00584;0.00605799;-0.00631607;0.990382;0.0210781;0.989283;1;3;1
1181.53;928.06;8.23122;7.26976;0.00626664;-0.00886333;-0.000499934;0.00628315;-0.00887983;1.00706;-0.000424611;0.000210895;0.991831;0.023993;0.984965;1;3;1
1204.53;928.06;8.41261;7.32634;0.00668126;-0.00905444;0.000646221;0.00670776;-0.00908093;1.00998;0.00434132;-0.00417263;0.985707;0.0203315;0.992314;1;3;1
1227.53;928.06;8.5373;7.41831;0.00746908;-0.00714586;-0.00106989;0.00754699;-0.00722377;1.00648;0.0156178;0.00152579;0.995625;0.0250073;0.971583;1;4;1
1250.53;928.06;8.75476;7.44779;0.00896601;-0.00726639;-0.00227768;0.00927955;-0.00757993;1.01132;0.00941294;-0.0029948;0.99485;0.0209087;0.989422;1;3;1
1273.53;928.06;8.94783;7.49663;0.00843206;-0.00942007;-0.00103649;0.00849204;-0.00948005;1.00775;0.00769089;-0.00241722;0.99244;0.0234267;0.991525;1;3;1
31.5305;905.06;0.540286;3.40787;0.00216171;-0.0088912;0.000770272;0.00221513;-0.00894462;1.00275;-0.00303768;-0.00448435;0.988831;0.0218445;0.989539;1;3;1
54.5305;905.06;0.589819;3.48612;0.00337622;-0.00793302;-0.000233778;0.00338105;-0.00793785;0.994939;-0.000595928;0.00346559;0.992266;0.0195532;0.990911;1;3;1
77.5306;905.06;0.695089;3.55719;0.00588677;-0.00567954;0.000104551;0.00588771;-0.00568049;1.00839;0.00561339;-0.00558277;0.993161;0.0238085;0.987041;1;3;1
100.531;905.06;0.859499;3.65782;0.00906892;-0.00781408;0.000932837;0.00912031;-0.00786547;1.00907;0.00205301;-0.00425058;0.995056;0.0210959;0.987489;1;3;1
123.531;905.06;1.10987;3.77585;0.00681131;-0.00802872;0.00060295;0.00683576;-0.00805318;1.00396;0.00530246;-0.00488521;0.991364;0.0219084;0.988491;1;3;1
146.531;905.06;1.17139;3.84258;0.00399503;-0.00821137;0.000830754;0.00405131;-0.00826765;1.00542;0.0020244;-0.00718539;0.993246;0.0225059;0.990072;1;3;1
169.531;905.06;1.29291;3.95877;0.00531479;-0.00866211;0.000578799;0.00533872;-0.00868603;1.00027;0.00232728;-0.000867041;0.990442;0.023077;0.98922;1;3;1
192.531;905.06;1.41465;4.07246;0.00398241;-0.00756983;0.000797085;0.00403715;-0.00762456;1.00442;0.00586952;-0.00518832;0.994798;0.0229736;0.986954;1;3;1
215.531;905.06;1.4753;4.16096;0.00447145;-0.00793759;0.00140518;0.00462858;-0.00809472;1.00405;0.00158107;0.000676042;0.994064;0.0210638;0.990247;1;3;1
238.531;905.06;1.61956;4.24405;0.00848378;-0.00829737;0.00097443;0.00854017;-0.00835376;1.00699;-0.000513192;-0.0032035;0.991189;0.0238759;0.989561;1;3;1
261.531;905.06;1.86359;4.33361;0.00784891;-0.00712373;0.000743266;0.00788572;-0.00716054;1.00867;0.00351138;-0.00561186;0.990933;0.0223084;0.9881;1;3;1
284.531;905.06;1.97896;4.39618;0.00436107;-0.00795595;0.000751759;0.00440678;-0.00800166;1.00181;0.00116711;-0.0035306;0.992011;0.0211549;0.987422;1;3;1
307.531;905.06;2.06344;4.50655;0.0061709;-0.00720814;0.000911069;0.00623266;-0.00726989;1.01129;0.00185758;-0.00325713;0.991661;0.0207868;0.988727;1;3;1
330.531;905.06;2.26143;4.61551;0.00719165;-0.00742768;0.000577093;0.00721439;-0.00745042;1.00336;0.002343;-0.00381092;0.991983;0.0192744;0.988441;1;3;1
353.531;905.06;2.39284;4.65335;0.005266;-0.0067918;-0.000166439;0.0052683;-0.00679409;1.00297;0.00541954;-0.00574569;0.999605;0.0195068;0.989532;1;3;1
376.531;905.06;2.50286;4.74276;0.0065509;-0.00731496;0.00101219;0.0066244;-0.00738846;1.00854;0.00103276;-0.00329113;0.993734;0.0203364;0.989297;1;4;1
399.531;905.06;2.69285;4.83422;0.00696983;-0.00800725;0.000767524;0.00700906;-0.00804648;1.00901;0.00371306;-0.00504037;0.99116;0.01767;0.992663;1;3;1
422.531;905.06;2.82198;4.9306;0.00483155;-0.00810153;0.00148403;0.00499965;-0.00826963;1.00289;-0.00348047;-0.00173288;0.993481;0.020639;0.990885;1;3;1
445.531;905.06;2.91411;5.03845;0.00730354;-0.00868183;2.14404e-05;0.00730357;-0.00868186;1.00684;0.00174224;-0.00211118;0.99169;0.020471;0.989899;1;3;1
468.531;905.06;3.15657;5.05075;0.00836839;-0.00726273;-0.00112954;0.00844959;-0.00734393;1.01232;0.00416906;-0.00634431;0.992573;0.0174431;0.992428;1;3;1
491.531;905.06;3.29737;5.12966;0.00574818;-0.00736567;0.000861507;0.00580454;-0.00742203;1.00432;0.00264868;-0.000246359;0.994008;0.0203722;0.990512;1;3;1
514.531;905.06;3.41979;5.25087;0.0066683;-0.00685042;0.00022024;0.00667189;-0.00685401;1.00717;0.00532027;-0.0068104;0.996452;0.0211686;0.987903;1;3;1
537.531;905.06;3.60274;5.31222;0.00695662;-0.00819949;0.000359526;0.00696514;-0.00820801;1.0093;0.00338036;-0.00619596;0.995712;0.0206501;0.986761;1;3;1
560.531;905.06;3.73852;5.37898;0.00613464;-0.0074265;0.000159926;0.00613653;-0.00742839;1.00534;-0.000694602;-0.00133539;0.990355;0.0201859;0.988175;1;3;1
583.531;905.06;3.88375;5.4837;0.00755031;-0.00660044;-4.37518e-05;0.00755044;-0.00660057;1.00586;0.00303413;-0.00116862;0.994422;0.0202287;0.99013;1;3;1
606.531;905.06;4.08427;5.53491;0.00843078;-0.00759549;-0.00078893;0.00846952;-0.00763423;1.00525;0.00946708;-0.00443547;0.993406;0.022582;0.980257;1;3;1
629.531;905.06;4.26961;5.66025;0.0065601;-0.00721978;0.000856357;0.00661311;-0.00727279;1.00772;0.00264463;-0.006876;0.9971;0.021544;0.987165;1;4;1
652.531;905.06;4.38454;5.75233;0.00622055;-0.00631838;-0.000638664;0.00625299;-0.00635083;1.00989;0.00170292;-0.00358662;0.996228;0.0232305;0.985854;1;3;1
675.531;905.06;4.55473;5.77704;0.00631225;-0.00763825;-0.000132061;0.0063135;-0.0076395;1.00533;0.00107479;-0.0026859;0.991587;0.0230328;0.984782;1;4;1
698.531;905.06;4.6736;5.94293;0.00541068;-0.00808021;-0.000525383;0.00543111;-0.00810064;1.00666;0.00153775;-0.00286957;0.994757;0.027138;0.975744;1;3;1
721.531;905.06;4.80279;5.8972;0.00828785;-0.00830057;0.000172663;0.00828964;-0.00830236;1.00694;0.00450689;-0.000169151;0.989474;0.0227928;0.982576;1;4;1
744.531;905.06;5.05304;6.08944;0.00795322;-0.00721471;0.00139932;0.00808124;-0.00734272;1.01174;0.00489901;-0.00775007;0.98924;0.0230969;0.985799;1;3;1
767.531;905.06;5.16642;6.16521;0.00580939;-0.0096508;0.000319111;0.00581598;-0.00965738;1.00737;0.00578245;-0.00552677;0.988458;0.0266915;0.982048;1;4;1
790.531;905.06;5.31922;6.25075;0.00813041;-0.00822057;-0.000100497;0.00813103;-0.00822118;1.01099;0.00915005;0.00158696;0.992196;0.0240257;0.982835;1;3;1
813.531;905.06;5.53877;6.28017;0.00889733;-0.00795312;-0.000628213;0.00892072;-0.00797651;1.00217;0.00308303;-0.00093528;0.984942;0.025582;0.974238;1;3;1
836.531;905.06;5.72667;6.29431;0.00804164;-0.00890775;0.000285948;0.00804646;-0.00891257;1.00963;0.00589304;-0.00737303;0.985672;0.0296582;0.966282;1;3;1
859.531;905.06;5.9067;6.49814;0.00756173;-0.00881729;0.000377205;0.00757042;-0.00882597;1.00556;-0.00109504;-0.00351825;0.991785;0.0284353;0.967267;1;3;1
882.531;905.06;6.07264;6.52437;0.00851282;-0.00652498;-0.000929282;0.00857003;-0.00658219;1.01878;0.0055953;-0.00312756;0.995235;0.0232554;0.98457;1;4;1
905.531;905.06;6.29648;6.61791;0.00758858;-0.00644628;0.00016736;0.00759057;-0.00644827;1.00296;0.000296764;-0.00935093;0.993982;0.0203026;0.985787;1;3;1
928.531;905.06;6.4201;6.69091;0.00699099;-0.0084741;-0.000272111;0.00699577;-0.00847889;1.00894;0.00354461;0.00269552;0.990427;0.0216076;0.98394;1;3;1
951.531;905.06;6.61667;6.77886;0.00996604;-0.00648993;0.000123075;0.00996696;-0.00649085;1.00763;-0.00177971;-0.00362994;0.995366;0.0204787;0.988784;1;4;1
974.531;905.06;6.87598;6.85446;0.00816886;-0.00818458;-0.000728772;0.00820127;-0.00821699;1.01152;0.0023342;-0.00425621;0.993183;0.0205304;0.98934;1;3;1
997.531;905.06;6.99075;6.90183;0.005375;-0.00649514;-0.000736782;0.00542056;-0.0065407;0.997857;0.00555394;-0.00273665;0.995558;0.0257562;0.983332;1;3;1
1020.53;905.06;7.12232;7.00607;0.00858041;-0.00685412;-5.82574e-05;0.00858063;-0.00685434;1.01676;0.00140012;-0.00265509;0.995826;0.0270843;0.975048;1;3;1
1043.53;905.06;7.38358;7.03476;0.00818849;-0.00733255;-0.000584561;0.00821048;-0.00735454;1.00335;0.00355498;-0.00151284;0.997762;0.0235147;0.983661;1;3;1
1066.53;905.06;7.49742;7.0745;0.00550117;-0.00696249;-0.0012532;0.00562593;-0.00708725;1.01013;0.0082784;-0.00380369;0.99687;0.0229542;0.983162;1;3;1
1089.53;905.06;7.63575;7.1676;0.00773583;-0.00732137;-0.000474872;0.00775079;-0.00733633;1.005;0.00671816;-0.000226297;0.987731;0.0187041;0.99016;1;3;1
1112.53;905.06;7.85154;7.25718;0.00828619;-0.00758867;-2.64469e-05;0.00828624;-0.00758871;1.00738;0.00532706;-0.00872623;0.992419;0.020455;0.984068;1;3;1
1135.53;905.06;8.01491;7.36957;0.00721377;-0.0102489;2.63847e-05;0.00721381;-0.0102489;1.00818;0.0022619;0.00469446;0.987674;0.0205485;0.9887;1;3;1
1158.53;905.06;8.18184;7.43495;0.00678376;-0.0083857;0.00137208;0.00690687;-0.00850881;1.01294;-0.00180506;-0.00451236;0.990958;0.0209867;0.986537;1;3;1
1181.53;905.06;8.32568;7.51633;0.00756449;-0.00857874;-0.000584024;0.00758559;-0.00859984;1.00094;0.00317548;-0.00187523;0.989294;0.0212399;0.985589;1;3;1
1204.53;905.06;8.52842;7.52306;0.00828893;-0.00869285;-0.00146375;0.00841418;-0.0088181;1.01083;0.00490207;-0.00103644;0.992947;0.0221344;0.983121;1;2;1
1227.53;905.06;8.70537;7.57582;0.0081854;-0.00762238;-0.00150585;0.00832757;-0.00776454;1.01025;0.00309313;-0.00135843;0.989963;0.0228876;0.987113;1;3;1
1250.53;905.06;8.9033;7.62736;0.00803158;-0.00815695;-0.000256338;0.00803564;-0.00816101;1.00529;0.00348569;-0.00396602;0.991588;0.0219543;0.990937;1;3;1
1273.53;905.06;9.07298;7.76035;0.00742126;-0.00955221;0.000643868;0.00744565;-0.0095766;1.00552;0.00508981;-0.0057101;0.995268;0.0287929;0.989585;1;3;1
31.5305;882.06;0.563098;3.58693;0.00391771;-0.00831839;0.00179296;0.00417503;-0.0085757;1.00811;0.00229349;-0.00613463;0.993803;0.0209743;0.989326;1;3;1
54.5305;882.06;0.652794;3.69137;0.00573724;-0.00881265;-2.06738e-05;0.00573727;-0.00881268;1.00491;0.00587102;0.000626129;0.990643;0.0215597;0.985722;1;3;1
77.5306;882.06;0.826084;3.714;0.00693421;-0.00860254;0.000120688;0.00693515;-0.00860348;1.00835;0.0010933;-0.00311198;0.987443;0.0254949;0.986903;1;3;1
100.531;882.06;0.970394;3.85089;0.00592277;-0.00884065;0.00197971;0.00618363;-0.00910151;1.00279;0.0084494;-0.00459813;0.989244;0.0249783;0.984743;1;3;1
123.531;882.06;1.09701;3.97174;0.00467874;-0.00822734;0.00261858;0.0051898;-0.00873839;0.999965;-0.00111115;-0.00833996;0.991627;0.0233832;0.987052;1;3;1
146.531;882.06;1.18449;4.09131;0.00487885;-0.00986526;0.00139176;0.00500908;-0.00999549;1.00502;-0.00240764;-0.00317883;0.994487;0.0212341;0.988227;1;3;1
169.531;882.06;1.32038;4.18986;0.00644578;-0.00756852;-0.000722602;0.00648294;-0.00760568;1.00834;0.00303194;-0.000840192;0.995168;0.0202336;0.99219;1;3;1
192.531;882.06;1.4799;4.20778;0.00450186;-0.00708496;0.00037354;0.00451389;-0.00709699;1.0025;0.0005712;-0.00419596;0.99525;0.0263278;0.97719;1;3;1
215.531;882.06;1.52687;4.29936;0.00505655;-0.00737774;0.000148464;0.00505832;-0.00737952;1.00494;0.00902873;-0.00329253;0.990489;0.0274513;0.981703;1;3;1
238.531;882.06;1.71146;4.41387;0.00728589;-0.0079498;0.000353097;0.00729406;-0.00795798;1.00708;0.00654657;-0.00413787;0.994032;0.0209611;0.989531;1;3;1
261.531;882.06;1.86047;4.47742;0.00604242;-0.00763504;0.000995583;0.00611451;-0.00770713;1.00183;0.00063789;-0.00398168;0.993149;0.0218313;0.986398;1;3;1
284.531;882.06;1.9882;4.60089;0.00674171;-0.00919813;0.000977596;0.00680144;-0.00925786;1.00972;0.0042375;-0.00430154;0.99147;0.0175223;0.991579;1;3;1
307.531;882.06;2.16912;4.67556;0.00723441;-0.00757049;-0.000319571;0.00724131;-0.00757739;1.01014;0.00802138;-0.00183706;0.991937;0.0214438;0.990545;1;3;1
330.531;882.06;2.31945;4.77765;0.00653675;-0.00790062;0.000492287;0.00655352;-0.00791738;1.00666;0.000773975;-0.00415034;0.992313;0.0218831;0.987575;1;3;1
353.531;882.06;2.46859;4.82653;0.00528343;-0.00854413;0.000667837;0.00531561;-0.00857631;1.00839;-0.00167887;-0.00365406;0.989895;0.0200433;0.99173;1;3;1
376.531;882.06;2.5616;4.92801;0.00632197;-0.0071688;0.000180021;0.00632437;-0.0071712;1.00763;0.00575846;-0.00217985;0.993285;0.0219212;0.986507;1;4;1
399.531;882.06;2.75806;5.02588;0.00695053;-0.00700324;0.00093004;0.00701224;-0.00706496;1.00522;-0.00016732;-0.00681209;0.992663;0.0204629;0.987838;1;3;1
422.531;882.06;2.87994;5.08895;0.00610118;-0.00826646;0.000459132;0.00611583;-0.00828112;1.00692;0.0108475;-0.00344025;0.989455;0.0235027;0.981549;1;4;1
445.531;882.06;3.03755;5.19593;0.00774215;-0.00700539;-0.000877181;0.00779414;-0.00705738;1.01118;0.00404254;-0.00281099;0.99132;0.0195802;0.992305;1;3;1
468.531;882.06;3.23446;5.24077;0.00638009;-0.00850914;0.000299896;0.00638613;-0.00851518;1.00521;0.000255663;-0.00241828;0.990222;0.0202723;0.990795;1;3;1
491.531;882.06;3.32996;5.31364;0.00603292;-0.0075121;0.000187633;0.00603552;-0.0075147;1.00743;0.00261968;-0.00409212;0.990044;0.0226446;0.984721;1;3;1
514.531;882.06;3.5109;5.39068;0.00641278;-0.00780127;0.000604004;0.0064384;-0.00782689;1.00448;0.00146482;-0.00461642;0.991952;0.0210336;0.985929;1;3;1
537.531;882.06;3.62362;5.50266;0.00661717;-0.00757056;0.000941345;0.00667936;-0.00763275;1.00792;0.00334535;-0.00463053;0.989396;0.0221849;0.984553;1;3;1
560.531;882.06;3.81389;5.58327;0.00699381;-0.00766299;-0.000514562;0.00701185;-0.00768103;1.0079;0.00623707;-0.00260975;0.993699;0.0233575;0.986358;1;3;1
583.531;882.06;3.94412;5.59471;0.00852307;-0.00768678;-0.000216502;0.00852596;-0.00768967;1.00192;0.000358516;-0.000633559;0.990766;0.0229963;0.982695;1;3;1
606.531;882.06;4.20412;5.71233;0.00808516;-0.00827349;0.000925733;0.00813738;-0.00832571;1.00905;0.000160311;-0.00326388;0.994399;0.0253688;0.981406;1;3;1
629.531;882.06;4.31398;5.82467;0.00638359;-0.00734421;0.000244813;0.00638795;-0.00734857;1.00236;0.00307014;-0.00943847;0.994387;0.0211226;0.989763;1;3;1
652.531;882.06;4.49664;5.84426;0.00774514;-0.00719917;0.000363075;0.00775396;-0.00720799;1.0062;0.000907762;0.00130417;0.991309;0.0241157;0.985713;1;3;1
675.531;882.06;4.66852;6.0083;0.00624249;-0.00934321;0.00127078;0.00634543;-0.00944614;1.01037;0.00373363;-0.0133107;0.990801;0.0244154;0.983438;1;3;1
698.531;882.06;4.78235;6.0724;0.0059892;-0.00720552;-0.000738799;0.00603044;-0.00724676;1.00323;0.00498167;0.00220229;0.997288;0.024399;0.979419;1;4;1
721.531;882.06;4.94302;6.13824;0.00715001;-0.00929448;-0.00061073;0.00717266;-0.00931713;1.00683;0.00603933;-0.00722776;0.992144;0.0248066;0.978361;1;3;1
744.531;882.06;5.1097;6.2596;0.00820218;-0.00631542;0.000309382;0.00820877;-0.00632201;1.01031;0.00526569;-0.00574989;0.997247;0.0227674;0.980012;1;4;1
767.531;882.06;5.31828;6.35632;0.00651433;-0.00685022;-0.000747309;0.00655599;-0.00689188;1.00858;0.00245864;-0.0048675;0.99582;0.0231826;0.97684;1;3;1
790.531;882.06;5.40807;6.431;0.00569482;-0.00714048;-0.000924028;0.005761;-0.00720666;0.999955;0.00731014;-0.00270731;0.992095;0.0273058;0.978358;1;3;1
813.531;882.06;5.57937;6.46263;0.00854081;-0.00777295;-0.000569726;0.00856068;-0.00779282;1.00982;0.00567309;0.000812982;0.9973;0.0238508;0.982723;1;3;1
836.531;882.06;5.7991;6.56122;0.0101542;-0.0101862;0.000445936;0.0101639;-0.010196;1.01018;0.00632279;-0.00392389;0.986557;0.0257913;0.977149;1;3;1
859.531;882.06;6.04363;6.67669;0.00876364;-0.00719119;-0.000846401;0.00880842;-0.00723597;1.00962;0.00815221;-0.00642523;0.985223;0.031325;0.948323;1;3;1
882.531;882.06;6.20039;6.65025;0.0061435;-0.00792891;-0.00105469;0.00622211;-0.00800752;1.00926;0.00534562;-0.00141799;0.991643;0.0249551;0.973046;1;3;1
905.531;882.06;6.32529;6.76128;0.00719188;-0.00817746;0.000177756;0.00719394;-0.00817951;1.00476;0.00711266;-0.00928004;0.994911;0.0212136;0.982946;1;3;1
928.531;882.06;6.52946;6.88191;0.00700818;-0.00832265;-0.000939784;0.00706558;-0.00838004;1.00781;0.00527971;0.00163757;0.99209;0.0275318;0.971467;1;3;1
951.531;882.06;6.6463;6.91195;0.00711724;-0.00798199;0.000700954;0.00714971;-0.00801446;1.00166;0.00707255;-0.00329078;0.990604;0.0235414;0.978427;1;3;1
974.531;882.06;6.85549;7.02166;0.00934489;-0.00673119;0.00141259;0.00946807;-0.00685437;1.01036;-0.000340131;-0.00453236;0.994455;0.0248539;0.981356;1;3;1
997.531;882.06;7.07396;7.05102;0.00756435;-0.00704273;0.000646214;0.00759288;-0.00707126;1.0065;0.00309684;-0.00459432;0.993502;0.0229938;0.985365;1;3;1
1020.53;882.06;7.20196;7.1516;0.00658578;-0.00707437;9.92811e-05;0.00658651;-0.00707509;1.00919;0.00274063;-0.00150585;0.992798;0.0255017;0.97675;1;2;1
1043.53;882.06;7.37567;7.20161;0.00894786;-0.00809593;9.32443e-05;0.00894837;-0.00809644;1.00824;-0.000844538;0.000472933;0.986039;0.0213907;0.982821;1;3;1
1066.53;882.06;7.61156;7.27925;0.00868617;-0.00858514;-0.00024382;0.00868962;-0.00858858;1.01259;-0.00227476;-0.00492806;0.989409;0.019201;0.990167;1;3;1
1089.53;882.06;7.77333;7.33457;0.00770324;-0.00747643;-0.00106112;0.00777705;-0.00755025;1.00374;0.00416703;7.81042e-05;0.995921;0.025585;0.978955;1;4;1
1112.53;882.06;7.96428;7.43911;0.00590238;-0.00809192;0.000391789;0.00591334;-0.00810289;1.00802;0.00350565;-0.0125209;0.991408;0.0199689;0.990051;1;4;1
1135.53;882.06;8.04337;7.58361;0.00393273;-0.00640006;0.00117362;0.00406436;-0.00653169;1.00381;0.00268489;0.00164871;0.993484;0.0225895;0.989322;1;3;1
1158.53;882.06;8.14457;7.59441;0.00715478;-0.00764609;8.8481e-05;0.00715531;-0.00764662;1.01085;0.00140385;-0.00356335;0.997734;0.02065;0.984994;1;3;1
1181.53;882.06;8.37125;7.66631;0.0100565;-0.00610096;-0.000321551;0.0100629;-0.00610735;1.01033;0.0111448;-0.000336936;0.997313;0.0204777;0.983656;1;3;1
1204.53;882.06;8.60467;7.72837;0.00887053;-0.0076872;6.76359e-05;0.00887081;-0.00768748;1.00935;0.000956202;-0.00156541;0.991087;0.0180066;0.988694;1;3;1
1227.53;882.06;8.77738;7.77092;0.00775043;-0.00763928;-0.000115262;0.0077513;-0.00764015;1.0071;0.000851479;-0.00471767;0.993452;0.0194527;0.989208;1;3;1
1250.53;882.06;8.95972;7.82501;0.0081515;-0.00870339;0.000820849;0.00819138;-0.00874327;1.00907;0.00194522;0.000467942;0.991232;0.0201167;0.985771;1;3;1
1273.53;882.06;9.15053;7.9386;0.00834279;-0.00811967;0.00107899;0.00841321;-0.00819009;1.00433;8.04639e-06;-0.0115929;0.993753;0.0240467;0.988492;1;3;1
31.5305;859.06;0.58232;3.79214;0.00588;-0.00953789;0.000613369;0.00590436;-0.00956226;1.00905;0.00303657;-0.00660196;0.987791;0.0237172;0.991014;1;3;1
54.5305;859.06;0.716942;3.89348;0.00564797;-0.00916592;0.000139642;0.00564928;-0.00916724;1.0077;0.00425378;-0.00517135;0.989754;0.0259416;0.983197;1;3;1
77.5306;859.06;0.84111;3.95486;0.00470154;-0.00968998;4.96484e-07;0.00470154;-0.00968998;1.00736;0.00258572;-0.000921466;0.99219;0.0224605;0.985726;1;3;1
100.531;859.06;0.932384;4.06636;0.00581536;-0.00953478;0.00133687;0.00593092;-0.00965034;1.0049;-0.0058734;-0.00580955;0.989796;0.0222127;0.988234;1;3;1
123.531;859.06;1.10741;4.15588;0.00713584;-0.00953847;0.000822493;0.00717631;-0.00957894;1.00355;0.00371132;-0.00423162;0.991579;0.022964;0.987471;1;3;1
146.531;859.06;1.25889;4.29872;0.00800278;-0.0085154;0.000152378;0.00800418;-0.00851681;1.00724;0.0114139;-0.00344507;0.987973;0.0234431;0.983536;1;3;1
169.531;859.06;1.47382;4.30861;0.00501031;-0.00690238;-0.000347166;0.00502042;-0.00691249;1.00962;0.00253415;0.00110212;0.990899;0.0226924;0.989;1;4;1
192.531;859.06;1.48868;4.39959;0.00417868;-0.00926979;0.00145049;0.00433334;-0.00942445;1.00587;-0.00865791;-0.00505858;0.989858;0.0246698;0.986198;1;3;1
215.531;859.06;1.66524;4.502;0.00598493;-0.00969263;4.52974e-05;0.00598506;-0.00969276;1.00477;-0.00320013;-0.00705884;0.991457;0.0211373;0.989585;1;3;1
238.531;859.06;1.76268;4.61143;0.00637142;-0.00955113;0.00017347;0.00637331;-0.00955302;1.00799;-0.000519845;-0.00324409;0.988827;0.0225152;0.987023;1;2;1
261.531;859.06;1.95703;4.68627;0.00703352;-0.00921954;0.000988323;0.00709339;-0.00927942;1.00611;0.00552354;-0.00543374;0.988445;0.0180814;0.990547;1;3;1
284.531;859.06;2.08462;4.82138;0.00676335;-0.00788707;-0.000225022;0.00676681;-0.00789052;1.00567;0.0019737;-0.000290431;0.991759;0.0192198;0.988536;1;3;1
307.531;859.06;2.26678;4.85657;0.00612489;-0.00816162;7.35479e-05;0.00612527;-0.008162;1.00841;0.00182476;-0.00527103;0.993058;0.021109;0.989829;1;3;1
330.531;859.06;2.36523;4.9805;0.00465495;-0.00842619;0.000818058;0.00470591;-0.00847716;0.998825;0.00566729;-0.00235308;0.990356;0.0239352;0.988305;1;3;1
353.531;859.06;2.48002;5.04815;0.00693572;-0.00754579;-0.000172823;0.00693778;-0.00754785;1.01536;0.00057079;-0.00524114;0.988999;0.0224217;0.985273;1;3;1
376.531;859.06;2.68308;5.07407;0.00625187;-0.00792993;-0.000153056;0.00625352;-0.00793158;1.00682;-0.00305829;-0.00130785;0.992401;0.0214927;0.987721;1;3;1
399.531;859.06;2.76658;5.15757;0.00578078;-0.00694973;0.00207346;0.00610998;-0.00727893;1.00451;-0.0025242;-0.00495237;0.992114;0.0245778;0.983527;1;3;1
422.531;859.06;2.94762;5.31261;0.00824386;-0.00950113;-8.8234e-05;0.00824429;-0.00950157;1.01187;0.00093186;-0.00341783;0.992207;0.0220577;0.989406;1;3;1
445.531;859.06;3.1438;5.36241;0.00649224;-0.00816403;-0.000546781;0.00651261;-0.0081844;1.00693;0.001388;-0.00428852;0.991814;0.0218986;0.986255;1;3;1
468.531;859.06;3.24511;5.44393;0.00620271;-0.00906701;3.11855e-05;0.00620278;-0.00906707;1.00618;0.000822618;-0.00501331;0.991175;0.0202723;0.986766;1;3;1
491.531;859.06;3.4281;5.47671;0.00667713;-0.00877669;0.0006024;0.00670057;-0.00880014;1.00363;-0.00159307;-0.00066538;0.99653;0.0208005;0.987791;1;3;1
514.531;859.06;3.55094;5.61133;0.00608038;-0.00823274;0.0006699;0.00611166;-0.00826403;1.00755;0.00134829;-0.00488391;0.988122;0.0211815;0.985016;1;3;1
537.531;859.06;3.70658;5.66191;0.00710011;-0.00836582;-0.000632087;0.0071259;-0.00839162;1.01077;0.00426339;-0.00310203;0.993329;0.0241031;0.976367;1;3;1
560.531;859.06;3.87623;5.73304;0.00707367;-0.00965288;0.000107155;0.00707436;-0.00965357;1.00665;-0.00167399;-0.00341499;0.990516;0.0237749;0.982837;1;4;1
583.531;859.06;4.03049;5.8389;0.00764082;-0.0101733;0.000324266;0.00764672;-0.0101792;1.00514;0.00407272;-0.00385053;0.99022;0.0206577;0.989087;1;3;1
606.531;859.06;4.22601;5.9173;0.00757523;-0.00938868;0.00135057;0.00768208;-0.00949553;1.00901;0.00253526;-0.00432978;0.991128;0.0202823;0.986388;1;3;1
629.531;859.06;4.37736;5.99946;0.00668741;-0.00861587;0.000979163;0.00674981;-0.00867827;1.00278;0.00135427;-0.00244905;0.988071;0.0208025;0.988669;1;3;1
652.531;859.06;4.5323;6.08493;0.00624229;-0.00939821;0.00103661;0.00631069;-0.00946662;1.00497;0.00217004;-0.00349858;0.990579;0.0201657;0.98763;1;3;1
675.531;859.06;4.66314;6.20899;0.00736357;-0.00700634;0.000466575;0.00737871;-0.00702148;1.00719;0.0011755;-0.00439639;0.992712;0.0239521;0.979253;1;3;1
698.531;859.06;4.8694;6.276;0.00828896;-0.00971725;-0.000245308;0.0082923;-0.00972059;1.01162;0.00752736;0.0005071;0.987723;0.0229377;0.979439;1;3;1
721.531;859.06;5.04272;6.32738;0.0080862;-0.00919248;-0.00062866;0.00810904;-0.00921532;1.00697;0.00552884;-0.00394892;0.988938;0.0206023;0.986736;1;3;1
744.531;859.06;5.23975;6.38126;0.00788728;-0.00632254;0.000454044;0.00790177;-0.00633703;1.00385;0.00404534;-0.0050614;0.989195;0.0232974;0.97877;1;3;1
767.531;859.06;5.40385;6.48202;0.00587333;-0.00640408;-0.000243232;0.00587815;-0.0064089;1.0167;0.00786276;-0.00129433;0.991075;0.0226779;0.98491;1;4;1
790.531;859.06;5.50871;6.58079;0.00687738;-0.00756188;-0.000637598;0.00690548;-0.00758998;1.00639;-0.0024393;-0.00525102;0.987012;0.0317177;0.966313;1;3;1
813.531;859.06;5.71886;6.63949;0.00845865;-0.00947035;-0.0006602;0.00848293;-0.00949463;1.00959;0.00107925;-0.00938087;0.989101;0.0217725;0.985115;1;3;1
836.531;859.06;5.8958;6.7656;0.00770428;-0.00688841;-0.000166967;0.00770619;-0.00689032;1.00715;0.00174508;0.00158534;0.993233;0.0218228;0.98694;1;3;1
859.531;859.06;6.07151;6.83043;0.00778754;-0.00643145;0.000200318;0.00779036;-0.00643427;1.00619;-0.0021081;-0.00232375;0.993301;0.0283494;0.971291;1;3;1
882.531;859.06;6.25248;6.89091;0.00954841;-0.00973913;0.000790783;0.00958077;-0.0097715;1.01146;-0.000444617;-0.00837763;0.989129;0.023984;0.977076;1;3;1
905.531;859.06;6.50837;6.99611;0.00878231;-0.00851923;0.000555684;0.00880014;-0.00853706;1.00599;0.00774142;0.00102995;0.99231;0.025596;0.973611;1;4;1
928.531;859.06;6.65434;7.07596;0.00396811;-0.00849757;-0.000621983;0.00399906;-0.00852853;1.0063;0.00766879;-0.0102803;0.992163;0.0254649;0.978353;1;3;1
951.531;859.06;6.69029;7.14757;0.00500889;-0.00747139;-0.0014597;0.00517734;-0.00763984;1.00599;0.00630188;-0.00106754;0.995032;0.0234067;0.98172;1;3;1
974.531;859.06;6.88408;7.16515;0.00806651;-0.00760144;-0.000532908;0.00808462;-0.00761954;1.00644;0.00680257;-0.00205305;0.992627;0.0233875;0.980119;1;3;1
997.531;859.06;7.0598;7.22699;0.00825142;-0.00994594;0.000664804;0.00827568;-0.00997019;1.01075;0.00267378;-0.00316066;0.988491;0.024363;0.978823;1;3;1
1020.53;859.06;7.26179;7.33286;0.00963575;-0.00856835;0.000138453;0.00963681;-0.0085694;1.00631;0.00206995;-0.00347673;0.990553;0.0194725;0.985924;1;3;1
1043.53;859.06;7.50057;7.40884;0.00848682;-0.00827316;-0.000133;0.00848787;-0.00827421;1.00773;0.0039203;-0.00306487;0.995711;0.0195546;0.989306;1;3;1
1066.53;859.06;7.65034;7.47138;0.00850611;-0.00766903;0.000210208;0.00850885;-0.00767176;1.00824;0.00230149;-0.00252911;0.992148;0.0214104;0.985597;1;3;1
1089.53;859.06;7.89008;7.51352;0.00897941;-0.00831419;0.000258407;0.00898327;-0.00831805;1.00955;-0.00165833;-0.00632393;0.997712;0.0235501;0.983723;1;3;1
1112.53;859.06;8.06128;7.63141;0.0037293;-0.00859429;-0.000117305;0.00373042;-0.00859541;1.00239;0.00922003;-0.00128632;0.992579;0.0252041;0.977146;1;3;1
1135.53;859.06;8.06107;7.66494;0.0042314;-0.00614519;0.000354448;0.0042435;-0.00615729;1.00473;-0.0044564;-0.00123186;0.996928;0.0297663;0.974723;1;3;1
1158.53;859.06;8.25524;7.78808;0.00930189;-0.00867287;-0.000965738;0.00935363;-0.0087246;1.00544;0.00770552;-0.00761709;0.984536;0.0314638;0.965675;1;4;1
1181.53;859.06;8.48679;7.79812;0.00807559;-0.00760361;-0.00122972;0.00817145;-0.00769947;1.00803;0.00315546;-0.00347107;0.989835;0.0245487;0.981503;1;3;1
1204.53;859.06;8.62515;7.87814;0.00707802;-0.00533967;-0.000139034;0.00707958;-0.00534122;1.00999;0.00784127;0.0011588;0.994238;0.026553;0.971133;1;3;1
1227.53;859.06;8.81105;7.92871;0.00804003;-0.00721089;-0.000481958;0.00805525;-0.00722611;1.00849;0.00622684;-0.00701022;0.994935;0.0238804;0.982354;1;3;1
1250.53;859.06;8.99327;8.02956;0.00845742;-0.00826353;-0.000166128;0.00845907;-0.00826518;1.0076;0.00855831;3.62604e-05;0.995327;0.0268258;0.977094;1;3;1
1273.53;859.06;9.198;8.13555;0.00895171;-0.00638284;4.14128e-05;0.00895182;-0.00638295;1.00486;0.00655959;-0.0154435;0.990297;0.0310832;0.982402;1;4;1
31.5305;836.06;0.706579;4.02801;0.00409187;-0.0084525;3.4112e-05;0.00409196;-0.00845259;0.988105;0.00321784;-0.00455169;0.98861;0.0220369;0.989146;1;3;1
54.5305;836.06;0.800336;4.1152;0.00632518;-0.00730009;-0.000198192;0.00632806;-0.00730297;1.01147;0.00082099;-0.00180721;0.991417;0.0246263;0.988104;1;3;1
77.5306;836.06;0.996429;4.16224;0.00536346;-0.00821962;-0.000227117;0.00536726;-0.00822342;1.00395;0.0088948;-0.00460041;0.992746;0.0201431;0.992203;1;3;1
100.531;836.06;1.04606;4.29166;0.00555103;-0.00847554;0.00037295;0.00556094;-0.00848545;1.00966;0.00785645;-0.00546191;0.994969;0.0262715;0.98144;1;3;1
123.531;836.06;1.25039;4.41288;0.00599952;-0.00903976;0.000544377;0.0060192;-0.00905944;1.00266;0.000570226;-0.00373342;0.9934;0.0235879;0.987096;1;3;1
146.531;836.06;1.32081;4.4849;0.00439081;-0.00765917;-0.000192296;0.00439388;-0.00766223;1.00417;-0.000785798;-0.00382067;0.990969;0.0197538;0.990051;1;4;1
169.531;836.06;1.45183;4.50867;0.00473358;-0.0096774;0.00059376;0.004758;-0.00970182;1.00469;0.0022892;-0.000570225;0.988954;0.0238207;0.986148;1;4;1
192.531;836.06;1.5378;4.63623;0.00610651;-0.00902375;0.000316386;0.00611312;-0.00903036;1.0034;0.0120006;-0.00251519;0.988623;0.02505;0.98616;1;3;1
215.531;836.06;1.73126;4.74787;0.00741159;-0.00858619;0.000390784;0.00742113;-0.00859573;1.00868;0.00745706;-0.0110499;0.992671;0.0273168;0.983071;1;3;1
238.531;836.06;1.87696;4.85564;0.00535646;-0.00854056;-0.00023066;0.00536029;-0.00854439;1.00497;0.0066755;-0.00239987;0.992157;0.0227623;0.991326;1;3;1
261.531;836.06;1.97674;4.90365;0.00653755;-0.00907788;-0.000395229;0.00654755;-0.00908787;1.00688;0.00346018;-0.00364266;0.994114;0.0194894;0.992869;1;3;1
284.531;836.06;2.17658;4.96553;0.00747916;-0.00714901;-0.000277622;0.00748442;-0.00715428;1.00741;0.00623575;-0.00245529;0.99546;0.0203036;0.991987;1;3;1
307.531;836.06;2.31926;5.05279;0.00561307;-0.00819364;0.000998736;0.00568494;-0.00826551;1.00567;0.0021222;-0.00569606;0.988253;0.0238408;0.988115;1;3;1
330.531;836.06;2.43362;5.16704;0.00561365;-0.00784193;-0.000742254;0.00565447;-0.00788275;1.00054;-0.000723556;0.00226479;0.991989;0.022816;0.988048;1;3;1
353.531;836.06;2.57661;5.17508;0.00545006;-0.00880963;-0.000194633;0.00545272;-0.00881229;1.01245;0.00753863;-0.0054821;0.992682;0.0251808;0.983228;1;3;1
376.531;836.06;2.68347;5.29441;0.00496063;-0.00999809;0.00133679;0.00507916;-0.0101166;1.00444;0.00623555;-0.00384246;0.98889;0.0243647;0.97712;1;3;1
399.531;836.06;2.80391;5.34671;0.00887274;-0.00904136;0.000576842;0.0088913;-0.00905992;1.00924;0.00833711;-0.0022947;0.988657;0.0254095;0.98308;1;3;1
422.531;836.06;3.08923;5.52858;0.00903129;-0.00717011;0.000699019;0.00906139;-0.00720022;1.01375;0.00357787;-0.00571933;0.995025;0.0200019;0.988713;1;3;1
445.531;836.06;3.21694;5.57338;0.00556187;-0.00750485;4.53264e-05;0.00556202;-0.00750501;1.00369;0.000822867;-0.00309464;0.993961;0.0221539;0.989071;1;3;1
468.531;836.06;3.34418;5.65989;0.00485981;-0.00763552;-0.000358228;0.00487007;-0.00764578;1.00979;0.00556686;-0.00131996;0.991374;0.0223102;0.981907;1;3;1
491.531;836.06;3.43972;5.71928;0.00628413;-0.0093044;1.56727e-05;0.00628415;-0.00930442;1.00375;0.00357333;-0.00654122;0.984371;0.0249862;0.980227;1;3;1
514.531;836.06;3.63221;5.77112;0.00789614;-0.00835757;0.000366847;0.00790442;-0.00836584;1.00333;0.00559889;-0.00320404;0.99495;0.0216001;0.990969;1;3;1
537.531;836.06;3.80121;5.88946;0.00756442;-0.00815782;0.00138611;0.00768569;-0.00827909;1.00749;-5.29484e-05;-0.00735643;0.991894;0.0239311;0.984708;1;3;1
560.531;836.06;3.97815;6.02976;0.00642559;-0.00786439;0.000414811;0.00643762;-0.00787642;1.01065;0.00134624;-0.00406776;0.992882;0.0215761;0.98758;1;3;1
583.531;836.06;4.09551;6.06533;0.00568225;-0.0073065;-0.000324724;0.00569037;-0.00731462;0.9995;0.00172811;0.00156854;0.989705;0.0233347;0.98275;1;4;1
606.531;836.06;4.23865;6.14627;0.0064192;-0.00692643;0.000208993;0.00642247;-0.0069297;1.00892;0.00228202;-0.00553687;0.990989;0.0233736;0.987573;1;3;1
629.531;836.06;4.38958;6.22278;0.00806874;-0.00741261;-0.000138079;0.00806997;-0.00741384;1.00361;0.00288527;-0.00105537;0.992697;0.0188503;0.989327;1;3;1
652.531;836.06;4.60813;6.27876;0.00927747;-0.00711705;-0.000746992;0.00931143;-0.00715102;1.01154;0.00575492;-0.00420891;0.993061;0.0206083;0.986874;1;3;1
675.531;836.06;4.81425;6.33196;0.00683876;-0.00501852;0.000938077;0.00691251;-0.00509228;1.00753;0.0104896;-0.00362577;0.99699;0.0224639;0.981813;1;4;1
698.531;836.06;4.92101;6.5218;0.00632797;-0.00647215;0.00111625;0.00642459;-0.00656877;1.00615;-0.000523274;-0.00181581;0.992159;0.0237417;0.982605;1;3;1
721.531;836.06;5.10385;6.56334;0.00653679;-0.00773275;-0.0010435;0.0066127;-0.00780865;1.00544;-0.00203353;0.000668613;0.990865;0.0251487;0.981652;1;3;1
744.531;836.06;5.22072;6.55149;0.00947621;-0.00755495;0.000149058;0.00947752;-0.00755625;1.01406;-0.00112417;-0.00239189;0.994096;0.0262465;0.972069;1;4;1
767.531;836.06;5.53762;6.65239;0.00876384;-0.00761042;0.00044811;0.00877609;-0.00762267;1.00142;-0.00507976;-0.00717055;0.990164;0.0284552;0.971559;1;4;1
790.531;836.06;5.62154;6.78067;0.00619666;-0.00741622;0.000504298;0.00621532;-0.00743488;1.00985;0.00332873;-0.00683253;0.996705;0.0243084;0.97933;1;3;1
813.531;836.06;5.82112;6.90099;0.00831896;-0.0078533;-0.00133224;0.00842798;-0.00796231;1.00818;0.0112425;-0.000968223;0.991758;0.0244869;0.981571;1;3;1
836.531;836.06;6.00252;6.87964;0.00715194;-0.00715465;-0.00156674;0.0073215;-0.00732421;1.00678;0.00671068;0.00341237;0.994356;0.0236244;0.984809;1;3;1
859.531;836.06;6.14889;6.97362;0.00629907;-0.00669559;0.00115934;0.0064017;-0.00679821;1.00533;0.00128679;-0.00985133;0.991649;0.0275157;0.968216;1;3;1
882.531;836.06;6.29085;7.10054;0.0067169;-0.00648577;0.00149849;0.00688484;-0.00665372;1.00351;6.47736e-05;-0.00287971;0.997398;0.0210079;0.9875;1;3;1
905.531;836.06;6.45648;7.15503;0.00973183;-0.00682528;0.00120529;0.00981911;-0.00691256;1.01355;-0.00175701;0.00165585;0.991617;0.0254558;0.9725;1;3;1
928.531;836.06;6.73603;7.27494;0.00898861;-0.00705962;-0.000401366;0.00899865;-0.00706965;1.00922;0.00248153;-0.0039107;0.989228;0.0241164;0.984087;1;3;1
951.531;836.06;6.868;7.25747;0.0053707;-0.00667276;-0.00227433;0.00578588;-0.00708794;1.00326;0.00265429;0.00126919;0.993029;0.0242829;0.984316;1;3;1
974.531;836.06;6.98232;7.37284;0.00677679;-0.00813703;0.000617004;0.00680227;-0.00816251;1.01047;0.00284506;-0.0102621;0.988282;0.0209705;0.986779;1;3;1
997.531;836.06;7.17799;7.51095;0.00842488;-0.007188;-0.000969305;0.00848483;-0.00724795;1.00596;0.0100568;-0.00390017;0.999792;0.0235801;0.980331;1;4;1
1020.53;836.06;7.36791;7.54775;0.00755201;-0.00665786;-0.00158495;0.00772665;-0.0068325;1.00157;0.00793616;-0.00368793;0.99478;0.0226948;0.983913;1;3;1
1043.53;836.06;7.52402;7.584;0.00714598;-0.00903308;0.000290481;0.0071512;-0.0090383;1.01024;0.00357391;-0.00299145;0.99474;0.018836;0.987628;1;3;1
1066.53;836.06;7.69538;7.63346;0.00836557;-0.00650297;-0.000382598;0.00837541;-0.00651281;1.01031;0.00669157;-0.00326829;0.99361;0.0216104;0.988594;1;3;1
1089.53;836.06;7.90705;7.71882;0.00938388;-0.00882855;0.00142171;0.00949419;-0.00893886;1.00776;0.0011595;-0.00426697;0.98904;0.0210835;0.990977;1;3;1
1112.53;836.06;8.12459;7.83644;0.00564936;-0.00698006;0.000709734;0.00568912;-0.00701982;1.0052;-0.00629301;-0.0033487;0.989388;0.0247993;0.978324;1;3;1
1135.53;836.06;8.16595;7.86732;0.00521116;-0.00713291;-0.00146811;0.00538337;-0.00730512;1.00645;0.0108654;-0.00375997;0.992702;0.0252605;0.98349;1;4;1
1158.53;836.06;8.36341;7.99564;0.00887458;-0.00702488;-0.00137542;0.00899269;-0.00714299;1.01208;0.00707921;-0.00708724;0.996915;0.0242952;0.975416;1;3;1
1181.53;836.06;8.57214;8.01786;0.00835954;-0.00776124;-0.00225373;0.00866869;-0.00807039;1.00529;-0.000117319;0.00364891;0.992766;0.0220914;0.976387;1;3;1
1204.53;836.06;8.74635;7.97488;0.00869916;-0.00737516;-0.00194804;0.00893187;-0.00760787;1.00927;0.00266669;-0.00481896;0.998163;0.0234674;0.979461;1;3;1
1227.53;836.06;8.9705;8.10423;0.00944693;-0.0082934;0.000567787;0.00946508;-0.00831156;1.00655;0.00240891;-0.00204004;0.986928;0.0232952;0.98564;1;3;1
1250.53;836.06;9.17829;8.20724;0.00840911;-0.00736679;-0.000819197;0.00845154;-0.00740922;1.00706;-0.00335033;-0.0075312;0.985848;0.0251673;0.979897;1;4;1
1273.53;836.06;9.35552;8.23361;0.00773599;-0.00653478;-0.00167951;0.00793099;-0.00672977;1.01278;-0.00218051;0.00383677;0.996952;0.0322358;0.992568;1;3;1
31.5305;813.06;0.751386;4.18292;0.00506221;-0.00729338;-0.000135407;0.00506369;-0.00729486;1.00682;0.00218968;-0.00523248;0.995626;0.024517;0.987241;1;3;1
54.5305;813.06;0.867474;4.23077;0.00621122;-0.00643236;0.000510571;0.0062318;-0.00645294;1.00466;0.000335971;-0.000687291;0.994169;0.0230599;0.986924;1;3;1
77.5306;813.06;1.03597;4.33494;0.00607234;-0.00828992;0.00127058;0.00618388;-0.00840146;1.01076;0.00248025;-0.00658927;0.990706;0.0186806;0.99548;1;3;1
100.531;813.06;1.1454;4.4584;0.00463279;-0.00817936;0.00109051;0.00472495;-0.00827151;1.00945;0.00368288;-0.00204603;0.989086;0.0226835;0.990415;1;3;1
123.531;813.06;1.24797;4.57382;0.00492829;-0.00708682;0.000904924;0.00499607;-0.00715459;0.998837;0.00345537;-0.00465658;0.994852;0.0250975;0.988024;1;3;1
146.531;813.06;1.37114;4.65254;0.00700238;-0.00759747;0.000890218;0.00705646;-0.00765155;1.00544;0.0016874;-0.0076244;0.994784;0.0231367;0.991839;1;3;1
169.531;813.06;1.5686;4.75605;0.00707917;-0.00994083;0.000356122;0.00708662;-0.00994828;1.01151;0.00680581;-0.00169649;0.991322;0.0224837;0.989819;1;3;1
192.531;813.06;1.69534;4.81704;0.00604185;-0.00816772;6.33318e-05;0.00604213;-0.008168;1.00448;-0.000193736;-0.0020332;0.992635;0.0229467;0.985196;1;3;1
215.531;813.06;1.84547;4.89903;0.00528466;-0.00782413;0.00069442;0.00532134;-0.00786081;1.00775;0.00381421;-0.00616771;0.99313;0.0256655;0.980222;1;3;1
238.531;813.06;1.93741;5.00632;0.00558792;-0.00689377;0.00140916;0.00574503;-0.00705088;1.00379;-0.000689741;-0.00230393;0.995359;0.0189934;0.991232;1;3;1
261.531;813.06;2.10134;5.106;0.00697553;-0.00837638;-0.000662441;0.00700407;-0.00840491;1.00822;0.00493159;-0.00424226;0.988002;0.0187249;0.991967;1;3;1
284.531;813.06;2.25695;5.15174;0.00595228;-0.00788471;0.000574628;0.0059761;-0.00790853;1.00571;-0.00170726;-0.00119662;0.988552;0.0205439;0.991468;1;3;1
307.531;813.06;2.37415;5.23516;0.00648259;-0.00770125;0.000665997;0.0065138;-0.00773246;1.00602;0.00231099;-0.00476484;0.996024;0.0235907;0.986955;1;3;1
330.531;813.06;2.55379;5.34305;0.00544429;-0.00796365;0.000605761;0.0054716;-0.00799096;1.00491;0.001799;-0.00258735;0.989584;0.0252301;0.980153;1;3;1
353.531;813.06;2.62339;5.45542;0.00384183;-0.00941536;0.000924743;0.00390602;-0.00947955;1.00445;0.000613216;-0.00266795;0.993463;0.0288381;0.986406;1;3;1
376.531;813.06;2.72977;5.53633;0.00699727;-0.00899397;-0.00011415;0.00699809;-0.00899478;1.01038;0.000891995;-0.00406739;0.990296;0.0229229;0.982637;1;3;1
399.531;813.06;2.94399;5.57571;0.00823507;-0.00856386;-0.00113103;0.00831088;-0.00863966;1.00497;0.00196978;-0.000761436;0.995127;0.0239161;0.984314;1;3;1
422.531;813.06;3.10691;5.64391;0.00710022;-0.0068015;0.000288004;0.00710619;-0.00680747;1.00802;0.00184822;-0.00336754;0.991976;0.0203209;0.990451;1;3;1
445.531;813.06;3.26925;5.70911;0.00687864;-0.00676964;0.000590475;0.00690414;-0.00679514;1.00708;0.00643645;-0.0072786;0.993824;0.0203109;0.991451;1;3;1
468.531;813.06;3.422;5.79686;0.00582845;-0.00754507;0.0009728;0.00589884;-0.00761546;1.01054;0.00101904;-0.00251424;0.994717;0.0248454;0.983862;1;4;1
491.531;813.06;3.53616;5.90685;0.00574078;-0.00729981;0.000329649;0.00574911;-0.00730813;1.00467;0.00451076;-0.00503549;0.994974;0.0237832;0.976566;1;3;1
514.531;813.06;3.68488;5.99759;0.00651343;-0.00855834;6.80064e-05;0.00651374;-0.00855865;1.00497;0.00327915;-0.0048677;0.98989;0.0210135;0.98768;1;4;1
537.531;813.06;3.83462;6.0389;0.00713192;-0.00767616;-0.000128221;0.00713303;-0.00767727;1.01022;0.000363906;-0.000266549;0.991942;0.0171613;0.992816;1;3;1
560.531;813.06;4.01168;6.09644;0.00743557;-0.00611175;-0.000459107;0.00745112;-0.00612729;1.00784;0.00491009;-0.00578645;0.997137;0.0175136;0.993307;1;3;1
583.531;813.06;4.17519;6.17647;0.00765502;-0.00633849;4.24349e-05;0.00765515;-0.00633862;1.00532;0.00406765;-0.00318302;0.996218;0.0183933;0.99275;1;3;1
606.531;813.06;4.36226;6.23723;0.00753966;-0.00776582;0.000157535;0.00754128;-0.00776744;1.0102;0.00440768;0.000442208;0.993731;0.0236956;0.985831;1;3;1
629.531;813.06;4.52042;6.34193;0.00754746;-0.00704311;0.000356098;0.00755614;-0.00705179;1.00337;0.000802729;-0.00987214;0.991335;0.0270743;0.982423;1;3;1
652.531;813.06;4.70781;6.41383;0.0064835;-0.00590265;-0.000349193;0.00649333;-0.00591249;1.00063;0.000572711;-0.00124642;0.997848;0.0226398;0.985969;1;3;1
675.531;813.06;4.8176;6.44068;0.00628594;-0.00791538;0.00129623;0.00640329;-0.00803272;1.01144;0.00235594;-0.00505029;0.989689;0.0231111;0.983265;1;3;1
698.531;813.06;4.99578;6.57487;0.00764666;-0.00532317;0.00106546;0.0077336;-0.00541011;1.01069;0.00613848;-0.00398152;0.993611;0.0216934;0.986043;1;4;1
721.531;813.06;5.16737;6.68465;0.00694107;-0.00746527;0.000175787;0.00694321;-0.00746742;1.00441;0.00316337;-0.00222309;0.995804;0.0253897;0.974812;1;3;1
744.531;813.06;5.31371;6.73017;0.00920085;-0.00926667;-0.000222869;0.00920354;-0.00926936;1.00961;0.00431787;-0.00811415;0.990067;0.0238886;0.983048;1;3;1
767.531;813.06;5.58844;6.83382;0.00861361;-0.00835911;0.00109694;0.00868421;-0.00842971;1.00792;0.00636556;0.00192831;0.989206;0.0209887;0.989236;1;3;1
790.531;813.06;5.70784;6.92365;0.00763062;-0.0077194;4.30398e-05;0.00763074;-0.00771952;1.0065;0.00401948;-0.00540513;0.992324;0.0210235;0.982443;1;3;1
813.531;813.06;5.93781;7.00269;0.00879915;-0.00582158;0.000278586;0.00880446;-0.00582688;1.00758;0.00381182;-0.00224069;0.996405;0.0212688;0.987675;1;3;1
836.531;813.06;6.11051;7.0964;0.00536126;-0.00699798;0.000230515;0.00536555;-0.00700228;1.00311;-0.000753231;-0.000808179;0.992274;0.0235988;0.984184;1;3;1
859.531;813.06;6.18357;7.1396;0.0040113;-0.00673469;-0.00014716;0.00401331;-0.00673671;1.00543;0.00554402;-0.00221334;0.99447;0.0252627;0.976816;1;4;1
882.531;813.06;6.29457;7.19025;0.00844485;-0.00573662;-1.17972e-05;0.00844485;-0.00573663;1.01096;0.00731179;-0.00107673;0.994027;0.0208967;0.981869;1;3;1
905.531;813.06;6.57009;7.3112;0.010877;-0.0074318;-0.000329632;0.010883;-0.00743773;1.01047;0.00895998;-0.00732543;0.99264;0.0194432;0.990208;1;2;1
928.531;813.06;6.79174;7.40206;0.00928797;-0.00781661;0.000881895;0.00933332;-0.00786196;1.00683;8.27483e-05;-0.00234155;0.993662;0.0206207;0.982339;1;3;1
951.531;813.06;6.99514;7.45656;0.00623455;-0.00856337;-6.32475e-05;0.00623482;-0.00856364;1.00244;0.00777176;-0.000646603;0.992484;0.0222108;0.982495;1;3;1
974.531;813.06;7.07743;7.54139;0.00709898;-0.00726965;-0.000954761;0.00716215;-0.00733282;1.01602;0.00832708;0.00126146;0.994588;0.0191851;0.989369;1;3;1
997.531;813.06;7.32043;7.55958;0.0087601;-0.00495581;-0.00139672;0.00890089;-0.0050966;1.00602;0.0042509;-0.00396056;0.992804;0.0204859;0.98501;1;3;1
1020.53;813.06;7.47854;7.64067;0.00520289;-0.00577295;0.00124174;0.00534162;-0.00591168;1.00741;0.00212965;-0.00525985;0.990431;0.02198;0.986045;1;3;1
1043.53;813.06;7.55837;7.82629;0.00741255;-0.00689916;-0.000481725;0.00742874;-0.00691536;1.00885;0.0075074;0.00029559;0.992302;0.0230468;0.979357;1;4;1
1066.53;813.06;7.81808;7.77181;0.00876723;-0.00871032;-0.00106929;0.00883241;-0.0087755;1.00678;0.00471175;-0.00740582;0.993633;0.0184341;0.991464;1;3;1
1089.53;813.06;7.95982;7.92149;0.007096;-0.0073391;0.00086764;0.00714796;-0.00739107;1.0066;0.00205069;-0.00200816;0.989429;0.0232519;0.983314;1;3;1
1112.53;813.06;8.14298;7.95369;0.00857806;-0.00694801;-0.000803141;0.00861949;-0.00698944;1.00685;0.0067641;0.000151301;0.993031;0.0203527;0.986546;1;3;1
1135.53;813.06;8.35267;7.99516;0.00842925;-0.0067765;-0.00147598;0.0085712;-0.00691845;1.01149;0.00714846;-0.00498741;0.994391;0.0200243;0.988311;1;3;1
1158.53;813.06;8.52884;8.11319;0.00697207;-0.00528574;-0.000652831;0.00700674;-0.00532041;1.00277;0.00520276;-0.00669171;0.993624;0.0203163;0.983521;1;3;1
1181.53;813.06;8.67199;8.15691;0.00783728;-0.00627611;-0.00120298;0.00793909;-0.00637791;1.01064;0.00842688;0.000645346;0.99238;0.0233337;0.983976;1;3;1
1204.53;813.06;8.88783;8.21942;0.0068899;-0.00853849;-0.000895231;0.00694167;-0.00859026;1.00633;0.0107524;-0.00391285;0.990546;0.0199355;0.990366;1;3;1
1227.53;813.06;8.98758;8.31214;0.0067132;-0.00732646;-0.000567886;0.00673613;-0.0073494;1.01037;0.00148369;-0.00721415;0.994905;0.0241098;0.98045;1;3;1
1250.53;813.06;9.19536;8.37014;0.00908251;-0.00764913;0.000568133;0.00910178;-0.0076684;1.01063;0.00152574;-0.00310614;0.995488;0.0270697;0.980124;1;3;1
1273.53;813.06;9.40333;8.4376;0.00908734;-0.00717655;0.000331238;0.00909409;-0.00718329;1.00553;0.000728384;-0.000238766;0.992644;0.0317142;0.967953;1;3;1
31.5305;790.06;0.813494;4.36486;0.00393449;-0.00779319;0.000122815;0.00393577;-0.00779448;1.00388;-0.00371495;-0.0019293;0.991828;0.0215844;0.988875;1;3;1
54.5305;790.06;0.903761;4.41216;0.00635634;-0.00668598;0.00105131;0.00644054;-0.00677018;1.00584;0.00118858;-0.00301937;0.997865;0.0220582;0.984683;1;3;1
77.5306;790.06;1.10461;4.5453;0.00608315;-0.00757474;0.00109004;0.0061696;-0.00766119;1.00811;0.00156793;-0.0064238;0.992864;0.022677;0.989387;1;3;1
100.531;790.06;1.18202;4.66966;0.00556258;-0.00735742;0.000722496;0.00560285;-0.00739769;1.00353;0.00313545;0.000101386;0.994688;0.0255681;0.986182;1;4;1
123.531;790.06;1.35937;4.74017;0.0051728;-0.00846251;0.000404455;0.00518479;-0.0084745;1.00618;0.00486592;-0.00200459;0.987345;0.0237827;0.989187;1;4;1
146.531;790.06;1.41906;4.83583;0.00484213;-0.0102084;0.000478651;0.00485734;-0.0102236;1.00708;0.00590838;-0.00876301;0.98814;0.022924;0.99013;1;3;1
169.531;790.06;1.58101;4.96842;0.00554228;-0.00779366;0.000947262;0.00560923;-0.00786061;1.0055;-0.00407576;-0.00505713;0.986725;0.0258391;0.984782;1;3;1
192.531;790.06;1.67296;5.01369;0.00596813;-0.00750613;0.000755581;0.00601037;-0.00754836;1.00298;-0.00109133;-0.00563543;0.995221;0.0226468;0.98728;1;3;1
215.531;790.06;1.85451;5.10936;0.00609991;-0.00828397;0.000313573;0.00610675;-0.0082908;1.00313;0.00262934;-0.000292123;0.990685;0.0243648;0.983608;1;3;1
238.531;790.06;1.95243;5.17391;0.00711881;-0.00862775;0.000165287;0.00712054;-0.00862949;1.01157;0.00785892;-0.00963134;0.990656;0.0208879;0.993013;1;3;1
261.531;790.06;2.18047;5.29104;0.00652635;-0.0071651;0.000625783;0.00655489;-0.00719364;1.00626;0.00078766;0.000137157;0.995895;0.0212264;0.988955;1;3;1
284.531;790.06;2.25141;5.32973;0.00581403;-0.00773291;0.000227669;0.00581786;-0.00773674;1.00434;0.00375477;-0.00253405;0.994359;0.0212958;0.989739;1;3;1
307.531;790.06;2.44699;5.4086;0.00751845;-0.008171;0.00129307;0.00762431;-0.00827686;1.01015;0.00776466;-0.00381471;0.989054;0.0190025;0.992378;1;3;1
330.531;790.06;2.59551;5.53513;0.00514426;-0.00781529;0.00113129;0.00524228;-0.00791331;1.00235;0.00450345;-0.00232691;0.992776;0.0198744;0.992269;1;3;1
353.531;790.06;2.68258;5.61037;0.00473055;-0.00689308;0.000185025;0.0047335;-0.00689603;1.00464;0.0025095;-0.00569607;0.992872;0.0209701;0.988506;1;3;1
376.531;790.06;2.81227;5.71019;0.00721091;-0.0063322;8.93098e-05;0.00721149;-0.00633279;1.00664;0.00232563;-0.00186842;0.995165;0.0209763;0.987804;1;2;1
399.531;790.06;3.0129;5.74283;0.00834732;-0.00684055;-0.000192375;0.00834976;-0.00684298;1.01328;0.00274914;-0.00128264;0.991632;0.019242;0.989865;1;3;1
422.531;790.06;3.19447;5.84264;0.00656898;-0.0074615;-0.000331253;0.00657679;-0.00746932;1.00316;0.000270862;-0.00250638;0.99221;0.0195421;0.991852;1;3;1
445.531;790.06;3.31387;5.88595;0.00558365;-0.00703756;0.000722355;0.00562486;-0.00707877;1.01416;-0.00448213;-0.00534141;0.99293;0.0204073;0.989781;1;3;1
468.531;790.06;3.45031;6.00841;0.00641468;-0.00821139;0.000252332;0.00641903;-0.00821574;1.0032;0.00570413;-0.00376103;0.988385;0.0207247;0.990016;1;4;1
491.531;790.06;3.60769;6.05662;0.00667486;-0.00700976;-1.66029e-05;0.00667488;-0.00700978;1.00728;0.00291529;-0.00735851;0.991954;0.0186202;0.988399;1;3;1
514.531;790.06;3.75606;6.16667;0.00660878;-0.00800315;0.000149674;0.00661032;-0.00800469;1.00435;0.00295487;-0.0012321;0.995264;0.021515;0.987243;1;3;1
537.531;790.06;3.91032;6.24406;0.00873258;-0.0079063;0.000136435;0.0087337;-0.00790742;1.00934;0.00434013;-0.00215805;0.988969;0.0188779;0.988803;1;3;1
560.531;790.06;4.1558;6.31211;0.00698703;-0.00801386;1.1364e-05;0.00698704;-0.00801387;1.00366;0.00209653;-0.000104164;0.989097;0.0193152;0.989013;1;3;1
583.531;790.06;4.23046;6.35803;0.00505229;-0.00884427;0.00114389;0.00514582;-0.0089378;1.00484;-0.00205428;-0.00550422;0.988901;0.0215713;0.983544;1;3;1
606.531;790.06;4.38721;6.50514;0.0065657;-0.00884947;0.000821385;0.00660934;-0.00889312;1.00505;0.00440697;-0.0018031;0.990643;0.020499;0.987271;1;4;1
629.531;790.06;4.53111;6.54813;0.00764627;-0.0083818;-0.00156537;0.00779772;-0.00853325;1.01208;0.00707009;-0.00265001;0.995158;0.0203563;0.99027;1;3;1
652.531;790.06;4.73758;6.55128;0.00706031;-0.00738065;-0.000191113;0.00706284;-0.00738318;1.00731;0.00696055;-0.00386017;0.993429;0.0202973;0.988746;1;4;1
675.531;790.06;4.85451;6.69754;0.00714442;-0.00928018;0.000834795;0.00718674;-0.0093225;1.00591;0.00114027;-0.00333018;0.989765;0.0230081;0.988156;1;4;1
698.531;790.06;5.06456;6.76755;0.00844488;-0.0078973;0.000664707;0.00847187;-0.00792429;1.01338;0.000436066;-0.00490741;0.993271;0.0232095;0.984281;1;4;1
721.531;790.06;5.24086;6.90824;0.0070553;-0.00696418;0.000897066;0.00711247;-0.00702135;1.00852;0.00403867;-0.00617061;0.988163;0.0299343;0.975481;1;3;1
744.531;790.06;5.38748;6.98006;0.00845072;-0.00694014;-0.000335561;0.00845803;-0.00694745;1.00688;0.00377859;-0.00250579;0.992529;0.0236746;0.980638;1;2;1
767.531;790.06;5.62779;7.03861;0.00866105;-0.00804538;0.00128392;0.00875915;-0.00814348;1.00562;0.000391813;-0.00315484;0.998963;0.0229719;0.981898;1;3;1
790.531;790.06;5.78391;7.13743;0.00738294;-0.00679105;-0.000239187;0.00738697;-0.00679508;1.00378;0.00379927;-0.00577466;0.996562;0.0252674;0.974789;1;3;1
813.531;790.06;5.96597;7.1698;0.00726072;-0.00710029;-0.000402128;0.00727197;-0.00711154;1.0134;0.000110078;-8.92792e-05;0.993215;0.0194628;0.987114;1;3;1
836.531;790.06;6.11665;7.20283;0.00631083;-0.00579384;0.000225806;0.00631504;-0.00579805;1.00352;0.00515368;-0.00183234;0.993438;0.0186125;0.991327;1;3;1
859.531;790.06;6.25522;7.28459;0.00752253;-0.00675308;-0.000517252;0.00754125;-0.0067718;1.01268;0.00153222;-0.000772932;0.987383;0.0216621;0.986402;1;4;1
882.531;790.06;6.46111;7.36551;0.0096052;-0.00643157;-0.000596388;0.00962735;-0.00645371;1.00973;0.00275056;-0.00612901;0.989942;0.0237535;0.973361;1;3;1
905.531;790.06;6.69446;7.4988;0.00737961;-0.00900265;0.000803316;0.00741891;-0.00904195;1.00949;0.00280693;-0.00578824;0.988743;0.0228627;0.98336;1;3;1
928.531;790.06;6.79854;7.63597;0.00691205;-0.0075129;0.000661956;0.00694236;-0.00754322;1.0065;0.00295457;-0.00330487;0.995686;0.0234341;0.986214;1;3;1
951.531;790.06;7.01106;7.65331;0.0081329;-0.00697739;-0.000472916;0.00814769;-0.00699218;1.0059;0.00279294;-0.00142759;0.999402;0.0202444;0.987833;1;3;1
974.531;790.06;7.17109;7.70886;0.00856504;-0.00620197;-0.00128346;0.00867576;-0.00631269;1.00951;0.0031665;-0.00325718;0.994375;0.0204164;0.987095;1;3;1
997.531;790.06;7.4033;7.74004;0.00757397;-0.00739769;-0.000525301;0.00759237;-0.0074161;1.00858;0.00343298;-0.00455464;0.994637;0.0239643;0.985856;1;3;1
1020.53;790.06;7.51806;7.81432;0.00641778;-0.00847671;0.000414663;0.00642932;-0.00848825;1.00245;0.00589756;0.000881499;0.989982;0.022719;0.987535;1;3;1
1043.53;790.06;7.69729;7.9028;0.00805231;-0.00557508;-6.75845e-05;0.00805264;-0.00557542;1.01124;0.00250407;-0.00976219;0.994331;0.0229695;0.983552;1;3;1
1066.53;790.06;7.88645;8.0363;0.00676248;-0.00864747;0.000231282;0.00676595;-0.00865094;1.00654;0.000672153;-0.00112175;0.990396;0.020255;0.987785;1;3;1
1089.53;790.06;8.00706;8.05778;0.00838473;-0.00582812;2.60465e-05;0.00838478;-0.00582817;1.00953;-0.00140523;-0.00309152;0.993745;0.022998;0.97848;1;3;1
1112.53;790.06;8.27039;8.1574;0.00984801;-0.00767665;-0.000203551;0.00985037;-0.00767901;1.00824;0.000462272;-0.00363363;0.99444;0.0228661;0.982823;1;3;1
1135.53;790.06;8.4577;8.18104;0.00681683;-0.00712542;-0.000732098;0.00685516;-0.00716376;1.0059;0.00362488;-0.00238889;0.993321;0.0211326;0.986153;1;3;1
1158.53;790.06;8.58283;8.23995;0.00718155;-0.00744036;1.92137e-05;0.00718157;-0.00744039;1.00816;-0.000198306;-0.00313601;0.990978;0.0186098;0.989456;1;4;1
1181.53;790.06;8.7867;8.30797;0.00869725;-0.00726384;-0.000290248;0.00870253;-0.00726911;1.00822;0.0026878;-0.00293169;0.99289;0.0181294;0.992888;1;3;1
1204.53;790.06;8.981;8.36994;0.00839387;-0.00876314;0.000352471;0.00840111;-0.00877037;1.00783;-0.000790426;-0.0016895;0.990689;0.0190201;0.990314;1;3;1
1227.53;790.06;9.17101;8.44293;0.0058709;-0.0066915;-0.000544111;0.00589442;-0.00671502;1.01155;0.00811954;-0.00541095;0.99387;0.0196863;0.99123;1;3;1
1250.53;790.06;9.24988;8.56051;0.00626357;-0.00787347;-0.000532131;0.00628357;-0.00789347;1.00384;0.00283941;-0.000547498;0.98953;0.0234786;0.990119;1;3;1
1273.53;790.06;9.45808;8.56504;0.00909327;-0.00737059;-0.00149592;0.00922808;-0.0075054;1.01336;0.0113849;-0.000155866;0.991562;0.0251453;0.991105;1;3;1
31.5305;767.06;0.83362;4.54289;0.00504926;-0.00787449;-0.00143126;0.00520587;-0.0080311;1.00131;-0.00179401;-0.00210528;0.995212;0.0244945;0.983639;1;3;1
54.5305;767.06;0.949461;4.53944;0.00778873;-0.00900805;-4.11185e-05;0.00778883;-0.00900816;1.00782;0.00552525;0.000570876;0.983566;0.0245738;0.983618;1;3;1
77.5306;767.06;1.1903;4.68497;0.00704464;-0.0087761;0.00123078;0.00713982;-0.00887127;1.00892;0.00443336;-0.00802323;0.989303;0.0246357;0.985723;1;3;1
100.531;767.06;1.27166;4.79827;0.00403872;-0.00693318;0.0012903;0.00418841;-0.00708288;1.00242;0.00687984;-0.00270525;0.987168;0.0234715;0.983071;1;3;1
123.531;767.06;1.37486;4.96493;0.00614129;-0.00779538;0.00186515;0.00638659;-0.00804067;1.00502;-0.00173906;-0.0121624;0.988774;0.0277242;0.97245;1;3;1
146.531;767.06;1.55214;5.12491;0.00616715;-0.0087184;-0.000532068;0.00618614;-0.00873739;1.00485;0.00486774;-0.0081602;0.989972;0.0255015;0.985018;1;3;1
169.531;767.06;1.65743;5.11605;0.0046447;-0.0073031;-0.000880882;0.0047093;-0.00736769;1.00931;0.00909894;0.0057894;1.00175;0.0270411;0.984643;1;4;1
192.531;767.06;1.76529;5.16368;0.00692804;-0.00777335;0.000324538;0.0069352;-0.00778051;1.00666;0.00890471;-0.00932018;0.987647;0.0222717;0.990356;1;3;1
215.531;767.06;1.97473;5.28186;0.00734173;-0.00775985;0.000939721;0.00739999;-0.00781811;0.996633;-0.000999872;-0.00496854;0.993384;0.0224264;0.989156;1;3;1
238.531;767.06;2.10115;5.40522;0.00486757;-0.00773872;-0.000231206;0.00487181;-0.00774296;1.00582;-0.00186079;0.000645648;0.991407;0.0235995;0.99003;1;3;1
261.531;767.06;2.19783;5.43688;0.00547275;-0.00759838;-0.000555847;0.00549635;-0.00762198;1.00477;0.00342604;-0.00332769;0.993531;0.0225751;0.988565;1;3;1
284.531;767.06;2.35209;5.50894;0.00568505;-0.00846671;-0.000310127;0.00569185;-0.0084735;1.00584;0.00315714;-0.00639927;0.991058;0.0235651;0.984814;1;3;1
307.531;767.06;2.45827;5.61265;0.00649317;-0.00790935;0.000737615;0.00653085;-0.00794703;1.00642;-0.00405629;9.91526e-05;0.993872;0.0220075;0.988488;1;3;1
330.531;767.06;2.64941;5.70407;0.00701337;-0.00694822;0.000295248;0.00701961;-0.00695446;1.00463;0.00217292;-0.00599224;0.990696;0.0256129;0.982032;1;3;1
353.531;767.06;2.77948;5.77387;0.004424;-0.00656961;-0.00059417;0.00445602;-0.00660163;1.00719;0.00427653;-0.000763683;0.990143;0.018255;0.988384;1;3;1
376.531;767.06;2.85229;5.8287;0.00682008;-0.00724981;-0.000356014;0.00682909;-0.00725881;1.00513;0.00373324;-0.00288121;0.992099;0.0212591;0.983795;1;3;1
399.531;767.06;3.092;5.8917;0.00931021;-0.00783765;0.000621631;0.00933271;-0.00786015;1.00601;0.00191557;-0.00404111;0.995386;0.0186695;0.990455;1;3;1
422.531;767.06;3.27831;5.98875;0.00599778;-0.0063086;0.00101855;0.00608151;-0.00639233;1.00845;0.0050819;-0.0029122;0.995096;0.0189411;0.98825;1;3;1
445.531;767.06;3.36685;6.03409;0.00630645;-0.00772003;0.000864161;0.00635949;-0.00777307;1.01281;0.00627852;-0.00507454;0.991837;0.020072;0.990832;1;3;1
468.531;767.06;3.56712;6.17638;0.00714167;-0.00773853;0.000470358;0.00715652;-0.00775338;1.00283;0.000945366;-0.00795063;0.994167;0.019515;0.98996;1;3;1
491.531;767.06;3.69379;6.23071;0.00630669;-0.00791389;0.000612046;0.00633299;-0.00794018;1.00564;0.00274305;-0.00462351;0.994429;0.0217013;0.988985;1;3;1
514.531;767.06;3.85592;6.36754;0.00592543;-0.00629121;4.87049e-05;0.00592562;-0.0062914;1.00406;-0.000985018;-7.18564e-05;0.993296;0.0221864;0.990901;1;3;1
537.531;767.06;3.96523;6.40422;0.00582345;-0.00696947;-0.000622659;0.00585368;-0.00699971;1.01232;0.00682777;-0.00336436;0.994955;0.0201328;0.989391;1;3;1
560.531;767.06;4.12292;6.4667;0.00645456;-0.00765213;0.00142096;0.00659627;-0.00779384;1.00454;-0.00391099;-0.00361988;0.994355;0.0226766;0.982212;1;4;1
583.531;767.06;4.26083;6.5852;0.00767709;-0.00811135;0.000217475;0.00768009;-0.00811435;1.00561;0.0030585;-0.00447535;0.99377;0.0208001;0.986194;1;3;1
606.531;767.06;4.47437;6.64626;0.00978979;-0.00674092;-0.000170977;0.00979156;-0.00674269;1.01259;0.000360448;-0.000474842;0.994327;0.0210782;0.983722;1;3;1
629.531;767.06;4.70876;6.72952;0.00869596;-0.00834055;-0.000814121;0.00873478;-0.00837937;1.00629;0.00548068;-0.00618002;0.9853;0.0226998;0.982063;1;3;1
652.531;767.06;4.87254;6.7549;0.00535204;-0.00944817;-0.000145588;0.00535348;-0.0094496;1.0103;0.000981572;0.00402407;0.986487;0.0207007;0.986219;1;3;1
675.531;767.06;4.95408;6.86977;0.00589239;-0.00859772;0.000197699;0.00589509;-0.00860042;1.00833;0.00110392;-0.00231443;0.99341;0.0223583;0.986492;1;3;1
698.531;767.06;5.14242;6.93982;0.00744251;-0.0074599;-0.000375672;0.00745198;-0.00746936;1.0063;0.0106275;-0.00490589;0.991947;0.0246934;0.986825;1;4;1
721.531;767.06;5.29497;7.0063;0.00720879;-0.00547523;-0.000947237;0.00727914;-0.00554558;1.00934;0.0052522;-0.00335865;0.997031;0.0266494;0.980517;1;3;1
744.531;767.06;5.47271;7.05081;0.00723359;-0.0051825;0.000248457;0.00723856;-0.00518747;1.00038;-0.00156365;-0.00302415;0.995857;0.0249094;0.978468;1;3;1
767.531;767.06;5.62609;7.20542;0.0084417;-0.00679103;0.00117991;0.00853255;-0.00688188;1.0072;-0.00218862;-0.00642237;0.987468;0.0286426;0.969736;1;3;1
790.531;767.06;5.85902;7.23735;0.00902035;-0.00716601;-0.000343443;0.00902763;-0.00717329;1.01004;0.00579599;-0.00087162;0.990353;0.0257914;0.981071;1;3;1
813.531;767.06;6.03901;7.33059;0.00751548;-0.00813523;-0.000103802;0.00751617;-0.00813592;1.00889;0.00382585;-0.0054355;0.992359;0.0212393;0.987237;1;3;1
836.531;767.06;6.20327;7.36379;0.0076887;-0.00864703;-9.02858e-05;0.0076892;-0.00864753;1.00747;-9.43179e-05;0.000535534;0.990548;0.0208188;0.98788;1;3;1
859.531;767.06;6.39118;7.45177;0.00778265;-0.00680981;0.000201919;0.00778544;-0.0068126;1.01246;0.00579718;-0.00672876;0.997328;0.0233101;0.980693;1;3;1
882.531;767.06;6.55973;7.48783;0.00812892;-0.00776326;0.00220118;0.00842817;-0.0080625;1.00336;0.00265231;-0.00288893;0.990962;0.0234681;0.974809;1;4;1
905.531;767.06;6.76278;7.72761;0.00708055;-0.0067041;0.00174708;0.00729853;-0.00692208;1.01044;0.0054669;0.00050506;0.996062;0.0263831;0.975284;1;4;1
928.531;767.06;6.88355;7.74905;0.00757963;-0.00526666;-0.00145294;0.00774191;-0.00542894;1.00331;0.00117236;-0.00342229;0.992153;0.0199269;0.989407;1;3;1
951.531;767.06;7.1101;7.77879;0.00865652;-0.0054696;-0.000742474;0.00869543;-0.00550852;1.00959;0.000561997;-0.00226768;0.987431;0.0205991;0.986201;1;3;1
974.531;767.06;7.27998;7.82802;0.00790806;-0.00628132;-0.000798646;0.00795287;-0.00632613;1.01033;0.00277234;-0.00421739;0.991909;0.0224622;0.980917;1;3;1
997.531;767.06;7.47229;7.9014;0.00701243;-0.00707147;0.000239415;0.0070165;-0.00707554;1.00092;-0.000471522;-0.0114854;0.991862;0.022255;0.985978;1;3;1
1020.53;767.06;7.60097;8.03243;0.00679676;-0.00698907;-0.000965379;0.00686403;-0.00705634;1.0058;-0.000433327;0.000338273;0.995978;0.0247924;0.987478;1;3;1
1043.53;767.06;7.78352;8.08402;0.00761096;-0.00628146;-0.000702673;0.00764641;-0.00631691;1.00771;-0.000997837;-0.00607892;0.993215;0.0200379;0.987336;1;3;1
1066.53;767.06;7.94955;8.17151;0.00639943;-0.00645448;-0.000228605;0.0064035;-0.00645854;1.00291;0.00314818;-0.00212809;0.991758;0.021024;0.988405;1;3;1
1089.53;767.06;8.07684;8.19052;0.00727212;-0.00592705;-0.00073584;0.00731302;-0.00596795;1.00786;0.00907586;-0.000853272;0.992424;0.0202367;0.986864;1;3;1
1112.53;767.06;8.28265;8.3084;0.00926717;-0.00652781;-0.000351789;0.00927501;-0.00653564;1.00832;0.00760149;-0.00999634;0.989132;0.0237358;0.984065;1;3;1
1135.53;767.06;8.50098;8.32435;0.00807044;-0.00724956;0.00024521;0.00807436;-0.00725349;1.01076;-0.00209242;0.00296123;0.990794;0.0229395;0.981079;1;3;1
1158.53;767.06;8.65217;8.45689;0.0071061;-0.00764914;9.44302e-05;0.00710671;-0.00764975;1.00679;0.00860541;-0.00920965;0.994464;0.0239786;0.984375;1;3;1
1181.53;767.06;8.8264;8.49253;0.00734122;-0.00757885;0.000451934;0.00735489;-0.00759253;1.00672;0.00267095;0.00119091;0.992529;0.0198453;0.992602;1;3;1
1204.53;767.06;8.98833;8.62441;0.00871855;-0.00867414;0.000183213;0.00872048;-0.00867607;1.00758;0.00107396;-0.00380435;0.988307;0.0206635;0.991341;1;3;1
1227.53;767.06;9.22554;8.6216;0.00821161;-0.00729002;-5.10229e-05;0.00821178;-0.00729018;1.00811;0.0028941;-0.00297576;0.995682;0.0232524;0.992779;1;3;1
1250.53;767.06;9.3644;8.73407;0.00705414;-0.00658417;-0.000692329;0.0070892;-0.00661922;1.01195;0.00719137;-0.00617037;0.997928;0.022151;0.987853;1;3;1
1273.53;767.06;9.54863;8.77814;0.00804387;-0.00908546;-0.00167574;0.00820626;-0.00924786;1.00401;0.00479489;-0.00187714;0.990678;0.0270923;0.988539;1;3;1
31.5305;744.06;0.937687;4.72869;0.00478328;-0.00923607;0.000125864;0.00478441;-0.0092372;1.00189;0.0045585;-0.00255533;0.988038;0.0273689;0.983865;1;2;1
54.5305;744.06;1.04722;4.82864;0.00675695;-0.0106083;0.000898429;0.00680331;-0.0106546;1.00614;0.00509585;-0.00610923;0.990764;0.0240115;0.99012;1;3;1
77.5306;744.06;1.24693;4.95101;0.0064063;-0.00878041;0.000585712;0.00642886;-0.00880296;1.00837;-0.00039568;-0.00257102;0.99313;0.0208229;0.991569;1;3;1
100.531;744.06;1.3407;4.98998;0.0057611;-0.00814111;0.000799791;0.00580696;-0.00818697;1.00582;-0.00317442;-0.00169977;0.996534;0.0238901;0.989146;1;3;1
123.531;744.06;1.51094;5.10041;0.00603035;-0.0070751;0.000891723;0.00609074;-0.00713549;1.00685;0.00599121;-0.0135038;0.995543;0.0229121;0.987078;1;3;1
146.531;744.06;1.61659;5.23907;0.00412807;-0.00649532;0.00142091;0.00431484;-0.00668208;1.00756;-0.00564374;-0.00519388;0.992782;0.0236472;0.987378;1;3;1
169.531;744.06;1.69998;5.30576;0.00414566;-0.00825749;-5.71218e-05;0.00414592;-0.00825775;1.0064;-0.00454154;0.00339798;0.989957;0.0241278;0.99342;1;3;1
192.531;744.06;1.8067;5.37286;0.006694;-0.00950643;-0.00030881;0.00669989;-0.00951232;1.00527;-1.85018e-05;-0.00538121;0.990744;0.0203611;0.990645;1;3;1
215.531;744.06;2.0066;5.46796;0.00698595;-0.00735431;0.00102991;0.00705954;-0.0074279;1.00285;0.00342855;-0.0072591;0.98945;0.0195832;0.992239;1;3;1
238.531;744.06;2.12667;5.53161;0.00714333;-0.00636374;0.00107202;0.00722788;-0.00644829;1.0078;0.00577085;-0.000559586;0.991907;0.0206111;0.988775;1;3;1
261.531;744.06;2.3337;5.64216;0.00712936;-0.00724023;0.000668315;0.00716037;-0.00727125;1.00657;0.00551983;-0.00526115;0.988054;0.0206348;0.989987;1;3;1
284.531;744.06;2.45307;5.72131;0.00519563;-0.00779048;0.000236737;0.00519994;-0.0077948;1.0063;0.00629045;-0.00530265;0.990159;0.0193678;0.991088;1;3;1
307.531;744.06;2.57189;5.77405;0.00598839;-0.00806094;-0.000132606;0.00598964;-0.0080622;1.00811;0.0064102;-0.00323483;0.990339;0.0197126;0.992095;1;3;1
330.531;744.06;2.72752;5.85605;0.00629339;-0.0067095;0.000233031;0.00629756;-0.00671368;1.00574;0.00402098;-0.00408826;0.994491;0.0211446;0.989168;1;3;1
353.531;744.06;2.86027;5.91391;0.00509667;-0.00651628;0.00062162;0.00512985;-0.00654946;1.00657;0.00571823;-0.00180785;0.997276;0.0230424;0.986217;1;3;1
376.531;744.06;2.96099;6.04514;0.00553009;-0.00817377;-0.000265551;0.00553523;-0.00817891;1.00138;0.0088865;-0.00679705;0.993224;0.0205917;0.982531;1;3;1
399.531;744.06;3.11356;6.10489;0.00612874;-0.00930423;-8.38525e-05;0.0061292;-0.00930469;1.01049;0.00493765;-0.002941;0.988217;0.0218169;0.986147;1;4;1
422.531;744.06;3.24196;6.13378;0.0066857;-0.00836195;0.00129546;0.00679641;-0.00847266;1.00379;-0.00870301;-0.000635751;0.992133;0.0210097;0.986174;1;3;1
445.531;744.06;3.41988;6.24257;0.00784957;-0.00878255;0.00170885;0.00802333;-0.00895631;1.01329;-0.00552545;-0.00863084;0.992003;0.0176153;0.992082;1;3;1
468.531;744.06;3.60106;6.36602;0.00699515;-0.00620182;0.00167214;0.00720373;-0.0064104;1.00496;0.00313816;-0.00100707;0.99447;0.0193167;0.992386;1;3;1
491.531;744.06;3.74019;6.4223;0.00702554;-0.00718025;-0.000205903;0.00702853;-0.00718323;1.00641;0.0014753;-0.00138569;0.993286;0.0182596;0.992487;1;2;1
514.531;744.06;3.92301;6.45728;0.00709457;-0.00605776;-1.5398e-05;0.00709459;-0.00605778;1.0067;0.00530187;-0.000598224;0.994277;0.0195412;0.992349;1;3;1
537.531;744.06;4.06517;6.56604;0.00614471;-0.00642236;2.59757e-05;0.00614476;-0.00642242;1.00952;0.00453983;-0.00919962;0.994475;0.0187843;0.992816;1;3;1
560.531;744.06;4.20434;6.6655;0.00703502;-0.00799337;-2.43714e-05;0.00703506;-0.00799341;1.00135;0.01091;0.000864872;0.989085;0.0199052;0.98888;1;3;1
583.531;744.06;4.38735;6.73295;0.00743295;-0.00715179;0.000185097;0.0074353;-0.00715414;1.0083;0.00277373;-0.00141038;0.992315;0.0214307;0.986348;1;3;1
606.531;744.06;4.54475;6.81654;0.00709588;-0.00746695;0.000870261;0.0071477;-0.00751877;1.00774;0.000173757;-0.00798237;0.993284;0.0194414;0.989455;1;3;1
629.531;744.06;4.71217;6.93377;0.00752079;-0.00742145;0.000991912;0.00758635;-0.00748701;1.01006;-0.000222058;-0.00147243;0.994668;0.021533;0.986523;1;3;1
652.531;744.06;4.8891;6.98822;0.00669154;-0.00856834;0.000846482;0.00673835;-0.00861516;1.00793;0.00332877;-0.00129985;0.993269;0.0206149;0.986606;1;4;1
675.531;744.06;5.01868;7.09505;0.00751591;-0.00829916;-0.000655011;0.00754299;-0.00832625;1.00325;-0.0018235;-0.00403783;0.985713;0.0224561;0.98229;1;3;1
698.531;744.06;5.23337;7.1123;0.00913573;-0.00865498;-0.00147293;0.00925685;-0.0087761;1.00759;0.000768456;-0.00123927;0.989173;0.0236496;0.983514;1;3;1
721.531;744.06;5.43697;7.16122;0.00716035;-0.00686841;-0.000999969;0.00723127;-0.00693933;1.00567;0.0045988;-0.00250735;0.993548;0.0248322;0.98628;1;3;1
744.531;744.06;5.56145;7.21941;0.00582753;-0.00755501;0.000608126;0.0058551;-0.00758259;1.00773;0.00819258;-0.00340133;0.99844;0.022606;0.98427;1;3;1
767.531;744.06;5.70387;7.35213;0.00824232;-0.00701982;0.00119213;0.00833488;-0.00711238;1.00809;0.00636865;-0.00592537;0.995553;0.025812;0.985396;1;3;1
790.531;744.06;5.93838;7.46852;0.0086557;-0.00882361;6.02512e-05;0.00865591;-0.00882382;1.00813;0.00339181;-0.00545225;0.991087;0.0233323;0.982341;1;3;1
813.531;744.06;6.09992;7.54575;0.00667263;-0.00820843;0.000268899;0.00667749;-0.00821329;1.00878;0.00300481;8.4398e-05;0.993652;0.0195185;0.988473;1;3;1
836.531;744.06;6.24411;7.6025;0.00564933;-0.009454;-0.000844423;0.00569639;-0.00950106;1.00529;0.00208891;-0.00220423;0.988258;0.0203545;0.986027;1;3;1
859.531;744.06;6.35903;7.59903;0.00627537;-0.00819639;0.000406486;0.00628678;-0.0082078;1.00466;0.00256439;-0.00385141;0.991181;0.0285244;0.983561;1;3;1
882.531;744.06;6.53172;7.72407;0.00947814;-0.00847416;0.000986049;0.00953214;-0.00852816;1.0012;0.00410669;-0.00605557;0.992684;0.0232863;0.979933;1;3;1
905.531;744.06;6.7925;7.80833;0.0098367;-0.00444547;0.00086516;0.00988892;-0.00449768;1.01683;0.00120369;-0.000318902;0.996529;0.0197322;0.98717;1;3;1
928.531;744.06;6.98174;7.87924;0.00794984;-0.0066147;-0.00108393;0.00803007;-0.00669493;1.00573;0.00275614;-0.00753952;0.995113;0.0193464;0.988902;1;3;1
951.531;744.06;7.15665;7.90583;0.00836683;-0.00799936;-0.000266502;0.00837117;-0.0080037;1.00707;0.00127698;-0.00287125;0.996235;0.0205571;0.988708;1;4;1
974.531;744.06;7.36487;7.99913;0.00931691;-0.00774676;0.000635471;0.00934054;-0.00777039;1.01029;0.00286349;-0.00173572;0.990255;0.0171684;0.991069;1;3;1
997.531;744.06;7.58297;8.06684;0.00921027;-0.00685778;0.000220708;0.0092133;-0.00686081;1.00347;0.0041834;-0.00495052;0.993501;0.0211849;0.989281;1;3;1
1020.53;744.06;7.7864;8.13774;0.00688926;-0.0074131;-0.000431644;0.00690227;-0.00742612;1.00933;0.00515599;-0.00243501;0.989107;0.0220634;0.987265;1;3;1
1043.53;744.06;7.89862;8.1931;0.00493638;-0.0067135;9.96393e-05;0.00493723;-0.00671435;1.00562;0.0105433;-0.00753708;0.99507;0.0189684;0.986314;1;4;1
1066.53;744.06;8.0125;8.33434;0.00678257;-0.00730525;-0.000494319;0.0067999;-0.00732257;1.00599;0.00653094;0.000662262;0.993725;0.0233342;0.981492;1;3;1
1089.53;744.06;8.20936;8.33168;0.00921311;-0.00654574;-0.000891938;0.00926344;-0.00659606;1.01091;-0.00151322;-0.00215121;0.995811;0.0230556;0.986061;1;3;1
1112.53;744.06;8.4342;8.45896;0.00813198;-0.00656761;4.72279e-05;0.00813213;-0.00656776;1.00828;0.00637503;-0.00578941;0.995607;0.0232429;0.984117;1;3;1
1135.53;744.06;8.58156;8.5159;0.00667243;-0.00847965;-0.000721587;0.00670672;-0.00851393;1.00557;0.00610559;0.00130076;0.990443;0.0229822;0.98514;1;3;1
1158.53;744.06;8.73992;8.59344;0.00718037;-0.00783964;-0.000454312;0.0071941;-0.00785337;1.01452;-0.00167347;0.000320684;0.988114;0.0216826;0.984386;1;3;1
1181.53;744.06;8.91046;8.6581;0.0076718;-0.00735606;1.10539e-05;0.00767181;-0.00735606;1.00668;0.00642592;-0.00991747;0.993495;0.0202614;0.987586;1;3;1
1204.53;744.06;9.09114;8.77083;0.00814897;-0.00607706;-0.000821488;0.00819625;-0.00612434;1.00621;0.0090927;-0.000498981;0.997357;0.0210823;0.987662;1;2;1
1227.53;744.06;9.28364;8.77965;0.00821832;-0.00631295;-0.00112699;0.00830521;-0.00639984;1.01049;0.00799436;-0.000643485;0.993902;0.0237562;0.984748;1;3;1
1250.53;744.06;9.46754;8.86491;0.00905117;-0.00659057;0.000640462;0.00907736;-0.00661675;1.00663;0.00133412;-0.00584908;0.989913;0.0250453;0.99016;1;3;1
1273.53;744.06;9.69767;8.98552;0.0100693;-0.00819746;0.000160364;0.0100707;-0.00819887;1.01127;0.00469979;-0.00325311;0.988211;0.024527;0.987331;1;2;1
31.5305;721.06;1.01919;4.97011;0.00290503;-0.00997421;-0.000622423;0.00293504;-0.0100042;1.00222;0.00539464;-0.00707179;0.991711;0.02369;0.985822;1;3;1
54.5305;721.06;1.08583;5.03024;0.00603173;-0.00943212;-0.000442078;0.00604436;-0.00944475;1.00354;0.00821496;-0.000272855;0.989761;0.0243227;0.986639;1;3;1
77.5306;721.06;1.29566;5.09078;0.00567317;-0.00906606;-3.69756e-05;0.00567327;-0.00906615;1.01056;0.00335697;-0.00636637;0.9843;0.0242246;0.991607;1;3;1
100.531;721.06;1.34584;5.17435;0.00531684;-0.00896357;0.00107413;0.00539718;-0.00904391;1.00658;0.00466945;-0.00394649;0.986257;0.0244804;0.986544;1;4;1
123.531;721.06;1.53915;5.29184;0.00610473;-0.00725685;0.00212235;0.00643375;-0.00758586;1.00515;-0.0014804;-0.00634685;0.989953;0.0207138;0.991045;1;3;1
146.531;721.06;1.62512;5.42473;0.00558307;-0.00664117;0.00138434;0.00573788;-0.00679598;1.00262;0.00824355;-0.0054668;0.992663;0.0245139;0.988711;1;3;1
169.531;721.06;1.7948;5.49768;0.00716296;-0.00791618;0.000416853;0.00717448;-0.00792769;1.01037;0.00367207;-0.0051065;0.992492;0.0210302;0.990526;1;3;1
192.531;721.06;1.9531;5.60346;0.0052854;-0.00755429;-0.000948503;0.00535509;-0.00762398;1.00479;0.000946256;-0.00272769;0.995269;0.0203645;0.992202;1;3;1
215.531;721.06;2.03712;5.62146;0.00483944;-0.00742443;0.000191517;0.00484243;-0.00742742;1.00637;-0.00224771;-0.000761163;0.994034;0.0222022;0.98859;1;3;1
238.531;721.06;2.17508;5.69895;0.00625608;-0.00782013;0.000170482;0.00625815;-0.0078222;1.00739;-0.000914604;-0.00486618;0.994802;0.0184486;0.98959;1;3;1
261.531;721.06;2.32377;5.77132;0.00623315;-0.00746093;0.00082099;0.00628219;-0.00750997;1.00269;-0.000734822;-0.00393089;0.99601;0.0219856;0.991766;1;3;1
284.531;721.06;2.46061;5.86884;0.0061053;-0.00711918;0.00120115;0.00621351;-0.0072274;1.00733;-0.000770094;-0.00381856;0.994824;0.0227449;0.990277;1;3;1
307.531;721.06;2.60326;5.98519;0.00666936;-0.0083614;-3.10606e-05;0.00666943;-0.00836147;1.0103;0.00513287;-0.00247822;0.992086;0.0196421;0.991984;1;4;1
330.531;721.06;2.76616;6.0139;0.0066811;-0.0065577;-0.000206233;0.00668431;-0.00656092;1.0063;0.00243917;-0.000204371;0.992647;0.0204804;0.991572;1;3;1
353.531;721.06;2.90949;6.07479;0.0065257;-0.00787268;0.00153638;0.00668782;-0.00803479;1.00322;-0.0043247;-0.00517197;0.988364;0.0210891;0.986569;1;3;1
376.531;721.06;3.06496;6.20674;0.00606418;-0.00699753;0.00114341;0.00616352;-0.00709687;1.01017;0.00157979;-0.00698553;0.9895;0.0219024;0.988536;1;3;1
399.531;721.06;3.18694;6.3218;0.0050317;-0.00655139;0.000432482;0.00504783;-0.00656752;0.998789;0.000674359;-0.00224237;0.995731;0.0232784;0.983641;1;3;1
422.531;721.06;3.29554;6.37502;0.00550352;-0.00857306;-0.000660879;0.00553448;-0.00860402;1.00715;0.00941892;-0.000139793;0.987529;0.0216793;0.989056;1;3;1
445.531;721.06;3.43926;6.43993;0.00646135;-0.00785791;-0.000602758;0.00648668;-0.00788324;1.00992;0.00640324;-0.00286015;0.991426;0.0201956;0.990617;1;3;1
468.531;721.06;3.59172;6.46256;0.00793289;-0.0065186;-0.000171662;0.00793493;-0.00652064;1.00701;-0.000206802;-0.00148883;0.989444;0.0238527;0.986503;1;3;1
491.531;721.06;3.80258;6.56233;0.00890544;-0.00668479;0.000388679;0.00891513;-0.00669448;1.00859;0.00478538;-0.00284327;0.991079;0.0178936;0.991527;1;3;1
514.531;721.06;3.9992;6.64727;0.00799026;-0.00808715;0.000448538;0.00800276;-0.00809966;1.01082;0.00166737;-0.00373766;0.989637;0.0209617;0.990924;1;3;1
537.531;721.06;4.16846;6.70106;0.00634063;-0.00715859;0.000803735;0.00638832;-0.00720627;1.00316;0.00356726;-0.00485983;0.989661;0.0208441;0.986633;1;3;1
560.531;721.06;4.28956;6.83618;0.00489941;-0.00696699;0.000269188;0.00490551;-0.0069731;0.99999;0.00018274;-0.00297991;0.993996;0.021214;0.988639;1;3;1
583.531;721.06;4.39279;6.91556;0.00661928;-0.00810859;-0.000151987;0.00662085;-0.00811016;1.00492;0.00247879;-0.00734523;0.989822;0.0214998;0.985546;1;3;1
606.531;721.06;4.59279;6.99118;0.00861904;-0.00794532;0.000304309;0.00862463;-0.00795091;1.01096;0.00247295;-0.00335883;0.989522;0.0207386;0.989235;1;3;1
629.531;721.06;4.78731;7.07225;0.00788942;-0.00661151;0.000130548;0.00789059;-0.00661268;1.01469;0.00476308;-0.000603269;0.995523;0.0212276;0.982035;1;4;1
652.531;721.06;4.95401;7.15082;0.00761749;-0.00646214;-7.19985e-05;0.00761786;-0.00646251;0.996658;0.00297844;-0.00269955;0.99225;0.0185213;0.989124;1;3;1
675.531;721.06;5.13603;7.25349;0.00847237;-0.00610136;8.50041e-05;0.00847287;-0.00610185;1.00836;0.0105989;-0.00467295;0.996453;0.0205973;0.989082;1;3;1
698.531;721.06;5.34171;7.34013;0.00776796;-0.00614746;-0.00124786;0.00787897;-0.00625847;1.01145;0.00727759;-0.00406382;0.994215;0.0223464;0.981062;1;3;1
721.531;721.06;5.49193;7.32376;0.0057509;-0.00774613;-0.000730715;0.00579035;-0.00778558;1.00247;-0.000188081;0.00421056;0.992609;0.0194246;0.986065;1;3;1
744.531;721.06;5.60546;7.39985;0.00591268;-0.009207;0.0014399;0.00604859;-0.0093429;1.00546;-0.00732902;-0.00590582;0.987592;0.0230108;0.984887;1;3;1
767.531;721.06;5.76265;7.52968;0.00958867;-0.00622756;0.00105759;0.00965908;-0.00629796;1.00998;-0.00164721;-0.0044827;0.996598;0.0269691;0.985839;1;4;1
790.531;721.06;6.04379;7.64542;0.00838555;-0.00653217;0.000977267;0.0084493;-0.00659592;1.00866;-0.00375525;-0.00786573;0.996969;0.0200971;0.987569;1;3;1
813.531;721.06;6.14643;7.70986;0.00631264;-0.00689123;-0.000313579;0.00632008;-0.00689867;1.00641;0.0011888;-0.00184274;0.991464;0.020087;0.98749;1;4;1
836.531;721.06;6.333;7.80093;0.00714606;-0.00694563;-0.000505091;0.00716414;-0.00696371;1.00778;0.00659236;-4.67419e-05;0.999251;0.0236027;0.978301;1;3;1
859.531;721.06;6.47383;7.83044;0.00747346;-0.00819446;-0.00163143;0.00764154;-0.00836253;1.01537;0.00894982;-0.00282653;0.991756;0.0245552;0.976207;1;4;1
882.531;721.06;6.67544;7.87945;0.00792736;-0.0061413;-0.00102526;0.00800169;-0.00621563;0.998272;0.00540419;-0.00352338;0.995714;0.0226292;0.978845;1;4;1
905.531;721.06;6.83694;7.93261;0.00880966;-0.00656437;-0.00026347;0.00881418;-0.00656888;1.01205;0.00447105;-0.00410841;0.989159;0.020478;0.986726;1;3;1
928.531;721.06;7.07858;8.05476;0.00908263;-0.00680528;0.000716306;0.00911486;-0.00683751;1.00525;0.0067001;-0.00596208;0.991552;0.0211924;0.98401;1;3;1
951.531;721.06;7.25236;8.14847;0.00658549;-0.00767626;-0.000472051;0.0066011;-0.00769187;1.01164;0.00842853;-0.00168394;0.994796;0.0203628;0.987449;1;3;1
974.531;721.06;7.38034;8.18588;0.00733678;-0.00771811;-0.000830092;0.00738242;-0.00776374;1.00123;0.000991276;-0.0040061;0.994303;0.0193057;0.98383;1;3;1
997.531;721.06;7.58857;8.21809;0.0084029;-0.00756406;0.000971893;0.00846184;-0.007623;1.00785;-0.00276138;-0.00448794;0.9885;0.0221245;0.984333;1;3;1
1020.53;721.06;7.76488;8.375;0.00830565;-0.00843139;0.0015034;0.00843962;-0.00856536;1.0098;-0.000215954;-0.00089502;0.995827;0.022164;0.976396;1;4;1
1043.53;721.06;7.96872;8.39426;0.00800304;-0.01122;0.000868199;0.00804217;-0.0112591;1.00864;-0.00680788;-0.00162629;0.987186;0.0204145;0.984032;1;3;1
1066.53;721.06;8.13136;8.50915;0.0068101;-0.00695597;-0.000434769;0.00682382;-0.00696969;1.00891;-0.00211719;-0.0026136;0.993455;0.0193663;0.98641;1;3;1
1089.53;721.06;8.28082;8.49307;0.00716979;-0.00870608;-8.77815e-06;0.0071698;-0.00870609;1.00471;0.00443545;-0.00461446;0.993899;0.0233283;0.985141;1;3;1
1112.53;721.06;8.45988;8.61185;0.0091522;-0.00771478;0.000735288;0.00918419;-0.00774678;1.00784;-0.000512293;-0.00384331;0.994493;0.0241195;0.986887;1;3;1
1135.53;721.06;8.69938;8.71651;0.0081706;-0.00883167;-0.000331981;0.00817708;-0.00883815;1.00888;0.000235295;-0.00266953;0.988607;0.0219066;0.987673;1;3;1
1158.53;721.06;8.83374;8.8193;0.00656278;-0.00709011;-0.000704434;0.00659903;-0.00712636;1.00291;0.00458553;-0.00213131;0.993784;0.0248869;0.979478;1;3;1
1181.53;721.06;9.00014;8.83249;0.00762605;-0.00702091;-0.00114663;0.00771527;-0.00711013;1.01042;0.00317886;-0.0043787;0.9923;0.0217058;0.98722;1;3;1
1204.53;721.06;9.18314;8.90523;0.00919484;-0.0074479;-0.000137592;0.00919597;-0.00744904;1.00462;-0.00459985;-0.0040489;0.987103;0.0221096;0.981158;1;3;1
1227.53;721.06;9.4211;8.91334;0.00710648;-0.00814032;0.000167623;0.00710832;-0.00814216;1.01118;0.000942173;0.00294315;0.987507;0.0237489;0.980445;1;3;1
1250.53;721.06;9.50869;9.03847;0.00764704;-0.00656697;0.00110249;0.00773204;-0.00665198;1.0045;0.00469162;-0.00683699;0.993449;0.0227472;0.985988;1;3;1
1273.53;721.06;9.77089;9.15732;0.0114783;-0.00598774;0.00126705;0.0115697;-0.00607917;1.01164;0.00144333;-0.00563915;0.995247;0.0246788;0.991499;1;3;1
31.5305;698.06;1.11349;5.19016;0.00405586;-0.00795702;0.000368858;0.00406717;-0.00796834;1.00349;0.0051774;-0.00375286;0.990864;0.0187463;0.992394;1;3;1
54.5305;698.06;1.20646;5.26486;0.00608743;-0.00821635;0.000256636;0.00609204;-0.00822095;1.00177;-0.0015424;-0.0074053;0.992358;0.0220646;0.986913;1;3;1
77.5306;698.06;1.39231;5.37019;0.00510745;-0.0090178;0.000260032;0.00511223;-0.00902258;1.00844;0.00520372;-0.00247603;0.992936;0.0191996;0.992222;1;3;1
100.531;698.06;1.4406;5.40428;0.00373844;-0.00853448;-0.00155148;0.00393153;-0.00872758;1.0049;0.00631504;0.00377759;0.994378;0.0240259;0.984575;1;3;1
123.531;698.06;1.56392;5.43548;0.00551263;-0.00752884;0.000467867;0.00552939;-0.0075456;1.00469;0.00175106;-0.00560953;0.995445;0.0229264;0.988011;1;3;1
146.531;698.06;1.69327;5.54565;0.00598845;-0.00738461;0.00147546;0.0061493;-0.00754546;1.0009;-0.000195561;-0.00646594;0.993152;0.0243101;0.98704;1;3;1
169.531;698.06;1.83796;5.67156;0.00704126;-0.00729321;0.000820328;0.00708805;-0.00734;1.01311;0.0036856;-0.00602567;0.991609;0.0210746;0.991596;1;3;1
192.531;698.06;2.0157;5.72216;0.00535403;-0.00549999;0.000493258;0.0053764;-0.00552236;1.00039;0.00651874;-0.00344502;0.992906;0.0198619;0.991614;1;3;1
215.531;698.06;2.08338;5.81083;0.0053067;-0.00678472;-0.000398466;0.00531981;-0.00679784;1.00984;0.00414145;-0.00104768;0.992979;0.0228819;0.990019;1;3;1
238.531;698.06;2.25885;5.89295;0.00748804;-0.00794273;4.98639e-05;0.0074882;-0.00794289;1.0014;0.000940248;-0.00530581;0.991401;0.0245226;0.985273;1;3;1
261.531;698.06;2.42622;5.98675;0.00644918;-0.00833133;4.99155e-05;0.00644935;-0.0083315;1.0099;0.00533525;-0.00662259;0.992144;0.0190751;0.992681;1;3;1
284.531;698.06;2.55429;6.05007;0.00636203;-0.00797027;-0.000379976;0.0063721;-0.00798033;1.00578;0.00714792;-0.00382087;0.991965;0.0198655;0.99192;1;3;1
307.531;698.06;2.71762;6.16053;0.00611907;-0.00658342;-0.000486972;0.00613771;-0.00660206;1.00193;0.000200871;-8.42774e-05;0.994159;0.0176371;0.993574;1;3;1
330.531;698.06;2.83479;6.15883;0.00419255;-0.00829739;-0.000431724;0.00420746;-0.00831229;1.00744;0.00266272;-0.000908012;0.992409;0.0204839;0.990511;1;3;1
353.531;698.06;2.90993;6.27752;0.00579761;-0.00837366;0.00152093;0.005959;-0.00853506;1.00329;0.00196494;-0.00405853;0.993968;0.020305;0.991165;1;3;1
376.531;698.06;3.10023;6.36838;0.00721207;-0.00705924;0.000620139;0.00723896;-0.00708614;1.01117;0.00153185;-0.00190416;0.99359;0.0235668;0.986071;1;3;1
399.531;698.06;3.24031;6.40743;0.00695784;-0.00592833;0.000701802;0.00699595;-0.00596644;1.00299;0.00473587;-0.00616438;0.996413;0.0203055;0.989173;1;3;1
422.531;698.06;3.41891;6.53019;0.00701102;-0.00648028;0.000176753;0.00701334;-0.0064826;1.00799;0.00502846;-0.00289824;0.996;0.0180252;0.992943;1;3;1
445.531;698.06;3.56127;6.60569;0.00695143;-0.00738595;-0.000454359;0.00696582;-0.00740033;1.01018;0.000732839;-0.00289624;0.992959;0.02137;0.990808;1;3;1
468.531;698.06;3.73737;6.66706;0.00710122;-0.00794117;-0.0008879;0.00715345;-0.0079934;1.0017;0.00115083;-0.00410528;0.991314;0.0219035;0.989618;1;2;1
491.531;698.06;3.88661;6.73107;0.00613875;-0.00781768;-9.09068e-05;0.00613935;-0.00781827;1.00786;0.000828181;-0.00384008;0.993422;0.0206085;0.988577;1;2;1
514.531;698.06;4.0186;6.83091;0.00636259;-0.00766117;0.00059245;0.00638758;-0.00768616;1.00509;0.000880314;-0.00154338;0.997313;0.020112;0.987697;1;3;1
537.531;698.06;4.17806;6.89667;0.00814873;-0.00718041;0.000953147;0.00820776;-0.00723945;1.00742;-0.000462029;-0.0021431;0.996481;0.0222497;0.988072;1;3;1
560.531;698.06;4.39166;6.98749;0.00821574;-0.00675801;0.000448011;0.00822913;-0.0067714;1.01296;-0.000121268;-0.00879451;0.994885;0.0198766;0.991849;1;3;1
583.531;698.06;4.55397;7.10778;0.0061025;-0.00761129;-0.000451571;0.00611736;-0.00762615;0.999787;0.00671196;-0.00179013;0.996202;0.0207964;0.98364;1;3;1
606.531;698.06;4.67111;7.18367;0.00662649;-0.00650431;-0.000332589;0.00663491;-0.00651273;1.00907;0.00832571;-0.00357296;0.994811;0.0221187;0.986477;1;3;1
629.531;698.06;4.8576;7.23914;0.00880791;-0.00659989;-0.000262562;0.00881238;-0.00660436;1.01304;0.00324686;-0.00279434;0.995333;0.0217312;0.988122;1;3;1
652.531;698.06;5.07439;7.28682;0.00742098;-0.00709494;7.26349e-05;0.00742134;-0.0070953;1.00154;0.00303577;0.000458165;0.990735;0.0199333;0.989127;1;3;1
675.531;698.06;5.1975;7.37692;0.00746974;-0.00596772;0.000314575;0.00747711;-0.00597508;1.01044;-0.000479508;-0.0042662;0.993455;0.0196942;0.987884;1;3;1
698.531;698.06;5.41659;7.39633;0.00797631;-0.00541053;0.00020436;0.00797943;-0.00541365;1.0086;0.000135384;-0.00261217;0.995111;0.0249019;0.978581;1;3;1
721.531;698.06;5.56274;7.5191;0.00472091;-0.00695161;0.00167382;0.00495619;-0.00718689;1.00726;0.00356924;-0.00643153;0.995179;0.0233441;0.98684;1;3;1
744.531;698.06;5.63257;7.64495;0.00625064;-0.00812127;-0.000847319;0.00630042;-0.00817105;1.0094;0.00566969;-0.00319667;0.991031;0.0231707;0.979544;1;4;1
767.531;698.06;5.84922;7.63973;0.00860916;-0.00638008;-0.00102252;0.0086786;-0.00644952;1.00781;0.00622687;-0.000266817;0.99416;0.0234437;0.984876;1;3;1
790.531;698.06;6.02674;7.77007;0.00946575;-0.00535629;0.0018034;0.00968201;-0.00557255;1.00852;0.000657763;-0.00658381;0.992681;0.0214079;0.987676;1;3;1
813.531;698.06;6.28206;7.86421;0.00835312;-0.00590605;-0.000503177;0.00837086;-0.00592378;1.00868;0.00631351;-0.00382759;0.997478;0.0210847;0.984872;1;3;1
836.531;698.06;6.40914;7.92342;0.0066172;-0.00510202;-0.000817536;0.00667396;-0.00515877;1.00867;0.00828745;-0.00593647;0.995171;0.0223435;0.983935;1;3;1
859.531;698.06;6.58531;7.97809;0.00691499;-0.00761043;-0.00169125;0.00710931;-0.00780475;1.00779;0.000719562;0.000518391;0.99413;0.0241459;0.983463;1;3;1
882.531;698.06;6.72606;8.00785;0.00882232;-0.00624071;0.000447742;0.00883561;-0.006254;1.0126;0.00528976;0.000328581;0.99174;0.0249176;0.977106;1;4;1
905.531;698.06;6.98917;8.11171;0.00880385;-0.00669018;0.000315357;0.00881027;-0.0066966;1.0059;-0.00226921;-0.00665594;0.992959;0.0204614;0.992148;1;3;1
928.531;698.06;7.12889;8.19359;0.00742134;-0.00647734;0.000427144;0.00743445;-0.00649045;1.00923;4.34251e-05;-0.00277177;0.994714;0.0203189;0.990917;1;3;1
951.531;698.06;7.32906;8.26063;0.00830923;-0.00627847;-6.05206e-05;0.00830949;-0.00627872;1.00812;0.000149946;-0.00366355;0.994798;0.0188342;0.989534;1;3;1
974.531;698.06;7.50926;8.35577;0.00767346;-0.00772282;0.000137947;0.0076747;-0.00772405;1.00869;0.00598119;-0.00502944;0.991096;0.0190045;0.988999;1;3;1
997.531;698.06;7.68043;8.41622;0.00683886;-0.00681279;0.00017134;0.00684101;-0.00681494;1.00564;0.00981422;-0.00290459;0.998131;0.0261383;0.966155;1;3;1
1020.53;698.06;7.82246;8.52724;0.00591942;-0.00552541;0.00188598;0.0062222;-0.00582819;1.00543;0.0093059;-0.00442778;0.995194;0.0229478;0.981472;1;2;1
1043.53;698.06;7.95097;8.71218;0.00714277;-0.00783114;0.000738753;0.00717913;-0.0078675;1.00763;0.0100672;-0.00361973;0.99371;0.0262499;0.961969;1;3;1
1066.53;698.06;8.14969;8.65564;0.00786263;-0.00664223;-0.00123296;0.00796669;-0.00674629;1.01138;0.00481047;-0.000144129;0.995424;0.0220685;0.987499;1;3;1
1089.53;698.06;8.31124;8.73403;0.00955519;-0.00790215;4.82848e-05;0.00955532;-0.00790228;1.00741;0.00259555;-0.00152741;0.989973;0.0247907;0.983191;1;3;1
1112.53;698.06;8.58687;8.81547;0.0110376;-0.0082257;-0.000299943;0.0110423;-0.00823036;1.01225;0.00624888;-0.00528519;0.993309;0.0227529;0.987662;1;3;1
1135.53;698.06;8.81581;8.92457;0.00724248;-0.00810365;-0.00111974;0.00732375;-0.00818492;1.00943;0.0105353;-0.000935107;0.999471;0.022421;0.985584;1;3;1
1158.53;698.06;8.91871;8.9211;0.00619426;-0.00615754;-0.00147137;0.00636711;-0.00633039;1.00574;0.000292883;-0.000117531;0.997924;0.0227602;0.981755;1;3;1
1181.53;698.06;9.09983;8.9826;0.0057752;-0.00766228;-0.000241363;0.00577954;-0.00766661;1.01056;0.00677553;-0.00246286;0.993164;0.0219723;0.986888;1;3;1
1204.53;698.06;9.1832;9.11481;0.00654394;-0.00676864;0.000965258;0.00661357;-0.00683827;0.992657;0.00829334;-0.00735289;0.992666;0.0215949;0.982987;1;3;1
1227.53;698.06;9.39955;9.15578;0.00926552;-0.00777809;-0.000640051;0.00928952;-0.00780209;1.0157;0.00703637;0.00174419;0.993219;0.0237992;0.985558;1;3;1
1250.53;698.06;9.60742;9.1682;0.00909771;-0.00632427;-0.000383565;0.00910724;-0.0063338;1.00647;0.00364006;-0.00599481;0.993462;0.0187652;0.992584;1;2;1
1273.53;698.06;9.81604;9.26194;0.0091195;-0.00717817;0.000279381;0.00912429;-0.00718295;1.01111;0.00423879;-0.00239059;0.99373;0.0241767;0.989572;1;3;1
31.5305;675.06;1.133;5.33774;0.00466021;-0.00775855;0.000525656;0.00468242;-0.00778076;1.0085;0.00472881;-0.00635239;0.990534;0.0214333;0.989939;1;3;1
54.5305;675.06;1.23983;5.41001;0.0060316;-0.00807518;0.000831035;0.00608038;-0.00812397;1.00121;0.001503;-0.0015514;0.993539;0.0186938;0.99246;1;3;1
77.5306;675.06;1.40931;5.50763;0.00682705;-0.00674415;0.0015175;0.00699466;-0.00691177;1.01342;-0.00067354;-0.00593688;0.99156;0.0214918;0.990894;1;3;1
100.531;675.06;1.55253;5.5691;0.00494149;-0.00783098;-5.41795e-05;0.00494172;-0.00783121;1.00405;0.000948442;-0.00219793;0.992554;0.0218403;0.989314;1;3;1
123.531;675.06;1.63588;5.63959;0.00372464;-0.0101617;0.000384064;0.00373526;-0.0101724;1.00376;0.00148389;-0.00900418;0.987957;0.0209421;0.987656;1;3;1
146.531;675.06;1.72313;5.76579;0.00563298;-0.00934418;0.000383463;0.00564279;-0.00935399;1.00525;0.00262454;-0.00422317;0.99236;0.021695;0.992856;1;3;1
169.531;675.06;1.89386;5.83451;0.00703957;-0.00874181;-0.00055721;0.00705922;-0.00876146;1.01081;0.00316864;0.00289969;0.990856;0.0207607;0.991475;1;4;1
192.531;675.06;2.04573;5.85726;0.00760652;-0.00840927;0.000395336;0.00761627;-0.00841903;1.00725;-0.000371509;-0.00521022;0.99338;0.0232955;0.988611;1;3;1
215.531;675.06;2.24233;5.93508;0.00651012;-0.00723537;0.000827638;0.00655977;-0.00728502;1.00436;0.007732;-0.00135009;0.992681;0.0226276;0.987069;1;3;1
238.531;675.06;2.34375;6.06609;0.00506107;-0.00836553;0.000506061;0.00508011;-0.00838458;1.00951;0.00282986;-0.00584279;0.989706;0.023296;0.985054;1;3;1
261.531;675.06;2.47402;6.15642;0.00705103;-0.00790986;0.00107144;0.00712737;-0.00798621;1.00602;0.00460999;-0.00245693;0.988563;0.0205888;0.992104;1;4;1
284.531;675.06;2.66665;6.23741;0.00613495;-0.00878215;0.000206113;0.0061378;-0.008785;0.999707;0.00256994;-0.00207284;0.990405;0.0174709;0.993984;1;3;1
307.531;675.06;2.75518;6.28929;0.00555599;-0.00790744;0.000275614;0.00556162;-0.00791308;1.00727;0.00375615;-0.00440594;0.989836;0.0191033;0.987732;1;2;1
330.531;675.06;2.92124;6.39744;0.00484;-0.00799157;0.000816655;0.00489176;-0.00804333;1.00364;0.00259355;-0.00363262;0.990445;0.0207411;0.989873;1;3;1
353.531;675.06;2.97696;6.46165;0.00469226;-0.00751741;0.000281601;0.00469876;-0.0075239;1.00649;0.00540069;-0.00345764;0.992963;0.0203331;0.991087;1;3;1
376.531;675.06;3.13638;6.53268;0.00666996;-0.00799022;-0.000196315;0.00667258;-0.00799285;1.00726;0.00513708;-0.00284797;0.990221;0.0181326;0.991157;1;3;1
399.531;675.06;3.28257;6.59542;0.00739285;-0.00906941;0.000275189;0.00739745;-0.00907401;1.00671;0.00151072;-0.00184251;0.988083;0.0203239;0.987597;1;3;1
422.531;675.06;3.47499;6.67444;0.00727626;-0.00762597;0.000688583;0.00730801;-0.00765772;1.00819;-0.000393307;-0.00415988;0.993126;0.0186482;0.992959;1;3;1
445.531;675.06;3.61569;6.78129;0.00701606;-0.00706169;0.000423286;0.00702878;-0.00707441;1.01056;0.0046405;-0.00474822;0.992186;0.0216606;0.989452;1;3;1
468.531;675.06;3.79634;6.82978;0.00779069;-0.00763976;0.000641832;0.00781734;-0.00766641;1.00341;0.00402035;-0.0035374;0.995024;0.019011;0.991422;1;3;1
491.531;675.06;3.97246;6.92367;0.00681202;-0.00759599;0.00114577;0.00690256;-0.00768654;1.00583;0.00192143;-0.00504654;0.991634;0.0220047;0.986353;1;3;1
514.531;675.06;4.10832;7.00118;0.00574122;-0.00827477;-8.46217e-05;0.00574173;-0.00827528;1.00851;0.00417412;0.000667419;0.991796;0.0198316;0.991164;1;3;1
537.531;675.06;4.23567;7.0326;0.00760628;-0.0067041;-0.000450021;0.00762042;-0.00671823;1.00658;0.00378792;-0.00322382;0.992452;0.019196;0.992242;1;4;1
560.531;675.06;4.45665;7.14842;0.00856913;-0.00708908;0.00104939;0.00863915;-0.00715909;1.01095;0.00878161;-0.00475418;0.992224;0.0238168;0.985399;1;3;1
583.531;675.06;4.62758;7.26762;0.00646439;-0.00631952;0.000460923;0.00648099;-0.00633611;1.00105;-0.000453651;-0.000874009;0.993182;0.0187486;0.99039;1;3;1
606.531;675.06;4.75284;7.29164;0.00622301;-0.00571514;0.000179645;0.00622571;-0.00571784;1.01168;0.00117495;-0.00426976;0.994206;0.0212218;0.989147;1;3;1
629.531;675.06;4.91283;7.37702;0.00721501;-0.00636692;0.00126479;0.00733178;-0.0064837;1.00667;0.00232641;-0.00273436;0.9883;0.0187813;0.988419;1;4;1
652.531;675.06;5.08316;7.47853;0.00660374;-0.00664896;0.00103955;0.00668479;-0.00673001;1.00829;0.0010539;-0.00167896;0.994452;0.0187561;0.993323;1;3;1
675.531;675.06;5.21536;7.5289;0.00830202;-0.0063187;0.000656574;0.00833144;-0.00634813;1.00644;-0.000733881;-0.00420816;0.991436;0.0180652;0.989139;1;3;1
698.531;675.06;5.46335;7.58985;0.00805784;-0.00837624;0.000635504;0.00808237;-0.00840078;1.00648;0.000455421;0.00121811;0.990752;0.0219306;0.988989;1;3;1
721.531;675.06;5.58439;7.64475;0.00739345;-0.00733259;0.000795563;0.0074363;-0.00737545;1.00947;0.00482139;-0.011415;0.993747;0.0192225;0.986762;1;4;1
744.531;675.06;5.80183;7.77538;0.008627;-0.00468458;-0.000836388;0.00867935;-0.00473692;1.00812;0.0048462;0.00182368;0.992661;0.0235692;0.986049;1;4;1
767.531;675.06;5.97919;7.82462;0.00651981;-0.00848432;-0.00103496;0.00659087;-0.00855537;1.00298;0.00502076;-0.00297273;0.987828;0.0246885;0.981532;1;3;1
790.531;675.06;6.10062;7.89251;0.0079577;-0.00595111;-0.000683518;0.00799121;-0.00598462;1.0085;0.00825298;-0.00265918;0.989548;0.0212207;0.987683;1;3;1
813.531;675.06;6.34353;7.98277;0.00916948;-0.00561489;0.000523297;0.00918798;-0.00563339;1.00998;0.005152;-0.00476902;0.988688;0.02114;0.991066;1;3;1
836.531;675.06;6.52028;8.03661;0.00804258;-0.00676121;0.000744041;0.00807989;-0.00679851;1.00445;0.000560657;-0.00380921;0.995087;0.0219509;0.984843;1;3;1
859.531;675.06;6.71158;8.18248;0.00536516;-0.00781787;-0.000113206;0.00536613;-0.00781884;1.00156;0.00187945;-0.00298264;0.989635;0.0269522;0.980071;1;3;1
882.531;675.06;6.76623;8.16752;0.00609521;-0.00762674;-0.000805936;0.00614238;-0.00767391;1.0105;0.000973793;-0.00161592;0.993336;0.0218035;0.988055;1;3;1
905.531;675.06;6.99107;8.24166;0.00918488;-0.00712918;0.00109352;0.00925785;-0.00720215;1.00885;0.00211573;-0.00465546;0.99344;0.0246818;0.986108;1;3;1
928.531;675.06;7.18644;8.35382;0.00932703;-0.00694745;0.00010471;0.00932771;-0.00694812;1.01536;0.00504823;-0.00488742;0.992759;0.0221015;0.986908;1;3;1
951.531;675.06;7.41771;8.43849;0.00730692;-0.00747005;0.000316753;0.00731371;-0.00747684;1.00234;0.00455101;-0.00369148;0.988479;0.0221225;0.985306;1;4;1
974.531;675.06;7.52095;8.54272;0.00707806;-0.0060899;5.67511e-05;0.0070783;-0.00609015;1.01021;-0.0033244;0.00038771;0.996677;0.0201259;0.989026;1;3;1
997.531;675.06;7.74206;8.53281;0.00794664;-0.00624477;0.000370725;0.00795632;-0.00625445;1.01034;0.00129651;0.000507892;0.994848;0.0225183;0.984386;1;3;1
1020.53;675.06;7.88498;8.63003;0.00624109;-0.005187;0.00102548;0.00633239;-0.00527829;1.00702;-0.00211321;-0.0042689;0.99267;0.0238195;0.988974;1;3;1
1043.53;675.06;8.02773;8.75595;0.00831362;-0.002696;-0.000345645;0.00832446;-0.00270684;1.00264;0.00563211;-0.00969145;0.999996;0.0207543;0.990732;1;3;1
1066.53;675.06;8.26545;8.81592;0.00886235;-0.00638943;-0.000816348;0.00890592;-0.006433;1.0097;0.00263083;0.000651017;0.99578;0.0205544;0.989466;1;3;1
1089.53;675.06;8.43349;8.85828;0.00893024;-0.00625051;-0.00070415;0.00896284;-0.00628311;1.00443;0.00323918;-0.00534922;0.994688;0.0199102;0.986598;1;3;1
1112.53;675.06;8.67409;8.9923;0.0103302;-0.00610687;0.000900766;0.0103794;-0.00615608;1.01358;0.00597781;-0.00588933;0.992746;0.0202905;0.987361;1;4;1
1135.53;675.06;8.90567;9.09127;0.00767337;-0.00590492;6.10372e-05;0.00767364;-0.0059052;1.00443;-0.0051561;-0.00155922;0.993673;0.0251808;0.973842;1;4;1
1158.53;675.06;9.02559;9.10383;0.00671295;-0.00820745;-0.000163857;0.00671475;-0.00820925;1.01035;0.00301903;-0.0018683;0.990308;0.0231461;0.986416;1;3;1
1181.53;675.06;9.21334;9.18682;0.00523879;-0.00712752;-0.000442449;0.0052546;-0.00714333;1.00461;0.00500555;-0.00261316;0.987441;0.0242748;0.980837;1;3;1
1204.53;675.06;9.26581;9.21772;0.00695174;-0.00598469;-0.00180856;0.00719983;-0.00623277;0.9978;0.00569323;-0.00436146;0.995428;0.0237578;0.98376;1;3;1
1227.53;675.06;9.53193;9.27267;0.00835028;-0.00545874;-0.00072044;0.00838776;-0.00549622;1.01492;0.00255426;-0.00310566;0.995396;0.0197451;0.993511;1;4;1
1250.53;675.06;9.64819;9.33052;0.00869919;-0.00662819;0.00164931;0.00887466;-0.00680366;1.00871;0.00158935;-0.00323657;0.993917;0.0208374;0.987181;1;3;1
1273.53;675.06;9.92987;9.48899;0.0123455;-0.00721395;0.00221092;0.0125923;-0.00746075;1.00601;0.00345217;-0.00904016;0.99051;0.0379372;0.962242;1;3;1
31.5305;652.06;1.20811;5.54854;0.00392213;-0.00791395;-0.000708006;0.00396433;-0.00795615;1.01129;-0.00116214;-0.00658079;0.992911;0.0221327;0.991899;1;3;1
54.5305;652.06;1.29797;5.63792;0.00441558;-0.0075938;-0.000996424;0.0044977;-0.00767591;0.995773;0.00692861;0.0012052;0.995455;0.0212428;0.990991;1;3;1
77.5306;652.06;1.41059;5.68147;0.00606283;-0.00815271;0.000522459;0.006082;-0.00817188;1.01626;-8.431e-05;-0.0102866;0.995087;0.0217903;0.990773;1;3;1
100.531;652.06;1.57584;5.76613;0.00681942;-0.00817449;0.00151834;0.00697162;-0.0083267;1.00097;-0.000140697;-0.00135821;0.991007;0.0187576;0.992139;1;3;1
123.531;652.06;1.72268;5.9056;0.00599279;-0.00861718;0.000859172;0.00604314;-0.00866753;1.00345;-0.00322194;-0.00454915;0.993038;0.0253339;0.986822;1;3;1
146.531;652.06;1.8502;5.97778;0.00559241;-0.00793741;-0.000211693;0.00559572;-0.00794072;1.01196;0.00478597;-0.00436772;0.992338;0.020685;0.99068;1;3;1
169.531;652.06;1.9789;6.07568;0.00498109;-0.00830077;-0.000379164;0.00499191;-0.00831159;1.00537;0.00926588;-0.00402207;0.991595;0.0233409;0.98749;1;4;1
192.531;652.06;2.07857;6.11067;0.00511872;-0.00892307;-0.000611899;0.00514533;-0.00894969;1.00486;0.00166906;0.00328085;0.988166;0.0208908;0.992429;1;3;1
215.531;652.06;2.21371;6.14505;0.00769533;-0.00867237;0.000477469;0.00770925;-0.00868629;1.00465;0.00159497;-0.00656993;0.993542;0.0201219;0.991047;1;3;1
238.531;652.06;2.4309;6.27971;0.00619008;-0.00878746;0.000353769;0.00619843;-0.00879581;1.01051;0.00492396;-0.00336938;0.989926;0.0235596;0.989141;1;3;1
261.531;652.06;2.49711;6.35211;0.00513869;-0.00770617;0.00114452;0.00523987;-0.00780735;1.00473;-0.00179631;-0.00702303;0.992207;0.0263203;0.986962;1;3;1
284.531;652.06;2.66634;6.45598;0.00771423;-0.00783532;0.00162506;0.00788225;-0.00800334;1.00713;0.000964316;-0.00217382;0.991132;0.0181575;0.99323;1;3;1
307.531;652.06;2.85028;6.52591;0.00575328;-0.00805561;-0.000131194;0.00575453;-0.00805686;1.00505;0.0038213;-0.000515679;0.992933;0.0178266;0.991909;1;3;1
330.531;652.06;2.93018;6.52802;0.00364924;-0.00668813;0.000277548;0.00365669;-0.00669558;1.00215;-0.000876706;-0.00348402;0.996229;0.0201949;0.991105;1;2;1
353.531;652.06;3.01774;6.62476;0.00698705;-0.00721178;0.000144127;0.00698851;-0.00721324;1.00594;0.00240303;-0.00284371;0.992968;0.0202449;0.991672;1;3;1
376.531;652.06;3.24999;6.73765;0.00736004;-0.00908789;-0.000200052;0.00736248;-0.00909032;1.00817;0.00107328;-0.00703255;0.989102;0.0211399;0.990243;1;3;1
399.531;652.06;3.35462;6.82667;0.00631034;-0.00839249;-0.000251153;0.00631463;-0.00839678;1.00136;0.0023585;0.00109139;0.990883;0.0197162;0.989426;1;3;1
422.531;652.06;3.53913;6.88249;0.00700836;-0.00762922;-0.000425944;0.00702074;-0.0076416;1.01162;0.00286415;-0.00495705;0.992319;0.0212432;0.982949;1;3;1
445.531;652.06;3.67577;6.93182;0.00610645;-0.00686579;-7.89303e-05;0.00610693;-0.00686627;1.00682;0.000187301;-1.20083e-05;0.989713;0.0206117;0.988933;1;3;1
468.531;652.06;3.81897;7.01992;0.00600339;-0.00790676;0.000123092;0.00600448;-0.00790785;1.00395;0.00286274;-0.0070556;0.99558;0.0192508;0.98889;1;3;1
491.531;652.06;3.95085;7.08187;0.0068752;-0.00677537;0.000684185;0.00690941;-0.00680958;1.00606;0.00143585;-0.00283944;0.994937;0.0201125;0.987721;1;3;1
514.531;652.06;4.13375;7.21328;0.00903206;-0.00810295;-0.000813622;0.0090706;-0.00814149;1.01019;0.0019504;-0.00432611;0.992298;0.0192454;0.993635;1;3;1
537.531;652.06;4.3643;7.20647;0.00859468;-0.00799056;-0.00151677;0.00873225;-0.00812813;1.00867;0.00238617;-0.00458085;0.992728;0.0168215;0.994873;1;3;1
560.531;652.06;4.52731;7.31495;0.00630981;-0.00683792;0.001433;0.00646419;-0.00699229;1.00986;0.00133616;-0.00405257;0.991484;0.0174235;0.993762;1;3;1
583.531;652.06;4.65324;7.39951;0.00513626;-0.00651671;0.00053082;0.00516039;-0.00654084;1.00288;0.00311849;-0.00275304;0.994085;0.0188085;0.989355;1;3;1
606.531;652.06;4.76278;7.44741;0.00596101;-0.00760726;0.000112667;0.00596195;-0.0076082;1.00785;-0.00140487;-0.0021572;0.988104;0.0172158;0.991035;1;3;1
629.531;652.06;4.92644;7.53301;0.00800359;-0.00780066;-0.00024417;0.00800736;-0.00780443;1.00963;0.000800954;-0.00208028;0.992717;0.0194478;0.989239;1;3;1
652.531;652.06;5.12925;7.59373;0.00700366;-0.00664796;0.000141016;0.00700512;-0.00664942;1.00534;0.00439632;-0.00395874;0.994831;0.0210822;0.985959;1;3;1
675.531;652.06;5.24729;7.66853;0.00749928;-0.00705239;0.000284753;0.00750485;-0.00705796;1.009;0.00696837;-0.00502567;0.995902;0.0247812;0.980051;1;3;1
698.531;652.06;5.47255;7.7833;0.00930373;-0.00655023;0.000738011;0.00933801;-0.00658451;1.00605;0.00243273;-0.000895582;0.993451;0.0220872;0.985421;1;3;1
721.531;652.06;5.67291;7.85778;0.00903791;-0.0085735;-0.000791868;0.00907345;-0.00860903;1.01179;-0.00129973;-0.00884323;0.989424;0.021057;0.989459;1;3;1
744.531;652.06;5.88637;7.86165;0.00844012;-0.00712469;0.000595184;0.00846284;-0.00714742;1.00748;-0.00138775;0.000918492;0.993035;0.0254067;0.981732;1;3;1
767.531;652.06;6.0592;8.03216;0.00783694;-0.00769007;0.000750601;0.00787315;-0.00772627;1.0108;0.00578563;-6.66273e-05;0.99051;0.0249044;0.980874;1;4;1
790.531;652.06;6.2451;8.04516;0.00692026;-0.00839285;-0.00094048;0.0069778;-0.0084504;1.00387;0.00521999;-0.00241335;0.996484;0.0223115;0.985116;1;3;1
813.531;652.06;6.37635;8.12332;0.00639626;-0.00676686;0.000109508;0.00639717;-0.00676777;1.01032;-5.2227e-05;-0.000683135;0.996905;0.021472;0.989767;1;3;1
836.531;652.06;6.538;8.23567;0.00761609;-0.00723995;0.00157176;0.00778056;-0.00740442;1.00697;0.00329934;-0.00890227;0.993966;0.0207497;0.990394;1;3;1
859.531;652.06;6.72486;8.33935;0.00698717;-0.00575078;0.00107673;0.00707755;-0.00584115;1.00472;-0.00107164;0.00108655;0.996113;0.0237832;0.984289;1;3;1
882.531;652.06;6.85813;8.36022;0.00759426;-0.00843492;-0.000398253;0.00760414;-0.0084448;1.00932;0.00850259;-0.00198384;0.991248;0.0213534;0.986623;1;4;1
905.531;652.06;7.07277;8.44091;0.00994328;-0.00844178;0.000211063;0.00994571;-0.0084442;1.00954;0.00681781;-0.00452203;0.995017;0.0219762;0.986118;1;3;1
928.531;652.06;7.31301;8.51466;0.00903583;-0.0072674;-0.000630711;0.00906019;-0.00729176;1.01169;0.00756952;-0.00428632;0.994945;0.0213682;0.987608;1;3;1
951.531;652.06;7.48626;8.60582;0.00619988;-0.00685259;0.000116739;0.00620092;-0.00685363;1.00282;-0.000426785;-0.00420015;0.990345;0.0207062;0.984564;1;3;1
974.531;652.06;7.59717;8.63685;0.00537329;-0.00576476;-0.00162456;0.0056054;-0.00599687;1.00869;0.008797;0.00162347;0.994613;0.0187702;0.99136;1;3;1
997.531;652.06;7.73267;8.70441;0.00768855;-0.00813804;-0.000531557;0.00770638;-0.00815588;1.00759;0.00267245;-0.0056516;0.989553;0.0210387;0.987436;1;3;1
1020.53;652.06;7.94931;8.76664;0.009477;-0.0067945;-0.000465688;0.00949032;-0.00680782;1.00887;0.00559691;0.00282262;0.993448;0.0219021;0.987745;1;4;1
1043.53;652.06;8.16637;8.83687;0.00820666;-0.00555044;-0.000431213;0.00822016;-0.00556395;1.00623;0.00658521;-0.0094741;0.993252;0.0194213;0.990206;1;3;1
1066.53;652.06;8.32491;8.95084;0.00836487;-0.00633634;0.000159399;0.0083666;-0.00633807;1.01014;0.00528996;-0.0026897;0.993667;0.0181429;0.99264;1;3;1
1089.53;652.06;8.54919;9.02308;0.00893908;-0.00764271;-0.000307735;0.00894479;-0.00764842;1.00798;0.0059136;-0.00166522;0.992678;0.0198223;0.987175;1;3;1
1112.53;652.06;8.73406;9.09749;0.00810643;-0.00621457;0.000618927;0.00813313;-0.00624127;1.00824;0.00350899;-0.00522169;0.994403;0.0181597;0.98985;1;3;1
1135.53;652.06;8.92026;9.19713;0.006416;-0.00465863;0.00127115;0.00656003;-0.00480266;1.0047;0.00626737;-0.00444918;0.995483;0.0226572;0.986413;1;3;1
1158.53;652.06;9.02781;9.30033;0.00725866;-0.00594113;-0.00032454;0.00726663;-0.00594911;1.01077;-0.00279315;-0.0044963;0.993846;0.0214782;0.986728;1;3;1
1181.53;652.06;9.25281;9.31189;0.00885352;-0.00620772;-0.00040093;0.00886418;-0.00621839;1.00299;0.0011537;0.000214025;0.995279;0.0225167;0.985882;1;3;1
1204.53;652.06;9.43319;9.39162;0.00706456;-0.00779946;-0.00115998;0.00715454;-0.00788944;1.0058;0.00737456;-0.00111839;0.989107;0.0234251;0.983943;1;3;1
1227.53;652.06;9.57654;9.40792;0.00516342;-0.00768875;-0.00142164;0.0053188;-0.00784412;1.01107;0.00427146;0.00136589;0.990848;0.023348;0.987199;1;3;1
1250.53;652.06;9.67003;9.47416;0.00763239;-0.00732741;-0.000637319;0.0076595;-0.00735451;1.00907;0.0108799;-0.00817961;0.993059;0.0257612;0.983359;1;3;1
1273.53;652.06;9.92592;9.59512;0.0112017;-0.00578429;0.00110566;0.0112734;-0.00585596;1.00279;0.00514507;-0.00322886;0.98747;0.0263188;0.985749;1;3;1
31.5305;629.06;1.37453;5.70387;0.0038323;-0.00843632;0.000435526;0.00384774;-0.00845176;1.01471;0.00426032;-0.000824142;0.989433;0.0252333;0.985487;1;3;1
54.5305;629.06;1.46243;5.76121;0.00247589;-0.00739799;-4.69917e-05;0.00247611;-0.00739822;0.99644;0.00205911;-0.00569459;0.987739;0.0235368;0.985542;1;3;1
77.5306;629.06;1.48793;5.88426;0.00375728;-0.00807757;0.00076448;0.00380645;-0.00812675;1.00998;0.00425838;-0.00523423;0.989917;0.0250375;0.98776;1;3;1
100.531;629.06;1.63457;5.94675;0.00606617;-0.00932124;0.000423954;0.00607785;-0.00933291;1.00293;0.00928114;-0.00223093;0.990924;0.0219188;0.985136;1;3;1
123.531;629.06;1.76587;6.03789;0.00601997;-0.0069985;0.0002665;0.00602543;-0.00700395;1.01215;0.0109938;-0.00290091;0.993065;0.0243073;0.984167;1;4;1
146.531;629.06;1.91029;6.13276;0.00641559;-0.007571;0.000610683;0.0064422;-0.00759762;0.998809;-0.0020171;-0.00805554;0.990929;0.0227365;0.98974;1;3;1
169.531;629.06;2.0597;6.21825;0.00566945;-0.00654185;0.000356886;0.00567987;-0.00655227;1.01031;-0.00171403;-0.00261264;0.994883;0.0193817;0.99379;1;4;1
192.531;629.06;2.17014;6.26974;0.00666292;-0.00833107;-0.000791103;0.00670454;-0.00837269;1.00975;0.00371303;-0.002934;0.994178;0.0223601;0.990086;1;3;1
215.531;629.06;2.36503;6.33592;0.00754287;-0.00904753;-0.000114289;0.00754366;-0.00904832;1.00172;0.00101402;-0.000702311;0.994236;0.0210937;0.990642;1;3;1
238.531;629.06;2.51537;6.47242;0.00388974;-0.00854013;0.00053137;0.00391241;-0.0085628;1.00571;0.00461905;-0.00464722;0.9961;0.0236261;0.989078;1;3;1
261.531;629.06;2.54327;6.51233;0.0037943;-0.00770234;4.62483e-05;0.00379448;-0.00770253;1.00446;0.00588672;-0.00171087;0.992831;0.022101;0.98906;1;3;1
284.531;629.06;2.68941;6.59927;0.00643785;-0.00718785;0.000473684;0.0064543;-0.0072043;1.00762;0.00126552;-0.00443323;0.993238;0.0219576;0.989285;1;3;1
307.531;629.06;2.83823;6.66142;0.00663798;-0.00716941;5.6994e-05;0.00663821;-0.00716965;1.00563;-0.000992865;-0.000606164;0.994491;0.0245603;0.988919;1;3;1
330.531;629.06;2.99363;6.70618;0.00725283;-0.00853037;-0.000112994;0.00725364;-0.00853118;1.00762;0.00560911;-0.0042884;0.988026;0.020117;0.988047;1;4;1
353.531;629.06;3.17046;6.79501;0.00786334;-0.00818077;0.000366491;0.00787171;-0.00818914;1.0067;0.00276071;-0.000251797;0.99152;0.0216674;0.990506;1;3;1
376.531;629.06;3.35327;6.95315;0.00606544;-0.00762171;0.00129347;0.00618661;-0.00774287;1.00618;0.0059117;-0.00570796;0.99352;0.0224322;0.987294;1;2;1
399.531;629.06;3.44825;6.98341;0.00576249;-0.0066665;-0.000970873;0.00583787;-0.00674189;1.00549;0.00728862;0.00122753;0.996644;0.01848;0.990793;1;3;1
422.531;629.06;3.61753;7.02696;0.00677177;-0.00657415;-0.000258727;0.00677679;-0.00657917;1.00756;0.00365053;-0.00689557;0.993442;0.0182365;0.992102;1;3;1
445.531;629.06;3.75856;7.09843;0.00688958;-0.0056436;0.000266621;0.00689525;-0.00564927;1.00757;0.00513569;0.00112135;0.996178;0.0206403;0.988388;1;3;1
468.531;629.06;3.93306;7.19514;0.00746972;-0.00642644;-0.000294247;0.00747595;-0.00643267;1.007;0.00928439;-0.00455024;0.986918;0.0201381;0.989911;1;3;1
491.531;629.06;4.10069;7.23658;0.00812604;-0.00772662;-0.000181249;0.00812811;-0.00772869;1.00587;0.00838695;-0.00339244;0.99126;0.0224213;0.986658;1;3;1
514.531;629.06;4.305;7.37586;0.00815547;-0.00727418;-2.76517e-05;0.00815552;-0.00727423;1.00851;0.00616339;-0.00721696;0.992101;0.0211399;0.991221;1;3;1
537.531;629.06;4.47403;7.40227;0.00460268;-0.00897676;-7.29181e-06;0.00460268;-0.00897676;1.00535;0.00484689;0.00283752;0.988405;0.0199285;0.99211;1;3;1
560.531;629.06;4.51615;7.46408;0.00514783;-0.00788463;0.000679541;0.00518317;-0.00791997;1.00691;-0.00146453;-0.00674054;0.991133;0.0225407;0.987744;1;3;1
583.531;629.06;4.70992;7.56845;0.00782245;-0.00803068;0.000343687;0.0078299;-0.00803812;1.00971;0.00180652;-0.00335201;0.989473;0.0226458;0.985117;1;3;1
606.531;629.06;4.87424;7.64308;0.00806537;-0.00789434;-0.000133919;0.0080665;-0.00789546;1.00626;0.00838202;-0.00259961;0.990447;0.0192662;0.992385;1;3;1
629.531;629.06;5.07914;7.73757;0.00719839;-0.00698728;-0.00106564;0.007278;-0.00706688;1.00811;0.00308097;-0.00431111;0.990757;0.0249543;0.9822;1;3;1
652.531;629.06;5.20397;7.78552;0.00648167;-0.00737921;-0.00106921;0.00656366;-0.0074612;1.0061;0.00218938;-0.00806516;0.991502;0.0226043;0.987119;1;3;1
675.531;629.06;5.37619;7.85475;0.00826239;-0.00714211;-0.00196889;0.00851006;-0.00738978;1.01137;0.0096479;-0.00188238;0.992991;0.0212037;0.9878;1;3;1
698.531;629.06;5.58236;7.89231;0.00780784;-0.00677448;-0.000361894;0.00781681;-0.00678346;1.00707;0.00386767;-0.000887548;0.993871;0.0214344;0.987091;1;3;1
721.531;629.06;5.73358;8.04108;0.00736064;-0.00632856;0.000751218;0.00740174;-0.00636966;1.00776;0.00178119;-0.00537181;0.992801;0.0241829;0.979827;1;3;1
744.531;629.06;5.91922;8.10444;0.00781237;-0.00866902;0.000155963;0.00781385;-0.00867049;1.00779;0.00418132;-0.00378438;0.993888;0.020106;0.987412;1;3;1
767.531;629.06;6.09135;8.17987;0.00780066;-0.00609428;0.000595307;0.00782612;-0.00611974;1.00708;-0.00356366;0.000409591;0.994329;0.0220164;0.986823;1;4;1
790.531;629.06;6.27633;8.28055;0.00939872;-0.00743221;0.00019413;0.00940096;-0.00743445;1.01011;-0.00386931;-0.00177818;0.990941;0.0283008;0.966699;1;3;1
813.531;629.06;6.52153;8.29546;0.00683544;-0.00777389;-0.000803526;0.0068795;-0.00781795;1.00123;0.00732871;-0.00251425;0.993486;0.0226194;0.985865;1;3;1
836.531;629.06;6.5896;8.37091;0.00468263;-0.00595712;-0.000300992;0.00469113;-0.00596563;1.00714;0.00456919;-0.00731746;0.991377;0.0196637;0.989328;1;3;1
859.531;629.06;6.73618;8.44778;0.00683437;-0.00618263;0.00109743;0.00692624;-0.0062745;1.00603;0.00313824;-0.000345415;0.994456;0.0188926;0.989986;1;2;1
882.531;629.06;6.90254;8.55738;0.0084629;-0.00690585;-0.000216882;0.00846596;-0.00690891;1.0073;-0.001745;-0.00570053;0.994047;0.0193649;0.991488;1;4;1
905.531;629.06;7.12348;8.63183;0.0110131;-0.00730086;-0.000625258;0.0110344;-0.00732219;1.01264;0.00546478;0.000811283;0.990232;0.0226517;0.98732;1;3;1
928.531;629.06;7.4062;8.68987;0.00882832;-0.00684427;0.000398271;0.00883843;-0.00685438;1.01037;-0.00360175;-0.00775037;0.995102;0.0225827;0.985246;1;3;1
951.531;629.06;7.52764;8.75493;0.00788028;-0.00794326;0.00033586;0.00788741;-0.00795039;1.00605;0.00724912;-0.00756431;0.996067;0.0203485;0.988383;1;3;1
974.531;629.06;7.76712;8.80933;0.00853551;-0.00783208;-0.000390259;0.00854481;-0.00784138;1.01021;0.00938999;3.51666e-05;0.992957;0.0189269;0.990181;1;3;1
997.531;629.06;7.91835;8.90904;0.00634218;-0.0076405;-0.00118524;0.00644193;-0.00774025;1.00775;0.00789561;-0.00318256;0.990926;0.0238054;0.986811;1;3;1
1020.53;629.06;8.05774;8.94397;0.00721107;-0.00863948;-0.000344437;0.00721855;-0.00864696;1.00725;0.00241796;-0.000956095;0.987249;0.0210299;0.987607;1;3;1
1043.53;629.06;8.24876;9.01252;0.00822845;-0.00799877;-0.000433109;0.00824;-0.00801033;1.00832;0.00267321;-0.00557018;0.992601;0.0217213;0.984476;1;3;1
1066.53;629.06;8.43441;9.10863;0.00780114;-0.0065311;6.2515e-05;0.00780142;-0.00653137;1.00597;0.00539076;-0.00424287;0.995947;0.0233215;0.989114;1;3;1
1089.53;629.06;8.6058;9.21152;0.00774896;-0.00714209;0.000512345;0.00776657;-0.0071597;1.01014;0.000660908;-0.00398201;0.992186;0.020217;0.987519;1;3;1
1112.53;629.06;8.78918;9.27921;0.00839099;-0.00752508;-0.000581081;0.00841218;-0.00754627;1.00447;-0.00145397;-0.00158328;0.991135;0.0249699;0.980634;1;3;1
1135.53;629.06;8.99008;9.30615;0.00828232;-0.00588468;4.90474e-05;0.00828249;-0.00588485;1.01468;4.26062e-06;-0.00214887;0.99051;0.0215427;0.987968;1;3;1
1158.53;629.06;9.1685;9.37816;0.00763864;-0.00402604;-0.00113728;0.00774849;-0.00413589;1.00718;0.011284;-0.00220882;0.996015;0.0244902;0.981543;1;3;1
1181.53;629.06;9.33982;9.47344;0.0065062;-0.00663797;3.6438e-05;0.0065063;-0.00663807;1.00802;0.00389735;-0.00710215;0.990855;0.0262349;0.977172;1;3;1
1204.53;629.06;9.46638;9.57835;0.00882044;-0.00703193;-8.19751e-05;0.00882087;-0.00703236;1.00719;0.00381778;-0.000226628;0.996658;0.0254776;0.984881;1;3;1
1227.53;629.06;9.74353;9.62821;0.00927097;-0.00793829;-0.00242982;0.00960747;-0.00827478;1.01043;0.0071403;-0.00257194;0.991676;0.0238817;0.98996;1;3;1
1250.53;629.06;9.8908;9.66947;0.00706343;-0.00861404;-0.00142604;0.00719209;-0.0087427;1.00798;0.00336326;-0.00266503;0.990293;0.0238104;0.988736;1;3;1
1273.53;629.06;10.0671;9.75605;0.00770319;-0.00593754;0.000210734;0.00770644;-0.00594079;1.00215;0.00127643;-0.00357042;0.994737;0.0254972;0.983773;1;3;1
31.5305;606.06;1.28145;5.93833;0.00871014;-0.00976085;0.000526468;0.00872514;-0.00977584;1.01172;-0.000681471;-0.0014572;0.991631;0.0253627;0.983043;1;3;1
54.5305;606.06;1.48089;5.97986;0.0052869;-0.00935803;0.000223389;0.0052903;-0.00936144;1.00189;0.00385042;-0.00490124;0.995196;0.0232976;0.989994;1;3;1
77.5306;606.06;1.52387;6.0547;0.00453122;-0.00800771;0.000104323;0.00453209;-0.00800858;1.00565;0.00452086;-0.0018957;0.994854;0.0223255;0.98753;1;3;1
100.531;606.06;1.68834;6.19706;0.00782091;-0.00990229;0.00020493;0.00782328;-0.00990466;1.00429;-0.00556134;-0.000983295;0.990949;0.0210388;0.989102;1;3;1
123.531;606.06;1.8819;6.22894;0.00619454;-0.00818609;-0.000450464;0.00620864;-0.00820019;1.00536;0.00350208;-0.0034823;0.991744;0.0231926;0.989809;1;3;1
146.531;606.06;1.97223;6.32753;0.00435508;-0.0086854;-0.0006589;0.00438829;-0.0087186;1.00431;0.00931862;-0.00607839;0.992014;0.0234954;0.99288;1;4;1
169.531;606.06;2.08156;6.37771;0.00643086;-0.00751983;0.000356463;0.00643996;-0.00752894;1.00662;0.00771892;-0.00128768;0.989871;0.0242589;0.988571;1;3;1
192.531;606.06;2.2668;6.4959;0.00746901;-0.00855758;0.000383391;0.00747818;-0.00856674;1.0112;0.00668951;-0.00793791;0.989412;0.0209207;0.989706;1;2;1
215.531;606.06;2.42349;6.56362;0.0063236;-0.00860842;0.0014744;0.0064678;-0.00875261;1.00797;0.00564849;0.00088164;0.992236;0.0226556;0.989271;1;3;1
238.531;606.06;2.55643;6.67442;0.00424795;-0.00709878;0.00107037;0.00434804;-0.00719887;1.00127;-0.00274841;-0.00285954;0.989192;0.0278615;0.976113;1;3;1
261.531;606.06;2.61826;6.70795;0.00465919;-0.00829086;-4.19471e-05;0.00465932;-0.008291;1.00583;-0.00234576;-0.00189279;0.992711;0.0199268;0.992244;1;3;1
284.531;606.06;2.77011;6.78794;0.00725451;-0.00787141;0.000157853;0.00725616;-0.00787306;1.00813;0.00378454;-0.00861466;0.993175;0.0198654;0.990899;1;3;1
307.531;606.06;2.95053;6.85701;0.00658836;-0.00859724;-0.000655262;0.00661658;-0.00862546;1.00507;0.00477525;0.00306715;0.990285;0.0190694;0.987585;1;3;1
330.531;606.06;3.07199;6.92233;0.00604044;-0.00808138;-0.000529398;0.00606026;-0.0081012;1.00809;0.00307142;-0.004926;0.995352;0.0196623;0.990566;1;3;1
353.531;606.06;3.22732;7.00311;0.005359;-0.00787567;0.000806946;0.00540802;-0.00792469;1.00469;0.00182123;-0.000382451;0.990198;0.0212362;0.987969;1;3;1
376.531;606.06;3.31754;7.08965;0.00630641;-0.00509538;0.00161535;0.00653085;-0.00531982;1.00831;0.000335474;-0.00386704;0.999294;0.0196665;0.988398;1;3;1
399.531;606.06;3.51632;7.13465;0.00783107;-0.00742649;-0.000400658;0.00784158;-0.00743701;1.00909;0.000268892;-0.00326402;0.991697;0.0198364;0.988948;1;3;1
422.531;606.06;3.67627;7.18611;0.00656956;-0.00819562;-0.000246372;0.00657367;-0.00819973;1.00564;0.00443046;-0.00170515;0.99229;0.0190622;0.993021;1;3;1
445.531;606.06;3.8175;7.19238;0.00667426;-0.00782226;-0.000232321;0.00667798;-0.00782598;1.0062;0.00241948;-4.98601e-05;0.992704;0.019746;0.991554;1;3;1
468.531;606.06;3.98209;7.31678;0.0071653;-0.00720672;0.00103832;0.00723993;-0.00728135;0.998065;0.000440086;-0.0075882;0.997737;0.0222415;0.990657;1;3;1
491.531;606.06;4.14527;7.43909;0.00693525;-0.00895409;0.0010558;0.0070051;-0.00902394;1.00945;0.00139344;-0.00233847;0.991995;0.018777;0.993893;1;3;1
514.531;606.06;4.29943;7.54942;0.00669798;-0.00702728;0.000801113;0.00674459;-0.00707388;1.00778;0.00142966;-0.00362657;0.994155;0.0205287;0.986632;1;3;1
537.531;606.06;4.452;7.62136;0.00719717;-0.00827226;0.000410143;0.00720804;-0.00828312;1.00375;0.000438104;-0.00739219;0.987901;0.0203719;0.989158;1;3;1
560.531;606.06;4.62913;7.6792;0.0075564;-0.00772092;-0.000323755;0.00756326;-0.00772777;1.00958;0.00701034;-0.00197594;0.996824;0.0196155;0.989679;1;4;1
583.531;606.06;4.79805;7.77064;0.00681663;-0.00669922;-0.000355026;0.00682595;-0.00670854;1.00752;0.00602247;-0.0023729;0.992417;0.0226913;0.983285;1;3;1
606.531;606.06;4.94144;7.81234;0.00799376;-0.00734548;-0.000921911;0.00804897;-0.00740069;1.00977;-0.00207149;-0.00127474;0.998324;0.0219843;0.983609;1;3;1
629.531;606.06;5.16422;7.85618;0.00876145;-0.00633612;-0.000470674;0.00877611;-0.00635078;1.00618;0.00840371;-0.00227499;0.996585;0.0224722;0.987529;1;3;1
652.531;606.06;5.34256;7.93493;0.00803423;-0.00709537;0.000145659;0.00803563;-0.00709677;1.00781;0.00731652;-0.00348653;0.993625;0.0202977;0.989096;1;3;1
675.531;606.06;5.5321;7.99914;0.00757081;-0.00631709;0.000286086;0.0075767;-0.00632299;1.01103;0.00350619;-0.00413332;0.992717;0.0226432;0.986403;1;3;1
698.531;606.06;5.68922;8.0965;0.00614256;-0.0087378;0.000191468;0.00614502;-0.00874027;1.00306;0.00778502;-0.0077411;0.991418;0.022253;0.986608;1;3;1
721.531;606.06;5.81355;8.15004;0.00697458;-0.00717888;0.000103922;0.00697534;-0.00717965;1.00962;0.00683614;0.00188438;0.994098;0.0217428;0.986062;1;4;1
744.531;606.06;6.00865;8.26233;0.00797214;-0.00667906;-0.000164856;0.007974;-0.00668091;1.00565;0.00483462;-0.00998617;0.99199;0.0191662;0.989579;1;3;1
767.531;606.06;6.17853;8.31351;0.00725636;-0.00540144;-0.000632659;0.0072879;-0.00543298;1.00999;0.00809251;0.00256786;0.995335;0.0214293;0.987816;1;3;1
790.531;606.06;6.34107;8.38842;0.0078698;-0.00643183;2.08486e-05;0.00786983;-0.00643186;1.00747;0.00295942;-0.00411794;0.991601;0.0207984;0.988702;1;3;1
813.531;606.06;6.53882;8.48261;0.0081936;-0.0072474;0.000698368;0.00822512;-0.00727893;1.00211;0.00268293;-0.00121207;0.991627;0.0227545;0.987841;1;3;1
836.531;606.06;6.71628;8.51087;0.00588741;-0.00667296;2.30402e-05;0.00588745;-0.006673;1.00665;0.00574709;-0.00524887;0.997526;0.0192365;0.989512;1;3;1
859.531;606.06;6.80863;8.62471;0.00748833;-0.00694323;5.50536e-05;0.00748854;-0.00694344;1.00848;0.00161258;-0.00347964;0.993598;0.0187791;0.991598;1;3;1
882.531;606.06;7.05915;8.67944;0.00986085;-0.00594372;-0.000818154;0.00990309;-0.00598596;1.01173;0.00585988;-0.003806;0.995456;0.0190316;0.988718;1;3;1
905.531;606.06;7.25976;8.77837;0.00739617;-0.00754016;-0.000426867;0.00740836;-0.00755235;1.00785;0.0052891;-0.0012555;0.99599;0.0187733;0.993166;1;3;1
928.531;606.06;7.39788;8.83066;0.00684584;-0.00724153;0.000677155;0.00687832;-0.00727401;1.00269;0.000807485;-0.00586201;0.991913;0.0212766;0.986878;1;3;1
951.531;606.06;7.57319;8.97275;0.00844403;-0.00811065;0.000219135;0.00844693;-0.00811355;1.00711;0.00254579;-0.00450637;0.990677;0.0216134;0.98542;1;3;1
974.531;606.06;7.78438;8.99893;0.00874823;-0.00865396;-0.000167005;0.00874984;-0.00865557;1.01246;-0.000722089;-0.00211308;0.989745;0.0204156;0.990348;1;3;1
997.531;606.06;7.97379;9.05786;0.00651117;-0.00706187;-4.40393e-05;0.00651131;-0.00706201;1.00403;0.00601628;-0.00445065;0.990965;0.0211812;0.990064;1;3;1
1020.53;606.06;8.08262;9.16599;0.0086096;-0.0081158;-0.000609056;0.00863175;-0.00813795;1.0115;0.0126415;-0.000301035;0.99485;0.0238367;0.98529;1;3;1
1043.53;606.06;8.3679;9.20674;0.0094538;-0.00802957;-0.000989092;0.00950958;-0.00808535;1.00701;0.00789315;-0.00204115;0.989721;0.0215794;0.987721;1;3;1
1066.53;606.06;8.51538;9.25265;0.00660445;-0.00711619;-0.000161498;0.00660635;-0.00711809;1.00549;0.00461228;-0.00357208;0.985394;0.0203979;0.988383;1;3;1
1089.53;606.06;8.67048;9.35296;0.00797132;-0.00772685;0.000265023;0.00797579;-0.00773132;1.01029;0.00732445;-0.00540014;0.996571;0.0200058;0.991052;1;3;1
1112.53;606.06;8.88021;9.44519;0.00748451;-0.0074016;-0.000271198;0.00748945;-0.00740654;1.00357;0.00495778;-0.00494834;0.994791;0.0251374;0.985202;1;3;1
1135.53;606.06;9.01334;9.46872;0.00910219;-0.00679456;-0.00106222;0.00917285;-0.00686523;1.01917;0.00751024;0.00411213;0.99713;0.0217719;0.986141;1;3;1
1158.53;606.06;9.297;9.4867;0.0094782;-0.00657254;-0.000834786;0.0095215;-0.00661584;1.00589;0.00449035;-0.00435183;0.996819;0.0229162;0.987833;1;3;1
1181.53;606.06;9.44705;9.61867;0.00646825;-0.00674939;9.15151e-05;0.00646888;-0.00675002;1.01009;0.0100121;-0.00575037;0.995239;0.0242231;0.9912;1;3;1
1204.53;606.06;9.59301;9.71651;0.0096291;-0.0064367;-0.00118766;0.00971642;-0.00652402;1.00192;0.00931971;0.000515189;0.991203;0.0208625;0.986622;1;3;1
1227.53;606.06;9.88761;9.7756;0.00727397;-0.00616941;0.000781098;0.0073192;-0.00621465;1.00926;0.000155359;-0.00436649;0.995849;0.0215955;0.984731;1;3;1
1250.53;606.06;9.92615;9.87284;0.00413845;-0.00662337;-0.000244394;0.004144;-0.00662892;1.00189;-0.00293371;-0.00380864;0.993773;0.0264829;0.981535;1;2;1
1273.53;606.06;10.0775;9.86931;0.00660201;-0.00513098;-0.00125722;0.00673522;-0.00526418;1.00713;0.000175548;-0.00617034;0.99592;0.0296547;0.987404;1;3;1
31.5305;583.06;1.40807;6.1551;0.00648286;-0.00821515;-0.00121578;0.00658275;-0.00831504;1.00739;0.00423858;-0.00286454;0.988009;0.0240726;0.986546;1;3;1
54.5305;583.06;1.55666;6.19381;0.00621245;-0.0085139;-0.00114893;0.00630155;-0.008603;1.00024;0.00577235;-0.00360434;0.988748;0.0227247;0.992454;1;2;1
77.5306;583.06;1.69285;6.25456;0.00503128;-0.00852713;0.00023804;0.00503546;-0.0085313;1.01004;0.00704488;-0.00534307;0.985875;0.0238419;0.985997;1;3;1
100.531;583.06;1.78704;6.40479;0.00529883;-0.00726088;-0.000332571;0.00530763;-0.00726968;1.00077;0.011387;-0.00178491;0.991243;0.0236631;0.991796;1;4;1
123.531;583.06;1.93567;6.41632;0.00721322;-0.00839731;0.000240832;0.00721693;-0.00840102;1.00385;-0.00234846;0.000167021;0.993866;0.022799;0.990812;1;3;1
146.531;583.06;2.11748;6.53451;0.00561809;-0.00777743;-0.000381558;0.00562895;-0.00778829;1.00333;0.0006255;-0.00223197;0.990967;0.0202252;0.990868;1;3;1
169.531;583.06;2.19314;6.56566;0.00437472;-0.00810901;2.38295e-05;0.00437477;-0.00810905;1.01285;0.00417095;-0.00811808;0.991933;0.0213217;0.990764;1;3;1
192.531;583.06;2.31809;6.66532;0.00464714;-0.00592633;0.00128814;0.00480181;-0.006081;1.00382;0.00493953;0.0009876;0.99159;0.0226911;0.987285;1;3;1
215.531;583.06;2.40611;6.73365;0.00527727;-0.00788278;0.000544164;0.00529973;-0.00790524;1.0052;0.00139112;-0.00527137;0.987686;0.0222566;0.988193;1;3;1
238.531;583.06;2.56001;6.80016;0.0055225;-0.00589008;0.00104779;0.0056179;-0.00598548;1.00256;0.00382632;-0.00237166;0.991946;0.0185898;0.992419;1;3;1
261.531;583.06;2.65916;6.89545;0.00571368;-0.00731742;-0.000153417;0.00571549;-0.00731922;1.00487;0.00671647;-0.00109853;0.994092;0.0209694;0.988159;1;3;1
284.531;583.06;2.82181;6.96298;0.00811101;-0.0068366;0.000368483;0.00812009;-0.00684568;1.00773;0.00284441;-0.00585298;0.99139;0.0218085;0.989239;1;3;1
307.531;583.06;3.03048;7.05902;0.00795365;-0.00725201;-3.18842e-05;0.00795372;-0.00725207;1.00403;0.00677515;-0.00166313;0.989046;0.0186148;0.992191;1;3;1
330.531;583.06;3.18608;7.07985;0.00504226;-0.00707964;-0.000187163;0.00504515;-0.00708253;1.00969;0.00266234;-0.00180016;0.992768;0.0195281;0.991768;1;3;1
353.531;583.06;3.26173;7.15882;0.00325919;-0.00640102;-0.000288253;0.00326779;-0.00640961;1.00113;0.00301566;-0.000908311;0.995842;0.0200048;0.989636;1;3;1
376.531;583.06;3.33564;7.18815;0.00694563;-0.00724501;0.000139219;0.006947;-0.00724638;1.00549;0.00225045;-0.00596307;0.991133;0.02296;0.982604;1;3;1
399.531;583.06;3.57983;7.3265;0.00789632;-0.00591114;0.000872239;0.0079512;-0.00596602;1.00349;0.00486726;-0.00272919;0.994228;0.0198756;0.988705;1;3;1
422.531;583.06;3.69693;7.40558;0.00717652;-0.00643694;2.27864e-05;0.00717656;-0.00643698;1.00847;-0.00193457;-0.00514767;0.993936;0.0213731;0.983974;1;3;1
445.531;583.06;3.90858;7.45992;0.00839633;-0.0100285;6.96848e-05;0.00839659;-0.0100287;1.01029;0.00432512;0.00147761;0.986486;0.0208994;0.988544;1;3;1
468.531;583.06;4.0814;7.52809;0.00709019;-0.00804603;0.00042632;0.00710218;-0.00805803;1.00586;-0.000810538;-0.00873281;0.989264;0.0211789;0.990651;1;3;1
491.531;583.06;4.23319;7.65052;0.00721039;-0.00769339;0.000254202;0.00721472;-0.00769773;1.00407;0.00037984;-0.00247109;0.990282;0.0204543;0.990721;1;3;1
514.531;583.06;4.41157;7.70038;0.00722916;-0.00663446;0.000106138;0.00722997;-0.00663527;1.00864;0.00102168;-0.00129217;0.993647;0.0204643;0.988991;1;3;1
537.531;583.06;4.56434;7.78447;0.00613438;-0.00694159;-0.000505521;0.00615389;-0.0069611;1.00272;0.00605474;-0.00360071;0.996515;0.0223522;0.985725;1;3;1
560.531;583.06;4.69273;7.82097;0.00675035;-0.00715333;-0.00038985;0.00676127;-0.00716426;1.00993;0.00143432;-0.00367319;0.989187;0.0193606;0.990287;1;3;1
583.531;583.06;4.87372;7.87795;0.00764143;-0.00646262;0.000295061;0.0076476;-0.00646879;1.00377;-0.000489873;-0.00238341;0.995955;0.0210398;0.987137;1;3;1
606.531;583.06;5.04262;7.98253;0.00806145;-0.00632798;-0.000178812;0.00806367;-0.0063302;1.00882;0.00247628;-0.00892814;0.98981;0.0245785;0.980612;1;4;1
629.531;583.06;5.24282;8.03025;0.00630349;-0.00760086;0.000548166;0.00632507;-0.00762244;1.00556;0.00292372;0.00281351;0.989099;0.0216216;0.987317;1;3;1
652.531;583.06;5.33149;8.11325;0.0058154;-0.00783466;0.000623074;0.00584378;-0.00786304;1.00204;0.000998923;-0.00181985;0.98825;0.0210337;0.990476;1;3;1
675.531;583.06;5.50941;8.14645;0.00834716;-0.0079958;0.0010005;0.00840818;-0.00805682;1.01234;0.00392585;-0.00274959;0.987259;0.0192189;0.991806;1;3;1
698.531;583.06;5.71351;8.29621;0.00826726;-0.00660104;0.00154497;0.00842611;-0.00675989;1.00782;-0.000724317;-0.00530692;0.991105;0.0188061;0.993059;1;3;1
721.531;583.06;5.88759;8.37276;0.00833902;-0.00766078;-0.000740009;0.00837318;-0.00769494;1.00924;0.00259614;-0.00471979;0.987456;0.0186262;0.990847;1;3;1
744.531;583.06;6.09537;8.41305;0.00842842;-0.00563458;-0.00102618;0.00850291;-0.00570906;1.00742;0.00732336;0.000640992;0.991774;0.0205968;0.985854;1;3;1
767.531;583.06;6.27364;8.42937;0.00755112;-0.00745925;0.000964626;0.00761286;-0.00752098;1.01119;0.00423969;-0.00326631;0.992264;0.0203292;0.988061;1;3;1
790.531;583.06;6.44113;8.57767;0.00665605;-0.00733896;0.000127769;0.00665721;-0.00734013;1.00398;0.00584554;-0.0062932;0.99459;0.022727;0.978455;1;3;1
813.531;583.06;6.57837;8.63009;0.00625423;-0.00661365;-0.000580035;0.00628032;-0.00663974;1.00587;0.00632855;-0.000434683;0.995204;0.0211938;0.987134;1;2;1
836.531;583.06;6.72782;8.67911;0.00696198;-0.00800182;0.000253245;0.00696626;-0.00800611;1.00722;-0.00189955;-0.00111509;0.988989;0.0197694;0.990773;1;3;1
859.531;583.06;6.89731;8.76857;0.00875043;-0.00692015;-0.000167752;0.00875222;-0.00692194;1.00912;0.00280078;-0.0033568;0.989607;0.021461;0.984499;1;3;1
882.531;583.06;7.12834;8.83216;0.00905403;-0.00655397;0.000310782;0.00906022;-0.00656016;1.00627;0.00513594;-0.00569824;0.991278;0.021541;0.986748;1;3;1
905.531;583.06;7.31144;8.98038;0.00890991;-0.00663072;0.000752421;0.00894626;-0.00666707;1.01154;0.00114504;-0.0063798;0.988672;0.0210178;0.983265;1;3;1
928.531;583.06;7.53599;9.02438;0.00789934;-0.00725828;-0.000837217;0.00794544;-0.00730438;1.00464;0.00746627;-0.00297164;0.991551;0.0229904;0.987384;1;3;1
951.531;583.06;7.67315;9.12978;0.0072078;-0.00566293;0.000269857;0.00721346;-0.00566858;1.01156;5.72954e-05;-0.00534824;0.993064;0.0186569;0.98954;1;3;1
974.531;583.06;7.86599;9.20926;0.00904392;-0.00665182;2.52952e-05;0.00904396;-0.00665186;1.0085;-0.00146012;0.000253024;0.995862;0.0214086;0.987923;1;3;1
997.531;583.06;8.08718;9.23535;0.0085985;-0.00608763;-0.000518911;0.00861681;-0.00610594;1.00974;0.000800207;-0.0038841;0.996631;0.023062;0.983746;1;3;1
1020.53;583.06;8.2597;9.31927;0.00735572;-0.00686697;-0.00107722;0.00743684;-0.0069481;1.00724;0.00599891;-0.00196089;0.991197;0.0213217;0.986458;1;3;1
1043.53;583.06;8.42407;9.38371;0.00728392;-0.00715498;0.000739505;0.0073217;-0.00719276;1.00631;0.00223418;-0.00528041;0.989017;0.021703;0.986619;1;3;1
1066.53;583.06;8.5934;9.43742;0.00758158;-0.00741013;0.00039604;0.00759204;-0.00742059;1.00736;0.00506766;-0.00110886;0.995845;0.0206313;0.986383;1;3;1
1089.53;583.06;8.77115;9.56864;0.00730815;-0.00819341;0.00029782;0.00731387;-0.00819913;1.0095;0.00413216;-0.000950884;0.985562;0.021966;0.990366;1;3;1
1112.53;583.06;8.92799;9.62117;0.00778359;-0.00537539;-0.00154271;0.00796203;-0.00555383;1.00753;0.00854414;-0.00293342;0.994428;0.0243374;0.988053;1;3;1
1135.53;583.06;9.12778;9.61997;0.0101423;-0.00702101;-0.00212879;0.0104024;-0.0072811;1.01456;0.00790512;-0.000575935;0.991482;0.0247996;0.986548;1;3;1
1158.53;583.06;9.39216;9.68205;0.00940844;-0.00808147;0.000508568;0.00942321;-0.00809625;1.00612;0.00402056;-0.00508703;0.988849;0.0231557;0.987133;1;2;1
1181.53;583.06;9.55826;9.78549;0.00735932;-0.00702616;0.000977408;0.00742542;-0.00709227;1.01343;-0.00308242;-0.00387048;0.992111;0.0214681;0.987397;1;3;1
1204.53;583.06;9.72904;9.87615;0.00585073;-0.00707008;-0.000908479;0.00591429;-0.00713364;0.999885;0.000517175;-0.00394739;0.993613;0.0211001;0.982625;1;3;1
1227.53;583.06;9.82643;9.91296;0.00603897;-0.00612846;0.000382061;0.00605095;-0.00614044;1.00518;-0.000775692;0.000486574;0.993755;0.0200851;0.988693;1;3;1
1250.53;583.06;10.0059;9.97531;0.0076091;-0.00522657;-0.00204299;0.00792642;-0.0055439;1.00932;0.00502887;-0.00682449;0.989915;0.0206619;0.988857;1;3;1
1273.53;583.06;10.1751;9.99281;0.00738232;-0.00615243;-0.00104203;0.00746208;-0.00623219;1.00598;0.00240474;0.00363734;0.99413;0.0369401;0.974915;1;3;1
31.5305;560.06;1.46887;6.31817;0.0093974;-0.00631693;-0.00010754;0.00939813;-0.00631767;1.00589;0.00383129;-0.00385952;0.995941;0.0251828;0.988303;1;3;1
54.5305;560.06;1.68394;6.37364;0.00526408;-0.0073739;0.000278148;0.00527019;-0.00738002;1.00059;-0.00169852;-0.000982006;0.995703;0.0198803;0.994181;1;3;1
77.5306;560.06;1.7102;6.44901;0.00424458;-0.0088814;0.0010388;0.00432628;-0.0089631;1.00707;0.0014823;-0.00408848;0.990514;0.022353;0.992421;1;3;1
100.531;560.06;1.87851;6.53268;0.00605551;-0.00730179;-0.00020125;0.00605854;-0.00730483;1.00423;0.00226238;-0.00172778;0.992691;0.0232398;0.990671;1;3;1
123.531;560.06;1.98761;6.61697;0.00602332;-0.00874651;0.000447694;0.00603688;-0.00876007;1.00286;0.00585556;-0.00229821;0.993022;0.0204929;0.9884;1;3;1
146.531;560.06;2.15449;6.68706;0.00481926;-0.00631608;0.00111717;0.00493024;-0.00642705;1.0055;0.00339304;-0.00387724;0.998063;0.0201559;0.991255;1;3;1
169.531;560.06;2.20857;6.75242;0.00349808;-0.00734043;-0.00100329;0.00359017;-0.00743251;1.00226;0.000681817;-0.00227917;0.995703;0.0225586;0.989341;1;3;1
192.531;560.06;2.31505;6.76935;0.00651064;-0.00760798;0.00102114;0.00658411;-0.00768145;1.00108;-0.00344903;0.00147905;0.997056;0.0258316;0.986499;1;4;1
215.531;560.06;2.50676;6.92775;0.00667023;-0.00703268;0.000108588;0.00667109;-0.00703354;1.00637;0.00572405;-0.00394401;0.991629;0.0212494;0.991961;1;3;1
238.531;560.06;2.62053;6.94621;0.00624539;-0.00744058;-0.00049538;0.0062633;-0.00745849;1.00478;0.00601153;-0.000541617;0.99532;0.0200581;0.994064;1;3;1
261.531;560.06;2.793;7.04613;0.00604783;-0.00731581;-0.000431184;0.00606173;-0.00732971;1.00703;0.00670744;-0.00783111;0.990238;0.022288;0.987376;1;3;1
284.531;560.06;2.89762;7.10368;0.00601294;-0.00655472;-0.000308517;0.00602051;-0.00656229;1.00383;0.00309382;-0.0008325;0.990737;0.0215013;0.990819;1;3;1
307.531;560.06;3.06854;7.19197;0.00633134;-0.00619296;0.000823283;0.00638522;-0.00624685;1.00536;-0.00453666;-0.00288243;0.997651;0.0203416;0.992094;1;3;1
330.531;560.06;3.18772;7.2493;0.00638086;-0.00708064;0.000381982;0.00639169;-0.00709147;1.00656;0.00250838;-0.00139789;0.991244;0.0214877;0.989358;1;3;1
353.531;560.06;3.36101;7.2987;0.00616558;-0.00660519;0.000329805;0.00617409;-0.0066137;1.00055;0.00289359;0.000628267;0.992652;0.0207536;0.990856;1;3;1
376.531;560.06;3.47014;7.42439;0.00633034;-0.00950607;-0.00148827;0.00646899;-0.00964472;1.00802;0.00529945;-0.00958888;0.992915;0.0223238;0.990496;1;3;1
399.531;560.06;3.65116;7.40757;0.00732479;-0.00672031;-0.00125049;0.00743525;-0.00683077;1.00347;-0.000501099;0.00512064;0.996283;0.0211994;0.989645;1;3;1
422.531;560.06;3.80581;7.48335;0.00612564;-0.00707042;0.000566801;0.00614994;-0.00709473;1.00737;0.00532144;-0.00791924;0.996795;0.0198741;0.990547;1;3;1
445.531;560.06;3.93141;7.65617;0.00710149;-0.00817771;0.000939396;0.00715903;-0.00823525;1.00748;0.000284246;-0.00313436;1.00017;0.0212502;0.987313;1;3;1
468.531;560.06;4.13088;7.68864;0.00786949;-0.00695838;0.000112575;0.00787035;-0.00695924;1.01159;0.00499028;-0.00703627;0.996;0.0215299;0.987628;1;3;1
491.531;560.06;4.29179;7.79459;0.00635181;-0.00600231;0.000589205;0.00637985;-0.00603035;1.00641;0.00337417;-0.000553883;0.996926;0.0211004;0.987555;1;2;1
514.531;560.06;4.42183;7.85579;0.00710508;-0.00668408;0.000415373;0.00711758;-0.00669658;1.00432;0.0024481;-0.00504555;0.992531;0.0187494;0.990767;1;3;1
537.531;560.06;4.61724;7.94209;0.00731705;-0.00653996;0.000724131;0.00735479;-0.0065777;1.01029;0.003894;-0.00108435;0.993387;0.0182661;0.991291;1;3;1
560.531;560.06;4.75694;8.00961;0.00683509;-0.00711526;0.00013298;0.00683636;-0.00711653;1.00464;0.00110934;-0.00458832;0.993141;0.0216582;0.985576;1;3;1
583.531;560.06;4.93041;8.06908;0.00766062;-0.00695421;-0.000473328;0.00767594;-0.00696953;1.00406;0.00493407;-0.00253456;0.992986;0.0199959;0.989219;1;3;1
606.531;560.06;5.10789;8.10466;0.00682357;-0.00732205;0.000112848;0.00682447;-0.00732295;1.00807;0.00395252;-0.00328726;0.994475;0.0204454;0.988372;1;3;1
629.531;560.06;5.24302;8.20722;0.00638316;-0.00744126;0.00120699;0.00648775;-0.00754585;1.00957;0.00125501;-0.0016045;0.997011;0.0226349;0.983645;1;3;1
652.531;560.06;5.40019;8.29678;0.00825249;-0.0077299;-0.000279921;0.00825739;-0.0077348;1.00458;0.00241842;-0.00282994;0.995716;0.0206725;0.989702;1;3;1
675.531;560.06;5.6208;8.36852;0.0081011;-0.00889212;-0.00102522;0.00816273;-0.00895375;1.00864;0.00219443;-0.00283075;0.996498;0.0201845;0.988201;1;3;1
698.531;560.06;5.77122;8.40123;0.0081955;-0.00635559;-0.000437357;0.00820863;-0.00636873;1.0097;0.00334998;-0.00421774;0.996782;0.018874;0.987824;1;3;1
721.531;560.06;5.99607;8.50416;0.00844905;-0.00610682;-0.000644806;0.00847755;-0.00613533;1.00888;0.0055732;-0.00230561;0.997665;0.0176453;0.989269;1;3;1
744.531;560.06;6.15809;8.5225;0.00559828;-0.00651354;1.06612e-05;0.00559829;-0.00651355;1.00494;-0.000316764;-0.00264603;0.996241;0.0193325;0.986666;1;3;1
767.531;560.06;6.25261;8.65799;0.00806862;-0.0076654;0.000825419;0.0081118;-0.00770859;1.00885;-0.00068655;-0.0068591;0.992037;0.0213622;0.98679;1;3;1
790.531;560.06;6.52731;8.72764;0.00960142;-0.00642348;0.000124541;0.00960239;-0.00642445;1.01158;0.0048128;0.000752203;0.991374;0.0243903;0.982635;1;4;1
813.531;560.06;6.692;8.78811;0.00659787;-0.00846086;9.22922e-05;0.00659843;-0.00846143;1.00512;-0.00242101;-0.0058503;0.99234;0.02094;0.987338;1;3;1
836.531;560.06;6.82957;8.88058;0.00616839;-0.00757454;-0.000443344;0.00618268;-0.00758883;1.00682;0.00508084;-0.00208704;0.994529;0.0194158;0.988877;1;3;1
859.531;560.06;6.97461;8.94445;0.00895048;-0.00704148;-0.00130172;0.00905574;-0.00714675;1.0119;0.0063698;-0.00284503;0.996785;0.0218197;0.986516;1;3;1
882.531;560.06;7.23935;8.98227;0.00886521;-0.00775905;-0.000355132;0.0088728;-0.00776664;1.00969;0.00508864;-0.00517644;0.992071;0.0199364;0.987474;1;3;1
905.531;560.06;7.38041;9.08456;0.00834917;-0.00505191;-9.32625e-05;0.00834982;-0.00505256;1.00685;0.00269852;-0.00264393;0.996045;0.0248953;0.982884;1;3;1
928.531;560.06;7.62146;9.16631;0.00765738;-0.00678447;-0.000397135;0.00766829;-0.00679538;1.01248;0.00717521;-0.00524776;0.993357;0.0209118;0.988005;1;3;1
951.531;560.06;7.73107;9.23426;0.0057722;-0.00461533;-0.000647715;0.00581243;-0.00465556;1.00317;0.0104372;0.0017636;1.00029;0.0248111;0.990625;1;3;1
974.531;560.06;7.886;9.30605;0.00870249;-0.00584258;-0.000142579;0.00870389;-0.00584398;1.0162;0.00660564;0.00297175;0.996507;0.0195458;0.988734;1;3;1
997.531;560.06;8.12954;9.33902;0.00964609;-0.00624228;0.000400443;0.00965617;-0.00625236;1.00754;0.00591736;-0.00727991;0.993132;0.0230061;0.986335;1;3;1
1020.53;560.06;8.32727;9.48361;0.00627393;-0.00526041;0.00106664;0.00637174;-0.00535822;1.00144;-0.000744943;-0.00554067;0.995973;0.019316;0.987827;1;3;1
1043.53;560.06;8.41681;9.53708;0.00729289;-0.00783718;-0.000520872;0.0073108;-0.0078551;1.0093;-0.00103585;0.0052455;0.997084;0.0213325;0.990873;1;3;1
1066.53;560.06;8.66139;9.59503;0.00890425;-0.0065898;0.000682747;0.00893428;-0.00661983;1.01207;-0.00286964;-0.00710959;0.993368;0.022889;0.985451;1;3;1
1089.53;560.06;8.82419;9.73167;0.0089621;-0.00628048;-0.00101978;0.00903003;-0.0063484;1.00642;0.00170948;-0.00430252;0.995957;0.0222978;0.98474;1;3;1
1112.53;560.06;9.07171;9.69353;0.00967524;-0.00601874;-0.00131381;0.00978446;-0.00612797;1.0109;0.00432285;0.0056891;0.996376;0.0208651;0.986639;1;3;1
1135.53;560.06;9.26708;9.79353;0.00745983;-0.00749627;-3.61255e-05;0.00745992;-0.00749635;1.00662;0.00215551;-0.0114851;0.99984;0.0186753;0.991219;1;3;1
1158.53;560.06;9.41329;9.86011;0.00615528;-0.00622824;0.000948328;0.00622748;-0.00630044;1.00598;0.00375976;0.00147026;0.996252;0.0212078;0.987321;1;3;1
1181.53;560.06;9.54912;9.94314;0.00849262;-0.0061007;0.00103231;0.00856529;-0.00617336;1.00687;0.00602306;-0.00568516;0.994918;0.0206817;0.987217;1;3;1
1204.53;560.06;9.80195;10.0434;0.00876988;-0.0048488;5.40613e-05;0.0087701;-0.00484902;1.01272;0.00959668;-0.00511671;0.994439;0.0193919;0.988558;1;3;1
1227.53;560.06;9.95063;10.0584;0.00850592;-0.00627261;-0.00236296;0.00887454;-0.00664123;1.00875;0.0110392;0.0022451;0.996043;0.0195491;0.99079;1;3;1
1250.53;560.06;10.1915;10.1147;0.00559506;-0.00632946;-0.00179751;0.00586013;-0.00659453;1.0115;0.00855014;-0.00576442;0.99937;0.0220499;0.987554;1;3;1
1273.53;560.06;10.2072;10.1534;0.000683277;-0.00439603;-0.00244924;0.00167188;-0.00538463;0.993374;0.00978926;0.000702874;0.991209;0.0357067;0.96908;1;3;1
31.5305;537.06;1.52707;6.44676;0.00582063;-0.00771963;9.96635e-05;0.00582136;-0.00772036;1.0058;0.00504285;0.000107477;0.984715;0.0227888;0.986245;1;3;1
54.5305;537.06;1.6604;6.53439;0.00497055;-0.00863609;0.00163285;0.00516375;-0.00882929;0.999707;0.00535825;-0.00326439;0.985655;0.0206071;0.993147;1;3;1
77.5306;537.06;1.75464;6.66498;0.00678904;-0.00787269;0.000487285;0.00680522;-0.00788886;1.01174;0.00182709;-0.00518164;0.990013;0.0223806;0.987189;1;3;1
100.531;537.06;1.97117;6.74228;0.0063782;-0.0075301;-8.99206e-05;0.00637878;-0.00753068;1.00482;0.00409797;-0.00344219;0.991399;0.0188031;0.992704;1;3;1
123.531;537.06;2.04685;6.82057;0.00387793;-0.00855921;-0.000402933;0.00389097;-0.00857225;1.00678;0.000584626;-0.00177851;0.987701;0.0240952;0.985644;1;3;1
146.531;537.06;2.14914;6.82598;0.00697514;-0.00779708;0.000136404;0.0069764;-0.00779834;1.00184;0.0022303;-0.00029913;0.989281;0.0214659;0.990557;1;3;1
169.531;537.06;2.36651;6.9049;0.0054249;-0.0065587;0.0011933;0.00554258;-0.00667637;1.00506;0.0104742;-0.00599255;0.988361;0.0244961;0.98443;1;3;1
192.531;537.06;2.39762;7.0167;0.00445308;-0.00769401;0.000279036;0.00445949;-0.00770041;1.00547;0.00670989;-0.00483035;0.985715;0.0240559;0.985878;1;3;1
215.531;537.06;2.57065;7.05859;0.00708211;-0.00600942;4.9539e-05;0.00708229;-0.00600961;1.0082;0.00307629;-0.00170213;0.994508;0.021186;0.989219;1;3;1
238.531;537.06;2.72207;7.14399;0.00618537;-0.0079511;0.000347623;0.00619392;-0.00795964;0.999557;-0.00416395;-0.000714291;0.988501;0.0231076;0.987289;1;3;1
261.531;537.06;2.85397;7.23364;0.00593338;-0.00793519;0.000710258;0.00596966;-0.00797147;1.00808;0.000748695;-0.00634755;0.988661;0.0190654;0.99314;1;3;1
284.531;537.06;2.99404;7.26581;0.00534433;-0.00898239;0.000186547;0.00534676;-0.00898482;1.00189;0.00421283;-0.00298086;0.989015;0.0249101;0.984465;1;3;1
307.531;537.06;3.09902;7.34483;0.00572576;-0.00827447;0.000218154;0.00572916;-0.00827787;1.00487;0.00975284;0.000112688;0.989208;0.0215883;0.989951;1;3;1
330.531;537.06;3.25646;7.40677;0.00666509;-0.00851047;-0.000153243;0.00666663;-0.00851202;1.00367;0.00287963;0.00219586;0.99374;0.0221271;0.991254;1;3;1
353.531;537.06;3.40445;7.46389;0.00704458;-0.00812792;0.00115109;0.00713141;-0.00821475;1.00662;0.00666653;-0.00657561;0.993611;0.0208425;0.990922;1;3;1
376.531;537.06;3.57885;7.62817;0.00759513;-0.00677051;-0.000269553;0.00760019;-0.00677556;1.01016;0.00789957;-0.000182477;0.992968;0.0195382;0.992123;1;3;1
399.531;537.06;3.75218;7.637;0.00679938;-0.00991584;-0.000598569;0.00682079;-0.00993725;1.0079;0.00131037;-0.00211433;0.990741;0.0203886;0.991664;1;3;1
422.531;537.06;3.89045;7.73239;0.00595654;-0.00938496;0.000256848;0.00596084;-0.00938926;1.00675;0.000185743;-0.00270753;0.987972;0.0223614;0.989663;1;3;1
445.531;537.06;4.02494;7.8378;0.00691953;-0.0070535;-0.000169787;0.00692159;-0.00705557;1.00651;0.0013123;-0.00312937;0.989248;0.0237173;0.984925;1;3;1
468.531;537.06;4.20751;7.84948;0.00697133;-0.00761428;6.72894e-05;0.00697164;-0.00761459;1.00978;0.00124247;-0.00130376;0.990334;0.0191722;0.991796;1;3;1
491.531;537.06;4.34442;7.9276;0.00680262;-0.00816295;0.000250849;0.00680683;-0.00816715;1.00648;0.00548681;-0.000363265;0.989868;0.0218294;0.987715;1;3;1
514.531;537.06;4.51909;8.00901;0.00666918;-0.0077267;-0.000117543;0.00667014;-0.00772766;1.00546;0.00218245;-0.003888;0.992547;0.0183545;0.990878;1;3;1
537.531;537.06;4.64991;8.08638;0.00625706;-0.00723131;0.000150199;0.00625873;-0.00723298;1.00734;-0.00535175;-0.00228621;0.99506;0.0214702;0.985865;1;3;1
560.531;537.06;4.80581;8.14958;0.00787492;-0.00716128;-0.000604406;0.00789918;-0.00718554;1.00368;0.00382763;-0.00168516;0.990771;0.0195859;0.985151;1;3;1
583.531;537.06;5.01061;8.19917;0.0079228;-0.00614637;0.000696242;0.00795717;-0.00618074;1.00941;0.00157717;-0.00883525;0.994264;0.022133;0.990042;1;3;1
606.531;537.06;5.16851;8.32076;0.00679863;-0.00650311;0.000323777;0.0068065;-0.00651099;1.01073;0.00184468;-0.00358579;0.989017;0.0211718;0.987047;1;3;1
629.531;537.06;5.32196;8.3739;0.00758285;-0.00617493;3.78217e-05;0.00758295;-0.00617504;1.00511;0.00821815;-0.00138755;0.991302;0.0207406;0.989315;1;3;1
652.531;537.06;5.51577;8.47059;0.00838401;-0.00736124;0.000809746;0.00842555;-0.00740277;1.00884;0.00468398;-0.00508931;0.99212;0.0205705;0.987245;1;3;1
675.531;537.06;5.70566;8.55775;0.0081085;-0.00776399;0.000264746;0.00811291;-0.0077684;1.00945;0.00312521;-0.00262828;0.989368;0.025332;0.986576;1;3;1
698.531;537.06;5.88711;8.58983;0.0078652;-0.00808286;-0.000412234;0.00787585;-0.00809351;1.00792;0.00279596;-0.00434789;0.991519;0.0184136;0.992159;1;3;1
721.531;537.06;6.06594;8.65489;0.00784425;-0.00663356;-0.000450441;0.00785825;-0.00664756;1.00767;0.00226878;-0.000217081;0.991509;0.0183388;0.991483;1;3;1
744.531;537.06;6.24637;8.71391;0.00729787;-0.00724352;-0.00049854;0.00731494;-0.00726059;1.00542;0.00551736;-0.00309311;0.992655;0.0212122;0.988142;1;4;1
767.531;537.06;6.40025;8.78352;0.00680003;-0.00637045;-0.000706595;0.00683784;-0.00640825;1.00861;0.0059046;-0.00363684;0.992055;0.0186832;0.991934;1;3;1
790.531;537.06;6.55784;8.87425;0.00700132;-0.00735933;0.00129861;0.00711781;-0.00747582;1.00811;0.00100304;-0.00430238;0.990535;0.0239824;0.988716;1;3;1
813.531;537.06;6.72058;9.02117;0.00796571;-0.00758642;0.000395496;0.00797576;-0.00759648;1.00845;0.00454037;-0.00221865;0.99114;0.0211291;0.98451;1;3;1
836.531;537.06;6.92255;9.02928;0.00863632;-0.00710868;-0.000998516;0.00869939;-0.00717176;1.00553;0.00105584;-0.00135327;0.994182;0.0180756;0.990165;1;3;1
859.531;537.06;7.11609;9.09415;0.00821291;-0.00755135;-0.000831906;0.00825669;-0.00759513;1.00701;-0.000914745;-0.000938931;0.989967;0.0216329;0.984622;1;3;1
882.531;537.06;7.29853;9.19079;0.00841804;-0.00763661;-0.000742181;0.00845228;-0.00767084;1.01128;0.000735687;-0.00617091;0.992747;0.0190391;0.991555;1;2;1
905.531;537.06;7.50155;9.21375;0.0092053;-0.00645509;-0.000774508;0.00924351;-0.0064933;1.00822;-0.000487527;-0.00473967;0.993721;0.0235588;0.986097;1;3;1
928.531;537.06;7.71981;9.3379;0.0080609;-0.00874205;-0.000681567;0.0080885;-0.00876965;1.00934;0.00148134;0.000111232;0.991392;0.0223952;0.984541;1;3;1
951.531;537.06;7.87069;9.343;0.00572605;-0.00648167;-0.00131481;0.00586606;-0.00662167;1.00677;0.00731712;-0.00149243;0.989465;0.0230091;0.988323;1;3;1
974.531;537.06;7.98224;9.47896;0.00775;-0.00616792;-0.000262544;0.00775495;-0.00617287;1.01279;0.00263961;-0.00307931;0.994409;0.0221601;0.988535;1;3;1
997.531;537.06;8.22547;9.52361;0.00820317;-0.00748729;-0.00104731;0.00827277;-0.00755689;1.00792;-0.00153502;3.27579e-05;0.988779;0.0197502;0.984807;1;3;1
1020.53;537.06;8.35798;9.562;0.00777892;-0.00505251;0.000942705;0.0078478;-0.0051214;1.00434;-0.000454807;-0.00630197;0.99426;0.0206608;0.987284;1;3;1
1043.53;537.06;8.58138;9.74592;0.00796894;-0.00614328;8.57274e-06;0.00796894;-0.00614329;1.00283;0.00244189;-0.00842665;0.996056;0.01837;0.989344;1;3;1
1066.53;537.06;8.72275;9.74174;0.00829289;-0.00694459;-0.000474521;0.00830765;-0.00695935;1.01653;0.00418911;0.00330257;0.994365;0.0207842;0.989631;1;3;1
1089.53;537.06;8.96115;9.85885;0.00842925;-0.00550089;-0.000739077;0.00846835;-0.00553999;1.00838;0.00377041;-0.00505778;0.991897;0.0197366;0.989202;1;3;1
1112.53;537.06;9.10861;9.89922;0.00729073;-0.00774946;-0.000857065;0.00733941;-0.00779814;1.00354;0.00771991;-0.00260798;0.989737;0.0219213;0.989879;1;3;1
1135.53;537.06;9.29519;9.96641;0.0075205;-0.00660761;-0.00115974;0.00761507;-0.00670218;1.004;0.00394579;-0.000198092;0.994962;0.0223764;0.984617;1;3;1
1158.53;537.06;9.45321;9.96948;0.00762933;-0.00573887;-0.00110731;0.00772043;-0.00582997;1.01313;0.00278631;-0.000341198;0.992248;0.0257571;0.980986;1;3;1
1181.53;537.06;9.6447;10.0671;0.00840067;-0.00592806;-0.00109538;0.00848392;-0.00601131;1.00473;0.00137991;-0.00479064;0.991419;0.0249538;0.980281;1;2;1
1204.53;537.06;9.83784;10.0999;0.0102201;-0.00401209;-0.000414709;0.0102322;-0.00402417;1.00821;0.00258594;-0.0047675;0.99634;0.0227717;0.990636;1;3;1
1227.53;537.06;10.1122;10.2033;0.0093178;-0.00662804;-0.000275008;0.00932254;-0.00663278;1.01204;-0.00196846;-0.00205591;0.989407;0.0226213;0.988577;1;4;1
1250.53;537.06;10.2642;10.2681;0.0079669;-0.00647465;-0.00149436;0.00811991;-0.00662766;1.00601;0.00183626;-0.00220827;0.993754;0.0241168;0.989045;1;3;1
1273.53;537.06;10.4773;10.1965;0.00931268;-0.00664655;-0.00432614;0.0104099;-0.00774382;1.01016;0.00724867;-0.00134577;0.990018;0.039927;0.961946;1;4;1
31.5305;514.06;1.63265;6.67495;0.005112;-0.00915589;-0.000357582;0.00512096;-0.00916484;1.00872;0.00447381;-0.00372711;0.996378;0.0228136;0.989528;1;3;1
54.5305;514.06;1.74973;6.77268;0.00518919;-0.00984528;-0.000145464;0.0051906;-0.00984668;1.00083;0.00333195;-0.00430403;0.991569;0.0218178;0.989961;1;2;1
77.5306;514.06;1.87054;6.81287;0.00633653;-0.00797421;0.000523737;0.00635567;-0.00799336;1.00767;0.00371617;-0.00296015;0.996679;0.022485;0.989552;1;3;1
100.531;514.06;2.04016;6.88066;0.00516763;-0.00713963;0.00236768;0.00560741;-0.00757941;1.00746;0.000334699;-0.00241713;0.995573;0.0226241;0.989498;1;3;1
123.531;514.06;2.1072;7.01255;0.00403561;-0.00847226;6.53014e-05;0.00403595;-0.0084726;1.00161;0.000257843;-0.0109022;0.993524;0.0256775;0.983408;1;3;1
146.531;514.06;2.22513;7.04719;0.00393463;-0.00705193;-0.00131231;0.0040892;-0.00720651;1.0024;0.00145277;0.00105385;0.990415;0.0228866;0.9908;1;3;1
169.531;514.06;2.28782;7.05519;0.00471239;-0.0080866;0.000895292;0.00477471;-0.00814892;1.00245;-0.007001;-0.00250075;0.994929;0.0241144;0.984923;1;3;1
192.531;514.06;2.44132;7.12482;0.00742501;-0.0085447;0.000582434;0.00744622;-0.00856592;1.0082;-0.00306282;-0.00308684;0.997444;0.0237123;0.988279;1;3;1
215.531;514.06;2.62787;7.20518;0.00698918;-0.00976294;0.00107806;0.00705827;-0.00983203;1.01021;0.00374066;-0.00331346;0.989693;0.0252517;0.986768;1;3;1
238.531;514.06;2.76132;7.31365;0.00481101;-0.00878197;0.000875617;0.00486718;-0.00883814;1.00203;0.00656939;-0.00345443;0.991756;0.0194632;0.991194;1;2;1
261.531;514.06;2.84818;7.41264;0.00499702;-0.00798251;0.000500949;0.00501633;-0.00800181;1.00262;0.00293295;-0.00441384;0.991307;0.0214026;0.991149;1;3;1
284.531;514.06;2.99016;7.51884;0.00741156;-0.00947609;0.000614577;0.00743389;-0.00949842;1.00634;0.000348995;-0.00634637;0.997409;0.0224788;0.986771;1;3;1
307.531;514.06;3.18758;7.57434;0.00717757;-0.00903137;1.2458e-06;0.00717757;-0.00903137;1.00526;2.75069e-05;-0.00285361;0.989398;0.0235701;0.986464;1;4;1
330.531;514.06;3.31899;7.64265;0.00624632;-0.00905379;0.000375294;0.00625552;-0.00906298;1.00372;0.00029156;-0.00345943;0.992493;0.0191065;0.990862;1;3;1
353.531;514.06;3.47391;7.67425;0.00756097;-0.00892018;-0.000405487;0.00757094;-0.00893015;1.00911;0.00131108;-0.00158985;0.992109;0.0203372;0.990536;1;3;1
376.531;514.06;3.66539;7.73731;0.00730537;-0.00629343;0.0011719;0.00740562;-0.00639368;1.00546;0.0060232;-0.00501827;0.993167;0.0189317;0.992871;1;3;1
399.531;514.06;3.80834;7.86625;0.00687149;-0.00830776;0.00063058;0.00689764;-0.00833391;1.01189;0.00705097;-0.00575464;0.987363;0.019093;0.992224;1;3;1
422.531;514.06;3.98005;7.91744;0.00554124;-0.00827086;-0.000409264;0.00555336;-0.00828298;1.00544;0.000486973;-2.2769e-05;0.989648;0.0218833;0.988616;1;3;1
445.531;514.06;4.06239;7.98197;0.00508553;-0.00635715;0.000145826;0.00508739;-0.00635901;1.00911;0.00238702;-0.00288038;0.994111;0.0251483;0.982899;1;3;1
468.531;514.06;4.21323;8.04032;0.00794499;-0.00836925;0.00163948;0.00810811;-0.00853238;1.00726;0.00120453;-0.00634929;0.989294;0.0177696;0.989981;1;3;1
491.531;514.06;4.42603;8.17183;0.00821123;-0.00843423;0.000659344;0.00823731;-0.0084603;1.00741;0.00292423;-0.00318782;0.994741;0.0185053;0.990195;1;3;1
514.531;514.06;4.58909;8.21291;0.00689919;-0.00757919;-0.000340261;0.00690719;-0.00758718;1.00478;0.00496068;-0.00408473;0.989439;0.0186025;0.992066;1;3;1
537.531;514.06;4.74219;8.27611;0.00729395;-0.00691765;-0.000434433;0.00730722;-0.00693092;1.00889;0.00635776;-0.00160755;0.990012;0.0180729;0.991889;1;3;1
560.531;514.06;4.92322;8.34052;0.0064013;-0.00741534;-0.000192596;0.00640399;-0.00741802;1.00496;0.00386796;0.000384023;0.99212;0.0173125;0.991304;1;3;1
583.531;514.06;5.03565;8.35281;0.0071462;-0.00896397;-0.000478063;0.00716038;-0.00897814;1.00966;0.00294481;-0.00259019;0.988578;0.0213025;0.986559;1;3;1
606.531;514.06;5.25073;8.40501;0.00767958;-0.00734839;0.000279613;0.00768478;-0.00735359;1.00706;0.00217149;-0.00224633;0.997163;0.02272;0.991012;1;3;1
629.531;514.06;5.38735;8.49238;0.00560553;-0.00674398;0.00114416;0.00571064;-0.00684909;1.00333;0.000541791;-0.00494209;0.995971;0.0222857;0.984794;1;3;1
652.531;514.06;5.50729;8.63678;0.00713942;-0.00806671;0.00201863;0.00740283;-0.00833012;1.00811;-0.000273826;-0.00601993;0.99016;0.0201829;0.991499;1;3;1
675.531;514.06;5.71401;8.72715;0.00867591;-0.00686198;0.00061966;0.00870059;-0.00688666;1.01014;0.0033445;-0.00122521;0.995563;0.0211016;0.989567;1;3;1
698.531;514.06;5.90446;8.77475;0.00973281;-0.00806014;0.000413351;0.00974241;-0.00806974;1.00954;0.00202116;-0.00237173;0.990599;0.0196077;0.990834;1;3;1
721.531;514.06;6.15948;8.81061;0.00930419;-0.00784928;-0.000247069;0.00930775;-0.00785284;1.01095;0.00205497;-0.00354829;0.993882;0.0202586;0.989076;1;3;1
744.531;514.06;6.3304;8.85725;0.00689679;-0.00715104;0.000479232;0.00691312;-0.00716737;1.00498;-0.00177887;-0.000104095;0.990665;0.0192402;0.989932;1;3;1
767.531;514.06;6.47543;8.95251;0.00682751;-0.00904254;0.0012081;0.00691895;-0.00913398;1.00561;0.000953054;-0.00334403;0.992248;0.0201045;0.988611;1;3;1
790.531;514.06;6.64293;9.06757;0.00727581;-0.00790734;0.000376753;0.00728516;-0.00791668;1.01253;0.00445994;-0.00295838;0.995137;0.0222273;0.984344;1;3;1
813.531;514.06;6.80854;9.13857;0.00763281;-0.0050736;-5.09892e-05;0.00763302;-0.0050738;1.00515;0.000592671;-0.00477388;0.995098;0.0185948;0.987736;1;3;1
836.531;514.06;6.99249;9.20904;0.00876043;-0.00696812;0.000223693;0.00876361;-0.0069713;1.00838;-6.91489e-05;-0.00286412;0.993732;0.018024;0.989387;1;3;1
859.531;514.06;7.20951;9.29373;0.00944498;-0.00725167;-1.06138e-05;0.00944499;-0.00725168;1.00786;0.00470085;-0.00643964;0.993768;0.0200338;0.985581;1;3;1
882.531;514.06;7.42476;9.33528;0.0084357;-0.00636857;-0.000416821;0.00844743;-0.00638029;1.01004;0.00615212;0.0010921;0.997011;0.0177428;0.992788;1;3;1
905.531;514.06;7.59584;9.38296;0.00843959;-0.00746525;0.000772973;0.00847707;-0.00750273;1.00708;0.00546403;-0.00681461;0.994792;0.0221993;0.986495;1;3;1
928.531;514.06;7.81076;9.57061;0.00862582;-0.00645132;0.0012988;0.00873688;-0.00656238;1.00686;0.00784471;-0.0022697;0.990935;0.0261867;0.973301;1;3;1
951.531;514.06;7.99069;9.53413;0.00604727;-0.00680121;-0.000580796;0.00607347;-0.00682741;1.00728;0.00137636;-0.0047921;0.993055;0.0195184;0.988484;1;3;1
974.531;514.06;8.08809;9.5911;0.00690225;-0.00657159;-8.01566e-05;0.00690273;-0.00657207;1.00873;0.00181318;2.45255e-05;0.992798;0.018522;0.990152;1;2;1
997.531;514.06;8.30686;9.68508;0.00813647;-0.00657269;-0.000402338;0.00814747;-0.00658369;1.0069;0.00705754;-0.00287489;0.996858;0.0226845;0.98321;1;3;1
1020.53;514.06;8.46069;9.71681;0.00624993;-0.00731245;-0.000475383;0.00626657;-0.00732909;1.00549;0.00649193;-0.00260688;0.993773;0.020314;0.991651;1;2;1
1043.53;514.06;8.59326;9.82088;0.00776154;-0.00422667;0.000917675;0.00783138;-0.00429651;1.00394;0.00687749;-0.00770279;0.993597;0.0211369;0.989147;1;3;1
1066.53;514.06;8.81591;9.91585;0.0099175;-0.00611852;1.37824e-05;0.00991751;-0.00611853;1.01565;0.00366699;-0.00310518;0.995161;0.0208183;0.99083;1;3;1
1089.53;514.06;9.04693;9.98596;0.00961612;-0.0063311;-0.000161569;0.00961775;-0.00633273;1.00479;0.00763219;-0.00400478;0.99573;0.0217385;0.988551;1;3;1
1112.53;514.06;9.25595;10.0518;0.00863397;-0.00647436;-0.00114177;0.00871977;-0.00656016;1.0106;0.0115239;0.00302493;0.996269;0.0212071;0.988536;1;3;1
1135.53;514.06;9.44226;10.0988;0.00780898;-0.00601697;-0.00178394;0.00803545;-0.00624343;1.01505;0.00038761;0.000234046;0.992185;0.019137;0.990616;1;3;1
1158.53;514.06;9.61371;10.1253;0.00731962;-0.00717395;-0.00136305;0.0074467;-0.00730103;0.997213;-0.00800351;-0.00335946;0.991754;0.0212028;0.988485;1;3;1
1181.53;514.06;9.77759;10.2172;0.00786658;-0.00656109;-0.00179724;0.00808709;-0.0067816;1.01306;0.000155246;-0.00361676;0.99591;0.0217257;0.990172;1;3;1
1204.53;514.06;9.97405;10.2286;0.00794325;-0.00713058;-0.000463671;0.0079575;-0.00714483;1.00964;0.0075191;-0.00635167;0.994682;0.0203891;0.987641;1;2;1
1227.53;514.06;10.1413;10.3647;0.00758276;-0.00666939;0.000812549;0.00762893;-0.00671557;1.00824;0.00517738;-0.00415294;0.995362;0.0234374;0.986277;1;3;1
1250.53;514.06;10.3212;10.4137;0.00696555;-0.006335;-0.00143489;0.00711859;-0.00648803;1.00268;0.000891161;0.00148722;0.993465;0.0208807;0.989254;1;3;1
1273.53;514.06;10.4605;10.4608;0.00607844;-0.0110766;-9.96976e-06;0.00607845;-0.0110767;1.0095;-0.00773298;-0.00697317;0.987774;0.031155;0.97221;1;4;1
31.5305;491.06;1.75247;6.87043;0.00249869;-0.00869237;0.00149303;0.00269445;-0.00888813;1.00127;0.000680019;-0.00412032;0.987244;0.0260786;0.986739;1;3;1
54.5305;491.06;1.80956;6.98976;0.00132741;-0.00793242;0.000974757;0.00142891;-0.00803391;1.0012;0.000923007;-0.00433106;0.987911;0.0253877;0.985285;1;2;1
77.5306;491.06;1.81321;7.03331;0.00309616;-0.00910869;-0.000441171;0.00311209;-0.00912462;0.999673;0.00187784;0.000767813;0.987315;0.0259283;0.987739;1;3;1
100.531;491.06;1.95169;7.07188;0.00856794;-0.0078378;0.00140087;0.0086867;-0.00795656;1.01565;-0.00268997;-0.00642636;0.99044;0.0230014;0.987853;1;3;1
123.531;491.06;2.20531;7.21223;0.00785537;-0.00781252;-0.000351039;0.00786323;-0.00782038;0.996241;0.00315415;-0.00297394;0.989133;0.027881;0.985212;1;3;1
146.531;491.06;2.31156;7.15181;0.00339488;-0.00812919;-0.000572949;0.0034233;-0.0081576;1.00886;0.000293313;0.000279945;0.990572;0.0277708;0.98379;1;3;1
169.531;491.06;2.36117;7.2784;0.00394692;-0.00866316;0.00113602;0.00404845;-0.00876469;0.99878;0.00520856;-0.00465902;0.994259;0.0236713;0.988363;1;3;1
192.531;491.06;2.49204;7.41155;0.00648281;-0.00871825;0.000802161;0.00652502;-0.00876046;1.00768;0.00437005;-0.00708789;0.991909;0.0223007;0.990839;1;3;1
215.531;491.06;2.65784;7.50998;0.00774106;-0.00955314;-0.000337756;0.00774765;-0.00955973;1.00757;-0.00171301;-0.00338967;0.990716;0.0231451;0.986729;1;3;1
238.531;491.06;2.84655;7.54992;0.00770119;-0.00855756;-0.000466712;0.00771457;-0.00857094;1.00774;-0.000698039;-0.000668815;0.993752;0.0199343;0.993045;1;3;1
261.531;491.06;3.01064;7.60258;0.00546287;-0.00756198;0.000333519;0.0054714;-0.00757052;1.00608;0.00295955;-7.34771e-05;0.992592;0.0227311;0.991503;1;3;1
284.531;491.06;3.0969;7.70392;0.00458341;-0.00664732;-0.000798834;0.00463994;-0.00670386;1.00544;0.00744326;-0.0105818;0.990855;0.0214733;0.987965;1;3;1
307.531;491.06;3.22072;7.76233;0.00487702;-0.00725426;-0.000588128;0.00490546;-0.00728271;1.00106;0.00376031;-0.000434453;0.994265;0.0222296;0.989695;1;3;1
330.531;491.06;3.32054;7.82519;0.00684938;-0.0076271;-0.000367358;0.00685869;-0.00763642;1.01476;0.0011834;-0.000535305;0.991871;0.0198257;0.992541;1;3;1
353.531;491.06;3.53458;7.87625;0.00743556;-0.00710277;-1.54548e-05;0.00743558;-0.00710279;1.00526;0.002384;-0.00766112;0.990895;0.0186717;0.992022;1;3;1
376.531;491.06;3.66122;7.91866;0.00736641;-0.00747576;0.00143948;0.00750473;-0.00761408;1.00758;-0.00402791;0.00125966;0.995913;0.0227196;0.98705;1;3;1
399.531;491.06;3.87197;8.02092;0.00832169;-0.00743577;0.000584468;0.00834334;-0.00745742;1.00959;0.00223094;-0.00728384;0.996462;0.0206573;0.990331;1;3;1
422.531;491.06;4.04203;8.11469;0.00569488;-0.00711577;-0.000128571;0.00569617;-0.00711706;1.00129;0.00809468;0.00112406;0.996433;0.0224779;0.987558;1;3;1
445.531;491.06;4.13306;8.13129;0.00441792;-0.00684549;-0.000243905;0.0044232;-0.00685077;1.01039;0.00743509;-0.000846482;0.992603;0.0211548;0.988867;1;3;1
468.531;491.06;4.24464;8.2361;0.00700926;-0.00664745;0.00100863;0.00708335;-0.00672154;1.00608;-0.00224716;-0.00575914;0.994983;0.0186617;0.992226;1;3;1
491.531;491.06;4.45399;8.31735;0.00891948;-0.00502198;-0.000135579;0.00892079;-0.0050233;1.01001;0.000350877;-0.00225996;0.994891;0.0215738;0.988431;1;3;1
514.531;491.06;4.65296;8.35918;0.00788953;-0.00663534;4.44827e-05;0.00788966;-0.00663548;1.00794;0.0056708;-0.00230008;0.994114;0.0191267;0.993494;1;3;1
537.531;491.06;4.81541;8.406;0.00536848;-0.00606818;-0.00020331;0.0053721;-0.00607179;1.0032;0.00417745;-0.00116383;0.996479;0.0179417;0.988119;1;3;1
560.531;491.06;4.89906;8.49206;0.00660394;-0.00620106;0.000934582;0.0066718;-0.00626892;1.00823;-0.000530651;-0.00790855;0.993675;0.0236131;0.979051;1;3;1
583.531;491.06;5.11773;8.6135;0.0083326;-0.00729604;0.000145775;0.00833396;-0.0072974;0.999604;-0.000589776;-0.00509666;0.992646;0.0225011;0.987679;1;3;1
606.531;491.06;5.28047;8.66017;0.00716761;-0.00876485;-0.000310532;0.00717366;-0.0087709;1.01391;0.00341727;0.000147196;0.989343;0.0194612;0.991358;1;3;1
629.531;491.06;5.44621;8.68534;0.00615971;-0.00733292;0.000189404;0.00616237;-0.00733558;1.00206;0.00883252;-0.00687091;0.994118;0.0208066;0.986259;1;3;1
652.531;491.06;5.56259;8.84319;0.00740019;-0.00742755;-0.0002099;0.00740316;-0.00743052;1.00673;0.00988308;-0.00263142;0.992291;0.0215105;0.993381;1;3;1
675.531;491.06;5.78498;8.87456;0.0080538;-0.00722193;-0.000325908;0.00806075;-0.00722888;1.00995;0.00198031;-0.00422873;0.991637;0.0207263;0.988145;1;3;1
698.531;491.06;5.93143;8.96212;0.00840014;-0.00528794;0.000629377;0.00842902;-0.00531681;1.01051;0.00633781;-0.00306038;0.995555;0.0202239;0.989863;1;3;1
721.531;491.06;6.16956;9.0175;0.00897777;-0.00694033;0.000373537;0.00898653;-0.00694909;1.01191;0.00474739;0.000149946;0.992074;0.0212035;0.986553;1;3;1
744.531;491.06;6.3425;9.04414;0.0071487;-0.00708671;0.00127018;0.00726114;-0.00719916;1.00635;0.00215684;-0.0027366;0.993205;0.0203164;0.988904;1;2;1
767.531;491.06;6.49687;9.20148;0.00795728;-0.00629675;0.00103727;0.00803237;-0.00637183;1.00415;0.00290163;-0.005212;0.991155;0.0200973;0.986768;1;3;1
790.531;491.06;6.70668;9.23968;0.00803383;-0.00742561;-0.000433404;0.00804597;-0.00743775;1.01022;0.000691872;0.00144555;0.995348;0.0233983;0.98766;1;3;1
813.531;491.06;6.86492;9.25538;0.00760164;-0.00586402;-0.000385248;0.00761265;-0.00587504;1.00679;0.00359708;-0.00523933;0.990803;0.0281935;0.975449;1;3;1
836.531;491.06;7.0549;9.35113;0.00822108;-0.00551915;0.000924786;0.00828304;-0.00558112;1.00086;0.00654864;-0.0050118;0.988803;0.019677;0.987806;1;3;1
859.531;491.06;7.24122;9.42912;0.00807076;-0.00491463;0.00114155;0.00817035;-0.00501422;1.01437;-5.44337e-05;-0.00383771;0.99365;0.0222358;0.985733;1;3;1
882.531;491.06;7.42448;9.48486;0.00920752;-0.00639478;0.000926726;0.00926237;-0.00644963;1.00488;-0.0023191;-0.00324292;0.992416;0.0213944;0.989812;1;3;1
905.531;491.06;7.66265;9.55873;0.00711235;-0.00718322;0.000332663;0.00712009;-0.00719096;1.01061;0.00545406;-0.00228823;0.993773;0.0201961;0.991685;1;4;1
928.531;491.06;7.75024;9.63563;0.00613789;-0.00389675;0.000473519;0.00616018;-0.00391905;1.00501;0.00080137;-0.00165105;0.995571;0.0212175;0.990443;1;3;1
951.531;491.06;7.94403;9.65699;0.00848088;-0.00617206;0.000889037;0.00853462;-0.0062258;1.0075;0.00073844;-0.00311953;0.993361;0.0217181;0.989008;1;3;1
974.531;491.06;8.13849;9.78252;0.0096625;-0.00789768;0.000584697;0.00968195;-0.00791712;1.01572;0.000170962;-0.00404369;0.993391;0.0213808;0.987729;1;3;1
997.531;491.06;8.38607;9.82723;0.00866931;-0.0066694;0.000308429;0.00867551;-0.0066756;1.00717;-0.00143661;-0.00570678;0.989944;0.0212104;0.986668;1;3;1
1020.53;491.06;8.53542;9.89995;0.00672585;-0.00766407;-0.000487825;0.00674237;-0.00768059;1.00474;0.00292488;-0.00173299;0.994866;0.020075;0.990423;1;3;1
1043.53;491.06;8.69428;9.9409;0.00760916;-0.00731207;-0.00107856;0.00768672;-0.00738963;1.00525;0.0015785;-0.00231348;0.993965;0.0198077;0.993651;1;3;1
1066.53;491.06;8.88395;10.0243;0.0090808;-0.00595198;0.000461842;0.00909497;-0.00596616;1.01385;0.000802596;-0.00320776;0.994475;0.018968;0.989771;1;2;1
1089.53;491.06;9.10964;10.1512;0.00961785;-0.006887;0.000766553;0.00965338;-0.00692252;1.01127;0.00507565;-0.00546647;0.991617;0.022142;0.986404;1;3;1
1112.53;491.06;9.32394;10.1985;0.00919437;-0.00644443;-0.000306395;0.00920037;-0.00645043;1.00607;0.00167366;-0.00302427;0.991272;0.019185;0.990958;1;3;1
1135.53;491.06;9.53056;10.2446;0.008088;-0.00526655;-0.000789799;0.00813454;-0.0053131;1.00576;0.00369623;-0.00262207;0.993197;0.0226751;0.987871;1;3;1
1158.53;491.06;9.69438;10.3013;0.00829969;-0.00608309;-9.8505e-05;0.00830036;-0.00608376;1.00827;0.00816008;-0.00280182;0.997439;0.0210539;0.985628;1;4;1
1181.53;491.06;9.91061;10.3706;0.00722762;-0.00723153;0.000557151;0.00724906;-0.00725297;1.00653;0.0045873;-0.000121666;0.997343;0.0203267;0.987661;1;3;1
1204.53;491.06;10.0255;10.4294;0.00676339;-0.00769041;-0.000247999;0.00676764;-0.00769466;1.01032;-0.00123225;-0.00370629;0.988807;0.0191037;0.990305;1;3;1
1227.53;491.06;10.2205;10.5113;0.0101562;-0.00541618;-0.000514705;0.0101732;-0.00543318;1.00918;0.00414257;-0.000994359;0.992528;0.023181;0.98265;1;3;1
1250.53;491.06;10.4901;10.561;0.00765775;-0.00737793;-9.99417e-06;0.00765775;-0.00737794;1.00711;0.0140704;-0.00176166;0.98946;0.0256456;0.980881;1;4;1
1273.53;491.06;10.571;10.7089;0.00354115;-0.0094868;0.000935385;0.00360796;-0.00955362;1.00556;0.0171053;-0.00607416;0.987148;0.0404715;0.962521;1;2;1
31.5305;468.06;1.73163;7.07666;0.00391989;-0.00807752;0.00161806;0.00413429;-0.00829191;1.00523;-0.0015221;-0.00749696;0.994426;0.02223;0.989096;1;3;1
54.5305;468.06;1.82153;7.13908;0.00568456;-0.00650924;0.00129219;0.00581999;-0.00664467;1.00483;0.0024897;-0.00206576;0.997704;0.0229673;0.989628;1;3;1
77.5306;468.06;1.99212;7.23396;0.00582061;-0.0073737;-0.00124569;0.00593719;-0.00749027;1.00291;0.000464893;-0.00134163;0.990135;0.0254053;0.988653;1;3;1
100.531;468.06;2.08839;7.24265;0.0049257;-0.00809868;-0.000632306;0.00495633;-0.0081293;1.01264;0.0057653;-0.00684249;0.991677;0.0257119;0.989785;1;3;1
123.531;468.06;2.21793;7.37348;0.00555954;-0.00606926;0.00174566;0.00581593;-0.00632566;0.997945;0.00271534;-0.00289995;0.992166;0.0233188;0.989017;1;3;1
146.531;468.06;2.34307;7.42282;0.00484495;-0.0102458;-0.000907929;0.00489938;-0.0103003;1.00634;0.00222438;0.000554108;0.991123;0.0210742;0.989003;1;3;1
169.531;468.06;2.44019;7.45569;0.00551801;-0.00828973;2.13391e-05;0.00551804;-0.00828976;1.00696;-0.00185418;-0.00145297;0.987444;0.0210777;0.991015;1;3;1
192.531;468.06;2.59608;7.52788;0.00774524;-0.00720031;1.41095e-06;0.00774524;-0.00720031;1.01022;0.00179913;-0.00962252;0.99456;0.0247138;0.986081;1;3;1
215.531;468.06;2.79471;7.64705;0.00652787;-0.00670242;-0.000207023;0.0065311;-0.00670565;1.0065;0.00351838;-0.00205245;0.995783;0.0229621;0.988823;1;3;1
238.531;468.06;2.89503;7.70919;0.0038137;-0.00883396;0.00023467;0.00381805;-0.00883832;1.00459;0.00346337;-0.00437113;0.988868;0.0227501;0.990599;1;3;1
261.531;468.06;2.96966;7.76198;0.00712077;-0.00804452;0.000410012;0.00713185;-0.0080556;1.00919;0.00429209;-8.01959e-05;0.992156;0.0245131;0.987373;1;3;1
284.531;468.06;3.22128;7.82622;0.00855389;-0.00756368;0.000417409;0.00856469;-0.00757448;1.00546;-8.99671e-05;-0.00329493;0.996473;0.0192098;0.991617;1;3;1
307.531;468.06;3.36124;7.90959;0.0053154;-0.00822025;0.000500137;0.00533385;-0.0082387;1.00338;-0.000923645;-0.00137879;0.989757;0.0210179;0.991794;1;3;1
330.531;468.06;3.46484;7.99508;0.00449476;-0.00762544;-0.00195353;0.00480185;-0.00793253;1.00622;0.00556084;-0.00274315;0.991324;0.0206654;0.990075;1;3;1
353.531;468.06;3.56744;8.00225;0.00461277;-0.00661531;-0.000105038;0.00461375;-0.00661629;1.00247;0.000162585;-0.00223469;0.994705;0.0206785;0.989286;1;4;1
376.531;468.06;3.67645;8.08249;0.00831688;-0.00698328;0.000801931;0.0083588;-0.0070252;1.00836;0.00460172;-0.00593967;0.99077;0.0201243;0.986888;1;3;1
399.531;468.06;3.94797;8.20979;0.00927325;-0.007001;0.000459412;0.00928621;-0.00701396;1.01172;0.000355958;0.000506505;0.99199;0.0195318;0.993046;1;3;1
422.531;468.06;4.10078;8.2461;0.00560023;-0.00686495;0.000462561;0.00561737;-0.00688209;1.00483;-0.00303902;-0.00285302;0.993626;0.0192113;0.993874;1;3;1
445.531;468.06;4.20478;8.29817;0.00444368;-0.00782662;-0.000275611;0.00444987;-0.00783281;1.00211;-0.00201024;0.00193257;0.994205;0.0195578;0.990883;1;3;1
468.531;468.06;4.30462;8.34721;0.00774966;-0.00733637;-0.000717647;0.00778372;-0.00737043;1.00786;0.00694999;-0.0057283;0.99095;0.0243823;0.984251;1;4;1
491.531;468.06;4.55978;8.40362;0.00803399;-0.00699101;0.00131274;0.00814782;-0.00710484;1.00714;0.00161216;0.000827622;0.995156;0.0187017;0.992619;1;3;1
514.531;468.06;4.67239;8.51923;0.00725725;-0.00719407;0.0008219;0.00730385;-0.00724067;1.00463;-0.000998435;-0.00477765;0.994969;0.0228992;0.989794;1;3;1
537.531;468.06;4.89216;8.55634;0.00808437;-0.00778667;-0.00017283;0.00808625;-0.00778855;1.01188;0.0040061;-0.000504342;0.992955;0.0213311;0.984669;1;3;1
560.531;468.06;5.04266;8.62682;0.00645326;-0.00556366;-0.000537914;0.0064773;-0.00558769;1.00408;0.00471905;-0.00378169;0.994091;0.0216149;0.990655;1;3;1
583.531;468.06;5.18786;8.68991;0.00670735;-0.00622124;0.000813574;0.00675834;-0.00627224;1.00462;0.00520911;-0.00438765;0.994731;0.0209154;0.985752;1;3;1
606.531;468.06;5.34981;8.81008;0.00792127;-0.00655341;-0.000212596;0.00792439;-0.00655653;1.0101;0.00301863;-0.00410623;0.992379;0.0183042;0.993187;1;3;1
629.531;468.06;5.55059;8.83123;0.00793097;-0.00708954;0.000137723;0.00793223;-0.0070908;1.00873;-0.00229677;-0.00309916;0.991929;0.0208382;0.989221;1;3;1
652.531;468.06;5.71288;8.98019;0.0067807;-0.00473631;0.000122526;0.006782;-0.00473761;1.00396;0.00208629;-0.0041955;0.997245;0.0204828;0.987982;1;3;1
675.531;468.06;5.86089;9.06081;0.0059999;-0.00500484;-0.00154286;0.00621212;-0.00521706;1.007;0.0076149;-0.00844412;0.991412;0.0216777;0.986678;1;3;1
698.531;468.06;5.98804;9.01872;0.00753507;-0.00398487;-0.00153845;0.00773699;-0.00418679;1.01339;0.00189083;0.00806708;0.997457;0.0228074;0.979938;1;3;1
721.531;468.06;6.20615;9.13101;0.00890906;-0.00522455;0.000151097;0.00891068;-0.00522617;1.00913;0.00472915;-0.00867318;0.997542;0.0246793;0.984498;1;3;1
744.531;468.06;6.39575;9.18444;0.00802149;-0.00682287;-0.000747736;0.00805905;-0.00686044;1.00868;0.00630922;-0.00281145;0.996914;0.0208814;0.987008;1;3;1
767.531;468.06;6.57353;9.24318;0.00742645;-0.00466489;0.000545241;0.00745099;-0.00468943;1.00471;0.00137483;-0.00307223;1.0017;0.0226917;0.982298;1;3;1
790.531;468.06;6.73556;9.41052;0.00830463;-0.00459099;0.000230481;0.00830875;-0.00459511;1.01;0.00397082;-0.00430323;0.993043;0.0239099;0.982705;1;3;1
813.531;468.06;6.95368;9.40934;0.00750517;-0.00636948;-0.000855458;0.00755771;-0.00642203;1.00498;1.46818e-05;-0.00229516;0.997277;0.0206967;0.98751;1;3;1
836.531;468.06;7.07948;9.46371;0.00618828;-0.00499201;0.000316744;0.00619725;-0.00500098;1.00511;-0.00699095;-0.00342459;0.997094;0.023313;0.984927;1;3;1
859.531;468.06;7.23733;9.52037;0.00848565;-0.00549628;0.000218518;0.00848906;-0.00549969;1.00601;-0.00312635;-0.00357264;0.99567;0.021435;0.990465;1;3;1
882.531;468.06;7.46788;9.63041;0.010427;-0.00456805;0.000433017;0.0104394;-0.00458055;1.01448;0.00123143;-0.00483456;0.999557;0.0208231;0.987334;1;4;1
905.531;468.06;7.71409;9.71474;0.00866796;-0.00568835;-0.000531935;0.00868764;-0.00570803;1.00635;0.00632447;0.000427401;0.991644;0.022045;0.988946;1;3;1
928.531;468.06;7.86474;9.75025;0.00742656;-0.00502218;-0.000753879;0.00747205;-0.00506767;1.01097;0.00464465;-0.00239979;0.998783;0.0202203;0.989844;1;3;1
951.531;468.06;8.05433;9.81897;0.00737088;-0.00736794;0.000811005;0.00741537;-0.00741243;1.00472;0.00197144;-0.0018981;0.993532;0.0194388;0.991345;1;3;1
974.531;468.06;8.2021;9.95598;0.00742672;-0.00569035;0.000264915;0.00743207;-0.0056957;1.00686;0.00663525;-0.00737513;0.992839;0.0225655;0.986415;1;3;1
997.531;468.06;8.39437;9.99298;0.00907002;-0.00566852;-9.8881e-05;0.00907068;-0.00566918;1.01127;0.00422169;2.9396e-05;0.99532;0.0194666;0.989677;1;3;1
1020.53;468.06;8.6173;10.071;0.00917673;-0.00638364;0.000150752;0.00917819;-0.0063851;1.00337;0.00464155;-0.00402379;0.992637;0.0217402;0.985238;1;3;1
1043.53;468.06;8.81429;10.159;0.00794175;-0.0067156;-0.00060269;0.00796649;-0.00674034;1.01318;0.00762454;-0.00364423;0.989681;0.0212441;0.985044;1;3;1
1066.53;468.06;8.98103;10.1908;0.0072949;-0.00599727;-0.000622002;0.00732394;-0.00602631;1.00488;0.00757156;0.00024392;0.994568;0.0190842;0.985558;1;3;1
1089.53;468.06;9.14841;10.304;0.00862532;-0.00667107;3.45515e-05;0.0086254;-0.00667115;1.01035;3.82582e-05;-0.00233323;0.995392;0.0206567;0.990106;1;3;1
1112.53;468.06;9.37583;10.3493;0.0102119;-0.00708297;-0.00108755;0.01028;-0.00715109;1.00918;0.00336049;-0.00467735;0.990732;0.0220341;0.990047;1;3;1
1135.53;468.06;9.61577;10.3421;0.00810039;-0.00612779;-0.000478578;0.00811647;-0.00614387;1.0092;0.00361113;-0.00301013;0.995234;0.0207607;0.990475;1;3;1
1158.53;468.06;9.74691;10.4062;0.00518029;-0.00684734;0.00039714;0.00519339;-0.00686044;1.0053;0.00515298;-0.00271466;0.993763;0.0218284;0.989554;1;3;1
1181.53;468.06;9.85298;10.5511;0.0084865;-0.00708251;0.000690857;0.00851709;-0.00711311;1.00547;0.00439265;-0.00619287;0.987243;0.0224708;0.990064;1;4;1
1204.53;468.06;10.1353;10.584;0.0101555;-0.00532577;-0.00148966;0.0102975;-0.00546781;1.00874;0.00489441;-0.00131725;0.994284;0.0196818;0.989197;1;3;1
1227.53;468.06;10.3177;10.6149;0.00833513;-0.00702966;0.000501519;0.00835149;-0.00704601;1.00893;-0.00163051;-0.000831991;0.994479;0.0282051;0.971092;1;3;1
1250.53;468.06;10.5168;10.7547;0.00763544;-0.00906122;0.00141843;0.00775508;-0.00918087;1.00937;0.00528024;-0.00414513;0.998376;0.0311261;0.971402;1;3;1
1273.53;468.06;10.6668;10.8998;0.00656009;-0.00537212;0.00107279;0.00665577;-0.0054678;0.998446;0.00594121;-0.0135334;1.00062;0.0417561;0.962565;1;3;1
31.5305;445.06;1.72754;7.24352;0.00519824;-0.00735245;-0.000953837;0.00527032;-0.00742453;1.00408;0.0044343;-0.00153788;0.99414;0.0233825;0.986461;1;3;1
54.5305;445.06;1.84675;7.29018;0.00658678;-0.00647069;-0.000548205;0.00660975;-0.00649366;1.00407;0.00512589;-0.00389205;0.995581;0.0234048;0.984391;1;3;1
77.5306;445.06;2.02936;7.37427;0.00656064;-0.00603201;-2.42935e-05;0.00656069;-0.00603206;1.01411;0.00765091;-0.00513074;0.997969;0.0283124;0.980001;1;4;1
100.531;445.06;2.14729;7.44636;0.00423669;-0.00841216;-0.000526869;0.0042586;-0.00843407;1.00225;0.00513178;-0.00483744;0.995663;0.0234605;0.987333;1;3;1
123.531;445.06;2.22368;7.49227;0.00717174;-0.00627;0.000565754;0.00719551;-0.00629377;1.00259;0.00173454;-0.000147373;0.999401;0.0230467;0.99185;1;3;1
146.531;445.06;2.47567;7.62585;0.00521914;-0.00639691;0.000197095;0.00522249;-0.00640025;1.00542;-0.000563962;0.000203317;0.994802;0.0255458;0.989045;1;3;1
169.531;445.06;2.46283;7.66144;0.00446457;-0.00731697;-0.000260223;0.00447031;-0.00732271;1.0054;0.00100047;-0.00235728;0.99173;0.0247215;0.982876;1;3;1
192.531;445.06;2.68043;7.74435;0.00858265;-0.00840884;-0.000335043;0.00858926;-0.00841544;1.00843;0.00276301;-0.00714376;0.988922;0.024497;0.991174;1;3;1
215.531;445.06;2.85568;7.81976;0.00563729;-0.00691867;0.00166332;0.00585389;-0.00713528;1.00919;-0.000198955;-0.000139211;0.992268;0.023651;0.98837;1;3;1
238.531;445.06;2.93852;7.95819;0.00507873;-0.00602102;0.00049394;0.00510067;-0.00604296;0.999702;-0.000317572;-0.00691467;0.997326;0.0215716;0.988236;1;3;1
261.531;445.06;3.08846;7.97419;0.00579173;-0.00678305;-0.001206;0.00590635;-0.00689767;1.00741;0.00131624;-0.000767854;0.995152;0.0221322;0.993747;1;3;1
284.531;445.06;3.20408;8.0533;0.00552347;-0.00827808;0.000602427;0.00554971;-0.00830432;1.00336;0.00315681;-0.00353228;0.990861;0.0204256;0.993763;1;2;1
307.531;445.06;3.34153;8.14219;0.00845053;-0.00683675;0.000527684;0.00846872;-0.00685494;1.01302;0.00363366;-0.000629758;0.994212;0.0201036;0.991451;1;3;1
330.531;445.06;3.591;8.17811;0.00630504;-0.00646568;-0.000733995;0.00634709;-0.00650772;1.00113;0.00596258;-0.00147943;0.996174;0.0187275;0.991755;1;3;1
353.531;445.06;3.63064;8.18167;0.00438976;-0.00658298;-0.0010004;0.00448022;-0.00667344;1.00512;0.00380932;0.000143699;0.991988;0.0214529;0.988199;1;3;1
376.531;445.06;3.79245;8.24121;0.00787225;-0.00747459;-0.000800091;0.00791385;-0.00751619;1.00403;0.0083203;-0.00147209;0.989847;0.020672;0.989018;1;3;1
399.531;445.06;3.99106;8.34425;0.0064322;-0.00627183;0.00103092;0.00651532;-0.00635495;1.006;0.00271367;-0.00303937;0.993357;0.0210698;0.990534;1;3;1
422.531;445.06;4.08699;8.43159;0.00582912;-0.00791862;7.62969e-05;0.00582954;-0.00791904;1.00474;0.00817199;-0.005755;0.990359;0.0183444;0.991719;1;3;1
445.531;445.06;4.25819;8.4929;0.00713967;-0.00713837;0.000436384;0.00715299;-0.00715169;1.00973;0.008549;-0.00257387;0.990984;0.0193078;0.991217;1;3;1
468.531;445.06;4.41403;8.57514;0.00535517;-0.00709316;0.000361672;0.00536567;-0.00710366;1.00278;0.00131527;-0.00353823;0.99307;0.0217072;0.986744;1;3;1
491.531;445.06;4.50364;8.6401;0.00686113;-0.00871242;0.000554206;0.00688082;-0.00873212;1.00155;0.00206299;-0.00191335;0.987724;0.0216441;0.988607;1;3;1
514.531;445.06;4.72842;8.69137;0.00947075;-0.00780424;-0.000977215;0.00952585;-0.00785934;1.00849;0.00872456;-0.00141881;0.993262;0.0204242;0.989734;1;4;1
537.531;445.06;4.93708;8.76575;0.00767756;-0.00717192;-0.000503692;0.00769463;-0.00718899;1.01102;0.00574995;-0.00525287;0.991118;0.0193499;0.991812;1;3;1
560.531;445.06;5.08021;8.74906;0.00626743;-0.00649706;0.000106429;0.00626831;-0.00649795;1.00239;0.00348368;0.00154289;0.995213;0.0241169;0.983256;1;3;1
583.531;445.06;5.22428;8.9007;0.00784477;-0.00746977;0.000561942;0.00786536;-0.00749037;1.01138;0.00270077;-0.00845227;0.990137;0.0215307;0.98382;1;3;1
606.531;445.06;5.43917;8.9629;0.0082307;-0.00603334;-0.000846066;0.00828071;-0.00608335;1.00526;0.00243311;-0.00355597;0.994013;0.0198781;0.991947;1;3;1
629.531;445.06;5.60121;9.01289;0.00740283;-0.00691638;1.21133e-05;0.00740284;-0.00691639;1.01092;0.00243104;-0.00329645;0.994966;0.0198558;0.989835;1;3;1
652.531;445.06;5.77834;9.06209;0.00792389;-0.00367483;-0.000109553;0.00792492;-0.00367587;1.0028;-0.00054149;0.00153096;0.993227;0.0219808;0.981426;1;3;1
675.531;445.06;5.96419;9.10571;0.00792353;-0.00266585;-1.20629e-05;0.00792354;-0.00266586;1.01036;-0.00149524;-0.00218343;1.00743;0.0235668;0.986249;1;4;1
698.531;445.06;6.14132;9.14627;0.00775272;-0.00647807;-0.000975094;0.00781923;-0.00654457;1.00556;0.00157287;-0.00250575;0.991322;0.0208067;0.986695;1;4;1
721.531;445.06;6.31919;9.25871;0.00830477;-0.00533012;0.000518025;0.00832442;-0.00534977;1.01021;-0.00150947;-0.00689526;0.990942;0.0231762;0.984852;1;3;1
744.531;445.06;6.52127;9.35942;0.00767102;-0.00620463;0.000194094;0.00767374;-0.00620735;1.00635;0.00673474;0.00381435;0.989059;0.0267863;0.977767;1;3;1
767.531;445.06;6.67044;9.41689;0.00716682;-0.00697058;-0.000849321;0.00721766;-0.00702142;1.0035;0.00583015;-0.00541929;0.989129;0.0211312;0.986545;1;3;1
790.531;445.06;6.84968;9.45158;0.00709527;-0.00491503;-0.000684912;0.0071342;-0.00495397;1.01387;0.00181722;-0.00171974;0.998086;0.0196799;0.991207;1;3;1
813.531;445.06;6.99549;9.5495;0.00624198;-0.00565601;-0.000206414;0.00624556;-0.00565959;1.00593;0.00654981;0.00172971;0.992464;0.0233002;0.986024;1;3;1
836.531;445.06;7.13574;9.58141;0.0085227;-0.00564664;-0.000794579;0.00856712;-0.00569106;1.0048;0.0102302;-0.00369164;0.998133;0.0222766;0.986137;1;3;1
859.531;445.06;7.38568;9.68288;0.00963157;-0.0060673;-0.00118663;0.00972076;-0.00615649;1.00827;0.0103849;-0.00374406;0.994268;0.0227908;0.988389;1;3;1
882.531;445.06;7.57654;9.69572;0.00969505;-0.00351704;-0.000335272;0.00970355;-0.00352554;1.00615;0.00497242;-0.00579729;0.993135;0.0201536;0.990304;1;3;1
905.531;445.06;7.82931;9.82144;0.00754597;-0.00408907;0.000607374;0.00757759;-0.00412069;1.01039;0.00187659;-0.00256855;0.995801;0.0225469;0.988194;1;3;1
928.531;445.06;7.92203;9.86756;0.00531223;-0.00547014;0.000999247;0.00540405;-0.00556196;1.00828;0.0048417;-0.00219083;0.994385;0.0197855;0.989859;1;3;1
951.531;445.06;8.07269;9.99735;0.00795208;-0.00590874;0.00082245;0.00800071;-0.00595737;1.00643;0.000748747;-0.005956;0.993273;0.0214351;0.987611;1;3;1
974.531;445.06;8.28605;10.0453;0.00951915;-0.00423837;-0.000354443;0.00952828;-0.0042475;1.01036;-0.00288549;-0.0042975;0.997844;0.0236206;0.983513;1;3;1
997.531;445.06;8.50841;10.0889;0.00871904;-0.0050149;-6.65838e-05;0.00871936;-0.00501522;1.00809;-0.000121599;-0.00462122;0.994675;0.0191375;0.993159;1;3;1
1020.53;445.06;8.68515;10.1948;0.00783907;-0.00594717;0.000838552;0.00788988;-0.00599799;1.00987;0.00229023;-0.00208287;0.989015;0.0216767;0.985196;1;3;1
1043.53;445.06;8.86732;10.2512;0.0087067;-0.0048493;-0.000534003;0.0087277;-0.0048703;1.00531;0.00397918;-0.00149508;0.994219;0.025514;0.978834;1;3;1
1066.53;445.06;9.08381;10.3015;0.00864129;-0.00714677;0.0004816;0.00865597;-0.00716144;1.01179;0.0041991;-0.00704055;0.992869;0.0215066;0.989493;1;3;1
1089.53;445.06;9.26265;10.4594;0.00823277;-0.00500618;0.000556852;0.00825615;-0.00502956;1.01013;0.00546173;-0.00399268;0.993958;0.0188537;0.990528;1;3;1
1112.53;445.06;9.46042;10.5257;0.00802486;-0.00419449;-0.00115362;0.00813282;-0.00430245;1.00493;0.0064372;-0.00141241;0.997744;0.0204961;0.987943;1;3;1
1135.53;445.06;9.63028;10.5275;0.00882707;-0.00717634;5.67928e-05;0.00882727;-0.00717655;1.00739;0.00158383;-0.00330141;0.988764;0.0238519;0.986233;1;3;1
1158.53;445.06;9.8646;10.6177;0.00857427;-0.00655152;-7.55104e-05;0.00857465;-0.0065519;1.01064;-0.000932435;-0.00456877;0.993559;0.021867;0.987427;1;4;1
1181.53;445.06;10.0227;10.6977;0.00784295;-0.00461636;-0.00239178;0.00828632;-0.00505973;1.00481;0.00281519;0.00467227;0.995876;0.0264764;0.981163;1;4;1
1204.53;445.06;10.2239;10.6755;0.00698696;-0.00580278;0.000814469;0.00703861;-0.00585444;1.00873;-0.00381289;-0.00766194;0.987832;0.0251397;0.984385;1;4;1
1227.53;445.06;10.3428;10.8359;0.0091253;-0.00813141;0.00261357;0.00951245;-0.00851856;1.01395;0.00503489;-0.00675813;0.985501;0.0247544;0.985688;1;3;1
1250.53;445.06;10.6408;10.98;0.00910628;-0.00533991;-0.000781564;0.00914844;-0.00538207;1.00279;0.00421025;-0.00124159;0.983056;0.0349705;0.959703;1;3;1
1273.53;445.06;10.7596;10.9571;0.00517993;-0.00318497;-0.00347433;0.00643475;-0.00443979;1.00585;0.00574947;-0.00738572;1.00216;0.0377859;0.969368;1;3;1
31.5305;422.06;1.9111;7.41648;0.00390307;-0.00813888;-0.00206891;0.00424861;-0.00848442;1.00113;0.0079253;-0.00304384;0.985847;0.0244973;0.986946;1;3;1
54.5305;422.06;2.00069;7.43805;0.00517761;-0.00763347;-0.00176068;0.00541518;-0.00787104;1.00381;0.00793448;-0.00117348;0.990248;0.0242284;0.987579;1;3;1
77.5306;422.06;2.14856;7.51254;0.00551263;-0.00868593;-0.000269976;0.00551776;-0.00869106;1.00307;0.00778585;-0.00399147;0.987663;0.0223635;0.985844;1;4;1
100.531;422.06;2.25317;7.63155;0.00424881;-0.00863187;-0.000740129;0.0042912;-0.00867426;1.00082;-5.45755e-05;-0.00202331;0.988858;0.0251957;0.984012;1;3;1
123.531;422.06;2.34335;7.66298;0.00521235;-0.00910657;-0.00165304;0.0054007;-0.00929492;1.00288;0.00880182;-0.000643429;0.991301;0.0244276;0.987126;1;3;1
146.531;422.06;2.49224;7.71827;0.00518662;-0.00763242;0.000342442;0.00519576;-0.00764156;1.00717;0.00404226;-0.00361898;0.991392;0.0219059;0.986938;1;3;1
169.531;422.06;2.58113;7.79373;0.00633503;-0.00911563;-6.55271e-05;0.00633531;-0.00911591;1.00499;0.0103761;-0.00453381;0.989922;0.0234915;0.98241;1;3;1
192.531;422.06;2.78231;7.91671;0.00595007;-0.00730433;-8.84504e-05;0.00595066;-0.00730492;1.00519;0.00614797;-0.00456071;0.991636;0.0282079;0.980735;1;3;1
215.531;422.06;2.8537;7.96645;0.00480042;-0.00698341;-0.00033373;0.00480986;-0.00699286;1.00373;0.00209354;-0.00232613;0.985517;0.0239285;0.983112;1;3;1
238.531;422.06;3.00254;7.98712;0.00698766;-0.00588357;-5.42195e-05;0.00698788;-0.0058838;1.0071;0.00348245;-0.00187929;0.990599;0.0250482;0.986016;1;3;1
261.531;422.06;3.17389;8.07552;0.00719611;-0.00653422;0.0011829;0.00729727;-0.00663538;1.00706;0.00450384;-0.00361368;0.9869;0.0221882;0.988294;1;3;1
284.531;422.06;3.33185;8.20874;0.00571996;-0.00671709;-4.41458e-06;0.00571997;-0.00671709;1.00702;0.00777123;-0.00589278;0.993207;0.018698;0.992883;1;3;1
307.531;422.06;3.43602;8.22522;0.00521241;-0.0049835;-0.00103316;0.00531604;-0.00508714;1.0013;0.00140999;0.00228878;0.998635;0.0245576;0.989124;1;4;1
330.531;422.06;3.57092;8.29359;0.0062265;-0.00593193;0.00031246;0.00623452;-0.00593996;1.00473;-0.00266054;-0.00217545;0.992401;0.0195397;0.990663;1;3;1
353.531;422.06;3.72148;8.30633;0.00739384;-0.00782355;-0.000521446;0.00741169;-0.0078414;1.01107;0.00444319;-0.000977232;0.993143;0.0220738;0.987651;1;4;1
376.531;422.06;3.9096;8.42821;0.00699447;-0.00810268;-0.000532491;0.00701323;-0.00812144;1.0035;0.00345193;-0.0103494;0.995349;0.0223291;0.987364;1;3;1
399.531;422.06;4.04171;8.4993;0.00722555;-0.00756528;0.000113267;0.00722642;-0.00756614;1.01117;0.00283562;0.00235288;0.99261;0.0238979;0.986448;1;3;1
422.531;422.06;4.24041;8.61202;0.00577534;-0.0066714;-0.000381564;0.00578702;-0.00668309;1.00682;0.00124906;-0.00601222;0.991621;0.0200193;0.990565;1;3;1
445.531;422.06;4.30643;8.62783;0.00384487;-0.00718801;-0.00119663;0.00397317;-0.00731631;1.00703;0.000315871;0.0021973;0.993153;0.0237883;0.988537;1;3;1
468.531;422.06;4.4169;8.6748;0.00692561;-0.00632572;0.000339967;0.00693433;-0.00633443;1.00644;0.00519371;-0.00698047;0.991198;0.0200162;0.989156;1;3;1
491.531;422.06;4.62357;8.8062;0.0102371;-0.00589986;-0.000183794;0.0102392;-0.00590195;1.01071;0.00474794;-0.00659875;0.992466;0.0231049;0.988707;1;3;1
514.531;422.06;4.88496;8.88013;0.00810832;-0.00674572;-0.00153085;0.00826445;-0.00690185;1.00748;0.00523998;-0.00146488;0.989559;0.0206092;0.989644;1;3;1
537.531;422.06;4.99498;8.88756;0.00613214;-0.00649698;-0.00112893;0.00623226;-0.0065971;1.00665;0.00191378;-0.00328739;0.992373;0.0198701;0.990657;1;3;1
560.531;422.06;5.16616;8.92683;0.00769043;-0.00945625;-0.000539049;0.00770736;-0.00947318;1.00368;0.00546225;-0.00340179;0.991302;0.0226954;0.986579;1;3;1
583.531;422.06;5.34716;9.03509;0.00811408;-0.00600538;0.000298114;0.00812037;-0.00601167;1.01169;0.00398913;-0.00229279;0.994323;0.0193194;0.991979;1;3;1
606.531;422.06;5.53762;9.08884;0.00654842;-0.00702187;-0.000183011;0.00655088;-0.00702434;1.0085;0.00385164;-0.0026649;0.99368;0.0232594;0.987687;1;3;1
629.531;422.06;5.64726;9.1506;0.0060411;-0.00715506;-0.000828939;0.00609296;-0.00720693;1.00732;0.00525017;0.000418944;0.992398;0.0214708;0.98957;1;3;1
652.531;422.06;5.81464;9.14966;0.00650022;-0.0057441;-0.000364868;0.00651108;-0.00575496;1.00507;0.00633243;-0.00159231;0.997812;0.0199436;0.990431;1;3;1
675.531;422.06;5.94529;9.18368;0.00903098;-0.0077027;0.000354051;0.00903847;-0.00771019;1.00745;0.00375971;-0.00355692;0.989407;0.0210555;0.983724;1;3;1
698.531;422.06;6.2279;9.31831;0.00926559;-0.00724441;0.000438372;0.00927722;-0.00725604;1.0153;0.00370368;-0.00675927;0.989857;0.0225268;0.984962;1;3;1
721.531;422.06;6.36915;9.37714;0.00668302;-0.00686154;0.000409569;0.0066954;-0.00687391;1.00569;0.00392868;-0.00230498;0.994005;0.0230359;0.983812;1;3;1
744.531;422.06;6.53404;9.47096;0.00814622;-0.00691652;0.00101229;0.00821394;-0.00698425;1.00653;-0.00156778;-0.0063139;0.989937;0.020478;0.991566;1;3;1
767.531;422.06;6.74198;9.56527;0.00863278;-0.00674946;0.00012582;0.00863381;-0.00675048;1.00862;0.00655568;-0.00121813;0.994477;0.0187922;0.989692;1;3;1
790.531;422.06;6.92915;9.63758;0.00783449;-0.0061415;3.24809e-05;0.00783456;-0.00614158;1.00791;0.00710753;-0.00169704;0.988673;0.0238128;0.985893;1;3;1
813.531;422.06;7.10085;9.67049;0.00773399;-0.00789072;-0.000809607;0.00777583;-0.00793255;1.0134;0.00434229;-0.00161535;0.992465;0.0254812;0.980921;1;3;1
836.531;422.06;7.28347;9.72464;0.00779827;-0.00764743;-0.000311836;0.00780456;-0.00765373;1.00308;0.000291342;-0.00284027;0.991093;0.0216137;0.991961;1;3;1
859.531;422.06;7.458;9.80085;0.00767637;-0.00618735;-0.000594259;0.0077018;-0.00621278;1.00518;0.00244507;4.82835e-05;0.994589;0.0201431;0.988214;1;3;1
882.531;422.06;7.63519;9.79278;0.0080889;-0.00661859;-0.00031026;0.00809545;-0.00662514;1.00939;0.00497458;-0.00924444;0.99645;0.0216115;0.990791;1;3;1
905.531;422.06;7.82848;9.90337;0.00681867;-0.00604359;0.000926251;0.00688503;-0.00610995;1.00995;0.00227038;-0.00511835;0.994255;0.0203929;0.991988;1;3;1
928.531;422.06;7.94731;10.0026;0.00712134;-0.00677469;0.000578129;0.00714535;-0.0067987;1.00475;-0.00262004;-0.00532347;0.990379;0.0190521;0.989856;1;3;1
951.531;422.06;8.15452;10.0917;0.00824303;-0.00563551;-5.68474e-05;0.00824326;-0.00563574;1.01012;0.00746454;-0.00196371;0.993947;0.0189817;0.98752;1;3;1
974.531;422.06;8.3247;10.1515;0.00859344;-0.00542806;-0.000126327;0.00859458;-0.0054292;1.00897;0.00889328;-0.00250935;0.994131;0.0222704;0.982455;1;3;1
997.531;422.06;8.54795;10.2245;0.008219;-0.00680559;0.00072133;0.00825355;-0.00684015;1.00467;0.00223651;-0.00907394;0.995076;0.0199134;0.993924;1;3;1
1020.53;422.06;8.70083;10.3455;0.00918495;-0.00696758;0.000135308;0.00918608;-0.00696871;1.01486;-0.0028276;0.000679742;1.00015;0.0231058;0.986727;1;3;1
1043.53;422.06;8.96826;10.3829;0.00964534;-0.00548175;0.000161023;0.00964705;-0.00548346;1.00567;0.00132494;-0.00493827;0.99978;0.0220664;0.987347;1;3;1
1066.53;422.06;9.14206;10.521;0.00765662;-0.00707691;0.000661041;0.00768622;-0.00710651;1.0133;-0.00282839;-0.00339704;0.992627;0.0209469;0.985399;1;3;1
1089.53;422.06;9.31888;10.5351;0.00887218;-0.00532489;-0.00199757;0.00914789;-0.0056006;1.00418;-0.00118284;0.00288539;0.994911;0.0188589;0.989825;1;3;1
1112.53;422.06;9.54838;10.543;0.00834872;-0.00395294;0.000334489;0.00835781;-0.00396202;1.01096;-0.00177554;-0.00736788;0.992853;0.0221222;0.988787;1;3;1
1135.53;422.06;9.70112;10.6734;0.00815054;-0.00633349;0.000206815;0.00815349;-0.00633644;1.00697;0.00359966;-0.0024433;0.99471;0.0215145;0.987075;1;3;1
1158.53;422.06;9.92149;10.7089;0.00933405;-0.00575621;-0.000642953;0.00936139;-0.00578356;1.00781;0.00477297;-0.00112543;0.990877;0.0220752;0.987587;1;3;1
1181.53;422.06;10.1284;10.7648;0.0060193;-0.0029105;-0.000764543;0.00608429;-0.00297548;1.00552;0.00542005;-0.000179898;0.996368;0.0244813;0.9812;1;3;1
1204.53;422.06;10.1973;10.8518;0.00546853;-0.00667277;0.000906356;0.00553582;-0.00674006;1.00282;0.00586457;-0.00857472;0.996339;0.0259673;0.97923;1;4;1
1227.53;422.06;10.3787;10.9905;0.0111582;-0.00587505;-0.000905268;0.0112062;-0.00592302;1.00973;0.00188141;-0.00315076;0.997647;0.0289808;0.96706;1;3;1
1250.53;422.06;10.7075;11.0014;0.0122635;-0.00189015;-0.000576422;0.0122869;-0.00191359;1.01746;0.000815742;-0.000685588;1.0009;0.0300182;0.96495;1;3;1
1273.53;422.06;10.9394;11.0474;0.0101336;-0.0027084;-0.00181888;0.0103863;-0.00296105;1.00844;-0.000429336;-0.00504721;0.991625;0.0423965;0.939849;1;4;1
31.5305;399.06;1.95978;7.62003;0.00623538;-0.00923659;-0.000670672;0.0062644;-0.00926561;1.00215;-0.00172248;-0.000836671;0.992149;0.0203973;0.994374;1;3;1
54.5305;399.06;2.10273;7.64339;0.00622151;-0.0100725;2.6374e-05;0.00622155;-0.0100726;1.00768;0.00186979;-0.00454463;0.992121;0.0236404;0.983637;1;3;1
77.5306;399.06;2.24482;7.77608;0.00569665;-0.0116555;0.000896036;0.0057428;-0.0117016;1.00518;-0.00324994;-0.00476374;0.991902;0.0239392;0.990417;1;3;1
100.531;399.06;2.36359;7.84567;0.00470331;-0.00926708;0.000662487;0.00473465;-0.00929843;1.00517;0.00168566;-0.0030666;0.992344;0.0274008;0.983024;1;3;1
123.531;399.06;2.46046;7.91371;0.00457558;-0.00888525;-0.000546391;0.00459773;-0.0089074;1.00685;0.00187478;-0.00209655;0.987433;0.0253944;0.986796;1;3;1
146.531;399.06;2.5734;7.9784;0.00444603;-0.00888616;-7.89701e-05;0.0044465;-0.00888662;1.00317;0.00670661;-0.00814421;0.987172;0.0257488;0.978005;1;3;1
169.531;399.06;2.66421;8.08313;0.00622968;-0.00823991;-0.00190978;0.0064775;-0.00848773;1.00818;0.00747174;0.00247761;0.992948;0.0243831;0.98743;1;4;1
192.531;399.06;2.85896;8.08194;0.00636038;-0.00754422;-0.00133488;0.00648737;-0.00767121;1.0068;0.00579587;-0.00554237;0.992243;0.0242746;0.986393;1;3;1
215.531;399.06;2.95583;8.14224;0.00419183;-0.00761249;0.000553605;0.00421774;-0.0076384;1.00416;0.00938811;0.000285934;0.995478;0.0224288;0.986838;1;3;1
238.531;399.06;3.05115;8.22977;0.00530455;-0.00808334;-0.000354991;0.00531396;-0.00809275;1.00425;0.00455657;-0.00193562;0.991282;0.0244402;0.987648;1;3;1
261.531;399.06;3.199;8.27589;0.00657303;-0.0077272;0.000517197;0.00659171;-0.00774588;1.00585;0.00102305;-0.00316659;0.991726;0.0241526;0.99044;1;3;1
284.531;399.06;3.35233;8.36357;0.00700668;-0.00605001;-7.19983e-05;0.00700708;-0.0060504;1.00783;-0.00196431;-0.00226135;0.995021;0.0184453;0.992108;1;3;1
307.531;399.06;3.52009;8.37235;0.00633116;-0.00678145;-0.000172059;0.00633342;-0.00678371;1.0071;0.00272614;-0.00101327;0.989948;0.0211413;0.990488;1;3;1
330.531;399.06;3.64256;8.45183;0.00634791;-0.00796884;0.000463039;0.00636287;-0.0079838;1.00632;0.00858332;0.000439314;0.992788;0.0219193;0.985799;1;3;1
353.531;399.06;3.81085;8.54333;0.00849028;-0.00824143;0.000626503;0.0085137;-0.00826485;1.00664;0.000792537;-0.00730103;0.993048;0.0218378;0.987899;1;3;1
376.531;399.06;4.03118;8.61608;0.00766432;-0.00936935;-0.00021926;0.00766714;-0.00937217;1.01187;0.000596376;0.00307248;0.987274;0.0199609;0.989046;1;3;1
399.531;399.06;4.16183;8.6939;0.00474646;-0.00833834;-0.000733112;0.0047874;-0.00837928;1.00219;0.00410398;-0.00419706;0.993199;0.0215664;0.990437;1;3;1
422.531;399.06;4.24884;8.73979;0.00584976;-0.00606931;0.000813058;0.00590497;-0.00612452;1.0071;0.00165793;-0.00334287;0.995024;0.0198611;0.992006;1;3;1
445.531;399.06;4.42995;8.82507;0.00676907;-0.00654792;7.44076e-05;0.00676948;-0.00654834;1.00855;0.00197098;-0.00302525;0.992652;0.0216356;0.988474;1;3;1
468.531;399.06;4.55899;8.86727;0.00638037;-0.00795866;-0.00185436;0.0066163;-0.00819459;1.00376;0.00340207;0.00110236;0.990653;0.0188557;0.992296;1;3;1
491.531;399.06;4.72243;8.91282;0.00850332;-0.00590635;-6.52298e-05;0.00850361;-0.00590665;1.01152;0.00270613;-0.00671867;0.998358;0.0244533;0.984507;1;3;1
514.531;399.06;4.94829;9.00326;0.00794958;-0.00568259;0.000571569;0.0079735;-0.00570651;1.007;-0.00113162;-0.000581154;0.996108;0.0205932;0.988959;1;3;1
537.531;399.06;5.08642;9.06584;0.0071233;-0.00679644;0.000298127;0.00712968;-0.00680282;1.00703;0.000466952;-0.00497177;0.999869;0.0179973;0.993229;1;3;1
560.531;399.06;5.27444;9.18654;0.00589867;-0.00891552;-0.000918751;0.00595543;-0.00897228;1.00278;7.1766e-06;-0.00260201;0.990268;0.0221312;0.986185;1;3;1
583.531;399.06;5.35682;9.17797;0.00644472;-0.00649803;-0.000239794;0.00644916;-0.00650247;1.00733;-0.00198513;-0.000142057;0.991646;0.0193883;0.990415;1;3;1
606.531;399.06;5.56984;9.28724;0.00830616;-0.00698413;0.000263908;0.00831072;-0.00698868;1.00813;0.00298924;-0.0029514;0.990658;0.0196508;0.990469;1;3;1
629.531;399.06;5.73704;9.34341;0.00598621;-0.00726941;-0.00129764;0.00611204;-0.00739525;1.00583;4.31651e-05;-0.00174099;0.992737;0.0232443;0.983295;1;3;1
652.531;399.06;5.84437;9.32712;0.00787592;-0.00849792;2.7927e-06;0.00787592;-0.00849792;1.01113;-0.000952966;-0.00518785;0.987646;0.0205147;0.990071;1;3;1
675.531;399.06;6.09776;9.46161;0.00977647;-0.00968977;-0.00052648;0.0097907;-0.009704;1.00465;0.00207377;0.00160694;0.988281;0.0200082;0.991234;1;3;1
698.531;399.06;6.29166;9.48098;0.00730318;-0.0079754;-0.000265738;0.0073078;-0.00798002;1.00931;0.00429629;-0.00159392;0.99356;0.0248952;0.98343;1;3;1
721.531;399.06;6.43235;9.57557;0.00704582;-0.00810249;0.000143548;0.00704718;-0.00810385;1.00758;0.00477511;-0.00509695;0.993698;0.0211322;0.986161;1;3;1
744.531;399.06;6.61421;9.67878;0.00853512;-0.00796558;-0.000461498;0.00854801;-0.00797848;1.00763;0.00547584;-0.00172569;0.991863;0.0235323;0.986936;1;3;1
767.531;399.06;6.82305;9.72868;0.0073378;-0.00573833;-0.000748309;0.00738048;-0.00578101;1.00879;0.00121848;-0.00140777;0.99385;0.0236071;0.986312;1;3;1
790.531;399.06;6.95048;9.73507;0.00725281;-0.00613984;2.18408e-05;0.00725284;-0.00613988;1.00333;0.000830156;-0.00317488;0.996598;0.0232342;0.989485;1;3;1
813.531;399.06;7.15511;9.9142;0.00747376;-0.00862951;0.000326917;0.00748039;-0.00863614;1.01268;0.000653258;-0.00450809;0.994963;0.0235501;0.98746;1;3;1
836.531;399.06;7.29257;9.93482;0.00768287;-0.0068333;-0.000589899;0.0077068;-0.00685723;1.00359;0.00335067;-0.00258876;0.993015;0.0253164;0.983638;1;3;1
859.531;399.06;7.50714;9.96854;0.0090262;-0.00708183;-0.000644993;0.00905199;-0.00710761;1.01422;0.00147053;0.00456852;0.991961;0.0195896;0.989413;1;3;1
882.531;399.06;7.70587;10.0014;0.00971822;-0.00818949;0.000245251;0.00972158;-0.00819285;1.01052;0.0023388;-0.00774992;0.987474;0.021353;0.986904;1;3;1
905.531;399.06;7.95184;10.1005;0.00762495;-0.00734321;0.000255986;0.00762933;-0.00734759;1.00256;0.00466904;-0.0044666;0.992631;0.0210554;0.990107;1;3;1
928.531;399.06;8.05495;10.1805;0.00595549;-0.00645994;-0.000810765;0.00600821;-0.00651266;1.00588;0.00679073;-0.0039705;0.995883;0.0188162;0.994018;1;3;1
951.531;399.06;8.22472;10.2576;0.0081578;-0.00631295;-0.00109722;0.00824053;-0.00639567;1.00731;0.00450615;0.00132798;0.995851;0.0218629;0.986621;1;3;1
974.531;399.06;8.42854;10.2959;0.00893401;-0.00672913;-0.000610065;0.00895774;-0.00675285;1.01346;0.00132748;-0.00444922;0.990671;0.0223488;0.987794;1;3;1
997.531;399.06;8.63363;10.4032;0.00874746;-0.005201;0.000788005;0.00879184;-0.00524537;1.00346;-0.00586105;-0.00705954;0.994818;0.0271869;0.977938;1;3;1
1020.53;399.06;8.82866;10.5166;0.00855869;-0.0051766;-0.000396239;0.00857011;-0.00518802;1.01417;0.00517874;-0.00129088;0.990677;0.02329;0.983255;1;3;1
1043.53;399.06;9.02555;10.5043;0.00752742;-0.00703713;-0.000517884;0.00754581;-0.00705552;1.00224;0.00122775;-0.00185144;0.98739;0.0211157;0.986566;1;3;1
1066.53;399.06;9.17349;10.6283;0.00964216;-0.00620609;0.000927967;0.00969631;-0.00626024;1.01215;0.00546876;-0.000271516;0.996952;0.022082;0.989397;1;3;1
1089.53;399.06;9.46654;10.7055;0.00858201;-0.00598811;-0.00168833;0.00877509;-0.00618119;1.00407;0.0106353;-0.00212251;0.986767;0.0233903;0.983017;1;4;1
1112.53;399.06;9.56651;10.708;0.00672874;-0.00709679;-0.000612378;0.00675581;-0.00712386;1.00782;0.00228098;-0.00874568;0.992789;0.0244664;0.979135;1;4;1
1135.53;399.06;9.77488;10.82;0.00976519;-0.00629927;-0.000250966;0.00976911;-0.00630319;1.00617;0.00268247;0.00423553;0.9916;0.0246076;0.985396;1;3;1
1158.53;399.06;10.0132;10.8835;0.0100368;-0.00606371;-0.00188041;0.0102535;-0.00628041;1.01824;0.00414161;0.00266447;0.995744;0.0273878;0.97834;1;3;1
1181.53;399.06;10.2343;10.8323;0.00765688;-0.00607231;-0.000233309;0.00766084;-0.00607627;1.00087;0.0042607;-0.0059552;0.997025;0.0254444;0.981746;1;3;1
1204.53;399.06;10.364;10.9837;0.00739242;-0.00561186;0.000473666;0.00740965;-0.00562909;1.00432;0.00555861;-0.00250256;0.995483;0.0277391;0.975931;1;3;1
1227.53;399.06;10.5723;11.1076;0.00841212;-0.00426771;-0.00235556;0.00883557;-0.00469117;1.00993;0.00441843;-0.00445731;0.991393;0.0261298;0.982375;1;3;1
1250.53;399.06;10.7492;11.0671;0.00969324;-0.00574089;-0.00106103;0.00976584;-0.00581349;1.01084;0.00251395;0.000297526;0.988513;0.0242712;0.977085;1;3;1
1273.53;399.06;11.016;11.0826;0.0116657;-0.00586437;-0.000951038;0.0117171;-0.00591582;1.02183;0.00632452;0.00249192;0.994223;0.0304281;0.97402;1;4;1
31.5305;376.06;2.01843;7.84347;0.00581878;-0.00765167;-0.000131406;0.00582006;-0.00765295;1.00611;0.00398221;-0.00428163;0.991248;0.0215849;0.987563;1;3;1
54.5305;376.06;2.15179;7.904;0.00539295;-0.00831146;0.00100551;0.00546633;-0.00838484;1.00648;0.00433697;-0.0034569;0.992473;0.0234423;0.984195;1;3;1
77.5306;376.06;2.26537;8.05201;0.00384855;-0.00848498;0.000534451;0.00387166;-0.00850809;1.00352;0.00736727;-0.00472484;0.99303;0.0213656;0.99068;1;3;1
100.531;376.06;2.32822;8.05989;0.00564561;-0.00853225;-0.000971204;0.00571183;-0.00859847;1.00233;0.00478057;8.88735e-05;0.991339;0.0235624;0.983089;1;3;1
123.531;376.06;2.52433;8.07389;0.00738481;-0.00692235;3.61615e-06;0.00738481;-0.00692235;1.01045;0.00242966;0.000317039;0.994279;0.0244352;0.982543;1;3;1
146.531;376.06;2.66663;8.1292;0.00727785;-0.00608763;0.000418432;0.00729094;-0.00610071;1.00288;0.00168443;-0.00430626;0.996826;0.026192;0.978833;1;3;1
169.531;376.06;2.85779;8.17518;0.00646001;-0.00515342;0.000219755;0.00646416;-0.00515758;1.01137;0.00634475;-0.00451179;0.995653;0.0227803;0.985799;1;3;1
192.531;376.06;2.96264;8.26542;0.00199129;-0.00772618;-0.000175993;0.00199447;-0.00772937;0.999243;0.00453653;-0.000859971;0.991599;0.0216907;0.988969;1;3;1
215.531;376.06;2.94908;8.31807;0.00445248;-0.00840053;-0.000140066;0.004454;-0.00840205;1.00814;0.00233773;-0.00534797;0.991887;0.0216736;0.984011;1;3;1
238.531;376.06;3.1669;8.36077;0.00675247;-0.00725341;-0.000559507;0.00677478;-0.00727572;0.998929;0.000215501;0.000526632;0.994146;0.0270411;0.984121;1;3;1
261.531;376.06;3.25851;8.43243;0.00581948;-0.00817248;-0.000309016;0.0058263;-0.0081793;1.00977;0.00329539;-0.00550842;0.991335;0.0230477;0.989046;1;3;1
284.531;376.06;3.43364;8.488;0.00611568;-0.00715273;-0.000480082;0.00613303;-0.00717008;1.00384;0.0074873;-0.00257057;0.992564;0.0203358;0.991382;1;3;1
307.531;376.06;3.53886;8.53835;0.00575157;-0.00949591;0.000419411;0.00576309;-0.00950744;1.00695;0.00458;-0.00490451;0.990456;0.0221085;0.990268;1;3;1
330.531;376.06;3.69713;8.6618;0.00626383;-0.00933616;-0.000554074;0.00628349;-0.00935581;1.00387;0.00363447;-0.00160396;0.987888;0.0222853;0.987617;1;3;1
353.531;376.06;3.82586;8.68713;0.00831552;-0.00696978;0.000685739;0.00834622;-0.00700048;1.0067;0.00297242;-0.000868398;0.992854;0.0212057;0.989051;1;3;1
376.531;376.06;4.07764;8.86155;0.00885397;-0.00725488;0.00188602;0.00907183;-0.00747275;1.01169;0.00201648;-0.00420794;1.00189;0.0226774;0.99225;1;3;1
399.531;376.06;4.23093;8.88487;0.00475112;-0.0074554;-0.000641357;0.00478473;-0.00748901;0.999617;0.00561743;0.00235449;0.995093;0.026663;0.991131;1;3;1
422.531;376.06;4.29566;8.8921;0.00423771;-0.00677196;-0.00154222;0.00444966;-0.00698391;1.00484;0.00382838;-0.00592403;0.99681;0.0225973;0.986911;1;3;1
445.531;376.06;4.42543;8.93018;0.00824019;-0.00623593;0.000364347;0.00824936;-0.0062451;1.01242;0.00338056;0.000308951;0.99264;0.0195311;0.987587;1;3;1
468.531;376.06;4.67292;9.04309;0.00738293;-0.00638409;9.94806e-05;0.00738365;-0.00638481;1.00586;0.00367367;-0.00445407;0.995665;0.0190771;0.992546;1;3;1
491.531;376.06;4.76356;9.07891;0.00678215;-0.006828;-0.000958008;0.00684925;-0.0068951;1.00688;-0.000193378;-0.00479027;0.994737;0.0241406;0.98323;1;3;1
514.531;376.06;4.98374;9.14238;0.00840668;-0.00716746;-5.47575e-05;0.00840688;-0.00716765;1.009;0.00587035;-0.00110276;0.991033;0.021775;0.99069;1;3;1
537.531;376.06;5.1485;9.20152;0.00823685;-0.00601231;0.00153645;0.00840064;-0.0061761;1.00753;0.00625143;-0.00751112;0.989659;0.0220247;0.987122;1;2;1
560.531;376.06;5.36067;9.3392;0.00698463;-0.00626785;0.000220827;0.00698831;-0.00627153;1.00716;0.00187418;-0.00194324;0.994858;0.0214701;0.987945;1;3;1
583.531;376.06;5.46848;9.33514;0.00689015;-0.00745398;-0.00120604;0.00699084;-0.00755468;1.00827;0.00592203;-0.00344181;0.998053;0.0207265;0.98797;1;3;1
606.531;376.06;5.67648;9.41145;0.0073543;-0.00595757;-5.57163e-05;0.00735454;-0.0059578;1.00497;0.00479441;6.18461e-05;0.999071;0.0217749;0.987643;1;3;1
629.531;376.06;5.8053;9.48649;0.00554497;-0.00676975;-0.000325945;0.00555359;-0.00677837;1.00889;0.00365911;-0.0065043;0.999153;0.0227526;0.990203;1;3;1
652.531;376.06;5.93066;9.54238;0.00739855;-0.00847255;-0.000274816;0.0074033;-0.00847731;1.01045;0.00402347;0.00255749;0.994358;0.0197816;0.989429;1;3;1
675.531;376.06;6.14415;9.63202;0.00947862;-0.00628433;-0.000175489;0.00948058;-0.00628628;1.00803;0.00291763;-0.00494612;0.994467;0.0295208;0.978017;1;3;1
698.531;376.06;6.3644;9.68686;0.00888401;-0.00709293;0.000242438;0.00888769;-0.00709661;1.01066;0.000572116;-0.00225121;0.996823;0.0219701;0.989037;1;3;1
721.531;376.06;6.55086;9.75174;0.00791374;-0.00589487;-0.000236504;0.00791779;-0.00589892;1.00713;0.00302048;-0.00302254;0.995174;0.0199083;0.990704;1;2;1
744.531;376.06;6.72675;9.83925;0.0068732;-0.00590339;-0.00115716;0.00697715;-0.00600734;1.00571;0.00706959;0.000403662;0.999015;0.0228546;0.987773;1;3;1
767.531;376.06;6.86588;9.83016;0.00837235;-0.00573794;-0.000844123;0.00842267;-0.00578826;1.00773;0.00431317;0.000608483;0.995751;0.0200582;0.991186;1;3;1
790.531;376.06;7.11021;9.92125;0.00878345;-0.00704088;0.000406264;0.00879387;-0.00705131;1.01297;0.00295026;-0.0106171;0.988094;0.0230008;0.989191;1;3;1
813.531;376.06;7.26755;10.0695;0.00612375;-0.00524462;-0.000378545;0.00613634;-0.00525721;1.00483;0.00532262;-0.000748246;0.989605;0.0231378;0.982286;1;3;1
836.531;376.06;7.39089;10.0402;0.00686672;-0.00463846;-0.00167023;0.00710428;-0.00487602;1.00925;0.00704029;-0.00232051;0.998619;0.0226542;0.987351;1;4;1
859.531;376.06;7.5823;10.1279;0.00767517;-0.0057721;-0.000119896;0.00767624;-0.00577317;1.00727;0.00313621;0.00251698;0.998573;0.0269112;0.981914;1;4;1
882.531;376.06;7.74242;10.1712;0.00871948;-0.00636961;-1.99688e-05;0.0087195;-0.00636964;1.00803;-0.000266408;-0.00334396;0.991147;0.0209621;0.989282;1;3;1
905.531;376.06;7.98152;10.2427;0.00948793;-0.00729928;0.000402493;0.00949757;-0.00730892;1.01285;0.00547978;-0.00645791;0.991885;0.0236169;0.990926;1;3;1
928.531;376.06;8.17663;10.3013;0.00845043;-0.00610127;-0.000134699;0.00845167;-0.00610252;1.00586;0.00299244;-0.00396639;0.990603;0.0221278;0.98663;1;3;1
951.531;376.06;8.3684;10.3835;0.00757947;-0.00666461;-0.000564788;0.00760183;-0.00668697;1.00853;0.000804715;-0.00158097;0.996584;0.0212029;0.987318;1;3;1
974.531;376.06;8.52369;10.4625;0.00710095;-0.00637228;-0.00103562;0.00718009;-0.00645142;1.00862;0.00427397;-0.00259096;0.99905;0.0204014;0.988049;1;3;1
997.531;376.06;8.69382;10.4646;0.00683148;-0.00566084;0.000102608;0.00683232;-0.00566168;1.00209;0.0085905;-0.000579271;0.996639;0.021604;0.985822;1;3;1
1020.53;376.06;8.83672;10.5844;0.00944371;-0.00441268;0.00109624;0.0095299;-0.00449887;1.01383;0.00412447;-0.00390422;0.995565;0.0213102;0.989294;1;3;1
1043.53;376.06;9.12556;10.708;0.00915702;-0.0072613;0.000509144;0.00917279;-0.00727708;1.00744;0.006661;-0.00619538;0.995385;0.0208026;0.986465;1;3;1
1066.53;376.06;9.25549;10.8075;0.00930463;-0.00611771;-0.00147636;0.00944468;-0.00625777;1.00897;0.0060111;-0.00415549;0.993558;0.019685;0.990654;1;3;1
1089.53;376.06;9.55149;10.812;0.0100907;-0.00636527;-0.000375656;0.0100993;-0.00637384;1.00743;-9.67254e-05;0.00439729;0.998139;0.0226342;0.981445;1;4;1
1112.53;376.06;9.7173;10.8709;0.00753758;-0.00598908;-0.00119998;0.0076432;-0.00609471;1.0088;0.0075859;-0.00712648;0.999388;0.0204144;0.993943;1;3;1
1135.53;376.06;9.89667;10.9645;0.0084648;-0.00514022;-0.000243781;0.00846916;-0.00514459;1.00539;0.00608444;-0.00261536;0.998747;0.0280163;0.97901;1;3;1
1158.53;376.06;10.1049;10.989;0.00768072;-0.00586475;-0.000301485;0.00768742;-0.00587146;1.01229;0.00336158;-0.000291864;0.994638;0.0231978;0.987116;1;3;1
1181.53;376.06;10.2486;11.0451;0.00700349;-0.00759228;-0.000212131;0.00700657;-0.00759536;1.00364;0.00414261;-0.00201981;0.991199;0.0242483;0.979996;1;3;1
1204.53;376.06;10.4258;11.1112;0.00934095;-0.00559594;-0.000673742;0.00937128;-0.00562626;1.00546;0.00324331;-0.00373191;0.987807;0.0279193;0.970737;1;3;1
1227.53;376.06;10.676;11.1882;0.00772786;-0.00458043;0.000347157;0.00773764;-0.00459021;1.01262;0.00744901;-0.00585317;0.997773;0.0263705;0.974474;1;4;1
1250.53;376.06;10.7796;11.2663;0.00830362;-0.007186;-0.000110325;0.0083044;-0.00718679;1.005;-0.00050438;-0.00411086;0.9956;0.0248022;0.979805;1;3;1
1273.53;376.06;11.0562;11.3181;0.0121014;-0.00908147;0.000258858;0.0121046;-0.00908463;1.02166;0.00361278;0.000485525;0.98889;0.033641;0.975951;1;3;1
31.5305;353.06;2.09123;7.97355;0.0054601;-0.0110183;-0.00067328;0.00548757;-0.0110458;1.01087;0.00311088;-0.0027799;0.993736;0.0213338;0.992073;1;3;1
54.5305;353.06;2.21641;8.02746;0.00564591;-0.0112406;0.000821473;0.00568578;-0.0112805;1.00165;-0.000408847;-0.003243;0.992353;0.023094;0.992649;1;3;1
77.5306;353.06;2.34981;8.16818;0.00562659;-0.00573874;0.0033668;0.00654908;-0.00666122;1.0048;0.00363387;-0.00511232;0.984322;0.020375;0.991806;1;3;1
100.531;353.06;2.47402;8.23998;0.0038921;-0.00893846;-0.00262462;0.00440823;-0.00945459;1.00737;0.00683882;-0.000368622;0.98806;0.0226129;0.98778;1;3;1
123.531;353.06;2.52845;8.2333;0.00350841;-0.00766245;-0.00128514;0.00365435;-0.00780839;1.00236;0.00503851;-0.00209122;0.993635;0.0250608;0.986142;1;3;1
146.531;353.06;2.63512;8.25933;0.00545843;-0.0103815;-0.000426119;0.00546989;-0.0103929;1.00229;-0.00234878;0.00416225;0.991348;0.0238873;0.990015;1;3;1
169.531;353.06;2.77877;8.32094;0.00833555;-0.0134383;0.0014907;0.00843713;-0.0135399;1.01023;-0.00589953;-0.00505862;0.990269;0.0215087;0.991387;1;2;1
192.531;353.06;3.01663;8.439;0.00620354;-0.0123099;0.00140142;0.00630902;-0.0124154;1.0063;-0.00445339;-0.00562159;0.993111;0.0223632;0.987346;1;3;1
215.531;353.06;3.06278;8.53043;0.00432665;-0.00972477;-0.00197646;0.00459936;-0.00999748;1.00322;0.00412391;-0.0051251;0.992766;0.0220822;0.987015;1;3;1
238.531;353.06;3.21505;8.56494;0.00632649;-0.0126264;-0.0010402;0.00638341;-0.0126834;1.00551;0.00245005;0.000131018;0.991792;0.0212803;0.992657;1;3;1
261.531;353.06;3.35272;8.65363;0.00623393;-0.0117456;-0.000743432;0.00626462;-0.0117763;1.00674;0.00538735;-0.00466388;0.993859;0.0210119;0.992283;1;3;1
284.531;353.06;3.50074;8.69402;0.00655246;-0.00737172;9.30216e-05;0.00655308;-0.00737234;1.00388;0.000113719;-0.00125788;0.992519;0.0199675;0.990242;1;3;1
307.531;353.06;3.65289;8.81145;0.00740399;-0.00676651;-0.00014841;0.00740555;-0.00676807;1.00875;-0.00644333;-0.00190573;0.984466;0.0234002;0.992917;1;3;1
330.531;353.06;3.83969;8.88374;0.00637128;-0.00828125;-0.00203748;0.00664933;-0.0085593;1.00945;0.00306423;0.00167303;0.992833;0.02213;0.990367;1;3;1
353.531;353.06;3.94501;8.86526;0.00466587;-0.00996749;-0.00187396;0.00490204;-0.0102037;1.00293;0.00562339;-0.00418334;0.989718;0.0195774;0.991462;1;3;1
376.531;353.06;4.05377;8.95103;0.0066752;-0.00810094;-0.000178316;0.00667735;-0.00810309;1.00401;0.00101697;-0.00320095;0.989604;0.018976;0.993423;1;4;1
399.531;353.06;4.25072;9.03822;0.00832302;-0.00389633;0.000680175;0.00836077;-0.00393408;1.01403;-0.00102915;-0.00248174;0.990911;0.021029;0.991362;1;3;1
422.531;353.06;4.43494;9.05274;0.0064306;-0.00670623;-0.00154258;0.00660931;-0.00688494;1.00645;0.00434802;-0.0020587;0.99039;0.0225574;0.99163;1;3;1
445.531;353.06;4.54553;9.11297;0.00570735;-0.00891034;-0.00052514;0.00572619;-0.00892918;1.00604;0.00046072;-0.00392212;0.99318;0.0176294;0.992935;1;3;1
468.531;353.06;4.6966;9.16209;0.00791249;-0.00532817;-0.000739944;0.00795372;-0.00536939;1.00556;0.00508119;-0.00198748;0.992539;0.018211;0.993451;1;3;1
491.531;353.06;4.90793;9.22837;0.00824515;-0.00817944;-0.0014844;0.00837822;-0.00831251;1.00977;0.00478649;0.000185303;0.9922;0.0237823;0.98727;1;4;1
514.531;353.06;5.07401;9.33432;0.00506636;-0.00653162;-0.00112492;0.00517446;-0.00663972;1.00304;0.00170003;-0.00744885;0.996603;0.0229125;0.992139;1;4;1
537.531;353.06;5.14025;9.34327;0.00681297;-0.0089417;-4.86203e-05;0.00681312;-0.00894185;1.01052;-0.00351199;-0.000458243;0.990111;0.02334;0.984274;1;3;1
560.531;353.06;5.38613;9.4759;0.00869701;-0.00298186;0.00155136;0.00889957;-0.00318442;1.00623;0.00183407;-0.00457003;0.992094;0.0193616;0.993463;1;3;1
583.531;353.06;5.53824;9.5225;0.00737986;-0.00963054;-0.000940199;0.00743167;-0.00968235;1.00714;0.000861365;0.000321091;0.991091;0.0210639;0.990364;1;2;1
606.531;353.06;5.72428;9.56237;0.0078159;-0.00997259;0.000735503;0.00784626;-0.0100029;1.00038;0.0025142;-0.00219196;0.990184;0.0248252;0.983748;1;3;1
629.531;353.06;5.89619;9.65616;0.00629567;-0.00445545;0.00075862;0.00634893;-0.00450872;1.00679;0.00373695;-0.00526097;0.990326;0.0214527;0.989151;1;3;1
652.531;353.06;6.01271;9.71884;0.00785432;-0.00524889;-0.00124769;0.00797207;-0.00536664;1.01316;0.00519522;-0.00191401;0.992214;0.0194683;0.992209;1;3;1
675.531;353.06;6.25598;9.75187;0.00817996;-0.00898439;-0.00118217;0.00826099;-0.00906543;1.00915;0.00558149;-0.00355852;0.994726;0.0214303;0.990949;1;3;1
698.531;353.06;6.38737;9.80852;0.00760192;-0.0093598;-0.000153189;0.00760331;-0.00936118;1.00832;0.00677846;-0.00229365;0.992559;0.0207316;0.989592;1;3;1
721.531;353.06;6.60425;9.84786;0.00895751;-0.0104245;0.000136043;0.00895846;-0.0104254;1.00821;0.00530416;-0.00568396;0.992979;0.0235598;0.986556;1;2;1
744.531;353.06;6.79737;9.95151;0.00822702;-0.00921477;-5.54249e-05;0.0082272;-0.00921495;1.01023;-0.00158455;0.00224224;0.994466;0.0239949;0.987341;1;3;1
767.531;353.06;6.98092;9.99366;0.00767626;-0.0090866;-0.00123333;0.00776652;-0.00917686;1.00717;0.00311839;-0.002599;0.994181;0.0219458;0.992095;1;3;1
790.531;353.06;7.149;10.0605;0.00712702;-0.00770329;0.00102303;0.00719726;-0.00777353;1.00637;0.00344201;-0.000188047;0.994651;0.0199731;0.992411;1;3;1
813.531;353.06;7.30732;10.1563;0.00772676;-0.00502007;-8.82528e-05;0.00772737;-0.00502068;1.00739;0.00101229;-0.00430165;0.997926;0.0205654;0.988454;1;2;1
836.531;353.06;7.50299;10.1492;0.00742064;-0.0107479;-0.00171901;0.00758185;-0.0109091;1.00664;0.00724519;-0.00380736;0.990388;0.0216798;0.985854;1;3;1
859.531;353.06;7.64734;10.235;0.00693549;-0.0102004;-0.000968263;0.00699003;-0.0102549;1.00583;0.00430866;-0.0018257;0.98483;0.0202787;0.992376;1;3;1
882.531;353.06;7.82069;10.2955;0.00865128;-0.00713064;0.000678537;0.0086804;-0.00715976;1.00842;0.00398364;-0.011449;0.992196;0.0213346;0.986531;1;3;1
905.531;353.06;8.04315;10.4376;0.00841913;-0.00863909;-0.000105538;0.00841978;-0.00863974;1.00858;0.00225937;-0.00460945;0.995418;0.0202068;0.991371;1;3;1
928.531;353.06;8.20605;10.4622;0.00856342;-0.00914934;-0.000699059;0.00859096;-0.00917689;1.00915;0.00628979;-0.00236752;0.995322;0.0201206;0.991582;1;3;1
951.531;353.06;8.43522;10.5657;0.00867409;-0.00959745;0.000336971;0.0086803;-0.00960366;1.00932;0.0045425;-3.44289e-06;0.993981;0.0212831;0.986959;1;3;1
974.531;353.06;8.60317;10.5903;0.00675055;-0.00644302;-0.000563374;0.00677456;-0.00646703;1.00797;0.00710435;-0.00395329;0.993353;0.0223132;0.988363;1;3;1
997.531;353.06;8.7446;10.6645;0.00798428;-0.00944202;-0.000703158;0.0080126;-0.00947035;1.00722;-0.00110707;-0.00109975;0.994521;0.022406;0.984292;1;3;1
1020.53;353.06;8.96881;10.7203;0.00992557;-0.00948365;-4.26434e-05;0.00992567;-0.00948374;1.0113;0.00697943;-0.00327679;0.99468;0.0184158;0.991893;1;3;1
1043.53;353.06;9.1986;10.8399;0.00965661;-0.00832029;0.00171386;0.00981855;-0.00848223;1.011;-0.00122562;-0.00466677;0.991319;0.0204172;0.989756;1;3;1
1066.53;353.06;9.4105;10.9112;0.00796278;-0.00486716;-0.000395454;0.00797495;-0.00487934;1.006;0.00438167;-0.00303366;0.990942;0.0206371;0.991188;1;3;1
1089.53;353.06;9.56317;10.9993;0.00908715;-0.00787728;-0.000953554;0.00914058;-0.00793071;1.00528;0.00714778;0.00479994;0.990888;0.0224272;0.990143;1;3;1
1112.53;353.06;9.82656;10.9851;0.00764816;-0.00719337;-0.00107969;0.00772629;-0.00727151;1.00298;0.00477591;-0.0102124;0.989213;0.0271363;0.978687;1;3;1
1135.53;353.06;9.91361;11.0573;0.00641166;-0.00936583;-0.000631857;0.00643692;-0.00939109;1.00705;0.00406222;0.000905644;0.991918;0.022146;0.989148;1;3;1
1158.53;353.06;10.1203;11.1542;0.0100646;-0.00533817;-0.000523102;0.0100823;-0.00535591;1.01161;0.0003838;-0.00368671;0.991512;0.022639;0.987061;1;3;1
1181.53;353.06;10.3741;11.1831;0.0097465;-0.00630583;-0.00068928;0.00977604;-0.00633537;1.00715;0.0015855;-0.00220222;0.993428;0.0230919;0.988495;1;3;1
1204.53;353.06;10.5663;11.2423;0.00697753;-0.010075;-3.88024e-05;0.00697762;-0.0100751;1.01064;0.00135766;-0.00225185;0.998284;0.0271383;0.980155;1;3;1
1227.53;353.06;10.6938;11.3189;0.00700458;-0.00770277;0.000632541;0.00703174;-0.00772993;1.0008;-0.00344377;-0.00404906;0.989995;0.0280714;0.972481;1;3;1
1250.53;353.06;10.8872;11.3991;0.00874236;-0.00372722;0.000939157;0.0088127;-0.00379755;1.01136;0.0101951;-0.0011298;0.990279;0.0263908;0.97606;1;3;1
1273.53;353.06;11.0938;11.5023;0.00903449;-0.00487911;4.33781e-05;0.00903463;-0.00487925;1.00668;-0.00103743;-0.00767526;0.99322;0.0335761;0.970351;1;3;1
31.5305;330.06;2.18608;8.35344;0.00357226;-0.016372;-0.00055746;0.00358783;-0.0163876;1.01479;-0.00194408;-0.00503116;0.975642;0.0335282;0.991232;1;4;1
54.5305;330.06;2.26799;8.42415;-0.000404385;-0.0170961;-0.00151162;-0.000268595;-0.0172319;0.994879;-0.00672066;0.000135241;0.974017;0.0316535;0.991877;1;4;1
77.5306;330.06;2.16746;8.31685;0.00796807;-0.00641185;0.00453308;0.00927778;-0.00772156;1.00462;-0.0201663;-0.0032528;1.00175;0.0338883;0.984586;1;4;1
100.531;330.06;2.63304;8.47393;0.0107959;-0.0100963;-0.00229902;0.0110459;-0.0103463;0.998413;0.0108961;0.000749683;0.995416;0.0374625;0.986686;1;4;1
123.531;330.06;2.66129;8.42793;0.00346315;-0.00840964;-0.0014375;0.00363472;-0.0085812;1.00716;2.12326e-06;0.00109524;0.986329;0.0397028;0.989162;1;5;1
146.531;330.06;2.79188;8.60942;0.00518173;-0.0150824;0.000531454;0.00519566;-0.0150963;1.00062;0.0106222;-0.00712128;0.97673;0.0397841;0.982836;1;4;1
169.531;330.06;2.89756;8.79757;0.00542312;-0.0204947;-0.000192209;0.00542455;-0.0204961;0.999202;0.0128931;0.00253255;0.966961;0.0425777;0.983305;1;3;1
192.531;330.06;3.04012;8.83527;0.0077858;-0.0170802;-0.000823702;0.00781306;-0.0171074;1.01466;0.0110957;-0.00794409;0.971708;0.0368367;0.99443;1;4;1
215.531;330.06;3.25431;8.76863;0.00748188;-0.0102683;-0.00300555;0.00797698;-0.0107634;1.0049;0.0150296;-0.00582447;0.988068;0.0317769;0.98916;1;3;1
238.531;330.06;3.38287;8.94581;0.00434424;-0.0163957;-0.00144347;0.00444423;-0.0164957;1.00789;0.0138997;0.00589328;0.966594;0.0392939;0.985324;1;3;1
261.531;330.06;3.45325;8.97636;0.00431483;-0.0139237;-0.00345096;0.00494596;-0.0145548;0.992579;0.00104094;-0.00475936;0.973796;0.0425198;0.989196;1;4;1
284.531;330.06;3.58078;8.82859;0.00624508;-0.00582779;-0.00310417;0.00699646;-0.00657916;1.00858;0.00671112;-0.000388106;0.995529;0.0379758;0.979318;1;4;1
307.531;330.06;3.73946;8.85111;0.00777232;-0.00171555;0.000451157;0.00779372;-0.00173695;1.01263;0.0100449;-0.00727563;1.01547;0.0370551;0.978403;1;4;1
330.531;330.06;3.93642;9.04496;0.00709596;-0.00697618;0.00109279;0.00718032;-0.00706053;1.00226;0.00567234;0.0030287;0.994403;0.0313224;0.990551;1;4;1
353.531;330.06;4.06377;9.14856;0.00716309;-0.0122282;-0.000548205;0.00717858;-0.0122437;1.00451;0.00764176;-0.0069702;0.987245;0.0330365;0.985894;1;3;1
376.531;330.06;4.26436;9.2361;0.00448078;-0.0122756;-0.00550115;0.0061254;-0.0139202;1.0107;0.0143872;-5.75052e-05;0.982112;0.0374657;0.980254;1;3;1
399.531;330.06;4.26935;9.06447;0.00536437;-0.00114007;-0.00077589;0.00545565;-0.00123134;0.999928;0.00227462;0.00492605;1.00327;0.0388489;0.975579;1;4;1
422.531;330.06;4.51045;9.20213;0.00682126;-0.00646866;0.00134623;0.00695626;-0.00660366;1.00378;0.00372611;-0.00401981;0.9952;0.0439144;0.988878;1;4;1
445.531;330.06;4.58123;9.34217;0.00750565;-0.00991425;0.000154986;0.00750703;-0.00991563;1.01108;0.00454177;-6.88546e-05;0.989492;0.0312504;0.992508;1;4;1
468.531;330.06;4.85434;9.2892;0.0106507;-0.00548759;-0.00221617;0.0109495;-0.00578639;1.00495;0.00680162;-0.0047061;0.993719;0.0307918;0.989409;1;3;1
491.531;330.06;5.06844;9.45774;0.00755458;-0.00989862;-0.00184606;0.00774771;-0.0100917;1.01219;0.00871342;-0.00467666;0.989297;0.0333108;0.9911;1;3;1
514.531;330.06;5.20029;9.44434;0.00488433;-0.00475687;-0.0010582;0.00499911;-0.00487165;1.0013;0.00570976;-0.00555781;0.991176;0.0362067;0.983681;1;3;1
537.531;330.06;5.2923;9.61493;0.00427112;-0.0117195;-0.00297321;0.00480605;-0.0122544;1.00754;0.00737405;-0.00367944;0.993452;0.0332286;0.987145;1;3;1
560.531;330.06;5.39633;9.47659;0.00757945;-2.9548e-05;0.00157752;0.00789354;-0.000343637;1.00867;-0.00299828;0.00132332;1.00852;0.0333799;0.992274;1;3;1
583.531;330.06;5.63935;9.78062;0.00754975;-0.01115;0.00204118;0.00776997;-0.0113702;1.0037;0.00933605;-0.00615616;0.978947;0.0262141;0.992322;1;4;1
606.531;330.06;5.74063;9.87255;0.00548182;-0.0133949;-0.0013079;0.00557201;-0.0134851;1.00269;0.000175935;-0.00179039;0.979483;0.0341507;0.986508;1;4;1
629.531;330.06;5.89074;9.69198;0.00870006;-0.00155607;-0.000831314;0.008767;-0.00162301;1.00826;0.00110144;0.00263387;1.0072;0.0339627;0.988055;1;3;1
652.531;330.06;6.13902;9.78494;0.00984822;-0.00285496;0.00108156;0.00993964;-0.00294638;1.01439;0.00324095;-0.00894724;1.00379;0.0326494;0.99247;1;4;1
675.531;330.06;6.34019;10.0476;0.00730787;-0.0127682;0.00174655;0.00745868;-0.0129191;1.00759;-0.00291471;0.00405682;0.981622;0.0335217;0.987249;1;4;1
698.531;330.06;6.47276;10.1196;0.00739424;-0.0134256;0.000128595;0.00739503;-0.0134263;1.01246;0.000122524;-0.0068212;0.974313;0.029426;0.986748;1;3;1
721.531;330.06;6.6787;10.234;0.00878963;-0.0166413;-7.47772e-05;0.00878984;-0.0166416;1.0068;0.00130714;-0.000612841;0.969816;0.0313719;0.988361;1;3;1
744.531;330.06;6.87509;10.2653;0.0088869;-0.013546;-0.0015263;0.00899027;-0.0136494;1.00802;0.0117395;0.00557259;0.957875;0.0316918;0.988088;1;3;1
767.531;330.06;7.08569;10.2506;0.00658567;-0.0110981;-0.00216716;0.00684739;-0.0113598;1.00854;0.010828;0.00282668;0.978087;0.029549;0.989423;1;3;1
790.531;330.06;7.17704;10.277;0.00604982;-0.00936756;-6.93483e-05;0.00605013;-0.00936787;1.00583;-0.00267064;-0.00688441;0.986445;0.0328114;0.985308;1;4;1
813.531;330.06;7.36312;10.3011;0.00980543;-0.00627072;0.0015925;0.00996166;-0.00642695;1.00995;0.00161626;0.0017543;0.989088;0.0308245;0.98952;1;3;1
836.531;330.06;7.62516;10.5379;0.00988334;-0.0167432;0.00051396;0.00989326;-0.0167531;1.01196;0.00136702;-0.013838;0.980332;0.0335958;0.993515;1;4;1
859.531;330.06;7.81457;10.6002;0.00555272;-0.0157229;-0.00405444;0.00629918;-0.0164693;1.00126;0.0126809;0.00247861;0.981929;0.0371158;0.987967;1;4;1
882.531;330.06;7.87987;10.5006;0.00743045;-0.00887494;-0.000844177;0.00747404;-0.00891853;1.01085;0.00270524;-0.0106434;0.996391;0.0327511;0.986042;1;4;1
905.531;330.06;8.15509;10.6421;0.0106414;-0.00884286;-4.63668e-05;0.0106415;-0.00884297;1.00625;0.0045782;0.00444058;0.986656;0.0291858;0.988506;1;3;1
928.531;330.06;8.36625;10.7245;0.00673242;-0.0113161;-0.00151686;0.00685901;-0.0114427;1.00755;0.00892008;-0.00163827;0.979737;0.0264111;0.990977;1;3;1
951.531;330.06;8.46338;10.8272;0.00668426;-0.0113073;-0.000233741;0.00668729;-0.0113103;1.00595;-0.00257678;-0.00604134;0.97877;0.0358046;0.99223;1;4;1
974.531;330.06;8.6727;10.7601;0.00922648;-0.00735415;-0.000724881;0.00925811;-0.00738579;1.00784;0.00351691;-0.00168125;0.992514;0.031006;0.987688;1;4;1
997.531;330.06;8.88579;10.9014;0.00743383;-0.0102302;-0.000263481;0.00743776;-0.0102341;1.0079;0.0134989;-0.00440342;0.983373;0.0320249;0.986377;1;4;1
1020.53;330.06;9.01264;11.0231;0.00591879;-0.0130759;0.00108956;0.00598109;-0.0131382;1.0101;-0.000297597;-0.00503242;0.979736;0.0258589;0.988214;1;4;1
1043.53;330.06;9.15686;11.0924;0.00953052;-0.0109153;0.00101549;0.00958084;-0.0109656;1.01118;0.00102088;-0.00370047;0.987871;0.0252658;0.992914;1;3;1
1066.53;330.06;9.44898;11.0323;0.012123;-0.00525303;5.87656e-05;0.0121232;-0.00525323;1.00623;0.00402606;-0.00304893;0.997464;0.0277702;0.992675;1;4;1
1089.53;330.06;9.71111;11.1761;0.00926705;-0.00763659;-0.00140175;0.0093825;-0.00775205;1.00503;0.00908322;-0.00148771;0.991446;0.0284117;0.98839;1;4;1
1112.53;330.06;9.87299;11.2033;0.00895921;-0.00944019;0.00137046;0.00906072;-0.00954171;1.01115;-0.00148052;-0.0068323;0.993248;0.0319496;0.992712;1;4;1
1135.53;330.06;10.1209;11.398;0.00881001;-0.0146628;-0.00419974;0.00953879;-0.0153916;1.00063;0.0115142;0.00376097;0.977175;0.0290436;0.989808;1;3;1
1158.53;330.06;10.2765;11.2356;0.00604507;-0.00350823;-0.00408353;0.00755265;-0.00501581;1.01635;0.0155077;-0.00151501;1.00706;0.0340628;0.985286;1;4;1
1181.53;330.06;10.3981;11.3364;0.00627205;-0.00664161;0.00316518;0.00700612;-0.00737568;1.00193;0.0103885;-0.00769409;1.00106;0.0318411;0.990092;1;4;1
1204.53;330.06;10.5628;11.5772;0.00818924;-0.0144575;0.0023012;0.0084207;-0.014689;1.01119;0.00131752;-0.000794424;0.978055;0.0354738;0.983879;1;3;1
1227.53;330.06;10.7728;11.544;0.00681701;-0.00973372;-0.00322619;0.00742365;-0.0103404;1.00744;0.0109422;0.00513522;0.984682;0.0416337;0.971325;1;4;1
1250.53;330.06;10.8751;11.4382;0.0105574;-0.00169745;0.000258539;0.0105629;-0.0017029;0.998652;-0.0114403;-0.0101271;1.00615;0.039247;0.970913;1;4;1
1273.53;330.06;11.2559;11.5435;0.0167015;-0.00176324;-0.00129675;0.0167922;-0.00185387;1.00317;0.00962261;0.00112108;1.00503;0.0401228;0.972905;1;3;1
