x [mm];y [mm];x-displacement [mm];y-displacement [mm];Transverse strain Exx - GL [S];Axial strain Eyy - GL [S];Shear strain Exy - GL [S];Maximum normal strain - GL [S];Minimum normal strain - GL [S];Affine transformation a [];Affine transformation b [];Affine transformation c [];Affine transformation d [];Confidence region [pixel];Correlation value [count];Enough pixels valid [];Number of iterations [];Vector status []
31.5305;1641.06;1.00888;-6.22418;0.00298805;-0.00748768;0.00014048;0.00298994;-0.00748956;0.996776;0.0151872;-0.0100218;0.990214;0.0355516;0.970134;1;3;1
54.5305;1641.06;1.07666;-6.02676;-0.00129901;-0.00611711;0.0032418;0.000330845;-0.00774697;1.00366;-0.00116768;-0.00899241;0.98608;0.0409332;0.970251;1;3;1
77.5306;1641.06;0.946797;-5.76538;-0.0035098;-0.00190509;0.0034308;0.00081593;-0.00623082;0.995225;0.00164429;-0.0100362;0.992763;0.0344819;0.977181;1;3;1
100.531;1641.06;0.91156;-5.47135;-0.00455211;0.0018579;0.00642353;0.0058316;-0.00852581;0.998527;0.00564453;-0.0113471;1.00575;0.0352331;0.976627;1;3;1
123.531;1641.06;0.734671;-5.31137;-0.00889136;-0.00149497;-0.00143182;-0.00122747;-0.00915886;0.994902;0.0116223;0.00101134;0.995914;0.0358775;0.978564;1;3;1
146.531;1641.06;0.500232;-5.2598;-0.00342541;-0.00369948;-0.00431477;0.000754503;-0.00787939;0.987173;0.0177019;-0.0217435;0.99812;0.0461239;0.956505;1;4;1
169.531;1641.06;0.575424;-4.95217;0.000466165;-0.00149886;0.00115814;0.00100241;-0.0020351;1.00623;0.0115969;-0.00602932;1.00098;0.0326574;0.984013;1;3;1
192.531;1641.06;0.519118;-4.77514;0.00153684;-0.0010735;-0.00284086;0.003358;-0.00289466;0.994053;0.0160351;-0.0076754;0.995026;0.0325593;0.987012;1;3;1
215.531;1641.06;0.644527;-4.57578;-0.00115889;-0.000687466;0.00270546;0.00179253;-0.00363889;0.992576;-6.25382e-05;-0.00250068;0.999138;0.0308813;0.989504;1;3;1
238.531;1641.06;0.464394;-4.41853;-0.00390045;0.000851084;-0.000145101;0.000855511;-0.00390487;0.999625;0.0125736;-0.0170992;1.00146;0.0302814;0.979854;1;3;1
261.531;1641.06;0.462654;-4.137;-0.00153747;-0.000228927;0.0027956;0.00198794;-0.00375434;1.00415;0.00783303;-0.0115544;0.999591;0.0286683;0.985998;1;3;1
284.531;1641.06;0.390994;-3.92772;-0.0030627;0.000163739;0.00069377;0.000306592;-0.00320556;0.991997;0.00312274;-0.00701005;0.998505;0.0272736;0.98543;1;4;1
307.531;1641.06;0.320705;-3.85808;-0.000765323;-0.00541376;2.49615e-06;-0.000765321;-0.00541376;0.9977;0.00461977;-0.0084808;0.986348;0.0358504;0.965841;1;2;1
330.531;1641.06;0.353723;-3.49339;-0.000964515;0.00125615;0.00124051;0.00181066;-0.00151903;1.00147;0.015809;-0.00543308;1.00721;0.0290573;0.990421;1;3;1
353.531;1641.06;0.274171;-3.41405;-0.00203533;-0.00330785;6.73022e-05;-0.00203178;-0.0033114;1.00072;0.00771852;-0.00513546;0.993051;0.0407319;0.976012;1;3;1
376.531;1641.06;0.25875;-3.15426;-0.000628448;1.35923e-05;0.00264002;0.00235204;-0.00296689;0.998045;0.00967123;-0.017002;1.00153;0.0322208;0.982497;1;4;1
399.531;1641.06;0.242569;-2.91729;-0.00139463;0.00245386;0.00113256;0.00276242;-0.00170318;0.99988;0.00967103;-0.0106745;1.01102;0.0254004;0.989718;1;3;1
422.531;1641.06;0.192306;-2.70001;-0.00228441;0.000334447;-0.000919599;0.000625101;-0.00257506;0.989784;0.00660494;-0.0100909;1.00299;0.0258255;0.990196;1;4;1
445.531;1641.06;0.135811;-2.53954;-0.0010059;-0.00120643;-0.000525512;-0.00057117;-0.00164115;1.0024;0.00852976;-0.00462134;1.00402;0.0235739;0.993096;1;3;1
468.531;1641.06;0.144823;-2.36941;0.000182287;-0.00141902;0.000192876;0.000205191;-0.00144193;0.998836;0.00896712;-0.00749719;0.996655;0.0252184;0.989945;1;2;1
491.531;1641.06;0.14279;-2.17986;-0.00317919;-0.00345024;0.00562487;0.00231178;-0.00894121;0.997308;0.000892269;-0.00928861;0.989389;0.0293966;0.985064;1;3;1
514.531;1641.06;-0.00653772;-1.70015;-0.00251116;0.00720361;0.000850354;0.00727749;-0.00258503;0.996332;0.0200329;-0.00384355;1.00627;0.0316688;0.986342;1;3;1
537.531;1641.06;0.0242471;-1.66545;0.00217463;0.000895012;-0.00218463;0.00381122;-0.000741576;1.00733;0.0124309;-0.007567;0.997991;0.0329961;0.979429;1;4;1
560.531;1641.06;0.0931255;-1.54494;-0.000391551;-0.00354183;0.000507268;-0.000311883;-0.00362149;0.9941;-0.00540291;-0.00760602;0.996436;0.0298651;0.980871;1;4;1
583.531;1641.06;0.00554851;-1.4147;-0.00296487;-0.00501299;0.001356;-0.00228969;-0.00568817;1.00395;0.00602846;-0.0147684;0.988804;0.0322271;0.975922;1;3;1
606.531;1641.06;-0.0458213;-1.07969;-0.000457666;-0.00110182;0.00255025;0.00179076;-0.00335025;1.00201;0.0176841;-0.012919;0.990756;0.0305526;0.983916;1;3;1
629.531;1641.06;-0.0200097;-0.771383;0.0023622;0.000630123;0.00310955;0.00472406;-0.00173174;1.00146;0.00520504;-0.0101029;1.00343;0.0303389;0.980688;1;3;1
652.531;1641.06;0.0593475;-0.522714;-0.00166631;0.00424684;-0.000700379;0.00432866;-0.00174814;0.999716;0.00581588;-0.0133608;1.00826;0.0317888;0.986856;1;3;1
675.531;1641.06;-0.0969913;-0.614713;-0.00408795;-0.0100074;-0.00123782;-0.00383953;-0.0102558;1.00253;0.0217049;-0.00544671;0.974652;0.0335704;0.984441;1;4;1
698.531;1641.06;-0.13065;-0.143858;0.00176224;0.0027365;-0.000235618;0.00279049;0.00170825;0.999371;0.0133767;-0.0206435;0.999202;0.0341369;0.984542;1;4;1
721.531;1641.06;-0.0183466;-0.149644;0.00254546;-0.0029954;0.000613755;0.00261263;-0.00306257;0.998354;0.00680863;-0.00630237;0.984847;0.0346102;0.980447;1;3;1
744.531;1641.06;-0.0152821;0.237192;0.000521144;0.00272058;0.00146162;0.00344999;-0.000208265;0.995654;0.00785965;-0.00653408;1.00368;0.0278014;0.98625;1;3;1
767.531;1641.06;0.00222556;0.409295;-0.000523169;0.0027138;0.00211429;0.00375796;-0.00156734;1.00135;0.0071492;-0.0110225;0.995439;0.0266764;0.988771;1;3;1
790.531;1641.06;-0.042138;0.743132;0.00156846;0.00922965;-6.00954e-05;0.00923012;0.00156799;1.00127;0.00699913;-0.0102513;1.0113;0.0443238;0.974966;1;4;1
813.531;1641.06;0.0727953;0.783893;0.00196377;-0.00217189;0.0028633;0.00342785;-0.00363597;1.00534;0.00336243;-0.0119831;0.988499;0.0365638;0.972578;1;4;1
836.531;1641.06;0.0466126;1.11426;0.000652765;0.0028844;0.00113491;0.00336014;0.000177018;0.99547;0.00580092;-0.0085974;1.00376;0.0327624;0.971821;1;3;1
859.531;1641.06;0.100967;1.19609;-0.00308746;-0.00187769;0.00335788;0.000929347;-0.0058945;0.99776;-0.000368837;-0.00400275;1.00119;0.0347812;0.983871;1;3;1
882.531;1641.06;-0.0979051;1.57101;0.000412336;0.00771594;-0.00311705;0.00886535;-0.000737078;1.00443;0.0312378;-0.0128408;1.0163;0.0407396;0.966082;1;5;1
905.531;1641.06;0.118807;1.51774;0.00401584;-0.00730866;0.00213563;0.0044052;-0.00769803;1.00456;0.00478752;-0.0135794;0.984508;0.0340536;0.978751;1;4;1
928.531;1641.06;0.0845822;1.98682;-0.000878294;0.0106867;4.63036e-05;0.0106869;-0.000878479;0.992618;0.00918318;-0.00790332;1.02165;0.0449196;0.957543;1;4;1
951.531;1641.06;0.0742879;2.13158;0.0052496;0.00428174;-0.00673515;0.0115182;-0.00198685;1.01338;0.0113582;0.000256992;1.01146;0.0401965;0.960816;1;5;1
974.531;1641.06;0.325429;1.96839;0.00144052;-0.0133217;0.000483359;0.00145633;-0.0133375;0.999825;-0.0124741;-0.0169051;0.964242;0.0469039;0.960084;1;4;1
997.531;1641.06;0.138339;2.57825;-0.00165005;0.00514253;0.00351311;0.00663262;-0.00314014;1.00515;0.0208189;-0.0139064;1.02448;0.0397457;0.97013;1;5;1
1020.53;1641.06;0.242097;2.79098;0.00247375;0.00328488;0.00433284;0.00723109;-0.00147246;0.998586;0.00449928;-0.0177519;1.01278;0.0435888;0.961756;1;3;1
1043.53;1641.06;0.247908;3.19185;-0.00495944;0.0138573;-0.00131327;0.0139485;-0.00505065;1.00326;0.00399052;0.005168;1.02298;0.0420461;0.971532;1;4;1
1066.53;1641.06;0.0133159;2.87553;-0.000183508;-0.00878145;-0.00957469;0.00601303;-0.014978;1.00478;0.02048;-0.0156173;0.984866;0.0333451;0.977969;1;5;1
1089.53;1641.06;0.239331;3.08032;0.00138713;-0.00842772;0.00486537;0.00339018;-0.0104308;1.00384;-0.00639888;-0.0128522;0.987035;0.0353873;0.974446;1;4;1
1112.53;1641.06;0.0705649;3.65022;-0.00365671;0.00487533;-0.00534865;0.00745087;-0.00623225;0.995492;0.0172545;-0.0192692;1.00519;0.0395045;0.979302;1;4;1
1135.53;1641.06;0.0697915;3.38642;0.000364183;-0.0138007;-0.00679588;0.00309729;-0.0165338;0.995239;0.018236;-0.00862486;0.958625;0.0476052;0.958134;1;8;1
1158.53;1641.06;0.0873078;3.67461;0.0024928;-0.0073274;-0.00170583;0.00278067;-0.00761527;1.00839;0.0197484;-0.0105236;0.983207;0.0335697;0.975856;1;3;1
1181.53;1641.06;0.181515;3.8948;0.00209082;-0.00792608;-8.40563e-05;0.00209153;-0.00792678;0.997317;0.0117575;-0.00616127;0.979954;0.0361246;0.965801;1;4;1
1204.53;1641.06;0.180181;4.21808;0.00505624;-0.00168218;-0.000941809;0.0051854;-0.00181133;1.00195;0.0259204;-0.0142941;1.00052;0.0341762;0.972221;1;5;1
1227.53;1641.06;0.409002;4.5409;0.00825305;0.00462373;0.000315714;0.00828031;0.00459647;1.00367;0.0129555;-0.0122304;1.01294;0.0370424;0.95513;1;7;1
1250.53;1641.06;0.556791;4.58828;0.00644834;-0.00161294;-0.000321161;0.00646111;-0.00162572;1.0061;-0.0013909;-0.00979763;1.0041;0.0320017;0.974964;1;6;1
31.5305;1618.06;1.19779;-6.05053;-0.00180544;-0.00405932;0.000874904;-0.00150568;-0.00435907;0.991109;0.00473014;-0.0162465;0.99601;0.028587;0.973315;1;3;1
54.5305;1618.06;1.15563;-5.88549;-0.00282274;-0.00326572;0.00109302;-0.001929;-0.00415946;1.00443;0.00874056;-0.00178291;1.00357;0.0271843;0.977428;1;2;1
77.5306;1618.06;1.06658;-5.7212;-0.0067367;-0.00028651;5.30538e-05;-0.000286074;-0.00673713;0.993652;0.0102229;-0.00770907;1.00144;0.0245429;0.984769;1;3;1
100.531;1618.06;0.843185;-5.51395;-0.0034012;-0.000306008;0.0019873;0.000665209;-0.00437242;0.989913;-0.00127787;-0.011382;0.994201;0.027079;0.974224;1;3;1
123.531;1618.06;0.907697;-5.27631;0.000805092;-0.000350478;-0.000138754;0.00082152;-0.000366905;1.00141;0.00933641;-0.00384598;1.00659;0.0219033;0.987942;1;3;1
146.531;1618.06;0.87893;-5.17143;-0.00308781;-0.00291376;-0.00189729;-0.0011015;-0.00490007;0.996648;0.0149111;-0.0107584;0.998316;0.0236466;0.985946;1;3;1
169.531;1618.06;0.764029;-4.9169;-0.00086232;-0.00187424;0.00041938;-0.000711108;-0.00202545;1.00136;0.00612824;-0.00584486;0.997476;0.0226098;0.986373;1;3;1
192.531;1618.06;0.837298;-4.74824;-0.00139731;-0.00133968;-0.000858355;-0.000509656;-0.00222733;0.992913;0.0112458;-0.00889812;1.00101;0.0202966;0.990142;1;3;1
215.531;1618.06;0.698321;-4.5599;-0.0031409;-0.000438393;0.000849686;-0.000193447;-0.00338584;0.996722;0.00521015;-0.00411276;1.00317;0.0218651;0.982002;1;4;1
238.531;1618.06;0.691533;-4.43698;-0.00253435;-0.00423499;0.000942237;-0.00211547;-0.00465386;1.00129;0.00777999;-0.0122205;1.00166;0.0208799;0.983245;1;3;1
261.531;1618.06;0.579592;-4.13144;-0.00411859;-0.00193639;0.00163663;-0.0010605;-0.00499448;0.988823;0.00898741;-0.0130765;0.994029;0.0216024;0.98848;1;3;1
284.531;1618.06;0.498894;-3.93123;-0.000893478;0.000204384;0.000681022;0.000530163;-0.00121926;1.00298;0.0110797;-0.00621067;1.0017;0.0197911;0.990733;1;3;1
307.531;1618.06;0.53674;-3.7322;0.000479308;-0.0038332;0.000263475;0.000495345;-0.00384924;0.999876;0.00860512;-0.00811834;0.996307;0.019889;0.990958;1;3;1
330.531;1618.06;0.519115;-3.52167;-0.00205488;0.000189266;0.000947583;0.000535852;-0.00240147;1.00659;0.00517986;-0.00562192;0.999648;0.0246242;0.990203;1;3;1
353.531;1618.06;0.440419;-3.33724;-0.00286257;-0.00359467;0.000398028;-0.00268786;-0.00376938;0.991325;0.00449527;-0.0140335;0.998742;0.0221879;0.985704;1;2;1
376.531;1618.06;0.385775;-3.15422;-0.000447252;-0.0020759;0.000714868;-0.00017799;-0.00234516;1.00079;0.00496967;-0.00372624;0.992184;0.0205218;0.985751;1;3;1
399.531;1618.06;0.418398;-2.97299;0.000880266;-0.000408581;0.000764089;0.0012354;-0.000763714;1.00188;0.00677756;-0.00669182;0.993353;0.0219547;0.9882;1;2;1
422.531;1618.06;0.424073;-2.70654;-0.00197193;-0.00012664;0.0016015;0.000798979;-0.00289755;1.00028;0.00835969;-0.0179864;0.999238;0.0205859;0.986689;1;3;1
445.531;1618.06;0.325275;-2.511;-0.00232492;-0.0024084;0.000422694;-0.00194191;-0.00279141;0.993009;0.00590015;-0.00312746;1.0005;0.0208893;0.98714;1;3;1
468.531;1618.06;0.315507;-2.33612;-0.00229452;-0.00294266;0.00149603;-0.00108787;-0.00414932;0.997526;0.00680153;-0.00557045;0.995333;0.0188263;0.990062;1;3;1
491.531;1618.06;0.217767;-2.10024;-0.00215267;-0.00246093;0.00247782;0.000175808;-0.0047894;0.999418;0.00728243;-0.0119261;1.00463;0.0222748;0.983369;1;3;1
514.531;1618.06;0.213952;-1.86419;-0.000301442;0.00460821;0.000534425;0.00466571;-0.000358942;1.00251;0.00173084;-0.00989693;1.00796;0.0199956;0.986851;1;3;1
537.531;1618.06;0.202027;-1.68534;-0.000379078;0.000237511;0.000409006;0.000441399;-0.000582966;0.99827;-0.00168523;-0.00726384;0.999959;0.0214777;0.989219;1;3;1
560.531;1618.06;0.194762;-1.4631;-0.000549168;-0.00386004;0.00136211;-6.08189e-05;-0.00434839;0.99709;0.00978406;-0.0109083;0.995134;0.0194163;0.992283;1;3;1
583.531;1618.06;0.175131;-1.29848;-0.000753275;-0.00552817;0.000971497;-0.000563183;-0.00571827;1.00027;0.00720318;-0.00828329;0.997316;0.0188575;0.991161;1;2;1
606.531;1618.06;0.158272;-1.05343;-0.00123759;5.54133e-05;0.00191521;0.0014303;-0.00261247;0.998525;0.0114921;-0.00999095;1.00119;0.0235295;0.988204;1;3;1
629.531;1618.06;0.115302;-0.785474;0.000308467;0.000872653;0.00189472;0.00250617;-0.00132505;0.997086;0.00606262;-0.00702778;0.999994;0.0213565;0.990937;1;3;1
652.531;1618.06;0.170417;-0.619918;0.000759857;0.00258512;0.00254474;0.00437592;-0.00103095;1.00322;0.0019085;-0.012843;1.00265;0.0228978;0.988154;1;3;1
675.531;1618.06;0.148475;-0.382057;-0.00120839;-0.00355492;0.00046387;-0.00112002;-0.00364329;0.996692;0.00110075;-0.0028871;1.0055;0.0194254;0.992066;1;3;1
698.531;1618.06;0.112928;-0.205425;-9.8226e-05;0.00241831;-0.00159357;0.00319049;-0.000870405;0.999245;0.0105773;-0.0117315;1.00726;0.0202121;0.991036;1;3;1
721.531;1618.06;0.142965;-0.0800793;0.00187683;-0.00329675;0.000488947;0.00192264;-0.00334255;1.00282;0.00916995;-0.00300918;1.00279;0.0223707;0.989149;1;3;1
744.531;1618.06;0.197606;0.175686;0.000385532;-0.000750854;0.00126718;0.00120607;-0.0015714;0.998854;0.0106778;-0.0162031;0.996557;0.0220777;0.987077;1;2;1
767.531;1618.06;0.158709;0.347493;-0.00101847;7.13806e-05;0.00143725;0.00106354;-0.00201063;0.999011;0.00488787;-0.00192215;0.998954;0.0222182;0.989226;1;3;1
790.531;1618.06;0.149346;0.53261;-0.000651819;0.00327747;0.00157897;0.00383334;-0.00120769;1.00046;0.0101296;-0.012271;1.00304;0.0263334;0.987293;1;3;1
813.531;1618.06;0.126142;0.833963;0.0011864;-0.00169696;0.00238787;0.00253405;-0.00304461;1.0008;0.00971715;-0.013082;1.00607;0.0197451;0.989758;1;2;1
836.531;1618.06;0.200998;1.04853;0.00109458;0.00154044;0.00137914;0.00271455;-7.95382e-05;1.00046;0.00510256;-0.00361873;1.00174;0.0241115;0.986344;1;3;1
859.531;1618.06;0.17468;1.23943;0.000167954;-0.00126023;0.00286637;0.00240784;-0.00350012;1.00375;-0.00194349;-0.0123127;0.999246;0.0292457;0.972933;1;3;1
882.531;1618.06;0.20741;1.39623;0.00117478;0.00219762;0.000766301;0.00260749;0.000764918;1.00241;0.000635116;-0.00794348;1.00246;0.0283263;0.969763;1;3;1
905.531;1618.06;0.226516;1.68671;0.00406925;-0.00303654;0.00143018;0.0043463;-0.00331359;1.0026;0.00548313;-0.010599;1.00486;0.0353621;0.971009;1;2;1
928.531;1618.06;0.392904;1.74437;0.0032245;0.00322081;0.00034826;0.00357092;0.00287439;1.00143;0.010774;-0.00448019;0.99732;0.0327912;0.967767;1;3;1
951.531;1618.06;0.373288;2.03524;0.0029049;0.0033453;0.00102432;0.00417282;0.00207738;0.996466;0.00741104;-0.0143262;1.00601;0.0249334;0.98891;1;3;1
974.531;1618.06;0.523253;2.27772;0.000418805;-0.00526296;0.00232061;0.00124615;-0.0060903;1.01627;0.0128047;-0.00755656;1.01073;0.0295231;0.97753;1;3;1
997.531;1618.06;0.390574;2.46165;-0.00370672;0.00315277;0.00126543;0.00337877;-0.00393272;0.998692;-0.00324781;-0.0117548;0.995937;0.0274011;0.981703;1;2;1
1020.53;1618.06;0.350333;2.71581;-0.000804458;0.00157721;0.00220845;0.00289543;-0.00212267;0.999369;0.00318012;-0.00765978;0.995816;0.0264154;0.97518;1;2;1
1043.53;1618.06;0.35169;2.87555;0.0010805;0.00639049;0.00157481;0.00682241;0.000648578;1.00029;0.00163864;-0.0136273;1.00404;0.0243715;0.983085;1;3;1
1066.53;1618.06;0.398555;3.08165;0.00107512;-0.00459285;-0.00122237;0.0013275;-0.00484523;0.998123;0.0103877;-0.0061525;0.997391;0.0271211;0.976306;1;2;1
1089.53;1618.06;0.399382;3.27554;0.00164478;-0.00474379;0.00106951;0.00181907;-0.00491809;1.00159;0.0118088;-0.0102918;0.995057;0.0207412;0.990342;1;2;1
1112.53;1618.06;0.471855;3.54184;-6.60567e-05;0.00350977;-0.000672674;0.00363212;-0.000188411;0.997641;0.00772212;-0.00963405;1.00461;0.021877;0.988711;1;3;1
1135.53;1618.06;0.394307;3.70838;-0.00116413;-0.00609325;-0.00276223;7.31985e-05;-0.00733058;0.996251;0.0107953;-0.00410441;1.00606;0.0251619;0.983599;1;3;1
1158.53;1618.06;0.417266;3.84614;0.00133943;-0.00366335;-0.00231498;0.00224628;-0.0045702;1.00819;0.0103219;-0.00944727;0.999538;0.0218123;0.987754;1;3;1
1181.53;1618.06;0.454384;4.07946;0.00280302;-0.00412397;-0.000124586;0.00280526;-0.00412621;0.995497;0.0136616;-0.0117706;1.00198;0.0225656;0.983484;1;3;1
1204.53;1618.06;0.544171;4.25969;0.00274347;0.00101857;-0.00113347;0.00330529;0.000456737;1.00293;0.00224416;-0.00227246;0.997761;0.0282154;0.981352;1;3;1
1227.53;1618.06;0.579038;4.43542;0.00164817;0.0017327;0.000304808;0.00199816;0.00138271;1.0015;0.0070237;-0.00998516;0.998874;0.0250037;0.981859;1;3;1
1250.53;1618.06;0.618472;4.62549;-0.00055219;-0.000410634;0.00142287;0.000943215;-0.00190604;1.00432;0.00713033;-0.0128892;0.997476;0.0249208;0.981532;1;3;1
1273.53;1618.06;0.55254;4.75206;-0.0028474;-0.0046114;-0.00258187;-0.00100104;-0.00645776;0.984641;0.0107432;0.00783659;0.994187;0.0315775;0.979012;1;3;1
31.5305;1595.06;1.25757;-6.03639;0.00208872;-0.000692644;0.000557306;0.00219623;-0.000800156;1.00259;0.000346629;-0.00967227;0.994908;0.0313053;0.975993;1;3;1
54.5305;1595.06;1.305;-5.87572;0.00128722;-0.00217466;-0.000336713;0.00131967;-0.00220711;1.00002;0.00366906;-0.00686122;0.992159;0.0311681;0.954302;1;3;1
77.5306;1595.06;1.31585;-5.75071;-0.00279375;-0.00261658;0.00127748;-0.00142461;-0.00398571;0.991594;0.00340726;-0.0170307;0.995056;0.0291682;0.96757;1;3;1
100.531;1595.06;1.17439;-5.45653;-0.00485823;-0.00309182;-0.000500337;-0.00295995;-0.00499011;0.99596;0.0134899;-0.00644597;0.999707;0.02393;0.987508;1;3;1
123.531;1595.06;1.08955;-5.29388;-0.00300383;-0.00182848;-0.000231221;-0.00178463;-0.00304768;1.00125;0.00378129;-0.00847162;0.995274;0.0244825;0.985352;1;3;1
146.531;1595.06;1.03479;-5.12246;-0.00277806;-0.00352452;0.00148521;-0.0016199;-0.00468268;0.994572;-0.000772722;-0.00727491;0.993039;0.0257383;0.982461;1;3;1
169.531;1595.06;0.959569;-4.86427;-0.00168834;-0.00223592;0.00156201;-0.000376314;-0.00354795;0.998545;0.00586966;-0.0109851;1.0005;0.0258272;0.984464;1;2;1
192.531;1595.06;0.955218;-4.71141;-0.00174448;-0.00162215;0.000620659;-0.00105965;-0.00230698;0.996776;0.00166778;-0.00549903;0.995898;0.0216564;0.991693;1;3;1
215.531;1595.06;0.878211;-4.55501;-0.0031989;-0.00179284;0.00138212;-0.000945221;-0.00404652;0.996591;0.00982698;-0.0135996;0.993434;0.0229639;0.98412;1;3;1
238.531;1595.06;0.805221;-4.22204;-0.00123985;-0.00301664;0.00212959;0.000179224;-0.00443571;0.998898;0.0051521;-0.00485137;0.997399;0.0268764;0.984962;1;3;1
261.531;1595.06;0.818328;-4.04646;-0.00165891;-0.000848324;-0.00068173;-0.000460511;-0.00204673;0.992721;0.00991513;-0.00958989;1.00138;0.0211227;0.987115;1;3;1
284.531;1595.06;0.727956;-3.93588;-0.00244471;-0.00180509;-0.000135849;-0.00177744;-0.00247237;0.995767;0.0050722;-0.00626882;0.996307;0.0196434;0.98995;1;3;1
307.531;1595.06;0.704269;-3.67981;-0.00138332;-0.00086054;0.00109322;2.10118e-06;-0.00224596;0.997362;0.0101782;-0.0109523;0.999589;0.0199429;0.990261;1;3;1
330.531;1595.06;0.662221;-3.50106;-0.00211952;-0.000756858;0.00167139;0.000366736;-0.00324311;1.00157;0.00832476;-0.00890143;1.00036;0.0185238;0.990148;1;3;1
353.531;1595.06;0.604629;-3.24721;-0.00224681;-0.00212862;0.00139972;-0.000786749;-0.00358868;0.993746;0.00660207;-0.0116576;0.998832;0.01895;0.993269;1;3;1
376.531;1595.06;0.55661;-3.0577;0.00035111;-0.0014232;-7.35927e-05;0.000354158;-0.00142625;1.00233;0.00650227;-0.00676067;1.00087;0.0193645;0.991133;1;3;1
399.531;1595.06;0.619444;-2.89695;-0.00103498;-0.00340888;0.00116448;-0.000559138;-0.00388472;0.990014;0.00347251;-0.00777431;0.996116;0.0251411;0.984035;1;3;1
422.531;1595.06;0.50753;-2.69311;-0.00325164;-0.00134074;0.00307757;0.000926281;-0.00551866;1.00218;-0.000225795;-0.00990194;0.993448;0.0200082;0.986975;1;3;1
445.531;1595.06;0.46722;-2.42743;-0.0019082;-0.00335333;0.00248743;-4.05096e-05;-0.00522102;0.996809;0.00822535;-0.0100514;0.993262;0.0217822;0.988848;1;3;1
468.531;1595.06;0.417364;-2.23304;-0.00173042;-0.00245846;0.00111392;-0.000922547;-0.00326633;0.99678;0.00630554;-0.00724875;0.995677;0.0186008;0.990793;1;3;1
491.531;1595.06;0.386129;-2.06587;-0.00119522;-0.000890738;-0.000478754;-0.0005406;-0.00154535;0.996859;0.00153336;-0.00871601;0.999843;0.0271522;0.980421;1;3;1
514.531;1595.06;0.361216;-1.91017;7.54102e-05;-0.000698001;0.000523298;0.000339383;-0.000961974;1.00067;0.0125835;-0.00761924;0.992185;0.0286199;0.971948;1;4;1
537.531;1595.06;0.387936;-1.67494;-0.00010178;-0.000580815;0.0023689;0.00203968;-0.00272228;1.0001;0.0185984;-0.0157621;0.997261;0.0276358;0.988139;1;3;1
560.531;1595.06;0.353319;-1.36629;-0.00132996;-0.00133486;0.00204604;0.000713637;-0.00337845;1.00004;0.0074491;-0.00888944;0.997004;0.0211352;0.988168;1;3;1
583.531;1595.06;0.323816;-1.15859;-0.001325;-0.00382081;-0.000290247;-0.00129169;-0.00385412;0.996434;0.00662763;-0.0096292;0.99427;0.0186711;0.990976;1;2;1
606.531;1595.06;0.291443;-1.08101;-0.00180286;-0.00138495;0.00131813;-0.00025932;-0.0029285;0.999933;0.000868853;3.55292e-05;0.996818;0.0219346;0.989547;1;3;1
629.531;1595.06;0.239492;-0.810777;-0.00129854;0.000680183;0.000806068;0.00096698;-0.00158534;0.995177;0.010346;-0.0147663;0.996672;0.0236713;0.985452;1;3;1
652.531;1595.06;0.229565;-0.641162;0.000776954;-0.00108248;0.00186154;0.00192803;-0.00223356;1.00518;0.00595737;-0.00117843;0.996878;0.0234358;0.984706;1;3;1
675.531;1595.06;0.273799;-0.449395;0.00197534;-0.00102784;0.000413758;0.0020313;-0.0010838;0.999453;0.0149178;-0.0061953;0.996154;0.022985;0.990419;1;3;1
698.531;1595.06;0.318705;-0.252776;0.00096406;-0.00169013;0.00133945;0.00152252;-0.00224859;0.996963;0.00255562;-0.0117602;0.992803;0.0196682;0.992648;1;3;1
721.531;1595.06;0.315898;0.00347529;-0.000443982;-0.00276343;0.00256801;0.00121403;-0.00442145;1.00355;-0.00185719;-0.00974752;0.992978;0.0207308;0.988775;1;3;1
744.531;1595.06;0.295273;0.272793;-0.00188839;-0.00163179;0.00257012;0.000813226;-0.00433341;0.997148;-0.0024092;-0.008995;0.997666;0.0241185;0.986463;1;2;1
767.531;1595.06;0.22718;0.406562;0.000146422;-0.00274007;0.000147318;0.000153921;-0.00274757;0.993662;0.0085297;-0.00791534;0.990193;0.028007;0.975246;1;3;1
790.531;1595.06;0.300887;0.593889;0.0031112;-0.00315855;0.00174118;0.00356228;-0.00360964;1.00628;0.00333773;-0.00486212;0.997745;0.0283939;0.970952;1;3;1
813.531;1595.06;0.367816;0.862967;0.000583664;0.000695575;0.00105543;0.00169653;-0.000417289;0.999874;0.00498413;-0.0114596;0.99991;0.0266549;0.981469;1;3;1
836.531;1595.06;0.325524;1.0443;-0.0039408;-0.00077744;0.00114451;-0.000406782;-0.00431146;0.996815;0.00686317;-0.00632459;1.00177;0.0226935;0.983693;1;3;1
859.531;1595.06;0.18451;1.25417;-0.000958706;-0.00087882;0.00216956;0.00125117;-0.0030887;0.997107;0.0123947;-0.0146493;1.00077;0.027088;0.972348;1;3;1
882.531;1595.06;0.279416;1.47157;0.0032813;-0.0012392;0.00119881;0.00357954;-0.00153744;1.00415;0.0120513;-0.00394207;0.987627;0.0291212;0.966868;1;3;1
905.531;1595.06;0.333435;1.65814;0.00268248;0.00117079;0.000732209;0.00297898;0.000874286;1.00294;0.00957609;-0.01394;0.996897;0.026693;0.973314;1;3;1
928.531;1595.06;0.401174;1.83998;0.00395568;-0.00101431;0.00190622;0.0046026;-0.00166122;1.00598;0.00512297;-0.00445939;1.0018;0.030643;0.971311;1;2;1
951.531;1595.06;0.513916;1.98004;0.00296812;0.000147592;0.00187248;0.00390201;-0.000786295;0.999972;0.00768807;-0.00903548;0.992836;0.0245243;0.979994;1;3;1
974.531;1595.06;0.536008;2.21161;-0.00106627;-0.000770608;0.00369683;0.00278135;-0.00461823;0.999751;-0.00471434;-0.0140299;0.98061;0.0332683;0.97422;1;3;1
997.531;1595.06;0.462594;2.43459;-0.00172819;-0.0011661;0.00310159;0.00166715;-0.00456145;1.00293;0.0145332;-0.0110669;0.991952;0.028545;0.964657;1;3;1
1020.53;1595.06;0.45364;2.71897;0.000233019;-4.81102e-05;0.00186763;0.00196537;-0.00178046;1.00016;0.00794241;-0.0109346;0.999925;0.0237441;0.98082;1;3;1
1043.53;1595.06;0.470964;2.89936;0.00154967;-0.000495824;0.00221661;0.00296811;-0.00191426;1.00192;0.0020792;-0.0106084;1.00008;0.0276988;0.975639;1;3;1
1066.53;1595.06;0.523375;3.09013;0.00281114;3.74257e-05;0.00209082;0.00393325;-0.00108468;0.99834;0.00122426;-0.00642148;1.00214;0.0225546;0.986461;1;3;1
1089.53;1595.06;0.598351;3.30046;0.000983393;-0.000808455;0.0016948;0.00200451;-0.00182957;1.00194;0.00991041;-0.00732358;1.00278;0.0242412;0.983679;1;2;1
1112.53;1595.06;0.566837;3.49172;0.000655325;0.000683197;0.00191693;0.00258624;-0.00124772;1.00153;0.0108704;-0.00894914;0.998483;0.0214064;0.985198;1;2;1
1135.53;1595.06;0.626995;3.67097;0.00225783;-0.00110047;-0.000464891;0.00232099;-0.00116363;1.00273;0.00834571;-0.00878966;0.997866;0.0206077;0.989468;1;2;1
1158.53;1595.06;0.66921;3.84713;-0.000466992;-0.00147635;0.000528149;-0.000241163;-0.00170218;1;0.00472812;-0.00931312;1.00152;0.0226516;0.983957;1;2;1
1181.53;1595.06;0.603628;4.08684;-0.000619906;-0.000756606;-0.000556352;-0.000127721;-0.00124879;0.99429;0.0125065;-0.0114313;1.00534;0.0223916;0.98799;1;3;1
1204.53;1595.06;0.639527;4.17354;0.00315157;0.00124565;0.000865145;0.0034857;0.000911514;1.00186;0.0088237;-0.00350416;1.00009;0.0280314;0.980582;1;4;1
1227.53;1595.06;0.746843;4.4625;0.00228549;-0.000611505;0.00169301;0.00306509;-0.00139111;1.00576;0.00320598;-0.0147651;0.999568;0.0191401;0.992077;1;3;1
1250.53;1595.06;0.742497;4.60755;0.00114968;-0.0014473;0.000548313;0.0012607;-0.00155832;0.995395;0.00816876;-0.00507294;1.00603;0.0250418;0.98473;1;3;1
1273.53;1595.06;0.797985;4.85968;0.00247553;-0.00284229;0.00172144;0.00298414;-0.0033509;1.00633;0.00812809;-0.0129809;1.00276;0.0248108;0.990339;1;3;1
31.5305;1572.06;1.46708;-6.01787;0.000233497;-0.00243164;0.000828853;0.00047024;-0.00266838;0.995996;0.00727382;-0.0117813;1.00302;0.0281843;0.98179;1;3;1
54.5305;1572.06;1.47126;-5.78427;-0.00211038;-0.00252223;0.000979721;-0.00131518;-0.00331743;0.996678;0.00683712;-0.00931915;1.00074;0.024448;0.978111;1;2;1
77.5306;1572.06;1.36799;-5.59969;-0.00265495;-0.00438854;0.00198442;-0.00135628;-0.00568721;0.994866;0.0068159;-0.00640463;0.997242;0.0203993;0.989184;1;3;1
100.531;1572.06;1.34709;-5.36873;-0.00222959;-0.00155976;0.000790316;-0.00103632;-0.00275303;0.992422;0.00630207;-0.0102928;1.00056;0.023383;0.990223;1;3;1
123.531;1572.06;1.2635;-5.19074;-0.00378575;-0.00288169;0.00104671;-0.00219357;-0.00447387;0.996018;0.0101988;-0.00647704;0.997674;0.0207841;0.987609;1;4;1
146.531;1572.06;1.1712;-5.00808;-0.00500975;-0.00307372;0.00086335;-0.00274465;-0.00533882;0.994066;0.000365812;-0.0108095;0.994831;0.0239443;0.984288;1;3;1
169.531;1572.06;1.03091;-4.81316;-0.00175016;-0.00224823;0.000756959;-0.00120232;-0.00279607;1.00417;0.00157165;-0.00217678;0.995172;0.0237905;0.986669;1;3;1
192.531;1572.06;1.08939;-4.67287;0.000677265;-0.00298854;0.000336271;0.000707856;-0.00301914;0.994457;0.00532831;-0.00866482;0.996112;0.0218299;0.987166;1;3;1
215.531;1572.06;1.06082;-4.47592;-0.00184253;-0.00322508;0.000771858;-0.00149764;-0.00356997;0.998186;0.00648188;-0.0110438;0.999956;0.0213257;0.987056;1;2;1
238.531;1572.06;1.00302;-4.29695;-0.00283073;9.07168e-05;0.000242892;0.000110773;-0.00285079;0.995022;0.00853662;-0.00952192;1.00188;0.0215443;0.987294;1;3;1
261.531;1572.06;0.928805;-4.09107;-0.00265948;-0.00142023;0.00133632;-0.000566868;-0.00351284;0.997691;0.00620089;-0.00772141;1.00159;0.0227452;0.986743;1;3;1
284.531;1572.06;0.878311;-3.84655;-0.00121641;-0.00303298;0.000886432;-0.000855545;-0.00339385;0.992587;0.00570892;-0.0103886;0.99504;0.0245659;0.979736;1;3;1
307.531;1572.06;0.871077;-3.69139;-0.00170892;-0.000906147;0.000878137;-0.000342011;-0.00227306;0.998954;0.0112759;-0.00872806;1.00253;0.0188679;0.992343;1;3;1
330.531;1572.06;0.798218;-3.486;-0.00247661;-0.00137502;0.00115718;-0.000644241;-0.00320739;0.996353;0.00835816;-0.00677877;1.002;0.0206398;0.991263;1;2;1
353.531;1572.06;0.754774;-3.23814;-0.00117993;-0.000776029;0.00113551;0.000175351;-0.00213131;0.999924;0.00739521;-0.012719;0.996694;0.0213017;0.989686;1;3;1
376.531;1572.06;0.742179;-3.08732;-0.001693;-0.000685896;0.00133237;0.000234899;-0.0026138;0.991403;0.00350284;-0.0143511;0.995393;0.0195542;0.989495;1;3;1
399.531;1572.06;0.674882;-2.8152;-0.00281343;-0.00134159;0.00229626;0.000333795;-0.00448881;0.998815;0.00104629;-0.0109593;0.998897;0.0189355;0.991772;1;2;1
422.531;1572.06;0.610441;-2.64444;-0.00254429;-0.00250269;0.00185;-0.00067337;-0.00437361;1.00015;0.00937874;-0.00910605;1.00206;0.0197359;0.989323;1;3;1
445.531;1572.06;0.555396;-2.35591;-0.000746615;-0.00191446;0.00160528;0.000377643;-0.00303872;0.995619;0.00359877;-0.00962065;0.997553;0.02357;0.986149;1;3;1
468.531;1572.06;0.574144;-2.22216;0.00066105;-0.00168393;-0.000189551;0.000676273;-0.00169915;0.99363;0.00439717;-0.00232909;1.0013;0.0211368;0.987965;1;3;1
491.531;1572.06;0.584829;-2.05778;-0.000348535;-0.00117922;0.000392271;-0.000192576;-0.00133518;1.0035;0.00522624;-0.0131969;0.998149;0.0253407;0.985629;1;2;1
514.531;1572.06;0.556443;-1.83079;-0.00120336;-0.00333713;0.00105658;-0.000768707;-0.00377178;1.00458;0.00360807;-0.00281298;0.994163;0.0230156;0.988934;1;3;1
537.531;1572.06;0.527697;-1.65746;-0.00069111;0.000424769;0.0029022;0.00282218;-0.00308852;0.997281;-0.00647206;-0.00713412;1.00856;0.0207695;0.988653;1;3;1
560.531;1572.06;0.522627;-1.40049;-0.000828586;0.000826761;0.00269824;0.00282142;-0.00282325;0.998421;0.00755225;-0.0125476;1.00412;0.0171452;0.993684;1;3;1
583.531;1572.06;0.486439;-1.12133;-0.00295289;-4.06488e-06;0.00116712;0.000401966;-0.00335892;0.993831;0.00950489;-0.0114342;1.00248;0.0189538;0.992529;1;3;1
606.531;1572.06;0.384748;-0.989121;-7.94589e-05;-0.00351176;-0.000965713;0.000173597;-0.00376482;0.999157;0.0136559;-0.00361384;0.994301;0.0219998;0.98849;1;3;1
629.531;1572.06;0.481766;-0.815293;-0.00049626;-6.92545e-05;0.000369283;0.000143802;-0.000709317;1.00248;0.00636548;-0.00891914;0.998254;0.0206313;0.992393;1;3;1
652.531;1572.06;0.360001;-0.569706;0.000401483;-0.00272857;0.00106201;0.0007278;-0.00305488;0.999392;0.00778534;-0.00966785;0.993273;0.0276463;0.977494;1;3;1
675.531;1572.06;0.497708;-0.333425;0.0018195;-0.00276107;0.00149619;0.0022649;-0.00320648;1.00494;0.00403589;-0.013812;0.996948;0.0246637;0.983297;1;3;1
698.531;1572.06;0.44149;-0.126438;-0.00141561;-0.00406609;0.00124866;-0.000920021;-0.00456168;0.995437;0.0107982;-0.00523725;0.998243;0.0204187;0.987865;1;3;1
721.531;1572.06;0.430959;0.0481188;-0.00165162;-0.0025471;0.000808232;-0.0011754;-0.00302333;0.998621;0.0103389;-0.0109495;1.00125;0.0228217;0.988545;1;3;1
744.531;1572.06;0.363901;0.251111;0.000790408;-0.00013157;0.00156396;0.0019599;-0.00130106;1.00516;0.0113517;-0.0140476;1.00214;0.0214072;0.990931;1;3;1
767.531;1572.06;0.465327;0.474734;0.00176891;-0.00335428;0.000370605;0.00179558;-0.00338095;1.00039;0.00996846;0.00042727;1.006;0.021467;0.993198;1;3;1
790.531;1572.06;0.443212;0.679075;0.000335078;-0.00298768;-0.000547239;0.000422885;-0.00307548;0.997528;0.00393034;-0.0144549;0.991271;0.0331943;0.96621;1;3;1
813.531;1572.06;0.479564;0.803335;0.00100739;-0.0011981;0.00177079;0.00199073;-0.00218144;0.998708;0.00878097;-0.00641127;0.996438;0.0307948;0.970219;1;3;1
836.531;1572.06;0.487737;1.0852;-0.00162663;-0.0017992;0.00200852;0.000297451;-0.00372329;1.00406;0.00706523;-0.0103558;0.998677;0.0245496;0.988801;1;3;1
859.531;1572.06;0.4022;1.28044;0.000290747;-0.0020302;-0.00107022;0.000708904;-0.00244836;0.993383;0.00610279;-0.0124836;0.995124;0.0295863;0.969104;1;3;1
882.531;1572.06;0.49963;1.4542;0.00275036;-0.000622895;-0.000406239;0.00279859;-0.000671129;1.00639;0.00104711;-0.0126425;1.00803;0.03233;0.962706;1;3;1
905.531;1572.06;0.527189;1.63387;0.000873044;-0.0027301;0.000307395;0.000899081;-0.00275614;1.00313;0.000868524;-0.000349557;1.00335;0.0271195;0.974104;1;3;1
928.531;1572.06;0.538539;1.79128;0.00101408;-0.00253454;0.000973042;0.00126337;-0.00278384;0.993854;-0.00290551;-0.0046651;0.995618;0.031595;0.958721;1;2;1
951.531;1572.06;0.572118;2.02888;0.00221732;-0.00255198;0.0038348;0.00434845;-0.00468311;1.00044;0.0042979;-0.0129233;0.996805;0.0305974;0.965245;1;3;1
974.531;1572.06;0.637467;2.31332;0.00093186;-0.00322419;0.00232542;0.00197245;-0.00426478;1.01482;0.0107885;-0.014359;1.00747;0.0290034;0.979834;1;3;1
997.531;1572.06;0.612389;2.51586;0.000163456;-0.00314765;0.000832536;0.000361001;-0.0033452;0.993618;0.00735152;-0.00211317;1.00186;0.0331861;0.960396;1;3;1
1020.53;1572.06;0.643197;2.71895;-0.0020048;0.000862931;0.00104151;0.00120127;-0.00234314;0.99756;0.00696406;-0.00880385;1.00076;0.0284855;0.974444;1;3;1
1043.53;1572.06;0.518479;2.89866;-0.000761524;0.000223039;0.00116617;0.000996573;-0.00153506;0.994201;0.00849912;-0.00904445;0.997517;0.0291336;0.965867;1;3;1
1066.53;1572.06;0.606732;3.0804;0.00278373;-0.00099905;0.00192198;0.00358889;-0.0018042;1.00707;0.00819604;-0.00821729;0.99833;0.021095;0.984895;1;2;1
1089.53;1572.06;0.644489;3.3134;0.00133591;-0.0011581;0.00188358;0.00234787;-0.00217005;0.999208;0.0101074;-0.00757686;0.999949;0.0264062;0.980791;1;2;1
1112.53;1572.06;0.666132;3.51084;0.00324159;-0.00153753;0.00186534;0.00388345;-0.00217939;1.00082;4.59094e-05;-0.00735483;0.998838;0.0235955;0.9849;1;3;1
1135.53;1572.06;0.791193;3.76074;0.00260665;-0.000933424;0.00161876;0.00323524;-0.00156202;1.01144;0.00449692;-0.0116205;0.995516;0.0240212;0.983512;1;3;1
1158.53;1572.06;0.784106;3.91557;0.000916586;-0.00296125;0.000440224;0.000965933;-0.0030106;1.0019;0.00557847;-0.00872523;0.998478;0.0280566;0.982817;1;3;1
1181.53;1572.06;0.831967;4.11582;0.00123065;-0.00222607;-0.000755659;0.00138862;-0.00238405;0.999494;0.00477397;-0.00591533;0.994906;0.0231201;0.985689;1;2;1
1204.53;1572.06;0.839782;4.20337;0.000559916;-0.00372746;8.38944e-05;0.000561557;-0.0037291;1.0054;0.00500718;-0.0141563;0.995882;0.0251687;0.980064;1;3;1
1227.53;1572.06;0.856396;4.4644;0.00276596;-0.00197251;0.00206122;0.00353709;-0.00274364;1.00117;0.00947412;-0.00901122;0.996979;0.0209482;0.986465;1;3;1
1250.53;1572.06;0.964237;4.69342;0.000906407;-0.00355455;0.000387795;0.000939867;-0.00358801;0.998365;0.00735332;-0.00917367;0.990321;0.0212739;0.988233;1;2;1
1273.53;1572.06;0.896158;4.88428;-0.00292118;0.00038299;-0.00024207;0.000400631;-0.00293882;0.99953;0.00222666;-0.00150474;0.999692;0.0276749;0.984781;1;3;1
31.5305;1549.06;1.64729;-5.92275;-0.000609639;-0.00398848;-0.000651826;-0.000488253;-0.00410987;0.99964;0.0044181;-0.00876438;0.995693;0.0262795;0.975694;1;3;1
54.5305;1549.06;1.63267;-5.75838;-0.00213125;-0.00120829;-0.000558881;-0.00094499;-0.00239455;0.994859;0.0118595;-0.00606271;0.999578;0.0211105;0.990372;1;3;1
77.5306;1549.06;1.54761;-5.54781;-0.00261391;-0.00146272;0.000618577;-0.00119336;-0.00288327;1.00937;0.00133173;-0.00593044;0.996574;0.0239186;0.982258;1;3;1
100.531;1549.06;1.51074;-5.38349;-0.0041675;-0.00204296;0.00155736;-0.00122007;-0.00499038;0.988654;0.00170405;-0.00740533;0.99654;0.0233836;0.985002;1;3;1
123.531;1549.06;1.35387;-5.16037;-0.00381192;-0.00276061;0.00121635;-0.00196119;-0.00461134;1.00319;0.00391399;-0.0121448;0.996649;0.0252589;0.976837;1;3;1
146.531;1549.06;1.33328;-4.97988;-0.00276285;-0.00209123;0.000437895;-0.0018752;-0.00297887;0.99601;0.0153047;-0.00678005;1.00158;0.025505;0.983712;1;2;1
169.531;1549.06;1.22485;-4.75997;-0.00154616;-0.00192175;0.000220843;-0.00144406;-0.00202385;0.998652;0.0136869;-0.00970816;0.996056;0.0243851;0.988643;1;3;1
192.531;1549.06;1.2603;-4.57271;-0.000891343;-0.00273077;-0.000574313;-0.000726755;-0.00289536;1.00017;0.0132271;-0.0055707;0.997179;0.0233805;0.983692;1;3;1
215.531;1549.06;1.18247;-4.40541;-0.00195868;-0.00238536;0.000776399;-0.00136685;-0.0029772;0.995832;0.00215403;-0.00619986;0.991484;0.0224129;0.985219;1;3;1
238.531;1549.06;1.16879;-4.22478;-0.00074929;-0.00255973;0.00137546;-7.89943e-06;-0.00330112;1.00247;0.00910184;-0.00716312;0.996166;0.0180114;0.991766;1;2;1
261.531;1549.06;1.14602;-3.97992;-0.00263824;-0.00269541;0.00157531;-0.00109126;-0.00424239;0.998768;0.00761124;-0.00797314;0.998462;0.0207051;0.992397;1;3;1
284.531;1549.06;1.04526;-3.79506;-0.003484;-0.00145092;0.000105436;-0.00144547;-0.00348945;0.992963;0.00989306;-0.00665206;1.00323;0.0213742;0.987853;1;3;1
307.531;1549.06;0.984192;-3.63725;-0.000752297;-0.00144477;0.000910427;-0.000124493;-0.00207258;0.999936;0.00202713;-0.00950664;0.995334;0.0194729;0.99147;1;2;1
330.531;1549.06;1.00924;-3.43646;-0.00180999;-0.00237033;0.00155726;-0.000507895;-0.00367243;0.998895;0.00464385;-0.00755376;0.9962;0.0206673;0.989116;1;2;1
353.531;1549.06;0.898875;-3.21055;-0.00325984;-0.000261293;0.00155552;0.000399867;-0.003921;0.994423;0.00248645;-0.011803;0.998789;0.0179463;0.993503;1;3;1
376.531;1549.06;0.857201;-3.02516;-0.00100396;-0.00252446;0.000581574;-0.000807027;-0.0027214;0.999143;0.00820425;-0.00540085;1.00037;0.0198999;0.991939;1;3;1
399.531;1549.06;0.851131;-2.83461;-0.00127758;-0.000199469;0.000870769;0.000285596;-0.00176264;0.998802;0.0106195;-0.0104255;1.00344;0.0188002;0.990447;1;3;1
422.531;1549.06;0.796209;-2.57693;-0.00232844;-0.00096525;0.00173967;0.000221578;-0.00351527;0.998907;0.0126978;-0.00993505;1.00073;0.0221237;0.989985;1;2;1
445.531;1549.06;0.741216;-2.33846;-0.001348;0.000858209;0.00142785;0.00155943;-0.00204923;1.00099;0.00487425;-0.00748749;1.00224;0.022748;0.979388;1;2;1
468.531;1549.06;0.732216;-2.15444;2.23032e-05;-0.00155293;4.14109e-05;2.33911e-05;-0.00155401;0.999824;0.00800834;-0.0116886;0.991419;0.02099;0.98876;1;3;1
491.531;1549.06;0.741071;-2.01022;-0.0014581;-0.00108079;0.00172356;0.000464408;-0.0030033;0.998156;0.00750233;-0.00508174;0.995509;0.0205253;0.989148;1;2;1
514.531;1549.06;0.663361;-1.75541;-0.00408822;-0.00155392;5.47259e-05;-0.00155274;-0.0040894;1.00113;0.00921393;-0.00703852;0.998262;0.020285;0.986894;1;2;1
537.531;1549.06;0.551537;-1.69418;-0.000437107;-0.00195087;0.000510462;-0.000281059;-0.00210692;0.988387;0.0147897;-0.003081;0.994328;0.0190239;0.992127;1;3;1
560.531;1549.06;0.641902;-1.4034;0.00174723;-0.00142466;0.00309787;0.00364152;-0.00331895;0.998672;0.000259246;-0.0118681;0.995581;0.0204677;0.987415;1;3;1
583.531;1549.06;0.628713;-1.15739;0.00099922;0.00106091;0.00273211;0.00376235;-0.00170221;1.0023;0.000846391;-0.0099818;1.00414;0.020235;0.989204;1;3;1
606.531;1549.06;0.685279;-0.917489;-4.94172e-05;-0.000549193;-0.000392459;0.000165956;-0.000764566;0.99884;0.0063973;-0.0101885;1.00176;0.0197472;0.989048;1;2;1
629.531;1549.06;0.625097;-0.805974;-0.00154759;-0.00138529;0.00177572;0.00031114;-0.00324401;1.0012;0.00632186;-0.00730872;1.00558;0.0206818;0.988047;1;3;1
652.531;1549.06;0.612262;-0.51388;-0.000975519;0.000682623;0.00161124;0.00166558;-0.00195848;0.998395;0.00833836;-0.0130637;1.00454;0.0232796;0.987415;1;2;1
675.531;1549.06;0.577644;-0.321203;-0.000562241;0.000788196;0.00262233;0.00282084;-0.00259489;0.995881;0.00634594;-0.00688929;1.00257;0.0188072;0.989444;1;2;1
698.531;1549.06;0.584196;-0.0645848;0.000937736;0.000610503;0.00149147;0.00227454;-0.000726298;1.00181;0.00255375;-0.00696612;1.00016;0.0201078;0.992199;1;3;1
721.531;1549.06;0.618629;0.12179;-0.000112557;-0.00131278;0.000493794;6.44834e-05;-0.00148982;0.999935;0.00483612;-0.0147352;1.00278;0.0207507;0.988306;1;2;1
744.531;1549.06;0.577729;0.279713;5.22876e-05;-0.00180511;0.0012056;0.000645412;-0.00239823;0.997897;0.00727202;-0.00680183;0.99882;0.0193092;0.990803;1;3;1
767.531;1549.06;0.61892;0.562792;0.00224648;-0.000638566;0.00111978;0.0026301;-0.00102218;1.00034;0.00126913;-0.00995354;1.00331;0.0201225;0.990357;1;3;1
790.531;1549.06;0.678722;0.733085;-0.000157357;0.000377197;0.000670101;0.000831357;-0.000611518;1.00027;0.00985837;-0.00561163;1.00182;0.0276171;0.982596;1;2;1
813.531;1549.06;0.610303;0.918753;-0.00129386;-0.00346974;0.00202509;-8.29717e-05;-0.00468063;0.995934;0.000528489;-0.0110369;0.994606;0.0252221;0.981599;1;3;1
836.531;1549.06;0.617468;1.12807;0.000930766;-0.000568109;0.00141482;0.00178238;-0.00141973;1.00069;0.010215;-0.0109903;0.997026;0.0259196;0.982235;1;3;1
859.531;1549.06;0.651079;1.35003;0.00115234;-0.00127612;-0.000823813;0.00140543;-0.00152921;1.00118;0.0145656;-0.00708467;0.997161;0.0285726;0.974127;1;3;1
882.531;1549.06;0.668928;1.50189;-0.000173429;-0.0018708;0.00154374;0.000739534;-0.00278376;1.0004;0.00955953;-0.0129436;0.988568;0.028767;0.969589;1;3;1
905.531;1549.06;0.641044;1.78492;0.000841379;-0.00159971;0.00117247;0.00131329;-0.00207163;1.00624;0.014252;-0.00487641;0.992173;0.031114;0.956203;1;3;1
928.531;1549.06;0.705359;1.95773;0.000902185;-4.3021e-06;-0.00165664;0.00216647;-0.00126858;0.997617;0.0100852;-0.00115747;0.993689;0.0300874;0.967181;1;3;1
951.531;1549.06;0.681462;2.09789;0.00225541;-0.000987564;0.000786779;0.00243621;-0.00116836;1.0022;0.00640291;-0.0111507;0.999682;0.0303136;0.971538;1;3;1
974.531;1549.06;0.807227;2.36097;0.00242393;0.000227955;0.00200892;0.00361534;-0.000963458;1.00641;0.0099995;-0.0105965;0.992387;0.0293256;0.967011;1;2;1
997.531;1549.06;0.7903;2.58078;-0.00140302;-0.00149573;0.000788047;-0.000659967;-0.00223879;0.999718;0.00136392;-0.00216693;0.992666;0.0304634;0.973387;1;2;1
1020.53;1549.06;0.741534;2.6802;-0.00138723;5.49521e-05;0.000108721;6.31021e-05;-0.00139538;0.994953;-1.75258e-05;-0.00568707;1.00214;0.0239995;0.980682;1;3;1
1043.53;1549.06;0.725403;2.88981;0.000455579;-0.000648319;0.00136434;0.00137539;-0.00156813;0.990942;0.00958711;-0.00962043;1.00025;0.0349975;0.967378;1;3;1
1066.53;1549.06;0.760221;3.13672;0.00286489;-0.000603474;0.000353841;0.00290062;-0.000639205;1.00763;0.00667232;-0.0113951;0.997813;0.0287712;0.972159;1;2;1
1089.53;1549.06;0.854659;3.35448;0.00180063;-0.000774245;0.00164485;0.00260198;-0.0015756;1.00477;0.00250145;-0.0110582;1.00174;0.0251168;0.978694;1;3;1
1112.53;1549.06;0.841001;3.56332;0.000620073;-0.00205825;0.000862926;0.000874021;-0.00231219;0.996119;0.00662243;-0.00766114;0.99911;0.02726;0.975944;1;2;1
1135.53;1549.06;0.881765;3.71463;0.00312167;0.000721237;0.00194907;0.00421043;-0.000367518;1.00786;0.00161678;-0.00415069;0.999979;0.0236908;0.981489;1;3;1
1158.53;1549.06;0.982451;3.98462;0.00175285;-0.00224695;0.00294331;0.00331142;-0.00380551;1.00278;0.00816561;-0.0143506;0.998014;0.0314441;0.976734;1;3;1
1181.53;1549.06;0.959866;4.19073;-4.64452e-05;-0.00154977;0.000717084;0.00024074;-0.00183696;0.992331;0.000169009;-0.00308547;0.998821;0.0251389;0.981412;1;3;1
1204.53;1549.06;0.97889;4.34658;0.00189396;-0.00270705;0.000717826;0.00200335;-0.00281644;1.00846;0.00616989;-0.0126735;0.996881;0.0252436;0.982135;1;3;1
1227.53;1549.06;1.04547;4.5543;0.00322123;-0.00152306;0.00146737;0.00363839;-0.00194022;1.00338;0.00820373;-0.00935214;1.00342;0.0224467;0.985314;1;2;1
1250.53;1549.06;1.12486;4.77294;0.00345697;-0.00112274;0.000548086;0.00352165;-0.00118742;1.00242;0.00598203;-0.00964094;1.00176;0.0225986;0.989638;1;2;1
1273.53;1549.06;1.20331;4.84385;0.00342147;-0.000574651;-0.00302292;0.00504698;-0.00220016;1.00414;0.0241001;0.00140534;0.996777;0.0288812;0.980471;1;4;1
31.5305;1526.06;1.8547;-5.83239;0.0018982;-0.00387979;-0.00190798;0.00247138;-0.00445297;0.998501;0.00844415;-0.0079174;0.994903;0.0271677;0.980201;1;3;1
54.5305;1526.06;1.89807;-5.72667;-0.00363347;-0.00241008;-0.000546456;-0.00220154;-0.00384201;0.996063;0.00741696;-0.00526358;0.999447;0.0249654;0.987051;1;3;1
77.5306;1526.06;1.68626;-5.53126;-0.00659421;-0.00203639;0.0014203;-0.00163003;-0.00700057;1.00638;0.00559596;-0.0105053;0.998771;0.0235583;0.988551;1;2;1
100.531;1526.06;1.59149;-5.27401;-0.00279314;-0.00392766;0.00199963;-0.00128187;-0.00543894;0.988474;0.00712706;-0.0143619;0.989744;0.0272641;0.981522;1;3;1
123.531;1526.06;1.5552;-5.06265;-0.00127276;-0.00242714;0.000129367;-0.00125844;-0.00244146;0.999022;0.00431456;-0.000887278;0.991637;0.0280775;0.982397;1;3;1
146.531;1526.06;1.53146;-4.91037;-0.00296029;-0.00256728;0.00024253;-0.00245164;-0.00307593;0.998648;-0.00101104;-0.0100078;0.99468;0.026369;0.987169;1;3;1
169.531;1526.06;1.41757;-4.72304;-0.000735238;-0.00286702;0.000563321;-0.000595536;-0.00300672;1.00448;0.00276315;-0.00733956;0.997973;0.0202334;0.988911;1;3;1
192.531;1526.06;1.49618;-4.54527;-0.00171899;-0.000801616;0.000298551;-0.000713014;-0.0018076;1.00033;0.00192381;-0.00634796;0.998687;0.0209009;0.989379;1;3;1
215.531;1526.06;1.33704;-4.36523;-0.00419982;-0.00211624;0.00014096;-0.00210675;-0.00420931;0.989309;0.00741964;-0.0106437;1.00281;0.0202237;0.985331;1;3;1
238.531;1526.06;1.30111;-4.17808;-0.00265093;-0.00129651;0.000971498;-0.000789486;-0.00315796;0.999321;0.0058297;-0.00636495;1.00155;0.0189033;0.99202;1;3;1
261.531;1526.06;1.21319;-3.96603;-0.00189892;-0.000390745;0.00190918;0.000907879;-0.00319754;1.00111;0.0112519;-0.0150516;0.9997;0.023493;0.99088;1;3;1
284.531;1526.06;1.21194;-3.77855;-0.00144054;-0.00106846;0.00058684;-0.000638878;-0.00187012;0.99514;0.00606829;-0.00388831;0.997231;0.0206194;0.989138;1;3;1
307.531;1526.06;1.14561;-3.62406;-0.00280081;-0.00252118;0.00100703;-0.0016443;-0.00367768;0.996131;0.00584885;-0.0107388;1.00054;0.0201539;0.989485;1;3;1
330.531;1526.06;1.08115;-3.37596;-0.0026082;-0.00247054;0.00199688;-0.000541305;-0.00453743;0.998686;0.00338798;-0.010343;0.999448;0.0178329;0.993036;1;3;1
353.531;1526.06;1.02374;-3.22534;-0.00033406;-0.00128267;0.000507055;-0.000114053;-0.00150268;0.999615;0.00953146;-0.00926823;1.00221;0.0210237;0.99096;1;3;1
376.531;1526.06;1.06399;-2.96992;0.000468866;-0.00239411;0.00103757;0.000805346;-0.00273059;0.998271;0.00330168;-0.00639196;0.992948;0.0202367;0.99071;1;3;1
399.531;1526.06;1.04338;-2.80454;-0.00251072;-0.00314988;0.000865562;-0.00190762;-0.00375298;1.00428;0.00676776;-0.00608301;0.997699;0.0227118;0.988415;1;2;1
422.531;1526.06;0.946853;-2.59879;-0.00421405;-0.00165008;0.00126644;-0.00113002;-0.00473411;0.989164;0.0016295;-0.00867689;0.996061;0.0238044;0.983821;1;2;1
445.531;1526.06;0.847288;-2.39444;-0.00101258;0.000435613;0.00119774;0.00111113;-0.00168809;1.00445;0.00714913;-0.013578;0.997981;0.0216812;0.985971;1;3;1
468.531;1526.06;0.898054;-2.14953;-0.000444539;-0.00141174;0.00120097;0.000366547;-0.00222282;0.996533;0.0044512;-0.00362934;1.00095;0.0194011;0.991449;1;3;1
491.531;1526.06;0.825206;-2.00741;-0.000611854;-0.00176848;0.00164768;0.00055606;-0.00293639;1.0014;0.00616407;-0.0129489;1.00053;0.022201;0.987931;1;2;1
514.531;1526.06;0.868235;-1.7582;0.000197808;-0.000368236;0.00157697;0.00151695;-0.00168738;1.00097;0.00747337;-0.00676996;1.00039;0.0177087;0.990374;1;3;1
537.531;1526.06;0.832193;-1.56663;-0.00202097;-0.00360474;0.000317723;-0.00195961;-0.0036661;0.994065;0.00473331;-0.0102262;0.996084;0.0236277;0.985994;1;3;1
560.531;1526.06;0.773218;-1.33423;-0.00237082;-0.00156839;0.00130089;-0.00060825;-0.00333096;0.997837;0.0083922;-0.00691723;1.00373;0.0205312;0.990034;1;3;1
583.531;1526.06;0.721287;-1.16951;8.36396e-06;-0.00179725;0.00096138;0.000424387;-0.00221327;1.00418;0.00722451;-0.010185;0.994705;0.0241471;0.984909;1;3;1
606.531;1526.06;0.772099;-0.962219;5.30729e-05;0.000627043;0.00180395;0.0021667;-0.00148658;1.00003;0.0043853;-0.00697302;1.00777;0.020803;0.993175;1;3;1
629.531;1526.06;0.721824;-0.750898;-0.00159579;-0.00152352;0.00142408;-0.000135122;-0.00298419;1.00143;0.00488422;-0.0105616;0.996731;0.0254553;0.98305;1;3;1
652.531;1526.06;0.697204;-0.59986;-0.000304614;-0.000156593;0.00221825;0.00198888;-0.00245009;0.993533;0.00420019;-0.00694902;0.99384;0.0202268;0.988699;1;2;1
675.531;1526.06;0.706226;-0.369196;0.00113578;-0.00105727;0.00202971;0.00234622;-0.0022677;1.00177;0.00564644;-0.00469544;0.99968;0.0195022;0.98805;1;3;1
698.531;1526.06;0.747257;-0.153497;0.000558296;0.00172757;0.00246511;0.00367642;-0.00139056;1.00221;0.00148384;-0.0111462;1.00225;0.0179308;0.990676;1;3;1
721.531;1526.06;0.72941;0.109516;-0.00111846;0.000401733;0.00268668;0.00243377;-0.0031505;1.00033;0.00464936;-0.018722;0.995672;0.0228596;0.981222;1;3;1
744.531;1526.06;0.693178;0.335402;0.00189089;-0.00110826;0.000599301;0.00200621;-0.00122358;1.00457;0.00431102;-0.00502112;0.993895;0.0194428;0.988419;1;2;1
767.531;1526.06;0.814609;0.505445;0.000993764;-0.0007079;8.32123e-05;0.000997823;-0.00071196;1.00119;0.00517461;-0.00887177;1.00111;0.0202024;0.990344;1;3;1
790.531;1526.06;0.737705;0.66267;-0.00271766;-0.000150484;0.00247272;0.00135195;-0.00422009;0.997596;-0.00414911;-0.00897288;1.00165;0.0210505;0.98896;1;3;1
813.531;1526.06;0.687137;0.963691;0.00114883;-0.00129971;0.00204417;0.0023073;-0.00245818;1.00294;0.00763291;-0.00663039;1.00005;0.022735;0.98523;1;3;1
836.531;1526.06;0.788326;1.11233;0.0035982;-0.000791206;0.00116972;0.00389045;-0.00108346;1.00302;0.00620892;-0.0122792;1.00244;0.0251364;0.97809;1;2;1
859.531;1526.06;0.850813;1.34137;0.000117807;0.000542549;0.0026841;0.00302267;-0.00236231;0.996614;0.00242465;-0.00650951;1.00602;0.0308087;0.982279;1;3;1
882.531;1526.06;0.791745;1.54127;0.000539274;0.000137714;0.00133395;0.00168747;-0.00101048;1.00486;0.00899414;-0.0159834;1.00615;0.0314975;0.969732;1;3;1
905.531;1526.06;0.874146;1.70883;0.0046288;0.00122773;-0.00142622;0.00514771;0.000708822;1.00579;0.00394467;0.00105301;1.00126;0.0309792;0.961442;1;3;1
928.531;1526.06;1.00349;1.79383;0.000633904;-0.0018164;0.00055865;0.000755261;-0.00193775;0.993046;0.0156239;-0.0137236;1.00368;0.0316098;0.959932;1;3;1
951.531;1526.06;0.901835;2.07552;-0.00142777;0.000222969;0.00070474;0.000482907;-0.00168771;0.997243;0.0119855;-0.00949653;1.00535;0.0275219;0.977456;1;3;1
974.531;1526.06;0.934934;2.3038;-0.000869611;0.00295685;0.0029613;0.0045692;-0.00248196;1.00612;0.000141309;-0.0112412;1.00946;0.0288836;0.978786;1;3;1
997.531;1526.06;0.858988;2.58538;0.000208232;0.00140784;0.00160835;0.00252458;-0.000908515;1.00466;0.00086567;-0.00967684;1.0019;0.0311656;0.959962;1;3;1
1020.53;1526.06;0.942653;2.7174;-0.000188186;-0.00201946;0.000834253;0.000134873;-0.00234252;0.998102;0.00726182;-0.0105363;0.995466;0.0278493;0.979626;1;3;1
1043.53;1526.06;0.849042;2.92968;0.002097;-0.0021171;-5.82623e-05;0.0020978;-0.00211791;0.990334;0.00274398;-0.00504579;1.00215;0.0285321;0.972446;1;3;1
1066.53;1526.06;1.03734;3.11019;0.00156246;-0.000334241;6.63345e-05;0.00156478;-0.000336558;1.00279;0.0124781;-0.0119505;1.00239;0.0262805;0.975587;1;3;1
1089.53;1526.06;0.918943;3.34985;-0.0019259;-0.00268261;0.0021952;-7.66814e-05;-0.00453182;0.996664;0.011444;-0.0129821;0.992954;0.0266402;0.975506;1;3;1
1112.53;1526.06;0.945981;3.60647;0.00251049;-0.000559342;0.000527547;0.00259862;-0.00064747;1.00686;0.00981191;-0.00625769;1.00012;0.0232998;0.98003;1;3;1
1135.53;1526.06;1.03273;3.72821;0.000954247;-0.00179749;0.000719819;0.00113117;-0.00197441;0.999283;0.00873;-0.00608603;0.999741;0.0239929;0.9832;1;3;1
1158.53;1526.06;0.988003;4.0195;0.00211046;-0.000333032;0.0021045;0.00332215;-0.00154471;1.00813;-0.00207646;-0.00906544;1.00143;0.0296529;0.978898;1;3;1
1181.53;1526.06;1.12741;4.18812;0.00323998;-0.00026353;-0.00165506;0.00389817;-0.000921724;0.997941;0.0113511;-0.00922485;1.00163;0.0301103;0.97607;1;3;1
1204.53;1526.06;1.13576;4.32902;0.000436678;-0.000480096;-0.000165758;0.000465727;-0.000509146;0.997796;0.00790258;-0.00339799;0.999451;0.0226986;0.985523;1;3;1
1227.53;1526.06;1.14619;4.53543;0.00148685;-0.000290585;0.0015913;0.00242078;-0.00122452;1.00669;0.00612995;-0.0114414;0.995006;0.0228935;0.985132;1;2;1
1250.53;1526.06;1.20222;4.74571;0.00370086;-0.00065682;0.00118681;0.00400312;-0.000959081;1.00346;0.00525958;-0.00696526;0.99924;0.0237577;0.984862;1;2;1
1273.53;1526.06;1.31457;4.91262;0.00492294;-0.00184729;0.00171706;0.00533352;-0.00225787;1.00721;-0.00389583;-0.00680189;1.0046;0.0286742;0.988983;1;4;1
31.5305;1503.06;2.03271;-5.74231;-0.0020792;-0.00138184;-0.00235301;0.000648182;-0.00410923;0.99189;0.0111886;-0.00524497;1.00066;0.029808;0.975927;1;3;1
54.5305;1503.06;1.98463;-5.64603;-0.0034932;-0.00364897;0.000684148;-0.00288252;-0.00425965;0.99174;0.0033029;-0.0107606;0.995176;0.024877;0.984848;1;2;1
77.5306;1503.06;1.87082;-5.4529;-0.00408162;-0.00267369;0.00144573;-0.00176964;-0.00498566;0.993115;0.00211733;-0.00987326;0.996488;0.0246669;0.983302;1;3;1
100.531;1503.06;1.79434;-5.20158;-0.00355576;-0.00188971;3.21936e-05;-0.00188909;-0.00355638;1.00064;0.00413008;-0.00878653;1.0019;0.0218132;0.990138;1;2;1
123.531;1503.06;1.70517;-5.04724;-0.00309136;-0.00115231;-0.000269921;-0.00111544;-0.00312823;0.988705;0.00752787;-0.00596979;1.00264;0.0230796;0.981411;1;3;1
146.531;1503.06;1.65065;-4.86053;-0.00360085;-0.00164966;0.00146345;-0.000866431;-0.00438408;0.999449;0.00894045;-0.00996013;1.00747;0.0251783;0.980843;1;3;1
169.531;1503.06;1.53731;-4.62683;-0.00127235;-0.00208814;0.000959344;-0.000637784;-0.0027227;0.998589;0.0103053;-0.00700926;1.00106;0.0225178;0.987094;1;3;1
192.531;1503.06;1.59093;-4.53464;2.64597e-05;-0.00155102;0.000840791;0.00039056;-0.00191512;1.00258;0.00478776;-0.00729722;0.998079;0.0208283;0.987605;1;3;1
215.531;1503.06;1.53741;-4.30659;-0.00239938;-0.00145288;-8.08752e-05;-0.00144601;-0.00240624;0.993789;0.00957701;-0.0120952;0.998039;0.0211108;0.98778;1;2;1
238.531;1503.06;1.47893;-4.16405;-0.00360073;-0.00245585;-0.000294247;-0.00238465;-0.00367193;0.999088;0.00752118;-0.00102582;0.996941;0.019136;0.992992;1;4;1
261.531;1503.06;1.37018;-3.96139;-0.00311933;-0.000932149;0.00094593;-0.000579807;-0.00347168;0.994109;0.00276026;-0.0147988;0.997717;0.0231827;0.982465;1;3;1
284.531;1503.06;1.3333;-3.74498;-0.00160873;-0.00197639;0.00225153;0.000466464;-0.00405158;1.00042;0.00441454;-0.00515365;0.998769;0.0215931;0.991986;1;3;1
307.531;1503.06;1.29399;-3.52009;-0.0023346;-0.00395514;0.0017014;-0.00126038;-0.00502935;0.991034;0.00859496;-0.0140506;0.996064;0.0206615;0.991649;1;3;1
330.531;1503.06;1.22383;-3.32217;-0.000752819;-0.00146129;0.000147851;-0.000723202;-0.00149091;0.999687;0.00709021;-0.00477495;0.996767;0.0187608;0.990285;1;3;1
353.531;1503.06;1.25786;-3.15011;-0.000883046;-0.00264709;0.000617912;-0.000688138;-0.002842;0.999294;0.0112477;-0.0119898;0.999654;0.0186375;0.992708;1;3;1
376.531;1503.06;1.18138;-2.91375;-0.00246099;-0.000602225;0.00201398;0.000686472;-0.00374969;0.997284;0.0128526;-0.00882058;0.998956;0.0227708;0.989088;1;3;1
399.531;1503.06;1.1422;-2.68856;-0.00193615;-0.00130996;0.00140709;-0.000181549;-0.00306456;1.00057;0.00649094;-0.00962181;0.99852;0.0216811;0.987223;1;2;1
422.531;1503.06;1.09037;-2.50002;-0.00130727;-0.00270079;-0.000457284;-0.00117062;-0.00283745;0.995513;0.0102937;-0.00558766;0.99873;0.0227311;0.98944;1;3;1
445.531;1503.06;1.08083;-2.35724;-0.00174165;-0.00276975;0.00127726;-0.000878875;-0.00363253;0.998542;0.00569351;-0.0124274;0.994181;0.0265182;0.982748;1;3;1
468.531;1503.06;1.00834;-2.08862;-0.00214011;-0.00213474;0.00221134;7.39175e-05;-0.00434876;0.99748;0.00574306;-0.0114929;0.995645;0.0197224;0.988972;1;3;1
491.531;1503.06;0.980271;-1.92818;-0.00104608;-0.00277324;0.000569001;-0.000875474;-0.00294384;0.998595;0.00474054;-0.00713475;0.995504;0.0182882;0.991094;1;3;1
514.531;1503.06;0.95885;-1.73752;-0.000716457;-0.00218006;0.00139948;0.000131003;-0.00302752;0.999403;-0.00102719;-0.0121904;0.997414;0.0187308;0.991167;1;3;1
537.531;1503.06;0.945546;-1.52637;-0.000818619;-0.00243306;0.00141599;4.07309e-06;-0.00325576;1.00122;0.00395597;-0.0107351;0.995301;0.0311645;0.974955;1;3;1
560.531;1503.06;0.919375;-1.33036;-0.000689241;-0.00121703;0.00113402;0.00021118;-0.00211746;1.00333;0.00535168;-0.00452645;0.996664;0.0230651;0.98429;1;3;1
583.531;1503.06;0.911602;-1.07377;0.000443862;-0.00265;0.000665842;0.000581075;-0.00278722;1.00202;0.00659275;-0.0100456;0.998415;0.0195592;0.991237;1;3;1
606.531;1503.06;0.93818;-0.945629;-0.00117529;-0.000516417;0.000162766;-0.000478402;-0.0012133;0.998347;0.00958605;-0.00935239;0.995533;0.0207622;0.990393;1;3;1
629.531;1503.06;0.85626;-0.735257;-0.00317304;-4.18513e-05;0.00233534;0.00120412;-0.00441902;0.99719;0.00641331;-0.0116157;0.995688;0.0276007;0.977371;1;3;1
652.531;1503.06;0.789883;-0.506333;-0.000378425;-0.00258189;0.0017952;0.000626154;-0.00358647;0.996972;0.0075362;-0.00988359;0.995717;0.0211468;0.98838;1;2;1
675.531;1503.06;0.836514;-0.271814;0.0010518;-0.0022207;0.000605445;0.00116022;-0.00232912;1.00535;0.00374115;-0.00563033;0.993508;0.0219484;0.985798;1;3;1
698.531;1503.06;0.836809;-0.143292;0.000562047;-0.000583863;0.00144261;0.00154132;-0.00156313;0.99653;0.00247157;-0.00789245;0.999468;0.0209268;0.988835;1;3;1
721.531;1503.06;0.860827;0.103952;0.00180782;-0.000959347;0.00242887;0.00321954;-0.00237106;1.00315;0.0105719;-0.0147149;1.00235;0.0191577;0.991498;1;3;1
744.531;1503.06;0.917443;0.331977;0.00173607;0.000989674;0.00188603;0.00328547;-0.000559729;1.00467;0.0125646;-0.0114567;1.00163;0.0220212;0.989845;1;3;1
767.531;1503.06;0.937984;0.596475;-0.000121372;-0.00144834;0.00212605;0.00144232;-0.00301203;0.99793;0.00623397;-0.00940464;0.993196;0.0229308;0.982263;1;3;1
790.531;1503.06;0.910045;0.740589;-0.0014201;-0.0019053;0.00105974;-0.00057555;-0.00274985;1.00224;0.0113111;-0.00265287;0.997783;0.0224138;0.985063;1;3;1
813.531;1503.06;0.871018;0.979319;-0.000474053;0.00177731;0.000956701;0.00212894;-0.000825678;1.00373;0.00806925;-0.0116593;1.00333;0.0205735;0.988553;1;3;1
836.531;1503.06;0.886272;1.16526;-0.00079134;-0.000531645;0.000778329;0.000127593;-0.00145058;0.997913;0.00275995;-0.0128077;0.999796;0.0241285;0.989045;1;3;1
859.531;1503.06;0.833299;1.32544;0.000619775;0.000546513;0.00120829;0.00179199;-0.000625701;1.0011;0.002633;-0.000416625;1.00054;0.024042;0.98003;1;3;1
882.531;1503.06;0.913583;1.4962;0.00417895;0.000363799;0.000889695;0.00437622;0.000166522;1.0045;-0.00100742;-0.00755709;0.999633;0.0282915;0.97552;1;3;1
905.531;1503.06;1.02336;1.73007;0.00238199;-0.00065339;0.00167205;0.00312243;-0.00139383;0.999791;0.00904275;-0.015909;1.00445;0.0278075;0.979033;1;3;1
928.531;1503.06;1.01979;2.04243;0.00229394;-0.00406077;0.00267186;0.00326803;-0.00503485;0.996862;-0.000123006;-0.00340057;1.00035;0.0341507;0.965897;1;3;1
951.531;1503.06;1.12736;2.0898;0.000585945;-0.000711969;-0.00101803;0.00114427;-0.0012703;1.00694;0.00079398;-0.00214203;1.00141;0.028465;0.970485;1;3;1
974.531;1503.06;1.04637;2.22577;-0.00149689;-0.000126716;0.00151248;0.000848603;-0.00247221;0.990686;0.00380459;-0.0137889;1.00128;0.0284893;0.976581;1;3;1
997.531;1503.06;1.05646;2.51684;-0.000753105;6.14031e-05;0.00254978;0.00223625;-0.00292795;1.01117;0.00912331;-0.0114703;1.00296;0.0271168;0.978681;1;3;1
1020.53;1503.06;1.00844;2.77396;0.00147601;-0.00309387;0.00172997;0.00205703;-0.0036749;0.989931;0.0112666;-0.0126664;1.0014;0.027938;0.967881;1;3;1
1043.53;1503.06;1.12189;2.98901;0.00362868;-0.000937169;0.000480042;0.0036786;-0.000987093;1.007;0.0110226;-0.00191733;0.995954;0.0289905;0.972479;1;3;1
1066.53;1503.06;1.1735;3.15396;0.000629317;-0.00307037;0.00207296;0.0015578;-0.00399885;1.00374;0.00575504;-0.0156175;0.995813;0.0271118;0.969285;1;3;1
1089.53;1503.06;1.14822;3.47898;-3.54481e-05;-0.000229926;0.00108648;0.000958133;-0.00122351;1.00207;0.00328743;-0.00935427;1.00617;0.0300144;0.9688;1;4;1
1112.53;1503.06;1.1698;3.59023;0.0017492;-0.000136441;-0.000439681;0.00184668;-0.000233924;1.00316;0.00472994;-0.00522993;0.999035;0.0264548;0.980401;1;3;1
1135.53;1503.06;1.2275;3.79869;0.0017421;-0.00210851;0.00019685;0.00175213;-0.00211855;0.99869;0.000546224;-0.0110817;0.99476;0.0236375;0.9839;1;3;1
1158.53;1503.06;1.24804;4.0007;0.00423411;0.000792626;-0.000410421;0.00428238;0.000744358;1.00555;0.00896995;-0.00560504;1.00232;0.0214263;0.990296;1;3;1
1181.53;1503.06;1.42007;4.20516;0.00205786;0.000429081;3.44111e-05;0.00205859;0.000428355;1.00562;0.011673;-0.0112094;0.998076;0.0364818;0.95954;1;3;1
1204.53;1503.06;1.34112;4.3701;-0.00224513;-0.00158768;-0.0002571;-0.00149908;-0.00233373;0.99756;0.00505048;-0.00632051;0.994614;0.0252623;0.98176;1;3;1
1227.53;1503.06;1.31524;4.56846;0.0011433;-0.00153836;0.000405369;0.00120324;-0.00159829;1.00064;0.00854414;-0.00672468;1.00073;0.0221243;0.985668;1;3;1
1250.53;1503.06;1.39164;4.80394;0.00138946;-0.0019837;0.000701988;0.00152972;-0.00212395;0.999822;0.0132438;-0.00995548;0.995878;0.0238855;0.980989;1;2;1
1273.53;1503.06;1.3777;4.92924;-0.000590991;-0.00231496;-0.000600962;-0.000402179;-0.00250377;1.00465;0.000738842;-0.000835494;0.988146;0.0355822;0.971863;1;3;1
31.5305;1480.06;2.2643;-5.76695;-0.00602853;-0.00105175;9.65074e-05;-0.00104988;-0.0060304;0.993179;0.00552597;-0.005257;0.994578;0.0232858;0.98477;1;3;1
54.5305;1480.06;2.12427;-5.55795;-0.00574619;-0.00230979;-0.000721293;-0.00216454;-0.00589145;0.996993;0.00230713;-0.0109254;0.993121;0.0242216;0.982821;1;3;1
77.5306;1480.06;1.9978;-5.40704;-0.00277639;-0.00262482;-0.000913759;-0.00178371;-0.0036175;0.995345;0.0077809;-0.00268987;1.00029;0.0238516;0.989447;1;3;1
100.531;1480.06;1.99486;-5.18523;-0.0016125;-0.000417262;-0.000700829;-9.38425e-05;-0.00193592;0.997203;0.0124563;-0.00925056;1.00017;0.024159;0.986525;1;3;1
123.531;1480.06;1.92183;-5.00815;-0.00381747;-0.00263901;-0.000912038;-0.00214242;-0.00431406;0.997251;0.0137059;-0.00669518;0.995686;0.0220801;0.99006;1;3;1
146.531;1480.06;1.81757;-4.83353;-0.00575297;-0.00295298;0.00027881;-0.00292548;-0.00578047;0.985103;0.00994548;-0.0111604;0.990734;0.0244135;0.985424;1;3;1
169.531;1480.06;1.65483;-4.62628;-0.00168526;-0.00213429;-0.00021665;-0.00159777;-0.00222177;1.00866;0.00207216;-0.00760845;0.998766;0.0273526;0.981225;1;3;1
192.531;1480.06;1.73857;-4.47323;0.00134382;-0.00229964;-0.000368428;0.0013807;-0.00233652;1.00164;0.0109499;-0.0075967;0.997912;0.0210826;0.986308;1;3;1
215.531;1480.06;1.71543;-4.29679;-0.00136581;-0.00114748;-6.53287e-05;-0.00112943;-0.00138386;0.996609;0.00823467;-0.0116908;0.997627;0.0211296;0.992007;1;2;1
238.531;1480.06;1.67387;-4.06346;-0.0036455;-0.00279879;0.000169234;-0.00276622;-0.00367807;0.994297;0.0110549;-0.00917563;0.99908;0.0221643;0.985162;1;3;1
261.531;1480.06;1.54589;-3.92193;-0.00491645;-0.00286017;0.000743926;-0.00261926;-0.00515737;0.998308;0.00944421;-0.0073646;0.996189;0.023907;0.981613;1;3;1
284.531;1480.06;1.44561;-3.68695;-0.00287706;-0.00228032;0.00102494;-0.0015112;-0.00364618;0.994934;0.00735342;-0.00914283;0.995827;0.01785;0.990929;1;3;1
307.531;1480.06;1.41084;-3.44099;-0.000147503;-0.00116899;0.000103765;-0.000137069;-0.00117943;0.994924;0.00158362;-0.0124345;0.996133;0.0253443;0.986185;1;3;1
330.531;1480.06;1.43726;-3.30731;-0.000761542;-0.000741924;-0.000136658;-0.000614724;-0.000888742;1.00159;0.00893481;-0.00114188;1.00072;0.0179188;0.992205;1;3;1
353.531;1480.06;1.37454;-3.10207;-0.00206604;-0.00179612;0.000948136;-0.000973387;-0.00288877;0.998592;0.00360559;-0.00949987;0.994659;0.0200163;0.99135;1;3;1
376.531;1480.06;1.34066;-2.94138;-0.000988118;-0.000130469;-0.000102491;-0.000118391;-0.0010002;0.994808;0.00595926;-0.00557307;1.00677;0.0192206;0.992442;1;4;1
399.531;1480.06;1.32767;-2.74337;-0.000400795;0.000332905;0.00187407;0.0018757;-0.00194359;1.00057;0.00213201;-0.0115408;1.00187;0.020069;0.991244;1;3;1
422.531;1480.06;1.31983;-2.47287;-0.00400553;-0.000274761;0.00116767;6.05613e-05;-0.00434085;0.997159;0.00611997;-0.00822589;0.998578;0.0202197;0.990486;1;2;1
445.531;1480.06;1.14056;-2.26592;-0.00422246;-0.00200231;0.00136072;-0.0013563;-0.00486847;0.996517;0.00943604;-0.0125687;0.998823;0.0182101;0.992523;1;2;1
468.531;1480.06;1.12324;-2.05067;-0.000339752;-0.000957965;0.000896521;0.000299455;-0.00159717;0.994356;0.00980787;-0.00232936;1.00129;0.018889;0.991877;1;3;1
491.531;1480.06;1.12329;-1.8787;0.000414249;-0.00134232;0.00116939;0.000998446;-0.00192652;1.00605;0.0125654;-0.0110333;1.00377;0.0244097;0.985829;1;3;1
514.531;1480.06;1.14061;-1.657;-0.000282778;-0.00246788;0.00119278;0.000242196;-0.00299285;0.997687;0.0031729;-0.00946297;0.994501;0.0198771;0.990287;1;3;1
537.531;1480.06;1.10832;-1.45374;-0.000388245;-0.00208922;0.000840271;-4.31646e-05;-0.0024343;0.996806;0.00711964;-0.00772459;0.998791;0.0259024;0.983523;1;2;1
560.531;1480.06;1.12118;-1.27689;-0.00136673;-0.00097895;0.000553673;-0.000586198;-0.00175948;1.00687;0.0092081;-0.00682249;0.998793;0.0218073;0.988854;1;3;1
583.531;1480.06;1.0436;-1.04631;-0.000523258;0.00258092;0.000740235;0.0027484;-0.000690741;0.997615;0.00976788;-0.0105098;1.007;0.0217132;0.99059;1;3;1
606.531;1480.06;1.09585;-0.937318;-0.0020775;-0.00139612;-0.000328781;-0.00126334;-0.00221027;1.00167;0.00556316;-0.00817792;0.998268;0.0239152;0.983616;1;3;1
629.531;1480.06;0.94697;-0.748422;-0.00215334;-0.00196386;0.00113292;-0.000921733;-0.00319547;0.999815;0.00981804;-0.0123531;1.00013;0.0294346;0.972677;1;3;1
652.531;1480.06;0.994409;-0.479977;0.00147925;-2.31939e-06;0.00109922;0.002064;-0.000587076;0.996283;0.00584209;-0.0101018;1.00562;0.0258428;0.982657;1;3;1
675.531;1480.06;1.01244;-0.265908;-6.73122e-05;0.000535077;0.000340706;0.000688634;-0.000220869;0.995505;0.00681027;-0.00493191;1.00074;0.0217759;0.987862;1;3;1
698.531;1480.06;0.98995;-0.125991;-0.000656221;-0.00139085;0.0012119;0.000242806;-0.00228987;1.00354;0.00508872;-0.00635196;0.993244;0.0216729;0.98878;1;3;1
721.531;1480.06;0.980321;0.154352;0.000523297;-0.000527706;0.00146038;0.00154984;-0.00155425;1.00016;0.00213005;-0.0112169;0.999373;0.0206571;0.990014;1;2;1
744.531;1480.06;1.01213;0.291004;0.00105795;0.000273775;0.00184678;0.00255381;-0.00122209;1.00231;0.00592496;-0.00434989;0.999722;0.0201694;0.987183;1;3;1
767.531;1480.06;1.02706;0.572608;0.000280625;2.91678e-05;0.00267486;0.00283271;-0.00252291;0.999298;0.00379046;-0.0137009;1.0045;0.018669;0.990675;1;3;1
790.531;1480.06;1.02273;0.751282;-2.82969e-05;-0.000680664;0.00127031;0.000957036;-0.001666;1.00429;0.00155162;-0.00202956;1.00279;0.0215993;0.987024;1;3;1
813.531;1480.06;1.02471;0.883243;0.000908288;-1.40293e-05;0.000585419;0.00119237;-0.000298111;0.997299;0.0104776;-0.00899401;0.997869;0.0213704;0.983664;1;3;1
836.531;1480.06;1.06287;1.13761;0.00104327;-0.00026943;0.000643591;0.00130616;-0.000532321;1.00439;0.0109917;-0.0104483;1.00232;0.0248146;0.974573;1;3;1
859.531;1480.06;1.07064;1.31676;0.00113322;0.000590223;-0.00101331;0.00191077;-0.000187329;0.995883;0.0170369;-0.0103607;0.997182;0.0226107;0.985709;1;3;1
882.531;1480.06;1.11334;1.52566;0.00428256;-0.000680516;0.000508153;0.00433405;-0.00073201;1.01542;0.00649471;-0.0151114;0.997019;0.0290013;0.969175;1;3;1
905.531;1480.06;1.26527;1.74056;0.000100079;-0.00130525;0.0014615;0.00101906;-0.00222422;0.995758;0.00209824;-0.00239138;0.99333;0.030746;0.970071;1;3;1
928.531;1480.06;1.11568;1.98114;-0.00185158;0.000584839;0.00189272;0.0016175;-0.00288424;0.997723;0.00174055;-0.00635134;0.993808;0.027469;0.980753;1;2;1
951.531;1480.06;1.17854;2.10911;0.00236583;-0.00158284;0.0019167;0.00314318;-0.00236018;1.00581;0.00442058;-0.0115118;0.996105;0.02816;0.973671;1;2;1
974.531;1480.06;1.22321;2.31053;-6.98665e-05;-0.00476437;0.00177815;0.000527608;-0.00536185;0.991802;0.00575325;-0.00189719;0.99656;0.0254874;0.977566;1;3;1
997.531;1480.06;1.17288;2.58362;0.000735828;-0.00068631;0.0025338;0.00265644;-0.00260692;1.00559;0.00265834;-0.0205165;1.00091;0.0301441;0.974903;1;3;1
1020.53;1480.06;1.25375;2.861;0.000262743;-0.000647914;3.0507e-05;0.000263764;-0.000648935;0.998905;0.00438983;-0.00486665;0.995866;0.0223728;0.984025;1;3;1
1043.53;1480.06;1.18331;2.97403;0.00180219;0.000433338;0.00198005;0.00321277;-0.000977242;1.00727;-6.61008e-06;-0.00973971;1.00191;0.0337738;0.964275;1;3;1
1066.53;1480.06;1.33491;3.25261;0.00159922;-0.000804298;0.00250971;0.00318006;-0.00238514;0.995768;0.00110223;-0.00303731;1.00121;0.0292352;0.977434;1;3;1
1089.53;1480.06;1.25518;3.36165;-0.000609101;0.00180548;0.000836891;0.00206718;-0.000870802;1.00286;0.00536646;-0.0106648;1.00036;0.0258374;0.977158;1;3;1
1112.53;1480.06;1.30547;3.61415;0.00371793;-0.000646412;0.00130551;0.00407864;-0.00100712;1.00024;0.0102749;-0.00637035;0.997848;0.0231555;0.985705;1;2;1
1135.53;1480.06;1.42354;3.82697;0.00275831;-0.00135029;0.000270555;0.00277605;-0.00136803;1.00157;0.0129466;-0.0121081;1.00767;0.024472;0.98407;1;3;1
1158.53;1480.06;1.43068;3.98518;0.00153985;7.52103e-05;-0.000165084;0.00155822;5.68337e-05;1.00753;0.0125987;-0.00366698;0.995582;0.0206914;0.988068;1;3;1
1181.53;1480.06;1.49305;4.16984;0.0020505;-0.00024532;0.00288275;0.00400548;-0.00220031;1.00366;-0.000163319;-0.0131677;1.00149;0.0227027;0.989603;1;3;1
1204.53;1480.06;1.52301;4.40374;0.00110186;-0.000758574;0.00151937;0.00195316;-0.00160987;1.00126;0.0147671;-0.00910069;0.997824;0.0257813;0.984258;1;3;1
1227.53;1480.06;1.54162;4.60795;-0.000514228;4.82575e-05;0.0014535;0.00124748;-0.00171345;0.998048;0.0084692;-0.00514855;0.993903;0.0246299;0.982073;1;2;1
1250.53;1480.06;1.4973;4.838;0.00174668;-0.00193518;0.000499447;0.00181322;-0.00200172;0.999095;0.00299158;-0.00927303;0.995954;0.0254036;0.980038;1;2;1
1273.53;1480.06;1.62005;5.02025;0.00538286;-0.00201041;-0.00158946;0.00571009;-0.00233764;1.01859;0.0119035;-0.0103948;1.00494;0.0297085;0.981848;1;4;1
31.5305;1457.06;2.44388;-5.69206;-0.00133959;-0.00389668;-1.86731e-05;-0.00133945;-0.00389681;1.00129;0.00685715;-0.00807932;0.99742;0.0266903;0.984119;1;2;1
54.5305;1457.06;2.41253;-5.53767;-0.0024872;-0.00227501;0.000403657;-0.00196374;-0.00279847;1.00305;0.00643665;-0.0103388;1.00124;0.0263755;0.984403;1;3;1
77.5306;1457.06;2.3279;-5.32972;-0.00331736;-0.00342312;-0.000532053;-0.00283556;-0.00390491;0.999473;0.00867272;-0.00314707;0.997396;0.0223744;0.989972;1;3;1
100.531;1457.06;2.25829;-5.18004;-0.00400464;-0.00133162;0.000766625;-0.00112736;-0.0042089;0.989016;0.0101051;-0.0100577;1.00026;0.0226824;0.990358;1;2;1
123.531;1457.06;2.14152;-4.92361;-0.00538108;-0.00206308;0.00131446;-0.00160545;-0.0058387;0.99462;0.00665804;-0.00850537;0.99656;0.0206742;0.989612;1;3;1
146.531;1457.06;2.00781;-4.7231;-0.0048229;-0.00201491;0.000416575;-0.00195441;-0.00488339;0.998445;0.0106666;-0.0081228;0.999429;0.0235383;0.991063;1;2;1
169.531;1457.06;1.91741;-4.52698;-0.00116879;-0.00217611;-0.00189957;0.000292752;-0.00363766;1.00436;0.00659002;-0.00386674;0.9959;0.0284805;0.977564;1;3;1
192.531;1457.06;1.95306;-4.4273;0.000798273;-0.00128879;-0.00130298;0.00142408;-0.0019146;0.99864;0.00524932;-0.00942642;0.998427;0.0232341;0.985675;1;3;1
215.531;1457.06;1.95329;-4.25189;-0.00245102;-0.0013479;0.000586265;-0.00109452;-0.0027044;0.99349;0.0110579;-0.0125826;1.00232;0.0227862;0.98812;1;3;1
238.531;1457.06;1.83848;-4.03372;-0.00590954;-0.000191917;0.001735;0.000293376;-0.00639483;0.99692;0.011423;-0.0109851;1.00118;0.0233979;0.984622;1;3;1
261.531;1457.06;1.67868;-3.8286;-0.0025364;-0.0033237;0.000259832;-0.00245838;-0.00340172;0.995183;0.00681235;-0.00829841;0.99437;0.0308295;0.971751;1;3;1
284.531;1457.06;1.71996;-3.63834;-0.000294373;-0.00109115;-0.000706017;0.000117901;-0.00150342;1.00008;0.0136542;-0.00259766;1.0004;0.0203851;0.991616;1;3;1
307.531;1457.06;1.6637;-3.4648;-0.00310957;0.000162306;-0.000418597;0.000215012;-0.00316227;0.997024;0.00876497;-0.00693039;1.0037;0.0222463;0.9903;1;3;1
330.531;1457.06;1.57535;-3.28668;-0.0027243;-0.00215858;0.00148712;-0.000927661;-0.00395522;1.00282;0.00921953;-0.00912159;0.999796;0.0193211;0.992266;1;3;1
353.531;1457.06;1.53648;-3.06657;-0.000520459;-0.00102404;1.7146e-05;-0.000519876;-0.00102462;0.9933;0.00881906;-0.011742;0.99633;0.0190693;0.993764;1;3;1
376.531;1457.06;1.54982;-2.90627;-0.00209501;-0.00119622;0.000454732;-0.00100629;-0.00228494;1.00274;0.0104147;-0.00320053;0.99976;0.0240513;0.990558;1;3;1
399.531;1457.06;1.43857;-2.70292;-0.00187107;-0.00272293;0.000862988;-0.00133463;-0.00325938;0.997817;0.00682056;-0.0113649;0.99196;0.0209959;0.989382;1;2;1
422.531;1457.06;1.46175;-2.48588;-0.00126496;-2.62146e-05;0.00172914;0.00119113;-0.00248231;0.998464;0.00337824;-0.0106831;1.00037;0.0200921;0.98867;1;3;1
445.531;1457.06;1.37825;-2.26408;-0.00318626;-0.000323201;0.000375181;-0.000274853;-0.00323461;0.995786;0.00852164;-0.0103905;1.00027;0.0215422;0.989856;1;3;1
468.531;1457.06;1.31281;-2.04352;-0.00240584;0.000296494;0.000148203;0.000304598;-0.00241394;0.999554;0.010387;-0.00584887;1.0007;0.0207794;0.989283;1;2;1
491.531;1457.06;1.26572;-1.8655;-0.000820767;-0.000100276;0.000385258;6.69255e-05;-0.000987969;0.99922;0.0108384;-0.00406843;0.998696;0.0209683;0.990079;1;2;1
514.531;1457.06;1.27312;-1.62278;-0.000347205;-0.00045768;0.00145578;0.00105438;-0.00185927;0.999799;0.00918891;-0.0172586;1.00375;0.0210443;0.989441;1;3;1
537.531;1457.06;1.24767;-1.42917;8.86983e-05;0.000137149;0.000720255;0.000833586;-0.000607739;1.00097;0.00594637;-0.00584342;1.00213;0.0209099;0.985224;1;3;1
560.531;1457.06;1.27595;-1.28393;-0.00136792;-0.00139985;-1.13313e-05;-0.00136431;-0.00140346;0.994138;0.00754757;0.00132782;0.996454;0.0265575;0.975276;1;3;1
583.531;1457.06;1.18409;-1.19154;-0.000165005;-0.000652399;0.000286111;-3.28721e-05;-0.000784531;1.00463;0.0105101;-0.017321;1.00102;0.0280309;0.985085;1;3;1
606.531;1457.06;1.26659;-0.880189;0.000617797;-0.00199582;0.00305811;0.00263662;-0.00401464;0.998636;0.00996461;-0.00661643;1.00393;0.0204941;0.988205;1;3;1
629.531;1457.06;1.20924;-0.643474;-0.00204881;-0.00145107;9.95744e-05;-0.00143492;-0.00206496;0.99925;0.0060735;-0.00969028;1.00256;0.0241145;0.981436;1;2;1
652.531;1457.06;1.17071;-0.50465;-0.00105493;-0.000826981;0.000353472;-0.000569562;-0.00131235;0.995345;0.00908964;-0.00561759;0.991585;0.0205498;0.986499;1;3;1
675.531;1457.06;1.15937;-0.295289;-0.000511509;-0.00059175;0.00145834;0.000907265;-0.00201052;0.997799;0.00468881;-0.00646773;1.00351;0.0204533;0.990958;1;3;1
698.531;1457.06;1.1452;-0.0782334;-0.000310962;-0.000692314;0.000866086;0.000385189;-0.00138846;0.99707;0.00870649;-0.00815476;1.00545;0.0198312;0.989171;1;3;1
721.531;1457.06;1.1431;0.129099;0.00048226;0.000904243;0.000209257;0.000990415;0.000396088;1.00469;0.0129587;-0.00851386;1.00425;0.0215378;0.988117;1;3;1
744.531;1457.06;1.16565;0.320055;0.000247813;-0.0021467;0.00202452;0.0014026;-0.00330149;0.998646;0.00888478;-0.00910435;0.999514;0.0215035;0.985915;1;3;1
767.531;1457.06;1.15214;0.595631;-0.00129953;-0.000181777;0.00189713;0.00123708;-0.00271839;0.994663;0.0101009;-0.0133167;0.99969;0.0206335;0.989296;1;3;1
790.531;1457.06;1.10361;0.772318;0.0011454;0.000408867;0.000695525;0.00156414;-9.86939e-06;1.00387;0.00658458;-0.00541307;1;0.0239855;0.98644;1;3;1
813.531;1457.06;1.20318;0.981163;0.00344639;-0.00109416;0.000849439;0.0036001;-0.00124787;1.00494;-0.00128287;-0.00904307;1.0009;0.0259688;0.979963;1;2;1
836.531;1457.06;1.26008;1.17918;0.00244171;-0.000242161;7.10372e-05;0.00244359;-0.00024404;1.00173;0.00396746;-0.00899031;0.997965;0.0236364;0.988151;1;3;1
859.531;1457.06;1.31425;1.30081;0.000652179;-0.000123515;-0.000191983;0.000697094;-0.00016843;0.998529;0.00585693;-0.00292519;1.00225;0.0228511;0.980149;1;2;1
882.531;1457.06;1.28874;1.52905;0.000698447;-0.00146946;0.0019155;0.00181542;-0.00258644;1.00295;0.00904234;-0.0157121;0.999028;0.0265453;0.970943;1;2;1
905.531;1457.06;1.34376;1.79127;-0.00155014;0.000615262;0.00338702;0.00308842;-0.0040233;0.997444;0.00658113;-0.0102965;1.00376;0.0290972;0.975248;1;3;1
928.531;1457.06;1.21479;2.01595;-0.0013626;-0.00134059;0.000661799;-0.000689704;-0.00201348;0.99846;0.0123032;-0.0047321;1.00513;0.0292033;0.965281;1;3;1
951.531;1457.06;1.27953;2.16292;0.00309753;0.000734389;0.000655061;0.00326696;0.000564955;1.00071;0.0113642;-0.0113982;1.00245;0.030218;0.964682;1;3;1
974.531;1457.06;1.35505;2.4465;0.00207388;-0.00115643;0.000615053;0.00218703;-0.00126958;1.00358;0.00895071;-0.00461712;0.997904;0.032648;0.964317;1;3;1
997.531;1457.06;1.37321;2.54951;0.000914237;0.000313545;-8.30698e-05;0.000925513;0.000302269;1.00019;0.0129024;-0.00882115;1.00066;0.0246497;0.9788;1;3;1
1020.53;1457.06;1.39569;2.80541;-0.000872642;0.0012654;0.00160197;0.00212229;-0.00172953;0.999528;0.0111218;-0.00989002;1.01073;0.0260013;0.980646;1;3;1
1043.53;1457.06;1.33113;2.96956;-0.00139891;0.000182026;0.00109807;0.000744554;-0.00196144;0.996914;0.0153223;-0.0101147;1.00353;0.028889;0.971462;1;3;1
1066.53;1457.06;1.32967;3.19123;0.00227305;0.00208708;0.00195433;0.0041366;0.000223523;1.01015;0.014718;-0.00722109;0.995307;0.0280932;0.975186;1;3;1
1089.53;1457.06;1.43359;3.39689;0.00404654;-0.000546696;0.000462481;0.00409264;-0.000592799;1.00473;0.00974337;-0.0116652;0.998991;0.0242995;0.97681;1;3;1
1112.53;1457.06;1.51344;3.62126;0.00306874;-0.000780093;0.000955217;0.00329277;-0.00100412;0.997332;0.00613046;-0.00587423;1.00242;0.02555;0.981104;1;3;1
1135.53;1457.06;1.57219;3.86214;0.00203851;-0.000119994;0.00111405;0.00251035;-0.000591834;0.996567;0.00758182;-0.00686595;0.997813;0.0309176;0.980159;1;3;1
1158.53;1457.06;1.60557;3.99863;4.73797e-05;-0.000551024;0.00036141;0.000217367;-0.000721011;1.00242;0.00551048;-0.0104448;0.999081;0.0235942;0.982005;1;3;1
1181.53;1457.06;1.57301;4.2167;0.000761712;-0.00366504;0.0010348;0.000991663;-0.00389499;1.00182;0.0160789;-0.0131827;0.989702;0.0244157;0.983205;1;3;1
1204.53;1457.06;1.63879;4.40597;0.000963113;-0.00184973;0.000907949;0.00123073;-0.00211734;1.00313;0.00263639;-0.0090239;0.999408;0.0223019;0.984977;1;3;1
1227.53;1457.06;1.61596;4.56722;0.00261989;-0.000624296;0.0019455;0.00353081;-0.00153522;0.9989;0.00664701;-0.00378419;1.00342;0.0246272;0.983337;1;3;1
1250.53;1457.06;1.75656;4.8945;0.00591488;-0.00149143;-5.3054e-05;0.00591526;-0.00149181;1.00331;0.00749508;-0.00753416;0.99851;0.0210916;0.986148;1;3;1
1273.53;1457.06;1.88498;5.02461;0.005615;-0.00198106;-0.00083486;0.00570567;-0.00207173;1.00791;0.00388092;-0.00571174;0.998267;0.0282218;0.977497;1;3;1
31.5305;1434.06;2.57402;-5.58631;-0.00538414;-0.00273016;-0.00107717;-0.00234799;-0.0057663;0.992512;0.00907739;-0.0120437;0.995634;0.0246112;0.982029;1;3;1
54.5305;1434.06;2.44945;-5.45203;-0.00365149;-0.00448853;0.00131839;-0.00268679;-0.00545323;0.996591;0.00137693;-0.00392873;0.99604;0.0230784;0.988675;1;3;1
77.5306;1434.06;2.40449;-5.24751;-0.00254045;-0.00279056;0.00122404;-0.00143509;-0.00389592;1.00275;0.00117209;-0.00499969;0.995046;0.0192434;0.991964;1;2;1
100.531;1434.06;2.33126;-5.1227;-0.00313734;-0.00345908;0.000200004;-0.00304154;-0.00355488;0.988618;0.00118243;-0.00981181;0.991067;0.0227208;0.98726;1;3;1
123.531;1434.06;2.25872;-4.91192;-0.0033172;-0.000413308;0.000963117;-0.000122916;-0.00360759;0.995633;0.000994173;-0.0114532;0.997689;0.0223964;0.985209;1;3;1
146.531;1434.06;2.17681;-4.73935;-0.00286065;-0.00118214;3.98347e-05;-0.00118119;-0.00286159;0.997853;0.0101185;-0.00645281;1.00032;0.022563;0.990886;1;3;1
169.531;1434.06;2.12529;-4.52365;-0.000929823;-0.000608508;-0.00111467;0.000357019;-0.00189535;1.00102;0.0134139;-0.0067539;1.00323;0.0237171;0.984607;1;3;1
192.531;1434.06;2.13286;-4.41222;-0.00149888;-0.00157827;-0.000303341;-0.00123265;-0.00184451;1.00583;0.00880533;-0.00622482;0.99625;0.02046;0.990904;1;3;1
215.531;1434.06;2.05538;-4.23349;-0.00417416;-0.0023743;0.00105247;-0.00188947;-0.00465899;0.985847;0.00408597;-0.00954534;0.998176;0.0210283;0.988976;1;3;1
238.531;1434.06;1.93904;-4.05386;-0.0029523;-0.00274516;0.00248235;-0.000364218;-0.00533324;0.998428;-0.00382365;-0.0125679;0.994529;0.0229111;0.985734;1;3;1
261.531;1434.06;1.917;-3.76728;-0.00136948;-0.000709634;0.000671332;-0.000291537;-0.00178758;0.999281;0.00887261;-0.0123574;0.999257;0.0220215;0.991595;1;3;1
284.531;1434.06;1.87409;-3.63473;-0.00246667;-0.00187997;0.000813112;-0.00130891;-0.00303773;0.992885;-0.00384429;-0.00287825;0.999207;0.0234966;0.987638;1;3;1
307.531;1434.06;1.80227;-3.44679;-0.0037662;-0.00162258;0.00208895;-0.000346524;-0.00504226;0.993923;0.00436886;-0.00889395;0.99889;0.0186554;0.991899;1;3;1
330.531;1434.06;1.69852;-3.20716;-0.00102998;-0.00304346;0.00094308;-0.000657254;-0.00341618;1.00333;0.00495165;-0.00924341;0.994204;0.0197356;0.989003;1;3;1
353.531;1434.06;1.75319;-3.05338;-0.000753599;-0.00285503;0.000759371;-0.000507917;-0.00310071;0.996397;0.00765617;-0.0041464;1.00161;0.0217805;0.987414;1;3;1
376.531;1434.06;1.66272;-2.88519;-0.0018017;-0.00256348;0.00196339;-0.000182596;-0.00418258;0.998644;0.00235582;-0.0119027;0.997117;0.02627;0.985926;1;3;1
399.531;1434.06;1.66816;-2.61668;-0.00132317;-0.00232097;0.000826888;-0.000856337;-0.00278781;1.00223;0.00506952;-0.00646329;0.997134;0.0226904;0.988806;1;3;1
422.531;1434.06;1.59994;-2.47081;-0.00254298;-0.00214221;0.00168538;-0.000645343;-0.00403985;0.993574;0.00201182;-0.0115149;0.99513;0.0258043;0.986279;1;2;1
445.531;1434.06;1.54956;-2.24923;-0.00193061;-0.00139055;0.00112695;-0.000501726;-0.00281943;0.998654;0.0090372;-0.0121762;1.00076;0.0223753;0.984326;1;3;1
468.531;1434.06;1.50923;-2.06269;-0.000850721;-0.000454798;0.000337542;-0.00026145;-0.00104407;0.996398;0.00475349;-0.00149988;0.997657;0.0190821;0.990229;1;3;1
491.531;1434.06;1.50887;-1.87247;-0.00139732;-0.00132326;0.000644477;-0.000714749;-0.00200583;0.998668;-0.000685153;-0.00671673;0.997285;0.0230381;0.987425;1;3;1
514.531;1434.06;1.44292;-1.63495;-0.00273679;-0.000189938;0.00103905;0.000180181;-0.00310691;0.999306;0.00589877;-0.00960939;0.996875;0.018843;0.989978;1;3;1
537.531;1434.06;1.38094;-1.45924;-0.001762;0.000635096;0.00127593;0.00118712;-0.00231403;1.0002;0.00816922;-0.00926919;0.99523;0.0203743;0.986909;1;3;1
560.531;1434.06;1.35985;-1.21183;0.000913925;-0.00188676;0.00202533;0.00197588;-0.00294871;0.999262;0.00500878;-0.0082608;0.995586;0.0185244;0.991735;1;3;1
583.531;1434.06;1.42082;-1.01475;6.38063e-05;-0.00446052;8.99702e-05;6.55947e-05;-0.00446231;1.004;0.00444468;-0.00989979;0.989524;0.0237379;0.983143;1;2;1
606.531;1434.06;1.36132;-0.844651;-0.00230258;-0.00152207;0.00118718;-0.000662648;-0.003162;0.996988;0.00510755;-0.00683134;0.993527;0.0212637;0.989302;1;3;1
629.531;1434.06;1.31355;-0.680161;-0.00107383;-0.000945339;0.00113024;0.000122485;-0.00214165;1.0012;0.00670817;-0.00715259;0.997136;0.0213827;0.986684;1;3;1
652.531;1434.06;1.31012;-0.440836;-0.000148642;-0.00219732;0.00193873;0.00101972;-0.00336568;0.99588;0.000698602;-0.00963723;0.999905;0.0179058;0.990195;1;3;1
675.531;1434.06;1.30459;-0.237751;0.00055819;-0.00283127;0.000900907;0.000782767;-0.00305585;1.00107;0.00182138;-0.00488883;0.991868;0.0204026;0.990115;1;2;1
698.531;1434.06;1.33447;-0.0928421;0.00122451;-0.000784952;0.000657968;0.00142078;-0.000981224;0.998651;0.00284001;-0.0112897;0.994572;0.0206482;0.988048;1;3;1
721.531;1434.06;1.35954;0.114337;-0.00088209;-0.000964106;0.001591;0.000668426;-0.00251462;1.00313;0.00542329;-0.00862996;1.00234;0.0189478;0.988924;1;3;1
744.531;1434.06;1.29134;0.390707;-0.00113163;-0.00151656;0.00194728;0.000632672;-0.00328086;0.997613;0.00396238;-0.0126271;1.00168;0.0190756;0.991106;1;3;1
767.531;1434.06;1.30507;0.581811;0.00117475;-0.00108922;0.000142043;0.00118362;-0.0010981;0.996881;0.00178583;-0.0044432;1.0015;0.0191755;0.989686;1;3;1
790.531;1434.06;1.34407;0.7336;0.00104691;-0.00128267;-3.56372e-05;0.00104746;-0.00128321;0.999933;0.00882691;-0.0119021;0.999511;0.0214115;0.990577;1;3;1
813.531;1434.06;1.35185;0.934767;0.000716721;-0.000891547;0.00127835;0.00142282;-0.00159765;1.00151;0.0102788;-0.00669735;1.00134;0.0237903;0.985761;1;2;1
836.531;1434.06;1.37514;1.14981;0.00190779;-0.000190086;0.000841503;0.00220361;-0.000485916;1.00029;0.00371564;-0.0100989;1.00265;0.0257517;0.990665;1;2;1
859.531;1434.06;1.43788;1.32391;0.0011668;-0.00166589;0.00193455;0.00214807;-0.00264715;0.999434;0.00074813;-0.00489095;0.995297;0.0228525;0.988103;1;3;1
882.531;1434.06;1.42664;1.59437;0.000106636;-0.000318579;0.0016618;0.00156938;-0.00178132;1.00047;0.00287105;-0.0116602;0.996242;0.0236121;0.981883;1;3;1
905.531;1434.06;1.44115;1.7126;4.1996e-05;0.000316326;0.00177718;0.00196162;-0.0016033;0.996718;0.00753722;-0.0122023;0.998124;0.0291478;0.977996;1;3;1
928.531;1434.06;1.42637;2.0439;0.0023568;0.00230265;-0.00109697;0.00342703;0.00123242;0.999909;0.00932664;-0.00437209;0.992689;0.0316278;0.964647;1;3;1
951.531;1434.06;1.54799;2.07682;0.00276103;-0.0014851;-0.000424359;0.00280303;-0.00152709;1.00984;0.00939236;-0.00255674;1.00161;0.0292267;0.981984;1;3;1
974.531;1434.06;1.55209;2.36494;-0.00013344;0.000844351;0.00216;0.00257009;-0.00185918;0.992983;0.00234294;-0.0143892;0.998023;0.0322727;0.964146;1;3;1
997.531;1434.06;1.5392;2.57066;-0.000495611;-0.000272149;0.00180989;0.00142945;-0.00219721;1.0113;0.00155386;-0.0109181;0.997918;0.0279431;0.973035;1;3;1
1020.53;1434.06;1.52719;2.80364;-0.00149708;-0.000208621;0.00178495;0.0010448;-0.0027505;0.994799;0.00130516;-0.00584827;0.990351;0.0284216;0.967053;1;3;1
1043.53;1434.06;1.46858;2.96654;0.00123879;-0.00147676;0.000231437;0.00125838;-0.00149635;0.998506;0.00836302;-0.00848339;0.991947;0.0242657;0.977252;1;3;1
1066.53;1434.06;1.58278;3.15737;0.00379447;-0.000769032;-2.10017e-05;0.00379457;-0.000769129;1.01038;0.00590241;-0.0118003;1.00085;0.0245302;0.982222;1;2;1
1089.53;1434.06;1.64087;3.38843;0.0022022;-0.00154291;0.0019323;0.00302042;-0.00236112;1.00084;0.00794286;-0.0076244;0.997155;0.0248735;0.981486;1;2;1
1112.53;1434.06;1.68132;3.65158;0.00128561;-0.000589148;0.0021276;0.00267318;-0.00197671;0.997136;0.00564169;-0.0104042;0.995248;0.0220009;0.987541;1;3;1
1135.53;1434.06;1.69782;3.83331;0.00156353;0.000297704;0.00204561;0.0030719;-0.00121066;1.00052;0.00604233;-0.00406152;0.997564;0.0216146;0.985429;1;2;1
1158.53;1434.06;1.75178;4.01166;0.00235948;-0.000186432;0.00365776;0.00495946;-0.00278641;1.00127;0.00450225;-0.0140626;0.997533;0.0210567;0.984005;1;2;1
1181.53;1434.06;1.80345;4.33979;0.000865421;-0.000661154;0.00217404;0.00240627;-0.00220201;1.00021;-0.00340756;-0.0129404;1.00684;0.0236266;0.985664;1;3;1
1204.53;1434.06;1.78909;4.48968;0.00103471;-0.00198345;0.000355474;0.00107601;-0.00202476;1.00547;0.00962106;-0.00604304;0.992549;0.0280647;0.981991;1;4;1
1227.53;1434.06;1.85006;4.63771;0.00368043;-0.00232543;0.000224621;0.00368882;-0.00233381;1.00401;0.00600159;-0.00931034;0.998361;0.0227681;0.984036;1;3;1
1250.53;1434.06;1.95618;4.90895;0.00233079;-0.000403267;0.00203818;0.00341793;-0.00149041;0.997449;0.00818531;-0.00766594;1.00221;0.0240736;0.989567;1;3;1
1273.53;1434.06;1.9547;5.11269;-2.50157e-05;-0.00133436;0.00329885;0.00268349;-0.00404287;1.00285;0.0100788;-0.00687872;0.995539;0.0265638;0.983405;1;3;1
31.5305;1411.06;2.8128;-5.56482;-0.0078938;-0.00248773;0.000788182;-0.00237517;-0.00800637;0.986318;0.013717;-0.0162196;1.00249;0.0254383;0.985026;1;3;1
54.5305;1411.06;2.62932;-5.33021;-0.0057898;-0.00352036;-0.000304105;-0.00348032;-0.00582984;0.998969;0.0101237;-0.00166792;0.996447;0.02291;0.98855;1;3;1
77.5306;1411.06;2.54425;-5.20067;-0.00115056;-0.00317122;-0.000202616;-0.00113044;-0.00319134;1.00419;0.0146374;-0.00820073;0.999457;0.0208394;0.990178;1;2;1
100.531;1411.06;2.57531;-5.01955;-0.0023059;-0.0043209;-0.00118215;-0.00176017;-0.00486663;1.00106;0.0121263;-0.00787915;0.999733;0.0234691;0.98995;1;3;1
123.531;1411.06;2.43709;-4.90364;-0.00392503;-0.00331197;-0.000783296;-0.00277736;-0.00445964;0.987949;0.0133687;-0.0127086;1.00089;0.0215736;0.988626;1;3;1
146.531;1411.06;2.39305;-4.66708;-0.00191142;-0.00244553;0.000231223;-0.00182523;-0.00253172;1.00115;0.0052523;-0.00804035;0.996001;0.0221705;0.988059;1;3;1
169.531;1411.06;2.34728;-4.49697;-0.00262329;-0.00223672;-0.00063255;-0.00176859;-0.00309143;0.997096;0.00510547;-0.00417203;0.996763;0.0224656;0.986308;1;2;1
192.531;1411.06;2.27115;-4.35354;-0.00284039;-0.0038358;4.20036e-05;-0.00283862;-0.00383756;1.00108;0.00633947;-0.0067721;1.00012;0.0222123;0.98809;1;3;1
215.531;1411.06;2.21506;-4.1418;-0.00419169;-0.00354747;0.00135193;-0.0024798;-0.00525935;0.993923;0.00909573;-0.00992031;0.99503;0.0191466;0.992308;1;3;1
238.531;1411.06;2.07574;-3.90665;-0.00385123;-0.00374743;0.000232012;-0.00356158;-0.00403708;0.995665;0.00594465;-0.0078376;0.99456;0.0238077;0.986606;1;3;1
261.531;1411.06;2.03625;-3.79455;-0.00236071;-0.00138862;0.000731464;-0.000996439;-0.00275289;0.995415;0.00298709;-0.0110068;0.999361;0.0249969;0.985417;1;3;1
284.531;1411.06;1.96564;-3.55112;-0.00293413;-0.00203444;0.00138346;-0.00102952;-0.00393905;0.992557;0.0126362;-0.00547512;0.99551;0.0246558;0.986669;1;3;1
307.531;1411.06;1.89929;-3.38949;-0.00179697;-0.00211587;0.00140917;-0.000538264;-0.00337458;1.00102;0.00721071;-0.0115116;0.998448;0.0253011;0.986857;1;3;1
330.531;1411.06;1.88112;-3.14545;-0.00237039;-0.00197408;0.000563552;-0.00157486;-0.00276961;0.997724;0.012914;-0.0092709;0.99973;0.0205847;0.988408;1;3;1
353.531;1411.06;1.78786;-2.93436;-0.00161793;-0.00263014;0.00157546;-0.00046928;-0.00377879;0.997194;0.0031626;-0.00917031;0.996899;0.0236999;0.983407;1;3;1
376.531;1411.06;1.80524;-2.78749;-0.000222665;-0.00212257;3.48521e-05;-0.000222026;-0.00212321;1.00248;0.0137443;-0.00613758;1.00078;0.0251356;0.983485;1;3;1
399.531;1411.06;1.77637;-2.59479;-0.00281321;-0.00135168;0.000646697;-0.00110662;-0.00305827;0.995755;0.0102524;-0.0118356;1.00127;0.0186787;0.991742;1;3;1
422.531;1411.06;1.6739;-2.38674;-0.00199688;-0.00398324;0.000959239;-0.00160928;-0.00437084;0.99775;0.00705715;-0.00799823;0.998427;0.0199038;0.990436;1;3;1
445.531;1411.06;1.68271;-2.19906;-0.00029987;-0.00220832;0.0005936;-0.000130303;-0.00237788;1.00393;0.00295607;-0.00729518;0.995614;0.0215256;0.986114;1;3;1
468.531;1411.06;1.65865;-2.0213;-0.00101873;-0.0026057;0.00146978;-0.000141923;-0.0034825;0.994429;0.00521539;-0.0045181;1.00101;0.0208485;0.988413;1;3;1
491.531;1411.06;1.63412;-1.80312;-0.00141812;-0.00346331;0.00123841;-0.000834675;-0.00404676;1.00118;0.0126832;-0.0111735;0.999926;0.0203025;0.988105;1;3;1
514.531;1411.06;1.59155;-1.61294;-0.00170733;-0.00191511;1.38597e-05;-0.00170641;-0.00191603;0.994234;0.00541922;-0.012027;0.999951;0.0202874;0.985686;1;3;1
537.531;1411.06;1.55422;-1.45736;-0.00123018;-0.00184674;0.000797451;-0.000683496;-0.00239343;0.998784;0.00386651;-0.00323428;0.999781;0.0192544;0.985942;1;3;1
560.531;1411.06;1.53304;-1.19633;-0.000227228;-0.0014926;0.00230433;0.00152969;-0.00324952;1.00078;0.0059766;-0.0150476;0.998832;0.0185465;0.990792;1;2;1
583.531;1411.06;1.54133;-0.984502;-0.000857231;-0.00182748;0.00255371;0.00125702;-0.00394173;0.99913;0.00356397;-0.00953645;0.99874;0.0204923;0.991869;1;3;1
606.531;1411.06;1.49196;-0.809567;-0.000667172;-0.00235166;0.000663149;-0.000437435;-0.00258139;0.999355;0.00127099;-0.00397161;1.00129;0.0196918;0.988297;1;3;1
629.531;1411.06;1.50901;-0.59899;-0.00122394;-0.00104542;0.000804032;-0.000325708;-0.00194365;1.00248;0.00532237;-0.0075014;1.00245;0.0219737;0.987042;1;3;1
652.531;1411.06;1.43383;-0.402708;-0.00181594;0.000126887;0.00129742;0.000776254;-0.00246531;0.994507;0.00929584;-0.0138049;1.00227;0.0245002;0.97244;1;2;1
675.531;1411.06;1.42335;-0.164106;8.07521e-05;-0.00284211;0.000797657;0.000284265;-0.00304562;1.0022;0.0112832;-0.00308558;1.00447;0.0211465;0.987225;1;3;1
698.531;1411.06;1.43612;-0.0411908;0.00126204;-0.00197893;0.00057261;0.00136024;-0.00207713;0.999925;0.00559221;-0.00735845;0.998568;0.0183764;0.992688;1;3;1
721.531;1411.06;1.48012;0.174705;0.00042408;-0.00209607;0.00184349;0.00139699;-0.00306899;0.999301;0.0122924;-0.00887141;0.997276;0.0212281;0.986642;1;3;1
744.531;1411.06;1.4536;0.390772;7.6255e-05;-0.00223826;0.0016277;0.000916163;-0.00307817;0.999733;0.0108303;-0.00824339;0.998328;0.0204122;0.988227;1;2;1
767.531;1411.06;1.4812;0.646941;0.000163998;-0.00382342;0.000818798;0.000325587;-0.003985;0.999005;0.0112205;-0.0108138;0.997239;0.0197972;0.987811;1;2;1
790.531;1411.06;1.45902;0.832734;0.000468306;-0.00325146;0.00102069;0.000729974;-0.00351312;1.00473;9.10014e-05;-0.00764499;0.998144;0.0219856;0.986965;1;3;1
813.531;1411.06;1.5012;1.02316;0.00247033;-0.00148305;0.000370765;0.00250481;-0.00151752;0.999478;0.0034449;-0.00806472;0.994882;0.022481;0.991016;1;3;1
836.531;1411.06;1.57114;1.18897;0.0017398;0.000353037;-0.00032612;0.00181267;0.000280173;1.00806;0.0123577;-0.0059628;1.00024;0.0251206;0.979823;1;3;1
859.531;1411.06;1.57979;1.37827;-0.000985802;-0.00204873;0.000919819;-0.000454947;-0.00257959;0.988698;0.00822381;-0.0109812;0.997489;0.0304038;0.974902;1;3;1
882.531;1411.06;1.52439;1.54431;0.001128;0.000519168;0.0014459;0.00230118;-0.000654017;1.00611;0.00551474;-0.0062637;1.0067;0.0305924;0.970475;1;3;1
905.531;1411.06;1.62992;1.77761;0.00341354;-0.00311197;2.31174e-05;0.00341362;-0.00311205;0.999892;0.00682223;-0.00342787;1.00169;0.024533;0.982772;1;3;1
928.531;1411.06;1.67968;1.9125;0.000227759;0.0010126;0.00205386;0.00271119;-0.00147083;1.00643;0.0117252;-0.00703206;1.01321;0.0320009;0.978945;1;3;1
951.531;1411.06;1.63815;2.23268;-0.000573173;-0.00179664;0.00362147;0.00248787;-0.00485768;0.990832;0.000384414;-0.0134148;0.996598;0.032483;0.954412;1;3;1
974.531;1411.06;1.65063;2.40862;0.000183897;-0.00272938;0.00152603;0.000836893;-0.00338238;1.00606;0.00610952;-0.000762855;0.995091;0.0297996;0.97812;1;3;1
997.531;1411.06;1.64542;2.56283;-0.000460931;-0.00112903;0.0018336;0.0010688;-0.00265876;1.00154;0.00571391;-0.018805;0.997235;0.0367466;0.969101;1;3;1
1020.53;1411.06;1.62762;2.81559;0.000428002;-0.00018277;0.00265879;0.00279888;-0.00255365;0.99814;0.00781611;-0.00454435;1.00515;0.0311936;0.978177;1;3;1
1043.53;1411.06;1.66264;3.03873;0.00273846;-0.000909601;0.00117118;0.00308209;-0.00125323;0.999961;0.00419868;-0.00592685;1.00105;0.0276236;0.974726;1;2;1
1066.53;1411.06;1.75157;3.22856;0.00191388;-0.00231388;0.00126506;0.00226351;-0.0026635;1.00438;0.00195201;-0.014118;1.00774;0.0264871;0.984793;1;3;1
1089.53;1411.06;1.74859;3.469;0.000268626;-0.00294658;0.00198064;0.00121197;-0.00388992;0.992645;0.00452957;-0.00382987;0.996989;0.0303465;0.969214;1;3;1
1112.53;1411.06;1.762;3.64904;-6.75387e-05;-0.00101137;0.00247597;0.00198109;-0.00305999;1.01241;0.00460615;-0.0120072;1.00177;0.0260972;0.976857;1;3;1
1135.53;1411.06;1.74391;3.84877;0.000314033;-0.000594348;0.00199788;0.0019087;-0.00218902;0.99473;0.00661101;-0.00494037;0.999025;0.0250443;0.980516;1;3;1
1158.53;1411.06;1.77505;4.00752;0.00235673;-0.00249957;0.00160017;0.00283658;-0.00297942;1.00534;0.00144484;-0.0104135;1.00149;0.0225622;0.987052;1;2;1
1181.53;1411.06;1.85047;4.24796;0.0028453;0.00146867;0.00241863;0.00467165;-0.000357676;0.996691;0.00480415;-0.00601036;0.997868;0.0206549;0.986921;1;3;1
1204.53;1411.06;1.90314;4.49806;0.00356379;1.74104e-05;0.00109032;0.00387219;-0.000290988;1.00706;0.0060342;-0.0107059;1.00321;0.0228677;0.984847;1;3;1
1227.53;1411.06;2.01213;4.67603;0.0030898;-0.000936923;0.00160337;0.00365023;-0.00149736;1.00454;0.00934195;-0.0128019;1.00121;0.023823;0.989371;1;2;1
1250.53;1411.06;2.04318;4.91394;-0.000475134;0.00112885;0.00157418;0.00209356;-0.00143984;0.998276;0.00501218;-0.0108583;1.00308;0.0234616;0.98647;1;3;1
1273.53;1411.06;1.98844;5.08615;-0.00234921;-0.00168044;0.000274572;-0.00158215;-0.0024475;0.99572;0.00920461;-0.00878705;0.991885;0.0331119;0.970052;1;3;1
31.5305;1388.06;2.97271;-5.47;-0.00561048;-0.00372314;0.000941107;-0.00333407;-0.00599955;0.995607;0.00231386;-0.0113741;0.993239;0.0218921;0.989829;1;3;1
54.5305;1388.06;2.84258;-5.28812;-0.00516118;-0.0013294;-0.000698912;-0.0012059;-0.00528468;0.993515;0.00744068;-0.00665252;1.00232;0.0239899;0.986578;1;2;1
77.5306;1388.06;2.73318;-5.10022;-0.00226742;-0.0012103;-0.000367101;-0.00109533;-0.0023824;1.00146;0.00746075;-0.0117571;1.00323;0.0236544;0.984855;1;3;1
100.531;1388.06;2.7367;-4.92171;-0.00104614;-0.00264624;0.000205292;-0.00102022;-0.00267216;1.00011;0.00390451;-0.00725006;0.995475;0.0206664;0.98904;1;3;1
123.531;1388.06;2.68375;-4.75734;-0.00377067;-0.0042685;-0.000564971;-0.00340221;-0.00463696;0.994312;0.00392987;-0.00991443;0.993231;0.0204725;0.993154;1;3;1
146.531;1388.06;2.56196;-4.6251;-0.00401814;-0.0012643;-0.00100638;-0.00093572;-0.00434672;0.999004;0.0137673;-0.0044194;0.998552;0.0204486;0.991864;1;3;1
169.531;1388.06;2.4973;-4.41914;-0.00166153;-0.0019558;0.000441684;-0.00134312;-0.00227421;1.00004;0.0086642;-0.006385;0.997954;0.0234655;0.984258;1;3;1
192.531;1388.06;2.4838;-4.23409;-0.00256856;-0.00353595;0.000117781;-0.00255443;-0.00355009;0.995939;0.00879804;-0.0102138;0.992309;0.0226541;0.985283;1;2;1
215.531;1388.06;2.37766;-4.06888;-0.00471775;-0.00211627;0.000161474;-0.00210628;-0.00472773;0.997679;0.00448444;-0.00391135;0.996066;0.0219261;0.990925;1;3;1
238.531;1388.06;2.2649;-3.88;-0.00370527;-0.000151623;0.000384546;-0.000110487;-0.0037464;0.995704;0.0108376;-0.0112129;1.00037;0.0218996;0.987298;1;3;1
261.531;1388.06;2.20543;-3.70246;-0.00242687;-0.00267085;1.37706e-05;-0.0024261;-0.00267162;0.995317;0.0118758;-0.00560077;0.993541;0.0215561;0.991245;1;3;1
284.531;1388.06;2.15187;-3.54021;-0.0027382;-0.0016667;0.000330572;-0.00157292;-0.00283198;0.992676;0.00445295;-0.00869751;0.995193;0.0207346;0.98866;1;3;1
307.531;1388.06;2.07794;-3.34853;-0.00104353;-0.00297366;0.000411765;-0.000959361;-0.00305783;1.00386;0.00723535;-0.00998305;0.995501;0.0249047;0.985056;1;3;1
330.531;1388.06;2.10187;-3.11449;-0.00239781;-0.00211047;0.000465439;-0.00176703;-0.00274125;0.991972;0.00710187;-0.0120584;0.995393;0.0202542;0.988769;1;3;1
353.531;1388.06;1.96561;-2.93174;-0.0022205;0.000244717;-0.00106556;0.000641449;-0.00261723;1.0044;0.0102245;-0.00519637;1.00113;0.0236747;0.989218;1;3;1
376.531;1388.06;1.99844;-2.78622;0.000995562;-0.00275489;0.000669438;0.00111147;-0.00287079;0.996439;0.00185371;-0.00162827;0.998007;0.024547;0.987549;1;3;1
399.531;1388.06;2.00983;-2.55319;-0.00193854;-0.0027775;0.00278572;0.000459099;-0.00517514;1.00182;0.00787111;-0.019301;0.997308;0.0204743;0.990448;1;3;1
422.531;1388.06;1.90645;-2.28619;-0.00321967;-0.00187446;-0.000458455;-0.00173308;-0.00336106;0.994875;0.012203;-0.00603114;0.996057;0.0221812;0.98715;1;3;1
445.531;1388.06;1.85968;-2.14649;-0.00295146;-0.00239389;-4.84714e-05;-0.00238971;-0.00295564;1.00191;0.0148153;-0.00762705;1.00154;0.0217085;0.99042;1;3;1
468.531;1388.06;1.76919;-1.94194;-0.00120225;-0.0018547;0.00114528;-0.000337639;-0.00271931;0.993047;0.0072476;-0.0125825;0.995899;0.0190065;0.98997;1;2;1
491.531;1388.06;1.80229;-1.71194;0.000431488;-0.00148723;0.00109937;0.000931231;-0.00198697;1.00198;0.00665466;-0.0059783;1.00049;0.0231633;0.991656;1;3;1
514.531;1388.06;1.78733;-1.54547;-0.00167682;-0.00190565;0.000598441;-0.00118195;-0.00240051;0.996898;0.0125303;-0.011215;0.996419;0.0225176;0.991707;1;3;1
537.531;1388.06;1.72384;-1.37293;-0.00359125;-0.00292858;0.00128913;-0.00192888;-0.00459094;0.996349;0.00844675;-0.0081086;0.999235;0.025628;0.978871;1;2;1
560.531;1388.06;1.62006;-1.14238;-0.00324772;-0.00220086;0.00167998;-0.000964663;-0.00448392;0.998137;0.00261985;-0.0112293;0.999969;0.0212357;0.985908;1;2;1
583.531;1388.06;1.57206;-0.930357;0.00145467;-0.00164753;0.000977779;0.00173714;-0.00193;0.998262;0.00208016;-0.00687876;0.995583;0.0201823;0.98961;1;3;1
606.531;1388.06;1.68513;-0.735205;0.00163908;-0.00229768;-0.000558995;0.00171691;-0.00237551;1.00898;0.00975999;-0.00777054;0.996071;0.0220724;0.989026;1;3;1
629.531;1388.06;1.64643;-0.630841;-0.0012588;-0.00143067;-0.00065184;-0.000687251;-0.00200221;1.00476;0.00983712;-0.000872198;0.996581;0.0243837;0.989078;1;2;1
652.531;1388.06;1.62628;-0.445586;-0.00112453;-0.000529756;0.00240152;0.00159272;-0.003247;0.99939;0.00807606;-0.0116257;1.00188;0.0264778;0.969875;1;2;1
675.531;1388.06;1.59167;-0.10593;-9.89104e-05;-0.00180472;0.000389852;-1.40353e-05;-0.00188959;0.992015;0.00882038;-0.00914824;0.995451;0.02351;0.988547;1;3;1
698.531;1388.06;1.61958;-0.000835643;0.000659111;-0.00401172;-0.000550101;0.000723024;-0.00407564;1.0059;0.00992753;-0.00608305;0.995164;0.0244105;0.978487;1;3;1
721.531;1388.06;1.62089;0.211602;-9.03841e-05;-0.00302313;0.00238083;0.00123942;-0.00435294;0.999167;0.0053618;-0.00994124;0.996396;0.0217154;0.991157;1;2;1
744.531;1388.06;1.61275;0.494908;0.00113823;-0.00435106;0.0029349;0.00241188;-0.00562471;1.00169;0.00205611;-0.015455;0.990326;0.0225695;0.986255;1;2;1
767.531;1388.06;1.66995;0.759478;0.000302823;-0.00250178;0.00104464;0.000649154;-0.00284811;1.00433;0.00415567;-0.00895097;0.994774;0.0250708;0.983979;1;3;1
790.531;1388.06;1.62503;0.884272;7.30429e-05;-0.00115867;-0.000580502;0.000303508;-0.00138914;0.993568;0.00975106;-0.00721601;0.998823;0.0233183;0.986186;1;2;1
813.531;1388.06;1.67266;1.00416;0.0029471;8.97866e-05;-0.000536456;0.0030445;-7.61218e-06;1.01034;0.00547941;-0.00453877;1.00451;0.0301585;0.98278;1;2;1
836.531;1388.06;1.75971;1.13518;0.000812084;-0.00127367;0.00128605;0.00142496;-0.00188654;0.994552;0.00303643;-0.00752954;0.997413;0.0268484;0.980071;1;3;1
859.531;1388.06;1.70814;1.41904;-0.00140718;-0.00219915;0.000961286;-0.000763516;-0.00284282;0.993749;0.0100566;-0.00913083;0.997968;0.0279109;0.978909;1;3;1
882.531;1388.06;1.69287;1.57127;0.00214952;-0.00257645;0.00187471;0.00280287;-0.00322979;1.01608;0.00722268;-0.0091041;0.991844;0.0285106;0.969663;1;3;1
905.531;1388.06;1.80482;1.85741;4.37031e-05;-0.00118099;0.00156621;0.00111301;-0.0022503;0.984106;-6.40638e-05;-0.0105684;0.98695;0.040483;0.94698;1;3;1
928.531;1388.06;1.6929;1.99811;-0.00203429;-0.00405804;0.00206887;-0.000743104;-0.00534922;0.998895;-0.00269916;-0.00370567;0.988412;0.0348715;0.957534;1;2;1
951.531;1388.06;1.71015;2.15983;0.00110181;-0.000936073;0.00238397;0.00267546;-0.00250972;0.997562;0.00284761;-0.0114373;1.00265;0.0350439;0.944798;1;3;1
974.531;1388.06;1.74091;2.49105;0.00150785;-0.00115588;0.00177037;0.00239141;-0.00203943;1.00806;0.0017601;-0.0103066;0.998724;0.0265537;0.981505;1;3;1
997.531;1388.06;1.77713;2.62324;0.000402556;-0.00212878;-0.000337075;0.000446672;-0.00217289;0.999968;0.00893943;-0.00189944;0.994886;0.0292017;0.970217;1;3;1
1020.53;1388.06;1.7583;2.81262;-6.33311e-05;-0.00111939;0.000878826;0.000433896;-0.00161662;0.999732;0.00485385;-0.0108023;0.994844;0.0299952;0.970126;1;3;1
1043.53;1388.06;1.7726;3.00941;0.00302603;4.8171e-05;0.00188454;0.00393885;-0.000864651;1.00195;0.00219601;-0.00779743;1.00161;0.0283775;0.97471;1;3;1
1066.53;1388.06;1.89507;3.26499;0.00235314;-0.00235848;0.00299527;0.00380804;-0.00381338;0.998789;0.0030782;-0.0144329;0.985406;0.030974;0.969073;1;3;1
1089.53;1388.06;1.87783;3.52478;-0.00130558;-0.0020117;0.00103997;-0.000560369;-0.00275691;0.998724;0.00877063;-0.0111445;0.997971;0.0273148;0.975856;1;3;1
1112.53;1388.06;1.83293;3.69838;-9.51098e-05;-0.00158984;0.000762976;0.000225555;-0.0019105;1.00219;0.0030192;-0.00103798;0.999892;0.0249952;0.981641;1;3;1
1135.53;1388.06;1.87223;3.86099;0.00372949;0.000500571;0.000611309;0.00384135;0.000388711;1.00386;0.0112102;-0.0139305;1.0002;0.0252907;0.983788;1;3;1
1158.53;1388.06;2.00218;4.12747;0.00438001;-0.000424894;0.000144946;0.00438438;-0.000429262;1.00496;0.00201792;-0.00750535;0.997586;0.024183;0.983176;1;2;1
1181.53;1388.06;2.07143;4.27306;0.00250196;-0.002117;-0.000693465;0.00260383;-0.00221887;1.00078;0.0105613;-0.00539897;0.998141;0.0253881;0.978459;1;3;1
1204.53;1388.06;2.1157;4.49004;0.00103532;-0.000270665;0.00109781;0.00165966;-0.000895011;1.00298;0.00946945;-0.00861261;0.996915;0.0232214;0.98743;1;3;1
1227.53;1388.06;2.11722;4.6816;0.00234716;-0.00108711;0.000683582;0.00247822;-0.00121817;1.00245;0.00606786;-0.00938583;0.998288;0.0221604;0.985787;1;2;1
1250.53;1388.06;2.22207;4.85782;0.00347601;-0.00133881;0.0020809;0.0042507;-0.00211351;1.0077;0.00833616;-0.00899059;0.997807;0.0285773;0.978885;1;3;1
1273.53;1388.06;2.27403;5.19117;0.00236652;-0.00160873;0.00170289;0.00299624;-0.00223846;0.993063;0.0109497;-0.0121721;0.99967;0.0286623;0.984721;1;3;1
31.5305;1365.06;3.09019;-5.39239;-0.00107275;-0.00251728;-0.000733716;-0.000765449;-0.00282458;0.993198;0.0058541;-0.0118285;0.993716;0.0228784;0.99028;1;3;1
54.5305;1365.06;3.06516;-5.26695;-0.00313894;-0.00298289;-0.0013618;-0.00169688;-0.00442495;0.999752;0.00486575;-0.00667973;0.994753;0.0206259;0.988081;1;3;1
77.5306;1365.06;2.94489;-5.14321;-0.00357896;-0.00113225;0.000416428;-0.00106332;-0.00364789;0.996134;0.00636505;-0.011037;0.996011;0.0200389;0.990971;1;2;1
100.531;1365.06;2.89873;-4.89652;-0.00340867;-0.00179355;0.00127343;-0.0010932;-0.00410901;0.999888;0.0127676;-0.0104507;1.00117;0.0223095;0.984019;1;3;1
123.531;1365.06;2.78573;-4.70554;-0.00157863;-0.00152424;0.000675111;-0.000875779;-0.0022271;0.993334;0.00716333;-0.000149077;1.00227;0.0223056;0.989054;1;3;1
146.531;1365.06;2.82514;-4.60685;-0.00189562;-0.0026902;-0.00018897;-0.00185297;-0.00273285;1.00455;0.00763381;-0.0132254;0.997865;0.0213988;0.991843;1;3;1
169.531;1365.06;2.69747;-4.40558;-0.0046206;-0.00234257;0.000905923;-0.00202623;-0.00493694;0.994771;0.00906678;-0.00700374;0.996458;0.0228945;0.992716;1;2;1
192.531;1365.06;2.6102;-4.18934;-0.0030581;-0.00290809;0.00154156;-0.00143971;-0.00452648;0.993903;0.00341795;-0.0107164;0.995564;0.0213949;0.989537;1;2;1
215.531;1365.06;2.55515;-4.04309;-0.0043666;-0.00193605;-1.17047e-05;-0.00193599;-0.00436666;0.995073;0.00807944;-0.00227239;1.00182;0.0210392;0.990882;1;3;1
238.531;1365.06;2.40797;-3.89848;-0.00388278;-0.00192749;0.000691718;-0.00170753;-0.00410274;0.998176;0.00131502;-0.00992116;1.00081;0.0244195;0.984479;1;3;1
261.531;1365.06;2.37468;-3.67028;-0.00253045;-0.00259321;0.00101204;-0.00154931;-0.00357436;0.996429;0.00465648;-0.0107618;0.999637;0.0210089;0.990738;1;2;1
284.531;1365.06;2.28945;-3.47324;-0.00187862;-0.00290671;0.00126826;-0.00102419;-0.00376114;0.997718;0.00237892;-0.00624233;0.996412;0.0249276;0.981484;1;3;1
307.531;1365.06;2.28627;-3.25087;-0.000703352;-0.000214502;0.00114145;0.000708401;-0.00162625;0.995775;0.0117118;-0.0132181;0.998917;0.0211874;0.991328;1;3;1
330.531;1365.06;2.25511;-3.04675;-0.00152149;-8.33851e-05;0.000327906;-1.2147e-05;-0.00159272;1.00005;0.00492934;-0.00463866;0.999731;0.017447;0.993626;1;2;1
353.531;1365.06;2.2152;-2.94363;-0.0028791;-0.000707043;0.000568588;-0.000567205;-0.00301894;0.998431;0.00763315;-0.011041;0.998474;0.0206703;0.987858;1;3;1
376.531;1365.06;2.12084;-2.6595;-0.00419779;-0.00202992;0.00229767;-0.000573347;-0.00565437;0.991186;0.00412484;-0.00956353;0.998762;0.0212818;0.989766;1;3;1
399.531;1365.06;2.0192;-2.4662;8.76628e-05;-0.0015558;0.00108427;0.000626402;-0.00209454;1.00794;0.00743132;-0.00280506;0.99629;0.0256182;0.981833;1;3;1
422.531;1365.06;2.12346;-2.29824;0.000304113;-0.000619638;0.00131587;0.00123681;-0.00155234;1.00245;0.00533402;-0.0112534;0.99789;0.0236148;0.983638;1;3;1
445.531;1365.06;2.03163;-2.08748;-0.00292166;-0.00296596;2.53712e-05;-0.00291013;-0.00297749;0.993008;0.000987456;-0.00859267;0.997534;0.0247094;0.98589;1;2;1
468.531;1365.06;1.98742;-1.93473;-0.00220497;-0.00136871;-0.000322109;-0.00125903;-0.00231466;0.995998;0.00856433;-0.00919107;1.00003;0.0226223;0.983886;1;3;1
491.531;1365.06;1.92873;-1.73371;-0.00239386;-0.000561774;0.00192345;0.000652628;-0.00360826;0.995243;0.00595076;-0.00996346;0.998659;0.0216013;0.987689;1;3;1
514.531;1365.06;1.87534;-1.52432;-0.00191828;-0.00175256;0.00192516;9.15151e-05;-0.00376236;1.00026;0.00237135;-0.00874996;1.00009;0.0213186;0.987464;1;3;1
537.531;1365.06;1.83855;-1.32156;-0.00113638;-0.00231255;0.0010127;-0.000553401;-0.00289553;1.00205;0.00756183;-0.0109946;0.995693;0.0230501;0.988592;1;3;1
560.531;1365.06;1.82102;-1.09408;0.000450907;-0.00122892;0.000505724;0.000591408;-0.00136942;1.00008;0.011081;-0.0108412;0.998628;0.0223115;0.990909;1;3;1
583.531;1365.06;1.85743;-0.907565;0.000484678;-0.00107546;-0.000200946;0.000510144;-0.00110092;0.99477;0.00841518;-0.00389766;1.00055;0.0209673;0.987305;1;3;1
606.531;1365.06;1.84164;-0.70242;5.94742e-05;-0.000566477;0.00084153;0.000644344;-0.00115135;1.00665;0.00554572;-0.0111099;1.00029;0.0192164;0.992492;1;3;1
629.531;1365.06;1.85863;-0.531802;-0.00222842;-0.0032233;0.00101226;-0.00159798;-0.00385374;0.998014;0.0100813;-0.00331126;0.998137;0.0217081;0.982483;1;3;1
652.531;1365.06;1.73787;-0.377328;-0.000541828;-0.00336148;0.0021549;0.000623461;-0.00452677;0.994326;0.00691994;-0.0119766;0.992796;0.0237479;0.988818;1;2;1
675.531;1365.06;1.83147;-0.0791999;0.00147575;-0.00112114;0.0022097;0.00274027;-0.00238565;1.00641;0.00973849;-0.012706;1.00017;0.0211613;0.987001;1;3;1
698.531;1365.06;1.80274;0.145187;-0.00161659;-0.00354917;0.00116923;-0.00106604;-0.00409973;0.998781;-0.000438657;-0.00643856;0.997273;0.0210541;0.987839;1;2;1
721.531;1365.06;1.75535;0.314806;-0.0015596;-0.00149235;0.00175918;0.000233531;-0.00328548;1.00017;0.00543126;-0.00896712;1.00065;0.0208755;0.989484;1;2;1
744.531;1365.06;1.72877;0.592185;0.000439786;-0.000477363;0.00124109;0.00130431;-0.00134189;1.00223;0.0106694;-0.00947439;1.00249;0.0240316;0.988305;1;2;1
767.531;1365.06;1.7734;0.763097;0.000630027;0.00047582;0.000339759;0.000901321;0.000204526;1.00044;0.00170445;-0.0030809;1.00191;0.0300713;0.973551;1;3;1
790.531;1365.06;1.7568;0.887028;0.000607186;-0.000526476;0.000199762;0.000641356;-0.000560647;0.993523;0.00427363;-0.00431366;1.00367;0.0248253;0.986453;1;2;1
813.531;1365.06;1.8006;1.02;0.00242817;-0.00275792;0.000802571;0.00254953;-0.00287928;1.01042;0.0084581;-0.0111132;0.994895;0.0267936;0.982407;1;3;1
836.531;1365.06;1.86694;1.24855;0.00280119;-0.00410501;0.00309316;0.00398399;-0.00528781;1.00042;0.00241546;-0.0118919;0.994258;0.0220949;0.983146;1;2;1
859.531;1365.06;1.92697;1.48085;-0.00166093;-0.0019705;0.00156867;-0.000239428;-0.00339201;1.00063;0.00199352;-0.0084008;0.998063;0.0274029;0.983262;1;2;1
882.531;1365.06;1.7886;1.66374;-0.00029265;-0.00211787;0.000447385;-0.000188889;-0.00222163;1.00534;-0.0012807;-0.00617975;0.998795;0.0257433;0.975025;1;3;1
905.531;1365.06;1.91216;1.83283;9.18998e-05;-0.00144447;0.00310835;0.00252558;-0.00387815;0.995099;0.00268612;-0.0104667;0.997952;0.033375;0.963291;1;3;1
928.531;1365.06;1.79076;2.09968;2.12394e-05;-0.00385334;0.00205747;0.00090995;-0.00474205;1.00129;0.00584485;-0.0112833;0.999937;0.0276495;0.967095;1;3;1
951.531;1365.06;1.911;2.27657;0.00350292;-0.00255466;0.000405575;0.00352996;-0.00258169;1.00616;0.00979342;-0.00407926;0.995252;0.0294702;0.970543;1;2;1
974.531;1365.06;1.95018;2.4628;0.00191028;-0.000147154;0.000570006;0.00205765;-0.000294517;0.990537;0.00951043;-0.0113312;1.00136;0.0268253;0.978719;1;3;1
997.531;1365.06;1.99718;2.66221;-0.000345023;-0.0015989;0.000484388;-0.000179697;-0.00176422;1.00611;0.00339952;-0.00736953;1.00209;0.021959;0.986226;1;2;1
1020.53;1365.06;1.93252;2.86812;-0.00119112;-0.00168226;0.000307375;-0.00104326;-0.00183012;0.995781;0.00640771;-0.00709721;1.0013;0.0227564;0.987887;1;2;1
1043.53;1365.06;1.94082;3.03736;0.00129393;-0.000588335;0.00176677;0.0023546;-0.00164901;1.00705;0.00836811;-0.0130185;1.00032;0.0264527;0.97985;1;3;1
1066.53;1365.06;1.98961;3.33779;0.00322346;-0.000440095;0.00310502;0.00499675;-0.00221339;0.995248;0.00722725;-0.0101864;1.00239;0.0304079;0.977949;1;3;1
1089.53;1365.06;2.08587;3.56287;0.000859231;-0.00054241;7.68217e-05;0.000863429;-0.000546607;1.00408;0.00802839;-0.0131016;0.998345;0.0293026;0.979895;1;2;1
1112.53;1365.06;2.02751;3.723;0.000662839;-0.000834151;-0.00239964;0.00242801;-0.00259933;1.00371;0.0149164;-0.00196547;0.998165;0.0240895;0.980502;1;3;1
1135.53;1365.06;2.11559;3.82725;0.00316556;-3.83145e-05;-0.000737565;0.0033272;-0.000199955;1.00137;0.00605125;-0.00699679;1.0005;0.0258182;0.979581;1;3;1
1158.53;1365.06;2.17188;4.02878;0.00353553;0.000141925;0.0022129;0.00462729;-0.000949832;1.00335;0.0167154;-0.0113879;1.00268;0.027318;0.97821;1;3;1
1181.53;1365.06;2.27501;4.34741;0.000889721;-0.00156243;0.0021343;0.00212505;-0.00279776;1.00202;0.0108407;-0.00636731;1.00178;0.0250395;0.983866;1;2;1
1204.53;1365.06;2.21026;4.51154;0.000923502;-0.000289409;0.000862608;0.0013715;-0.000737412;0.998681;0.00585004;-0.0158979;1.00174;0.0280538;0.977035;1;3;1
1227.53;1365.06;2.3159;4.72706;0.00330128;-0.000744913;0.00277307;0.0047108;-0.00215443;0.999293;0.00480282;-0.00567787;0.998761;0.0227267;0.989676;1;3;1
1250.53;1365.06;2.35952;4.97666;0.00397226;-0.00225984;0.00161463;0.00436574;-0.00265332;1.00166;0.00758228;-0.0154997;0.999145;0.0271635;0.97989;1;3;1
1273.53;1365.06;2.49621;5.16302;0.00599334;0.00078816;0.000869901;0.00613487;0.000646629;1.00891;0.0085294;0.00143092;1.00028;0.0257157;0.986511;1;3;1
31.5305;1342.06;3.2908;-5.35296;-0.00314354;-0.00239394;0.0007687;-0.00191353;-0.00362394;0.995619;0.0114419;-0.009266;1.00439;0.0235508;0.989663;1;3;1
54.5305;1342.06;3.21747;-5.14917;-0.00485118;-0.00360979;-0.000546563;-0.00340345;-0.00505753;0.9967;0.00705335;-0.0114505;0.99555;0.0278034;0.981392;1;3;1
77.5306;1342.06;3.06607;-5.0469;-0.00344822;-0.00471739;-0.000321092;-0.00337161;-0.004794;0.994749;0.0053933;-0.00929613;0.99545;0.022579;0.991614;1;3;1
100.531;1342.06;3.05753;-4.83802;-0.00332971;-0.00324095;0.00086628;-0.00241791;-0.00415274;0.997493;0.00121828;-0.00714215;0.993473;0.0173623;0.992867;1;3;1
123.531;1342.06;2.91124;-4.68661;-0.00384435;-0.000467841;0.00039577;-0.000422072;-0.00389012;0.986515;0.0086273;-0.00591098;1.00145;0.0263387;0.991154;1;3;1
146.531;1342.06;2.8791;-4.50008;-0.00168679;-0.0027405;0.00217742;2.6611e-05;-0.0044539;1.00241;0.00862047;-0.00951899;0.998022;0.0202256;0.994301;1;3;1
169.531;1342.06;2.83203;-4.31004;-0.00375948;-0.00303108;0.00107023;-0.00226477;-0.00452579;0.996282;0.00931869;-0.00572095;0.997465;0.0194141;0.991152;1;2;1
192.531;1342.06;2.70409;-4.09959;-0.00348354;-0.00266627;0.000550309;-0.00238947;-0.00376034;1.00099;0.00478351;-0.00675407;0.996333;0.026245;0.986582;1;2;1
215.531;1342.06;2.67032;-3.97881;-0.00278937;-0.00142329;-0.000102661;-0.00141561;-0.00279704;0.991588;0.0116491;-0.00302554;0.994572;0.0217428;0.989517;1;3;1
238.531;1342.06;2.57455;-3.79021;-0.00285022;-0.00242236;0.00085215;-0.0017577;-0.00351489;1.00589;0.00518341;-0.0117793;0.997268;0.0235514;0.992085;1;2;1
261.531;1342.06;2.5373;-3.58181;-0.00258333;-0.00188509;-0.000288057;-0.00178159;-0.00268683;0.996009;0.00710583;-0.0137131;0.996922;0.019861;0.991836;1;3;1
284.531;1342.06;2.45395;-3.40532;-0.00297575;-0.001324;-0.00247492;0.000459209;-0.00475896;0.996627;0.0121271;-0.00206579;1.00064;0.0203092;0.990083;1;3;1
307.531;1342.06;2.39956;-3.33754;-0.00160019;-0.000339698;0.000318174;-0.000263938;-0.00167595;0.996815;0.00681255;-0.00611906;1.00468;0.0226243;0.991491;1;3;1
330.531;1342.06;2.37933;-3.10982;-0.00208949;-0.000502529;0.00200786;0.000862953;-0.00345497;1.00381;0.00639951;-0.00470423;1.00203;0.0213107;0.988659;1;3;1
353.531;1342.06;2.30124;-2.89798;-0.002449;-0.00265387;0.00170692;-0.000841444;-0.00426142;0.991363;0.00200965;-0.0129183;0.993189;0.0206037;0.988007;1;3;1
376.531;1342.06;2.26464;-2.69198;-0.000621237;-0.00032333;0.00134796;0.000883882;-0.00182845;0.999149;0.0101004;-0.00849412;1.00067;0.0195242;0.990573;1;3;1
399.531;1342.06;2.27076;-2.48082;-0.00214495;-0.000953158;0.000372677;-0.000846217;-0.00225189;1.00273;0.00703824;-0.00923686;1.00322;0.0229764;0.986448;1;3;1
422.531;1342.06;2.1638;-2.25696;-0.00103201;-0.00134437;0.00296181;0.00177774;-0.00415412;0.999552;0.00363842;-0.00918758;1.00084;0.0216229;0.988408;1;3;1
445.531;1342.06;2.22084;-2.00843;-0.000201502;-0.000388325;0.00119418;0.000902915;-0.00149274;0.993427;0.0102292;-0.0101616;1.0003;0.0242739;0.990135;1;2;1
468.531;1342.06;2.15297;-1.87733;-0.00398398;-0.00220386;0.000302849;-0.00215374;-0.00403409;0.995375;0.0104173;-0.00849508;1.00085;0.0275333;0.980696;1;2;1
491.531;1342.06;2.03607;-1.6855;-0.00280068;-0.00266165;0.0011564;-0.00157267;-0.00388965;0.996551;0.0015088;-0.0112563;0.996613;0.0201622;0.987197;1;3;1
514.531;1342.06;2.02209;-1.46419;0.000568807;-0.00138916;0.000630879;0.000754476;-0.00157483;1.00203;0.0125364;0.00118617;0.997371;0.0203695;0.990541;1;3;1
537.531;1342.06;2.06031;-1.26519;-0.00073152;-0.00220396;0.000424541;-0.000617884;-0.00231759;0.995938;0.00783697;-0.0130971;0.992389;0.0228227;0.988489;1;3;1
560.531;1342.06;1.98686;-1.08435;-0.00167455;0.00137226;0.000431476;0.00143218;-0.00173447;1.00346;0.00710217;-0.00773197;1.00141;0.0225899;0.981722;1;3;1
583.531;1342.06;1.98159;-0.879034;-4.51949e-05;-0.00108843;0.00111901;0.000667801;-0.00180142;0.993898;0.00854755;-0.0076912;0.999595;0.0198882;0.983271;1;3;1
606.531;1342.06;1.98324;-0.708173;-0.00221513;-0.000658277;0.00172268;0.000453688;-0.00332709;1.00302;0.00593685;-0.00781578;0.998881;0.017573;0.991487;1;3;1
629.531;1342.06;1.87786;-0.481746;-0.00221697;-0.000371301;0.00266053;0.0015219;-0.00411018;0.996432;-0.00041834;-0.0109793;0.999551;0.0246712;0.98217;1;2;1
652.531;1342.06;1.87925;-0.289999;0.00073897;-0.00290069;0.00108659;0.00103868;-0.0032004;1.00049;0.00325936;-0.00657363;0.999796;0.0219182;0.984996;1;3;1
675.531;1342.06;1.90985;-0.0532268;0.000610318;-0.000533806;0.00195029;0.00207072;-0.0019942;1.00515;0.000879226;-0.0142016;1.00501;0.0206172;0.989187;1;3;1
698.531;1342.06;1.90508;0.163606;-6.10784e-05;-4.18825e-05;0.00112275;0.00107131;-0.00117427;0.997315;0.0117622;-0.00263175;1.00091;0.0218844;0.989633;1;3;1
721.531;1342.06;1.90582;0.281185;0.00093063;-0.000997502;0.00138728;0.00165593;-0.0017228;1.00316;0.0108241;-0.010723;1.0001;0.0214048;0.987456;1;2;1
744.531;1342.06;1.9465;0.518083;0.000651628;0.00215107;0.00227523;0.00379692;-0.000994215;1.00282;0.00329422;-0.0068093;1.00149;0.0190388;0.99195;1;3;1
767.531;1342.06;1.93352;0.73835;-0.00177149;-2.45975e-05;0.00217153;0.00144257;-0.00323866;0.995347;0.00988725;-0.00860911;0.99929;0.0235663;0.982476;1;3;1
790.531;1342.06;1.86327;0.909114;0.000583432;-0.000729161;0.00145242;0.00152095;-0.00166668;1.00504;0.00119552;-0.00689431;0.995875;0.0207387;0.986384;1;3;1
813.531;1342.06;1.95866;1.13209;0.00157115;-0.00244324;0.00151818;0.00208064;-0.00295273;0.998944;0.00437343;-0.0120624;0.99818;0.0236538;0.983854;1;2;1
836.531;1342.06;1.93362;1.32473;0.000468226;-0.00242068;0.00208287;0.00155849;-0.00351094;1.00292;0.000593582;-0.00768695;0.996224;0.0236628;0.98501;1;3;1
859.531;1342.06;1.97864;1.51057;0.0015383;-0.000797042;0.00239161;0.00303206;-0.00229081;1.0028;0.00504837;-0.00339615;0.999611;0.0204936;0.991666;1;3;1
882.531;1342.06;2.00303;1.66984;-0.000491617;-0.00119949;0.00126971;0.000472561;-0.00216367;0.997629;0.0119953;-0.0136146;0.997664;0.0235893;0.986032;1;3;1
905.531;1342.06;1.95416;1.92415;-0.0011864;-0.00212215;0.00321036;0.00159;-0.00489855;1.00178;0.0114839;-0.00941799;0.998516;0.0249889;0.984058;1;2;1
928.531;1342.06;1.94563;2.17641;0.00176475;-0.000382663;-0.000643444;0.00194279;-0.000560702;1.00343;0.00671577;-0.00772082;0.99917;0.0250638;0.976046;1;3;1
951.531;1342.06;2.0339;2.27864;0.00280652;-0.0015226;0.000301125;0.00282736;-0.00154345;1.00366;-0.00837258;-0.00810734;0.993744;0.0290697;0.968629;1;4;1
974.531;1342.06;2.07342;2.49902;0.00229337;-0.00183437;0.00113641;0.00258555;-0.00212655;0.997103;0.00545408;-0.00284598;0.997495;0.0256386;0.9808;1;3;1
997.531;1342.06;2.13737;2.69826;0.000722101;-0.00193436;0.00174428;0.00158629;-0.00279855;1.01041;0.00441453;-0.0141883;0.995502;0.024582;0.981087;1;3;1
1020.53;1342.06;2.10495;2.89138;-0.00123952;-0.00178863;0.000103621;-0.00122062;-0.00180753;0.993461;0.0124583;-0.00609988;0.994393;0.0244576;0.979983;1;3;1
1043.53;1342.06;2.07906;3.0375;0.000666851;-0.000936366;0.000631746;0.000885869;-0.00115538;0.999645;0.00931568;-0.00723461;0.998961;0.0329859;0.967207;1;2;1
1066.53;1342.06;2.13393;3.28586;0.0039041;0.00178767;0.00375206;0.00674432;-0.00105255;1.00898;0.00690897;-0.0142282;1.00312;0.0280719;0.974581;1;2;1
1089.53;1342.06;2.25544;3.55129;0.00404787;0.000383454;0.00240886;0.00524214;-0.000810821;1.00284;0.000941898;-0.00789791;1.00047;0.0289899;0.978966;1;3;1
1112.53;1342.06;2.31753;3.73932;-0.000210773;-0.00120227;-0.000472082;-2.19575e-05;-0.00139108;1.00164;0.000723598;-0.00973869;0.997334;0.0284548;0.98117;1;3;1
1135.53;1342.06;2.24468;3.86426;3.87326e-05;-0.00171139;0.000749593;0.000315896;-0.00198856;0.997196;0.00767723;-0.0104288;0.997701;0.03203;0.963891;1;3;1
1158.53;1342.06;2.31772;4.12202;0.00249577;-0.000778156;0.00255109;0.00388994;-0.00217232;1.00684;0.00423515;-0.00553555;0.996413;0.0244922;0.986304;1;3;1
1181.53;1342.06;2.35683;4.34588;0.0021648;-0.00119564;0.00192792;0.00304192;-0.00207276;1.0009;-0.00123907;-0.00776879;0.9932;0.0283096;0.985687;1;3;1
1204.53;1342.06;2.41561;4.50433;-0.00063329;-0.00182917;-0.000835735;-0.000203618;-0.00225884;0.998226;0.00748308;-0.00881626;0.998544;0.0260786;0.980969;1;3;1
1227.53;1342.06;2.32619;4.71636;0.00204649;-0.00238063;0.000899993;0.00222246;-0.0025566;0.996913;0.0103636;-0.00494587;0.998697;0.0292794;0.979572;1;3;1
1250.53;1342.06;2.50737;4.96277;0.00525654;-0.000449572;0.000632074;0.00532572;-0.000518749;1.01061;0.00789183;-0.0149069;0.996281;0.0247978;0.985633;1;3;1
1273.53;1342.06;2.56527;5.15585;0.00255597;-0.000861991;0.000438823;0.00261141;-0.000917431;0.994437;0.0101734;-0.00586421;0.992328;0.0260317;0.987577;1;3;1
31.5305;1319.06;3.42712;-5.2809;-0.000186223;-0.00222458;0.000356869;-0.000125549;-0.00228525;0.999173;0.00211386;-0.00775315;0.998201;0.0296085;0.97867;1;3;1
54.5305;1319.06;3.42212;-5.09921;-0.00304863;-0.0018078;-0.0011295;-0.00113954;-0.00371689;0.993132;0.0124285;-0.0102108;0.999433;0.0199497;0.991948;1;3;1
77.5306;1319.06;3.28529;-4.92443;-0.00523989;-0.00271936;-0.0011386;-0.00228119;-0.00567806;1.00114;0.00870329;-0.00743241;1.0021;0.0222402;0.986337;1;3;1
100.531;1319.06;3.17909;-4.74634;-0.00426019;-0.00156826;-0.00108515;-0.00118531;-0.00464315;0.991223;0.00377737;-0.00146226;1.00241;0.020372;0.992567;1;3;1
123.531;1319.06;3.08826;-4.68302;-0.00385469;-0.00169755;-0.00126942;-0.00111036;-0.00444188;0.991733;0.00865886;-0.00553582;0.995086;0.0258491;0.97743;1;3;1
146.531;1319.06;3.00066;-4.48028;-0.00188803;-0.00199104;-0.000476238;-0.00146052;-0.00241855;0.997585;0.00941875;-0.0147314;0.997957;0.0238108;0.98656;1;3;1
169.531;1319.06;2.99943;-4.26494;-0.00234271;-0.00196287;0.0005202;-0.001599;-0.00270657;1.00176;0.0101585;-0.00567094;1.00386;0.0202754;0.992443;1;3;1
192.531;1319.06;2.8909;-4.06567;-0.00269393;-0.00107806;-0.00106662;-0.00054792;-0.00322407;0.995707;0.00941829;-0.00371824;0.999562;0.0203332;0.989147;1;3;1
215.531;1319.06;2.87443;-3.97646;-0.00354859;-0.00168139;-0.000640513;-0.0014828;-0.00374718;0.995233;0.00680131;-0.00816272;0.994717;0.0201749;0.991376;1;3;1
238.531;1319.06;2.72652;-3.78581;-0.00187493;-0.00132867;-0.000154183;-0.00128816;-0.00191544;1.00529;0.0114909;-0.0076857;0.997372;0.019782;0.990034;1;3;1
261.531;1319.06;2.78641;-3.58164;0.000815892;-0.000723674;-0.00071867;0.00109922;-0.00100701;0.996357;0.011958;-0.0108165;1.00074;0.0198273;0.990069;1;3;1
284.531;1319.06;2.7625;-3.40986;-0.0050367;-0.00110843;-0.000939739;-0.000895196;-0.00524994;0.995192;0.00911442;-0.0058496;0.998087;0.0184358;0.993764;1;3;1
307.531;1319.06;2.55282;-3.23447;-0.00543294;-0.00433989;0.000557229;-0.00410591;-0.00566692;0.998197;0.00832064;-0.012341;0.994748;0.0223184;0.987098;1;2;1
330.531;1319.06;2.51026;-3.02291;-0.00163815;-0.00201206;0.000276458;-0.00149137;-0.00215884;0.994707;0.00485475;-0.00716108;0.997332;0.0166647;0.995068;1;2;1
353.531;1319.06;2.47553;-2.82065;-0.00205571;-0.00249001;-0.000246491;-0.00194436;-0.00260136;0.999911;0.0110554;-0.010577;1.0007;0.0184527;0.990009;1;3;1
376.531;1319.06;2.41404;-2.64369;-0.00116032;-0.00162763;0.000987949;-0.000378774;-0.00240918;0.997476;0.00567979;-0.00701008;0.997711;0.0197022;0.990911;1;3;1
399.531;1319.06;2.42039;-2.42058;-0.0019391;-0.0021152;0.00131279;-0.000711411;-0.00334289;0.997006;0.00318996;-0.00669374;0.995011;0.0204053;0.986003;1;2;1
422.531;1319.06;2.32294;-2.23592;-0.0025562;-0.00151175;9.97197e-05;-0.00150231;-0.00256563;0.997212;0.00938262;-0.00604482;0.990627;0.0191646;0.990035;1;3;1
445.531;1319.06;2.3013;-2.06883;-0.000830207;0.000657225;0.00138352;0.00148425;-0.00165723;0.998673;0.00649137;-0.0133296;0.99815;0.0203644;0.989726;1;3;1
468.531;1319.06;2.28296;-1.83228;-0.00138534;-0.00172567;0.00158264;3.62582e-05;-0.00314727;1.00059;0.00508158;-0.00998631;0.998432;0.0175271;0.993243;1;2;1
491.531;1319.06;2.23524;-1.61008;-0.000969839;-0.00196977;-0.000193411;-0.000933732;-0.00200587;0.997849;0.0120221;-0.00594034;0.998748;0.0225483;0.981822;1;3;1
514.531;1319.06;2.23681;-1.45895;-0.00119144;-0.00169787;0.000347873;-0.00101439;-0.00187492;0.996671;0.00341904;-0.0087909;0.993726;0.0194702;0.987156;1;3;1
537.531;1319.06;2.17874;-1.21881;-0.0014601;-0.00161324;-0.000164446;-0.00135527;-0.00171807;1.00021;0.00660313;-0.00633898;1.00544;0.0201915;0.991651;1;4;1
560.531;1319.06;2.1686;-1.15585;-0.00102223;-0.00137671;0.000389026;-0.000771971;-0.00162697;1.00039;0.00451475;-0.0134007;0.991783;0.0186293;0.989997;1;3;1
583.531;1319.06;2.13026;-0.85666;-0.00185319;-0.00155395;0.00177225;7.49816e-05;-0.00348212;0.991093;0.00794899;-0.0124318;0.998647;0.020069;0.989207;1;3;1
606.531;1319.06;2.08072;-0.671508;-0.00210043;-0.00273735;0.000708652;-0.00164197;-0.00319581;1.00599;0.00356115;-0.00462043;0.996476;0.0194249;0.991796;1;3;1
629.531;1319.06;2.03227;-0.514391;-0.000299445;-0.00130046;0.000800374;0.000144032;-0.00174394;0.999909;0.0110456;-0.0117216;0.99791;0.0205645;0.987541;1;3;1
652.531;1319.06;2.06494;-0.242535;0.00163784;-0.000910141;0.000887295;0.00191638;-0.00118868;1.00692;0.0105356;-0.00769758;1.00123;0.0179322;0.990839;1;3;1
675.531;1319.06;2.10524;-0.0538231;-0.00063939;-0.00120193;0.00148095;0.000586763;-0.00242808;1.00018;0.0145103;-0.0134617;0.996504;0.0197374;0.992622;1;3;1
698.531;1319.06;2.03386;0.147694;-0.00264269;-0.000333062;0.00155536;0.000449323;-0.00342507;0.994147;0.00234413;-0.00419096;1.00023;0.0200414;0.991933;1;3;1
721.531;1319.06;1.98164;0.361271;-0.00119751;-0.00172047;0.000927128;-0.000495694;-0.00242229;1.00055;-0.00143206;-0.0110353;0.996628;0.0210799;0.98726;1;3;1
744.531;1319.06;1.97744;0.494013;-0.000323679;-0.000980821;0.00154636;0.000928637;-0.00223314;0.999956;0.0102551;-0.00560034;1.0001;0.0240191;0.981062;1;2;1
767.531;1319.06;1.96498;0.764628;0.000892176;0.000152373;0.00132586;0.00189877;-0.000854222;0.992836;0.0018532;-0.0135689;1.00023;0.034742;0.969186;1;3;1
790.531;1319.06;2.01648;0.921316;0.00242895;-0.0010463;0.000295298;0.00245386;-0.00107121;1.01233;0.0107392;-0.00359998;1;0.0272327;0.978925;1;3;1
813.531;1319.06;2.0751;1.13335;0.000835462;-0.000595517;0.00165183;0.0019201;-0.00168016;0.99816;0.00850329;-0.0126689;0.998353;0.0223754;0.987441;1;3;1
836.531;1319.06;2.0528;1.36042;-0.000475997;-0.00069401;0.000641661;6.58505e-05;-0.00123586;1.00082;0.0119728;-0.0069344;1.00169;0.0238859;0.983328;1;3;1
859.531;1319.06;2.05159;1.5177;0.000731101;-0.00158809;0.000655701;0.000903649;-0.00176063;0.996127;0.00766486;-0.00492802;0.996447;0.0258377;0.97754;1;3;1
882.531;1319.06;2.08501;1.7199;0.00158428;-0.00177367;0.00125699;0.00200268;-0.00219207;1.00593;0.00767419;-0.00971742;1.00067;0.0266504;0.979814;1;3;1
905.531;1319.06;2.12256;1.93104;0.00261842;-0.00148611;0.00142951;0.00306721;-0.00193491;0.999379;0.00248559;-0.00882093;0.995024;0.0270101;0.970471;1;3;1
928.531;1319.06;2.20358;2.11914;0.00182602;-0.000193292;0.00148569;0.00261265;-0.00097993;1.0059;0.0108286;-0.00802454;1.00011;0.0251232;0.982402;1;3;1
951.531;1319.06;2.2046;2.3476;0.001353;-0.00175943;0.000957368;0.0016239;-0.00203033;0.998701;0.0130518;-0.0182083;1.00174;0.0234171;0.982429;1;3;1
974.531;1319.06;2.26377;2.54833;0.000550554;-0.00160665;0.00212218;0.00185251;-0.0029086;0.994482;0.00698902;-0.00196806;0.997412;0.0256074;0.976025;1;3;1
997.531;1319.06;2.22814;2.75186;5.40613e-07;-0.00135206;0.0011938;0.000696298;-0.00204782;1.00585;0.0109462;-0.0119346;0.994991;0.0287974;0.974113;1;3;1
1020.53;1319.06;2.26203;2.95165;0.00107951;-0.00388356;-0.000113774;0.00108212;-0.00388616;0.990836;0.00235569;-0.00664186;0.993786;0.0283026;0.9715;1;3;1
1043.53;1319.06;2.27659;3.08168;-0.00222668;-0.00210602;-0.00105634;-0.00110829;-0.00322441;1.00152;0.00807718;-0.00563551;0.997309;0.029735;0.974545;1;3;1
1066.53;1319.06;2.15848;3.25594;0.000928897;-0.00131388;0.00130807;0.00153046;-0.00191544;1.00688;-0.000393735;-0.0145578;1.00308;0.0249608;0.982326;1;3;1
1089.53;1319.06;2.31696;3.54581;0.00497083;-0.000775025;0.00373534;0.00681028;-0.00261447;1.00308;0.00207727;-0.0132608;1.00236;0.027894;0.973059;1;2;1
1112.53;1319.06;2.3836;3.77972;0.00246203;-0.000332724;0.00150545;0.00311869;-0.000989377;0.997041;0.016637;-0.00874452;0.998998;0.0259304;0.976817;1;3;1
1135.53;1319.06;2.42866;3.90711;0.000763283;-0.00145676;-0.000481939;0.000863391;-0.00155687;0.998903;0.00514246;-0.000574206;0.998931;0.0229825;0.983717;1;3;1
1158.53;1319.06;2.41782;4.06525;0.00115426;0.000503068;0.00300803;0.00385426;-0.00219693;1.00599;0.00281489;-0.0128902;1.00481;0.0255742;0.975988;1;3;1
1181.53;1319.06;2.47906;4.40289;0.0052852;-0.00140983;0.00175216;0.00571603;-0.00184067;1.00284;0.0158833;-0.0115672;1.00057;0.0225644;0.98605;1;3;1
1204.53;1319.06;2.65723;4.59793;0.00463435;-0.0034597;-7.10276e-05;0.00463497;-0.00346032;1.01204;0.00899206;-0.00505364;0.995519;0.0224166;0.986088;1;4;1
1227.53;1319.06;2.68969;4.83823;0.00181019;-0.00176812;-0.0010934;0.00211784;-0.00207577;0.994691;0.0109871;-0.0134784;0.999196;0.0231578;0.986028;1;3;1
1250.53;1319.06;2.73868;4.99891;0.00332133;-0.00138773;0.000224197;0.00333198;-0.00139838;1.00066;0.0126666;-0.0121491;0.997756;0.023689;0.991745;1;3;1
1273.53;1319.06;2.84077;5.20398;0.0044885;-0.000815998;-0.000804724;0.00460789;-0.000935392;1.0111;0.0122137;-0.00433942;1.00199;0.0278181;0.981946;1;3;1
31.5305;1296.06;3.6206;-5.24933;0.00255827;-0.0020338;-0.00164782;0.00308838;-0.00256391;1.0015;0.0225984;-0.00303281;0.993712;0.0268224;0.983786;1;3;1
54.5305;1296.06;3.67862;-5.06362;-0.00204724;-0.00191636;-0.000930805;-0.0010487;-0.0029149;0.996221;0.015005;-0.0110744;0.995911;0.0200505;0.988559;1;3;1
77.5306;1296.06;3.52514;-4.91934;-0.00602054;-0.00206164;-0.00147077;-0.00157504;-0.00650713;0.992357;0.0100867;-0.00518282;0.999728;0.0214791;0.99265;1;3;1
100.531;1296.06;3.39986;-4.76454;-0.00496508;-0.000778032;-0.000685575;-0.000668636;-0.00507448;0.993452;0.0100932;-0.00256858;0.996456;0.0212756;0.987426;1;3;1
123.531;1296.06;3.29511;-4.60685;-0.00124764;-0.00360986;-0.00114528;-0.000783545;-0.00407395;1.00122;0.012306;-0.00861962;0.995677;0.0242117;0.984283;1;4;1
146.531;1296.06;3.34103;-4.40608;-0.00205524;-0.00322065;0.000175918;-0.00202927;-0.00324662;0.997116;0.00873462;-0.0113917;0.993558;0.0208958;0.991995;1;3;1
169.531;1296.06;3.19883;-4.21819;-0.00538112;-0.00139494;0.000119585;-0.00139136;-0.0053847;0.9965;0.00801778;-0.00765337;0.994627;0.0210333;0.989657;1;2;1
192.531;1296.06;3.09143;-4.04834;-0.0040761;-0.00117557;-8.00353e-05;-0.00117337;-0.00407831;0.995058;0.00586809;-0.00421844;0.998284;0.0198698;0.987727;1;3;1
215.531;1296.06;3.00984;-3.90014;-0.00231266;-0.00253223;-0.000267654;-0.00213315;-0.00271174;0.994918;0.00364596;-0.0107413;1.00187;0.0183085;0.993853;1;3;1
238.531;1296.06;2.9838;-3.72722;-0.000646564;-0.00253437;-0.00131729;3.00902e-05;-0.00321103;1.00109;0.00455964;-0.00414264;0.998906;0.020892;0.993586;1;2;1
261.531;1296.06;2.97873;-3.54639;-0.00201708;-0.00242591;0.000900174;-0.0012984;-0.00314459;0.996563;0.00491105;-0.0124977;0.998524;0.0237454;0.985316;1;2;1
284.531;1296.06;2.88939;-3.35224;-0.00523616;-0.00251262;0.00131594;-0.00198069;-0.00576809;0.992321;0.00327734;-0.00456097;0.998477;0.020042;0.991713;1;3;1
307.531;1296.06;2.73539;-3.13624;-0.00261916;-0.00342711;-0.000385489;-0.00246475;-0.00358152;0.996261;0.00657381;-0.00634726;0.998157;0.0210322;0.985627;1;3;1
330.531;1296.06;2.76751;-3.01553;-0.000673825;-0.0017435;-0.000298978;-0.000595932;-0.0018214;0.999832;0.00717691;-0.00758309;1.00402;0.018653;0.991468;1;3;1
353.531;1296.06;2.70302;-2.78154;-0.00417057;-0.00234473;0.000386104;-0.00226644;-0.00424887;0.997143;0.00724974;-0.0124178;0.997794;0.0174426;0.995954;1;3;1
376.531;1296.06;2.57352;-2.61601;-0.00312184;-0.00179576;0.000173595;-0.00177341;-0.00314418;1.00197;0.0116521;-0.00433445;0.997954;0.0221212;0.988708;1;3;1
399.531;1296.06;2.55745;-2.38253;-0.00140727;-0.00189416;0.00123308;-0.000393834;-0.00290759;0.996777;0.0100434;-0.0107625;1.00102;0.0196874;0.988772;1;2;1
422.531;1296.06;2.50673;-2.18608;-0.00127035;-0.00115196;0.000325239;-0.000880568;-0.00154173;0.995229;0.0105506;-0.00653036;1.00489;0.0218866;0.987823;1;2;1
445.531;1296.06;2.49769;-2.03782;-0.000854711;-0.00133517;-5.0032e-05;-0.000849556;-0.00134032;0.99754;0.00846815;-0.0119655;0.996969;0.0234718;0.989422;1;3;1
468.531;1296.06;2.46575;-1.79681;-0.00149236;-0.0010699;0.00173559;0.000467263;-0.00302953;1.00499;0.00786774;-0.00481229;0.995797;0.0200454;0.987243;1;2;1
491.531;1296.06;2.42683;-1.59314;-0.00179775;-2.69097e-05;9.56961e-05;-2.17533e-05;-0.00180291;0.994953;0.00335193;-0.0135626;1.00148;0.0224299;0.984152;1;3;1
514.531;1296.06;2.38113;-1.38461;-0.00101134;-0.00179199;0.00112478;-0.000211082;-0.00259225;0.997599;0.00564765;-0.00708518;1.00372;0.0192298;0.990054;1;3;1
537.531;1296.06;2.37852;-1.18982;-0.00144734;-0.0019863;0.00104006;-0.000642414;-0.00279123;1.00085;0.00373808;-0.00871005;0.998802;0.022029;0.985996;1;3;1
560.531;1296.06;2.31305;-1.01982;-0.00161149;-0.00337268;0.000672648;-0.00138397;-0.00360019;0.996119;0.0114419;-0.00925002;0.998465;0.0186656;0.98988;1;3;1
583.531;1296.06;2.30273;-0.806374;-0.00110806;-0.00343696;0.0015971;-0.000295979;-0.00424904;0.999032;0.00631923;-0.00937287;0.993386;0.0192561;0.989171;1;2;1
606.531;1296.06;2.25996;-0.581248;-0.00148498;-0.00237263;0.000320909;-0.00138112;-0.0024765;1.00104;0.00999651;-0.00780127;1.00025;0.0208449;0.98691;1;3;1
629.531;1296.06;2.23275;-0.420515;-3.47408e-05;-0.00275312;-0.000277298;-6.74239e-06;-0.00278112;0.997044;0.00305161;-0.014627;0.994794;0.0202075;0.988033;1;3;1
652.531;1296.06;2.25715;-0.24656;-0.0014614;-0.000650554;0.00142959;0.000429984;-0.00254194;0.997942;0.00345441;-0.0084075;0.995685;0.0218861;0.9849;1;2;1
675.531;1296.06;2.16352;0.00279536;-0.00168346;-0.000365445;0.00224848;0.00131862;-0.00336752;1.00613;0.00148706;-0.00635686;1.00016;0.0234453;0.986807;1;3;1
698.531;1296.06;2.17766;0.179737;9.63499e-05;-0.00172646;0.000420524;0.000188687;-0.0018188;0.99469;0.00730298;-0.00699611;0.998641;0.0219111;0.987152;1;3;1
721.531;1296.06;2.16656;0.361135;0.000678998;-0.000578778;-0.000185255;0.000705716;-0.000605496;1.00404;0.0111891;-0.00820254;0.997986;0.023459;0.987738;1;2;1
744.531;1296.06;2.20728;0.563963;0.00160063;-0.0030789;-0.000260068;0.00161504;-0.00309331;0.996932;0.00452826;-0.0128781;0.995829;0.0233772;0.986808;1;3;1
767.531;1296.06;2.23864;0.732353;-4.28677e-05;-0.00156146;-0.000496282;0.000104934;-0.00170926;0.996422;0.0131443;-0.00398421;0.997261;0.0240291;0.983805;1;3;1
790.531;1296.06;2.20362;0.958529;0.00018809;-0.00265734;0.00124445;0.00065555;-0.0031248;1.00058;0.00690638;-0.0123614;1.00088;0.0205415;0.9895;1;3;1
813.531;1296.06;2.2453;1.16039;0.00123849;-0.00130914;0.00118256;0.00170279;-0.00177344;1.00423;0.00426137;-0.00974032;1.00201;0.0226146;0.988696;1;2;1
836.531;1296.06;2.25882;1.35782;0.00073232;-0.000799586;0.000892719;0.00114264;-0.00120991;0.994314;0.0023935;-0.0086147;1.00131;0.0266586;0.977586;1;3;1
859.531;1296.06;2.27701;1.58465;0.00092199;-0.00167622;0.000634221;0.00106854;-0.00182277;1.00507;0.00475809;-0.0107658;1.00437;0.0241077;0.983693;1;3;1
882.531;1296.06;2.29952;1.75246;-0.00118637;-0.00172217;0.000445601;-0.000934339;-0.00197421;0.995838;0.00823768;-0.00291991;1.00123;0.0220096;0.982237;1;3;1
905.531;1296.06;2.22059;1.99334;-0.00157597;-0.00253425;0.000728506;-0.00118316;-0.00292706;0.996304;0.00991168;-0.00924384;1.00137;0.0239277;0.986382;1;2;1
928.531;1296.06;2.22493;2.18615;0.00336813;-0.00235475;0.00103406;0.00354924;-0.00253586;1.00466;0.00380632;-0.01181;0.998836;0.0266833;0.981319;1;3;1
951.531;1296.06;2.3738;2.3609;0.00126994;-0.00113294;0.00102945;0.00165066;-0.00151365;1.00551;0.0101785;-0.00946429;0.995922;0.0260332;0.981405;1;3;1
974.531;1296.06;2.28168;2.57346;0.00126725;0.00144554;0.00191323;0.00327171;-0.000558911;1.00169;0.000981177;-0.00303947;1.00091;0.0299665;0.963157;1;3;1
997.531;1296.06;2.43032;2.76143;0.00358475;-0.00144135;0.00270584;0.00476454;-0.00262113;1.00402;0.00660889;-0.0143279;1.00109;0.0247865;0.982232;1;2;1
1020.53;1296.06;2.44359;3.07163;0.00113092;-0.00186058;-0.00011568;0.00113538;-0.00186504;0.99962;0.0121586;-0.00875321;1.00327;0.0269417;0.982951;1;3;1
1043.53;1296.06;2.48078;3.13624;0.000740119;-0.00292259;-0.00112065;0.00105579;-0.00323826;0.998963;0.016824;-0.00512111;0.995421;0.0292206;0.972878;1;3;1
1066.53;1296.06;2.4768;3.34762;-0.0009624;-0.00340376;-0.000432303;-0.000888111;-0.00347805;0.997404;0.0149843;-0.00905617;0.991708;0.0298203;0.96795;1;3;1
1089.53;1296.06;2.43428;3.5873;0.00140667;-0.000303232;0.00053002;0.00155763;-0.000454195;0.997028;0.00863185;-0.00737302;0.998803;0.0252127;0.97973;1;3;1
1112.53;1296.06;2.53966;3.75517;0.00306762;6.93728e-05;0.000519504;0.00315508;-1.80898e-05;1.00523;0.00156388;-0.00909048;1.001;0.0277392;0.980831;1;2;1
1135.53;1296.06;2.57388;3.9325;-3.46908e-05;-0.000558449;-0.000857997;0.000600503;-0.00119364;0.997073;0.0134797;-0.00599786;0.995816;0.0254675;0.98227;1;2;1
1158.53;1296.06;2.53677;4.09941;0.00335844;-0.00260073;0.00128508;0.00362375;-0.00286604;1.00679;0.0142407;-0.0103898;0.993969;0.0280796;0.975521;1;3;1
1181.53;1296.06;2.72562;4.41226;0.00699446;0.000102563;0.0018892;0.00747835;-0.000381326;1.00888;0.00712058;-0.0160253;1.00132;0.0234052;0.987304;1;2;1
1204.53;1296.06;2.85394;4.66585;0.00222338;-0.000784567;0.000489161;0.00230093;-0.000862117;1.00098;0.0091418;-0.00622637;1.0026;0.0222266;0.981712;1;3;1
1227.53;1296.06;2.82615;4.80049;-3.60962e-05;0.000255776;3.00023e-05;0.000258828;-3.91483e-05;1.00064;0.00584449;-0.00767438;0.998651;0.0219707;0.984171;1;2;1
1250.53;1296.06;2.85085;5.02794;0.00484873;-0.00124356;0.00137468;0.00514455;-0.00153938;1.006;0.00118924;-0.00840671;1.00051;0.0223971;0.989074;1;2;1
1273.53;1296.06;3.04696;5.19592;0.00858938;-0.000563911;0.000869794;0.0086713;-0.00064583;1.01458;0.00152539;-0.0052528;1.00312;0.0283367;0.981777;1;3;1
31.5305;1273.06;3.94804;-5.1843;-0.00474591;-0.00331589;-0.00072362;-0.00301361;-0.00504818;0.998382;0.00492017;-0.00654542;0.999956;0.0242746;0.982881;1;3;1
54.5305;1273.06;3.83796;-5.00909;-0.00487856;-0.00264964;0.000676482;-0.00246039;-0.0050678;0.994878;0.001822;-0.00342665;0.997022;0.0197082;0.990058;1;2;1
77.5306;1273.06;3.72169;-4.82743;-0.00608318;-0.00249332;-0.00105864;-0.00220438;-0.00637212;0.99577;0.00395455;-0.00524514;0.998739;0.0187293;0.993788;1;2;1
100.531;1273.06;3.55629;-4.70899;-0.00367256;-0.00401121;0.00044277;-0.00336784;-0.00431593;0.992699;0.00376846;-0.0100917;0.998712;0.0272076;0.982896;1;3;1
123.531;1273.06;3.55137;-4.51433;-0.00395029;-0.00235935;0.000662185;-0.00211981;-0.00418984;1.00204;0.00456853;-0.00812832;0.997782;0.0272688;0.98633;1;3;1
146.531;1273.06;3.37265;-4.33038;-0.00439772;-0.00358059;0.00109491;-0.0028205;-0.00515781;0.991092;-0.00192078;-0.0055992;0.999758;0.0288982;0.976794;1;3;1
169.531;1273.06;3.34754;-4.19941;-0.00334801;-0.00221806;-5.59714e-05;-0.00221529;-0.00335077;0.999147;-0.00222441;-0.0111392;0.995019;0.0217053;0.985161;1;3;1
192.531;1273.06;3.21727;-4.01041;-0.00273793;-0.00177148;-0.000328537;-0.00167038;-0.00283904;0.996566;0.00803975;-0.00144374;0.998014;0.0200687;0.993371;1;2;1
215.531;1273.06;3.22016;-3.85853;-0.000328628;-0.00290333;5.10769e-05;-0.000327615;-0.00290434;0.999022;0.0107182;-0.00951234;0.998295;0.0208159;0.990582;1;3;1
238.531;1273.06;3.20086;-3.66663;-0.00304422;-0.00296905;0.000354949;-0.0026497;-0.00336357;1.00265;0.00553755;-0.00760217;0.995441;0.0220862;0.990047;1;3;1
261.531;1273.06;3.07826;-3.46898;-0.00319631;-0.00266867;0.00124193;-0.00166285;-0.00420214;0.993855;0.0108613;-0.0113389;0.99769;0.0267266;0.980307;1;3;1
284.531;1273.06;3.05208;-3.29322;-0.00329371;-0.002908;0.00111234;-0.00197192;-0.0042298;0.994729;0.00853217;-0.0055957;0.992702;0.0197588;0.993359;1;3;1
307.531;1273.06;2.9248;-3.07504;-0.0034422;-0.00197989;-0.000153106;-0.00196403;-0.00345805;0.994826;0.00745737;-0.00607811;0.996642;0.0193615;0.990423;1;2;1
330.531;1273.06;2.89211;-2.94106;-0.0018079;-0.00266102;0.000768692;-0.00135535;-0.00311357;0.998512;0.00661444;-0.0113979;0.995612;0.0215047;0.989962;1;2;1
353.531;1273.06;2.84012;-2.71122;-0.0020189;-0.00258812;0.00100453;-0.00125944;-0.00334758;0.994747;-0.000511867;-0.00903859;0.994989;0.0228658;0.987911;1;3;1
376.531;1273.06;2.79756;-2.55941;-0.00221618;-0.00172573;-0.000457728;-0.00145168;-0.00249024;0.99833;0.00979707;-0.0103157;0.999161;0.0188891;0.993655;1;3;1
399.531;1273.06;2.7365;-2.33228;-0.00343485;-0.00168819;0.000547344;-0.00153084;-0.00359219;0.99219;0.00782406;-0.0102899;1.00454;0.0215642;0.987613;1;3;1
422.531;1273.06;2.63773;-2.18182;-0.000876823;-0.00209044;-0.000157412;-0.000856738;-0.00211052;0.99675;0.00438711;-0.00660031;0.997319;0.023468;0.990756;1;2;1
445.531;1273.06;2.69499;-2.00568;-0.0014785;-0.00223839;0.00162542;-0.000189205;-0.00352768;0.995118;0.00420116;-0.011787;1.00126;0.0229098;0.985716;1;3;1
468.531;1273.06;2.56793;-1.78216;-0.00117121;-0.000109664;0.00110354;0.000584114;-0.00186498;1.00013;0.0061213;-0.00523308;1.00063;0.020948;0.985127;1;3;1
491.531;1273.06;2.63935;-1.60707;-0.00064984;-0.00156264;0.00146163;0.00042499;-0.00263747;0.99254;0.00752269;-0.0116483;0.999766;0.0227642;0.984278;1;3;1
514.531;1273.06;2.53623;-1.37547;-0.00410732;-0.00105467;0.00147692;-0.000457091;-0.0047049;1.00047;0.00963012;-0.00900829;0.99659;0.0220264;0.986895;1;3;1
537.531;1273.06;2.44751;-1.12656;-0.000984297;-0.00189895;0.00151161;0.000137652;-0.0030209;1.00035;0.00632256;-0.00779963;0.993906;0.020919;0.984955;1;3;1
560.531;1273.06;2.48939;-0.999319;-0.000538584;-0.000173716;0.00037302;5.90925e-05;-0.000771392;0.996761;0.00735881;-0.0101854;1.00147;0.0210839;0.985875;1;2;1
583.531;1273.06;2.42072;-0.697367;-0.00110001;-0.00138737;0.00173487;0.000497116;-0.00298449;1.00001;-0.00157777;-0.00908977;0.999467;0.0227395;0.984348;1;3;1
606.531;1273.06;2.43667;-0.560856;-0.00061103;-0.000643429;0.000339131;-0.000287712;-0.000966747;0.998177;0.0123554;-0.006494;0.999427;0.0191918;0.991943;1;3;1
629.531;1273.06;2.39155;-0.386165;-0.00170409;-0.00149099;0.000144049;-0.00141836;-0.00177671;0.998492;0.0110925;-0.0101795;1.0059;0.0239332;0.985653;1;3;1
652.531;1273.06;2.35688;-0.211673;-0.00141908;-0.00219178;0.00090792;-0.000818723;-0.00279213;0.995139;0.0113602;-0.00558387;0.999879;0.0235394;0.980765;1;3;1
675.531;1273.06;2.3249;-0.0364849;-4.16172e-05;-0.000681115;0.00121924;0.000899105;-0.00162184;1.00161;0.00728945;-0.00920921;0.998823;0.0238601;0.983597;1;2;1
698.531;1273.06;2.35287;0.228288;0.00129402;-0.002325;0.00142334;0.00178673;-0.00281771;1.00374;0.00685158;-0.0103807;0.996849;0.0197037;0.991492;1;3;1
721.531;1273.06;2.38241;0.38965;0.000429722;-0.000525228;0.000495577;0.000640418;-0.000735924;0.996389;0.00669546;-0.0101893;0.999864;0.019319;0.989214;1;3;1
744.531;1273.06;2.37081;0.637548;0.000530124;-0.00146069;0.00108963;0.00101057;-0.00194113;1.00731;0.0096795;-0.00834695;0.998085;0.0234238;0.981521;1;3;1
767.531;1273.06;2.4046;0.838615;-0.000873053;-0.00393906;0.001878;1.81957e-05;-0.0048303;0.989865;0.00929868;-0.0118798;0.991711;0.0308357;0.960244;1;3;1
790.531;1273.06;2.32883;1.04478;-0.000836852;-0.0022148;0.00110234;-0.00022589;-0.00282576;1.00107;0.0104697;-0.00816561;0.990897;0.0209833;0.985072;1;2;1
813.531;1273.06;2.36471;1.19452;0.001455;-0.000519484;0.00173693;0.00246565;-0.00153013;0.997849;0.00287022;-0.00316918;0.999096;0.0255981;0.983623;1;3;1
836.531;1273.06;2.39435;1.39848;0.000520968;-0.00124675;0.00239773;0.00219256;-0.00291835;1.00558;0.00231484;-0.0146464;0.997535;0.0281671;0.961221;1;3;1
859.531;1273.06;2.38692;1.5961;0.00130172;-0.00178156;0.00169889;0.00205418;-0.00253402;1.00055;0.00517168;-0.00371814;0.993014;0.0247213;0.984166;1;3;1
882.531;1273.06;2.45244;1.80066;0.00226368;-0.000663985;0.00306406;0.00419562;-0.00259593;0.996529;-0.00357918;-0.0129314;0.997116;0.021016;0.988506;1;2;1
905.531;1273.06;2.48871;2.04922;0.000517209;-0.00148559;0.00124469;0.00111333;-0.0020817;1.00347;0.00522951;-0.00529549;0.99539;0.0228518;0.985245;1;3;1
928.531;1273.06;2.47423;2.22838;0.000196285;-0.00229423;-0.000470239;0.000282114;-0.00238006;0.992615;0.00441819;-0.0102404;0.99781;0.0251868;0.974627;1;3;1
951.531;1273.06;2.49639;2.40067;0.000327291;-0.000905086;0.000386509;0.000438479;-0.00101628;1.00445;0.00174662;-0.00311204;0.998628;0.0218894;0.980312;1;3;1
974.531;1273.06;2.48858;2.48243;-0.000406842;0.000792087;-0.000509937;0.000979638;-0.000594393;1.00057;0.0125475;-0.0167778;0.992492;0.0293053;0.978478;1;3;1
997.531;1273.06;2.47577;2.81888;0.00350856;-0.00197554;0.00304501;0.00486419;-0.00333117;0.99969;0.00464639;-0.00750687;1.00405;0.0269939;0.980076;1;3;1
1020.53;1273.06;2.64634;3.03893;0.00393265;0.00165492;0.00173022;0.00486518;0.000722384;1.00226;-0.000860781;-0.00744327;1.00711;0.026344;0.977589;1;3;1
1043.53;1273.06;2.65459;3.21787;7.49553e-05;-0.0022404;0.000733223;0.000287619;-0.00245306;0.999458;-0.00318755;-0.00970562;0.99769;0.023759;0.988431;1;3;1
1066.53;1273.06;2.64825;3.4154;0.000474126;-0.00153237;0.00041666;0.000557207;-0.00161545;0.99877;0.0030167;-0.00627951;1.00339;0.0251272;0.978209;1;2;1
1089.53;1273.06;2.67512;3.56116;0.000724105;-0.00119884;-0.000344475;0.000783951;-0.00125868;0.997953;0.015384;-0.0078909;0.998911;0.0248246;0.98218;1;2;1
1112.53;1273.06;2.68012;3.77748;0.00387802;-0.0012386;0.00142715;0.00424917;-0.00160975;1.00471;0.012649;-0.00997513;0.996678;0.0268182;0.981048;1;3;1
1135.53;1273.06;2.85165;3.93475;0.00214557;-0.0025243;0.000292098;0.00216376;-0.0025425;1.00089;0.00653601;-0.00926827;1.00313;0.0284083;0.977419;1;3;1
1158.53;1273.06;2.7769;4.18645;0.000429216;-0.00305066;0.00042637;0.000480695;-0.00310214;1.0021;0.00359316;-0.0112196;0.991917;0.0273561;0.979721;1;3;1
1181.53;1273.06;2.86904;4.39983;0.00489613;-0.0015195;0.00177697;0.00535542;-0.0019788;1.00536;0.00977048;-0.0137662;0.995705;0.0217896;0.987114;1;2;1
1204.53;1273.06;2.99939;4.63531;0.00396585;-0.000671473;0.00221646;0.00485482;-0.00156044;1.00404;0.000436653;-0.00422205;0.995992;0.0260948;0.980581;1;2;1
1227.53;1273.06;3.04913;4.82787;0.000182665;-0.000337742;0.00219588;0.00213371;-0.00228879;1.00186;0.00652396;-0.00997573;0.999582;0.0227823;0.989604;1;2;1
1250.53;1273.06;3.00586;5.05692;0.00102221;-0.00318314;0.000364376;0.00105355;-0.00321447;0.99915;0.00947235;-0.00979789;0.997153;0.0277827;0.981558;1;2;1
1273.53;1273.06;3.09436;5.23063;0.00388379;-0.00329049;0.00148025;0.0041772;-0.00358391;1.00251;0.00387658;0.000290832;0.997513;0.0255432;0.987401;1;3;1
31.5305;1250.06;4.03841;-5.09464;-0.00278475;-0.00537699;-0.000887765;-0.00250987;-0.00565187;0.993551;0.0023696;-0.00537258;0.994614;0.0217399;0.986574;1;3;1
54.5305;1250.06;3.97375;-4.94063;-0.00245683;-0.00406809;-0.00123377;-0.00178895;-0.00473597;0.995782;0.00783931;-0.00308924;0.994312;0.0246212;0.988782;1;2;1
77.5306;1250.06;3.92432;-4.80277;-0.0065081;-0.00298879;-0.000780296;-0.00282355;-0.00667334;0.997628;0.0135672;-0.00987281;0.993839;0.0222508;0.989285;1;3;1
100.531;1250.06;3.67196;-4.57885;-0.00671931;-0.00425455;-0.00136267;-0.00364964;-0.00732422;0.991503;0.0128134;-0.0067022;0.996414;0.0255861;0.990921;1;3;1
123.531;1250.06;3.61317;-4.49709;-0.00251181;-0.00323013;-0.000235434;-0.00244152;-0.00330042;1.00214;0.00347863;-0.00679829;1.00195;0.0210672;0.992635;1;3;1
146.531;1250.06;3.55503;-4.24058;-0.00189477;-0.00324331;-0.000754831;-0.00155691;-0.00358117;0.991148;0.0132978;-0.0106582;0.994259;0.0226669;0.993345;1;2;1
169.531;1250.06;3.52433;-4.11489;-0.00198173;-0.00340307;-0.000972716;-0.00148773;-0.00389707;0.997343;0.00998457;-0.00530499;0.996719;0.0191934;0.990836;1;3;1
192.531;1250.06;3.46295;-3.96528;-0.00379643;-0.00223234;-0.000315482;-0.00217111;-0.00385767;1.0036;0.00580274;-0.00641977;0.997984;0.0192565;0.991385;1;3;1
215.531;1250.06;3.34803;-3.76515;-0.00262245;-0.00250782;0.000627273;-0.00193525;-0.00319502;0.993553;0.000809034;-0.0116139;1.00173;0.0218595;0.992101;1;3;1
238.531;1250.06;3.34062;-3.58906;-0.00236773;-0.00270421;0.000733433;-0.00178349;-0.00328845;0.994167;0.00895731;-0.00710131;0.998852;0.0247487;0.983092;1;3;1
261.531;1250.06;3.23771;-3.42274;-0.00343532;-0.00217382;0.000702052;-0.00186078;-0.00374835;1.00518;0.00491713;-0.00843095;0.999248;0.021687;0.989484;1;3;1
284.531;1250.06;3.18082;-3.21735;-0.00290725;-0.00212124;0.00070572;-0.00170647;-0.00332201;0.986754;0.00442348;-0.00712391;1.00075;0.0189551;0.989778;1;3;1
307.531;1250.06;3.10221;-3.04361;-0.00259417;-0.00155797;-0.000270529;-0.0014916;-0.00266055;1.00045;0.0115324;-0.00292504;0.996034;0.0175681;0.991793;1;3;1
330.531;1250.06;3.06017;-2.89203;-0.00236199;-0.00188551;0.000631593;-0.00144872;-0.00279878;0.994178;0.00781648;-0.0140458;0.995732;0.019071;0.990519;1;3;1
353.531;1250.06;2.99184;-2.66142;-0.00138887;-0.000553686;0.000205832;-0.000505714;-0.00143684;1.00241;0.0095614;-0.00524219;1.00016;0.0207291;0.990081;1;3;1
376.531;1250.06;2.99485;-2.53462;-0.00228582;-0.00226289;0.00145219;-0.000822115;-0.00372659;1.00227;0.0029048;-0.00699372;0.996296;0.021194;0.988953;1;3;1
399.531;1250.06;2.88518;-2.30363;-0.00315265;-0.00233717;0.00193309;-0.000769289;-0.00472053;0.986056;0.00224468;-0.0138549;0.989761;0.0270706;0.982071;1;2;1
422.531;1250.06;2.84743;-2.08856;-0.00296087;-0.00222399;-0.000287889;-0.00212485;-0.00306001;0.998667;0.00906534;-0.00330729;0.994521;0.0214304;0.987736;1;3;1
445.531;1250.06;2.74729;-1.93406;-0.00180975;-0.00278453;0.000499405;-0.00159932;-0.00299496;0.999109;0.00723157;-0.00728618;0.997968;0.0200347;0.990332;1;3;1
468.531;1250.06;2.76314;-1.79081;-0.00101757;-0.00246125;0.000937055;-0.000556563;-0.00292226;1.00255;0.00701449;-0.00604506;0.997052;0.0202857;0.99046;1;2;1
491.531;1250.06;2.69859;-1.52039;-0.0007431;-0.00239216;0.00201509;0.000609624;-0.00374488;1.00124;0.00426579;-0.00997784;0.992732;0.0189579;0.991618;1;2;1
514.531;1250.06;2.72668;-1.33477;-0.00177147;-0.0014692;0.00079696;-0.000809167;-0.0024315;0.997432;0.009072;-0.00980199;1.00025;0.0207538;0.989614;1;2;1
537.531;1250.06;2.61513;-1.10178;-0.000379663;-5.17929e-05;-0.000304334;0.000129951;-0.000561407;1.00188;0.00937618;-0.00815992;1.0032;0.0195231;0.990743;1;3;1
560.531;1250.06;2.70807;-1.01014;-0.000704711;-0.000931751;0.000173083;-0.000611242;-0.00102522;0.994669;0.00831744;-0.00927974;0.997999;0.0244033;0.985202;1;3;1
583.531;1250.06;2.58129;-0.741666;-0.00359855;0.00124287;0.00119466;0.00152162;-0.00387729;0.993272;0.00928054;-0.00953852;1.00028;0.0225987;0.985304;1;2;1
606.531;1250.06;2.53994;-0.550788;-0.000236767;-0.0025745;0.00144319;0.000451528;-0.0032628;1.00121;0.00066965;-0.0101878;0.999906;0.0215122;0.987572;1;3;1
629.531;1250.06;2.56873;-0.35065;-0.000331109;-0.0025396;0.00110483;0.000126696;-0.00299741;1.00364;0.00676128;-0.00728456;0.992919;0.0201354;0.984791;1;3;1
652.531;1250.06;2.52291;-0.144858;-0.00165247;-0.00218809;0.00103828;-0.000848015;-0.00299254;0.994875;0.00593739;-0.00646603;0.993562;0.024855;0.975074;1;2;1
675.531;1250.06;2.49103;0.035304;-0.00107314;-0.00187824;0.00185113;0.000418702;-0.00337008;0.992946;0.00768753;-0.0149384;0.992328;0.0253209;0.98454;1;3;1
698.531;1250.06;2.47148;0.287753;0.000873547;-0.00163029;0.000660285;0.001037;-0.00179374;1.00978;0.00408332;-0.00752828;0.994054;0.0234533;0.984567;1;3;1
721.531;1250.06;2.52986;0.386737;0.00184894;-0.000775792;0.00110595;0.0022528;-0.00117965;0.99942;0.00660598;-0.00438819;0.996931;0.0215183;0.987896;1;3;1
744.531;1250.06;2.55517;0.632521;-0.00119788;-8.89972e-05;0.00152241;0.000976789;-0.00226367;0.993764;0.0116434;-0.0119741;1.00209;0.02453;0.984526;1;3;1
767.531;1250.06;2.47169;0.914501;-0.00207668;-0.000618274;0.00231369;0.0010784;-0.00377335;0.998519;-0.00227754;-0.0115537;1.00532;0.024035;0.983543;1;2;1
790.531;1250.06;2.45754;1.06123;-0.000698894;0.000297553;0.000428577;0.000456524;-0.000857865;1.00071;-0.00230795;-0.00615274;1.00524;0.0248968;0.97653;1;3;1
813.531;1250.06;2.43874;1.18469;-0.000368584;-0.0012227;0.00125126;0.000526485;-0.00211777;0.999285;0.0115381;-0.0062246;1.00108;0.0232992;0.980889;1;3;1
836.531;1250.06;2.43922;1.41556;0.00186388;-0.00266776;0.0025584;0.00301557;-0.00381945;0.997464;0.00529716;-0.0088917;1.00192;0.0226937;0.980736;1;3;1
859.531;1250.06;2.52187;1.66733;0.00070307;-0.00134321;0.000743803;0.000944864;-0.001585;1.00904;0.00902352;-0.0110106;0.997424;0.0244573;0.979447;1;3;1
882.531;1250.06;2.47008;1.78333;0.000279174;-0.00166123;0.00120098;0.000852882;-0.00223493;0.98866;0.0126089;-0.00769234;0.998894;0.0269135;0.975649;1;3;1
905.531;1250.06;2.53301;2.06279;0.00329879;0.000179985;0.00255842;0.00473559;-0.00125682;1.00997;0.00474458;-0.0143372;1.00158;0.0253432;0.978059;1;2;1
928.531;1250.06;2.61875;2.29349;0.00131038;-0.000919364;0.000941167;0.00165453;-0.00126351;1.00251;0.00469646;-0.00315602;0.995288;0.0266442;0.972846;1;3;1
951.531;1250.06;2.59199;2.40307;0.00281298;-0.00121457;-0.000806665;0.00296854;-0.00137013;1.00253;0.00746752;-0.00459061;0.999363;0.0240942;0.981376;1;2;1
974.531;1250.06;2.74731;2.53939;0.0024994;-0.00312227;0.00121933;0.00275248;-0.00337535;1.00272;0.00135687;-0.0152375;1.0053;0.0277746;0.975459;1;3;1
997.531;1250.06;2.70462;2.85322;-0.00134492;-0.00112704;0.00151731;0.000285229;-0.00275719;0.995905;0.00700021;-0.00308624;0.997643;0.0238033;0.984449;1;2;1
1020.53;1250.06;2.68313;2.99618;0.00186999;-0.000542676;0.00168975;0.00273983;-0.00141251;1.00183;0.00970409;-0.00589627;0.99168;0.0263156;0.976603;1;3;1
1043.53;1250.06;2.78893;3.24044;0.00217392;-0.00196262;0.00116613;0.00248001;-0.00226871;1.00148;0.0108535;-0.0107813;0.997736;0.0245384;0.980063;1;3;1
1066.53;1250.06;2.78108;3.41917;0.000873628;6.12634e-06;0.00107727;0.00160119;-0.000721437;0.998119;0.00499059;-0.00787023;1.00241;0.0268584;0.973875;1;3;1
1089.53;1250.06;2.82733;3.64416;2.51442e-05;-0.00316947;0.00104379;0.000335948;-0.00348027;1.00155;-0.00338215;-0.00694323;0.995918;0.0260219;0.98269;1;3;1
1112.53;1250.06;2.78056;3.81281;0.00279912;-0.00123998;0.00137571;0.00322317;-0.00166403;1.00258;-0.000855329;-0.00931254;0.999409;0.0247703;0.981727;1;3;1
1135.53;1250.06;2.95413;4.05034;0.00397452;-0.00331758;0.00214787;0.00456013;-0.00390319;1.00214;0.00593805;-0.00866023;0.997333;0.0288419;0.974791;1;2;1
1158.53;1250.06;2.96103;4.24191;0.00123653;-0.00261157;0.00203573;0.00211358;-0.00348862;1.00185;0.0105337;-0.012532;1.00262;0.0308392;0.978856;1;3;1
1181.53;1250.06;3.00894;4.48308;0.00257099;-0.00302054;0.00211549;0.00328117;-0.00373071;1.00276;0.00273749;-0.010169;1.00155;0.0245405;0.979806;1;2;1
1204.53;1250.06;3.07689;4.69729;0.000822802;-0.00143485;0.00171223;0.00174482;-0.00235687;1.00184;0.00232261;-0.00310692;1.00115;0.0267923;0.977578;1;2;1
1227.53;1250.06;3.04556;4.81655;0.00313581;-0.00112828;0.00336541;0.00498769;-0.00298015;1.00048;0.000440006;-0.0121909;1.00341;0.0250941;0.982692;1;2;1
1250.53;1250.06;3.21843;5.17607;0.00465688;-0.00337122;0.00233435;0.00528629;-0.00400064;1.00706;0.0119968;-0.0103515;0.996996;0.0241411;0.985823;1;3;1
1273.53;1250.06;3.25623;5.34801;0.00167256;-0.00319555;0.00114289;0.00192752;-0.00345052;0.991782;0.00447103;-0.00813823;0.999326;0.0271869;0.988044;1;3;1
31.5305;1227.06;4.33716;-4.93463;-0.00406745;-0.00546943;-0.00320854;-0.00148422;-0.00805266;0.99702;0.0178859;-0.00554288;0.992797;0.0207909;0.989401;1;3;1
54.5305;1227.06;4.24313;-4.81979;-0.00389435;-0.00410355;-0.00148234;-0.00251292;-0.00548498;0.994286;0.0124296;-0.0051861;0.998016;0.0190541;0.991572;1;3;1
77.5306;1227.06;4.15701;-4.68767;-0.00548808;-0.00470439;-0.00064773;-0.0043392;-0.00585326;0.994158;-0.00161538;-0.00292492;0.99657;0.0218181;0.987183;1;3;1
100.531;1227.06;3.98894;-4.51082;-0.00530662;-0.00307611;-0.00227711;-0.00165581;-0.00672691;0.995414;0.00816936;-0.00967443;0.995518;0.0263705;0.984104;1;3;1
123.531;1227.06;3.91111;-4.36409;-0.00355527;-0.00469014;-0.00157728;-0.00244646;-0.00579895;0.998642;0.0157529;-0.0114726;0.991188;0.0222565;0.989162;1;3;1
146.531;1227.06;3.82391;-4.17873;-0.0042919;-0.00163079;-0.00108424;-0.00124497;-0.00467772;0.991519;0.00709219;-0.0048814;1.00124;0.022652;0.989432;1;2;1
169.531;1227.06;3.71212;-4.04115;-0.00490956;-0.0037996;-0.000351552;-0.00369762;-0.00501154;0.989414;0.00815039;-0.00172599;0.995098;0.0236575;0.985059;1;3;1
192.531;1227.06;3.5967;-3.90604;-0.00374457;-0.00274835;-0.000271042;-0.00267938;-0.00381354;1.00231;0.00717353;-0.0103793;0.99739;0.0212424;0.990396;1;3;1
215.531;1227.06;3.53857;-3.74192;-0.0025993;-0.00101159;-0.000805013;-0.00067485;-0.00293604;0.994709;0.00785992;-0.00265209;0.996719;0.0234346;0.989919;1;3;1
238.531;1227.06;3.47552;-3.54124;-0.00328617;-0.00313814;0.000418222;-0.00278744;-0.00363688;0.995677;0.00597472;-0.0136007;0.995634;0.0200772;0.990032;1;3;1
261.531;1227.06;3.38563;-3.36785;-0.00234119;-0.00337631;4.72516e-05;-0.00233904;-0.00337846;0.994005;0.00922001;-0.00606262;0.996875;0.022418;0.984127;1;3;1
284.531;1227.06;3.36639;-3.19447;-0.00236141;-0.00179933;0.000487418;-0.00151773;-0.00264301;0.99733;0.0129514;-0.0080965;1.00009;0.0213581;0.986481;1;3;1
307.531;1227.06;3.27542;-3.00198;-0.00323135;-0.00244463;0.000203504;-0.00239511;-0.00328087;0.999824;0.000384119;-0.00487908;0.998813;0.0219312;0.988724;1;3;1
330.531;1227.06;3.21624;-2.8531;-0.00207286;-0.00296767;-0.000928291;-0.00148978;-0.00355075;0.99989;0.00636144;-0.00819452;0.999733;0.0198403;0.989981;1;3;1
353.531;1227.06;3.17887;-2.6845;-0.00418811;-0.00231681;-6.12989e-06;-0.00231679;-0.00418813;0.998065;0.00798033;-0.0111437;0.997662;0.0188391;0.992456;1;3;1
376.531;1227.06;3.02145;-2.45466;-0.0037326;-0.00390168;0.00193385;-0.00188144;-0.00575284;0.99813;0.00494213;-0.00869326;0.99236;0.0191903;0.99239;1;3;1
399.531;1227.06;3.00453;-2.22386;0.00030958;-0.00252298;0.000520014;0.000402029;-0.00261543;1.00026;0.00747297;-0.00923424;0.996719;0.0203693;0.986843;1;3;1
422.531;1227.06;3.03414;-2.07769;-0.00123399;-0.001148;-0.000580786;-0.00060862;-0.00177337;0.998338;0.0107067;-0.00612751;1.00233;0.0192392;0.990414;1;2;1
445.531;1227.06;2.94642;-1.87672;-0.00298693;-0.00129533;9.12886e-05;-0.00129042;-0.00299185;0.999122;0.00812457;-0.00955393;1.00013;0.0194863;0.992784;1;3;1
468.531;1227.06;2.8947;-1.66764;-0.000776477;-0.00321997;0.000291697;-0.000742138;-0.00325431;0.99769;0.00960131;-0.00813892;0.999996;0.0202225;0.990386;1;3;1
491.531;1227.06;2.90911;-1.49611;-0.000255712;-0.00137445;0.000182911;-0.000226566;-0.0014036;0.999696;0.00930329;-0.00898873;1.0008;0.0186057;0.99106;1;2;1
514.531;1227.06;2.88152;-1.30654;-0.00233061;-0.00244089;0.000478078;-0.0019045;-0.002867;0.99901;0.0066636;-0.00350997;0.994459;0.0233526;0.987171;1;2;1
537.531;1227.06;2.80026;-1.12283;-0.00101456;0.000582416;-0.000162378;0.000598759;-0.0010309;0.999962;0.00437523;-0.0109218;1.0001;0.020702;0.986588;1;3;1
560.531;1227.06;2.83348;-0.95515;-0.000581833;-0.00417308;0.00171472;0.000105392;-0.0048603;0.999724;-0.00231647;-0.00552963;0.995933;0.0221496;0.988231;1;3;1
583.531;1227.06;2.772;-0.753164;-0.00296605;-0.00213505;0.00172967;-0.000771675;-0.00432942;0.991922;0.00701741;-0.0125427;0.999271;0.0186241;0.989127;1;2;1
606.531;1227.06;2.69397;-0.441555;-0.00161896;-0.00209195;0.00136941;-0.000465774;-0.00324513;1.00326;0.00821992;-0.0143175;0.988884;0.0228621;0.982001;1;3;1
629.531;1227.06;2.69491;-0.268192;-0.000995539;-0.00152;0.00034896;-0.000821263;-0.00169428;0.996481;0.00730661;-0.0057666;1.0008;0.0191023;0.991014;1;3;1
652.531;1227.06;2.64695;-0.109994;-0.00232606;-0.000908437;9.12887e-05;-0.000902583;-0.00233192;0.997434;0.00761263;-0.00795247;1.00321;0.0217221;0.987629;1;2;1
675.531;1227.06;2.58668;0.0507416;-5.12895e-05;-0.000709662;0.00114021;0.000806305;-0.00156726;1.00661;-0.00261816;-0.011441;1.00226;0.0217979;0.987541;1;2;1
698.531;1227.06;2.64273;0.304258;0.000860658;-0.000809637;-0.000413622;0.000957473;-0.000906452;0.998182;0.00973481;-0.00483445;1.00223;0.022804;0.98454;1;2;1
721.531;1227.06;2.62472;0.425989;0.0025566;-0.00255067;-0.000237414;0.00256761;-0.00256169;1.00748;0.00795774;-0.00807764;0.997774;0.0244102;0.984835;1;2;1
744.531;1227.06;2.75894;0.643279;-4.27407e-05;-0.0022191;0.0019228;0.00107845;-0.00334029;0.995562;-0.00769569;-0.0074837;0.994717;0.0246769;0.977205;1;3;1
767.531;1227.06;2.62064;0.867572;-0.00428329;-0.000579228;0.000237098;-0.000564113;-0.00429841;0.995466;0.00725028;-0.00949221;0.992113;0.027533;0.967436;1;3;1
790.531;1227.06;2.55983;1.03167;-0.000335778;-0.0012585;0.00128139;0.000564775;-0.00215906;0.993816;0.00961159;-0.00731262;0.99538;0.0293219;0.979152;1;3;1
813.531;1227.06;2.60359;1.25142;0.00179832;-0.00258569;0.00147004;0.00224562;-0.00303298;1.00516;0.0071433;-0.013894;0.990154;0.0274311;0.975061;1;2;1
836.531;1227.06;2.63987;1.52202;0.0018229;-0.00246627;-6.41099e-05;0.00182385;-0.00246723;1.00159;0.00505542;-0.00805515;0.991079;0.0285396;0.968867;1;2;1
859.531;1227.06;2.68556;1.6589;0.00213635;0.000415042;-0.000322895;0.00219493;0.000356464;1.00265;0.010297;-0.00673157;0.997199;0.0278678;0.974244;1;3;1
882.531;1227.06;2.73667;1.87802;0.00171281;-0.00209758;-0.000102141;0.00171555;-0.00210031;0.997878;0.0039748;-0.0147281;0.993692;0.030619;0.959518;1;3;1
905.531;1227.06;2.76269;2.04176;-0.000167289;-0.000648658;-7.6133e-06;-0.000167168;-0.000648778;1.00168;0.0117616;-0.00615605;0.9974;0.027141;0.967226;1;3;1
928.531;1227.06;2.72729;2.27139;0.0011853;-0.000447817;0.00131171;0.00191384;-0.00117636;0.995964;0.0106442;-0.0111021;1.00236;0.0292335;0.961126;1;3;1
951.531;1227.06;2.81531;2.45768;0.00214137;-0.00183114;7.67475e-05;0.00214285;-0.00183262;1.00243;0.00764966;-0.00596291;1.00365;0.0262269;0.977919;1;2;1
974.531;1227.06;2.82431;2.62751;-0.000446719;-0.00276074;0.00248931;0.00114132;-0.00434879;1.00318;0.00525592;-0.00764302;0.987688;0.0307412;0.95859;1;3;1
997.531;1227.06;2.79289;2.87184;0.00120151;-0.00140427;0.00277596;0.00296513;-0.00316789;0.995897;-0.00183946;-0.00706628;0.998212;0.0260643;0.973714;1;3;1
1020.53;1227.06;2.87747;3.06448;0.00387646;-0.00255979;0.0016196;0.00426103;-0.00294436;1.00782;0.00908981;-0.0110868;1.00274;0.0253885;0.974512;1;3;1
1043.53;1227.06;2.96879;3.30932;0.00166373;-0.00154121;0.00025557;0.00168398;-0.00156146;1.00294;0.0105812;-0.0113683;0.999603;0.0228;0.983062;1;2;1
1066.53;1227.06;2.9526;3.41613;9.59795e-05;-0.00169828;0.000867226;0.000446616;-0.00204892;0.997985;0.0100426;-0.00796878;0.994541;0.0291347;0.970893;1;2;1
1089.53;1227.06;2.97147;3.70814;0.000168795;-0.00117168;0.00183293;0.00145018;-0.00245307;1.00425;0.00764981;-0.004416;1.00068;0.0246731;0.980245;1;2;1
1112.53;1227.06;2.95845;3.8354;0.00241406;-0.000181447;0.000271828;0.00244223;-0.00020961;0.99599;0.0088879;-0.018208;0.999765;0.0260898;0.987524;1;3;1
1135.53;1227.06;3.08082;4.08818;0.00141162;0.000542724;0.00274584;0.00375717;-0.00180283;1.00295;0.00233343;-0.0112254;0.999308;0.0265683;0.976242;1;3;1
1158.53;1227.06;3.02092;4.30738;0.00106899;-0.00243592;0.00165996;0.00173036;-0.0030973;1.00498;0.0157245;-0.0063592;1.00019;0.0284216;0.975304;1;2;1
1181.53;1227.06;3.12775;4.53972;0.0033856;-0.000833202;0.00159592;0.0039213;-0.0013689;1.00436;0.00857814;-0.00743657;0.996765;0.0260626;0.976541;1;3;1
1204.53;1227.06;3.17471;4.70169;0.00197437;-0.00319991;0.000329536;0.00199527;-0.00322081;0.999237;0.0136928;-0.00460191;0.993231;0.0240874;0.980184;1;3;1
1227.53;1227.06;3.21723;4.8801;0.00321047;-0.00183764;0.00159984;0.00367478;-0.00230195;1.00996;0.0101393;-0.0152321;0.993397;0.0241942;0.982804;1;3;1
1250.53;1227.06;3.31932;5.21333;0.0025483;-0.000908336;0.00296054;0.00424808;-0.00260812;1.00185;-0.000282504;-0.000729209;1.0038;0.0260395;0.986868;1;3;1
1273.53;1227.06;3.33161;5.37847;0.000560069;0.000816959;-0.000197118;0.000923788;0.00045324;1.00419;0.0144035;-0.0167346;0.997621;0.0307935;0.984443;1;3;1
31.5305;1204.06;4.56416;-4.83933;-0.00893438;-0.00306045;-0.00115935;-0.0028399;-0.00915492;0.990899;0.00231817;-0.00644512;0.998223;0.0225771;0.990025;1;2;1
54.5305;1204.06;4.35757;-4.74987;-0.00585223;-0.00386072;-1.60796e-05;-0.0038606;-0.00585236;0.990841;0.00372006;-0.00445574;0.996252;0.0201685;0.995369;1;2;1
77.5306;1204.06;4.29345;-4.58437;-0.00324684;-0.00506847;-0.00068584;-0.00301749;-0.00529781;1.00231;0.0148727;-0.00725643;0.995723;0.0210988;0.989885;1;3;1
100.531;1204.06;4.20688;-4.43401;-0.00438007;-0.00371067;-0.000570867;-0.00338362;-0.00470712;0.995856;0.00943248;-0.010899;0.993646;0.0182609;0.995253;1;3;1
123.531;1204.06;4.09051;-4.27835;-0.00492422;-0.00348361;-0.00113337;-0.00286102;-0.00554681;0.993816;0.0034297;-0.00434603;0.998802;0.0197697;0.992403;1;3;1
146.531;1204.06;3.97901;-4.16354;-0.00562349;-0.00231868;-0.000322323;-0.00228754;-0.00565463;0.996243;0.00458466;-0.00746118;0.995991;0.0198838;0.991707;1;2;1
169.531;1204.06;3.82983;-3.93876;-0.00412903;-0.00295827;-0.000271265;-0.00289847;-0.00418882;0.994088;0.00190481;-0.00740728;0.99653;0.0193552;0.991685;1;3;1
192.531;1204.06;3.78752;-3.83753;-0.000904791;-0.00373098;-0.00253111;0.000580972;-0.00521674;1.00213;0.0146248;-0.00386454;0.997386;0.020186;0.988205;1;3;1
215.531;1204.06;3.78766;-3.71649;-0.00238161;-0.00252316;-0.000240003;-0.00220216;-0.0027026;0.995305;0.00999287;-0.010246;0.996405;0.0234042;0.987861;1;3;1
238.531;1204.06;3.67614;-3.44325;-0.00446112;-0.00238639;0.00086494;-0.00207311;-0.0047744;0.996072;0.0105288;-0.0107543;0.996809;0.0203615;0.991676;1;2;1
261.531;1204.06;3.57977;-3.26589;-0.00375698;-0.0034473;-0.000638922;-0.00294472;-0.00425956;0.996408;0.00579399;-0.00520085;0.994672;0.0206632;0.987649;1;2;1
284.531;1204.06;3.50195;-3.13338;-0.00333061;-0.00318854;-7.76079e-05;-0.00315437;-0.00336479;0.999729;0.00443627;-0.00880224;0.99451;0.0198279;0.993263;1;3;1
307.531;1204.06;3.42507;-2.92988;-0.000813319;-0.0028479;0.000327913;-0.000761775;-0.00289945;0.997413;0.0128582;-0.004748;0.995416;0.0177064;0.993225;1;3;1
330.531;1204.06;3.46295;-2.75354;-0.000693817;-0.00525578;0.000745011;-0.000575232;-0.00537436;1.00185;0.00856035;-0.00688852;0.991061;0.0242546;0.985276;1;3;1
353.531;1204.06;3.3916;-2.55298;-0.00400016;-0.00487069;0.000913938;-0.00342313;-0.00544772;0.99142;0.00794074;-0.00766683;0.995289;0.0173554;0.993442;1;3;1
376.531;1204.06;3.27683;-2.35393;-0.00383793;-0.00413021;-0.00101551;-0.0029581;-0.00501003;0.992608;0.0142393;-0.0100295;0.998768;0.021169;0.98651;1;3;1
399.531;1204.06;3.21325;-2.18626;-0.00060022;-0.00144144;-0.00104583;0.000106411;-0.00214807;1.00545;0.0118487;-0.00526398;1.00183;0.0225817;0.984185;1;2;1
422.531;1204.06;3.2481;-2.03397;-0.00135912;-0.00335709;-8.21877e-06;-0.00135908;-0.00335712;0.993965;0.00930844;-0.0111348;0.997926;0.0198955;0.98473;1;3;1
445.531;1204.06;3.14962;-1.87267;-0.00283174;-0.00140624;0.000587177;-0.00119552;-0.00304246;0.998446;0.00636883;-0.00363155;0.994759;0.0233136;0.98485;1;3;1
468.531;1204.06;3.11597;-1.64109;-0.00228585;-0.00139219;0.000866434;-0.000864152;-0.00281389;0.99697;0.00730914;-0.0130236;0.994961;0.0206689;0.991488;1;2;1
491.531;1204.06;3.04245;-1.45584;-0.00126465;-0.00213595;0.00146966;-0.000167426;-0.00323318;0.992969;0.00561927;-0.00998346;0.99575;0.0202109;0.988968;1;2;1
514.531;1204.06;3.05584;-1.22118;-0.00128708;-0.00248638;0.000250032;-0.00123704;-0.00253642;1.00348;0.00215749;-0.00308797;0.994539;0.0226253;0.988491;1;3;1
537.531;1204.06;2.98203;-1.1271;-0.00294142;-0.00237735;0.000796201;-0.00181471;-0.00350406;0.995045;0.00905433;-0.0205862;0.992462;0.0236193;0.97786;1;4;1
560.531;1204.06;2.91856;-0.817288;-0.000950813;-0.00379542;0.00326247;0.00118591;-0.00593213;1.00018;0.0125737;-0.00469255;0.995346;0.020651;0.984936;1;3;1
583.531;1204.06;2.93571;-0.641981;-0.000404713;-0.00355354;0.00060335;-0.000293063;-0.00366519;1.00032;0.00877523;-0.00463847;0.997349;0.0218497;0.990081;1;3;1
606.531;1204.06;2.89849;-0.453057;-0.00144033;-0.00125677;-0.000233855;-0.00109733;-0.00159977;1.00267;0.00601792;-0.0105261;1.00034;0.0213169;0.991207;1;3;1
629.531;1204.06;2.86798;-0.279701;-0.00137452;-0.000368252;0.00106237;0.000304107;-0.00204688;0.99268;0.0029465;-0.00750461;0.998765;0.0212781;0.984873;1;3;1
652.531;1204.06;2.83388;-0.101999;-0.00144566;-0.0030645;0.000203786;-0.0014204;-0.00308975;1.00233;0.0071339;-0.0036463;0.999861;0.0236979;0.975249;1;3;1
675.531;1204.06;2.80011;0.0689992;0.00113629;-0.00546783;3.38644e-05;0.00113647;-0.00546801;1.00128;0.0226699;-0.0100348;0.989594;0.0282176;0.983036;1;3;1
698.531;1204.06;2.88412;0.326863;0.00197795;-0.00253682;0.000538831;0.00204136;-0.00260024;1.00516;0.00483962;-0.0119795;0.99686;0.0216303;0.986608;1;3;1
721.531;1204.06;2.88894;0.505624;-0.0013777;-0.00371883;0.000750258;-0.0011579;-0.00393863;0.995078;0.00410115;-0.00653406;0.994128;0.0244871;0.985156;1;3;1
744.531;1204.06;2.81889;0.735471;-0.00102628;-0.00286737;0.00188697;0.000152714;-0.00404637;1.0045;0.0102097;-0.0105278;0.99881;0.0238229;0.977952;1;2;1
767.531;1204.06;2.83963;0.942626;-0.00204503;-0.00280125;-0.000303118;-0.00193853;-0.00290775;0.998742;0.0189597;-0.00910058;1.00277;0.0256618;0.980509;1;3;1
790.531;1204.06;2.72311;1.11992;-0.00100511;-0.00241923;-0.000809145;-0.000637628;-0.00278672;0.994732;0.010151;-0.00607791;0.999596;0.0231703;0.978754;1;3;1
813.531;1204.06;2.79194;1.30515;0.00282033;-0.00330482;0.00115229;0.00302993;-0.00351443;1.00463;0.00520223;-0.0115424;1.00218;0.0260813;0.982559;1;2;1
836.531;1204.06;2.85083;1.53099;0.00253043;-0.00127505;0.000260999;0.00254825;-0.00129287;1.00231;0.0112887;-0.00324677;1.00473;0.0245187;0.974619;1;2;1
859.531;1204.06;2.9069;1.64985;0.000247154;-0.0033153;-0.000387494;0.000288815;-0.00335697;1.00129;0.00657976;-0.008357;1.00003;0.0270348;0.975663;1;3;1
882.531;1204.06;2.86086;1.88158;0.000481251;-0.00153163;0.00148374;0.00126769;-0.00231806;0.993481;-0.00176436;-0.00782159;1.0001;0.0293436;0.966138;1;2;1
905.531;1204.06;2.92689;2.09432;0.00118859;-0.00170476;0.00156764;0.00187507;-0.00239124;1.00261;0.00111019;-0.0114602;1.00015;0.032004;0.961058;1;3;1
928.531;1204.06;2.91347;2.31504;0.000314237;-0.000905286;0.000410834;0.000439726;-0.00103077;0.999044;0.00555792;-0.00868952;1.00153;0.0263725;0.981155;1;2;1
951.531;1204.06;2.93965;2.4887;0.000419093;-0.00116486;0.000110168;0.000426718;-0.00117248;1.00123;0.00965948;-0.00520418;0.996643;0.0217872;0.983699;1;3;1
974.531;1204.06;2.93139;2.66693;-0.0011356;-0.00234878;0.00143424;-0.000184953;-0.00329943;1.00059;0.00690349;-0.00896075;0.996549;0.0247124;0.977857;1;2;1
997.531;1204.06;2.88538;2.91821;0.000873487;-0.00231819;0.00120887;0.00127966;-0.00272437;0.998649;0.0115441;-0.0115258;0.994577;0.0244519;0.980066;1;2;1
1020.53;1204.06;2.96938;3.11498;0.00506247;-0.00186255;0.00108871;0.0052296;-0.00202968;1.0039;-0.000964332;-0.0103964;0.997436;0.0288813;0.964784;1;2;1
1043.53;1204.06;3.11598;3.31256;0.00286577;0.00171647;0.00143305;0.00383509;0.000747143;1.00568;-0.0043491;-0.00824414;1.00415;0.0287008;0.97772;1;3;1
1066.53;1204.06;3.09942;3.49846;-0.000802066;-0.00201278;0.00181605;0.000506864;-0.00332171;0.99443;0.00265607;-0.00530381;0.99722;0.0278743;0.964372;1;2;1
1089.53;1204.06;3.07745;3.69877;0.000791281;-0.000481755;-0.000414095;0.000914125;-0.000604598;1.00511;0.00600038;-0.00883251;0.993748;0.0273193;0.982174;1;2;1
1112.53;1204.06;3.13466;3.82252;0.00211431;-0.00376779;-0.000349146;0.00213496;-0.00378844;0.99854;0.000424296;-0.00626647;0.997506;0.0282748;0.974465;1;3;1
1135.53;1204.06;3.17344;4.0259;0.00276118;-0.00151412;0.00248963;0.00390496;-0.00265791;1.00651;0.0016696;-0.0137166;1.0021;0.0260348;0.981265;1;3;1
1158.53;1204.06;3.25843;4.35507;0.00183841;-0.0010818;0.00138392;0.00239005;-0.00163344;0.998322;0.000825896;-0.00775067;0.993975;0.0281697;0.980151;1;2;1
1181.53;1204.06;3.25526;4.52208;0.00281802;-0.000427434;0.00150172;0.00340626;-0.00101568;1.00053;0.0035181;-0.0110254;0.99826;0.0239404;0.98542;1;2;1
1204.53;1204.06;3.38527;4.84576;0.00335842;-0.000780419;0.000755693;0.00349208;-0.000914081;0.995452;0.00125939;-0.0146679;1.00122;0.0256823;0.983892;1;3;1
1227.53;1204.06;3.40792;4.90259;0.00129766;-0.00179416;-0.000115239;0.00130195;-0.00179845;1.00022;0.014903;-0.00399935;1.00082;0.0236577;0.983666;1;3;1
1250.53;1204.06;3.44341;5.21842;0.0043267;-0.000535071;0.00142536;0.00471377;-0.00092214;1.00341;0.00159436;-0.0102171;0.995082;0.023989;0.983719;1;3;1
1273.53;1204.06;3.60471;5.31177;0.00704578;-0.000482872;-0.00203752;0.00756183;-0.000998922;1.00324;0.00519748;-0.000112729;1.0008;0.0290972;0.989434;1;3;1
31.5305;1181.06;4.62479;-4.79273;-0.00538493;-0.00272846;0.000379888;-0.0026752;-0.00543819;0.993818;0.00640454;-0.00545527;0.998959;0.020819;0.987498;1;3;1
54.5305;1181.06;4.5001;-4.64113;-0.00190992;-0.00494876;-0.000975261;-0.00162385;-0.00523483;0.992367;0.0134769;-0.0111392;0.992343;0.0216259;0.989171;1;3;1
77.5306;1181.06;4.53559;-4.45236;-0.00328107;-0.00392464;-0.000401429;-0.00308837;-0.00411734;1.00355;0.0159009;-0.00304859;0.99145;0.0274383;0.988331;1;3;1
100.531;1181.06;4.34792;-4.33841;-0.00537998;-0.00342746;-0.000440748;-0.00333258;-0.00547486;0.989914;0.00475032;-0.00590286;0.998337;0.0181801;0.99362;1;3;1
123.531;1181.06;4.28675;-4.20202;-0.00331381;-0.00350001;-0.000903816;-0.00249831;-0.00431551;1.00113;0.00943586;-0.00589881;0.995273;0.0208359;0.992903;1;3;1
146.531;1181.06;4.19445;-4.07045;-0.00481891;-0.00502834;-0.00136165;-0.00355796;-0.00628929;0.994755;0.014452;-0.00678055;0.996219;0.0198562;0.98988;1;2;1
169.531;1181.06;4.06357;-3.90352;-0.00307772;-0.00358399;-0.000815186;-0.00247727;-0.00418444;0.995237;0.014303;-0.00570114;0.997295;0.0206777;0.98852;1;3;1
192.531;1181.06;4.0514;-3.73183;-0.00234059;-0.00363669;-0.00172096;-0.00114971;-0.00482758;0.998499;0.00264491;-0.00894275;0.995829;0.019007;0.990944;1;3;1
215.531;1181.06;3.95493;-3.62381;-0.00440922;-0.00394529;-0.000911012;-0.00323718;-0.00511734;0.996651;0.012849;-0.000484303;1.00259;0.0281147;0.980106;1;3;1
238.531;1181.06;3.84714;-3.42983;-0.00430472;-0.00165525;-0.000189917;-0.00164171;-0.00431826;1.00098;0.00649515;-0.0120457;0.998381;0.0188112;0.994131;1;2;1
261.531;1181.06;3.75459;-3.20751;-0.00295047;-0.00234883;0.000188163;-0.00229483;-0.00300448;0.990385;0.00871188;-0.00662163;0.995555;0.0186072;0.99287;1;3;1
284.531;1181.06;3.70961;-3.04628;-0.00280168;-0.00349919;-0.00075457;-0.00231916;-0.0039817;1.00204;0.0121016;-0.00724501;0.997198;0.0192836;0.992952;1;2;1
307.531;1181.06;3.62429;-2.86946;-0.00400725;-0.00274671;4.15513e-05;-0.00274534;-0.00400862;0.993477;0.00845907;-0.00792967;0.999001;0.0177484;0.992401;1;3;1
330.531;1181.06;3.52282;-2.60966;-0.00279463;-0.00443324;0.00126697;-0.00210513;-0.00512274;0.992594;0.00141666;-0.0129709;0.998513;0.022749;0.987043;1;3;1
353.531;1181.06;3.49372;-2.45881;-0.000861897;-0.00381195;0.000377121;-0.00081445;-0.0038594;1.00863;-0.00160256;-0.00612516;0.993817;0.0187532;0.991245;1;3;1
376.531;1181.06;3.48185;-2.26196;-0.00156896;-0.00237996;-0.000275266;-0.00148436;-0.00246457;0.990919;0.0071355;-0.00660376;1.00194;0.0209131;0.989792;1;3;1
399.531;1181.06;3.42049;-2.15563;-0.00288133;-0.0021963;-0.000272041;-0.00210141;-0.00297622;1.00053;0.00794105;-0.00724722;0.997609;0.0194214;0.987371;1;3;1
422.531;1181.06;3.34785;-1.92193;-0.00289792;-0.00308145;0.000315487;-0.00266113;-0.00331825;0.997265;0.00632928;-0.00734974;0.993819;0.0197082;0.988141;1;2;1
445.531;1181.06;3.28569;-1.81074;-0.00249076;-0.0037838;0.000557602;-0.00228352;-0.00399104;0.993369;0.00623321;-0.0101211;0.998823;0.0232926;0.984183;1;3;1
468.531;1181.06;3.23202;-1.60231;-0.00196631;-0.00276614;0.00155748;-0.000758218;-0.00397424;1.00215;0.00587936;-0.00810898;0.999611;0.0256334;0.982122;1;3;1
491.531;1181.06;3.19329;-1.39687;-0.000941921;-0.00244174;0.000413276;-0.000835583;-0.00254808;0.998227;0.00195977;-0.00875612;0.994634;0.0238969;0.98384;1;3;1
514.531;1181.06;3.18683;-1.19101;-0.00132004;-0.00274421;0.000750056;-0.000997886;-0.00306636;0.997354;0.00807985;-0.00635925;1.00069;0.0225155;0.986918;1;3;1
537.531;1181.06;3.13091;-1.01215;-0.00364974;-0.00322924;0.000425823;-0.00296459;-0.00391439;0.996336;0.00811985;-0.00989913;0.99933;0.023283;0.981416;1;3;1
560.531;1181.06;3.01679;-0.779862;-0.00107341;-0.000854437;0.0018611;0.000900396;-0.00282824;1.00064;0.00525517;-0.00977639;1.00164;0.0208651;0.984819;1;3;1
583.531;1181.06;3.07956;-0.588378;0.00136579;-0.000945872;0.00163235;0.00221009;-0.00179017;1.00023;0.00265708;-0.00962807;1.00157;0.0179048;0.989243;1;3;1
606.531;1181.06;3.07786;-0.382103;-0.00281907;-0.00167458;0.00138619;-0.000747168;-0.00374649;0.994491;0.00629408;-0.0069855;0.99879;0.0197468;0.990722;1;3;1
629.531;1181.06;2.94845;-0.25055;-0.00216448;-0.00289263;0.00194635;-0.000548446;-0.00450866;1.00356;0.00359494;-0.0126925;0.997219;0.0214685;0.985299;1;3;1
652.531;1181.06;2.97631;0.0323719;0.00140298;-0.0041794;0.00194184;0.00201201;-0.00478843;0.998478;0.00497333;-0.00937931;0.997841;0.0225667;0.982197;1;3;1
675.531;1181.06;3.00959;0.304908;0.00115837;-0.00353017;0.000469281;0.00120488;-0.00357668;1.00124;-0.0019335;-0.00752482;0.998972;0.0225578;0.98586;1;3;1
698.531;1181.06;3.02791;0.422716;-0.000986519;-0.00185417;0.000644919;-0.00064309;-0.0021976;0.995876;0.00255754;-0.0098495;1.00151;0.0228499;0.987673;1;3;1
721.531;1181.06;2.96325;0.598624;-0.000113011;-0.00243581;0.0019667;0.00100961;-0.00355843;0.992984;0.0061897;-0.00747421;0.999879;0.0245666;0.982963;1;2;1
744.531;1181.06;3.02136;0.776119;0.00154943;-0.00246056;0.00120356;0.00188294;-0.00279406;1.00757;0.0057376;-0.00924179;0.995838;0.0210821;0.987205;1;3;1
767.531;1181.06;3.03274;0.998462;-0.000511103;-0.00329839;0.000902197;-0.000244565;-0.00356493;0.995498;-9.66314e-05;-0.00514316;0.992826;0.0250566;0.98527;1;3;1
790.531;1181.06;2.99636;1.14517;-0.00270293;-0.00201243;-0.00120746;-0.00110183;-0.00361353;0.996569;0.0158277;-0.00624945;0.997213;0.0214913;0.983922;1;3;1
813.531;1181.06;2.90644;1.4047;-0.000759815;-0.00184099;0.000802719;-0.000332624;-0.00226818;1.00397;0.00543539;-0.0136395;0.996532;0.028561;0.973492;1;3;1
836.531;1181.06;2.95932;1.58182;0.00361337;-0.00277738;0.000785993;0.00370862;-0.00287263;1.00366;0.00570566;-0.00697661;0.990869;0.0269188;0.969783;1;2;1
859.531;1181.06;3.07054;1.81327;0.00187032;-0.00508414;0.000537425;0.00191161;-0.00512542;1.00288;0.00489329;-0.0104613;0.989011;0.0322419;0.967421;1;2;1
882.531;1181.06;3.04381;1.94956;-0.000405549;-0.00268447;-0.000418705;-0.000331056;-0.00275896;0.995512;0.0114941;-0.00810432;0.996878;0.0270822;0.97996;1;3;1
905.531;1181.06;3.05085;2.12115;0.000892551;-0.0021883;0.000819692;0.00109706;-0.00239281;1.00177;0.00967971;-0.00591914;1.00402;0.0260354;0.981192;1;2;1
928.531;1181.06;3.0834;2.31443;0.00233566;-0.001852;0.000695263;0.00244807;-0.00196441;1.00413;0.00687198;-0.00756954;0.999472;0.0318571;0.966481;1;2;1
951.531;1181.06;3.15651;2.51257;0.000864423;-0.00254878;0.000927839;0.00110034;-0.0027847;0.996998;0.0061885;-0.00733781;0.995787;0.0214398;0.984036;1;3;1
974.531;1181.06;3.12121;2.73664;-0.000559465;-0.00173943;0.00112553;0.000121343;-0.00242024;0.998859;0.0147872;-0.0112043;0.999367;0.0223808;0.988707;1;2;1
997.531;1181.06;3.12839;2.97983;0.00108985;-0.00239729;-0.000290036;0.00111381;-0.00242124;1.00294;0.0079837;-0.0121049;0.998876;0.0278898;0.970168;1;2;1
1020.53;1181.06;3.16945;3.15117;0.00201654;-0.00106713;5.62849e-05;0.00201756;-0.00106816;1.00089;0.0028593;-0.00399383;1.00135;0.0273031;0.979106;1;3;1
1043.53;1181.06;3.22037;3.23111;6.70031e-05;-0.000222706;0.00100243;0.00093499;-0.00109069;0.995904;0.00386549;-0.0191778;0.999356;0.0292582;0.97719;1;3;1
1066.53;1181.06;3.17114;3.50933;0.00251469;-0.0016418;0.00266821;0.00381852;-0.00294563;1.00895;0.00509091;-0.00596135;0.994811;0.0291646;0.966875;1;2;1
1089.53;1181.06;3.33319;3.73173;0.00320722;-0.00156117;0.00141912;0.0035976;-0.00195156;1.01268;0.0153289;-0.0118179;1.00243;0.0286548;0.971657;1;2;1
1112.53;1181.06;3.31571;4.01044;0.00111987;-0.00370187;0.000538326;0.00117924;-0.00376124;0.991362;0.0158631;-0.00757997;0.996964;0.0237376;0.982137;1;3;1
1135.53;1181.06;3.38269;4.15888;0.00161391;-0.00319275;0.000181731;0.00162077;-0.00319962;1.00596;0.00838607;-0.00588001;0.994697;0.0260224;0.97907;1;2;1
1158.53;1181.06;3.38858;4.35865;0.00213611;0.000290885;0.00184026;0.00327208;-0.000845083;1.00523;0.00669715;-0.00948075;1.00674;0.0222683;0.982918;1;3;1
1181.53;1181.06;3.47909;4.56072;0.00211855;-0.000926238;0.000635149;0.00224573;-0.00105342;1.0019;0.0141582;-0.00808285;1.00145;0.0260522;0.979736;1;3;1
1204.53;1181.06;3.48436;4.73865;0.00265573;0.0018185;0.000538939;0.00291954;0.0015547;0.998762;0.00603824;-0.0125465;1.00022;0.0213903;0.98761;1;3;1
1227.53;1181.06;3.59933;4.9643;0.0024881;-0.00261084;0.00241263;0.0034487;-0.00357144;1.00276;0.00567161;-0.00869627;0.997341;0.0256805;0.982002;1;2;1
1250.53;1181.06;3.59596;5.23879;0.00230257;-0.000423779;0.00143616;0.00291949;-0.0010407;0.995803;0.0116339;-0.0143902;1.00175;0.0264471;0.986124;1;2;1
1273.53;1181.06;3.70305;5.40219;0.00469209;-0.00279974;0.000214587;0.00469823;-0.00280588;0.992202;0.00317412;-0.00204799;1.00454;0.0280252;0.986003;1;3;1
31.5305;1158.06;4.83305;-4.71286;-0.00197372;-0.00375001;-0.00103306;-0.00149951;-0.00422422;0.997953;0.019015;-0.00381941;1.00116;0.0237248;0.985829;1;3;1
54.5305;1158.06;4.78679;-4.51964;-0.00431588;-0.00280722;-0.00149101;-0.00189059;-0.00523251;0.993783;0.00706592;-0.00651085;0.996989;0.0244106;0.98931;1;3;1
77.5306;1158.06;4.63303;-4.40222;-0.00623388;-0.0027804;-0.000189792;-0.00277;-0.00624428;0.996803;0.0019423;-0.00342212;0.999066;0.0230777;0.991134;1;2;1
100.531;1158.06;4.49848;-4.27515;-0.00412835;-0.00165661;-0.000695566;-0.00147432;-0.00431064;0.995444;0.0082073;-0.00657634;0.99702;0.0205769;0.99084;1;3;1
123.531;1158.06;4.44184;-4.11572;-0.00203839;-0.00362993;0.000466958;-0.0019115;-0.00375682;0.996087;0.00686859;-0.00838023;0.997308;0.0203521;0.993851;1;3;1
146.531;1158.06;4.40332;-3.92969;-0.00427448;-0.0046796;0.000547408;-0.00389336;-0.00506072;1.00019;0.00695348;-0.00402635;0.993215;0.019962;0.989341;1;3;1
169.531;1158.06;4.2435;-3.77173;-0.00384071;-0.00411233;-0.000404569;-0.00354977;-0.00440328;0.992156;0.00618115;-0.00426723;0.996837;0.0197493;0.990252;1;3;1
192.531;1158.06;4.22556;-3.66784;-0.00149672;-0.00281971;-0.00146611;-0.000549777;-0.00376665;0.998243;0.00697554;-0.00637797;0.99885;0.018565;0.98932;1;3;1
215.531;1158.06;4.17398;-3.53302;-0.00246346;-0.00365687;-0.00077477;-0.00208225;-0.00403808;0.995029;0.0103904;-0.00596908;0.993988;0.0208239;0.989198;1;2;1
238.531;1158.06;4.1111;-3.36498;-0.00490599;-0.00310074;8.97372e-05;-0.00309629;-0.00491044;0.995493;0.0126169;-0.0118403;0.996042;0.0200412;0.992625;1;3;1
261.531;1158.06;3.9462;-3.15625;-0.0043389;-0.00287335;3.91446e-05;-0.0028723;-0.00433994;1.00153;0.00637872;-0.00964213;0.998778;0.0221688;0.988212;1;3;1
284.531;1158.06;3.90938;-2.97033;-0.00187705;-0.00401776;0.000253954;-0.00184733;-0.00404747;0.996645;0.0068878;-0.00624851;0.99402;0.0186493;0.990557;1;2;1
307.531;1158.06;3.8584;-2.80131;-0.00328588;-0.00369572;0.000798267;-0.00266665;-0.00431495;0.997145;0.00942413;-0.00753927;0.99547;0.0193666;0.988789;1;3;1
330.531;1158.06;3.75603;-2.54822;-0.00331785;-0.000775288;0.000497011;-0.000681587;-0.00341155;0.999719;0.0144722;-0.014269;0.99641;0.0263582;0.985824;1;3;1
353.531;1158.06;3.70355;-2.37623;-0.00325308;-0.00193031;-0.000907764;-0.00146855;-0.00371485;0.996294;0.011623;-0.0104229;0.998448;0.0220932;0.987496;1;3;1
376.531;1158.06;3.60513;-2.24314;-0.00269231;-0.00036176;-0.000203403;-0.000344141;-0.00270993;0.995878;0.00622797;-0.00213263;0.992512;0.0180944;0.993213;1;3;1
399.531;1158.06;3.57861;-2.08366;-0.000868529;-0.00310809;0.000213406;-0.000848375;-0.00312825;0.993162;0.00834004;-0.0101404;0.993058;0.0211903;0.988994;1;2;1
422.531;1158.06;3.56381;-1.89092;-0.00346329;-0.00180124;7.08434e-05;-0.00179823;-0.00346631;0.996526;0.00973406;-0.010937;1.00041;0.0202928;0.98787;1;3;1
445.531;1158.06;3.41739;-1.69751;-0.00382556;-0.00312117;-7.11839e-05;-0.00311405;-0.00383268;0.99764;0.00730022;-0.00603137;0.992498;0.0186323;0.990838;1;3;1
468.531;1158.06;3.38594;-1.51288;-2.03201e-05;-0.00185565;0.000325642;3.57458e-05;-0.00191172;0.995476;0.00484775;-0.0085034;0.998389;0.0213102;0.985144;1;3;1
491.531;1158.06;3.41508;-1.34187;-0.00028497;-0.00250061;-0.000161603;-0.000273245;-0.00251234;1.00263;0.0156777;-0.0108254;1.00046;0.0210595;0.987512;1;3;1
514.531;1158.06;3.37092;-1.09369;-0.00129469;-0.0033528;3.95014e-05;-0.00129393;-0.00335356;0.995567;0.00785855;-0.00537475;0.995105;0.0209183;0.988785;1;3;1
537.531;1158.06;3.35404;-0.976805;-0.00431259;-0.00214146;-0.000443207;-0.00205447;-0.00439958;0.998266;0.00823617;-0.0041511;0.997472;0.0254984;0.979765;1;3;1
560.531;1158.06;3.17102;-0.777274;-0.00368632;-0.00219108;6.46566e-06;-0.00219105;-0.00368635;0.995752;0.00629251;-0.00516975;0.997375;0.0231316;0.985807;1;2;1
583.531;1158.06;3.18259;-0.597787;-0.001313;-0.00121106;0.000620737;-0.000639204;-0.00188486;0.998311;0.0119169;-0.0150984;0.995536;0.024654;0.977244;1;3;1
606.531;1158.06;3.10882;-0.37548;-0.00168676;-0.00147567;0.0025223;0.000943287;-0.00410572;1.00346;-0.00308255;-0.00252066;0.998382;0.0220038;0.983982;1;3;1
629.531;1158.06;3.10271;-0.145847;0.00220674;-0.00286618;0.0015672;0.00265185;-0.00331129;1.00102;0.00110134;-0.0135264;0.992797;0.0193501;0.989428;1;3;1
652.531;1158.06;3.20785;0.0921835;0.000964704;-0.00134506;-0.000105956;0.000969554;-0.00134991;1.00088;0.0108656;-0.0109282;0.995818;0.020333;0.990758;1;3;1
675.531;1158.06;3.1455;0.232976;-0.00192281;0.00130087;0.000741263;0.00146315;-0.00208508;0.998005;0.00893092;-0.0057755;1.00186;0.0226022;0.985507;1;3;1
698.531;1158.06;3.11819;0.412831;-0.00180972;-0.000363975;0.00209223;0.00112674;-0.00330043;0.999563;0.00442989;-0.00859706;1.00079;0.0218048;0.992359;1;2;1
721.531;1158.06;3.06056;0.618128;-0.000207558;-0.0018216;0.00124611;0.000470032;-0.00249919;0.997787;-0.0018561;-0.00970354;0.998058;0.0228953;0.984536;1;2;1
744.531;1158.06;3.10657;0.849698;0.00144698;-0.00166292;0.00313266;0.00338938;-0.00360532;1.00192;0.00242186;-0.00991954;0.99695;0.0198689;0.986944;1;3;1
767.531;1158.06;3.1246;1.09549;0.00295849;-0.00373119;0.00104116;0.00311679;-0.00388949;1.0053;0.00766922;-0.0103229;0.999272;0.0196617;0.989211;1;3;1
790.531;1158.06;3.24101;1.21551;0.000664506;-0.00183899;-2.99326e-05;0.000664864;-0.00183935;1.00111;0.00414874;-0.00509898;0.997863;0.0219754;0.982437;1;3;1
813.531;1158.06;3.15421;1.39134;-0.00117546;-0.00114265;0.000987035;-0.000171885;-0.00214623;0.998327;0.0134143;-0.00981346;0.999496;0.0246972;0.984679;1;3;1
836.531;1158.06;3.18476;1.66014;0.00154848;-0.00167334;0.000404687;0.00159854;-0.0017234;0.999953;0.00979684;-0.0098648;1.00056;0.0259209;0.968788;1;2;1
859.531;1158.06;3.22274;1.88541;0.000502804;-0.000671963;0.00104154;0.00111117;-0.00128033;1.00153;0.00399621;-0.00563173;1.00291;0.0249306;0.976128;1;3;1
882.531;1158.06;3.20657;2.00654;-0.000138897;-0.000629959;9.82143e-05;-0.000119983;-0.000648874;0.998502;0.00618174;-0.0108961;1.00408;0.027248;0.977056;1;2;1
905.531;1158.06;3.2153;2.196;0.000751423;-0.00157777;0.000284582;0.000785689;-0.00161203;1.00114;0.00817548;-0.00460022;0.997623;0.0231397;0.981861;1;2;1
928.531;1158.06;3.23943;2.40147;0.00134162;-0.00173316;0.00140078;0.00188407;-0.00227561;1.00364;0.00637465;-0.00756535;0.99375;0.0263237;0.979503;1;2;1
951.531;1158.06;3.27513;2.60732;0.00122634;-0.00212187;0.000701821;0.0013675;-0.00226303;0.99813;0.00786837;-0.0105808;0.996854;0.0266996;0.982327;1;2;1
974.531;1158.06;3.2945;2.74845;0.00112934;-0.00150083;0.00133951;0.00169142;-0.00206291;1.00462;0.00244563;-0.00810864;0.998229;0.0265812;0.979284;1;3;1
997.531;1158.06;3.32511;3.03073;-0.00169196;-0.00106449;0.000208814;-0.00100135;-0.0017551;0.99767;0.0137163;-0.012365;0.995059;0.0319821;0.97384;1;3;1
1020.53;1158.06;3.21472;3.16475;0.00125399;-0.00167711;-6.2837e-05;0.00125534;-0.00167845;0.99391;0.00597614;-0.000835281;0.997956;0.0265611;0.971219;1;3;1
1043.53;1158.06;3.38183;3.32357;0.00305277;-0.00450168;0.00157058;0.00336629;-0.0048152;1.00101;0.00576697;-0.0107765;0.991045;0.0237216;0.985494;1;3;1
1066.53;1158.06;3.35311;3.57475;0.0014446;-0.00149998;0.00103319;0.00177096;-0.00182633;1.00933;0.00647203;-0.0106079;0.997244;0.0234357;0.981845;1;2;1
1089.53;1158.06;3.44605;3.77212;0.0034642;-0.000438248;0.00083315;0.00363463;-0.000608678;1.00392;0.00282474;-0.00924636;0.997778;0.0249961;0.982745;1;3;1
1112.53;1158.06;3.51028;3.99466;0.00128334;-0.000167416;0.000293953;0.00134063;-0.000224714;1.00028;0.00497532;-0.00694814;1.00086;0.030584;0.974851;1;3;1
1135.53;1158.06;3.50329;4.17419;-0.000399255;-6.48207e-05;0.000739006;0.00052565;-0.000989726;0.99963;0.00493117;-0.00613182;1.00145;0.0240961;0.980924;1;2;1
1158.53;1158.06;3.4906;4.34227;0.00161397;-0.000984816;0.000380915;0.00166865;-0.0010395;1.0058;0.00318362;-0.00936301;0.993731;0.0293859;0.971377;1;2;1
1181.53;1158.06;3.5758;4.56583;0.0054578;-0.00179847;0.00167129;0.00582423;-0.0021649;1.00495;-0.00157774;-0.0117081;0.998;0.0253326;0.98143;1;2;1
1204.53;1158.06;3.73906;4.76354;0.00240681;-0.000993221;0.00131123;0.00285375;-0.00144015;1.00048;0.00684994;-0.0101062;0.998637;0.0289662;0.975057;1;3;1
1227.53;1158.06;3.68411;5.02367;0.000254248;-0.00283654;0.00238141;0.00154775;-0.00413005;0.999973;-0.00549686;-0.011222;0.997229;0.0224402;0.98665;1;2;1
1250.53;1158.06;3.74829;5.23893;0.00495158;-0.000272682;0.000319421;0.00497103;-0.000292139;1.00461;0.00357728;-0.0120444;1.00013;0.0230172;0.987679;1;3;1
1273.53;1158.06;3.90943;5.44175;0.00706943;-0.00111908;0.00115798;0.00723004;-0.00127968;0.999567;0.0107018;-0.00612773;0.998807;0.0315583;0.980908;1;3;1
31.5305;1135.06;5.10576;-4.61739;-0.00678265;-0.0026079;-0.00241712;-0.00150159;-0.00788896;0.994789;0.0091051;-0.00985496;0.992897;0.0208627;0.990837;1;3;1
54.5305;1135.06;4.94898;-4.50962;-0.00663677;-0.0012393;-0.000681082;-0.00115468;-0.00672139;0.993655;0.0186171;-0.00249459;1.00212;0.022431;0.987839;1;3;1
77.5306;1135.06;4.79851;-4.32353;-0.00539633;-0.00262454;-0.00160001;-0.00189366;-0.00612721;0.996443;0.0125119;-0.00994398;0.996746;0.0185797;0.994055;1;3;1
100.531;1135.06;4.69939;-4.26079;-0.00453264;-0.00398422;-0.00129398;-0.00293572;-0.00558115;0.990966;0.00648481;-0.00381041;0.995942;0.0214877;0.99165;1;3;1
123.531;1135.06;4.58861;-4.03375;-0.00455191;-0.00359549;-0.000244685;-0.00353652;-0.00461088;0.995908;0.010685;-0.00957463;0.996666;0.0238924;0.98827;1;3;1
146.531;1135.06;4.48772;-3.85374;-0.0048746;-0.00203046;-0.000618864;-0.00190164;-0.00500342;0.998264;0.00192913;-0.00625447;0.996767;0.0199254;0.990834;1;3;1
169.531;1135.06;4.36271;-3.71299;-0.00134981;-0.00325646;-0.000784562;-0.00106849;-0.00353778;1.00157;0.0113006;-0.00350323;0.993601;0.0200075;0.988184;1;3;1
192.531;1135.06;4.42489;-3.60042;-0.000719248;-0.00399552;-0.000757463;-0.000552602;-0.00416216;0.994155;0.010962;-0.00634467;0.994018;0.0187001;0.993624;1;3;1
215.531;1135.06;4.32888;-3.45376;-0.00450096;-0.00435098;-0.00032368;-0.00409372;-0.00475823;0.994717;0.00946411;-0.010786;0.995192;0.0181216;0.991728;1;3;1
238.531;1135.06;4.21629;-3.28549;-0.00392897;-0.00466838;0.00129018;-0.00295657;-0.00564078;0.994805;0.00303514;-0.00396196;0.995193;0.019517;0.98856;1;3;1
261.531;1135.06;4.14621;-3.07348;-0.00377406;-0.00478588;0.000453552;-0.00360052;-0.00495942;0.996334;0.0104971;-0.0128907;0.996793;0.0197753;0.989995;1;3;1
284.531;1135.06;4.04038;-2.85989;-0.00373514;-0.00412015;0.000421843;-0.00346395;-0.00439133;0.998777;0.00665761;-0.00299328;0.997726;0.0197916;0.987264;1;2;1
307.531;1135.06;3.97254;-2.69782;-0.00296005;-0.00320517;-0.00103395;-0.00204142;-0.0041238;0.993689;0.00822604;-0.007908;1.00092;0.0193276;0.988916;1;3;1
330.531;1135.06;3.90311;-2.57241;-0.00191915;-0.00178044;-0.000473283;-0.00137146;-0.00232814;1.00123;0.00495814;-0.0109983;1.00067;0.0255137;0.989759;1;3;1
353.531;1135.06;3.88299;-2.36828;-0.0023467;-0.00183257;-0.000169639;-0.00178164;-0.00239763;1.00059;0.0134286;-0.00607066;0.996623;0.0192571;0.987757;1;3;1
376.531;1135.06;3.79386;-2.24426;-0.00280754;-0.00205991;0.00019432;-0.00201242;-0.00285503;0.9962;0.00620021;-0.00885506;1.00601;0.0190023;0.988563;1;3;1
399.531;1135.06;3.75227;-2.01123;-0.00138924;-0.00302662;0.000368324;-0.0013102;-0.00310566;0.997343;0.00598484;-0.00801432;0.998128;0.0204806;0.990985;1;3;1
422.531;1135.06;3.72811;-1.83743;-0.00174611;-0.0024481;0.000299403;-0.00163576;-0.00255845;0.993271;0.00781134;-0.00862878;1.00027;0.021138;0.98837;1;2;1
445.531;1135.06;3.67057;-1.66532;-0.00368745;-0.0019944;2.72451e-05;-0.00199397;-0.00368789;1.00351;0.00243155;-0.0113738;1.00278;0.0190825;0.98797;1;3;1
468.531;1135.06;3.55705;-1.51572;-0.000924265;-0.00278908;0.000338216;-0.000864819;-0.00284853;0.988793;0.0147722;-0.00474892;0.997764;0.0249579;0.981467;1;3;1
491.531;1135.06;3.62642;-1.27965;-0.000152928;-0.00305868;0.00159348;0.000550587;-0.0037622;0.997631;0.00500727;-0.0135214;0.996995;0.0229676;0.98611;1;3;1
514.531;1135.06;3.5475;-1.0351;-0.00295169;-0.00334791;-6.10144e-05;-0.00294251;-0.00335709;0.997327;0.00573959;-0.00389089;0.99863;0.0230139;0.985178;1;2;1
537.531;1135.06;3.48897;-0.912136;-0.00326256;-0.00320329;0.00038663;-0.00284516;-0.00362069;0.997915;0.00301362;-0.00761134;1.00001;0.0250942;0.981875;1;3;1
560.531;1135.06;3.39578;-0.677397;-0.00137253;-0.00395058;-0.000831292;-0.00112773;-0.00419539;0.990466;0.00450516;-0.0093162;0.996302;0.0236777;0.982631;1;3;1
583.531;1135.06;3.42421;-0.531343;-0.00210402;-0.00301579;-0.000210039;-0.00205796;-0.00306184;1.00107;0.000410222;-0.00806196;0.999814;0.0206208;0.989772;1;3;1
606.531;1135.06;3.29746;-0.313647;-0.00330874;-0.00367253;-0.000501362;-0.0029573;-0.00402397;1.00332;0.015226;-0.00537642;0.998212;0.0198976;0.987825;1;3;1
629.531;1135.06;3.26989;-0.11739;0.00148729;-0.00190142;-0.000116842;0.00149132;-0.00190544;0.996114;0.0150379;-0.0144251;1.00164;0.0220288;0.987787;1;3;1
652.531;1135.06;3.364;0.0959221;-0.000119588;-0.00186927;0.00118461;0.000478207;-0.00246707;0.999605;0.00347937;-0.00380313;0.995914;0.0236473;0.984389;1;3;1
675.531;1135.06;3.26295;0.245804;-0.0030804;-0.000931742;-0.000316014;-0.000886229;-0.00312592;0.993891;0.00808805;-0.00851941;0.999323;0.0250451;0.975563;1;2;1
698.531;1135.06;3.22079;0.439867;0.000519346;-0.00174707;0.000571681;0.000655381;-0.00188311;1.00318;0.0132415;-0.0106675;0.99594;0.0276257;0.981636;1;2;1
721.531;1135.06;3.28475;0.68362;-0.000206178;-0.00211144;-0.000258458;-0.000171739;-0.00214588;0.997756;0.0138967;-0.00920004;0.998848;0.0240008;0.983787;1;2;1
744.531;1135.06;3.20945;0.853062;0.000400797;-0.00100975;0.00183947;0.00166556;-0.00227451;0.997465;0.00937755;-0.00706667;1.00413;0.0217452;0.98617;1;3;1
767.531;1135.06;3.3006;1.1712;0.0018783;-2.75562e-05;0.000343363;0.00193827;-8.75301e-05;1.00484;0.00527673;-0.0148752;0.99681;0.0272365;0.973865;1;3;1
790.531;1135.06;3.29422;1.23081;-0.000858931;-0.00243924;0.000446828;-0.000741342;-0.00255683;1.00489;0.00209004;-0.00322458;0.999534;0.0225574;0.983178;1;3;1
813.531;1135.06;3.26018;1.45865;0.00266464;-0.0031717;0.00109292;0.00286259;-0.00336965;1.00462;0.00388777;-0.0053669;0.994947;0.0261341;0.976916;1;3;1
836.531;1135.06;3.41463;1.66111;0.00135313;-0.00179074;0.00194209;0.00227973;-0.00271734;0.996344;0.00376555;-0.0102912;0.999961;0.0243475;0.984066;1;2;1
859.531;1135.06;3.32076;1.84487;-0.00148406;-0.000515811;0.000285588;-0.000437852;-0.00156201;0.99872;0.0033971;-0.0050185;1.00046;0.0303046;0.968362;1;2;1
882.531;1135.06;3.34521;1.97953;0.00216059;-0.00180455;0.000388277;0.00219825;-0.00184221;1.00292;0.00340938;-0.00970329;0.993333;0.0274459;0.968605;1;3;1
905.531;1135.06;3.41871;2.19526;0.00046596;-0.00132848;0.000263428;0.000503832;-0.00136636;0.996811;0.00177772;-0.00564032;0.999152;0.0275271;0.971715;1;2;1
928.531;1135.06;3.36476;2.39509;0.000456871;-0.00105846;0.00160566;0.00147465;-0.00207624;1.00732;0.00941207;-0.00924834;0.998632;0.027571;0.97679;1;2;1
951.531;1135.06;3.43784;2.61114;0.00125073;-0.00121084;0.000738273;0.00145517;-0.00141528;0.998197;0.00540532;-0.00730254;1.00192;0.0236416;0.9791;1;3;1
974.531;1135.06;3.42042;2.80671;0.00195354;-0.00219951;0.00195996;0.00273243;-0.0029784;1.00394;0.00689878;-0.00681566;0.996895;0.0233277;0.987238;1;2;1
997.531;1135.06;3.52571;3.03054;0.00105997;-0.000502684;0.0010733;0.00160622;-0.00104893;1.00269;0.00470942;-0.0102711;0.996884;0.0259715;0.981241;1;2;1
1020.53;1135.06;3.46721;3.22934;-0.000883435;-0.00245973;-0.0011157;-0.000305576;-0.00303759;0.998882;0.013447;-0.00718557;0.993133;0.0250194;0.984069;1;3;1
1043.53;1135.06;3.48323;3.43941;0.00125248;-0.00302042;-0.000200316;0.00126185;-0.00302979;0.996892;0.00968094;-0.00636578;1.00086;0.0268971;0.975698;1;3;1
1066.53;1135.06;3.52346;3.57973;0.0042027;-0.00175286;0.000239738;0.00421234;-0.0017625;1.0084;0.00924221;-0.00876078;0.999396;0.0285589;0.969252;1;2;1
1089.53;1135.06;3.67509;3.75317;0.00367699;-0.00173145;0.00144672;0.00403965;-0.00209412;0.997498;0.0072928;-0.00664976;1.00565;0.0285218;0.969048;1;3;1
1112.53;1135.06;3.69019;4.01967;-0.000236045;-0.0011813;0.0012429;0.000621058;-0.0020384;0.992997;0.0126685;-0.00671643;0.999768;0.0288013;0.975753;1;3;1
1135.53;1135.06;3.6624;4.16271;0.00121021;-0.000940998;-7.65764e-05;0.00121293;-0.00094372;1.00786;0.011954;-0.0107239;0.998165;0.025254;0.973664;1;2;1
1158.53;1135.06;3.74421;4.40535;0.00183904;-0.00195516;0.00147946;0.00234772;-0.00246384;0.998979;0.013178;-0.00854184;0.998945;0.0277165;0.972006;1;2;1
1181.53;1135.06;3.7444;4.64429;0.00168997;-0.001191;0.000864606;0.00192952;-0.00143056;1.0001;0.0112417;-0.00340391;0.999224;0.0285912;0.980345;1;2;1
1204.53;1135.06;3.82032;4.78559;0.00243837;-0.00130958;0.00260142;0.00377051;-0.00264172;1.00587;0.00494866;-0.0118135;0.998598;0.0273756;0.978496;1;2;1
1227.53;1135.06;3.85422;5.09567;0.00358626;-0.000834152;0.00108441;0.00383796;-0.00108584;1.00644;0.0165146;-0.0149334;0.998426;0.0243801;0.986773;1;3;1
1250.53;1135.06;3.98262;5.25296;0.00319595;-0.00303902;0.000426886;0.00322504;-0.00306811;1.00143;0.0121067;-0.00657945;0.991759;0.0230414;0.983126;1;2;1
1273.53;1135.06;3.99961;5.45465;0.000777137;-0.00225023;0.00133542;0.00128201;-0.00275511;0.992644;0.00217855;-0.00318276;0.994933;0.0292107;0.980979;1;2;1
31.5305;1112.06;5.27339;-4.59063;-0.0055364;-0.00355332;-0.000646011;-0.00336144;-0.00572828;0.987567;0.00786725;-0.0067478;1.00227;0.0249391;0.985283;1;3;1
54.5305;1112.06;5.14533;-4.4612;-0.00524221;-0.00338083;-0.000836575;-0.0030601;-0.00556294;0.998084;0.00184377;-0.00473122;0.996532;0.0237729;0.986339;1;3;1
77.5306;1112.06;5.03055;-4.27961;-0.00511315;-0.00268795;-0.000677672;-0.00251143;-0.00528967;0.991755;0.00461706;-0.00719697;0.995635;0.0242484;0.986634;1;2;1
100.531;1112.06;4.90801;-4.08968;-0.00341707;-0.00522741;-0.00129383;-0.00274322;-0.00590126;0.996849;0.00550925;-0.00674113;0.996558;0.0210126;0.99054;1;3;1
123.531;1112.06;4.8719;-3.94801;-0.00271564;-0.00090568;-0.00188855;0.000283528;-0.00390485;0.999585;0.00423638;-0.0054869;0.99945;0.0218744;0.991911;1;3;1
146.531;1112.06;4.78221;-3.83463;-0.0065462;-0.00281896;-0.00175516;-0.00212257;-0.0072426;0.996236;0.00226045;-0.0117988;0.999178;0.0204269;0.994358;1;3;1
169.531;1112.06;4.56861;-3.62054;-0.00492675;-0.00372207;-0.00180865;-0.0024181;-0.00623073;0.990535;0.00491251;-0.00224077;0.99785;0.0201956;0.988353;1;3;1
192.531;1112.06;4.55367;-3.48251;-0.00106089;-0.00472048;-0.000505033;-0.000992478;-0.0047889;1.00205;0.00986109;-0.00630038;0.994258;0.0198864;0.993119;1;2;1
215.531;1112.06;4.51887;-3.33114;-0.00391647;-0.00399943;0.000165527;-0.0037873;-0.00412859;0.990335;0.00831386;-0.00844688;0.997237;0.0184126;0.993113;1;3;1
238.531;1112.06;4.37194;-3.14899;-0.00407142;-0.00471704;0.00032275;-0.00393775;-0.00485071;0.995201;0.0116114;-0.00810689;0.993549;0.0205533;0.990784;1;2;1
261.531;1112.06;4.32948;-2.93397;-0.0027032;-0.0047544;-7.61748e-06;-0.00270318;-0.00475443;1.00132;0.0118057;-0.0102543;0.990633;0.025456;0.985804;1;3;1
284.531;1112.06;4.24593;-2.77917;-0.0018983;-0.00273113;-0.000898652;-0.00132427;-0.00330516;0.998296;0.00818805;-0.00459196;0.995257;0.01915;0.991428;1;2;1
307.531;1112.06;4.24121;-2.65204;-0.00251027;-0.00261915;-0.000915744;-0.00164735;-0.00348207;0.997404;0.00337909;-0.0059354;0.994287;0.0215199;0.989487;1;3;1
330.531;1112.06;4.12924;-2.46473;-0.00417079;-0.00468399;-0.000701853;-0.0036801;-0.00517468;0.998222;0.0122141;-0.0127184;0.994521;0.0222956;0.989512;1;2;1
353.531;1112.06;4.04752;-2.29057;-0.00398365;-0.00341714;-0.000366856;-0.00323692;-0.00416388;0.992962;-9.90071e-06;-0.00252976;0.996123;0.025177;0.975004;1;3;1
376.531;1112.06;3.94452;-2.14703;-0.00207113;-0.00392393;0.000371259;-0.0019995;-0.00399555;0.999041;0.00545104;-0.0101493;0.993301;0.0249751;0.983126;1;3;1
399.531;1112.06;3.95084;-1.94272;-0.0013285;-0.00295832;-0.000284146;-0.00128038;-0.00300644;1.00235;0.00809466;-0.00307028;0.993641;0.020926;0.985982;1;3;1
422.531;1112.06;3.88188;-1.77707;-0.00460805;-0.00367563;0.000209809;-0.00363059;-0.00465308;0.993599;0.00474133;-0.0130114;0.993011;0.0224324;0.984822;1;2;1
445.531;1112.06;3.73713;-1.60456;-0.00304844;-0.00449638;0.00116903;-0.00239736;-0.00514746;0.992109;0.0110478;-0.00634369;0.994184;0.0209277;0.983873;1;3;1
468.531;1112.06;3.73975;-1.38304;0.000268341;-0.00484412;0.000671696;0.000355118;-0.0049309;0.999627;-0.000191624;-0.0122254;0.996625;0.0184645;0.989956;1;3;1
491.531;1112.06;3.74769;-1.19975;0.00013748;-0.00272996;0.00153195;0.000801955;-0.00339444;1.00355;0.00727197;-0.0116831;0.994201;0.0217714;0.986003;1;3;1
514.531;1112.06;3.74392;-0.937906;-0.00152283;-0.0019216;0.000409879;-0.00126641;-0.00217802;0.994534;0.00871393;-0.00511139;0.995234;0.0221491;0.983306;1;3;1
537.531;1112.06;3.67608;-0.828085;-0.00250153;-0.00317901;-2.07862e-05;-0.0025009;-0.00317964;1.00289;0.00824358;-0.00944571;0.993106;0.0238303;0.987171;1;3;1
560.531;1112.06;3.62741;-0.592914;-0.00237144;-0.00189376;-0.0016148;-0.000500234;-0.00376496;0.986377;0.0140069;-0.0113523;0.99694;0.0216531;0.98949;1;3;1
583.531;1112.06;3.56537;-0.457253;-0.00123532;-0.00285469;-0.000115218;-0.00122716;-0.00286284;1.00278;0.0142369;-0.00532038;0.996023;0.0213636;0.987645;1;2;1
606.531;1112.06;3.5689;-0.203923;-0.00091253;-0.00335607;-5.57062e-05;-0.000911261;-0.00335734;1.00119;0.00515678;-0.0113166;0.991187;0.0202364;0.988729;1;3;1
629.531;1112.06;3.52162;-0.0563872;-0.00229934;-0.00298336;0.000311467;-0.00217876;-0.00310393;0.999161;0.0028305;-0.00161288;0.996812;0.023337;0.986856;1;3;1
652.531;1112.06;3.46141;0.178951;-2.30234e-05;-0.002646;0.000630025;0.000120457;-0.00278948;1.00232;0.0113857;-0.00705867;0.996181;0.0236097;0.983902;1;3;1
675.531;1112.06;3.51935;0.277377;0.000916201;-0.00380035;-0.000194185;0.000924183;-0.00380833;0.99979;0.0105457;-0.00350898;0.993228;0.024447;0.969896;1;3;1
698.531;1112.06;3.50245;0.494875;-0.000445399;-0.00251904;0.00043717;-0.000357002;-0.00260743;0.998462;0.00979699;-0.00962348;0.995975;0.0238731;0.97971;1;2;1
721.531;1112.06;3.49675;0.71743;-0.00165912;-0.00188772;0.000201699;-0.00154158;-0.00200525;1.00134;0.00527758;-0.0101942;0.99679;0.024765;0.982939;1;2;1
744.531;1112.06;3.42431;0.897269;-0.000544972;-0.00223166;-0.000267577;-0.000503541;-0.00227309;0.998988;0.00323052;-0.00773131;0.992841;0.0231294;0.984563;1;2;1
767.531;1112.06;3.4701;1.09805;0.00140476;0.000344734;0.00109171;0.00208832;-0.00033882;1.00149;0.0060144;-0.0104867;1.00012;0.0268625;0.980088;1;3;1
790.531;1112.06;3.48686;1.32851;0.000298744;-0.00354058;0.00145144;0.000785691;-0.00402753;1.00379;0.00780504;-0.00848271;0.993952;0.0248086;0.979106;1;3;1
813.531;1112.06;3.48173;1.53864;-0.00203387;-0.00135036;0.000651751;-0.000956195;-0.00242803;1.00186;0.00970087;-0.00893892;1.00032;0.0235581;0.982682;1;2;1
836.531;1112.06;3.39134;1.74306;0.000759372;-0.00310783;0.00173995;0.00142697;-0.00377543;1.0013;0.00577231;-0.0035847;0.994838;0.0229883;0.983762;1;3;1
859.531;1112.06;3.51515;1.91007;0.00282798;-0.00269289;1.88207e-05;0.00282804;-0.00269295;0.998261;0.00975712;-0.00987799;0.994064;0.0275717;0.976269;1;3;1
882.531;1112.06;3.51993;2.09069;0.00200315;-0.00455937;0.00153569;0.00234473;-0.00490095;1.00725;0.0100434;-0.00693915;0.99698;0.0277338;0.975495;1;3;1
905.531;1112.06;3.60589;2.25881;-0.000249665;-0.00385003;0.000621415;-0.000145428;-0.00395426;0.995797;0.00820776;-0.0112923;0.992585;0.0257018;0.976687;1;3;1
928.531;1112.06;3.50703;2.45097;0.000300193;-0.00278335;0.000873257;0.000530323;-0.00301348;1.00169;0.00818478;-0.00744599;0.997321;0.0270317;0.968592;1;3;1
951.531;1112.06;3.61791;2.66433;0.000585069;-0.00170819;0.000766984;0.000817941;-0.00194106;0.999891;0.00448823;-0.00852332;0.99358;0.0217121;0.987115;1;3;1
974.531;1112.06;3.53221;2.85036;0.000700264;-0.000640854;0.000596397;0.000927112;-0.000867701;1.00164;0.00801898;-0.00431286;1.00037;0.0221133;0.982483;1;3;1
997.531;1112.06;3.64845;3.055;0.00425856;-0.00164043;0.00149592;0.00461622;-0.0019981;1.00463;0.00249568;-0.0121847;0.999964;0.0275704;0.979014;1;2;1
1020.53;1112.06;3.72568;3.28088;0.00223049;-0.00209245;0.000166704;0.00223691;-0.00209887;0.99692;0.0102003;-0.0113813;0.998841;0.0249709;0.975362;1;3;1
1043.53;1112.06;3.74912;3.46419;-0.00176143;-0.000560656;0.000134516;-0.000545772;-0.00177632;1.00063;0.00502577;-0.00676229;0.996453;0.0243037;0.980133;1;2;1
1066.53;1112.06;3.64305;3.65637;7.6666e-05;-0.000855825;0.000269861;0.000149132;-0.00092829;1.00169;0.00715529;-0.00924151;0.998248;0.031221;0.966118;1;3;1
1089.53;1112.06;3.75101;3.85285;0.00356495;-0.00264763;0.00141247;0.00387101;-0.00295368;1.00586;0.00996106;-0.00768142;0.997651;0.0253393;0.981708;1;3;1
1112.53;1112.06;3.80506;4.04998;0.00317068;-0.00159685;0.000660564;0.00326051;-0.00168668;0.998648;0.0131732;-0.0058699;1.00086;0.025034;0.983885;1;3;1
1135.53;1112.06;3.89517;4.21917;0.000674933;-0.00251613;0.00113101;0.00103514;-0.00287634;1.00334;0.00926325;-0.0132787;0.996333;0.0235469;0.985564;1;2;1
1158.53;1112.06;3.8345;4.43359;-0.000388307;-0.00180157;0.00188612;0.000919201;-0.00310908;1.00327;0.01159;-0.0109107;0.996669;0.0285501;0.960496;1;3;1
1181.53;1112.06;3.87555;4.62162;0.00255016;-0.00194562;0.000620177;0.00263414;-0.0020296;1.00023;0.00687821;-0.00586299;1.00045;0.0256996;0.981084;1;2;1
1204.53;1112.06;3.95;4.8243;0.00384623;-0.00231887;0.000872482;0.00396733;-0.00243996;1.00465;0.0100901;-0.0128768;1.00102;0.0257208;0.979375;1;2;1
1227.53;1112.06;4.05002;5.06352;0.00259549;-0.00023239;0.00199128;0.00362377;-0.00126067;1.0051;0.00501943;-0.0119435;0.995901;0.0271467;0.986696;1;3;1
1250.53;1112.06;4.06589;5.38004;0.00307751;-0.00149141;0.00157667;0.00356878;-0.00198267;0.998837;0.00628996;-0.00634909;1.00439;0.026498;0.984239;1;3;1
1273.53;1112.06;4.18884;5.54622;0.00538596;-0.00201442;0.000417249;0.00540942;-0.00203787;1.00986;0.00544124;-0.00828176;0.997414;0.0266532;0.984104;1;3;1
31.5305;1089.06;5.4249;-4.45253;-0.00376397;-0.00491427;-0.0021878;-0.00207698;-0.00660126;0.9981;0.00295031;-0.00659793;0.994146;0.0229876;0.99158;1;3;1
54.5305;1089.06;5.33795;-4.35219;-0.0041346;-0.00309321;-0.00119795;-0.00230769;-0.00492013;1.00189;0.00335046;-0.00369171;0.99568;0.02332;0.993603;1;3;1
77.5306;1089.06;5.23361;-4.19766;-0.00405472;-0.00470731;0.000183956;-0.00400644;-0.00475559;0.994717;0.0081643;-0.0115404;0.995748;0.0234564;0.989588;1;3;1
100.531;1089.06;5.14983;-4.01748;-0.00465852;-0.0052155;-0.00225229;-0.00266757;-0.00720645;1.00017;0.0114546;-0.00351713;0.9939;0.0246823;0.992423;1;3;1
123.531;1089.06;5.01834;-3.99006;-0.00368685;-0.00464407;-0.000246383;-0.00362716;-0.00470377;0.993782;0.0125924;-0.00740302;0.994088;0.0255986;0.993361;1;3;1
146.531;1089.06;4.97896;-3.72125;-0.00290113;-0.00584635;0.00102577;-0.00257909;-0.0061684;0.99859;0.0169744;-0.0106783;0.995226;0.0223806;0.983617;1;3;1
169.531;1089.06;4.88247;-3.53851;-0.00472711;-0.00407864;-0.00103482;-0.00331845;-0.00548731;0.993866;0.00635185;-0.00555732;0.997698;0.0255117;0.985043;1;3;1
192.531;1089.06;4.75974;-3.38154;-0.00508682;-0.00411183;-0.00128991;-0.00322037;-0.00597828;0.997722;0.00509644;-0.00408245;0.995487;0.0182698;0.9912;1;3;1
215.531;1089.06;4.64708;-3.26832;-0.00380291;-0.00340239;-0.000252967;-0.00328001;-0.00392529;0.997793;0.00693208;-0.007813;0.996274;0.0184539;0.99086;1;3;1
238.531;1089.06;4.58339;-3.06652;-0.00280536;-0.00339245;-9.96502e-05;-0.00278891;-0.0034089;0.995146;0.00391305;-0.00836495;0.997807;0.0185449;0.990509;1;2;1
261.531;1089.06;4.51597;-2.85276;-0.00384621;-0.00326988;-0.000940481;-0.0025744;-0.00454168;0.999553;0.0064566;-0.00927475;0.999373;0.0214036;0.99063;1;3;1
284.531;1089.06;4.4049;-2.73264;-0.00311983;-0.00250083;-0.00110468;-0.00166311;-0.00395755;0.998886;0.00210547;-0.009412;0.9985;0.0212482;0.991718;1;3;1
307.531;1089.06;4.3714;-2.57545;-0.00160983;-0.00399209;0.00121962;-0.00109618;-0.00450574;0.993503;0.00159348;-0.00278607;0.997512;0.0242989;0.984655;1;3;1
330.531;1089.06;4.32923;-2.35446;-0.0029345;-0.00443966;0.000215317;-0.0029043;-0.00446986;1.00144;0.00336177;-0.00802882;0.99369;0.0194352;0.991961;1;3;1
353.531;1089.06;4.23475;-2.20947;-0.00480269;-0.00378537;-0.00074061;-0.00339556;-0.00519249;0.995604;0.00893847;-0.0107986;0.997964;0.0200524;0.986729;1;3;1
376.531;1089.06;4.10684;-2.06233;-0.0018616;-0.00464114;-0.000734594;-0.0016794;-0.00482333;0.992223;0.00792224;-0.00277998;0.997113;0.0212876;0.989815;1;3;1
399.531;1089.06;4.14781;-1.87324;-0.00125889;-0.0031925;0.000583094;-0.00109667;-0.00335473;1.00334;0.00765924;-0.00930471;1.00266;0.0210239;0.988606;1;3;1
422.531;1089.06;4.0472;-1.66692;-0.00411683;-0.00385433;0.0010741;-0.00290349;-0.00506767;0.993954;0.00489231;-0.0111835;1.00249;0.0208786;0.988035;1;3;1
445.531;1089.06;3.95615;-1.45713;-0.00320457;-0.00438533;-0.000347281;-0.00311;-0.00447989;1.00111;0.00611097;-0.00213377;0.996724;0.0195236;0.991446;1;3;1
468.531;1089.06;3.89801;-1.29108;-0.000560437;-0.00233928;-0.0005843;-0.000385679;-0.00251403;0.995113;0.0136142;-0.008159;0.99665;0.0195719;0.991253;1;3;1
491.531;1089.06;3.92936;-1.1529;-0.000336086;-0.00349843;-0.000550407;-0.000243026;-0.00359149;0.999115;0.00801087;-0.00946371;0.999171;0.0227891;0.988094;1;3;1
514.531;1089.06;3.88125;-0.945412;-0.00199952;-0.003476;0.00160721;-0.000969105;-0.00450642;0.998852;0.00543297;-0.0113385;0.996509;0.0201808;0.989081;1;3;1
537.531;1089.06;3.83564;-0.764358;0.000779568;-0.00277499;0.000495393;0.000847318;-0.00284274;1.00262;0.00283887;-0.0025402;0.998155;0.0239811;0.983615;1;3;1
560.531;1089.06;3.9157;-0.587257;-0.000239161;-0.000136127;-0.000437911;0.000253286;-0.000628575;0.99701;0.00455925;-0.0103503;0.999918;0.0216096;0.982882;1;3;1
583.531;1089.06;3.82318;-0.398104;-0.00458106;-0.00250211;0.000150587;-0.00249126;-0.00459191;0.996304;0.00465271;-0.00734408;0.997897;0.0162688;0.994525;1;3;1
606.531;1089.06;3.70247;-0.157219;-0.0042839;-0.00185364;0.0012483;-0.00132671;-0.00481084;0.998656;0.0104358;-0.0123845;0.999199;0.0206144;0.988789;1;3;1
629.531;1089.06;3.62378;0.0214147;-0.00134706;-0.00273221;0.000311472;-0.00128024;-0.00279903;0.997833;0.0150334;-0.00655133;0.998665;0.0226183;0.983925;1;3;1
652.531;1089.06;3.63892;0.218623;-0.000582391;-0.00140049;0.000307961;-0.000479423;-0.00150346;0.997542;0.00820597;-0.0135404;0.999015;0.021825;0.98973;1;3;1
675.531;1089.06;3.59523;0.422158;-0.000390788;-0.00546416;-0.000123056;-0.000387805;-0.00546714;0.997916;0.00612557;-0.00544599;0.995471;0.0217459;0.986348;1;3;1
698.531;1089.06;3.61969;0.557623;0.00162228;-0.00320578;0.000413026;0.00165736;-0.00324086;0.995987;0.00902903;-0.00397023;0.999554;0.0232416;0.982758;1;4;1
721.531;1089.06;3.66847;0.772141;-8.46715e-05;-0.00310862;0.000587141;2.53285e-05;-0.00321862;1.00525;0.00990609;-0.0142414;0.996961;0.0234796;0.985084;1;3;1
744.531;1089.06;3.61406;0.957617;-0.000777276;-0.00382522;0.000712115;-0.000619107;-0.00398339;1.00216;0.0018816;-0.00892925;0.99787;0.0252951;0.977365;1;3;1
767.531;1089.06;3.63109;1.15653;-0.000268447;-0.00293742;0.000840303;-2.59227e-05;-0.00317994;0.992785;0.00419852;-0.00184056;0.999446;0.025101;0.975212;1;3;1
790.531;1089.06;3.59963;1.39498;-0.00031976;-0.000197269;0.00103993;0.000783213;-0.00130024;1.00859;0.00511633;-0.0133919;1.00263;0.0218387;0.981136;1;3;1
813.531;1089.06;3.61493;1.52218;0.000584171;-0.000807317;0.000930766;0.00105049;-0.00127363;0.999277;0.00754568;-0.00717909;0.996481;0.0246491;0.979366;1;3;1
836.531;1089.06;3.62467;1.80478;0.00113119;-0.00130234;0.000793028;0.0013668;-0.00153796;1.00446;0.00450401;-0.00904847;1.00158;0.0252182;0.983156;1;3;1
859.531;1089.06;3.66475;1.9702;-0.0015726;-0.00175579;0.001835;0.000173086;-0.00350147;0.997994;-0.00137708;-0.0118132;0.999304;0.0262024;0.97891;1;3;1
882.531;1089.06;3.55066;2.19021;0.00125105;-0.0017889;0.00129862;0.00173026;-0.0022681;1.00369;0.0036252;-0.00582867;1.0011;0.0294539;0.966576;1;3;1
905.531;1089.06;3.7205;2.3737;0.00303209;-0.00236964;0.001221;0.00329526;-0.00263282;1.00402;0.00578062;-0.0133878;1.00124;0.0259605;0.984494;1;3;1
928.531;1089.06;3.68871;2.52445;0.00100897;-0.00353164;8.9591e-05;0.00101074;-0.00353341;0.997006;0.00424186;-0.00447993;0.996834;0.0229593;0.98385;1;2;1
951.531;1089.06;3.76579;2.69095;0.00148119;-0.000486447;0.000737112;0.00172669;-0.000731951;1.00169;0.0101452;-0.00613348;1.00034;0.0198741;0.99032;1;2;1
974.531;1089.06;3.75573;2.83742;0.00114744;-0.000731245;0.00132647;0.00183348;-0.00141729;0.998398;0.00226478;-0.0100857;1.00019;0.0218618;0.986325;1;3;1
997.531;1089.06;3.81667;3.10698;0.00231163;-0.00230835;0.00213005;0.0031438;-0.00314052;1.00366;0.00876126;-0.00828478;0.996621;0.0226792;0.983068;1;3;1
1020.53;1089.06;3.85934;3.32737;0.00068525;-0.003354;0.00134802;0.0010938;-0.00376255;1.00193;0.00553865;-0.00800863;0.998137;0.0248295;0.98051;1;2;1
1043.53;1089.06;3.84677;3.46665;0.000620155;-0.00209895;-0.000278001;0.000648286;-0.00212708;0.996332;0.00940594;-0.00694895;1.00013;0.0259891;0.988679;1;2;1
1066.53;1089.06;3.88693;3.62055;0.00199818;-0.00104739;0.000386708;0.00204652;-0.00109572;1.00838;0.00732512;-0.00852504;0.997879;0.0283718;0.969739;1;2;1
1089.53;1089.06;3.93678;3.87587;0.00238755;-0.00281024;0.00168019;0.00288338;-0.00330607;0.999663;0.00974193;0.000139773;0.99793;0.0242232;0.977851;1;3;1
1112.53;1089.06;3.99419;4.09419;0.000125964;-0.0035553;0.000545282;0.000205035;-0.00363437;1.00688;0.00476718;-0.00925535;0.992333;0.0233666;0.980578;1;3;1
1135.53;1089.06;3.9408;4.27944;-0.000434332;-0.00246321;0.00201136;0.000803924;-0.00370147;0.997294;0.00367383;-0.0137158;0.99597;0.0289708;0.975127;1;3;1
1158.53;1089.06;3.97251;4.48886;0.00300245;-0.00174925;0.00141519;0.003392;-0.0021388;0.99582;0.0066135;-0.0119355;1.00047;0.0268629;0.975734;1;3;1
1181.53;1089.06;4.07646;4.73508;0.00454945;-0.00168811;0.000918063;0.00468176;-0.00182043;1.01191;0.00535949;-0.0074288;1.00055;0.0274762;0.971633;1;3;1
1204.53;1089.06;4.17954;4.89379;0.00328193;-0.00235353;7.17164e-05;0.00328284;-0.00235444;1.00017;0.00737864;-0.00205166;0.995138;0.0289112;0.969158;1;2;1
1227.53;1089.06;4.22568;5.10787;0.00306962;-0.0019196;0.000673979;0.00315906;-0.00200905;1.00494;0.0105792;-0.0152766;1.00287;0.0285209;0.976358;1;2;1
1250.53;1089.06;4.31853;5.32284;0.00147469;-0.000341102;0.000695217;0.0017103;-0.00057671;0.996504;0.00484404;-0.00306402;0.996663;0.0257247;0.982563;1;2;1
1273.53;1089.06;4.29136;5.54834;-0.00113268;-0.00222097;0.00140363;-0.00017141;-0.00318224;1.00136;0.00735619;-0.0136217;0.998656;0.031601;0.976388;1;3;1
31.5305;1066.06;5.67588;-4.36225;-0.00713507;-0.00408267;-0.0042779;-0.00106687;-0.0101509;1.00093;0.013931;-0.00919674;0.996734;0.0250447;0.987725;1;3;1
54.5305;1066.06;5.51114;-4.31723;-0.00708012;-0.00270855;-0.000767477;-0.00257773;-0.00721094;0.979068;0.0121314;-0.00976196;1.00178;0.0258349;0.985124;1;3;1
77.5306;1066.06;5.34804;-4.06146;-0.0040149;-0.00524558;0.00066909;-0.00372122;-0.00553926;0.999292;0.0119866;-0.00941715;0.996407;0.0228681;0.989935;1;3;1
100.531;1066.06;5.32367;-3.84725;-0.00339142;-0.00462652;-0.000511099;-0.00320736;-0.00481058;0.996545;0.00981952;-0.0054466;0.995984;0.0207194;0.988924;1;3;1
123.531;1066.06;5.19059;-3.73278;-0.00401384;-0.00674973;-0.000864461;-0.00376359;-0.00699998;0.999007;0.00318223;-0.00730188;0.992738;0.0230858;0.98533;1;3;1
146.531;1066.06;5.13778;-3.56352;-0.00402231;-0.00482329;-0.000169348;-0.00398797;-0.00485762;0.997405;0.00167509;-0.00177139;0.999609;0.020667;0.991982;1;3;1
169.531;1066.06;5.0042;-3.43047;-0.00419929;-0.00431047;-0.000371237;-0.00387951;-0.00463026;0.990277;0.012111;-0.00296449;0.997688;0.018586;0.993825;1;2;1
192.531;1066.06;4.9434;-3.29131;-0.003171;-0.00419055;-0.0017234;-0.00188356;-0.00547799;1.00097;0.00656198;-0.00747148;0.999592;0.019611;0.991831;1;3;1
215.531;1066.06;4.85738;-3.17311;-0.00316818;-0.00410241;-0.00135593;-0.00220116;-0.00506943;0.996089;0.01011;-0.00607306;0.995482;0.0171044;0.993624;1;2;1
238.531;1066.06;4.79645;-2.99071;-0.00228632;-0.00324893;0.000526911;-0.00205398;-0.00348127;0.993494;0.0109858;-0.00751436;0.998327;0.0177605;0.993514;1;2;1
261.531;1066.06;4.75041;-2.78137;-0.00368672;-0.00308563;-0.00026231;-0.00298726;-0.00378509;0.998271;0.0077447;-0.00781376;0.998302;0.0192497;0.991734;1;3;1
284.531;1066.06;4.62537;-2.66242;-0.00527374;-0.00385675;-0.00102653;-0.00331795;-0.00581254;0.996378;0.0117244;-0.00305349;0.996001;0.0170177;0.993564;1;3;1
307.531;1066.06;4.5061;-2.46727;-0.00322958;-0.00445206;-4.34977e-05;-0.00322804;-0.00445361;0.997264;0.011573;-0.0100802;0.99566;0.0190182;0.991828;1;3;1
330.531;1066.06;4.47479;-2.25875;-0.00209186;-0.0026613;2.58567e-05;-0.00209069;-0.00266247;0.995291;0.0104313;-0.00768042;1.00145;0.0183585;0.993193;1;3;1
353.531;1066.06;4.40842;-2.11469;-0.00273745;-0.0014123;-0.00031076;-0.00134305;-0.00280671;1.00076;0.00980109;-0.0100452;0.997663;0.0218925;0.990479;1;3;1
376.531;1066.06;4.34752;-1.93127;-0.00250851;-0.00281739;-0.00125936;-0.00139416;-0.00393174;0.993845;0.0104935;-0.00153996;0.997994;0.019878;0.990861;1;3;1
399.531;1066.06;4.29176;-1.79436;-0.00320008;-0.00450901;-1.06272e-05;-0.00319999;-0.00450909;0.99814;0.000444898;-0.00618499;0.99418;0.0245541;0.985094;1;3;1
422.531;1066.06;4.19888;-1.59833;-0.00315805;-0.00273266;0.000467309;-0.00243192;-0.00345879;0.992769;0.00942855;-0.010359;0.99003;0.0211109;0.985938;1;3;1
445.531;1066.06;4.14457;-1.40058;-0.00218258;-0.00268746;-0.000735888;-0.00165704;-0.003213;0.999198;0.00493534;-0.00767143;0.994978;0.0200149;0.99127;1;2;1
468.531;1066.06;4.09722;-1.27391;-4.75689e-06;-0.00267278;-0.000321719;3.34888e-05;-0.00271103;0.994864;0.00985428;-0.0056809;0.994966;0.0250037;0.980983;1;3;1
491.531;1066.06;4.14292;-1.03683;-0.00240589;-0.00300388;0.00136571;-0.00130683;-0.00410294;0.993564;0.0123663;-0.00755257;0.993655;0.025001;0.977118;1;2;1
514.531;1066.06;3.98373;-0.777104;-0.00334766;-0.00378556;0.000816579;-0.00272119;-0.00441203;1.00159;0.00469849;-0.00934209;0.998242;0.020717;0.984621;1;3;1
537.531;1066.06;3.98742;-0.699202;0.00110209;-0.00301648;-0.00133377;0.00149629;-0.00341068;0.997383;0.0108778;-0.00292204;0.999417;0.0194554;0.987572;1;2;1
560.531;1066.06;4.03399;-0.584854;-7.89546e-05;-0.00444331;0.00132991;0.000294364;-0.00481663;1.00148;0.00529241;-0.00941684;0.993425;0.0220429;0.984842;1;2;1
583.531;1066.06;3.98239;-0.340117;-0.0034181;-0.00399916;0.00212045;-0.00156836;-0.00584889;0.99643;0.00868126;-0.00614147;0.994454;0.0204986;0.991435;1;2;1
606.531;1066.06;3.87411;-0.117562;-0.00243831;-0.00196967;0.00111742;-0.00106227;-0.00334571;0.998402;0.00497036;-0.0114687;0.999511;0.0205307;0.989184;1;3;1
629.531;1066.06;3.86825;0.0707764;-0.000851876;-0.00224659;-0.000274885;-0.000799654;-0.00229881;1.00032;0.00634876;-0.00686019;0.998245;0.0200119;0.987399;1;2;1
652.531;1066.06;3.83348;0.244925;4.352e-05;-0.00288747;0.0013695;0.000583817;-0.00342777;1.00907;0.0141838;-0.0104926;0.9966;0.0229409;0.986864;1;3;1
675.531;1066.06;3.86795;0.530747;-0.0004116;-0.00239099;0.000369632;-0.000344828;-0.00245777;0.993587;0.0115199;-0.0105449;0.997729;0.0233313;0.987253;1;3;1
698.531;1066.06;3.81281;0.643628;-0.000548602;-0.00309219;-3.6237e-05;-0.000548086;-0.00309271;1.00823;0.00714786;-0.00166501;0.997968;0.0199446;0.98775;1;3;1
721.531;1066.06;3.84152;0.861946;-0.00149515;-0.00188205;0.00149113;-0.000184977;-0.00319222;0.99443;0.00366328;-0.00943915;1.00159;0.0247337;0.98239;1;3;1
744.531;1066.06;3.74196;1.07467;-0.000239821;-0.0017857;5.26441e-05;-0.00023803;-0.00178749;0.998146;0.0106446;-0.0149147;0.9998;0.025094;0.983235;1;3;1
767.531;1066.06;3.82897;1.23478;0.000340216;-0.00151698;-0.000393859;0.00042029;-0.00159705;0.999829;0.00579373;0.00322936;1.00039;0.0259284;0.975127;1;3;1
790.531;1066.06;3.75685;1.33838;-0.000485013;-0.000240594;-3.16963e-05;-0.00023655;-0.000489056;1.00017;0.00623145;-0.0150592;0.994523;0.0249021;0.972042;1;3;1
813.531;1066.06;3.80538;1.57693;0.000237143;-0.00288808;0.0015896;0.000903561;-0.0035545;0.999797;0.00617788;-0.00808133;0.997249;0.0244884;0.978615;1;2;1
836.531;1066.06;3.7654;1.80453;-0.00156584;-0.000662061;0.00169602;0.000641236;-0.00286914;0.998409;0.00933818;-0.0105078;0.999375;0.022743;0.986739;1;3;1
859.531;1066.06;3.73143;1.99142;0.000847361;-0.00113661;0.000370751;0.000914381;-0.00120363;0.998365;0.0115589;-0.00575283;1.00086;0.0253033;0.973278;1;3;1
882.531;1066.06;3.80288;2.17393;0.00209898;-0.000643218;-0.000470653;0.00217751;-0.000721749;1.00825;0.0121043;-0.00971176;0.999915;0.0257698;0.966153;1;3;1
905.531;1066.06;3.82634;2.36847;0.000301124;-0.00105518;0.00177255;0.00152082;-0.00227488;0.999478;0.00146907;-0.00892476;0.999619;0.025754;0.974895;1;2;1
928.531;1066.06;3.81462;2.61474;0.000811592;-0.00316123;-0.000223058;0.000824076;-0.00317371;0.993511;0.00871477;-0.00897038;0.998962;0.025404;0.978799;1;3;1
951.531;1066.06;3.86255;2.68736;0.000255289;-0.00292611;0.000324582;0.000288067;-0.00295888;1.00234;0.00139508;-0.00275426;0.996347;0.0244458;0.981949;1;2;1
974.531;1066.06;3.82556;2.88494;0.00175225;-0.00394226;0.00122974;0.00200646;-0.00419647;1.00404;0.0142903;-0.0134843;0.990413;0.0241016;0.981642;1;3;1
997.531;1066.06;3.94064;3.16223;0.00299764;-0.00352444;0.00322617;0.00432381;-0.00485061;1.0007;0.00553253;-0.0101089;0.996843;0.0218078;0.987498;1;2;1
1020.53;1066.06;3.95996;3.43602;0.00278997;-0.0020674;0.00241683;0.00378759;-0.00306502;1.00736;0.000236002;-0.00701388;0.99523;0.0235057;0.976419;1;3;1
1043.53;1066.06;4.06706;3.56195;0.00122574;-0.00313798;8.46265e-06;0.00122576;-0.003138;0.997729;0.00397728;-0.00428138;0.997001;0.0227517;0.986703;1;2;1
1066.53;1066.06;4.01552;3.70608;6.18636e-05;-0.00327794;0.00135056;0.000539654;-0.00375573;1.00108;0.0100342;-0.00926781;0.99672;0.0239169;0.98093;1;2;1
1089.53;1066.06;4.06798;3.9834;0.00314156;-0.00265762;0.00187942;0.00369738;-0.00321344;0.998678;0.00308116;-0.0144262;0.999328;0.0271367;0.985935;1;3;1
1112.53;1066.06;4.15699;4.21517;0.000810581;-0.00226339;0.00161473;0.00150287;-0.00295568;1.00027;0.0039635;-0.00499182;0.999834;0.0245327;0.980824;1;3;1
1135.53;1066.06;4.10392;4.33309;4.70609e-05;-0.00114551;-0.000416321;0.000178017;-0.00127646;0.998243;0.00376557;-0.00934521;0.998878;0.023493;0.981163;1;2;1
1158.53;1066.06;4.15818;4.51526;0.00198946;-0.00458987;-0.000739578;0.00207158;-0.00467198;1.00654;0.00851261;-0.00893697;0.995895;0.0263911;0.981694;1;3;1
1181.53;1066.06;4.19388;4.70045;0.00343723;-0.00121887;0.000344979;0.00346265;-0.00124429;0.997696;0.00146508;-0.00680003;0.998573;0.0272689;0.971359;1;3;1
1204.53;1066.06;4.31412;4.93414;0.0048697;-0.00264081;0.00180184;0.0052796;-0.00305071;1.0093;0.00924208;-0.00893065;0.999389;0.0264614;0.973312;1;3;1
1227.53;1066.06;4.41513;5.15336;0.0028281;-0.00212696;0.00122094;0.00311261;-0.00241147;1.00185;0.0118755;-0.00991891;0.997634;0.027203;0.968484;1;2;1
1250.53;1066.06;4.4417;5.39727;0.00212418;-0.00147924;0.0023561;0.00328851;-0.00264356;0.997797;0.0089405;-0.0128025;0.998548;0.0321432;0.970448;1;2;1
1273.53;1066.06;4.51007;5.64963;0.0030368;-0.00320076;0.00127454;0.00328718;-0.00345114;1.01544;0.010731;-0.0093341;0.995953;0.0254057;0.98626;1;3;1
31.5305;1043.06;5.9116;-4.26176;-0.00867526;-0.00426278;-0.00309552;-0.00266774;-0.0102703;0.985203;0.00737192;-0.00527553;0.996532;0.024122;0.98585;1;3;1
54.5305;1043.06;5.71117;-4.2259;-0.00583852;-0.00512681;-0.00172641;-0.00371996;-0.00724537;0.996873;0.0142717;-0.00580018;0.99379;0.0279771;0.984522;1;3;1
77.5306;1043.06;5.64121;-3.95391;-0.0039905;-0.00389726;-0.000266725;-0.00367311;-0.00421465;0.998452;0.014584;-0.00781576;0.992681;0.0205052;0.989155;1;3;1
100.531;1043.06;5.52529;-3.80263;-0.00561973;-0.00244118;-0.00105883;-0.00212076;-0.00594014;0.994041;0.00646515;-0.00403525;0.995488;0.019044;0.989061;1;3;1
123.531;1043.06;5.38113;-3.67708;-0.0049356;-0.00294796;-0.00142677;-0.002203;-0.00568056;0.993463;0.0129955;-0.00695499;0.99978;0.0184471;0.991842;1;3;1
146.531;1043.06;5.29667;-3.49774;-0.00414213;-0.00280973;-0.000524917;-0.00262778;-0.00432408;0.993552;0.0153882;-0.00987205;0.997104;0.0204652;0.992963;1;3;1
169.531;1043.06;5.18895;-3.33877;-0.00259944;-0.00432123;-0.00159354;-0.00164912;-0.00527155;0.998374;0.00517732;-0.00719606;0.989103;0.0195616;0.992582;1;3;1
192.531;1043.06;5.17588;-3.18648;-0.00251107;-0.00346222;-0.00153698;-0.00137777;-0.00459552;0.996816;0.0119215;-0.00333056;0.991798;0.0174319;0.993938;1;3;1
215.531;1043.06;5.07255;-3.07724;-0.00539678;-0.00421659;-0.00177131;-0.00293967;-0.00667371;0.992505;0.00757302;-0.00229636;0.996546;0.0181315;0.992237;1;3;1
238.531;1043.06;4.92616;-2.91555;-0.00439011;-0.00285069;-0.000189796;-0.00282763;-0.00441317;0.989655;0.00521504;-0.00866271;0.995638;0.0203756;0.987972;1;3;1
261.531;1043.06;4.86868;-2.70924;-0.00239553;-0.0030544;-8.40296e-05;-0.00238498;-0.00306495;1.00274;0.00620108;-0.0115862;0.997426;0.0214485;0.988645;1;3;1
284.531;1043.06;4.8144;-2.55306;-0.00192919;-0.00341955;-0.00121681;-0.00124752;-0.00410122;0.992847;0.00880887;-0.00355621;0.997078;0.019443;0.99078;1;3;1
307.531;1043.06;4.77858;-2.36838;-0.00290962;-0.00308703;-0.00152149;-0.00147425;-0.0045224;0.990905;0.0119672;-0.00594613;0.993495;0.0181004;0.994448;1;3;1
330.531;1043.06;4.67923;-2.23054;-0.00405042;-0.00300737;-0.00191214;-0.00154691;-0.00551088;1.00094;0.0130851;-0.00674112;0.995036;0.020504;0.990381;1;3;1
353.531;1043.06;4.59133;-2.14308;-0.00293084;-0.00298171;-0.00101831;-0.00193764;-0.0039749;0.997163;0.00835204;-0.00600719;1.00323;0.0224532;0.987439;1;4;1
376.531;1043.06;4.54323;-1.93047;-0.00233514;-0.00227984;0.00129072;-0.00101647;-0.00359851;0.995053;0.0104328;-0.00838124;0.998417;0.0208514;0.99134;1;3;1
399.531;1043.06;4.48129;-1.66414;-0.00311561;-0.00435419;0.00078452;-0.0027354;-0.00473439;0.995033;0.0135011;-0.0111963;0.995906;0.0212168;0.986108;1;3;1
422.531;1043.06;4.39802;-1.53971;-0.00286191;-0.00423536;-0.00072903;-0.0025471;-0.00455017;0.998441;0.0130923;-0.00493967;1.00062;0.0229127;0.987027;1;3;1
445.531;1043.06;4.34825;-1.33167;-0.00230429;-0.00289549;-0.000347195;-0.0021439;-0.00305587;0.998702;0.0107533;-0.00769998;0.997515;0.0227181;0.982338;1;3;1
468.531;1043.06;4.29038;-1.16629;-0.00102603;-0.00316429;-0.000537043;-0.000898727;-0.0032916;0.996592;0.00498102;-0.00672816;0.999923;0.0207343;0.983991;1;3;1
491.531;1043.06;4.29992;-1.01302;-0.00315408;-0.00322679;0.00137196;-0.00181799;-0.00456287;0.994303;0.00485233;-0.00837926;0.996683;0.0263984;0.979225;1;3;1
514.531;1043.06;4.14335;-0.770195;-0.00322532;-0.0021484;0.000161396;-0.00212473;-0.00324899;0.997242;0.00825658;-0.0104749;0.994;0.0200537;0.988726;1;3;1
537.531;1043.06;4.14967;-0.624315;0.000198767;-0.00320482;0.000789867;0.000373138;-0.00337919;1.00089;0.00182625;-0.0100717;0.994916;0.0221685;0.988608;1;3;1
560.531;1043.06;4.15086;-0.381805;-0.00115965;-0.00452369;0.0014829;-0.00059931;-0.00508403;1.0013;0.00399284;-0.00970329;0.995287;0.0204219;0.984718;1;3;1
583.531;1043.06;4.09445;-0.21297;-0.00302285;-0.00260476;9.12222e-05;-0.00258572;-0.00304189;0.995837;0.00595106;-0.00112847;0.998225;0.0207056;0.985636;1;3;1
606.531;1043.06;4.0105;-0.0654918;-0.00178388;-0.00298901;-0.000523947;-0.00158795;-0.00318495;0.999932;0.00827995;-0.0133839;0.995007;0.0214659;0.987018;1;3;1
629.531;1043.06;4.01107;0.126508;-0.000804877;-0.00397642;0.000586319;-0.000699956;-0.00408134;0.99706;0.0113074;-0.0070815;0.994739;0.021617;0.985702;1;3;1
652.531;1043.06;3.97156;0.352845;-0.00108936;-0.00397637;0.000980024;-0.000788116;-0.00427761;0.996261;0.00625684;-0.00964721;0.997031;0.021207;0.987459;1;3;1
675.531;1043.06;3.95913;0.533718;-0.000366363;-0.00175473;0.00019635;-0.000339129;-0.00178197;1.00686;0.00838142;-0.00452213;0.998886;0.0221519;0.985698;1;3;1
698.531;1043.06;3.95338;0.701298;8.66393e-05;-0.0026872;-4.35023e-05;8.73213e-05;-0.00268788;1.00062;0.0100616;-0.0101652;0.99516;0.0198154;0.988063;1;3;1
721.531;1043.06;3.96196;0.859735;0.000638082;-0.000650197;0.000966027;0.00115503;-0.00116715;0.998566;0.00530667;-0.00737628;1.00043;0.0262017;0.979193;1;2;1
744.531;1043.06;3.98147;1.0413;-0.000650956;-0.00149443;-0.000428113;-0.000471741;-0.00167364;0.992849;0.0088232;-0.00952182;0.999465;0.0267733;0.974588;1;2;1
767.531;1043.06;3.93053;1.22734;-0.000765501;-0.00130589;0.00115574;0.000151203;-0.0022226;1.00467;0.0093945;-0.00752704;0.996427;0.0238662;0.979018;1;3;1
790.531;1043.06;3.94479;1.40734;0.000106176;-0.00371517;0.000788347;0.000262424;-0.00387142;1.00038;0.0102674;-0.0038068;0.999899;0.0262049;0.97217;1;3;1
813.531;1043.06;3.93342;1.65633;-0.00129328;-0.00415882;0.000898848;-0.00103467;-0.00441742;0.995456;0.0112929;-0.0131698;0.995459;0.0243558;0.985461;1;3;1
836.531;1043.06;3.88326;1.83597;0.00146609;-0.00248471;0.000720733;0.00159347;-0.00261209;1.011;0.00252707;-0.00498738;0.995071;0.0273349;0.975131;1;3;1
859.531;1043.06;3.99934;2.02374;0.00192013;-0.0014196;-4.79464e-05;0.00192082;-0.00142029;0.998588;0.00955818;-0.0129834;0.998332;0.0211779;0.986885;1;3;1
882.531;1043.06;3.96989;2.22171;1.87249e-06;-0.00129521;0.00058973;0.000229908;-0.00152325;1.00154;0.00676159;-0.00525826;0.997334;0.0226388;0.978119;1;3;1
905.531;1043.06;3.99769;2.4231;0.00128657;-0.00268385;0.00136201;0.00170887;-0.00310616;1.00539;0.013389;-0.010457;0.99343;0.0264838;0.984112;1;3;1
928.531;1043.06;4.02683;2.67134;0.000203367;-0.00103525;0.000195821;0.000233588;-0.00106548;0.998599;0.00633995;-0.00506884;0.999031;0.0250542;0.979588;1;3;1
951.531;1043.06;4.00528;2.82638;0.00194657;-0.00477053;0.000420569;0.0019728;-0.00479676;0.999106;0.00904221;-0.0109252;0.994809;0.0234725;0.981223;1;4;1
974.531;1043.06;4.11497;3.02053;0.00141638;-0.00380108;0.00073906;0.00151905;-0.00390375;1.00358;0.00468049;-0.00793934;0.99759;0.0235187;0.977851;1;3;1
997.531;1043.06;4.06825;3.27009;-0.00169011;-0.00250763;0.00129674;-0.000739229;-0.00345851;0.996368;0.00446301;-0.00793184;0.996233;0.0265536;0.969618;1;2;1
1020.53;1043.06;4.03539;3.42291;0.00104171;-0.000637222;0.000436943;0.00114862;-0.000744129;1.00233;0.0082548;-0.0101569;1.0001;0.0235648;0.98452;1;3;1
1043.53;1043.06;4.11488;3.61201;0.00323691;-0.00224335;0.00202196;0.00390216;-0.0029086;0.999204;0.00147517;-0.00549345;0.999955;0.0252216;0.975503;1;2;1
1066.53;1043.06;4.18273;3.77254;0.00342574;-0.00181773;0.000179499;0.00343188;-0.00182386;1.00699;0.00552409;-0.00619241;0.997975;0.023369;0.976964;1;2;1
1089.53;1043.06;4.27056;3.99949;0.000296158;-0.0016129;0.00097421;0.000705524;-0.00202227;0.99618;0.00756545;-0.0114261;0.996688;0.0247034;0.984751;1;2;1
1112.53;1043.06;4.19437;4.19886;0.000206317;-0.00118182;0.00151414;0.00117789;-0.00215339;1.00132;0.000310912;-0.00549767;1.00012;0.0254302;0.982503;1;3;1
1135.53;1043.06;4.27884;4.33341;0.00465705;-0.00170013;0.00147596;0.00498301;-0.00202609;1.00535;0.00806577;-0.0188807;0.999841;0.0249036;0.984164;1;3;1
1158.53;1043.06;4.40536;4.70253;0.00403438;-0.0038909;0.00118181;0.00420686;-0.00406337;1.01179;0.00676279;-0.00763698;0.994089;0.02482;0.970128;1;3;1
1181.53;1043.06;4.46177;4.7928;0.0013012;-0.00408048;-0.000903312;0.00144877;-0.00422805;0.988317;0.0206935;-0.00567748;0.991663;0.0270085;0.971411;1;2;1
1204.53;1043.06;4.4641;5.01631;0.00249456;-0.00339083;0.000816481;0.00260573;-0.003502;1.00578;0.00311432;-0.00662459;0.994192;0.0254226;0.969202;1;3;1
1227.53;1043.06;4.57451;5.20714;0.00292049;-0.00218433;0.00182408;0.00350529;-0.00276912;1.00891;-0.00279388;-0.00972216;0.991981;0.0299025;0.964944;1;2;1
1250.53;1043.06;4.59672;5.39178;0.00226639;-0.00336244;0.00221268;0.00303205;-0.0041281;0.994431;0.00864941;-0.0120068;0.992103;0.0349174;0.96823;1;2;1
1273.53;1043.06;4.67604;5.69742;0.00354287;-0.00102969;0.00360271;0.00552351;-0.00301033;0.996093;0.00278537;-0.0121256;1.00177;0.0314429;0.977117;1;2;1
31.5305;1020.06;6.03519;-4.16433;-0.00243457;-0.00395046;-0.00239841;-0.000677191;-0.00570783;0.999197;0.00718048;-0.00478668;0.993089;0.0225285;0.991011;1;2;1
54.5305;1020.06;5.97897;-4.0784;-0.00516735;-0.00602103;-0.00259761;-0.00296175;-0.00822664;0.994313;0.011524;-0.00513086;0.99091;0.0258905;0.988737;1;3;1
77.5306;1020.06;5.79599;-3.87965;-0.00603202;-0.00334654;-0.00152873;-0.00265459;-0.00672397;0.998444;0.00187829;-0.00680472;0.999241;0.0255681;0.990419;1;2;1
100.531;1020.06;5.69935;-3.73328;-0.00362613;-0.00328346;-0.00191087;-0.00153626;-0.00537333;0.994123;0.00979394;-0.00641376;0.997233;0.0230543;0.989922;1;2;1
123.531;1020.06;5.628;-3.59488;-0.00376096;-0.00372912;-0.00116474;-0.00258019;-0.00490989;0.996927;0.00695764;-0.00710399;0.994401;0.0214127;0.989994;1;2;1
146.531;1020.06;5.52504;-3.43246;-0.00357274;-0.00386782;-0.000860648;-0.00284708;-0.00459349;0.996095;0.00684901;-0.00784862;0.994402;0.024071;0.988947;1;3;1
169.531;1020.06;5.4619;-3.22897;-0.0038535;-0.00363391;-0.00134961;-0.00238963;-0.00509778;0.994941;0.0153039;-0.00529925;0.998969;0.0218944;0.990154;1;3;1
192.531;1020.06;5.34643;-3.13;-0.00366139;-0.00273303;-0.000771532;-0.00229681;-0.00409761;0.995983;0.00423026;-0.00641477;1.00129;0.0194566;0.991145;1;4;1
215.531;1020.06;5.29247;-2.97667;-0.00353877;-0.00402395;-0.00125346;-0.00250464;-0.00505808;0.994271;0.00940406;-0.00153243;0.995815;0.0203431;0.993289;1;3;1
238.531;1020.06;5.18255;-2.85776;-0.00370654;-0.00397205;-0.00140431;-0.00242872;-0.00524987;0.994633;0.0147301;-0.00879679;0.996445;0.0220646;0.990849;1;2;1
261.531;1020.06;5.12041;-2.63916;-0.00224315;-0.00415487;-0.000296987;-0.00219807;-0.00419994;0.99955;0.0132473;-0.00968162;0.994752;0.0202218;0.989785;1;3;1
284.531;1020.06;5.07788;-2.50262;-0.00326388;-0.00365792;-0.00115674;-0.0022875;-0.00463429;0.99624;0.0114868;-0.0022647;0.997746;0.0217724;0.987982;1;3;1
307.531;1020.06;4.96894;-2.32271;-0.00432335;-0.00243295;0.000156793;-0.00242003;-0.00433627;0.992912;0.00528696;-0.0115191;1.00323;0.0203932;0.990189;1;3;1
330.531;1020.06;4.87696;-2.11844;-0.00358465;-0.0041778;-0.000387393;-0.00339334;-0.00436911;0.997177;0.00536689;-0.00829271;0.994274;0.0188319;0.991731;1;3;1
353.531;1020.06;4.80243;-1.97564;-0.00365747;-0.00549766;-8.30126e-05;-0.00365373;-0.00550139;1.00187;0.0104011;-0.00289346;0.988835;0.0221068;0.988509;1;3;1
376.531;1020.06;4.70747;-1.82487;-0.00414766;-0.00517379;0.000526802;-0.00392537;-0.00539609;0.987908;0.00042195;-0.00836667;0.993864;0.0255547;0.979137;1;4;1
399.531;1020.06;4.60964;-1.59253;-0.00233122;-0.0042882;0.00078453;-0.00205555;-0.00456387;0.996485;0.00283342;-0.00725864;0.992181;0.0202449;0.988248;1;3;1
422.531;1020.06;4.59815;-1.40135;-0.00127514;-0.00390556;-0.00054122;-0.00116813;-0.00401257;1.00059;0.00293733;-0.0097391;0.998485;0.0200036;0.98714;1;3;1
445.531;1020.06;4.54978;-1.2654;-0.00288028;-0.00312832;-0.00055608;-0.00243456;-0.00357404;0.998219;0.00735428;-0.00558094;0.997426;0.0208938;0.988188;1;3;1
468.531;1020.06;4.46464;-1.12665;-0.00294905;-0.00344639;0.000466375;-0.00266919;-0.00372625;0.996929;0.00631677;-0.00521014;0.994854;0.0209691;0.987594;1;2;1
491.531;1020.06;4.41237;-0.887368;-0.00226882;-0.0032105;0.00248928;-0.000206236;-0.00527308;0.999875;0.00542916;-0.00935927;0.997948;0.0205826;0.990405;1;3;1
514.531;1020.06;4.35795;-0.676646;-0.00237312;-0.00248146;-0.00053283;-0.00189171;-0.00296287;0.994364;0.0100881;-0.0116148;1.00162;0.0217965;0.98601;1;3;1
537.531;1020.06;4.30184;-0.550465;-0.00107767;-0.00283949;-0.000695234;-0.000836374;-0.00308079;0.995423;0.0069668;-0.00662772;1.00063;0.0210373;0.989311;1;3;1
560.531;1020.06;4.30737;-0.375476;-0.000222301;-0.00140791;-1.88582e-05;-0.000222001;-0.00140821;1.00638;0.0128045;-0.0046497;0.998297;0.0196087;0.989385;1;3;1
583.531;1020.06;4.29042;-0.219107;-0.000960098;-0.00191234;0.000459527;-0.000774512;-0.00209792;0.992795;0.00983701;-0.00833139;0.99843;0.0188399;0.989878;1;3;1
606.531;1020.06;4.26147;0.0217746;-0.00123169;-0.00445731;0.000321408;-0.00119997;-0.00448902;1.00246;0.0079817;-0.0122695;0.995297;0.0210731;0.985434;1;3;1
629.531;1020.06;4.23127;0.255495;-0.00239725;-0.00467369;0.00113023;-0.00193143;-0.00513952;0.995608;0.00774842;-0.00996767;0.99567;0.0240718;0.981435;1;2;1
652.531;1020.06;4.14925;0.429292;-0.000696168;-0.00255345;0.000235325;-0.000666815;-0.00258281;0.999577;0.00568449;-0.00389336;0.997271;0.0230501;0.983557;1;2;1
675.531;1020.06;4.19785;0.612721;-0.000132038;-0.00251601;-0.000406938;-6.44889e-05;-0.00258356;1.00185;0.00567769;-0.00764477;0.99441;0.0215414;0.986391;1;3;1
698.531;1020.06;4.14192;0.768586;-0.00227416;-0.00281258;-0.000590073;-0.00189479;-0.00319196;0.995815;0.00149935;-0.00333366;0.996447;0.0229595;0.984016;1;3;1
721.531;1020.06;4.09227;0.892548;0.000180165;-0.00200173;0.000946426;0.000533478;-0.00235505;0.995429;0.00220243;-0.00850535;0.992186;0.0249673;0.978524;1;3;1
744.531;1020.06;4.14867;1.14526;-4.54467e-05;-0.00400261;0.000317361;-2.01562e-05;-0.0040279;1.00234;0.00920912;-0.0117201;0.996278;0.0247216;0.976981;1;4;1
767.531;1020.06;4.08841;1.29562;-0.000772209;-0.00408971;-0.000483625;-0.000703144;-0.00415878;0.996914;0.0101123;-0.00740403;0.99815;0.0247266;0.978421;1;3;1
790.531;1020.06;4.11168;1.51097;0.00139247;-0.0039385;0.00114175;0.00162671;-0.00417274;1.00248;-0.00338786;-0.00737011;0.995258;0.0260106;0.972267;1;3;1
813.531;1020.06;4.14998;1.76993;-0.000971575;-0.000678628;-0.00010454;-0.000645148;-0.00100505;1.00213;6.3136e-05;-0.0156489;0.99995;0.0293659;0.977989;1;3;1
836.531;1020.06;4.06514;1.91994;-0.000625516;-0.00248244;-0.0013786;0.000108123;-0.00321608;1.00283;0.00924221;0.00313481;1.00186;0.0243659;0.989037;1;3;1
859.531;1020.06;4.12029;2.05841;0.00181465;-0.00291398;-0.00038943;0.00184651;-0.00294583;1.00305;0.00557524;-0.0134038;0.997918;0.0235487;0.981357;1;3;1
882.531;1020.06;4.14747;2.23484;0.000669869;-0.0021737;0.00079362;0.000876368;-0.00238019;0.999185;0.00318481;-0.00971894;0.997813;0.0230169;0.986091;1;3;1
905.531;1020.06;4.14904;2.49323;0.00117283;-0.000961067;0.00203032;0.00239948;-0.00218771;1.00183;0.00281253;-0.00921574;0.99956;0.0234822;0.980306;1;2;1
928.531;1020.06;4.19939;2.664;0.000513453;-0.00190512;0.00142429;0.00117258;-0.00256425;0.998626;0.0088847;-0.00917621;0.998306;0.0234007;0.98553;1;3;1
951.531;1020.06;4.17078;2.90837;3.03462e-05;-0.00193545;0.000438872;0.000123876;-0.00202898;1.00074;0.00897479;-0.00677678;0.998808;0.0210842;0.983491;1;3;1
974.531;1020.06;4.19906;3.06165;0.00117231;-0.00120809;0.00107563;0.00158634;-0.00162212;1.00065;0.00294074;-0.0111562;0.997959;0.0231975;0.983482;1;3;1
997.531;1020.06;4.22319;3.2786;0.00138933;-0.00137383;0.00109867;0.00177292;-0.00175742;1.00437;0.00270387;-0.0104292;1.00221;0.0206754;0.984707;1;3;1
1020.53;1020.06;4.26115;3.46633;0.000169805;-0.00298945;-0.000243963;0.000188533;-0.00300818;0.99682;0.0102352;-0.0117141;0.994764;0.021372;0.978609;1;3;1
1043.53;1020.06;4.22937;3.66554;0.00271059;-0.00279114;-3.67883e-05;0.00271083;-0.00279139;0.999432;0.0132665;-0.000935856;0.995805;0.0242006;0.976031;1;3;1
1066.53;1020.06;4.38452;3.79125;0.0038376;-0.00240288;0.00162576;0.00423573;-0.00280102;1.01014;0.00205542;-0.0139171;0.997875;0.0247344;0.982552;1;3;1
1089.53;1020.06;4.40388;4.05888;-0.000670575;-0.00282161;0.00210857;0.000620927;-0.00411311;0.998736;0.007438;-0.0121043;0.995354;0.0239275;0.982683;1;2;1
1112.53;1020.06;4.35117;4.26997;0.00145172;-0.00282986;-0.000766926;0.00158495;-0.00296309;1.00256;0.0137946;-0.0066792;0.994342;0.0208957;0.98735;1;2;1
1135.53;1020.06;4.46926;4.41282;0.00340678;-0.00351112;0.00070282;0.00347746;-0.0035818;1.0042;0.00601527;-0.00813206;0.99752;0.0214807;0.983415;1;2;1
1158.53;1020.06;4.50566;4.69591;0.00265969;0.000439222;0.00164582;0.00353474;-0.00043583;1.00436;0.00813491;-0.0117981;1.0047;0.0236734;0.979403;1;3;1
1181.53;1020.06;4.58897;4.89024;0.00320376;-0.0036866;0.00214221;0.00381547;-0.0042983;1.00002;-0.00221501;-0.010081;0.996014;0.0258847;0.97673;1;3;1
1204.53;1020.06;4.6511;5.09162;0.000735885;-0.00336717;0.000793851;0.000884122;-0.00351541;1.00064;0.00753986;-0.00584727;1.00037;0.0290378;0.967248;1;3;1
1227.53;1020.06;4.62137;5.25441;0.00168295;-0.00224628;0.00236705;0.00279447;-0.0033578;1.00199;0.00899125;-0.00853649;1.00107;0.0276903;0.982393;1;3;1
1250.53;1020.06;4.72614;5.55308;0.00368206;-0.00381732;0.00110137;0.00384046;-0.00397572;1.00918;0.00326228;-0.0131269;0.995462;0.0253523;0.983148;1;3;1
1273.53;1020.06;4.7883;5.69786;0.00272626;-0.00332616;0.00220783;0.00344604;-0.00404594;0.995061;0.00664836;-0.00522526;0.993277;0.0261302;0.991074;1;3;1
31.5305;997.06;6.30438;-4.07799;-0.00295986;-0.00467576;-0.00194324;-0.00169361;-0.00594201;0.993845;0.0139805;-0.00479126;0.99728;0.0244055;0.988494;1;2;1
54.5305;997.06;6.23582;-3.94509;-0.00379197;-0.00587366;0.000525878;-0.00366667;-0.00599897;0.996916;0.00310052;-0.0095743;0.995435;0.029558;0.981461;1;3;1
77.5306;997.06;6.12876;-3.79712;-0.00538282;-0.00472663;-0.00130647;-0.00370769;-0.00640176;0.999828;0.0102602;-0.00416786;0.995185;0.02406;0.988098;1;3;1
100.531;997.06;5.98658;-3.64902;-0.00732729;-0.00582094;-0.00139902;-0.00498523;-0.00816299;0.987106;0.0142421;-0.00737101;0.992488;0.0207987;0.99151;1;3;1
123.531;997.06;5.78952;-3.5034;-0.00527834;-0.00391332;-5.23793e-05;-0.00391131;-0.00528035;0.991658;0.00652366;-0.00304557;0.995134;0.0227195;0.987649;1;3;1
146.531;997.06;5.74193;-3.31731;-0.00373623;-0.00438847;-0.00019707;-0.00368131;-0.00444339;0.996984;0.00968903;-0.00923231;0.998752;0.0204134;0.993146;1;2;1
169.531;997.06;5.61611;-3.16931;-0.00523719;-0.0031049;-0.0013558;-0.00244626;-0.00589582;0.994836;0.00296126;-0.00396887;0.99582;0.0194711;0.99339;1;2;1
192.531;997.06;5.49966;-3.05945;-0.00336124;-0.00421727;-0.00157433;-0.00215778;-0.00542073;0.997392;0.00899055;-0.00871472;0.993378;0.0181652;0.99271;1;3;1
215.531;997.06;5.46038;-2.89012;-0.00228516;-0.00489064;-0.000451035;-0.00220929;-0.0049665;0.998595;0.0104958;-0.00133025;0.993824;0.0186898;0.989376;1;3;1
238.531;997.06;5.39324;-2.73009;-0.00451867;-0.00561331;-0.00030434;-0.00443975;-0.00569224;0.993678;0.00899761;-0.0129422;0.990942;0.0234671;0.987489;1;3;1
261.531;997.06;5.25052;-2.51613;-0.00335163;-0.00465876;-0.000142169;-0.00333635;-0.00467404;0.9975;0.00192361;-0.00313241;0.994893;0.0199853;0.990709;1;3;1
284.531;997.06;5.23749;-2.38253;-0.00218831;-0.00494996;-0.000230679;-0.00216917;-0.00496909;0.994382;0.00364055;-0.00671339;0.991396;0.01757;0.993454;1;3;1
307.531;997.06;5.14901;-2.25483;-0.00378247;-0.00440327;0.000493991;-0.00350945;-0.00467629;0.996334;0.00643105;-0.00561989;0.992369;0.0201021;0.993987;1;3;1
330.531;997.06;5.06186;-2.03636;-0.00553931;-0.0033761;-7.28756e-05;-0.00337365;-0.00554176;0.99544;0.00973488;-0.00570578;1.0008;0.0189513;0.988741;1;2;1
353.531;997.06;4.89202;-1.8885;-0.00397643;-0.00391761;-5.09321e-05;-0.00388821;-0.00400583;0.995985;0.00118751;-0.00949982;1.00083;0.0181599;0.991718;1;3;1
376.531;997.06;4.87727;-1.69064;-0.00126958;-0.00487232;0.000359548;-0.00123405;-0.00490785;0.994696;0.0106038;-0.0113762;0.995896;0.0223122;0.984694;1;4;1
399.531;997.06;4.83164;-1.46512;-0.00221355;-0.00448991;4.70835e-05;-0.00221257;-0.00449089;0.9948;0.0105928;-0.0045055;0.995556;0.0201169;0.991186;1;3;1
422.531;997.06;4.77413;-1.35816;-0.00339868;-0.00311215;-0.000442829;-0.00278998;-0.00372084;1.00229;0.0087555;-0.0072431;0.991517;0.0237291;0.987593;1;3;1
445.531;997.06;4.67418;-1.18638;-0.00320333;-0.00404643;-6.24488e-06;-0.00320328;-0.00404647;0.997838;0.00733766;-0.0110853;0.993619;0.0196529;0.988928;1;3;1
468.531;997.06;4.62519;-1.00626;-0.00332228;-0.00480986;-0.00117405;-0.00267624;-0.0054559;0.996245;0.0106353;-0.0100529;0.997854;0.0198312;0.991585;1;3;1
491.531;997.06;4.51997;-0.864569;-0.00205201;-0.00424451;-0.00026052;-0.00202148;-0.00427504;0.997179;0.0054672;-0.00604757;0.996442;0.0231684;0.982366;1;3;1
514.531;997.06;4.52936;-0.654283;-8.97201e-05;-0.00333201;-0.000189298;-7.87056e-05;-0.00334302;0.998639;0.0036691;-0.0126244;0.994016;0.024157;0.979689;1;3;1
537.531;997.06;4.51434;-0.492063;-0.000968056;-0.00345949;-0.000531046;-0.000859587;-0.00356796;1.00518;0.00860148;-0.00312943;0.992181;0.0217902;0.985644;1;3;1
560.531;997.06;4.48356;-0.315791;-0.00138706;-0.00413822;-0.00029018;-0.00135678;-0.0041685;0.995141;0.00401399;-0.0104377;0.996318;0.0215699;0.990175;1;3;1
583.531;997.06;4.44901;-0.123549;-0.000593545;-0.004776;0.00107606;-0.000332933;-0.00503661;0.996735;0.0037392;-0.0159924;0.99185;0.0195038;0.986168;1;3;1
606.531;997.06;4.45396;0.14215;-0.00289176;-0.0036633;0.00142421;-0.001802;-0.00475306;0.997218;0.00509621;-0.00507457;0.996158;0.0225846;0.981191;1;3;1
629.531;997.06;4.31342;0.343001;-0.00317588;-0.00273953;-0.000317858;-0.00257218;-0.00334324;0.999958;0.010653;-0.00842514;1.00008;0.0218837;0.982412;1;3;1
652.531;997.06;4.30646;0.471677;0.000492729;-0.00354898;-0.00014966;0.000498263;-0.00355451;0.996986;0.00559887;-0.00927966;0.997144;0.0231827;0.981444;1;2;1
675.531;997.06;4.33505;0.651141;-0.000381977;-0.00205975;0.000323541;-0.000321748;-0.00211998;0.998015;0.00815046;-0.00820686;0.999839;0.0221225;0.986765;1;3;1
698.531;997.06;4.28747;0.832076;-0.00180931;-0.00257214;-0.000345261;-0.00167625;-0.0027052;1.00038;0.00917047;-0.00346632;1.00146;0.0230129;0.983508;1;3;1
721.531;997.06;4.25076;0.952815;0.00147876;-0.00363975;0.000668118;0.00156454;-0.00372552;0.999634;0.00967254;-0.0064109;1.00063;0.0214398;0.984607;1;2;1
744.531;997.06;4.35375;1.2273;0.00198306;-0.00418228;0.00203714;0.00259536;-0.00479458;1.00091;0.00745801;-0.0175496;0.994595;0.0256611;0.978725;1;3;1
767.531;997.06;4.33954;1.41768;-0.000882909;-0.00445069;-0.000478164;-0.000819936;-0.00451366;1.00029;0.00956026;-0.0043971;0.99854;0.0261492;0.976237;1;3;1
790.531;997.06;4.31168;1.59034;0.000291341;-0.00414882;-0.00157716;0.000794527;-0.004652;0.999344;0.00772219;-0.0031556;0.99488;0.0232306;0.985812;1;3;1
813.531;997.06;4.35214;1.68946;-0.000264099;-0.000632142;0.000382556;-2.36053e-05;-0.000872636;1.00401;0.00557878;-0.0120755;0.990472;0.02208;0.9872;1;3;1
836.531;997.06;4.29811;1.95218;-2.67827e-05;-0.00306068;0.000626201;9.73846e-05;-0.00318484;0.999631;0.0105895;-0.00579668;0.992689;0.0232328;0.978203;1;3;1
859.531;997.06;4.34851;2.1593;0.000737038;-0.00372811;0.000121624;0.000740348;-0.00373142;0.998823;0.00389135;-0.0117622;0.992654;0.022799;0.985596;1;3;1
882.531;997.06;4.3305;2.32323;-0.00234716;-0.00368441;-0.000292086;-0.00228614;-0.00374542;1.00248;0.00734562;-0.00329611;0.993882;0.0217316;0.986761;1;3;1
905.531;997.06;4.23937;2.46796;-0.000400493;-0.00186774;0.000705135;-0.000116561;-0.00215167;0.993655;0.0148051;-0.0106173;0.999464;0.0270697;0.964065;1;3;1
928.531;997.06;4.31;2.75993;0.00271199;-0.00226263;0.0014537;0.00310565;-0.00265628;1.00588;0.00872492;-0.0120952;0.997292;0.0259928;0.977407;1;3;1
951.531;997.06;4.36177;2.91688;0.00166579;-0.000995804;-0.000923877;0.00195505;-0.00128506;0.999858;0.00842456;-0.00365206;0.995909;0.0223478;0.980844;1;3;1
974.531;997.06;4.38548;3.07693;0.000239249;-0.0016475;0.00127122;0.000878896;-0.00228715;1.00007;0.0112756;-0.0136658;0.998884;0.0226727;0.984092;1;2;1
997.531;997.06;4.37088;3.33432;0.0013191;-0.00287161;0.00170766;0.00192682;-0.00347933;1.00337;0.00885486;-0.00944242;0.995485;0.0230447;0.988818;1;2;1
1020.53;997.06;4.44356;3.56244;0.0015732;-0.00297583;0.00106252;0.00180914;-0.00321177;1.00458;0.00588706;-0.00979223;0.995988;0.0217813;0.98271;1;3;1
1043.53;997.06;4.44139;3.74174;-0.00038708;-0.00233784;-0.000445678;-0.000290081;-0.00243484;0.993011;0.00371878;-0.00353223;0.99761;0.0217527;0.983755;1;2;1
1066.53;997.06;4.42462;3.88384;0.00248966;-0.0033403;0.00125827;0.00274964;-0.00360028;1.00041;0.010299;-0.0101077;0.997681;0.0242882;0.985516;1;3;1
1089.53;997.06;4.55414;4.13035;0.00424349;-0.001464;0.00155557;0.00463992;-0.00186043;1.0089;0.00681024;-0.00826216;0.999136;0.0220162;0.988212;1;3;1
1112.53;997.06;4.61725;4.33116;0.00184353;-0.00228333;-0.000200505;0.00185325;-0.00229305;0.999739;0.0101067;-0.00921393;1.00019;0.0218801;0.98628;1;2;1
1135.53;997.06;4.63741;4.49661;0.00249901;-0.00302964;0.000161568;0.00250373;-0.00303436;1.00361;0.00912813;-0.00845192;0.997203;0.0237179;0.986755;1;2;1
1158.53;997.06;4.73071;4.68348;0.00050585;-0.00402124;0.00159331;0.00101038;-0.00452578;0.987944;0.0111163;-0.00376271;0.99242;0.0254486;0.977686;1;2;1
1181.53;997.06;4.65831;4.96312;0.000558549;-0.00268982;0.00262977;0.00202526;-0.00415654;1.00776;0.00997535;-0.0165222;0.996294;0.0236996;0.983236;1;2;1
1204.53;997.06;4.7538;5.17237;0.00347936;-0.000854784;0.000150064;0.00348455;-0.000859974;0.998542;0.0135846;-0.00491945;0.994256;0.0231093;0.986373;1;3;1
1227.53;997.06;4.81677;5.31122;0.00400388;-0.00184809;0.000175441;0.00400914;-0.00185334;1.00822;0.00245989;-0.0054567;0.994598;0.026034;0.983524;1;2;1
1250.53;997.06;4.93591;5.56897;-0.00113672;-0.000640408;0.00239111;0.00151539;-0.00329251;1.00195;0.00594249;-0.0114392;1.00049;0.0264761;0.980321;1;2;1
1273.53;997.06;4.76128;5.85076;-0.00748874;-0.00300974;0.00197985;-0.00226006;-0.00823841;0.99514;0.00271413;-0.0130023;0.996541;0.0340785;0.988686;1;3;1
31.5305;974.06;6.47985;-3.94658;-0.0116155;-0.00509315;-0.0011332;-0.00490188;-0.0118067;0.993155;0.00692036;-0.00412138;0.997316;0.024607;0.984708;1;3;1
54.5305;974.06;6.21069;-3.80683;-0.00576259;-0.0063092;-0.000195489;-0.00569987;-0.00637192;0.986417;0.00556631;-0.00794703;0.991156;0.0299016;0.978604;1;3;1
77.5306;974.06;6.2131;-3.65981;-0.00187262;-0.00500874;3.31258e-05;-0.00187227;-0.00500909;1.00752;0.00565637;-0.00662709;0.998032;0.026849;0.980593;1;3;1
100.531;974.06;6.12318;-3.46277;-0.00536433;-0.00518381;-0.000637233;-0.00463048;-0.00591766;0.988176;0.00308939;-0.00480051;0.999482;0.0267572;0.986483;1;3;1
123.531;974.06;5.96501;-3.41328;-0.00532248;-0.00449509;-0.0016565;-0.00320142;-0.00661616;0.992708;0.00490598;-0.00111153;0.995698;0.0213888;0.988862;1;3;1
146.531;974.06;5.87709;-3.22879;-0.00256451;-0.00421866;-0.000347018;-0.00249466;-0.00428851;1.00039;0.00571281;-0.0123101;0.993238;0.0210005;0.990573;1;3;1
169.531;974.06;5.84571;-3.08432;-0.00228952;-0.00286092;-0.0016653;-0.000885592;-0.00426485;0.996753;0.0151451;-0.0078936;0.996812;0.020555;0.990994;1;2;1
192.531;974.06;5.77071;-2.93363;-0.00394726;-0.00543486;-0.00158439;-0.00294077;-0.00644135;0.996666;0.0108084;-0.0083625;0.994682;0.0180115;0.99236;1;2;1
215.531;974.06;5.66256;-2.74965;-0.00401824;-0.00497539;-0.000477706;-0.00382062;-0.00517301;0.989324;0.00646647;-0.00525626;0.995286;0.0180751;0.990921;1;3;1
238.531;974.06;5.58426;-2.59706;-0.00392177;-0.00422959;-0.00032911;-0.00371236;-0.00443901;0.995554;0.00618882;-0.00510106;0.996652;0.0205325;0.990893;1;3;1
261.531;974.06;5.48064;-2.42294;-0.00484473;-0.00434461;-0.000245831;-0.00424401;-0.00494533;0.994336;0.0123241;-0.00609749;0.995895;0.0218847;0.991083;1;2;1
284.531;974.06;5.35971;-2.27348;-0.00456252;-0.00449509;-0.000302186;-0.00422475;-0.00483287;0.99709;0.0108915;-0.00705589;1.00213;0.0195187;0.992945;1;3;1
307.531;974.06;5.26927;-2.11873;-0.00234105;-0.00489415;4.1108e-05;-0.00234039;-0.00489481;0.994976;0.00566641;-0.00708416;0.996239;0.0196087;0.989255;1;2;1
330.531;974.06;5.25084;-1.96135;-0.00250202;-0.00377889;-0.000736765;-0.00216556;-0.00411535;0.995585;0.00757349;-0.00673691;0.992514;0.021524;0.988062;1;2;1
353.531;974.06;5.15288;-1.79373;-0.00332507;-0.00555275;-0.00105227;-0.00290662;-0.0059712;0.996424;0.0111566;-0.00953465;0.992418;0.0224174;0.988932;1;3;1
376.531;974.06;5.09619;-1.59854;-0.004642;-0.00383551;-0.000190983;-0.00379257;-0.00468494;0.990547;0.00485407;-0.00984713;0.998563;0.021473;0.987053;1;3;1
399.531;974.06;4.93702;-1.38435;-0.00384196;-0.00337486;-0.00028084;-0.00324315;-0.00397367;0.99836;0.00811773;-0.00727029;0.997672;0.0252797;0.979375;1;3;1
422.531;974.06;4.91785;-1.25685;-0.000739762;-0.00466484;-0.00110533;-0.000449898;-0.0049547;0.996058;0.00907817;-0.00730207;0.997965;0.0220898;0.984591;1;3;1
445.531;974.06;4.90196;-1.07753;-0.000481251;-0.00558046;0.000201489;-0.000473301;-0.00558841;1.00359;0.0122595;-0.00442451;0.991156;0.0210703;0.986352;1;3;1
468.531;974.06;4.89434;-0.902846;-0.00244771;-0.0049897;-0.000344773;-0.00240178;-0.00503563;0.99156;0.00987037;-0.0139465;0.992751;0.0229181;0.986461;1;3;1
491.531;974.06;4.78759;-0.690167;-0.00317086;-0.00544029;-0.00094245;-0.00283052;-0.00578063;0.997354;0.0142579;-0.00268396;0.992;0.0236536;0.981326;1;3;1
514.531;974.06;4.74667;-0.521469;-0.00213286;-0.0043419;-0.00130468;-0.00152795;-0.00494681;1.00193;0.0153608;-0.00869724;0.997291;0.0202637;0.98891;1;3;1
537.531;974.06;4.68839;-0.389423;-0.000952251;-0.00344827;1.53435e-05;-0.000952156;-0.00344837;0.99943;0.00608901;-0.00668978;0.996995;0.0217454;0.991094;1;3;1
560.531;974.06;4.7016;-0.183026;-0.000854659;-0.00496847;-0.000714262;-0.000734174;-0.00508895;0.997957;0.0121303;-0.00621253;0.995862;0.0207638;0.987455;1;3;1
583.531;974.06;4.64738;0.00250738;-0.0022543;-0.00422963;0.000213416;-0.00223151;-0.00425242;0.991988;0.00948471;-0.00945117;0.998844;0.0180806;0.988306;1;3;1
606.531;974.06;4.59625;0.191819;-0.0012064;-0.00305941;0.00158723;-0.000295049;-0.00397076;1.00411;0.00617732;-0.00569895;0.998905;0.0190474;0.987966;1;3;1
629.531;974.06;4.59028;0.383091;-0.00270468;-0.000831085;0.000107202;-0.000824971;-0.00271079;0.993738;0.0073091;-0.00729395;0.997303;0.0226458;0.981912;1;3;1
652.531;974.06;4.4699;0.593957;-0.0013308;-0.00523676;-0.000887337;-0.00113867;-0.00542889;1.00052;0.0112374;-0.00993472;0.989865;0.0234496;0.982456;1;3;1
675.531;974.06;4.52787;0.708753;0.00013535;-0.00496947;-0.00129811;0.000446486;-0.00528061;0.992176;0.00978025;-0.00606829;0.992976;0.0266177;0.976234;1;3;1
698.531;974.06;4.47519;0.888267;-0.00222391;-0.00262536;-0.000336846;-0.00203252;-0.00281675;1.00084;0.00282591;-0.00704093;0.994488;0.0248955;0.983113;1;2;1
721.531;974.06;4.4241;1.06148;-0.0010722;-0.00543536;0.00111656;-0.000803065;-0.0057045;1.00754;0.00409806;-0.0110793;0.988796;0.0303699;0.969919;1;3;1
744.531;974.06;4.42363;1.33888;0.00157058;-0.00400645;0.0016585;0.00202652;-0.00446238;0.997678;4.61372e-05;-0.0119491;0.995646;0.0255506;0.980708;1;3;1
767.531;974.06;4.49418;1.50261;0.00228782;-0.00223186;-0.000333927;0.00231236;-0.0022564;0.997789;0.00484371;-0.00861829;0.992956;0.0247328;0.982993;1;3;1
790.531;974.06;4.5273;1.70409;-0.000363789;-0.00245301;-9.03005e-05;-0.000359893;-0.00245691;1.00386;0.0125787;-0.00143006;0.997351;0.0227739;0.985556;1;3;1
813.531;974.06;4.47648;1.80018;-0.00108545;-0.00482909;0.000709645;-0.000955441;-0.00495909;1.00308;0.00605092;-0.00918936;1.00235;0.0218148;0.985769;1;3;1
836.531;974.06;4.47595;2.06279;8.79798e-05;-0.00389106;0.000942789;0.00030006;-0.00410314;0.992448;0.0049152;-0.00795313;0.995985;0.0271835;0.97947;1;3;1
859.531;974.06;4.4785;2.23163;0.000173454;-0.00404438;0.000950524;0.000377765;-0.00424869;1.00376;0.00632036;-0.00992936;0.998924;0.0241595;0.985666;1;3;1
882.531;974.06;4.48265;2.40586;0.000935811;-0.0033101;-0.000110504;0.000938685;-0.00331297;0.998323;0.00870891;-0.00429559;0.997254;0.0206253;0.985814;1;2;1
905.531;974.06;4.5202;2.58073;0.00068479;-0.00349234;-0.00105213;0.000934833;-0.00374238;1.00053;0.00582396;-0.00937856;0.995075;0.0215131;0.987008;1;2;1
928.531;974.06;4.5127;2.76927;0.0011553;-0.00152155;-0.000567534;0.00127066;-0.0016369;0.997995;0.00607086;-0.0106857;0.997841;0.0261484;0.977254;1;2;1
951.531;974.06;4.57179;2.95595;-0.000269976;-0.00297727;0.000625465;-0.00013246;-0.00311479;1.00307;0.00276285;-0.0065304;0.997121;0.0235017;0.980893;1;2;1
974.531;974.06;4.4988;3.13847;-0.00042934;-0.00339202;0.00135281;9.54285e-05;-0.00391679;1.00038;0.00708638;-0.0133685;0.994551;0.0241552;0.978547;1;2;1
997.531;974.06;4.54977;3.41205;0.00158126;-0.00223076;0.00120554;0.00193051;-0.00258001;1.00107;0.00496775;-0.0114985;0.999277;0.0221021;0.983149;1;2;1
1020.53;974.06;4.56912;3.60446;0.000931097;-0.00125752;-0.00040999;0.00100538;-0.0013318;1.00602;0.00911454;-0.00586771;0.998357;0.021764;0.986764;1;3;1
1043.53;974.06;4.59116;3.77464;0.00190496;-0.0018852;-0.000287862;0.0019267;-0.00190694;0.997185;0.00497317;-0.00792097;0.995545;0.0247725;0.98061;1;3;1
1066.53;974.06;4.6554;3.94597;0.00253269;-0.00370738;-0.00033876;0.00255103;-0.00372572;1.00428;0.00850192;-0.00971457;0.996586;0.0269164;0.986133;1;3;1
1089.53;974.06;4.70616;4.12727;0.00176131;-0.00205634;0.00139062;0.00221414;-0.00250918;1.00582;0.00325924;-0.00782992;0.998473;0.0262603;0.974249;1;3;1
1112.53;974.06;4.73434;4.37673;0.00218949;-0.00037576;0.0016487;0.00299573;-0.00118199;1.00063;0.00900855;-0.00754858;0.99185;0.0239257;0.976865;1;3;1
1135.53;974.06;4.8048;4.55362;0.00200159;-0.0018144;0.00118743;0.00234091;-0.00215372;1.00451;0.00522868;-0.010552;1.00054;0.0285837;0.974666;1;3;1
1158.53;974.06;4.82354;4.88236;0.000695676;-0.00409447;0.00154011;0.00114811;-0.00454691;1.00058;0.00305251;-0.00902275;1.00446;0.0246801;0.98454;1;3;1
1181.53;974.06;4.83448;5.01479;0.00350767;-0.00219788;-0.0012634;0.00377492;-0.00246512;1.00135;0.00388055;-0.00367007;0.995577;0.025539;0.976216;1;3;1
1204.53;974.06;4.98394;5.13216;0.00362066;0.000243207;-0.000114042;0.00362451;0.000239361;1.00511;0.00286665;-0.00750184;1.00319;0.0236324;0.984876;1;3;1
1227.53;974.06;4.99958;5.34106;0.00139216;-0.00217465;0.00109864;0.0017034;-0.00248589;1.00215;0.00707461;-0.00491186;1.00109;0.0242814;0.984421;1;2;1
1250.53;974.06;5.04572;5.58366;0.00379032;-0.00175175;0.00213065;0.00451475;-0.00247619;1.00034;0.00800318;-0.015623;0.994874;0.0247914;0.979634;1;2;1
1273.53;974.06;5.17093;5.83811;0.00551967;0.000770206;-0.000684162;0.00561626;0.000673616;1.01065;0.00631512;-0.0150584;1.00286;0.0322726;0.97762;1;3;1
31.5305;951.06;6.69123;-3.84147;-0.00649744;-0.00359627;0.000116294;-0.00359162;-0.0065021;0.991412;0.00832358;-0.00441835;0.998205;0.0249067;0.990456;1;3;1
54.5305;951.06;6.54052;-3.65293;-0.00480821;-0.00432161;-0.00349011;-0.00106632;-0.00806349;0.99478;0.0111822;-0.00998604;0.999551;0.0240296;0.988743;1;3;1
77.5306;951.06;6.46868;-3.56487;-0.00537188;-0.00522085;-0.00241757;-0.00287762;-0.00771511;0.993585;0.00904762;-0.0058172;0.996104;0.0234518;0.983253;1;3;1
100.531;951.06;6.2921;-3.40892;-0.00630576;-0.00320993;-0.0015625;-0.00255842;-0.00695726;0.995792;0.00871856;-0.00731849;0.997769;0.0254615;0.988967;1;3;1
123.531;951.06;6.1769;-3.29452;-0.00409686;-0.00500496;-0.00213672;-0.00236649;-0.00673534;0.994224;0.0133827;-0.0078744;0.994559;0.0201785;0.990235;1;3;1
146.531;951.06;6.10235;-3.12143;-0.0024213;-0.00468459;-0.00217048;-0.00110517;-0.00600071;0.993393;0.00867016;-0.00353317;0.993786;0.0205141;0.99314;1;3;1
169.531;951.06;6.06465;-3.03533;-0.00262932;-0.00514828;-0.00027151;-0.00260039;-0.00517721;1.00174;0.0037224;-0.00697173;0.996262;0.0259448;0.988699;1;3;1
192.531;951.06;5.98016;-2.80624;-0.00482192;-0.00387596;0.000365207;-0.00375137;-0.00494651;0.993645;0.0116552;-0.00374179;0.993415;0.0201948;0.99336;1;3;1
215.531;951.06;5.84076;-2.6591;-0.00496818;-0.00328795;-0.000898737;-0.00289781;-0.00535832;0.991909;0.0100006;-0.00831569;0.995716;0.0215494;0.99323;1;3;1
238.531;951.06;5.75025;-2.53372;-0.00525735;-0.00390355;-6.95806e-05;-0.00389998;-0.00526091;0.995819;0.00681818;-0.00565292;0.998268;0.0199376;0.991373;1;3;1
261.531;951.06;5.59699;-2.31453;-0.0038876;-0.00335484;-6.2065e-05;-0.00334771;-0.00389474;0.999355;0.00946788;-0.0110446;0.999892;0.0271877;0.985582;1;3;1
284.531;951.06;5.56966;-2.17408;-0.0030289;-0.00420982;-0.00176784;-0.00175552;-0.0054832;0.988515;0.00732501;-0.00262229;0.995615;0.0182298;0.990906;1;3;1
307.531;951.06;5.45655;-2.02812;-0.00247943;-0.00494917;-0.00191601;-0.00143483;-0.00599377;0.998946;0.0109079;-0.00688957;0.995917;0.0200896;0.990446;1;3;1
330.531;951.06;5.45439;-1.86052;-0.00225134;-0.00454506;6.4118e-06;-0.00225132;-0.00454508;1.00028;0.00832639;-0.0108057;0.999025;0.0182749;0.994434;1;2;1
353.531;951.06;5.35115;-1.63005;-0.00322144;-0.00490394;-0.000484577;-0.00309186;-0.00503353;0.99475;0.00992661;-0.00997827;0.991909;0.0189861;0.990034;1;3;1
376.531;951.06;5.30464;-1.51187;-0.0032684;-0.00454046;-0.000925703;-0.00278128;-0.00502758;1.00152;0.015333;-0.00219766;0.993919;0.0188193;0.988216;1;3;1
399.531;951.06;5.19942;-1.30814;-0.00264071;-0.002241;-0.00241729;-1.5316e-05;-0.00486639;0.996458;0.0192963;-0.00892683;0.998027;0.0228049;0.982009;1;3;1
422.531;951.06;5.18151;-1.14126;-0.00412224;-0.00500213;0.000175201;-0.00408864;-0.00503573;0.99005;0.0115246;-0.0100066;0.99461;0.0219331;0.982565;1;3;1
445.531;951.06;5.00783;-0.927743;-0.00296672;-0.00438896;0.000423207;-0.00285032;-0.00450536;1.0039;0.0073379;-0.0120127;0.997784;0.0242888;0.981489;1;3;1
468.531;951.06;5.04337;-0.77425;-0.00041911;-0.00333945;0.000167994;-0.000409478;-0.00334909;0.996699;0.00671686;-0.00912359;1.00191;0.019481;0.991516;1;3;1
491.531;951.06;4.98746;-0.611243;-0.00200932;-0.00389692;-0.000668063;-0.0017968;-0.00410944;1.00105;0.00574905;-0.00527224;0.998259;0.0215057;0.987965;1;3;1
514.531;951.06;4.94972;-0.45219;-0.002954;-0.00497516;-0.0016236;-0.00205216;-0.005877;0.997665;0.00689721;-0.00603962;0.991744;0.0210372;0.987806;1;3;1
537.531;951.06;4.85052;-0.331936;-0.000187181;-0.00434415;-0.000701752;-7.1912e-05;-0.00445942;1.00067;0.0124506;-0.00835043;0.992263;0.0231786;0.987085;1;3;1
560.531;951.06;4.93963;-0.0843982;-0.000984424;-0.00361635;0.000406222;-0.000923153;-0.00367762;0.998176;0.00518314;-0.00838894;0.993148;0.0205299;0.988278;1;3;1
583.531;951.06;4.80343;0.0727978;-0.00543105;-0.00414203;0.000277309;-0.0040849;-0.00548818;0.991165;0.00773567;-0.0114578;0.992916;0.021924;0.985409;1;2;1
606.531;951.06;4.68764;0.283695;-0.00208381;-0.00349167;-0.000572494;-0.0018804;-0.00369508;1.005;0.00520737;-0.0050353;0.996193;0.0200289;0.992085;1;2;1
629.531;951.06;4.70643;0.382927;0.000586279;-0.00400706;0.000805277;0.000723364;-0.00414414;0.996475;0.0106863;-0.0100446;0.995328;0.0241215;0.980079;1;3;1
652.531;951.06;4.71258;0.715004;0.000946982;-0.00282418;0.00121296;0.00130343;-0.00318063;1.00494;0.00357418;-0.00549894;1.0034;0.0235332;0.981717;1;3;1
675.531;951.06;4.74726;0.882163;-0.000887447;-0.00684456;-0.00109946;-0.000691006;-0.007041;0.996416;0.00578607;-0.00800414;1.00031;0.0267389;0.97817;1;3;1
698.531;951.06;4.67112;0.954606;-0.00324613;-0.00472909;-0.000361288;-0.0031628;-0.00481243;1.00081;0.0140811;-0.00446625;0.999185;0.022258;0.982035;1;3;1
721.531;951.06;4.59656;1.20483;-0.000624999;-0.00266595;0.00153216;0.000195421;-0.00348637;0.995893;0.0120485;-0.00825858;0.99748;0.021606;0.98908;1;3;1
744.531;951.06;4.64007;1.41287;0.00301086;-0.00196643;-0.000393114;0.00304172;-0.00199729;1.00653;0.0161632;-0.00910832;0.996206;0.0251523;0.979654;1;3;1
767.531;951.06;4.73376;1.52216;-0.000482614;-0.00172521;-0.00127133;0.000311116;-0.00251894;0.994875;0.00497286;-0.0070482;1.00042;0.0255435;0.980317;1;3;1
790.531;951.06;4.61694;1.70434;-0.00191049;-0.00281616;0.00125536;-0.0010288;-0.00369786;0.99873;0.0126526;-0.00388488;1.00002;0.0237119;0.983572;1;3;1
813.531;951.06;4.64413;1.91307;0.000568847;-0.00229601;0.00125443;0.00104048;-0.00276765;1.00454;0.00715364;-0.00889995;0.997119;0.0268032;0.97678;1;2;1
836.531;951.06;4.64111;2.1328;-0.000856016;-0.00171876;0.000470003;-0.000649434;-0.00192534;0.995285;0.0102991;-0.0125986;0.995155;0.0243241;0.981287;1;2;1
859.531;951.06;4.6027;2.34643;0.00105395;-0.00352283;0.000230617;0.00106554;-0.00353442;1.0001;0.0079339;-0.00999514;0.993902;0.0224087;0.985066;1;2;1
882.531;951.06;4.68828;2.47714;0.00209291;-0.00207402;-0.00103829;0.0023373;-0.0023184;1.00325;0.0090056;-0.00393646;0.998582;0.0212568;0.989849;1;3;1
905.531;951.06;4.69799;2.63119;0.0010758;-0.0015862;0.000665475;0.00123289;-0.00174329;1.00197;0.005437;-0.00486318;0.998747;0.0250183;0.979021;1;2;1
928.531;951.06;4.73637;2.83196;-0.000513221;-0.00197789;0.000695327;-0.000235707;-0.0022554;0.999279;0.00981144;-0.0113147;0.997307;0.0250689;0.972215;1;3;1
951.531;951.06;4.67242;3.05509;-0.000410764;-0.00352527;0.00110576;-5.81109e-05;-0.00387792;0.999214;0.00992839;-0.00556884;0.995821;0.0204049;0.989081;1;3;1
974.531;951.06;4.71571;3.23442;0.00116453;-0.00232077;1.243e-05;0.00116457;-0.00232082;1.00123;0.00738978;-0.0117163;0.999204;0.022236;0.982037;1;2;1
997.531;951.06;4.72436;3.43841;0.00280733;-0.00117075;0.000511837;0.00287213;-0.00123555;0.998862;0.00873042;-0.0113338;0.999832;0.0276184;0.964832;1;2;1
1020.53;951.06;4.84304;3.62206;0.00185701;-0.00276884;-0.000224852;0.00186792;-0.00277974;1.01138;0.00623523;-0.00377238;0.999891;0.0250818;0.984983;1;3;1
1043.53;951.06;4.80804;3.83001;-0.000757144;-0.0025301;0.000126777;-0.000748125;-0.00253912;0.995022;0.0115259;-0.0103671;0.997983;0.0242921;0.99048;1;2;1
1066.53;951.06;4.80615;4.05629;0.00107028;-0.00297742;0.000600585;0.00115751;-0.00306465;0.998072;0.0024405;-0.012359;0.996408;0.0249207;0.981568;1;3;1
1089.53;951.06;4.85555;4.22603;0.00187014;-0.00357008;6.4187e-05;0.0018709;-0.00357084;1.00607;0.00491038;-0.00212412;0.99183;0.0257723;0.975399;1;3;1
1112.53;951.06;4.89116;4.34927;0.00387541;-0.00205262;-0.000374973;0.00389903;-0.00207624;1.00148;-0.00135875;-0.0121464;1.00301;0.0250304;0.985639;1;3;1
1135.53;951.06;5.0321;4.58184;0.00348215;-0.00230735;0.00248653;0.00440347;-0.00322867;1.00553;0.0165583;-0.00765836;0.993845;0.0237248;0.981249;1;3;1
1158.53;951.06;5.04809;4.87331;-0.000153153;-0.000796294;0.00145154;0.00101201;-0.00196146;1.00055;0.0135194;-0.0149025;0.996827;0.0245239;0.981779;1;2;1
1181.53;951.06;5.02251;5.06578;0.000918774;-0.00168309;-0.000598847;0.00104999;-0.0018143;0.997065;0.0146329;-0.00801384;1.00278;0.0257188;0.980906;1;2;1
1204.53;951.06;5.08942;5.16241;0.0031467;-0.00294013;0.000967854;0.00329689;-0.00309032;1.00785;0.00625198;-0.00454219;0.998419;0.021998;0.984261;1;2;1
1227.53;951.06;5.16573;5.41269;0.00322495;-0.00344632;0.00309886;0.00444227;-0.00466364;0.997527;-0.00510967;-0.00965359;0.990503;0.0286732;0.974666;1;3;1
1250.53;951.06;5.23495;5.65059;0.00362483;-0.00292174;0.000711025;0.00370116;-0.00299808;1.00113;0.0026166;-0.0116672;0.995915;0.0286277;0.989028;1;3;1
1273.53;951.06;5.33038;5.81886;0.00418448;-0.0021132;-0.000109476;0.00418638;-0.00211511;1.00215;0.0107034;-0.00580968;0.99542;0.02954;0.981107;1;3;1
31.5305;928.06;6.84727;-3.77938;-0.0015874;-0.00423215;-0.000943742;-0.00128518;-0.00453438;0.994363;0.0102132;-0.0107526;0.991423;0.0263885;0.985869;1;3;1
54.5305;928.06;6.81006;-3.60368;-0.00358229;-0.00243413;-0.000590736;-0.00218448;-0.00383195;0.984082;0.0110914;-0.00275373;1.00187;0.0283259;0.984635;1;3;1
77.5306;928.06;6.68076;-3.41663;-0.00585435;-0.00474955;-0.000310253;-0.00466839;-0.00593552;1.0051;0.00964156;-0.0104808;0.994123;0.020436;0.99069;1;3;1
100.531;928.06;6.53905;-3.31299;-0.00499865;-0.0037549;-0.00199785;-0.00228438;-0.00646917;0.990468;0.0137817;-0.00421217;0.994269;0.0218462;0.988349;1;3;1
123.531;928.06;6.44963;-3.1799;-0.00438585;-0.00428114;-0.00119;-0.00314234;-0.00552464;0.994536;0.00681619;-0.00623649;0.995521;0.0229053;0.98484;1;3;1
146.531;928.06;6.33585;-3.01049;-0.00570663;-0.00299896;-0.000807752;-0.0027763;-0.00592929;0.99189;0.0129958;-0.00818407;0.995954;0.0202456;0.990606;1;2;1
169.531;928.06;6.18515;-2.84562;-0.00480582;-0.00522808;-0.00141896;-0.00358237;-0.00645154;0.99671;0.0116703;-0.00369365;0.992923;0.0213799;0.989622;1;3;1
192.531;928.06;6.11353;-2.75371;-0.00359881;-0.00417949;-0.000987363;-0.00285998;-0.00491832;0.997307;0.0105654;-0.00560976;0.990497;0.0220222;0.988225;1;3;1
215.531;928.06;6.01863;-2.59677;-0.00383067;-0.00390624;0.000242472;-0.00362306;-0.00411385;0.992756;0.00917691;-0.00891;0.995165;0.0213584;0.992672;1;2;1
238.531;928.06;5.93574;-2.41579;-0.00371574;-0.00488127;-0.000545962;-0.00349995;-0.00509706;0.996978;0.00915937;-0.00609526;0.996441;0.0174093;0.994742;1;2;1
261.531;928.06;5.8462;-2.2669;-0.00272602;-0.00346533;-0.000897123;-0.00212538;-0.00406597;0.997501;0.00849659;-0.0053662;0.993289;0.0189571;0.991109;1;3;1
284.531;928.06;5.80892;-2.07722;-0.00186519;-0.00445287;-0.00044751;-0.00178998;-0.00452807;0.995621;0.00938025;-0.00823359;0.99447;0.017215;0.990609;1;2;1
307.531;928.06;5.75876;-1.88788;-0.00348001;-0.00585956;-0.00193952;-0.00239441;-0.00694516;0.997889;0.0106513;-0.00739488;0.99405;0.0171766;0.992984;1;3;1
330.531;928.06;5.64739;-1.75008;-0.00459723;-0.00508795;-0.000155042;-0.00455235;-0.00513283;0.997864;0.00670164;-0.00514677;0.991725;0.0238704;0.983869;1;3;1
353.531;928.06;5.54566;-1.56591;-0.0030999;-0.00327902;-0.000361022;-0.0028175;-0.00356143;0.994661;0.00443632;-0.0108798;0.995414;0.0216982;0.985669;1;3;1
376.531;928.06;5.50314;-1.38739;-0.000304423;-0.00347862;0.000131862;-0.000298954;-0.00348409;1.00321;0.00188385;-0.00720386;0.995203;0.0198836;0.993157;1;3;1
399.531;928.06;5.53075;-1.27731;-0.00477075;-0.00367328;-0.000803501;-0.00324902;-0.00519501;0.997194;0.00878471;-0.00517234;0.995595;0.0214192;0.988384;1;3;1
422.531;928.06;5.28172;-1.02473;-0.00649148;-0.00492369;0.00148546;-0.00402798;-0.00738719;0.991442;0.00490138;-0.00767578;0.994482;0.0237428;0.986347;1;3;1
445.531;928.06;5.22939;-0.874027;-0.00187722;-0.00319439;-0.00168718;-0.00072464;-0.00434697;1.00041;0.0138816;-0.00335116;0.993052;0.0201758;0.988077;1;3;1
468.531;928.06;5.19446;-0.747992;-0.00124529;-0.00211529;-0.000398521;-0.00109034;-0.00227024;0.995981;0.00883439;-0.00834604;0.994148;0.0217907;0.987924;1;3;1
491.531;928.06;5.17062;-0.508957;-0.000368625;-0.0029719;0.00122983;0.000120473;-0.003461;0.998332;0.00377747;-0.0107038;0.992949;0.0215382;0.988771;1;3;1
514.531;928.06;5.17522;-0.290033;-0.00109237;-0.00376347;-0.000362096;-0.00104415;-0.00381169;0.995262;0.00332095;-0.00473551;1.00195;0.0203678;0.987951;1;3;1
537.531;928.06;5.11922;-0.187129;-0.00231336;-0.00509114;-0.0020495;-0.00122648;-0.00617803;1.00389;0.00900123;-0.0068291;0.997365;0.0215942;0.988712;1;3;1
560.531;928.06;5.06785;-0.0149082;-0.00276405;-0.00276645;0.00124666;-0.0015186;-0.00401191;0.992602;0.00171602;-0.00851816;0.995258;0.0206347;0.985451;1;3;1
583.531;928.06;4.9903;0.19472;-0.00233747;-0.00408536;-0.000674376;-0.00210753;-0.0043153;0.999035;0.0117739;-0.00863209;0.994562;0.0225567;0.984909;1;3;1
606.531;928.06;4.95872;0.35415;-0.000938968;-0.00371315;-0.000855705;-0.000696258;-0.00395586;0.998895;0.0112333;-0.00873133;0.996698;0.0228997;0.983836;1;3;1
629.531;928.06;4.94557;0.569164;-0.00220279;-0.00504146;-0.000276813;-0.00217605;-0.0050682;0.990463;0.00522058;-0.00868211;0.995257;0.0234127;0.981899;1;3;1
652.531;928.06;4.85578;0.725676;-0.00165126;-0.0017539;0.00140641;-0.000295231;-0.00310993;1.003;0.00830815;-0.00656379;0.995046;0.0191083;0.988765;1;2;1
675.531;928.06;4.86727;1.02595;-0.000510028;-0.00250337;0.000929057;-0.000144164;-0.00286923;0.997163;0.00399839;-0.013291;0.985725;0.0257098;0.98272;1;3;1
698.531;928.06;4.83072;1.1077;-0.00274877;-0.00461072;-0.00240647;-0.00109946;-0.00626002;0.999676;0.00236818;-0.00367312;0.989331;0.0267316;0.976092;1;3;1
721.531;928.06;4.74038;1.18537;-0.00117642;-0.00125911;-7.75076e-05;-0.00112992;-0.00130561;0.999445;0.0035087;-0.00411666;1.00058;0.0214671;0.983257;1;3;1
744.531;928.06;4.77544;1.43077;0.00356372;-0.00175158;0.000851583;0.00369682;-0.00188468;1.00337;-0.000567134;-0.00871602;0.994958;0.022404;0.9823;1;3;1
767.531;928.06;4.9023;1.58385;0.00061951;-0.00447026;0.0016075;0.00108469;-0.00493544;0.997173;0.013702;-0.00799276;0.994085;0.0226583;0.984953;1;3;1
790.531;928.06;4.80215;1.83464;-0.00244885;-0.00467706;0.000397275;-0.00238014;-0.00474577;0.999151;-0.000921711;-0.00628156;0.992252;0.0257815;0.974603;1;3;1
813.531;928.06;4.78838;1.90698;0.00140386;-0.00343614;-0.000157173;0.00140896;-0.00344124;1.00277;0.00419018;-0.00600138;0.999251;0.0226296;0.97937;1;3;1
836.531;928.06;4.86565;2.14358;0.000310578;-0.0043772;0.00221078;0.0011887;-0.00525532;0.99793;0.0128487;-0.0161632;1.00338;0.0280054;0.982612;1;3;1
859.531;928.06;4.80007;2.39509;-5.88481e-05;-0.0029015;0.000374981;-1.02152e-05;-0.00295013;1.00006;0.00888755;-0.00708105;1.00097;0.020886;0.982616;1;3;1
882.531;928.06;4.86154;2.50293;0.000295213;-0.00280896;-0.000174458;0.000304987;-0.00281874;0.998954;0.0021456;-0.00578541;0.995018;0.0238286;0.978575;1;3;1
905.531;928.06;4.81292;2.65468;0.000257434;-0.00387029;0.000298373;0.00027889;-0.00389175;0.999367;0.00717594;-0.00598495;0.996118;0.0227298;0.985186;1;2;1
928.531;928.06;4.87198;2.86175;0.00131943;-0.00190231;0.000967409;0.0015876;-0.00217048;1.00611;0.00474359;-0.0130026;0.99724;0.0208099;0.986763;1;3;1
951.531;928.06;4.87123;3.11938;0.000201644;-0.0030002;-0.000719611;0.000355941;-0.00315449;0.997742;0.00566873;-0.00777134;0.998201;0.0216933;0.98571;1;2;1
974.531;928.06;4.87964;3.24693;0.000413394;-0.00172718;-0.000725458;0.000636089;-0.00194987;0.998619;0.0100289;-0.00574862;0.998607;0.0223558;0.98242;1;2;1
997.531;928.06;4.88892;3.46718;0.00223033;-0.00260358;0.0013867;0.00259988;-0.00297313;1.00143;0.00639326;-0.0140113;0.997401;0.0250078;0.986083;1;2;1
1020.53;928.06;4.97955;3.73384;0.00274239;-0.0028446;0.00115032;0.00296996;-0.00307218;1.00341;0.00986747;-0.00587165;0.996593;0.021351;0.987386;1;3;1
1043.53;928.06;5.01294;3.89311;0.000356782;-0.00222392;-0.000557051;0.000471889;-0.00233902;1.00268;0.00753019;-0.00588225;0.997883;0.0213224;0.984688;1;3;1
1066.53;928.06;4.99463;4.08439;-0.00042472;-0.00197377;0.000527392;-0.000262211;-0.00213627;0.991455;0.0102221;-0.0110048;0.996519;0.0239843;0.981974;1;2;1
1089.53;928.06;4.99166;4.29268;0.00281753;-0.00142733;0.000659104;0.00291752;-0.00152731;1.01019;0.00486389;-0.00715733;1.0035;0.0234562;0.984698;1;2;1
1112.53;928.06;5.12242;4.47288;0.00234339;-0.00433905;6.86687e-06;0.0023434;-0.00433906;1.00164;0.00376879;-0.00566596;0.999013;0.0210612;0.989227;1;3;1
1135.53;928.06;5.09786;4.66082;0.00116083;-0.00455275;0.00283731;0.0023304;-0.00572232;1.00117;-0.0157368;-0.00881723;0.996969;0.0256465;0.979915;1;2;1
1158.53;928.06;5.17361;4.92034;0.00178516;-0.00181816;0.00181675;0.00254212;-0.00257512;0.995465;0.00592719;-0.0103894;0.992515;0.0256949;0.984044;1;3;1
1181.53;928.06;5.17787;5.09356;0.00147264;-0.00366797;0.000693766;0.00156462;-0.00375995;1.0014;-0.00149125;-0.00771526;0.996316;0.0234712;0.985839;1;2;1
1204.53;928.06;5.23999;5.26832;0.000527617;-0.00487321;0.000585519;0.000590365;-0.00493596;1.00785;0.00993392;-0.00660075;0.992032;0.0222825;0.991291;1;2;1
1227.53;928.06;5.20034;5.5003;0.00318525;-0.0036972;0.00167798;0.00357255;-0.0040845;0.998941;0.0123896;-0.00945474;0.998264;0.0259128;0.968202;1;3;1
1250.53;928.06;5.38407;5.71951;0.00691733;-0.00291838;0.000755532;0.00697503;-0.00297608;1.00482;0.0138656;-0.00999837;0.997062;0.0247472;0.985226;1;2;1
1273.53;928.06;5.51539;5.93672;0.00577027;-0.00285891;9.00437e-05;0.00577121;-0.00285985;1.01073;0.00361437;-0.00705624;0.993436;0.0246576;0.990706;1;3;1
31.5305;905.06;7.12866;-3.64429;-0.00737159;-0.00644378;-0.00272676;-0.00414174;-0.00967362;1.00354;0.00638254;-0.00560612;0.994801;0.0219921;0.989467;1;3;1
54.5305;905.06;6.95824;-3.53892;-0.00734799;-0.00482055;-0.000212658;-0.00480278;-0.00736576;0.98145;0.00158582;-0.000902868;0.991213;0.0209736;0.989511;1;3;1
77.5306;905.06;6.78841;-3.34475;-0.0052768;-0.00470012;-0.000460524;-0.00444512;-0.0055318;0.99801;0.0118311;-0.0124176;0.992588;0.0208517;0.990145;1;3;1
100.531;905.06;6.71384;-3.23393;-0.00430271;-0.00580905;-0.00181685;-0.00308911;-0.00702265;0.994506;0.00547731;-0.00183822;0.996204;0.0200141;0.98871;1;2;1
123.531;905.06;6.58938;-3.0953;-0.00435698;-0.00487658;-0.00100862;-0.00357524;-0.00565832;0.997211;0.00649327;-0.00542225;0.996565;0.0214641;0.989092;1;2;1
146.531;905.06;6.51229;-2.98143;-0.00294963;-0.00470146;-0.00136564;-0.00220314;-0.00544796;0.998658;0.0140575;-0.0091989;0.994596;0.019849;0.99231;1;2;1
169.531;905.06;6.4525;-2.79256;-0.00413851;-0.00404961;-0.000879256;-0.00321368;-0.00497444;0.991308;0.00743809;-0.00288596;0.995038;0.0230801;0.989277;1;3;1
192.531;905.06;6.32003;-2.61231;-0.00639588;-0.00547581;-0.00148752;-0.00437881;-0.00749288;0.994497;0.00860706;-0.00970199;0.995202;0.0193742;0.990816;1;3;1
215.531;905.06;6.15626;-2.47798;-0.00409754;-0.00460478;-0.00249028;-0.001848;-0.00685433;0.992703;0.0104774;-0.00120279;0.997142;0.0198285;0.991244;1;3;1
238.531;905.06;6.13014;-2.30706;-0.00297475;-0.00432988;-0.00121695;-0.00225945;-0.00504518;0.98985;0.0088137;-0.00129107;0.992419;0.0216874;0.991323;1;3;1
261.531;905.06;6.01807;-2.15291;-0.00303762;-0.00498777;-0.000725415;-0.00279738;-0.00522801;1.00211;0.00706223;-0.010945;0.994842;0.0179875;0.992259;1;3;1
284.531;905.06;5.98894;-1.96688;-0.00118156;-0.00551925;0.000297127;-0.0011613;-0.00553951;0.994167;0.00490084;-0.00782554;0.990859;0.0176388;0.991265;1;3;1
307.531;905.06;5.96196;-1.75499;-0.00427618;-0.00417303;-0.000174767;-0.00404238;-0.00440682;1.0002;0.00423886;-0.00746133;0.992464;0.0223954;0.987046;1;2;1
330.531;905.06;5.79053;-1.62464;-0.00464204;-0.00450668;-0.000914588;-0.00365727;-0.00549145;0.994117;0.00727137;-0.00627221;0.997552;0.0185793;0.989328;1;3;1
353.531;905.06;5.74708;-1.47726;-0.00454463;-0.00482433;-0.00177077;-0.0029082;-0.00646077;0.99539;0.0123726;-0.0104602;0.997949;0.0192452;0.989806;1;3;1
376.531;905.06;5.58018;-1.35075;-0.00236792;-0.0040109;-0.00116596;-0.00176312;-0.0046157;1.00183;0.00767917;-0.00339247;0.999367;0.0218898;0.987489;1;3;1
399.531;905.06;5.63677;-1.13677;-0.00282688;-0.00513681;0.00139947;-0.00216734;-0.00579636;0.99079;0.00464043;-0.00767273;0.994151;0.019099;0.991419;1;3;1
422.531;905.06;5.44788;-0.913434;-0.00424445;-0.00433437;-0.000246331;-0.00403901;-0.00453981;0.995049;0.00351166;-0.0102147;0.997992;0.0199175;0.991665;1;3;1
445.531;905.06;5.43971;-0.778531;-5.28856e-05;-0.0041058;-0.00250847;0.00114539;-0.00530408;1.00132;0.00798997;-0.0038624;1.00226;0.0210582;0.989089;1;3;1
468.531;905.06;5.44483;-0.675088;-0.0023375;-0.00363376;-0.00139815;-0.00144457;-0.0045267;1.00103;0.0123351;-0.0142272;0.998679;0.0211418;0.988833;1;3;1
491.531;905.06;5.33104;-0.473045;-0.00301876;-0.00430622;0.000107895;-0.00300978;-0.0043152;0.989729;0.0113258;-0.00237021;0.995946;0.0223985;0.988591;1;3;1
514.531;905.06;5.30403;-0.277374;-0.000339508;-0.00277198;8.9393e-05;-0.000336227;-0.00277526;1.00104;0.0118342;-0.0119765;0.993354;0.0199144;0.98934;1;3;1
537.531;905.06;5.31386;-0.0947983;-0.00209412;-0.00486947;-0.000282414;-0.00206567;-0.00489792;1.00501;0.00697651;-0.0100508;0.990807;0.0203682;0.987028;1;3;1
560.531;905.06;5.20647;0.0438113;-0.00170376;-0.00352924;3.06035e-05;-0.00170325;-0.00352975;0.993346;0.00657718;-0.00113043;0.997044;0.019905;0.988501;1;3;1
583.531;905.06;5.23403;0.263134;-0.00140718;-0.00288109;-0.000192874;-0.00138236;-0.00290592;0.995832;0.00775207;-0.0139125;1.00167;0.0201864;0.990189;1;3;1
606.531;905.06;5.13984;0.457049;-0.0028274;-0.00333751;-0.000619692;-0.00241233;-0.00375259;1.00024;0.00785863;-0.00467336;0.994754;0.0223907;0.980636;1;3;1
629.531;905.06;5.10242;0.617135;-0.00214686;-0.00195272;0.000207367;-0.00182083;-0.00227875;0.999971;0.0120689;-0.00762646;1.00134;0.0196192;0.989357;1;3;1
652.531;905.06;5.03972;0.79692;-0.00125621;-0.00297384;-0.000742879;-0.000979497;-0.00325056;1.00657;0.00912366;-0.00501577;0.99996;0.0202869;0.989152;1;3;1
675.531;905.06;5.04301;0.998416;0.000304996;-0.000540427;7.41574e-05;0.000311451;-0.000546883;0.99588;0.00655501;-0.00872657;1.00631;0.0212529;0.987084;1;3;1
698.531;905.06;5.05224;1.16878;-0.00250775;-0.00378574;-0.00180467;-0.00123229;-0.0050612;0.995215;0.00655315;-0.00787221;0.995313;0.0240004;0.98109;1;4;1
721.531;905.06;4.92674;1.26397;-0.00201342;-0.00412278;-0.00188687;-0.000906473;-0.00522973;0.998072;0.0124043;-0.00525197;0.99476;0.0222147;0.983383;1;2;1
744.531;905.06;4.95838;1.49461;0.00137895;-0.00344298;0.000544543;0.00143969;-0.00350371;0.997509;0.0118743;-0.0100546;0.999265;0.0243389;0.984405;1;3;1
767.531;905.06;4.98778;1.72895;-0.00116644;-0.00479818;0.00242916;5.05378e-05;-0.00601516;1.00574;0.00845543;-0.00996059;0.99898;0.026976;0.981456;1;3;1
790.531;905.06;4.90271;1.92088;-0.000445379;-0.00215466;-0.000532077;-0.000293284;-0.00230676;0.999417;0.011296;-0.002298;1.0001;0.024727;0.982002;1;3;1
813.531;905.06;4.96601;2.07254;0.000494989;-0.00394413;0.000299212;0.000515066;-0.0039642;0.998493;0.00991216;-0.0114764;0.99593;0.0227134;0.979617;1;3;1
836.531;905.06;4.92361;2.33547;-0.000818521;-0.00382611;0.0011386;-0.000436103;-0.00420853;1.00149;0.00151116;-0.0119478;0.996831;0.0279166;0.969576;1;3;1
859.531;905.06;4.92652;2.48123;0.000876507;-0.00329725;-0.001662;0.00145746;-0.0038782;0.999245;0.00697168;-0.00553902;0.993715;0.0280538;0.968261;1;2;1
882.531;905.06;4.96311;2.60736;0.00223154;-0.00416373;-0.000225897;0.00223951;-0.0041717;1.00696;0.00900833;-0.0067688;0.996637;0.0242068;0.98364;1;3;1
905.531;905.06;5.02788;2.81075;0.00323663;-0.00589667;-0.000815741;0.00330892;-0.00596895;1.00147;0.00657139;-0.00976288;0.994346;0.0231831;0.981446;1;3;1
928.531;905.06;5.11069;2.92107;0.00209534;-0.00482313;0.00025544;0.00210475;-0.00483254;1.00489;0.0081427;-0.00551811;0.994937;0.0247311;0.97902;1;3;1
951.531;905.06;5.12256;3.19551;0.000445592;-0.00243942;0.00100482;0.000761064;-0.00275489;1.00217;0.00401537;-0.00610064;0.998015;0.0222809;0.986888;1;3;1
974.531;905.06;5.12949;3.3158;-0.000858069;-0.00486825;-0.000225624;-0.000845415;-0.0048809;1.00048;0.00825255;-0.0103432;0.9963;0.0226722;0.987011;1;2;1
997.531;905.06;5.08163;3.55972;0.000731912;-0.00422252;0.000281919;0.000747903;-0.00423851;0.995128;0.0135814;-0.0060601;1.00171;0.027327;0.981093;1;2;1
1020.53;905.06;5.16105;3.7542;0.00280406;-0.0011696;-0.000680812;0.00291746;-0.00128301;1.01238;0.0114342;-0.00898967;1.00284;0.0245101;0.979474;1;3;1
1043.53;905.06;5.20892;3.93417;-6.10711e-05;-0.00148066;0.00106371;0.000507916;-0.00204965;0.994678;0.0128517;-0.0100607;1.0028;0.0252978;0.981081;1;3;1
1066.53;905.06;5.15655;4.14851;-0.000556014;-0.00147614;-0.00162202;0.000669929;-0.00270208;1.00039;0.0147296;-0.00765677;1.00095;0.0258498;0.978611;1;2;1
1089.53;905.06;5.18193;4.29289;0.00220705;-0.00173898;-0.00120888;0.00254794;-0.00207987;1.00096;0.0151589;-0.00946935;0.995462;0.0226421;0.985678;1;3;1
1112.53;905.06;5.25621;4.55075;0.000805731;-0.00349235;0.00172843;0.00141456;-0.00410117;1.00165;0.00886501;-0.00997364;0.993557;0.0226742;0.980417;1;2;1
1135.53;905.06;5.21628;4.79212;0.00126222;-0.00247726;0.000401758;0.0013049;-0.00251993;1.00583;0.0177449;-0.00445551;0.996643;0.0234253;0.985296;1;3;1
1158.53;905.06;5.31244;4.95778;0.00197648;-0.00295789;0.00160385;0.00245197;-0.00343338;0.996649;0.00799184;-0.00820226;1.00201;0.0256818;0.979798;1;3;1
1181.53;905.06;5.30497;5.23568;0.00282341;-0.00412378;0.000147461;0.00282654;-0.00412691;1.00182;0.015488;-0.00796692;0.995173;0.0245046;0.980804;1;3;1
1204.53;905.06;5.44012;5.38847;0.00340314;-0.00383395;-0.000408975;0.00342618;-0.00385698;1.00419;0.00839686;-0.00900539;0.996013;0.0234821;0.980953;1;3;1
1227.53;905.06;5.45993;5.58402;0.00347717;-0.00296747;-0.00176046;0.00392671;-0.00341701;1.00703;0.0134462;-0.00588464;0.994851;0.0283129;0.980171;1;3;1
1250.53;905.06;5.59808;5.78647;0.00641986;-0.00258372;-0.00014668;0.00642225;-0.00258611;0.999004;0.00893736;-0.00772383;1.00026;0.0221376;0.990897;1;3;1
1273.53;905.06;5.75284;5.95251;0.00677736;-0.00195838;-0.000385775;0.00679437;-0.00197538;1.01104;0.0112296;-0.00292276;1.00535;0.0495858;0.968833;1;3;1
31.5305;882.06;7.31094;-3.47965;-0.00782337;-0.00580273;-0.0014431;-0.00505143;-0.00857467;1.00206;0.0109045;-0.00836181;0.993518;0.021457;0.988977;1;3;1
54.5305;882.06;7.13008;-3.38028;-0.00610217;-0.0056326;-0.00121857;-0.0046264;-0.00710837;0.989901;0.0112357;-0.00198448;0.99064;0.0227328;0.984004;1;3;1
77.5306;882.06;7.02851;-3.19859;-0.00375053;-0.00444668;-0.00148752;-0.0025709;-0.0056263;1.00211;0.0103955;-0.00686498;0.996161;0.022812;0.989593;1;3;1
100.531;882.06;6.95599;-3.04309;-0.00504517;-0.00600948;-0.00236658;-0.00311213;-0.00794252;0.990444;0.0128248;-0.00706663;0.990591;0.0220639;0.987891;1;2;1
123.531;882.06;6.79519;-2.95373;-0.00414855;-0.0044094;-0.00173331;-0.00254076;-0.00601718;0.990438;0.00716879;-0.00243008;0.99569;0.0204804;0.9902;1;3;1
146.531;882.06;6.76407;-2.79171;-0.00344416;-0.00633474;-0.00142779;-0.00285783;-0.00692106;1.00068;0.00160611;-0.00853399;0.999802;0.0193395;0.990228;1;3;1
169.531;882.06;6.63553;-2.65675;-0.00427321;-0.00578184;-0.00086134;-0.00388258;-0.00617247;0.996601;0.0123821;-0.00625126;0.996987;0.0192513;0.99289;1;3;1
192.531;882.06;6.56614;-2.49889;-0.00175774;-0.00402666;-0.0014851;-0.00102338;-0.00476102;0.987538;0.00947896;-0.0112983;0.998757;0.023877;0.980704;1;3;1
215.531;882.06;6.55377;-2.38133;-0.00417841;-0.00463482;-0.00243877;-0.00195719;-0.00685604;0.997852;0.00955133;0.00192873;0.992601;0.0288186;0.980081;1;3;1
238.531;882.06;6.37265;-2.2141;-0.00649635;-0.00486987;-0.0011404;-0.00428244;-0.00708377;0.991507;0.00989623;-0.00640465;0.998998;0.019897;0.990626;1;3;1
261.531;882.06;6.25265;-2.03509;-0.00419159;-0.00584372;-0.00114584;-0.00360509;-0.00643022;0.994441;0.0148035;-0.0108809;0.995025;0.0202255;0.988333;1;3;1
284.531;882.06;6.17774;-1.82114;-0.00291347;-0.00493539;-0.00087558;-0.00258701;-0.00526185;1.00049;0.0139328;-0.00547002;0.997001;0.0159417;0.993137;1;3;1
307.531;882.06;6.11717;-1.69412;-0.00362804;-0.00277129;-0.000711593;-0.00236908;-0.00403025;0.995485;0.0114426;-0.00482738;1.0006;0.0233376;0.988735;1;3;1
330.531;882.06;6.00969;-1.54087;-0.0028802;-0.00423628;-0.00157924;-0.0018396;-0.00527688;0.996115;0.00986561;-0.00475745;0.992597;0.0195463;0.989982;1;3;1
353.531;882.06;5.98313;-1.34136;-0.00125658;-0.00472018;-0.000262202;-0.00123684;-0.00473992;1.00117;0.00527912;-0.00915278;0.994174;0.0192627;0.992385;1;3;1
376.531;882.06;5.95059;-1.20034;-0.00312988;-0.0048137;-0.00253373;-0.00130185;-0.00664173;1.0002;0.0106935;-0.00676688;0.993915;0.0220189;0.986278;1;3;1
399.531;882.06;5.83794;-1.03938;-0.00620559;-0.00309132;0.00092313;-0.00283825;-0.00645865;0.985937;0.00841557;-0.00498696;0.997805;0.0216084;0.986379;1;3;1
422.531;882.06;5.66269;-0.823327;-0.00301709;-0.00494866;-0.00116877;-0.00246671;-0.00549904;1.00271;0.0131844;-0.0128991;0.992322;0.0256265;0.977401;1;3;1
445.531;882.06;5.69755;-0.682378;-0.000729371;-0.00410328;-0.00166383;-4.6908e-05;-0.00478574;0.999467;0.00746509;-0.00195068;0.992351;0.0209139;0.991464;1;3;1
468.531;882.06;5.62847;-0.578479;-0.00299916;-0.00442958;-0.00013167;-0.00298714;-0.0044416;0.996465;0.00159157;-0.0109107;0.994881;0.0232042;0.98785;1;3;1
491.531;882.06;5.55786;-0.308805;-0.00178665;-0.00410462;-0.000208298;-0.00176808;-0.00412319;0.994484;0.0109511;-0.00830689;1.00132;0.0232053;0.983535;1;3;1
514.531;882.06;5.54431;-0.16086;-0.00197642;-0.00373677;-0.000292758;-0.00192901;-0.00378418;0.997715;0.00897368;-0.0109689;0.997183;0.0193211;0.987807;1;2;1
537.531;882.06;5.46554;0.0387244;-0.00262606;-0.0036921;-9.39473e-07;-0.00262606;-0.00369211;1.00204;0.00563492;-0.00671053;1.00154;0.0201273;0.987478;1;3;1
560.531;882.06;5.42231;0.149095;-0.000954383;-0.00390246;-0.000707475;-0.000793395;-0.00406345;0.996244;0.0077773;-0.0013557;0.9945;0.0206598;0.989348;1;3;1
583.531;882.06;5.4207;0.329461;-0.00111204;-0.00437504;0.000191856;-0.0011008;-0.00438628;0.998718;0.00905449;-0.0114906;0.992157;0.0218319;0.984455;1;2;1
606.531;882.06;5.36971;0.509775;-0.00332318;-0.00348704;-0.000173074;-0.00321362;-0.0035966;0.99659;0.00892122;-0.00657671;0.998936;0.0235236;0.983842;1;3;1
629.531;882.06;5.26638;0.660198;-0.00137971;-0.00367507;-0.000169059;-0.00136733;-0.00368745;0.991844;0.00751498;-0.00940086;0.996527;0.0227656;0.988041;1;3;1
652.531;882.06;5.30483;0.864875;-0.000710986;-0.00367672;-0.000403048;-0.000657187;-0.00373052;1.00345;0.00720034;-0.00295578;0.994335;0.0221153;0.98795;1;2;1
675.531;882.06;5.232;1.05226;-0.000880766;-0.00522846;0.000959557;-0.000678406;-0.00543082;0.999619;0.0040851;-0.0175263;0.992825;0.0232956;0.984977;1;3;1
698.531;882.06;5.26238;1.28421;0.000187396;-0.005076;-0.000486394;0.000231967;-0.00512057;1.00137;0.00452708;0.000329129;0.994504;0.0240151;0.97997;1;3;1
721.531;882.06;5.23946;1.37813;-0.00159016;-0.00590396;-0.00194764;-0.000840944;-0.00665318;0.994898;0.0109973;-0.0137238;0.992923;0.0282267;0.971703;1;3;1
744.531;882.06;5.18815;1.59128;-0.00291311;-0.00456275;0.000485722;-0.00278072;-0.00469515;1.00232;0.0104518;-0.00654124;0.99601;0.0266412;0.972812;1;3;1
767.531;882.06;5.10327;1.80554;0.000157847;-0.00402145;-8.87896e-05;0.000159733;-0.00402333;1.00497;0.00437902;-0.0066525;0.99172;0.0238802;0.975234;1;3;1
790.531;882.06;5.19412;1.93554;0.00154944;-0.00336602;-0.00161392;0.00203198;-0.00384856;0.99389;0.0133985;-0.00893993;0.998195;0.0273809;0.978657;1;3;1
813.531;882.06;5.17361;2.09039;-0.000526505;-0.00188592;0.000731819;-0.000207433;-0.00220499;1.00166;0.0119525;-0.00525284;0.997237;0.0247232;0.981659;1;3;1
836.531;882.06;5.16828;2.32091;0.00113695;-0.00185082;0.000585693;0.00124767;-0.00196153;1.00035;0.0104714;-0.0113452;0.991124;0.0256152;0.97746;1;3;1
859.531;882.06;5.2236;2.54897;0.000933888;-0.00261701;-0.00147098;0.00146408;-0.0031472;0.99902;0.0103169;-0.00737824;0.99407;0.0368501;0.927087;1;3;1
882.531;882.06;5.20969;2.69618;-0.000509829;-0.00333579;-0.000896855;-0.000249232;-0.00359639;1.00513;0.0129635;-0.002144;0.995932;0.0289118;0.963388;1;2;1
905.531;882.06;5.19857;2.92836;0.000491225;-0.00362301;-0.000528687;0.000558076;-0.00368986;0.999602;0.0121033;-0.0125221;0.998638;0.024603;0.976864;1;2;1
928.531;882.06;5.23063;3.08555;-0.000546527;-0.00563828;-0.000781637;-0.000429239;-0.00575557;0.999695;0.0166786;-0.00272013;0.996746;0.0300574;0.965932;1;2;1
951.531;882.06;5.17242;3.23271;0.000742866;-0.00199607;0.00164064;0.00151049;-0.00276369;0.994318;0.0135752;-0.0078442;0.996678;0.0256304;0.97386;1;2;1
974.531;882.06;5.26316;3.47303;0.00280458;-0.00392236;0.00121978;0.00301893;-0.00413671;1.00663;0.0104443;-0.0104422;0.995676;0.0247787;0.981396;1;2;1
997.531;882.06;5.29924;3.66367;0.00332942;-0.00296741;-0.000687255;0.00340356;-0.00304155;1.00018;0.00995001;-0.00777892;0.991641;0.025833;0.981987;1;2;1
1020.53;882.06;5.41497;3.78973;0.000229306;-0.000777028;-0.00137386;0.00118924;-0.00173697;1.0025;0.0029294;-0.00586291;0.995453;0.0302811;0.966648;1;3;1
1043.53;882.06;5.30881;3.96222;0.00193217;-0.00182468;-0.000885188;0.00213029;-0.0020228;1.00288;0.00247383;-0.00463719;0.995534;0.0243623;0.977456;1;2;1
1066.53;882.06;5.50232;4.15515;0.00427701;-0.00111138;-0.00117563;0.00452234;-0.00135671;1.00239;0.00862681;-0.0122382;1.00069;0.024998;0.983254;1;3;1
1089.53;882.06;5.50329;4.37559;-0.000851799;-0.00244167;0.000816572;-0.000507125;-0.00278635;1.00036;0.0036687;-0.0068029;1.00087;0.0257484;0.978591;1;2;1
1112.53;882.06;5.46062;4.63506;-0.000762527;-0.00226544;-0.000385655;-0.000669344;-0.00235862;0.998982;0.00682535;-0.0106141;1.00109;0.023594;0.986177;1;3;1
1135.53;882.06;5.46645;4.77639;0.000196851;-0.0004539;0.000182441;0.000244509;-0.000501558;1.00216;0.00438422;-0.00920962;0.998762;0.02417;0.987939;1;3;1
1158.53;882.06;5.46773;5.05755;0.00279531;-0.00288705;0.00252009;0.00375191;-0.00384366;1.00246;0.00696537;-0.0124087;0.996375;0.0233086;0.98083;1;3;1
1181.53;882.06;5.59205;5.28552;0.00342361;-0.00160782;-5.87481e-05;0.0034243;-0.0016085;0.996979;0.00948301;-0.00201912;1.00209;0.0246174;0.976331;1;3;1
1204.53;882.06;5.62331;5.44663;0.003626;-0.0004359;0.000324036;0.00365168;-0.000461587;1.00717;0.0030988;-0.0102337;0.995887;0.022202;0.982809;1;3;1
1227.53;882.06;5.75718;5.64039;0.00307087;-0.00170518;-0.000181896;0.00307778;-0.00171209;0.998996;0.00493359;-0.00921775;1.00062;0.0247493;0.98253;1;2;1
1250.53;882.06;5.76267;5.84007;0.00270551;-0.00259789;0.00119431;0.00296205;-0.00285443;1.00251;0.00509129;-0.0111152;0.994985;0.023886;0.98016;1;2;1
1273.53;882.06;5.87983;6.02834;0.00514025;-0.00519485;0.00236281;0.00565482;-0.00570942;1.00735;-0.000491332;-0.00218785;0.995704;0.0246906;0.988097;1;3;1
31.5305;859.06;7.46162;-3.37537;-0.00473596;-0.0051926;-0.00205293;-0.00289869;-0.00702987;1.00347;0.00110539;-0.00911222;0.996325;0.0251481;0.989903;1;3;1
54.5305;859.06;7.35223;-3.27739;-0.00430099;-0.00478834;-0.00161307;-0.00291329;-0.00617603;0.990596;0.00752552;-0.00391702;0.996131;0.0240977;0.985127;1;3;1
77.5306;859.06;7.26273;-3.13729;-0.00377101;-0.00375029;-0.00214736;-0.00161326;-0.00590803;1.00077;0.0083139;-0.00793641;0.994939;0.020255;0.988297;1;2;1
100.531;859.06;7.17729;-2.95431;-0.00566315;-0.00332561;-0.00129107;-0.00275286;-0.0062359;0.992507;0.00746878;-0.00279559;0.994748;0.0205927;0.990051;1;3;1
123.531;859.06;7.00082;-2.89017;-0.00512389;-0.00541784;-0.00209719;-0.00316852;-0.0073732;0.988824;0.0117666;-0.00582244;0.994843;0.021867;0.988597;1;3;1
146.531;859.06;6.94021;-2.6871;-0.00379491;-0.00505714;5.71312e-05;-0.00379233;-0.00505972;1.00243;0.0128866;-0.0118076;0.99329;0.0220851;0.984922;1;3;1
169.531;859.06;6.82446;-2.52431;-0.00450656;-0.00511278;-0.00127522;-0.00349892;-0.00612042;0.99726;0.00956251;-0.00313972;0.99435;0.0226958;0.989008;1;3;1
192.531;859.06;6.73169;-2.42486;-0.00341771;-0.0049831;-0.000290684;-0.00336547;-0.00503533;0.98809;-0.000715788;-0.00627565;0.993052;0.0218386;0.989236;1;3;1
215.531;859.06;6.66622;-2.26144;-0.00320851;-0.00617905;0.000919254;-0.00294706;-0.00644051;0.996323;0.0102776;-0.00619241;0.99587;0.0223698;0.988254;1;3;1
238.531;859.06;6.58256;-2.08026;-0.00322119;-0.00597794;9.1429e-05;-0.00321816;-0.00598097;0.996492;0.00670073;-0.0096022;0.993553;0.0202914;0.989023;1;2;1
261.531;859.06;6.51623;-1.8806;-0.00371661;-0.00709418;-0.000385698;-0.00367313;-0.00713766;1.00047;0.00695877;-0.0113779;0.98907;0.017871;0.990827;1;3;1
284.531;859.06;6.41;-1.73735;-0.00449726;-0.00447238;-0.00187633;-0.00260845;-0.00636119;0.995382;0.00521797;-0.00374795;0.996683;0.0186326;0.989023;1;2;1
307.531;859.06;6.30818;-1.62603;-0.0026147;-0.0047291;-0.000926453;-0.0022662;-0.0050776;0.997605;0.0041145;-0.00629835;0.998094;0.0249414;0.985711;1;3;1
330.531;859.06;6.28851;-1.42665;-0.00425422;-0.0060664;-0.000289883;-0.00420898;-0.00611164;0.990502;0.0105594;-0.00586036;0.995762;0.0234124;0.988793;1;3;1
353.531;859.06;6.11059;-1.25818;-0.00373303;-0.00523848;-0.000481272;-0.00359232;-0.00537919;1.00642;0.0028801;-0.0119571;0.989947;0.0208453;0.987139;1;3;1
376.531;859.06;6.11548;-1.12565;-0.00391222;-0.00406599;-0.000738754;-0.00324636;-0.00473185;0.996306;0.00111948;-0.00247079;0.992805;0.0193973;0.99011;1;3;1
399.531;859.06;5.92951;-0.993414;-0.00436679;-0.00347004;0.00143214;-0.00241773;-0.0054191;0.988429;-0.00267729;-0.011703;0.995859;0.0218178;0.986722;1;3;1
422.531;859.06;5.91203;-0.682876;-0.00197212;-0.00396898;-0.00153822;-0.00113671;-0.0048044;1.00322;0.00983908;-0.0102931;0.997726;0.0216136;0.989792;1;3;1
445.531;859.06;5.83691;-0.58767;-0.00177061;-0.00546323;-0.00205136;-0.000857043;-0.0063768;0.99653;0.010169;0.00178536;0.995882;0.0211733;0.987156;1;3;1
468.531;859.06;5.83001;-0.469254;-0.00149901;-0.00604104;-0.000663769;-0.001404;-0.00613606;0.995243;0.00596253;-0.0112494;0.995719;0.0203097;0.986782;1;3;1
491.531;859.06;5.76688;-0.28177;-0.00326906;-0.00533538;-0.000208749;-0.00324818;-0.00535626;0.999794;0.00567941;-0.00740541;0.995792;0.0212319;0.987233;1;3;1
514.531;859.06;5.67793;-0.103635;-0.00308025;-0.00545408;0.000401739;-0.0030141;-0.00552023;0.996355;0.00514219;-0.00717882;0.995426;0.0233559;0.981266;1;3;1
537.531;859.06;5.62357;0.0763997;-0.00250236;-0.00411273;-0.000272634;-0.00245746;-0.00415763;1.00085;0.00833203;-0.00755085;0.992846;0.0214808;0.98175;1;3;1
560.531;859.06;5.5615;0.225052;-0.00100087;-0.00599704;0.000559597;-0.000938963;-0.00605895;0.997686;0.010398;-0.00694551;0.990791;0.0238323;0.982206;1;3;1
583.531;859.06;5.57586;0.466103;-0.00159247;-0.0053799;0.00136938;-0.00114923;-0.00582314;0.997786;0.00500281;-0.0116581;0.998204;0.0228086;0.986698;1;3;1
606.531;859.06;5.4865;0.619044;-0.00222479;-0.0048178;-0.000135329;-0.00221775;-0.00482485;0.993727;0.00413975;-0.00767913;0.993314;0.0178373;0.989421;1;3;1
629.531;859.06;5.47227;0.787992;-0.000379246;-0.00536767;-0.000102663;-0.000377134;-0.00536978;1.00301;0.0060603;-0.00675129;0.995338;0.0198416;0.989731;1;3;1
652.531;859.06;5.46772;0.968359;-0.00212549;-0.00472679;0.0016972;-0.00128787;-0.00556441;0.992604;0.00835266;-0.0101626;0.996275;0.0223033;0.984698;1;3;1
675.531;859.06;5.37216;1.24074;-0.000967361;-0.00431787;0.000594843;-0.000864888;-0.00442035;1.00284;0.0131309;-0.00703495;0.993155;0.0223351;0.981854;1;3;1
698.531;859.06;5.42113;1.40435;0.000886099;-0.0030971;-0.000215076;0.000897678;-0.00310868;0.997274;0.0147172;-0.00369949;1.00173;0.0234014;0.978635;1;3;1
721.531;859.06;5.41194;1.53894;-0.00173498;-0.00620863;-0.000374608;-0.00170383;-0.00623978;1.00269;0.0115851;-0.00565485;0.99944;0.0227365;0.983797;1;3;1
744.531;859.06;5.34026;1.70657;-0.00155587;-0.00327787;0.000509141;-0.00141659;-0.00341714;0.9884;0.00728814;-0.01485;1.00071;0.0259309;0.97355;1;3;1
767.531;859.06;5.33877;1.91566;-9.45827e-05;-0.00300689;-0.000137438;-8.81111e-05;-0.00301336;1.00924;0.0104213;-0.0014866;1.0015;0.0291923;0.975561;1;3;1
790.531;859.06;5.33441;2.07801;-0.00118669;-0.00570274;-0.000120087;-0.0011835;-0.00570593;0.997541;0.00215001;-0.00355709;0.990004;0.0310458;0.968739;1;3;1
813.531;859.06;5.2835;2.16047;-0.000132926;-0.00459097;-0.000113739;-0.000130026;-0.00459387;0.997226;0.00895797;-0.015686;0.9962;0.0237101;0.982328;1;3;1
836.531;859.06;5.327;2.42246;0.00335988;-0.0029587;0.000616208;0.00341941;-0.00301824;1.00749;0.0101892;-0.00618891;0.993634;0.0203016;0.988857;1;3;1
859.531;859.06;5.43566;2.6046;0.00213762;-0.00336404;0.000211204;0.00214571;-0.00337214;0.996551;0.00731699;-0.00494999;0.992362;0.0308459;0.965982;1;3;1
882.531;859.06;5.42397;2.76338;0.000655335;-0.00422716;0.000665004;0.000744289;-0.00431611;1.00473;0.00499652;-0.0106442;0.995963;0.0255626;0.975185;1;2;1
905.531;859.06;5.46426;2.97979;0.00137857;-0.00240847;0.000935671;0.00159713;-0.00262703;1.00288;0.0100617;-0.00453537;0.997691;0.024531;0.975685;1;2;1
928.531;859.06;5.48543;3.1827;-0.00228166;-0.0041842;-0.000758341;-0.00201638;-0.00444948;0.998338;0.00773517;-0.0139389;0.996457;0.0269197;0.975471;1;3;1
951.531;859.06;5.35815;3.28803;-0.000841125;-0.00311609;-0.00130121;-0.000250306;-0.00370691;1.00174;0.0090004;-0.00935917;1.00034;0.0219594;0.983935;1;3;1
974.531;859.06;5.44564;3.49768;0.00224246;-0.00218182;0.00114775;0.00252248;-0.00246184;1.00045;0.00591338;-0.00996387;0.997791;0.022685;0.981069;1;2;1
997.531;859.06;5.45937;3.69798;0.00306914;-0.00187369;-0.000396368;0.00310072;-0.00190527;1.00299;0.00284856;-0.00330436;0.999003;0.0265164;0.975036;1;3;1
1020.53;859.06;5.58567;3.79192;0.00426984;-0.00325295;-0.000148315;0.00427277;-0.00325587;1.00492;0.000465347;-0.00232493;0.995543;0.0232759;0.979734;1;3;1
1043.53;859.06;5.65424;4.02034;0.00199239;-0.00390053;-0.000301423;0.00200777;-0.00391591;0.999524;0.0101621;-0.0155082;0.994655;0.0259137;0.981186;1;3;1
1066.53;859.06;5.6754;4.20259;-0.00144915;-0.00366679;0.00108382;-0.00100744;-0.0041085;1.00033;0.00382252;-0.00787446;0.997132;0.0245481;0.981065;1;3;1
1089.53;859.06;5.5859;4.40712;0.000407937;-0.00443914;0.00236024;0.00136734;-0.00539854;0.99645;0.00630628;-0.011393;0.998138;0.0266954;0.97905;1;2;1
1112.53;859.06;5.69192;4.65715;0.000818072;-0.00421397;0.00109089;0.00104439;-0.00444029;1.00574;0.0133382;-0.00362868;0.995744;0.0282877;0.970904;1;3;1
1135.53;859.06;5.62171;4.81479;-0.00222295;-0.00307749;0.00213112;-0.000476692;-0.00482375;0.999335;-0.00182841;-0.00444963;0.995752;0.0312473;0.972391;1;3;1
1158.53;859.06;5.58749;5.0916;0.00170688;-0.00140548;0.0023801;0.0029944;-0.00269299;0.999498;0.00882417;-0.0201758;0.996731;0.0320296;0.96391;1;2;1
1181.53;859.06;5.69748;5.31138;0.00386521;-0.00108162;0.000884166;0.00401849;-0.00123491;1.00019;0.00565452;-0.00600204;0.992663;0.0248074;0.981434;1;3;1
1204.53;859.06;5.76385;5.40967;0.00374738;-0.00035077;0.000123206;0.00375108;-0.000354471;1.00753;0.00527481;-0.00713186;1.00343;0.0285693;0.967133;1;3;1
1227.53;859.06;5.86819;5.66434;0.00246451;-0.00215608;0.00329416;0.00417777;-0.00386934;1.00062;0.00304629;-0.00845089;0.999459;0.0283692;0.97512;1;3;1
1250.53;859.06;5.8744;5.90696;0.000958306;-0.00344595;0.00295566;0.002442;-0.00492964;1.0078;0.00355711;-0.00917531;1.00006;0.0271362;0.97636;1;2;1
1273.53;859.06;5.90922;6.19236;0.00159232;-0.00311069;0.00397251;0.00385714;-0.00537551;0.991445;0.00291842;-0.0177837;0.994203;0.0348295;0.977976;1;4;1
31.5305;836.06;7.69659;-3.23854;-0.00776789;-0.00509786;-0.00385213;-0.00235597;-0.0105098;0.975339;0.0115667;-0.00217462;0.993125;0.0215036;0.989668;1;3;1
54.5305;836.06;7.51708;-3.15785;-0.00317279;-0.00474846;-0.00265631;-0.00118994;-0.00673131;1.0077;0.00928318;-0.00743424;0.994403;0.0234702;0.989187;1;3;1
77.5306;836.06;7.5499;-3.02279;-0.00418995;-0.00570444;-0.00180707;-0.00298788;-0.00690651;0.998814;0.0140022;-0.00514911;0.991207;0.0221877;0.990537;1;3;1
100.531;836.06;7.32315;-2.88838;-0.00633878;-0.00529379;-0.000684317;-0.0049553;-0.00667727;0.997452;0.00735503;-0.00534512;0.997685;0.0238233;0.984433;1;3;1
123.531;836.06;7.25625;-2.7015;-0.00428992;-0.00654145;-0.000868707;-0.00399372;-0.00683766;0.995984;0.00405787;-0.00809602;0.991964;0.0239909;0.98681;1;3;1
146.531;836.06;7.12419;-2.55708;-0.00520225;-0.00518706;-0.000785903;-0.00440872;-0.0059806;0.991979;0.0104418;-0.00745908;0.992929;0.0197865;0.990233;1;3;1
169.531;836.06;7.01546;-2.41938;-0.00580565;-0.00554949;-0.0019926;-0.00368086;-0.00767428;0.995845;0.0133603;-0.00442169;0.994729;0.0231778;0.98681;1;2;1
192.531;836.06;6.85543;-2.26818;-0.00437744;-0.00551067;-0.00129719;-0.00352852;-0.0063596;0.991887;0.0155729;-0.00343688;0.995226;0.0215031;0.989806;1;3;1
215.531;836.06;6.81251;-2.09548;-0.00239384;-0.00548463;-0.000478231;-0.00232154;-0.00555693;0.994132;0.00546898;-0.00566002;0.995016;0.0250029;0.9858;1;3;1
238.531;836.06;6.74399;-1.93678;-0.00392355;-0.00555294;0.000256546;-0.00388412;-0.00559238;0.999745;0.00871952;-0.0109392;0.994436;0.0207936;0.992768;1;3;1
261.531;836.06;6.63001;-1.70603;-0.00297655;-0.00505533;-0.000505426;-0.00286018;-0.0051717;0.999009;0.013366;-0.0108275;1.00196;0.0216298;0.99123;1;3;1
284.531;836.06;6.60572;-1.61295;-0.00253524;-0.00476779;-0.00121223;-0.00200362;-0.00529941;0.99937;0.00622399;0.0010857;0.993585;0.0202832;0.992039;1;3;1
307.531;836.06;6.51266;-1.47435;-0.00435357;-0.00605387;9.01157e-05;-0.00434881;-0.00605863;0.993227;0.00365292;-0.00781504;0.99468;0.020005;0.991666;1;3;1
330.531;836.06;6.40365;-1.25927;-0.00397028;-0.00513546;0.000782638;-0.0035772;-0.00552854;0.991357;0.00465419;-0.0074164;0.997381;0.0211774;0.989741;1;3;1
353.531;836.06;6.32812;-1.09846;-0.00259319;-0.00527897;-0.00151761;-0.00190963;-0.00596253;1.00136;0.0136309;-0.0107787;1.00366;0.0221229;0.987075;1;3;1
376.531;836.06;6.28354;-1.01171;-0.00387953;-0.00578321;-0.00138844;-0.00314799;-0.00651475;0.998286;0.0107421;0.00143252;0.997899;0.0249195;0.976185;1;3;1
399.531;836.06;6.14878;-0.878423;-0.00157721;-0.00694101;-0.000784484;-0.00146483;-0.00705339;0.995483;0.0231486;-0.00793684;0.990905;0.0235746;0.985499;1;3;1
422.531;836.06;6.20941;-0.637128;-0.00102436;-0.00329361;0.000154713;-0.00101386;-0.00330411;1.00144;0.0130809;-0.0106421;0.997526;0.0200889;0.988446;1;3;1
445.531;836.06;6.09944;-0.428614;-0.00464179;-0.00636545;-0.00172293;-0.00357715;-0.00743008;0.991438;0.00543905;-0.00717116;0.997231;0.0230254;0.988291;1;4;1
468.531;836.06;5.99413;-0.298284;-0.00338507;-0.00631187;-0.000214258;-0.00336947;-0.00632747;1.00551;0.00881612;-0.00956885;0.995036;0.0239016;0.979475;1;3;1
491.531;836.06;5.94199;-0.0611072;-0.00277701;-0.00647635;0.000754767;-0.00262894;-0.00662442;0.996694;0.00803429;-0.0096478;0.990022;0.0218074;0.984885;1;3;1
514.531;836.06;5.86455;0.0918362;-0.00265356;-0.00644231;-0.00130789;-0.00224593;-0.00684994;0.996167;0.00657209;-0.00505183;0.992219;0.0214819;0.991242;1;3;1
537.531;836.06;5.81884;0.229663;-0.00227578;-0.00461403;-0.00107645;-0.00185569;-0.00503412;0.997558;0.00722559;-0.00875074;0.997302;0.0254285;0.983135;1;3;1
560.531;836.06;5.75852;0.427027;-0.00283302;-0.0050248;-0.000577221;-0.0026903;-0.00516752;0.999663;0.00544456;-0.0119;1.00115;0.0198499;0.989402;1;3;1
583.531;836.06;5.68701;0.578381;-0.001179;-0.00433924;-0.000681019;-0.00103849;-0.00447975;0.995335;0.00541927;-0.00570958;0.995884;0.0217319;0.985094;1;3;1
606.531;836.06;5.70324;0.733146;-0.00135601;-0.00365683;-0.000953479;-0.00101224;-0.0040006;1.00123;0.016208;-0.00764739;0.999394;0.0209608;0.989979;1;3;1
629.531;836.06;5.6234;0.90917;-0.00221444;-0.00422266;-0.00110165;-0.00172796;-0.00470914;0.997367;0.0146253;-0.00374629;0.992495;0.0194659;0.988877;1;3;1
652.531;836.06;5.59992;1.08378;-0.000225356;-0.00338005;-2.63452e-05;-0.000225136;-0.00338027;1.0044;0.00798735;-0.0100417;0.996549;0.0184644;0.98944;1;3;1
675.531;836.06;5.61175;1.25289;-0.000423258;-0.00147233;-0.000717276;-5.91862e-05;-0.0018364;1.00098;0.00609927;-0.00824187;1.00072;0.0215291;0.983105;1;3;1
698.531;836.06;5.57916;1.42799;-0.00076167;-0.00239333;0.000439924;-0.000650617;-0.00250438;0.997756;0.00484752;-0.0037455;0.994335;0.0216707;0.985597;1;3;1
721.531;836.06;5.57484;1.66585;-0.00132019;-0.002987;-3.31641e-05;-0.00131953;-0.00298766;1.00088;0.00164061;-0.00616695;0.994475;0.0235296;0.983888;1;3;1
744.531;836.06;5.51731;1.74349;-0.00190519;-0.00325323;-0.000787636;-0.00154254;-0.00361588;0.998356;0.00521239;-0.00746046;0.991437;0.0260248;0.972749;1;3;1
767.531;836.06;5.48627;1.94566;-0.00143725;-0.00346215;0.000904289;-0.0010922;-0.00380719;0.99791;0.00243904;-0.0140056;0.984635;0.0282459;0.972174;1;3;1
790.531;836.06;5.44888;2.19933;0.000915708;-0.00222935;-0.000177566;0.000925701;-0.00223934;1.00107;0.00908646;-0.00354994;0.999827;0.0235822;0.980877;1;3;1
813.531;836.06;5.52698;2.30342;0.00228438;-0.00502531;-0.00203598;0.0028132;-0.00555413;1.00477;0.0147966;-0.0111601;0.996403;0.0271559;0.977345;1;3;1
836.531;836.06;5.55311;2.45883;0.000392051;-0.00484476;-0.000610218;0.000462217;-0.00491493;0.998428;0.00947116;-0.00785638;0.999536;0.0241515;0.984109;1;3;1
859.531;836.06;5.54326;2.7051;-0.000633774;-0.00314116;0.00178066;0.000290262;-0.0040652;1.00096;-0.00150991;-0.00723105;0.999306;0.0325859;0.955965;1;3;1
882.531;836.06;5.52191;2.89211;-0.000254041;-0.00397751;0.00185496;0.00051233;-0.00474388;1.00097;-0.000669031;-0.00713772;0.994656;0.0213547;0.987166;1;3;1
905.531;836.06;5.53035;3.04048;0.00191337;-0.00340646;0.00119983;0.00217146;-0.00366454;1.00004;0.00160035;-0.0062156;0.996198;0.0264463;0.970077;1;3;1
928.531;836.06;5.60821;3.27999;0.00168342;-0.00431939;0.000354557;0.00170429;-0.00434026;1.0076;0.00694513;-0.00789488;0.99258;0.0227436;0.986031;1;3;1
951.531;836.06;5.60648;3.37833;-0.000897688;-0.00362247;-0.00217291;0.00030461;-0.00482477;0.996498;0.00631036;-0.0040898;0.998932;0.0244916;0.984164;1;3;1
974.531;836.06;5.56595;3.5745;0.000509104;-0.00401397;0.000482196;0.000559939;-0.00406481;1.00044;0.00306532;-0.0134423;0.994767;0.0212249;0.986551;1;3;1
997.531;836.06;5.62839;3.75112;0.00400813;-0.0030038;0.00024722;0.00401684;-0.00301251;1.00061;0.0128362;-0.00945416;1.00392;0.0239838;0.980133;1;3;1
1020.53;836.06;5.74851;3.94083;0.00256906;-0.00452268;0.00111136;0.00273914;-0.00469276;1.00337;0.00779692;0.0034551;0.998667;0.0281597;0.975124;1;3;1
1043.53;836.06;5.74474;4.14407;0.000902238;-0.00370373;0.00217309;0.00176565;-0.00456714;1.00328;0.00381202;-0.010034;0.997985;0.0246312;0.978769;1;3;1
1066.53;836.06;5.78839;4.32502;-8.84367e-05;-0.00347988;0.00343297;0.00204478;-0.0056131;1.0033;0.000778031;-0.0119836;0.994239;0.0226414;0.987626;1;3;1
1089.53;836.06;5.73859;4.58085;-0.000427288;-0.00459978;0.00271703;0.00091206;-0.00593913;0.996063;0.00628353;-0.00951315;0.992205;0.0250962;0.987502;1;2;1
1112.53;836.06;5.76595;4.83033;-0.000724031;-0.00324279;0.000847624;-0.000465351;-0.00350147;1.00085;0.000434945;-0.0114624;0.997358;0.0274538;0.972997;1;3;1
1135.53;836.06;5.70403;4.91879;-0.000452774;-0.00358499;-0.00065053;-0.000323039;-0.00371472;0.999336;0.01529;-0.00185337;0.998076;0.0280927;0.979831;1;3;1
1158.53;836.06;5.74419;5.12308;0.00272905;-0.0033455;-0.000188934;0.00273492;-0.00335137;1.00257;0.00583014;-0.0163283;0.996936;0.025293;0.973413;1;2;1
1181.53;836.06;5.82751;5.33591;0.0048073;-0.00235585;-0.000400227;0.00482959;-0.00237814;0.996496;0.0057864;-0.00622228;0.997683;0.0247958;0.969806;1;3;1
1204.53;836.06;5.96354;5.46402;0.00270203;-0.00397038;1.32892e-05;0.00270206;-0.00397041;1.00731;0.0137826;-0.00932238;0.997387;0.0224182;0.981452;1;3;1
1227.53;836.06;5.94987;5.74008;0.00122451;-0.00302544;0.002605;0.00246131;-0.00426224;1.00656;0.0112252;-0.0115583;0.990134;0.0277715;0.979487;1;3;1
1250.53;836.06;6.01672;5.99957;0.00294381;-0.0033168;0.0021855;0.00363125;-0.00400425;0.99726;-0.00137085;-0.00729894;0.992267;0.0273728;0.975167;1;3;1
1273.53;836.06;6.08306;6.1721;0.00291695;-0.00149429;-0.000338416;0.00294277;-0.0015201;0.99323;0.0080665;-0.00606698;1.0041;0.0339073;0.99149;1;3;1
31.5305;813.06;7.98062;-3.13733;-0.00726398;-0.00468236;-0.00292332;-0.00277755;-0.00916879;0.980318;0.00207086;0.0034415;1.00145;0.0229707;0.988742;1;3;1
54.5305;813.06;7.8128;-3.05612;-0.00609268;-0.00599179;-0.00187165;-0.00416991;-0.00791456;0.999051;0.00777419;-0.00678498;0.994358;0.024825;0.984594;1;3;1
77.5306;813.06;7.69873;-2.87206;-0.00540276;-0.00659228;0.000748315;-0.00504164;-0.0069534;1.0003;0.0104565;-0.00835716;1.001;0.0198625;0.994888;1;3;1
100.531;813.06;7.56227;-2.70853;-0.00620247;-0.00590691;-0.00147194;-0.00457535;-0.00753403;0.99575;0.0132801;-0.00206265;0.989655;0.0231694;0.990017;1;3;1
123.531;813.06;7.41164;-2.58643;-0.00577681;-0.0045893;-0.00116101;-0.00387903;-0.00648708;0.984498;0.011025;-0.010085;0.997547;0.0245846;0.988407;1;3;1
146.531;813.06;7.29502;-2.4465;-0.00244696;-0.00538713;-0.0005759;-0.00233818;-0.00549591;1.00314;-0.00262203;-0.00352036;0.999444;0.0223394;0.992349;1;3;1
169.531;813.06;7.29782;-2.26587;-0.00258576;-0.00714223;-0.00162299;-0.00206677;-0.00766122;1.00036;0.00449105;-0.0058435;0.990776;0.0218007;0.99048;1;2;1
192.531;813.06;7.17508;-2.16852;-0.00555825;-0.00463006;-0.00251904;-0.00253272;-0.00765558;0.992697;0.0103812;-0.00329336;0.994042;0.0196163;0.988991;1;3;1
215.531;813.06;7.04069;-2.00692;-0.00490289;-0.00345848;-0.00119334;-0.00278583;-0.00557554;0.99487;0.0119503;-0.0100422;0.999671;0.0201523;0.987759;1;3;1
238.531;813.06;6.94768;-1.82265;-0.00332611;-0.00448667;-0.000259161;-0.00327087;-0.00454191;0.99468;0.010095;-0.00404767;0.997325;0.0161717;0.993664;1;3;1
261.531;813.06;6.88601;-1.64597;-0.004202;-0.00373055;-0.0014329;-0.00251411;-0.00541844;0.999336;0.00338944;-0.00735878;0.993949;0.0175732;0.992952;1;3;1
284.531;813.06;6.75296;-1.51622;-0.00503292;-0.00525553;-0.000286282;-0.00483707;-0.00545139;0.995094;0.00564446;-0.00535027;0.994658;0.0188284;0.993004;1;3;1
307.531;813.06;6.65293;-1.3454;-0.00347457;-0.00505996;-0.000580121;-0.00328497;-0.00524956;0.995533;0.0130493;-0.00965721;0.995257;0.0180841;0.99223;1;3;1
330.531;813.06;6.59168;-1.18881;-0.00334797;-0.00531967;-0.000890067;-0.00300562;-0.00566202;0.990781;0.0107285;-0.00585839;0.990224;0.0223489;0.983986;1;3;1
353.531;813.06;6.49746;-1.01306;-0.00276048;-0.0053434;-0.000521791;-0.00265905;-0.00544483;1.00083;0.00578979;-0.00598873;0.993785;0.027203;0.987987;1;3;1
376.531;813.06;6.46332;-0.857529;-0.00264495;-0.0068749;-0.000398835;-0.00260768;-0.00691218;1.00099;0.0104494;-0.00769532;0.993106;0.0213591;0.984925;1;3;1
399.531;813.06;6.37435;-0.670845;-0.00250953;-0.0067737;-0.0012983;-0.00214534;-0.00713789;0.994782;0.0083798;-0.00511487;0.995917;0.0235359;0.984778;1;3;1
422.531;813.06;6.34657;-0.529061;-0.000833961;-0.00608444;-0.000157314;-0.000829252;-0.00608915;0.998807;0.00809223;-0.0111697;0.997978;0.0203778;0.990395;1;3;1
445.531;813.06;6.3344;-0.291214;-0.00280036;-0.00577521;-0.00056797;-0.00269561;-0.00587996;1.00244;0.0153865;-0.00802478;0.992581;0.0202515;0.991623;1;3;1
468.531;813.06;6.21621;-0.176354;-0.00536468;-0.00495634;-0.000893676;-0.00424381;-0.00607721;0.995126;0.00609531;-0.00913469;0.996439;0.0232184;0.985792;1;3;1
491.531;813.06;6.08592;0.0182272;-0.0027456;-0.00297093;-0.000314492;-0.0025242;-0.00319233;0.998341;0.00698021;-0.00487265;0.995831;0.0227499;0.978524;1;3;1
514.531;813.06;6.08823;0.195514;-0.00060582;-0.00510302;-0.00175681;-9.00301e-07;-0.00570794;0.999365;0.0118094;-0.00993026;0.990149;0.0186833;0.990234;1;3;1
537.531;813.06;6.05723;0.29119;-0.00270887;-0.00454188;-0.00151135;-0.00185784;-0.00539291;1.00023;0.00913242;-0.00572027;0.993743;0.0187207;0.991467;1;3;1
560.531;813.06;5.9627;0.458534;-0.0024309;-0.00470166;-0.00103205;-0.00203194;-0.00510062;0.997111;0.0107045;-0.00763132;0.991076;0.0191957;0.991971;1;3;1
583.531;813.06;5.94373;0.667621;-0.00124164;-0.00320354;-0.00157776;-0.000364742;-0.00408044;0.995878;0.00801991;-0.00724037;0.995917;0.0190145;0.992248;1;3;1
606.531;813.06;5.90436;0.789472;-0.000410076;-0.00552728;-0.000778846;-0.00029416;-0.00564319;0.998875;0.00839467;-0.00316009;0.9873;0.020439;0.98952;1;3;1
629.531;813.06;5.92377;0.984872;-0.00196224;-0.00409919;-0.000787662;-0.00170329;-0.00435814;0.999902;0.0100963;-0.00648879;0.996851;0.0225155;0.98775;1;3;1
652.531;813.06;5.81278;1.1254;-0.00305137;-0.00283766;-0.00105837;-0.00188076;-0.00400826;0.994935;0.00762548;-0.00783989;1.00016;0.0200082;0.9891;1;3;1
675.531;813.06;5.78204;1.31035;-0.000395596;-0.00391628;0.000704762;-0.000259759;-0.00405212;1.00244;0.0129101;-0.0114913;0.995612;0.0224775;0.984032;1;3;1
698.531;813.06;5.79292;1.51609;-0.00109944;-0.00470583;2.17318e-05;-0.00109931;-0.00470596;0.998721;0.0108778;-0.00384143;0.990375;0.021524;0.986346;1;3;1
721.531;813.06;5.72997;1.67765;-0.00215746;-0.00252887;0.000376985;-0.00192292;-0.00276341;0.997693;0.0168499;-0.0069991;1.00156;0.0239453;0.977311;1;3;1
744.531;813.06;5.69229;1.85782;-0.000388283;-0.00544781;0.000385239;-0.000359119;-0.00547697;0.999615;0.0121753;-0.0177935;0.997496;0.0270373;0.978303;1;3;1
767.531;813.06;5.71037;2.0767;0.000352544;-0.00485838;-0.00162437;0.000817425;-0.00532326;1.00189;0.00958295;-0.00292473;0.999671;0.020957;0.989258;1;3;1
790.531;813.06;5.70737;2.18219;0.000406851;-0.00343702;-0.00154699;0.000952104;-0.00398227;0.999329;0.0134208;-0.00398937;0.998186;0.0223609;0.979896;1;3;1
813.531;813.06;5.72798;2.39438;0.00169002;-0.00473904;0.000564526;0.00173921;-0.00478823;1.00071;0.01451;-0.0139369;0.993966;0.0204789;0.988481;1;3;1
836.531;813.06;5.78268;2.64813;-0.000493021;-0.00435843;9.97106e-05;-0.000490451;-0.004361;0.995593;0.0119799;-0.00278733;0.993517;0.0289068;0.97613;1;2;1
859.531;813.06;5.70392;2.7501;-0.00421501;-0.00421125;-0.000254068;-0.00395906;-0.0044672;1.00375;0.0114269;-0.00407955;0.994197;0.0301003;0.966655;1;3;1
882.531;813.06;5.58741;2.947;0.000818066;-0.00285459;0.000208353;0.000829848;-0.00286638;1.00244;0.0127149;-0.00508437;1.00317;0.022565;0.978985;1;3;1
905.531;813.06;5.73991;3.13758;0.00443012;-0.00472593;5.68585e-05;0.00443047;-0.00472628;1.0067;0.0130825;-0.0143451;1.00085;0.0229223;0.986468;1;3;1
928.531;813.06;5.78869;3.38283;0.00246262;-0.00418447;0.000437402;0.00249128;-0.00421313;1.00223;0.00270048;-0.00651661;0.997086;0.02103;0.981719;1;2;1
951.531;813.06;5.85194;3.45763;-0.000332576;-0.00424733;-9.75238e-05;-0.000330148;-0.00424975;0.991705;0.0102146;-0.00543188;0.99508;0.0217749;0.983377;1;3;1
974.531;813.06;5.7724;3.68386;-0.00108386;-0.00408585;-0.000254187;-0.00106249;-0.00410722;1.00854;0.0151017;-0.00550261;0.99693;0.019407;0.989143;1;3;1
997.531;813.06;5.80048;3.83764;0.00223184;-0.00410525;-0.000156225;0.00223569;-0.0041091;0.999669;0.00596288;-0.00930779;0.994191;0.0239111;0.979645;1;2;1
1020.53;813.06;5.87386;4.00135;0.000821984;-0.00287735;0.00117723;0.00116484;-0.00322021;1.00274;0.00393512;-0.00244244;0.994064;0.0259023;0.980377;1;2;1
1043.53;813.06;5.83692;4.19139;-0.00168552;-0.00291632;0.000408724;-0.00156216;-0.00303969;1.00085;0.00498246;-0.0130496;0.992554;0.0244292;0.976388;1;2;1
1066.53;813.06;5.79484;4.3631;8.92071e-05;-0.00404018;0.0013191;0.000474613;-0.00442558;0.998943;0.00918401;-0.00750739;0.99892;0.0241521;0.985403;1;3;1
1089.53;813.06;5.83903;4.6199;0.00344651;-0.00371019;0.00182565;0.00388532;-0.004149;1.00657;0.00237074;-0.0153623;0.998015;0.0286633;0.973991;1;3;1
1112.53;813.06;5.95097;4.80729;0.00295656;-0.000701237;0.000561592;0.00304084;-0.000785518;0.997726;0.00988991;-0.00649058;0.996278;0.0258412;0.978483;1;3;1
1135.53;813.06;5.97341;4.98135;0.00153496;-0.00242385;-0.000938692;0.00174626;-0.00263515;1.00661;0.0103887;-0.00768771;1.00009;0.025856;0.980326;1;3;1
1158.53;813.06;6.01941;5.24779;0.00220528;-0.00391176;-0.00029915;0.00221987;-0.00392635;0.998852;0.0171116;-0.014611;0.992258;0.0230492;0.978716;1;2;1
1181.53;813.06;6.07264;5.42141;0.00317899;-0.00335901;-0.000763391;0.00326694;-0.00344696;1.00466;0.0116753;-0.00479208;0.99396;0.025079;0.981477;1;3;1
1204.53;813.06;6.16411;5.59442;0.00198131;-0.00432989;0.000974333;0.0021283;-0.00447688;0.996349;0.00395942;-0.00830321;0.995245;0.0221521;0.988218;1;2;1
1227.53;813.06;6.1621;5.80466;-0.00127092;-0.0011896;0.000779575;-0.000449627;-0.0020109;1.0094;0.00512409;-0.013314;1.00664;0.024841;0.979213;1;2;1
1250.53;813.06;6.10325;6.06036;0.00269922;-0.00257961;0.00126977;0.00298877;-0.00286916;0.994658;0.00805486;-0.00909053;1.00217;0.0275304;0.979136;1;2;1
1273.53;813.06;6.28382;6.26268;0.00792044;-0.00379197;0.000603585;0.00795147;-0.00382299;1.0083;0.0061255;-0.0124427;0.989628;0.0336893;0.964128;1;3;1
31.5305;790.06;8.13034;-3.02059;-0.0075485;-0.00522936;-0.00151055;-0.00448463;-0.00829323;0.990779;0.0152101;-0.00682628;0.993187;0.0217174;0.988809;1;3;1
54.5305;790.06;7.95563;-2.87929;-0.00653246;-0.00469382;-0.00024877;-0.00466075;-0.00656552;0.992391;0.00617967;-0.00768124;0.999986;0.0257452;0.979055;1;3;1
77.5306;790.06;7.82785;-2.71769;-0.00454902;-0.00556696;-0.000101041;-0.00453909;-0.00557689;0.997454;0.00416962;-0.000696147;0.991424;0.020458;0.991347;1;3;1
100.531;790.06;7.74512;-2.61391;-0.00436542;-0.00399522;-0.000469515;-0.00367563;-0.004685;0.999596;0.00382913;-0.00492485;0.997859;0.0209901;0.990781;1;3;1
123.531;790.06;7.62603;-2.48842;-0.00535926;-0.00531589;-0.00091561;-0.00442171;-0.00625344;0.991135;0.00433025;-0.00404081;0.993267;0.0221715;0.990625;1;3;1
146.531;790.06;7.4969;-2.30708;-0.0039578;-0.00623852;-0.000290422;-0.0039214;-0.00627492;0.998555;0.0156733;-0.015944;0.990848;0.0203874;0.99221;1;2;1
169.531;790.06;7.44186;-2.08767;-0.00322345;-0.00591932;-0.000646493;-0.00307643;-0.00606634;0.998363;0.0101381;-0.00161206;0.988126;0.0222606;0.988799;1;3;1
192.531;790.06;7.34768;-2.05206;-0.00374071;-0.00555893;-0.00279558;-0.00171013;-0.00758951;0.996421;0.00596632;-0.00614419;0.996828;0.0223914;0.987971;1;3;1
215.531;790.06;7.2692;-1.93384;-0.00472997;-0.00530534;-0.0012894;-0.00369655;-0.00633876;0.993779;0.0100782;-0.0072819;0.99402;0.0228262;0.98539;1;2;1
238.531;790.06;7.12844;-1.72832;-0.00430524;-0.00567423;-0.00045745;-0.00416645;-0.00581302;0.994967;0.00646327;-0.00837357;0.995036;0.0202727;0.993428;1;2;1
261.531;790.06;7.06897;-1.532;-0.00421583;-0.00456313;-0.000554544;-0.00380838;-0.00497057;1.00081;0.0125;-0.00832698;0.995833;0.0202364;0.989985;1;2;1
284.531;790.06;6.93269;-1.36939;-0.00379575;-0.00577749;-0.00128864;-0.00316107;-0.00641217;0.989943;0.0107746;-0.00884911;0.996382;0.0199378;0.991161;1;3;1
307.531;790.06;6.8931;-1.23942;-0.00247109;-0.00467284;-0.00114231;-0.00198553;-0.0051584;1.00518;0.00856588;-0.00677121;0.995134;0.0185614;0.992758;1;3;1
330.531;790.06;6.81749;-1.01204;-0.00400881;-0.00567753;-0.000311363;-0.0039526;-0.00573373;0.993321;0.00543708;-0.00628955;0.997168;0.0186085;0.993204;1;2;1
353.531;790.06;6.70667;-0.850433;-0.00337009;-0.00510066;-0.00117557;-0.00277569;-0.00569507;0.995116;0.00759476;-0.0091139;0.994727;0.0201029;0.989893;1;3;1
376.531;790.06;6.66109;-0.69281;-0.00239264;-0.00667849;-0.000981086;-0.00217874;-0.0068924;1.00205;0.00862762;-0.00456774;0.993282;0.0194503;0.989494;1;2;1
399.531;790.06;6.59558;-0.563585;-0.00126718;-0.00454007;-0.000959466;-0.00100664;-0.00480061;0.996016;0.0114676;-0.00867163;0.991118;0.0205509;0.988331;1;3;1
422.531;790.06;6.60152;-0.354706;-0.00196169;-0.00555828;-0.000473177;-0.00190048;-0.00561949;0.993151;0.00724577;-0.00706953;0.989402;0.0225249;0.989104;1;3;1
445.531;790.06;6.50349;-0.160398;-0.00464701;-0.00456208;-0.000726721;-0.00387659;-0.00533251;1.00319;0.00142993;-0.00269844;0.994443;0.0216931;0.988422;1;3;1
468.531;790.06;6.38636;-0.0680442;-0.00347406;-0.00490938;-0.00207426;-0.00199682;-0.00638662;0.994589;0.0133175;-0.00967234;0.992827;0.0196415;0.991011;1;3;1
491.531;790.06;6.34278;0.0775106;-0.00188167;-0.00271713;-0.000742278;-0.00144765;-0.00315115;0.997499;0.01376;-0.0108987;0.993309;0.0190443;0.987899;1;3;1
514.531;790.06;6.298;0.32923;-0.00261722;-0.00558246;-0.000976707;-0.00232442;-0.00587526;0.995557;0.0113357;-0.00467197;0.993944;0.0225203;0.986085;1;3;1
537.531;790.06;6.22079;0.44083;-0.00146936;-0.00651739;-0.000630936;-0.0013917;-0.00659506;1.0022;0.00613077;-0.00754057;0.991315;0.0214255;0.986099;1;3;1
560.531;790.06;6.22927;0.646235;-0.0012442;-0.00417774;-0.00137711;-0.000699051;-0.0047229;0.998102;0.00782861;-0.00685191;1.00094;0.0257881;0.980375;1;3;1
583.531;790.06;6.16262;0.728447;-0.00298343;-0.00397343;-0.000313934;-0.00289227;-0.00406459;0.992412;0.0144607;-0.00675365;0.994848;0.0239479;0.979852;1;3;1
606.531;790.06;6.09054;0.989746;-0.00282002;-0.00596602;-0.000258238;-0.00279896;-0.00598707;0.995011;0.0117375;-0.00643106;0.996154;0.0195619;0.988436;1;3;1
629.531;790.06;6.03122;1.09994;-0.00145221;-0.0048248;-0.00101469;-0.00117046;-0.00510655;1.0055;0.00390607;-0.00584201;0.996544;0.0200584;0.990507;1;3;1
652.531;790.06;6.02313;1.21645;-0.00203721;-0.00582658;-0.000977752;-0.0017998;-0.00606399;0.997607;0.0146765;-0.00292971;0.996349;0.0212486;0.987685;1;3;1
675.531;790.06;5.93619;1.43454;-0.001694;-0.00644267;-0.000399796;-0.00166058;-0.0064761;0.995236;0.00506253;-0.0122109;0.993074;0.0215294;0.989559;1;3;1
698.531;790.06;5.94313;1.64642;-0.0011553;-0.00531499;-9.8096e-05;-0.00115299;-0.00531731;1.00281;0.0068913;-0.00551682;1.00161;0.0207958;0.987737;1;3;1
721.531;790.06;5.88169;1.78335;-0.00136685;-0.00359506;-0.000447011;-0.00128052;-0.00368139;1.00367;-0.000561507;-0.00753995;0.994303;0.028006;0.978523;1;3;1
744.531;790.06;5.87888;1.9962;0.00170317;-0.00555302;-0.00066296;0.00176325;-0.00561309;1.00174;0.00771814;-0.00803907;0.995436;0.020834;0.985164;1;3;1
767.531;790.06;5.95833;2.17213;0.000655803;-0.00478376;-6.19258e-05;0.000656508;-0.00478446;0.997592;0.0123785;-0.00796146;0.994179;0.0197778;0.98683;1;3;1
790.531;790.06;5.9076;2.36;-0.000410979;-0.00471457;-0.000647779;-0.00031559;-0.00480996;0.999445;0.00796183;-0.00898033;0.993481;0.0231014;0.978941;1;3;1
813.531;790.06;5.93808;2.52378;-0.000180959;-0.00444753;-0.00118124;0.000124244;-0.00475273;1.00452;6.19447e-05;-0.00720681;0.997049;0.0215983;0.984135;1;3;1
836.531;790.06;5.89829;2.66106;-0.00154059;-0.00213319;0.000682596;-0.00109276;-0.00258102;0.997411;0.00261151;-0.00834333;1.0004;0.0227249;0.986999;1;2;1
859.531;790.06;5.86561;2.90036;-0.000174599;-0.00447445;-0.000436575;-0.00013072;-0.00451833;1.00333;0.00854094;-0.00290818;0.991615;0.0234463;0.984206;1;4;1
882.531;790.06;5.88881;3.02507;0.00201923;-0.00282658;-0.0016933;0.00255229;-0.00335964;1.00278;0.00713038;-0.0124194;0.989221;0.0261901;0.967218;1;3;1
905.531;790.06;5.957;3.26038;-1.39173e-05;-0.00581054;2.12021e-05;-1.38398e-05;-0.00581062;1.00292;0.0093444;-0.00911215;0.988149;0.0263866;0.977833;1;2;1
928.531;790.06;5.88599;3.47372;-0.000882528;-0.0021463;0.000691027;-0.00057804;-0.00245079;0.996671;0.0133459;-0.00632316;0.999658;0.0220728;0.987737;1;3;1
951.531;790.06;5.9153;3.57517;0.00180943;-0.00363278;0.000653483;0.0018868;-0.00371015;0.996732;0.0084237;-0.0101591;0.998294;0.020278;0.987848;1;3;1
974.531;790.06;5.96823;3.7646;0.000964793;-0.00288531;0.0007831;0.00111798;-0.0030385;1.00972;0.00317005;-0.00501659;0.9986;0.0219824;0.984962;1;2;1
997.531;790.06;5.9582;3.94154;0.000555704;-0.00348959;-0.000480042;0.000611889;-0.00354578;0.999204;0.00885948;-0.00879774;0.99703;0.0251539;0.984687;1;2;1
1020.53;790.06;5.99274;4.07403;0.00242493;-0.00456283;0.000441312;0.00245269;-0.0045906;0.999436;0.0120115;-0.00736199;0.997468;0.0246605;0.986061;1;2;1
1043.53;790.06;6.06838;4.27956;0.00224427;-0.00374309;0.000510536;0.00228749;-0.00378632;1.00437;0.0143362;-0.00713079;1.00026;0.0247114;0.981032;1;3;1
1066.53;790.06;6.09378;4.51226;-0.00116672;-0.0049569;-0.000229204;-0.00115291;-0.00497071;0.996687;0.0173844;-0.0133054;0.992231;0.0274347;0.977667;1;3;1
1089.53;790.06;6.01224;4.75265;-0.000388459;-0.00489073;-0.000219219;-0.00037781;-0.00490138;1.00255;0.0107372;-0.00488952;0.992845;0.0303581;0.962107;1;3;1
1112.53;790.06;6.07456;4.86364;0.00474213;-0.0048885;-0.000149201;0.00474444;-0.00489081;0.999436;0.00570008;-0.00539015;1.00129;0.0276856;0.9747;1;3;1
1135.53;790.06;6.22901;5.03342;0.00297348;-0.00263053;0.00163005;0.00341312;-0.00307018;1.00292;0.00357131;-0.0114613;0.998901;0.02413;0.982019;1;3;1
1158.53;790.06;6.20902;5.30573;0.000329795;-0.00287849;0.00123096;0.000747666;-0.00329636;0.999765;0.000624839;-0.00982166;0.997446;0.0238951;0.982635;1;2;1
1181.53;790.06;6.24189;5.49255;0.00102852;-0.00286476;-9.58235e-05;0.00103087;-0.00286712;1.00195;0.00777362;-0.011229;0.996956;0.0193218;0.991963;1;3;1
1204.53;790.06;6.25491;5.66456;0.00224502;-0.0040795;9.55397e-05;0.00224647;-0.00408094;0.99837;0.00533629;-0.00392089;0.994512;0.0187171;0.990624;1;3;1
1227.53;790.06;6.34404;5.79652;0.00224492;-0.0020139;0.000415979;0.00228517;-0.00205415;1.01169;0.00889033;-0.0124653;0.994283;0.0206164;0.990395;1;2;1
1250.53;790.06;6.35582;6.11963;0.00189674;-0.00335404;0.00117844;0.00214909;-0.00360639;0.997671;0.00729707;-0.0069205;0.99439;0.0238913;0.989923;1;2;1
1273.53;790.06;6.42791;6.34816;0.00318867;-0.00381703;0.00137497;0.00344886;-0.00407723;1.00614;0.0112003;-0.0124928;0.99795;0.0258647;0.990619;1;2;1
31.5305;767.06;8.40392;-2.89419;-0.0114359;-0.00458549;-0.00296145;-0.00348276;-0.0125386;0.987137;0.000845194;-0.00288677;0.996745;0.0232539;0.985052;1;3;1
54.5305;767.06;8.1393;-2.83853;-0.00930154;-0.00442649;-0.0014768;-0.00401402;-0.009714;0.992561;0.0111317;-0.00843549;0.988088;0.0251947;0.983027;1;3;1
77.5306;767.06;7.97318;-2.61444;-0.00656955;-0.00540318;-0.00129663;-0.00456462;-0.00740811;0.982515;0.00789318;-0.00217778;0.990569;0.0260183;0.984272;1;2;1
100.531;767.06;7.83502;-2.52357;-0.00367115;-0.00473131;-0.00118284;-0.00290504;-0.00549741;1.00869;0.0159069;-0.00643194;0.989766;0.023696;0.982606;1;3;1
123.531;767.06;7.80317;-2.33957;-0.00242917;-0.00583756;-0.00119117;-0.00205415;-0.00621259;0.989417;0.0103293;-0.00754445;0.995437;0.0232548;0.980701;1;3;1
146.531;767.06;7.72167;-2.15664;-0.0041226;-0.00645624;-0.000579974;-0.00398641;-0.00659243;1.00074;0.0119537;-0.00575329;0.988297;0.0220877;0.988648;1;3;1
169.531;767.06;7.61182;-1.9917;-0.00291387;-0.00409603;-0.00200802;-0.00141174;-0.00559816;0.999411;0.00998626;-0.00792028;0.995296;0.0245039;0.987309;1;3;1
192.531;767.06;7.58678;-1.91024;-0.00277447;-0.00572796;-0.00202433;-0.00174549;-0.00675694;0.997217;0.0126827;-0.00574662;0.989117;0.0236154;0.989287;1;2;1
215.531;767.06;7.48343;-1.76008;-0.00421268;-0.00652357;-0.000250384;-0.00418586;-0.00655039;0.991251;0.00884894;-0.00676581;0.991116;0.0211621;0.990372;1;3;1
238.531;767.06;7.39123;-1.55874;-0.00404011;-0.00545039;-0.00162351;-0.00297522;-0.00651528;0.995169;0.00541187;-0.00451246;0.992323;0.0229031;0.990608;1;3;1
261.531;767.06;7.29605;-1.43375;-0.00490586;-0.00493101;-0.00060752;-0.00431078;-0.00552608;0.995315;0.00788359;-0.00630012;0.995789;0.0217349;0.989797;1;3;1
284.531;767.06;7.16395;-1.24784;-0.00390941;-0.00486044;-0.00132477;-0.0029774;-0.00579245;0.993958;0.00639956;-0.0114452;0.993934;0.0215468;0.987093;1;3;1
307.531;767.06;7.11484;-1.12762;-0.00334316;-0.00569678;-0.000727256;-0.00313657;-0.00590337;0.998162;0.00990911;-0.00335049;0.996326;0.0201406;0.990339;1;3;1
330.531;767.06;7.00877;-0.924995;-0.00409685;-0.00399668;-0.000456894;-0.00358713;-0.00450639;1.0012;0.0104258;-0.00701211;0.991947;0.0232811;0.985323;1;3;1
353.531;767.06;6.92464;-0.775837;-0.00364142;-0.0032035;-0.000144077;-0.00316035;-0.00368457;0.992531;0.00655284;-0.0101865;0.987927;0.0188257;0.987744;1;3;1
376.531;767.06;6.83941;-0.547738;-0.00268833;-0.00531571;-0.000726178;-0.00250099;-0.00550306;0.997641;0.00356969;-0.00688059;0.995113;0.0210411;0.984076;1;3;1
399.531;767.06;6.79972;-0.45955;-0.0010139;-0.00579014;-0.000545138;-0.000952466;-0.00585157;0.995783;0.00805367;-0.00590599;0.995068;0.0256148;0.981999;1;2;1
422.531;767.06;6.79191;-0.270497;-0.00238603;-0.00533698;0.000577793;-0.00227693;-0.00544608;0.998968;0.0132656;-0.00615452;0.996941;0.0198174;0.987367;1;3;1
445.531;767.06;6.68826;-0.0795099;-0.00315815;-0.00424755;-0.000190954;-0.00312565;-0.00428005;1.00205;0.0117672;-0.00928268;0.994707;0.0202442;0.990822;1;3;1
468.531;767.06;6.64527;0.0520452;-0.00296155;-0.00442121;-0.00237733;-0.00120454;-0.00617821;0.995005;0.00794306;-0.00306628;0.994134;0.022516;0.986673;1;3;1
491.531;767.06;6.55127;0.145746;-0.00223535;-0.00583205;-0.000278466;-0.00221392;-0.00585348;0.995889;0.00250233;-0.0125224;0.997295;0.0241495;0.98629;1;3;1
514.531;767.06;6.54056;0.455264;-0.00256913;-0.00397911;0.000134154;-0.00255648;-0.00399176;0.991707;0.00221719;-0.00512682;0.994677;0.0201713;0.992536;1;3;1
537.531;767.06;6.43076;0.5935;-0.00355478;-0.00429362;-0.00222086;-0.00167283;-0.00617557;1.00528;0.0149754;-0.00434821;0.992928;0.0198135;0.989789;1;3;1
560.531;767.06;6.37632;0.652981;-0.00247867;-0.00286815;-0.00144723;-0.00121314;-0.00413368;0.991744;0.0106013;-0.0059974;0.992419;0.0222178;0.982758;1;3;1
583.531;767.06;6.31587;0.852275;-0.00165003;-0.00515015;0.000293791;-0.00162554;-0.00517464;0.998352;0.00477806;-0.00889365;0.993424;0.0203164;0.986715;1;2;1
606.531;767.06;6.29849;1.06643;-0.00154882;-0.00426851;-0.000682169;-0.00138731;-0.00443002;0.992698;0.00269069;-0.0114452;0.994827;0.021463;0.983404;1;3;1
629.531;767.06;6.24318;1.20846;-0.00132675;-0.00477415;-0.00148635;-0.000774406;-0.00532649;1.0008;0.01283;-0.0039838;0.991943;0.0219747;0.983619;1;3;1
652.531;767.06;6.23624;1.39617;0.000116661;-0.0056947;0.000712374;0.000202712;-0.00578075;1.00328;0.00268006;-0.00733741;0.989612;0.0202266;0.987043;1;3;1
675.531;767.06;6.2468;1.61003;-0.00185636;-0.00431099;-0.000579594;-0.00172638;-0.00444097;0.995802;0.00782121;-0.00820207;0.998069;0.0225979;0.986412;1;3;1
698.531;767.06;6.14931;1.76262;-0.00273643;-0.00385581;-0.00226842;-0.000959673;-0.00563257;0.998646;0.0085515;-0.00494952;0.993159;0.0215901;0.989818;1;3;1
721.531;767.06;6.12015;1.84498;-0.000191528;-0.00451792;-0.00145461;0.000252055;-0.0049615;0.99988;0.019742;-0.0110785;0.990846;0.0212243;0.987902;1;3;1
744.531;767.06;6.13914;2.11615;-0.000869921;-0.00341801;0.000840478;-0.000617665;-0.00367026;1.00094;0.00849896;-0.0108598;0.995967;0.023348;0.981043;1;3;1
767.531;767.06;6.07787;2.29876;-0.000459247;-0.00441086;-0.00039946;-0.000419271;-0.00445083;0.998426;4.14255e-05;-0.00590115;0.997349;0.025028;0.97648;1;3;1
790.531;767.06;6.11712;2.40141;0.00129576;-0.00343782;-0.00122555;0.00159424;-0.0037363;1.00119;0.0112185;-0.00845998;0.996605;0.0241512;0.983797;1;3;1
813.531;767.06;6.13645;2.60124;-0.00042773;-0.00462925;-4.85787e-05;-0.000427169;-0.00462982;1.00191;0.0110092;-0.00726963;0.99335;0.0201814;0.988534;1;3;1
836.531;767.06;6.09614;2.74743;-0.000619823;-0.00450542;-0.000625139;-0.000521723;-0.00460352;0.999666;0.0120375;-0.00519146;0.988354;0.0195567;0.989265;1;3;1
859.531;767.06;6.10654;2.95816;0.000135174;-0.00247;-0.000326969;0.000175585;-0.00251041;0.996997;0.00943945;-0.00977772;0.999266;0.0260921;0.976052;1;3;1
882.531;767.06;6.10115;3.08009;0.00173293;-0.00314043;0.00118868;0.00200741;-0.00341491;0.996647;0.0149276;-0.00804221;1.00042;0.0242721;0.97253;1;3;1
905.531;767.06;6.18399;3.40781;-0.0013023;-0.00218557;0.000693163;-0.000922037;-0.00256583;1.00224;0.00401344;-0.00512511;1.00134;0.0248007;0.977931;1;3;1
928.531;767.06;6.03945;3.48235;-0.00222032;-0.00199557;-0.00159657;-0.000507424;-0.00370847;0.995004;0.000661511;-0.00595314;0.995232;0.0222674;0.986843;1;3;1
951.531;767.06;6.08123;3.62561;0.000590625;-0.00397273;-2.11984e-05;0.000590723;-0.00397282;0.994053;0.0031529;-0.0118732;0.99428;0.0198265;0.987237;1;3;1
974.531;767.06;6.06539;3.81771;0.0015901;-0.00247154;0.000341695;0.00161864;-0.00250009;1.01038;0.00470322;-0.00907461;0.993111;0.023405;0.979459;1;3;1
997.531;767.06;6.15279;3.99979;0.00229237;-0.00211507;0.000158691;0.00229808;-0.00212077;0.999674;0.00355554;-0.00872528;0.997392;0.0205758;0.987868;1;2;1
1020.53;767.06;6.16902;4.21267;0.00161724;-0.00334611;-0.00109921;0.00184978;-0.00357865;1.00104;0.00815085;-0.00659711;0.995511;0.0250556;0.987212;1;3;1
1043.53;767.06;6.22568;4.36555;0.00260759;-0.00315614;0.000493862;0.00264961;-0.00319815;1.00013;0.00300099;-0.00692197;0.995133;0.0227427;0.98386;1;3;1
1066.53;767.06;6.28724;4.59433;-0.00030798;-0.00356267;0.00222294;0.000819621;-0.00469027;0.998883;0.0041018;-0.0101968;0.997012;0.0269688;0.980884;1;2;1
1089.53;767.06;6.20899;4.84692;-0.000921979;-0.00184198;0.000271705;-0.000847729;-0.00191623;1.00106;0.00777838;-0.0104675;0.997578;0.0252357;0.979442;1;3;1
1112.53;767.06;6.24271;5.03365;0.00120181;-0.00470521;-0.00178911;0.00170144;-0.00520484;0.997864;0.0125044;-0.00483552;0.991533;0.0255822;0.981795;1;3;1
1135.53;767.06;6.26352;5.10343;0.00266589;-0.00438975;0.00168931;0.0030495;-0.00477336;1.00203;0.00134328;-0.00572168;0.990631;0.0268489;0.974381;1;3;1
1158.53;767.06;6.36386;5.38168;0.00386753;-0.00174521;0.00175848;0.00437295;-0.00225063;1.0022;0.00901748;-0.0143697;0.999121;0.0255755;0.98209;1;2;1
1181.53;767.06;6.43888;5.55484;0.00207349;-0.0022407;0.000842585;0.00223222;-0.00239942;1.00026;0.00747487;-0.0030489;0.996956;0.0229497;0.990238;1;3;1
1204.53;767.06;6.45739;5.7834;0.00303644;-0.00371927;-0.000108988;0.0030382;-0.00372103;1.00206;0.0081328;-0.00714082;0.996365;0.0232147;0.989037;1;3;1
1227.53;767.06;6.57706;5.89927;0.00192437;-0.00441259;0.00132445;0.00219005;-0.00467826;1.00496;0.00637315;-0.0120164;0.997182;0.0244084;0.992006;1;2;1
1250.53;767.06;6.54379;6.21702;0.000820051;-0.00269277;0.00237622;0.00201854;-0.00389126;1.00318;0.00958108;-0.0124646;1.00131;0.0220242;0.987989;1;2;1
1273.53;767.06;6.61159;6.43977;0.00299921;-0.0029905;0.000368721;0.00302183;-0.00301311;0.999443;0.00690636;-0.0102531;0.996942;0.025596;0.989756;1;3;1
31.5305;744.06;8.51805;-2.80753;-0.0062303;-0.00524963;-0.000524772;-0.00502176;-0.00645817;0.986689;0.0101482;-0.000204566;0.994583;0.023131;0.9886;1;2;1
54.5305;744.06;8.37391;-2.67331;-0.00549581;-0.00715011;-0.00139838;-0.00469826;-0.00794766;0.996164;0.0100865;-0.00893798;0.993942;0.0210161;0.992331;1;3;1
77.5306;744.06;8.26327;-2.4664;-0.0052932;-0.00543171;-0.00256245;-0.00279906;-0.00792584;0.999432;0.00601225;-0.0067386;0.991838;0.0202724;0.99204;1;3;1
100.531;744.06;8.12892;-2.39415;-0.00349459;-0.00668367;-0.00277248;-0.00189082;-0.00828745;0.993;0.00165102;-0.00422534;0.995963;0.0224182;0.990439;1;3;1
123.531;744.06;8.10155;-2.21663;-0.00498208;-0.00508765;-0.00126468;-0.00376909;-0.00630065;0.997421;0.00830461;-0.0115296;0.99574;0.0220536;0.988061;1;3;1
146.531;744.06;7.89753;-2.00737;-0.00492704;-0.00516283;-0.0011532;-0.00388572;-0.00620415;0.995696;0.00560015;-0.00796198;1.00108;0.0232875;0.987635;1;2;1
169.531;744.06;7.87323;-1.89683;-0.0028577;-0.00448954;-0.00284798;-0.00071107;-0.00663618;0.998195;0.00306296;-0.00630757;0.999463;0.0226587;0.99422;1;3;1
192.531;744.06;7.76536;-1.7859;-0.00497548;-0.00601513;-0.00131595;-0.0040804;-0.00691021;0.992855;0.00476472;-0.00112306;0.996832;0.0220693;0.988775;1;3;1
215.531;744.06;7.64302;-1.63124;-0.00347291;-0.00612747;-0.00049005;-0.00338533;-0.00621504;0.992249;0.008119;-0.00839402;0.995045;0.0210004;0.991051;1;2;1
238.531;744.06;7.60427;-1.47444;-0.00446398;-0.00506575;-0.000334538;-0.00431492;-0.00521481;0.995585;0.0107571;-0.00476727;0.99493;0.0232125;0.985341;1;3;1
261.531;744.06;7.43604;-1.30314;-0.00525101;-0.00623267;-0.000248651;-0.00519162;-0.00629206;0.992869;0.0052277;-0.00709854;0.989962;0.0190488;0.991393;1;3;1
284.531;744.06;7.36088;-1.14326;-0.00331098;-0.00590572;-0.00110924;-0.00290143;-0.00631527;0.997955;0.00790099;-0.010755;0.993535;0.0218459;0.988751;1;3;1
307.531;744.06;7.28231;-0.974964;-0.00321824;-0.00673876;-0.000475573;-0.00315513;-0.00680187;0.998679;0.00525109;-0.00719042;0.993411;0.022456;0.989762;1;3;1
330.531;744.06;7.21151;-0.826127;-0.0039939;-0.00556802;-0.00170224;-0.00290558;-0.00665635;1.00198;0.00779554;-0.00386606;0.996849;0.0199167;0.990389;1;3;1
353.531;744.06;7.0974;-0.701171;-0.00361095;-0.00605851;-0.000887626;-0.00332294;-0.00634652;0.997366;0.00795843;-0.00793315;1.00014;0.0236217;0.985697;1;3;1
376.531;744.06;7.04353;-0.446035;-0.00377342;-0.00535282;-0.000585874;-0.00357982;-0.00554642;0.994079;0.0186831;-0.0100112;0.995653;0.0234545;0.977129;1;3;1
399.531;744.06;6.9217;-0.2953;-0.00249971;-0.00674492;-0.000630619;-0.00240801;-0.00683662;0.994281;0.0122511;-0.0114467;0.996705;0.0217913;0.986233;1;3;1
422.531;744.06;6.92715;-0.107387;-0.00167682;-0.00600207;0.000421562;-0.00163611;-0.00604278;1.00153;-0.00476877;-0.00487705;0.989827;0.0230462;0.983555;1;3;1
445.531;744.06;6.8433;0.0366661;-0.00208147;-0.00429541;-0.00118272;-0.0015685;-0.00480839;1.00023;-0.00155381;-0.00777319;1.00194;0.019087;0.990715;1;3;1
468.531;744.06;6.83065;0.137938;-0.00156444;-0.00308226;-0.000493694;-0.00141799;-0.00322871;0.993783;0.00657955;-0.00154024;1.00132;0.0219483;0.990177;1;3;1
491.531;744.06;6.77022;0.348569;-0.00209235;-0.00614533;-0.000452184;-0.00204251;-0.00619517;0.99686;0.0111029;-0.00739533;0.99518;0.0195392;0.991306;1;3;1
514.531;744.06;6.73275;0.514697;-0.00316626;-0.00342246;-0.00129941;-0.00198865;-0.00460007;0.995585;0.0121508;-0.00360981;1.00082;0.018532;0.993134;1;3;1
537.531;744.06;6.62341;0.640532;-0.00240075;-0.00234492;-0.00199461;-0.000378032;-0.00436764;1.00112;0.00692979;-0.00917225;1.00796;0.0191975;0.992499;1;3;1
560.531;744.06;6.62142;0.780035;-0.00162254;-0.00520054;-0.00127423;-0.00121513;-0.00560794;0.997168;0.0115596;-0.0043097;0.996724;0.0208172;0.987572;1;3;1
583.531;744.06;6.54755;0.967586;-0.00240984;-0.00339894;-0.000338982;-0.00230482;-0.00350396;0.992634;0.00842387;-0.00848484;0.99768;0.0219483;0.985395;1;3;1
606.531;744.06;6.50861;1.18843;-0.00107421;-0.00380733;-0.000647868;-0.000928413;-0.00395313;1.00146;0.0129882;-0.00657334;0.994277;0.0182185;0.990789;1;3;1
629.531;744.06;6.49674;1.32244;-0.00327401;-0.0052216;-0.00139723;-0.00254471;-0.0059509;0.995145;0.00539267;-0.00730323;0.998181;0.0207018;0.987564;1;3;1
652.531;744.06;6.35683;1.48037;-0.00305014;-0.00359553;-0.000950284;-0.0023342;-0.00431147;0.997462;0.00920453;-0.00650539;0.996828;0.0205813;0.986364;1;3;1
675.531;744.06;6.35515;1.63519;0.000685903;-0.00257709;-2.19006e-05;0.00068605;-0.00257724;0.995284;0.00253133;-0.0050951;0.999745;0.0223255;0.982466;1;3;1
698.531;744.06;6.38707;1.82628;0.000299784;-0.00441087;-0.000473946;0.000346996;-0.00445808;1.00553;0.00923737;-0.00914488;0.996404;0.0208811;0.987093;1;3;1
721.531;744.06;6.36754;1.99422;-0.00286081;-0.00594489;-0.0010192;-0.00255443;-0.00625127;0.991044;0.00488728;-0.00847197;0.996319;0.0232549;0.987865;1;3;1
744.531;744.06;6.25411;2.15524;-0.00188353;-0.00388751;2.00835e-05;-0.00188333;-0.00388771;1.00183;0.00955266;-0.00740629;0.995568;0.0239253;0.982355;1;3;1
767.531;744.06;6.27922;2.3766;0.00149222;-0.00436966;-0.00171507;0.00195715;-0.00483458;0.999246;0.00910452;-0.00670144;0.997165;0.0268012;0.984327;1;3;1
790.531;744.06;6.32125;2.52028;0.000202478;-0.00437252;-0.000267275;0.000218039;-0.00438808;1.00068;0.0072464;-0.0105109;0.992355;0.0227139;0.983473;1;3;1
813.531;744.06;6.28711;2.73856;-0.000185931;-0.00428521;-0.000503514;-0.00012499;-0.00434615;1.00403;0.0104569;-0.00197896;0.996771;0.0208626;0.986791;1;3;1
836.531;744.06;6.31136;2.87064;-0.00127734;-0.00704295;-0.000482965;-0.00123717;-0.00708312;0.996887;0.00616708;-0.00871177;0.99859;0.020604;0.985645;1;2;1
859.531;744.06;6.22748;3.01554;-0.00180873;-0.00589352;0.000156344;-0.00180276;-0.00589949;0.997815;0.00445696;-0.00391306;0.99288;0.0294819;0.982783;1;3;1
882.531;744.06;6.2271;3.17101;0.00149847;-0.00440415;0.00027822;0.00151155;-0.00441724;1.00042;0.00278182;-0.0148662;0.994647;0.0247938;0.977248;1;3;1
905.531;744.06;6.29505;3.36227;0.000557781;-0.00116315;0.00104807;0.00105336;-0.00165873;1.00074;0.00921629;-0.00855712;0.995442;0.0200618;0.986908;1;3;1
928.531;744.06;6.25105;3.56706;-0.000918201;-0.00450143;-0.000416742;-0.000870371;-0.00454926;0.996382;0.00671144;-0.00840035;0.998004;0.0207368;0.98743;1;2;1
951.531;744.06;6.25108;3.75951;0.0012946;-0.00478402;-0.00102959;0.00146426;-0.00495367;1.00621;0.0092492;-0.00695905;0.99759;0.0236411;0.985079;1;3;1
974.531;744.06;6.3095;3.8797;0.00188523;-0.00356127;-0.0017028;0.00237378;-0.00404982;1.00161;0.0138162;-0.00958849;1.00207;0.0226946;0.984274;1;3;1
997.531;744.06;6.33686;4.04049;0.00325475;-0.00400995;0.000624922;0.00330811;-0.00406331;1.00584;0.00693109;-0.0116383;0.999791;0.0239594;0.986225;1;3;1
1020.53;744.06;6.45764;4.23056;0.00146378;-0.00327054;0.000525235;0.00152135;-0.00332811;0.999329;0.00400168;-0.00554008;0.998037;0.0275315;0.980085;1;3;1
1043.53;744.06;6.40253;4.42619;-0.00187768;-0.00387693;0.00122986;-0.00129244;-0.00446218;1.00061;0.00929106;-0.00931032;0.99873;0.0207723;0.983422;1;2;1
1066.53;744.06;6.36902;4.67727;0.000553509;-0.00325219;0.00191124;0.00134764;-0.00404632;0.99715;0.00641104;-0.00970658;0.998258;0.0258061;0.977375;1;2;1
1089.53;744.06;6.42613;4.83933;0.00275839;-0.00165187;0.000541931;0.00282401;-0.00171748;1.0072;0.000664171;-0.00823542;0.999551;0.0246399;0.983863;1;3;1
1112.53;744.06;6.49395;5.08251;-0.000104829;-0.00240677;0.000381357;-4.32948e-05;-0.0024683;0.995237;0.00980882;-0.00742228;0.999462;0.0238964;0.983341;1;3;1
1135.53;744.06;6.4196;5.2362;8.31087e-05;-0.00486739;-0.00165542;0.000585656;-0.00536994;1.00325;0.010232;-0.0051003;0.998163;0.0232162;0.984997;1;2;1
1158.53;744.06;6.49676;5.38698;0.00318612;-0.00408577;3.68523e-05;0.00318631;-0.00408596;1.00665;0.00459721;-0.00589162;0.994992;0.0231961;0.9821;1;3;1
1181.53;744.06;6.56452;5.59688;0.00244766;-0.00412651;0.00176455;0.00289133;-0.00457018;0.999391;0.00992927;-0.0114916;0.997165;0.0204008;0.987409;1;3;1
1204.53;744.06;6.60702;5.83732;0.00197076;-0.00330886;0.0012739;0.00226207;-0.00360016;1.00539;0.00538064;-0.00903841;0.996946;0.0214371;0.987359;1;2;1
1227.53;744.06;6.65331;6.001;0.00153975;-0.00464508;0.00156367;0.0019126;-0.00501794;0.997616;0.00658293;-0.00617062;0.994983;0.0238147;0.984687;1;2;1
1250.53;744.06;6.67599;6.24479;0.00405547;-0.00111682;0.00176729;0.00460165;-0.00166301;1.00417;0.00908298;-0.0158231;0.996523;0.0264168;0.989361;1;2;1
1273.53;744.06;6.83692;6.48775;0.0070772;-0.00233551;0.00103628;0.00718993;-0.00244824;1.00812;0.0119389;-0.00291097;0.994271;0.0236666;0.988264;1;2;1
31.5305;721.06;8.72121;-2.65097;-0.00483705;-0.00677852;-0.0016757;-0.00387122;-0.00774435;0.991563;0.0066108;-0.00413113;0.992538;0.0209045;0.988932;1;2;1
54.5305;721.06;8.60923;-2.50603;-0.00500888;-0.00630757;-0.00172394;-0.00381604;-0.0075004;0.995768;0.00993236;-0.00676732;0.99827;0.0234606;0.987497;1;3;1
77.5306;721.06;8.4893;-2.36099;-0.00581655;-0.00440479;-0.00126984;-0.00365782;-0.00656352;1.00187;0.0051537;-0.00732369;0.994362;0.0236204;0.991986;1;2;1
100.531;721.06;8.33994;-2.2123;-0.00394301;-0.00635436;-0.0016425;-0.00311117;-0.00718619;0.993097;0.0129469;-0.00778565;0.990882;0.0230145;0.987901;1;3;1
123.531;721.06;8.30683;-2.10217;-0.00414293;-0.0048983;-0.000767811;-0.00366494;-0.00537629;0.995213;0.0102959;-0.00864276;0.993647;0.0207912;0.991161;1;2;1
146.531;721.06;8.14801;-1.91655;-0.00455551;-0.00470542;-0.000812192;-0.00381482;-0.00544611;0.992469;0.01511;-0.0070535;0.991084;0.0238693;0.98928;1;2;1
169.531;721.06;8.09568;-1.78216;-0.00376178;-0.00442439;-0.000761791;-0.00326237;-0.0049238;0.999536;0.00888679;-0.00402267;0.99539;0.022474;0.989119;1;2;1
192.531;721.06;7.97376;-1.63107;-0.00553572;-0.00402874;0.000273659;-0.00398058;-0.00558388;0.9988;0.00481903;-0.00703493;0.993751;0.0195773;0.992729;1;3;1
215.531;721.06;7.8393;-1.47596;-0.00482893;-0.00442708;0.000499593;-0.00408952;-0.00516649;0.999498;0.000749747;-0.00992619;0.993625;0.0202262;0.990519;1;2;1
238.531;721.06;7.75005;-1.32372;-0.00408337;-0.00332114;0.000877562;-0.00274551;-0.004659;0.995389;0.00791233;-0.00726632;0.996274;0.019037;0.988902;1;2;1
261.531;721.06;7.64989;-1.14478;-0.00336517;-0.00512081;-0.00110803;-0.00282937;-0.0056566;0.992961;0.00734729;-0.00610268;0.999405;0.0209484;0.992503;1;3;1
284.531;721.06;7.59366;-0.973346;-0.00377465;-0.00540132;-0.000817835;-0.00343457;-0.0057414;0.998346;0.0147228;-0.00743343;0.994463;0.0206439;0.991988;1;3;1
307.531;721.06;7.47474;-0.815165;-0.00332629;-0.00527524;-0.0013735;-0.00261669;-0.00598484;0.995401;0.0139561;-0.00813516;0.9916;0.023334;0.988662;1;3;1
330.531;721.06;7.43936;-0.666122;-0.00190824;-0.00602236;-0.00131518;-0.00152374;-0.00640685;0.996796;0.0138244;-0.006665;0.989457;0.0206118;0.991549;1;2;1
353.531;721.06;7.38575;-0.493972;-0.00302051;-0.00753635;-0.00167999;-0.00246408;-0.00809278;0.997246;0.0143381;-0.00840168;0.99089;0.019313;0.98877;1;3;1
376.531;721.06;7.29874;-0.29854;-0.00410785;-0.00632145;-0.00161735;-0.00325485;-0.00717445;0.99575;0.00829455;-0.00940279;0.996518;0.0231501;0.987384;1;3;1
399.531;721.06;7.19508;-0.146519;-0.00464414;-0.00495671;-0.00186946;-0.00292445;-0.0066764;0.992726;0.0069881;-0.00579557;0.995565;0.0222901;0.984924;1;2;1
422.531;721.06;7.08358;0.00736203;-0.00330395;-0.00460965;-0.00207715;-0.00177947;-0.00613413;0.995199;0.0135975;-0.00544256;0.998545;0.0197413;0.990796;1;2;1
445.531;721.06;7.04208;0.119872;-0.00175956;-0.00324766;-0.00323975;0.000820488;-0.0058277;1.0037;0.0130427;-0.00499833;0.988415;0.0205081;0.990526;1;3;1
468.531;721.06;7.00219;0.195438;-0.00158217;-0.00562432;-0.0011691;-0.00126839;-0.00593809;0.997513;0.00977514;-0.00831425;0.988251;0.0237974;0.986265;1;3;1
491.531;721.06;6.96818;0.431206;-0.0010409;-0.00448707;0.000442047;-0.000985098;-0.00454287;0.998473;0.0128396;-0.0109034;0.989951;0.02264;0.986385;1;2;1
514.531;721.06;6.95237;0.614818;-0.00189654;-0.00484303;-0.00073419;-0.00172373;-0.00501583;0.998691;0.00532602;-0.00508998;0.988539;0.0190886;0.992363;1;2;1
537.531;721.06;6.88005;0.703693;-0.00286325;-0.00494107;-0.00195529;-0.001688;-0.00611632;1.00055;0.0149558;-0.00752289;0.97974;0.0222756;0.98495;1;3;1
560.531;721.06;6.81961;0.894979;-0.00269005;-0.0037072;-0.00108693;-0.0019986;-0.00439865;0.996449;0.00613059;-0.00514329;0.994518;0.0191336;0.990786;1;3;1
583.531;721.06;6.75511;1.011;-0.00230704;-0.00394449;-0.00124603;-0.00163483;-0.00461671;0.994956;0.00827601;-0.00582572;0.996606;0.0245747;0.981029;1;3;1
606.531;721.06;6.71204;1.24377;-0.0019434;-0.00467553;0.000359069;-0.001897;-0.00472193;1.00174;0.00643236;-0.010421;0.998358;0.0201582;0.989835;1;2;1
629.531;721.06;6.66352;1.45122;-0.00161646;-0.00524692;-0.000259186;-0.00159805;-0.00526533;0.997685;0.00998187;-0.00842166;0.9931;0.0203601;0.983255;1;3;1
652.531;721.06;6.63651;1.56361;-0.00150056;-0.00524389;-0.0014781;-0.00098729;-0.00575716;0.997214;0.0130149;-0.00371424;0.997724;0.018984;0.988525;1;3;1
675.531;721.06;6.59359;1.73004;-0.00183524;-0.00550247;0.000537672;-0.00175804;-0.00557968;0.998646;0.0104954;-0.00587415;0.993036;0.0238349;0.985449;1;3;1
698.531;721.06;6.55023;1.96772;-0.00108231;-0.00478838;-0.000308506;-0.00105681;-0.00481388;1.00417;0.0115295;-0.0116436;0.993577;0.0209554;0.983388;1;3;1
721.531;721.06;6.54212;2.12121;-0.000655501;-0.00481472;-0.000642439;-0.00055853;-0.00491169;0.996845;0.00644313;-0.00619191;0.996427;0.0193342;0.986202;1;3;1
744.531;721.06;6.51889;2.2969;0.00125697;-0.00382594;-0.000568787;0.00131984;-0.00388881;1.00335;0.00763997;-0.00490004;0.999447;0.0235807;0.984109;1;3;1
767.531;721.06;6.59832;2.50316;-0.000344797;-0.00376764;-0.00109038;-2.69626e-05;-0.00408548;1.00076;0.00552169;-0.009402;0.999233;0.0232186;0.989488;1;3;1
790.531;721.06;6.502;2.6046;-0.00142624;-0.00551715;-0.00101001;-0.00119046;-0.00575293;0.997293;0.00307521;-0.00696048;0.999241;0.0212587;0.986161;1;3;1
813.531;721.06;6.5317;2.80049;-0.00181557;-0.00263163;0.000152898;-0.00178786;-0.00265934;0.996858;0.00925913;-0.0079019;0.996467;0.0229282;0.983754;1;3;1
836.531;721.06;6.41601;3.07367;-0.00300445;-0.00343353;0.000946752;-0.00224824;-0.00418975;0.99065;0.0109341;-0.0107293;0.995569;0.0267919;0.972035;1;3;1
859.531;721.06;6.39127;3.23095;0.000103236;-0.00484166;-0.00253016;0.0011684;-0.00590683;1.01058;0.020162;0.0034389;1.00206;0.0254662;0.974326;1;3;1
882.531;721.06;6.42028;3.28424;0.00200868;-0.00471884;-0.00228641;0.00271217;-0.00542233;0.998743;0.012388;-0.00942705;0.997715;0.0219159;0.979977;1;2;1
905.531;721.06;6.48299;3.46232;0.00119976;-0.00442584;0.000377151;0.00122494;-0.00445101;1.00184;0.00524447;-0.0100764;0.996053;0.0208569;0.986126;1;3;1
928.531;721.06;6.47363;3.69194;0.000112815;-0.004988;-6.35008e-05;0.000113605;-0.00498879;0.997506;0.0154831;-0.0081053;0.991924;0.021443;0.983638;1;3;1
951.531;721.06;6.48657;3.848;0.000619756;-0.00407977;-0.00127278;0.000942325;-0.00440234;1.00296;0.00826149;-0.00517917;0.992754;0.0228848;0.984422;1;3;1
974.531;721.06;6.5012;3.98389;-0.000902115;-0.00528702;-0.00120704;-0.00059181;-0.00559732;1.00586;0.0093725;-0.00975731;0.992419;0.0243943;0.973966;1;2;1
997.531;721.06;6.44381;4.18555;0.000109071;-0.0052518;-0.00175397;0.00063194;-0.00577466;0.989552;0.0149431;-0.0104511;0.995458;0.0266122;0.977493;1;3;1
1020.53;721.06;6.50465;4.36459;0.00251885;-0.00674635;0.00143263;0.00273531;-0.00696282;1.00753;0.00450092;-0.00711845;0.99265;0.024321;0.971494;1;3;1
1043.53;721.06;6.55813;4.54544;0.000434748;-0.00592993;0.000163624;0.000438952;-0.00593414;0.996807;0.00199753;-0.0076073;0.992672;0.0228843;0.979861;1;3;1
1066.53;721.06;6.52307;4.74478;0.000133949;-0.00326916;0.000312696;0.000162443;-0.00329766;1.00302;0.00507659;-0.0111381;0.994406;0.0260926;0.975084;1;2;1
1089.53;721.06;6.56273;4.92434;0.00178964;-0.00504288;0.00169258;0.00218594;-0.00543919;1.0011;0.00925579;-0.00677117;0.99378;0.0237598;0.984588;1;2;1
1112.53;721.06;6.60357;5.14591;0.00343685;-0.00332363;0.00114991;0.00362709;-0.00351387;0.997942;0.00218619;-0.012964;0.993899;0.0255597;0.985244;1;3;1
1135.53;721.06;6.71877;5.33014;0.00254538;-0.00401903;-0.000875711;0.00266019;-0.00413384;1.00964;0.00838389;-0.0051041;0.992878;0.0213571;0.988234;1;2;1
1158.53;721.06;6.71855;5.57139;0.000161574;-0.00445923;0.000283845;0.000178944;-0.0044766;0.99329;0.0138784;-0.0115662;0.994353;0.0252159;0.978733;1;2;1
1181.53;721.06;6.72432;5.74594;0.000550589;-0.00454944;0.000615504;0.00062382;-0.00462268;1.00419;0.00750374;-0.00981806;0.990888;0.0221572;0.9867;1;2;1
1204.53;721.06;6.74242;5.93674;0.00251457;-0.00315554;0.000273323;0.00252771;-0.00316869;1.00077;0.00697157;-0.00796704;0.99188;0.0230496;0.979757;1;2;1
1227.53;721.06;6.83838;6.11419;0.00271882;-0.003054;-0.000316626;0.00273613;-0.00307131;1.00797;0.00798512;-0.00912079;0.994958;0.0229731;0.981521;1;3;1
1250.53;721.06;6.86611;6.26956;0.00352806;-0.00374477;0.00112151;0.00369707;-0.00391379;0.989088;0.00185768;-0.00611998;0.996621;0.0281807;0.978341;1;3;1
1273.53;721.06;6.99833;6.54896;0.005839;-0.0028883;0.00357468;0.00711625;-0.00416555;1.01804;-0.00124297;-0.0123936;0.997459;0.0330415;0.984538;1;3;1
31.5305;698.06;8.96227;-2.4925;-0.006029;-0.00494209;-0.00232009;-0.00310266;-0.00786843;0.99737;0.0110757;-0.00533389;0.995427;0.0179609;0.993005;1;2;1
54.5305;698.06;8.8229;-2.38004;-0.00621449;-0.00557178;-0.001539;-0.00432094;-0.00746533;0.985864;0.00450383;-0.00623849;0.995104;0.022575;0.986236;1;3;1
77.5306;698.06;8.67492;-2.26148;-0.00613819;-0.00594363;-0.00133854;-0.00469884;-0.00738298;0.996767;0.00989791;-0.00502912;0.996721;0.0183848;0.992872;1;3;1
100.531;698.06;8.53881;-2.09907;-0.00447051;-0.00642784;-0.00190861;-0.00330428;-0.00759406;0.993642;0.00877064;-0.00268786;0.992059;0.0239115;0.984332;1;3;1
123.531;698.06;8.46801;-1.98929;-0.00531622;-0.00426121;-0.000405269;-0.0041235;-0.00545392;0.992682;0.00692098;-0.00417021;0.997868;0.0235244;0.987327;1;3;1
146.531;698.06;8.29256;-1.78871;-0.00516442;-0.00498838;-0.000645946;-0.00442449;-0.00572832;0.997441;-0.000251955;-0.011324;0.998148;0.0248035;0.986471;1;3;1
169.531;698.06;8.22886;-1.69147;-0.00532203;-0.00532865;-0.00167218;-0.00365316;-0.00699752;0.995314;0.00574262;-0.00447886;0.993717;0.0195467;0.99278;1;2;1
192.531;698.06;8.0467;-1.59934;-0.00701397;-0.00183287;0.000298828;-0.00181569;-0.00703114;0.986175;0.00562054;-0.0055938;0.996537;0.0240655;0.987226;1;2;1
215.531;698.06;7.90431;-1.4264;-0.00414817;-0.000332098;0.000810491;-0.000167093;-0.00431317;1.00007;0.00714127;-0.00789973;0.999202;0.0225629;0.990603;1;3;1
238.531;698.06;7.85464;-1.32073;-0.000322088;-0.00250745;0.000857378;-2.58667e-05;-0.00280367;0.997317;-0.0043204;-0.00803973;0.997376;0.0258129;0.983714;1;3;1
261.531;698.06;7.88807;-1.06474;-0.001893;-0.00235443;0.000859431;-0.00123385;-0.00301358;1.00205;0.00336401;-0.0114138;0.999292;0.0203054;0.991708;1;3;1
284.531;698.06;7.76548;-0.892338;-0.00371347;-0.00452287;-0.000680719;-0.00332623;-0.00491011;0.997473;0.00420291;-0.00179196;0.995822;0.0220846;0.990008;1;3;1
307.531;698.06;7.71571;-0.729607;-0.00242265;-0.00361347;-6.7856e-05;-0.00241879;-0.00361732;0.994739;0.00817629;-0.010499;0.996125;0.0182174;0.993348;1;3;1
330.531;698.06;7.6526;-0.546132;-0.00208067;-0.00576454;-0.000481257;-0.00201883;-0.00582638;0.997373;0.00873575;-0.00551621;0.997171;0.023489;0.987448;1;2;1
353.531;698.06;7.61833;-0.35021;-0.00241647;-0.00379215;0.000575323;-0.00220758;-0.00400104;0.995973;0.00482345;-0.0115382;0.998087;0.0169904;0.993803;1;2;1
376.531;698.06;7.53961;-0.151632;-0.00470942;-0.00311691;-0.00154305;-0.00217678;-0.00564954;0.997688;0.0111758;0.000154755;0.987121;0.0267132;0.982116;1;3;1
399.531;698.06;7.40029;-0.0642218;-0.00334139;-0.00292152;-0.00259604;-0.00052694;-0.00573597;0.992011;0.00647776;-0.00876502;0.997309;0.0221066;0.987209;1;2;1
422.531;698.06;7.38492;0.107436;-0.00151892;-0.00188339;-0.00197348;0.000280722;-0.00368303;0.998333;0.0136404;-0.00616835;0.993663;0.0214506;0.989987;1;3;1
445.531;698.06;7.32967;0.188881;-0.00294237;-0.00500207;-0.00181227;-0.00188777;-0.00605667;0.997145;0.0110057;-0.00655798;0.996605;0.0227767;0.989688;1;3;1
468.531;698.06;7.24844;0.399296;-0.00392167;-0.00604138;-0.000756796;-0.0036792;-0.00628384;0.996033;0.00794213;-0.0088936;0.991467;0.0230905;0.988608;1;3;1
491.531;698.06;7.14744;0.556994;-0.00379873;-0.00473105;-0.0009407;-0.00321502;-0.00531475;0.99444;0.00803996;-0.00707864;0.996732;0.0241939;0.984173;1;3;1
514.531;698.06;7.0721;0.739276;-0.00136829;-0.00493499;-0.00132485;-0.000930026;-0.00537325;0.995564;0.0080103;-0.00330972;1.00211;0.0217797;0.98553;1;3;1
537.531;698.06;7.08338;0.870697;-0.000932981;-0.00575273;-0.00267599;0.000258315;-0.00694403;1.00442;0.00754076;-0.00618236;1.00103;0.0224403;0.987837;1;2;1
560.531;698.06;7.02867;0.952693;-0.00156103;-0.00515285;-0.00136972;-0.00109831;-0.00561557;0.999213;0.0120752;-0.005087;0.998472;0.0213765;0.990598;1;3;1
583.531;698.06;7.01066;1.15173;-0.00242975;-0.00556189;-0.000196703;-0.00241745;-0.00557419;0.995475;0.0157837;-0.0136549;0.997342;0.0270739;0.972463;1;3;1
606.531;698.06;6.91453;1.40581;-0.00367782;-0.00453446;0.000105479;-0.00366503;-0.00454726;0.996504;0.00918917;-0.00758688;0.996843;0.0241228;0.984079;1;3;1
629.531;698.06;6.8393;1.56572;-0.00309587;-0.00300515;-0.000357322;-0.00269032;-0.0034107;0.999301;0.00908126;-0.00624348;0.999178;0.0202258;0.989771;1;3;1
652.531;698.06;6.77079;1.7241;-0.00282072;-0.0052225;-0.000596365;-0.00268079;-0.00536242;0.993507;0.0013222;-0.00940048;0.990082;0.0200325;0.989036;1;3;1
675.531;698.06;6.70821;1.89037;0.000773089;-0.00578633;-0.000747594;0.000857215;-0.00587046;1.00353;0.00388751;-0.00416922;0.994065;0.0186857;0.988862;1;3;1
698.531;698.06;6.80519;2.04899;0.00103175;-0.00373535;-0.000697661;0.00113175;-0.00383535;0.997744;0.00721987;-0.0116448;0.996242;0.0236936;0.980865;1;3;1
721.531;698.06;6.75448;2.21787;-0.00256055;-0.00458206;-0.000877668;-0.00223267;-0.00490993;1.00091;0.00777544;-0.0040567;0.995401;0.0225124;0.987817;1;2;1
744.531;698.06;6.68638;2.33361;-0.00145668;-0.00419084;-0.000422448;-0.00139289;-0.00425462;0.99758;0.00802866;-0.00594376;0.994229;0.0277702;0.969019;1;2;1
767.531;698.06;6.68621;2.55205;0.000569001;-0.00375265;0.00133391;0.000947563;-0.00413121;1.00379;0.00978302;-0.0136413;0.993288;0.0220252;0.986658;1;3;1
790.531;698.06;6.71041;2.77642;0.00122979;-0.00484265;-0.000254601;0.00124044;-0.0048533;0.995252;0.00858716;-0.00661082;0.991207;0.0206126;0.988659;1;3;1
813.531;698.06;6.7417;2.86202;-0.00120429;-0.00450458;-0.000597263;-0.00109953;-0.00460935;1.00223;0.00627086;-0.00273832;0.998649;0.0189335;0.987649;1;3;1
836.531;698.06;6.65428;3.03014;-0.00152913;-0.00294031;-0.00096486;-0.00103939;-0.00343005;0.998389;0.00710016;-0.00987527;0.99905;0.0212167;0.985441;1;3;1
859.531;698.06;6.66975;3.24094;0.000303653;-0.0035321;-0.00190589;0.0010896;-0.00431804;1.00207;0.00558033;-0.00466933;0.994871;0.0255818;0.981536;1;3;1
882.531;698.06;6.66683;3.3907;-6.03619e-05;-0.00412677;-0.000664251;4.53936e-05;-0.00423252;0.995858;0.0100475;-0.00927713;0.991625;0.0236363;0.979026;1;3;1
905.531;698.06;6.66581;3.56781;-0.000530669;-0.0034204;0.000610494;-0.000406987;-0.00354408;0.999917;0.00624746;-0.0115986;0.996038;0.0194654;0.992989;1;3;1
928.531;698.06;6.64061;3.79874;-0.000120672;-0.0039085;0.000471954;-6.27536e-05;-0.00396642;0.998759;0.00772225;-0.00571141;0.996104;0.0210289;0.990254;1;3;1
951.531;698.06;6.65867;3.94938;0.00255235;-0.00465986;-0.000656131;0.00261156;-0.00471907;1.00254;0.0100831;-0.00761364;0.998299;0.0201817;0.987998;1;2;1
974.531;698.06;6.7567;4.12573;0.00478096;-0.0062646;-0.000302368;0.00478923;-0.00627287;1.00905;0.00540236;-0.00637825;0.993911;0.0224467;0.98467;1;3;1
997.531;698.06;6.87685;4.2859;-0.00156563;-0.00438506;4.09428e-05;-0.00156504;-0.00438566;0.987817;0.00630138;-0.00728095;0.994515;0.0271111;0.96398;1;2;1
1020.53;698.06;6.68274;4.5425;-0.00238229;-0.00459881;0.000436176;-0.00229955;-0.00468156;1.0113;0.0154527;-0.0102093;0.999708;0.0252569;0.977525;1;3;1
1043.53;698.06;6.76525;4.70122;0.000783143;-0.00399692;-0.000342466;0.000807555;-0.00402133;1.00282;0.0115577;-0.00505202;0.99725;0.0284051;0.955419;1;2;1
1066.53;698.06;6.71786;4.82922;-0.00205596;-0.00307859;-0.000242959;-0.00200117;-0.00313338;0.993821;0.00493888;-0.0108444;1.00034;0.025056;0.984257;1;3;1
1089.53;698.06;6.66908;5.07253;0.00164342;-0.00521314;0.000514597;0.00168183;-0.00525154;0.999061;-0.00185453;-0.00190267;0.99622;0.0263413;0.980831;1;2;1
1112.53;698.06;6.79159;5.23662;0.00555663;-0.00449303;-0.00114186;0.00568474;-0.00462114;1.00945;0.0152051;-0.0111655;0.996961;0.0248359;0.985622;1;3;1
1135.53;698.06;6.92264;5.42421;0.00205278;-0.00561962;0.00103347;0.00218955;-0.00575639;1.0013;0.0116083;-0.00592879;0.999545;0.0232206;0.984708;1;3;1
1158.53;698.06;6.88453;5.59421;-0.0010784;-0.00258912;0.000728875;-0.000784082;-0.00288344;0.995697;-0.000537337;-0.00366201;0.997299;0.0241215;0.979518;1;3;1
1181.53;698.06;6.87141;5.80766;0.00141872;-0.00294391;-0.000133992;0.00142283;-0.00294802;1.00701;0.00350098;-0.0141982;0.998721;0.0221475;0.986689;1;3;1
1204.53;698.06;6.9481;5.98397;0.00311497;-0.0023556;-0.000294036;0.00313073;-0.00237136;1.00031;0.0145894;0.00412646;0.999174;0.0249284;0.977494;1;3;1
1227.53;698.06;7.01326;6.14311;0.00127788;-0.00333188;0.00153616;0.00174288;-0.00379688;1.00051;0.0073492;-0.0140987;0.997856;0.0288101;0.978838;1;3;1
1250.53;698.06;7.00479;6.41855;0.00115612;-0.00480672;0.00195028;0.00173735;-0.00538795;0.99865;0.0113298;-0.0067965;0.993035;0.0234285;0.988383;1;3;1
1273.53;698.06;7.06392;6.62137;0.00261304;-0.00332356;0.00199372;0.00322046;-0.00393097;1.01448;0.0104909;-0.00762462;0.999878;0.0280435;0.985267;1;3;1
31.5305;675.06;9.16112;-2.42095;-0.00769137;-0.00608233;-3.30678e-06;-0.00608233;-0.00769138;1.00111;0.0113213;-0.00317716;0.989323;0.0211646;0.99062;1;3;1
54.5305;675.06;8.98287;-2.24748;-0.00575846;-0.00504958;-0.00023745;-0.00497739;-0.00583065;0.986888;0.00702404;-0.00551291;0.995539;0.0204616;0.990992;1;2;1
77.5306;675.06;8.89423;-2.08497;-0.00420161;-0.00634347;-0.000308739;-0.00415799;-0.00638709;0.999222;0.00923768;-0.00511445;0.990301;0.0213214;0.991103;1;2;1
100.531;675.06;8.78797;-1.91346;-0.00517906;-0.00689343;-0.00290764;-0.00300488;-0.0090676;0.996676;0.00925955;-0.00803553;0.993572;0.0233109;0.987846;1;3;1
123.531;675.06;8.65501;-1.90441;-0.00610706;-0.00704214;-0.00182912;-0.00468667;-0.00846253;0.992455;0.00618426;-0.0107303;0.994867;0.0218755;0.986615;1;3;1
146.531;675.06;8.50561;-1.68511;-0.00463739;-0.00605961;-0.000627799;-0.00439992;-0.00629709;0.994451;0.0096621;-0.00763649;0.991976;0.0198233;0.994047;1;3;1
169.531;675.06;8.43971;-1.53509;-0.00634643;-0.00673014;-0.00263388;-0.00389742;-0.00917914;0.993347;0.0129257;0.000458603;0.991598;0.0229383;0.989729;1;3;1
192.531;675.06;8.21253;-1.54606;-0.00856148;-0.004729;-0.00310131;-0.00299968;-0.0102908;0.993164;0.0137349;-0.0110592;0.998334;0.0308068;0.98016;1;2;1
215.531;675.06;8.04412;-1.46023;-0.00388948;-0.00333733;-3.28911e-05;-0.00333538;-0.00389143;0.99772;0.00269648;-0.00372775;0.993696;0.0298998;0.976677;1;3;1
238.531;675.06;8.03202;-1.20736;-0.000940612;-0.00541109;-0.000235107;-0.000928282;-0.00542342;0.999186;0.0141461;-0.00990288;0.991846;0.0305123;0.973879;1;2;1
261.531;675.06;7.99886;-1.03502;-0.000836426;-0.00312325;0.00174341;0.00010508;-0.00406475;0.998114;0.0102414;-0.00752434;0.988758;0.026915;0.986347;1;3;1
284.531;675.06;7.99138;-0.763094;-0.00369822;-0.00443345;-9.24414e-05;-0.00368677;-0.0044449;0.996199;0.011559;-0.00628093;0.993088;0.0205468;0.991958;1;2;1
307.531;675.06;7.82679;-0.647291;-0.00278322;-0.00304269;-0.000316165;-0.00257121;-0.0032547;0.996128;0.00543656;-0.0131331;0.994233;0.0229884;0.981595;1;2;1
330.531;675.06;7.86172;-0.398234;-0.00214888;-0.00353205;-0.000334574;-0.0020722;-0.00360873;0.995022;0.00835244;-0.00634134;0.991149;0.022379;0.988296;1;3;1
353.531;675.06;7.72665;-0.317933;-0.00289256;-0.00146436;-0.00116661;-0.000810643;-0.00354628;0.996645;0.0152059;-0.00499085;0.99821;0.0251476;0.986366;1;3;1
376.531;675.06;7.72781;-0.152931;-0.000689404;-0.00141928;-0.00158024;0.000567487;-0.00267617;1.00255;0.0142254;-0.0101421;1.00115;0.0213122;0.987782;1;2;1
399.531;675.06;7.69389;-0.00922032;-0.00452684;-0.00201707;-0.00314087;0.000110326;-0.00665424;0.99172;0.0138409;-0.00173041;0.998577;0.0244154;0.982236;1;2;1
422.531;675.06;7.51843;0.0961387;-0.00416329;-0.000742961;-0.00103388;-0.000454733;-0.00445152;1.00074;0.00712216;-0.00795885;0.999709;0.0251926;0.987582;1;3;1
445.531;675.06;7.50055;0.352842;-0.00168213;-0.00252698;-0.000323962;-0.00157221;-0.0026369;0.996855;0.0133795;-0.0125438;0.997594;0.029794;0.980041;1;3;1
468.531;675.06;7.43941;0.476276;-0.002277;-0.00377554;-0.00163223;-0.00123027;-0.00482226;0.994125;0.00989038;-0.00112422;1.00027;0.0222131;0.988531;1;3;1
491.531;675.06;7.39472;0.651338;-0.00110674;-0.00259282;-0.00119213;-0.00044505;-0.00325451;0.996355;0.006042;-0.0148596;1.001;0.0236846;0.984371;1;3;1
514.531;675.06;7.387;0.844454;-0.00118951;-0.00448096;-0.00140941;-0.000668478;-0.00500199;1.00351;0.0131176;-0.00380269;0.992731;0.0241644;0.986814;1;3;1
537.531;675.06;7.33885;0.971386;-0.00347733;-0.00423379;-0.00164121;-0.00217133;-0.00553978;0.99731;0.0126343;-0.00387822;0.999605;0.0287384;0.982614;1;3;1
560.531;675.06;7.22584;1.13443;-0.00245227;-0.00596986;-0.000521547;-0.00237657;-0.00604556;0.995789;0.00627578;-0.00445446;0.987001;0.0224582;0.987173;1;3;1
583.531;675.06;7.22494;1.26997;-0.00236234;-0.00609817;-0.00120451;-0.00200766;-0.00645285;0.998525;0.00846767;-0.00847993;0.992068;0.0233927;0.984997;1;3;1
606.531;675.06;7.11593;1.45461;-0.00453312;-0.00464274;-0.000510523;-0.00407447;-0.00510139;0.996689;0.00606812;-0.00938595;0.997056;0.0176991;0.992777;1;3;1
629.531;675.06;7.01481;1.59101;-0.00215397;-0.00473928;-6.19677e-05;-0.00215248;-0.00474076;0.99619;0.00926844;-0.00680385;0.989578;0.0192063;0.987546;1;3;1
652.531;675.06;7.0154;1.80605;-0.000607052;-0.00425302;-0.000315493;-0.000579953;-0.00428012;1.00192;0.0118644;-0.00826661;0.995078;0.0203485;0.992173;1;3;1
675.531;675.06;6.98507;1.99867;-0.00160471;-0.00456585;-0.00124465;-0.00115105;-0.00501951;0.993982;0.0108673;-0.00800299;0.992167;0.0190529;0.987854;1;3;1
698.531;675.06;6.94029;2.14153;-0.00166682;-0.00573993;0.00031556;-0.00164252;-0.00576424;0.999506;0.00602211;-0.00467903;0.992519;0.0210297;0.990043;1;3;1
721.531;675.06;6.90711;2.33392;-0.00104053;-0.0056864;-0.000206856;-0.00103134;-0.00569559;1.00243;0.00863092;-0.00893653;0.990893;0.0181619;0.988071;1;3;1
744.531;675.06;6.89107;2.4916;0.000233519;-0.00615437;-1.8837e-05;0.000233575;-0.00615443;0.998361;0.00616656;-0.00964906;0.99382;0.0232774;0.986482;1;3;1
767.531;675.06;6.91657;2.67721;-0.00122418;-0.00582578;-0.000183601;-0.00121687;-0.0058331;1.00045;0.00991075;-0.00568707;0.993967;0.022618;0.984604;1;3;1
790.531;675.06;6.83348;2.82911;-0.00164616;-0.00233096;-0.000178009;-0.00160265;-0.00237447;0.992903;0.0107956;-0.00933945;1.00073;0.0198715;0.989404;1;3;1
813.531;675.06;6.83959;3.0092;0.00111789;-0.00480231;0.000886224;0.00124771;-0.00493212;1.00449;0.00635519;-0.004906;0.990182;0.0201044;0.991989;1;3;1
836.531;675.06;6.88329;3.21151;0.00190993;-0.00617287;3.81577e-06;0.00190993;-0.00617287;0.99995;0.00863469;-0.00778473;0.99087;0.0207513;0.986535;1;3;1
859.531;675.06;6.92573;3.39683;-0.00164201;-0.00488252;-0.0020139;-0.000677497;-0.00584703;0.99972;0.00645867;-0.00714104;0.996528;0.0246961;0.983599;1;3;1
882.531;675.06;6.80693;3.47609;-0.00198772;-0.00485886;-0.000409074;-0.00193058;-0.004916;0.998118;0.00385661;-0.00385792;0.997533;0.019548;0.990412;1;3;1
905.531;675.06;6.83365;3.62126;0.000110866;-0.0044125;0.000543852;0.000175336;-0.00447697;1.00032;0.00633413;-0.0103216;0.996598;0.0227923;0.98817;1;3;1
928.531;675.06;6.81032;3.87332;0.00086767;-0.00452017;0.000797477;0.000983229;-0.00463573;1.00407;0.00679498;-0.00926473;0.995787;0.0211324;0.988177;1;3;1
951.531;675.06;6.87142;4.06447;0.00115588;-0.00395283;0.000414459;0.00118929;-0.00398623;1.00112;0.00546698;-0.00739931;0.993593;0.0235279;0.983593;1;3;1
974.531;675.06;6.86171;4.27439;-0.000318241;-0.00351438;0.000958508;-5.2829e-05;-0.00377979;0.998027;-0.00108736;-0.00640084;0.996428;0.0214282;0.987575;1;3;1
997.531;675.06;6.85563;4.38955;0.00039368;-0.00526229;0.00256275;0.00138213;-0.00625074;1.00121;-0.00228756;-0.00464916;0.996944;0.0223097;0.984708;1;2;1
1020.53;675.06;6.87882;4.57815;0.000447827;-0.00280572;-0.000312643;0.000477597;-0.00283549;1.00501;0.00108579;-0.0107813;0.990823;0.0245128;0.988346;1;3;1
1043.53;675.06;6.87496;4.73076;0.000840094;-0.00255672;0.00034317;0.000874416;-0.00259104;0.998006;0.00875381;-0.0063443;0.996847;0.0219089;0.989663;1;3;1
1066.53;675.06;6.9164;4.88831;0.0010259;-0.00446127;0.000739184;0.00112373;-0.0045591;0.999225;0.00925068;-0.00699914;0.995589;0.0229965;0.986812;1;2;1
1089.53;675.06;6.92006;5.16616;0.00309532;-0.00334249;-0.000108932;0.00309717;-0.00334433;1.00343;0.0119613;-0.014731;0.993028;0.0246373;0.979348;1;3;1
1112.53;675.06;7.0562;5.35529;0.00131875;-0.00350248;0.000556022;0.00138204;-0.00356577;1.00191;0.000782518;-0.00817184;0.99422;0.024268;0.982395;1;3;1
1135.53;675.06;6.97874;5.59011;-0.000449387;-0.00410277;0.00109051;-0.000148636;-0.00440352;1.00083;0.00124597;-0.00877895;0.992573;0.025714;0.972276;1;3;1
1158.53;675.06;7.03429;5.69173;0.00319834;-0.00481163;0.00013823;0.00320072;-0.00481402;1.00413;0.0107543;-0.00352306;0.997868;0.0227412;0.986967;1;3;1
1181.53;675.06;7.12469;5.88331;0.00152469;-0.0042051;0.0006012;0.00158709;-0.00426751;1.00115;0.0129183;-0.0132212;0.99695;0.027868;0.974504;1;2;1
1204.53;675.06;7.10301;6.04665;0.000146329;-0.00422028;0.000723005;0.000262927;-0.00433688;0.999294;0.00304716;-0.000452186;0.995094;0.0252592;0.981844;1;3;1
1227.53;675.06;7.12981;6.26864;0.00133688;-0.00314476;0.00232783;0.00232717;-0.00413505;1.00667;0.00718252;-0.0106747;1.00031;0.0254049;0.989428;1;3;1
1250.53;675.06;7.16231;6.49216;0.00197731;-0.00338914;0.00227789;0.00281382;-0.00422564;1.00145;-0.00108105;-0.0107238;0.998156;0.0250192;0.981179;1;3;1
1273.53;675.06;7.21863;6.70263;0.00249376;-0.00353837;0.00164648;0.0029139;-0.00395852;1.00123;0.00381961;-0.0118588;0.995756;0.0359567;0.965088;1;3;1
31.5305;652.06;9.31009;-2.21053;-0.00558833;-0.00549286;-0.00284399;-0.0026962;-0.00838499;0.994841;0.000322338;-0.00768711;0.993184;0.0204445;0.99306;1;3;1
54.5305;652.06;9.1811;-2.14577;-0.00591061;-0.00525322;-0.00188962;-0.00366392;-0.00749991;0.986511;0.0105681;-0.00251788;0.99524;0.0183976;0.993312;1;3;1
77.5306;652.06;9.03674;-1.96731;-0.00415822;-0.00526319;1.85928e-06;-0.00415822;-0.00526319;1.00573;0.0069342;-0.015068;1.00204;0.020759;0.991613;1;3;1
100.531;652.06;8.98795;-1.77867;-0.00369459;-0.00439424;-0.000918097;-0.00306193;-0.0050269;0.995637;0.00833364;-0.0067168;0.99689;0.0184669;0.992349;1;3;1
123.531;652.06;8.86546;-1.66247;-0.00580415;-0.00677861;-0.0013001;-0.00490298;-0.00767979;0.989989;0.00910941;-0.00392194;0.994127;0.0218514;0.990335;1;3;1
146.531;652.06;8.71938;-1.50712;-0.00548201;-0.00624523;-0.00182049;-0.00400356;-0.00772368;0.995474;0.00936951;-0.00671458;0.994966;0.0207468;0.990591;1;2;1
169.531;652.06;8.61172;-1.37923;-0.00670678;-0.00677055;-0.00360952;-0.003129;-0.0103483;0.992426;0.015673;-0.0051193;0.994952;0.0218561;0.98898;1;3;1
192.531;652.06;8.40965;-1.37985;-0.00791099;-0.00876684;-0.00432533;-0.00399247;-0.0126854;0.989266;0.0116568;-0.00385584;0.989429;0.033247;0.980582;1;3;1
215.531;652.06;8.24623;-1.27135;-0.00236686;-0.00891688;-0.00365012;-0.000737886;-0.0105459;0.996682;0.0168177;-0.00533438;0.992973;0.0265394;0.984577;1;3;1
238.531;652.06;8.29959;-1.06897;-0.00160941;-0.0056266;-0.00238483;-0.000500014;-0.00673599;1.00097;0.0135088;-0.0112527;0.988021;0.0260591;0.986904;1;2;1
261.531;652.06;8.1708;-0.919977;-0.00296373;-0.00616881;-0.00125395;-0.00253144;-0.00660111;0.994037;0.00945084;-0.0128698;0.993181;0.0345625;0.977371;1;3;1
284.531;652.06;8.16146;-0.686233;-0.00130258;-0.0040065;-0.000506122;-0.00121095;-0.00409813;0.997277;0.00742167;0.00381812;0.997579;0.02084;0.991206;1;3;1
307.531;652.06;8.10964;-0.587738;-0.00321443;-0.00569107;-0.00172894;-0.00232609;-0.00657941;0.995171;0.0106926;-0.0123597;1.00137;0.0260118;0.982481;1;3;1
330.531;652.06;8.01235;-0.381958;-0.0029737;-0.0041364;-0.000925294;-0.00246229;-0.00464782;0.995898;0.00430875;-0.00795504;1.00634;0.0219315;0.9895;1;2;1
353.531;652.06;7.97162;-0.281442;-0.000387026;-0.00200194;-0.00200139;0.000963655;-0.00335263;0.996034;0.00970965;-0.0039998;0.996402;0.0266615;0.985514;1;3;1
376.531;652.06;7.99357;-0.084055;-0.000658423;-0.00568643;-0.000551014;-0.000598747;-0.00574611;1.00117;0.00705783;-0.0119923;0.989957;0.0262284;0.985366;1;2;1
399.531;652.06;7.94026;0.031833;-0.00323974;-0.0056082;-0.000771103;-0.00301082;-0.00583712;0.996173;0.00479691;0.00324668;0.990397;0.0298026;0.975969;1;3;1
422.531;652.06;7.84374;0.143915;-0.00434039;-0.0056944;-0.00335247;-0.00159725;-0.00843754;0.98672;0.0119829;-0.00750582;0.994668;0.0399022;0.938132;1;3;1
445.531;652.06;7.73934;0.307099;-0.00314105;-0.00378327;-0.000335549;-0.00299772;-0.0039266;0.998208;0.00558394;-0.00952517;0.999484;0.0266339;0.981199;1;3;1
468.531;652.06;7.69699;0.575496;-0.00245287;-0.00485869;-0.000453315;-0.00237029;-0.00494127;1.00384;0.0103916;-0.00742152;0.997656;0.0307067;0.971319;1;3;1
491.531;652.06;7.62486;0.678902;-0.00378773;-0.00548225;0.000677246;-0.00355031;-0.00571966;0.986981;0.0146438;-0.00964149;0.993832;0.024249;0.981914;1;3;1
514.531;652.06;7.52091;0.948064;-0.00214036;-0.00535408;-0.0001011;-0.00213718;-0.00535725;1.00023;0.00961492;-0.00658043;0.995914;0.0247378;0.989576;1;2;1
537.531;652.06;7.52465;1.06799;-0.00316338;-0.00375811;-0.0011987;-0.00222572;-0.00469578;0.995041;0.00685775;-0.00488525;0.997754;0.0281564;0.98561;1;2;1
560.531;652.06;7.3743;1.22944;-0.00179118;-0.00545253;-0.000174739;-0.00178286;-0.00546085;1.00312;0.00990073;-0.0117365;0.99812;0.0184633;0.993;1;2;1
583.531;652.06;7.44071;1.43513;-0.00195274;-0.00758308;0.000359852;-0.00192983;-0.00760599;0.997411;0.00535813;-0.00482137;0.993048;0.0236342;0.983117;1;2;1
606.531;652.06;7.28271;1.62135;-0.00528674;-0.00681219;0.000146003;-0.00527289;-0.00682604;0.995988;0.00658658;-0.0100617;0.984588;0.0198201;0.988062;1;3;1
629.531;652.06;7.19553;1.78563;-0.00164491;-0.00627966;-0.0021321;-0.0008133;-0.00711126;0.999256;0.00587207;-0.00661039;0.994682;0.0214133;0.987057;1;3;1
652.531;652.06;7.206;1.92222;-0.000805187;-0.00433916;-0.000647451;-0.000690304;-0.00445404;0.997591;0.00471899;-0.00918456;0.998421;0.0193625;0.988165;1;3;1
675.531;652.06;7.15738;2.10308;-0.0020483;-0.00424631;-0.000143554;-0.00203897;-0.00425564;0.996892;0.008302;-0.00510978;0.99719;0.0209123;0.985864;1;3;1
698.531;652.06;7.11;2.3148;-0.000735772;-0.00483963;-0.000295701;-0.000714575;-0.00486083;1.00239;0.00786914;-0.00953941;0.995563;0.0223691;0.985457;1;3;1
721.531;652.06;7.12197;2.48167;-0.00173325;-0.00455758;-0.00126032;-0.00125263;-0.00503819;0.996244;0.00741249;-0.00869043;0.998949;0.0209548;0.989493;1;3;1
744.531;652.06;7.0292;2.61887;-0.00177305;-0.00566755;-0.000727317;-0.00164165;-0.00579894;1.0012;0.00765843;-0.00607117;0.993561;0.0211993;0.987243;1;2;1
767.531;652.06;7.03907;2.82218;0.000655747;-0.00495793;-0.000999926;0.000828539;-0.00513072;1.00728;0.00589664;-0.00283692;0.99434;0.0226825;0.983412;1;2;1
790.531;652.06;7.05858;2.8851;4.51216e-05;-0.00613124;-0.00248885;0.000923206;-0.00700932;0.995736;0.00910377;-0.00747035;0.99521;0.0204502;0.987513;1;3;1
813.531;652.06;7.0404;3.08444;-0.000394061;-0.00466418;0.000581349;-0.000316329;-0.00474191;1.00121;0.00703725;-0.00922212;0.997749;0.0205101;0.990742;1;2;1
836.531;652.06;7.03843;3.31658;0.00174612;-0.00409236;0.000740487;0.00183857;-0.00418481;1.00166;0.00744302;-0.00817643;0.995939;0.0210664;0.990109;1;2;1
859.531;652.06;7.11905;3.46829;-0.0023695;-0.00483838;0.000751863;-0.00215855;-0.00504933;0.999035;0.00501581;-0.00526902;0.993885;0.0258197;0.981199;1;3;1
882.531;652.06;6.92833;3.6155;-0.00231974;-0.0055429;-0.000181914;-0.0023095;-0.00555313;0.997351;0.012714;-0.00376107;0.995536;0.0215026;0.986517;1;3;1
905.531;652.06;7.01121;3.77254;0.00177274;-0.00595562;3.5991e-05;0.00177291;-0.00595579;1.00262;0.00921765;-0.0134326;0.993606;0.0216803;0.986467;1;2;1
928.531;652.06;7.00812;4.00861;0.000213293;-0.00493473;-0.000823571;0.000341837;-0.00506328;1.00317;0.0121475;-0.00445002;0.995056;0.0218065;0.986791;1;3;1
951.531;652.06;7.01961;4.13299;-0.000320346;-0.00390643;-0.000951918;-8.33272e-05;-0.00414344;1.00159;0.0092329;-0.00737169;0.994644;0.0205578;0.984753;1;3;1
974.531;652.06;6.99253;4.28829;-0.00162258;-0.00205177;-3.8875e-05;-0.00161908;-0.00205527;0.998271;0.0142171;-0.0070495;0.99973;0.0201178;0.990158;1;2;1
997.531;652.06;6.94321;4.52865;0.0013196;-0.00609017;0.000295389;0.00133135;-0.00610192;1.00624;0.0121501;-0.00962512;0.99156;0.0238581;0.983791;1;3;1
1020.53;652.06;7.05159;4.67323;0.00218767;-0.00403449;-0.000844182;0.00230017;-0.00414699;0.998785;0.0112651;-0.000674535;0.998842;0.0260129;0.982812;1;3;1
1043.53;652.06;7.04281;4.81982;0.00071279;-0.00400178;-0.000790191;0.000841706;-0.00413069;0.994595;0.0061757;-0.0136405;0.994537;0.0230853;0.986031;1;3;1
1066.53;652.06;7.08293;5.03635;0.00222134;-0.00458308;0.000383307;0.00224287;-0.00460461;1.00841;0.00718359;-0.00696182;0.990563;0.0209616;0.990218;1;2;1
1089.53;652.06;7.14306;5.229;0.00176041;-0.00311021;-0.000431063;0.00179827;-0.00314806;1.00227;0.00726898;-0.00374282;1.00405;0.0229293;0.982809;1;3;1
1112.53;652.06;7.16241;5.39951;0.000348395;-0.00308034;0.0016493;0.00101294;-0.00374488;1.00284;0.00636527;-0.0124183;0.998893;0.024802;0.980988;1;3;1
1135.53;652.06;7.15748;5.61392;4.78459e-05;-0.00209356;0.00087222;0.000358146;-0.00240386;0.997658;0.0112332;-0.0117947;1.00495;0.0259217;0.982217;1;3;1
1158.53;652.06;7.16272;5.81692;0.000287703;-0.00325395;0.00115489;0.000631016;-0.00359727;0.996215;0.00283732;-0.00969479;0.995352;0.0227278;0.985246;1;3;1
1181.53;652.06;7.16907;6.00247;0.00226231;-0.00339274;0.0014005;0.00259015;-0.00372057;1.00452;0.00375229;-0.00259107;0.995064;0.0271;0.97923;1;3;1
1204.53;652.06;7.26524;6.17961;0.00162575;-0.00418155;0.000577477;0.00168261;-0.00423842;1.00251;0.00720767;-0.00822834;0.9968;0.0216449;0.986305;1;3;1
1227.53;652.06;7.2429;6.28857;-0.000787258;-0.00371944;0.000818822;-0.000574096;-0.0039326;0.993275;0.0104568;-0.00552292;0.99507;0.0247971;0.985448;1;3;1
1250.53;652.06;7.22731;6.57525;0.00198026;-0.00291444;0.00108429;0.00220971;-0.00314388;1.00357;0.010279;-0.0105194;0.999479;0.0278771;0.980273;1;3;1
1273.53;652.06;7.33123;6.7852;0.00457028;-0.0037217;-1.14587e-05;0.00457029;-0.00372171;1.00192;0.0101828;-0.0124785;0.989893;0.0263678;0.985694;1;3;1
31.5305;629.06;9.55378;-2.1659;-0.00659006;-0.00531075;-0.00115417;-0.00463083;-0.00726997;1.00118;0.00768006;-0.00110072;0.997301;0.0229196;0.987598;1;3;1
54.5305;629.06;9.40113;-2.00328;-0.00632505;-0.00694625;-0.00198255;-0.00462892;-0.00864238;0.991985;0.0125132;-0.010376;0.989961;0.0242921;0.984467;1;3;1
77.5306;629.06;9.26074;-1.84075;-0.00483183;-0.00592257;-0.00146249;-0.00381633;-0.00693807;0.998347;0.0101679;-0.00710004;0.989124;0.0199196;0.992217;1;3;1
100.531;629.06;9.17738;-1.70923;-0.00462967;-0.00523236;-0.00185147;-0.00305518;-0.00680685;0.998503;0.0115726;-0.00375012;0.993392;0.0208788;0.985952;1;3;1
123.531;629.06;9.0466;-1.58985;-0.00475523;-0.00512221;-0.00048369;-0.00442139;-0.00545604;0.996346;0.00750776;-0.00781585;0.99493;0.0233665;0.985613;1;3;1
146.531;629.06;8.95703;-1.3947;-0.00312159;-0.00587711;-0.0010848;-0.00274578;-0.00625293;0.991337;0.00870117;-0.00956408;0.995812;0.020611;0.991541;1;2;1
169.531;629.06;8.90129;-1.22025;-0.00509304;-0.00609048;-0.00227686;-0.00326092;-0.00792261;0.997816;0.0035766;-0.00418716;0.993746;0.0206792;0.992925;1;2;1
192.531;629.06;8.72144;-1.13816;-0.00458536;-0.00860162;-0.00370217;-0.00238177;-0.0108052;0.99586;0.00929504;-0.0079833;0.996269;0.0236064;0.98898;1;2;1
215.531;629.06;8.68954;-1.04364;-0.00259031;-0.00917978;-0.00470421;-0.000141799;-0.0116283;0.992914;0.0129182;0.00338104;0.995685;0.0208129;0.990836;1;2;1
238.531;629.06;8.60172;-0.944261;-0.00417626;-0.00845201;-0.00302197;-0.00261241;-0.0100159;0.999293;0.0072173;-0.0081267;0.997199;0.035107;0.975805;1;3;1
261.531;629.06;8.49607;-0.747669;-0.00500708;-0.00886947;-0.00193915;-0.00420152;-0.00967503;1.00037;0.0106328;-0.0112924;0.987933;0.032343;0.976464;1;2;1
284.531;629.06;8.36934;-0.576866;-0.00444093;-0.00440916;-0.00176565;-0.00265932;-0.00619076;0.992933;0.00660448;0.000248041;0.998396;0.0316193;0.977604;1;3;1
307.531;629.06;8.28987;-0.382409;-0.00249258;-0.00599788;-0.000819479;-0.00231046;-0.00618;0.994908;0.00919736;-0.0127775;0.990509;0.0235621;0.990153;1;3;1
330.531;629.06;8.25304;-0.205893;-0.00176654;-0.00375658;-0.00373664;0.00110529;-0.00662842;0.996051;0.00732233;-0.00707368;0.9863;0.0257454;0.980049;1;3;1
353.531;629.06;8.20827;-0.223224;-0.00350926;-0.00757046;-0.000875883;-0.00332841;-0.00775131;1.00277;0.0011309;0.00220972;0.995279;0.0315497;0.979769;1;3;1
376.531;629.06;8.09023;0.110829;-0.0046268;-0.00735069;0.00267326;-0.00298854;-0.00898895;0.994068;0.0118308;-0.00635339;0.9923;0.025286;0.983829;1;3;1
399.531;629.06;7.99249;0.250459;0.000294316;-0.00569766;-0.000501884;0.000336062;-0.00573941;0.998232;0.0080851;-0.0142418;1.00397;0.0291545;0.976933;1;3;1
422.531;629.06;8.10308;0.362568;-0.000626415;-0.00749386;-0.00177418;-0.000195146;-0.00792513;1.00132;0.0102603;0.000969394;0.996348;0.0284098;0.980675;1;3;1
445.531;629.06;7.96282;0.529534;-0.00541349;-0.00768109;-0.0007672;-0.00517832;-0.00791627;0.997791;0.0156829;-0.00974592;0.986971;0.0247329;0.98397;1;3;1
468.531;629.06;7.85212;0.702182;-0.00557499;-0.00746313;8.06917e-05;-0.00557154;-0.00746658;0.996833;0.00638124;-0.00784869;0.988387;0.0249281;0.985217;1;2;1
491.531;629.06;7.7041;0.905263;-0.00144044;-0.00813267;0.000369644;-0.00142008;-0.00815302;1.00029;0.00326976;-0.00586698;0.986147;0.0274987;0.980177;1;2;1
514.531;629.06;7.78415;1.09313;0.000591714;-0.00627093;-0.000633468;0.000649697;-0.00632892;0.998958;0.00431061;-0.0120722;0.993209;0.0247926;0.987829;1;3;1
537.531;629.06;7.73068;1.14626;-0.00380719;-0.00592592;-0.000349005;-0.00375118;-0.00598193;0.997934;0.00569745;-0.000946461;0.993207;0.0225795;0.990094;1;3;1
560.531;629.06;7.60774;1.38752;-0.00318544;-0.00725324;0.00010209;-0.00318288;-0.0072558;0.999756;0.00886632;-0.0137098;0.98748;0.025356;0.984509;1;3;1
583.531;629.06;7.58146;1.62152;-0.00333692;-0.00672371;0.000318657;-0.0033072;-0.00675343;0.992636;0.013301;-0.00597219;0.9932;0.0252128;0.981954;1;3;1
606.531;629.06;7.45238;1.77028;-0.0015197;-0.00630504;-0.00119387;-0.00123838;-0.00658635;1.00298;0.00681981;-0.00353067;0.996086;0.0181834;0.9932;1;4;1
629.531;629.06;7.51075;1.88348;-0.00131299;-0.00421291;-0.00240861;4.84146e-05;-0.00557431;0.996793;0.00779117;-0.00715613;0.994086;0.0206046;0.98751;1;3;1
652.531;629.06;7.39133;2.00763;-0.00259806;-0.0052456;-0.000928812;-0.00230472;-0.00553894;0.998227;0.00841829;-0.00748019;0.992099;0.0207306;0.989175;1;2;1
675.531;629.06;7.39002;2.1962;-0.000986137;-0.00494994;-0.000649582;-0.0008824;-0.00505368;0.996241;0.0100977;-0.00625502;0.997418;0.0204117;0.988818;1;2;1
698.531;629.06;7.34455;2.36648;-0.0013517;-0.00567863;-0.000779613;-0.00121552;-0.00581481;1.00186;0.0121666;-0.0095496;0.994473;0.0216529;0.986975;1;3;1
721.531;629.06;7.32647;2.54597;-0.000991467;-0.00396676;0.000319039;-0.000957641;-0.00400059;0.998103;0.0085638;-0.00923502;0.997211;0.0214834;0.984042;1;2;1
744.531;629.06;7.29728;2.75485;-0.00112584;-0.00479699;-0.000503742;-0.00105797;-0.00486486;0.995825;0.01086;-0.0076203;0.995692;0.0185852;0.989311;1;2;1
767.531;629.06;7.27323;2.90723;0.000591515;-0.00468651;-0.0008953;0.000739248;-0.00483424;1.00776;0.00847082;-0.0106137;0.993732;0.0227719;0.985991;1;3;1
790.531;629.06;7.32307;3.11463;-0.00122534;-0.00648089;-0.00125368;-0.000941602;-0.00676463;0.990514;0.00683584;-0.00214247;0.993664;0.0272278;0.969923;1;4;1
813.531;629.06;7.21572;3.2258;-0.00271966;-0.00584893;-0.00162373;-0.00202939;-0.0065392;1.00251;0.00976733;-0.010766;0.996973;0.0209169;0.987903;1;3;1
836.531;629.06;7.1969;3.40121;-0.00129177;-0.00429942;-0.000224616;-0.00127508;-0.0043161;0.999589;0.00818347;-0.00979459;0.998411;0.0199942;0.988997;1;2;1
859.531;629.06;7.15457;3.62051;-0.00149306;-0.00517987;0.000987465;-0.00124524;-0.00542769;0.99594;0.00664347;-0.00326134;0.998567;0.020238;0.988776;1;3;1
882.531;629.06;7.12697;3.7329;0.00145073;-0.00539504;-0.00233258;0.00216995;-0.00611426;1.00055;0.00861836;-0.00663349;0.993912;0.0183289;0.992422;1;3;1
905.531;629.06;7.22042;3.89768;0.00259394;-0.00476255;-0.00105968;0.00274355;-0.00491215;1.00017;0.0128876;-0.0113486;0.996509;0.0239837;0.986048;1;2;1
928.531;629.06;7.24465;4.10295;0.000404112;-0.00510439;-0.00115487;0.000636435;-0.00533671;1.00348;0.00413296;-0.00780302;1.0016;0.0243409;0.982661;1;3;1
951.531;629.06;7.23769;4.24599;0.000367766;-0.00511989;-0.00122692;0.000629589;-0.00538171;0.999153;0.00223662;-0.00690549;0.99647;0.0228831;0.985525;1;2;1
974.531;629.06;7.26079;4.37061;-0.000546387;-0.00537542;-0.000321232;-0.000525112;-0.00539669;1.00285;0.0108327;-0.010059;0.994223;0.0233855;0.984896;1;3;1
997.531;629.06;7.21057;4.67194;-0.000291924;-0.00428639;-0.00112502;3.13872e-06;-0.00458145;0.996097;0.00709189;-0.00820127;0.991666;0.0262972;0.983987;1;3;1
1020.53;629.06;7.24566;4.76558;0.00215643;-0.00528016;-0.00095503;0.00227712;-0.00540085;1.00765;0.00402212;-0.00396;0.98693;0.0239495;0.983611;1;3;1
1043.53;629.06;7.30901;4.91727;0.000938876;-0.00459099;-0.000892088;0.00107923;-0.00473134;0.996503;0.00372123;-0.00890734;0.994747;0.0231464;0.982427;1;3;1
1066.53;629.06;7.28761;5.10112;0.00029828;-0.00460786;-0.0001043;0.000300497;-0.00461008;1.00007;0.00877642;-0.0089742;0.998396;0.0247119;0.987704;1;3;1
1089.53;629.06;7.32104;5.31121;4.846e-05;-0.00499831;0.00103584;0.000252791;-0.00520264;1.00051;0.0050634;-0.00697586;0.993271;0.022891;0.98417;1;3;1
1112.53;629.06;7.28813;5.49779;-9.7516e-05;-0.00418157;0.000758624;3.88475e-05;-0.00431793;0.998481;0.00230181;-0.00784538;0.995886;0.0282947;0.975026;1;3;1
1135.53;629.06;7.31501;5.68775;0.000617728;-0.00311392;0.000453528;0.000672056;-0.00316825;1.00269;0.00268884;-0.0147348;0.993893;0.0230921;0.986309;1;3;1
1158.53;629.06;7.31524;5.84252;0.000937731;-0.00190414;0.000165566;0.000947344;-0.00191375;0.996506;0.00641183;-0.00186354;0.996083;0.0264675;0.978336;1;3;1
1181.53;629.06;7.35678;6.04023;0.000454069;-0.00309993;0.000436228;0.00050683;-0.00315269;0.996457;0.00290519;-0.00937503;0.993333;0.0261829;0.977036;1;3;1
1204.53;629.06;7.33441;6.23998;0.00204258;-0.00304167;0.000683636;0.0021329;-0.00313199;1.00256;0.00814814;-0.00961528;0.997439;0.0247092;0.986024;1;2;1
1227.53;629.06;7.4489;6.44116;0.00488538;-0.00557887;-0.000770895;0.00494187;-0.00563535;1.00453;0.00692271;-0.00791422;0.992421;0.0235296;0.990275;1;3;1
1250.53;629.06;7.55696;6.62812;0.00412293;-0.00351177;5.64625e-05;0.00412335;-0.00351219;1.00299;0.00696022;-0.00762258;0.995268;0.0218427;0.990608;1;3;1
1273.53;629.06;7.63612;6.87604;0.00350562;-0.00313181;0.00146862;0.00381606;-0.00344224;1.01367;0.00902542;-0.0132634;1.00478;0.0260811;0.982953;1;3;1
31.5305;606.06;9.74263;-1.96354;-0.00228418;-0.00689625;-0.00135399;-0.00191606;-0.00726437;0.985547;0.00836207;-0.0072868;0.99411;0.0231645;0.985742;1;3;1
54.5305;606.06;9.68959;-1.82229;-0.00598511;-0.00588968;-0.00104889;-0.00488742;-0.00698737;0.997975;0.00158545;-0.00697195;0.999695;0.0199724;0.992653;1;3;1
77.5306;606.06;9.46568;-1.69205;-0.00604393;-0.0063873;-0.00159114;-0.00461523;-0.00781599;0.987708;0.00748366;-0.00598682;0.996526;0.0195287;0.9904;1;3;1
100.531;606.06;9.40983;-1.5354;-0.00521039;-0.00862909;-0.00199672;-0.00429129;-0.0095482;1.00163;0.0114635;-0.00409916;0.995084;0.0211884;0.988951;1;3;1
123.531;606.06;9.22459;-1.42483;-0.00478784;-0.00674749;-0.00172759;-0.00378156;-0.00775377;0.992332;0.0106;-0.0102299;0.992384;0.0261539;0.987215;1;3;1
146.531;606.06;9.18806;-1.23357;-0.00314454;-0.00622757;-0.00170485;-0.00238762;-0.00698448;0.993514;0.0110601;-0.00666739;0.99477;0.0206398;0.994585;1;3;1
169.531;606.06;9.07853;-1.09583;-0.00562866;-0.00638502;-0.00153612;-0.00442486;-0.00758883;0.998282;0.00993159;-0.0060701;0.992126;0.023542;0.988927;1;2;1
192.531;606.06;8.92771;-0.97952;-0.00444841;-0.00902396;-0.00238222;-0.00343332;-0.010039;0.998553;0.0135853;-0.00362644;0.986539;0.0263196;0.983681;1;3;1
215.531;606.06;8.87275;-0.842817;-0.00115674;-0.008472;-0.00107907;-0.00100089;-0.00862785;0.9946;0.00758351;-0.00691015;0.994543;0.0211898;0.99066;1;3;1
238.531;606.06;8.87346;-0.674914;-0.00337402;-0.00947614;-0.00103446;-0.00320342;-0.00964674;0.990881;0.00614715;-0.00448827;0.988675;0.0273947;0.97652;1;3;1
261.531;606.06;8.71605;-0.506895;-0.00397366;-0.00721529;-0.00264124;-0.00249557;-0.00869338;0.998011;0.00354232;-0.00979648;1.00006;0.0228899;0.989796;1;3;1
284.531;606.06;8.68989;-0.479914;-0.00348831;-0.00775899;-0.00280779;-0.00209614;-0.00915116;1.01142;0.0169874;-0.00436702;0.981995;0.0290749;0.98038;1;3;1
307.531;606.06;8.55488;-0.308835;-0.00376428;-0.00523631;-0.00245289;-0.00193935;-0.00706123;0.985802;0.0135401;0.00222876;0.992067;0.0245808;0.978903;1;3;1
330.531;606.06;8.51558;-0.206066;-0.00402244;-0.00504186;-0.00132648;-0.0031111;-0.00595319;1.00119;0.0209749;-0.0165352;1.00006;0.0278146;0.981129;1;3;1
353.531;606.06;8.36791;0.0698481;-0.00637903;-0.00876877;0.000782094;-0.00614583;-0.00900197;0.992453;0.0116556;-0.00555497;0.988504;0.0259352;0.982223;1;3;1
376.531;606.06;8.21887;0.255884;-0.0028375;-0.00396625;-0.00168371;-0.0016261;-0.00517766;1.00389;0.0052701;-0.00184687;1.00561;0.0263725;0.97866;1;3;1
399.531;606.06;8.23664;0.295637;0.00143452;-0.0057975;-0.00234603;0.00212889;-0.00649187;0.997387;0.00713431;-0.00687795;0.991141;0.0280028;0.9777;1;3;1
422.531;606.06;8.28421;0.492058;-0.0018685;-0.00911815;0.00152792;-0.00155964;-0.00942701;1.00094;0.00275832;-0.0122577;0.99042;0.0276541;0.985271;1;3;1
445.531;606.06;8.14914;0.663636;-0.00472051;-0.00908008;0.00106138;-0.00447584;-0.00932476;0.994305;0.000389886;-0.00340374;1.00204;0.022511;0.988961;1;3;1
468.531;606.06;8.06454;0.92157;-0.00365287;-0.00914418;0.000173396;-0.0036474;-0.00914965;0.993412;0.00997544;-0.00833959;0.989686;0.0227379;0.990102;1;3;1
491.531;606.06;7.97912;1.05591;-0.00531075;-0.00809642;-0.00173047;-0.00448221;-0.00892496;0.993668;0.00763039;-0.0036126;0.994296;0.0251971;0.988991;1;2;1
514.531;606.06;7.81849;1.23841;-0.00276954;-0.00608605;2.46612e-06;-0.00276954;-0.00608605;1.00095;0.00252034;-0.00974141;1.00134;0.0232446;0.982765;1;3;1
537.531;606.06;7.85065;1.34256;0.000453691;-0.00833419;0.000204406;0.000458443;-0.00833895;0.994115;0.00413941;-0.00530491;0.993679;0.0236414;0.985434;1;3;1
560.531;606.06;7.83819;1.56666;-0.00121917;-0.00513297;0.000205029;-0.00120846;-0.00514368;1.00024;0.00980785;-0.0065993;0.997781;0.0209838;0.988209;1;3;1
583.531;606.06;7.79275;1.74683;-0.0039803;-0.00368348;0.000269363;-0.00352435;-0.00413943;0.99424;0.0116981;-0.0084777;0.995782;0.0300598;0.970604;1;3;1
606.531;606.06;7.65341;1.91381;-0.00299737;-0.00541936;-0.00160738;-0.00219586;-0.00622087;0.998072;0.0126783;-0.000221531;0.993372;0.0215211;0.984285;1;3;1
629.531;606.06;7.65406;1.98213;-0.0010681;-0.00573141;-0.000871492;-0.000910559;-0.00588896;0.997812;0.0077602;-0.00487023;0.997263;0.0216739;0.988415;1;3;1
652.531;606.06;7.60356;2.16588;-0.00169623;-0.00679557;-7.01185e-05;-0.00169527;-0.00679653;0.996919;0.00422649;-0.00812522;0.993979;0.0184117;0.991036;1;3;1
675.531;606.06;7.57463;2.33325;-0.00155607;-0.00595369;0.00079992;-0.00141508;-0.00609468;0.996305;0.00717256;-0.00845933;0.989028;0.0230829;0.985796;1;3;1
698.531;606.06;7.53007;2.57869;-0.00203319;-0.00694752;0.000100602;-0.00203113;-0.00694957;1.00156;0.00146812;-0.00950367;0.988749;0.0252286;0.98283;1;3;1
721.531;606.06;7.4798;2.6659;-0.00203697;-0.00628639;-0.00146389;-0.00158149;-0.00674187;0.996983;0.0102601;-0.000635332;0.99151;0.0211496;0.987064;1;3;1
744.531;606.06;7.43552;2.84187;2.16101e-05;-0.00541979;0.000383226;4.84673e-05;-0.00544665;1.0012;0.00715199;-0.0108437;0.992932;0.0185008;0.990221;1;2;1
767.531;606.06;7.47927;3.04038;0.00123364;-0.005441;-0.000214807;0.00124055;-0.00544791;1.00406;0.0107338;-0.00849306;0.998667;0.0224784;0.986428;1;3;1
790.531;606.06;7.49094;3.18623;-5.04304e-05;-0.00355286;8.30963e-05;-4.846e-05;-0.00355483;0.997878;0.00408982;-0.00417154;0.994122;0.0220774;0.987255;1;3;1
813.531;606.06;7.47586;3.35635;-0.000806744;-0.00405716;-0.000940924;-0.000554017;-0.00430989;0.998584;0.00607449;-0.00775356;0.992788;0.0220185;0.98865;1;2;1
836.531;606.06;7.45263;3.51666;-0.00251839;-0.0042222;-0.000877848;-0.00214704;-0.00459355;0.998681;0.00966409;-0.0101281;0.994842;0.0188701;0.98988;1;3;1
859.531;606.06;7.35853;3.70781;-0.000726318;-0.00426323;-0.000255406;-0.00070797;-0.00428157;1.00149;0.00717615;-0.00948815;0.995685;0.0180779;0.99226;1;3;1
882.531;606.06;7.41787;3.86697;0.00257161;-0.004421;-0.00130252;0.00280636;-0.00465574;0.998559;0.00521323;-0.00679234;0.998529;0.0254727;0.979556;1;3;1
905.531;606.06;7.47578;3.9945;0.000965586;-0.00582514;6.851e-05;0.000966277;-0.00582583;1.00479;0.007483;-0.00790016;0.996107;0.0229571;0.989738;1;2;1
928.531;606.06;7.46071;4.24626;-0.00164219;-0.00543549;0.000211325;-0.00163046;-0.00544723;0.988201;0.0136698;-0.00323573;0.992176;0.0246261;0.982358;1;3;1
951.531;606.06;7.39863;4.37068;-0.000299719;-0.00533497;-0.000899977;-0.000143696;-0.005491;1.00565;0.0115306;-0.0091898;0.992018;0.023065;0.983566;1;2;1
974.531;606.06;7.44599;4.53847;0.000932778;-0.00637243;1.6287e-05;0.000932814;-0.00637247;1.00123;0.00426851;-0.00692396;0.989524;0.0233938;0.987319;1;2;1
997.531;606.06;7.44013;4.72895;-0.00133937;-0.00380077;7.25679e-05;-0.00133724;-0.00380291;0.994312;0.0119049;-0.00817901;0.996766;0.0246106;0.986494;1;3;1
1020.53;606.06;7.38277;4.91796;0.000420946;-0.00508759;-0.00105515;0.000616143;-0.00528279;1.00305;0.0209029;-0.00467549;0.997878;0.0262131;0.981968;1;2;1
1043.53;606.06;7.45848;5.03338;0.00224065;-0.00347591;-0.000783326;0.00234604;-0.0035813;1.00343;0.0164048;-0.00679518;0.991787;0.0225286;0.986654;1;3;1
1066.53;606.06;7.48452;5.25057;-0.000305446;-0.00477137;0.000739984;-0.000186027;-0.00489079;0.99852;0.00816573;-0.0113779;0.991763;0.0219085;0.986589;1;2;1
1089.53;606.06;7.44244;5.46047;-0.000339975;-0.00453937;-0.000252965;-0.000324792;-0.00455455;1.00303;0.011484;-0.00753797;1.0006;0.024033;0.98706;1;3;1
1112.53;606.06;7.46761;5.59329;0.000385579;-0.0047475;-0.000734179;0.000488523;-0.00485045;0.99488;0.00970513;-0.00499297;0.999249;0.0246247;0.985884;1;3;1
1135.53;606.06;7.45921;5.75838;0.000705347;-0.00347616;-0.000599318;0.00078955;-0.00356036;1.00266;0.00601287;-0.0139147;0.995509;0.0230234;0.984413;1;3;1
1158.53;606.06;7.49898;5.90583;0.00146703;-0.00383868;-1.63211e-05;0.00146708;-0.00383873;1.00027;0.00803259;-0.00269573;1.00115;0.0243207;0.986243;1;2;1
1181.53;606.06;7.52501;6.14667;0.00226912;-0.00389711;0.00076773;0.00236327;-0.00399126;1.00246;0.0137721;-0.010101;1.00083;0.0267314;0.989365;1;3;1
1204.53;606.06;7.60137;6.32097;0.00379636;-0.00384727;-0.000343894;0.0038118;-0.00386271;0.998099;0.00833137;-0.010436;0.993855;0.0239032;0.98253;1;3;1
1227.53;606.06;7.69757;6.54818;0.00117974;-0.00291469;0.000634523;0.00127582;-0.00301076;1.00709;0.00153634;-0.00886775;0.997418;0.0217963;0.98444;1;2;1
1250.53;606.06;7.65371;6.73906;-0.000147836;-0.00460014;0.00146979;0.0002936;-0.00504158;0.993559;0.00387259;-0.0114191;0.998344;0.0238753;0.984838;1;3;1
1273.53;606.06;7.68917;6.93089;0.00157785;-0.00179967;0.000925221;0.0018147;-0.00203651;1.00948;0.00587586;-0.0120091;0.996053;0.0349946;0.982953;1;3;1
31.5305;583.06;9.95982;-1.84576;-0.00821831;-0.00624857;-0.00174917;-0.00522606;-0.00924082;0.988753;0.0083061;-0.00671751;0.993592;0.0222545;0.988411;1;2;1
54.5305;583.06;9.76972;-1.73007;-0.00572292;-0.00585236;-0.000522551;-0.0052611;-0.00631418;0.995839;0.00957022;-0.00625432;0.991834;0.019462;0.994526;1;2;1
77.5306;583.06;9.69481;-1.54393;-0.00302686;-0.00523804;0.000232858;-0.0030026;-0.0052623;1.00063;0.0128441;-0.0101605;0.988053;0.020415;0.989508;1;3;1
100.531;583.06;9.62833;-1.30833;-0.00404614;-0.00565508;-0.00154766;-0.00310636;-0.00659486;0.995409;0.00959433;-0.00548676;0.989211;0.0229324;0.992321;1;3;1
123.531;583.06;9.50752;-1.27609;-0.00402516;-0.00666994;-0.00335849;-0.00173809;-0.00895701;0.994755;0.00780106;-0.00315828;0.992545;0.0202947;0.992783;1;3;1
146.531;583.06;9.44235;-1.10475;-0.00453097;-0.00706467;-0.0009896;-0.00419027;-0.00740537;0.992364;0.00938382;-0.00556992;0.99005;0.0193842;0.991593;1;2;1
169.531;583.06;9.29727;-0.923879;-0.00536169;-0.00704864;-0.000277276;-0.00531728;-0.00709304;1.00341;0.0119436;-0.0151334;0.990888;0.0203875;0.991631;1;3;1
192.531;583.06;9.19342;-0.718729;-0.00445023;-0.00695383;-0.00241343;-0.00298327;-0.00842079;0.997401;0.0102484;0.000873231;0.994495;0.0236619;0.986015;1;3;1
215.531;583.06;9.09129;-0.65049;-0.00351245;-0.00801349;-0.00230647;-0.00254045;-0.00898549;0.994524;0.00615777;-0.00753414;0.990546;0.0244725;0.985409;1;3;1
238.531;583.06;9.03106;-0.504251;-0.00339155;-0.00708275;-0.000916893;-0.00317634;-0.00729796;0.992414;0.00795931;-0.00467018;0.993778;0.0227208;0.988713;1;3;1
261.531;583.06;8.93439;-0.412456;-0.00443343;-0.00866339;-0.00169156;-0.00384018;-0.00925664;0.993887;0.0163912;-0.0030458;0.991305;0.022189;0.986722;1;2;1
284.531;583.06;8.82576;-0.216274;-0.00311997;-0.00823726;-0.000914197;-0.00296156;-0.00839567;0.997812;0.00544198;-0.0102007;0.995034;0.0236664;0.987421;1;3;1
307.531;583.06;8.78983;-0.138173;-0.00154772;-0.00676017;-0.00217406;-0.000759988;-0.0075479;0.998233;0.010999;-0.00200436;0.989635;0.0242639;0.986764;1;2;1
330.531;583.06;8.75385;0.0293601;-0.00416552;-0.00876902;0.000764935;-0.00404175;-0.00889279;1.00209;-0.00192248;-0.00863861;0.996053;0.0253629;0.986091;1;3;1
353.531;583.06;8.59668;0.183578;-0.00611117;-0.00633366;-0.00210624;-0.00411324;-0.00833159;0.986137;0.0118577;-0.00200229;0.996592;0.0211706;0.988477;1;3;1
376.531;583.06;8.4711;0.295223;-0.00332003;-0.00648668;-0.00164728;-0.00261852;-0.00718819;0.998915;0.0102219;-0.0146967;0.980126;0.0296493;0.970276;1;3;1
399.531;583.06;8.44247;0.520135;-0.00305903;-0.00718135;0.000946746;-0.002852;-0.00738838;0.995779;0.0108205;-0.0060007;0.986919;0.0243661;0.983157;1;3;1
422.531;583.06;8.32756;0.784486;-0.00321502;-0.00654708;0.00197466;-0.00229746;-0.00746464;0.997918;0.00595344;-0.00922153;0.993376;0.0229953;0.981486;1;3;1
445.531;583.06;8.29233;0.950323;-0.00217322;-0.00774967;0.00035235;-0.00215105;-0.00777185;0.998395;0.00547763;-0.00339591;0.988205;0.0229467;0.987079;1;3;1
468.531;583.06;8.22621;1.12629;-0.00241082;-0.00607766;0.000129669;-0.00240624;-0.00608224;0.995708;0.00625132;-0.0102374;0.999204;0.0220392;0.989851;1;3;1
491.531;583.06;8.1801;1.2817;-0.00338406;-0.00752897;-0.000914676;-0.00319119;-0.00772184;0.993379;0.00744979;-0.0038934;0.99252;0.0239748;0.9873;1;3;1
514.531;583.06;8.06961;1.37483;-0.00308569;-0.00454595;-0.00233665;-0.00136775;-0.00626389;1.00148;0.015056;-0.00917899;0.991606;0.0229189;0.986462;1;3;1
537.531;583.06;8.03725;1.53227;-0.00168098;-0.00607586;-0.0013341;-0.00130771;-0.00644913;0.994078;0.0183013;-0.00260575;0.991423;0.0263296;0.980483;1;3;1
560.531;583.06;7.99153;1.62586;-0.00288037;-0.0037562;-0.000643708;-0.00253974;-0.00409683;1.00139;0.00570693;-0.00668578;0.995934;0.0272436;0.980675;1;3;1
583.531;583.06;7.90382;1.79241;-0.00335058;-0.00498293;0.00103484;-0.00284879;-0.00548472;0.990364;0.00278591;-0.00297707;0.992459;0.0248615;0.982245;1;3;1
606.531;583.06;7.83543;2.02186;-0.00131505;-0.00359283;-0.000604886;-0.00116438;-0.0037435;0.999209;0.00554964;-0.0130116;0.99747;0.026871;0.975824;1;4;1
629.531;583.06;7.84191;2.14908;-0.0018968;-0.00581143;-0.000570677;-0.0018153;-0.00589292;0.99747;0.010523;-0.00168248;0.991999;0.0229031;0.986018;1;3;1
652.531;583.06;7.74711;2.32268;-0.00246372;-0.00540905;-0.000816754;-0.00225239;-0.00562038;0.99448;0.0144399;-0.00799142;0.993924;0.0197992;0.991628;1;3;1
675.531;583.06;7.7273;2.47214;-0.00172402;-0.0057925;5.65419e-05;-0.00172324;-0.00579328;1.00015;0.00869158;-0.00545055;0.989702;0.021629;0.989762;1;3;1
698.531;583.06;7.66628;2.68832;-5.17157e-05;-0.00429507;-7.55729e-05;-5.03702e-05;-0.00429641;1.00218;0.00796357;-0.00734852;0.998202;0.0228338;0.98982;1;4;1
721.531;583.06;7.72347;2.83779;-0.00066775;-0.00559398;-0.0014015;-0.000296939;-0.00596479;1.00046;0.00586347;-0.00856091;0.993678;0.0195314;0.989933;1;3;1
744.531;583.06;7.63446;3.00608;-0.0018962;-0.00488084;-0.00153191;-0.00124988;-0.00552716;1.00217;0.011517;-0.00356626;0.997697;0.0227452;0.983043;1;3;1
767.531;583.06;7.63503;3.15963;-7.30693e-05;-0.00580825;-0.000838482;4.70026e-05;-0.00592832;0.996751;0.00841271;-0.0103753;0.989741;0.0202149;0.988206;1;3;1
790.531;583.06;7.63029;3.27939;-5.69686e-05;-0.00528476;-0.000987471;0.000123335;-0.00546506;0.999514;0.00980804;-0.00342075;0.996304;0.0243072;0.975347;1;3;1
813.531;583.06;7.6317;3.4147;-9.9991e-06;-0.00551115;-0.000310238;7.44147e-06;-0.00552859;0.999338;0.01145;-0.00456459;0.995858;0.0207344;0.987682;1;3;1
836.531;583.06;7.62872;3.59788;-0.00223182;-0.00478453;0.000821014;-0.00199056;-0.00502578;0.997184;0.00883872;-0.0106344;0.990287;0.0201533;0.990204;1;3;1
859.531;583.06;7.52715;3.81856;-0.00209082;-0.00512774;-9.31858e-05;-0.00208796;-0.00513059;0.995975;0.00606155;-0.00750782;0.992912;0.0211905;0.984829;1;4;1
882.531;583.06;7.53118;3.9385;0.00141425;-0.00401344;0.000303589;0.00143118;-0.00403037;1.00422;0.00971341;-0.00558784;0.991582;0.0213962;0.987158;1;3;1
905.531;583.06;7.59083;4.16792;0.00153655;-0.00491306;0.000992885;0.00168594;-0.00506245;1.00058;0.00824589;-0.0170279;0.989059;0.021977;0.9817;1;3;1
928.531;583.06;7.59993;4.35504;0.000468979;-0.00327807;0.000775962;0.000623314;-0.0034324;0.996823;-0.000956568;0.000730028;0.99816;0.0225484;0.988003;1;3;1
951.531;583.06;7.61125;4.49358;0.000349356;-0.00500919;-0.000463354;0.000389127;-0.00504896;1.00359;0.00129753;-0.00830722;0.993505;0.0215465;0.98607;1;3;1
974.531;583.06;7.61494;4.66605;-0.000596313;-0.00444707;0.000359863;-0.000562972;-0.00448041;1.00044;0.00103041;-0.00480604;0.993654;0.021597;0.987649;1;3;1
997.531;583.06;7.58244;4.84862;0.000689965;-0.00399417;0.000267137;0.000705151;-0.00400935;0.997209;0.00541953;-0.0109268;0.993433;0.0243747;0.981965;1;3;1
1020.53;583.06;7.64544;5.00196;0.00282482;-0.00461052;-0.0016957;0.00319328;-0.00497898;1.00448;0.00428775;-0.00532694;0.994549;0.0233106;0.983894;1;2;1
1043.53;583.06;7.71162;5.07921;8.02785e-06;-0.00491929;-9.4021e-05;9.82127e-06;-0.00492108;1.00013;0.0104604;-0.00792104;1.00053;0.0232766;0.984715;1;3;1
1066.53;583.06;7.6447;5.32252;-0.00051929;-0.00328383;0.00075962;-0.000324318;-0.00347881;0.999566;0.00929622;-0.00893413;1.00088;0.020045;0.98717;1;2;1
1089.53;583.06;7.6856;5.52195;0.000196189;-0.00181353;0.00103165;0.000631486;-0.00224883;0.998771;0.0107087;-0.0073815;0.995544;0.0211128;0.991245;1;3;1
1112.53;583.06;7.65202;5.71815;-6.70111e-05;-0.00355902;-0.000410476;-1.94095e-05;-0.00360662;1.0047;0.0126697;-0.00740155;0.994621;0.0241905;0.98854;1;3;1
1135.53;583.06;7.68135;5.84939;0.00112996;-0.0039492;-0.001112;0.00136274;-0.00418198;0.997598;0.012901;-0.0097607;0.996492;0.0216146;0.989946;1;3;1
1158.53;583.06;7.70297;6.02108;0.000414319;-0.00425241;-6.25278e-05;0.000415157;-0.00425325;1.00152;0.012345;-0.00438304;0.991145;0.0217495;0.988607;1;2;1
1181.53;583.06;7.6989;6.22112;0.00137336;-0.00319163;0.000968309;0.00157026;-0.00338853;1.00652;0.00399438;-0.00868792;0.994194;0.0234012;0.985109;1;3;1
1204.53;583.06;7.76438;6.41932;0.00238204;-0.00442796;0.000675748;0.00244845;-0.00449436;1.00102;0.00302428;-0.0076128;0.997431;0.0237851;0.978126;1;3;1
1227.53;583.06;7.80697;6.57683;0.000875985;-0.00339788;0.0020239;0.00168229;-0.00420418;1.00253;0.008934;-0.00569563;0.999566;0.020212;0.988492;1;3;1
1250.53;583.06;7.80273;6.84087;0.00278893;-0.00383668;9.66172e-05;0.00279034;-0.00383809;0.998578;0.00808917;-0.0113428;0.993369;0.0222175;0.987146;1;3;1
1273.53;583.06;7.9335;6.95987;0.00571506;-0.00379121;-7.69241e-05;0.00571568;-0.00379183;1.00867;0.00539783;-0.00238262;0.99421;0.0336277;0.979166;1;3;1
31.5305;560.06;10.1367;-1.6735;-0.00419427;-0.00603077;-0.00133303;-0.00349383;-0.0067312;0.998029;0.00911507;-0.0150587;0.993048;0.0241355;0.98914;1;3;1
54.5305;560.06;10.0397;-1.55095;-0.00587823;-0.00701787;-0.00209706;-0.00427495;-0.00862114;0.994007;0.00831793;-0.00110535;0.995162;0.0184936;0.994964;1;3;1
77.5306;560.06;9.86499;-1.44873;-0.00474292;-0.00552186;-0.00128896;-0.00378587;-0.00647891;0.996985;0.00634897;-0.00476911;0.999026;0.0200089;0.993915;1;2;1
100.531;560.06;9.8202;-1.27269;-0.00273361;-0.00427824;-0.000776836;-0.00241051;-0.00460135;0.997631;0.0105013;-0.00740905;0.99582;0.0194869;0.993436;1;2;1
123.531;560.06;9.73785;-1.1141;-0.00407648;-0.00625457;-0.000546179;-0.00394719;-0.00638385;0.992786;0.00865857;-0.00598642;0.999941;0.0201479;0.988671;1;3;1
146.531;560.06;9.63082;-0.905297;-0.00535512;-0.00569703;-0.000781121;-0.00472647;-0.00632569;0.99688;0.0120513;-0.00848775;0.99764;0.022544;0.989209;1;3;1
169.531;560.06;9.48954;-0.768593;-0.00448377;-0.00575088;-0.00178763;-0.00322074;-0.00701391;0.995387;0.00954657;-0.00607615;0.997113;0.0213931;0.990331;1;3;1
192.531;560.06;9.42343;-0.655834;-0.00410857;-0.00395226;-0.00104961;-0.0029779;-0.00508292;0.992786;0.00608521;-0.00483854;0.999669;0.0266934;0.985301;1;3;1
215.531;560.06;9.29919;-0.470715;-0.00492565;-0.00530104;-0.00145654;-0.00364477;-0.00658193;0.994246;0.0144091;-0.00437143;0.995541;0.0218529;0.991503;1;2;1
238.531;560.06;9.19524;-0.346812;-0.00300896;-0.0068423;-0.00086765;-0.00282172;-0.00702955;0.993858;0.0133704;-0.00848685;0.992121;0.0219988;0.992882;1;2;1
261.531;560.06;9.15911;-0.104485;-0.00320023;-0.00818813;-0.00228221;-0.00231361;-0.00907475;0.997282;0.0123721;-0.00933256;0.98588;0.0234116;0.985525;1;2;1
284.531;560.06;9.04712;-0.0980278;-0.00345992;-0.0071724;-0.00339229;-0.00144921;-0.0091831;0.99725;0.0121358;0.00658841;0.989561;0.0268037;0.985442;1;2;1
307.531;560.06;8.99955;0.00535533;-0.00608961;-0.00821299;-0.00117023;-0.00557123;-0.00873137;0.996322;0.00694675;-0.0178559;0.991565;0.0256758;0.987385;1;3;1
330.531;560.06;8.76517;0.199776;-0.00367717;-0.00823065;0.000459582;-0.00363125;-0.00827658;0.998766;0.0102724;-0.00484597;0.985852;0.0256848;0.98488;1;2;1
353.531;560.06;8.82868;0.364447;-0.0012464;-0.00624704;-0.000288145;-0.00122985;-0.00626359;0.990042;0.00598891;-0.00137836;0.994635;0.0241919;0.987617;1;3;1
376.531;560.06;8.70641;0.557846;-0.00415232;-0.00800727;-0.00151687;-0.00362703;-0.00853256;1.00048;0.0140469;-0.0129271;0.992824;0.0229854;0.989929;1;3;1
399.531;560.06;8.63651;0.628924;-0.00379912;-0.00595948;-0.00152368;-0.00301158;-0.00674702;0.991792;0.0103394;0.000215162;0.995829;0.0238258;0.986915;1;3;1
422.531;560.06;8.5307;0.794881;-0.00386818;-0.00465048;-0.00085738;-0.00331694;-0.00520172;0.999213;0.012696;-0.00623502;0.993128;0.0218221;0.988629;1;3;1
445.531;560.06;8.45654;1.02255;-0.00317213;-0.00404646;-0.000599957;-0.00286696;-0.00435163;0.997775;0.0116129;-0.0116085;0.999435;0.0228681;0.985945;1;2;1
468.531;560.06;8.38273;1.2031;-0.00312305;-0.00451673;-0.000410339;-0.00301121;-0.00462857;0.997802;0.00632887;-0.0102162;0.997136;0.0209801;0.988228;1;2;1
491.531;560.06;8.31106;1.40477;-0.00212248;-0.00541309;-0.00130295;-0.00166904;-0.00586653;1.00354;0.00765763;-0.00495672;0.999205;0.0271053;0.979229;1;3;1
514.531;560.06;8.28433;1.45037;-0.00189014;-0.00676002;-0.00219781;-0.00104493;-0.00760522;0.995907;0.000175366;-0.00345181;0.992458;0.0236109;0.985243;1;3;1
537.531;560.06;8.2235;1.62442;-0.00273384;-0.0042116;-0.000844203;-0.00235084;-0.0045946;0.996872;0.00443211;-0.00558912;0.994727;0.0243113;0.984705;1;2;1
560.531;560.06;8.15748;1.74089;-0.00281272;-0.00633749;-0.000308627;-0.0027859;-0.00636431;0.999002;0.00760974;-0.00560039;0.994437;0.0236116;0.982642;1;2;1
583.531;560.06;8.09258;1.9776;-0.0019812;-0.0057346;-0.000627293;-0.00187914;-0.00583666;0.991538;0.00587587;-0.00594383;0.997838;0.0216668;0.98733;1;3;1
606.531;560.06;8.06499;2.08122;-0.00185613;-0.00350114;-0.0022922;-0.000243333;-0.00511394;1.0005;0.0144036;-0.00832688;0.997434;0.0222937;0.986392;1;3;1
629.531;560.06;8.0063;2.25159;-0.00136389;-0.0043238;-0.000847351;-0.00113848;-0.00454921;1.00008;0.00828608;-0.0107367;0.997044;0.0218113;0.984821;1;3;1
652.531;560.06;8.00098;2.4171;-0.00155104;-0.00630527;-0.00201134;-0.00081429;-0.00704202;0.996419;0.00950423;-0.00435619;0.996785;0.0198082;0.990509;1;3;1
675.531;560.06;7.93356;2.60189;-0.0021378;-0.00542202;-0.000910946;-0.00190205;-0.00565777;0.998229;0.00634856;-0.00716008;0.998694;0.0209684;0.987152;1;2;1
698.531;560.06;7.90112;2.77819;-0.00016086;-0.00396858;-0.00135824;0.000273975;-0.00440342;0.999919;0.0119377;-0.00723424;0.997529;0.023714;0.980918;1;3;1
721.531;560.06;7.92501;2.92612;-5.64057e-05;-0.00294023;-0.00121406;0.000386634;-0.00338327;0.998575;0.0116791;-0.0064987;1.00073;0.0215363;0.984013;1;3;1
744.531;560.06;7.8976;3.06927;-0.0020689;-0.00468503;-0.000675503;-0.00190478;-0.00484915;0.999174;0.00779211;-0.01214;0.996098;0.0208886;0.984205;1;3;1
767.531;560.06;7.82814;3.30967;-0.00131759;-0.00503366;-0.000519698;-0.00124628;-0.00510497;0.99994;0.00379467;-0.00783488;0.996158;0.0218546;0.98611;1;3;1
790.531;560.06;7.83553;3.43128;-0.000130572;-0.00654426;-0.000843833;-2.14093e-05;-0.00665343;1.00227;0.00712799;-0.0022601;0.990776;0.0259551;0.980271;1;3;1
813.531;560.06;7.82115;3.61187;-0.00118954;-0.00552955;-0.000713332;-0.0010753;-0.00564379;0.998346;0.00548782;-0.0130266;1.00461;0.0218916;0.986131;1;3;1
836.531;560.06;7.77975;3.73844;-0.00245869;-0.00498332;-0.000602896;-0.0023221;-0.00511991;0.995328;0.00845486;-0.00529402;0.998067;0.0187081;0.989678;1;3;1
859.531;560.06;7.70669;3.94562;-0.000895642;-0.00431663;-0.00163799;-0.000237847;-0.00497443;0.999017;0.0125775;-0.00686879;0.995217;0.0208249;0.987773;1;3;1
882.531;560.06;7.73745;4.05307;0.00201437;-0.00567511;-0.00161616;0.00234025;-0.00600098;1.00575;0.00886711;-0.00665402;0.993314;0.0178173;0.990179;1;3;1
905.531;560.06;7.79843;4.2222;-0.000486201;-0.00284287;-0.000135092;-0.000478482;-0.00285059;0.998259;0.00726507;-0.00618708;1.00279;0.0204901;0.988305;1;3;1
928.531;560.06;7.71379;4.39799;-0.00100526;-0.00461449;-0.000198895;-0.000994335;-0.00462542;1.00183;0.014058;-0.00954785;0.992165;0.0300356;0.97521;1;3;1
951.531;560.06;7.75059;4.60303;0.00117559;-0.00307315;-0.00127823;0.0015305;-0.00342806;1.00868;0.0153802;-0.00311539;1.0046;0.0263949;0.989351;1;4;1
974.531;560.06;7.76653;4.74462;7.88491e-06;-0.00402864;-0.000120968;1.15068e-05;-0.00403226;1.00277;0.0127125;-0.00948744;0.99888;0.0214526;0.9864;1;3;1
997.531;560.06;7.7499;4.9141;5.04041e-05;-0.00496422;-0.000233786;6.12799e-05;-0.0049751;0.995703;0.0071837;-0.00963444;0.99957;0.0246442;0.984377;1;3;1
1020.53;560.06;7.76722;5.13215;0.000815987;-0.00404714;0.00117038;0.001083;-0.00431415;1.00497;0.00533745;-0.00702036;0.997824;0.0224518;0.983552;1;3;1
1043.53;560.06;7.78611;5.2614;0.00195185;-0.00678957;-0.000749527;0.00201565;-0.00685337;1.00193;0.00547245;-0.000881726;0.995459;0.0226063;0.989781;1;3;1
1066.53;560.06;7.85612;5.40338;-0.000931041;-0.0043234;-0.00139882;-0.000428648;-0.00482579;0.996267;0.00600444;-0.00602618;0.990662;0.0214839;0.987237;1;2;1
1089.53;560.06;7.74239;5.54495;-0.000501434;-0.00491214;2.98575e-05;-0.000501232;-0.00491234;1.00034;0.00148105;-0.00912739;0.991983;0.0249676;0.980881;1;3;1
1112.53;560.06;7.83167;5.75874;0.00265816;-0.00405655;0.00130987;0.00290464;-0.00430302;1.00434;0.00368418;-0.00416974;0.993651;0.0211589;0.986115;1;3;1
1135.53;560.06;7.86279;5.94218;0.000964446;-0.00464316;-0.000436838;0.000998272;-0.00467699;1.00082;0.00434501;-0.0102045;0.998071;0.0182702;0.991575;1;2;1
1158.53;560.06;7.87472;6.1034;-0.000629368;-0.00334386;-0.0003931;-0.000573588;-0.00339965;0.995777;0.00479741;-0.00703466;1.00053;0.0194084;0.989332;1;2;1
1181.53;560.06;7.83248;6.29475;0.000431787;-0.0050046;0.00118013;0.000676917;-0.00524972;1.00173;0.00740862;-0.0104959;0.994502;0.0207733;0.987133;1;3;1
1204.53;560.06;7.89264;6.52604;0.00219016;-0.0043556;0.00135252;0.00245861;-0.00462405;1.00357;0.0100786;-0.0115083;0.994547;0.0215567;0.98581;1;3;1
1227.53;560.06;7.93128;6.70534;0.0029253;-0.00460857;-0.000238051;0.00293281;-0.00461609;1.00372;0.00991472;-0.0054287;0.994604;0.0212201;0.989094;1;2;1
1250.53;560.06;8.02535;6.9174;5.25454e-05;-0.00365911;0.000461348;0.00010903;-0.0037156;1.00053;0.0106025;-0.0126189;0.998367;0.0225271;0.987021;1;2;1
1273.53;560.06;7.93195;7.10626;-0.00401864;-0.00335578;0.00139828;-0.00225019;-0.00512424;0.990857;0.00438981;-0.00390042;0.994738;0.0333395;0.97349;1;2;1
31.5305;537.06;10.3276;-1.56603;-0.00601422;-0.00413939;-0.000658627;-0.00393115;-0.00622247;0.990746;0.00923315;-0.00773217;0.994565;0.021175;0.987927;1;3;1
54.5305;537.06;10.1883;-1.40419;-0.0050908;-0.00556201;-0.00140695;-0.00389987;-0.00675295;0.992583;0.008182;-0.00399669;0.992297;0.0184667;0.99448;1;2;1
77.5306;537.06;10.092;-1.2875;-0.00332612;-0.00671015;-0.00202319;-0.00238067;-0.0076556;1.0009;0.0101321;-0.0062305;0.990735;0.0194643;0.990201;1;2;1
100.531;537.06;10.0341;-1.10931;-0.00361186;-0.00812599;-0.000612925;-0.00353012;-0.00820773;0.996545;0.00878311;-0.00562743;0.988691;0.0189025;0.992588;1;2;1
123.531;537.06;9.92456;-0.985569;-0.00376077;-0.00663799;-0.00117502;-0.00334189;-0.00705687;0.995583;0.00846966;-0.00621751;0.985656;0.0210432;0.988987;1;3;1
146.531;537.06;9.85999;-0.840033;-0.00459293;-0.00529156;-0.000825318;-0.00404604;-0.00583844;0.99385;0.00853989;-0.00730106;0.995332;0.0200527;0.991728;1;2;1
169.531;537.06;9.71162;-0.656696;-0.00586672;-0.00421023;-0.00173647;-0.00311459;-0.00696236;0.995343;0.00942909;-0.00845884;0.991943;0.0209866;0.988301;1;2;1
192.531;537.06;9.5883;-0.534862;-0.00382017;-0.00533068;-0.00229965;-0.00215493;-0.00699592;1.00075;0.00253583;-0.00699841;0.99111;0.0228254;0.987649;1;3;1
215.531;537.06;9.53485;-0.403842;-0.00241107;-0.0045757;-0.00135758;-0.00175718;-0.00522959;0.99362;0.00681063;-0.00592606;0.998206;0.0222892;0.988117;1;3;1
238.531;537.06;9.47593;-0.186254;-0.00305592;-0.00518835;-0.00087042;-0.00274575;-0.00549852;0.993423;0.000190251;-0.00733155;0.992608;0.023226;0.986533;1;3;1
261.531;537.06;9.39256;-0.0319462;-0.00491329;-0.00283199;-0.000603217;-0.0026698;-0.00507548;0.994171;0.00715645;-0.00512586;0.998132;0.0193761;0.992984;1;2;1
284.531;537.06;9.24836;0.116803;-0.00426091;-0.00635366;-0.000774843;-0.00400526;-0.00660931;0.99151;0.00897264;-0.00290084;0.994844;0.0243315;0.985384;1;3;1
307.531;537.06;9.19531;0.24299;-0.00387426;-0.00781532;-0.00110903;-0.0035836;-0.00810597;0.994801;0.00903879;-0.00592869;0.992925;0.0217872;0.98983;1;3;1
330.531;537.06;9.06886;0.410629;-0.00466807;-0.00853423;-0.00332495;-0.0027551;-0.0104472;0.995755;0.0103423;-0.00485825;0.990394;0.0215121;0.991728;1;2;1
353.531;537.06;8.9795;0.473448;-0.00419683;-0.0068198;-0.00177705;-0.00329972;-0.0077169;0.993983;0.0143838;-0.00672423;0.99387;0.0237106;0.988205;1;2;1
376.531;537.06;8.87468;0.666829;-0.00344306;-0.00557984;-0.00146093;-0.00270154;-0.00632136;1.00202;0.0135627;-0.00926749;0.995378;0.0220262;0.990067;1;3;1
399.531;537.06;8.8197;0.796649;-0.00159448;-0.00791654;-0.000820071;-0.00148984;-0.00802119;1.00141;0.00249288;-0.00860877;0.998417;0.0273198;0.984869;1;3;1
422.531;537.06;8.80006;1.00135;-0.00136574;-0.00729108;-0.00126186;-0.00110821;-0.00754861;1.00184;0.00593634;-0.00477459;0.995121;0.0254493;0.986598;1;3;1
445.531;537.06;8.75556;1.13918;-0.00332208;-0.00625105;-0.00175424;-0.00250138;-0.00707175;0.98931;0.0105515;-0.00574915;0.995116;0.0246837;0.983713;1;3;1
468.531;537.06;8.64576;1.33645;-0.00449424;-0.00545697;-1.83944e-05;-0.00449389;-0.00545732;1.00132;0.0113527;-0.00990213;0.99492;0.021373;0.989794;1;3;1
491.531;537.06;8.54666;1.53285;-0.00333455;-0.00623486;-0.000945131;-0.00305374;-0.00651566;0.994424;0.00818728;-0.00557329;0.985274;0.0252068;0.983583;1;2;1
514.531;537.06;8.49076;1.68879;-0.00306124;-0.00760452;-0.0026251;-0.00186136;-0.00880441;0.993309;0.0118997;-0.00664242;0.990151;0.0215197;0.987431;1;3;1
537.531;537.06;8.40522;1.7279;-0.0025675;-0.00589894;-0.00210126;-0.00155182;-0.00691462;0.995289;0.0095082;-0.00221041;0.994907;0.0241537;0.982445;1;3;1
560.531;537.06;8.37192;1.9199;-0.00224367;-0.00659066;-0.00122333;-0.00192305;-0.00691129;0.997625;0.00762782;-0.0105066;0.989778;0.0262653;0.972944;1;2;1
583.531;537.06;8.3007;2.05868;-0.0011061;-0.0049524;-0.00145542;-0.000617448;-0.00544104;0.994585;0.0119282;-0.00535593;0.998264;0.0266716;0.985479;1;3;1
606.531;537.06;8.32025;2.18576;-0.000976168;-0.00593008;-0.00192876;-0.000313787;-0.00659247;1.00431;0.00628884;-0.00658201;0.989087;0.0228028;0.984829;1;3;1
629.531;537.06;8.25485;2.35027;-0.000807685;-0.00592327;-0.000675647;-0.000719953;-0.00601101;1.00043;0.012214;-0.00631296;0.99423;0.0214842;0.988568;1;3;1
652.531;537.06;8.28106;2.61676;-0.00178408;-0.00706862;-0.000251384;-0.00177214;-0.00708055;0.996068;0.0101121;-0.0101556;0.992048;0.0215177;0.986095;1;3;1
675.531;537.06;8.17118;2.72438;-0.00360408;-0.00702863;-0.00207349;-0.00262726;-0.00800545;0.995525;0.0129596;-0.00508022;0.986239;0.0284305;0.983015;1;3;1
698.531;537.06;8.11425;2.87342;-0.000980009;-0.00511587;-0.00154639;-0.000465759;-0.00563012;0.999665;0.00800139;-0.00896264;0.994819;0.0193669;0.991436;1;3;1
721.531;537.06;8.1254;2.975;-0.000730829;-0.00342741;-0.000992433;-0.00040496;-0.00375328;0.998531;0.00992397;-0.00662863;0.991811;0.0191454;0.990631;1;3;1
744.531;537.06;8.07928;3.22426;-0.00173611;-0.00587407;6.24927e-05;-0.00173517;-0.00587502;0.997911;0.0116137;-0.00945661;0.993545;0.0234571;0.985466;1;2;1
767.531;537.06;8.04356;3.39359;-0.00151414;-0.00343016;-0.000979924;-0.00110174;-0.00384256;0.996877;0.0139258;-0.00924128;0.996846;0.0195132;0.991242;1;2;1
790.531;537.06;8.00818;3.58298;-0.000858008;-0.00480851;-0.000861946;-0.000678134;-0.00498839;0.999364;0.00288575;-0.00195648;0.995338;0.0236561;0.989037;1;3;1
813.531;537.06;8.00323;3.67128;0.000211108;-0.00357161;-0.00116426;0.000540726;-0.00390123;1.00068;0.00914045;-0.00474164;0.991136;0.0193905;0.986764;1;3;1
836.531;537.06;8.01723;3.82934;-0.00022592;-0.00547636;-0.000553844;-0.000168134;-0.00553415;0.999329;0.00763923;-0.00837266;0.994277;0.0180843;0.990091;1;3;1
859.531;537.06;7.99152;4.01991;-0.00134039;-0.00433691;-0.00125672;-0.000883113;-0.00479418;0.995642;0.00693873;-0.00377496;0.996418;0.0250521;0.979338;1;3;1
882.531;537.06;7.95401;4.20225;-0.000940663;-0.00530481;-0.00174144;-0.00033095;-0.00591452;1.00099;0.0109567;-0.0113829;0.995548;0.0197974;0.990833;1;3;1
905.531;537.06;7.94737;4.30027;0.000982008;-0.00479478;-0.000207711;0.000989467;-0.00480224;1.00377;0.00817611;-0.00849791;0.991922;0.025484;0.983493;1;3;1
928.531;537.06;7.9977;4.56953;0.00278021;-0.00670133;-0.000985821;0.00288162;-0.00680274;1.00652;0.00589159;-0.0049812;0.994569;0.025292;0.980237;1;3;1
951.531;537.06;8.07385;4.63749;-0.00132418;-0.00420644;-0.00150497;-0.000681611;-0.00484901;0.997588;0.0135545;-0.0067348;0.991133;0.0259959;0.985423;1;3;1
974.531;537.06;7.93587;4.85287;-0.00178528;-0.00399046;0.000900608;-0.00146422;-0.00431153;1.00172;-0.00034254;-0.0110475;0.996914;0.0222527;0.988596;1;3;1
997.531;537.06;7.98953;5.07935;-0.00111186;-0.00661141;-0.0008386;-0.000986829;-0.00673644;0.99959;0.00739381;-0.00666461;0.989866;0.0239196;0.977514;1;3;1
1020.53;537.06;7.88347;5.18912;0.00132352;-0.00485074;-0.00098844;0.0014779;-0.00500512;0.998394;0.0112358;-0.00848349;0.995644;0.0215449;0.986175;1;3;1
1043.53;537.06;8.0493;5.39385;0.00378619;-0.00317537;-0.00101142;0.00393015;-0.00331934;0.998897;0.00929304;-0.00554734;0.997854;0.0225093;0.983984;1;3;1
1066.53;537.06;8.05609;5.52367;-0.000245343;-0.00426575;-8.93505e-05;-0.000243358;-0.00426774;1.00482;0.0108776;-0.00773008;0.996828;0.0202299;0.990013;1;2;1
1089.53;537.06;8.03663;5.74981;-0.00278093;-0.00595986;-0.0010433;-0.00246911;-0.00627168;0.994216;0.0150038;-0.00824156;0.993405;0.0193121;0.989694;1;3;1
1112.53;537.06;7.9264;5.90595;0.000623423;-0.00296765;-0.000979185;0.000873065;-0.00321729;1.00058;0.0197217;-0.0104927;0.996432;0.0210675;0.990673;1;3;1
1135.53;537.06;8.06422;6.06508;0.00359691;-0.00412469;-0.00112145;0.00375648;-0.00428427;1.00427;0.0146722;-0.002273;0.995789;0.0231731;0.983347;1;3;1
1158.53;537.06;8.09077;6.17679;-0.00112692;-0.00337263;-6.39975e-05;-0.0011251;-0.00337445;0.99431;0.0105928;-0.00942156;0.990223;0.0260253;0.98059;1;3;1
1181.53;537.06;8.01072;6.45298;-0.000879731;-0.00551315;0.000534242;-0.00081893;-0.00557396;1.00203;0.0101771;-0.0111578;0.99045;0.0223853;0.984041;1;2;1
1204.53;537.06;8.04813;6.62099;0.00452638;-0.00349709;-0.00032036;0.00453915;-0.00350986;1.00299;0.00633997;-0.00748984;0.997929;0.0269797;0.986935;1;3;1
1227.53;537.06;8.21723;6.79116;0.00246455;-0.00445387;0.000538778;0.00250626;-0.00449558;1.0014;0.00196956;-0.00573318;0.992134;0.0245334;0.986554;1;3;1
1250.53;537.06;8.15972;7.01089;-0.000733802;-0.00305582;5.79154e-05;-0.000732358;-0.00305727;1.00474;0.00186096;-0.00855226;0.995558;0.0234579;0.989593;1;2;1
1273.53;537.06;8.18232;7.11517;0.000993377;-0.00278664;-0.00260328;0.00232038;-0.00411365;0.995034;0.0297072;-0.0088304;0.993413;0.0348365;0.970552;1;4;1
31.5305;514.06;10.522;-1.48108;-0.00316789;-0.00506783;-0.000506825;-0.00304115;-0.00519457;0.997995;0.00995897;-0.00576233;0.995745;0.0209364;0.991198;1;3;1
54.5305;514.06;10.4482;-1.29256;-0.00379898;-0.0060023;-0.00157871;-0.00297555;-0.00682574;0.99312;0.0113682;-0.00843566;0.99457;0.0207506;0.990995;1;3;1
77.5306;514.06;10.3456;-1.13649;-0.00583449;-0.00758459;-0.00050428;-0.00569959;-0.0077195;1.00042;0.0118574;-0.0117539;0.992877;0.0183643;0.993078;1;2;1
100.531;514.06;10.1773;-0.895962;-0.00497803;-0.0061009;0.00038656;-0.00485782;-0.00622111;0.988768;0.00559652;-0.00369083;0.99474;0.0230053;0.989179;1;3;1
123.531;514.06;10.1149;-0.806179;-0.00306032;-0.0069877;-0.00162499;-0.00247515;-0.00757287;0.987524;0.00829736;-0.00974754;0.997971;0.020488;0.989556;1;3;1
146.531;514.06;10.0357;-0.659447;-0.00343613;-0.00653497;-0.00134019;-0.00293693;-0.00703416;1.00076;0.00700971;-0.00583932;0.992555;0.0194098;0.993561;1;2;1
169.531;514.06;9.95592;-0.572139;-0.0031858;-0.00620343;-0.00136722;-0.00265849;-0.00673074;0.996501;0.00906197;-0.00289045;0.993305;0.0217178;0.98725;1;2;1
192.531;514.06;9.88827;-0.407604;-0.00396179;-0.00622891;-0.00107981;-0.0035298;-0.0066609;1.00126;0.0121874;-0.0118445;0.992701;0.0251448;0.987177;1;3;1
215.531;514.06;9.77224;-0.257306;-0.00521699;-0.00665699;-0.00150339;-0.00427008;-0.0076039;0.991927;0.0132694;-0.00543656;0.988556;0.0290399;0.982601;1;3;1
238.531;514.06;9.64666;-0.105299;-0.00548008;-0.00514587;-0.00127616;-0.00402592;-0.00660003;0.989393;0.0150352;-0.00704961;0.996297;0.0245357;0.986172;1;2;1
261.531;514.06;9.51857;0.0273798;-0.00547621;-0.00607925;-0.00141901;-0.00432703;-0.00722842;1.00168;0.010986;-0.00144717;0.990193;0.0255588;0.98739;1;3;1
284.531;514.06;9.39307;0.196484;-0.0026634;-0.00596;-0.000998415;-0.0023846;-0.00623881;0.997885;0.0116468;-0.00981202;0.993182;0.0252652;0.983378;1;3;1
307.531;514.06;9.39463;0.367986;-0.00193868;-0.00618796;0.000338078;-0.00191195;-0.00621469;0.99391;0.00808849;-0.00704347;0.993862;0.0230838;0.986961;1;2;1
330.531;514.06;9.30205;0.597201;-0.00315124;-0.00568388;-0.000665971;-0.00298679;-0.00584832;0.995252;0.00882808;-0.00647607;0.997483;0.0217652;0.988097;1;2;1
353.531;514.06;9.24837;0.681163;-0.00298999;-0.00733755;-0.0027463;-0.00166128;-0.00866626;1.00166;0.00734722;-0.00467975;0.995177;0.0220834;0.988909;1;3;1
376.531;514.06;9.16378;0.817526;-0.00439954;-0.00512251;-0.00184237;-0.00288353;-0.00663853;0.992032;0.012952;-0.00871663;0.995032;0.0232586;0.989268;1;2;1
399.531;514.06;9.04446;0.996361;-0.00380252;-0.00676069;-0.00170368;-0.00302545;-0.00753776;1.00202;0.015587;-0.00993628;0.987852;0.0243942;0.987394;1;3;1
422.531;514.06;8.98744;1.13379;-0.00197172;-0.00651801;-0.00129155;-0.00163043;-0.0068593;0.99524;0.00699553;-0.00560554;0.987215;0.0236315;0.986759;1;3;1
445.531;514.06;8.95258;1.31369;-0.00452404;-0.00618525;-0.000669067;-0.00428808;-0.00642121;0.998703;0.00683279;-0.00515866;0.990329;0.0295194;0.976737;1;3;1
468.531;514.06;8.77772;1.45652;-0.00436833;-0.00537239;0.000190844;-0.00433328;-0.00540744;0.995646;0.00675269;-0.00874673;0.992958;0.0210805;0.985781;1;3;1
491.531;514.06;8.74961;1.69457;-0.00120974;-0.00348467;-0.000144014;-0.00120065;-0.00349375;0.99996;0.00837176;-0.0099096;0.993672;0.021451;0.986844;1;3;1
514.531;514.06;8.72073;1.8036;-0.00220442;-0.00522278;-0.00225645;-0.000998979;-0.00642822;0.99657;0.00967638;-0.00123054;0.99483;0.0202227;0.9908;1;3;1
537.531;514.06;8.64764;1.89855;-0.00261544;-0.00677434;-0.00208267;-0.00175183;-0.00763795;0.998647;0.00820313;-0.00142126;0.991538;0.0203071;0.989784;1;3;1
560.531;514.06;8.59961;2.0472;-0.00336698;-0.00727334;-0.000492593;-0.00330582;-0.0073345;0.995673;0.0100827;-0.00936001;0.998477;0.0219655;0.985957;1;3;1
583.531;514.06;8.49145;2.20771;-0.00142988;-0.00785385;-0.00148545;-0.00110303;-0.00818071;0.998878;0.010574;-0.00664393;0.992624;0.0222861;0.985056;1;3;1
606.531;514.06;8.53274;2.35721;0.000151054;-0.00802425;-0.000224798;0.000157231;-0.00803043;0.998798;0.0087626;-0.0113287;0.994913;0.0215971;0.992012;1;3;1
629.531;514.06;8.49729;2.52751;-0.0029268;-0.00562185;0.000474261;-0.00284578;-0.00570287;0.996813;0.0048392;-0.00213631;0.993948;0.0220902;0.98506;1;3;1
652.531;514.06;8.39627;2.74513;-0.00249156;-0.00562991;0.00142984;-0.00193783;-0.00618365;0.995197;0.00246888;-0.0115574;0.997712;0.0194542;0.992081;1;3;1
675.531;514.06;8.38078;2.92854;-0.00222317;-0.00565361;-0.00183932;-0.00142342;-0.00645336;0.993976;0.00985553;-0.0043283;1.00086;0.0199099;0.99059;1;3;1
698.531;514.06;8.2931;3.01581;-0.000309537;-0.00604002;-0.00203341;0.000338676;-0.00668823;0.99796;0.00701422;-0.00352133;0.994376;0.0226221;0.987801;1;3;1
721.531;514.06;8.36627;3.08617;0.000364374;-0.00626957;8.28819e-05;0.00036541;-0.00627061;1.0041;0.00875431;-0.00914619;0.9968;0.0228674;0.986361;1;3;1
744.531;514.06;8.3087;3.34212;-0.00191584;-0.00440693;-0.000680328;-0.00174215;-0.00458062;1.00063;0.00779805;-0.00583794;0.995635;0.0194043;0.989769;1;3;1
767.531;514.06;8.27645;3.46993;-0.00252197;-0.0046323;-0.00145283;-0.00178156;-0.0053727;0.990927;0.00925661;-0.00522311;0.994328;0.022587;0.985605;1;3;1
790.531;514.06;8.19148;3.65439;-0.00220975;-0.00364382;-0.00136584;-0.00138417;-0.00446939;1.00417;0.0144292;-0.00707888;1.00044;0.0267696;0.977385;1;3;1
813.531;514.06;8.17366;3.77781;-0.000276662;-0.0058441;-0.00031952;-0.000258384;-0.00586238;0.99638;0.0031675;-0.00626641;0.993036;0.018506;0.987993;1;3;1
836.531;514.06;8.1775;3.99278;0.000480154;-0.00643732;0.000854414;0.000584124;-0.00654129;1.00201;8.69079e-05;-0.0106064;0.995594;0.0182369;0.9892;1;3;1
859.531;514.06;8.19425;4.14815;1.01118e-05;-0.00574611;-0.000199817;1.70398e-05;-0.00575303;0.99912;0.00773486;-0.00637021;0.997971;0.0239312;0.979401;1;3;1
882.531;514.06;8.17694;4.29985;-0.00023093;-0.00398011;-0.00070722;-0.000101961;-0.00410908;1.00244;0.00605777;-0.00452809;1.00191;0.0191232;0.991583;1;3;1
905.531;514.06;8.18267;4.4449;-0.00080091;-0.00537539;-0.000289925;-0.000782609;-0.00539369;0.9982;0.00274069;-0.0134623;0.998354;0.020613;0.988371;1;3;1
928.531;514.06;8.13826;4.70927;-0.000207912;-0.00418949;-0.000129686;-0.000203693;-0.00419371;0.994559;0.0124479;-0.00589889;0.99962;0.0272089;0.970737;1;3;1
951.531;514.06;8.17174;4.79888;-0.000289705;-0.0063615;0.000546586;-0.000240893;-0.00641031;1.00379;0.000113927;-0.00956959;0.994051;0.0244188;0.982329;1;3;1
974.531;514.06;8.12441;4.92994;-0.000179955;-0.0042269;1.34227e-05;-0.000179911;-0.00422694;0.997966;0.012893;-0.00932496;0.994261;0.0232258;0.984415;1;3;1
997.531;514.06;8.16153;5.22109;0.00104759;-0.00383808;-0.000150427;0.00105221;-0.00384271;1.00429;0.0108206;-0.00762257;0.996318;0.0246923;0.980494;1;2;1
1020.53;514.06;8.17058;5.3576;0.00108529;-0.0049232;-0.00261602;0.00206464;-0.00590255;0.995931;0.0121333;-0.00760588;0.991048;0.0234872;0.989038;1;3;1
1043.53;514.06;8.21104;5.40967;0.00106422;-0.00322345;-0.000580434;0.00114141;-0.00330064;1.00306;0.00609361;-0.00542434;0.993563;0.0224118;0.987713;1;3;1
1066.53;514.06;8.21887;5.60146;0.000228231;-0.00392702;0.00167643;0.00082024;-0.00451903;1.0024;0.00262113;-0.0110646;0.996651;0.0209148;0.990792;1;3;1
1089.53;514.06;8.21968;5.82242;0.000389542;-0.00457387;1.68103e-05;0.000389599;-0.00457393;0.993862;0.00843188;-0.00438809;0.993561;0.0218397;0.988255;1;3;1
1112.53;514.06;8.23583;5.89723;0.00034174;-0.00424247;-0.0020186;0.00110389;-0.00500462;1.00539;0.00982359;-0.0043175;0.998384;0.0206955;0.989003;1;3;1
1135.53;514.06;8.23435;6.13382;0.000722999;-0.00403595;0.000485454;0.000772014;-0.00408496;1.00422;0.000841069;-0.00557862;0.99484;0.0207109;0.989102;1;3;1
1158.53;514.06;8.26764;6.26049;-0.000152979;-0.00167921;0.000666266;9.69484e-05;-0.00192913;0.993862;-0.000687769;-0.00969423;0.998681;0.0240286;0.985083;1;3;1
1181.53;514.06;8.22542;6.55074;-0.000178057;-0.0035603;-0.000502232;-0.000105056;-0.00363331;1.00371;0.011573;-0.0114045;1.0017;0.0204534;0.991305;1;3;1
1204.53;514.06;8.25746;6.68864;0.0009796;-0.00352792;0.000319573;0.00100214;-0.00355046;0.997106;0.0103302;-0.00969691;0.998499;0.0226516;0.984937;1;3;1
1227.53;514.06;8.26904;6.91193;0.00189975;-0.00306174;0.0012275;0.00218683;-0.00334882;1.00798;0.0112172;-0.00970956;0.998973;0.0225783;0.987252;1;3;1
1250.53;514.06;8.34328;7.05928;0.00241779;-0.00305343;-2.38942e-05;0.00241789;-0.00305353;0.996644;0.00942743;-0.00189887;1.00038;0.0210685;0.989074;1;3;1
1273.53;514.06;8.37898;7.2368;0.00158349;-0.00514624;7.51821e-05;0.00158433;-0.00514708;1.0059;-0.0104904;-0.0139933;0.996619;0.0342793;0.965655;1;4;1
31.5305;491.06;10.7507;-1.33036;-0.00312007;-0.00587924;0.000123054;-0.00311459;-0.00588472;0.998088;0.00722272;-0.00410113;0.988407;0.01919;0.992908;1;3;1
54.5305;491.06;10.6779;-1.12463;-0.00465109;-0.00577997;0.000450559;-0.00449332;-0.00593775;0.993097;0.00910623;-0.00957992;0.99007;0.0186109;0.992121;1;2;1
77.5306;491.06;10.5346;-0.935127;-0.00755066;-0.0071318;-0.00107013;-0.0062508;-0.00843166;0.9915;0.00909549;-0.00887814;0.991686;0.0212394;0.991547;1;2;1
100.531;491.06;10.3283;-0.826862;-0.00485005;-0.00357184;-0.0024655;-0.00166396;-0.00675793;0.999017;0.00935881;-0.00553204;0.998299;0.0197051;0.991062;1;3;1
123.531;491.06;10.3101;-0.661377;-0.0023963;-0.00513894;-0.0012926;-0.00188313;-0.00565212;0.989398;0.0103033;-0.00502309;0.992088;0.0206714;0.991744;1;3;1
146.531;491.06;10.217;-0.537041;-0.00477729;-0.00455532;-0.000303038;-0.00434358;-0.00498903;1.00244;0.00472338;-0.00844946;0.994593;0.0239983;0.988027;1;3;1
169.531;491.06;10.0889;-0.368891;-0.00464001;-0.0063956;-0.000278652;-0.00459684;-0.00643877;0.99156;0.00365126;-0.00703346;0.992736;0.0187835;0.992754;1;3;1
192.531;491.06;10.0022;-0.245561;-0.00243838;-0.0053675;-0.00106222;-0.00209372;-0.00571215;0.993274;0.00972246;-0.000284102;0.999446;0.0261636;0.987376;1;3;1
215.531;491.06;9.97575;-0.0944669;-0.00265757;-0.00679126;-0.00161995;-0.00209838;-0.00735046;0.998836;0.00646859;-0.00961135;0.991864;0.024793;0.984741;1;2;1
238.531;491.06;9.87877;0.052841;-0.00323458;-0.00592209;-0.000784316;-0.00302243;-0.00613423;0.995057;0.00594734;-0.00841703;0.995819;0.0199685;0.993058;1;3;1
261.531;491.06;9.82542;0.250604;-0.00428567;-0.00631353;-0.00132411;-0.00363187;-0.00696733;0.993477;0.00954727;-0.0051246;0.99276;0.0208644;0.99284;1;3;1
284.531;491.06;9.67993;0.393822;-0.00566684;-0.00617092;-0.00252754;-0.00337881;-0.00845895;0.997362;0.0120285;-0.0124785;0.995199;0.0204251;0.988987;1;3;1
307.531;491.06;9.56315;0.530003;-0.00512543;-0.00556329;-0.0014145;-0.00391302;-0.0067757;0.987999;0.010292;-0.00320018;0.994101;0.0236963;0.988354;1;3;1
330.531;491.06;9.4427;0.674362;-0.00238846;-0.00476317;-0.00156403;-0.00161214;-0.00553949;1.00347;0.00622786;-0.00802022;0.995395;0.0213537;0.991317;1;2;1
353.531;491.06;9.45227;0.81467;-0.00178586;-0.0059924;-0.00206244;-0.000943387;-0.00683487;0.999517;0.00696153;-0.007956;0.991876;0.0192445;0.991535;1;3;1
376.531;491.06;9.35989;0.905643;-0.00344962;-0.00435104;-0.000759978;-0.00301675;-0.0047839;0.99269;0.00414123;0.00316456;0.999771;0.0255904;0.983427;1;3;1
399.531;491.06;9.29235;1.11114;-0.00267403;-0.00615917;-0.000683659;-0.00254472;-0.00628848;0.998279;0.00721148;-0.014193;0.991953;0.0248534;0.985946;1;3;1
422.531;491.06;9.23499;1.30423;-0.00329214;-0.00690143;-0.00185926;-0.00250573;-0.00768784;0.994819;0.0141358;-0.00567841;0.995568;0.02065;0.989401;1;2;1
445.531;491.06;9.13958;1.4262;-0.00489017;-0.0048366;-0.000862023;-0.00400095;-0.00572583;0.998093;0.0106263;-0.00290246;0.997078;0.02251;0.987208;1;3;1
468.531;491.06;9.00862;1.58569;-0.00504317;-0.00349197;-0.00169633;-0.00240234;-0.00613281;0.996214;0.00968294;-0.0117621;0.998548;0.0200958;0.991055;1;3;1
491.531;491.06;8.90622;1.69484;-0.00228344;-0.00265277;-0.000851247;-0.00159706;-0.00333915;0.996033;0.011248;-0.00423623;1.00575;0.0265287;0.9824;1;3;1
514.531;491.06;8.90216;1.93152;-0.00141208;-0.00491202;-0.00041391;-0.0013638;-0.00496031;0.997969;0.016898;-0.00704717;0.991107;0.0209054;0.992223;1;3;1
537.531;491.06;8.8399;2.04265;-0.0038115;-0.00444309;-0.00125117;-0.00283689;-0.00541771;0.996898;0.00982959;-0.00206601;0.997576;0.020135;0.985151;1;3;1
560.531;491.06;8.72534;2.25706;-0.00201451;-0.00504353;-0.000755544;-0.00183651;-0.00522153;1.00291;0.00591785;-0.0141464;0.986745;0.0255527;0.976171;1;3;1
583.531;491.06;8.74556;2.42356;-0.0014394;-0.00607736;-0.00188307;-0.000771143;-0.00674562;0.99039;0.00711101;-0.00875626;0.991588;0.0222743;0.988034;1;3;1
606.531;491.06;8.6581;2.55762;-0.00319544;-0.00671672;-0.00163264;-0.00255497;-0.00735719;1.00254;0.00463721;-0.00316328;0.988278;0.0195352;0.991158;1;3;1
629.531;491.06;8.59795;2.61089;-0.00234591;-0.00451043;2.78102e-05;-0.00234555;-0.00451078;0.992991;0.0106875;-0.00250461;0.997664;0.0231319;0.982777;1;3;1
652.531;491.06;8.54895;2.87725;0.000306826;-0.00445848;0.000175622;0.00031329;-0.00446494;1.00072;0.0121365;-0.0117207;0.997675;0.0193742;0.994623;1;3;1
675.531;491.06;8.61052;2.9873;-0.00195478;-0.00407479;-0.00134481;-0.00130244;-0.00472713;0.994314;0.00624042;-0.0047191;0.993735;0.0208119;0.98801;1;2;1
698.531;491.06;8.45811;3.1534;-0.00364027;-0.00359832;-0.00153828;-0.00208087;-0.00515772;0.998739;0.0124701;-0.00454397;0.996976;0.0243465;0.985445;1;3;1
721.531;491.06;8.44192;3.2654;0.00146849;-0.00710861;-0.000312382;0.00147986;-0.00711997;1.00145;0.00613265;-0.0056318;0.994224;0.0186252;0.98954;1;3;1
744.531;491.06;8.52478;3.4296;0.00105525;-0.00445134;4.7157e-05;0.00105566;-0.00445174;0.999712;0.00615161;-0.0104802;0.99645;0.0205558;0.98858;1;3;1
767.531;491.06;8.48915;3.60934;-0.00178296;-0.00432205;-0.000431153;-0.00171175;-0.00439327;0.9986;0.00512744;-0.0056334;0.991436;0.0203873;0.986807;1;3;1
790.531;491.06;8.44155;3.75295;-0.00257931;-0.00517815;-0.000967256;-0.00225883;-0.00549863;0.997545;0.00860073;-0.00506579;0.992604;0.023314;0.988033;1;3;1
813.531;491.06;8.36914;3.94236;-0.00290011;-0.00529957;-0.000786454;-0.00266532;-0.00553436;0.996746;0.0140829;-0.0110387;0.996796;0.0304218;0.970339;1;3;1
836.531;491.06;8.30643;4.12733;-0.00114393;-0.00417396;-0.000215776;-0.00112864;-0.00418925;0.997696;0.0117592;-0.00895263;0.992104;0.0196547;0.987875;1;2;1
859.531;491.06;8.3152;4.28614;0.000196458;-0.00487316;-0.000142817;0.000200478;-0.00487718;0.997589;0.0089778;-0.00691788;0.989147;0.0225179;0.98542;1;3;1
882.531;491.06;8.31473;4.38712;0.00146087;-0.00484909;-0.000134371;0.00146373;-0.00485195;1.00287;0.0108435;-0.00472831;0.987402;0.0237185;0.987566;1;3;1
905.531;491.06;8.3816;4.55026;0.00106601;-0.00515385;0.000537059;0.00111204;-0.00519988;1.00358;0.0141873;-0.00665106;0.994528;0.0210971;0.990983;1;2;1
928.531;491.06;8.3622;4.7641;-0.00297663;-0.00336314;0.00043225;-0.0026964;-0.00364337;0.996698;0.00628408;-0.0100837;0.990392;0.022923;0.988918;1;3;1
951.531;491.06;8.24289;4.93137;-0.000134181;-0.00465681;-0.00118141;0.000155833;-0.00494683;1.0014;0.00970258;-0.0023612;0.994412;0.0228439;0.987679;1;3;1
974.531;491.06;8.35514;5.04964;0.00407783;-0.00581475;-0.000326624;0.0040886;-0.00582553;1.00167;0.00398833;-0.00783953;0.996548;0.0226056;0.985986;1;2;1
997.531;491.06;8.42893;5.25835;-0.00091995;-0.00360065;0.000508443;-0.000826754;-0.00369385;0.996291;0.0102223;-0.0128716;0.994798;0.0253186;0.980179;1;2;1
1020.53;491.06;8.31132;5.41815;-0.00179386;-0.00351155;-0.000683924;-0.00155481;-0.0037506;1.00164;0.00367269;-0.00366615;0.997158;0.0228303;0.987746;1;4;1
1043.53;491.06;8.34545;5.54332;5.45757e-05;-0.00597345;-0.000976847;0.000208923;-0.00612779;0.993585;0.00777716;-0.00943618;0.995245;0.0212395;0.99274;1;3;1
1066.53;491.06;8.31294;5.70539;-0.00030772;-0.00507471;0.000895584;-0.000145018;-0.00523741;1.0037;0.00740172;-0.00403627;0.992527;0.0186674;0.990114;1;3;1
1089.53;491.06;8.32939;5.96163;0.00241152;-0.00510898;0.00101072;0.00254498;-0.00524245;0.99962;0.0065289;-0.00901463;0.995504;0.0217063;0.986949;1;3;1
1112.53;491.06;8.42201;6.1042;0.00114505;-0.00656251;-0.000170737;0.00114883;-0.00656629;1.00476;0.00459647;-0.00674962;0.988465;0.020815;0.989228;1;3;1
1135.53;491.06;8.38112;6.2522;0.000521748;-0.00467564;-0.00189054;0.00113668;-0.00529057;1.00133;0.0088481;-0.0015112;0.9931;0.0228581;0.987468;1;3;1
1158.53;491.06;8.44575;6.25547;0.00226295;-0.00568256;0.00102554;0.00239318;-0.00581279;0.99225;0.0145582;-0.0126685;0.997557;0.0315128;0.967925;1;3;1
1181.53;491.06;8.48363;6.61948;-0.00139878;-0.00431275;0.00206686;-0.000326981;-0.00538455;1.00167;0.0036602;-0.00707862;0.997438;0.0207479;0.987027;1;3;1
1204.53;491.06;8.37831;6.78475;-0.000200956;-0.00435004;0.000107813;-0.000198156;-0.00435284;1.00201;0.00109915;-0.00444757;0.991397;0.0205529;0.988849;1;3;1
1227.53;491.06;8.47332;6.93293;0.00235423;-0.00332859;0.000269352;0.00236696;-0.00334133;1.005;0.00793315;-0.00673105;0.996485;0.0231984;0.982657;1;3;1
1250.53;491.06;8.48501;7.15272;0.00123265;-0.00582302;0.00128473;0.0014593;-0.00604967;0.996952;0.00604265;-0.010016;0.991075;0.0256088;0.980286;1;3;1
1273.53;491.06;8.52806;7.35381;0.00191166;-0.00682275;0.000739466;0.00197383;-0.00688491;1.00935;0.0199137;-0.00352558;0.988212;0.0373071;0.967602;1;4;1
31.5305;468.06;10.921;-1.20809;-0.00515366;-0.00611733;0.000434134;-0.00498693;-0.00628406;0.997059;0.00952222;-0.00803632;0.999847;0.018663;0.992347;1;2;1
54.5305;468.06;10.8014;-1.02454;-0.00382923;-0.00370229;0.00164855;-0.00211599;-0.00541552;0.989742;0.00627639;-0.00394769;1.00226;0.0199825;0.992153;1;3;1
77.5306;468.06;10.7427;-0.805522;-0.00262798;-0.00526989;-0.000541692;-0.00252123;-0.00537665;1.00133;0.00141291;-0.0101461;0.992376;0.0196948;0.993215;1;3;1
100.531;468.06;10.6794;-0.728613;-0.00474962;-0.00567235;-0.00270161;-0.00247026;-0.00795171;0.996281;0.00702493;-0.00645865;0.995897;0.0204466;0.993532;1;3;1
123.531;468.06;10.5231;-0.567356;-0.00697996;-0.00480554;-0.00130572;-0.00419365;-0.00759184;0.987126;0.0037521;-0.00453718;0.994926;0.0177312;0.993599;1;3;1
146.531;468.06;10.3563;-0.448301;-0.00540939;-0.00727957;-0.00107749;-0.00491781;-0.00777115;0.995817;0.00911034;-0.0074845;0.992259;0.020802;0.989286;1;2;1
169.531;468.06;10.2726;-0.275897;-0.00207492;-0.00623593;-0.00175159;-0.00143576;-0.00687509;0.998021;0.016096;-0.00319107;0.995423;0.0184624;0.993123;1;3;1
192.531;468.06;10.2598;-0.158524;-0.00114285;-0.00681717;-0.00172453;-0.000659843;-0.00730018;1.00163;0.00991653;-0.00911905;0.991118;0.0238887;0.986843;1;3;1
215.531;468.06;10.2188;0.058343;-0.00424062;-0.00613323;-0.00149948;-0.00341382;-0.00696004;1.00004;0.0119962;-0.00363622;0.994501;0.0236249;0.988288;1;3;1
238.531;468.06;10.0632;0.169826;-0.00513621;-0.0064927;-0.00167392;-0.00400835;-0.00762057;0.998252;0.00789421;-0.0115654;0.994207;0.0238363;0.989657;1;2;1
261.531;468.06;9.98119;0.321066;-0.00338406;-0.00654555;-0.000977372;-0.0031063;-0.00682331;0.991435;0.0113579;-0.000685096;0.998823;0.0239897;0.988052;1;4;1
284.531;468.06;9.90618;0.484108;-0.00378259;-0.00654178;-0.00120985;-0.00332724;-0.00699713;0.99669;0.00435473;-0.00782499;0.993855;0.0197713;0.991066;1;3;1
307.531;468.06;9.80585;0.626462;-0.00379028;-0.00739114;-0.000996972;-0.00353268;-0.00764875;0.99316;0.00601851;-0.00601906;0.995134;0.0198387;0.992643;1;2;1
330.531;468.06;9.73027;0.818834;-0.00294959;-0.00606755;-0.00209899;-0.00189396;-0.00712318;0.995839;0.014333;-0.00760116;0.995667;0.0191016;0.991248;1;2;1
353.531;468.06;9.66875;0.959577;-0.00433168;-0.00556839;-0.00223496;-0.00263111;-0.00726895;0.996893;0.00989775;-0.00370015;0.996307;0.0216309;0.988343;1;3;1
376.531;468.06;9.53014;1.01958;-0.00353515;-0.00700108;-0.00102722;-0.00325357;-0.00728265;0.996564;0.00882606;-0.000677915;0.986224;0.0237032;0.982304;1;3;1
399.531;468.06;9.50471;1.28288;-0.00119758;-0.00565291;0.00100013;-0.000983368;-0.00586712;0.997823;0.00828087;-0.00755909;0.999444;0.0246462;0.988805;1;3;1
422.531;468.06;9.47296;1.45494;-0.00412731;-0.00558256;-0.000971646;-0.00364104;-0.00606883;0.999622;0.00505972;-0.00816895;0.992261;0.0195076;0.993723;1;3;1
445.531;468.06;9.31375;1.53814;-0.00583145;-0.00727188;-0.00233267;-0.00411034;-0.00899299;0.991242;0.00762721;-2.69908e-05;0.991085;0.020455;0.990143;1;3;1
468.531;468.06;9.20363;1.61941;-0.00301905;-0.00619605;-0.00160409;-0.00235002;-0.00686508;0.999902;0.00991709;-0.00471872;0.993733;0.0269845;0.980625;1;3;1
491.531;468.06;9.1738;1.81872;-0.00209189;-0.007312;-0.000664573;-0.00200862;-0.00739527;0.994442;0.0117407;-0.011826;0.992939;0.0216948;0.990049;1;3;1
514.531;468.06;9.10545;2.03173;-0.00183287;-0.00595242;-0.0017275;-0.00120435;-0.00658094;0.995516;0.00552332;-0.00517614;1.00124;0.0240356;0.988936;1;3;1
537.531;468.06;9.08852;2.10551;-0.00121135;-0.00682772;-0.00216096;-0.000476142;-0.00756293;1.00001;0.0117705;-0.0026693;0.994915;0.0248943;0.979263;1;3;1
560.531;468.06;9.04901;2.282;-0.00266622;-0.00511786;-0.00152336;-0.00193672;-0.00584735;0.997994;0.00735889;-0.0123004;1.00175;0.0239687;0.988526;1;3;1
583.531;468.06;8.96409;2.49057;-0.0038465;-0.00582543;-0.000338032;-0.00379035;-0.00588157;0.993887;0.0119947;-0.00520808;0.996745;0.0244433;0.980518;1;3;1
606.531;468.06;8.8701;2.66847;-0.0032505;-0.00477151;-0.0018423;-0.00201791;-0.0060041;0.998969;0.0129974;-0.0105042;0.990924;0.0210953;0.991241;1;3;1
629.531;468.06;8.81367;2.73655;-0.00248587;-0.00741182;-0.00155574;-0.00203567;-0.00786202;0.994545;0.00679091;-0.0023431;0.992825;0.0229779;0.98679;1;3;1
652.531;468.06;8.75473;2.95208;-0.000690544;-0.00533745;-0.000986484;-0.000489797;-0.0055382;0.999963;0.0106685;-0.0099309;0.99378;0.0216944;0.986274;1;3;1
675.531;468.06;8.78031;3.1181;-0.000888714;-0.00470317;-0.00198482;-4.33007e-05;-0.00554858;0.999287;0.0101425;-0.00389924;0.996131;0.0239364;0.98365;1;3;1
698.531;468.06;8.71325;3.18356;-0.00240043;-0.00319107;-0.00223984;-0.000521289;-0.0050702;1.00246;0.00821695;-0.00220193;0.995608;0.026595;0.973406;1;3;1
721.531;468.06;8.66879;3.41534;-0.00142053;-0.00382802;-0.00137378;-0.000797726;-0.00445082;0.996203;0.0128081;-0.00654762;0.996684;0.0232998;0.986126;1;3;1
744.531;468.06;8.64641;3.54859;-0.000638175;-0.00591675;-0.00148071;-0.000251187;-0.00630373;1.00245;0.00792069;-0.00971254;0.998973;0.0216649;0.985788;1;3;1
767.531;468.06;8.63872;3.6706;-0.000701082;-0.00430326;-0.00030871;-0.000674817;-0.00432953;0.99441;0.00384942;-0.00746149;0.999731;0.0231714;0.981489;1;3;1
790.531;468.06;8.61284;3.89514;-0.000383731;-0.00349572;-0.000374939;-0.000339195;-0.00354025;1.0028;0.0041642;-0.00884997;0.996294;0.0255975;0.979643;1;3;1
813.531;468.06;8.6197;4.02442;-0.00155982;-0.00378579;-0.00144572;-0.000848297;-0.00449732;0.989611;0.00397444;-0.00618049;0.998743;0.0226252;0.98474;1;3;1
836.531;468.06;8.54011;4.18662;-0.00330985;-0.00309726;-0.000735274;-0.00246064;-0.00394648;0.999557;0.000928349;-0.00974633;0.995147;0.0241163;0.984015;1;2;1
859.531;468.06;8.46586;4.37367;-0.00189208;-0.00412198;-0.000617553;-0.00173248;-0.00428158;0.992386;0.000942897;-0.00592798;1.00082;0.021855;0.990359;1;3;1
882.531;468.06;8.45175;4.52428;0.00093794;-0.00377436;-0.00202395;0.00168788;-0.0045243;1.00366;0.00871991;-0.00215351;1.00031;0.0248337;0.981686;1;3;1
905.531;468.06;8.50795;4.68375;0.000627553;-0.00711684;-0.000649888;0.000681711;-0.007171;1.00017;0.0139099;-0.00826548;0.992399;0.0225424;0.988724;1;3;1
928.531;468.06;8.47934;4.8655;0.00126029;-0.00450346;0.000513247;0.00130564;-0.00454881;1.00098;0.00633353;-0.00404661;1.0006;0.0216191;0.988357;1;3;1
951.531;468.06;8.56469;5.01528;-9.32391e-07;-0.00460357;-0.00100486;0.000208888;-0.00481339;0.998199;0.00488587;-0.0015532;1.00076;0.0251908;0.985444;1;3;1
974.531;468.06;8.47808;5.19957;-0.00175812;-0.00519423;4.0042e-05;-0.00175765;-0.0051947;0.996674;0.00731018;-0.0128272;0.996769;0.0223118;0.986607;1;3;1
997.531;468.06;8.48223;5.38814;0.000894606;-0.00497807;0.000931002;0.00103867;-0.00512213;0.999245;0.00266768;-0.00694502;0.996615;0.0219282;0.986918;1;3;1
1020.53;468.06;8.5181;5.52074;0.00228837;-0.00445857;-0.0013654;0.00255422;-0.00472441;1.00057;0.0121685;-0.00407992;0.998655;0.022265;0.984493;1;3;1
1043.53;468.06;8.58641;5.68681;0.000777299;-0.00459361;-0.000854201;0.00090988;-0.00472619;1.00258;0.0141995;-0.00789087;0.99474;0.0225075;0.983182;1;3;1
1066.53;468.06;8.55276;5.83671;-0.0013505;-0.00496804;-0.00113965;-0.00102141;-0.00529713;0.996111;0.0141059;-0.00530847;0.997488;0.0199592;0.984098;1;2;1
1089.53;468.06;8.52273;6.05904;-0.000249066;-0.00406114;-0.000347261;-0.000217691;-0.00409252;1.00419;0.0104418;-0.00636385;0.996117;0.0197158;0.991033;1;2;1
1112.53;468.06;8.53985;6.20112;0.000801569;-0.00549997;-0.000249059;0.000811397;-0.0055098;0.995035;0.00477543;-0.010773;0.998571;0.0237533;0.988475;1;3;1
1135.53;468.06;8.55867;6.35055;-1.84915e-05;-0.00451688;-0.00066497;7.7748e-05;-0.00461312;1.00294;0.0109748;-0.00257859;1.00157;0.0229823;0.988372;1;3;1
1158.53;468.06;8.53787;6.52343;0.000126426;-0.00820826;0.0011322;0.000277489;-0.00835932;0.99759;0.00635686;-0.00941462;0.995209;0.0206174;0.990666;1;3;1
1181.53;468.06;8.56274;6.7508;0.000505933;-0.00446026;0.00138071;0.000863985;-0.00481831;0.998806;0.00788022;-0.00726874;0.991158;0.0250473;0.987427;1;3;1
1204.53;468.06;8.55968;6.89018;0.00105568;-0.0050879;-0.00138306;0.00135268;-0.0053849;1.00176;0.00748973;-0.0049682;0.994629;0.0221527;0.986138;1;3;1
1227.53;468.06;8.6102;7.06657;0.00186156;-0.00506887;0.00114957;0.00204726;-0.00525458;1.00597;-0.000406658;-0.0106016;0.993898;0.0255717;0.975753;1;3;1
1250.53;468.06;8.64314;7.32891;0.00222275;-0.00452112;0.00148397;0.00253485;-0.00483321;0.996444;0.0135969;-0.00743576;0.999958;0.0304288;0.972411;1;3;1
1273.53;468.06;8.70976;7.55293;0.00294819;-0.00453452;0.000844504;0.00304231;-0.00462865;1.0079;0.00922184;-0.0127875;1.00322;0.0415672;0.962945;1;4;1
31.5305;445.06;11.0773;-1.04693;-0.00644966;-0.0060455;-0.00276381;-0.00347639;-0.00901877;0.989024;0.00995626;-0.00205651;0.9905;0.021749;0.988389;1;3;1
54.5305;445.06;10.9283;-0.953322;-0.00425733;-0.00480326;-0.000918077;-0.0035725;-0.00548809;0.993257;0.010485;-0.00616161;0.995602;0.0200662;0.988763;1;3;1
77.5306;445.06;10.8797;-0.690768;-0.00240274;-0.00291318;-8.2854e-05;-0.00238963;-0.00292629;1.00204;0.0159525;-0.0107382;0.998342;0.0237254;0.985777;1;2;1
100.531;445.06;10.816;-0.56259;-0.00362331;-0.00615368;-0.00110326;-0.00320984;-0.00656714;0.997527;0.0123712;-0.00472123;0.996713;0.0196954;0.991022;1;2;1
123.531;445.06;10.712;-0.438024;-0.00448848;-0.0060063;-0.00099127;-0.00399897;-0.00649581;0.992555;0.00891832;-0.00792371;0.996778;0.0188846;0.994515;1;3;1
146.531;445.06;10.6076;-0.199282;-0.00372501;-0.00669337;-0.00165369;-0.00298715;-0.00743123;0.997614;0.0118901;-0.00777804;0.992878;0.0252207;0.989323;1;2;1
169.531;445.06;10.5389;-0.0789228;-0.00246377;-0.00588454;-0.002325;-0.0012878;-0.00706051;0.996787;0.00680143;-0.00598276;0.99226;0.0225155;0.985603;1;3;1
192.531;445.06;10.4933;0.0717455;-0.0020872;-0.00713628;-0.0017543;-0.00153751;-0.00768597;1.00037;0.00952108;-0.00970547;0.998092;0.0263453;0.989684;1;4;1
215.531;445.06;10.442;0.19091;-0.00426304;-0.00575839;-0.00051734;-0.0041015;-0.00591992;0.996441;0.0065592;-0.00304335;0.994857;0.0238359;0.988207;1;3;1
238.531;445.06;10.2959;0.354385;-0.00459037;-0.00593779;-0.000956627;-0.00409402;-0.00643413;0.994807;0.0103042;-0.00885121;0.991379;0.0245417;0.984614;1;3;1
261.531;445.06;10.2289;0.554472;-0.00430444;-0.00522082;-0.000522905;-0.00406738;-0.00545787;0.994693;0.00588047;-0.0034371;0.995191;0.0223184;0.993665;1;3;1
284.531;445.06;10.0962;0.69763;-0.00518399;-0.00720526;-0.00134561;-0.00451176;-0.00787749;0.999809;0.0110201;-0.009498;0.993324;0.0225861;0.99229;1;3;1
307.531;445.06;9.98873;0.873245;-0.0027578;-0.0060839;-0.00212991;-0.00171858;-0.00712312;0.996726;0.00789102;-0.00128896;0.991;0.0202308;0.991348;1;3;1
330.531;445.06;9.96844;0.957344;-0.00280093;-0.0057205;-0.00224219;-0.0015852;-0.00693623;0.995008;0.0094495;-0.00321738;0.99178;0.0199027;0.990932;1;2;1
353.531;445.06;9.85927;1.07334;-0.00413752;-0.00565806;-0.00166837;-0.00306436;-0.00673122;0.996622;0.0086373;-0.00816246;0.991595;0.0251004;0.983924;1;2;1
376.531;445.06;9.7769;1.23073;-0.0048716;-0.00729797;-0.00232271;-0.00346432;-0.00870525;0.992399;0.0134481;-0.00300994;0.994948;0.0243355;0.984847;1;3;1
399.531;445.06;9.63364;1.37319;-0.00425299;-0.00604297;-0.00108353;-0.00374262;-0.00655334;0.993579;0.0156947;-0.010414;0.992462;0.0236838;0.988071;1;2;1
422.531;445.06;9.57964;1.56304;-0.00243843;-0.0064304;-6.32866e-05;-0.00243743;-0.0064314;0.999192;0.0118283;-0.00880972;0.990984;0.0186032;0.991463;1;2;1
445.531;445.06;9.51968;1.76351;-0.0030878;-0.00644807;-0.00135367;-0.00261033;-0.00692554;0.998786;0.0115556;-0.00591838;0.985798;0.0213792;0.989352;1;3;1
468.531;445.06;9.43633;1.8736;-0.00306573;-0.00744447;-0.0021848;-0.00216209;-0.0083481;0.994064;0.00813684;-0.00493881;0.991862;0.0228763;0.985026;1;3;1
491.531;445.06;9.37764;2.03486;-0.00191417;-0.00796027;-0.0014877;-0.00156794;-0.0083065;0.99482;0.00963246;-0.00713584;0.993758;0.0236017;0.986388;1;3;1
514.531;445.06;9.34697;2.20832;-0.00192605;-0.00511333;-0.00173071;-0.00116703;-0.00587236;0.994102;0.00929718;-0.00196372;0.996593;0.0229839;0.98691;1;3;1
537.531;445.06;9.2878;2.36;-0.00208695;-0.00703397;-0.00158038;-0.00162518;-0.00749573;1.00633;0.0104429;-0.0122321;0.990316;0.0250643;0.986244;1;3;1
560.531;445.06;9.24997;2.4961;-0.00269429;-0.00681797;-0.000836242;-0.00253117;-0.0069811;0.999998;0.0112129;-0.0032292;0.991093;0.0311186;0.972372;1;3;1
583.531;445.06;9.16248;2.69421;-0.00380461;-0.00634034;-0.00144161;-0.00315265;-0.0069923;0.993217;0.00683734;-0.00749077;0.985452;0.0241292;0.979487;1;3;1
606.531;445.06;9.07375;2.77952;-0.0029978;-0.00378847;-0.0019462;-0.00140719;-0.00537908;0.994317;0.00916654;-0.00894422;1.00058;0.0257156;0.986665;1;3;1
629.531;445.06;9.02363;2.95509;-0.00114954;-0.00505704;-0.00082083;-0.000984113;-0.00522246;0.998267;0.00503773;-0.00465432;0.990241;0.0253389;0.983388;1;3;1
652.531;445.06;9.01953;3.12585;2.02271e-05;-0.00400628;-0.00267609;0.0013558;-0.00534186;0.999634;0.00752678;-0.00631859;0.992639;0.0229874;0.97943;1;3;1
675.531;445.06;9.02388;3.20602;-0.00124982;-0.00283777;-0.00244213;0.00052416;-0.00461175;0.999551;0.00766635;-0.00672062;0.99542;0.0234688;0.986323;1;2;1
698.531;445.06;8.96166;3.30319;-0.00196816;-0.00470533;-0.00309808;5.01646e-05;-0.00672365;0.99763;0.00970008;-0.000779291;0.993592;0.0231311;0.983714;1;2;1
721.531;445.06;8.93263;3.44446;-0.000975878;-0.00433297;-0.000271829;-0.00095401;-0.00435483;1.00091;0.00538894;-0.0145696;0.98555;0.024803;0.982471;1;3;1
744.531;445.06;8.915;3.70424;-0.00148394;-0.00495261;-0.000452846;-0.00142579;-0.00501076;0.994851;0.0122374;-0.00171733;0.98705;0.0264035;0.977973;1;3;1
767.531;445.06;8.86287;3.80924;-0.00186227;-0.00526425;-0.0018489;-0.00105093;-0.00607559;1.00426;0.0110588;-0.00258306;0.989691;0.021199;0.986265;1;3;1
790.531;445.06;8.82877;3.91567;-0.00149127;-0.00335377;-0.00165249;-0.000525689;-0.00431935;0.994162;0.0129196;-0.00676442;1.0006;0.0251548;0.985537;1;3;1
813.531;445.06;8.79318;4.1188;-0.00225329;-0.00432006;-0.000661041;-0.00205995;-0.0045134;0.993518;0.010184;-0.0101686;1.00038;0.0305331;0.975698;1;3;1
836.531;445.06;8.72362;4.27192;-0.0017972;-0.0048567;-0.0011711;-0.0014004;-0.00525351;0.997075;0.0151329;-0.00841399;1.00128;0.0264902;0.980516;1;2;1
859.531;445.06;8.70903;4.47783;0.00188598;-0.00469513;-0.00227309;0.00259476;-0.00540391;1.00197;0.0134154;-0.00434478;0.995861;0.0275222;0.982972;1;3;1
882.531;445.06;8.80937;4.56374;0.00158056;-0.00375405;-0.00131858;0.00188869;-0.00406217;1.00041;0.0128972;-0.00820122;0.990985;0.0278162;0.981418;1;3;1
905.531;445.06;8.77992;4.88055;-0.0035348;-0.00415181;-0.000322815;-0.00339678;-0.00428983;1.00333;0.00942616;-0.00975471;0.992037;0.0266136;0.983224;1;3;1
928.531;445.06;8.64466;4.9726;-0.00241649;-0.00409507;-0.00172911;-0.00133375;-0.00517782;0.995002;0.0100685;-0.0049095;0.995686;0.024878;0.98389;1;3;1
951.531;445.06;8.66786;5.1456;0.00172895;-0.00556716;1.60182e-05;0.00172899;-0.0055672;1.00447;0.00722197;-0.00826953;0.992457;0.0258876;0.98201;1;4;1
974.531;445.06;8.72302;5.29067;-8.58612e-05;-0.00520852;-0.000381552;-5.75979e-05;-0.00523678;1.00036;0.0122169;-0.00787988;0.991744;0.0266975;0.978895;1;2;1
997.531;445.06;8.66263;5.48851;0.000250196;-0.00436662;-0.000623013;0.000332791;-0.00444922;0.999039;0.00893271;-0.0113639;0.995603;0.0215783;0.991306;1;2;1
1020.53;445.06;8.73331;5.62565;0.00166218;-0.00500102;-0.000349029;0.00168042;-0.00501925;1.00481;0.00778911;-0.00179631;0.990623;0.0234558;0.982779;1;2;1
1043.53;445.06;8.73825;5.7568;0.00122988;-0.00571088;0.000266999;0.00124014;-0.00572113;1.00418;0.00514027;-0.00809537;0.997642;0.027484;0.976233;1;3;1
1066.53;445.06;8.7888;5.93697;-0.000265204;-0.00483901;0.00023888;-0.000252762;-0.00485145;0.994481;0.00745475;-0.0137055;0.994031;0.0200696;0.990923;1;3;1
1089.53;445.06;8.72436;6.15052;-0.00113599;-0.00393648;0.000648295;-0.000993193;-0.00407928;0.999366;0.00648195;-0.00748095;0.996644;0.0196768;0.989503;1;2;1
1112.53;445.06;8.73457;6.35897;0.000866542;-0.00376313;-0.000881669;0.00102876;-0.00392535;1.0003;0.0089636;-0.00767983;0.999494;0.0207103;0.98779;1;4;1
1135.53;445.06;8.76315;6.46204;0.000103662;-0.00366242;-0.00136283;0.00054509;-0.00410385;0.998807;0.00933891;-0.00429098;0.994119;0.0213171;0.989017;1;3;1
1158.53;445.06;8.73851;6.63555;-0.000871695;-0.00384353;-0.000784664;-0.000677241;-0.00403798;0.998449;0.0150991;-0.0101434;0.995639;0.0224954;0.986525;1;2;1
1181.53;445.06;8.7216;6.82573;0.00179171;-0.00362271;-0.000155986;0.0017962;-0.0036272;0.999684;0.00455376;-0.00560894;0.996877;0.0234133;0.985394;1;4;1
1204.53;445.06;8.81924;7.02152;0.00180872;-0.00550102;-0.000790105;0.00189315;-0.00558544;1.00755;0.00478923;-0.0107299;0.991053;0.025598;0.983802;1;4;1
1227.53;445.06;8.80345;7.16788;0.000302352;-0.00540484;-0.000211708;0.000310194;-0.00541268;1.00804;0.0120139;-0.00816246;0.992414;0.0237634;0.986908;1;3;1
1250.53;445.06;8.83188;7.36247;0.00203555;-0.00211275;9.52985e-05;0.00203774;-0.00211494;0.98944;0.00434919;-0.00103328;0.993116;0.0368876;0.95544;1;3;1
1273.53;445.06;8.89529;7.56435;0.0027991;-0.000320075;0.00114887;0.00317658;-0.000697554;1.00887;0.0054497;-0.0197967;0.994133;0.0411669;0.965484;1;3;1
31.5305;422.06;11.3642;-0.927004;-0.00527537;-0.00622293;-0.00170278;-0.00398169;-0.00751662;0.990425;0.00948329;-0.00200735;0.990781;0.0211981;0.990217;1;3;1
54.5305;422.06;11.2422;-0.800937;-0.0048267;-0.0070565;-0.00285637;-0.00287536;-0.00900785;0.991735;0.0107924;-0.00424637;0.992617;0.0206647;0.99119;1;2;1
77.5306;422.06;11.1409;-0.669591;-0.00449905;-0.00488736;-0.00160287;-0.00307862;-0.00630779;0.999009;0.0103393;-0.00964267;0.995975;0.0189014;0.989792;1;2;1
100.531;422.06;11.0333;-0.443297;-0.00351231;-0.00646216;-0.000490653;-0.00343284;-0.00654163;0.994496;0.012528;-0.0086965;0.991285;0.0182443;0.991598;1;2;1
123.531;422.06;10.9774;-0.287974;-0.00358656;-0.00663831;-0.00184182;-0.00272066;-0.00750421;0.994717;0.0116733;-0.00445394;0.991453;0.0180067;0.993075;1;2;1
146.531;422.06;10.867;-0.136514;-0.00475779;-0.00595715;-0.00227339;-0.00300632;-0.00770863;0.999205;0.0109237;-0.00655709;0.993222;0.015969;0.992987;1;2;1
169.531;422.06;10.7572;-0.00184008;-0.00381775;-0.00578078;-0.00199843;-0.00257281;-0.00702572;0.992269;0.0118581;-0.0052688;0.992264;0.0202123;0.98692;1;2;1
192.531;422.06;10.69;0.172951;-0.00449322;-0.00607745;-0.00116044;-0.00388032;-0.00669036;0.995602;0.0116431;-0.00985192;0.987879;0.0240592;0.985688;1;3;1
215.531;422.06;10.5488;0.325187;-0.00378751;-0.00655888;-0.000929214;-0.00350479;-0.00684159;0.992056;0.0101718;-0.00850209;0.992518;0.0212554;0.985936;1;3;1
238.531;422.06;10.5147;0.446008;-0.00381399;-0.0068012;-0.00219853;-0.0026497;-0.00796549;0.998637;0.012993;-0.00274814;0.994442;0.0215327;0.989742;1;3;1
261.531;422.06;10.3724;0.563526;-0.00356781;-0.00462502;-0.000403071;-0.00343167;-0.00476116;1.00166;0.0157511;-0.0129928;0.988897;0.0202474;0.989993;1;3;1
284.531;422.06;10.3487;0.818897;-0.00238742;-0.00585367;-0.00164213;-0.00173301;-0.00650808;0.995784;0.0159973;-0.00807886;0.992302;0.0185217;0.993117;1;3;1
307.531;422.06;10.2612;0.909445;-0.00458352;-0.00531101;-0.00237963;-0.00254;-0.00735453;0.988571;0.0114695;0.00125496;0.999098;0.0212249;0.991965;1;4;1
330.531;422.06;10.1366;1.08454;-0.00356454;-0.00632716;-0.00110971;-0.003174;-0.0067177;1.00642;0.0164429;-0.0139268;0.990584;0.0189787;0.991132;1;4;1
353.531;422.06;10.0958;1.22258;-0.0019944;-0.00766368;-0.00195506;-0.00138558;-0.0082725;0.993188;0.0120672;0.00013729;0.990063;0.0216624;0.988521;1;4;1
376.531;422.06;10.044;1.35941;-0.00342993;-0.0073458;-0.0012281;-0.00307665;-0.00769909;0.99738;0.00718531;-0.0126555;0.990004;0.0214002;0.98839;1;3;1
399.531;422.06;9.93653;1.56374;-0.00379152;-0.00733536;-0.0016822;-0.00312018;-0.0080067;0.995116;0.00929657;-0.004703;0.99264;0.0208803;0.98984;1;3;1
422.531;422.06;9.86755;1.75339;-0.00406864;-0.00657854;-0.00266404;-0.00237876;-0.00826841;0.992309;0.0108833;-0.00834867;0.993534;0.0200297;0.990615;1;3;1
445.531;422.06;9.74817;1.83778;-0.00415798;-0.00632981;-0.0029759;-0.00207606;-0.00841173;0.997969;0.00992518;-0.00420748;0.989951;0.0229193;0.98946;1;3;1
468.531;422.06;9.67539;1.96558;-0.00224132;-0.00675373;-0.0016662;-0.00169277;-0.00730229;1.00187;0.0147928;-0.00939602;0.991626;0.0201898;0.989002;1;3;1
491.531;422.06;9.64361;2.18878;-0.00185285;-0.00644913;-0.00198546;-0.00111396;-0.00718801;0.99658;0.0120991;-0.00930788;0.991424;0.0228869;0.988954;1;2;1
514.531;422.06;9.58907;2.2701;-0.00265743;-0.00495795;-0.00219856;-0.00132641;-0.00628897;0.997634;0.0156543;-0.00318836;0.993422;0.0174104;0.992566;1;3;1
537.531;422.06;9.52056;2.43226;-0.00279863;-0.00481839;-0.00082734;-0.002503;-0.00511401;0.999648;0.00955207;-0.00979038;0.992381;0.0217183;0.988892;1;3;1
560.531;422.06;9.45897;2.59854;-0.00302329;-0.00490955;2.10297e-05;-0.00302306;-0.00490979;0.990214;0.0119454;-0.0106526;0.995213;0.0234225;0.985612;1;3;1
583.531;422.06;9.37992;2.78505;-0.00321119;-0.00432176;-0.00141585;-0.00224562;-0.00528732;0.999707;0.00867016;-0.00192918;0.999664;0.0204974;0.990911;1;3;1
606.531;422.06;9.31036;2.84519;-0.0031537;-0.00693032;-0.00290376;-0.00157827;-0.00850575;0.991387;0.00620824;-0.0047588;0.989982;0.0259529;0.984695;1;3;1
629.531;422.06;9.23424;2.9717;-0.00127274;-0.0053969;-0.00135643;-0.000866605;-0.00580303;0.999523;0.0104201;-0.0111626;0.994303;0.0248833;0.98614;1;3;1
652.531;422.06;9.25083;3.13942;-0.00110984;-0.00449655;-0.00146199;-0.000566043;-0.00504035;0.999756;0.0142357;-0.00461527;0.99773;0.019491;0.990963;1;3;1
675.531;422.06;9.18231;3.25059;-0.000292754;-0.00598004;-0.00176955;0.000212871;-0.00648567;0.996427;0.0133749;-0.000766845;0.99043;0.0207908;0.984425;1;3;1
698.531;422.06;9.23661;3.4035;-0.00189666;-0.00579164;-0.000698328;-0.00177524;-0.00591306;1.00471;0.00927106;-0.0146531;0.988933;0.024281;0.982788;1;3;1
721.531;422.06;9.09352;3.61706;-0.00397954;-0.00739652;4.08206e-05;-0.00397905;-0.007397;0.993102;0.0096898;-0.00425406;0.997492;0.0245574;0.981595;1;3;1
744.531;422.06;9.05165;3.77877;-0.00157969;-0.00589539;0.00010775;-0.001577;-0.00589808;0.99746;0.00141015;-0.00435967;0.997803;0.021127;0.991027;1;3;1
767.531;422.06;9.01983;3.91499;0.000505211;-0.00655535;-0.00121549;0.000708602;-0.00675874;1.00052;0.0117202;-0.00802482;1.00123;0.0200338;0.988328;1;3;1
790.531;422.06;9.07407;4.05199;0.000377919;-0.00505348;-9.3334e-05;0.000379522;-0.00505508;0.997794;0.0146317;-0.00499377;0.98944;0.0238807;0.985861;1;4;1
813.531;422.06;9.03617;4.22547;-0.00144859;-0.00664528;-8.449e-05;-0.00144722;-0.00664665;1.00492;0.00853863;-0.0143636;0.983919;0.027182;0.977512;1;3;1
836.531;422.06;9.00597;4.41294;-0.00152509;-0.00638883;-0.000720216;-0.00142068;-0.00649323;0.996465;0.00593381;-0.00324661;0.993875;0.0221116;0.9916;1;3;1
859.531;422.06;8.96449;4.59287;-0.000687621;-0.00442479;-0.00179417;3.42884e-05;-0.00514669;0.997714;0.00668235;-0.00946943;0.997743;0.0233196;0.984263;1;3;1
882.531;422.06;8.97343;4.70026;-0.000375139;-0.00634308;-0.00125358;-0.000122516;-0.0065957;0.99979;0.00752283;-0.00220217;0.999173;0.0214721;0.990991;1;3;1
905.531;422.06;8.94635;4.87723;-0.00149115;-0.00205545;0.000175009;-0.00144128;-0.00210532;1.00302;0.00602302;-0.011659;1.00303;0.0204562;0.991932;1;2;1
928.531;422.06;8.9034;5.05622;-0.00142662;-0.00505537;0.000509239;-0.00135652;-0.00512548;0.995499;0.0110227;-0.00158008;0.992596;0.021422;0.987247;1;3;1
951.531;422.06;8.87897;5.27316;-0.00103101;-0.00554949;-0.000157962;-0.00102549;-0.00555501;0.996916;0.0101011;-0.0151022;0.999432;0.0235438;0.981;1;3;1
974.531;422.06;8.85434;5.44134;-0.000106923;-0.00466672;-4.82551e-05;-0.000106413;-0.00466723;1.00303;0.00503458;-0.0017942;1.00399;0.0211143;0.984289;1;3;1
997.531;422.06;8.87295;5.59111;-0.000795954;-0.00409592;-0.000503718;-0.000720777;-0.00417109;0.994937;0.00298921;-0.011068;0.998525;0.01948;0.994206;1;3;1
1020.53;422.06;8.81666;5.75234;-1.11641e-05;-0.0063153;0.00151494;0.000333993;-0.00666046;1.00749;-0.0045926;-0.00713337;1.00085;0.0212236;0.988762;1;3;1
1043.53;422.06;8.87103;5.95115;0.00233027;-0.00550996;-1.38037e-05;0.00233029;-0.00550998;0.996207;0.00691397;-0.00923249;0.991734;0.0231083;0.986215;1;3;1
1066.53;422.06;8.92269;6.06134;0.000298424;-0.0053105;0.000628101;0.0003679;-0.00537998;1.00116;0.00214242;-0.0061134;0.995839;0.0201663;0.986344;1;3;1
1089.53;422.06;8.88384;6.2419;0.000203481;-0.00349799;-0.00114756;0.000530388;-0.0038249;1.00022;0.00629666;-0.00507932;0.997019;0.0207891;0.987628;1;2;1
1112.53;422.06;8.93097;6.37622;0.00166627;-0.00249309;-0.000588741;0.001748;-0.00257482;1.00201;0.00624049;-0.00881069;0.99175;0.0209105;0.989942;1;3;1
1135.53;422.06;8.95958;6.52108;0.0009333;-0.00532591;0.000503304;0.000973513;-0.00536612;1.00124;0.00501115;-0.00799596;0.993739;0.0196729;0.989224;1;3;1
1158.53;422.06;8.97273;6.70264;6.72554e-05;-0.0053923;0.00107609;0.000271699;-0.00559675;1.00136;0.00480279;-0.00474403;0.992974;0.0202543;0.989562;1;3;1
1181.53;422.06;8.96095;6.91948;2.80136e-05;-0.00443419;0.000580672;0.000102339;-0.00450852;0.998572;0.0134074;-0.0116405;0.996246;0.0256214;0.97929;1;3;1
1204.53;422.06;8.97188;7.14578;0.000205313;-0.00375934;-0.00034579;0.000235246;-0.00378927;0.999359;0.0152437;-0.0109875;0.997832;0.0275527;0.977661;1;3;1
1227.53;422.06;8.96867;7.31727;0.00126611;-0.00561039;-0.00103159;0.00141753;-0.00576181;0.999009;0.00425956;-0.000382786;0.995128;0.0268121;0.971609;1;3;1
1250.53;422.06;9.02922;7.42782;0.000845529;-0.00487974;-0.00106955;0.00103881;-0.00507302;1.0047;0.00671695;-0.0113277;0.992237;0.0324787;0.957052;1;3;1
1273.53;422.06;9.00686;7.56861;-0.00095296;-0.00311574;5.30815e-05;-0.000951658;-0.00311704;0.98939;0.012654;-0.00588017;0.999216;0.0407605;0.94529;1;4;1
31.5305;399.06;11.4867;-0.757945;-0.00161252;-0.00671919;-0.00102514;-0.00141442;-0.0069173;0.991669;0.00770981;-0.00667651;0.993262;0.0182712;0.995489;1;3;1
54.5305;399.06;11.4492;-0.624599;-0.00218115;-0.00779624;-0.00175835;-0.00167598;-0.00830142;0.999195;0.00949991;-0.0055277;0.993306;0.020793;0.98713;1;2;1
77.5306;399.06;11.3853;-0.462605;-0.0044682;-0.00873608;-0.000945059;-0.00426829;-0.00893598;0.995335;0.00671275;-0.00681556;0.98927;0.0185153;0.994296;1;2;1
100.531;399.06;11.2417;-0.262381;-0.00425593;-0.00664048;-0.0016796;-0.00338846;-0.00750795;0.996319;0.00596029;-0.010597;0.992012;0.0191886;0.991663;1;3;1
123.531;399.06;11.1879;-0.129163;-0.00297289;-0.00554738;-0.000523963;-0.00287034;-0.00564993;0.994935;0.00629981;-0.00756313;0.994054;0.020481;0.991449;1;2;1
146.531;399.06;11.1035;0.0782572;-0.00335196;-0.0065396;-0.00151942;-0.00274376;-0.00714781;0.999474;0.0115055;-0.00503311;0.992644;0.0197072;0.986863;1;2;1
169.531;399.06;11.0323;0.190428;-0.00381084;-0.00658711;-0.00265178;-0.00220584;-0.00819211;0.997097;0.0101682;-0.00511183;0.995328;0.0171968;0.993747;1;2;1
192.531;399.06;10.9271;0.354221;-0.00501328;-0.00663424;-0.00164129;-0.00399326;-0.00765426;0.997058;0.00654392;-0.00961589;0.991916;0.0206569;0.990208;1;2;1
215.531;399.06;10.8001;0.495017;-0.00410863;-0.00634884;-0.00139272;-0.00344148;-0.00701599;0.992201;0.0107392;-0.000871521;0.99306;0.0177324;0.991733;1;3;1
238.531;399.06;10.7366;0.670437;-0.00348663;-0.00695357;-0.0013195;-0.00304157;-0.00739863;0.996365;0.00563982;-0.00826816;0.987601;0.0179432;0.993368;1;2;1
261.531;399.06;10.6386;0.769551;-0.00310928;-0.00727799;-0.00201831;-0.00229223;-0.00809503;0.998841;0.00868777;-0.00613677;0.993207;0.0198603;0.993588;1;3;1
284.531;399.06;10.5924;0.970384;-0.00354106;-0.0057672;-0.000694244;-0.0033423;-0.00596596;0.995503;0.006783;-0.00393564;0.996568;0.015849;0.994158;1;3;1
307.531;399.06;10.4741;1.12078;-0.0045187;-0.0059857;-0.00136384;-0.00370363;-0.00680077;0.995771;0.00963495;-0.0119015;0.995392;0.018504;0.992705;1;3;1
330.531;399.06;10.3832;1.2512;-0.00347822;-0.00606823;-0.00163779;-0.00268531;-0.00686114;0.995134;0.00758645;-0.00232595;0.996007;0.0184522;0.989632;1;3;1
353.531;399.06;10.3128;1.42949;-0.00329791;-0.00607617;-0.0010143;-0.00296701;-0.00640706;1.00074;0.00713856;-0.0125168;0.998908;0.018453;0.991353;1;3;1
376.531;399.06;10.2301;1.57214;-0.0028293;-0.0083953;-0.00114963;-0.00260119;-0.0086234;0.989878;0.00989047;0.000773978;0.995917;0.0189257;0.990253;1;3;1
399.531;399.06;10.1816;1.71515;-0.00282302;-0.00713008;-0.0016934;-0.00223697;-0.00771613;0.997706;0.00927668;-0.00718109;0.994257;0.0192863;0.992355;1;3;1
422.531;399.06;10.0991;1.86961;-0.0037747;-0.00616912;-2.63896e-06;-0.00377469;-0.00616912;0.994769;0.0105083;-0.00662146;0.995858;0.0169228;0.994205;1;2;1
445.531;399.06;10.0063;2.0582;-0.00344184;-0.00801131;-0.00106883;-0.00320419;-0.00824896;0.997751;0.00827907;-0.0052343;0.994096;0.0193925;0.990789;1;3;1
468.531;399.06;9.93937;2.18809;-0.00307642;-0.00746451;-0.00193229;-0.00234684;-0.00819409;0.996612;0.00635564;-0.00315674;0.990558;0.0167066;0.994;1;3;1
491.531;399.06;9.86375;2.33507;-0.00316882;-0.00549348;-0.00194843;-0.00206237;-0.00659994;0.995404;0.0113605;-0.00922159;0.992801;0.0203465;0.988905;1;2;1
514.531;399.06;9.79268;2.43912;-0.00371422;-0.00682704;-0.00168033;-0.00298023;-0.00756103;0.996319;0.00304217;-0.00299532;0.993625;0.0181848;0.991404;1;3;1
537.531;399.06;9.6919;2.58396;-0.00415766;-0.00694186;-0.0010721;-0.00379267;-0.00730684;0.99434;0.00734284;-0.00768378;0.996103;0.0171041;0.993904;1;3;1
560.531;399.06;9.60015;2.72383;-0.00328414;-0.00604122;-0.000984764;-0.00296853;-0.00635683;0.997777;0.00183658;-0.00462165;0.994872;0.0215913;0.986614;1;3;1
583.531;399.06;9.53953;2.89499;-0.00154043;-0.00521741;-0.000205671;-0.00152896;-0.00522887;0.999805;0.00622088;-0.00769053;0.999292;0.0183197;0.991457;1;3;1
606.531;399.06;9.52768;3.10168;-0.00210382;-0.00720767;-0.0014252;-0.00173281;-0.00757867;0.996881;0.0101505;-0.00913672;0.992723;0.0182146;0.991906;1;3;1
629.531;399.06;9.44159;3.20593;-0.00206229;-0.00699015;-0.00239352;-0.00109112;-0.00796132;0.997716;0.00758443;0.00171458;0.996125;0.0223721;0.984664;1;4;1
652.531;399.06;9.43212;3.33502;0.000185601;-0.00651392;-0.000947009;0.000316892;-0.00664521;1.00283;-0.00278108;-0.00769772;0.994205;0.0208548;0.989789;1;3;1
675.531;399.06;9.44929;3.48391;-0.000878822;-0.00838696;-0.00158687;-0.00055721;-0.00870857;0.99478;0.0019053;-0.00380246;0.998149;0.0178993;0.99296;1;3;1
698.531;399.06;9.39107;3.5724;-0.00315704;-0.00651922;-0.000587479;-0.00305735;-0.00661891;0.99876;0.00842975;-0.00686475;0.999157;0.0246018;0.983877;1;3;1
721.531;399.06;9.30283;3.78747;-0.00406931;-0.00547613;-0.000260011;-0.0040228;-0.00552265;0.993371;0.0106838;-0.0102225;0.994959;0.0176499;0.990395;1;3;1
744.531;399.06;9.20171;3.97713;-0.00121117;-0.00681927;-0.00106791;-0.0010147;-0.00701574;1.00074;0.00815067;-0.00516734;0.991587;0.0210207;0.989624;1;3;1
767.531;399.06;9.24593;4.11339;-0.00120018;-0.00691728;-0.00267463;-0.000144019;-0.00797344;0.998817;0.00458085;-0.00428668;0.984576;0.0236958;0.986307;1;3;1
790.531;399.06;9.14614;4.14982;-0.00184244;-0.00693504;-0.000582796;-0.00177659;-0.00700088;0.990404;0.00471405;-0.00521641;0.992172;0.0211822;0.991233;1;3;1
813.531;399.06;9.16003;4.42698;0.000246769;-0.00707375;0.000585122;0.000293242;-0.00712022;1.00803;0.00405214;-0.00737963;0.998963;0.0219633;0.989138;1;3;1
836.531;399.06;9.15558;4.56879;2.46549e-05;-0.00595744;-0.00161401;0.000432342;-0.00636513;0.998717;0.00492072;-0.00586476;0.992461;0.0252348;0.983788;1;3;1
859.531;399.06;9.16044;4.68405;0.00114669;-0.00641344;-0.00091178;0.0012551;-0.00652185;1.00043;0.00778965;-0.00103896;0.992186;0.0202664;0.988757;1;3;1
882.531;399.06;9.20739;4.85819;-0.000868289;-0.0060236;-0.000499971;-0.000820248;-0.00607164;1.00329;0.0112269;-0.0109239;0.986425;0.0202832;0.988214;1;3;1
905.531;399.06;9.11955;4.97645;-0.00463768;-0.00400015;-0.000257125;-0.00390937;-0.00472846;0.990656;0.00960487;-0.00786028;0.995896;0.020345;0.990768;1;3;1
928.531;399.06;8.99223;5.20706;-0.00112542;-0.0056276;0.000319416;-0.00110287;-0.00565014;1.00022;0.00797683;-0.0114213;0.995495;0.0221302;0.991836;1;3;1
951.531;399.06;9.06577;5.40332;0.00114629;-0.00444158;-0.00146549;0.00150731;-0.0048026;0.997198;0.0121399;-0.00324806;0.991951;0.0249915;0.982842;1;3;1
974.531;399.06;9.04395;5.50697;-0.000998803;-0.00356444;-0.00180335;-6.85444e-05;-0.0044947;1.00211;0.0157562;-0.0110379;0.996223;0.0209219;0.989256;1;3;1
997.531;399.06;9.01898;5.67869;-0.0019637;-0.00293297;0.000332307;-0.00186072;-0.00303596;0.995769;0.00738364;-0.00243189;1.0001;0.0250566;0.981135;1;3;1
1020.53;399.06;8.9517;5.9176;0.00061594;-0.00565538;-0.000152364;0.000619639;-0.00565908;1.0018;0.0142075;-0.00317415;0.987717;0.0249727;0.981219;1;4;1
1043.53;399.06;9.0461;6.012;0.00150556;-0.00334105;-0.00139915;0.00188048;-0.00371596;1.00073;0.00679211;-0.00437812;0.992136;0.0238705;0.982581;1;3;1
1066.53;399.06;9.02014;6.18249;0.00214385;-0.00511103;-0.000454056;0.00217215;-0.00513934;1.00595;0.00912751;-0.00704237;1.00048;0.0192184;0.992002;1;3;1
1089.53;399.06;9.14362;6.31363;0.00103229;-0.0045914;-0.00160856;0.00145988;-0.00501899;0.998575;0.0125198;-0.00704045;0.99189;0.0226344;0.983965;1;3;1
1112.53;399.06;9.06667;6.47499;-0.00218587;-0.00485438;0.000680149;-0.00202251;-0.00501773;0.997806;0.00637417;-0.0118448;0.994296;0.0238211;0.980317;1;3;1
1135.53;399.06;9.04126;6.70854;-0.000632595;-0.00548379;0.00104295;-0.000417874;-0.00569851;0.995582;0.00151653;-0.00748129;0.990076;0.0248767;0.985074;1;2;1
1158.53;399.06;9.03573;6.88524;0.00150572;-0.00578571;6.36081e-05;0.00150628;-0.00578627;1.00315;0.00445653;0.000859294;0.9952;0.0250266;0.981688;1;3;1
1181.53;399.06;9.10934;7.0318;0.00463171;-0.00477771;-0.000293642;0.00464086;-0.00478687;1.005;0.00414643;-0.0156716;0.997038;0.0279134;0.977975;1;3;1
1204.53;399.06;9.24725;7.19677;0.00153822;-0.00179062;0.000417828;0.00158987;-0.00184226;1.00214;0.00569494;-0.0035019;1.00003;0.0283169;0.975292;1;4;1
1227.53;399.06;9.17834;7.42822;-0.00142246;-0.00250465;2.34425e-05;-0.00142196;-0.00250516;1.00113;0.00787748;-0.00731601;0.994794;0.027328;0.980752;1;3;1
1250.53;399.06;9.1801;7.58882;-0.000132968;-0.0048636;-0.000423183;-9.54098e-05;-0.00490116;0.996717;0.00838702;-0.0105235;0.99759;0.0256453;0.973959;1;3;1
1273.53;399.06;9.17137;7.70873;-0.000365983;-0.00499964;-0.00116532;-8.94242e-05;-0.0052762;0.999583;-0.000224762;-0.000410765;0.99641;0.0296816;0.975647;1;3;1
31.5305;376.06;11.7239;-0.615459;-0.00110024;-0.00639163;-0.00147261;-0.000718017;-0.00677386;0.993;0.0113892;-0.00456128;0.992543;0.0211396;0.988172;1;2;1
54.5305;376.06;11.6979;-0.438625;-0.00290311;-0.00664289;-0.00117254;-0.00256589;-0.0069801;0.997651;0.0100826;-0.00842327;0.994149;0.0209302;0.987248;1;2;1
77.5306;376.06;11.5889;-0.26376;-0.00381396;-0.00704492;-0.0012724;-0.00337304;-0.00748584;0.995284;0.0111065;-0.00742571;0.993892;0.0169264;0.994166;1;2;1
100.531;376.06;11.5212;-0.134211;-0.00483028;-0.00635975;-0.00288293;-0.00261238;-0.00857765;0.997418;0.0146434;-0.0024035;0.995656;0.016331;0.991775;1;3;1
123.531;376.06;11.3655;-0.0304368;-0.00421526;-0.00473812;-0.000739432;-0.0036924;-0.00526098;0.993331;0.0108995;-0.00792059;0.992664;0.018661;0.989474;1;2;1
146.531;376.06;11.3259;0.167602;-0.00189105;-0.00478438;-0.000428278;-0.00182898;-0.00484645;0.997046;0.00900422;-0.00675505;0.992606;0.0172301;0.990403;1;2;1
169.531;376.06;11.2772;0.305131;-0.00388142;-0.00627238;-0.000478186;-0.00378933;-0.00636447;0.995743;0.0116312;-0.00565423;0.991099;0.0208867;0.987656;1;2;1
192.531;376.06;11.1459;0.481419;-0.0061367;-0.0059504;-0.00114121;-0.00489854;-0.00718856;0.99903;0.0104415;-0.0051548;0.995939;0.0190099;0.991563;1;2;1
215.531;376.06;10.993;0.620324;-0.00509404;-0.00609421;-0.00109884;-0.00438684;-0.00680141;0.993286;0.00985755;-0.0109159;0.994978;0.0186272;0.987983;1;3;1
238.531;376.06;10.9101;0.768704;-0.00292497;-0.00567924;-0.00116168;-0.00250043;-0.00610377;0.995098;0.0083229;-0.00309599;0.998722;0.0200866;0.99108;1;2;1
261.531;376.06;10.8574;0.902116;-0.00316197;-0.00658824;-0.00137328;-0.00267949;-0.00707072;0.999956;0.00958078;-0.00700112;0.994681;0.018467;0.992823;1;3;1
284.531;376.06;10.7633;1.08684;-0.00409744;-0.0049174;-0.00105738;-0.00337334;-0.0056415;0.990814;0.00974577;-0.00507975;0.99295;0.0166392;0.994361;1;2;1
307.531;376.06;10.6676;1.18742;-0.00361682;-0.00599603;-0.00138796;-0.00297842;-0.00663443;0.997036;0.0111235;-0.00931943;0.992708;0.020679;0.991476;1;2;1
330.531;376.06;10.5957;1.36683;-0.00340758;-0.00645648;-0.00123055;-0.0029729;-0.00689116;0.994017;0.0125718;-0.00814567;0.991134;0.0185278;0.991465;1;3;1
353.531;376.06;10.5095;1.50481;-0.00347313;-0.00576374;-0.000515853;-0.00336232;-0.00587455;0.997933;0.0123055;-0.00317469;0.991019;0.0173186;0.992736;1;3;1
376.531;376.06;10.4341;1.7489;-0.00258155;-0.00348551;0.000540355;-0.00232907;-0.00373799;0.996145;0.00634315;-0.0103409;1.00092;0.0200969;0.993906;1;3;1
399.531;376.06;10.3889;1.89514;-0.0048398;-0.00561004;-0.000244381;-0.0047688;-0.00568104;0.991148;0.00818253;-0.00578807;0.998166;0.021503;0.994024;1;2;1
422.531;376.06;10.21;2.03934;-0.00485785;-0.00715688;-0.000483542;-0.00476029;-0.00725444;0.99678;0.00533312;-0.00412326;0.995716;0.0177101;0.991932;1;2;1
445.531;376.06;10.1639;2.20968;-0.00173453;-0.00559957;-0.000829075;-0.0015642;-0.00576991;0.996706;0.00478574;-0.0109635;0.992923;0.0202003;0.986586;1;3;1
468.531;376.06;10.1293;2.31249;-0.00194124;-0.005445;-0.00153775;-0.00136208;-0.00602416;0.997391;0.0110797;-0.00836561;0.995404;0.0162012;0.994605;1;3;1
491.531;376.06;10.0739;2.44421;-0.00295594;-0.00485621;-0.00121222;-0.00236586;-0.00544628;0.996467;0.0110981;-0.00541113;0.996587;0.021824;0.985805;1;3;1
514.531;376.06;9.99235;2.587;-0.00367379;-0.00602537;-0.00142701;-0.00300056;-0.00669859;0.998334;0.0147516;-0.00901201;0.98801;0.018177;0.993484;1;3;1
537.531;376.06;9.90352;2.7543;-0.00285197;-0.00640945;-0.00115059;-0.00251227;-0.00674915;0.993719;0.0116113;-0.00621222;0.989494;0.0242674;0.985001;1;3;1
560.531;376.06;9.86004;2.87904;-0.0027653;-0.00621941;-0.00215503;-0.00173068;-0.00725403;1.00307;0.0109635;-0.00481318;0.990097;0.0187928;0.990734;1;3;1
583.531;376.06;9.77532;3.02738;-0.00234419;-0.00651531;-0.00193041;-0.00158791;-0.00727159;0.998157;0.0101718;-0.00486827;0.994416;0.0215328;0.986807;1;3;1
606.531;376.06;9.75109;3.18007;-0.00189943;-0.00601252;-0.00182361;-0.00120735;-0.0067046;0.994972;0.0113804;-0.00800255;0.993887;0.0203011;0.989225;1;3;1
629.531;376.06;9.68708;3.29662;-0.00295861;-0.00611851;-0.00232927;-0.001724;-0.00735312;0.998399;0.0103663;-0.00273926;0.996958;0.0220803;0.990784;1;2;1
652.531;376.06;9.61405;3.44149;-0.00264385;-0.00566288;-0.000946409;-0.0023717;-0.00593503;0.998168;0.0102294;-0.00467384;0.996307;0.0186246;0.990583;1;2;1
675.531;376.06;9.56402;3.63962;-0.000433302;-0.00593033;-0.00158235;-1.03574e-05;-0.00635327;0.997309;0.0140286;-0.00518185;0.990896;0.0242771;0.985012;1;3;1
698.531;376.06;9.59335;3.70576;-0.000906776;-0.00734006;-0.00157718;-0.000540923;-0.00770592;1.00016;0.0110271;-0.0064699;0.989456;0.021164;0.989704;1;2;1
721.531;376.06;9.5217;3.87166;-0.00255325;-0.00520133;-0.000923106;-0.00226323;-0.00549135;0.996128;0.0129076;-0.00913792;0.992013;0.018527;0.991981;1;3;1
744.531;376.06;9.4741;4.09549;-0.00178904;-0.00518602;-0.00166348;-0.00111013;-0.00586493;0.999935;0.0131219;-0.00519723;1.00002;0.0223065;0.988374;1;3;1
767.531;376.06;9.43788;4.2362;-0.000727842;-0.00470947;-0.00141313;-0.000277287;-0.00516002;0.998101;0.00737169;-0.00486562;0.999932;0.0237973;0.987607;1;3;1
790.531;376.06;9.43976;4.37358;-0.00083745;-0.00795918;-0.00233189;-0.000141853;-0.00865477;0.998628;0.00877316;-0.00525809;0.993406;0.0236937;0.988534;1;3;1
813.531;376.06;9.39825;4.55345;-0.000623718;-0.00480704;-0.0019186;0.000122945;-0.0055537;1.00053;0.0115022;-0.00356275;0.991225;0.022974;0.982453;1;2;1
836.531;376.06;9.40998;4.68959;-0.00133685;-0.00557199;-0.0013587;-0.000938444;-0.0059704;0.999276;0.0156785;-0.0141136;0.998326;0.0230412;0.986707;1;3;1
859.531;376.06;9.33548;4.89035;-0.00214358;-0.00555491;-0.000894186;-0.0019234;-0.00577508;0.998238;0.0138811;0.000608599;0.992024;0.0278793;0.980708;1;3;1
882.531;376.06;9.31035;4.97943;-0.000346593;-0.00527358;-0.00134344;-4.08604e-06;-0.00561608;0.997903;0.00651214;-0.00789036;0.994133;0.0232299;0.98668;1;3;1
905.531;376.06;9.31921;5.06312;-0.000221451;-0.00664341;-0.000709101;-0.000144086;-0.00672078;1.00066;0.0139861;-0.0102466;0.993041;0.0204561;0.99319;1;3;1
928.531;376.06;9.29892;5.31754;-0.000118273;-0.00521878;-0.00087812;2.86735e-05;-0.00536573;0.999227;0.0131563;-0.00850914;0.989684;0.019097;0.990104;1;3;1
951.531;376.06;9.31188;5.47998;-6.36706e-05;-0.00496136;-0.00135134;0.000284441;-0.00530947;1.00129;0.0086621;-0.00254186;0.999563;0.0228751;0.985255;1;3;1
974.531;376.06;9.29508;5.60771;-0.00127444;-0.00415168;-0.00207966;-0.000184301;-0.00524182;0.997572;0.0064198;-0.00738666;0.993871;0.0190455;0.989613;1;3;1
997.531;376.06;9.25255;5.7278;-0.00285241;-0.00483733;-0.000526084;-0.0027216;-0.00496814;0.996447;0.00866111;-0.00443777;0.991254;0.0217301;0.985543;1;3;1
1020.53;376.06;9.16187;6.01453;0.000264795;-0.00313561;-0.00133086;0.000723733;-0.00359455;1.00486;0.00971304;-0.00195159;0.998348;0.0234983;0.986946;1;3;1
1043.53;376.06;9.26317;6.10677;0.00223772;-0.00454605;-0.00139979;0.00251521;-0.00482354;0.999315;0.0106771;-0.00928456;0.996297;0.0204389;0.98705;1;3;1
1066.53;376.06;9.26382;6.29832;0.00132011;-0.00515907;-0.00120924;0.00153844;-0.0053774;1.00303;0.0129476;-0.00809822;0.992822;0.0189685;0.991364;1;2;1
1089.53;376.06;9.32253;6.45569;-1.55075e-05;-0.00610974;-0.000717828;6.79025e-05;-0.00619315;0.995011;0.00442558;-0.00590037;0.994185;0.0228122;0.980951;1;3;1
1112.53;376.06;9.26211;6.60126;-0.00107777;-0.0042905;-0.000997489;-0.000793268;-0.00457501;1.00054;0.0113554;-0.00665897;1.00183;0.0217733;0.993154;1;3;1
1135.53;376.06;9.27181;6.7751;0.000590648;-0.00297681;-0.000790161;0.000757827;-0.00314399;1.00091;0.0176876;-0.009403;0.99994;0.0237994;0.984689;1;3;1
1158.53;376.06;9.28779;6.97064;0.000567456;-0.00526447;-0.000340678;0.00058729;-0.0052843;1.00108;0.0132652;-0.0106861;0.996408;0.0223987;0.987963;1;3;1
1181.53;376.06;9.29646;7.14101;0.00090351;-0.00545573;-0.00166295;0.00131212;-0.00586434;0.998574;0.0132299;-0.00537548;0.99264;0.0259823;0.977043;1;4;1
1204.53;376.06;9.3286;7.22961;0.00136188;-0.00427774;-0.000175827;0.00136736;-0.00428321;1.00326;0.00566114;-0.00200726;0.995233;0.0272292;0.972176;1;3;1
1227.53;376.06;9.35813;7.43428;0.00044968;-0.00378678;0.00124826;0.000790118;-0.00412722;1.00196;0.00807576;-0.011716;0.999624;0.0264998;0.973714;1;2;1
1250.53;376.06;9.34733;7.6532;-8.37e-05;-0.00426167;0.000624404;7.62196e-06;-0.004353;0.992713;0.00536269;-0.0101108;0.998526;0.0235471;0.981842;1;2;1
1273.53;376.06;9.35282;7.80048;0.000258908;-0.00623638;-0.00110429;0.00044152;-0.00641899;1.0141;0.00955395;-0.00367774;0.991917;0.029161;0.98205;1;3;1
31.5305;353.06;11.9741;-0.460385;-0.00286125;-0.00476897;-0.00119262;-0.00228796;-0.00534226;0.99775;0.00810093;-0.0067801;0.999881;0.0162996;0.995399;1;2;1
54.5305;353.06;11.9077;-0.315704;-0.00361788;-0.00463088;-0.000505902;-0.0034085;-0.00484025;0.993951;0.00915097;-0.00668828;0.99579;0.0194587;0.994792;1;2;1
77.5306;353.06;11.8062;-0.135449;-0.00358442;-0.00601602;-0.000828621;-0.0033289;-0.00627154;0.996508;0.0105247;-0.01057;0.994512;0.017715;0.993937;1;3;1
100.531;353.06;11.7412;0.0338333;-0.00537258;-0.00732651;-0.0015546;-0.00451344;-0.00818564;0.998984;0.00814676;-0.00360165;0.988382;0.0181994;0.992139;1;3;1
123.531;353.06;11.5579;0.0908042;-0.00569787;-0.00522416;-0.00335534;-0.00209733;-0.00882471;0.991733;0.0111781;-0.00840182;0.996297;0.0202708;0.990906;1;2;1
146.531;353.06;11.4776;0.300396;-0.00361614;-0.00564418;0.000468156;-0.00351328;-0.00574704;0.9966;0.00630177;-0.00217274;0.999256;0.0168016;0.995066;1;3;1
169.531;353.06;11.3895;0.481264;-0.00278854;-0.00678736;0.00150576;-0.00228496;-0.00729094;0.999734;0.0047074;-0.00666518;0.993817;0.0178716;0.9941;1;2;1
192.531;353.06;11.348;0.630695;-0.00433544;-0.00951908;-0.00135474;-0.00400273;-0.00985179;0.991262;0.00804624;-0.00448813;0.99294;0.0168573;0.992733;1;2;1
215.531;353.06;11.1887;0.777862;-0.00481807;-0.00839585;-0.00167472;-0.00415649;-0.00905743;0.999724;0.00788672;-0.0113215;0.995437;0.0179926;0.991283;1;3;1
238.531;353.06;11.1248;0.934075;-0.00228765;-0.00710732;-0.0031196;-0.000755502;-0.00863947;0.995771;0.0128681;-0.00163278;0.990627;0.0195711;0.993819;1;2;1
261.531;353.06;11.0824;1.07577;-0.00323203;-0.00731971;-0.00155962;-0.00270494;-0.0078468;0.999677;0.0134029;-0.00349135;0.993982;0.0186525;0.9939;1;3;1
284.531;353.06;10.9751;1.19874;-0.00433131;-0.00462589;-0.00080256;-0.00366264;-0.00529457;0.99363;0.010634;-0.00811229;0.999045;0.01795;0.992084;1;3;1
307.531;353.06;10.8816;1.39924;-0.00348475;-0.00857268;0.000307997;-0.00346618;-0.00859126;0.995997;0.00153279;-0.00239068;0.991874;0.0200905;0.99479;1;3;1
330.531;353.06;10.8132;1.55119;-0.00301777;-0.0096241;-0.00183271;-0.0025434;-0.0100985;1.00523;0.00528966;-0.00776348;0.993652;0.0192248;0.992721;1;3;1
353.531;353.06;10.7416;1.6974;-0.00525971;-0.0081445;-0.00249512;-0.00382007;-0.00958413;0.994237;0.0103238;-0.00454294;0.994124;0.0168069;0.99381;1;2;1
376.531;353.06;10.5702;1.73401;-0.00534155;-0.00140005;-0.00102545;-0.00114923;-0.00559238;0.992501;0.0100011;-0.00245607;0.990643;0.0173557;0.994515;1;3;1
399.531;353.06;10.4944;1.97501;-0.00239386;3.08196e-05;0.0012884;0.00058759;-0.00295063;0.997081;0.00555077;-0.0108826;0.989658;0.0185024;0.993332;1;3;1
422.531;353.06;10.4576;2.20142;-0.00300153;-0.00375621;-0.000901429;-0.00240165;-0.00435609;0.996737;0.0101584;-0.00704189;0.988039;0.0182588;0.994534;1;3;1
445.531;353.06;10.3548;2.31784;-0.0030854;-0.00531054;-0.00168161;-0.00218163;-0.00621431;0.996996;0.00683138;-0.00513896;0.996184;0.0176251;0.992966;1;3;1
468.531;353.06;10.3148;2.44079;-0.00227103;-0.00675468;-0.00147372;-0.00183002;-0.00719569;0.997263;0.0114813;-0.00694078;0.994467;0.0164205;0.99472;1;3;1
491.531;353.06;10.2496;2.56062;-0.00174098;-0.00682514;-0.00192631;-0.00109357;-0.00747255;0.998955;0.0064624;-0.00244221;0.996569;0.0180015;0.992737;1;2;1
514.531;353.06;10.2338;2.71926;-0.00345966;-0.00614831;-0.00248144;-0.0019818;-0.00762617;0.992908;0.00794135;-0.0106719;0.995321;0.0193042;0.994399;1;3;1
537.531;353.06;10.089;2.88147;-0.00351091;-0.00432195;-0.00230829;-0.00157279;-0.00626007;0.998144;0.00454583;-0.00254428;0.996491;0.0202222;0.988241;1;3;1
560.531;353.06;10.0711;3.01325;-0.00153473;-0.00315245;-0.000549117;-0.00136595;-0.00332123;0.999518;0.00644807;-0.01055;0.996545;0.0191612;0.993574;1;3;1
583.531;353.06;10.0173;3.19818;-0.00229554;-0.00588725;0.000124906;-0.0022912;-0.00589159;0.995966;0.00809518;-0.00512264;0.990805;0.0207074;0.990596;1;2;1
606.531;353.06;9.96389;3.38117;-0.00215556;-0.00631558;-0.000923463;-0.00195977;-0.00651136;0.999375;0.00696269;-0.00826258;0.99237;0.0228231;0.985574;1;2;1
629.531;353.06;9.9171;3.49072;-0.0022151;-0.00631818;-0.00169914;-0.00160282;-0.00693045;0.996962;0.00805262;-0.00477242;0.992545;0.0203176;0.990248;1;2;1
652.531;353.06;9.86137;3.59827;-0.00127258;-0.00709498;-0.00131659;-0.000988712;-0.00737886;0.99951;0.0108539;-0.00579214;0.992887;0.0178807;0.993398;1;2;1
675.531;353.06;9.85774;3.75934;-0.00202959;-0.00504093;-0.00149975;-0.0014101;-0.00566042;0.998002;0.00991845;-0.00963191;0.993563;0.0173951;0.994047;1;2;1
698.531;353.06;9.76684;3.91284;-0.00174395;-0.00807629;-0.000485244;-0.00170698;-0.00811326;0.99776;0.00902426;-0.00255032;0.997493;0.0191542;0.991088;1;3;1
721.531;353.06;9.77666;4.02981;-0.00103213;-0.00771029;-0.0010506;-0.000870749;-0.00787167;0.998651;0.00985951;-0.00778113;0.99343;0.0203483;0.989707;1;2;1
744.531;353.06;9.71831;4.21923;-0.00266261;-0.00515444;-0.00193367;-0.00160822;-0.00620883;0.997088;0.0084254;-0.00399387;0.991446;0.021916;0.989412;1;3;1
767.531;353.06;9.65301;4.33235;-0.000901824;-0.00352076;-0.00185678;6.07889e-05;-0.00448338;1.00139;0.0102292;-0.00677598;0.997473;0.0207909;0.992918;1;3;1
790.531;353.06;9.67582;4.52048;-1.26817e-05;-0.00789616;-0.00187941;0.000412442;-0.00832128;1.00052;0.0100722;-0.0074615;0.999884;0.0224036;0.9904;1;3;1
813.531;353.06;9.65133;4.65127;-0.00127284;-0.0017033;-0.00139335;-7.81923e-05;-0.00289794;1.00108;0.0140163;-0.00908194;0.997405;0.0197863;0.989384;1;3;1
836.531;353.06;9.61621;4.82814;-0.00257668;-0.0092218;-0.00109748;-0.00240012;-0.00939836;0.991996;0.0103198;-0.00631015;0.993244;0.0193722;0.988363;1;3;1
859.531;353.06;9.53172;4.9418;-0.00244125;-0.00792981;-0.00180325;-0.00190182;-0.00846925;0.998483;0.00488507;-0.0029453;0.994712;0.0220437;0.990997;1;3;1
882.531;353.06;9.50295;5.10237;-0.000211144;-0.00424538;0.000284607;-0.000191165;-0.00426536;0.999461;0.00681394;-0.015309;0.99768;0.0207349;0.987311;1;3;1
905.531;353.06;9.52073;5.28483;-0.000301767;-0.00802682;-0.000223126;-0.000295328;-0.00803326;0.995479;0.00571616;-0.00967555;0.995264;0.0205053;0.991108;1;2;1
928.531;353.06;9.48775;5.45043;-0.000881167;-0.00633023;-0.000906741;-0.000734244;-0.00647715;1.00137;0.00763938;-0.00697088;0.997314;0.0199275;0.991647;1;3;1
951.531;353.06;9.47885;5.63397;-9.6617e-05;-0.0055246;-0.00089025;4.56644e-05;-0.00566688;1.00008;0.00556309;-0.00252611;0.99288;0.0248153;0.983275;1;4;1
974.531;353.06;9.48263;5.70045;-9.88001e-05;-0.00713959;-0.000852935;3.05268e-06;-0.00724145;0.999751;0.0123038;-0.00499716;0.995674;0.0228793;0.987679;1;3;1
997.531;353.06;9.47352;5.90401;-0.000638779;-0.00606232;-0.000257842;-0.000626549;-0.00607455;1.00189;0.0151195;-0.00971364;0.995368;0.0240286;0.982122;1;3;1
1020.53;353.06;9.45179;6.06479;-0.000346594;-0.00596702;-0.00125915;-7.73985e-05;-0.00623622;1.00343;0.0110739;-0.00520261;1.00126;0.0199313;0.990394;1;3;1
1043.53;353.06;9.45646;6.22343;0.000597972;-0.00522605;0.000493134;0.000639432;-0.00526751;1.0009;0.00609954;-0.00623039;0.995245;0.022442;0.987653;1;2;1
1066.53;353.06;9.4779;6.42271;0.00121383;-0.00252513;-0.000161978;0.00122083;-0.00253213;0.997604;0.00836343;-0.00681058;0.998735;0.0172407;0.993836;1;3;1
1089.53;353.06;9.51075;6.59702;-6.27593e-06;-0.00635835;-0.000358821;1.39292e-05;-0.00637856;1.00091;0.0119085;-0.00511675;0.997849;0.0218967;0.990551;1;3;1
1112.53;353.06;9.47692;6.67462;-0.000610534;-0.00435643;-0.00147307;-0.000100651;-0.00486631;0.996234;0.00568726;-0.00923588;0.988177;0.024507;0.982608;1;3;1
1135.53;353.06;9.48197;6.84779;-0.000952407;-0.00710952;0.000366964;-0.000930613;-0.00713131;0.997079;0.00878775;-0.00854839;0.99353;0.0201931;0.990967;1;3;1
1158.53;353.06;9.43083;7.12975;0.000861637;-0.00344863;-0.00135857;0.00125411;-0.00384111;0.998799;0.00750126;-0.0133121;0.993107;0.020765;0.989105;1;2;1
1181.53;353.06;9.51951;7.28529;0.00271998;-0.0047019;-0.000922045;0.00283281;-0.00481473;1.00653;0.00224143;-0.00694245;0.994491;0.0234936;0.988123;1;3;1
1204.53;353.06;9.55502;7.39501;-0.000718358;-0.00486603;-0.00027611;-0.000700058;-0.00488433;1.00262;0.00364448;-0.00560567;0.991563;0.0261933;0.981699;1;3;1
1227.53;353.06;9.48535;7.60377;-0.00143448;-0.00439577;0.000865077;-0.00120029;-0.00462996;0.994351;0.00717026;-0.0105767;0.994872;0.0243235;0.979398;1;3;1
1250.53;353.06;9.48732;7.7863;0.00178228;-0.000788355;-0.000369944;0.00183446;-0.000840535;1.00615;0.00998332;-0.00407853;0.995894;0.0234092;0.981311;1;3;1
1273.53;353.06;9.56557;7.9982;0.00345069;-0.0023684;0.000801048;0.00355895;-0.00247666;1.00057;0.00556928;-0.0158771;0.993864;0.0293724;0.977545;1;4;1
31.5305;330.06;12.1228;-0.393823;-0.00229708;-0.0028689;0.000464789;-0.0020373;-0.00312868;1.00317;-0.000208139;-0.00467416;0.995144;0.0257826;0.993358;1;2;1
54.5305;330.06;12.0693;-0.223603;-0.00232149;-0.00397169;0.000931335;-0.00190233;-0.00439085;0.992121;-0.00351877;-0.00990454;0.995133;0.0227593;0.994728;1;3;1
77.5306;330.06;12.014;0.0157914;-0.00382945;-0.00651323;0.000133541;-0.00382282;-0.00651986;0.998647;0.0075412;-0.0138389;0.99216;0.0229618;0.991534;1;2;1
100.531;330.06;11.8908;0.205548;-0.00154096;-0.00741687;-0.00110584;-0.00133974;-0.00761809;0.993951;0.00626635;-0.00504663;0.994021;0.0276952;0.989333;1;4;1
123.531;330.06;11.9427;0.214146;-0.00472629;-0.00520832;-0.00590721;0.000944818;-0.0108794;0.995696;0.0164719;0.000672863;0.993737;0.0282308;0.993972;1;3;1
146.531;330.06;11.6723;0.429283;-0.0102425;-0.00555224;0.000185153;-0.00554494;-0.0102498;0.993138;0.00659643;-0.0102469;0.987801;0.0249741;0.990411;1;3;1
169.531;330.06;11.4673;0.618812;-0.00224801;-0.00595677;0.00365186;-6.68507e-06;-0.00819809;0.99405;-0.00629247;-0.00130026;0.995414;0.0282045;0.989726;1;3;1
192.531;330.06;11.5661;0.923338;-0.000337588;-0.0125977;-0.000537799;-0.000314042;-0.0126212;0.996177;0.0133095;-0.00926137;0.977694;0.0249734;0.995765;1;3;1
215.531;330.06;11.4501;1.01046;-0.00155515;-0.0099972;-0.00376638;-0.000119091;-0.0114333;0.996342;0.0138994;-0.0100975;0.98384;0.0317242;0.988345;1;3;1
238.531;330.06;11.4942;1.10055;-0.00400503;-0.00708269;-0.00550063;0.000167963;-0.0112557;1.00259;0.0189093;-0.00279515;0.988359;0.0281887;0.989483;1;3;1
261.531;330.06;11.2649;1.24188;-0.00721122;-0.00716474;-0.00176644;-0.00542138;-0.00895457;0.987542;0.00230771;-0.00399037;0.991545;0.0244428;0.995721;1;3;1
284.531;330.06;11.1608;1.30185;-0.00593442;-0.00444014;-0.000304312;-0.00438055;-0.00599402;0.993443;0.00675883;-0.00579057;0.992224;0.0283046;0.984524;1;3;1
307.531;330.06;10.9898;1.58461;-0.00210482;-0.00801586;0.00317491;-0.000722699;-0.00939799;1.00417;0.00385081;-0.0183142;0.995596;0.0313797;0.982694;1;3;1
330.531;330.06;11.061;1.81407;-0.00144008;-0.0113063;-0.00217543;-0.00098171;-0.0117647;0.994557;0.014016;0.00191644;0.988086;0.0257899;0.993182;1;3;1
353.531;330.06;10.9226;1.88287;-0.00549249;-0.00800038;-0.003904;-0.002646;-0.0108469;0.995059;0.0063699;-0.00171596;0.989804;0.0259494;0.990813;1;3;1
376.531;330.06;10.8077;1.81486;-0.00398955;-0.00345567;-0.00500944;0.00129394;-0.00873916;0.998112;0.0114217;-0.000264594;1.00353;0.029566;0.986136;1;3;1
399.531;330.06;10.7387;1.89505;-0.00369255;0.0035389;-0.00093278;0.00365728;-0.00381094;0.99595;0.0111252;-0.0110662;1.01582;0.0308849;0.981299;1;3;1
422.531;330.06;10.6358;2.21443;-0.00384832;-0.000535281;0.00223916;0.000593501;-0.00497711;0.987774;0.00374525;0.00356585;1.01446;0.0323666;0.992797;1;3;1
445.531;330.06;10.5579;2.45632;-0.00275682;-0.00596373;4.28986e-05;-0.00275625;-0.0059643;0.998817;0.0139477;-0.00998178;0.984714;0.0278179;0.993152;1;4;1
468.531;330.06;10.5069;2.62582;-0.000617682;-0.00797766;-0.000883058;-0.000513214;-0.00808213;1.00095;0.00370595;-0.00354192;0.9874;0.0237262;0.992474;1;2;1
491.531;330.06;10.5284;2.7615;0.000764402;-0.00862225;-0.00339249;0.00186213;-0.00971997;0.9994;0.0114475;-0.0114067;0.99054;0.0232544;0.995012;1;3;1
514.531;330.06;10.5414;2.874;-0.00255434;-0.00661586;-0.00456591;0.000412051;-0.00958225;0.996415;0.0153924;-0.00379693;0.991885;0.0257954;0.991115;1;4;1
537.531;330.06;10.4104;2.95635;-0.00680981;-0.00315265;-0.00529353;0.000619227;-0.0105817;0.992922;0.0168846;-0.00507477;1.00327;0.0333246;0.98654;1;3;1
560.531;330.06;10.2268;3.02575;-0.0060398;-0.000520479;0.000372312;-0.000495478;-0.0060648;0.997634;0.00722863;-0.00778978;1.00484;0.028829;0.993925;1;3;1
583.531;330.06;10.1304;3.30038;-0.00210852;-0.00442145;0.00238702;-0.000612575;-0.00591739;0.993698;0.0047256;-0.00922139;0.992403;0.0264187;0.99177;1;3;1
606.531;330.06;10.1276;3.47306;-0.00151083;-0.00396173;-0.00042006;-0.00144084;-0.00403172;0.997236;0.00982497;-0.0032709;0.996946;0.0271919;0.990562;1;3;1
629.531;330.06;10.0599;3.5897;-0.00269668;-0.00427497;0.000124355;-0.00268694;-0.00428471;0.999578;0.00195666;-0.00876476;0.998109;0.0277766;0.991278;1;3;1
652.531;330.06;10.0024;3.77068;-0.000938159;-0.00744904;8.15943e-06;-0.000938149;-0.00744905;0.997236;4.44367e-05;-0.0084507;0.993855;0.0239947;0.99478;1;3;1
675.531;330.06;10.0159;3.87432;-0.00205265;-0.00496284;-8.67584e-05;-0.00205006;-0.00496543;0.998956;-0.000637088;0.00016504;1.00099;0.0277619;0.99079;1;3;1
698.531;330.06;9.90681;4.07986;-0.00199199;-0.00721716;0.000795604;-0.00187353;-0.00733561;1.00363;0.00448914;-0.0108237;0.983711;0.0313387;0.984985;1;4;1
721.531;330.06;9.92279;4.22947;0.00104728;-0.00862339;-0.000423096;0.00106575;-0.00864187;1.00038;0.00397804;-0.000693813;0.987889;0.0282951;0.989691;1;3;1
744.531;330.06;9.95425;4.33572;-0.000285752;-0.00499961;-0.00327398;0.00139144;-0.00667679;0.995978;0.0175002;-0.00701515;0.996279;0.0279343;0.989738;1;3;1
767.531;330.06;9.90932;4.40087;-0.000508576;-0.00291265;-0.00117813;-2.74924e-05;-0.00339373;0.997596;0.0139952;-0.00983933;0.991041;0.0257181;0.991743;1;3;1
790.531;330.06;9.92906;4.74087;-0.00162053;-0.0094757;-0.00298714;-0.000613653;-0.0104826;1.00329;0.0140275;-0.00977886;0.980163;0.0322498;0.986514;1;4;1
813.531;330.06;9.83412;4.63394;-0.00277306;0.000785457;0.000133411;0.000790452;-0.00277806;0.991335;0.00411033;0.00295358;1.00719;0.0300703;0.989803;1;4;1
836.531;330.06;9.79978;5.11744;-0.00120335;-0.012467;0.00271973;-0.000581024;-0.0130893;0.999778;0.00314957;-0.0216203;0.984434;0.0330143;0.99338;1;4;1
859.531;330.06;9.77449;5.25869;-0.00377395;-0.0136272;-0.00462739;-0.00194156;-0.0154596;0.994419;0.0161944;0.00187348;0.982744;0.0314151;0.99043;1;3;1
882.531;330.06;9.62581;5.17622;-0.00193396;-0.00319133;-0.000751987;-0.00158247;-0.00354281;1.00271;0.00560295;-0.00501535;0.994627;0.0287155;0.989945;1;4;1
905.531;330.06;9.6851;5.43531;0.00230454;-0.00649578;0.00112102;0.00244509;-0.00663634;1.00146;0.00541027;-0.00433386;0.987983;0.0262044;0.990676;1;3;1
928.531;330.06;9.72964;5.61168;-0.000905632;-0.00693097;-0.00200814;-0.000297695;-0.00753891;0.999965;0.0147767;-0.0127221;0.989459;0.0247813;0.991566;1;3;1
951.531;330.06;9.64244;5.73601;-0.00188513;-0.00440119;-1.13911e-05;-0.00188508;-0.00440124;1.00084;0.00446702;-0.0124068;0.998283;0.0338232;0.992602;1;3;1
974.531;330.06;9.64168;5.93863;-6.49857e-05;-0.0102783;-0.0005193;-3.86495e-05;-0.0103046;0.996647;0.0104766;0.00171722;0.980881;0.0300239;0.987358;1;3;1
997.531;330.06;9.63864;6.00914;-0.000976692;-0.00453483;0.000236189;-0.000961082;-0.00455044;1.00071;0.0014389;-0.00840386;0.997173;0.0295563;0.987557;1;3;1
1020.53;330.06;9.59537;6.29189;-0.00138435;-0.00980572;0.000539117;-0.00134998;-0.00984009;1.00239;0.00470753;-0.00266391;0.975884;0.0259232;0.987737;1;4;1
1043.53;330.06;9.57366;6.34886;0.00121136;-0.00542547;-0.00120638;0.00142384;-0.00563795;1.00231;0.00712808;-0.00799683;0.992662;0.0283434;0.99121;1;3;1
1066.53;330.06;9.65089;6.41626;0.000737952;0.000308769;0.000597908;0.00115861;-0.00011189;0.997297;0.00914593;-0.0100544;1.0004;0.0238436;0.994342;1;3;1
1089.53;330.06;9.60584;6.74999;-3.72933e-05;-0.00662034;0.00211633;0.000584361;-0.007242;1.00112;-0.0152293;-0.00448729;0.98691;0.0253618;0.990067;1;3;1
1112.53;330.06;9.64755;6.80372;0.0018683;-0.0055697;0.000123469;0.00187035;-0.00557175;1.00356;0.00891267;-0.00901771;1.00898;0.0335308;0.992797;1;4;1
1135.53;330.06;9.69034;7.10523;0.00439884;-0.0110891;-0.00101063;0.00446451;-0.0111548;0.997364;0.00997006;-0.00243561;0.985295;0.0278982;0.990812;1;3;1
1158.53;330.06;9.84828;7.13298;-0.000984111;2.44228e-05;-0.00630634;0.00584663;-0.00680632;1.00914;0.0205293;-0.010278;1.00558;0.0310598;0.987865;1;3;1
1181.53;330.06;9.64434;7.35913;-0.00381799;-0.00319056;0.000788652;-0.00265552;-0.00435303;0.985987;-0.00209873;-0.00600309;1.00018;0.0327273;0.989729;1;4;1
1204.53;330.06;9.67118;7.45527;0.000544899;-0.0026041;0.000496492;0.000621325;-0.00268052;1.00049;0.0073266;-0.00225208;1.00301;0.0287109;0.988933;1;3;1
1227.53;330.06;9.66856;7.63798;0.00226672;-0.00145457;-0.00142825;0.00275169;-0.00193954;1.00375;0.00976399;-0.00451984;0.993485;0.0369553;0.977293;1;4;1
1250.53;330.06;9.77472;7.69147;0.000716968;0.00420991;-0.0032739;0.00617404;-0.00124716;0.999117;0.012476;-0.0121729;1.00905;0.038043;0.971851;1;4;1
1273.53;330.06;9.70072;7.91088;-0.00316702;0.00382128;0.00185943;0.00428523;-0.00363097;0.983042;0.00699586;-0.00815623;1.01376;0.036656;0.97789;1;4;1
