x [mm];y [mm];x-displacement [mm];y-displacement [mm];Transverse strain Exx - GL [S];Axial strain Eyy - GL [S];Shear strain Exy - GL [S];Maximum normal strain - GL [S];Minimum normal strain - GL [S];Affine transformation a [];Affine transformation b [];Affine transformation c [];Affine transformation d [];Confidence region [pixel];Correlation value [count];Enough pixels valid [];Number of iterations [];Vector status []
31.5305;1641.06;-4.36245;3.76881;0.0109568;0.00206478;-0.00259454;0.0116585;0.00136311;1.00547;0.012497;0.00486081;1.01028;0.0345345;0.967696;1;4;1
54.5305;1641.06;-4.11201;3.67115;0.0075902;-0.0021199;0.00127326;0.00775439;-0.00228409;1.01251;-0.00103045;-0.000151814;1.00527;0.042489;0.967218;1;4;1
77.5306;1641.06;-4.01474;3.66154;0.000747687;-0.000950781;0.00354507;0.00354382;-0.00374692;0.990049;0.00674976;-0.00170445;1.00582;0.0327899;0.977855;1;3;1
100.531;1641.06;-4.0777;3.75166;-0.000516646;0.00194946;0.00242097;0.0034333;-0.00200048;1.00293;0.000640048;-0.0076221;1.00364;0.0318254;0.980078;1;4;1
123.531;1641.06;-4.03851;3.67037;0.00251634;-0.00234424;-0.0023799;0.00348755;-0.00331546;1.00157;-0.00374945;0.00564822;0.986898;0.025817;0.987405;1;5;1
146.531;1641.06;-3.96315;3.44047;0.00343193;-0.00912997;-0.00223494;0.00381771;-0.00951575;1.00412;0.000296285;0.00422416;0.990828;0.031973;0.967804;1;6;1
169.531;1641.06;-3.88148;3.44167;0.00264754;-0.00948751;0.00144328;0.00281683;-0.0096568;1.01121;0.00195249;-0.00427655;0.984921;0.0305669;0.98523;1;7;1
192.531;1641.06;-3.84174;3.58412;0.00450957;-0.00153504;0.000706172;0.00459097;-0.00161644;0.998871;0.0105103;-0.00179206;0.996666;0.030998;0.986386;1;3;1
215.531;1641.06;-3.67481;3.61082;0.00523476;0.000333186;-0.00266216;0.00640246;-0.000834514;1.00559;0.002682;0.00650096;1.00432;0.0290012;0.984409;1;7;1
238.531;1641.06;-3.60247;3.29524;0.00301556;-0.0122094;-0.000696005;0.00304731;-0.0122411;1.00547;-1.51094e-05;0.000819798;0.979811;0.0326164;0.975765;1;4;1
261.531;1641.06;-3.53648;3.48445;0.00518395;-0.00326546;0.00228929;0.00576434;-0.00384586;1.00529;0.00595133;-0.00283891;0.998378;0.0364236;0.97982;1;5;1
284.531;1641.06;-3.36481;3.42568;0.0052694;-0.00478643;0.0018652;0.00560422;-0.00512125;1.00451;-0.0127645;0.00461252;0.992206;0.0379888;0.976206;1;4;1
307.531;1641.06;-3.29476;3.4275;0.00376473;-0.0040326;0.00230956;0.00439748;-0.00466534;1.01015;-0.00824313;-0.00173641;0.991777;0.0391402;0.959923;1;3;1
330.531;1641.06;-3.19196;3.43072;0.00277284;-0.00218306;0.000384509;0.00280249;-0.00221272;0.99442;0.00668364;0.00295793;0.992016;0.0375386;0.987282;1;3;1
353.531;1641.06;-3.16742;3.37327;0.00432521;-0.00387016;-0.00165648;0.00464736;-0.00419231;1.00327;0.00544377;-0.0101623;0.99773;0.0381194;0.972274;1;4;1
376.531;1641.06;-2.99344;3.40159;0.00581542;-0.00254916;0.00231012;0.00641102;-0.00314476;1.00786;-0.00268861;-0.000270079;0.999225;0.0348258;0.976655;1;4;1
399.531;1641.06;-2.90068;3.37987;0.00551438;-0.00228543;0.00190938;0.00595671;-0.00272776;1.00495;-0.00274313;0.00225513;1.00378;0.0295591;0.982147;1;4;1
422.531;1641.06;-2.74047;3.40708;0.00457508;0.00164882;0.00146038;0.00517919;0.00104472;1.00429;-0.0108366;-0.00090896;0.997066;0.030624;0.986887;1;4;1
445.531;1641.06;-2.69081;3.27934;0.00373725;-0.0033863;-0.00121348;0.00393829;-0.00358734;1.00852;-0.000984006;0.00545589;0.988966;0.0342024;0.987742;1;3;1
468.531;1641.06;-2.5695;3.16684;0.00494344;-0.00813949;0.00117042;0.00504732;-0.00824337;1.00412;0.00156087;-0.00260967;0.983185;0.0328538;0.984486;1;3;1
491.531;1641.06;-2.464;3.32715;0.00319295;-0.00041042;0.00211968;0.00417319;-0.00139066;1.00679;-0.00313576;0.00189471;0.993265;0.0285468;0.985603;1;4;1
514.531;1641.06;-2.42293;3.24776;0.00459995;-0.0033598;-0.000819875;0.00468352;-0.00344337;1.00502;0.00365884;0.00189931;0.986177;0.0311327;0.987181;1;4;1
537.531;1641.06;-2.25316;3.16875;0.00695075;-0.00486725;0.000902141;0.00701922;-0.00493572;1.00759;0.000230917;-0.0039924;0.98425;0.0374753;0.9763;1;3;1
560.531;1641.06;-2.10434;3.19111;0.00699275;-0.0054854;0.000686863;0.00703045;-0.00552309;1.0022;-0.00728377;0.0066963;0.978632;0.0337061;0.977457;1;3;1
583.531;1641.06;-1.93278;3.04159;0.0076588;-0.00804831;0.00150352;0.00780143;-0.00819093;1.01256;-0.00243725;0.00490567;0.983894;0.0281359;0.983657;1;3;1
606.531;1641.06;-1.7534;3.14064;0.00485732;-0.00555614;0.00569782;0.00736908;-0.0080679;1.00235;-0.00878546;-0.00869401;0.98582;0.0323505;0.983602;1;4;1
629.531;1641.06;-1.7102;3.21101;0.00326499;-0.00157117;0.00236141;0.00422676;-0.00253294;1.0065;-0.00165929;0.00365806;0.996038;0.0261074;0.986436;1;5;1
652.531;1641.06;-1.60347;3.1791;0.00392266;6.07954e-05;0.000602007;0.00401432;-3.08728e-05;0.994266;-0.00252175;-0.00573691;0.989881;0.0392179;0.985706;1;3;1
675.531;1641.06;-1.53026;3.0914;0.0044912;-0.00437075;0.000444;0.00451339;-0.00439294;1.01097;0.00361306;0.00800095;0.979333;0.0409187;0.979712;1;3;1
698.531;1641.06;-1.39733;3.18221;0.00492363;0.00225864;-0.000723388;0.00510733;0.00207494;0.997635;0.00202635;-0.00585955;1.00277;0.0293799;0.989741;1;4;1
721.531;1641.06;-1.30438;3.0246;0.00754051;-0.00170094;0.000163189;0.00754339;-0.00170382;1.00489;0.00363351;0.0059101;0.995788;0.0283447;0.987775;1;4;1
744.531;1641.06;-1.05177;3.18974;0.00771835;0.00484527;0.00314134;0.00973603;0.00282759;1.00416;-0.00355363;-0.00679909;1.01584;0.0292175;0.985712;1;4;1
767.531;1641.06;-0.951176;3.23579;0.0051776;0.00857127;0.00286408;0.0102034;0.00354544;1.00823;-0.00822001;0.00158763;1.01282;0.0270771;0.984879;1;3;1
790.531;1641.06;-0.814215;3.20291;0.00863453;0.00714533;8.63477e-05;0.00863952;0.00714034;1.00908;-0.00731566;0.007253;1.0039;0.0391537;0.980278;1;4;1
813.531;1641.06;-0.555812;3.12832;0.00485736;0.00413432;0.00244783;0.00697022;0.00202146;1.00528;-0.0138657;0.000567063;1.00742;0.0327127;0.97493;1;4;1
836.531;1641.06;-0.59142;3.10506;0.00376827;0.00251622;-0.00474646;0.00792981;-0.00164532;1.0041;0.00491961;0.00396235;1.00944;0.032717;0.970891;1;6;1
859.531;1641.06;-0.383544;2.86569;0.00555422;-0.00564298;0.000718522;0.00560014;-0.0056889;1.00684;-0.010678;0.00518467;0.984854;0.0355576;0.984626;1;4;1
882.531;1641.06;-0.336655;3.05867;0.00709439;0.00671606;0.00104189;0.00796414;0.0058463;1.00533;0.00804455;-0.00687943;1.00762;0.0337966;0.977352;1;5;1
905.531;1641.06;-0.0586563;3.03371;0.0100591;0.0055443;0.000954258;0.0102525;0.0053509;1.01143;-0.00504441;-0.0005945;1.00182;0.03021;0.98319;1;4;1
928.531;1641.06;0.12367;2.96663;0.00696516;0.000538493;0.000283255;0.00697762;0.000526032;1.00637;-0.00761427;0.00356152;1.00267;0.0345274;0.974605;1;3;1
951.531;1641.06;0.260168;2.82621;0.00185525;-0.00308116;-0.00138559;0.00221758;-0.00344349;0.999322;-0.00747349;0.00355028;0.993592;0.0362744;0.966628;1;5;1
974.531;1641.06;0.208513;2.76998;0.00572648;-0.00621819;-0.000539153;0.00575076;-0.00624247;1.00651;0.0157378;-0.0046532;0.976756;0.038315;0.974727;1;4;1
997.531;1641.06;0.522752;2.91441;0.00647552;0.00239237;0.00232439;0.00752762;0.00134027;1.00418;-0.00581398;0.00557695;1.01357;0.0312005;0.981444;1;4;1
1020.53;1641.06;0.505374;2.84163;0.00429392;0.00133246;-0.00227252;0.00552555;0.000100824;1.00664;0.00783079;-0.00616944;0.996994;0.0369334;0.973682;1;4;1
1043.53;1641.06;0.719833;2.8745;0.0118105;0.0024326;-0.00138385;0.0120104;0.00223265;1.01452;0.00251358;0.0140329;0.997974;0.0366459;0.978577;1;5;1
1066.53;1641.06;1.04534;2.727;0.00903611;-0.00225195;0.00179226;0.00931384;-0.00252969;1.00991;-0.0103909;-0.00479115;0.995224;0.0335118;0.977699;1;5;1
1089.53;1641.06;1.13287;2.60818;-7.61022e-05;-0.00500884;0.00251105;0.000977241;-0.00606218;1.00317;-0.0119766;0.00100772;0.989884;0.0318874;0.979134;1;4;1
1112.53;1641.06;1.0418;2.79247;0.00199553;0.00354289;-0.00281784;0.00569134;-0.000152916;1.01042;0.019853;-0.00225011;1.00924;0.0385334;0.980171;1;4;1
1135.53;1641.06;1.22441;2.72986;0.0119379;0.00247173;-0.00269129;0.0126495;0.00176009;1.00406;0.0137533;0.00060735;0.999153;0.037476;0.973813;1;4;1
1158.53;1641.06;1.58742;2.63218;0.0110795;-0.00129185;0.00134043;0.0112231;-0.00143542;1.01349;-0.0102299;-0.00106832;0.989034;0.0337339;0.97544;1;5;1
1181.53;1641.06;1.73115;2.62127;0.00580702;-0.00130751;0.00118567;0.00599941;-0.0014999;1.00368;0.00240415;0.00424562;0.997799;0.0334548;0.97046;1;3;1
1204.53;1641.06;1.85376;2.6694;0.00840752;-0.000417108;-8.43328e-05;0.00840832;-0.000417914;1.01022;0.00209853;-0.00380063;1.00486;0.0335615;0.972354;1;3;1
1227.53;1641.06;2.11628;2.60838;0.00693064;-0.000486944;0.00168833;0.00729684;-0.000853149;1.00328;-0.0100164;0.00222442;0.998162;0.0358238;0.963138;1;3;1
1250.53;1641.06;2.17142;2.59589;0.00822453;0.00331649;-0.000399268;0.00825679;0.00328422;1.0125;0.000212304;0.0040609;1.00754;0.0311501;0.97607;1;3;1
1273.53;1641.06;2.49291;2.48892;0.0140867;-0.00231875;0.00130909;0.0141905;-0.00242256;1.00668;-0.0113295;0.00282478;1.00058;0.0361521;0.974171;1;6;1
31.5305;1618.06;-4.3412;3.72138;0.00514076;-0.000872245;0.000175229;0.00514587;-0.000877347;1.00211;-0.00599585;-0.000141363;0.99776;0.0279946;0.9748;1;3;1
54.5305;1618.06;-4.22326;3.72022;0.00443831;-0.00366182;0.0012119;0.00461574;-0.00383926;1.00983;-0.00362863;0.00215189;0.991943;0.0275679;0.977495;1;3;1
77.5306;1618.06;-4.1375;3.68375;0.000838703;-0.00164095;0.00204384;0.00198937;-0.00279161;0.995341;-0.00518885;-0.00140859;0.993977;0.0267457;0.98221;1;3;1
100.531;1618.06;-4.1847;3.70712;0.00116077;0.00149933;0.000816445;0.00216386;0.000496241;1.00481;-0.00224715;-0.00133856;0.996301;0.0252933;0.977487;1;3;1
123.531;1618.06;-4.08415;3.7244;0.00460028;0.000157538;-0.000172521;0.00460697;0.000150849;1.0015;0.000792025;0.00216597;1.00698;0.0241084;0.985432;1;3;1
146.531;1618.06;-3.9736;3.65143;0.00452011;-0.00466533;-0.000109591;0.00452142;-0.00466664;1.00723;0.00258846;0.000995695;0.99565;0.0283113;0.98003;1;3;1
169.531;1618.06;-3.87674;3.66093;0.00399928;-0.00469934;0.000340419;0.00401258;-0.00471264;1.00088;-0.000972289;0.00142291;0.999149;0.0250069;0.983415;1;3;1
192.531;1618.06;-3.79001;3.61951;0.00392171;-0.000727648;3.06089e-05;0.00392191;-0.00072785;1.00207;-0.00414532;0.00173919;0.996593;0.0248511;0.985183;1;3;1
215.531;1618.06;-3.69673;3.60317;0.00342447;0.00123436;0.000479952;0.00352503;0.0011338;1.00404;-0.00542164;0.00134018;0.997482;0.0276768;0.971456;1;4;1
238.531;1618.06;-3.63278;3.57781;0.00261598;-0.00775356;0.000937686;0.00270009;-0.00783767;1.0077;-0.00455764;-0.00416393;0.997966;0.0291601;0.967276;1;3;1
261.531;1618.06;-3.57657;3.55971;0.00336306;-0.00166734;2.04736e-05;0.00336315;-0.00166742;0.997245;-0.00444051;-0.000559348;0.997371;0.0223216;0.987693;1;3;1
284.531;1618.06;-3.47835;3.53632;0.00388772;-0.00229027;0.00128209;0.00414322;-0.00254577;1.00592;0.00253335;0.0038821;1.00107;0.0216418;0.98898;1;3;1
307.531;1618.06;-3.3981;3.52067;0.00527057;-0.00273027;0.0010978;0.00541847;-0.00287816;1.00455;-0.0047467;0.000680282;0.997005;0.0214713;0.989415;1;4;1
330.531;1618.06;-3.23658;3.48103;0.0063711;-0.000670031;0.000963011;0.00650043;-0.000799366;1.00884;-0.0101767;0.00116466;1.00281;0.0256754;0.989353;1;4;1
353.531;1618.06;-3.10599;3.46254;0.00306479;-0.00230485;1.49242e-05;0.00306483;-0.00230489;1.0028;-0.00567413;0.000788279;0.999825;0.0241468;0.983361;1;3;1
376.531;1618.06;-3.09582;3.46052;0.00262723;-0.00136707;0.000950963;0.00284208;-0.00158192;1.00049;-0.00321302;-0.00110224;0.993447;0.0236325;0.981035;1;3;1
399.531;1618.06;-2.98531;3.43265;0.005197;-0.00157108;-0.000157955;0.00520069;-0.00157476;1.00087;-0.00498428;0.00337222;0.991854;0.0245628;0.985303;1;3;1
422.531;1618.06;-2.85746;3.36948;0.00503215;-0.0002021;0.000717649;0.00512876;-0.000298711;1.00728;0.00148298;-0.000875045;1.00017;0.022468;0.984188;1;3;1
445.531;1618.06;-2.75447;3.35745;0.00562395;-0.00294857;0.000503936;0.00565347;-0.00297809;1.00431;-0.00169466;0.00264615;0.9992;0.0217093;0.986189;1;2;1
468.531;1618.06;-2.59948;3.35483;0.0050911;-0.00484126;0.000809589;0.00515666;-0.00490682;1.00768;-0.00266897;0.00195661;0.996548;0.0215087;0.986838;1;3;1
491.531;1618.06;-2.52088;3.33666;0.00295064;-0.000163588;0.000845734;0.00316549;-0.000378441;1.00199;-0.00462365;0.00199237;1.00456;0.0237778;0.981488;1;3;1
514.531;1618.06;-2.46396;3.32521;0.00432551;-0.00154457;-0.000194013;0.00433191;-0.00155098;1.01061;-0.00545567;-0.0016565;1.0059;0.0220497;0.98386;1;3;1
537.531;1618.06;-2.32237;3.28107;0.0057875;-0.00224474;0.000867923;0.00588022;-0.00233746;1.00656;-0.00935447;-0.000297616;0.992774;0.0233194;0.987467;1;3;1
560.531;1618.06;-2.19851;3.31782;0.00645838;-0.00351898;0.000903866;0.0065396;-0.00360021;1.00216;-0.00158823;0.00157461;0.997962;0.0216075;0.990404;1;4;1
583.531;1618.06;-2.02627;3.22764;0.00584593;-0.00536459;0.00144256;0.00602859;-0.00554724;1.00719;-0.00390296;0.00102643;0.997285;0.0207261;0.989156;1;3;1
606.531;1618.06;-1.9304;3.26947;0.00494561;-0.00311894;0.00243053;0.00562149;-0.00379483;1.00539;-0.000950579;-0.000877785;0.996782;0.0214047;0.990384;1;3;1
629.531;1618.06;-1.79933;3.24735;0.00522794;-0.000177109;0.00049003;0.00527201;-0.000221177;1.00189;-0.00373615;0.00317841;0.999041;0.020052;0.991896;1;3;1
652.531;1618.06;-1.69063;3.17787;0.00545636;0.000470574;0.000431686;0.00549346;0.000433474;1.00916;-0.00572065;0.00246508;1.00012;0.0217295;0.989475;1;3;1
675.531;1618.06;-1.54905;3.19215;0.00639256;3.48424e-05;0.000359111;0.00641278;1.46225e-05;1.00424;-0.00259818;0.000768457;1.00614;0.0208313;0.990908;1;3;1
698.531;1618.06;-1.39753;3.13032;0.00525567;0.00207029;-0.000608108;0.00536781;0.00195815;1.00499;0.0026402;0.00289735;1.00701;0.0238848;0.987242;1;3;1
721.531;1618.06;-1.3081;3.06375;0.00671127;-0.00210815;-0.000891083;0.0068004;-0.00219728;1.00762;0.000197285;0.00363381;0.99961;0.0255486;0.986071;1;3;1
744.531;1618.06;-1.08987;3.0786;0.00506642;0.00095484;0.000759537;0.00520225;0.000819016;1.00427;-0.00035725;-0.00546233;0.995359;0.0217435;0.987512;1;3;1
767.531;1618.06;-1.07564;3.03983;0.00475204;0.00401393;0.000503578;0.00500732;0.00375865;1.00814;-0.003056;0.00444368;0.998271;0.0248522;0.986461;1;4;1
790.531;1618.06;-0.87181;3.03922;0.00783228;0.00433695;0.000714966;0.00797287;0.00419636;1.00821;0.00519199;-0.00229066;1.00443;0.0277921;0.985743;1;4;1
813.531;1618.06;-0.716756;3.03399;0.00800477;0.00160292;0.00268686;0.00898297;0.000624712;1.00671;-0.00116487;-0.00142889;1.00007;0.0229115;0.986315;1;3;1
836.531;1618.06;-0.505054;3.04742;0.00604905;0.0010744;-0.00085932;0.0061933;0.00093014;1.00814;-0.00308679;0.00321456;0.996186;0.0271395;0.982927;1;3;1
859.531;1618.06;-0.439352;2.99591;0.00446666;-0.00194721;-0.000277505;0.00447864;-0.0019592;0.999352;-0.000304275;-0.000260248;1.00523;0.0287106;0.974318;1;4;1
882.531;1618.06;-0.300265;2.90474;0.00635715;0.0036283;-0.000814984;0.00658201;0.00340343;1.00945;0.00200815;0.00117667;1.00549;0.0258699;0.974743;1;3;1
905.531;1618.06;-0.147933;2.90671;0.00671663;0.00221368;0.00236727;0.00773212;0.00119818;1.00699;-0.00160196;-0.00455506;1.00501;0.0240726;0.986096;1;3;1
928.531;1618.06;0.00764286;2.95454;0.0081609;0.000360459;0.00155021;0.00845768;6.36704e-05;1.00813;-0.000648291;0.00219806;0.999068;0.026729;0.978721;1;3;1
951.531;1618.06;0.225948;2.89722;0.0058676;-0.000565998;0.00141566;0.00616533;-0.000863723;1.00562;-0.00232226;0.00123955;1.00138;0.0233487;0.989876;1;4;1
974.531;1618.06;0.276747;2.91355;0.0049308;-0.00208236;-0.0008385;0.00502966;-0.00218122;1.01223;0.00146668;0.00387258;1.00495;0.0277129;0.980317;1;3;1
997.531;1618.06;0.452193;2.85956;0.00682605;0.00175236;5.5372e-08;0.00682605;0.00175236;1.00817;0.000240834;0.00120154;0.99423;0.0263029;0.982755;1;3;1
1020.53;1618.06;0.589568;2.81115;0.00596964;0.00111297;-0.000294188;0.0059874;0.00109522;1.00707;-0.00394239;0.00266067;1.00503;0.0256052;0.976789;1;3;1
1043.53;1618.06;0.725964;2.81862;0.00528355;0.00188361;-0.000411451;0.00533263;0.00183452;1.00339;-0.00289514;0.00174724;1.00272;0.0240043;0.983516;1;3;1
1066.53;1618.06;0.831962;2.77984;0.00706955;-0.000186668;0.00104145;0.00721607;-0.000333185;1.00953;-0.00505629;4.38329e-05;1.00043;0.0215298;0.985144;1;3;1
1089.53;1618.06;1.04992;2.72382;0.00873745;-0.0033355;0.000522677;0.00876004;-0.00335808;1.00801;0.000824594;0.00442214;0.997924;0.0200449;0.991004;1;3;1
1112.53;1618.06;1.23209;2.71191;0.00473859;0.0021535;-0.00147924;0.00541043;0.00148166;1.00347;-0.00467298;0.000798995;1.00124;0.0222484;0.98829;1;3;1
1135.53;1618.06;1.26736;2.67312;0.00524703;0.00226919;-0.00134957;0.00576764;0.00174857;1.00603;-0.00772375;0.00290991;1.00675;0.0240844;0.985;1;3;1
1158.53;1618.06;1.4728;2.6622;0.0093487;0.000801032;0.000792505;0.00942156;0.000728175;1.01481;-0.00114575;-0.0041472;1.00353;0.0205453;0.989178;1;3;1
1181.53;1618.06;1.6954;2.65139;0.00826042;-0.000694706;0.00149672;0.00850395;-0.00093824;1.00337;-0.00668326;0.000216612;0.998591;0.0224216;0.983733;1;3;1
1204.53;1618.06;1.85122;2.67899;0.00670229;0.00113172;3.06858e-05;0.00670246;0.00113155;1.00712;-0.001923;-0.000386591;0.99444;0.0222713;0.988602;1;3;1
1227.53;1618.06;2.00267;2.61986;0.006089;-0.000466416;-0.000533641;0.00613215;-0.000509572;1.00818;0.00156384;0.00328844;0.999873;0.0229663;0.984589;1;3;1
1250.53;1618.06;2.13019;2.51978;0.0071049;0.000130361;-0.000833064;0.00720302;3.22375e-05;1.00926;-0.00301329;0.00184553;0.996578;0.0234719;0.983713;1;3;1
1273.53;1618.06;2.32828;2.54291;0.00864999;0.000201545;0.00390363;0.0101775;-0.00132596;1.01031;-0.0101768;4.58929e-05;0.993744;0.030912;0.979522;1;4;1
31.5305;1595.06;-4.38078;3.80895;0.00525103;-0.000627593;0.00204974;0.00589515;-0.00127171;1.00521;-0.00485064;-0.000933309;0.996245;0.0271733;0.981918;1;2;1
54.5305;1595.06;-4.26034;3.84014;0.00359657;-0.00140677;0.000148922;0.003601;-0.0014112;1.00257;-0.000729659;9.49405e-05;0.994668;0.0285434;0.961559;1;3;1
77.5306;1595.06;-4.21569;3.73753;0.00323447;-0.00165096;-0.000260966;0.00324837;-0.00166486;1.0009;-0.00656473;-0.00245473;0.99733;0.0290559;0.967355;1;4;1
100.531;1595.06;-4.11206;3.68276;0.00299564;-0.000429784;-0.00131724;0.0034436;-0.000877743;1.00643;0.000819784;0.00367508;1.00306;0.0234598;0.988033;1;4;1
123.531;1595.06;-4.07816;3.66314;0.00209081;-0.000214808;0.000119081;0.00209694;-0.000220942;1.00095;-0.00514039;0.00384998;0.999975;0.0249682;0.984551;1;3;1
146.531;1595.06;-4.016;3.65561;0.00291391;-0.00140994;0.00163875;0.00346481;-0.00196083;1.00234;-0.00956184;-0.000138626;0.999082;0.0257925;0.981757;1;3;1
169.531;1595.06;-3.94431;3.65839;0.00248071;-4.69136e-05;0.00158767;0.00324617;-0.000812369;1.00436;-0.00578469;-0.00106592;0.997095;0.0249804;0.985409;1;3;1
192.531;1595.06;-3.90204;3.61765;0.00400793;0.000684795;0.000446859;0.00406697;0.000625755;1.00416;-0.00432374;0.00456852;1.00441;0.0251958;0.988742;1;3;1
215.531;1595.06;-3.76043;3.55416;0.00371408;0.000348422;0.00225623;0.00484595;-0.000783444;1.0013;-0.00376842;-0.00113949;1.00341;0.0259312;0.979425;1;4;1
238.531;1595.06;-3.73152;3.65348;0.00393788;-0.000943409;0.000521145;0.0039929;-0.000998428;1.00542;0.0035903;0.00239314;1.00196;0.0297024;0.981583;1;4;1
261.531;1595.06;-3.57964;3.56123;0.00458808;0.000949213;-0.00107531;0.00488208;0.000655207;1.00181;-0.000174986;0.00161529;1.00199;0.0247925;0.982092;1;2;1
284.531;1595.06;-3.52111;3.53142;0.00282073;-0.000607726;0.000795558;0.00299634;-0.000783337;1.00007;-0.00192063;-0.00662509;1.00011;0.0205684;0.988843;1;3;1
307.531;1595.06;-3.45007;3.55352;0.00399597;-0.000104429;-0.000281037;0.00401514;-0.000123601;0.998012;0.00615906;0.00067266;1.00131;0.0226054;0.987692;1;3;1
330.531;1595.06;-3.33772;3.46179;0.00568889;-0.000144254;0.000106025;0.00569082;-0.00014618;1.0077;-0.00350743;0.00522231;1.00032;0.018921;0.989719;1;3;1
353.531;1595.06;-3.18918;3.47942;0.00495255;0.000187561;0.00129316;0.00528088;-0.000140766;1.00645;-0.00400637;0.00435237;1.00324;0.0224236;0.990538;1;3;1
376.531;1595.06;-3.11046;3.46467;0.00463109;0.00100202;5.88031e-05;0.00463205;0.00100107;1.00308;0.00114383;-0.00157807;1.0039;0.0236582;0.986746;1;3;1
399.531;1595.06;-2.97665;3.45226;0.00500177;-0.000271014;0.000665245;0.00508441;-0.00035365;1.001;-0.00153971;0.00255457;1.00211;0.0256282;0.98365;1;4;1
422.531;1595.06;-2.88098;3.41659;0.00490815;-0.00112915;0.000897426;0.00503872;-0.00125973;1.00289;-0.00386132;-0.00110403;0.997959;0.0223433;0.983794;1;3;1
445.531;1595.06;-2.75144;3.41522;0.00472409;-0.00136614;0.00118495;0.00494652;-0.00158856;1.00677;0.00106365;0.00214901;0.99775;0.0223622;0.988151;1;3;1
468.531;1595.06;-2.66419;3.39017;0.00392943;-0.000926616;0.000987384;0.00412251;-0.0011197;1.0051;-0.0018243;-0.000239842;0.996938;0.0206828;0.98858;1;3;1
491.531;1595.06;-2.57111;3.3348;0.00444063;-9.83083e-06;0.000581084;0.00451525;-8.44504e-05;1.00058;-0.00047856;0.00441961;1.00042;0.0236294;0.985285;1;4;1
514.531;1595.06;-2.46043;3.31888;0.00504037;0.00146239;-0.000490846;0.00510649;0.00139628;1.00599;0.00467193;-0.00416763;0.996203;0.0278922;0.975158;1;4;1
537.531;1595.06;-2.33988;3.2722;0.00480659;5.52514e-05;0.000475555;0.00485372;8.12115e-06;1.00645;0.0105083;-0.000845283;1.00531;0.0320814;0.983862;1;4;1
560.531;1595.06;-2.23986;3.35347;0.00495452;0.000257344;0.000825961;0.00509553;0.000116339;1.00365;0.00190575;0.00380843;1.00365;0.0236271;0.98531;1;3;1
583.531;1595.06;-2.11254;3.28938;0.0061834;-0.000918026;7.42352e-05;0.00618418;-0.000918801;1.00303;-0.0015606;4.46902e-05;0.999192;0.0206942;0.988911;1;3;1
606.531;1595.06;-1.95635;3.28478;0.00580877;0.000279467;0.000286101;0.00582353;0.000264703;1.0078;-0.00476782;-4.54303e-05;1.00383;0.0216481;0.98975;1;3;1
629.531;1595.06;-1.84616;3.21936;0.00563827;0.000512394;-0.00103668;0.00583999;0.000310671;1.00983;-0.00139582;-0.00207037;0.996122;0.0229769;0.986365;1;3;1
652.531;1595.06;-1.69789;3.15755;0.0051437;-0.00144752;-0.000615251;0.00520063;-0.00150445;1.00471;0.00219388;0.00663544;0.99767;0.0254934;0.981999;1;3;1
675.531;1595.06;-1.61034;3.08986;0.00497483;0.00117907;0.000144559;0.00498033;0.00117357;1.0088;0.0022962;0.00423738;1.00015;0.0248702;0.988777;1;3;1
698.531;1595.06;-1.46967;3.08714;0.00733381;-0.000337045;0.00170631;0.00769624;-0.000699473;1.00543;-0.00391452;-0.000430793;0.997639;0.0205617;0.991888;1;3;1
721.531;1595.06;-1.27422;3.12169;0.00708106;-0.000168328;0.00128604;0.00730244;-0.000389711;1.00717;-0.00580589;-0.000919505;0.997036;0.0225222;0.986724;1;3;1
744.531;1595.06;-1.14513;3.14593;0.00517935;0.00118944;0.000430326;0.00522523;0.00114356;1.00578;-0.00548257;-0.000600938;0.999156;0.0234811;0.987139;1;3;1
767.531;1595.06;-1.03664;3.0516;0.00566912;0.000165183;-0.0017756;0.00619222;-0.000357919;0.997644;0.00565644;0.00350706;1.00039;0.0271773;0.977153;1;4;1
790.531;1595.06;-0.885299;3.00389;0.00531275;-0.00036081;0.00186776;0.00587242;-0.000920479;1.00763;-0.00940407;0.00203812;0.997643;0.0228349;0.980874;1;4;1
813.531;1595.06;-0.792896;3.05526;0.00730038;0.000547726;0.00158674;0.00765465;0.000193458;1.00893;-0.00101782;-0.0038103;1.00031;0.0233641;0.985851;1;4;1
836.531;1595.06;-0.550728;3.05568;0.00639219;0.00197331;0.000364003;0.00642198;0.00194352;1.00284;-0.00304018;0.00226335;1.00799;0.0235588;0.982262;1;3;1
859.531;1595.06;-0.499896;2.95549;0.00435537;0.00128914;-0.00106866;0.00469108;0.000953441;1.00954;-0.00453907;0.00372407;0.99666;0.0239177;0.978537;1;3;1
882.531;1595.06;-0.351105;2.89207;0.00598475;0.000341394;0.000243466;0.00599524;0.00033091;1.00408;-0.00449703;-0.00120438;0.998424;0.0227602;0.979435;1;3;1
905.531;1595.06;-0.225422;2.93229;0.00706647;0.0009878;0.00204765;0.00769189;0.00036238;1.00466;-0.00916169;-0.00235749;1.00391;0.0226908;0.9808;1;3;1
928.531;1595.06;-0.0272241;2.9503;0.00688106;0.00221361;0.000746592;0.00699758;0.0020971;1.00841;-0.00412859;0.00827598;1.00597;0.0228054;0.98407;1;3;1
951.531;1595.06;0.0899565;2.85257;0.00600015;0.00204206;0.00117141;0.00632085;0.00172136;1.00322;-0.0062809;-7.89524e-05;1.00166;0.0228597;0.982596;1;3;1
974.531;1595.06;0.247883;2.86589;0.00721962;0.0013686;0.000383985;0.00724472;0.0013435;1.01104;-0.00548677;-0.00293436;1.00312;0.0250965;0.98502;1;3;1
997.531;1595.06;0.420865;2.83398;0.00531219;0.000388782;-0.000247467;0.00532459;0.000376374;1.00169;-0.00442088;0.00206204;1.00436;0.0248857;0.973274;1;4;1
1020.53;1595.06;0.491536;2.79046;0.00666202;0.000587957;0.000864052;0.00678254;0.000467435;1.00885;-0.00194399;0.00269859;0.996792;0.020799;0.985226;1;3;1
1043.53;1595.06;0.726281;2.78794;0.0079571;0.000902339;-0.000127775;0.00795941;0.000900026;1.00669;0.00305334;0.000749758;1.00191;0.0248249;0.980009;1;3;1
1066.53;1595.06;0.856086;2.73597;0.00636364;0.00144993;9.78471e-05;0.00636558;0.00144798;1.00659;-0.00020038;0.00400221;1.00302;0.0226359;0.98619;1;2;1
1089.53;1595.06;1.01808;2.76201;0.00590015;0.000353775;0.000225606;0.00590931;0.000344614;1.00528;0.00066409;-0.00280023;1.00251;0.0192414;0.989704;1;3;1
1112.53;1595.06;1.12668;2.69359;0.00611605;-0.000401427;-0.000145381;0.00611929;-0.000404669;1.00709;0.00363243;0.00565389;0.997205;0.0194548;0.987706;1;3;1
1135.53;1595.06;1.29836;2.62566;0.00801142;-0.000436802;-0.00143949;0.00824996;-0.000675342;1.01079;0.00727795;-0.0016943;0.996052;0.0221274;0.987963;1;3;1
1158.53;1595.06;1.49363;2.59544;0.00682472;0.000475589;0.000441382;0.00685526;0.000445052;1.00325;0.00085587;-0.000583465;1.00431;0.0236751;0.982685;1;3;1
1181.53;1595.06;1.61122;2.65339;0.00711156;0.000915054;0.00204776;0.00772714;0.000299481;1.00363;0.000714774;-0.00370519;1.00327;0.0199019;0.990464;1;3;1
1204.53;1595.06;1.81961;2.61738;0.00863878;0.00293349;0.000791304;0.0087465;0.00282577;1.00974;-0.000553115;0.00419751;1.00923;0.0226914;0.986715;1;3;1
1227.53;1595.06;2.0069;2.62997;0.00767041;0.00193287;0.00117127;0.0079003;0.00170298;1.00773;-0.00498982;-0.00279041;1.00371;0.0197737;0.991626;1;3;1
1250.53;1595.06;2.17109;2.5899;0.00383478;0.00115873;-0.00111633;0.00423931;0.000754197;1.00875;0.000439784;0.00299301;1.01211;0.0227736;0.987447;1;3;1
1273.53;1595.06;2.18272;2.4807;0.000516939;0.00221416;-0.00117063;0.0028114;-8.03099e-05;1.00118;0.012411;0.00701778;1.00996;0.0233126;0.991432;1;3;1
31.5305;1572.06;-4.46678;3.75043;0.00692924;-0.000905348;0.00239405;0.00760288;-0.00157899;1.00101;-0.00710968;0.0026786;0.998369;0.0250948;0.98538;1;4;1
54.5305;1572.06;-4.30798;3.78506;0.00428304;0.000559922;0.00096528;0.00451842;0.000324538;0.99874;0.00302489;-0.00210033;1.00111;0.0299321;0.967857;1;3;1
77.5306;1572.06;-4.27018;3.75995;0.00370281;0.000330036;-0.000447746;0.00376124;0.000271609;1.00552;0.00268154;0.00305774;1.00301;0.0230446;0.986036;1;4;1
100.531;1572.06;-4.13801;3.72692;0.00322293;-0.00105063;0.00104303;0.0034639;-0.00129161;1.00029;-0.00624855;0.000824146;1.00216;0.0232;0.99044;1;3;1
123.531;1572.06;-4.12217;3.73429;0.000203251;-0.00136211;0.00118886;0.000843942;-0.0020028;0.998557;-0.00268564;0.000676122;0.99855;0.0214614;0.987058;1;3;1
146.531;1572.06;-4.12866;3.71659;0.00134697;-0.000558566;0.00082431;0.00165406;-0.000865661;0.997222;-0.00653622;0.000505166;0.997096;0.0232812;0.985206;1;3;1
169.531;1572.06;-4.06031;3.66345;0.00422587;-0.000888448;0.000249691;0.00423803;-0.00090061;1.01026;-0.00784861;0.0040398;0.997842;0.0265576;0.98288;1;3;1
192.531;1572.06;-3.93486;3.58825;0.00419461;-0.0010811;-0.000370818;0.00422055;-0.00110704;1.00191;-0.00454923;0.00324055;0.996382;0.0239255;0.984458;1;4;1
215.531;1572.06;-3.86782;3.58746;0.0056982;-0.00110644;0.00119583;0.00590223;-0.00131047;1.00359;0.00288456;-0.00227449;0.996001;0.0216905;0.986648;1;3;1
238.531;1572.06;-3.67349;3.62125;0.00584672;0.00131442;-0.00117434;0.00613292;0.00102821;1.00608;-0.00433156;0.00138674;0.999801;0.0223636;0.986309;1;3;1
261.531;1572.06;-3.59971;3.51608;0.00249237;0.000174515;0.00032076;0.00253594;0.000130945;1.00507;-0.00260045;0.00248865;1.00008;0.0228383;0.98672;1;3;1
284.531;1572.06;-3.55902;3.56435;0.00344094;-0.000583767;0.00101487;0.00368237;-0.000825192;0.999639;-0.00762626;-0.00446801;0.995553;0.0258511;0.977751;1;3;1
307.531;1572.06;-3.4417;3.52549;0.00521213;-0.000244556;0.000777492;0.00532075;-0.000353174;1.00329;-0.00408445;-0.000382997;0.996222;0.0207125;0.990738;1;3;1
330.531;1572.06;-3.31995;3.48774;0.00479933;-0.000658116;-7.17848e-05;0.00480028;-0.00065906;1.00361;0.00311776;0.000787724;1.00131;0.0204582;0.991427;1;3;1
353.531;1572.06;-3.22151;3.45406;0.00417706;-9.29101e-05;0.000625928;0.00426692;-0.000182773;1.00774;0.00278461;0.00453915;0.996793;0.0223252;0.988636;1;3;1
376.531;1572.06;-3.12826;3.41447;0.00277515;5.72016e-05;0.00179865;0.00367049;-0.000838139;0.995281;-0.00782713;-0.00428711;1.00004;0.018695;0.990304;1;3;1
399.531;1572.06;-3.09403;3.44525;0.00330586;0.00193916;0.00131294;0.00410264;0.00114238;1.00725;-0.00460759;-0.000964711;1.00243;0.0212316;0.989658;1;3;1
422.531;1572.06;-2.97644;3.42161;0.00446229;0.000540683;0.000956627;0.00468321;0.00031977;1.00127;-0.00184417;0.00169346;1.00605;0.0223688;0.986288;1;3;1
445.531;1572.06;-2.88923;3.42053;0.00449817;-0.000480724;0.00153041;0.00493096;-0.000913522;1.00411;-0.00557361;-0.00110415;0.999264;0.0235485;0.985865;1;3;1
468.531;1572.06;-2.77;3.39779;0.00532342;-0.0010581;0.000469331;0.00535776;-0.00109243;1.00197;-0.00621192;0.00848504;1.00145;0.0229345;0.985923;1;3;1
491.531;1572.06;-2.64508;3.33728;0.00629794;0.000272491;-0.000525759;0.00634347;0.000226959;1.00641;-0.00601706;-0.00217605;0.999102;0.0267107;0.984173;1;3;1
514.531;1572.06;-2.48141;3.25799;0.00684123;2.2393e-05;0.000136009;0.00684394;1.96812e-05;1.01312;-0.00592435;0.00646042;0.994146;0.0233883;0.988374;1;3;1
537.531;1572.06;-2.33149;3.27853;0.00489025;0.000158501;0.00163174;0.00539839;-0.000349638;1.00248;-0.00268981;-0.00195062;0.999501;0.0217916;0.987498;1;3;1
560.531;1572.06;-2.25703;3.30602;0.00501752;0.00126883;0.000908282;0.005226;0.00106035;1.00393;-0.0015447;-0.00314637;0.998895;0.0171503;0.993617;1;3;1
583.531;1572.06;-2.10126;3.26995;0.00503125;0.00193005;0.000529649;0.00511921;0.00184209;1.00308;-0.000384959;0.00197955;1.00018;0.0195588;0.991863;1;3;1
606.531;1572.06;-2.0262;3.25672;0.00589138;0.000671845;0.000387962;0.00592006;0.000643166;1.00506;0.00146968;0.00438699;0.997224;0.0232252;0.987133;1;4;1
629.531;1572.06;-1.83107;3.2238;0.00573881;0.00101959;0.000639067;0.00582382;0.000934577;1.01058;-0.00582463;-0.00117695;1.00251;0.0204123;0.9924;1;4;1
652.531;1572.06;-1.76297;3.24456;0.0043291;-0.00136143;0.000594136;0.00439047;-0.0014228;1.00474;-0.00889622;-0.00305016;0.991837;0.0283545;0.976173;1;3;1
675.531;1572.06;-1.63244;3.13802;0.005259;-0.000476195;-8.01138e-05;0.00526012;-0.000477314;1.00771;-0.00426457;0.0059475;0.996205;0.0234347;0.985064;1;3;1
698.531;1572.06;-1.52179;3.146;0.00578342;-0.00132451;0.00019025;0.00578851;-0.0013296;1.0031;0.00230522;0.00385228;0.998307;0.0205721;0.987705;1;3;1
721.531;1572.06;-1.36722;3.07154;0.00704392;-2.62416e-05;-0.000293976;0.00705612;-3.8444e-05;1.01142;0.00341754;-0.000444864;1.00289;0.0244919;0.986761;1;3;1
744.531;1572.06;-1.19906;3.02404;0.00682236;0.000911593;0.0010539;0.00700465;0.000729301;1.00805;-3.86537e-05;0.00386457;1.00543;0.020644;0.991576;1;4;1
767.531;1572.06;-1.05447;3.03223;0.0034837;-0.00100817;0.00183959;0.00414092;-0.00166539;1.00323;-0.00646837;0.00377637;0.999003;0.0232519;0.991918;1;3;1
790.531;1572.06;-1.0391;3.05612;0.0053236;-0.000860993;0.000926659;0.00545946;-0.000996853;1.00453;-0.00390602;-0.00390626;0.998019;0.0238452;0.982673;1;3;1
813.531;1572.06;-0.810236;3.0089;0.00876748;0.00106252;-3.2211e-05;0.00876762;0.00106238;1.01027;-0.00349332;0.00574634;1.00216;0.0231245;0.982509;1;3;1
836.531;1572.06;-0.637658;2.95693;0.00666812;0.00169373;0.00127779;0.00697715;0.0013847;1.00836;-0.00139064;7.2549e-05;0.999999;0.0219329;0.990737;1;3;1
859.531;1572.06;-0.504575;2.93669;0.00637035;0.000319597;0.000533234;0.00641698;0.000272964;1.00416;-2.28554e-05;0.00133428;0.997006;0.0248926;0.97859;1;3;1
882.531;1572.06;-0.3456;2.88906;0.00495819;-0.00104303;0.000641214;0.00502594;-0.00111078;1.00426;-0.00138065;-0.00056486;0.997294;0.0244365;0.978658;1;3;1
905.531;1572.06;-0.277122;2.86148;0.00448141;0.00114504;0.000306999;0.00450942;0.00111702;1.00553;-0.00300279;0.00606236;0.999551;0.0236614;0.97987;1;3;1
928.531;1572.06;-0.139929;2.85306;0.00680335;0.00147227;0.000397519;0.00683283;0.0014428;1.00652;-0.00815986;-0.00217944;1.00045;0.0260752;0.972589;1;3;1
951.531;1572.06;0.034739;2.80377;0.00792507;-0.000479849;0.0010593;0.00805653;-0.0006113;1.00934;-0.00328446;-0.000628433;0.998683;0.0222272;0.981299;1;3;1
974.531;1572.06;0.223192;2.85067;0.00796752;0.000659317;0.00188903;0.00842693;0.000199916;1.0083;-0.0028272;-0.00365587;0.995537;0.0280176;0.980884;1;2;1
997.531;1572.06;0.399781;2.84171;0.00526782;0.000294442;0.000521068;0.00532182;0.000240435;1.00453;-0.00669794;0.0015737;0.993551;0.0252813;0.976865;1;3;1
1020.53;1572.06;0.464828;2.78428;0.00618824;0.00104229;0.000121637;0.00619112;0.00103942;1.00427;-0.00224329;0.00154533;1.00247;0.0254433;0.979629;1;3;1
1043.53;1572.06;0.68352;2.77715;0.00725319;0.00188757;0.000672991;0.00733631;0.00180445;1.00361;-0.00159023;0.00450961;1.00105;0.023862;0.977298;1;3;1
1066.53;1572.06;0.797219;2.71321;0.0066234;0.000607798;-4.66553e-05;0.00662376;0.000607437;1.00803;-0.0023946;-0.000748952;0.998148;0.0199654;0.986453;1;3;1
1089.53;1572.06;0.987142;2.70759;0.00682089;0.00170993;0.00161252;0.00728712;0.00124371;1.00844;-0.00352343;0.00145457;0.997641;0.0225898;0.985955;1;3;1
1112.53;1572.06;1.10991;2.73054;0.00685535;-0.00115108;0.000507627;0.0068874;-0.00118314;1.00728;-0.00629066;-0.000628937;0.99847;0.0213818;0.986914;1;3;1
1135.53;1572.06;1.30141;2.69323;0.00764205;0.000705794;0.000297918;0.00765482;0.000693022;1.00902;-0.00372117;0.00430533;0.9978;0.0196005;0.988941;1;3;1
1158.53;1572.06;1.46003;2.64033;0.0049863;-0.000484556;0.000627743;0.0050574;-0.000555661;1.00477;-0.00252735;0.000656772;0.999865;0.0241647;0.986886;1;2;1
1181.53;1572.06;1.53014;2.60961;0.00645162;0.00156797;0.000662926;0.00654001;0.00147958;1.00288;-0.00258784;-6.41714e-05;0.999173;0.0242258;0.984269;1;3;1
1204.53;1572.06;1.75575;2.54435;0.0073821;0.00154845;0.0007209;0.00746987;0.00146069;1.00432;-0.0018107;0.000954253;0.998615;0.0234307;0.982841;1;3;1
1227.53;1572.06;1.8684;2.53123;0.0071546;0.00274428;0.00157369;0.00765854;0.00224034;1.00452;-0.00614563;0.00386329;1.00389;0.0241393;0.981896;1;2;1
1250.53;1572.06;2.08363;2.46653;0.0076122;0.00108069;0.00115483;0.00781037;0.000882517;1.01218;-0.00541557;0.000727088;0.990735;0.020695;0.988716;1;3;1
1273.53;1572.06;2.21715;2.4413;0.0058229;-0.00021947;-0.00110752;0.00601951;-0.000416073;0.999631;-0.00986844;0.0048444;0.999078;0.0277063;0.984634;1;3;1
31.5305;1549.06;-4.53079;3.85086;0.00836232;-0.00331949;0.000101177;0.0083632;-0.00332036;1.00207;-0.0058578;0.000220894;0.996297;0.0266676;0.97484;1;3;1
54.5305;1549.06;-4.33929;3.81446;0.00650744;-0.00145027;-0.000573288;0.00654853;-0.00149135;1.00739;-0.00298123;0.002194;1.00003;0.0232736;0.988248;1;3;1
77.5306;1549.06;-4.2326;3.72235;0.00230926;-0.000978316;-0.000131208;0.00231449;-0.000983545;1.00552;-0.00201648;0.00109714;1.00256;0.0236379;0.982618;1;3;1
100.531;1549.06;-4.23326;3.73127;0.000756439;-0.00257457;0.00190769;0.00162336;-0.00344149;0.997569;-0.00659103;0.00206508;0.991743;0.0259282;0.981421;1;3;1
123.531;1549.06;-4.19781;3.726;0.00154135;-0.000558766;0.000943689;0.00190309;-0.000920505;1.00369;-0.00438435;-0.0022334;0.998235;0.0248701;0.977475;1;3;1
146.531;1549.06;-4.16244;3.68154;0.00224054;0.000444219;-0.000429265;0.00233785;0.000346909;0.999994;0.00692518;0.0044067;1.00732;0.0258912;0.983227;1;3;1
169.531;1549.06;-4.09487;3.69953;0.00476742;-0.000669594;0.000288439;0.00478268;-0.000684853;1.00149;0.00452141;-0.00170411;0.999606;0.0252506;0.987905;1;3;1
192.531;1549.06;-3.94366;3.66742;0.00562259;-0.0032901;-0.000946248;0.00572194;-0.00338946;1.00893;0.00341416;0.00327789;0.996743;0.0247356;0.981597;1;3;1
215.531;1549.06;-3.83705;3.60514;0.00541766;-0.00192007;-5.74722e-05;0.00541811;-0.00192052;1.00095;-0.00432943;0.00568754;0.997602;0.023007;0.984424;1;3;1
238.531;1549.06;-3.69518;3.59307;0.00372949;0.00118758;0.000682917;0.00390135;0.00101572;1.0071;-0.00243865;-0.00302065;0.99728;0.0196354;0.99029;1;3;1
261.531;1549.06;-3.66584;3.55329;0.00196726;-0.000389345;0.00146085;0.00266579;-0.00108787;1.00378;-0.00640987;0.00486792;0.99943;0.0221461;0.991284;1;4;1
284.531;1549.06;-3.60478;3.55836;0.00148848;-0.00102493;0.000497958;0.00158354;-0.00111999;0.999194;0.000140501;-0.00293488;1.00126;0.0218396;0.98723;1;3;1
307.531;1549.06;-3.59743;3.56501;0.00441492;-0.000296352;0.000620992;0.0044954;-0.000376831;1.00338;-0.00232297;-0.0004123;1.00142;0.021754;0.989518;1;3;1
330.531;1549.06;-3.40219;3.49212;0.00606172;-0.000348194;0.000869576;0.0061776;-0.000464067;1.0032;-0.00281538;0.0071569;1.00086;0.0225278;0.987041;1;3;1
353.531;1549.06;-3.3195;3.48388;0.00256718;-0.00037821;0.00137918;0.00311215;-0.00092318;1.00143;-0.00670856;-0.00751813;1.00099;0.0193959;0.99239;1;3;1
376.531;1549.06;-3.28426;3.46236;0.00500686;-0.0008195;0.000372131;0.00503053;-0.000843171;1.00409;-0.000619288;0.0085823;1.00152;0.0243344;0.987923;1;3;1
399.531;1549.06;-3.08991;3.36329;0.00634822;-0.000216972;0.000400073;0.00637251;-0.000241262;1.00844;-0.00395336;0.00247936;1.00232;0.022182;0.986701;1;3;1
422.531;1549.06;-2.99322;3.39186;0.00380425;0.000261628;0.0016121;0.00442802;-0.00036214;1.00813;0.000136081;-0.00294266;0.998718;0.0220482;0.990015;1;3;1
445.531;1549.06;-2.91531;3.43763;0.00443115;-0.000698687;0.00142052;0.00479824;-0.00106578;1.00828;-0.00195566;-0.00129224;1.00212;0.0272646;0.970293;1;3;1
468.531;1549.06;-2.78986;3.43904;0.00552468;-0.000621578;-0.000764731;0.0056184;-0.000715298;1.00357;0.00177734;0.00909198;0.995804;0.0249447;0.984581;1;4;1
491.531;1549.06;-2.66202;3.32236;0.00564211;-0.000705926;-0.000373515;0.00566401;-0.000727828;0.999597;0.00135653;0.00180074;1.00346;0.0251097;0.983826;1;3;1
514.531;1549.06;-2.53121;3.31791;0.00480676;0.000129582;0.000301215;0.00482608;0.000110263;1.01031;0.00127207;0.00320279;1.00368;0.0240308;0.981524;1;3;1
537.531;1549.06;-2.44147;3.26503;0.00434969;0.000534791;0.00113693;0.00466281;0.000221662;0.999498;-0.00393833;-0.000362635;1.00218;0.019448;0.991644;1;3;1
560.531;1549.06;-2.33156;3.29523;0.00504183;0.00133638;0.000676891;0.00516161;0.0012166;1.00501;-0.00281075;0.00246601;1.00285;0.0206354;0.987229;1;2;1
583.531;1549.06;-2.21017;3.20078;0.00640808;0.00140351;0.00128727;0.00671978;0.00109181;1.00427;-0.00202094;0.00188677;1.00578;0.0203725;0.98903;1;3;1
606.531;1549.06;-2.03775;3.25396;0.00639991;0.00137122;0.000726758;0.00650284;0.0012683;1.00883;-0.00319171;-5.15477e-05;1.0042;0.019723;0.989021;1;2;1
629.531;1549.06;-1.91672;3.17254;0.00436053;0.000395316;0.00126014;0.00472711;2.87341e-05;1.00616;-0.000781148;-0.000599485;1.0062;0.0219264;0.987102;1;4;1
652.531;1549.06;-1.83761;3.22044;0.0047014;0.00191615;0.00016204;0.00471079;0.00190676;1.00502;0.00332431;0.000286936;1.00924;0.0258158;0.984484;1;3;1
675.531;1549.06;-1.701;3.11186;0.00620554;0.00106927;0.0005421;0.00626214;0.00101268;1.00368;-0.00118296;0.00588359;1.00271;0.0189272;0.989372;1;3;1
698.531;1549.06;-1.55309;3.14818;0.00725526;0.00201422;0.000711589;0.00735016;0.00191933;1.00833;-0.00484028;-0.00165515;1.00351;0.0196226;0.992423;1;3;1
721.531;1549.06;-1.36846;3.12299;0.00594386;-0.000197886;0.00054433;0.00599173;-0.000245756;1.00559;-0.00477123;-0.000939363;1.00238;0.0197859;0.989429;1;3;1
744.531;1549.06;-1.2805;3.10422;0.00425057;-0.00199382;0.00180476;0.00473466;-0.00247791;1.00045;-0.00696604;-0.00285881;1.00071;0.020167;0.98991;1;3;1
767.531;1549.06;-1.17336;3.0982;0.006264;0.000305211;0.000647384;0.00633352;0.000235688;1.00846;-0.00429178;0.00645628;1.00416;0.0192932;0.991125;1;3;1
790.531;1549.06;-0.993296;3.04364;0.00621597;0.0013841;-0.000872224;0.0063686;0.00123147;1.00171;-0.000305668;0.00284343;1.00301;0.0207659;0.990184;1;3;1
813.531;1549.06;-0.888396;3.00651;0.00553672;0.000227613;0.00046875;0.00557779;0.000186544;1.00267;-0.00557775;0.00189064;0.997454;0.0207579;0.987699;1;3;1
836.531;1549.06;-0.739354;2.97822;0.00593794;0.00135251;0.00168743;0.00649198;0.000798479;1.0098;-0.00731838;0.000674229;1.00196;0.021347;0.987726;1;3;1
859.531;1549.06;-0.616104;2.94094;0.0055544;0.000293808;0.00102931;0.00574862;9.95803e-05;0.998915;-0.00718223;0.0017561;1.00623;0.0260843;0.97835;1;3;1
882.531;1549.06;-0.484573;2.94027;0.00712785;-0.000427848;0.00122853;0.00732259;-0.000622584;1.01248;-0.00944053;-0.00165498;1.002;0.0252559;0.976537;1;3;1
905.531;1549.06;-0.289423;2.8797;0.00793688;0.000673821;0.000260037;0.00794618;0.000664523;1.00886;0.00213896;0.00816101;1.00024;0.024615;0.972819;1;4;1
928.531;1549.06;-0.12095;2.88272;0.00611234;0.00218392;0.00060208;0.00620255;0.00209371;1.00674;0.00236474;-0.00665565;1.0007;0.0290353;0.969145;1;3;1
951.531;1549.06;-0.00910974;2.87476;0.00510195;-0.000144691;0.000372387;0.00512825;-0.00017099;1.00345;-0.00625151;0.00345918;1.00222;0.0281508;0.974542;1;4;1
974.531;1549.06;0.11312;2.83577;0.00689892;0.00123124;0.00107403;0.00709562;0.00103454;1.00863;-0.00325888;-0.000185677;1.00675;0.0238075;0.978524;1;3;1
997.531;1549.06;0.307122;2.82058;0.00661212;0.00186639;0.00137622;0.00698233;0.00149618;1.00927;-0.00252334;0.0038852;1.00594;0.0301519;0.974009;1;3;1
1020.53;1549.06;0.416185;2.7426;0.00626168;0.00106601;-0.000796942;0.00638117;0.000946518;1.0016;-0.00183694;0.00150941;1.00223;0.0278287;0.973972;1;4;1
1043.53;1549.06;0.594109;2.70138;0.00818622;0.00124245;0.00181657;0.00863274;0.000795929;1.00623;-0.00256175;0.00398812;1.00082;0.03068;0.974538;1;4;1
1066.53;1549.06;0.791209;2.70807;0.00640882;-0.000725144;0.00158435;0.00674485;-0.00106118;1.00679;-0.00340349;-0.000513355;1.0034;0.0252507;0.978802;1;3;1
1089.53;1549.06;0.887973;2.68361;0.00599289;0.00176702;0.00265749;0.00727506;0.000484847;1.00597;-0.00672458;-0.00167037;1.00864;0.0225542;0.982897;1;3;1
1112.53;1549.06;1.06604;2.74661;0.00640461;0.0035804;0.00119852;0.00684467;0.00314034;1.00765;-0.00236007;0.00345517;1.00826;0.0260162;0.977746;1;3;1
1135.53;1549.06;1.18156;2.59335;0.00626152;0.00183165;0.000220546;0.00627247;0.0018207;1.00715;-0.00159516;0.00542891;1.00219;0.0245363;0.980258;1;3;1
1158.53;1549.06;1.353;2.61795;0.00596446;0.000493572;0.0018927;0.00655543;-9.73893e-05;1.00285;-0.00375548;-0.00213683;0.999636;0.0275926;0.982199;1;4;1
1181.53;1549.06;1.45511;2.58159;0.00704411;0.000886703;0.00068591;0.00711959;0.00081122;1.01505;-0.00655276;0.00126658;1.00453;0.0234649;0.983905;1;4;1
1204.53;1549.06;1.67584;2.54643;0.00721322;6.12632e-05;0.00020921;0.00721934;5.51486e-05;1.00442;-0.00166299;0.00222281;0.999979;0.0255026;0.981669;1;4;1
1227.53;1549.06;1.78567;2.50444;0.00655308;0.00245678;0.000193677;0.00656221;0.00244764;1.00724;-4.84326e-05;-9.87551e-05;1.0035;0.0231226;0.984549;1;3;1
1250.53;1549.06;1.9763;2.54062;0.00979115;0.000331242;0.00217953;0.0102692;-0.000146759;1.00947;-0.00442882;0.00121616;1.00384;0.0218723;0.990235;1;3;1
1273.53;1549.06;2.23387;2.49082;0.0112639;-0.00184445;0.000218425;0.0112675;-0.00184809;1.01171;0.004344;0.00633502;0.993333;0.0292148;0.978801;1;3;1
31.5305;1526.06;-4.54798;3.90345;0.00719788;-0.00157635;-0.000865262;0.00728239;-0.00166087;1.00364;-0.000476883;0.00202519;0.998064;0.0260087;0.982326;1;3;1
54.5305;1526.06;-4.38308;3.85188;0.00451089;-0.000263156;-7.33735e-05;0.00451202;-0.000264283;1.0103;-0.00207135;0.00187788;0.998685;0.0277586;0.983888;1;3;1
77.5306;1526.06;-4.34105;3.80503;0.00159551;-0.00199538;0.0017547;0.00231057;-0.00271043;0.999673;-0.00411353;-0.00263898;0.994041;0.0255081;0.986571;1;3;1
100.531;1526.06;-4.30975;3.84582;0.00179701;-0.00236067;0.000406272;0.00183634;-0.0024;1.00229;0.0033433;0.00200514;0.999515;0.0262493;0.982748;1;3;1
123.531;1526.06;-4.25849;3.76021;0.0042331;-0.000543585;-0.00118843;0.00451244;-0.000822927;1.00224;-0.0014245;0.00541765;0.997351;0.0244064;0.986606;1;3;1
146.531;1526.06;-4.11568;3.69617;0.00343565;-0.000886294;-0.000346335;0.00346323;-0.000913871;1.0071;0.000334427;0.00405831;0.999629;0.0243371;0.989058;1;3;1
169.531;1526.06;-4.10076;3.69428;0.00378678;-0.000883465;0.00135267;0.00415027;-0.00124696;1.00684;-0.00621631;0.000103718;0.998172;0.0229911;0.985954;1;3;1
192.531;1526.06;-3.94183;3.73985;0.00358014;-2.5763e-05;0.000503309;0.00364907;-9.46967e-05;0.999377;-0.00227123;-0.00459718;1.00079;0.0250445;0.9848;1;3;1
215.531;1526.06;-3.93637;3.67592;0.0033609;-0.000730161;-0.000243545;0.00337535;-0.000744608;1.00021;-0.00191166;0.00640281;0.998852;0.0221248;0.982129;1;3;1
238.531;1526.06;-3.78782;3.56679;0.00366139;-0.000626726;0.00052357;0.00372439;-0.000689727;1.00411;-0.00220595;0.00181548;1.00342;0.0220691;0.989073;1;3;1
261.531;1526.06;-3.76847;3.5343;0.00424303;-0.000511566;0.00162462;0.00474513;-0.00101366;1.00739;0.00374584;-0.00349967;0.999114;0.0280932;0.986899;1;3;1
284.531;1526.06;-3.59307;3.61154;0.00444372;-0.00108666;0.00106202;0.00464065;-0.00128359;1.00234;0.000815632;0.000625733;0.998828;0.0226507;0.986897;1;3;1
307.531;1526.06;-3.56452;3.53929;0.00246198;-0.00184087;-0.000908298;0.00264586;-0.00202475;1.00267;0.000923158;0.0028809;0.998301;0.0212931;0.988509;1;3;1
330.531;1526.06;-3.48008;3.50404;0.00406974;-0.000485628;0.000935218;0.00425426;-0.000670154;1.0053;-0.00330096;0.00393617;1.00004;0.0208203;0.990552;1;4;1
353.531;1526.06;-3.37774;3.47172;0.00431119;-0.000927665;0.000438585;0.00434766;-0.000964128;1.00286;-0.00118292;-0.00184742;1.00106;0.0205531;0.99135;1;3;1
376.531;1526.06;-3.28222;3.45244;0.00385714;-0.00100267;0.000635118;0.00393877;-0.0010843;1.00195;-0.00022233;0.0018528;0.99784;0.0199213;0.990745;1;2;1
399.531;1526.06;-3.20065;3.45536;0.00505902;-0.00189654;0.000905858;0.00517506;-0.00201257;1.00953;0.00301456;0.0041171;0.995462;0.0263288;0.984354;1;3;1
422.531;1526.06;-3.05011;3.40963;0.00497431;-0.000430604;0.00187208;0.0055594;-0.0010157;1.0017;-0.00685536;-0.00165897;0.996429;0.0228869;0.985017;1;4;1
445.531;1526.06;-2.9724;3.45276;0.00513317;-0.000272816;0.00125223;0.00540914;-0.000548791;1.00354;-0.00151278;0.00146242;0.995918;0.0241491;0.982539;1;3;1
468.531;1526.06;-2.81459;3.42642;0.00525716;0.000823445;0.000280478;0.00527483;0.000805772;1.00639;-0.0034766;0.0047339;1.00258;0.0188959;0.991748;1;3;1
491.531;1526.06;-2.73128;3.36985;0.00542476;-0.000181245;-5.56911e-05;0.00542531;-0.000181798;1.00256;-0.00437121;0.000161863;1.00016;0.0204032;0.98993;1;2;1
514.531;1526.06;-2.56606;3.25211;0.00595679;0.00120259;3.10953e-05;0.00595699;0.00120239;1.0043;0.00044455;0.00136993;1.00041;0.0193005;0.988871;1;4;1
537.531;1526.06;-2.45822;3.25411;0.0039874;-0.00109951;0.000415081;0.00402105;-0.00113316;1.00436;4.30987e-05;0.0034824;1.00117;0.0241073;0.985343;1;3;1
560.531;1526.06;-2.383;3.24476;0.00431895;0.00046058;0.00024556;0.00433452;0.000445014;1.00829;-0.00122946;0.000655032;1.0024;0.02244;0.988109;1;4;1
583.531;1526.06;-2.26;3.20571;0.00571824;-0.00104476;0.00039772;0.00574155;-0.00106806;1.00149;-0.00231758;0.000615253;0.996349;0.0206298;0.988998;1;3;1
606.531;1526.06;-2.12074;3.19378;0.00610789;0.00177449;0.00135171;0.00649495;0.00138742;1.0081;-0.00205608;-0.000302597;1.00704;0.0203402;0.99332;1;3;1
629.531;1526.06;-1.97989;3.20586;0.00615881;-3.74331e-05;0.00172678;0.00660754;-0.000486158;1.01468;-0.00839074;0.00254025;0.994185;0.0271093;0.980853;1;4;1
652.531;1526.06;-1.83831;3.15656;0.00492825;0.0011873;0.000272888;0.00494805;0.0011675;0.990557;0.000969883;0.00146169;1.00082;0.0262221;0.980909;1;4;1
675.531;1526.06;-1.7539;3.08902;0.00572742;-0.00136732;-7.25761e-05;0.00572816;-0.00136806;1.01341;0.00114759;0.00535058;0.996271;0.0209204;0.986311;1;3;1
698.531;1526.06;-1.57572;3.05347;0.00639427;0.00207086;0.00172244;0.00699658;0.00146855;1.00617;-0.00690276;0.00038156;0.999887;0.0200018;0.988482;1;4;1
721.531;1526.06;-1.4607;3.08074;0.00406752;0.000438172;0.00303462;0.00578866;-0.00128296;1.00279;-0.00211993;-0.00638371;0.997817;0.0241826;0.980132;1;4;1
744.531;1526.06;-1.38903;3.11624;0.0062556;0.000911018;-8.10207e-05;0.00625683;0.00090979;1.0081;0.000783587;0.000877417;0.994386;0.0206498;0.986876;1;3;1
767.531;1526.06;-1.17387;3.01835;0.00738766;0.00131075;-0.000925186;0.0075254;0.00117302;1.01079;0.00147893;0.00433914;1.00374;0.0181563;0.992203;1;3;1
790.531;1526.06;-1.05061;2.9925;0.00557373;0.000896834;0.000798253;0.00570622;0.000764341;1.00446;-0.000800342;-0.000320975;0.999853;0.0213269;0.98844;1;3;1
813.531;1526.06;-0.918197;2.99855;0.00421447;0.000422626;-0.00102308;0.00447289;0.000164201;1.00405;0.00095088;2.75729e-06;0.997454;0.0220574;0.986065;1;3;1
836.531;1526.06;-0.857257;2.89528;0.00614381;0.000464156;0.000560396;0.00619858;0.000409391;1.00738;-0.00360666;0.00333539;0.997113;0.0228361;0.981959;1;3;1
859.531;1526.06;-0.636506;2.92337;0.00738897;0.000684752;4.11708e-05;0.00738922;0.000684499;1.00442;0.00346004;-0.00214965;1.00078;0.0260477;0.986893;1;4;1
882.531;1526.06;-0.518613;2.90907;0.00607496;0.00196115;-0.000272745;0.00609296;0.00194315;1.01116;0.00557854;0.00301005;1.00088;0.0220582;0.985102;1;4;1
905.531;1526.06;-0.357995;2.83056;0.00695822;0.00122424;-0.000409407;0.00698731;0.00119515;1.00631;-0.00647935;0.00240872;0.999577;0.026322;0.972257;1;4;1
928.531;1526.06;-0.199904;2.75275;0.00680438;-1.85871e-05;0.00203979;0.00736768;-0.000581895;1.00419;-0.000745847;-0.00245814;1.00073;0.0277035;0.969383;1;4;1
951.531;1526.06;-0.0460556;2.8105;0.005911;0.00160683;0.00156365;0.00641908;0.00109875;1.00404;-0.00185762;0.00261581;1.00765;0.0244505;0.982318;1;3;1
974.531;1526.06;0.0711842;2.79432;0.00495478;0.00164294;0.000682736;0.00509001;0.00150772;1.00636;-0.00395588;0.00394027;1.00121;0.0240563;0.985082;1;3;1
997.531;1526.06;0.181271;2.75645;0.00759286;0.00255317;0.000901294;0.0077492;0.00239683;1.00928;-0.00194181;-0.00024924;0.993704;0.0265104;0.971516;1;3;1
1020.53;1526.06;0.419102;2.7353;0.00659103;0.000347973;0.000396906;0.00661616;0.000322841;1.00907;-0.00096657;0.00180146;0.997414;0.0284988;0.978551;1;4;1
1043.53;1526.06;0.483452;2.72047;0.00469874;0.000381187;0.00157927;0.00521474;-0.00013481;0.999615;-0.00923359;3.85488e-05;0.998987;0.0241554;0.980128;1;4;1
1066.53;1526.06;0.634738;2.74686;0.00652396;0.00140161;0.000372205;0.00655086;0.0013747;1.00983;-0.00462493;0.00336646;0.999795;0.0260935;0.97588;1;3;1
1089.53;1526.06;0.782486;2.62684;0.00601714;0.00155889;-0.0010193;0.00623913;0.0013369;1.00365;-0.00122344;0.00237281;1.00158;0.0228189;0.982314;1;3;1
1112.53;1526.06;0.910347;2.56657;0.00809046;0.00350705;0.000979538;0.00829103;0.00330649;1.00836;-0.00648972;0.00139454;1.00705;0.0218701;0.982417;1;3;1
1135.53;1526.06;1.15315;2.60929;0.00796426;-0.000608186;0.000612083;0.00800775;-0.000651669;1.00897;0.0016136;0.00158591;0.999379;0.0221499;0.985814;1;3;1
1158.53;1526.06;1.27523;2.618;0.00530213;0.000192856;0.000196621;0.00530969;0.0001853;1.00913;-0.00645539;0.00291906;1.00314;0.023033;0.987323;1;3;1
1181.53;1526.06;1.39639;2.56904;0.00840181;0.000375778;-0.0011215;0.00855557;0.000222013;1.00466;-0.00126103;0.00104854;0.999409;0.0282814;0.97956;1;3;1
1204.53;1526.06;1.66004;2.54163;0.00980355;0.000603467;-0.00102257;0.00991584;0.00049118;1.01535;-0.00504893;-0.00019756;1.00473;0.0230084;0.985125;1;3;1
1227.53;1526.06;1.84492;2.41837;0.00461084;-2.81744e-05;-0.000386751;0.00464287;-6.01964e-05;0.997393;-0.00374414;0.0100583;1.00216;0.024668;0.982643;1;3;1
1250.53;1526.06;1.87156;2.45178;0.00554082;0.0020035;0.00185124;0.00633249;0.00121184;1.0079;0.00420401;-0.00526668;1.00538;0.0243583;0.984302;1;3;1
1273.53;1526.06;2.09897;2.52638;0.00994132;0.00133286;0.00336371;0.0110998;0.000174411;1.00879;0.00211151;-0.0033019;1.00998;0.0278557;0.989745;1;3;1
31.5305;1503.06;-4.554;3.92344;0.00539162;-0.000281067;-0.00140562;0.00572081;-0.000610259;1.00055;-0.00181656;0.00466021;1.00263;0.0299139;0.975514;1;3;1
54.5305;1503.06;-4.43052;3.82665;0.00336021;-0.000711885;0.00033893;0.00338823;-0.000739903;1.0047;-0.00390033;0.00277326;1.00328;0.023941;0.985831;1;3;1
77.5306;1503.06;-4.39981;3.81453;0.00251023;-0.000895201;0.00102813;0.00279656;-0.00118153;0.999293;-0.00687565;-0.00330041;1.00112;0.0230701;0.9854;1;3;1
100.531;1503.06;-4.3152;3.84007;0.00352738;0.00120027;-0.000420298;0.00360096;0.00112668;1.00394;-0.00651321;6.60259e-05;1.00057;0.0234712;0.988591;1;3;1
123.531;1503.06;-4.23788;3.75103;0.00259087;0.000876985;-0.000555902;0.00275539;0.000712469;1.0065;0.00267093;0.00709973;1.00561;0.023916;0.980355;1;3;1
146.531;1503.06;-4.19632;3.72234;0.00135994;-0.00114354;0.000764464;0.00157491;-0.00135851;0.997056;-0.00453587;-0.0045867;1.00235;0.0272385;0.977725;1;4;1
169.531;1503.06;-4.17537;3.74026;0.00410107;-0.000737173;-0.000174955;0.00410739;-0.000743492;1.00721;0.00369318;0.00569073;1.00299;0.0232367;0.986283;1;3;1
192.531;1503.06;-4.00809;3.66865;0.00410424;0.00166279;0.000179596;0.00411738;0.00164965;1.00465;-0.00434684;0.00288148;0.999764;0.0232806;0.984581;1;3;1
215.531;1503.06;-3.98707;3.63899;0.00269765;0.0010189;0.00047483;0.00282265;0.000893904;1.00108;-0.00215202;-0.00201236;1.00089;0.0213454;0.987447;1;3;1
238.531;1503.06;-3.88419;3.6223;0.00472778;-0.00120397;3.10723e-05;0.00472794;-0.00120413;1.00589;-0.000689137;0.00188615;0.994213;0.0215249;0.991127;1;3;1
261.531;1503.06;-3.77015;3.57694;0.00407557;-0.000717447;0.000166977;0.00408138;-0.000723257;0.999932;-0.00435176;-0.00180809;0.998081;0.0285943;0.973106;1;3;1
284.531;1503.06;-3.6971;3.60847;0.00324665;0.000362904;0.00290256;0.00504574;-0.00143619;1.0075;-0.00780439;0.00167214;1.00097;0.0206245;0.992679;1;3;1
307.531;1503.06;-3.6211;3.64977;0.00309276;1.83271e-05;0.000160906;0.00310116;9.92877e-06;0.999764;-0.00314103;-0.00014781;0.99829;0.0234546;0.989039;1;3;1
330.531;1503.06;-3.55514;3.51471;0.00458112;-0.000342763;-0.000785274;0.00470332;-0.000464968;0.998048;-0.0051044;0.00273995;0.996327;0.019122;0.989828;1;3;1
353.531;1503.06;-3.41101;3.52666;0.00427839;-0.00169978;0.000721566;0.00436425;-0.00178564;1.00835;0.00134601;0.000711694;1.00103;0.0194627;0.992163;1;3;1
376.531;1503.06;-3.35876;3.50857;0.00426416;-0.000744506;0.000441114;0.00430271;-0.000783058;1.00444;-0.00510966;0.0033579;0.998058;0.0207537;0.990937;1;4;1
399.531;1503.06;-3.21534;3.45078;0.00417552;0.00104389;-2.51412e-05;0.00417573;0.00104369;1.00589;-0.00289352;-0.0025499;1.00761;0.0225142;0.986232;1;3;1
422.531;1503.06;-3.16718;3.412;0.00440327;0.000187247;0.00119887;0.00472033;-0.000129817;0.999325;-0.00291758;0.00320844;1.00091;0.0249472;0.987226;1;4;1
445.531;1503.06;-3.01323;3.45029;0.00586735;0.000518376;0.000985098;0.006043;0.000342722;1.00826;-0.0027511;8.16422e-05;1.00182;0.0227276;0.987324;1;3;1
468.531;1503.06;-2.89807;3.40131;0.00398897;-0.000227198;0.000477728;0.00404242;-0.000280651;1.00008;-0.00748452;0.0009082;0.995092;0.0198347;0.988736;1;3;1
491.531;1503.06;-2.83026;3.33101;0.00542851;-0.000934959;-3.10623e-05;0.00542866;-0.000935111;1.00325;-0.00628325;0.00191097;1.00076;0.0188311;0.990396;1;2;1
514.531;1503.06;-2.64924;3.26277;0.00749409;-0.000764442;0.001913;0.00791569;-0.00118605;1.01226;-0.00951319;0.00187194;0.999045;0.0219353;0.987855;1;4;1
537.531;1503.06;-2.48682;3.31565;0.00538325;-0.000836741;0.00168252;0.0058092;-0.0012627;1.00449;-0.00171798;-0.00762828;0.992995;0.0276734;0.980377;1;4;1
560.531;1503.06;-2.40228;3.2741;0.0041319;-0.000973795;8.40025e-05;0.00413328;-0.000975177;1.00208;-0.00229051;0.00561253;0.998655;0.0230485;0.983993;1;3;1
583.531;1503.06;-2.29719;3.24895;0.00525702;-0.0012338;0.000517841;0.00529807;-0.00127485;1.01297;-0.00319294;0.00540927;1.00015;0.0216832;0.989183;1;4;1
606.531;1503.06;-2.1612;3.17257;0.00404388;-0.000297509;0.000911384;0.00422744;-0.000481073;1.00383;-0.00211397;-1.20435e-05;0.995949;0.0209881;0.990261;1;3;1
629.531;1503.06;-2.11161;3.17467;0.00396881;0.00102671;0.00188347;0.00488763;0.000107899;1.00562;-0.00148624;-0.00113823;1.00406;0.0320608;0.969395;1;3;1
652.531;1503.06;-1.979;3.16607;0.00686858;7.37235e-05;0.00244919;0.00765935;-0.000717053;1.00128;-0.011664;-0.00108584;0.991533;0.0255923;0.982915;1;4;1
675.531;1503.06;-1.79673;3.1749;0.00567531;-0.000431394;-0.000408085;0.00570246;-0.000458544;1.01057;-0.0060161;0.00898871;0.99953;0.0259849;0.980266;1;3;1
698.531;1503.06;-1.71881;3.05332;0.00463708;0.000274665;0.00113042;0.0049126;-8.5435e-07;1.00154;-0.00790353;-0.00163;1.00098;0.021167;0.988559;1;3;1
721.531;1503.06;-1.58397;3.10334;0.00837514;-0.000255716;0.00230962;0.00895433;-0.000834904;1.01073;-0.00660142;-0.000970717;1.00116;0.0229211;0.987891;1;2;1
744.531;1503.06;-1.33515;3.06236;0.008123;0.00312107;-0.000270395;0.00813757;0.0031065;1.00732;-0.000467642;0.00126413;1.00498;0.0201678;0.991491;1;3;1
767.531;1503.06;-1.21186;3.03796;0.00543105;-0.000451881;0.000609521;0.00549354;-0.000514369;1.00315;-0.00234927;0.00123709;0.996409;0.0233954;0.981791;1;3;1
790.531;1503.06;-1.08603;3.0025;0.00698886;0.000547939;0.000874174;0.0071054;0.000431403;1.01054;-0.0036736;0.00314857;0.996813;0.0213188;0.986422;1;4;1
813.531;1503.06;-0.89152;2.98707;0.00480934;0.00153039;0.000844242;0.00501394;0.00132578;1.00513;-0.00140974;-0.00251294;1.00119;0.0209848;0.987954;1;3;1
836.531;1503.06;-0.865357;2.95705;0.00622413;-0.00139274;-0.000459387;0.00625174;-0.00142035;1.00704;0.00206251;0.000188213;1.00152;0.0242216;0.988583;1;4;1
859.531;1503.06;-0.606161;2.90945;0.0068367;0.00172464;-0.000216185;0.00684582;0.00171551;1.00673;-0.000840888;0.00206885;1.00345;0.0237456;0.980486;1;3;1
882.531;1503.06;-0.55206;2.85019;0.00433076;0.00151576;-0.000113802;0.00433535;0.00151116;1.00589;-0.00635742;0.00577682;1.00393;0.023709;0.982884;1;3;1
905.531;1503.06;-0.407455;2.82357;0.00489885;-0.000256578;0.000280469;0.00491407;-0.000271792;0.999116;0.000283807;-0.00263555;1.00018;0.0238867;0.984323;1;4;1
928.531;1503.06;-0.327274;2.88404;0.00647139;-0.00117862;0.0019291;0.00693032;-0.00163755;1.00977;-0.0142094;0.00518864;0.996435;0.0250037;0.981558;1;4;1
951.531;1503.06;-0.110734;2.80101;0.00707235;0.000932733;1.65274e-05;0.00707239;0.000932689;1.00932;0.000456204;0.000703334;0.994724;0.0237716;0.979809;1;4;1
974.531;1503.06;-0.00325374;2.7604;0.00603846;0.00194687;7.68359e-05;0.00603991;0.00194543;1.00552;-0.00636533;0.00400529;1.00139;0.0223445;0.985588;1;3;1
997.531;1503.06;0.166099;2.7035;0.00758093;0.000721904;4.50642e-05;0.00758123;0.000721608;1.01292;-0.00301035;-0.000485077;1.0095;0.0235384;0.983923;1;3;1
1020.53;1503.06;0.344145;2.72665;0.00643174;-0.00027194;0.000886355;0.00654695;-0.000387153;0.999185;-0.00357272;0.000786811;1.00575;0.027586;0.968544;1;3;1
1043.53;1503.06;0.46101;2.68404;0.0069799;0.0012425;-0.00129011;0.00725665;0.000965757;1.01037;0.00284028;0.000548981;1.00492;0.0245759;0.979868;1;4;1
1066.53;1503.06;0.664034;2.64381;0.00743476;0.00201205;-0.00115467;0.00767039;0.00177643;1.00895;0.00435317;0.00177624;1.0028;0.026059;0.971684;1;3;1
1089.53;1503.06;0.801691;2.61203;0.00643765;0.00119142;0.000616007;0.00650901;0.00112006;1.00679;-0.000420588;-0.000231639;0.999375;0.0257293;0.976864;1;4;1
1112.53;1503.06;0.959182;2.58569;0.00818529;-0.00078618;0.000392367;0.00820242;-0.000803308;1.00951;0.00295046;0.000431438;0.998884;0.0261281;0.980408;1;3;1
1135.53;1503.06;1.17668;2.62134;0.00732613;0.000422919;0.00157828;0.00766986;7.91908e-05;1.00618;-0.0139544;-0.00148418;1.00221;0.0230241;0.984586;1;3;1
1158.53;1503.06;1.29495;2.60912;0.00665283;0.000804381;-0.00032464;0.0066708;0.000786416;1.00901;-0.00201046;0.00257676;1.00388;0.0228193;0.988532;1;4;1
1181.53;1503.06;1.48167;2.56431;0.00708665;0.000925457;-0.000725695;0.00717097;0.000841135;1.00912;0.000208013;0.00269344;1.00188;0.0277716;0.976907;1;3;1
1204.53;1503.06;1.6197;2.51871;0.00544999;0.000641184;0.000914645;0.00561809;0.000473093;1.00385;-2.34514e-05;0.000346601;0.995851;0.0212591;0.986759;1;3;1
1227.53;1503.06;1.73165;2.50576;0.00643154;-0.00182207;0.000538579;0.00646653;-0.00185707;1.00747;0.00211464;0.00389052;0.995592;0.0229287;0.984556;1;3;1
1250.53;1503.06;1.91456;2.4486;0.00750132;-0.00103538;-0.000353036;0.0075159;-0.00104995;1.0067;-0.00433975;0.00116354;0.991224;0.0243471;0.98052;1;3;1
1273.53;1503.06;2.07537;2.42983;0.00701653;0.00154172;0.000143202;0.00702027;0.00153798;1.0064;-0.000521035;0.00294479;0.998871;0.0294901;0.980707;1;3;1
31.5305;1480.06;-4.61184;3.91642;0.00388735;-0.000618153;0.000559146;0.0039557;-0.000686507;1.00389;-0.00451627;0.00785408;0.997542;0.0229745;0.985216;1;3;1
54.5305;1480.06;-4.52262;3.88485;0.00413566;-0.0022399;-0.000196756;0.00414173;-0.00224596;1.00344;-0.00499571;-0.00169232;0.995136;0.0263164;0.979999;1;3;1
77.5306;1480.06;-4.42204;3.84629;0.00409841;-0.000686357;-0.00034695;0.00412344;-0.000711384;1.00734;-0.00064984;0.00496139;1.00287;0.0228879;0.990327;1;2;1
100.531;1480.06;-4.33457;3.79065;0.00211563;0.000458437;-0.000263669;0.00215657;0.000417497;1.00148;-0.000292504;0.00166261;1.0035;0.0229614;0.987959;1;3;1
123.531;1480.06;-4.325;3.71993;0.00300316;-0.000957445;0.000743223;0.00313803;-0.00109232;1.00172;-0.00531005;0.00256164;0.994881;0.0223548;0.989636;1;3;1
146.531;1480.06;-4.19666;3.74887;0.00406985;-0.000615445;0.000943211;0.0042526;-0.000798197;0.999317;0.0033268;-0.00567025;0.993572;0.0233207;0.98698;1;3;1
169.531;1480.06;-4.13816;3.72822;0.00299194;0.000477185;-0.000342705;0.00303781;0.000431319;0.999035;-0.00295489;0.00926905;1.00116;0.0260554;0.982762;1;3;1
192.531;1480.06;-4.05931;3.66357;0.00243886;-0.00052642;-0.000649921;0.00257505;-0.000662613;1.0085;0.00129249;0.00229123;0.998534;0.0211537;0.986591;1;3;1
215.531;1480.06;-4.02622;3.62917;0.00450984;-0.000294025;-0.000154696;0.00451481;-0.000299001;0.999618;-0.00598182;-0.00198713;1.00068;0.0238703;0.989798;1;3;1
238.531;1480.06;-3.85234;3.62225;0.00498454;0.000531886;-0.000290614;0.00500342;0.000512998;1.01054;-0.00548631;0.00128173;1.00102;0.0271456;0.977697;1;4;1
261.531;1480.06;-3.79754;3.56732;0.00142992;-0.00136509;0.00105811;0.0017853;-0.00172047;1.00041;-0.00484933;0.00152065;0.999472;0.0234493;0.982525;1;4;1
284.531;1480.06;-3.78662;3.59525;0.00271692;-0.000475847;0.000993906;0.00300104;-0.000759966;1.0029;-0.000952329;-0.000858615;0.99857;0.0201543;0.988382;1;3;1
307.531;1480.06;-3.67274;3.53857;0.00558084;0.00201526;-0.000280783;0.00560281;0.00199328;1.00125;-0.00452267;0.000258351;1.00383;0.0236326;0.988002;1;3;1
330.531;1480.06;-3.53068;3.51984;0.00485511;-0.000534804;0.000343737;0.00487694;-0.000556637;0.999588;-0.000209581;0.0022563;1.00277;0.0207929;0.989576;1;3;1
353.531;1480.06;-3.44995;3.55004;0.00288568;-0.000852665;0.00109348;0.00318203;-0.00114902;1.00712;-0.00524235;0.00137449;0.996303;0.0191676;0.992138;1;4;1
376.531;1480.06;-3.39814;3.48684;0.00338723;0.00140957;-0.00128682;0.00402126;0.000775531;1.00019;0.00177744;0.00300787;1.0061;0.0212085;0.990646;1;4;1
399.531;1480.06;-3.29462;3.40746;0.00518285;0.000141816;0.000662834;0.00526854;5.61179e-05;1.00511;-0.00391803;0.00219663;0.998384;0.02191;0.989681;1;3;1
422.531;1480.06;-3.16042;3.40115;0.0048264;-0.00052517;-0.000269478;0.00483994;-0.000538706;1.00785;0.00271455;-0.00021846;0.999892;0.0213474;0.989397;1;3;1
445.531;1480.06;-3.07314;3.42903;0.00399239;0.0010715;0.000877181;0.00423557;0.000828321;1.00697;0.00280844;-0.00125941;0.998044;0.0191276;0.991685;1;3;1
468.531;1480.06;-2.97715;3.43716;0.00451116;-0.000140647;0.00120338;0.00480403;-0.000433514;0.999977;0.00124777;0.00191711;1.0004;0.0203204;0.990611;1;3;1
491.531;1480.06;-2.8661;3.41308;0.00482499;-0.00168275;-0.000764543;0.0049136;-0.00177136;1.00435;0.0055151;-0.00126949;0.993685;0.0227385;0.987851;1;4;1
514.531;1480.06;-2.75597;3.28768;0.00578459;-0.00150629;-7.02808e-05;0.00578527;-0.00150697;1.00685;-0.00541592;0.00641696;0.996889;0.0223116;0.987635;1;3;1
537.531;1480.06;-2.60093;3.29284;0.00651916;-0.000244961;0.00192784;0.00703003;-0.000755831;1.00268;-0.0071308;-0.00424486;1.00601;0.0288055;0.979887;1;3;1
560.531;1480.06;-2.45706;3.28963;0.00419706;-0.000633794;0.000573179;0.00426413;-0.00070087;1.00875;-0.00260041;0.00289266;0.993617;0.025358;0.984931;1;3;1
583.531;1480.06;-2.40827;3.26274;0.00389749;0.000106297;0.00114166;0.00421473;-0.000210949;1.00389;0.00348992;0.00276031;1.0035;0.0252945;0.98713;1;4;1
606.531;1480.06;-2.2782;3.20774;0.00543689;0.000201519;0.000367964;0.00546263;0.000175784;1.00505;-0.00603569;-0.00174281;0.999153;0.025664;0.981254;1;4;1
629.531;1480.06;-2.15897;3.159;0.00471434;-0.000615653;0.000692984;0.00480297;-0.000704278;1.00405;-0.00336491;-0.00189586;0.996322;0.0261859;0.978457;1;4;1
652.531;1480.06;-2.06188;3.15371;0.00720758;0.000684719;0.000241881;0.00721654;0.000675762;1.00534;-0.00263653;0.00190898;1.01095;0.0268392;0.981283;1;3;1
675.531;1480.06;-1.82863;3.10893;0.00679536;0.00276313;0.000128368;0.00679944;0.00275905;1.00251;-0.00132166;0.00487297;1.00526;0.02541;0.983561;1;3;1
698.531;1480.06;-1.75049;3.04117;0.00361918;0.000649294;-0.00012629;0.00362454;0.000643934;1.00431;-0.00366366;0.00156024;0.996141;0.0255578;0.984505;1;3;1
721.531;1480.06;-1.66246;3.09294;0.00700531;0.00156033;-0.000142885;0.00700906;0.00155659;1.0112;-0.00148325;0.00126013;1.00213;0.0225228;0.988116;1;4;1
744.531;1480.06;-1.42941;2.97292;0.00814873;0.00187965;0.00107828;0.00832901;0.00169937;1.0057;-0.00136214;0.00386495;0.999862;0.021048;0.986185;1;3;1
767.531;1480.06;-1.28916;3.03929;0.00541375;0.000859915;0.00157303;0.00590428;0.000369385;1.00622;-0.00309154;0.000113273;1.00352;0.0194449;0.98986;1;3;1
790.531;1480.06;-1.18105;2.96749;0.00541666;-7.2678e-06;0.000489423;0.00546047;-5.10765e-05;1.00674;-0.00232805;0.00731558;1.00405;0.0201649;0.988791;1;3;1
813.531;1480.06;-1.0408;2.92837;0.00629728;0.000932118;0.0016097;0.00674318;0.000486219;1.00495;-0.00413627;-0.00187502;1.00491;0.0219557;0.982765;1;3;1
836.531;1480.06;-0.892284;2.9594;0.00693271;0.0012125;-0.0002188;0.00694106;0.00120414;1.00678;-0.00512229;-0.00128974;1.00323;0.0242168;0.976208;1;3;1
859.531;1480.06;-0.723068;2.84419;0.00651249;0.00129663;0.000750608;0.00661836;0.00119076;1.0059;-0.00310799;0.00168439;0.995729;0.0198958;0.989002;1;3;1
882.531;1480.06;-0.593834;2.83946;0.00814299;0.000188047;0.00165756;0.00847455;-0.000143518;1.00559;-0.00273224;-0.000210671;0.992868;0.0243327;0.977749;1;3;1
905.531;1480.06;-0.350003;2.84237;0.00425292;-0.000940323;0.000381152;0.00428074;-0.000968148;1.00269;-0.00493859;0.00676041;0.998327;0.0225135;0.984286;1;4;1
928.531;1480.06;-0.398625;2.80743;0.00391222;0.00241822;-0.000465186;0.00404522;0.00228521;1.00141;0.00231296;0.00620425;1.00176;0.0257927;0.982689;1;4;1
951.531;1480.06;-0.170452;2.76778;0.0079833;0.00198626;-8.67991e-05;0.00798455;0.001985;1.01356;-0.00303314;-0.00314026;0.998508;0.0204312;0.98623;1;4;1
974.531;1480.06;-0.0329606;2.70496;0.00685184;0.0011222;4.60155e-05;0.00685221;0.00112183;1.00502;0.00119871;0.00626373;0.996555;0.0219992;0.98327;1;4;1
997.531;1480.06;0.143639;2.72327;0.00767544;-0.000401021;0.00124156;0.00786199;-0.000587572;1.00664;-0.00603812;-0.00545357;0.997911;0.0239007;0.984219;1;3;1
1020.53;1480.06;0.318745;2.74792;0.00819317;-0.000410397;-0.000229396;0.00819928;-0.000416509;1.00464;0.00285926;0.00332916;0.994487;0.0210269;0.985881;1;3;1
1043.53;1480.06;0.518954;2.66336;0.00763578;0.0014432;-0.000539671;0.00768246;0.00139652;1.01544;0.00196751;-0.000403374;0.998208;0.0248908;0.98053;1;4;1
1066.53;1480.06;0.668566;2.65441;0.00325507;-0.00044466;0.000791672;0.00341735;-0.000606945;1.00123;-0.00362025;0.00868235;0.99809;0.0264048;0.981357;1;3;1
1089.53;1480.06;0.668355;2.57221;0.00468973;0.00120532;0.00084279;0.00488288;0.00101218;1.00622;-0.00387343;-0.00221991;1.00465;0.0234919;0.981286;1;4;1
1112.53;1480.06;0.883761;2.60275;0.00794246;-0.000370531;0.00167151;0.00826596;-0.000694037;1.00693;0.000740933;-0.000235354;1.00114;0.0237708;0.98485;1;3;1
1135.53;1480.06;1.03226;2.59;0.00795413;0.000933827;0.00196413;0.00846629;0.000421668;1.00501;-0.00169797;0.00128835;1.0039;0.0225796;0.986431;1;3;1
1158.53;1480.06;1.2482;2.58102;0.00743197;0.00349105;0.000835346;0.00760172;0.00332129;1.01075;-0.000699147;0.00226538;1.00368;0.0225358;0.985871;1;3;1
1181.53;1480.06;1.37283;2.52649;0.00588517;0.00207056;0.00162607;0.00648424;0.00147149;1.00604;-0.0044419;0.00291643;1.00123;0.0253078;0.987011;1;2;1
1204.53;1480.06;1.51808;2.51236;0.0077103;0.00113001;0.00176685;0.0081547;0.000685615;1.00408;-0.0051162;-0.00463734;1.00237;0.0231199;0.987049;1;2;1
1227.53;1480.06;1.72614;2.50241;0.00677121;0.000157981;0.000844349;0.00687731;5.18802e-05;1.01187;-0.00769331;0.00472051;0.998492;0.0243198;0.982814;1;3;1
1250.53;1480.06;1.8285;2.49946;0.0070339;-0.00149586;0.000822155;0.00711242;-0.00157438;1.00504;0.000931665;-0.00218651;0.999072;0.0243871;0.981774;1;3;1
1273.53;1480.06;2.04855;2.45554;0.0096147;-0.00189604;3.50119e-05;0.0096148;-0.00189615;1.00758;-0.00234451;0.00230651;1.00057;0.0303908;0.980272;1;3;1
31.5305;1457.06;-4.6681;3.95202;0.00811656;-0.000330693;0.00119009;0.00828103;-0.000495156;1.00194;-0.00204476;0.00471052;0.999355;0.0236624;0.98721;1;3;1
54.5305;1457.06;-4.48218;3.92983;0.00449793;-0.000569835;0.000256245;0.00451085;-0.000582759;1.00931;-0.00458138;0.00329118;0.998369;0.0263669;0.9844;1;3;1
77.5306;1457.06;-4.46178;3.84616;0.0014177;-0.000799789;6.25938e-05;0.00141946;-0.000801555;1.00259;-0.00845283;-1.89284e-05;0.994367;0.0235701;0.988942;1;3;1
100.531;1457.06;-4.41715;3.81909;0.0024844;-0.000634369;0.00181895;0.0033209;-0.00147087;1.00054;0.00138421;0.00135697;0.999277;0.0203954;0.992235;1;3;1
123.531;1457.06;-4.34767;3.79522;0.00310699;-0.00140539;6.90566e-05;0.00310805;-0.00140645;1.00228;-0.00493253;0.00197827;1.0013;0.0208623;0.989238;1;3;1
146.531;1457.06;-4.2745;3.75073;0.00258408;0.000592617;0.000311614;0.0026317;0.000544996;1.00396;-0.00723001;0.00439286;1.00322;0.0251049;0.989887;1;3;1
169.531;1457.06;-4.22902;3.71834;0.00495413;0.000308869;0.000891918;0.0051195;0.000143503;1.00393;-0.00269214;0.00119555;0.997941;0.0290112;0.976919;1;3;1
192.531;1457.06;-4.04721;3.69289;0.00468572;-0.000557816;0.000255314;0.00469812;-0.000570218;1.01034;0.000189882;-0.00254391;0.998751;0.0239577;0.984422;1;3;1
215.531;1457.06;-4.01402;3.65252;0.00278973;-0.000410033;-0.000383161;0.00283497;-0.000455275;0.997312;0.00288676;0.00405673;0.99455;0.027192;0.983103;1;3;1
238.531;1457.06;-3.91915;3.59785;0.00260655;0.000619534;0.00191284;0.0037685;-0.000542415;1.0001;-0.000610969;-0.000984344;1.00019;0.0263308;0.98054;1;4;1
261.531;1457.06;-3.89428;3.63995;0.00222466;-0.00189136;0.00203974;0.00306423;-0.00273093;1.00329;0.00848595;0.000345113;0.998809;0.0296174;0.973925;1;3;1
284.531;1457.06;-3.81695;3.63052;0.00487698;-0.000442758;-0.000413379;0.00490891;-0.000474689;1.01018;0.00144913;0.00340952;1.00177;0.0198422;0.992102;1;4;1
307.531;1457.06;-3.67056;3.55719;0.00527081;-0.00135516;-0.000267294;0.00528158;-0.00136592;1.00251;-0.00341346;0.00162985;0.998136;0.0221173;0.990419;1;3;1
330.531;1457.06;-3.57521;3.53933;0.00275068;-0.000571855;0.00129658;0.00319676;-0.00101794;1.00532;-0.00072174;0.00174333;0.999171;0.0206633;0.991149;1;3;1
353.531;1457.06;-3.5442;3.5661;0.00418798;0.000793457;6.62486e-05;0.00418928;0.000792165;0.99909;-0.000810397;-0.00110335;1.00217;0.0203557;0.992843;1;3;1
376.531;1457.06;-3.38307;3.44378;0.00398819;0.000697877;-0.000580078;0.00408746;0.000598605;1.00722;0.000300503;0.00711631;0.99642;0.0249359;0.989851;1;3;1
399.531;1457.06;-3.36127;3.44449;0.00571219;-0.000277743;0.000344119;0.00573189;-0.000297447;1.00543;-0.00426926;-0.00862823;0.994711;0.021664;0.98878;1;3;1
422.531;1457.06;-3.12105;3.43619;0.00662117;0.000245058;-2.19271e-05;0.00662125;0.000244983;1.0022;-0.00415348;0.000518482;1.00053;0.0192136;0.989485;1;3;1
445.531;1457.06;-3.05772;3.40104;0.00210855;0.0012324;0.00066724;0.00246867;0.000872274;1.00651;-0.00457291;0.00132969;1.00437;0.0204027;0.990619;1;3;1
468.531;1457.06;-3.02417;3.40795;0.00324317;0.00110747;0.00067835;0.00344042;0.000910224;1.00385;-0.00185725;0.000193939;1.00302;0.0208819;0.989169;1;3;1
491.531;1457.06;-2.90877;3.40854;0.00571301;0.00164387;0.000103036;0.00571562;0.00164127;1.00517;-0.00237157;0.00121093;1.00634;0.0213047;0.989878;1;3;1
514.531;1457.06;-2.76218;3.33225;0.00540047;0.000277182;9.21595e-05;0.00540212;0.000275525;1.00644;-0.000918506;0.00275146;1.00282;0.0232182;0.987068;1;3;1
537.531;1457.06;-2.66109;3.32725;0.00604939;0.00105819;0.000753532;0.00616068;0.000946911;1.00538;-0.00274438;-0.000473543;0.999519;0.0202405;0.986254;1;3;1
560.531;1457.06;-2.48475;3.30334;0.00387186;0.0011751;-0.000214218;0.00388877;0.00115819;1.00125;-0.00243872;0.00518464;1.00037;0.0261706;0.975973;1;4;1
583.531;1457.06;-2.4834;3.24444;0.00407132;0.00238548;-0.00119975;0.00469466;0.00176214;1.0145;0.00204402;-0.000601456;1.00628;0.0272709;0.986014;1;4;1
606.531;1457.06;-2.29806;3.16351;0.00555055;-7.4145e-05;-0.000219283;0.00555909;-8.26809e-05;0.993887;0.00137586;0.000265568;0.999296;0.0232382;0.984924;1;4;1
629.531;1457.06;-2.2288;3.20315;0.00538912;-2.57889e-05;9.33849e-05;0.00539073;-2.73989e-05;1.01024;-0.00132765;-0.00143036;1.00086;0.0247961;0.980562;1;4;1
652.531;1457.06;-2.05084;3.13464;0.00672911;0.000193771;-0.000809203;0.00682782;9.50666e-05;1.00095;0.00405371;0.00414834;0.990334;0.0260138;0.978266;1;3;1
675.531;1457.06;-1.92055;3.04814;0.00715148;-0.000265227;0.000358379;0.00716875;-0.000282504;1.00711;-0.00404091;0.00502426;0.999642;0.0261029;0.985251;1;3;1
698.531;1457.06;-1.72317;3.02346;0.00614392;-0.000935591;0.000268413;0.00615408;-0.000945753;1.00386;0.00987563;0.00262825;1.00823;0.0221652;0.986464;1;3;1
721.531;1457.06;-1.6388;3.03166;0.00515056;0.00240722;-0.000501891;0.0052395;0.00231829;1.01088;0.00369741;-0.0021528;1.00624;0.0221596;0.987533;1;3;1
744.531;1457.06;-1.48688;2.97623;0.006053;-0.00116662;0.00118142;0.00624141;-0.00135503;1.00396;-0.00115427;0.00226829;1.00142;0.0196095;0.988361;1;3;1
767.531;1457.06;-1.36121;2.99867;0.00535661;0.00103161;0.00168798;0.00593741;0.000450815;1.00325;0.00208528;-0.00235545;1.00028;0.0202926;0.989576;1;3;1
790.531;1457.06;-1.24114;3.00309;0.00686067;0.000720521;0.000456071;0.00689436;0.00068683;1.00705;-0.00320771;0.00179787;0.998735;0.0201941;0.990325;1;3;1
813.531;1457.06;-1.04673;2.94447;0.0068094;0.000544837;-0.000328732;0.0068266;0.000527634;1.01106;-0.00683045;0.00197257;0.99876;0.0222605;0.985448;1;3;1
836.531;1457.06;-0.929076;2.90135;0.00550926;0.00187074;-0.000265669;0.00552856;0.00185144;1.0015;-0.000756566;0.0020082;1.00012;0.0223835;0.98923;1;4;1
859.531;1457.06;-0.794092;2.85023;0.00488102;6.99327e-05;0.000767728;0.00500056;-4.96071e-05;1.00842;-0.00508779;0.00153251;1.00219;0.0203719;0.984321;1;3;1
882.531;1457.06;-0.705132;2.8418;0.00697748;-0.000415454;0.0013593;0.00721948;-0.000657461;1.00492;0.000365134;-0.00262582;1.00239;0.0215318;0.981;1;3;1
905.531;1457.06;-0.474243;2.86689;0.00755144;0.00031138;0.00194521;0.00804097;-0.000178148;1.01457;-0.00466229;0.00487437;1.00112;0.0250993;0.981964;1;4;1
928.531;1457.06;-0.359119;2.77294;0.00588334;0.000665786;-0.00127767;0.00617941;0.00036971;0.997747;0.00315151;-0.001951;1.00457;0.0273179;0.969353;1;4;1
951.531;1457.06;-0.204667;2.70983;0.00670595;0.000967153;0.000667194;0.00678249;0.000890606;1.01252;0.000271386;0.00101028;1.00871;0.0219742;0.981586;1;3;1
974.531;1457.06;-0.0517175;2.70883;0.00654345;0.000285347;0.00093691;0.00668071;0.000148092;1.00264;-0.00245665;0.00136712;1.00489;0.0233746;0.981678;1;2;1
997.531;1457.06;0.0953514;2.72201;0.00779994;0.00206203;0.00209305;0.0084823;0.00137968;1.00757;-0.00181519;0.000339944;1.00035;0.0205841;0.985238;1;3;1
1020.53;1457.06;0.305677;2.74555;0.00702709;0.00139673;0.00109355;0.00723202;0.00119179;1.00635;-0.00529823;0.00297859;1.00586;0.0234441;0.984008;1;4;1
1043.53;1457.06;0.417352;2.61772;0.00424837;0.00065864;0.00178324;0.00498362;-7.66105e-05;1.00222;-0.00561836;0.00224149;0.998801;0.0276063;0.973866;1;4;1
1066.53;1457.06;0.500618;2.66456;0.00557466;0.00191376;0.00123551;0.00595261;0.00153581;1.01175;-0.00226448;-0.00198557;0.999801;0.0246589;0.980887;1;3;1
1089.53;1457.06;0.673036;2.5568;0.00706132;0.000784554;-0.000330123;0.00707863;0.00076724;1.00491;-0.000445907;0.00582275;0.998912;0.0252536;0.975627;1;3;1
1112.53;1457.06;0.824258;2.60294;0.00660406;0.0010457;0.000834376;0.00672661;0.00092315;1.01018;-0.00251915;-0.000277297;1.00007;0.0229921;0.984517;1;3;1
1135.53;1457.06;0.975821;2.57884;0.00723027;0.000658312;-0.000272584;0.00724156;0.000647026;1.00302;-0.0055394;-0.000658343;1.00095;0.0257276;0.986034;1;2;1
1158.53;1457.06;1.1554;2.44902;0.00629917;0.00110355;-7.70865e-05;0.00630031;0.0011024;1.00472;-0.00708511;0.0019782;0.992753;0.02529;0.979536;1;3;1
1181.53;1457.06;1.26455;2.46968;0.00608517;0.00131546;0.00154568;0.00654226;0.000858375;1.01026;-7.42619e-05;0.00331547;1.00031;0.0256616;0.981173;1;3;1
1204.53;1457.06;1.43447;2.46713;0.00823212;0.000159804;0.00159114;0.00853443;-0.000142505;1.00484;-0.000524523;-0.00332528;1.00126;0.0245742;0.981541;1;2;1
1227.53;1457.06;1.64167;2.49859;0.00782447;0.00156098;0.00291975;0.0089744;0.000411049;1.00981;-0.00310713;0.000530783;1.00393;0.0243339;0.983819;1;3;1
1250.53;1457.06;1.79297;2.51762;0.00749915;0.00031641;0.00144404;0.0077786;3.69654e-05;1.00735;-0.00792768;0.0046104;1.00117;0.0220751;0.984868;1;2;1
1273.53;1457.06;1.98534;2.51721;0.00839901;0.00159158;0.00131303;0.00864349;0.00134711;1.00973;-0.0068707;-0.00559855;1.00026;0.0288808;0.976959;1;3;1
31.5305;1434.06;-4.76445;3.93189;0.00492687;-0.000582614;0.000578177;0.00498689;-0.000642635;1.00702;0.00061281;-0.000825709;0.999307;0.0218683;0.985881;1;2;1
54.5305;1434.06;-4.65142;3.91125;0.00492933;-0.000360454;0.00134595;0.00525211;-0.000683228;1.00349;0.000429846;0.00193059;0.999394;0.0215592;0.990097;1;3;1
77.5306;1434.06;-4.53828;3.88325;0.00215946;-0.00178192;0.000288655;0.00218049;-0.00180295;1.00128;-0.00137141;0.000862916;0.997885;0.0208037;0.990537;1;2;1
100.531;1434.06;-4.55228;3.82035;0.00302632;-0.00121837;-0.000306886;0.00304839;-0.00124044;1.00023;-0.00688879;0.00319342;0.99267;0.0235017;0.986295;1;3;1
123.531;1434.06;-4.39939;3.78469;0.00545853;9.11965e-05;0.000184366;0.00546486;8.4871e-05;1.00606;-0.00242915;0.00109007;0.999679;0.0230109;0.984276;1;3;1
146.531;1434.06;-4.30198;3.72174;0.00265694;-0.00152917;7.09675e-05;0.00265814;-0.00153037;1.00094;-0.000794231;0.00316937;0.99726;0.0226076;0.990877;1;2;1
169.531;1434.06;-4.27739;3.71423;0.0033496;-0.000662658;1.87912e-05;0.00334968;-0.000662746;1.00582;-0.00135055;-0.00142947;1.00252;0.024724;0.983544;1;3;1
192.531;1434.06;-4.14816;3.68933;0.00417454;-0.000858265;0.00114139;0.0044213;-0.00110502;1.00669;-0.00619512;-0.000523727;0.998475;0.022173;0.989226;1;3;1
215.531;1434.06;-4.0858;3.64807;0.0023472;-0.000793029;0.000181695;0.00235768;-0.000803507;0.995343;-0.00589623;0.00178757;1.00104;0.0220444;0.988052;1;3;1
238.531;1434.06;-4.04042;3.59415;0.00290759;-0.00258654;0.00191698;0.00351032;-0.00318928;1.00114;-0.00718253;0.00022009;0.997855;0.0224524;0.986507;1;3;1
261.531;1434.06;-3.95225;3.65467;0.00456105;-3.00062e-06;0.00115424;0.00483635;-0.000278302;1.00417;-0.00485491;-0.00278838;1.00055;0.0208224;0.99254;1;3;1
284.531;1434.06;-3.83109;3.61565;0.00465013;0.000143962;0.000247292;0.00466366;0.000130432;1.00368;-0.00512618;0.00265703;1.00047;0.0228414;0.98851;1;3;1
307.531;1434.06;-3.73887;3.601;0.00414731;-0.000943669;0.000690471;0.00423929;-0.00103565;1.00511;-0.00124835;0.00378055;0.998764;0.0217936;0.988866;1;3;1
330.531;1434.06;-3.64076;3.54629;0.00408908;-0.00145423;0.000355936;0.00411185;-0.001477;1.00246;0.000610129;0.000132393;0.998236;0.0208532;0.987577;1;3;1
353.531;1434.06;-3.55124;3.51366;0.00380419;0.000853892;-0.000142863;0.00381109;0.000846991;1.00558;-0.000342933;0.00347535;1.004;0.020204;0.989203;1;3;1
376.531;1434.06;-3.46619;3.4548;0.00474354;-0.000508259;0.000590596;0.00480913;-0.000573855;1.00466;-0.00195001;-0.000257939;0.999238;0.0248768;0.987103;1;3;1
399.531;1434.06;-3.33364;3.42025;0.00576977;-0.000497138;-0.000234771;0.00577855;-0.00050592;1.00431;0.00383121;0.00150116;1.00264;0.0207282;0.990628;1;3;1
422.531;1434.06;-3.20159;3.3899;0.00372555;-0.000419533;0.00106449;0.00398293;-0.000676919;1.00278;-0.00364229;0.00347737;0.994461;0.0223829;0.989594;1;3;1
445.531;1434.06;-3.16261;3.37246;0.00369628;-2.08347e-05;0.00121228;0.0040567;-0.000381253;1.00371;4.72657e-05;-0.0019765;0.997968;0.0217555;0.985106;1;3;1
468.531;1434.06;-3.03187;3.38627;0.004613;0.00190067;0.000225209;0.00463157;0.0018821;1.00223;-0.00361101;-0.000163221;0.999629;0.019436;0.989893;1;3;1
491.531;1434.06;-2.95091;3.3376;0.00406737;0.000869384;-0.000575057;0.00416763;0.000769121;1.00512;-0.00689722;0.00563992;0.996902;0.0220892;0.988464;1;3;1
514.531;1434.06;-2.84529;3.27501;0.00550208;0.000128392;5.5832e-05;0.00550266;0.000127812;1.00408;0.000209921;0.00458718;0.995162;0.0193644;0.98949;1;3;1
537.531;1434.06;-2.6986;3.24429;0.00709617;0.00175819;0.000784971;0.00720921;0.00164515;1.00728;-0.000248938;-0.00288329;0.997222;0.0199594;0.987425;1;3;1
560.531;1434.06;-2.52003;3.23565;0.00568447;0.000959259;0.000394812;0.00571723;0.000926498;1.00101;-0.00257073;0.00613175;1.00093;0.0186522;0.991602;1;3;1
583.531;1434.06;-2.43795;3.15314;0.0048125;0.00125121;-0.00048517;0.00487741;0.00118629;1.00906;-0.002805;-0.00143205;1.00194;0.0245596;0.982049;1;3;1
606.531;1434.06;-2.29919;3.21115;0.00526862;-0.000225336;0.00146787;0.00563621;-0.000592925;1.00812;-0.00932512;-0.00115208;1.00092;0.0237286;0.986584;1;4;1
629.531;1434.06;-2.19623;3.1602;0.00342535;0.000986813;-0.000598352;0.00356426;0.000847906;1.0035;-0.00120915;0.00181016;1.00016;0.0246177;0.982146;1;4;1
652.531;1434.06;-2.14194;3.14487;0.00489247;-0.000474611;0.000410093;0.00492362;-0.000505765;1.00019;-0.012628;0.000127472;1.00412;0.0230599;0.983806;1;4;1
675.531;1434.06;-1.97174;3.12136;0.0076504;-0.00127235;1.38374e-05;0.00765042;-0.00127237;1.00999;-0.00459901;0.00273884;0.995627;0.0239022;0.986551;1;3;1
698.531;1434.06;-1.7914;3.08424;0.00672519;-0.000862413;0.000369558;0.00674315;-0.000880371;1.00214;-0.00605861;0.00357113;0.995374;0.0238183;0.984206;1;3;1
721.531;1434.06;-1.66362;2.98234;0.0048209;-0.0005047;-1.5854e-07;0.0048209;-0.0005047;1.00592;-0.00218767;0.00486459;0.999771;0.0208993;0.98643;1;3;1
744.531;1434.06;-1.5702;3.02683;0.00537839;-0.000223888;0.00158473;0.0057956;-0.000641094;1.00586;-0.00631642;-0.0041881;1.00198;0.0196743;0.990555;1;3;1
767.531;1434.06;-1.41688;2.99203;0.0064053;-5.59997e-05;0.000193311;0.00641107;-6.17781e-05;1.00431;-0.00833046;0.00440995;1.00204;0.021962;0.986473;1;3;1
790.531;1434.06;-1.27659;2.93445;0.00665445;0.00236089;-0.00011122;0.00665733;0.00235801;1.00678;-0.00372272;-0.00158632;1.00497;0.0201531;0.991385;1;3;1
813.531;1434.06;-1.11187;2.90337;0.00686581;0.000775716;0.000264148;0.00687725;0.000764281;1.00591;0.000541675;0.00327528;1.00341;0.0225254;0.987182;1;3;1
836.531;1434.06;-0.96188;2.87348;0.00565252;0.00145491;0.00041377;0.00569292;0.00141451;1.00715;-0.00180812;-0.000260666;1.00442;0.0256898;0.990197;1;2;1
859.531;1434.06;-0.852626;2.84115;0.00567679;0.00038153;0.00135016;0.00600117;5.71459e-05;1.00336;-0.00312395;0.00389934;0.999255;0.0201875;0.99088;1;3;1
882.531;1434.06;-0.701487;2.8587;0.00559468;-7.0945e-05;0.00116227;0.00582385;-0.000300109;1.00727;-0.00460953;-0.00193467;0.995519;0.021998;0.984163;1;3;1
905.531;1434.06;-0.595988;2.82871;0.00574575;0.0012841;0.00060179;0.00582549;0.00120435;1.00403;0.00329713;0.00777253;1.00252;0.0248659;0.98374;1;4;1
928.531;1434.06;-0.43801;2.77683;0.00656345;0.000268055;0.0005757;0.00661566;0.000215842;1.00492;-0.00609878;-0.00272515;0.996968;0.0220991;0.982841;1;3;1
951.531;1434.06;-0.295173;2.72348;0.00723442;0.000153906;0.000145049;0.00723739;0.000150936;1.0079;-0.00360539;0.00279081;0.995882;0.023629;0.98815;1;3;1
974.531;1434.06;-0.1065;2.6919;0.00620047;0.000254347;0.000928336;0.00634203;0.000112781;1.00246;-0.00512038;0.00434695;0.997302;0.0249893;0.978403;1;3;1
997.531;1434.06;-0.0109271;2.62877;0.00482975;0.00290446;0.00030855;0.00487799;0.00285622;1.00965;0.00199407;-0.000644328;1.00568;0.0250555;0.978359;1;3;1
1020.53;1434.06;0.115134;2.68416;0.00623276;0.00338401;0.00208901;0.00733679;0.00227998;0.994133;0.0035691;-0.000267851;1.00185;0.0281442;0.967523;1;3;1
1043.53;1434.06;0.274892;2.63372;0.00829156;0.000376812;0.000145187;0.00829422;0.00037415;1.01484;0.00581284;0.00342487;1.00396;0.0240869;0.97796;1;3;1
1066.53;1434.06;0.494829;2.56679;0.00791108;0.00239522;-8.59178e-05;0.00791242;0.00239388;1.0089;0.000332458;-0.00142798;1.0033;0.0223425;0.985217;1;3;1
1089.53;1434.06;0.637271;2.53614;0.0073001;0.000957145;0.00121646;0.00752539;0.000731853;1.00671;-0.0012525;0.00602887;0.997937;0.0211553;0.986663;1;3;1
1112.53;1434.06;0.829415;2.55471;0.00582075;0.00164752;0.00112622;0.00610528;0.00136299;1.00411;-0.00402275;-0.00170674;0.996259;0.0229775;0.986377;1;3;1
1135.53;1434.06;0.904244;2.55991;0.00692028;0.000842731;0.000692613;0.00699822;0.000764798;1.00874;7.72618e-05;-0.000455172;1.00104;0.0241276;0.981939;1;3;1
1158.53;1434.06;1.14665;2.5304;0.00753615;-0.0016254;0.000102874;0.00753731;-0.00162655;1.00314;0.00389017;0.00595548;1.00086;0.0227387;0.981741;1;3;1
1181.53;1434.06;1.24952;2.46618;0.00555712;0.000371149;0.000361979;0.00558227;0.000346005;1.00507;-0.0028771;-0.00377692;1.00219;0.025215;0.983824;1;3;1
1204.53;1434.06;1.40156;2.50516;0.00567406;-0.0010395;0.000738002;0.00575423;-0.00111967;1.00484;-0.00541188;0.00287416;0.999894;0.0259832;0.984333;1;3;1
1227.53;1434.06;1.50977;2.43117;0.0068401;0.0013691;0.00181501;0.00738747;0.000821736;1.01113;-0.00686416;-0.00206295;0.998323;0.0253811;0.980143;1;3;1
1250.53;1434.06;1.71513;2.48504;0.00913268;0.00183048;0.000901554;0.00924235;0.00172082;1.00946;0.000371159;0.00830324;1.00327;0.0250872;0.988481;1;3;1
1273.53;1434.06;1.92795;2.38254;0.00930561;0.00368085;2.82902e-06;0.00930561;0.00368085;1.00243;0.0023559;0.000108288;1.0083;0.0296768;0.979212;1;4;1
31.5305;1411.06;-4.76209;3.97893;0.00472046;-0.00168196;-0.000336337;0.00473808;-0.00169958;1.00608;0.000786358;1.55833e-05;0.998776;0.0211585;0.989214;1;3;1
54.5305;1411.06;-4.65379;3.94674;0.00399258;-0.00214649;1.85406e-05;0.00399263;-0.00214654;1.00551;-0.00113427;0.00593266;0.999969;0.0204743;0.99086;1;3;1
77.5306;1411.06;-4.57882;3.92835;0.00363062;-0.00276453;0.000805421;0.0037305;-0.00286441;1.00651;-0.00265074;-0.000861637;1.00079;0.0210803;0.989923;1;3;1
100.531;1411.06;-4.48714;3.87523;0.00253359;-0.00138657;-0.0018241;0.00325106;-0.00210404;1.00412;0.000255993;0.00367011;1.00551;0.0207012;0.992134;1;3;1
123.531;1411.06;-4.46263;3.79117;0.00296088;-0.00144969;3.08937e-05;0.0029611;-0.0014499;0.997997;-0.0035241;0.000865698;1.00067;0.0211068;0.989095;1;3;1
146.531;1411.06;-4.35118;3.82119;0.00434908;-0.00204089;0.00111304;0.0045374;-0.00222921;1.00415;-0.00376108;0.000592847;0.996853;0.0225351;0.98759;1;4;1
169.531;1411.06;-4.26302;3.74885;0.00290982;-0.00138989;-0.00076241;0.003041;-0.00152108;1.00306;0.0047924;0.00224492;0.999405;0.021135;0.987856;1;3;1
192.531;1411.06;-4.2176;3.73271;0.00299322;-0.000360424;0.000129069;0.00299818;-0.000365384;1.00855;0.000716817;0.00375594;0.998266;0.02381;0.986367;1;4;1
215.531;1411.06;-4.12558;3.68915;0.00281183;-0.00138577;0.00127113;0.00316675;-0.00174069;1.00061;0.00240316;-0.000386966;0.997007;0.0191121;0.992344;1;3;1
238.531;1411.06;-4.08844;3.7173;0.00320108;-0.00224804;0.000688759;0.00328679;-0.00233374;1.0018;-0.00303989;-0.00124233;0.996254;0.0249306;0.985145;1;3;1
261.531;1411.06;-3.97859;3.64016;0.00425943;0.00048239;-0.000106243;0.00426242;0.000479404;1.00028;-0.00278791;0.00137737;1.0015;0.0246431;0.985965;1;3;1
284.531;1411.06;-3.89302;3.62396;0.00382857;2.03259e-06;0.00095123;0.00405199;-0.000221387;1.00381;-0.000368166;0.00159163;1.00148;0.0230152;0.988346;1;3;1
307.531;1411.06;-3.80283;3.60081;0.00432103;0.00116992;0.000886999;0.00455355;0.000937397;1.00497;-0.000229035;-0.00375551;1;0.0236984;0.988439;1;4;1
330.531;1411.06;-3.69468;3.60642;0.00393303;-0.000627292;0.000598725;0.00401032;-0.000704588;1.00251;-0.000194705;0.00429836;0.998743;0.0190706;0.990359;1;3;1
353.531;1411.06;-3.62232;3.5269;0.00358952;-0.000696434;-3.10858e-05;0.00358974;-0.000696659;1.00011;-0.00268307;0.00286536;0.998366;0.0241375;0.982843;1;3;1
376.531;1411.06;-3.53007;3.4674;0.00475189;-0.000724421;0.000421135;0.00478409;-0.000756618;1.00713;-0.00645304;0.00204932;1.00047;0.0246483;0.983999;1;3;1
399.531;1411.06;-3.40429;3.46738;0.00575241;-0.00106676;0.000521268;0.00579203;-0.00110637;1.00384;-0.00274371;-0.000664478;0.998113;0.0194166;0.99105;1;3;1
422.531;1411.06;-3.26622;3.45572;0.00505374;-0.00127264;0.000977209;0.00520124;-0.00142015;1.00449;-0.00148276;0.00160568;1.00019;0.0205627;0.989816;1;3;1
445.531;1411.06;-3.17245;3.40215;0.00407018;0.000129362;-0.000324193;0.00409667;0.00010287;1.00664;-0.0027078;0.00343241;1.00122;0.0225634;0.984485;1;3;1
468.531;1411.06;-3.07957;3.32064;0.00447684;0.000775639;0.000381974;0.00451585;0.000736629;1.00067;-0.000623925;0.00384661;1.00404;0.0199172;0.989389;1;3;1
491.531;1411.06;-2.96699;3.36861;0.00478248;-0.000895806;0.000460759;0.00481963;-0.000932951;1.00552;0.00366968;-0.00238261;1.001;0.019894;0.988538;1;3;1
514.531;1411.06;-2.86009;3.32645;0.00425236;-0.000852219;-0.000723968;0.00435305;-0.000952911;0.999942;-0.00308692;0.00149608;1.00172;0.0202531;0.98575;1;3;1
537.531;1411.06;-2.77195;3.24658;0.00541782;0.000491765;0.000294487;0.00543536;0.000474222;1.00425;-0.00492435;0.00420933;1.00235;0.0195579;0.985258;1;3;1
560.531;1411.06;-2.6116;3.25941;0.00673115;-0.00056631;0.000977944;0.00685993;-0.000695093;1.0076;-0.00546653;-0.00146199;1.00178;0.0179153;0.991339;1;3;1
583.531;1411.06;-2.46339;3.18692;0.00405808;-0.00123375;0.000514475;0.00410763;-0.00128331;1.00754;-0.00411081;0.00339313;0.999396;0.0207244;0.99156;1;3;1
606.531;1411.06;-2.42538;3.17405;0.00486704;-5.6591e-05;0.00202246;0.00559127;-0.000780821;0.999353;-0.00298993;0.00190529;1.00261;0.0231501;0.983995;1;3;1
629.531;1411.06;-2.24006;3.15778;0.00650712;2.84528e-05;0.00172926;0.00693979;-0.000404218;1.01385;-0.000135028;0.00312762;1.00128;0.0269032;0.980617;1;3;1
652.531;1411.06;-2.12702;3.15654;0.00562838;0.00152756;0.00027056;0.00564615;0.00150978;0.998897;0.00220029;-0.00515926;1.00667;0.0255781;0.969656;1;3;1
675.531;1411.06;-1.98191;3.10675;0.00506065;0.00202953;-9.13413e-05;0.0050634;0.00202678;1.00363;0.00354236;0.00811613;1.00576;0.0256278;0.981168;1;3;1
698.531;1411.06;-1.89491;3.06347;0.00623761;-0.00036962;0.000634679;0.00629802;-0.000430034;1.00513;-0.00123127;-0.000880217;0.998062;0.0225807;0.988891;1;3;1
721.531;1411.06;-1.6959;3.05491;0.00594627;-0.00101112;0.000230113;0.00595387;-0.00101872;1.00457;-0.00295231;0.00402912;1.00222;0.0212695;0.986615;1;3;1
744.531;1411.06;-1.62226;2.98673;0.00490896;0.000275215;2.33384e-05;0.00490908;0.000275097;1.00658;0.00215826;-0.00025176;1.00013;0.0224918;0.985665;1;3;1
767.531;1411.06;-1.47067;3.00137;0.00661063;0.00106372;-1.85165e-05;0.0066107;0.00106366;1.00565;0.000370934;0.00236427;1.0012;0.0182842;0.989744;1;3;1
790.531;1411.06;-1.31926;2.89469;0.00740314;0.000582893;0.000529081;0.00744394;0.000542094;1.00701;-0.00430181;0.00340713;0.997355;0.019725;0.989496;1;3;1
813.531;1411.06;-1.13147;2.90888;0.00633312;2.69742e-05;0.000593426;0.00638847;-2.83829e-05;1.00369;-0.00441346;-0.000106251;1.00051;0.0209453;0.992079;1;4;1
836.531;1411.06;-1.02889;2.83458;0.00434027;0.00131773;0.000848401;0.00456213;0.00109588;1.00776;-0.00570391;0.00208053;1.00098;0.0216326;0.984675;1;3;1
859.531;1411.06;-0.932308;2.83289;0.00446746;3.3022e-05;0.00179688;0.00510416;-0.000603673;1.00586;-0.00796713;-0.00674543;0.997333;0.0212745;0.987747;1;4;1
882.531;1411.06;-0.823845;2.84522;0.00701375;0.00125121;0.00106324;0.00720367;0.00106129;1.00197;-0.00407271;0.00519715;1.00473;0.0204679;0.986924;1;4;1
905.531;1411.06;-0.610806;2.80806;0.0067097;0.000619336;-0.00042712;0.00673951;0.000589528;1.01167;-0.00445065;0.0081389;1.0001;0.0215103;0.98691;1;3;1
928.531;1411.06;-0.516304;2.76088;0.00673283;0.00115832;0.000437704;0.00676698;0.00112416;1.00295;0.00131314;0.00218338;1.00182;0.0207416;0.991144;1;3;1
951.531;1411.06;-0.302251;2.70286;0.00622789;0.00137228;0.000312263;0.00624789;0.00135229;1.0075;-0.000355305;0.00109871;1.00441;0.0254011;0.972388;1;3;1
974.531;1411.06;-0.230751;2.69748;0.00789549;0.00105213;0.000168883;0.00789966;0.00104797;1.00693;0.000787006;0.00575465;1.00263;0.0244806;0.985101;1;3;1
997.531;1411.06;0.0593785;2.58861;0.00764817;-0.000402759;-0.000419397;0.00766996;-0.000424548;1.00842;0.00171578;-0.00278265;0.997328;0.0279198;0.98217;1;3;1
1020.53;1411.06;0.119606;2.59052;0.00497478;0.00220749;8.21945e-05;0.00497722;0.00220505;0.999892;-0.00149897;0.00261988;1.00266;0.0260916;0.984504;1;3;1
1043.53;1411.06;0.287651;2.60057;0.00636405;0.000946675;-2.75062e-05;0.00636419;0.000946536;1.00431;-0.00220219;0.0025657;0.997133;0.0260407;0.977284;1;3;1
1066.53;1411.06;0.411413;2.5546;0.00571965;0.000275153;0.000504016;0.00576592;0.000228888;1.00565;-0.00326512;-0.00317741;1.00323;0.0242452;0.9871;1;2;1
1089.53;1411.06;0.549924;2.51296;0.00727642;0.000680661;0.000332485;0.00729313;0.000663943;1.00346;-0.00248575;0.00540523;1.00194;0.0254995;0.978026;1;3;1
1112.53;1411.06;0.744911;2.52728;0.00738476;0.000220425;0.0015991;0.00772549;-0.000120296;1.00835;-0.00366526;0.000167297;1.00159;0.0233496;0.981579;1;3;1
1135.53;1411.06;0.88837;2.54017;0.00672295;0.000658586;0.000814576;0.00683046;0.000551076;1.00994;-0.00534011;-0.00381303;1.00095;0.0261163;0.978903;1;2;1
1158.53;1411.06;1.05313;2.52396;0.00693772;0.000600586;0.000866649;0.00705411;0.000484203;1.00704;-0.00726662;0.00366019;1.00227;0.0202474;0.989446;1;3;1
1181.53;1411.06;1.20632;2.45264;0.00608451;0.00131218;0.0014972;0.00651533;0.000881362;1.00061;-0.00458566;0.00169663;1.00014;0.0226783;0.983908;1;3;1
1204.53;1411.06;1.33217;2.51509;0.00543843;0.00189278;0.00102593;0.00571388;0.00161733;1.00914;0.00221527;-0.00303233;1.00342;0.0227091;0.985183;1;3;1
1227.53;1411.06;1.45581;2.43602;0.00720832;0.000140511;0.000346572;0.00722528;0.000123557;1.00497;0.00221809;0.00523528;1.00368;0.0267921;0.985858;1;3;1
1250.53;1411.06;1.6625;2.43368;0.00710099;0.00134334;0.00142405;0.00743394;0.00101038;1.01235;-0.00411493;-0.00212342;0.998952;0.0244533;0.985457;1;4;1
1273.53;1411.06;1.78122;2.34866;0.00518203;-0.00105277;0.00102353;0.00534576;-0.0012165;0.995883;-0.00608257;0.00360467;0.995413;0.03343;0.968984;1;3;1
31.5305;1388.06;-4.79762;4.00934;0.00410548;-0.00203995;0.00147772;0.00444235;-0.00237681;1.01198;-0.00431992;-0.00151626;0.996272;0.0225858;0.988969;1;3;1
54.5305;1388.06;-4.70339;4.01013;0.00249116;-0.00241968;0.00123697;0.00278514;-0.00271366;1.00156;-0.00193196;0.000367239;0.996506;0.022717;0.98799;1;3;1
77.5306;1388.06;-4.68317;4.01082;0.00396498;-0.000800024;0.000208662;0.0039741;-0.000809144;1.00432;-0.00389173;0.00311797;0.998849;0.0252954;0.98251;1;3;1
100.531;1388.06;-4.52153;3.88419;0.00495616;-0.00261825;2.95493e-05;0.00495628;-0.00261836;1.00568;-0.00317381;0.00345324;0.99038;0.0190602;0.990708;1;3;1
123.531;1388.06;-4.45603;3.85145;0.0016447;-0.00281023;-0.000523143;0.00170531;-0.00287084;0.999415;-0.00172205;-0.000239372;0.996301;0.0212609;0.99256;1;2;1
146.531;1388.06;-4.44599;3.81594;0.00349592;-0.000643886;-0.00041358;0.00353684;-0.000684799;1.00791;-0.00376398;0.00378753;0.998867;0.0226975;0.989946;1;3;1
169.531;1388.06;-4.29555;3.77821;0.00493872;-0.00174725;-5.8458e-05;0.00493923;-0.00174776;1.00399;-0.00468373;-0.000154138;0.996531;0.0223639;0.985212;1;3;1
192.531;1388.06;-4.2195;3.70596;0.00169354;-0.000811628;0.000365808;0.00174586;-0.000863951;0.999655;-0.00498203;0.00393365;0.999409;0.0239125;0.983654;1;3;1
215.531;1388.06;-4.21776;3.71205;0.00146175;-0.00138598;0.00113697;0.00186;-0.00178423;0.998809;-0.00300248;0.00429087;0.997873;0.0292891;0.98338;1;3;1
238.531;1388.06;-4.15231;3.69781;0.00397141;0.0007746;-0.0009989;0.00425787;0.000488144;1.00491;-0.00241044;0.00400866;0.998429;0.023102;0.985813;1;3;1
261.531;1388.06;-4.03551;3.63256;0.00424613;-0.000549468;-0.000125651;0.00424942;-0.000552758;1.00592;-0.00135684;-0.000636777;0.996797;0.0226106;0.99038;1;4;1
284.531;1388.06;-3.95747;3.61573;0.00431325;0.000134358;0.000478262;0.00436728;8.03209e-05;1.00065;-0.00267291;0.0032973;0.999051;0.0228372;0.986414;1;3;1
307.531;1388.06;-3.8376;3.54732;0.00410149;-8.92634e-05;0.000658306;0.00420247;-0.000190241;1.00735;-0.00504063;-0.000296657;1.00067;0.0239677;0.986107;1;3;1
330.531;1388.06;-3.76921;3.57533;0.00328332;-0.000102402;0.00148735;0.0038439;-0.000662979;0.999266;-0.00466429;-0.000610686;1.00079;0.0202601;0.988857;1;4;1
353.531;1388.06;-3.68682;3.54591;0.00447395;-0.000270748;0.00012047;0.00447701;-0.000273805;1.00829;-0.0010209;0.00465985;0.998889;0.0242165;0.988667;1;3;1
376.531;1388.06;-3.56394;3.48824;0.00641063;-0.00114964;-0.000312358;0.00642352;-0.00116252;1.00821;0.00100866;0.00526775;1.00031;0.0251876;0.98679;1;4;1
399.531;1388.06;-3.39293;3.46939;0.00453398;-0.00133981;0.0010071;0.00470185;-0.00150768;1.004;0.00100368;-0.00615115;0.999719;0.0237511;0.987207;1;3;1
422.531;1388.06;-3.35587;3.44874;0.00273376;-3.59751e-05;0.000410982;0.00279346;-9.56713e-05;1.00356;-0.00327861;0.0055167;1.00226;0.0219232;0.987549;1;3;1
445.531;1388.06;-3.26746;3.36663;0.00557414;0.000500157;0.000548584;0.00563278;0.000441523;1.01036;-0.00341141;0.00130031;1.00162;0.0197674;0.991836;1;3;1
468.531;1388.06;-3.10027;3.35066;0.00610864;0.000143224;0.000768935;0.00620616;4.57031e-05;1.00046;-0.000470882;-0.00155501;0.997592;0.0193252;0.989676;1;3;1
491.531;1388.06;-2.98732;3.37884;0.00435548;0.000402842;0.000312531;0.00438004;0.000378283;1.00884;-0.000828824;0.00316789;1.00041;0.0276288;0.988038;1;3;1
514.531;1388.06;-2.90037;3.31427;0.00425514;0.00101052;-0.000709686;0.00440358;0.000862085;0.999934;0.000103435;0.0011396;0.998502;0.0191913;0.993981;1;3;1
537.531;1388.06;-2.79226;3.22177;0.00505114;-0.00136575;-0.000850488;0.00516195;-0.00147656;1.00748;-0.000302469;0.00385075;1;0.0261574;0.977909;1;3;1
560.531;1388.06;-2.66863;3.26195;0.00484347;0.000488706;0.000642344;0.00493624;0.000395934;1.00507;-0.00402608;-0.000957483;1.00019;0.0196135;0.988012;1;4;1
583.531;1388.06;-2.57;3.21012;0.00338183;0.000193804;0.000672348;0.00351782;5.78083e-05;1.00239;-0.00432453;0.000671414;0.998602;0.021696;0.988006;1;3;1
606.531;1388.06;-2.51335;3.21425;0.00432108;-0.000677533;8.92003e-05;0.00432267;-0.000679125;1.0005;-0.00214944;0.00209849;0.993474;0.023918;0.987181;1;3;1
629.531;1388.06;-2.37169;3.15923;0.00645637;-0.00139133;0.000609453;0.00650342;-0.00143838;1.01418;-0.00224118;-0.00217104;0.999515;0.0249488;0.988425;1;3;1
652.531;1388.06;-2.21752;3.07472;0.00688672;1.14978e-05;0.000905959;0.0070041;-0.000105878;0.999188;-0.00504092;0.00867036;0.996544;0.0266367;0.96947;1;3;1
675.531;1388.06;-2.05617;3.02817;0.00690651;-0.00113784;0.000902557;0.00700653;-0.00123786;1.00793;-0.000682254;0.00229474;1.00289;0.0268496;0.984761;1;4;1
698.531;1388.06;-1.90092;3.10138;0.00643998;-0.00101567;0.000972693;0.00656479;-0.00114049;1.00198;-0.00401915;-0.00500747;1.00176;0.0299642;0.967924;1;3;1
721.531;1388.06;-1.76088;3.02898;0.00600418;0.000100097;0.000651908;0.0060753;2.89722e-05;1.00851;-0.00171108;0.00225925;0.99991;0.0223581;0.990507;1;3;1
744.531;1388.06;-1.62563;3.0142;0.0055422;-0.00120244;-0.000105563;0.00554385;-0.00120409;1.00635;-0.00450516;0.000112069;1.00046;0.023053;0.985619;1;3;1
767.531;1388.06;-1.50672;2.94322;0.00455335;0.00227838;0.000185477;0.00456838;0.00226336;1.00515;-0.00302587;0.00156097;1.00462;0.0231406;0.986506;1;3;1
790.531;1388.06;-1.41678;2.90786;0.00612487;0.00017949;0.000691313;0.0062042;0.000100164;0.998818;-0.00174908;0.000763679;1.00263;0.0227985;0.986735;1;3;1
813.531;1388.06;-1.22585;2.90227;0.00657614;0.000232603;0.000420577;0.0066039;0.00020484;1.0142;-0.00122341;0.00600215;1.00278;0.0226518;0.990392;1;3;1
836.531;1388.06;-1.11536;2.81316;0.00477816;4.09362e-05;0.000651807;0.00486621;-4.71113e-05;1.00352;-0.00588648;0.00185178;0.998701;0.0191496;0.989937;1;2;1
859.531;1388.06;-1.00662;2.83989;0.00636905;0.000227028;-0.000323056;0.006386;0.000210083;1.00053;0.00418202;-0.000865733;1.00155;0.0193506;0.990016;1;4;1
882.531;1388.06;-0.823312;2.80135;0.00798508;0.00113764;-0.000253366;0.00799444;0.00112828;1.01167;-0.00163646;-0.00153108;0.996132;0.0239386;0.97877;1;4;1
905.531;1388.06;-0.640778;2.80025;0.00524721;0.00100088;-0.000208344;0.00525741;0.000990686;1.00236;-0.00490357;0.00882477;0.996612;0.0258725;0.978505;1;3;1
928.531;1388.06;-0.582635;2.7238;0.00554068;0.000651386;-0.00054019;0.00559965;0.000592415;1.00558;-0.00422352;-0.000142553;0.999858;0.025668;0.976999;1;3;1
951.531;1388.06;-0.38682;2.66049;0.00757877;-0.000809162;0.000673868;0.00763257;-0.000862954;1.00767;-0.00627295;0.00618056;0.996844;0.0247423;0.972828;1;3;1
974.531;1388.06;-0.235392;2.64371;0.00671984;0.000247866;0.00100316;0.00687176;9.59434e-05;1.00899;-0.00725367;-0.000110616;0.997162;0.0209687;0.988561;1;3;1
997.531;1388.06;-0.0787408;2.64736;0.00774661;-0.0013497;0.00114682;0.00788897;-0.00149206;1.00427;-0.00593224;0.00499631;0.99892;0.0224041;0.982588;1;3;1
1020.53;1388.06;0.119542;2.58273;0.00699064;-0.000756506;0.000444373;0.00701604;-0.000781912;1.00701;-0.00279758;-0.00200885;0.996046;0.0251262;0.978989;1;2;1
1043.53;1388.06;0.241677;2.59021;0.00527574;0.000542624;0.000748073;0.00539116;0.000427205;1.00486;-0.00763252;0.00181749;1.00472;0.0242432;0.981617;1;2;1
1066.53;1388.06;0.361581;2.55433;0.00737838;-7.21151e-05;0.00123409;0.00757747;-0.000271207;1.00568;-0.00447119;0.000623795;0.994603;0.0274854;0.975557;1;3;1
1089.53;1388.06;0.579761;2.50488;0.00761163;-7.82822e-05;0.00137043;0.00784856;-0.00031521;1.00826;0.000709954;0.00117019;1.0038;0.0266187;0.977124;1;3;1
1112.53;1388.06;0.710392;2.54472;0.00537843;0.000274173;0.00262938;0.00649059;-0.000837983;1.00657;-0.00334552;0.00376618;1.00425;0.0234833;0.983734;1;3;1
1135.53;1388.06;0.826501;2.52969;0.00588918;0.00171792;0.00155505;0.00640509;0.00120201;1.01022;-0.00237608;-0.00418723;1.00059;0.025324;0.983596;1;3;1
1158.53;1388.06;0.980483;2.50308;0.00604946;0.0032096;-0.000738534;0.00623004;0.00302902;0.996591;-0.00646316;0.00636863;1.00525;0.0254149;0.981544;1;3;1
1181.53;1388.06;1.10377;2.40609;0.00677763;0.000142187;0.000173367;0.00678215;0.000137661;1.01603;-0.00344928;0.000737147;1.00128;0.0266569;0.976229;1;4;1
1204.53;1388.06;1.29113;2.41831;0.00640084;0.00232721;0.00186596;0.00712635;0.0016017;1.00755;-0.00132383;0.000481714;0.998867;0.0269926;0.982779;1;3;1
1227.53;1388.06;1.39727;2.42484;0.00451114;0.000938063;0.00149614;0.00505487;0.000394336;1.00272;-0.00771029;2.1723e-05;0.999015;0.0206156;0.987952;1;3;1
1250.53;1388.06;1.49817;2.4238;0.0058433;0.000786923;0.00244336;0.00683103;-0.000200815;1.00337;-0.00588584;0.000626056;1.00342;0.0241284;0.984831;1;3;1
1273.53;1388.06;1.66528;2.43175;0.00729212;0.000329139;0.000868362;0.00739878;0.000222478;1.00355;-0.00361954;-0.00182586;0.999501;0.026505;0.986589;1;2;1
31.5305;1365.06;-4.89592;4.07306;0.0056718;-0.00149028;0.00127843;0.00589315;-0.00171163;1.00826;-0.00192006;-0.000380838;0.999703;0.0229373;0.990336;1;4;1
54.5305;1365.06;-4.76584;4.05832;0.00376275;4.74524e-05;0.000361946;0.00379768;1.25199e-05;1.00257;-0.00780776;0.00026387;1.00038;0.0198808;0.988849;1;3;1
77.5306;1365.06;-4.72328;3.96539;0.00256564;0.000847017;0.000214416;0.00259199;0.00082067;1.00287;-0.00234855;0.000838284;0.999378;0.0209284;0.99017;1;2;1
100.531;1365.06;-4.64801;3.99611;0.00524807;-0.0022424;0.00114508;0.00541921;-0.00241354;1.00781;-0.0020041;0.00077947;0.999898;0.0211942;0.98587;1;3;1
123.531;1365.06;-4.48252;3.92063;0.00571274;-0.00201042;8.241e-05;0.00571362;-0.0020113;1.00266;-0.00407487;0.00343772;0.998185;0.0218913;0.989405;1;3;1
146.531;1365.06;-4.3862;3.85083;0.00251829;-0.0020991;-0.000350389;0.00254473;-0.00212554;1.00373;0.00106799;0.00201535;1.00081;0.0213952;0.991888;1;3;1
169.531;1365.06;-4.36692;3.82941;0.00150283;-0.00141712;0.000414588;0.00156056;-0.00147484;1.00044;-0.00216744;0.00138485;0.998319;0.0220759;0.993229;1;3;1
192.531;1365.06;-4.31719;3.77016;0.00280445;-0.00275611;0.000930368;0.00295599;-0.00290765;1.00007;-0.00207971;-0.000891712;0.995911;0.0222403;0.98877;1;3;1
215.531;1365.06;-4.23816;3.75309;0.00525582;-0.00102653;2.48329e-05;0.00525592;-0.00102663;1.00537;-0.00249981;0.00405137;1.00053;0.0248968;0.987342;1;2;1
238.531;1365.06;-4.07614;3.68168;0.00412731;-0.000930228;-0.000292796;0.0041442;-0.000947123;1.00622;0.00201289;0.00267895;1.00052;0.0253623;0.983964;1;3;1
261.531;1365.06;-4.04877;3.6655;0.00118492;-0.000999764;-8.55386e-06;0.00118495;-0.000999798;0.999191;-0.00395064;0.000545359;0.998032;0.0225791;0.989311;1;3;1
284.531;1365.06;-4.02171;3.61796;0.0031667;-0.000807921;-0.000213634;0.00317815;-0.000819371;1.00714;-0.00406555;0.00501216;0.998338;0.0233813;0.983315;1;3;1
307.531;1365.06;-3.90338;3.60503;0.0041223;-0.00161012;0.00160518;0.00454118;-0.00202899;0.999655;0.00182273;-0.00386352;1.0007;0.0232326;0.989654;1;3;1
330.531;1365.06;-3.83248;3.61134;0.0039946;0.000640394;-3.33694e-05;0.00399493;0.000640062;1.00405;0.000199734;-0.00224809;0.998856;0.0192662;0.992268;1;3;1
353.531;1365.06;-3.72004;3.53946;0.0055611;0.000301629;0.000226252;0.00557082;0.000291914;1.00627;-0.00455873;0.00378931;1.00132;0.0204085;0.988232;1;3;1
376.531;1365.06;-3.57746;3.52034;0.00401319;0.000453181;0.000764139;0.00417027;0.000296094;1.0045;-0.0050519;0.00157501;0.999611;0.0212984;0.98986;1;3;1
399.531;1365.06;-3.5358;3.52924;0.00372669;0.00140662;0.00070539;0.00392432;0.00120899;1.01035;-0.00143992;0.00207097;1.00154;0.0251335;0.982574;1;4;1
422.531;1365.06;-3.4064;3.45759;0.00470264;0.000341871;-0.000997673;0.00492005;0.000124459;0.998923;-0.0027136;0.000126444;0.998073;0.0209368;0.987269;1;3;1
445.531;1365.06;-3.32023;3.37938;0.00586219;-0.00172991;-0.00131666;0.00608404;-0.00195177;1.00808;-0.000900667;0.00321908;0.998204;0.0212429;0.989681;1;3;1
468.531;1365.06;-3.13774;3.31409;0.00628861;-0.000146659;0.000878715;0.00640644;-0.000264487;1.00685;-0.000781765;0.000569209;1.00645;0.0236263;0.983006;1;4;1
491.531;1365.06;-3.03186;3.35013;0.00405426;0.000318026;0.00101294;0.00431121;6.10752e-05;1.00169;-0.00129767;9.46971e-05;0.998793;0.0219131;0.987459;1;3;1
514.531;1365.06;-2.95164;3.28008;0.00623234;-0.000633039;0.000716886;0.0063064;-0.000707098;1.0053;2.22864e-05;0.00409494;1.00335;0.0219432;0.987068;1;3;1
537.531;1365.06;-2.74608;3.30946;0.00587911;-0.00160393;0.000616041;0.00592948;-0.00165431;1.01018;-0.00526426;0.00083932;1.00268;0.0215165;0.990049;1;3;1
560.531;1365.06;-2.68201;3.23699;0.00378281;0.000885793;-0.000365483;0.00382821;0.000840396;1.00074;0.00258241;0.00186115;1.00009;0.0208803;0.991955;1;4;1
583.531;1365.06;-2.57259;3.17814;0.00430992;0.000772452;0.000163284;0.00431744;0.000764931;1.00874;0.00264581;0.000417351;0.999985;0.0215675;0.986549;1;3;1
606.531;1365.06;-2.48419;3.20526;0.00301288;0.00132396;0.000390314;0.00309872;0.00123812;1.00154;0.00257325;0.000517245;1.00476;0.0214901;0.990586;1;3;1
629.531;1365.06;-2.43422;3.22224;0.00314066;0.000116225;2.45499e-05;0.00314086;0.000116026;1.0057;-0.000444805;-0.00298239;0.999582;0.0245897;0.977748;1;3;1
652.531;1365.06;-2.33997;3.1565;0.00865321;-0.000761368;0.000615479;0.00869327;-0.000801435;1.00127;-0.00729485;0.00727592;0.998594;0.0296688;0.982454;1;3;1
675.531;1365.06;-2.03793;3.15915;0.00779029;-0.00109966;0.000913662;0.00788322;-0.00119259;1.01424;-0.00448875;-0.00353557;0.99617;0.0234952;0.98423;1;3;1
698.531;1365.06;-1.98303;3.1103;0.00426717;0.00070097;0.000194149;0.00427771;0.000690432;1.00345;0.000462688;0.00452622;0.999071;0.0216741;0.987346;1;3;1
721.531;1365.06;-1.84218;3.05054;0.00622112;-0.000102852;2.0567e-05;0.00622119;-0.000102919;1.01079;-0.000708341;0.00196789;1.0025;0.0227876;0.987313;1;3;1
744.531;1365.06;-1.69779;3.04213;0.00542071;0.000961023;-0.000792847;0.00555747;0.000824264;1.0045;-0.00215696;0.00215827;0.998342;0.0220096;0.990167;1;3;1
767.531;1365.06;-1.59376;2.89685;0.00599339;-0.00121464;-0.00120885;0.00619072;-0.00141197;1.00483;-0.0066357;0.00436355;0.994655;0.0284493;0.975751;1;3;1
790.531;1365.06;-1.42318;2.88655;0.00719407;-0.000182789;0.000658718;0.00725243;-0.000241147;1.00877;-0.00176309;4.79806e-05;0.996755;0.0204722;0.990491;1;3;1
813.531;1365.06;-1.26401;2.89837;0.00594248;-0.000591398;0.0001816;0.00594753;-0.000596441;1.00586;-0.002624;-0.000825738;0.995289;0.0210278;0.989262;1;2;1
836.531;1365.06;-1.15066;2.83286;0.00762787;-0.000931783;0.000173288;0.00763137;-0.00093529;1.00895;0.00727983;0.00613593;1.00035;0.0205278;0.98554;1;3;1
859.531;1365.06;-0.914519;2.82245;0.00677457;0.000982608;-0.000221456;0.00678302;0.000974153;1.00781;-0.00120531;-0.000403428;1.00061;0.0227235;0.988519;1;4;1
882.531;1365.06;-0.840096;2.79292;0.00535351;-0.000678885;0.000207781;0.00536066;-0.000686033;1.00349;-0.00971007;0.00210737;0.999169;0.0250378;0.976079;1;3;1
905.531;1365.06;-0.668953;2.76208;0.00510387;-0.00025603;0.000980188;0.0052775;-0.000429657;1.00208;0.00467105;-0.00478458;0.999752;0.0253062;0.97897;1;4;1
928.531;1365.06;-0.605955;2.73102;0.00491952;-0.000419781;0.000163651;0.00492453;-0.000424793;1.00727;-0.005576;0.00375019;1.00565;0.0247197;0.973921;1;3;1
951.531;1365.06;-0.443214;2.74031;0.00589763;0.000121023;0.000799705;0.00600629;1.2357e-05;1.00552;0.00346686;0.001272;1.00317;0.0247392;0.979053;1;3;1
974.531;1365.06;-0.335481;2.6862;0.00736497;-0.000138732;-0.000260613;0.00737401;-0.000147772;1.009;0.0013698;0.00464138;0.998598;0.0264021;0.97967;1;3;1
997.531;1365.06;-0.10575;2.65103;0.00780887;0.00207446;0.000782148;0.00791364;0.00196969;1.00642;-0.00483982;-0.00222125;1.00329;0.0197242;0.988871;1;3;1
1020.53;1365.06;0.0222953;2.62544;0.00647149;0.000945965;0.000836375;0.00659531;0.000822142;1.00778;-0.00429479;0.00399197;1.00405;0.0211728;0.989573;1;3;1
1043.53;1365.06;0.19092;2.57572;0.00417739;0.00226606;0.00103179;0.0046281;0.00181535;1.00545;-0.000531724;-0.00161821;1.0027;0.0245652;0.982629;1;3;1
1066.53;1365.06;0.214007;2.55834;0.0048897;0.000509529;0.000731319;0.00500857;0.000390654;1.00223;-0.00112285;0.00142456;0.999112;0.0269225;0.982692;1;3;1
1089.53;1365.06;0.415262;2.51676;0.00687119;0.000687669;0.000679118;0.0069449;0.000613962;1.0126;-0.00372578;0.000230309;1.0007;0.0261952;0.983996;1;2;1
1112.53;1365.06;0.528983;2.51518;0.00631189;0.000377527;0.000516092;0.00635643;0.000332978;1.00491;0.00180963;0.00836732;0.999866;0.0262631;0.976909;1;3;1
1135.53;1365.06;0.704665;2.46158;0.0102399;0.00120226;0.000171821;0.0102432;0.00119899;1.01014;0.00195095;0.00195835;1.00054;0.0264342;0.97882;1;3;1
1158.53;1365.06;0.997425;2.37659;0.00876864;0.00104476;0.00121525;0.00895533;0.000858064;1.00738;0.0021144;-0.00167237;1.00068;0.0297491;0.974088;1;3;1
1181.53;1365.06;1.10627;2.44621;0.00398302;0.000253017;0.00156469;0.00455246;-0.000316417;0.999127;0.00371472;0.000334954;1.0005;0.0244076;0.984865;1;3;1
1204.53;1365.06;1.18027;2.40841;0.00475085;0.000616482;0.000370018;0.0047837;0.000583627;1.00759;0.00322679;-0.00299775;1.0014;0.0278137;0.977071;1;3;1
1227.53;1365.06;1.32426;2.39308;0.00579088;0.00228787;0.000982929;0.00604784;0.00203091;1.00173;-0.000228679;0.00118644;1.00279;0.0224426;0.989909;1;3;1
1250.53;1365.06;1.44588;2.398;0.00859031;0.00189681;-0.000333917;0.00860693;0.00188019;1.01247;-0.0048165;-0.000938564;1.00087;0.0262387;0.981457;1;3;1
1273.53;1365.06;1.71769;2.33356;0.0118916;0.00165493;-0.000770149;0.0119492;0.00159731;0.998195;-0.00561254;0.00820597;0.994555;0.0260642;0.986557;1;3;1
31.5305;1342.06;-4.94385;4.07818;0.00436268;-0.00119361;-0.000182955;0.0043687;-0.00119963;1.00158;-0.00125958;0.00244212;0.998558;0.0229449;0.990202;1;3;1
54.5305;1342.06;-4.84383;4.00816;0.0038993;-0.000758697;-0.000297508;0.00391823;-0.000777622;1.00715;-1.92399e-05;-0.00088704;0.999513;0.0259058;0.983923;1;3;1
77.5306;1342.06;-4.76495;3.97195;0.00376949;-0.00102727;0.000641003;0.00385368;-0.00111145;1.00365;-0.00104792;-0.00010711;0.997;0.0214769;0.992367;1;3;1
100.531;1342.06;-4.67076;3.9877;0.00342391;-0.000297341;0.000416404;0.00346993;-0.000343367;1.00629;-0.00606955;-0.000294683;0.996825;0.0170152;0.993094;1;3;1
123.531;1342.06;-4.60773;3.94428;0.00361938;0.00126919;0.000203348;0.00363684;0.00125172;0.997282;-0.00122366;0.00438319;1.00194;0.0222687;0.993622;1;3;1
146.531;1342.06;-4.50463;3.91264;0.00422127;-0.00098624;0.000896719;0.00437136;-0.00113633;1.00625;0.00226451;0.00028216;1.00016;0.0218659;0.993253;1;3;1
169.531;1342.06;-4.41407;3.8436;0.00269833;-0.00121931;1.017e-05;0.00269835;-0.00121933;1.00198;0.000799645;0.00348669;0.99846;0.0206536;0.990062;1;2;1
192.531;1342.06;-4.38075;3.8332;0.00231095;-0.00189328;0.00069094;0.00242159;-0.00200392;1.00816;-0.00344674;0.00343077;0.998119;0.0211222;0.99141;1;3;1
215.531;1342.06;-4.30796;3.75938;0.00366336;0.000511878;-0.00072415;0.00382179;0.000353447;0.998644;-8.92513e-05;0.00117462;0.99657;0.0231538;0.988081;1;3;1
238.531;1342.06;-4.21263;3.74066;0.00456968;-0.000327982;0.00148406;0.00498428;-0.000742577;1.01044;-0.00930921;0.00281072;1.00089;0.0242281;0.991616;1;3;1
261.531;1342.06;-4.09831;3.67861;0.00467624;-0.000195318;0.000137531;0.00468012;-0.000199197;1.00503;-0.00282563;-0.00225646;0.998585;0.0208056;0.991043;1;2;1
284.531;1342.06;-3.99811;3.65292;0.00233072;0.0002444;-0.000773476;0.00258619;-1.10739e-05;1.0041;-0.00146361;0.00615382;1.00175;0.0205266;0.989496;1;3;1
307.531;1342.06;-3.99125;3.6217;0.00363125;0.000508434;3.73713e-05;0.00363169;0.000507987;0.998584;-0.00501733;-0.00119144;1.00049;0.0230028;0.991212;1;2;1
330.531;1342.06;-3.8315;3.54592;0.00421093;0.000993942;-0.000981101;0.00448654;0.000718342;1.005;-0.00131169;0.00510456;1.00336;0.0192688;0.99074;1;3;1
353.531;1342.06;-3.79804;3.53217;0.00408268;0.000304159;-0.000368542;0.00411829;0.000268548;1.0005;-0.000477827;-0.00208801;0.997045;0.0191499;0.989612;1;4;1
376.531;1342.06;-3.64414;3.46747;0.00606231;0.000984002;-0.000262011;0.00607579;0.00097052;1.00669;-0.000101936;0.00710367;0.999448;0.0198681;0.990149;1;3;1
399.531;1342.06;-3.52019;3.4049;0.0050219;0.0008425;-0.000289279;0.00504182;0.000822572;1.00677;-0.0013318;-0.000343305;0.997965;0.022775;0.986624;1;3;1
422.531;1342.06;-3.41373;3.43305;0.00502894;0.000816627;0.000627495;0.00512043;0.000725138;1.00576;-0.000253332;0.00097092;1.001;0.0201218;0.98997;1;3;1
445.531;1342.06;-3.28946;3.44628;0.00444697;-0.00131413;3.89537e-05;0.00444724;-0.00131439;1.00485;0.00166962;0.00055644;1.00067;0.021523;0.991989;1;3;1
468.531;1342.06;-3.20968;3.35753;0.00382291;-0.00183233;0.000120716;0.00382548;-0.0018349;1.00048;-0.00145347;0.00276736;0.997943;0.0253501;0.983646;1;3;1
491.531;1342.06;-3.11401;3.36439;0.00443093;0.000125519;0.00135399;0.00482134;-0.000264889;1.00525;-0.00378637;-0.00365278;0.99841;0.0192217;0.988399;1;4;1
514.531;1342.06;-3.00631;3.34352;0.00485258;-0.000463937;0.000199954;0.00486009;-0.000471447;1.0038;-0.00493683;0.0101177;0.996951;0.0207986;0.990025;1;3;1
537.531;1342.06;-2.89138;3.29572;0.00523964;0.00070969;0.000231725;0.00525146;0.000697868;1.00367;-0.00214051;-0.00500229;0.997932;0.0228032;0.988036;1;3;1
560.531;1342.06;-2.76607;3.22133;0.00599531;-0.000147833;-0.000113669;0.00599741;-0.000149935;1.00566;-0.00283971;0.00601778;1.00149;0.0222197;0.982345;1;3;1
583.531;1342.06;-2.61658;3.17463;0.00569;0.000156928;1.41129e-05;0.00569004;0.000156892;1.00913;-0.00104092;0.00294384;0.99894;0.0220059;0.979416;1;3;1
606.531;1342.06;-2.50512;3.15339;0.00422692;0.000865343;0.00133291;0.00469129;0.000400975;1.00314;-0.00544856;-0.00149496;1.00314;0.0199878;0.989045;1;3;1
629.531;1342.06;-2.42255;3.15391;0.00368024;0.00321953;-0.000204021;0.0037576;0.00314217;1.00541;-0.00197759;0.001707;1.00161;0.0225249;0.985388;1;3;1
652.531;1342.06;-2.33616;3.10991;0.00517057;0.000676872;-0.000798189;0.00530814;0.000539306;1.00197;0.00121052;0.000969063;1.00292;0.02326;0.983114;1;4;1
675.531;1342.06;-2.18538;3.07896;0.00674547;0.00229269;0.000677909;0.00684639;0.00219177;1.01085;-0.00566356;-0.00643999;1.00519;0.0231005;0.986492;1;3;1
698.531;1342.06;-2.02693;3.06932;0.00774515;0.000999113;5.54111e-05;0.00774561;0.000998658;1.00352;-0.00312531;0.00696347;0.999411;0.0218125;0.989659;1;4;1
721.531;1342.06;-1.83049;3.03376;0.0070013;0.000539039;-7.41542e-05;0.00700215;0.000538189;1.00758;0.00164531;-0.0012394;1.00231;0.0220649;0.986656;1;3;1
744.531;1342.06;-1.7061;2.97009;0.0061026;0.00192206;0.00139385;0.00652471;0.00149996;1.00821;0.000311123;0.00401899;1.00615;0.0249618;0.985956;1;3;1
767.531;1342.06;-1.55064;2.99915;0.00502759;-0.00117186;0.00104132;0.00519783;-0.00134209;1.00151;0.00532643;0.000746468;1.00829;0.023744;0.982463;1;3;1
790.531;1342.06;-1.47544;2.91631;0.00555649;0.000242274;0.00082217;0.00568078;0.000117982;1.00807;-0.00275041;-0.00161535;1.00402;0.0217964;0.984955;1;3;1
813.531;1342.06;-1.2958;2.92954;0.00586521;0.00040499;0.0008443;0.00599278;0.000277419;1.00457;0.00115958;0.00302795;1.00504;0.0211622;0.986941;1;3;1
836.531;1342.06;-1.20646;2.85613;0.00588452;-0.00162307;-0.000347164;0.00590054;-0.00163909;1.00855;-0.00721236;0.00309038;0.994719;0.0217433;0.987272;1;3;1
859.531;1342.06;-1.0261;2.79472;0.00663346;-0.000140053;0.002052;0.0072066;-0.0007132;1.00632;0.000797562;-0.000309167;1.00063;0.0200226;0.991961;1;3;1
882.531;1342.06;-0.902335;2.83265;0.00510061;-0.000514058;0.00208216;0.00578849;-0.00120194;1.0071;0.00190461;-0.00417395;1.00113;0.0219051;0.987542;1;3;1
905.531;1342.06;-0.792069;2.81227;0.00617432;0.000564198;0.00106197;0.00636862;0.000369901;1.00182;-0.00667915;0.00189048;1.00161;0.0248443;0.984268;1;3;1
928.531;1342.06;-0.619274;2.74313;0.00627642;0.00080547;-0.000724102;0.00637063;0.000711254;1.00757;0.00175923;0.00412945;0.993833;0.024533;0.976799;1;3;1
951.531;1342.06;-0.504521;2.65508;0.0069624;0.000106974;4.86547e-05;0.00696274;0.000106629;1.00441;-0.0107853;0.00695419;0.998663;0.0267282;0.973282;1;3;1
974.531;1342.06;-0.300204;2.65014;0.00641338;0.000343318;-0.000922352;0.00655044;0.00020626;1.00539;-0.00404718;0.00499568;1.00203;0.0238883;0.983037;1;3;1
997.531;1342.06;-0.21056;2.55222;0.00585456;0.00139305;0.000339249;0.00588021;0.0013674;1.01076;-0.00360301;-0.00541713;1.00375;0.0235578;0.982727;1;3;1
1020.53;1342.06;-0.0318107;2.53948;0.00634137;-0.000236157;0.000547436;0.00638662;-0.000281408;1.00328;0.00199443;0.00716326;0.995564;0.0225421;0.982969;1;3;1
1043.53;1342.06;0.080177;2.48637;0.00583715;0.00163359;0.00121601;0.00616356;0.00130717;1.00281;0.0025398;-0.00299899;0.99861;0.0270053;0.978038;1;3;1
1066.53;1342.06;0.235918;2.53107;0.00861576;0.00124882;0.000977939;0.00874337;0.00112121;1.00642;0.00188361;-0.00108766;1.00651;0.0264751;0.977311;1;3;1
1089.53;1342.06;0.474808;2.47338;0.00812928;0.000578905;0.00131667;0.0083523;0.000355887;1.01187;-0.00447188;0.00449491;1.00092;0.0284089;0.979579;1;2;1
1112.53;1342.06;0.608357;2.52747;0.00432864;0.00130582;-1.13317e-05;0.00432868;0.00130578;1.00819;-0.00499927;0.00118223;1.0045;0.026502;0.983442;1;3;1
1135.53;1342.06;0.673496;2.47467;0.00536414;0.00125063;-0.000411005;0.00540481;0.00120996;0.998976;-0.00332177;-0.00063516;1.0025;0.0266357;0.974908;1;3;1
1158.53;1342.06;0.854393;2.45522;0.00695163;-9.1938e-05;0.00117213;0.00714156;-0.000281873;1.01096;-0.00356954;0.00225115;0.995398;0.0238301;0.986829;1;3;1
1181.53;1342.06;0.992098;2.39459;0.00763736;0.00083209;0.00157665;0.00798489;0.000484558;1.01037;-0.013079;0.0036138;1.00114;0.0276618;0.98583;1;4;1
1204.53;1342.06;1.20433;2.39004;0.00665135;0.000788108;-0.00039049;0.00667724;0.000762215;1.00325;-0.00442948;0.00517546;0.999496;0.0247924;0.982771;1;4;1
1227.53;1342.06;1.29699;2.31983;0.00578191;6.97233e-05;-5.63088e-05;0.00578246;6.91682e-05;1.01017;0.000463315;0.0019488;0.999794;0.0295779;0.978993;1;3;1
1250.53;1342.06;1.46951;2.33664;0.00677825;0.000799905;-4.26405e-05;0.00677856;0.000799601;1.00534;0.00445045;-0.00405244;0.999805;0.0275145;0.98172;1;3;1
1273.53;1342.06;1.60772;2.35572;0.00602788;-0.000113165;0.00127756;0.00628305;-0.00036834;1.00474;-0.000324791;0.0012584;1.00127;0.0301855;0.983181;1;3;1
31.5305;1319.06;-5.01842;4.12816;0.00759978;-0.00236073;-0.000549241;0.00762997;-0.00239093;1.00678;-0.00234235;0.000908094;0.998859;0.0243384;0.985657;1;3;1
54.5305;1319.06;-4.84431;4.0933;0.00471043;-0.00320018;-0.00136138;0.00493816;-0.00342791;1.00338;0.00271846;0.00192282;0.998445;0.021972;0.990176;1;3;1
77.5306;1319.06;-4.8024;4.01274;0.00284383;-0.00133543;-0.000457214;0.00289326;-0.00138486;1.00733;-0.00140531;-0.0016585;0.999362;0.0210968;0.988184;1;3;1
100.531;1319.06;-4.71376;4.00983;0.00493802;1.97091e-05;-0.000536498;0.00499587;-3.81327e-05;1.00449;-0.00546701;0.00751398;1.00048;0.0190145;0.99351;1;3;1
123.531;1319.06;-4.57605;3.86238;0.00316549;-0.000336652;0.00017801;0.00317451;-0.000345677;0.993864;-0.0079021;-0.000306035;0.997342;0.0274263;0.975266;1;4;1
146.531;1319.06;-4.56852;3.89658;0.00281001;9.51843e-05;0.000544812;0.00291526;-1.00681e-05;1.00389;-0.00706782;-0.00741887;0.999179;0.0235509;0.986938;1;3;1
169.531;1319.06;-4.44698;3.8856;0.00226468;-0.0014479;0.000534211;0.00234002;-0.00152324;1.00628;-0.00368206;0.00440317;0.999507;0.0191668;0.993273;1;3;1
192.531;1319.06;-4.46447;3.85757;0.00399077;0.000239104;-0.00113737;0.00430865;-7.87744e-05;1.0039;-0.00138742;0.00498926;1.00344;0.0215377;0.987682;1;3;1
215.531;1319.06;-4.26403;3.72956;0.00375313;-0.000149569;-0.00164878;0.00435643;-0.00075287;1.00283;0.00103048;0.000543029;0.999643;0.0200011;0.991527;1;3;1
238.531;1319.06;-4.29243;3.69728;0.00251141;-0.000294449;-0.000617319;0.00264122;-0.00042426;1.00464;0.00137675;0.00132227;0.996896;0.0208478;0.988936;1;3;1
261.531;1319.06;-4.14868;3.67459;0.00621505;-0.000838447;-0.000749835;0.00629388;-0.000917279;1.00301;0.00185754;-0.00216662;0.999679;0.022143;0.987602;1;3;1
284.531;1319.06;-4.00751;3.60672;0.00294575;0.000204743;-0.000813784;0.00316914;-1.86564e-05;1.00562;0.0044112;0.00716564;1.0016;0.0196199;0.992968;1;3;1
307.531;1319.06;-4.01347;3.58178;0.00382663;0.000949464;0.000110231;0.00383085;0.000945247;1.00216;-0.00188112;-0.00175711;0.998657;0.0224614;0.987012;1;1;1
330.531;1319.06;-3.83184;3.56564;0.00542938;-0.000124933;-0.000558125;0.00548491;-0.000180461;0.998273;0.00149116;0.000127341;0.998126;0.0166843;0.995015;1;3;1
353.531;1319.06;-3.76443;3.52549;0.00330539;-0.000348826;-0.00094597;0.00353576;-0.000579188;1.00946;0.0001599;0.0034425;1.00341;0.0208562;0.987292;1;3;1
376.531;1319.06;-3.68013;3.47521;0.00481254;-0.000412574;0.000480922;0.00485643;-0.000456469;1.00412;0.00042435;0.00139594;1.00095;0.0199357;0.990716;1;4;1
399.531;1319.06;-3.54359;3.49051;0.00561413;-0.00170145;0.000431163;0.00563945;-0.00172677;1.00618;-0.00569742;0.00122148;0.996169;0.0178473;0.989185;1;3;1
422.531;1319.06;-3.42263;3.42004;0.00315154;-0.000564333;0.000796599;0.00331511;-0.000727905;1.00389;-0.00276038;0.00348849;0.994641;0.01683;0.99234;1;3;1
445.531;1319.06;-3.39888;3.43994;0.00419127;-6.46377e-05;0.00121985;0.00451611;-0.000389482;1.00524;-0.00547034;-0.00306811;0.9937;0.019097;0.991129;1;3;1
468.531;1319.06;-3.23024;3.39854;0.00499363;-0.00130651;-0.000220325;0.00500132;-0.00131421;1.0081;0.00245047;0.00179217;0.998177;0.0185198;0.992454;1;3;1
491.531;1319.06;-3.16984;3.34456;0.00418478;0.00096968;-3.86792e-05;0.00418524;0.000969215;0.997319;-0.00251815;0.000805268;1.00324;0.0191672;0.98677;1;3;1
514.531;1319.06;-3.03825;3.30151;0.00612643;0.00157053;0.000160136;0.00613205;0.00156491;1.01216;0.00375133;0.00377168;1.00513;0.0198585;0.986694;1;4;1
537.531;1319.06;-2.88893;3.27704;0.00536892;-0.00019821;-3.11315e-05;0.00536909;-0.000198384;1.00562;-0.00393265;0.000253719;1.00053;0.0201538;0.991661;1;4;1
560.531;1319.06;-2.79197;3.24392;0.00539742;-0.00160507;-0.000548319;0.0054401;-0.00164774;1.00568;-0.00499345;-0.00226609;0.994805;0.0197635;0.988737;1;3;1
583.531;1319.06;-2.64144;3.17097;0.00359541;-0.000736253;0.000192598;0.00360395;-0.0007448;1.00146;-0.00393757;0.00329123;1.00041;0.0210473;0.987999;1;3;1
606.531;1319.06;-2.62695;3.1657;0.00397635;-0.00122065;0.000452307;0.00401543;-0.00125972;1.00543;-0.000897051;0.0043688;0.996049;0.0237143;0.98759;1;3;1
629.531;1319.06;-2.45899;3.07439;0.00622437;0.000901668;0.000695359;0.00631371;0.000812326;1.00477;-0.00324238;0.00104415;1.0041;0.0222806;0.985393;1;3;1
652.531;1319.06;-2.34153;3.12538;0.0069524;0.000212731;4.60869e-05;0.00695272;0.000212415;1.01064;-0.00719786;-0.0009206;1.00258;0.0224839;0.985815;1;3;1
675.531;1319.06;-2.14029;3.05392;0.0067309;0.000433552;0.000208937;0.00673782;0.000426627;1.00781;-0.000169508;0.00256574;1.00032;0.0220127;0.990808;1;4;1
698.531;1319.06;-2.03298;3.06439;0.00449468;0.000812655;0.00170232;0.0051611;0.000146237;1.00372;-0.0012251;-0.00162474;1.00213;0.0210701;0.990901;1;3;1
721.531;1319.06;-1.934;3.02585;0.00377646;-0.000103131;0.000770335;0.00392382;-0.000250492;1.00494;-0.0132849;0.00562175;0.998031;0.0241921;0.98336;1;3;1
744.531;1319.06;-1.85972;2.95409;0.00417248;-0.00016569;0.000870961;0.00434081;-0.000334019;1.00386;-0.00608848;0.00174924;0.995219;0.0253306;0.979237;1;4;1
767.531;1319.06;-1.74253;2.95103;0.00637128;0.00114386;-0.000402224;0.00640205;0.0011131;1.0074;-0.00502608;0.00153383;0.999532;0.0283033;0.979097;1;3;1
790.531;1319.06;-1.56764;2.87563;0.00745151;7.60645e-05;0.000457365;0.00747976;4.78106e-05;1.00733;-0.00283291;0.000563934;1.00025;0.0243397;0.983307;1;3;1
813.531;1319.06;-1.40108;2.87995;0.00686965;0.00123826;0.00160293;0.00729394;0.000813969;1.00764;-0.00393473;0.000116899;0.999087;0.0218546;0.987627;1;2;1
836.531;1319.06;-1.25272;2.9077;0.0060119;0.00051779;0.000491651;0.00605555;0.00047414;1.00689;-0.00144731;0.00137377;1.00685;0.0208915;0.987298;1;3;1
859.531;1319.06;-1.12539;2.82938;0.00522198;-0.000900427;0.000370142;0.00524427;-0.000922724;1.00558;-0.00611593;0.00390412;0.998953;0.0225786;0.982971;1;3;1
882.531;1319.06;-1.01323;2.8169;0.00589559;0.00178158;0.000230885;0.0059085;0.00176866;1.00862;-0.00895689;0.00174246;1.00077;0.0247441;0.982423;1;3;1
905.531;1319.06;-0.855079;2.73651;0.00692144;0.00076259;2.01683e-05;0.00692151;0.000762524;1.00531;-0.00816935;0.00377749;0.996566;0.0235979;0.977529;1;3;1
928.531;1319.06;-0.696097;2.69407;0.00687243;0.00225642;0.00141421;0.00727125;0.0018576;1.00928;-0.00653324;-0.00042786;1.00254;0.024088;0.983756;1;3;1
951.531;1319.06;-0.540026;2.73549;0.0074777;-0.000668882;0.000505193;0.00750891;-0.000700091;1.00873;0.000341501;-0.00398486;0.996857;0.02464;0.980446;1;3;1
974.531;1319.06;-0.353405;2.67041;0.00639691;-0.0010612;7.85765e-05;0.00639774;-0.00106203;1.00053;0.0015928;0.00814403;0.998378;0.0234626;0.98009;1;3;1
997.531;1319.06;-0.246941;2.58721;0.00567349;-0.00160098;0.000603649;0.00572324;-0.00165073;1.00788;0.00376186;-0.000620535;0.994414;0.0268604;0.97734;1;3;1
1020.53;1319.06;-0.0931733;2.63645;0.00694427;-0.00309518;0.000619328;0.00698233;-0.00313324;1.00165;-0.00906369;0.00223379;0.993529;0.0292726;0.969488;1;3;1
1043.53;1319.06;0.0713134;2.50079;0.00447247;-0.00116324;-0.000802618;0.00458455;-0.00127532;1.00694;-0.00314958;0.00370457;1.00171;0.0230749;0.984459;1;3;1
1066.53;1319.06;0.111904;2.50105;0.00479891;-0.000479694;0.00102321;0.00499031;-0.000671093;1.00773;-0.00682866;-0.00236127;1.00007;0.0200654;0.988497;1;3;1
1089.53;1319.06;0.291535;2.4903;0.00915964;-0.000112956;0.00208352;0.00960629;-0.000559603;1.00996;-0.00612062;0.00283815;1.00159;0.0240588;0.979846;1;3;1
1112.53;1319.06;0.531313;2.45515;0.00826994;0.00109667;0.000366593;0.00828862;0.00107799;1.00268;0.00536714;-0.00334838;0.99889;0.0263378;0.976164;1;3;1
1135.53;1319.06;0.670312;2.4041;0.00609577;0.00116058;-0.000317534;0.00611611;0.00114023;1.00383;0.000599928;0.00653345;1.0017;0.0232257;0.983274;1;3;1
1158.53;1319.06;0.810809;2.3812;0.00495265;-2.81945e-05;0.000748666;0.00506275;-0.000138292;1.00995;-0.00391617;-0.000567697;0.998784;0.0244189;0.978478;1;3;1
1181.53;1319.06;0.897572;2.40842;0.00721765;-0.00073185;0.0010235;0.00734731;-0.000861511;1.00945;0.0125044;-0.000599688;1.0009;0.0240072;0.984093;1;3;1
1204.53;1319.06;1.14163;2.37219;0.00826746;-0.000381284;0.00196065;0.00869117;-0.000804998;1.00383;-0.00436911;0.00366973;1.0024;0.0224781;0.985782;1;3;1
1227.53;1319.06;1.27631;2.3899;0.00750239;-1.27922e-05;0.000748118;0.00757614;-8.65417e-05;1.00983;-0.00177484;-0.00179409;1.00022;0.0214039;0.988019;1;3;1
1250.53;1319.06;1.48545;2.36124;0.00791153;0.000362312;0.000358605;0.00792853;0.000345316;0.999844;-0.000827537;-0.000129518;0.999855;0.0216817;0.993009;1;3;1
1273.53;1319.06;1.63879;2.33884;0.00668928;0.000937133;-0.000574434;0.00674608;0.000880328;1.01431;-0.00236177;-0.000338123;0.998974;0.0269025;0.98313;1;3;1
31.5305;1296.06;-4.96273;4.1869;0.00562771;-0.000439989;-0.0011223;0.00582864;-0.000640919;1.00504;-0.00291817;-0.00140221;1.00156;0.0254157;0.985179;1;3;1
54.5305;1296.06;-4.83368;4.1556;0.00341601;-0.00163394;-0.000376821;0.00344397;-0.0016619;1.00143;-0.00560846;0.00270223;0.996259;0.0229914;0.984918;1;3;1
77.5306;1296.06;-4.80612;4.03344;0.00136425;-0.00181204;-0.0015258;0.00197844;-0.00242623;1.00388;-0.00205249;0.00544221;0.998682;0.0217505;0.992441;1;3;1
100.531;1296.06;-4.77128;3.9869;0.00150697;0.000501835;0.000642986;0.0018205;0.000188312;1.00211;0.000226523;0.00507643;1.00026;0.0238468;0.984775;1;3;1
123.531;1296.06;-4.73691;3.95995;0.00522857;-0.00226817;0.000735264;0.0053;-0.0023396;1.00179;0.000405499;-0.000421742;0.997947;0.0258428;0.982029;1;3;1
146.531;1296.06;-4.53146;3.90827;0.00512111;-0.000113701;-9.4742e-05;0.00512282;-0.000115415;1.00589;-0.000668869;0.00269642;0.999929;0.0248184;0.98893;1;3;1
169.531;1296.06;-4.50197;3.91033;0.00216651;0.00136992;0.000119403;0.00218403;0.00135241;1.00053;0.00213344;-0.00250471;1.00135;0.0221958;0.988515;1;3;1
192.531;1296.06;-4.43198;3.82223;0.00404469;0.000610274;-0.00129126;0.00447601;0.000178956;1.00251;0.000601153;0.00602308;1.00224;0.020381;0.986945;1;2;1
215.531;1296.06;-4.31651;3.76626;0.00482116;-4.51533e-05;-8.0326e-05;0.00482249;-4.64789e-05;1.00563;-0.000993869;0.00117142;1.00535;0.0213224;0.991675;1;3;1
238.531;1296.06;-4.21079;3.75421;0.00428877;-0.000870531;-0.00109314;0.00451082;-0.00109259;1.00337;-0.00211463;0.00488137;0.999549;0.0225784;0.992558;1;3;1
261.531;1296.06;-4.11967;3.7172;0.00424602;-0.000102701;-0.000718036;0.00436151;-0.000218192;1.0076;-0.00137055;-0.00367082;1.00331;0.0246102;0.984522;1;3;1
284.531;1296.06;-4.01602;3.64351;0.00168773;-0.00113237;-0.000613147;0.00181527;-0.00125991;1.00158;-0.00538436;0.00784027;0.997673;0.0241355;0.988013;1;3;1
307.531;1296.06;-4.04231;3.57808;0.00391436;-0.0020444;-6.6752e-05;0.00391511;-0.00204514;1.00028;-0.00390177;-6.43818e-05;0.998777;0.0215976;0.984621;1;3;1
330.531;1296.06;-3.8364;3.55167;0.00525119;0.000414972;0.00137463;0.00561461;5.15597e-05;1.00534;-0.00526186;0.00250961;1.00209;0.017798;0.992198;1;3;1
353.531;1296.06;-3.8014;3.54822;0.00246976;0.000405358;0.000628586;0.00264609;0.000229023;1.00408;-0.00119526;-0.00100878;0.999784;0.0187654;0.995315;1;3;1
376.531;1296.06;-3.72298;3.48652;0.00407431;-0.00106249;0.000356322;0.00409891;-0.00108708;1.00457;0.000446238;0.0023595;0.998063;0.0240452;0.986578;1;3;1
399.531;1296.06;-3.61441;3.48333;0.00404781;0.000465532;0.000736542;0.00419334;0.000320006;1.00613;0.00165464;0.0010635;1.00276;0.0181855;0.990407;1;3;1
422.531;1296.06;-3.53716;3.45918;0.00417815;-0.000576277;0.00138611;0.00455274;-0.000950873;1.00071;-0.000398263;0.0014055;1.00235;0.0203844;0.989521;1;3;1
445.531;1296.06;-3.42262;3.44945;0.00551272;0.000916666;0.000364882;0.00554151;0.000887879;1.0074;-0.00019392;-0.00191344;1.00419;0.0238033;0.988908;1;3;1
468.531;1296.06;-3.28429;3.41773;0.0046983;-0.000341493;0.000515786;0.00475054;-0.000393738;1.00233;-0.00493711;0.00481587;0.999398;0.0190412;0.988771;1;4;1
491.531;1296.06;-3.20719;3.3199;0.00427784;-0.000184328;-0.000800142;0.00441698;-0.000323468;1.00136;-0.000116242;0.00594531;0.997835;0.0216445;0.985368;1;4;1
514.531;1296.06;-3.08816;3.2714;0.00569854;3.52085e-05;0.000850247;0.00582343;-8.96864e-05;1.00888;-0.00451565;-0.00322391;0.999965;0.0219597;0.986965;1;3;1
537.531;1296.06;-2.9458;3.30487;0.00581971;-8.22671e-05;0.00227749;0.00659636;-0.000858917;1.00813;-0.00697126;0.00126786;1.0004;0.0214526;0.986728;1;3;1
560.531;1296.06;-2.82124;3.29525;0.00509506;0.000504547;-8.42328e-05;0.0050966;0.000503002;1.00509;0.000822313;-0.000559348;1.00039;0.020654;0.987583;1;3;1
583.531;1296.06;-2.71212;3.2086;0.00389142;-0.00125424;0.000976303;0.00407043;-0.00143325;1.00259;-0.0016617;0.00722549;0.997823;0.0207893;0.987479;1;2;1
606.531;1296.06;-2.64266;3.20978;0.00405137;-0.000325427;-0.000300166;0.00407186;-0.000345917;1.00419;-0.00462266;-0.000696734;1.00812;0.0241382;0.982532;1;3;1
629.531;1296.06;-2.52624;3.11257;0.00615108;-0.00241588;-0.000439032;0.00617352;-0.00243832;1.00218;-0.00230724;-0.00148559;0.991332;0.0243863;0.982457;1;3;1
652.531;1296.06;-2.3607;3.10013;0.00569402;-8.28479e-06;0.000277759;0.00570752;-2.17824e-05;1.00912;0.00398519;0.000942844;0.997114;0.0223828;0.984357;1;3;1
675.531;1296.06;-2.26508;3.05909;0.00326475;0.00107959;0.0013653;0.00392082;0.000423525;1.00985;-0.00263088;0.00223854;0.998364;0.0258871;0.983947;1;4;1
698.531;1296.06;-2.21082;3.03232;0.00553955;-6.63011e-06;0.00173049;0.00603519;-0.000502272;1.00137;-0.00842696;0.00163785;0.997124;0.0226632;0.98611;1;3;1
721.531;1296.06;-2.01097;3.03886;0.00764783;0.000240137;0.000372922;0.00766656;0.00022141;1.01029;0.00360464;9.85707e-05;1.0001;0.0213317;0.989814;1;4;1
744.531;1296.06;-1.86038;2.97797;0.00915338;-0.000825462;-0.000943158;0.00924174;-0.000913822;1.00494;-0.000625706;0.0035554;1.00255;0.0213189;0.989023;1;3;1
767.531;1296.06;-1.59192;2.94658;0.00594513;-0.000630785;-0.000488141;0.00598117;-0.000666823;1.00355;-0.00283843;0.000822721;0.997402;0.0258779;0.981405;1;3;1
790.531;1296.06;-1.58776;2.91295;0.00395555;-0.000372544;0.000790698;0.00409548;-0.000512473;1.00231;-0.00496947;0.000282972;0.998429;0.0223032;0.98737;1;3;1
813.531;1296.06;-1.41038;2.87276;0.00623907;-0.000999417;0.000417926;0.00626312;-0.00102347;1.0106;0.000372567;0.00177876;0.999033;0.02365;0.987545;1;3;1
836.531;1296.06;-1.30172;2.83242;0.00567184;0.00249409;0.000724497;0.00582922;0.0023367;1.00415;-0.00215415;-0.00297063;1.0018;0.0243744;0.981317;1;3;1
859.531;1296.06;-1.15022;2.83632;0.0062336;0.00130142;0.00060974;0.00630786;0.00122716;1.00939;0.000194806;0.00517146;1.00374;0.0235367;0.984494;1;4;1
882.531;1296.06;-1.01594;2.75091;0.00510583;0.000955082;0.00043197;0.00515031;0.000910603;1.00326;0.00609733;0.0030405;1.00688;0.0219297;0.982203;1;3;1
905.531;1296.06;-0.915991;2.77737;0.00581158;-0.000538641;-0.000890351;0.00593405;-0.000661113;1.0062;0.00602647;0.000766844;1.00488;0.0228864;0.987396;1;3;1
928.531;1296.06;-0.749513;2.63964;0.00746161;0.000128117;2.76249e-05;0.00746172;0.000128013;1.01083;0.00214814;0.00176581;1.00172;0.0234543;0.985519;1;3;1
951.531;1296.06;-0.574118;2.68591;0.00643322;0.00151467;0.00133914;0.00677418;0.00117371;1.00736;-0.00104104;-0.00671465;0.999584;0.0229544;0.985667;1;3;1
974.531;1296.06;-0.454569;2.69924;0.00598855;0.00202888;0.000763078;0.00613051;0.00188692;1.00754;-0.000525788;0.00533613;0.998776;0.0279656;0.968313;1;3;1
997.531;1296.06;-0.299503;2.62601;0.00611891;-0.000192044;0.00143691;0.00643067;-0.000503805;1.00377;-0.00202317;0.00137641;1.003;0.0217252;0.986493;1;3;1
1020.53;1296.06;-0.173958;2.6823;0.0069507;0.00141018;-0.000168344;0.00695581;0.00140507;1.00859;0.00336877;0.000855074;1.00807;0.0250368;0.985147;1;3;1
1043.53;1296.06;0.0190455;2.53995;0.00667284;-0.00171917;0.000440243;0.00669587;-0.0017422;1.00278;0.00102145;0.00239115;0.995947;0.0258992;0.97896;1;3;1
1066.53;1296.06;0.131796;2.55326;0.00480223;-0.000506783;-6.91529e-05;0.00480313;-0.000507683;1.00638;0.000323447;-0.00414627;0.997907;0.0232461;0.980497;1;3;1
1089.53;1296.06;0.23938;2.47917;0.00780376;0.000553854;-0.000479196;0.0078353;0.000522318;1.00595;9.63875e-05;0.0112008;1.00102;0.0213715;0.985619;1;3;1
1112.53;1296.06;0.489317;2.47721;0.00850536;-1.07846e-05;0.000915086;0.00860258;-0.000108004;1.00994;-0.00590024;-0.00442983;0.999811;0.0259551;0.982963;1;2;1
1135.53;1296.06;0.628941;2.42134;0.00656145;-0.00033508;0.00127048;0.00678805;-0.000561684;1.00522;-0.00141512;0.00215443;0.995472;0.0235672;0.984626;1;2;1
1158.53;1296.06;0.790155;2.45656;0.00568413;-0.00070124;0.00121029;0.00590583;-0.000922943;1.00278;0.00539525;-0.00583916;1.0036;0.0287735;0.974193;1;3;1
1181.53;1296.06;0.889671;2.42838;0.00472706;0.00146276;4.31726e-06;0.00472707;0.00146275;1.00755;-0.00747131;0.00487653;1.0025;0.0240614;0.986568;1;3;1
1204.53;1296.06;1.00706;2.408;0.00716148;0.000163447;0.00103032;0.00731002;1.49046e-05;1.00186;-0.00268273;0.00302874;0.997203;0.0219548;0.982175;1;3;1
1227.53;1296.06;1.2178;2.32049;0.00827553;0.00146991;0.000454883;0.0083058;0.00143964;1.0136;-0.00380665;0.00472156;0.997795;0.0205823;0.986076;1;3;1
1250.53;1296.06;1.38609;2.32005;0.00868679;0.00103383;0.00198456;0.00917082;0.000549805;1.00977;-0.00553607;-0.00188272;1.0037;0.0220722;0.989385;1;3;1
1273.53;1296.06;1.61567;2.31263;0.0100317;0.00151982;0.00175798;0.0103805;0.00117103;1.01468;-0.00354508;0.00204159;1.00469;0.0238439;0.987042;1;3;1
31.5305;1273.06;-4.97797;4.14842;0.000674904;-2.65143e-05;0.000945321;0.00133248;-0.000684085;1.00561;-0.00171624;0.00101008;1.00096;0.0213681;0.986508;1;3;1
54.5305;1273.06;-4.96246;4.16867;0.00321424;0.000218018;0.00173513;0.00400852;-0.000576256;1.00207;-0.00279157;0.00330975;0.999784;0.0221239;0.987469;1;2;1
77.5306;1273.06;-4.83038;4.09618;0.00253755;-0.000882134;-0.000906293;0.00276289;-0.00110747;1.00599;-0.00633791;0.00607699;1.00016;0.0192031;0.99344;1;3;1
100.531;1273.06;-4.84624;3.98695;0.00237607;-0.00182338;-3.26105e-05;0.00237632;-0.00182363;0.998475;0.00198322;-0.000913303;0.996624;0.0262949;0.983998;1;3;1
123.531;1273.06;-4.72139;3.96706;0.00516795;-0.000973868;-0.00126427;0.00541801;-0.00122393;1.01128;-0.00424798;0.00389243;0.997605;0.0245311;0.988927;1;3;1
146.531;1273.06;-4.6092;3.90183;0.00387082;-0.00102966;-0.000267338;0.00388536;-0.0010442;0.999937;-0.00144543;0.00317048;0.999914;0.031068;0.973942;1;4;1
169.531;1273.06;-4.5439;3.82273;0.00260181;0.000413614;-0.000293349;0.00264045;0.00037497;1.00142;-0.00800895;-0.00276945;0.994973;0.024063;0.981708;1;3;1
192.531;1273.06;-4.48973;3.82952;0.00478577;-0.0005875;-0.000204204;0.00479352;-0.000595249;1.00872;-0.00434097;0.00758177;0.994889;0.0219711;0.992122;1;3;1
215.531;1273.06;-4.32437;3.73167;0.00542168;-0.000905527;0.000152803;0.00542536;-0.000909215;1.00016;-0.0071949;0.000167072;0.997466;0.0231222;0.988366;1;3;1
238.531;1273.06;-4.2411;3.73737;0.00285798;-0.000219594;0.000697426;0.00300865;-0.000370266;1.00784;-0.00595162;0.00251826;0.99846;0.0229006;0.989256;1;4;1
261.531;1273.06;-4.19312;3.67934;0.0032931;0.000416453;0.000879107;0.00354048;0.000169071;1.00144;-0.000983502;-0.000904426;0.99821;0.0276992;0.9787;1;3;1
284.531;1273.06;-4.08993;3.65891;0.00205589;-0.00103839;0.00203301;0.00306351;-0.00204601;1.00321;-0.0006353;0.000868061;0.999351;0.0205503;0.99281;1;3;1
307.531;1273.06;-4.09865;3.676;0.00223526;-0.00217114;-0.000139465;0.00223967;-0.00217555;1.00036;-0.00144419;0.00347576;0.998888;0.0208807;0.988859;1;3;1
330.531;1273.06;-3.98736;3.54682;0.00461549;-0.000426928;1.45041e-05;0.00461553;-0.000426969;1.00692;-0.00649146;0.00641077;1.00014;0.0204209;0.990961;1;3;1
353.531;1273.06;-3.88713;3.50701;0.00457632;-0.000831918;0.00123308;0.0048442;-0.00109979;1.00385;-0.00489255;0.00127788;1.00084;0.0221929;0.988724;1;2;1
376.531;1273.06;-3.77733;3.52422;0.0054239;-0.000769978;0.000440399;0.00545506;-0.000801135;1.00406;0.000263547;-0.0040615;1.00032;0.0173327;0.994681;1;3;1
399.531;1273.06;-3.63832;3.46919;0.00422726;0.000225804;1.92953e-05;0.00422736;0.000225711;1.00653;-0.00447283;0.000516359;1.00247;0.0217465;0.987574;1;3;1
422.531;1273.06;-3.58335;3.44684;0.00359018;-0.000442274;-0.000677011;0.0037008;-0.000552903;1.00223;-0.00192356;0.00323112;1.00026;0.0215483;0.992098;1;3;1
445.531;1273.06;-3.47352;3.39785;0.00385497;0.000944696;0.000894936;0.00410814;0.00069152;1.00384;-0.00153155;-0.00241653;1.00138;0.0189072;0.990455;1;3;1
468.531;1273.06;-3.40638;3.41459;0.00504137;0.00140058;0.000844514;0.00522772;0.00121423;1.00627;-0.00235388;0.000470875;1.00019;0.0211306;0.984904;1;3;1
491.531;1273.06;-3.24222;3.3531;0.0060082;-0.00107432;0.000333683;0.00602389;-0.00109001;1.00406;-0.00500979;0.00386421;0.999258;0.0207918;0.986894;1;3;1
514.531;1273.06;-3.13097;3.29998;0.00367493;-0.000378369;-0.000106335;0.00367772;-0.000381156;1.00232;-1.34738e-05;-3.45656e-05;0.996763;0.0202333;0.988876;1;3;1
537.531;1273.06;-3.07354;3.2812;0.00547021;2.41362e-05;0.000650581;0.00554685;-5.25028e-05;1.00858;-0.000780589;0.00357577;0.99891;0.0223632;0.982848;1;3;1
560.531;1273.06;-2.88009;3.2208;0.00561635;0.00217193;0.00049833;0.00568699;0.00210128;1.00378;-0.00256961;0.000399682;1.00871;0.0216395;0.98518;1;3;1
583.531;1273.06;-2.81594;3.22903;0.00403091;0.000810001;0.000887252;0.00425914;0.000581766;1.00405;-0.00738814;0.00225605;1.00265;0.020731;0.987036;1;3;1
606.531;1273.06;-2.69506;3.18072;0.0062891;0.00143634;0.000427171;0.00632641;0.00139902;1.00683;0.00158647;0.00189709;0.998017;0.0197228;0.991543;1;4;1
629.531;1273.06;-2.52757;3.1857;0.00599566;-0.00139366;-3.34862e-05;0.00599581;-0.00139381;1.00366;-0.000326746;-0.000176612;1.00665;0.0247374;0.984601;1;3;1
652.531;1273.06;-2.42011;3.12583;0.00424316;-0.000430807;-0.000132259;0.0042469;-0.000434546;1.00501;-0.00393741;0.00633179;1.00275;0.0249072;0.978443;1;4;1
675.531;1273.06;-2.33315;3.00469;0.0045477;1.88497e-05;0.000318637;0.00457001;-3.45879e-06;1.00086;-0.000382692;0.00245701;0.999905;0.026308;0.980221;1;3;1
698.531;1273.06;-2.21143;3.06504;0.00678691;-2.84064e-05;0.000697939;0.00685765;-9.91463e-05;1.0107;0.000464798;-0.00149998;1.00283;0.0224559;0.988614;1;4;1
721.531;1273.06;-2.022;3.01488;0.00755821;0.00141582;-0.000114184;0.00756033;0.00141369;1.00754;0.000430153;-0.00241591;1.00263;0.0207391;0.987498;1;4;1
744.531;1273.06;-1.86511;2.99208;0.00565796;0.00164628;0.000331263;0.00568513;0.00161911;1.00762;0.000809593;0.00383821;0.998875;0.0242144;0.98039;1;3;1
767.531;1273.06;-1.76248;2.98006;0.00330156;-0.00140271;0.00219872;0.00416919;-0.00227035;1.00154;-0.00310403;0.000555621;0.999808;0.0243484;0.975394;1;3;1
790.531;1273.06;-1.7136;2.893;0.00530259;0.000284946;0.000510074;0.00535391;0.000233619;1.00905;0.00186162;0.00342465;0.999677;0.0222112;0.982884;1;4;1
813.531;1273.06;-1.51924;2.9261;0.00782136;4.07886e-05;0.00126059;0.0080205;-0.000158353;1.00143;-0.00795356;0.00109164;1.0011;0.0257358;0.983156;1;4;1
836.531;1273.06;-1.35532;2.79323;0.00560816;-0.000708671;3.48314e-05;0.00560835;-0.000708863;1.01634;-0.00511243;0.00680761;0.999438;0.0257448;0.968964;1;4;1
859.531;1273.06;-1.26225;2.76975;0.00531522;-0.000508353;0.00164603;0.00574827;-0.000941401;0.999415;-0.00357676;-0.00166009;0.995781;0.0259776;0.982374;1;3;1
882.531;1273.06;-1.11147;2.77309;0.00825193;0.000238695;0.00210272;0.00877017;-0.000279552;1.00974;-0.00679967;-0.00101598;1.00238;0.0224028;0.987054;1;3;1
905.531;1273.06;-0.884213;2.76131;0.00702727;0.000555449;0.000115244;0.00702932;0.000553398;1.00529;-0.0052051;0.00248393;0.999368;0.0203423;0.988151;1;2;1
928.531;1273.06;-0.789422;2.68827;0.00613123;-0.00188869;-1.6169e-06;0.00613123;-0.00188869;1.00296;-0.00349522;-0.000742404;0.995813;0.0219778;0.980823;1;3;1
951.531;1273.06;-0.603134;2.66591;0.00668955;0.000794969;3.65616e-05;0.00668978;0.000794743;1.00432;-0.00134327;0.0071651;0.999408;0.0236903;0.976866;1;3;1
974.531;1273.06;-0.482858;2.57736;0.00453255;0.00170289;-0.000772701;0.0047298;0.00150564;1.00994;-0.000516793;-0.0107279;0.995885;0.0283219;0.979264;1;3;1
997.531;1273.06;-0.39516;2.59629;0.0069693;0.00145895;0.00143603;0.00732109;0.00110717;1.00635;-0.0058072;0.00360024;1.00506;0.0219798;0.986735;1;3;1
1020.53;1273.06;-0.16338;2.57168;0.0065051;0.00225956;0.00102092;0.00673784;0.00202682;1.00419;-0.0073762;0.00191363;1.00639;0.0261;0.977763;1;3;1
1043.53;1273.06;-0.0968952;2.58025;0.00481994;-0.00109052;0.00140244;0.00513583;-0.00140641;1.00415;-0.00848946;-0.00125686;0.999729;0.0216329;0.990244;1;3;1
1066.53;1273.06;0.0577818;2.5244;0.00778697;-0.000405413;3.9068e-05;0.00778716;-0.0004056;1.00938;-0.00388781;0.00694237;1.00398;0.0227212;0.982143;1;3;1
1089.53;1273.06;0.259778;2.46484;0.00725985;-0.00160881;0.000357374;0.00727423;-0.00162319;1.00579;0.00233244;0.000885368;0.998082;0.0209608;0.987458;1;3;1
1112.53;1273.06;0.390481;2.45586;0.00597252;0.000767824;0.00150224;0.00637499;0.00036535;1.00659;0.00051087;0.00114619;1.00186;0.0249758;0.983563;1;3;1
1135.53;1273.06;0.533676;2.41972;0.00690695;0.000697948;0.00102778;0.00707266;0.000532241;1.00209;-0.00700484;0.00605336;1.00296;0.0265624;0.980455;1;3;1
1158.53;1273.06;0.707091;2.41358;0.00687502;0.00207699;0.00103991;0.00709071;0.0018613;1.01316;-0.0105816;-0.00679696;0.99474;0.0257173;0.981959;1;3;1
1181.53;1273.06;0.848781;2.34121;0.00508457;-0.000294977;0.000630023;0.00515737;-0.000367777;0.999474;0.00442977;0.00496691;0.99979;0.0230637;0.985602;1;3;1
1204.53;1273.06;0.940364;2.36511;0.00651382;0.000521805;0.000970607;0.00666712;0.000368505;1.00206;-0.00288585;0.00439545;1.00449;0.0240295;0.983549;1;3;1
1227.53;1273.06;1.14744;2.32251;0.00777584;-0.000397058;0.00177037;0.00814285;-0.000764064;1.01066;-0.00501127;0.0018094;1.0018;0.020887;0.990878;1;3;1
1250.53;1273.06;1.29665;2.31409;0.00690461;-0.00115524;0.000595113;0.00694831;-0.00119894;1.00701;-0.00254635;0.00139287;0.996591;0.0246593;0.985513;1;2;1
1273.53;1273.06;1.46394;2.26931;0.00730185;-0.00142708;0.00159561;0.00758438;-0.0017096;1.00468;-0.00193325;0.00365379;0.998581;0.0252089;0.987732;1;4;1
31.5305;1250.06;-5.00917;4.18815;-0.00154999;-0.00192271;0.000197017;-0.00146516;-0.00200755;0.99766;-0.00219723;0.000747673;0.99667;0.021045;0.987095;1;3;1
54.5305;1250.06;-5.04489;4.14606;0.00229078;-0.000507302;-0.000559494;0.00239851;-0.000615029;1.00341;-0.00918344;0.00517771;0.998534;0.0246274;0.988774;1;3;1
77.5306;1250.06;-4.90406;4.07414;0.00322455;-0.00040111;-0.00041594;0.00327165;-0.000448215;1.00083;0.00468312;0.00357358;0.998278;0.0240415;0.987677;1;3;1
100.531;1250.06;-4.89686;4.07103;0.00432058;-0.00139435;-0.000317941;0.00433821;-0.00141198;1.0022;0.000149089;-0.00190014;1.00227;0.0261317;0.990571;1;3;1
123.531;1250.06;-4.70579;4.00478;0.0053713;-0.00130392;-0.000706658;0.00544529;-0.00137791;1.00683;0.00315448;0.00408934;1.00026;0.0234559;0.990871;1;3;1
146.531;1250.06;-4.65058;3.95581;0.00345655;-0.00241621;-0.000600826;0.00351739;-0.00247705;1.0026;-0.0015282;0.000150316;0.996762;0.0249854;0.99198;1;3;1
169.531;1250.06;-4.5472;3.89133;0.00319752;-0.00187354;0.000106381;0.00319975;-0.00187577;0.997089;-0.00062528;0.0019981;1.00007;0.021397;0.988504;1;3;1
192.531;1250.06;-4.50385;3.84932;0.00272591;0.000961261;5.0333e-05;0.00272735;0.000959826;1.01034;-0.000994818;0.00333454;1.00301;0.0210632;0.989274;1;3;1
215.531;1250.06;-4.42206;3.80806;0.00385489;-0.000957192;0.0011163;0.00410124;-0.00120354;1.00077;-0.00563449;0.00127061;1.00083;0.0223859;0.9917;1;3;1
238.531;1250.06;-4.32695;3.76446;0.00312805;-0.00088628;0.000552783;0.00320278;-0.000961009;0.999554;-0.0016706;0.00192708;0.998637;0.0237619;0.984826;1;3;1
261.531;1250.06;-4.27852;3.69833;0.00263387;-0.000791663;0.000238554;0.00265041;-0.000808196;1.01336;-0.00359419;0.002011;1.00102;0.0220558;0.989097;1;3;1
284.531;1250.06;-4.20601;3.69169;0.00299178;-0.00132833;0.00216884;0.00389272;-0.00222927;0.993613;-0.0101239;0.000961929;0.999049;0.0207558;0.987931;1;3;1
307.531;1250.06;-4.14111;3.67817;0.00436373;-0.000361349;-0.00107897;0.00459845;-0.00059607;1.00522;0.000773382;0.00275121;0.999777;0.0195796;0.989872;1;3;1
330.531;1250.06;-4.00587;3.57163;0.00445313;-0.000832662;-0.000923791;0.00460993;-0.000989461;1.00378;0.00450932;0.00347257;0.996808;0.0197102;0.989794;1;3;1
353.531;1250.06;-3.93681;3.5867;0.0044671;-0.000986549;0.000212841;0.0044754;-0.000994843;1.00702;-0.00373035;0.00204986;0.996483;0.0198213;0.990897;1;3;1
376.531;1250.06;-3.80086;3.52202;0.005312;-0.000405564;-0.000395365;0.00533921;-0.000432774;1.00605;-0.00583278;0.00354641;1.00111;0.0220767;0.987869;1;3;1
399.531;1250.06;-3.69324;3.47302;0.00555285;4.85218e-05;0.000907438;0.00569859;-9.72187e-05;1.00113;-0.00206035;-0.00475074;0.998699;0.026721;0.98256;1;3;1
422.531;1250.06;-3.54616;3.47953;0.00340782;0.000202156;-0.000409329;0.00345926;0.000150715;1.00283;0.00190075;0.00369888;0.999062;0.0186464;0.990698;1;3;1
445.531;1250.06;-3.5368;3.40615;0.00305111;0.000275322;-0.000434329;0.00311748;0.000208949;1.00242;-0.00127111;0.00506746;1.00484;0.0213981;0.988765;1;3;1
468.531;1250.06;-3.40619;3.35351;0.00403647;0.000799738;-1.84309e-05;0.00403658;0.000799633;1.00972;-0.00423274;0.00183618;1.00205;0.0199055;0.990799;1;3;1
491.531;1250.06;-3.35151;3.36957;0.0055854;0.000652371;-0.000163384;0.0055908;0.000646966;1.00941;-0.00280257;0.000912378;1.00033;0.0186729;0.991866;1;3;1
514.531;1250.06;-3.15002;3.28885;0.0058315;0.00119086;-9.5458e-05;0.00583347;0.00118889;1.00298;-0.00230024;0.00210102;1.00783;0.0189736;0.991263;1;3;1
537.531;1250.06;-3.08408;3.30397;0.00504091;0.00107009;-0.000433835;0.00508776;0.00102324;1.00599;0.00188915;-0.00361248;1.00378;0.0207363;0.989334;1;3;1
560.531;1250.06;-2.91882;3.19555;0.00546903;0.000171526;-0.000635286;0.00554415;9.64068e-05;0.998676;-0.00652862;0.00593844;0.995733;0.0251598;0.984096;1;4;1
583.531;1250.06;-2.83338;3.17152;0.00422653;0.00207421;-0.000178807;0.00424128;0.00205946;1.00796;-0.00051016;-0.000178793;1.0023;0.0231403;0.984595;1;4;1
606.531;1250.06;-2.72483;3.14383;0.00557455;0.000298436;0.00130054;0.00587771;-4.72408e-06;1.00516;-0.00387478;-0.000728112;1.00443;0.0210925;0.987961;1;3;1
629.531;1250.06;-2.57766;3.17675;0.00427179;0.000504651;0.000948147;0.00449697;0.000279473;1.00332;-0.00142765;-0.00166819;0.996288;0.0210144;0.983338;1;3;1
652.531;1250.06;-2.52876;3.12026;0.00486034;0.00101682;0.00040246;0.00490203;0.000975126;1.00513;-0.00411654;0.00571061;0.996653;0.0248421;0.975276;1;3;1
675.531;1250.06;-2.35478;3.05831;0.00576356;-0.0012824;0.00026178;0.00577327;-0.00129211;0.997822;-0.00888274;0.00197135;0.995841;0.0271783;0.981912;1;3;1
698.531;1250.06;-2.26447;3.03366;0.0061447;0.000173241;0.000381152;0.00616893;0.00014901;1.01051;-0.00180736;-0.00434462;0.994283;0.0233082;0.984798;1;3;1
721.531;1250.06;-2.07306;2.97382;0.00740291;0.000504747;0.000515403;0.00744121;0.000466451;1.00784;-0.00408946;0.00634408;1.00116;0.021977;0.987494;1;3;1
744.531;1250.06;-1.92538;2.90235;0.00394122;0.00252423;0.000980343;0.00444229;0.00202316;1.00252;0.00247934;-0.0018251;1.00509;0.0232077;0.986167;1;3;1
767.531;1250.06;-1.89214;3.01213;0.00517077;0.00141721;0.00111669;0.00547787;0.00111012;1.00081;-0.00167962;-0.000670527;1.00363;0.0227378;0.985307;1;4;1
790.531;1250.06;-1.68813;2.89995;0.00584058;0.00109091;-0.000396401;0.00587344;0.00105805;1.01411;-0.00252952;0.00430046;1.0051;0.0257607;0.974367;1;4;1
813.531;1250.06;-1.62447;2.87138;0.0049659;0.00194986;0.00181553;0.00581802;0.00109773;1.00248;-0.000666926;-2.03125e-05;1.00239;0.0221542;0.982818;1;3;1
836.531;1250.06;-1.46028;2.86531;0.00662147;-0.00156042;0.00199241;0.00708086;-0.00201981;1.00749;-0.00634898;0.000812937;1.00089;0.0214614;0.982659;1;4;1
859.531;1250.06;-1.32088;2.86003;0.00532393;-8.36516e-05;-0.000398095;0.00535308;-0.000112801;1.00777;-0.00113172;0.000160649;1.00132;0.0224747;0.982781;1;4;1
882.531;1250.06;-1.21619;2.74037;0.00676655;0.000458765;2.54133e-05;0.00676666;0.000458662;1.00078;0.00254406;0.00293095;0.99792;0.0261087;0.977124;1;4;1
905.531;1250.06;-1.01079;2.75193;0.00812397;0.000958924;0.00150076;0.00842562;0.000657279;1.01046;-0.00604391;0.00232299;0.995983;0.0217532;0.983594;1;3;1
928.531;1250.06;-0.843999;2.7267;0.0070505;0.000685769;0.000617778;0.00710991;0.000626361;1.01301;-0.00629545;0.00323219;0.998586;0.0229315;0.979739;1;3;1
951.531;1250.06;-0.68772;2.6495;0.00853372;-0.000406055;-0.00024265;0.0085403;-0.000412636;1.00671;-0.00660164;0.000774935;1.00022;0.0246197;0.98027;1;3;1
974.531;1250.06;-0.45323;2.62097;0.00548123;0.000219894;0.000992549;0.00566225;3.88778e-05;1.00584;-0.00805479;-0.00049824;1.00343;0.0232264;0.982782;1;3;1
997.531;1250.06;-0.436358;2.55915;0.00370253;0.00036934;0.000865638;0.00391393;0.000157939;1.00057;-0.0042541;0.00391094;1.00096;0.0203245;0.988865;1;3;1
1020.53;1250.06;-0.283247;2.57861;0.00610552;0.000284618;0.00177653;0.00660487;-0.000214741;1.00663;-0.00173782;0.000761206;0.995575;0.0252829;0.978613;1;3;1
1043.53;1250.06;-0.156367;2.59047;0.00647742;0.000142363;0.00103874;0.00664339;-2.36067e-05;1.00627;-0.00193473;0.000397484;1.00107;0.0234983;0.981944;1;3;1
1066.53;1250.06;0.0137554;2.57206;0.00643773;0.000917334;0.000787716;0.00654793;0.000807133;1.00619;-0.00628574;-0.000280847;0.998275;0.0245927;0.977193;1;3;1
1089.53;1250.06;0.138806;2.55335;0.00640005;-0.000815916;0.000285272;0.00641131;-0.000827177;1.00586;-0.00828554;0.00685883;0.998179;0.0257648;0.982847;1;3;1
1112.53;1250.06;0.307039;2.44226;0.00773611;0.000851775;-4.68298e-06;0.00773612;0.000851772;1.00791;-0.00857662;-0.00105317;0.999039;0.0261555;0.979482;1;3;1
1135.53;1250.06;0.493012;2.38944;0.00676247;0.000438265;0.000733474;0.00684643;0.000354312;1.00441;0.00209967;0.00682944;1.00805;0.0271618;0.977729;1;3;1
1158.53;1250.06;0.616998;2.36144;0.00634191;0.00148319;0.0027393;0.00757391;0.000251191;1.01354;-0.00171717;-0.00284412;1.0073;0.0289526;0.981406;1;3;1
1181.53;1250.06;0.78379;2.44208;0.00616592;-0.000438378;0.00170813;0.00658155;-0.00085401;1.00634;-0.00521198;-0.00189591;1.00129;0.0254873;0.978342;1;3;1
1204.53;1250.06;0.899756;2.38413;0.00483554;0.00059507;4.3388e-05;0.00483599;0.000594626;1.00342;0.00324452;-0.000465268;0.998806;0.0233979;0.982101;1;3;1
1227.53;1250.06;1.00558;2.33925;0.00827706;-0.000783124;0.00178294;0.0086153;-0.00112136;1.00634;-0.00187129;0.000217966;0.997273;0.0227616;0.98572;1;3;1
1250.53;1250.06;1.27894;2.37335;0.00819824;-0.000678787;0.00171134;0.00851673;-0.000997278;1.02022;-0.000442433;0.00289005;1.00288;0.0238508;0.986169;1;3;1
1273.53;1250.06;1.38114;2.37892;0.00445372;-0.00176367;0.00189667;0.00498664;-0.00229659;0.994406;-0.00977795;-0.00698835;1.00053;0.0289101;0.986248;1;3;1
31.5305;1227.06;-5.08026;4.23706;0.00241631;-0.00292172;0.00073753;0.00251634;-0.00302175;1.00162;0.00109675;0.00613957;0.992032;0.0209379;0.989227;1;3;1
54.5305;1227.06;-5.0248;4.19205;0.00465037;-0.00166127;-0.000878117;0.00477026;-0.00178116;0.995993;0.00373543;0.000481778;0.999779;0.0208643;0.990095;1;3;1
77.5306;1227.06;-4.867;4.11465;0.00302486;-0.00190875;-0.000619705;0.00310151;-0.0019854;1.00421;-0.00264174;0.00726084;1.00012;0.0222654;0.986955;1;3;1
100.531;1227.06;-4.88608;4.05115;0.00208711;-0.00122428;-0.000476833;0.0021544;-0.00129158;1.00465;-0.00206125;-0.00421043;0.992017;0.0262646;0.984262;1;3;1
123.531;1227.06;-4.77118;4.02711;0.00477642;-0.00150599;0.000694488;0.00485227;-0.00158184;1.00372;-0.00176477;0.00262155;0.997272;0.0211722;0.990105;1;2;1
146.531;1227.06;-4.6669;4.01315;0.00243164;-0.000886356;-0.000670118;0.00256187;-0.00101658;1.0047;-0.00387388;0.000211772;0.999217;0.0245855;0.987527;1;3;1
169.531;1227.06;-4.65961;3.90914;0.00195815;-0.00146441;-0.000581797;0.00205434;-0.00156061;1.00061;-0.00317781;0.00501212;0.996686;0.025179;0.983096;1;3;1
192.531;1227.06;-4.57748;3.7854;0.00323705;-0.000573901;0.000336623;0.00326656;-0.000603407;1.0037;-0.00411612;0.00469879;1.00063;0.026654;0.984675;1;3;1
215.531;1227.06;-4.51114;3.77611;0.00384185;-0.000904633;0.000902701;0.00400773;-0.00107051;1.00482;0.00154527;0.00143631;0.997089;0.0264344;0.987171;1;3;1
238.531;1227.06;-4.40109;3.77844;0.00487375;-0.00277395;0.00114805;0.00504237;-0.00294258;1.00074;-0.00247105;0.000537488;0.996812;0.0259263;0.983547;1;3;1
261.531;1227.06;-4.28753;3.71587;0.00200599;-0.00170043;0.000788163;0.00216663;-0.00186106;1.00271;0.00167003;-0.000902026;1.0003;0.0231574;0.983124;1;3;1
284.531;1227.06;-4.30894;3.72058;0.00366353;-0.000979038;0.000833117;0.00380851;-0.00112401;1.00194;-0.000786083;0.00125444;0.999479;0.0220708;0.985605;1;3;1
307.531;1227.06;-4.11932;3.69263;0.00688033;-0.000667612;-0.000895574;0.00698513;-0.000772418;1.00359;-0.00813689;0.00745952;0.999281;0.0255554;0.98457;1;3;1
330.531;1227.06;-3.99373;3.58514;0.00356207;-0.000750662;-0.00096676;0.00376887;-0.000957459;1.00857;-0.00398796;0.00226615;1.00316;0.0189382;0.990804;1;3;1
353.531;1227.06;-3.95597;3.55247;0.00303832;3.27202e-05;-0.000619163;0.00316087;-8.98321e-05;1.00092;0.00350248;-0.000985875;1.00047;0.0200301;0.991522;1;3;1
376.531;1227.06;-3.8542;3.54294;0.00419238;-0.00089443;0.000316754;0.00421203;-0.000914078;1.0063;0.00524664;0.00205963;0.994821;0.0208238;0.991096;1;3;1
399.531;1227.06;-3.7636;3.46713;0.00527126;-0.000539895;0.000590526;0.00533067;-0.000599296;1.00507;-0.0088737;0.00070856;0.999338;0.0198366;0.987626;1;3;1
422.531;1227.06;-3.61247;3.43755;0.00445145;0.00133133;0.000267993;0.0044743;0.00130848;1.00581;-0.00620687;0.00473144;1.00261;0.0188637;0.990755;1;3;1
445.531;1227.06;-3.55936;3.38527;0.00373204;0.000860848;6.58689e-05;0.00373355;0.000859338;1.00457;-0.00748757;-0.0012763;0.999569;0.0186652;0.993275;1;3;1
468.531;1227.06;-3.44116;3.37783;0.0058382;-0.00115983;-0.000147501;0.00584131;-0.00116294;1.00768;0.000146353;0.000674432;1.00063;0.0182387;0.992209;1;3;1
491.531;1227.06;-3.29162;3.32312;0.00553292;-0.000519599;-0.00112683;0.0057359;-0.000722581;1.00256;0.00461853;0.00361516;1.00063;0.0196359;0.990019;1;3;1
514.531;1227.06;-3.18753;3.24527;0.00359233;0.000262233;-0.000215426;0.00360621;0.000248355;1.00605;0.000197968;0.00494249;0.997683;0.02195;0.988672;1;2;1
537.531;1227.06;-3.12676;3.23203;0.00509618;0.00143254;0.000122822;0.00510029;0.00142842;1.00315;-0.0060714;-0.00224277;1.00289;0.0195176;0.988261;1;4;1
560.531;1227.06;-2.95371;3.21297;0.00601128;-0.00149282;0.000653091;0.00606769;-0.00154923;1.00673;-0.00857483;0.00539688;1.00077;0.0221013;0.988182;1;4;1
583.531;1227.06;-2.85117;3.13373;0.00315489;-0.0012362;0.000464779;0.00320354;-0.00128486;0.999948;0.00137704;-0.00201955;0.999641;0.0212423;0.985932;1;3;1
606.531;1227.06;-2.80884;3.16713;0.00464699;-0.000567926;0.000913008;0.00480222;-0.000723152;1.00978;-6.82948e-05;0.000988034;0.993947;0.0222039;0.983374;1;3;1
629.531;1227.06;-2.63791;3.16263;0.00509942;0.00161352;-0.000101766;0.00510239;0.00161055;1.00422;-0.00123829;0.000779526;1.0027;0.0215193;0.988505;1;3;1
652.531;1227.06;-2.57495;3.07934;0.00424657;0.00168619;-0.00106911;0.00463428;0.00129848;1.00236;0.00186812;0.0013717;1.00439;0.0231659;0.985865;1;3;1
675.531;1227.06;-2.44309;3.06385;0.00533321;0.00118295;0.000497446;0.005392;0.00112416;1.01142;0.00295577;-0.00157979;1.00551;0.0232098;0.985988;1;3;1
698.531;1227.06;-2.33027;3.05722;0.00531095;-0.000139021;-0.000735248;0.0054084;-0.000236469;1.0015;-0.00172029;0.00459529;1.00417;0.0222225;0.985285;1;3;1
721.531;1227.06;-2.19949;2.99201;0.00903883;-0.000747792;-0.00103347;0.00914678;-0.000855736;1.00849;-0.00130851;0.00137866;0.996817;0.0209751;0.988804;1;3;1
744.531;1227.06;-1.9167;2.87614;0.00725372;-0.00185027;0.00128167;0.00743071;-0.00202726;1.00717;-0.0112283;0.00555273;0.996059;0.0218004;0.982218;1;3;1
767.531;1227.06;-1.86708;2.91503;0.00216073;0.000962814;0.00102585;0.00274968;0.000373863;0.99884;-0.000640566;-0.00302752;0.997258;0.0282402;0.966186;1;3;1
790.531;1227.06;-1.81743;2.84297;0.00320429;-0.000323507;0.00235651;0.00438394;-0.00150316;0.999748;-0.0111878;0.002974;0.995645;0.0279368;0.980568;1;4;1
813.531;1227.06;-1.71999;2.83693;0.00585965;-4.07996e-05;0.00120665;0.00609688;-0.000278023;1.00981;-0.00395241;-0.00132632;1.00007;0.0240466;0.98066;1;4;1
836.531;1227.06;-1.54868;2.86547;0.00807468;-0.00035901;-3.42848e-05;0.00807482;-0.000359149;1.00695;-0.00256838;-0.00212086;0.997039;0.0258757;0.974041;1;3;1
859.531;1227.06;-1.35008;2.77369;0.00714698;0.00327063;-0.000813102;0.00731063;0.00310698;1.0111;0.00127811;0.00492778;1.00497;0.0240238;0.980758;1;4;1
882.531;1227.06;-1.22122;2.75212;0.00687923;0.000754164;-0.00126028;0.00712841;0.000504989;1.00362;-0.00619308;-0.00607161;0.995898;0.0275076;0.967299;1;3;1
905.531;1227.06;-1.03475;2.71746;0.00596698;0.000220036;0.00046231;0.00600394;0.000183083;1.00449;0.00167708;0.00523555;1.00204;0.0240306;0.974755;1;4;1
928.531;1227.06;-0.94765;2.65701;0.00761508;0.000229004;0.000819387;0.00770489;0.000139196;1.00424;0.00293113;-0.00357323;1.00256;0.0280667;0.96433;1;3;1
951.531;1227.06;-0.685793;2.68467;0.00619702;-0.000871116;0.000393677;0.00621888;-0.000892975;1.01038;0.00288572;0.00498038;0.998074;0.0236704;0.981555;1;4;1
974.531;1227.06;-0.663551;2.5676;0.0036848;0.000311863;0.00169023;0.00438602;-0.000389357;0.999056;-0.00122688;0.00254798;0.994772;0.0254364;0.972263;1;4;1
997.531;1227.06;-0.516723;2.57946;0.00805098;-0.00166231;0.00097089;0.00814707;-0.00175841;1.01023;-0.00303789;0.00214675;0.997846;0.0251225;0.975436;1;4;1
1020.53;1227.06;-0.294686;2.55878;0.00694502;-0.000106955;0.00166107;0.00731669;-0.000478624;1.00924;-0.0019887;-0.000322349;1.00597;0.0228452;0.979308;1;3;1
1043.53;1227.06;-0.198354;2.57381;0.00530969;0.00107252;-0.00011046;0.00531257;0.00106964;1.00283;-0.00174713;-0.000564327;0.999624;0.022832;0.983209;1;3;1
1066.53;1227.06;-0.0511484;2.48235;0.00661389;0.00268525;0.00107695;0.00688974;0.00240939;1.00234;8.3346e-05;-0.000938952;1.0033;0.025274;0.978054;1;3;1
1089.53;1227.06;0.10483;2.50265;0.00609042;0.00308122;0.000917216;0.00634796;0.00282369;1.00907;-0.00458498;0.00555358;0.999222;0.0219438;0.984333;1;3;1
1112.53;1227.06;0.228117;2.41698;0.00614082;0.000768027;0.000249107;0.00615234;0.000756502;1.00182;-0.00107345;-0.00365904;1.00104;0.0270082;0.986523;1;3;1
1135.53;1227.06;0.386332;2.3998;0.00612682;-1.97624e-05;0.00142065;0.00643928;-0.00033223;1.00653;-0.00602388;-0.000294206;0.992801;0.024489;0.979882;1;3;1
1158.53;1227.06;0.509038;2.34583;0.00717384;-0.000693611;0.00120608;0.00735458;-0.000874352;1.01263;0.00679362;0.00219453;1.00043;0.02708;0.977587;1;3;1
1181.53;1227.06;0.715137;2.36158;0.00708924;0.00204353;0.00172219;0.00762101;0.00151176;1.00309;-0.00618271;0.00186774;1.00167;0.0255513;0.977818;1;3;1
1204.53;1227.06;0.833994;2.33787;0.00564474;0.000536633;0.000618642;0.00571859;0.000462777;1.01266;-0.00460002;-0.000660148;0.99992;0.0242228;0.979866;1;3;1
1227.53;1227.06;0.974066;2.35888;0.00754593;0.00123561;0.000622016;0.00760666;0.00117488;1.00922;-0.00199268;-0.0033686;1.00104;0.0241939;0.982757;1;3;1
1250.53;1227.06;1.17981;2.34548;0.00713899;0.00176072;0.00180892;0.00769079;0.00120892;1.0083;-0.00500346;0.00633782;1.00288;0.0222467;0.990324;1;4;1
1273.53;1227.06;1.3013;2.3508;0.00529608;0.00361431;0.00138582;0.00607618;0.00283421;1.00241;0.000743225;-0.00834202;1.00092;0.0275676;0.987342;1;3;1
31.5305;1204.06;-5.1664;4.32301;0.00350591;-0.00213405;-0.000326269;0.00352472;-0.00215286;0.99945;-0.00516506;4.84628e-05;0.999668;0.0242447;0.988432;1;3;1
54.5305;1204.06;-5.08613;4.22256;0.00390434;-0.00161603;-0.00043493;0.00393839;-0.00165009;1.00603;-0.00585591;0.00689481;0.996148;0.0237271;0.993554;1;3;1
77.5306;1204.06;-4.98743;4.1621;0.00317659;-0.00182199;0.000406139;0.00320937;-0.00185477;0.999652;-0.00692692;0.00242473;0.993933;0.0214363;0.989568;1;3;1
100.531;1204.06;-4.94033;4.1274;0.00392876;-0.0025594;-1.79293e-05;0.00392881;-0.00255945;1.00865;-0.00237495;-0.00183466;0.995624;0.0194964;0.994609;1;3;1
123.531;1204.06;-4.80715;4.07422;0.00509675;-0.00137308;-0.000776358;0.00518861;-0.00146494;1.00698;-0.00472602;0.00712577;0.999847;0.0211499;0.991268;1;3;1
146.531;1204.06;-4.70666;3.99664;0.00188311;-0.00113503;-0.000674719;0.00202708;-0.001279;1.00014;-0.00409355;-0.00115563;0.999217;0.0215777;0.990266;1;3;1
169.531;1204.06;-4.72075;3.95907;0.000860525;-0.0020352;-0.000830947;0.00108203;-0.0022567;1.0013;-0.0062738;0.00219502;0.99934;0.020393;0.990873;1;3;1
192.531;1204.06;-4.66725;3.87602;0.00455723;-0.00351023;-0.000548127;0.0045943;-0.0035473;1.0029;-0.000115217;0.00395106;0.993647;0.0210165;0.98694;1;3;1
215.531;1204.06;-4.51172;3.84978;0.00382066;-0.00170923;0.000512993;0.00386785;-0.00175641;1.00521;0.00352544;-0.000215638;1.00067;0.0230226;0.988278;1;3;1
238.531;1204.06;-4.49184;3.89253;0.00224699;-0.000817623;-0.000331236;0.00228239;-0.000853016;0.998527;-0.00304425;0.00214179;0.999718;0.0208354;0.991218;1;3;1
261.531;1204.06;-4.40853;3.7768;0.00406462;-0.00178721;-0.000218862;0.00407279;-0.00179538;1.01004;-0.00528458;0.0036502;0.995056;0.0218702;0.986506;1;3;1
284.531;1204.06;-4.30551;3.73686;0.00468219;-0.000621814;-0.000390167;0.00471074;-0.000650361;1.00597;0.00250272;9.17965e-06;0.998642;0.0215717;0.992027;1;3;1
307.531;1204.06;-4.1937;3.70892;0.00542541;0.000541815;-0.00022003;0.00543531;0.000531921;1.00094;9.55293e-05;0.00515767;0.999458;0.0197162;0.991621;1;3;1
330.531;1204.06;-4.0568;3.6062;0.00592565;-0.00120192;-0.000276062;0.00593632;-0.00121259;1.00445;-0.00232097;0.00323363;0.990959;0.0240335;0.98575;1;3;1
353.531;1204.06;-3.92209;3.5852;0.00309236;-0.00102235;0.000497372;0.00315163;-0.00108162;0.99829;-0.00540232;0.00396611;0.996408;0.0195751;0.991647;1;3;1
376.531;1204.06;-3.91479;3.56332;0.0015252;-0.000656571;-0.000593282;0.00167609;-0.000807465;1.00161;-0.00214199;2.48053e-05;1.00272;0.0209865;0.986862;1;3;1
399.531;1204.06;-3.85207;3.49813;0.00572714;-0.0014374;-0.000425767;0.00575236;-0.00146261;1.00962;0.00186643;0.00391925;0.995776;0.0204681;0.98703;1;3;1
422.531;1204.06;-3.65231;3.41845;0.00544673;-0.00142094;-0.000611086;0.00550068;-0.0014749;1.00357;0.00465332;0.00321003;0.997885;0.0198036;0.98538;1;3;1
445.531;1204.06;-3.60239;3.36662;0.00431147;-0.000611743;0.000447047;0.00435173;-0.000652007;1.00507;0.00201375;-0.000282156;1.00088;0.0242376;0.983461;1;3;1
468.531;1204.06;-3.45441;3.40692;0.00484255;-0.00135815;0.00116231;0.00505327;-0.00156886;1.00637;-0.000851561;-0.00206094;0.997867;0.0203702;0.991814;1;3;1
491.531;1204.06;-3.38017;3.39348;0.0050897;-0.00128653;0.000288496;0.00510272;-0.00129956;0.998308;-0.0036073;0.00301239;1.00012;0.0216784;0.987623;1;3;1
514.531;1204.06;-3.22106;3.27685;0.00551351;-0.0020262;-0.000305778;0.00552589;-0.00203858;1.00831;-0.00464143;0.00704902;0.995164;0.0230581;0.98809;1;3;1
537.531;1204.06;-3.12751;3.23814;0.00315613;-0.000356834;0.000463845;0.00321635;-0.000417047;0.999664;0.00237918;-0.00685889;0.996475;0.0252523;0.975229;1;3;1
560.531;1204.06;-3.07611;3.26454;0.00448524;-0.00118714;0.00199327;0.00511562;-0.00181752;1.00426;0.0033161;0.00367661;0.998091;0.022299;0.982481;1;3;1
583.531;1204.06;-2.92165;3.2285;0.00646667;-0.000212579;0.000574754;0.00651577;-0.000261676;1.00577;-0.00450522;0.00232871;1.00097;0.0212297;0.990624;1;3;1
606.531;1204.06;-2.7797;3.17;0.00579884;-0.000768828;-0.00129701;0.0060457;-0.00101569;1.00903;-0.000790714;0.00118329;1.00179;0.0219419;0.990573;1;3;1
629.531;1204.06;-2.65584;3.10266;0.00546128;0.00131993;0.000145469;0.00546639;0.00131483;1.00321;-0.00328201;0.00627961;1.00095;0.0210972;0.985237;1;3;1
652.531;1204.06;-2.52934;3.04276;0.0050916;-0.0015375;-0.00025737;0.00510158;-0.00154748;1.00366;0.000241477;0.00354267;1.00204;0.0246133;0.973579;1;4;1
675.531;1204.06;-2.42233;3.00398;0.00568348;-0.00218767;0.000723976;0.00574951;-0.00225371;1.00589;0.00202989;-0.00306973;0.991542;0.0274177;0.984061;1;3;1
698.531;1204.06;-2.26863;3.04005;0.00575898;-0.000596933;0.00023523;0.00576767;-0.000605627;1.01149;-0.00371288;-0.00061344;0.998914;0.0231919;0.984583;1;3;1
721.531;1204.06;-2.15817;3.00831;0.00326474;-0.00102436;0.000228961;0.00327693;-0.00103655;0.998416;-0.00468033;0.00345892;1.00082;0.0233102;0.986538;1;3;1
744.531;1204.06;-2.11873;2.98795;0.00302073;-0.00185255;0.00202222;0.00375057;-0.00258239;1.00568;-0.00298971;0.00197364;0.995813;0.0227585;0.979855;1;3;1
767.531;1204.06;-2.01945;2.96803;0.00297663;-0.00118088;0.000616662;0.00306617;-0.00127042;1.00252;0.00160617;-0.00280848;1.0009;0.026402;0.979097;1;3;1
790.531;1204.06;-1.98206;2.91577;0.00669787;-0.00190812;-1.44086e-05;0.00669789;-0.00190814;1.00558;0.00413056;0.00843827;0.997507;0.0211491;0.982357;1;3;1
813.531;1204.06;-1.71247;2.87334;0.0100985;-0.000972698;5.95806e-05;0.0100988;-0.000973018;1.01007;0.00262899;-0.00142478;0.994177;0.0244764;0.984691;1;3;1
836.531;1204.06;-1.51987;2.88186;0.00770844;-7.84111e-05;-0.00127196;0.00791094;-0.000280915;1.00907;0.00402775;0.00695752;0.994863;0.025012;0.973508;1;3;1
859.531;1204.06;-1.35952;2.70984;0.00792858;-0.000449371;-0.00103446;0.00805442;-0.000575211;1.00613;-0.00402118;-0.00148659;0.998594;0.0251206;0.978874;1;4;1
882.531;1204.06;-1.15692;2.70573;0.00461684;1.45986e-05;0.00153324;0.00508086;-0.00044942;0.997397;-0.0067055;-0.000245091;1.00025;0.0269126;0.97158;1;4;1
905.531;1204.06;-1.14765;2.74201;0.00447854;-0.00150175;0.00182102;0.00498941;-0.00201262;1.00613;-0.01014;0.000133771;0.998874;0.0254501;0.975326;1;4;1
928.531;1204.06;-0.951369;2.71629;0.00731312;-0.000656249;0.000419808;0.00733518;-0.000678302;1.00209;-0.00718202;0.000933534;0.998365;0.0229642;0.985504;1;3;1
951.531;1204.06;-0.812493;2.68975;0.00519785;0.000994828;0.00098967;0.00541923;0.000773454;1.00662;-0.00739913;0.00303114;0.999459;0.0212557;0.984381;1;3;1
974.531;1204.06;-0.713014;2.60736;0.00607953;-0.00147724;0.000450741;0.00610632;-0.00150403;1.00632;-0.00454291;0.00127721;0.999855;0.0209684;0.984103;1;3;1
997.531;1204.06;-0.533711;2.63578;0.00593924;-0.000341727;0.00141068;0.00624152;-0.00064401;1.00363;0.00379509;-0.00274553;0.999449;0.0250198;0.978994;1;3;1
1020.53;1204.06;-0.440622;2.5838;0.00679337;-0.00135499;0.000389593;0.00681195;-0.00137358;1.00985;-0.00894947;0.00293634;0.997983;0.0241649;0.975548;1;4;1
1043.53;1204.06;-0.222367;2.54121;0.00622045;0.00152275;-0.000365596;0.00624873;0.00149447;1.00201;-0.00271321;0.00319187;1.0108;0.0247154;0.983509;1;3;1
1066.53;1204.06;-0.155562;2.44902;0.0046261;-0.000264354;0.000340812;0.00464974;-0.00028799;1.00391;-0.00352007;0.00172589;0.998344;0.0267337;0.966977;1;2;1
1089.53;1204.06;-0.010237;2.41207;0.00736473;0.00244586;-5.8376e-05;0.00736543;0.00244517;1.00768;-0.00509576;0.00249121;1.00386;0.0279033;0.981698;1;2;1
1112.53;1204.06;0.181958;2.40712;0.00660054;-0.000632601;0.000646455;0.00665787;-0.000689923;1.00178;-0.00368396;-8.53927e-05;0.999384;0.0255489;0.979049;1;3;1
1135.53;1204.06;0.292388;2.39079;0.00625732;-0.00188061;0.00011153;0.00625885;-0.00188214;1.00849;-0.00363436;-0.00208042;1.00082;0.0235792;0.9846;1;2;1
1158.53;1204.06;0.468898;2.3936;0.00711577;-0.000789931;0.00110071;0.00726617;-0.000940322;1.01056;-0.00753546;0.00407437;0.994641;0.0258108;0.983226;1;3;1
1181.53;1204.06;0.618538;2.34847;0.00811067;0.000193668;0.001511;0.00838925;-8.49111e-05;1.00546;-0.0054754;0.000750124;1.00093;0.0267029;0.981721;1;3;1
1204.53;1204.06;0.840475;2.35949;0.00737146;0.000320777;5.35692e-05;0.00737186;0.00032037;1.01044;0.00284774;-0.00347887;1.0025;0.0273727;0.981587;1;3;1
1227.53;1204.06;0.956337;2.28247;0.00578244;0.00126881;0.000193365;0.00579071;0.00126055;1.00242;0.0029517;0.00648054;0.999203;0.0223927;0.985415;1;3;1
1250.53;1204.06;1.10565;2.29275;0.00673246;0.000356593;0.00134368;0.00700406;8.49896e-05;1.01086;-0.00749115;-0.00371597;0.99882;0.0205489;0.988172;1;3;1
1273.53;1204.06;1.26494;2.21311;0.00695553;0.00267409;-0.000458753;0.00700414;0.00262548;0.999591;-0.0047907;0.00855585;1.00654;0.0292414;0.989271;1;3;1
31.5305;1181.06;-5.25012;4.33565;0.00458681;-0.00117535;-0.000226446;0.00459569;-0.00118424;0.998237;0.000896593;0.00244755;1.00205;0.0210563;0.986681;1;3;1
54.5305;1181.06;-5.14497;4.26661;0.00547985;-0.00245418;-0.00104016;0.00561395;-0.00258828;1.00418;0.00675729;0.00506958;1.00406;0.0222988;0.988791;1;3;1
77.5306;1181.06;-4.99894;4.19872;0.00377499;-0.00175077;1.12244e-05;0.00377501;-0.00175079;1.01358;0.0029482;-0.0011193;1.00575;0.0250412;0.990208;1;4;1
100.531;1181.06;-4.97175;4.16911;0.00368128;-4.75374e-05;-0.00133954;0.0041126;-0.000478859;1.00086;-0.00137714;0.00204993;1.0006;0.0185296;0.993345;1;3;1
123.531;1181.06;-4.83004;4.09035;0.00549592;-0.00149099;-0.000234425;0.00550378;-0.00149884;1.00911;0.00170328;0.00311289;0.998101;0.0207001;0.992955;1;2;1
146.531;1181.06;-4.71974;4.06542;0.00275654;-0.00187046;-0.000189243;0.00276427;-0.00187818;1.0009;0.00115594;-0.000671738;0.996832;0.0241396;0.984942;1;2;1
169.531;1181.06;-4.70349;4.00287;0.00183213;-0.0012767;-0.00102979;0.0021423;-0.00158688;0.997833;0.000778559;0.00608446;0.999049;0.0225898;0.986313;1;3;1
192.531;1181.06;-4.63569;3.94719;0.00352793;-0.00223026;-0.00147179;0.00388231;-0.00258464;1.00586;-0.00418947;0.00329891;1.0008;0.0215991;0.987961;1;3;1
215.531;1181.06;-4.54173;3.85481;0.00419215;-0.00107039;-0.000672957;0.00427684;-0.00115508;1.00309;-0.00301466;0.00205657;0.999258;0.026421;0.982414;1;3;1
238.531;1181.06;-4.44344;3.81608;0.00260173;0.000181943;-0.000814393;0.00285029;-6.66145e-05;1.00641;-0.00417296;-0.000182941;1.0023;0.0204779;0.993022;1;3;1
261.531;1181.06;-4.42224;3.79835;0.0022363;-0.00152943;-0.000599797;0.00232952;-0.00162266;0.996689;-0.000564485;0.00225001;0.998627;0.0208356;0.991056;1;3;1
284.531;1181.06;-4.34074;3.7492;0.00420908;-0.000983863;-0.00119434;0.0044706;-0.00124538;1.00704;0.00172732;0.00175723;0.996659;0.0221672;0.99062;1;3;1
307.531;1181.06;-4.22921;3.66784;0.00543962;-0.000483368;-0.00133669;0.00572731;-0.000771058;1.003;0.00125794;0.00263083;0.997586;0.020415;0.989964;1;3;1
330.531;1181.06;-4.09132;3.64057;0.00402938;-0.00270499;0.00068714;0.00409878;-0.00277439;1.00512;0.000244099;0.000327294;1.00182;0.0200839;0.989755;1;2;1
353.531;1181.06;-4.04428;3.59961;0.00446189;-0.00164711;0.000837596;0.00457465;-0.00175987;1.00501;-0.00691008;0.00134153;0.998083;0.0207746;0.989225;1;3;1
376.531;1181.06;-3.88658;3.57316;0.00383004;-0.00180237;0.000255537;0.00384161;-0.00181394;1.00281;-0.00342907;0.00358216;1.00073;0.021704;0.988892;1;3;1
399.531;1181.06;-3.86849;3.53342;0.00434537;-0.00140907;0.000113142;0.00434759;-0.00141129;1.00668;-0.00266016;5.47961e-05;1.00322;0.0193575;0.987345;1;3;1
422.531;1181.06;-3.68718;3.50302;0.00559941;-0.000227191;-0.000175008;0.00560466;-0.000232442;1.00167;-0.00508625;0.00266818;0.99779;0.0191442;0.988738;1;3;1
445.531;1181.06;-3.61179;3.41345;0.00362267;-0.00162276;0.000445828;0.00366029;-0.00166038;1.00372;-0.00467199;0.000915665;0.997185;0.0198492;0.988386;1;2;1
468.531;1181.06;-3.52088;3.44042;0.00358278;-0.00075436;0.00182714;0.0042499;-0.00142148;1.00343;0.00148479;-0.00169012;0.999579;0.0207797;0.988298;1;3;1
491.531;1181.06;-3.44728;3.38261;0.00451559;0.000855035;0.000159755;0.00452255;0.000848076;1.00209;-0.00218967;0.00523537;0.996928;0.0211233;0.987361;1;3;1
514.531;1181.06;-3.31374;3.33875;0.00579755;-0.00178161;0.000113979;0.00579926;-0.00178332;1.00636;-0.00324694;0.0031618;0.999132;0.0222951;0.987083;1;3;1
537.531;1181.06;-3.18156;3.24848;0.00365737;-0.000255547;-0.000314396;0.00368247;-0.000280647;1.00294;-0.000402519;-0.00237507;1.00369;0.0223844;0.982917;1;3;1
560.531;1181.06;-3.14586;3.26802;0.00400898;0.000507022;0.000347999;0.00404323;0.000472776;1.00534;-0.00375966;0.00588923;1.00267;0.0213479;0.983872;1;3;1
583.531;1181.06;-2.99763;3.14374;0.00721442;0.00237115;0.000839032;0.00735566;0.00222991;1.00498;-0.00573678;0.00046959;1.00616;0.0194296;0.987503;1;3;1
606.531;1181.06;-2.81523;3.20251;0.00478771;0.000618523;0.00150792;0.00527592;0.000130306;1.0065;-0.00403745;0.0024553;0.999668;0.0211801;0.989299;1;4;1
629.531;1181.06;-2.77794;3.10216;0.00361185;-0.00141915;0.00139981;0.00397511;-0.0017824;1.009;-0.00116581;-0.000671989;1.00154;0.0215849;0.98489;1;3;1
652.531;1181.06;-2.64941;3.15018;0.00579886;-0.00137378;0.0019409;0.00629038;-0.0018653;1.00439;-0.00438016;-0.000863648;1.00017;0.0227518;0.981856;1;4;1
675.531;1181.06;-2.512;3.16465;0.00658622;-0.00180381;0.00111571;0.00673205;-0.00194965;1.00562;-0.00636709;0.00363767;0.998974;0.0226592;0.985666;1;3;1
698.531;1181.06;-2.34749;3.08469;0.00522681;1.72055e-05;0.000220954;0.00523617;7.85099e-06;1.00158;-0.00465215;-0.00110044;1.00224;0.0215281;0.989033;1;3;1
721.531;1181.06;-2.27237;3.03922;0.00447469;-0.000216025;-0.000461286;0.00451962;-0.000260958;1.00224;0.00110168;0.00443707;0.996531;0.0252758;0.981918;1;3;1
744.531;1181.06;-2.14227;2.96199;0.00603763;-0.000756842;3.99589e-05;0.00603787;-0.000757077;1.00896;-0.00356273;-0.000407714;1.00174;0.0202016;0.9882;1;3;1
767.531;1181.06;-1.99552;2.96956;0.00506233;-0.000381229;-7.94345e-05;0.00506349;-0.000382388;1.00452;-0.00533721;0.00304426;0.99892;0.0228895;0.987525;1;3;1
790.531;1181.06;-1.91;2.93092;0.00515782;0.000424778;-0.00175373;0.0057368;-0.000154202;1.00534;0.00238566;0.00296787;1.00103;0.0198078;0.986342;1;3;1
813.531;1181.06;-1.75895;2.88171;0.00687691;0.00028449;-0.00033549;0.00689394;0.000267461;1.00999;-0.00287903;0.00247837;1.00361;0.0272801;0.975965;1;3;1
836.531;1181.06;-1.59478;2.8691;0.00717133;0.00208328;-0.000269599;0.00718557;0.00206904;1.00716;0.000468869;0.00198433;1.00444;0.0235113;0.97714;1;4;1
859.531;1181.06;-1.43033;2.79443;0.00578457;-0.00166603;-0.00013047;0.00578686;-0.00166831;1.00825;-0.0034179;0.00347222;0.997238;0.0249016;0.980421;1;3;1
882.531;1181.06;-1.32961;2.75158;0.00521541;-0.000844481;0.00178789;0.00570358;-0.00133265;0.998966;-0.000882203;0.000765895;0.997664;0.0241954;0.984021;1;3;1
905.531;1181.06;-1.19104;2.78686;0.0063639;5.2916e-05;-0.000148811;0.00636741;4.9409e-05;1.0043;0.00413597;-0.000542734;1.00085;0.0227519;0.985563;1;3;1
928.531;1181.06;-1.03784;2.68729;0.00668369;-0.00055936;8.28747e-05;0.00668464;-0.000560308;1.00383;-0.0030888;0.00140706;1.00042;0.0267271;0.976528;1;3;1
951.531;1181.06;-0.884849;2.63936;0.00609523;0.000203031;0.00123147;0.00634225;-4.39907e-05;1.00952;-0.00379963;0.00289165;0.999346;0.0210246;0.984378;1;3;1
974.531;1181.06;-0.758337;2.6357;0.00470049;0.00115875;0.00116059;0.00504692;0.000812324;1.00295;0.00216489;0.000755781;1.00015;0.0214207;0.989221;1;3;1
997.531;1181.06;-0.669153;2.59544;0.00729263;-0.000378822;0.00101958;0.00742582;-0.000512017;1.00983;-0.00259837;-0.00250396;0.998646;0.0240098;0.977854;1;3;1
1020.53;1181.06;-0.424093;2.62133;0.00807932;0.000676509;0.000594592;0.00812677;0.000629056;1.01086;-0.00451957;0.00484919;0.998712;0.0253065;0.980866;1;4;1
1043.53;1181.06;-0.299084;2.50393;0.00464975;0.00171901;0.00035952;0.00469321;0.00167555;1.00043;-0.00494195;-0.00575788;1.00129;0.0283952;0.978797;1;3;1
1066.53;1181.06;-0.210873;2.49479;0.00802522;-0.000605661;0.000124388;0.00802702;-0.000607453;1.0091;-0.00311021;0.00834122;0.998406;0.027658;0.970566;1;3;1
1089.53;1181.06;0.0684673;2.39029;0.00783043;-0.000963506;-0.000307891;0.00784119;-0.000974273;1.01094;0.00767181;-0.0026791;0.999165;0.0270068;0.974526;1;4;1
1112.53;1181.06;0.147902;2.44616;0.00641948;-0.000558203;0.00181621;0.00686391;-0.00100263;1.00858;-0.00264632;-0.00291721;1.0004;0.0225514;0.98385;1;4;1
1135.53;1181.06;0.362722;2.4864;0.00476422;0.000233421;-1.55243e-05;0.00476427;0.000233368;1.00228;0.00199163;-6.07488e-05;0.999428;0.0228416;0.98406;1;3;1
1158.53;1181.06;0.366493;2.3824;0.00393976;0.000782267;0.000135331;0.00394555;0.000776477;1.00716;-0.00473396;0.0041376;1.00666;0.0230112;0.981498;1;3;1
1181.53;1181.06;0.543402;2.35299;0.0086701;0.000338685;0.000781088;0.0087427;0.000266089;1.00662;0.000905514;-0.000618291;1.0019;0.0243593;0.982254;1;3;1
1204.53;1181.06;0.763565;2.32317;0.00756238;-0.000205489;0.00110877;0.00771754;-0.000360653;1.00639;-0.00284064;-0.00047864;0.997656;0.0215325;0.987374;1;3;1
1227.53;1181.06;0.889937;2.30063;0.00489294;-0.00183695;0.00153045;0.00522463;-0.00216864;1.00337;-0.00132621;0.00151198;1.00185;0.024914;0.982886;1;3;1
1250.53;1181.06;0.988092;2.32948;0.0064275;0.000542338;0.0013534;0.00672381;0.00024602;1.00253;-0.00441398;-0.00117239;0.999832;0.0257551;0.986849;1;3;1
1273.53;1181.06;1.1846;2.2281;0.00859006;-0.00134319;-0.00148938;0.00880857;-0.0015617;1.00015;-0.00200308;0.00570608;1.00041;0.027796;0.986166;1;3;1
31.5305;1158.06;-5.28295;4.37726;0.00681406;-0.00118134;-0.000929727;0.00692075;-0.00128803;1.00408;0.0020051;0.00313451;1.00045;0.0220035;0.987806;1;3;1
54.5305;1158.06;-5.1268;4.33561;0.00430763;-0.00183483;-0.00116607;0.00452154;-0.00204874;1.00522;-0.00402414;0.00639122;0.992603;0.020695;0.992275;1;3;1
77.5306;1158.06;-5.08542;4.24281;0.00439527;-0.00245969;-0.00102087;0.00454407;-0.00260849;1.00512;-0.000224066;-0.0015598;0.993929;0.0214803;0.992284;1;3;1
100.531;1158.06;-4.92552;4.12959;0.00428872;7.89871e-05;-0.000614348;0.00437655;-8.83563e-06;0.992027;-0.00520119;-0.000475862;0.996158;0.0198104;0.991535;1;3;1
123.531;1158.06;-4.88867;4.14293;0.00324808;-0.0020939;0.00107971;0.00345805;-0.00230387;1.00488;-0.00544666;0.000141088;0.994666;0.0216281;0.992802;1;3;1
146.531;1158.06;-4.77637;4.08281;0.00315288;-0.0014201;6.89942e-05;0.00315392;-0.00142114;1.0025;-0.00173762;0.00498892;0.997759;0.019869;0.989564;1;2;1
169.531;1158.06;-4.74404;4.01784;0.00210981;-0.00183842;0.000159383;0.00211624;-0.00184484;1.0013;-0.000462602;0.00384127;0.997168;0.0226714;0.987095;1;3;1
192.531;1158.06;-4.67954;3.97873;0.00356496;-0.00117919;3.39832e-05;0.0035652;-0.00117944;1.00412;-0.00282054;0.0013855;0.998809;0.0216191;0.985454;1;3;1
215.531;1158.06;-4.58049;3.89909;0.00449277;-0.00255765;5.10191e-05;0.00449314;-0.00255802;1.00142;-0.000222055;0.00201675;0.996759;0.0205043;0.989549;1;3;1
238.531;1158.06;-4.47343;3.88417;0.0034934;-0.001947;0.00109694;0.00370625;-0.00215984;1.0059;0.0036831;0.00136578;0.996431;0.0206647;0.992147;1;3;1
261.531;1158.06;-4.4201;3.8472;0.00321432;-0.000828651;-0.000547967;0.00328727;-0.000901604;1.00447;-0.00229529;-0.0017102;1.00146;0.0246015;0.985732;1;3;1
284.531;1158.06;-4.32592;3.78214;0.00524982;-0.00031243;-0.000797843;0.005362;-0.000424609;1.00568;1.70977e-05;0.00649908;1.00145;0.0189528;0.9901;1;2;1
307.531;1158.06;-4.17939;3.73116;0.00301353;-0.0012989;-0.000385106;0.00304765;-0.00133302;1.00422;-0.000167863;0.00134005;0.998066;0.0220355;0.985795;1;3;1
330.531;1158.06;-4.18754;3.73098;0.00247351;0.00033873;0.00123823;0.00304091;-0.000228667;1.00209;-0.00339333;-0.00233449;0.993491;0.0239459;0.988299;1;3;1
353.531;1158.06;-4.0658;3.66126;0.00399915;-0.00123852;0.00057007;0.00406048;-0.00129985;0.998699;0.00179176;-0.000863716;0.998417;0.0233383;0.986058;1;3;1
376.531;1158.06;-4.00402;3.64639;0.00291143;-0.000992425;0.000812436;0.00307375;-0.00115475;1.00304;-0.00281104;0.00477262;0.994915;0.0208449;0.990911;1;3;1
399.531;1158.06;-3.93217;3.56307;0.00542653;-6.94911e-05;-0.00142153;0.00577243;-0.000415393;1.00065;0.000496661;0.00555705;0.996263;0.019635;0.990619;1;3;1
422.531;1158.06;-3.75558;3.42902;0.00494267;0.000502145;0.000542446;0.00500797;0.000436841;1.00275;0.00245171;0.00177649;1.00341;0.0196312;0.988646;1;3;1
445.531;1158.06;-3.70553;3.44144;0.00224088;-0.000591373;0.00150355;0.00289021;-0.0012407;1.00589;0.00171541;-0.000634138;1.00083;0.0175124;0.991877;1;3;1
468.531;1158.06;-3.65262;3.44206;0.00456484;0.00102061;3.79218e-05;0.00456524;0.00102021;0.999094;-0.0075246;0.00124008;1.00114;0.0216849;0.984605;1;4;1
491.531;1158.06;-3.49611;3.35432;0.00628242;0.000983938;-4.10883e-05;0.00628274;0.000983619;1.00493;-0.00127184;0.00432187;1.00306;0.0191673;0.989673;1;4;1
514.531;1158.06;-3.36461;3.3591;0.00713578;-5.22156e-05;0.000331889;0.00715107;-6.75072e-05;1.00765;-0.00521789;0.00256033;1.00009;0.0195928;0.990145;1;3;1
537.531;1158.06;-3.16914;3.24992;0.00331812;-0.000910023;9.67585e-05;0.00332033;-0.000912236;1.00311;-0.00595299;0.00171883;0.995839;0.0250321;0.980419;1;3;1
560.531;1158.06;-3.21237;3.24143;0.00230369;-0.000716491;-0.000951596;0.00257851;-0.000991312;1.00801;-0.00616823;0.007909;0.998445;0.0234459;0.985372;1;3;1
583.531;1158.06;-3.06348;3.11978;0.00552181;-0.00191945;3.45833e-05;0.00552197;-0.00191961;1.00259;0.00115953;-0.000178402;0.993993;0.027312;0.97207;1;4;1
606.531;1158.06;-2.95918;3.1419;0.00495281;0.00138368;0.00251276;0.00625023;8.62651e-05;1.01249;-0.0125246;0.0053307;1.00019;0.0234443;0.981832;1;4;1
629.531;1158.06;-2.83624;3.16834;0.0068572;-0.00103407;0.0010999;0.00700764;-0.00118451;1.0007;-0.0116717;-0.00509784;0.991565;0.021524;0.986866;1;3;1
652.531;1158.06;-2.64483;3.10614;0.00538543;0.000827744;-0.000609041;0.00546541;0.000747762;1.00171;0.00175117;-6.92674e-05;1.00014;0.022053;0.989153;1;4;1
675.531;1158.06;-2.58924;3.08733;0.00503965;0.00228961;0.000825186;0.00526826;0.00206101;1.008;-0.000291433;0.00417117;1.00542;0.0228794;0.985265;1;3;1
698.531;1158.06;-2.41364;3.03949;0.00766466;0.0012781;0.00134533;0.00793649;0.00100627;1.00732;-0.00100864;0.00188838;1.00478;0.0236708;0.990982;1;3;1
721.531;1158.06;-2.23806;3.01832;0.00483935;-0.000191292;0.00021205;0.00484827;-0.000200214;1.00281;-0.00554635;-0.00257988;1.00646;0.0231106;0.984311;1;3;1
744.531;1158.06;-2.19157;3.02283;0.004248;-0.000618682;0.00100879;0.00444882;-0.000819502;1.00417;-0.00116198;0.00465203;0.99528;0.0203069;0.986381;1;3;1
767.531;1158.06;-2.04307;2.98558;0.00616573;-0.000414077;0.00020632;0.00617219;-0.00042054;1.01372;-0.00290795;0.00233598;1.00222;0.020548;0.988221;1;3;1
790.531;1158.06;-1.90899;2.89629;0.00654341;2.41912e-06;-0.000486964;0.00657946;-3.36357e-05;1.00546;0.000537831;0.000817892;1.00145;0.0238352;0.979443;1;2;1
813.531;1158.06;-1.74323;2.86026;0.00713469;0.000306411;-0.000397515;0.00715775;0.000283347;1.00572;0.00336442;0.00335929;0.99864;0.0223696;0.987281;1;3;1
836.531;1158.06;-1.58208;2.78617;0.00608457;0.00071703;-0.000366768;0.00610952;0.000692084;1.00415;-0.00235226;0.000812664;0.997287;0.0246811;0.971595;1;3;1
859.531;1158.06;-1.46424;2.78666;0.0055374;-0.000251609;0.0009134;0.0056781;-0.000392308;1.00813;-0.0019064;0.00398186;1.00325;0.0224756;0.980736;1;3;1
882.531;1158.06;-1.32808;2.74491;0.0058068;0.000203606;-0.000363124;0.00583023;0.000180172;1.00585;0.00183998;-0.00203414;1.00353;0.0275862;0.976314;1;4;1
905.531;1158.06;-1.19792;2.73961;0.00485295;0.00185749;-3.25708e-06;0.00485296;0.00185748;1.00519;-0.0004553;0.00411086;1.00431;0.0199526;0.986532;1;3;1
928.531;1158.06;-1.10539;2.74229;0.00482832;-0.000189162;0.000343847;0.00485177;-0.000212616;1.00518;0.00218771;-0.000256278;1.00063;0.0240557;0.9829;1;3;1
951.531;1158.06;-0.976391;2.68071;0.00529019;-0.00131779;-0.00108698;0.0054644;-0.001492;1.00493;-0.00040915;0.000279475;0.998131;0.0257416;0.98338;1;3;1
974.531;1158.06;-0.863059;2.55433;0.00731569;0.000793153;0.000717465;0.00739368;0.000715166;1.00854;-0.00247437;0.00243376;0.994429;0.0255336;0.980791;1;3;1
997.531;1158.06;-0.6411;2.65334;0.00604721;-0.000352953;0.000418868;0.0060745;-0.00038025;1.00523;-0.000993734;-0.001523;0.996372;0.0260454;0.98253;1;3;1
1020.53;1158.06;-0.585724;2.55292;0.00566873;0.00163629;-0.000689434;0.00578335;0.00152167;1.00704;-0.00156751;0.00746794;1.00515;0.0255259;0.973282;1;3;1
1043.53;1158.06;-0.381467;2.46248;0.00667873;0.000276508;0.000366704;0.00669966;0.000255573;1.01066;8.68391e-05;-0.00381641;0.998852;0.0239893;0.98506;1;3;1
1066.53;1158.06;-0.279584;2.47705;0.00766253;0.000812922;0.00142913;0.00794875;0.000526702;1.00658;0.00154577;0.00272824;1.00434;0.0207607;0.985764;1;3;1
1089.53;1158.06;-0.0303309;2.45642;0.00853554;0.000140551;0.000781021;0.00860758;6.85072e-05;1.00984;-0.005251;-0.00198856;1.00204;0.0223513;0.986173;1;3;1
1112.53;1158.06;0.111369;2.43286;0.00568414;0.000933859;0.00104227;0.00590277;0.000715233;1.00333;-0.0042253;0.00322612;0.999613;0.0267446;0.98048;1;2;1
1135.53;1158.06;0.230338;2.3801;0.00462366;0.00277455;0.00135952;0.00534322;0.002055;1.00198;-0.000758134;-0.00571333;1.00639;0.0239499;0.981262;1;3;1
1158.53;1158.06;0.323507;2.35786;0.0056295;7.28539e-05;0.000446288;0.00566512;3.7238e-05;1.01209;3.21088e-06;0.00621619;0.998998;0.0246955;0.979675;1;3;1
1181.53;1158.06;0.488546;2.33307;0.00793924;-0.00171231;0.000869166;0.00801689;-0.00178995;1.00389;-0.00161231;-0.00173084;0.995493;0.025389;0.981381;1;3;1
1204.53;1158.06;0.687272;2.3692;0.00728614;-0.00050718;0.00238746;0.00795937;-0.00118041;1.01151;-0.00201259;-0.00204087;0.998187;0.0239904;0.982841;1;3;1
1227.53;1158.06;0.822484;2.36724;0.00485241;-0.000185467;0.0002127;0.00486137;-0.000194432;1.00367;-0.00399026;0.0068782;1.00462;0.0213827;0.987958;1;3;1
1250.53;1158.06;0.909834;2.26823;0.00824352;0.000484387;0.000160636;0.00824685;0.000481063;1.00854;0.000679762;-0.000826979;1.00147;0.0206198;0.990119;1;3;1
1273.53;1158.06;1.20004;2.27499;0.0126975;-0.00171283;0.0015171;0.0128555;-0.00187081;1.00683;0.00121248;0.00230325;0.997649;0.0282771;0.984729;1;3;1
31.5305;1135.06;-5.2478;4.39002;0.00331212;-0.00106608;-0.000759661;0.00344018;-0.00119414;1.00097;0.000120771;0.00443083;0.997368;0.0208751;0.990879;1;3;1
54.5305;1135.06;-5.17178;4.3511;0.00300051;0.000920356;-0.000486313;0.00310858;0.000812277;1.00074;0.00252631;0.00323315;1.00892;0.0219851;0.988362;1;3;1
77.5306;1135.06;-5.11005;4.31214;0.0034236;-0.00165608;-0.00173463;0.00395942;-0.00219191;1.00404;-0.00354737;0.00280799;0.999333;0.0195978;0.993423;1;3;1
100.531;1135.06;-5.01493;4.1655;0.00293122;-0.00186224;0.000316527;0.00295203;-0.00188305;0.997785;0.000403718;0.00186655;0.999376;0.0219969;0.991231;1;3;1
123.531;1135.06;-4.97558;4.187;0.00357947;-0.00142114;0.000922609;0.00374426;-0.00158593;1.00905;0.000395062;0.00168326;1.00249;0.0199986;0.991782;1;3;1
146.531;1135.06;-4.85058;4.13097;0.00335097;-0.000171963;5.45012e-05;0.00335182;-0.000172806;1.00219;-0.00503355;0.00508857;0.999908;0.0204711;0.990432;1;3;1
169.531;1135.06;-4.8218;4.08767;0.0020405;-0.00136827;0.000712763;0.00218353;-0.0015113;1.00066;-0.00967204;5.84793e-05;1.00074;0.0211193;0.986679;1;3;1
192.531;1135.06;-4.757;4.00163;0.00395645;-0.00073533;0.000108565;0.00395896;-0.000737841;1.00234;-0.00097937;0.00497245;1.00013;0.0223377;0.991003;1;3;1
215.531;1135.06;-4.6403;3.97272;0.00351658;-0.0019441;-0.000100703;0.00351844;-0.00194596;1.00229;0.00154212;-0.00303609;0.996488;0.0214659;0.98844;1;3;1
238.531;1135.06;-4.59562;3.90598;0.00363481;-0.000268243;-0.000137461;0.00363964;-0.000273078;1.00311;-0.00722444;0.0044883;1.00135;0.0224102;0.985295;1;3;1
261.531;1135.06;-4.4736;3.83651;0.0046349;-0.00150316;-0.00040156;0.00466106;-0.00152932;1.00483;-0.00165863;-0.00181643;0.996404;0.0239042;0.985578;1;3;1
284.531;1135.06;-4.38312;3.7636;0.00498846;-0.000914368;-0.000357942;0.00501008;-0.000935994;1.00518;-0.00547034;0.00684032;0.997091;0.0231475;0.982426;1;3;1
307.531;1135.06;-4.24483;3.72763;0.00236415;-0.000249535;0.00118258;0.00281979;-0.000705171;1.00317;-0.00929502;0.00476611;1.00454;0.0231603;0.985058;1;3;1
330.531;1135.06;-4.27471;3.62535;0.00139695;0.000756293;0.000107708;0.00141457;0.000738669;1.00096;-0.0041565;-0.00402845;1.00507;0.0253856;0.989911;1;3;1
353.531;1135.06;-4.18067;3.65681;0.0047022;-0.000340194;0.00166049;0.00519988;-0.000837879;1.00904;-0.00653733;-0.00209393;1.0014;0.0211503;0.98552;1;3;1
376.531;1135.06;-4.05891;3.61916;0.00493024;0.000752591;-0.000127587;0.00493413;0.000748698;0.997422;-0.00420889;0.00706872;1.00637;0.0195764;0.987861;1;3;1
399.531;1135.06;-3.95459;3.5367;0.00438346;-0.000157395;-0.000838875;0.00453348;-0.000307412;1.00583;-0.00422651;0.000929475;1.00415;0.019667;0.991697;1;3;1
422.531;1135.06;-3.85792;3.48025;0.00474803;-0.00221896;0.000593893;0.00479829;-0.00226923;1.00015;-0.0075765;0.00303332;1.00009;0.0213517;0.988087;1;3;1
445.531;1135.06;-3.7368;3.44083;0.00538039;-0.000457685;0.000284328;0.0053942;-0.0004715;1.01083;-0.00665916;0.0022027;1.00051;0.0189218;0.988256;1;3;1
468.531;1135.06;-3.61117;3.39358;0.00459439;-0.000857032;-0.00117732;0.00483778;-0.00110042;0.99865;0.00643743;0.00199453;1.00073;0.0258334;0.980314;1;4;1
491.531;1135.06;-3.52606;3.33743;0.00356033;-9.46444e-05;-2.05813e-06;0.00356033;-9.46456e-05;1.00029;0.00177517;-0.000556031;1.00123;0.0244088;0.98438;1;3;1
514.531;1135.06;-3.44771;3.34134;0.00476078;2.07839e-05;0.000153122;0.00476572;1.58426e-05;1.00602;-0.000131863;0.0052174;1.00181;0.0222545;0.986196;1;3;1
537.531;1135.06;-3.3076;3.29053;0.00565662;-0.00209366;0.00129037;0.00586581;-0.00230285;1.00332;-0.00428877;-0.00131158;1.00033;0.0203033;0.988137;1;3;1
560.531;1135.06;-3.18826;3.30101;0.00453314;-0.00146133;-0.000449047;0.0045666;-0.00149479;1.0104;-4.68069e-05;0.00282898;0.998365;0.0217055;0.98589;1;3;1
583.531;1135.06;-3.09959;3.23224;0.0041752;-0.00338082;-0.001133;0.00434143;-0.00354706;0.998802;-0.00748801;0.00436724;1.00193;0.0216695;0.988647;1;4;1
606.531;1135.06;-2.99688;3.13927;0.00404578;-0.00193595;-0.000590601;0.00410353;-0.0019937;1.00693;0.00663853;0.00528433;1.00254;0.0220609;0.985297;1;3;1
629.531;1135.06;-2.91393;3.14995;0.00703697;0.000934605;0.000267931;0.00704871;0.000922864;1.00355;0.00287958;-0.00632467;1.00619;0.0221324;0.987618;1;3;1
652.531;1135.06;-2.67432;3.11212;0.00566828;-0.00117118;0.00110694;0.00584297;-0.00134587;0.998026;-0.00664015;0.00633743;0.995489;0.0265653;0.980207;1;4;1
675.531;1135.06;-2.65401;3.05966;0.0029501;0.00109411;-0.000786452;0.00323852;0.00080568;1.00574;0.00248855;0.00272484;0.996826;0.0248879;0.976127;1;3;1
698.531;1135.06;-2.53889;3.02634;0.00754251;-0.000506423;0.0019495;0.00798983;-0.000953742;1.00675;-0.00547223;-0.000701208;0.995219;0.0279676;0.980846;1;4;1
721.531;1135.06;-2.30836;3.04803;0.00592261;-0.000173924;0.00156202;0.00629952;-0.000550835;1.01126;-0.000575185;0.0011629;0.99874;0.0245592;0.982963;1;4;1
744.531;1135.06;-2.26727;2.99062;0.00366528;0.000471607;0.000702152;0.00381283;0.000324051;0.994879;-0.00314371;0.00478518;1.00443;0.0217193;0.986463;1;4;1
767.531;1135.06;-2.1401;2.98884;0.00604671;0.00107692;0.00180681;0.00663415;0.000489471;1.00655;-0.0042214;-0.00416387;0.997401;0.0264831;0.975365;1;3;1
790.531;1135.06;-1.99;2.93088;0.00672327;0.000691471;-0.000133248;0.00672621;0.000688529;1.01212;-0.00648188;0.00240361;0.998403;0.0229602;0.98248;1;3;1
813.531;1135.06;-1.83202;2.86768;0.00776114;1.22657e-05;0.000655811;0.00781625;-4.28458e-05;1.00993;-0.00311909;0.00587522;0.998271;0.0238827;0.980822;1;3;1
836.531;1135.06;-1.63446;2.83614;0.00604285;-0.000855173;0.00139373;0.0063138;-0.00112613;1.00268;-0.0052041;7.79624e-05;1.00027;0.0224667;0.98656;1;2;1
859.531;1135.06;-1.55492;2.80618;0.00635398;-0.000150258;0.000654225;0.00641914;-0.000215411;1.00579;-0.00306745;0.00471275;0.997761;0.0236842;0.980594;1;3;1
882.531;1135.06;-1.34319;2.74221;0.00789349;-0.00103407;0.00023066;0.00789945;-0.00104002;1.00828;2.89414e-05;-0.000429695;0.998965;0.0231732;0.977592;1;4;1
905.531;1135.06;-1.19336;2.7015;0.00469108;-0.000696709;0.000571988;0.00475113;-0.000756764;1.0009;-0.00256698;0.002996;1.00017;0.0215728;0.982994;1;3;1
928.531;1135.06;-1.12793;2.69608;0.0048218;0.00068436;0.00151814;0.00531907;0.000187083;1.0131;-0.00323196;0.00150653;1.00277;0.023751;0.982758;1;3;1
951.531;1135.06;-0.972093;2.7001;0.00603916;-0.000521259;-0.000362244;0.0060591;-0.000541201;1.00204;-0.00255201;-0.00110809;1.00142;0.0210372;0.983406;1;3;1
974.531;1135.06;-0.851061;2.59933;0.00574066;-0.00142553;-0.000135176;0.00574321;-0.00142807;1.00708;-0.000648383;0.00715687;1.00281;0.020643;0.990054;1;3;1
997.531;1135.06;-0.708861;2.61169;0.00654249;0.000782623;0.00145336;0.00688843;0.000436683;1.00862;-0.0042644;-0.00169787;1.0029;0.0214761;0.987149;1;3;1
1020.53;1135.06;-0.551114;2.5463;0.00656559;-0.00119523;-0.000607143;0.0066128;-0.00124244;1.00224;-0.00216863;0.00648669;0.993263;0.0251318;0.983893;1;3;1
1043.53;1135.06;-0.407985;2.49134;0.00444073;-0.00117638;0.000241306;0.00445108;-0.00118673;1.00732;0.000406582;0.00130379;1.00004;0.0244063;0.9805;1;3;1
1066.53;1135.06;-0.347377;2.45761;0.00788956;-0.000153003;0.00024432;0.00789697;-0.000160418;1.00867;-0.00436181;-0.00219844;1.00075;0.0242756;0.97785;1;3;1
1089.53;1135.06;-0.0466101;2.38397;0.00706826;8.7733e-05;0.00104746;0.00722205;-6.60556e-05;1.0034;0.00421894;0.000946569;1.00622;0.0277468;0.970986;1;3;1
1112.53;1135.06;-0.0234098;2.40354;0.00457507;0.000312232;0.00169355;0.00516597;-0.000278673;1.00416;0.000835101;-0.00410143;1.00291;0.0286225;0.976222;1;3;1
1135.53;1135.06;0.163357;2.35937;0.00659368;-0.000275117;0.00151413;0.00691263;-0.000594073;1.00512;-0.00573666;0.000864868;0.995365;0.024674;0.974996;1;3;1
1158.53;1135.06;0.278899;2.37914;0.00680568;0.000783565;0.00241749;0.00765607;-6.68203e-05;1.01523;-0.000675387;-8.16959e-05;0.998574;0.0229613;0.980965;1;3;1
1181.53;1135.06;0.475304;2.43187;0.00655437;4.25534e-05;0.00106748;0.00672489;-0.000127973;1.00147;-0.00475455;0.00561376;0.997842;0.026849;0.982693;1;3;1
1204.53;1135.06;0.579407;2.34688;0.00643039;0.00153043;0.000530776;0.00648723;0.0014736;1.00278;-0.00620294;0.00161092;1.00502;0.0239592;0.983058;1;3;1
1227.53;1135.06;0.769995;2.30932;0.00659757;0.00171867;0.000265547;0.00661198;0.00170426;1.01195;0.000386776;0.00289407;1.00334;0.0248074;0.98626;1;3;1
1250.53;1135.06;0.881884;2.30732;0.00632629;-0.00197405;0.00122439;0.00650314;-0.00215089;1.00444;-0.00340834;-0.00354159;0.998834;0.0235556;0.982333;1;3;1
1273.53;1135.06;1.06009;2.30713;0.00777806;-0.000578299;0.00158726;0.00806939;-0.000869637;1.00091;-0.00355515;0.00684191;0.999088;0.0265667;0.984307;1;3;1
31.5305;1112.06;-5.29081;4.42632;0.00572418;-0.00120963;-0.00174156;0.00613702;-0.00162248;0.996522;-0.00268552;0.00786932;0.999344;0.0227224;0.987726;1;3;1
54.5305;1112.06;-5.15991;4.29331;0.00391834;-0.000805843;-0.000408016;0.00395332;-0.000840823;1.00426;-0.00145418;-0.00044438;0.999824;0.0215026;0.98863;1;3;1
77.5306;1112.06;-5.11104;4.31906;0.00175977;-0.000834966;0.000316097;0.00179773;-0.000872919;1.00499;-0.00586065;0.00332422;0.994546;0.02531;0.985725;1;3;1
100.531;1112.06;-5.0791;4.21559;0.00225414;-0.00309531;0.000116704;0.00225668;-0.00309785;0.999172;-0.0086754;0.00287777;0.998379;0.0223374;0.989421;1;3;1
123.531;1112.06;-5.0076;4.2085;0.00433358;-9.85824e-06;0.000206521;0.00434338;-1.96557e-05;1.00811;-0.00511257;-0.000473455;0.999066;0.0207364;0.992721;1;3;1
146.531;1112.06;-4.88035;4.09084;0.00150972;-0.000943341;-0.000520473;0.00161558;-0.0010492;1.0097;-0.00303104;0.00149564;1.00188;0.0199627;0.994611;1;3;1
169.531;1112.06;-4.93838;4.08124;0.00166465;-0.00119508;-0.000277189;0.00169127;-0.0012217;0.993349;-0.00184758;0.00366716;0.996082;0.0216111;0.987077;1;3;1
192.531;1112.06;-4.80391;4.01273;0.00593248;-0.00111619;-0.000333283;0.00594821;-0.00113191;1.01055;-0.000127318;0.00280304;0.99605;0.0235189;0.990326;1;3;1
215.531;1112.06;-4.66639;3.98869;0.00452205;-0.000484948;7.42059e-06;0.00452206;-0.000484959;0.998828;-0.0014889;-0.00034293;1.0001;0.019421;0.992218;1;3;1
238.531;1112.06;-4.59651;3.89667;0.00308277;-0.00141069;-0.000238701;0.00309541;-0.00142333;1.00485;0.00354429;0.00208418;0.998602;0.0258795;0.985582;1;3;1
261.531;1112.06;-4.52485;3.91652;0.00425175;-0.00356878;-0.000274216;0.00426135;-0.00357839;1.00732;0.000712188;0.00139505;0.993922;0.0205245;0.990756;1;3;1
284.531;1112.06;-4.4014;3.82429;0.00216244;-0.0029039;-0.000536493;0.00221863;-0.00296009;1.00091;-0.0059909;0.000968579;0.998893;0.022825;0.987882;1;3;1
307.531;1112.06;-4.42581;3.7433;0.00290361;-0.00239782;0.000254106;0.00291576;-0.00240997;0.998748;-0.000995782;0.00840116;0.996486;0.0215889;0.98938;1;3;1
330.531;1112.06;-4.2682;3.69628;0.00439764;-0.00320595;-0.000672331;0.00445663;-0.00326494;1.00722;0.00288401;-0.00410283;0.995527;0.0234522;0.988437;1;4;1
353.531;1112.06;-4.22401;3.67718;0.00340407;-0.0013504;-0.000556566;0.00346835;-0.00141469;1.00517;0.000861809;0.00556538;0.998885;0.0242924;0.976779;1;3;1
376.531;1112.06;-4.11196;3.61191;0.00502368;-0.000267683;-0.000141756;0.00502747;-0.000271478;1.0033;0.00162121;0.000156892;0.996458;0.0243964;0.983693;1;3;1
399.531;1112.06;-3.99362;3.57035;0.00450703;-0.00140179;-0.000457599;0.00454226;-0.00143702;1.00453;0.00364732;0.00288479;0.992769;0.0227424;0.98364;1;3;1
422.531;1112.06;-3.90517;3.53145;0.00383424;-0.00121952;-0.000549829;0.00389336;-0.00127865;1.00587;0.00108371;9.2415e-05;0.995965;0.0225461;0.984648;1;3;1
445.531;1112.06;-3.81771;3.46264;0.00561483;-0.00246586;0.000455941;0.00564047;-0.0024915;1.00397;0.00352626;0.00175725;0.996123;0.0223154;0.981768;1;4;1
468.531;1112.06;-3.64764;3.4815;0.0058837;-0.00299745;0.000180222;0.00588735;-0.0030011;1.00394;-0.00638314;-0.000350886;0.99762;0.0200058;0.988213;1;3;1
491.531;1112.06;-3.54797;3.3587;0.00484855;-0.00127797;-0.00100742;0.00500995;-0.00143937;1.0111;-0.00398688;-0.000399531;0.993462;0.0223276;0.985304;1;3;1
514.531;1112.06;-3.4253;3.35818;0.00481053;-0.00155573;0.000420277;0.00483815;-0.00158336;0.999209;-0.00175366;0.00385146;0.992697;0.0199079;0.98667;1;3;1
537.531;1112.06;-3.32722;3.3466;0.00427283;-0.00143222;0.000942635;0.00442454;-0.00158394;1.00698;-0.00083523;0.00212137;0.996213;0.0227333;0.988297;1;4;1
560.531;1112.06;-3.2292;3.3087;0.00451169;0.00116533;0.000129436;0.00451669;0.00116033;0.997379;0.00166007;-0.00332568;1.0016;0.0225477;0.988573;1;4;1
583.531;1112.06;-3.1202;3.2756;0.00528375;-0.000458836;-0.000731202;0.00537539;-0.000550477;1.00686;0.0055277;0.00560849;0.997053;0.0226559;0.986142;1;4;1
606.531;1112.06;-2.98685;3.23105;0.00507259;-0.00315912;-0.00122078;0.00524982;-0.00333635;1.00863;-0.00513872;-0.000525066;0.991024;0.0227423;0.985662;1;3;1
629.531;1112.06;-2.88769;3.12539;0.00329078;-0.00109303;2.1184e-05;0.00329088;-0.00109313;0.998524;0.000704879;0.0022641;1.00121;0.0231784;0.987108;1;3;1
652.531;1112.06;-2.83578;3.16044;0.00621594;-9.83654e-05;0.000881891;0.00633679;-0.000219222;1.00486;-0.000382921;0.00183033;1.00107;0.0260439;0.980516;1;3;1
675.531;1112.06;-2.60273;3.03703;0.0050712;-0.00107058;0.000208825;0.00507829;-0.00107768;1.00702;-0.000850648;0.00745082;0.998469;0.0272154;0.963435;1;3;1
698.531;1112.06;-2.60319;3.06318;0.00405846;-0.00116031;0.000729658;0.00415856;-0.00126041;1.00212;0.00107668;-0.00356635;0.99572;0.0255462;0.976725;1;3;1
721.531;1112.06;-2.41642;3.02667;0.00628716;-1.13867e-05;0.000472985;0.00632248;-4.6707e-05;1.01288;-0.00222946;0.00200661;1.00254;0.0253656;0.981932;1;3;1
744.531;1112.06;-2.31493;3.00131;0.00323881;0.000853837;6.40615e-05;0.00324053;0.000852117;0.999055;-0.00249978;-0.00068491;1.00063;0.0235257;0.984135;1;3;1
767.531;1112.06;-2.26776;2.93662;0.00649665;0.00171129;-0.000884963;0.00665506;0.00155288;1.00791;-0.00667536;0.00668475;1.00119;0.0253896;0.982222;1;3;1
790.531;1112.06;-2.01725;2.86463;0.00809158;-3.01546e-05;0.000283931;0.00810149;-4.00686e-05;1.01523;-0.00274309;-0.00156906;1.00156;0.0264916;0.976149;1;4;1
813.531;1112.06;-1.8971;2.85996;0.00537622;-0.000541896;0.000452643;0.00541064;-0.000576316;1.00655;-0.00208649;0.00210919;1.00212;0.0209838;0.986234;1;3;1
836.531;1112.06;-1.77062;2.82591;0.00610056;0.000135335;0.00149336;0.00645354;-0.000217635;1.0076;-0.00438132;0.00679781;1.00566;0.0217179;0.985485;1;3;1
859.531;1112.06;-1.61738;2.79383;0.00693119;-0.000262996;0.00131329;0.00716343;-0.000495239;1.00171;-0.00357391;-0.000910415;1.00254;0.0245598;0.98124;1;3;1
882.531;1112.06;-1.45289;2.79267;0.00700694;-0.000498395;0.00230105;0.00765625;-0.0011477;1.01029;-0.0142842;-0.00182908;0.99868;0.024521;0.980712;1;4;1
905.531;1112.06;-1.29618;2.77177;0.00451432;-0.000943455;0.00150902;0.00490376;-0.0013329;1.00091;-0.00853695;0.00254357;0.996693;0.0234735;0.980525;1;3;1
928.531;1112.06;-1.24577;2.71103;0.00559907;-0.000449457;0.000883725;0.00572555;-0.00057593;1.01031;-0.00154517;0.00315805;0.997466;0.0260042;0.971601;1;3;1
951.531;1112.06;-1.03939;2.70473;0.00670472;0.000403922;0.00021694;0.00671218;0.000396461;1.00274;-0.00322758;0.00157098;0.995894;0.0210455;0.987867;1;2;1
974.531;1112.06;-0.938474;2.62001;0.00463691;-0.000676872;0.000297063;0.00465346;-0.000693428;1.00666;-0.00815074;0.00559019;0.99668;0.0195677;0.986315;1;3;1
997.531;1112.06;-0.826668;2.61772;0.00629843;0.000131166;0.00123151;0.00653525;-0.000105655;1.00588;-0.00451878;-0.00136426;0.999062;0.0231649;0.985032;1;3;1
1020.53;1112.06;-0.649655;2.60798;0.00730947;-0.000257642;0.000438971;0.00733485;-0.000283022;1.00502;-0.000633023;0.000371801;0.999419;0.0264052;0.972372;1;3;1
1043.53;1112.06;-0.491762;2.51676;0.00526197;-0.000202139;0.000127798;0.00526496;-0.000205126;1.00478;-0.00303975;0.00606432;1.00009;0.0237226;0.980716;1;3;1
1066.53;1112.06;-0.408403;2.48427;0.00680761;0.00128691;-0.000111002;0.00680984;0.00128468;1.00754;0.00220463;0.00110768;0.997443;0.0311829;0.967001;1;3;1
1089.53;1112.06;-0.179715;2.45263;0.00742356;-0.00212639;0.00148399;0.00764885;-0.00235168;1.00843;-0.00710703;0.00532675;0.995785;0.0218892;0.986367;1;3;1
1112.53;1112.06;-0.0682231;2.41885;0.00539405;-0.00196549;-0.000549847;0.0054349;-0.00200634;1.00385;0.00129294;-0.00297983;0.993693;0.0227627;0.986367;1;3;1
1135.53;1112.06;0.0677068;2.39304;0.00529624;0.000127339;0.00159833;0.00575055;-0.000326966;1.00846;-0.00447273;0.0023505;1.00298;0.0196501;0.989713;1;3;1
1158.53;1112.06;0.174661;2.32207;0.00635172;-0.000331932;0.00103793;0.00650919;-0.000489405;1.00731;-0.0029881;-0.000168888;0.999478;0.0275524;0.963303;1;3;1
1181.53;1112.06;0.358922;2.3313;0.00746535;0.00199981;0.00122914;0.00772905;0.00173611;1.00221;-0.000284591;-0.00071392;1.00716;0.0244603;0.983091;1;3;1
1204.53;1112.06;0.516789;2.29917;0.00873233;0.00124154;0.000496647;0.00876511;0.00120876;1.01162;-0.00309634;-0.00412468;1.00206;0.0232904;0.983204;1;3;1
1227.53;1112.06;0.758851;2.28829;0.0060831;0.000450393;0.00108332;0.00628427;0.000249228;1.00838;1.73936e-05;0.00126078;0.991219;0.0248314;0.988941;1;3;1
1250.53;1112.06;0.795727;2.35927;0.00645339;0.000707023;0.000390248;0.00647977;0.000680642;1.00054;0.00358775;0.000138338;1.0011;0.0234796;0.98765;1;3;1
1273.53;1112.06;1.05475;2.30182;0.0113286;0.00186918;0.00121263;0.0114815;0.0017162;1.01586;-0.00813578;0.0012909;1.00177;0.0259309;0.985299;1;3;1
31.5305;1089.06;-5.35269;4.44582;0.00486464;-0.00241666;-0.00055816;0.00490718;-0.0024592;1.0055;-0.0092756;0.00305831;1.00206;0.0265315;0.988726;1;3;1
54.5305;1089.06;-5.24115;4.38823;0.00296518;-0.00329422;0.000817114;0.00307009;-0.00339913;1.00146;-0.0130529;0.00540442;0.993682;0.0296064;0.989664;1;4;1
77.5306;1089.06;-5.21659;4.35069;0.00229832;-0.00236317;0.000762459;0.00241986;-0.00248471;1.00591;0.000404536;-0.00204607;1.00089;0.0203987;0.992261;1;3;1
100.531;1089.06;-5.13561;4.30826;0.00213654;-0.00261861;-0.000970404;0.00232695;-0.00280902;1.0043;0.00383176;0.0043314;0.995745;0.0203121;0.994897;1;3;1
123.531;1089.06;-5.1187;4.18768;0.00449016;-0.00133452;-0.000316985;0.00450736;-0.00135172;1.00478;-0.00243008;-0.000197195;0.998082;0.0236974;0.994313;1;2;1
146.531;1089.06;-4.92972;4.17446;0.00532954;-0.00314132;0.000683073;0.00538427;-0.00319605;1.01098;-0.000596061;-0.000454565;0.994472;0.022399;0.983889;1;3;1
169.531;1089.06;-4.87422;4.14271;0.00242609;-0.00227702;-0.00124084;0.00273339;-0.00258432;0.995136;0.000530141;0.00302749;0.998977;0.0199092;0.990712;1;2;1
192.531;1089.06;-4.81842;4.05304;0.00256828;-0.00273483;-0.00177392;0.00310695;-0.0032735;1.00629;0.000480775;0.00399342;0.998435;0.0186738;0.991046;1;3;1
215.531;1089.06;-4.75646;3.99518;0.00376622;-0.00158487;2.85166e-05;0.00376637;-0.00158502;1.00432;-0.00365365;-0.00106245;0.997497;0.019885;0.989295;1;3;1
238.531;1089.06;-4.64557;3.97095;0.00514704;-0.00266343;0.000986399;0.00526969;-0.00278608;1.00641;-0.00606961;0.00266104;0.996038;0.0205464;0.988339;1;3;1
261.531;1089.06;-4.52031;4.00099;0.00303521;-0.000966278;-0.000276421;0.00305421;-0.000985283;1.00042;-0.00426972;-0.00303876;1.00412;0.0226316;0.989587;1;3;1
284.531;1089.06;-4.50622;3.89753;0.00272366;-0.00155412;0.000150715;0.00272896;-0.00155942;1.00716;-0.00538601;6.3915e-05;0.997707;0.022173;0.990923;1;3;1
307.531;1089.06;-4.39548;3.83831;0.00496105;-0.00159935;-0.00101952;0.00511584;-0.00175414;1.00143;0.00163835;0.00695386;0.994363;0.0252032;0.983551;1;3;1
330.531;1089.06;-4.27874;3.77306;0.00396485;-0.00185021;-0.000518572;0.00401074;-0.00189609;1.00663;-0.00166071;0.000769431;0.998706;0.022138;0.989554;1;3;1
353.531;1089.06;-4.21361;3.71899;0.00275923;-0.00131989;-0.00123827;0.0031057;-0.00166635;1.00917;-9.58096e-07;0.00364273;0.997276;0.0220703;0.984082;1;3;1
376.531;1089.06;-4.15221;3.63157;0.00481779;-0.00124166;-0.000950663;0.00496344;-0.00138731;0.996892;-0.000140865;0.0016206;0.997825;0.020612;0.990439;1;3;1
399.531;1089.06;-3.99267;3.60124;0.0051787;-0.00095521;-9.21913e-05;0.00518009;-0.000956595;1.00724;-0.00313487;0.00387255;0.999824;0.0219012;0.987766;1;3;1
422.531;1089.06;-3.9147;3.53641;0.00358538;-0.00160929;0.000413829;0.00361814;-0.00164206;1.00295;-0.00381276;-0.00194951;1.00111;0.0200173;0.988964;1;3;1
445.531;1089.06;-3.82806;3.55449;0.00400857;-0.00226048;0.000884814;0.00413106;-0.00238297;1.00777;-0.00249392;0.00486102;0.999394;0.0204391;0.990575;1;3;1
468.531;1089.06;-3.73067;3.53183;0.00592916;0.000205757;-0.000479086;0.00596898;0.000165931;1.00417;0.00197012;-2.97235e-06;1.00027;0.0219064;0.989013;1;3;1
491.531;1089.06;-3.55639;3.39627;0.00506947;-0.00238572;-0.000276758;0.00507973;-0.00239598;1.00627;-0.0042889;-0.00116836;1.00011;0.0197916;0.991025;1;3;1
514.531;1089.06;-3.49822;3.41299;0.00246508;-0.00167726;0.00143765;0.00291514;-0.00212732;0.999919;-0.00438673;0.000648003;0.999818;0.0191233;0.990393;1;2;1
537.531;1089.06;-3.44316;3.35666;0.00496089;-0.00118331;-6.99042e-05;0.00496169;-0.0011841;1.00542;-0.0105771;0.013062;0.997243;0.0266341;0.979151;1;3;1
560.531;1089.06;-3.27088;3.24751;0.00727397;0.00154674;0.000175869;0.00727937;0.00154134;1.00873;-0.00543761;-0.00582338;0.997608;0.026517;0.974155;1;4;1
583.531;1089.06;-3.10988;3.25335;0.00516076;0.00136319;0.00122045;0.00551916;0.00100479;1.00364;-0.00686333;0.00375553;1.00379;0.0195652;0.992071;1;3;1
606.531;1089.06;-3.03411;3.28483;0.00269351;-0.000349796;0.000721207;0.00285577;-0.000512057;1.00372;-0.00225131;-0.00491744;1.00105;0.0189432;0.990523;1;3;1
629.531;1089.06;-2.98617;3.20032;0.00417501;-0.00180557;-0.000881121;0.00430212;-0.00193268;1.0027;-0.00212066;0.00258505;0.99876;0.0217592;0.984871;1;3;1
652.531;1089.06;-2.84276;3.11696;0.00471689;-3.12359e-05;-0.000527635;0.00477482;-8.91625e-05;1.00246;0.000744755;0.00431037;1.00089;0.0239214;0.9878;1;3;1
675.531;1089.06;-2.76979;3.10908;0.00494065;-0.00292853;0.00130702;0.00515206;-0.00313994;1.00357;-0.00498344;-0.00423895;0.997551;0.0251559;0.9817;1;3;1
698.531;1089.06;-2.61606;3.07981;0.00778546;-0.00038857;-0.000204524;0.00779058;-0.000393684;1.00272;-0.000112026;0.0061078;1.00296;0.0237337;0.982097;1;4;1
721.531;1089.06;-2.41309;3.04867;0.00552083;-0.000980335;-0.000180438;0.00552583;-0.000985339;1.01053;-0.00457921;-0.000445244;0.993717;0.0248128;0.983066;1;3;1
744.531;1089.06;-2.36298;2.95146;0.00475149;-0.00138134;-0.00050619;0.00479299;-0.00142284;1.0037;-0.0119638;0.0025364;0.998598;0.0275246;0.973357;1;4;1
767.531;1089.06;-2.19524;2.91022;0.00590935;7.46812e-05;-0.000608434;0.00597212;1.19095e-05;1.0001;0.000727584;0.00456983;1.00441;0.0253294;0.974656;1;4;1
790.531;1089.06;-2.09195;2.93238;0.00617809;-0.000713884;0.000851914;0.00628183;-0.000817627;1.01059;-0.00527971;-0.00173941;1.00194;0.0217749;0.981187;1;4;1
813.531;1089.06;-1.91193;2.89268;0.00556577;-0.00153383;-9.60627e-05;0.00556707;-0.00153513;1.00519;-0.00378371;0.00354899;0.996257;0.0228135;0.98264;1;3;1
836.531;1089.06;-1.83675;2.83036;0.00444598;-0.00129267;0.000304807;0.00446212;-0.00130882;1.00865;-0.000179539;0.00230686;0.998103;0.0224293;0.986657;1;3;1
859.531;1089.06;-1.70792;2.81853;0.0057005;-0.000743732;0.001287;0.00594803;-0.000991254;1.00343;-0.00783973;0.00208198;0.997113;0.0242563;0.981941;1;4;1
882.531;1089.06;-1.57531;2.76573;0.00643818;0.00119625;0.00121454;0.00670591;0.000928516;1.00792;-0.00300605;-0.000556589;1.00247;0.0258306;0.974539;1;3;1
905.531;1089.06;-1.41277;2.74544;0.00654144;8.62004e-05;0.00167935;0.00695219;-0.00032455;1.00877;-0.000221017;0.00236185;1.00358;0.0225317;0.988144;1;3;1
928.531;1089.06;-1.27541;2.717;0.00720947;-0.000422231;0.000536611;0.00724702;-0.000459777;1.00048;-0.00734539;-0.000994884;0.999168;0.0196416;0.988171;1;3;1
951.531;1089.06;-1.08237;2.68166;0.00677665;0.0011065;0.000776196;0.00688098;0.00100217;1.01;-0.00228746;0.00138171;1.00396;0.0190611;0.99088;1;4;1
974.531;1089.06;-0.964816;2.63061;0.00542797;-0.000631135;-0.000257243;0.00543887;-0.000642037;1.00517;0.00343056;0.00102024;0.999107;0.0214305;0.986695;1;3;1
997.531;1089.06;-0.833416;2.60583;0.00596236;0.000131976;-0.000373925;0.00598624;0.000108093;1.00634;-0.000628384;0.0025414;1.00201;0.0203704;0.986161;1;3;1
1020.53;1089.06;-0.691417;2.55837;0.00634211;0.000237156;-0.00017614;0.00634718;0.000232078;1.00748;-0.000775884;0.00296872;1.00403;0.0245348;0.98117;1;2;1
1043.53;1089.06;-0.542717;2.50084;0.00633901;-0.000300691;-0.000868689;0.00645078;-0.000412462;1.00498;-0.0031484;0.000570847;0.99886;0.0257461;0.988394;1;3;1
1066.53;1089.06;-0.401017;2.39848;0.00645068;-0.000251508;0.000412514;0.00647597;-0.000276802;1.01093;-0.00327774;0.00748001;0.996855;0.0268524;0.972798;1;3;1
1089.53;1089.06;-0.24694;2.48233;0.00805107;-1.06702e-05;0.00207054;0.00855176;-0.00051136;1.0048;-0.00222625;-0.0019632;0.997308;0.0244529;0.977394;1;2;1
1112.53;1089.06;-0.0322446;2.49405;0.00365707;-0.000779812;-0.00134384;0.00403235;-0.00115509;1.0078;0.000380158;0.00460692;0.9976;0.0215028;0.983559;1;3;1
1135.53;1089.06;-0.0791995;2.35416;0.00337588;-7.82541e-05;-0.000419582;0.00342612;-0.000128491;0.997191;0.00172297;0.00121342;0.99907;0.0259908;0.98021;1;3;1
1158.53;1089.06;0.122678;2.39467;0.00916087;-0.000843741;-0.000462361;0.00918219;-0.000865064;1.01145;0.00487227;-0.0043455;1.0002;0.0250365;0.979013;1;3;1
1181.53;1089.06;0.340286;2.34017;0.00805096;-0.000351542;-0.000334953;0.0080643;-0.000364873;1.00421;-0.000412519;0.00507988;0.996891;0.0277079;0.971181;1;3;1
1204.53;1089.06;0.491425;2.28988;0.0085237;9.18742e-05;0.000167873;0.00852704;8.85333e-05;1.00695;0.0051482;0.00297413;0.996473;0.0265716;0.973233;1;3;1
1227.53;1089.06;0.73069;2.28862;0.00803729;-0.000321221;0.00181295;0.00841358;-0.000697507;1.00492;-0.00300195;-0.00172925;1.007;0.0242676;0.982915;1;3;1
1250.53;1089.06;0.859664;2.27482;0.00229203;0.00111476;1.41152e-05;0.0022922;0.00111459;1.00173;-0.00848704;0.00521456;1.00319;0.0238823;0.984567;1;2;1
1273.53;1089.06;0.835955;2.22177;-0.00102763;-0.000364347;0.00118277;0.000532394;-0.00192437;1.00145;-0.00600664;-0.0013423;1.00063;0.0290354;0.980224;1;3;1
31.5305;1066.06;-5.35405;4.53767;0.00108034;-0.00258672;-0.00124833;0.00146496;-0.00297133;1.00954;0.00171954;-0.00162265;0.990762;0.0293751;0.982912;1;3;1
54.5305;1066.06;-5.3294;4.4454;0.00203578;-0.00126513;-0.000394646;0.0020823;-0.00131166;0.994811;4.10979e-05;0.00285894;1.00026;0.0257991;0.9855;1;4;1
77.5306;1066.06;-5.26063;4.42814;0.00386125;-0.0022956;-0.000733051;0.00394733;-0.00238168;1.00328;0.00256513;0.00251688;0.993492;0.0223983;0.99029;1;3;1
100.531;1066.06;-5.15225;4.33626;0.00325089;-0.00109696;-0.00105029;0.00349131;-0.00133738;1.00159;3.75359e-05;-0.00144394;1.00057;0.0201627;0.98968;1;3;1
123.531;1066.06;-5.1116;4.27005;0.00359137;-0.00257711;-0.000965881;0.00373907;-0.00272481;1.00869;-0.00395214;-0.00153831;0.99558;0.0199528;0.98926;1;3;1
146.531;1066.06;-4.98745;4.23569;0.00362245;-0.002728;0.000922235;0.00375366;-0.00285922;1.00233;-0.00592355;0.00497417;1.00253;0.0214434;0.991294;1;3;1
169.531;1066.06;-4.94534;4.1861;0.00435029;-0.00204653;-1.53777e-05;0.00435033;-0.00204657;1.00238;0.000225343;0.00515727;1.00005;0.019627;0.993126;1;3;1
192.531;1066.06;-4.78788;4.13871;0.00424495;-0.00249046;-0.000814194;0.00434197;-0.00258749;1.00345;0.000258573;-1.01427e-05;0.99698;0.0198204;0.991645;1;3;1
215.531;1066.06;-4.75066;4.06173;0.00232899;-0.00225663;-0.000820015;0.00247122;-0.00239886;1.00349;0.00357634;0.00353835;0.999202;0.0191619;0.991983;1;3;1
238.531;1066.06;-4.68102;4.01943;0.00388024;-0.000735812;6.49745e-05;0.00388115;-0.000736727;1.00063;-0.000639814;0.00453335;0.999513;0.0223556;0.989642;1;3;1
261.531;1066.06;-4.57262;3.96102;0.00226278;0.000884298;0.000312376;0.00233026;0.000816814;0.998152;-0.00264506;0.0027602;1.00037;0.024226;0.987051;1;3;1
284.531;1066.06;-4.57721;3.89617;0.00254031;-0.000379852;-0.000831029;0.00276025;-0.000599784;1.01111;0.00148193;0.00653111;0.998931;0.0199101;0.990994;1;3;1
307.531;1066.06;-4.45614;3.81694;0.00518823;-0.00166894;-0.000482169;0.00522197;-0.00170268;1.00089;-0.00459026;-0.00107541;1.00359;0.0209921;0.990183;1;3;1
330.531;1066.06;-4.33931;3.78152;0.00446398;-2.90328e-05;5.80736e-05;0.00446473;-2.97833e-05;1.00465;0.000370761;0.00194062;1.00082;0.0210546;0.991006;1;3;1
353.531;1066.06;-4.25132;3.73794;0.00430266;0.000228489;-0.00101038;0.00453946;-8.31699e-06;1.00349;0.000273405;0.00310715;1.00001;0.0228572;0.989686;1;3;1
376.531;1066.06;-4.14195;3.66907;0.00374004;-0.000249686;-0.000507759;0.00380365;-0.000313293;1.00308;-0.00497996;0.00308762;1.00165;0.0215178;0.989249;1;3;1
399.531;1066.06;-4.07976;3.61439;0.00331808;-0.00186256;6.25902e-05;0.00331884;-0.00186331;1.00414;-0.00305245;-0.000196603;1.00117;0.02394;0.985826;1;3;1
422.531;1066.06;-3.98962;3.60562;0.00384306;-0.00177515;0.00113155;0.0040624;-0.00199449;0.999253;-0.000951828;0.000391367;0.994502;0.022742;0.984193;1;3;1
445.531;1066.06;-3.90335;3.56682;0.00498339;0.000203285;-0.000444841;0.00502444;0.000162241;1.0086;-0.00292833;0.00457111;0.997684;0.0211808;0.990164;1;3;1
468.531;1066.06;-3.76114;3.47218;0.0057306;0.000791378;-0.000286642;0.00574718;0.000774799;1.00425;-0.00186121;0.00117863;0.997602;0.0232856;0.983459;1;3;1
491.531;1066.06;-3.64059;3.46867;0.00358186;-0.00195223;0.00107813;0.00378448;-0.00215485;0.998756;-0.000713054;0.00507388;0.994627;0.0252083;0.976999;1;3;1
514.531;1066.06;-3.59668;3.43572;0.00338293;-0.000964433;0.000724002;0.00350034;-0.00108184;1.00875;0.0019275;-0.00176161;0.998773;0.0192451;0.986805;1;3;1
537.531;1066.06;-3.48529;3.40133;0.0054302;-0.000938357;-0.000885913;0.00555114;-0.0010593;1.00177;0.00172525;0.00768135;1.00047;0.0203338;0.986348;1;3;1
560.531;1066.06;-3.34799;3.23776;0.00634504;-0.00312415;-0.00028844;0.00635382;-0.00313293;1.00629;-0.00267634;0.00204282;0.99828;0.0234786;0.982869;1;4;1
583.531;1066.06;-3.19472;3.21299;0.00527692;-0.00106645;0.00217319;0.00595001;-0.00173954;1.00577;5.03389e-05;0.00269945;0.995042;0.0203691;0.991616;1;3;1
606.531;1066.06;-3.10589;3.2473;0.00481328;0.00106679;0.00174849;0.0055025;0.000377566;1.00608;-0.00819289;-0.00208031;0.998164;0.0235529;0.985494;1;3;1
629.531;1066.06;-2.97384;3.20861;0.00496233;-0.00037095;6.58236e-05;0.00496314;-0.000371762;1.0069;-0.00388303;0.000294982;1.00159;0.0203186;0.987058;1;3;1
652.531;1066.06;-2.87827;3.1619;0.00467639;-0.0023496;0.00122197;0.00488285;-0.00255606;1.0034;0.000768189;0.000291963;0.996454;0.0234694;0.986123;1;3;1
675.531;1066.06;-2.75924;3.17221;0.00509766;-0.00175698;-0.000112163;0.0050995;-0.00175881;1.0082;0.00354017;0.00388731;1.00191;0.0225938;0.988055;1;3;1
698.531;1066.06;-2.64444;3.08108;0.00505466;-0.000348811;8.16595e-05;0.0050559;-0.000350045;1.00408;-0.00306606;0.00161288;1.00061;0.0205082;0.987027;1;3;1
721.531;1066.06;-2.52742;3.07192;0.00519297;0.000187783;0.00204757;0.00592388;-0.000543122;1.00674;-0.00634963;0.00254461;1.00678;0.0237933;0.983843;1;3;1
744.531;1066.06;-2.40618;3.06498;0.0064673;-0.000476096;-0.000873465;0.00657549;-0.000584291;1.00425;-0.0028345;-0.000747332;0.999358;0.0238315;0.984334;1;4;1
767.531;1066.06;-2.23109;2.9332;0.00641;-0.000197731;-0.000574502;0.00645958;-0.000247308;1.00687;-0.00118479;0.0157204;0.995299;0.0264875;0.97432;1;3;1
790.531;1066.06;-2.11257;2.89757;0.00526336;0.0019579;0.00109036;0.00559062;0.00163063;1.00608;0.00343622;-0.00955344;0.995094;0.0286248;0.961105;1;3;1
813.531;1066.06;-1.98961;2.93066;0.00523756;-0.00062395;0.00185027;0.00577276;-0.00115915;1.00326;0.000181619;0.0042605;1.00006;0.0226183;0.981692;1;3;1
836.531;1066.06;-1.87227;2.88553;0.00414752;-0.00113192;9.39249e-05;0.00414919;-0.00113359;1.0072;-0.00221743;0.000238994;1.00031;0.0221548;0.987409;1;3;1
859.531;1066.06;-1.79933;2.82841;0.00514079;-0.000894078;-0.000673756;0.00521509;-0.000968384;0.996839;0.00500438;0.00605666;1.00122;0.0233855;0.97719;1;4;1
882.531;1066.06;-1.63663;2.73804;0.00657073;0.000281887;0.000192571;0.00657662;0.000275996;1.01388;-0.00301907;-0.000865255;1.001;0.0253182;0.967126;1;3;1
905.531;1066.06;-1.4981;2.76825;0.00607357;0.000269632;0.000828355;0.00618948;0.000153721;1.00892;-0.00582804;0.000966049;0.997889;0.0237381;0.979048;1;3;1
928.531;1066.06;-1.35809;2.73059;0.0065872;4.16061e-05;-0.000134037;0.00658994;3.88625e-05;1.00095;0.00176754;0.0023141;1.0006;0.0221194;0.983966;1;3;1
951.531;1066.06;-1.19622;2.65413;0.00802882;-0.000824344;0.00148041;0.00826981;-0.00106534;1.00893;-0.00643821;0.00161574;0.997464;0.0242582;0.982085;1;3;1
974.531;1066.06;-0.990308;2.64909;0.00724214;-0.000532215;0.000107792;0.00724363;-0.000533709;1.00987;0.00173322;0.00172085;0.996504;0.0207593;0.986438;1;4;1
997.531;1066.06;-0.864302;2.61167;0.00550271;-0.000617551;0.000930578;0.00564107;-0.000755916;1.00421;0.00171546;0.00211892;0.99614;0.019706;0.98957;1;3;1
1020.53;1066.06;-0.737905;2.59715;0.00639412;-0.000568794;0.000719049;0.0064676;-0.000642274;1.00879;-0.00185775;0.00170915;0.995851;0.0251436;0.973503;1;3;1
1043.53;1066.06;-0.571177;2.53066;0.00596367;-0.00162427;0.000360245;0.00598073;-0.00164133;0.999496;-0.00306238;0.00356214;0.998444;0.0199196;0.989777;1;3;1
1066.53;1066.06;-0.4645;2.49588;0.00648517;-0.0019449;0.000127584;0.0064871;-0.00194683;1.00493;-0.00168522;0.00225047;1.00025;0.0221836;0.983589;1;3;1
1089.53;1066.06;-0.273886;2.45321;0.00855529;-0.000577341;0.000730016;0.00861328;-0.000635326;1.00905;0.00256155;0.00434702;0.997828;0.0229915;0.989833;1;3;1
1112.53;1066.06;-0.0726443;2.45473;0.00612883;0.000368781;0.00132703;0.00641986;7.77568e-05;1.00383;-0.00330715;-0.00104453;1.00097;0.021917;0.984623;1;3;1
1135.53;1066.06;0.0071475;2.39668;0.00601155;-0.000931895;-0.00136326;0.00626962;-0.00118996;1.00369;0.00200147;0.00207843;0.998443;0.0191503;0.987461;1;3;1
1158.53;1066.06;0.202966;2.3609;0.00607163;-0.00132621;-0.000101005;0.00607301;-0.00132759;1.0148;-0.00706164;-0.000884506;0.999861;0.0233348;0.985612;1;3;1
1181.53;1066.06;0.285574;2.34753;0.00539345;-0.00112363;0.000714554;0.00547088;-0.00120106;0.99808;-0.00734419;0.00380902;0.995971;0.024355;0.977023;1;3;1
1204.53;1066.06;0.450352;2.29499;0.00638741;-0.00204216;0.0019707;0.00682537;-0.00248013;1.01015;-0.00738754;0.000449658;0.996643;0.0227064;0.980342;1;3;1
1227.53;1066.06;0.578441;2.30343;0.00604671;-0.000443345;0.00201636;0.00662214;-0.00101878;0.998786;-0.0063514;0.000494404;0.997248;0.021499;0.980484;1;3;1
1250.53;1066.06;0.727663;2.30807;0.00569501;0.000785338;0.00219396;0.00653254;-5.21956e-05;1.00613;-7.86704e-05;0.000573413;0.996199;0.0264612;0.980121;1;3;1
1273.53;1066.06;0.839667;2.31909;0.00488173;-0.00211376;8.65569e-05;0.0048828;-0.00211483;1.00598;-0.000537469;-0.00220292;0.993933;0.0260136;0.985584;1;3;1
31.5305;1043.06;-5.42182;4.56502;0.00470854;-0.00244457;-0.00136533;0.00496029;-0.00269631;1.00009;-0.00142594;0.00369367;1.00127;0.0260252;0.983517;1;3;1
54.5305;1043.06;-5.31408;4.44652;0.00357301;-0.00167588;-0.000928572;0.00373244;-0.00183531;1.00315;-0.00148382;-0.000786585;1.00126;0.0268358;0.985741;1;3;1
77.5306;1043.06;-5.25789;4.45643;0.00255674;-0.00104242;-0.000408129;0.00260244;-0.00108812;1.00265;-0.00701305;0.00396484;1.00068;0.0221603;0.987702;1;3;1
100.531;1043.06;-5.19671;4.35879;0.00278688;-0.00132934;-0.00142354;0.00323122;-0.00177369;1.00146;-0.00475868;0.00485206;0.996074;0.0207518;0.987202;1;3;1
123.531;1043.06;-5.13011;4.30638;0.00215597;-0.00161219;-1.6226e-05;0.00215604;-0.00161226;1.00061;0.00314773;-0.00223826;1.00134;0.0179816;0.992184;1;3;1
146.531;1043.06;-5.09768;4.30042;0.00350595;-0.00135563;0.000403801;0.00353926;-0.00138895;1.00278;0.000524405;0.000833847;0.998475;0.0196413;0.993532;1;2;1
169.531;1043.06;-4.96917;4.23704;0.00502344;-0.0011734;-0.00128782;0.00528042;-0.00143038;1.00684;-0.0032299;0.00197209;0.997201;0.0214444;0.991101;1;2;1
192.531;1043.06;-4.86737;4.16777;0.00369039;-0.00155643;-0.000298667;0.00370734;-0.00157338;1.00056;-0.00320665;0.00439254;0.997792;0.0179403;0.993563;1;3;1
215.531;1043.06;-4.79993;4.09912;0.00252231;-0.00226603;-0.000621983;0.00260179;-0.00234551;1.00638;-0.00484009;0.00595443;0.997551;0.0186139;0.991815;1;3;1
238.531;1043.06;-4.75177;4.00493;0.00278785;0.000129668;0.00030058;0.00282142;9.61031e-05;1.00083;-0.00615197;-0.00202381;0.998913;0.0220054;0.98596;1;3;1
261.531;1043.06;-4.67208;3.96058;0.00388235;-0.000750107;0.000484523;0.00393249;-0.000800242;1.00166;0.000491624;0.00574369;0.996536;0.022264;0.987766;1;3;1
284.531;1043.06;-4.57362;3.91506;0.00450767;-0.00127856;-0.000525956;0.00455509;-0.00132598;0.997345;0.000577187;-0.000227503;1.00148;0.0213311;0.989055;1;3;1
307.531;1043.06;-4.46521;3.9152;0.00460029;-0.00173297;-0.00123579;0.00483289;-0.00196556;1.00303;0.00200198;0.00634979;0.994925;0.0218966;0.991968;1;3;1
330.531;1043.06;-4.3627;3.77447;0.00507003;-0.000733199;-0.00134155;0.00536515;-0.00102832;1.00861;-0.00442507;0.00415633;0.998328;0.0243132;0.986485;1;3;1
353.531;1043.06;-4.23304;3.70848;0.00292069;-0.000661628;-0.000272373;0.00294129;-0.000682219;1.00199;-0.00578532;0.00522709;1.00863;0.0224565;0.98744;1;3;1
376.531;1043.06;-4.22873;3.64312;0.0037354;-0.00229506;0.0011069;0.00393215;-0.00249182;1.00557;-0.00174147;-0.00295163;0.999199;0.0194799;0.992418;1;3;1
399.531;1043.06;-4.06154;3.68705;0.00355041;-0.00249298;0.000469673;0.0035867;-0.00252927;1.00067;0.00318084;-0.00114991;0.995942;0.0221832;0.984971;1;3;1
422.531;1043.06;-4.06571;3.61839;0.0030833;-0.000330665;-0.000655834;0.00320495;-0.000452318;1.00218;0.000709508;0.00246224;1.00566;0.0235999;0.986201;1;3;1
445.531;1043.06;-3.92014;3.54523;0.00575015;-0.000340183;-0.000676564;0.0058244;-0.000414436;1.00821;0.000115398;0.00411737;1.00526;0.0197294;0.987044;1;2;1
468.531;1043.06;-3.80212;3.49549;0.00498391;-0.00145998;0.000670435;0.00505292;-0.001529;1.00135;-0.000392842;0.00234578;1.00043;0.0199822;0.985441;1;3;1
491.531;1043.06;-3.69149;3.48636;0.00371324;-0.0012271;0.00128557;0.00402775;-0.00154161;1.00323;-0.00657689;-0.00141481;0.997658;0.0220585;0.985464;1;3;1
514.531;1043.06;-3.63165;3.45757;0.00289045;-0.000775194;0.000289503;0.00291317;-0.000797918;1.00353;-0.00763532;0.00237372;1.00048;0.0173334;0.991467;1;3;1
537.531;1043.06;-3.5588;3.39999;0.00437065;-0.00020903;9.7511e-05;0.00437273;-0.000211105;1.00295;-0.00500394;0.00114406;0.999429;0.0225744;0.988168;1;3;1
560.531;1043.06;-3.43108;3.39172;0.00565979;-0.00276388;6.91046e-05;0.00566035;-0.00276444;1.0107;-0.000752992;-0.00135896;0.996293;0.0205417;0.984795;1;3;1
583.531;1043.06;-3.29928;3.30282;0.0050731;-0.00226424;-0.000425906;0.00509774;-0.00228888;0.999762;-0.000813485;0.0104187;1.00282;0.0221143;0.983788;1;4;1
606.531;1043.06;-3.19857;3.23608;0.00484248;-0.000336535;0.000305091;0.00486039;-0.000354446;1.00715;-0.00229525;-0.00606057;1.00703;0.0204672;0.988238;1;3;1
629.531;1043.06;-3.07715;3.21748;0.0045269;-0.0011423;0.000865116;0.00465598;-0.00127137;1.00249;-0.00198418;0.0047231;0.995723;0.0228022;0.984323;1;3;1
652.531;1043.06;-2.9908;3.2254;0.00517319;-0.00196857;0.00177358;0.00558939;-0.00238476;1.00248;-0.00287498;-0.00343086;0.999274;0.0206397;0.988102;1;3;1
675.531;1043.06;-2.8398;3.19003;0.00583624;-0.000486803;-0.000138362;0.00583927;-0.000489829;1.01102;-0.0072876;0.00908224;0.997482;0.0230521;0.984461;1;2;1
698.531;1043.06;-2.72329;3.09598;0.0048713;-0.00126593;-0.000251878;0.00488162;-0.00127625;0.999051;-0.00385739;-0.00193906;0.995614;0.0203889;0.987502;1;3;1
721.531;1043.06;-2.6165;3.04049;0.00659879;0.00116909;3.86498e-05;0.00659906;0.00116881;1.01004;0.00321588;0.0043276;0.999099;0.0226793;0.984457;1;3;1
744.531;1043.06;-2.42091;2.97341;0.00670986;0.000437605;-0.000707214;0.00678861;0.000358853;0.998261;0.00396302;0.00462225;1.00134;0.0277811;0.972533;1;3;1
767.531;1043.06;-2.30904;2.91946;0.00494305;6.96088e-05;-0.000518158;0.00499753;1.51258e-05;1.01135;-0.00125684;0.00432463;1.00366;0.0246573;0.97786;1;3;1
790.531;1043.06;-2.19427;2.84251;0.0047022;-0.0013831;0.00160347;0.00509885;-0.00177976;0.99936;-0.00967238;0.00287963;1.00103;0.0253626;0.97418;1;4;1
813.531;1043.06;-2.09324;2.92175;0.00538888;-0.00135155;0.00172909;0.00580655;-0.00176922;1.00383;-0.00466402;-0.00450412;1.00054;0.0230872;0.986896;1;4;1
836.531;1043.06;-1.94706;2.88259;0.00655246;0.000175653;0.000717229;0.00663213;9.5978e-05;1.01253;-0.00468068;0.00650372;1.00017;0.0247892;0.980012;1;4;1
859.531;1043.06;-1.79285;2.85976;0.0064235;0.00125414;-0.000863481;0.00656392;0.00111372;1.00102;-0.00525069;-0.0032737;0.997072;0.0209531;0.986833;1;3;1
882.531;1043.06;-1.65271;2.75283;0.00647947;-0.00118563;-0.000336022;0.00649417;-0.00120033;1.00938;-0.00211572;0.00590341;0.99781;0.0204622;0.982214;1;3;1
905.531;1043.06;-1.49593;2.73311;0.00602202;-0.000495692;0.000518948;0.00606308;-0.000536753;1.00698;0.00228635;0.00226993;0.997701;0.0240976;0.986733;1;3;1
928.531;1043.06;-1.37654;2.7152;0.00430604;-2.12689e-05;0.00057318;0.00438067;-9.59031e-05;1.00202;-0.00261478;-0.000444342;0.998522;0.0213587;0.985124;1;3;1
951.531;1043.06;-1.29828;2.7201;0.00785192;-0.00165889;0.00090908;0.00793803;-0.001745;1.00853;-0.00380564;7.31622e-05;0.999004;0.0215064;0.983936;1;3;1
974.531;1043.06;-1.0168;2.65513;0.00715982;0.000183877;0.00125005;0.00737705;-3.33584e-05;1.00279;-0.00494642;0.00427894;1.00383;0.0218878;0.980662;1;3;1
997.531;1043.06;-0.970176;2.63445;0.00390439;-0.000237885;0.00116259;0.00420838;-0.000541876;1.00875;-0.00712754;-0.0016803;0.998925;0.0246655;0.974272;1;3;1
1020.53;1043.06;-0.837598;2.58477;0.00641246;0.000123419;0.00118896;0.00662973;-9.38519e-05;1.00195;-0.000934687;0.00324684;1.00464;0.0256431;0.981649;1;3;1
1043.53;1043.06;-0.67618;2.57581;0.00759865;-0.00197807;0.00100045;0.00770204;-0.00208146;1.00725;-0.00609116;0.00901179;0.996374;0.0246949;0.976559;1;3;1
1066.53;1043.06;-0.489479;2.48812;0.00702276;-1.42621e-05;0.000435409;0.0070496;-4.11003e-05;1.01195;-0.000189032;0.00174436;0.996089;0.0190388;0.984797;1;3;1
1089.53;1043.06;-0.354307;2.50902;0.00609849;-0.000607256;0.00191942;0.00660903;-0.00111779;0.995713;-0.00255629;-0.00186685;1.00079;0.0199922;0.990054;1;4;1
1112.53;1043.06;-0.2098;2.47743;0.00669035;-0.000324789;0.00198634;0.00721373;-0.000848172;1.01082;-0.0113411;0.00278598;0.99917;0.0242475;0.984154;1;3;1
1135.53;1043.06;-0.0477094;2.39705;0.00638832;-0.00103978;0.000800746;0.00647366;-0.00112512;1.00676;-0.00749708;-0.00195747;1.00029;0.0222147;0.98735;1;3;1
1158.53;1043.06;0.0831247;2.45574;0.00560526;-0.00265278;0.0022529;0.0061799;-0.00322741;1.008;-0.00025895;0.000577128;0.990589;0.0223009;0.976072;1;3;1
1181.53;1043.06;0.209414;2.39207;0.00401811;-0.00103295;0.000224376;0.00402806;-0.0010429;0.995292;-0.000598572;0.00408045;1.00046;0.0257782;0.97409;1;3;1
1204.53;1043.06;0.267533;2.38447;0.00763645;-0.00190763;0.00073649;0.00769295;-0.00196413;1.01331;-0.00214706;-0.00232308;0.99817;0.0254132;0.969392;1;3;1
1227.53;1043.06;0.559286;2.30934;0.00889223;5.75638e-05;5.25626e-05;0.00889255;5.72511e-05;1.00983;-0.000865443;0.0067915;0.996324;0.0265656;0.97226;1;4;1
1250.53;1043.06;0.674545;2.23908;0.00633823;-0.00117022;0.00234792;0.00701198;-0.00184396;1.00062;-0.00833186;-0.00246249;0.994334;0.0295289;0.977165;1;4;1
1273.53;1043.06;0.849925;2.31911;0.00766033;0.00117714;0.00356995;0.00924082;-0.000403351;1.00659;-0.00273499;0.00177569;1.00571;0.029492;0.980006;1;4;1
31.5305;1020.06;-5.46432;4.65039;0.0048982;-0.002254;-0.00179535;0.00532357;-0.00267937;0.997875;-0.00169665;0.00192895;0.994519;0.0242402;0.989487;1;3;1
54.5305;1020.06;-5.35229;4.52256;0.00335469;-0.00355225;-0.000686947;0.00342235;-0.00361991;1.00557;-0.00133797;0.00701341;0.993466;0.0263001;0.988373;1;3;1
77.5306;1020.06;-5.31059;4.47614;0.00395078;-0.00124137;-0.000561531;0.00401081;-0.00130141;1.0018;-0.00284852;0.00338024;0.99896;0.0213808;0.993334;1;3;1
100.531;1020.06;-5.17108;4.39745;0.00310317;-0.00174061;-0.000623837;0.00318223;-0.00181966;1.00234;-0.00244062;0.00452054;0.999036;0.0240011;0.989036;1;3;1
123.531;1020.06;-5.16826;4.3443;0.00169091;-0.00249481;0.000265617;0.0017077;-0.0025116;1.0029;-0.00694715;0.000313287;0.996565;0.0213142;0.99014;1;3;1
146.531;1020.06;-5.09347;4.29822;0.00455568;-0.00162637;-0.000517962;0.00459878;-0.00166947;1.00475;8.92785e-05;0.00446177;0.999111;0.0225989;0.990227;1;3;1
169.531;1020.06;-4.95929;4.24011;0.00426679;-0.000628777;-0.000487919;0.00431495;-0.000676932;1.0031;0.00445494;0.00070999;0.998758;0.0263325;0.985658;1;3;1
192.531;1020.06;-4.8977;4.2105;0.00225699;-0.00111765;0.000249666;0.00227536;-0.00113602;0.989909;-0.000861186;0.00234043;0.999516;0.0204812;0.990257;1;3;1
215.531;1020.06;-4.85564;4.1662;0.00111708;-0.00157197;-0.00040288;0.00117614;-0.00163103;1.00835;-0.00673713;0.00714553;1.00079;0.0228801;0.99148;1;3;1
238.531;1020.06;-4.84677;4.01377;0.00325477;-0.00147855;-0.00107745;0.00348849;-0.00171226;1.0007;-0.00108833;0.00187539;0.999016;0.0245901;0.988612;1;3;1
261.531;1020.06;-4.70648;3.99573;0.00594442;-0.00170333;0.000780355;0.00602324;-0.00178215;1.00365;-0.00158384;0.00145447;1.0011;0.0261422;0.982705;1;3;1
284.531;1020.06;-4.57417;3.95502;0.0048797;-0.00116018;-0.000625362;0.00494376;-0.00122425;1.00949;-0.00253748;0.00220807;0.999324;0.0211733;0.988558;1;3;1
307.531;1020.06;-4.48267;3.89673;0.00331722;-9.83868e-05;-0.000412689;0.00336638;-0.000147542;0.99904;0.000940937;0.00239126;1.00098;0.0207924;0.989828;1;3;1
330.531;1020.06;-4.42204;3.81533;0.00273474;-0.00278638;-0.000290192;0.00274995;-0.00280159;1.00248;-0.00146419;0.00285316;0.996552;0.0188208;0.991654;1;3;1
353.531;1020.06;-4.35722;3.76851;0.00342639;-0.00264501;0.00154734;0.003798;-0.00301662;1.0058;0.00118756;0.000939423;0.989846;0.0230649;0.987368;1;3;1
376.531;1020.06;-4.26471;3.77493;0.00457196;-0.00277708;0.000369793;0.00459052;-0.00279564;0.996607;0.00378349;0.0076577;0.9991;0.0232081;0.98234;1;3;1
399.531;1020.06;-4.1474;3.72926;0.00422989;-0.00133835;0.000154342;0.00423416;-0.00134262;1.0025;-0.00362835;0.00556134;0.9987;0.0237817;0.983907;1;3;1
422.531;1020.06;-4.0708;3.6209;0.00400854;-0.00165319;-0.000603873;0.00407223;-0.00171688;1.00378;0.00096985;0.000983729;0.995959;0.0189342;0.988312;1;3;1
445.531;1020.06;-3.96361;3.58251;0.00413596;-0.00164437;0.000326626;0.00415435;-0.00166277;1.00638;-0.00274344;0.00146312;0.997722;0.0188001;0.990311;1;3;1
468.531;1020.06;-3.88101;3.53954;0.00364746;-0.0016091;0.000349775;0.00367063;-0.00163228;1.00108;-0.0056765;0.0033273;0.996089;0.0211409;0.987403;1;3;1
491.531;1020.06;-3.79617;3.52541;0.00374116;-0.00168338;0.00148523;0.00412119;-0.00206341;1.00693;-0.000967948;0.0018374;1.00366;0.0222773;0.988619;1;3;1
514.531;1020.06;-3.70929;3.47153;0.00515542;-0.000264411;-0.000242867;0.00516628;-0.000275273;1.0009;0.000995021;0.000949882;1.00023;0.0217349;0.986096;1;3;1
537.531;1020.06;-3.55977;3.41101;0.00564054;-0.000469922;-0.000718401;0.00572386;-0.000553247;1.00098;-0.00191381;0.0024943;0.998499;0.0203795;0.989888;1;3;1
560.531;1020.06;-3.45068;3.36519;0.00544121;-0.00111966;1.3865e-05;0.00544124;-0.00111969;1.00826;-0.000416211;0.0045697;1.00149;0.0215194;0.98721;1;3;1
583.531;1020.06;-3.31025;3.31741;0.00505738;-0.0018972;1.38438e-06;0.00505738;-0.0018972;1.00399;-0.00380199;0.00108791;0.995136;0.0211226;0.987158;1;3;1
606.531;1020.06;-3.21873;3.26292;0.00537506;-0.00207524;5.34891e-05;0.00537544;-0.00207562;1.00687;-0.00135699;0.00384574;0.996314;0.0208136;0.985827;1;3;1
629.531;1020.06;-3.06369;3.26127;0.00328542;-0.00221848;0.0014368;0.00363792;-0.00257098;1.00206;-0.00206089;0.00188202;0.998155;0.0227109;0.983398;1;3;1
652.531;1020.06;-3.06785;3.25293;0.00410701;0.000360645;0.000784352;0.0042646;0.000203059;1.00082;-0.0055224;0.00469293;1.00046;0.0242451;0.981949;1;3;1
675.531;1020.06;-2.8752;3.19476;0.00649885;-0.000245988;0.000281861;0.00651061;-0.000257746;1.00903;-0.000542409;0.000747515;1.00112;0.0216696;0.98615;1;3;1
698.531;1020.06;-2.77001;3.13952;0.00485232;-0.00185584;-0.000522864;0.00489283;-0.00189635;0.999095;-0.00509695;0.000929183;0.997703;0.0253349;0.980362;1;3;1
721.531;1020.06;-2.65287;3.01834;0.00672421;-0.000763543;-0.000408226;0.0067464;-0.000785733;1.00903;-0.00359742;0.00215938;0.997453;0.0263477;0.976026;1;3;1
744.531;1020.06;-2.46183;3.04489;0.00739762;-0.000540691;0.000952376;0.00751028;-0.000653351;1.00815;-0.0047016;0.00260192;0.999567;0.027851;0.970593;1;4;1
767.531;1020.06;-2.31391;2.93007;0.00446167;-0.00125074;0.000399664;0.0044895;-0.00127857;1.00422;0.00117293;0.00285201;0.998617;0.026751;0.974619;1;4;1
790.531;1020.06;-2.25712;2.96147;0.0044868;-0.0025737;0.00223809;0.00513646;-0.00322337;1.00178;-0.00301033;4.9984e-05;0.997338;0.0291673;0.965291;1;4;1
813.531;1020.06;-2.10802;2.99303;0.00561934;0.000582841;-0.000269553;0.00563372;0.000568455;1.00255;-0.00584808;-0.0029577;0.999507;0.0326548;0.973305;1;4;1
836.531;1020.06;-1.99943;2.87762;0.00564765;0.000903604;-0.000779061;0.00577231;0.000778943;1.00821;0.00300117;0.0114143;1.0023;0.0240797;0.989085;1;3;1
859.531;1020.06;-1.84949;2.77079;0.00584111;0.000479509;-0.000385531;0.00586869;0.000451929;1.00457;0.000395112;-0.00296343;1.00531;0.0214235;0.98459;1;3;1
882.531;1020.06;-1.7316;2.79271;0.0058113;-0.00149642;0.00104353;0.0059574;-0.00164252;1.00543;-0.00296614;0.00191468;0.998485;0.0195852;0.98986;1;3;1
905.531;1020.06;-1.58295;2.79113;0.00671985;-0.00072022;0.00144062;0.00698905;-0.000989425;1.0077;-0.00550731;-3.96937e-05;0.997703;0.0227618;0.981351;1;2;1
928.531;1020.06;-1.42356;2.73162;0.00532457;-0.00039152;0.000149569;0.00532848;-0.000395431;1.00612;-0.000488033;-0.00058748;1.00369;0.0217587;0.987527;1;3;1
951.531;1020.06;-1.33871;2.73072;0.00510178;0.000940659;-0.0004542;0.00515078;0.000891659;1.00625;0.00206714;0.00548606;1.00138;0.0213304;0.982913;1;3;1
974.531;1020.06;-1.18956;2.64106;0.00649743;0.000763805;0.000597107;0.00655895;0.000702281;1.00272;-0.0062096;-0.000816582;0.999663;0.021999;0.985173;1;3;1
997.531;1020.06;-1.04092;2.62295;0.00620866;-0.000712586;0.000702296;0.00627921;-0.000783128;1.00979;-0.00309656;-0.000297473;1.00044;0.0195087;0.986404;1;3;1
1020.53;1020.06;-0.904867;2.59178;0.00616357;-0.000968949;0.000708314;0.00623323;-0.00103861;1.00326;0.00076757;-0.00427692;0.997304;0.0225705;0.976036;1;3;1
1043.53;1020.06;-0.758262;2.62212;0.00729507;-0.000389668;6.42089e-05;0.0072956;-0.000390205;1.00598;0.0010806;0.0108519;1.00645;0.0273426;0.968207;1;3;1
1066.53;1020.06;-0.570607;2.49665;0.0065091;5.00071e-05;-7.44602e-05;0.00650995;4.91488e-05;1.01182;-0.00438184;0.00241476;1.00159;0.0236847;0.983987;1;3;1
1089.53;1020.06;-0.460025;2.48153;0.00447197;-0.0011243;0.00082048;0.00458978;-0.00124212;0.99735;-0.00206731;0.000925226;0.99982;0.0198856;0.987949;1;2;1
1112.53;1020.06;-0.365361;2.47061;0.00812958;-0.00083628;0.00130858;0.00831667;-0.00102337;1.00954;-0.000901951;0.000478406;0.998183;0.0189962;0.989513;1;2;1
1135.53;1020.06;-0.0875864;2.44463;0.00779696;-0.0011216;0.00165472;0.00809408;-0.00141872;1.00937;-0.00148896;0.00176669;0.997673;0.0195015;0.986292;1;3;1
1158.53;1020.06;-0.00809008;2.48358;0.00614296;0.000655246;0.0013929;0.00647627;0.00032194;1.00883;-0.00668862;-0.000474816;1.00474;0.0217882;0.982581;1;3;1
1181.53;1020.06;0.194101;2.39516;0.00674763;-0.000125007;0.000230949;0.00675538;-0.00013276;1.00265;-0.0032017;-0.000621031;0.997863;0.0230517;0.981596;1;4;1
1204.53;1020.06;0.301151;2.38307;0.00513315;0.000615552;-0.0011242;0.00539745;0.000351258;1.0082;-0.00554125;0.00576741;1.00302;0.0237151;0.977774;1;3;1
1227.53;1020.06;0.429527;2.30102;0.00482822;-0.000896217;0.00151389;0.00520393;-0.00127192;1.00204;-0.00484317;-0.00303175;1.00448;0.0234531;0.987201;1;3;1
1250.53;1020.06;0.522711;2.36238;0.00530189;-0.00260571;0.000733221;0.0053693;-0.00267312;1.01096;-0.00598766;0.000161674;0.994712;0.0214334;0.988113;1;3;1
1273.53;1020.06;0.672757;2.26528;0.00655391;-0.000492187;0.00120077;0.00675292;-0.000691197;1.00074;-0.00591226;0.0056259;0.993365;0.0244296;0.992119;1;3;1
31.5305;997.06;-5.51129;4.6689;0.00379926;-0.000565221;-0.00140308;0.0042114;-0.00097736;0.994618;0.00346476;-0.000857249;1.00272;0.025373;0.987071;1;3;1
54.5305;997.06;-5.42415;4.61035;0.00393508;-0.0029508;-0.000349691;0.0039528;-0.00296851;1.00136;0.00374429;0.00480187;0.998318;0.0268569;0.984725;1;3;1
77.5306;997.06;-5.33089;4.51363;0.00334838;-0.00212231;-0.00128179;0.00363381;-0.00240774;1.01107;3.19541e-05;0.00581486;0.997044;0.0236123;0.988468;1;3;1
100.531;997.06;-5.2707;4.43899;0.00168954;-0.00292412;-3.70074e-05;0.00168983;-0.00292442;0.997233;0.000138518;0.000609662;0.99564;0.0216193;0.990855;1;3;1
123.531;997.06;-5.25333;4.42145;0.0025456;-0.00161143;0.00045894;0.00259567;-0.0016615;0.999427;-0.000978916;0.00471397;0.996686;0.0215653;0.989013;1;3;1
146.531;997.06;-5.15379;4.37533;0.00527088;-0.0006485;-0.00144269;0.00560377;-0.000981398;1.00538;-0.000354246;0.00252951;0.997995;0.0230166;0.9912;1;3;1
169.531;997.06;-5.01177;4.266;0.00414141;-0.00148588;-0.000844619;0.00426545;-0.00160992;1.0003;-0.00781749;0.00196;0.997071;0.0214594;0.991893;1;3;1
192.531;997.06;-4.96394;4.21932;0.00114752;-0.00145096;4.47964e-05;0.00114829;-0.00145173;0.99991;5.31128e-05;0.00339428;0.996416;0.0206229;0.990554;1;3;1
215.531;997.06;-4.95911;4.17176;0.00308153;-0.00102178;-0.000387399;0.00311778;-0.00105803;1.00562;0.00374873;0.00664909;0.992719;0.0235686;0.983565;1;3;1
238.531;997.06;-4.82264;4.07305;0.00343085;-0.00298443;-0.00133322;0.00369689;-0.00325047;1.00228;0.00243858;0.000997102;0.994125;0.0247005;0.986102;1;3;1
261.531;997.06;-4.80175;4.03919;0.00453178;-0.00210622;0.000135664;0.00453455;-0.00210899;1.00298;-0.00654726;0.00344216;0.997879;0.0249765;0.985445;1;4;1
284.531;997.06;-4.61477;3.96848;0.00512879;-0.0024901;0.000689973;0.00519077;-0.00255208;1.00479;-0.00320327;0.00179605;0.992385;0.0223402;0.98948;1;3;1
307.531;997.06;-4.56658;3.91984;0.00329282;-0.0015407;0.00103881;0.00350662;-0.0017545;1.00345;-0.00540032;0.00319027;0.995444;0.020192;0.993938;1;3;1
330.531;997.06;-4.46359;3.90294;0.00330106;-0.00253019;-0.000533063;0.00334938;-0.00257852;1.00114;-0.00209144;0.00381755;0.995753;0.0197556;0.987596;1;2;1
353.531;997.06;-4.41507;3.83067;0.00353267;-0.00221765;-0.000689673;0.00361423;-0.00229921;1.00729;-0.00243802;-0.000225451;1.00104;0.0204962;0.989489;1;3;1
376.531;997.06;-4.30156;3.7711;0.00405791;-0.000684875;-0.000214959;0.00406763;-0.000694598;0.999382;-0.00635623;0.00266444;0.995712;0.0224329;0.984246;1;3;1
399.531;997.06;-4.22885;3.74896;0.0031643;-0.00112646;0.000937827;0.00336032;-0.00132248;1.0061;-0.00221404;-0.000194226;0.998679;0.0191594;0.991953;1;3;1
422.531;997.06;-4.1563;3.69459;0.00431523;-0.0028949;0.000120333;0.00431723;-0.00289691;1.00263;-0.00242254;0.00567591;0.996104;0.0223412;0.989074;1;3;1
445.531;997.06;-4.03096;3.62107;0.0057881;-0.00169441;-0.000205102;0.00579371;-0.00170003;1.00823;-0.00211844;-0.00173013;0.996286;0.0196296;0.988732;1;3;1
468.531;997.06;-3.89098;3.56966;0.00295487;-0.00175311;-0.000590816;0.00302788;-0.00182612;0.997324;0.000686127;-0.00123156;1.00247;0.0192876;0.992006;1;3;1
491.531;997.06;-3.89527;3.56431;0.00365641;-0.00141896;-0.0005107;0.00370729;-0.00146983;1.00162;-0.00224994;0.00223371;0.996427;0.0214227;0.985129;1;4;1
514.531;997.06;-3.7232;3.46982;0.00647113;-0.00197197;-0.00125044;0.00665242;-0.00215327;1.00502;-0.00384131;0.00622078;0.995398;0.0250825;0.978043;1;3;1
537.531;997.06;-3.59877;3.42163;0.00431081;-0.00178178;0.000390421;0.00433573;-0.0018067;1.00656;-0.000212828;-0.000703121;0.99547;0.0207401;0.986696;1;3;1
560.531;997.06;-3.52534;3.44335;0.00430947;-0.00198688;0.00105544;0.00448168;-0.00215909;0.999279;-0.00238322;-0.00192337;0.995328;0.0208345;0.990853;1;4;1
583.531;997.06;-3.40097;3.39029;0.00580557;-0.00228821;0.000441992;0.00582963;-0.00231228;1.00937;-0.00396015;3.21055e-05;0.994831;0.0191373;0.986667;1;3;1
606.531;997.06;-3.25919;3.33168;0.00396863;-0.00219856;0.000266984;0.00398017;-0.00221009;1.00597;-0.00266613;0.00169754;0.994633;0.0222068;0.981837;1;3;1
629.531;997.06;-3.21883;3.31986;0.00283918;-0.00131699;0.00083581;0.00300097;-0.00147878;0.999568;-0.00383315;0.00362815;1.00213;0.0237458;0.979303;1;3;1
652.531;997.06;-3.12893;3.20902;0.00524763;-0.00137292;-0.00024244;0.00525649;-0.00138179;1.00176;-0.0021734;-0.000402958;0.994793;0.0241744;0.979686;1;3;1
675.531;997.06;-2.97822;3.20155;0.00606792;-0.000524063;0.0010816;0.00624085;-0.000696991;1.008;-0.00405757;-0.00139079;0.998536;0.0209144;0.988194;1;3;1
698.531;997.06;-2.85066;3.1816;0.00665834;-0.000572964;-0.000680714;0.00672186;-0.000636485;1.00916;-0.00119779;0.00374857;0.99655;0.0262418;0.978504;1;4;1
721.531;997.06;-2.67312;3.07566;0.00557098;-0.00203366;0.000261187;0.00557995;-0.00204262;0.999859;-0.00234645;0.000897848;0.996375;0.0225234;0.9833;1;4;1
744.531;997.06;-2.59546;2.99862;0.00533224;-0.000671462;0.00110812;0.00553024;-0.000869463;1.01061;-0.00291331;0.000973257;0.998831;0.0243784;0.980891;1;3;1
767.531;997.06;-2.42859;2.97719;0.00564054;-0.00321476;0.00139848;0.00585615;-0.00343037;1.00161;-0.00724575;0.00553939;1.00129;0.0296602;0.969478;1;3;1
790.531;997.06;-2.33674;2.96128;0.0060324;-0.00124424;5.76452e-05;0.00603285;-0.0012447;1.0054;0.00322547;-0.00222124;0.998447;0.0276269;0.979378;1;3;1
813.531;997.06;-2.15201;2.89499;0.00522908;0.000829584;0.00053547;0.00529332;0.000765349;1.00717;-0.00224526;0.00219489;0.993232;0.0227948;0.986363;1;3;1
836.531;997.06;-2.09699;2.84129;0.00676176;0.000154833;0.000198965;0.00676775;0.000148847;1.0074;-0.000883486;0.00700591;0.997788;0.0252546;0.97495;1;3;1
859.531;997.06;-1.84205;2.83773;0.00805457;-0.00184098;0.000506131;0.00808039;-0.0018668;1.00724;-0.00371077;-0.00139793;0.993443;0.0215578;0.987058;1;3;1
882.531;997.06;-1.72796;2.82178;0.00335065;-0.00152297;0.000478821;0.00339725;-0.00156956;1.00559;-0.00613105;0.00462655;0.995792;0.0207634;0.98777;1;3;1
905.531;997.06;-1.68823;2.76666;0.00605627;0.000606799;0.000171549;0.00606167;0.000601404;1.00443;0.000841724;0.00113919;0.9993;0.0275909;0.963643;1;4;1
928.531;997.06;-1.4503;2.73327;0.00744989;-0.000730316;3.57713e-05;0.00745005;-0.000730472;1.01096;-0.0029018;-0.000433176;0.995449;0.0275697;0.974106;1;3;1
951.531;997.06;-1.34689;2.67688;0.00592823;0.00124321;-0.000868391;0.00608401;0.00108743;1.00593;-0.00273404;0.00997075;0.998995;0.0224489;0.980658;1;3;1
974.531;997.06;-1.17854;2.62029;0.00574597;-5.07583e-06;0.00079919;0.00585497;-0.000114069;0.997509;0.00499062;-0.00285048;1.00163;0.0240654;0.982341;1;3;1
997.531;997.06;-1.08333;2.66738;0.00600382;-0.00155222;0.00103348;0.00614262;-0.00169103;1.00777;-0.00332901;1.79809e-05;0.997468;0.0228596;0.988608;1;3;1
1020.53;997.06;-0.903188;2.62941;0.00669489;-0.00150649;0.000649593;0.00674602;-0.00155762;1.01126;-0.00684384;0.00195474;0.996817;0.020963;0.984038;1;4;1
1043.53;997.06;-0.776447;2.59385;0.00612833;3.32822e-05;-0.000662354;0.00619947;-3.78659e-05;1.00115;-0.00188582;0.00328112;1.00153;0.0215919;0.983925;1;3;1
1066.53;997.06;-0.622365;2.48601;0.00700479;-0.00167702;0.00066361;0.00705522;-0.00172745;1.00756;-0.000288888;0.00114951;1.00208;0.0223767;0.987561;1;3;1
1089.53;997.06;-0.455359;2.56088;0.00559338;-0.00171078;0.00169953;0.00596946;-0.00208686;1.00775;-0.000758118;-0.000294763;0.995081;0.023564;0.986358;1;3;1
1112.53;997.06;-0.365795;2.51618;0.00587765;-0.0028408;-0.000610705;0.00592022;-0.00288338;1.00158;-9.54422e-05;0.0054816;0.99679;0.0208101;0.987547;1;3;1
1135.53;997.06;-0.185913;2.44889;0.00594012;-0.000297877;0.000818516;0.00604573;-0.00040349;1.00557;-0.00472274;-0.00184759;1.00043;0.0220334;0.988523;1;3;1
1158.53;997.06;-0.0934446;2.42594;0.00598354;0.000929267;0.000959729;0.00615964;0.000753165;1.00814;-0.00445803;0.00119149;1.00076;0.0223589;0.982946;1;3;1
1181.53;997.06;0.0884832;2.39798;0.00808045;-0.00088486;0.000922631;0.00817441;-0.000978824;1.00886;-0.00195978;0.000556899;1.0016;0.0230053;0.984117;1;3;1
1204.53;997.06;0.276714;2.35616;0.00679792;6.82458e-05;0.0012135;0.00701005;-0.000143886;1.00495;-0.00440201;0.000868908;0.995746;0.0213386;0.988088;1;3;1
1227.53;997.06;0.400108;2.35086;0.00643946;-0.00121449;0.00109603;0.00659331;-0.00136835;1.00793;-0.00288297;-0.000566822;0.994116;0.0236668;0.986364;1;3;1
1250.53;997.06;0.571981;2.35921;0.00320522;0.000981205;0.000222596;0.00322728;0.000959145;1.01076;0.00275089;0.00289976;1.00463;0.0229301;0.985092;1;3;1
1273.53;997.06;0.547312;2.34275;-0.00107175;0.000235328;-0.00132457;0.00105881;-0.00189523;0.9873;-0.00323272;-0.000743773;1.00389;0.0301967;0.991154;1;3;1
31.5305;974.06;-5.45233;4.6764;-0.000961663;-0.00274115;0.000121827;-0.000953361;-0.00274945;1.00236;-0.000799748;-0.00426507;1.00034;0.0255786;0.98347;1;3;1
54.5305;974.06;-5.47446;4.65866;0.0019355;-0.00313734;-0.00069431;0.00202881;-0.00323066;1.00347;-0.0035743;0.00433443;0.996343;0.033813;0.972696;1;2;1
77.5306;974.06;-5.36349;4.5739;0.00468915;-0.00262196;-0.00127187;0.00490409;-0.0028369;1.00765;-0.00165171;0.00343486;0.998491;0.0291219;0.977433;1;2;1
100.531;974.06;-5.25944;4.53225;0.00195821;-0.00273674;-0.000863693;0.00211205;-0.00289058;0.996145;-0.00142723;0.00379015;1.00459;0.0287605;0.984319;1;3;1
123.531;974.06;-5.27376;4.41861;0.0031333;-0.00118505;-0.00116978;0.00342982;-0.00148157;1.00274;-0.00158224;0.00636972;1.0014;0.0215393;0.98871;1;3;1
146.531;974.06;-5.11598;4.32806;0.00516216;-0.00108372;-0.000838908;0.00527287;-0.00119443;1.00639;0.00112595;-0.00132938;0.998528;0.0190949;0.992077;1;3;1
169.531;974.06;-5.03705;4.30858;0.00261651;-0.00313214;0.00152892;0.00299785;-0.00351347;1.00433;0.00102566;0.00134736;0.997947;0.0226432;0.989152;1;3;1
192.531;974.06;-4.99581;4.27739;0.00155258;-0.0037565;-0.000180697;0.00155872;-0.00376265;1.00203;-0.00559806;0.000127539;0.998954;0.0228769;0.987695;1;3;1
215.531;974.06;-4.96578;4.21336;0.00304207;-0.00130477;-0.000798762;0.0031842;-0.00144691;0.996221;-0.00753672;0.0047262;1.00354;0.0203515;0.9885;1;3;1
238.531;974.06;-4.85626;4.15126;0.00311682;-0.00194922;-0.000375241;0.00314446;-0.00197687;1.00436;-0.00186001;0.00593207;1.00257;0.0234162;0.988212;1;3;1
261.531;974.06;-4.82279;4.09286;0.00218847;-0.00191694;-0.000510031;0.00225088;-0.00197935;1.00431;-0.000735807;0.00224731;0.997429;0.0222379;0.990748;1;3;1
284.531;974.06;-4.75577;4.07007;0.00391654;-0.00232389;-0.000291057;0.00393008;-0.00233744;1.00413;-0.00564071;0.00148363;1.00156;0.0195537;0.992884;1;2;1
307.531;974.06;-4.64315;3.96794;0.00641552;-0.00139979;0.000860157;0.00650907;-0.00149334;1.00572;-0.00785264;0.00480626;1.00188;0.0227632;0.985548;1;3;1
330.531;974.06;-4.4618;3.93189;0.00475426;-0.0014561;0.000274991;0.00476641;-0.00146826;1.00058;-0.00395109;-0.00237367;0.998624;0.0216399;0.988161;1;3;1
353.531;974.06;-4.42507;3.87069;0.00295277;-0.00317198;-0.000342615;0.00297188;-0.00319109;1.00347;-0.00279915;0.00531912;0.997584;0.0205284;0.990741;1;3;1
376.531;974.06;-4.32634;3.80649;0.00251533;-0.00230071;-0.000798815;0.00264437;-0.00242975;1.00405;-0.00151668;-0.00162405;0.998998;0.0240771;0.983882;1;4;1
399.531;974.06;-4.3096;3.78139;0.00255918;-0.000913902;0.000490411;0.0026271;-0.000981821;0.999902;-0.00793099;-5.82416e-05;0.998205;0.0248155;0.980449;1;4;1
422.531;974.06;-4.2088;3.75447;0.00525069;-0.00176214;-0.000855628;0.00535357;-0.00186502;1.00007;-0.00451935;0.00179127;1.00075;0.0201674;0.987151;1;3;1
445.531;974.06;-4.06885;3.66064;0.00710522;-0.00226655;-0.000107232;0.00710645;-0.00226777;1.0142;0.000339844;0.00284449;0.997095;0.0191431;0.988769;1;3;1
468.531;974.06;-3.88331;3.62026;0.00479888;-0.00191885;0.000561451;0.00484548;-0.00196545;0.996808;0.000574274;0.00051998;0.996198;0.0194221;0.99021;1;3;1
491.531;974.06;-3.84869;3.59076;0.00319801;-0.00135863;-0.000684435;0.00329859;-0.00145922;1.0051;0.00343607;0.00293144;0.997501;0.0208478;0.985545;1;3;1
514.531;974.06;-3.73647;3.56234;0.00494571;-0.00232189;-0.000452736;0.0049738;-0.00234999;1.0077;0.00199321;0.00269327;0.998876;0.0200045;0.989399;1;3;1
537.531;974.06;-3.62185;3.49309;0.00344249;-0.00229118;0.000253088;0.00345364;-0.00230233;1.00234;-0.00699467;-0.000844129;0.998643;0.0196385;0.992675;1;4;1
560.531;974.06;-3.57851;3.45686;0.00349408;-0.000325373;2.99856e-05;0.00349431;-0.000325609;0.999542;-0.00246975;0.00296452;1.00316;0.0190338;0.989572;1;3;1
583.531;974.06;-3.46145;3.42304;0.00578626;-7.17157e-05;6.6156e-05;0.00578701;-7.24627e-05;1.01273;-0.00341174;0.00395434;1.00201;0.0210185;0.984254;1;3;1
606.531;974.06;-3.3132;3.36426;0.00433656;-0.00146089;0.000459418;0.00437274;-0.00149707;1.00398;-0.00489705;0.00073019;1.00262;0.0211802;0.985093;1;3;1
629.531;974.06;-3.26251;3.32232;0.00326687;0.00111302;0.000603705;0.00342454;0.000955351;1.00193;-0.000118142;0.00222262;0.998261;0.0209989;0.984696;1;3;1
652.531;974.06;-3.16319;3.31623;0.00569605;-0.00294382;-0.00070961;0.00575395;-0.00300171;1.00491;0.00174952;0.00330914;0.995919;0.023549;0.982216;1;3;1
675.531;974.06;-3.00135;3.21904;0.00721377;-0.00111513;-0.00103556;0.00734059;-0.00124195;1.00222;0.000341138;0.00316618;0.99358;0.0272404;0.97521;1;3;1
698.531;974.06;-2.83279;3.16593;0.00311572;-0.000327529;-0.000655746;0.00323638;-0.000448184;1.00725;-0.0101183;-7.22051e-05;0.99991;0.0273697;0.979422;1;3;1
721.531;974.06;-2.85837;3.11245;0.00374089;-0.00303196;0.000753037;0.00382361;-0.00311468;1.01369;-0.00365844;0.00183086;0.995446;0.0269197;0.976555;1;4;1
744.531;974.06;-2.66112;3.07622;0.00828451;-0.00306107;0.000407806;0.00829915;-0.00307571;1.00335;-0.00341015;-0.00275956;0.990079;0.0270882;0.978238;1;3;1
767.531;974.06;-2.47886;3.07848;0.00691839;-0.0013216;0.000164708;0.00692168;-0.00132489;1.00184;-0.000847494;0.00521363;0.990264;0.0250797;0.982378;1;4;1
790.531;974.06;-2.344;3.01882;0.00441257;-0.000605522;-0.000162215;0.00441781;-0.000610761;1.00903;-0.00578531;0.00296742;1.00064;0.0243328;0.98316;1;3;1
813.531;974.06;-2.27649;2.95519;0.0058812;-0.00172656;-0.000425915;0.00590497;-0.00175033;1.00591;-0.00811577;0.00190928;1.00444;0.0226497;0.984823;1;3;1
836.531;974.06;-2.07449;2.87056;0.0078916;-0.00255875;0.000136369;0.00789338;-0.00256053;1.00766;-0.00464125;0.00688376;0.994529;0.0278833;0.978295;1;3;1
859.531;974.06;-1.91501;2.8556;0.00497461;-0.00105383;0.00174144;0.0054415;-0.00152072;1.00098;-0.00282798;-0.00214078;1.00137;0.025505;0.983963;1;3;1
882.531;974.06;-1.84623;2.86297;0.00497818;-0.000908684;0.000450553;0.00501246;-0.000942967;1.00393;0.000960573;0.00609799;1.00112;0.0214626;0.984678;1;3;1
905.531;974.06;-1.68667;2.76335;0.00720958;-0.000318088;-0.000876376;0.00731027;-0.00041877;1.01115;-0.000613978;-0.00130462;1.00134;0.0202094;0.98855;1;3;1
928.531;974.06;-1.51588;2.76532;0.00687174;-0.00155537;9.34881e-05;0.00687278;-0.00155641;1.00618;-0.000827172;0.000440692;0.998473;0.0260925;0.977773;1;3;1
951.531;974.06;-1.37174;2.67358;0.00531701;-0.00152635;0.000294673;0.00532968;-0.00153902;1.00527;-0.00657897;0.00485425;1.00056;0.022295;0.982759;1;3;1
974.531;974.06;-1.27211;2.64137;0.00534808;-0.00158382;0.00197227;0.00586994;-0.00210569;1.0091;-0.0131409;-0.00317249;0.995272;0.0255137;0.976491;1;3;1
997.531;974.06;-1.12638;2.69449;0.00512059;0.000527162;0.00160057;0.00562329;2.44632e-05;1.00063;-0.00229184;0.00220661;1.00647;0.0233342;0.981406;1;4;1
1020.53;974.06;-1.03717;2.66132;0.00624143;3.30553e-05;0.00125643;0.00648607;-0.000211579;1.01082;-0.00484896;0.000110649;1.00101;0.0225183;0.985724;1;3;1
1043.53;974.06;-0.840228;2.62067;0.00814867;-0.00116427;9.17085e-05;0.00814958;-0.00116518;1.0009;-0.00478402;0.00262272;0.99605;0.0250365;0.98022;1;3;1
1066.53;974.06;-0.663923;2.57396;0.00555232;-0.00374963;0.000776545;0.0056167;-0.00381402;1.01147;-0.000545727;0.00290577;0.991514;0.0289485;0.983836;1;3;1
1089.53;974.06;-0.585566;2.56047;0.00530543;-0.00105006;0.00213939;0.00595849;-0.00170311;1.00393;-0.011168;0.000199112;0.998749;0.0235727;0.979394;1;3;1
1112.53;974.06;-0.420526;2.6015;0.00727751;0.000226229;0.000260433;0.00728711;0.000216623;1.0098;0.00137872;0.00604199;0.998492;0.0269722;0.970693;1;4;1
1135.53;974.06;-0.252122;2.45863;0.00598071;-0.00105428;-0.000318158;0.00599507;-0.00106864;1.00496;-0.00496545;0.0029363;1.00298;0.0243183;0.981744;1;3;1
1158.53;974.06;-0.146509;2.44106;0.00638675;-0.00132929;0.000759388;0.00646078;-0.00140331;1.00901;-0.0015403;-0.0018723;0.999955;0.0224108;0.987129;1;3;1
1181.53;974.06;0.040731;2.43614;0.00632417;-0.00184019;0.000981322;0.00644046;-0.00195649;1.00611;-0.00410591;0.00514177;0.996611;0.0235491;0.979747;1;3;1
1204.53;974.06;0.143449;2.3802;0.0063614;-0.00128741;0.00114958;0.00653044;-0.00145645;1.00315;-0.00470262;-0.00121138;1.00238;0.0213086;0.987668;1;3;1
1227.53;974.06;0.332363;2.35702;0.00765528;-0.000837756;0.000212597;0.0076606;-0.000843074;1.00721;-0.00213909;-0.000266697;1.00302;0.0223238;0.987105;1;3;1
1250.53;974.06;0.494211;2.31728;0.00938135;-0.00076394;0.00114598;0.00950919;-0.000891776;1.0073;-0.0109554;0.00229396;1.00001;0.0200964;0.986707;1;3;1
1273.53;974.06;0.761787;2.25454;0.0117051;9.6395e-05;-0.00176749;0.0119683;-0.000166751;1.01363;-0.00725837;-0.000644518;0.999766;0.0300357;0.980423;1;4;1
31.5305;951.06;-5.55791;4.79519;0.00416418;-0.002584;0.00105227;0.00432446;-0.00274428;1.00023;-0.00507602;-0.00105121;0.996491;0.0256671;0.989771;1;3;1
54.5305;951.06;-5.46237;4.75491;0.00475625;-0.00159582;-0.00116478;0.0049631;-0.00180267;1.00721;-0.00179138;0.0046234;0.999488;0.0267623;0.986144;1;3;1
77.5306;951.06;-5.33992;4.6344;0.00254247;-0.0027783;-0.00193152;0.0031697;-0.00340553;1.00244;0.00197931;0.00378319;0.995436;0.0240277;0.982937;1;3;1
100.531;951.06;-5.34596;4.56511;-0.000199046;-0.00185485;-0.000704247;5.99683e-05;-0.00211386;1.00247;0.00136765;0.00105041;0.995303;0.0235629;0.990497;1;3;1
123.531;951.06;-5.34935;4.47609;0.00348026;-0.00286186;-0.00129919;0.00373608;-0.00311768;1.00348;-0.00122724;0.00310921;0.996105;0.0205777;0.989813;1;3;1
146.531;951.06;-5.18635;4.42522;0.00319987;-0.00337955;0.000479144;0.00323458;-0.00341426;1.00137;-0.00506893;0.00488688;0.994537;0.0247315;0.98994;1;3;1
169.531;951.06;-5.20244;4.4107;0.00314213;-0.00219318;0.00164337;0.00360769;-0.00265875;1.00613;-0.0133556;-0.000799226;0.995428;0.0275577;0.986881;1;3;1
192.531;951.06;-5.04205;4.39251;0.00416848;-0.000480825;-0.000323433;0.00419087;-0.000503217;1.00773;0.0023828;0.00619891;0.997343;0.0230512;0.991346;1;3;1
215.531;951.06;-5.01143;4.23185;0.00292841;-0.00134045;-0.00128357;0.00328463;-0.00169667;0.995098;0.0050525;0.00550852;0.996254;0.0253241;0.990684;1;3;1
238.531;951.06;-4.90811;4.16288;0.00382826;-0.00229498;-0.000127212;0.0038309;-0.00229762;1.00216;0.00128245;0.00260675;0.996562;0.0226379;0.988865;1;3;1
261.531;951.06;-4.83579;4.12746;0.00426891;-0.00294142;-0.00031968;0.00428305;-0.00295557;1.00608;0.000342914;0.00230709;1.00158;0.0306366;0.981694;1;3;1
284.531;951.06;-4.71224;4.0756;0.00116782;-0.0023817;-0.00114158;0.00150326;-0.00271714;0.994181;-0.00239122;0.00672237;1.00045;0.0220021;0.986508;1;3;1
307.531;951.06;-4.78232;3.98478;0.00276338;-0.00289181;-0.000682437;0.00284456;-0.002973;1.00667;0.00176415;0.0015513;0.995365;0.0241948;0.986205;1;3;1
330.531;951.06;-4.58543;3.97013;0.0059753;-0.00140246;0.00115496;0.00615188;-0.00157904;1.00336;-0.00320825;-0.00169419;0.996624;0.0193658;0.99374;1;3;1
353.531;951.06;-4.50827;3.97691;0.00585171;-0.00315865;6.33703e-05;0.00585215;-0.0031591;1.0097;-0.00197297;0.00306948;0.993781;0.0207257;0.988149;1;3;1
376.531;951.06;-4.31712;3.87706;0.00398511;-0.00204802;-0.000764783;0.00408055;-0.00214346;1.00212;0.00426152;0.00507399;0.997779;0.02081;0.985439;1;3;1
399.531;951.06;-4.3257;3.79112;0.00259747;-0.00165866;-0.00122907;0.00292689;-0.00198809;1.00459;0.00732998;-0.00063603;0.997486;0.0203108;0.985877;1;3;1
422.531;951.06;-4.19791;3.77574;0.00373779;-0.000986111;-5.54848e-05;0.00373844;-0.000986762;0.999824;0.00324707;0.000734461;0.99629;0.0191471;0.98668;1;3;1
445.531;951.06;-4.15412;3.72561;0.00405723;-0.00182928;-0.000180395;0.00406275;-0.0018348;1.00823;-0.00614012;0.00514129;0.996535;0.0207785;0.986718;1;3;1
468.531;951.06;-4.0118;3.65817;0.00575718;-0.0014071;0.000835765;0.00585339;-0.0015033;1.00447;-0.00862738;3.34809e-05;0.998048;0.0170563;0.993498;1;3;1
491.531;951.06;-3.89016;3.62685;0.00508132;-0.00159336;0.000297549;0.00509455;-0.0016066;1.01245;-0.00133861;0.000721371;0.997421;0.0203263;0.98918;1;3;1
514.531;951.06;-3.77872;3.57679;0.00355862;-0.00135548;-3.53751e-06;0.00355862;-0.00135548;1.00153;-0.00425376;0.00193907;0.997725;0.0199131;0.98908;1;4;1
537.531;951.06;-3.72686;3.52733;0.00394263;-0.00249507;0.000662801;0.00401016;-0.0025626;1.00792;-0.00285131;0.0073673;0.997286;0.0223297;0.987831;1;3;1
560.531;951.06;-3.59787;3.45838;0.0049682;-0.0014484;-0.00054744;0.00501457;-0.00149477;1.00194;-6.76588e-05;-0.000804782;0.997499;0.0201629;0.988744;1;3;1
583.531;951.06;-3.49908;3.39369;0.00428087;-0.000772687;-0.000272709;0.00429554;-0.000787361;1.00654;-0.00176239;-4.8985e-05;0.999329;0.0182536;0.989931;1;3;1
606.531;951.06;-3.40141;3.39915;0.00385802;-0.00085842;-0.000135732;0.00386192;-0.000862323;1.00216;-0.00178242;0.0064172;0.997152;0.0219636;0.990377;1;3;1
629.531;951.06;-3.32212;3.2688;0.00512236;6.60397e-05;0.000280737;0.0051379;5.05004e-05;1.00206;0.00251209;-0.00324827;0.996658;0.0259691;0.976623;1;3;1
652.531;951.06;-3.16641;3.34466;0.00631167;-0.000804916;0.000101131;0.0063131;-0.000806353;1.01162;-0.00030413;0.00366355;0.998584;0.0216772;0.984488;1;3;1
675.531;951.06;-3.0327;3.25291;0.00588463;-0.0003941;-0.000478878;0.00592095;-0.000430414;1.00761;-0.00388586;0.00382917;1.00664;0.0276152;0.976584;1;3;1
698.531;951.06;-2.89675;3.1967;0.00438939;0.00042477;0.00138206;0.00482361;-9.4549e-06;1.0011;0.00377154;0.00540672;1.00451;0.0258594;0.97608;1;3;1
721.531;951.06;-2.83124;3.21561;0.00502392;-0.00282999;-0.00076066;0.00509691;-0.00290299;1.00721;0.00538303;-0.00417679;0.993518;0.0233167;0.98719;1;4;1
744.531;951.06;-2.66626;3.1397;0.00722166;-0.00138586;-0.000981369;0.00733213;-0.00149633;1.01117;-0.00102418;0.00595879;0.998105;0.0254966;0.979236;1;4;1
767.531;951.06;-2.50058;3.03808;0.00483642;0.000364761;-0.000844023;0.00499043;0.000210756;0.996739;-0.00356025;0.00219429;1.00052;0.0239933;0.982601;1;3;1
790.531;951.06;-2.44456;2.98927;0.00524032;-0.00185897;0.0010583;0.00539472;-0.00201338;1.00768;0.00834072;0.00338273;0.995277;0.024608;0.982281;1;4;1
813.531;951.06;-2.26019;2.9746;0.0051562;-0.000860837;0.000530731;0.00520266;-0.000907291;1.00848;0.0020899;0.000381252;0.993993;0.0265632;0.977367;1;3;1
836.531;951.06;-2.208;2.95928;0.00547703;-0.000665745;0.000821587;0.00558502;-0.000773732;1.00331;-3.21184e-05;-0.000846986;0.997532;0.0245653;0.980973;1;3;1
859.531;951.06;-2.00902;2.88653;0.00757581;-0.00140026;0.000703075;0.00763054;-0.00145499;1.00534;-0.00383229;0.00256492;0.996217;0.0241655;0.982763;1;3;1
882.531;951.06;-1.86092;2.86379;0.00663138;0.00026227;0.000103992;0.00663308;0.000260572;1.00804;-0.00264526;0.000648583;0.997724;0.0212149;0.989808;1;3;1
905.531;951.06;-1.7051;2.78129;0.00682977;0.000140451;0.0013802;0.00710335;-0.000133134;1.00376;-0.00315336;0.00663611;0.998499;0.024909;0.979268;1;3;1
928.531;951.06;-1.54785;2.80498;0.0045352;-0.000639607;0.00142821;0.0049032;-0.00100761;1.00399;-0.00710463;0.00208379;0.997632;0.0265519;0.969597;1;3;1
951.531;951.06;-1.49696;2.74739;0.00456959;-0.00295048;0.00153002;0.00486896;-0.00324985;1.0018;-0.00444385;0.00141109;0.994423;0.0203565;0.988779;1;3;1
974.531;951.06;-1.33826;2.69349;0.00626105;-0.000490317;0.000129954;0.00626355;-0.000492818;1.00855;0.00384497;0.00292939;1.00358;0.0214032;0.983266;1;3;1
997.531;951.06;-1.20997;2.64331;0.00538127;-0.000316523;0.000265119;0.00539357;-0.000328832;1.00116;-0.00630361;0.000501713;0.998046;0.0243914;0.972578;1;4;1
1020.53;951.06;-1.09143;2.62827;0.00738778;-0.000341404;0.000230798;0.00739467;-0.000348289;1.0103;-0.000994545;-0.00180472;0.998913;0.0239939;0.986463;1;3;1
1043.53;951.06;-0.871377;2.64753;0.00738332;0.000586803;0.000767881;0.007469;0.000501127;1.00628;0.0014405;-0.00133106;1.00321;0.0238137;0.990422;1;3;1
1066.53;951.06;-0.753056;2.659;0.00539749;-0.000264982;0.000986614;0.00556447;-0.000431962;1.00288;0.00284402;-0.00215121;1.00161;0.0262896;0.979636;1;3;1
1089.53;951.06;-0.623775;2.60951;0.00572501;0.000785598;-0.000727242;0.00582986;0.00068075;1.00087;0.00147096;0.00645456;0.999836;0.0267584;0.973434;1;3;1
1112.53;951.06;-0.490708;2.50594;0.00671305;0.000770428;-0.000698241;0.00679399;0.000689489;1.01112;-0.00578129;0.00189256;1.00505;0.0241409;0.98656;1;3;1
1135.53;951.06;-0.316139;2.49759;0.0066639;0.000265949;0.0013668;0.00694366;-1.38101e-05;1.00773;0.00496156;0.00358077;0.997508;0.0225958;0.983237;1;3;1
1158.53;951.06;-0.185187;2.48722;0.00554883;-0.000451889;0.000556904;0.00560007;-0.000503136;1.00472;-0.00146558;-0.00105148;0.994224;0.0209288;0.986816;1;3;1
1181.53;951.06;-0.0615997;2.48296;0.00606931;0.000105478;0.000407723;0.00609705;7.77329e-05;1.00662;0.00541661;0.00412742;0.998773;0.0218102;0.986425;1;3;1
1204.53;951.06;0.0931038;2.41579;0.00829495;-0.00139824;0.000347365;0.00830739;-0.00141067;1.00573;-0.00300763;-0.000438493;0.995572;0.0224736;0.983564;1;3;1
1227.53;951.06;0.318304;2.38948;0.0059517;-0.00112271;0.00154989;0.00627636;-0.00144737;1.00071;-0.00446345;0.00366812;0.991889;0.0264993;0.978951;1;3;1
1250.53;951.06;0.366067;2.39483;0.00579327;-0.000667873;0.00194033;0.00633118;-0.00120579;1.01122;-0.00496048;-5.48785e-05;0.993876;0.024213;0.992029;1;3;1
1273.53;951.06;0.583999;2.33833;0.0095232;-0.00158233;0.0017971;0.00980677;-0.00186589;1.00169;-0.00179568;-0.00209871;0.996898;0.0247118;0.986814;1;3;1
31.5305;928.06;-5.62876;4.79576;0.00441199;-0.00132315;-0.000920706;0.00455617;-0.00146733;1.00956;0.00230371;0.0010554;0.995958;0.0265975;0.985682;1;3;1
54.5305;928.06;-5.52759;4.73216;0.00553299;-0.000277708;4.13942e-05;0.00553329;-0.000278003;0.996998;-0.00135727;0.00683727;1.00173;0.025094;0.987944;1;3;1
77.5306;928.06;-5.37503;4.70188;0.00381293;-0.00188415;0.00125381;0.00407666;-0.00214788;1.00041;-0.00561029;0.00266023;0.998459;0.0220654;0.989078;1;3;1
100.531;928.06;-5.35267;4.61774;0.001776;-0.00301917;-0.000753085;0.00189149;-0.00313466;1.0092;7.08364e-05;-0.000515508;0.995353;0.0232386;0.986788;1;3;1
123.531;928.06;-5.29366;4.55045;0.00278592;-0.00239816;-0.00180064;0.00334998;-0.00296223;0.998308;0.0018845;0.00621193;0.999489;0.0243253;0.983149;1;3;1
146.531;928.06;-5.22489;4.48391;0.00160067;-0.00150222;2.57791e-05;0.00160088;-0.00150244;1.00013;-0.00109054;0.00128336;0.999866;0.0216566;0.989256;1;3;1
169.531;928.06;-5.2203;4.40994;0.00176386;-0.00178345;-0.00223524;0.00284365;-0.00286324;1.00076;0.0010104;0.00850832;0.996249;0.0225473;0.988623;1;3;1
192.531;928.06;-5.14419;4.29976;0.00313121;-0.000148447;0.000255727;0.00315103;-0.000168267;1.00626;-0.00346659;-0.00116582;0.995381;0.0252657;0.984673;1;3;1
215.531;928.06;-5.07669;4.2752;0.00426699;-0.00300147;0.0013495;0.00450945;-0.00324394;1.00275;-0.00375687;0.0053848;0.996852;0.0248016;0.990054;1;3;1
238.531;928.06;-4.94835;4.25704;0.00428218;-0.00360365;0.000948602;0.00439468;-0.00371616;1.00889;-0.00453866;-0.00103132;1.00013;0.0214825;0.991903;1;3;1
261.531;928.06;-4.88015;4.22841;0.00338329;-0.00220432;-0.000189867;0.00338974;-0.00221076;1.00037;-0.00394253;0.00582581;0.993917;0.0235342;0.986297;1;3;1
284.531;928.06;-4.79304;4.17977;0.00424616;-0.00231608;-0.000413464;0.0042721;-0.00234203;0.999058;-0.0031355;0.00204701;0.993372;0.0203727;0.986988;1;3;1
307.531;928.06;-4.68542;4.10117;0.00475412;-0.00282336;-0.00214418;0.00531878;-0.00338801;1.00519;-0.000943154;0.00433829;1.00198;0.0210035;0.989353;1;3;1
330.531;928.06;-4.57524;3.99659;0.00353648;-0.00167727;-0.000610969;0.00360712;-0.00174791;1.00023;0.00176287;0.00124486;1.00431;0.0256884;0.981163;1;3;1
353.531;928.06;-4.5231;4.01632;0.0029259;-0.000890621;-0.000424814;0.00297261;-0.000937335;1.00676;-0.00450947;0.000250911;1.00019;0.0214876;0.985944;1;3;1
376.531;928.06;-4.44094;3.90094;0.00491784;-0.000188368;0.000805157;0.00504179;-0.000312318;1.00883;-0.00634389;0.00429581;0.998969;0.0189257;0.99378;1;3;1
399.531;928.06;-4.29771;3.85775;0.00374904;-0.00272735;-0.000190965;0.00375467;-0.00273298;1.00275;0.00206935;0.001862;0.996728;0.0196848;0.990355;1;3;1
422.531;928.06;-4.26892;3.79989;0.00280044;-0.00151002;0.000169886;0.00280712;-0.00151671;0.999987;-0.00331804;0.00541556;0.997668;0.0211765;0.989072;1;3;1
445.531;928.06;-4.16921;3.74497;0.00460268;-0.0007973;-0.000469892;0.00464326;-0.000837883;1.00798;0.0030994;0.00264653;0.998593;0.0204948;0.987815;1;3;1
468.531;928.06;-4.05782;3.68536;0.00463052;-0.00159812;-0.00015599;0.00463442;-0.00160202;1.00238;-0.000749755;0.00221992;0.996508;0.0197551;0.990008;1;3;1
491.531;928.06;-3.95676;3.66424;0.00485251;-0.000880615;0.000582547;0.0049111;-0.000939209;1.00351;-0.00705058;-0.000957007;0.999975;0.0199341;0.9904;1;3;1
514.531;928.06;-3.83518;3.62484;0.00340929;-0.000495794;0.000581535;0.00349405;-0.000580555;1.00314;-0.0016716;0.00355512;1.00224;0.0184159;0.990196;1;4;1
537.531;928.06;-3.80024;3.60835;0.00379234;-0.00168296;-0.000439577;0.00382741;-0.00171803;1.00558;0.00359914;0.00112944;0.994537;0.0201573;0.989727;1;3;1
560.531;928.06;-3.66118;3.5236;0.00665408;-0.00172802;-0.000380159;0.00667129;-0.00174523;1.00428;-0.003014;0.000775997;0.992081;0.0207796;0.985432;1;3;1
583.531;928.06;-3.4954;3.45861;0.00514945;-0.00219063;-0.000696787;0.00521501;-0.00225619;1.00623;-0.000295219;0.00274574;0.996437;0.0190656;0.989401;1;3;1
606.531;928.06;-3.42506;3.4039;0.00333568;-0.000649966;-0.000577882;0.00341777;-0.000732062;1.00025;-0.0056701;0.0019557;1.00049;0.0228989;0.983719;1;3;1
629.531;928.06;-3.34243;3.31935;0.00516264;-0.00317967;-0.000243677;0.00516975;-0.00318679;1.00502;-0.00131175;0.00490594;0.999876;0.0239302;0.981579;1;3;1
652.531;928.06;-3.18822;3.35328;0.00518536;-0.000519827;0.000107677;0.00518739;-0.000521859;1.00721;-0.0038779;0.00117519;1.00048;0.0208506;0.986536;1;3;1
675.531;928.06;-3.10459;3.23729;0.0041858;-0.00112765;-0.00131763;0.00449459;-0.00143645;1.00005;-0.00435174;0.00845021;0.999296;0.0247931;0.983921;1;4;1
698.531;928.06;-2.99654;3.14668;0.00565269;-0.000728263;0.00106428;0.00582552;-0.000901094;1.0089;-0.008823;-0.00132251;0.994382;0.0252994;0.978115;1;3;1
721.531;928.06;-2.84529;3.24281;0.00542851;-0.000184121;0.000775186;0.0055336;-0.000289218;1.00644;-0.00642086;-0.00560526;1.00161;0.0217614;0.982769;1;3;1
744.531;928.06;-2.7475;3.1401;0.00641835;-0.00173877;-0.000503242;0.00644928;-0.00176969;1.00759;-0.00554867;0.00630486;1.00072;0.0230723;0.981346;1;3;1
767.531;928.06;-2.55135;3.06176;0.00531031;-0.00238749;0.0013253;0.00553209;-0.00260927;1.00309;0.00212892;-0.000213074;1.00088;0.025772;0.980344;1;4;1
790.531;928.06;-2.50388;3.10469;0.00428117;-0.00272491;0.0009684;0.00441256;-0.0028563;1.0107;-0.014997;0.00358651;1.00026;0.0270413;0.971864;1;4;1
813.531;928.06;-2.35488;2.99487;0.005824;-0.00100579;-0.000651973;0.00588568;-0.00106747;1.00219;-0.0061538;0.00704328;1.00754;0.023515;0.97803;1;4;1
836.531;928.06;-2.2372;2.90149;0.00612941;-0.000271197;-0.0002358;0.00613809;-0.000279872;1.00626;0.000953116;-0.00251003;1.00798;0.0251203;0.98591;1;3;1
859.531;928.06;-2.07385;2.92033;0.00603812;-0.00238554;0.000276792;0.0060472;-0.00239463;1.00347;0.000760578;-0.00129838;1.00096;0.0240128;0.976996;1;3;1
882.531;928.06;-1.96031;2.85105;0.00442101;-0.00123225;-0.000518296;0.00446813;-0.00127938;1.00371;-0.00568185;0.00489486;0.999791;0.0225788;0.980749;1;4;1
905.531;928.06;-1.87122;2.75726;0.00610391;-0.00182188;0.000711859;0.00616734;-0.00188531;1.00403;-0.00082792;-0.000761617;1.00137;0.0237095;0.983845;1;3;1
928.531;928.06;-1.68042;2.79504;0.00542182;-5.86585e-06;0.00183766;0.00598546;-0.000569514;1.00907;-0.00135945;-0.00139854;1.00196;0.0222363;0.984855;1;3;1
951.531;928.06;-1.62252;2.81019;0.00639488;-0.00297996;-0.000905594;0.00648155;-0.00306663;1.00744;-0.00190437;0.00287541;0.999299;0.0221172;0.984937;1;4;1
974.531;928.06;-1.38737;2.66407;0.00888997;-0.00153363;-0.000843965;0.00895786;-0.00160152;1.00229;-0.00388856;-0.00080823;0.996182;0.023741;0.9803;1;3;1
997.531;928.06;-1.21549;2.70914;0.00727239;-0.000431611;0.000911151;0.00737869;-0.000537906;1.00885;-0.00511179;-0.00161395;0.994818;0.0308867;0.978689;1;4;1
1020.53;928.06;-1.05405;2.67703;0.00732662;-0.00130018;-0.000777224;0.00739608;-0.00136964;1.00928;0.00398567;0.00693998;0.998423;0.0231646;0.985145;1;3;1
1043.53;928.06;-0.879833;2.5937;0.00571464;2.05446e-05;0.000348896;0.00573594;-7.53783e-07;1.00527;-0.00692166;-0.000783491;0.99641;0.0213171;0.98466;1;3;1
1066.53;928.06;-0.792013;2.58633;0.00454358;0.000628994;0.000514866;0.00461017;0.000562409;1.00182;-0.00336475;0.00239911;0.996117;0.022676;0.983835;1;3;1
1089.53;928.06;-0.671353;2.52442;0.00706916;0.00125885;0.00146475;0.00741753;0.000910485;1.00718;-0.00601952;-0.00283773;1.00487;0.0266947;0.980274;1;3;1
1112.53;928.06;-0.467977;2.5661;0.00601321;-0.00155036;0.000573862;0.0060565;-0.00159365;1.0034;-0.00666735;0.00337068;1.00122;0.0220628;0.988084;1;3;1
1135.53;928.06;-0.395637;2.44662;0.0055825;-0.00122957;0.000953165;0.00571335;-0.00136043;1.00705;-0.0139947;0.00379275;1.00182;0.0248837;0.98105;1;3;1
1158.53;928.06;-0.212012;2.4619;0.00715741;-0.00130829;0.00155639;0.00743448;-0.00158536;1.00364;0.000182218;-0.00290578;0.998442;0.0216161;0.988947;1;3;1
1181.53;928.06;-0.0675689;2.43141;0.00503853;-0.00108099;0.00089084;0.00516557;-0.00120803;1.00416;-0.00710493;0.00592742;0.99861;0.0241491;0.984723;1;3;1
1204.53;928.06;0.019176;2.44473;0.00517367;-0.000853996;0.000883222;0.00530043;-0.000980747;1.00789;0.000882521;0.00179362;0.998829;0.0216254;0.991318;1;3;1
1227.53;928.06;0.169802;2.40898;0.00538024;-5.26845e-05;0.000308852;0.00539774;-7.01858e-05;1.00687;-0.000196453;0.00181732;1.00415;0.0231409;0.974484;1;3;1
1250.53;928.06;0.265905;2.34858;0.00690465;0.000844596;-0.000655707;0.00697479;0.000774459;1.00349;0.00488112;0.000786276;1.00265;0.0225406;0.987694;1;3;1
1273.53;928.06;0.486257;2.32821;0.00962681;-0.00168261;0.000651105;0.00966417;-0.00171997;1.01173;-0.00627564;0.00187641;0.996385;0.0241559;0.990884;1;3;1
31.5305;905.06;-5.60004;4.85612;0.00177206;-0.00253538;-0.00173545;0.00238426;-0.00314758;1.00096;-0.00321602;0.00445776;0.998963;0.0233491;0.988204;1;3;1
54.5305;905.06;-5.55949;4.76779;0.000687913;-0.00257417;-0.000526996;0.000770937;-0.00265719;0.995187;-0.00373994;0.00303175;0.997637;0.0205126;0.98996;1;3;1
77.5306;905.06;-5.5686;4.72172;0.0028743;-0.000827773;0.00092634;0.00309315;-0.00104663;1.00148;-0.000731042;0.00100788;0.998092;0.0214461;0.989365;1;3;1
100.531;905.06;-5.42751;4.70428;0.00548261;-0.00243751;-8.58185e-05;0.00548354;-0.00243844;1.0109;-0.0103787;0.0036871;0.997785;0.0222667;0.986027;1;3;1
123.531;905.06;-5.31729;4.58655;0.00215862;-0.00210917;-0.000863142;0.00232658;-0.00227713;1.00063;-0.00359496;0.00334149;0.996684;0.022831;0.987566;1;3;1
146.531;905.06;-5.32879;4.4946;0.00297658;-0.0023771;0.000260608;0.00298924;-0.00238975;1.00919;-0.000532933;5.48047e-05;0.997698;0.0228988;0.989722;1;3;1
169.531;905.06;-5.18067;4.49281;0.00281001;-0.00336419;-0.000631946;0.00287403;-0.00342821;0.996906;-0.00325737;0.00966446;0.994238;0.0242144;0.988102;1;3;1
192.531;905.06;-5.19981;4.39961;7.30667e-05;-0.00314279;-0.000337701;0.000108146;-0.00317787;0.999296;0.00252517;0.000455774;0.996933;0.025324;0.984333;1;3;1
215.531;905.06;-5.17747;4.37043;0.00344995;-0.00310227;0.000289469;0.00346271;-0.00311504;1.00357;-0.00254479;0.00404076;0.999098;0.0235925;0.987677;1;3;1
238.531;905.06;-5.04144;4.32914;0.00615939;-0.00260728;-0.00061814;0.00620276;-0.00265065;1.00019;-0.00476318;0.00580855;0.993716;0.0226836;0.990571;1;3;1
261.531;905.06;-4.89522;4.22901;0.00525077;-0.000357249;-0.00100532;0.00542554;-0.000532019;1.00832;-0.00147755;0.00156628;0.99951;0.0219824;0.988412;1;3;1
284.531;905.06;-4.80077;4.18235;0.00277708;-0.000436331;-0.000451678;0.00283936;-0.000498611;0.999774;0.000372512;0.000461038;1.00049;0.0203603;0.988351;1;3;1
307.531;905.06;-4.76779;4.11484;0.00407645;-0.00114842;0.000137785;0.00408008;-0.00115205;1.00708;-0.00422392;0.00363365;0.997319;0.0238857;0.985164;1;3;1
330.531;905.06;-4.61383;4.04736;0.00442941;-0.0030037;-0.000262671;0.00443868;-0.00301297;0.994985;0.00265874;0.00243779;0.990364;0.0209798;0.986182;1;3;1
353.531;905.06;-4.56459;4.01793;0.00142525;-0.000418832;-0.000982694;0.00185074;-0.000844325;1.00703;0.00397687;0.00318513;1.00373;0.0209112;0.988221;1;3;1
376.531;905.06;-4.5486;3.88631;0.00339955;-0.000791248;-0.000159714;0.00340562;-0.000797326;1.00159;-0.00420727;0.00596649;1.00219;0.0237659;0.985067;1;3;1
399.531;905.06;-4.40859;3.91683;0.00485569;-0.00171488;0.000930979;0.00498505;-0.00184424;1.00301;-0.0054362;-0.00332009;0.996974;0.0211758;0.989464;1;3;1
422.531;905.06;-4.32579;3.84543;0.00400448;-0.00105497;-0.000898485;0.0041593;-0.00120979;1.00289;-0.00239094;0.00408109;1.00108;0.022497;0.989169;1;3;1
445.531;905.06;-4.22501;3.76236;0.00540989;-0.00216173;8.67209e-05;0.00541089;-0.00216273;1.0072;-0.0055157;0.00447848;1.00112;0.0227946;0.987164;1;3;1
468.531;905.06;-4.07775;3.73179;0.00482532;-0.00210286;-0.000783577;0.00491284;-0.00219038;1.00484;0.00294055;-0.00126926;0.998641;0.0185625;0.991455;1;3;1
491.531;905.06;-4.00367;3.66752;0.00414377;-0.0017408;-0.000179624;0.00414925;-0.00174628;1.00172;-0.000185511;0.00495075;0.998537;0.0207057;0.990209;1;3;1
514.531;905.06;-3.88771;3.59973;0.00471675;-0.000964466;0.000472972;0.00475586;-0.00100357;1.00351;-0.00442276;0.00089375;0.995663;0.0196109;0.989634;1;3;1
537.531;905.06;-3.78725;3.60485;0.00383628;-0.000309331;-0.000158669;0.00384235;-0.000315395;1.00618;-0.00329319;-0.00133077;1.00155;0.0211586;0.98606;1;3;1
560.531;905.06;-3.71162;3.53808;0.00508359;-0.000487233;-0.000335117;0.00510368;-0.00050732;1.00217;-0.00562193;0.00367324;1.00064;0.0190137;0.989557;1;3;1
583.531;905.06;-3.55413;3.4946;0.00489523;-0.00111423;0.000199165;0.00490182;-0.00112082;1.00595;-0.0050236;0.000476915;0.99867;0.0177749;0.992387;1;3;1
606.531;905.06;-3.48712;3.42914;0.00444848;-0.0016492;-0.000231558;0.00445726;-0.00165798;1.00068;0.00264138;0.000873763;0.994411;0.0235141;0.978673;1;3;1
629.531;905.06;-3.35002;3.41531;0.00499709;-0.0023843;0.000175545;0.00500126;-0.00238848;1.00607;-0.00596134;0.00239576;0.995467;0.0200753;0.988902;1;4;1
652.531;905.06;-3.25786;3.36866;0.00507079;-0.000229003;-0.000308667;0.0050887;-0.00024692;1.00653;-0.00325435;-0.000840595;1.00115;0.0215536;0.987762;1;3;1
675.531;905.06;-3.11749;3.30489;0.00587474;-0.00212768;-0.000922089;0.00597962;-0.00223255;1.00635;-0.00478831;0.00582849;0.998538;0.0221133;0.985987;1;3;1
698.531;905.06;-2.98862;3.2303;0.00455019;-0.00445724;-0.000744613;0.00461133;-0.00451838;1.00141;-0.000390665;0.005187;0.994526;0.0254222;0.978507;1;3;1
721.531;905.06;-2.90872;3.22415;0.00411241;0.00024185;0.000228343;0.00412583;0.000228426;1.00765;-0.00029916;-0.00462512;0.997158;0.0253092;0.978492;1;3;1
744.531;905.06;-2.79984;3.21994;0.00548864;-0.00194633;-0.000524736;0.00552549;-0.00198318;1.0096;0.0016386;0.00204905;0.994949;0.0239053;0.98479;1;3;1
767.531;905.06;-2.657;3.1483;0.00436286;-0.00344481;0.000193863;0.00436767;-0.00344962;1.00326;0.00532175;-0.00129612;0.994105;0.0262513;0.982522;1;4;1
790.531;905.06;-2.5997;3.11505;0.00555407;-0.00110391;-0.000263796;0.0055645;-0.00111435;1.01235;0.00302988;0.00724201;0.997577;0.0230794;0.984089;1;3;1
813.531;905.06;-2.40239;3.02111;0.00740593;-0.00197048;-0.000153517;0.00740844;-0.00197299;1.00029;0.000522054;0.000159766;0.989648;0.0264901;0.972542;1;3;1
836.531;905.06;-2.2605;2.97179;0.00693791;-0.00191748;0.000599617;0.00697833;-0.0019579;1.00825;-0.0016756;-0.00175601;0.996034;0.0311989;0.962012;1;3;1
859.531;905.06;-2.08435;2.99646;0.00621337;-0.00134866;0.000149181;0.00621631;-0.0013516;1.00451;-0.000937987;0.00121453;0.997761;0.0314648;0.960068;1;3;1
882.531;905.06;-1.9756;2.92065;0.00564146;-0.000642211;-0.000233705;0.00565014;-0.000650891;1.01155;-0.00361095;0.0012324;0.999124;0.0244052;0.983102;1;4;1
905.531;905.06;-1.82576;2.86534;0.00681407;-0.00341256;-0.000681326;0.00685926;-0.00345775;1.00544;-0.00325764;-0.00149643;0.995816;0.0206698;0.985176;1;3;1
928.531;905.06;-1.66336;2.80539;0.00614548;-0.00208711;0.00126363;0.00633507;-0.0022767;1.00381;-0.0029472;0.00107647;0.995365;0.0257382;0.977232;1;3;1
951.531;905.06;-1.54393;2.88469;0.00658813;-3.52328e-06;-0.00052532;0.00662973;-4.51259e-05;1.01125;-0.00264359;0.00465804;1.00294;0.0224978;0.986333;1;3;1
974.531;905.06;-1.36131;2.76409;0.00575851;-0.00311671;-0.000413468;0.00577773;-0.00313593;1.00687;-0.00512302;0.00214522;0.99958;0.0226626;0.986995;1;3;1
997.531;905.06;-1.28033;2.66322;0.00493549;-0.000107495;0.000351129;0.00495982;-0.000131826;0.999076;-0.000309062;0.00235948;1.0069;0.0262803;0.982695;1;3;1
1020.53;905.06;-1.1349;2.68814;0.00625518;-0.000988155;0.00176198;0.00666105;-0.00139402;1.01446;-0.00461681;0.00248895;1.00343;0.0264151;0.976142;1;3;1
1043.53;905.06;-0.993488;2.64675;0.00579329;-0.00266823;0.00207383;0.00627422;-0.00314917;1.00176;-0.00360171;0.00067135;1.00572;0.0243329;0.982545;1;3;1
1066.53;905.06;-0.869214;2.63023;0.00470423;-0.00108127;-0.000366341;0.00472734;-0.00110437;1.00655;0.000205859;0.00304087;1.00243;0.024956;0.980048;1;3;1
1089.53;905.06;-0.777697;2.5519;0.00542417;-0.0013939;0.00040257;0.00544785;-0.00141759;1.00485;-0.00118613;0.0025978;0.995979;0.0210104;0.98763;1;3;1
1112.53;905.06;-0.620405;2.5775;0.00590548;-0.00101562;0.00237291;0.0066409;-0.00175103;1.00489;-0.00158876;-0.00316358;0.997836;0.0217397;0.982;1;3;1
1135.53;905.06;-0.506843;2.55458;0.00606115;-0.00252512;0.00140701;0.00628583;-0.00274981;1.00719;0.00464514;0.00330115;0.998419;0.0207163;0.988465;1;3;1
1158.53;905.06;-0.342442;2.54771;0.00756402;-0.00184941;0.00215083;0.00803218;-0.00231756;1.01058;-0.00374064;0.0022025;1.00001;0.0258087;0.979583;1;3;1
1181.53;905.06;-0.160209;2.53281;0.00725446;-0.00265133;0.0010341;0.00736126;-0.00275813;1.00024;-0.00141445;0.00483798;0.994693;0.0222503;0.984184;1;3;1
1204.53;905.06;-0.0100309;2.4552;0.00774341;-0.000558172;-0.000863412;0.00783226;-0.000647021;1.0114;-0.00340901;0.00134227;1.00243;0.0233111;0.981119;1;3;1
1227.53;905.06;0.194406;2.39207;0.00776528;-0.000845595;-0.00103895;0.00788886;-0.000969177;1.01209;0.000869788;0.00455066;0.997268;0.0236478;0.98621;1;3;1
1250.53;905.06;0.34569;2.356;0.00632381;-0.00120822;0.000595894;0.00637066;-0.00125507;0.997301;-0.00313913;0.00029933;0.998131;0.0222571;0.990701;1;3;1
1273.53;905.06;0.484381;2.41591;0.00605166;-0.0013531;0.00187571;0.00649969;-0.00180113;1.01002;0.00174998;-0.0021265;1.00067;0.037383;0.98275;1;3;1
31.5305;882.06;-5.64527;4.91253;0.00140325;-0.0024141;0.000507064;0.00146945;-0.00248031;1.00429;-0.00402677;0.000653989;0.994413;0.0215968;0.988923;1;3;1
54.5305;882.06;-5.6131;4.85081;0.00266227;-0.00308857;-9.12034e-05;0.00266371;-0.00309002;1.00045;-0.0015873;0.004267;0.994814;0.025269;0.981016;1;3;1
77.5306;882.06;-5.52329;4.74021;0.00292474;-0.00162791;-0.000830771;0.00307161;-0.00177477;1.00573;-0.00425703;0.00607042;0.998122;0.0248275;0.987638;1;3;1
100.531;882.06;-5.47892;4.73018;0.00218013;-0.00178591;-0.000317007;0.00220531;-0.00181109;1.00219;0.00370203;0.00184385;0.996749;0.0251721;0.984339;1;3;1
123.531;882.06;-5.42321;4.64775;0.00298456;-0.00328052;-0.000102539;0.00298624;-0.0032822;0.997425;-0.00569915;0.00166206;0.996984;0.0228042;0.987689;1;3;1
146.531;882.06;-5.34204;4.59354;0.00362729;-0.00341642;-0.00059517;0.00367723;-0.00346636;1.00767;-0.00612908;0.000894023;1.0013;0.021439;0.988112;1;3;1
169.531;882.06;-5.25673;4.56497;0.00233222;-0.00169779;-0.000277824;0.00235128;-0.00171686;1.00312;0.000823264;0.00642299;1.00031;0.0209497;0.991681;1;3;1
192.531;882.06;-5.23512;4.44464;0.00182189;-0.00144738;-0.000965329;0.00208565;-0.00171113;0.992978;-0.00524906;0.000471487;1.00047;0.0264173;0.977223;1;3;1
215.531;882.06;-5.17323;4.41823;0.00442621;-0.00151994;-0.000835953;0.0045415;-0.00163523;1.0073;0.00113439;-0.00146294;0.996422;0.0243439;0.985637;1;3;1
238.531;882.06;-5.03201;4.37721;0.00521879;-0.00131173;-0.00190189;0.0057323;-0.00182524;1.00191;0.00414299;0.00669491;1.00239;0.0226162;0.987856;1;3;1
261.531;882.06;-4.93412;4.24487;0.0036357;-0.0027607;-0.000824852;0.00374036;-0.00286536;1.00069;-0.00122409;0.0052127;0.997348;0.0264158;0.980358;1;3;1
284.531;882.06;-4.86541;4.1999;0.00221702;-0.00218043;0.000528924;0.00227974;-0.00224316;1.00823;-0.00106816;0.00181074;0.99787;0.0189111;0.990247;1;3;1
307.531;882.06;-4.83234;4.15427;0.00475244;-0.00123637;-0.000510601;0.00479566;-0.00127959;1.00347;0.00685284;0.00332789;0.997013;0.0256247;0.986395;1;3;1
330.531;882.06;-4.64736;4.13502;0.00520723;-0.00307611;0.000234473;0.00521386;-0.00308275;1.00339;-0.00487404;0.0013512;0.99749;0.0216276;0.987949;1;3;1
353.531;882.06;-4.59358;4.03564;0.00262964;-0.000525737;-0.000681322;0.00277046;-0.000666566;1.01041;-0.00384495;0.000469421;0.999447;0.0208062;0.99108;1;3;1
376.531;882.06;-4.52698;3.93743;0.0037052;-0.00242438;-0.000521797;0.00374931;-0.00246849;1.00198;0.000621849;0.00519568;0.996689;0.0227314;0.985407;1;3;1
399.531;882.06;-4.42356;3.93688;0.00406895;-0.00101137;0.000449375;0.0041084;-0.00105081;1.0024;-0.00186686;-0.000684945;1.00309;0.0225082;0.985256;1;3;1
422.531;882.06;-4.34028;3.8485;0.0029112;-0.00310873;-0.000743288;0.00300162;-0.00319915;1.00432;-0.00221334;0.00146558;0.99849;0.0232357;0.981521;1;3;1
445.531;882.06;-4.28993;3.84468;0.00566943;-0.00204699;-8.50576e-05;0.00567037;-0.00204793;1.00967;-0.00202774;0.003672;0.995964;0.0203192;0.991803;1;3;1
468.531;882.06;-4.08026;3.7822;0.00476007;-0.00201664;0.000223083;0.00476741;-0.00202397;1.00525;-0.00758683;-0.00247859;0.998515;0.0223313;0.988835;1;3;1
491.531;882.06;-4.07159;3.74453;0.00303927;-0.00226033;0.000209411;0.00304753;-0.0022686;1.00034;-0.00580916;0.00626473;0.998367;0.0226059;0.984716;1;2;1
514.531;882.06;-3.94081;3.66935;0.00489582;-0.0021444;0.000297238;0.00490835;-0.00215693;1.00221;-0.00259301;-0.000831007;0.997472;0.0202168;0.986806;1;3;1
537.531;882.06;-3.84709;3.62261;0.00437556;-0.000979524;1.93098e-05;0.00437563;-0.000979594;1.00744;-0.000252147;0.00287708;1.00052;0.0184174;0.989312;1;3;1
560.531;882.06;-3.74013;3.54609;0.00490989;-0.00161473;-0.000682468;0.00498051;-0.00168535;1.00469;0.0029446;0.00239306;0.998796;0.0235461;0.98618;1;4;1
583.531;882.06;-3.62193;3.51007;0.00561379;-0.0016845;0.000523685;0.00565117;-0.00172188;1.00409;0.00152428;0.00127467;1.00337;0.0212469;0.985204;1;3;1
606.531;882.06;-3.48267;3.47987;0.00443312;-0.00162588;8.34734e-05;0.00443427;-0.00162703;1.00754;0.000744837;0.00312289;1.00299;0.0219265;0.985966;1;3;1
629.531;882.06;-3.41852;3.42923;0.00464136;7.93289e-05;-0.000925548;0.00482199;-0.000101295;1.00004;-8.71884e-05;0.000729768;1.0036;0.0188054;0.991923;1;4;1
652.531;882.06;-3.2698;3.36389;0.0056923;-0.00161746;0.000245795;0.00570055;-0.00162571;1.00458;-0.00386679;0.00498284;0.996413;0.0243095;0.985481;1;3;1
675.531;882.06;-3.15752;3.3353;0.00569981;-0.00223757;0.00159164;0.00600708;-0.00254484;1.00957;-0.00241545;-0.00360954;0.998259;0.0228591;0.985484;1;3;1
698.531;882.06;-3.00836;3.35217;0.00612948;-0.00268641;-0.000354545;0.00614371;-0.00270064;1.0049;-0.00390224;0.00545281;0.996067;0.0251174;0.978321;1;3;1
721.531;882.06;-2.87653;3.2317;0.00509434;-0.00243699;-0.000549826;0.00513427;-0.00247692;1.00409;0.00397492;-0.00316745;1.00179;0.026153;0.97587;1;4;1
744.531;882.06;-2.77477;3.22972;0.00443041;-0.00183804;0.00112753;0.00462705;-0.00203469;1.01099;-0.000150856;0.00619146;1.00413;0.0252111;0.97551;1;3;1
767.531;882.06;-2.67319;3.22066;0.00367497;-0.00301292;0.000713705;0.00375029;-0.00308824;1.00059;-0.0106704;-0.000338748;0.995696;0.0298447;0.961334;1;4;1
790.531;882.06;-2.60609;3.15561;0.00415186;0.000239728;-0.00197814;0.00497775;-0.000586156;1.00139;-0.000122724;6.85475e-05;0.997669;0.0299378;0.973516;1;3;1
813.531;882.06;-2.48279;3.08578;0.00632354;-0.000976055;-0.00078132;0.00640623;-0.00105875;1.00803;-0.00031274;0.00825745;1.00305;0.0257159;0.980278;1;4;1
836.531;882.06;-2.31642;2.98984;0.0075209;-0.00206905;0.000259073;0.0075279;-0.00207604;1.00665;-0.0019756;-0.00048434;0.995698;0.0251472;0.978207;1;3;1
859.531;882.06;-2.13824;2.98245;0.00539083;-0.000633599;0.000526178;0.00543644;-0.00067921;1.00229;-0.00393663;0.00449884;0.994217;0.0352128;0.933958;1;3;1
882.531;882.06;-2.06924;2.88073;0.00469003;0.00057907;0.000826734;0.00485006;0.00041904;1.01129;0.003108;0.00803803;1.00455;0.0280302;0.965615;1;3;1
905.531;882.06;-1.92305;2.91453;0.0063784;-0.0024292;0.00103324;0.00649799;-0.00254879;1.00288;0.00262833;-0.0063562;1.00431;0.0235104;0.97919;1;3;1
928.531;882.06;-1.77676;2.89125;0.00671013;-0.00298258;-3.04442e-05;0.00671022;-0.00298267;1.00888;0.00470275;0.00521202;1.00429;0.0304247;0.965602;1;3;1
951.531;882.06;-1.61553;2.81035;0.00452688;0.000305503;0.00156763;0.00504535;-0.000212964;1.00101;0.00150524;0.0016738;0.997518;0.025093;0.974903;1;3;1
974.531;882.06;-1.56907;2.80802;0.00637727;-0.00223366;0.00165978;0.00668611;-0.00254251;1.00932;0.000799856;0.00467935;0.994902;0.0281444;0.976123;1;3;1
997.531;882.06;-1.3232;2.71421;0.00736713;-0.00270935;0.000964349;0.00745859;-0.00280081;1.00711;-0.00376547;0.00192754;0.991584;0.024021;0.984149;1;3;1
1020.53;882.06;-1.2315;2.72285;0.00427533;-0.00180358;0.00221276;0.00499548;-0.00252372;1.00514;-0.00946778;0.000320515;0.995888;0.0269755;0.97418;1;4;1
1043.53;882.06;-1.12696;2.71727;0.00826886;-0.00114231;0.000116234;0.00827029;-0.00114375;1.00915;-0.00481009;0.0034321;0.9906;0.0233;0.979523;1;3;1
1066.53;882.06;-0.852773;2.63613;0.00800073;-2.23902e-05;-0.000652282;0.00805341;-7.5075e-05;1.00943;-0.00511221;0.00319196;1.00159;0.0214638;0.987607;1;3;1
1089.53;882.06;-0.760563;2.58867;0.00371201;-0.00176972;0.000545791;0.00376583;-0.00182354;1.00151;-0.0073607;0.0024957;0.997819;0.0232483;0.982988;1;3;1
1112.53;882.06;-0.682341;2.61334;0.00450437;-0.0011159;0.000581496;0.0045639;-0.00117544;1.00695;-0.00684148;-0.0055269;1.00048;0.0197484;0.990102;1;3;1
1135.53;882.06;-0.553834;2.5632;0.00550228;0.00068127;0.00106212;0.00572591;0.000457645;1.00596;-0.00644445;0.00270685;1.00061;0.0247157;0.98729;1;2;1
1158.53;882.06;-0.429976;2.54757;0.00654757;-0.000436318;0.00208841;0.00712443;-0.00101317;1.00614;-0.00635145;-0.00182358;1.00348;0.0193748;0.98668;1;3;1
1181.53;882.06;-0.253626;2.55391;0.00848036;0.0010652;0.000985149;0.00860901;0.000936545;1.00805;-0.00326388;0.0109179;1.00565;0.0252156;0.975549;1;4;1
1204.53;882.06;-0.0415834;2.47046;0.00917296;0.000625437;0.000937962;0.00927468;0.00052372;1.01091;-0.0055629;-0.00329509;0.995782;0.020587;0.985178;1;3;1
1227.53;882.06;0.166291;2.4479;0.00603357;-0.000707679;0.000519099;0.00607331;-0.000747417;1.00369;-0.00627691;0.000583761;1.00126;0.0240383;0.983531;1;3;1
1250.53;882.06;0.235081;2.4042;0.00583014;-0.00177525;0.00192923;0.00629152;-0.00223663;1.0041;-0.00331481;0.00391126;0.998844;0.0230792;0.981355;1;3;1
1273.53;882.06;0.433665;2.39052;0.00867151;-0.00141746;0.00251152;0.00926214;-0.0020081;1.00789;-0.00796594;0.00147568;1.00264;0.0231397;0.989331;1;3;1
31.5305;859.06;-5.76961;4.96762;0.00205564;-0.00344621;-0.000125115;0.00205848;-0.00344905;1.00919;-0.00542244;-0.00125576;0.995021;0.0256607;0.989445;1;3;1
54.5305;859.06;-5.72245;4.91037;0.00342875;-0.00277602;-0.00105095;0.00360192;-0.00294919;1.00102;-0.0031204;0.00702559;0.995665;0.0274365;0.981374;1;3;1
77.5306;859.06;-5.61248;4.79668;0.00505881;-0.0042998;-0.00139317;0.0052618;-0.0045028;1.00695;0.000467355;0.000117154;0.994674;0.0225565;0.986031;1;3;1
100.531;859.06;-5.4905;4.78655;0.00367726;-0.000816;0.000322799;0.00370033;-0.000839071;1.00062;-0.00219607;0.00257619;0.997668;0.0225229;0.98789;1;3;1
123.531;859.06;-5.44367;4.73788;0.00292289;-0.00317072;-0.0015817;0.00330898;-0.00355682;1.00079;0.00544589;0.00217708;0.994265;0.0281623;0.981007;1;3;1
146.531;859.06;-5.35644;4.65203;0.00305913;-0.00250334;-0.00115843;0.00329074;-0.00273495;1.00517;0.00209358;0.00333895;0.994573;0.0261961;0.97917;1;3;1
169.531;859.06;-5.30347;4.57114;0.00216289;-0.000319376;-0.000729634;0.00236147;-0.000517957;1.00502;0.000990413;0.00631887;1.00174;0.0229146;0.988801;1;3;1
192.531;859.06;-5.25743;4.46627;0.00295474;-0.00340232;-0.00079901;0.00305362;-0.00350121;0.995416;-0.00310217;-0.000675485;0.995732;0.0221083;0.988917;1;3;1
215.531;859.06;-5.16793;4.4404;0.00474796;-0.0014717;0.000122762;0.00475038;-0.00147412;1.00737;-0.00364955;0.00048946;0.99817;0.0207451;0.989915;1;2;1
238.531;859.06;-5.0396;4.38952;0.00375106;-0.0023109;-0.00062986;0.00381581;-0.00237566;1.00335;-0.00436028;0.00236088;0.996126;0.0223696;0.986883;1;2;1
261.531;859.06;-4.99578;4.35629;0.00218046;-0.00459027;9.98008e-05;0.00218193;-0.00459175;1.00301;0.000295794;0.00199726;0.994176;0.0204339;0.988016;1;3;1
284.531;859.06;-4.93953;4.28297;0.00458913;-0.00325867;-0.00103041;0.00472217;-0.00339171;1.00635;-0.00676871;0.00477506;0.996887;0.0210501;0.986036;1;3;1
307.531;859.06;-4.78553;4.17175;0.0040667;-0.00237412;-0.000403989;0.00409194;-0.00239936;1.00272;-0.00710357;0.00299502;1.00186;0.0240422;0.98676;1;3;1
330.531;859.06;-4.75294;4.18929;0.00188597;-0.00191919;0.000759038;0.00203179;-0.00206501;0.999014;0.00147653;0.00402837;1.00054;0.0244253;0.98783;1;3;1
353.531;859.06;-4.69904;4.04232;0.00336225;-0.00376782;-0.000917253;0.00347836;-0.00388393;1.01108;-0.00561467;0.0031123;0.993076;0.0200425;0.988181;1;3;1
376.531;859.06;-4.59893;3.99799;0.00350329;-0.00261673;0.000393155;0.00352844;-0.00264189;1.00041;-0.00204171;0.000640332;0.99273;0.0211653;0.988181;1;3;1
399.531;859.06;-4.53824;3.96356;0.00544239;-0.000442259;0.00169512;0.00589576;-0.000895626;1.00312;-0.007433;-0.00173888;0.995346;0.0259941;0.98132;1;3;1
422.531;859.06;-4.34926;3.98866;0.00556645;-0.00400012;-0.000648726;0.00561024;-0.00404391;1.00681;0.000592506;0.00513633;0.995684;0.0245542;0.986806;1;4;1
445.531;859.06;-4.28302;3.85665;0.00330771;-0.00133622;-0.00151284;0.00375706;-0.00178557;1.00635;0.00285006;0.000367782;0.999596;0.0247285;0.982732;1;3;1
468.531;859.06;-4.19764;3.82481;0.00322163;-0.00258215;0.00095107;0.00337351;-0.00273403;1.00102;-0.00771889;0.00215008;0.996927;0.0219633;0.984522;1;4;1
491.531;859.06;-4.13514;3.7718;0.00352396;-0.00193857;-0.000416869;0.00355559;-0.0019702;1.00513;-0.00135796;0.00188699;0.997823;0.0203208;0.988324;1;4;1
514.531;859.06;-4.036;3.69872;0.00487431;-0.00273323;-0.000450792;0.00490093;-0.00275985;1.00415;-5.50325e-05;0.00350237;0.999587;0.0198187;0.986712;1;3;1
537.531;859.06;-3.91162;3.6501;0.00599889;-0.00338852;6.39929e-05;0.00599932;-0.00338896;1.00754;-0.00207603;0.00312511;0.993404;0.0236843;0.977662;1;3;1
560.531;859.06;-3.76095;3.61244;0.00531627;-0.00441441;-5.15967e-05;0.00531654;-0.00441468;1.00214;0.000888759;-0.000552968;0.994216;0.0224782;0.984428;1;4;1
583.531;859.06;-3.66779;3.5723;0.00405082;-0.00285437;0.000206357;0.00405699;-0.00286053;1.00544;-0.00844906;0.00233545;0.995067;0.0258258;0.982923;1;3;1
606.531;859.06;-3.57512;3.50407;0.00626621;-0.00311501;0.000176642;0.00626954;-0.00311833;1.00603;-0.00577437;0.00211893;0.994583;0.0188539;0.988237;1;3;1
629.531;859.06;-3.38072;3.41167;0.00439139;-0.00237929;0.000956091;0.00452381;-0.00251171;1.00678;-0.0022523;0.0019255;0.993844;0.0218013;0.987683;1;4;1
652.531;859.06;-3.3736;3.44327;0.00230719;-0.00167911;0.000857949;0.002484;-0.00185592;1.00209;-8.20752e-05;0.00290368;1.00147;0.0232685;0.983262;1;3;1
675.531;859.06;-3.27471;3.4082;0.00686662;-0.00051531;0.00077904;0.00694794;-0.000596629;1.00733;-0.001868;0.00258492;0.998895;0.0225673;0.981402;1;4;1
698.531;859.06;-3.05889;3.3541;0.00643003;-0.00183566;0.00097896;0.00654439;-0.00195003;1.01195;-0.00341096;0.00228941;1.00017;0.022518;0.980064;1;4;1
721.531;859.06;-2.97993;3.33644;0.00315353;-0.00307388;0.00124058;0.00339157;-0.00331192;1.00022;-0.00588259;0.00450245;0.996394;0.022563;0.984089;1;4;1
744.531;859.06;-2.91409;3.30471;0.00400629;-0.000416256;0.00083621;0.00415911;-0.000569084;0.999719;-0.00883519;-0.00337376;0.996289;0.0302046;0.964079;1;4;1
767.531;859.06;-2.79603;3.28731;0.00789395;0.000714742;-0.00170253;0.00827724;0.000331456;1.01668;0.00577226;0.00474592;1.00172;0.0288456;0.975721;1;4;1
790.531;859.06;-2.55282;3.10404;0.00656556;-0.00140698;-0.00176183;0.00693754;-0.00177897;1.00645;-0.00507804;0.00428113;0.996549;0.0327078;0.964702;1;3;1
813.531;859.06;-2.49553;3.06613;0.00362234;-0.0014547;0.000474786;0.00366636;-0.00149872;1.00157;-0.00306286;-0.00263478;0.994959;0.0263747;0.978232;1;4;1
836.531;859.06;-2.38651;3.06723;0.00554972;-0.00285025;0.0009823;0.00566306;-0.00296359;1.00784;-0.00607097;0.00530842;0.992436;0.022836;0.985777;1;3;1
859.531;859.06;-2.24096;3.02588;0.00584048;-0.00225655;0.000380218;0.00585829;-0.00227436;1.0018;-0.0045755;0.00412258;0.991635;0.0288785;0.970135;1;3;1
882.531;859.06;-2.11895;2.89425;0.00722613;-0.00424018;0.000807046;0.00728265;-0.0042967;1.01118;-0.00920884;0.00121043;0.990549;0.024172;0.976712;1;3;1
905.531;859.06;-1.90978;2.97729;0.00775207;-0.00147554;0.000844289;0.00782868;-0.00155216;1.0045;-0.0025451;0.00227774;1.00028;0.0247154;0.975688;1;3;1
928.531;859.06;-1.76375;2.9429;0.00303761;-0.00113746;-2.53439e-05;0.00303776;-0.00113762;1.00396;-0.00144699;-0.00448117;1.0003;0.0264125;0.976688;1;3;1
951.531;859.06;-1.77038;2.8712;0.00338486;-0.00238166;0.00111505;0.00359296;-0.00258977;1.00624;-0.00220278;-0.000691986;1.00203;0.0232031;0.982058;1;3;1
974.531;859.06;-1.60837;2.86762;0.00693114;-0.000804453;1.96155e-05;0.00693119;-0.000804502;1.0064;0.000183322;0.00551777;1.00153;0.0204836;0.984862;1;3;1
997.531;859.06;-1.45272;2.78834;0.00597209;-0.00268477;0.00109257;0.00610786;-0.00282053;1.00932;-0.000601049;0.00265898;0.995398;0.0248624;0.977949;1;3;1
1020.53;859.06;-1.33457;2.77162;0.00791805;-0.00227189;0.000412972;0.00793476;-0.0022886;1.00109;-0.00355827;0.00351757;0.996629;0.0203934;0.98452;1;3;1
1043.53;859.06;-1.09001;2.69943;0.00867937;-0.00193957;-0.000672939;0.00872184;-0.00198205;1.01133;-0.000220465;0.000584165;0.997111;0.0210769;0.987539;1;4;1
1066.53;859.06;-0.93725;2.63131;0.00522374;-0.000973234;0.00146948;0.00555453;-0.00130403;1.00455;-0.00637093;0.00358103;1.00017;0.0221821;0.984518;1;4;1
1089.53;859.06;-0.850388;2.63344;0.00519283;-0.00225164;0.00231932;0.00585628;-0.00291509;1.00194;-0.00530082;-0.0034924;1.00432;0.0224308;0.985258;1;3;1
1112.53;859.06;-0.698997;2.62892;0.00394324;-0.00150171;-0.000330784;0.00396326;-0.00152173;1.00558;0.00405041;0.00444958;1.0009;0.027395;0.97289;1;3;1
1135.53;859.06;-0.669486;2.52354;0.00340769;-7.32179e-05;0.000925306;0.00363837;-0.000303898;1.00372;-0.00657389;0.00350168;0.999246;0.0292627;0.975523;1;4;1
1158.53;859.06;-0.54255;2.56822;0.00748153;-0.00120681;0.000196737;0.00748598;-0.00121126;1.00432;0.00399011;-0.00679245;0.992082;0.0294835;0.969693;1;3;1
1181.53;859.06;-0.32663;2.48414;0.00746462;0.000947169;-0.000408897;0.00749018;0.000921616;1.00674;-0.000197809;0.00527253;0.996228;0.0256195;0.980087;1;3;1
1204.53;859.06;-0.200665;2.42684;0.00890432;0.000342631;0.000886239;0.00899509;0.000251857;1.01112;0.000947598;0.00345252;1.00476;0.0275686;0.96905;1;3;1
1227.53;859.06;0.0811229;2.42478;0.00682645;-0.000276558;0.00276587;0.00777641;-0.00122652;1.00566;-0.00178572;-0.00209036;1.00074;0.0276474;0.976502;1;3;1
1250.53;859.06;0.112286;2.43832;0.00320361;-0.0019092;0.00239288;0.00414879;-0.00285438;1.00301;0.00169141;0.00364912;0.995375;0.0276783;0.97547;1;3;1
1273.53;859.06;0.228218;2.48187;0.00505503;4.79022e-05;0.00246958;0.0060681;-0.00096516;0.990665;0.00095653;-0.0194348;0.991949;0.0348014;0.977955;1;4;1
31.5305;836.06;-5.74764;5.07145;0.00266454;-0.00259727;-0.00165833;0.00314357;-0.0030763;0.98957;-0.000266769;0.00705659;0.998397;0.0248773;0.986294;1;3;1
54.5305;836.06;-5.68662;4.97874;0.00499912;-0.00156723;-0.00215507;0.00564323;-0.00221135;1.01299;0.00185144;-0.000281397;0.997954;0.0275026;0.985152;1;3;1
77.5306;836.06;-5.51844;4.93843;0.00261331;-0.00366408;-0.00270947;0.00362101;-0.00467178;1.00597;0.00581695;0.00383704;0.994905;0.024738;0.988209;1;3;1
100.531;836.06;-5.56705;4.76782;0.00232563;-0.00276959;-0.00107689;0.00254388;-0.00298785;1.0043;0.000906845;0.00408721;0.999648;0.0270721;0.980047;1;3;1
123.531;836.06;-5.41181;4.79384;0.00360402;-0.00298365;0.000459141;0.00363587;-0.0030155;1.00209;-0.00882121;0.00225754;0.99676;0.0265095;0.983842;1;3;1
146.531;836.06;-5.4016;4.70888;0.000810436;-0.0032601;-0.000239673;0.0008245;-0.00327416;1.00108;-0.00637173;0.00433274;0.995525;0.021873;0.987946;1;3;1
169.531;836.06;-5.37505;4.57982;0.00239378;-0.00318562;-0.000174626;0.00239924;-0.00319108;1.00099;-0.00704229;0.00543709;0.994238;0.0220686;0.988102;1;3;1
192.531;836.06;-5.29174;4.60145;0.0024899;-0.00272308;-0.000803398;0.00261091;-0.00284409;1.00459;-0.00182145;0.000533207;0.997384;0.0218396;0.98936;1;3;1
215.531;836.06;-5.26075;4.48606;0.00510014;-0.00311427;-0.000634721;0.00514889;-0.00316303;1.00203;-0.00515785;0.00360083;0.998944;0.0257939;0.984939;1;4;1
238.531;836.06;-5.05788;4.48364;0.00461172;-0.00353837;0.000931721;0.00471688;-0.00364353;1.00553;-0.000982811;-0.00178076;0.996031;0.0235375;0.990673;1;3;1
261.531;836.06;-5.04911;4.45666;0.00226184;-0.00246342;-0.000514283;0.00231717;-0.00251875;1.00765;-0.000498879;0.00335687;1.00228;0.0223908;0.990648;1;3;1
284.531;836.06;-4.95415;4.35013;0.00350845;-0.00279681;-0.00184692;0.00400962;-0.00329797;1.00066;0.00183758;0.00945498;0.996167;0.0224512;0.990178;1;3;1
307.531;836.06;-4.8884;4.26364;0.00235755;-0.00328582;-2.51495e-05;0.00235766;-0.00328593;1.00093;-0.00281455;-0.00146811;0.993813;0.0227031;0.9892;1;4;1
330.531;836.06;-4.846;4.22382;0.00411778;-0.00153339;-0.000363921;0.00414112;-0.00155673;1.00166;-0.00978752;0.00742216;0.996071;0.0243224;0.986401;1;3;1
353.531;836.06;-4.69941;4.20941;0.00446614;-0.00431657;-0.00124379;0.00463888;-0.00448932;1.00482;-0.000565018;-1.14115e-05;0.995388;0.0249218;0.98366;1;4;1
376.531;836.06;-4.64131;4.0581;0.002441;-0.0036892;-0.00174582;0.00290332;-0.00415153;0.999615;0.00202055;0.00819108;0.995853;0.026694;0.972304;1;3;1
399.531;836.06;-4.58794;3.95752;0.00554815;-0.00285465;0.000501923;0.00557802;-0.00288452;1.00717;0.00747062;-0.00105407;0.994919;0.022866;0.986282;1;3;1
422.531;836.06;-4.38681;4.0329;0.00596703;-0.00122825;0.000660221;0.0060271;-0.00128832;1.01141;-0.00128183;0.00334719;0.998611;0.0243765;0.983065;1;3;1
445.531;836.06;-4.3143;3.90619;0.00294237;-0.00295322;-0.000291963;0.00295679;-0.00296764;0.999966;-0.00647028;0.00500541;0.998611;0.0224796;0.988777;1;4;1
468.531;836.06;-4.25185;3.90145;0.00338801;-0.00251093;0.000241013;0.00339784;-0.00252076;1.00784;0.00262689;-0.000661698;0.996128;0.022469;0.981998;1;4;1
491.531;836.06;-4.15878;3.83387;0.00504856;-0.00166769;-0.00026646;0.00505912;-0.00167824;1.00256;-0.00127986;0.00207251;0.996379;0.0208436;0.986124;1;3;1
514.531;836.06;-4.02032;3.79532;0.00480256;-0.00395108;-0.00040018;0.00482081;-0.00396934;1.00114;-0.00119394;0.00183687;0.993444;0.0205378;0.99187;1;3;1
537.531;836.06;-3.93842;3.77883;0.00452934;-0.00216269;0.000118314;0.00453143;-0.00216478;1.00428;-0.0029138;-0.00135632;0.999218;0.0280383;0.978901;1;3;1
560.531;836.06;-3.81246;3.74966;0.0041425;-0.00213547;5.08079e-05;0.00414291;-0.00213588;1.00914;-0.0119675;0.000955938;1.00221;0.0241473;0.984594;1;4;1
583.531;836.06;-3.74846;3.64173;0.00336827;-0.0018823;-0.000181402;0.00337453;-0.00188856;0.9981;-0.0013431;0.00575742;0.997848;0.0239436;0.981908;1;3;1
606.531;836.06;-3.65795;3.62371;0.00396619;-0.00159729;-0.000202571;0.00397356;-0.00160466;1.00758;-0.00317099;0.00233448;0.997165;0.0237585;0.987075;1;3;1
629.531;836.06;-3.56649;3.53904;0.00668087;-0.00309437;-0.00061678;0.00671963;-0.00313313;1.00402;-0.00273888;0.00453751;0.999104;0.0182189;0.990075;1;3;1
652.531;836.06;-3.35201;3.44126;0.00544109;-0.000716342;-0.00143353;0.00575848;-0.00103373;1.00674;0.00191838;0.00395715;0.997035;0.0220759;0.985121;1;4;1
675.531;836.06;-3.31723;3.35929;0.00398595;-6.91267e-05;0.000993731;0.00421637;-0.000299555;1.0057;-0.00149255;0.00358437;1.00449;0.0258179;0.976237;1;4;1
698.531;836.06;-3.16902;3.43697;0.00605833;-0.000827256;0.00136033;0.00631734;-0.00108626;1.00574;-0.00156568;-0.00207146;0.996399;0.0243585;0.981551;1;4;1
721.531;836.06;-3.03938;3.37361;0.00586693;-0.000404574;-0.000894356;0.00599198;-0.000529622;1.00663;-0.00318569;0.00708125;0.998813;0.0265607;0.97953;1;4;1
744.531;836.06;-2.90031;3.24905;0.00704059;-0.000176896;-0.000634173;0.00709589;-0.000232195;1.00824;0.000241767;0.00290734;0.995294;0.0276396;0.969485;1;4;1
767.531;836.06;-2.71702;3.18782;0.00513966;0.000216953;0.000125526;0.00514286;0.000213754;1.0036;-0.00974297;-0.00127747;0.995301;0.0298511;0.969118;1;4;1
790.531;836.06;-2.6645;3.22042;0.0033555;-0.00270611;0.00130807;0.00362573;-0.00297634;1.01231;-0.00360134;-0.000998623;0.996921;0.0240574;0.97968;1;4;1
813.531;836.06;-2.56294;3.15282;0.0047591;-0.00209867;0.000251146;0.00476828;-0.00210785;0.999583;-0.00621623;0.00252871;0.999989;0.0232611;0.983357;1;4;1
836.531;836.06;-2.44621;3.12133;0.00475856;-0.0010912;0.000690772;0.00483903;-0.00117166;1.0044;0.00115773;0.00571204;1.00297;0.025703;0.982011;1;3;1
859.531;836.06;-2.34461;3.08684;0.00556394;-0.00149568;0.00189607;0.00604095;-0.00197269;1.00514;-0.00573412;-0.00781544;1.00425;0.0295032;0.963961;1;3;1
882.531;836.06;-2.19099;3.07635;0.00857591;-0.00360339;0.00132665;0.00871875;-0.00374623;1.01079;-0.00485307;0.00667332;0.994416;0.0240309;0.983605;1;3;1
905.531;836.06;-1.95191;2.98247;0.00678579;-0.000755236;0.00113908;0.00695409;-0.000923537;1.00429;-0.0122619;0.00713953;0.995094;0.0298039;0.962309;1;3;1
928.531;836.06;-1.88009;2.94372;0.00346985;-0.000903231;0.00170853;0.0040582;-0.00149158;1.00792;-0.00868182;-0.0011707;0.993192;0.0216664;0.987201;1;3;1
951.531;836.06;-1.79262;2.92038;0.00494941;-0.00202558;-0.000882694;0.00505938;-0.00213556;1.00603;-0.0025223;0.00378537;1.00322;0.0249788;0.98355;1;3;1
974.531;836.06;-1.65308;2.84512;0.0059827;-0.00121636;0.000544473;0.00602365;-0.00125731;1.0074;-0.00592587;-0.000326469;0.998529;0.0200994;0.98775;1;3;1
997.531;836.06;-1.51831;2.83829;0.00645268;-0.00137879;0.000698989;0.00651457;-0.00144069;1.00383;0.00114272;-0.00153369;1.00118;0.023667;0.980738;1;3;1
1020.53;836.06;-1.35721;2.82765;0.00684724;-0.000408167;0.000891341;0.00695514;-0.000516065;1.00651;0.00121389;0.00861796;1.0012;0.0211036;0.986085;1;3;1
1043.53;836.06;-1.20441;2.80664;0.00664357;-0.00181926;8.13615e-05;0.00664436;-0.00182004;1.00655;0.00150248;0.00304911;1.00046;0.0222263;0.982789;1;3;1
1066.53;836.06;-1.05285;2.68136;0.00499827;-0.00044207;0.00136451;0.00532132;-0.000765126;1.00819;0.00255021;0.00112257;0.997574;0.0233162;0.986589;1;3;1
1089.53;836.06;-0.975206;2.69287;0.00635753;-0.00121244;0.00211029;0.00690606;-0.00176098;1.00057;0.000882511;0.000560808;0.995782;0.0233532;0.989055;1;3;1
1112.53;836.06;-0.761327;2.68254;0.00602269;-0.000772781;0.000898611;0.00613951;-0.000889602;1.0077;-0.00912561;-0.00143969;0.995317;0.0258612;0.975949;1;3;1
1135.53;836.06;-0.699163;2.5668;0.0059828;-0.00168739;9.85495e-05;0.00598407;-0.00168866;1.00337;0.00330209;0.0037638;1.00082;0.0262628;0.982325;1;3;1
1158.53;836.06;-0.487005;2.60315;0.00747195;-0.000748872;-0.00098811;0.00758905;-0.000865971;1.01441;0.00441801;-0.00480742;1.00187;0.0277851;0.967921;1;3;1
1181.53;836.06;-0.356762;2.51048;0.00667384;-0.00155094;1.55034e-06;0.00667384;-0.00155094;1.0055;-0.00459592;0.00647259;0.998286;0.0243495;0.971576;1;3;1
1204.53;836.06;-0.181263;2.45491;0.00614368;-0.00195611;9.11984e-05;0.00614471;-0.00195714;1.00778;-0.000384623;-0.00108666;0.998261;0.0222273;0.981618;1;3;1
1227.53;836.06;-0.0750422;2.46126;0.00553082;-0.00235208;0.00352407;0.00687653;-0.00369779;1.00254;-0.00623139;-0.000782444;0.996424;0.0255582;0.982434;1;3;1
1250.53;836.06;0.0724396;2.4924;0.00806182;-0.000812653;0.000950092;0.00816239;-0.000913229;1.0042;-0.0207021;0.00112879;0.996388;0.0289104;0.972698;1;4;1
1273.53;836.06;0.294262;2.38853;0.00970114;0.00304059;-0.00217838;0.0103503;0.00239141;1.00129;-0.00545247;0.0078683;1.00859;0.0337874;0.991571;1;4;1
31.5305;813.06;-5.8019;5.08726;0.0063162;-0.00310182;-0.00120179;0.00646713;-0.00325276;1.00663;0.00387581;0.00289044;0.995421;0.0259579;0.985734;1;3;1
54.5305;813.06;-5.65732;4.98257;0.00498191;-0.00278107;-0.00016057;0.00498523;-0.00278439;1.0047;-0.0063433;0.00526882;0.998409;0.0255464;0.984066;1;3;1
77.5306;813.06;-5.57346;4.96556;0.00265254;-0.00261137;0.00176496;0.00318954;-0.00314837;1.00655;-0.00977908;-0.000276633;0.997419;0.0212953;0.994141;1;3;1
100.531;813.06;-5.53551;4.91415;0.000635743;-0.00502745;-0.000624349;0.000703759;-0.00509546;1.0012;-0.00281565;0.00430574;0.993443;0.024395;0.989113;1;3;1
123.531;813.06;-5.54431;4.87544;-0.000258946;-0.00212616;0.000468121;-0.000148159;-0.00223694;0.992635;-0.000453061;0.0024238;0.998552;0.027256;0.985851;1;3;1
146.531;813.06;-5.54756;4.80264;0.00327298;-0.00254;-0.000656276;0.00334615;-0.00261317;1.00501;-0.0028784;0.00309527;1.00083;0.0244275;0.990967;1;3;1
169.531;813.06;-5.39427;4.718;0.00591026;-0.00401617;-0.00227228;0.00640569;-0.00451159;1.01551;0.000151577;0.0101627;0.993762;0.0241876;0.98822;1;3;1
192.531;813.06;-5.27697;4.59171;0.003654;-0.00159203;-0.00101526;0.00384363;-0.00178166;1.00189;-0.00158427;0.000583206;0.998148;0.0227207;0.985142;1;3;1
215.531;813.06;-5.22668;4.58392;0.00267523;-0.00254059;-0.000360946;0.00270009;-0.00256545;1.00232;0.00464666;-0.000888732;0.996814;0.0232889;0.983676;1;3;1
238.531;813.06;-5.15409;4.55272;0.00316521;-0.0019949;0.000295238;0.00318205;-0.00201174;1.00313;-0.00409777;0.00578967;1.00045;0.0183438;0.991842;1;3;1
261.531;813.06;-5.08145;4.46983;0.00418895;-0.000558864;-0.00036559;0.00421693;-0.00058685;1.00476;-0.00559367;0.00149104;0.997278;0.0190183;0.99176;1;3;1
284.531;813.06;-4.96201;4.41181;0.00376483;-0.00271996;-0.000607413;0.00382124;-0.00277636;1.00672;-0.00640129;0.0021985;0.997186;0.0203183;0.99172;1;3;1
307.531;813.06;-4.90883;4.32331;0.0041116;-0.00302489;-0.00140161;0.00437701;-0.00329029;1.00257;0.000414539;0.00305742;0.998466;0.021311;0.98928;1;4;1
330.531;813.06;-4.77352;4.25988;0.00347362;-0.00309476;-0.00109161;0.00365029;-0.00327143;1.0015;0.00127447;0.00352406;0.9938;0.0237229;0.982868;1;3;1
353.531;813.06;-4.74939;4.24134;0.00183979;-0.00204072;1.16865e-05;0.00183982;-0.00204076;1.00172;-0.00654575;0.00341841;1.00334;0.0268653;0.988225;1;4;1
376.531;813.06;-4.68905;4.1681;0.0030584;-0.00524825;-0.000890421;0.00315278;-0.00534263;1.00675;-0.00396142;-0.00150437;0.997484;0.0235691;0.981881;1;3;1
399.531;813.06;-4.60915;4.09511;0.00498223;-0.00449906;-0.00100149;0.00508686;-0.0046037;1.00293;-0.00487171;0.00936109;0.998825;0.0224706;0.986138;1;3;1
422.531;813.06;-4.4606;4.04533;0.00484558;-0.00138849;-1.32643e-05;0.00484561;-0.00138852;1.00534;0.000184762;0.00123759;1.00169;0.0215401;0.989267;1;3;1
445.531;813.06;-4.38691;3.99282;0.00368258;-0.00302638;-9.67697e-05;0.00368398;-0.00302778;1.00737;0.00231627;0.00237134;0.995668;0.0225986;0.989442;1;4;1
468.531;813.06;-4.29163;3.94055;0.00372334;-0.00245158;-0.00100177;0.0038818;-0.00261004;1.00529;-0.00381013;0.000104165;0.999777;0.0233296;0.985757;1;4;1
491.531;813.06;-4.21617;3.84865;0.00518192;-0.00332913;-9.08671e-05;0.00518289;-0.0033301;1.00344;-0.00410562;0.00508301;1.00096;0.0244351;0.975395;1;3;1
514.531;813.06;-4.05392;3.88083;0.00541609;-0.00245004;-0.000220151;0.00542225;-0.00245619;1.00416;0.000520463;0.000159179;0.994829;0.0215732;0.987151;1;3;1
537.531;813.06;-3.96781;3.74972;0.00331798;-0.00208434;-0.000519583;0.0033675;-0.00213386;1.00767;-0.00207299;0.00415863;0.995092;0.0212347;0.989022;1;3;1
560.531;813.06;-3.90186;3.71099;0.00417083;-0.00137826;0.000111804;0.00417308;-0.00138051;1.00082;0.00125631;0.00207196;0.996974;0.0205153;0.9908;1;3;1
583.531;813.06;-3.77644;3.65909;0.00530476;-0.00147206;-0.000340127;0.00532179;-0.00148909;1.00379;-0.00373229;0.00139984;1.00182;0.0204515;0.991019;1;3;1
606.531;813.06;-3.65867;3.57768;0.00592023;-0.00178632;-0.000524244;0.00595573;-0.00182182;1.00892;0.000586006;0.0112367;0.995634;0.02559;0.983473;1;3;1
629.531;813.06;-3.50503;3.5544;0.00518082;-0.00151867;-0.000520298;0.00522098;-0.00155884;1.00218;-0.00298619;-0.00410579;0.995516;0.0254774;0.984505;1;3;1
652.531;813.06;-3.42108;3.47626;0.00294366;-0.00199149;-0.000162975;0.00294903;-0.00199686;0.998533;-0.00499036;0.00223359;1.00236;0.0230961;0.985434;1;4;1
675.531;813.06;-3.37004;3.41148;0.00549514;-0.00401974;-0.000465658;0.00551787;-0.00404248;1.00437;0.000548237;0.00402928;0.995341;0.023241;0.982998;1;4;1
698.531;813.06;-3.16907;3.3923;0.00621905;0.000194945;0.00017595;0.00622418;0.00018981;1.01488;0.00142847;0.000437479;1.00116;0.0216872;0.986108;1;4;1
721.531;813.06;-3.08488;3.35518;0.00279797;-0.00140674;0.000510988;0.00285917;-0.00146795;1.00325;-0.00392229;0.00156056;1.00191;0.024136;0.977279;1;4;1
744.531;813.06;-3.04061;3.31303;0.00542635;-0.00287251;0.0012877;0.00562157;-0.00306773;1.00307;-0.00457426;0.00103704;0.997912;0.0256799;0.980421;1;3;1
767.531;813.06;-2.83601;3.27735;0.00726837;-0.00275659;0.00105548;0.00737829;-0.00286651;1.00851;0.00146406;0.00669012;0.996765;0.0231755;0.986867;1;4;1
790.531;813.06;-2.70755;3.22896;0.00477677;-0.00187555;0.000348592;0.00479498;-0.00189377;1.00875;0.00118582;0.00196244;1.00146;0.0225347;0.98004;1;3;1
813.531;813.06;-2.61694;3.16293;0.0041898;-0.00205373;0.000338894;0.00420814;-0.00207207;0.998187;0.00375285;0.00246977;1.00114;0.0213614;0.987623;1;3;1
836.531;813.06;-2.51536;3.11764;0.00343837;0.000216999;0.000734135;0.00359778;5.75821e-05;1.00471;-0.00213056;0.00696203;1.00351;0.0290279;0.976084;1;3;1
859.531;813.06;-2.4591;3.09525;0.00375289;-0.000249867;0.000135745;0.00375749;-0.000254465;1.00694;-0.00228456;0.00356069;1.00378;0.0315482;0.963422;1;3;1
882.531;813.06;-2.34308;3.06085;0.006842;0.00174712;0.000256067;0.00685484;0.00173429;1.01102;0.0027322;0.00161522;1.00963;0.0236653;0.976998;1;3;1
905.531;813.06;-2.14551;3.01265;0.00787722;-0.00239156;0.00149968;0.00809175;-0.0026061;1.0053;0.000970131;0.000222077;0.998792;0.0230371;0.986287;1;4;1
928.531;813.06;-1.98221;2.98499;0.00781382;-0.00171981;0.00149195;0.00804184;-0.00194783;1.00836;-0.00433823;-0.000419006;0.999499;0.01934;0.984469;1;3;1
951.531;813.06;-1.78749;2.96447;0.00528721;0.000155554;0.000301771;0.0053049;0.00013787;1.00173;-0.00134052;0.000875755;0.996941;0.0212367;0.984087;1;3;1
974.531;813.06;-1.73968;2.9238;0.00552993;-0.00135738;0.000129786;0.00553238;-0.00135982;1.00896;-0.000752592;0.00318583;0.997395;0.0188428;0.989911;1;3;1
997.531;813.06;-1.53395;2.85188;0.00637726;6.10474e-05;-0.000577639;0.00642966;8.65489e-06;1.00698;-0.00468737;0.00114641;1.00303;0.0208452;0.984451;1;3;1
1020.53;813.06;-1.44744;2.79053;0.00635687;-0.000846375;0.000799736;0.00644459;-0.000934097;1.00687;-0.00440156;0.00208817;0.999433;0.0203454;0.988068;1;3;1
1043.53;813.06;-1.24251;2.78344;0.00593778;-3.44563e-05;-5.36711e-05;0.00593827;-3.49386e-05;1.00593;-0.00567737;0.00274801;0.997964;0.0203207;0.983883;1;3;1
1066.53;813.06;-1.17532;2.65226;0.00436754;-0.0020416;0.000620562;0.00442707;-0.00210113;1.00365;-0.00382686;0.00147929;0.999704;0.0201088;0.989834;1;3;1
1089.53;813.06;-1.04214;2.68964;0.00586318;-0.000598351;0.00194601;0.00640399;-0.00113916;1.00476;-0.0112861;-0.00228037;0.998431;0.0212002;0.985896;1;3;1
1112.53;813.06;-0.906399;2.66495;0.00621338;-0.00109344;0.00107399;0.00636797;-0.00124803;1.00419;-0.00365532;0.00454331;0.999415;0.0220598;0.984238;1;3;1
1135.53;813.06;-0.757287;2.60131;0.00869548;-0.0012678;-0.000576924;0.00872878;-0.0013011;1.01652;-0.0015066;0.000479794;0.998336;0.0210063;0.98709;1;4;1
1158.53;813.06;-0.508172;2.6027;0.00618216;-0.000527453;0.000767369;0.0062688;-0.000614097;1.00226;-0.00599786;0.000350988;0.996233;0.0208571;0.982679;1;4;1
1181.53;813.06;-0.473804;2.55578;0.00545868;-0.000883565;-0.000255666;0.00546897;-0.000893854;1.00826;-0.00385254;0.00444167;0.997295;0.027112;0.978323;1;3;1
1204.53;813.06;-0.257834;2.51694;0.00587997;-0.00187779;0.00200089;0.00636564;-0.00236346;1.00478;-0.00341696;-0.000833961;1.00009;0.0220714;0.988183;1;2;1
1227.53;813.06;-0.204121;2.53399;0.00460493;-0.000144713;0.000908361;0.00477273;-0.000312507;1.00946;-0.00559751;-0.00308471;0.999942;0.0282106;0.973135;1;3;1
1250.53;813.06;-0.046511;2.476;0.00927879;0.000534249;-0.000687209;0.00933247;0.000480573;1.00984;-0.000850175;0.00377194;1.00267;0.0260094;0.981849;1;3;1
1273.53;813.06;0.220345;2.34222;0.0116867;-0.00164961;-0.00100669;0.0117622;-0.00172518;0.986569;-0.0120167;0.00756881;0.993587;0.0326536;0.966424;1;4;1
31.5305;790.06;-5.84518;5.21446;0.00229615;-0.00303167;-0.00108583;0.00250894;-0.00324447;1.00414;0.000310815;0.00356335;0.996052;0.0219471;0.988766;1;3;1
54.5305;790.06;-5.79268;5.10697;0.00211069;-0.00289055;-5.38891e-05;0.00211127;-0.00289113;1.00046;-0.00310874;0.00614217;0.998249;0.0231805;0.983042;1;3;1
77.5306;790.06;-5.74845;5.05929;0.00421666;-0.00327633;0.000906951;0.00432488;-0.00338455;1.00397;-6.49947e-05;0.00258108;0.996872;0.0228247;0.989182;1;3;1
100.531;790.06;-5.59925;4.99967;0.00397669;-0.00157984;-0.000419321;0.00400815;-0.00161131;1.00638;-0.00194387;0.00469589;1.00006;0.0279733;0.983551;1;3;1
123.531;790.06;-5.56619;4.89201;0.00221176;-0.000981039;-0.000986433;0.00249194;-0.00126122;1.00227;-0.0021462;0.00715807;0.999641;0.0235018;0.989475;1;3;1
146.531;790.06;-5.49795;4.82597;0.00414539;-0.00322691;-0.00126219;0.0043555;-0.00343702;1.00298;-0.000493109;-0.00196199;0.997715;0.0240343;0.989205;1;3;1
169.531;790.06;-5.37607;4.76493;0.003618;-0.00209651;-0.000911204;0.00375977;-0.00223829;1.00673;-0.000641283;0.00659506;0.995493;0.0230808;0.987899;1;3;1
192.531;790.06;-5.33207;4.67476;0.00239283;-0.0032697;-0.000498572;0.0024364;-0.00331326;0.998803;-0.00330528;-0.000380088;1.00121;0.0219843;0.988163;1;3;1
215.531;790.06;-5.26642;4.60307;0.00291102;-0.00153869;-0.000209966;0.00292091;-0.00154858;1.00277;-0.00204809;0.00461261;0.999544;0.0230019;0.985241;1;3;1
238.531;790.06;-5.19846;4.57571;0.00240987;-0.00204321;-0.000632904;0.00249808;-0.00213142;1.00456;0.00356901;-0.000248668;1.00018;0.0216704;0.992484;1;3;1
261.531;790.06;-5.15585;4.4825;0.00336488;-0.00231974;-9.61302e-05;0.0033665;-0.00232137;1.00468;0.000999696;0.000597397;0.997381;0.0194839;0.990674;1;3;1
284.531;790.06;-5.04404;4.47551;0.00534225;-0.00192254;0.000644445;0.00539898;-0.00197926;1.00519;0.000448298;0.00203766;0.998878;0.0229032;0.988177;1;3;1
307.531;790.06;-4.91083;4.403;0.00472455;-0.00308641;-0.00022937;0.00473128;-0.00309314;1.00744;-0.000493338;0.00053941;0.994682;0.0194541;0.992008;1;3;1
330.531;790.06;-4.82735;4.3664;0.00259103;-0.0028041;4.20616e-05;0.00259136;-0.00280443;1.0002;-0.00189687;0.00420358;0.999424;0.0229111;0.989662;1;3;1
353.531;790.06;-4.79191;4.30347;0.00267184;-0.00202255;0.000237079;0.00268379;-0.0020345;1.00234;-0.000608363;0.000982503;0.997153;0.022979;0.986257;1;3;1
376.531;790.06;-4.70466;4.3002;0.00379497;-0.00195684;-0.000290667;0.00380962;-0.00197149;1.00432;-0.00477073;0.00125965;0.9964;0.0228127;0.985562;1;3;1
399.531;790.06;-4.61788;4.16496;0.00474719;-0.00155413;-0.00151462;0.00509234;-0.00189929;1.00877;-0.00213311;0.0047686;0.994313;0.0244498;0.983616;1;3;1
422.531;790.06;-4.48725;4.09692;0.0045432;-0.00117535;-0.000408456;0.00457223;-0.00120438;0.999388;-0.00614114;0.00308538;0.994452;0.0221536;0.989456;1;3;1
445.531;790.06;-4.40951;4.04571;0.00400837;-0.00163967;0.000615868;0.00407475;-0.00170605;1.011;-0.00503244;0.00297122;0.997158;0.0199319;0.990243;1;3;1
468.531;790.06;-4.30331;4.0144;0.00435468;-0.00289654;-0.000394055;0.00437603;-0.0029179;1.00014;0.000798519;-0.00433274;0.997446;0.0219765;0.988738;1;3;1
491.531;790.06;-4.20967;3.9873;0.00446881;-0.00216161;-0.000170633;0.0044732;-0.002166;1.00802;0.000250056;0.00509132;0.993507;0.0215744;0.984485;1;3;1
514.531;790.06;-4.09832;3.90822;0.00326856;-0.00198958;-9.03266e-05;0.00327011;-0.00199114;1.00147;-0.00227074;0.00253044;1.00123;0.023219;0.985079;1;3;1
537.531;790.06;-4.0597;3.87497;0.00404269;-0.00406666;0.000778319;0.00411672;-0.00414068;1.00546;-0.0057633;0.00413919;0.993119;0.0184656;0.989394;1;3;1
560.531;790.06;-3.91283;3.81321;0.00458101;-0.00172145;-0.000779128;0.0046759;-0.00181634;1.00073;-0.00170501;0.00468266;1.0006;0.0243925;0.98246;1;3;1
583.531;790.06;-3.84975;3.70961;0.00433676;-0.00299883;0.000460208;0.00436552;-0.00302759;1.0033;-0.0024361;-6.99948e-05;0.993522;0.0211296;0.984426;1;3;1
606.531;790.06;-3.7139;3.70599;0.00501782;-0.00322112;0.000860462;0.00510673;-0.00331002;1.00437;-0.00176524;0.00740034;1.00114;0.0228896;0.984061;1;3;1
629.531;790.06;-3.61961;3.60899;0.00512046;-0.00279096;-0.000370251;0.00513775;-0.00280825;1.01202;-0.00229559;-0.00138311;1.00093;0.0212073;0.989416;1;4;1
652.531;790.06;-3.47928;3.53314;0.00570902;-0.0016881;4.33363e-05;0.00570927;-0.00168836;1.00181;-0.0046496;0.000866839;0.996543;0.0215772;0.987313;1;4;1
675.531;790.06;-3.35779;3.54459;0.0051943;-0.00242357;-0.000969633;0.00531578;-0.00254505;0.999637;0.00312751;-0.000133364;0.99359;0.0255422;0.985236;1;4;1
698.531;790.06;-3.24108;3.42806;0.00419808;-0.00178922;0.000677247;0.00427373;-0.00186487;1.01565;-0.00682171;0.00581515;0.996776;0.024138;0.983029;1;4;1
721.531;790.06;-3.1652;3.43853;0.00317412;-0.00313556;0.000992912;0.00332668;-0.00328812;1.00184;-0.00112924;0.00420721;0.994575;0.0285009;0.977585;1;3;1
744.531;790.06;-3.09532;3.38179;0.00585849;-0.00224932;-0.00140437;0.00609485;-0.00248569;1.00339;-0.00297225;0.000740685;1.00015;0.0211589;0.984503;1;3;1
767.531;790.06;-2.89666;3.31515;0.00622134;-0.00148118;0.000863245;0.0063169;-0.00157674;1.00564;-0.00688927;0.00282207;1.00376;0.0223471;0.982796;1;3;1
790.531;790.06;-2.81009;3.30701;0.00418472;-0.000745832;-9.76301e-05;0.00418665;-0.000747765;1.00326;-0.00248238;-0.0014302;1.00023;0.0225696;0.979944;1;3;1
813.531;790.06;-2.70462;3.2476;0.00500215;-0.00189184;-0.00160957;0.00535943;-0.00224912;1.00719;-0.00800013;0.00740883;1.00123;0.0222546;0.983163;1;3;1
836.531;790.06;-2.58097;3.11154;0.00635139;-0.00174321;-0.000908652;0.00645214;-0.00184395;1.0057;-0.0026149;-0.000292418;0.998612;0.0211159;0.98881;1;3;1
859.531;790.06;-2.41361;3.09838;0.00620469;-0.00101866;-0.00179302;0.00662527;-0.00143924;1.01173;-0.0044801;0.0122134;0.992957;0.0242212;0.982973;1;3;1
882.531;790.06;-2.29658;2.99617;0.00544335;0.000630854;-0.000480609;0.00549088;0.000583326;1.00483;-0.00551515;-0.00599001;0.99572;0.0233173;0.974453;1;3;1
905.531;790.06;-2.1639;3.0931;0.0050688;-0.00232893;0.000425413;0.00509318;-0.00235332;1.0054;-0.000668118;0.00727503;0.992878;0.0249574;0.980219;1;3;1
928.531;790.06;-2.06401;3.02327;0.00617388;-0.000682633;1.97013e-05;0.00617394;-0.00068269;1.00757;0.000183592;0.000528868;1.00039;0.0212649;0.988707;1;3;1
951.531;790.06;-1.88112;2.91331;0.00626685;0.000134511;0.00100511;0.00642739;-2.60279e-05;1.0025;-0.00165782;0.00589312;1.00018;0.0199268;0.98819;1;4;1
974.531;790.06;-1.77678;2.90777;0.00617676;0.000858164;-7.99786e-05;0.00617796;0.000856962;1.00926;0.00159808;-0.00201597;1.00058;0.0206028;0.986884;1;3;1
997.531;790.06;-1.59793;2.83555;0.00607307;-0.000278326;0.000649621;0.00613883;-0.000344088;1.00367;-0.00274505;0.000834735;0.994788;0.0215182;0.988589;1;3;1
1020.53;790.06;-1.49828;2.86682;0.0056895;-0.0020781;0.000227645;0.00569617;-0.00208477;1.00173;0.00287929;-0.000844188;0.99631;0.0184048;0.991686;1;3;1
1043.53;790.06;-1.33696;2.80841;0.0064439;-0.000778026;0.000336794;0.00645958;-0.000793698;1.01161;-0.000170416;0.00274922;0.998359;0.0210906;0.986175;1;3;1
1066.53;790.06;-1.2029;2.77561;0.00427982;-0.00246083;-0.000316185;0.00429462;-0.00247562;0.999339;0.000838832;0.00261367;0.997553;0.0200759;0.988054;1;3;1
1089.53;790.06;-1.14059;2.7207;0.00557415;-0.00111625;0.000640775;0.00563496;-0.00117707;1.00607;0.000106077;0.00142786;1.00185;0.0232724;0.977975;1;3;1
1112.53;790.06;-0.947216;2.73324;0.00944642;-0.00206723;0.000441244;0.0094633;-0.00208411;1.00734;-0.00416169;0.000473131;0.999492;0.0234579;0.981734;1;3;1
1135.53;790.06;-0.708185;2.62515;0.00752665;-0.00145255;-0.000118049;0.0075282;-0.0014541;1.0079;-0.00110029;0.000274531;1.00177;0.0243604;0.981566;1;3;1
1158.53;790.06;-0.602404;2.62756;0.00631675;-0.00112361;0.00110437;0.00647721;-0.00128407;1.00913;-0.00186267;0.000210436;0.99852;0.0225407;0.984513;1;3;1
1181.53;790.06;-0.418586;2.55118;0.00471958;-0.00103486;-0.000200185;0.00472654;-0.00104181;1.00317;-0.00209202;0.0042462;0.996314;0.0204702;0.990904;1;3;1
1204.53;790.06;-0.385893;2.54183;0.00478703;-0.00233201;0.000896655;0.00489823;-0.00244321;1.00256;-0.00579962;0.00278782;0.991871;0.0209514;0.988248;1;3;1
1227.53;790.06;-0.198981;2.46808;0.00721974;0.000716971;-0.000951729;0.00735617;0.000580541;1.01464;0.00492656;-0.00443939;1.00071;0.0208607;0.990245;1;3;1
1250.53;790.06;-0.0550339;2.468;0.006997;-0.000751685;0.000599967;0.00704318;-0.000797864;1.00473;0.00220142;0.00717666;1.00112;0.0246516;0.989029;1;3;1
1273.53;790.06;0.121762;2.4648;0.00771634;-0.00311803;0.00180624;0.00800953;-0.00341123;1.00923;0.0022578;-0.00664937;0.99857;0.0258105;0.990693;1;3;1
31.5305;767.06;-5.91606;5.22707;0.00477518;-0.00177048;-0.00161559;0.00515222;-0.00214752;0.997614;-0.0115811;0.00541029;1.00091;0.0258681;0.981605;1;3;1
54.5305;767.06;-5.80676;5.11597;0.00333496;-0.0028414;-0.000228559;0.00334341;-0.00284985;1.0087;-0.00182233;0.00220177;0.994568;0.0240805;0.984386;1;3;1
77.5306;767.06;-5.76304;5.11691;0.00312439;-0.00347475;-0.00120735;0.00333835;-0.00368871;1.00282;-0.00321543;0.00381649;0.994665;0.0253836;0.984833;1;3;1
100.531;767.06;-5.66344;4.98705;0.00297283;-0.00108563;-0.00129148;0.00334895;-0.00146175;1.00347;0.0048802;0.00361381;0.995188;0.0231809;0.983531;1;3;1
123.531;767.06;-5.62691;4.92067;0.00229388;-0.00279674;0.000354477;0.00231844;-0.0028213;1.00222;-0.00234285;0.00266083;0.995186;0.0243729;0.978443;1;3;1
146.531;767.06;-5.55806;4.95132;0.00361409;-0.00321075;-0.000371026;0.0036342;-0.00323086;1.00314;0.001087;-0.000577771;0.992076;0.0227659;0.987971;1;3;1
169.531;767.06;-5.46108;4.81459;0.00362353;-0.00193531;-0.000793245;0.00373451;-0.00204629;1.00606;-0.00224747;0.00885175;1.00083;0.0295909;0.981549;1;4;1
192.531;767.06;-5.39215;4.74251;0.00338244;-0.00356251;-0.000426801;0.00340857;-0.00358864;1.00374;0.00192067;0.00121463;0.993123;0.0235369;0.989258;1;3;1
215.531;767.06;-5.30603;4.65482;0.00383795;-0.00309957;-0.00035031;0.0038556;-0.00311722;0.998361;-0.003094;0.00462106;0.996196;0.0225338;0.98898;1;3;1
238.531;767.06;-5.21604;4.64684;0.00291338;-0.00219828;-0.000733336;0.00301651;-0.00230141;0.999214;-0.00537655;0.00393741;0.994308;0.024649;0.989148;1;3;1
261.531;767.06;-5.17228;4.57675;0.00253288;-0.00364831;-0.000609664;0.00259244;-0.00370787;1.00224;-0.00252606;0.000496885;0.999565;0.0239126;0.987388;1;3;1
284.531;767.06;-5.09991;4.50054;0.00384046;-0.00157969;-0.000203432;0.00384808;-0.00158732;1.00303;-0.000371517;0.00105026;0.99703;0.0239602;0.984033;1;3;1
307.531;767.06;-4.99609;4.46559;0.00487434;-0.00280071;0.000328088;0.00488834;-0.00281471;1.00917;-0.00728094;0.00581455;0.997648;0.0223718;0.988232;1;3;1
330.531;767.06;-4.87637;4.38917;0.00346762;-0.00170821;3.46029e-05;0.00346785;-0.00170844;1.00612;-0.00614498;0.00259434;0.997503;0.0247819;0.98351;1;3;1
353.531;767.06;-4.83704;4.33456;0.00166252;-0.00114601;-0.000257069;0.00168586;-0.00116934;0.999601;-0.00682634;-0.00258654;0.991838;0.0195162;0.986793;1;3;1
376.531;767.06;-4.80014;4.25834;0.0035907;0.000395807;-0.00143256;0.00413897;-0.000152454;1.0006;-0.00230636;0.00436178;0.998315;0.0248113;0.978157;1;3;1
399.531;767.06;-4.67247;4.1667;0.0056387;-0.00295173;-0.000414359;0.00565864;-0.00297167;1.00397;-0.00221644;0.00487035;1.00088;0.0241869;0.983884;1;3;1
422.531;767.06;-4.54176;4.0995;0.00320436;-0.00240803;0.00028425;0.00321872;-0.00242239;1.00149;0.00303554;0.00229659;0.998325;0.0213449;0.9858;1;3;1
445.531;767.06;-4.5254;4.06852;0.00497391;-0.00269313;0.0014328;0.00523292;-0.00295214;1.01484;-0.00474173;0.00101332;0.996313;0.0205507;0.990427;1;3;1
468.531;767.06;-4.31353;4.07399;0.00478408;-0.00188194;-6.78338e-05;0.00478477;-0.00188263;0.996894;-0.00469714;0.00157244;0.997134;0.0218412;0.98753;1;3;1
491.531;767.06;-4.30602;3.94828;0.003403;-0.0016799;0.00025233;0.0034155;-0.0016924;1.00412;-0.00262694;0.00125246;1.00297;0.0245775;0.985845;1;3;1
514.531;767.06;-4.15737;3.97256;0.00376025;-0.00330027;0.00122368;0.00396631;-0.00350634;1.00498;-0.00783355;0.00317434;0.994688;0.0248304;0.988542;1;3;1
537.531;767.06;-4.13337;3.93747;0.00354748;-0.00135255;-0.00135068;0.00389513;-0.0017002;1.00748;0.00504442;0.00600983;1.00156;0.0204273;0.989044;1;4;1
560.531;767.06;-3.99484;3.79034;0.00454393;-0.00157579;-7.37777e-05;0.00454482;-0.00157668;1.0032;-0.00515145;0.00129582;0.997948;0.0208217;0.98488;1;3;1
583.531;767.06;-3.92504;3.79749;0.00343288;-0.00285815;8.88994e-05;0.00343414;-0.00285941;1.00398;-0.00100826;-0.00054509;0.999583;0.020973;0.98589;1;3;1
606.531;767.06;-3.83724;3.72644;0.00616111;-0.00197;0.000290538;0.00617148;-0.00198037;1.0045;-0.00797819;0.00227808;0.996012;0.0218864;0.982624;1;3;1
629.531;767.06;-3.64263;3.68317;0.00760667;-0.00351515;-0.000625837;0.00764177;-0.00355026;1.00393;-0.00379005;0.00251193;0.990099;0.0237475;0.980617;1;3;1
652.531;767.06;-3.48897;3.55403;0.00560986;-0.00248058;0.000228111;0.00561628;-0.00248701;1.01324;-0.00819087;0.00819428;0.996073;0.0226708;0.983831;1;4;1
675.531;767.06;-3.38558;3.5231;0.00332075;-0.00193519;0.00125902;0.00360678;-0.00222121;1.00402;-0.00775909;0.00401163;0.997394;0.026243;0.981582;1;3;1
698.531;767.06;-3.33654;3.47498;0.00356403;-0.00231005;0.00121169;0.00380416;-0.00255018;1.00353;0.00130584;-0.000479858;0.999597;0.0233951;0.988245;1;4;1
721.531;767.06;-3.22193;3.49984;0.00658717;-0.00202346;0.000189714;0.00659135;-0.00202764;1.00422;0.000758027;0.00280627;0.999505;0.029385;0.976842;1;3;1
744.531;767.06;-3.03456;3.41661;0.00507879;-0.00200715;-0.000498908;0.00511375;-0.00204211;1.00352;0.00363513;0.00821322;0.997114;0.0254076;0.977604;1;3;1
767.531;767.06;-2.98915;3.34579;0.00586476;-0.00231029;3.95761e-05;0.00586495;-0.00231049;1.00804;-0.00548298;-0.00164595;0.992465;0.026308;0.974397;1;3;1
790.531;767.06;-2.76582;3.26331;0.00710171;-0.0018493;-0.000497647;0.00712929;-0.00187689;1.0056;-0.000872774;0.00565381;0.998304;0.026016;0.980666;1;3;1
813.531;767.06;-2.66372;3.25006;0.00404194;-0.00238979;0.000251881;0.00405179;-0.00239964;1.00749;0.00379278;-0.0045898;0.99083;0.0224473;0.985726;1;4;1
836.531;767.06;-2.58031;3.19794;0.00554031;-0.00267729;-0.000367403;0.00555671;-0.00269368;0.999012;-0.00360741;0.0048161;0.992647;0.0199001;0.988878;1;3;1
859.531;767.06;-2.4097;3.14216;0.00602336;-0.00243843;-0.000283786;0.00603286;-0.00244793;1.00415;0.000890921;0.0042467;1.00184;0.0225806;0.981781;1;3;1
882.531;767.06;-2.30436;3.03186;0.00549646;-0.005214;0.00228976;0.00596545;-0.00568299;1.00954;-0.00141262;0.00262048;0.989671;0.0237243;0.973445;1;4;1
905.531;767.06;-2.15756;3.11991;0.00308717;-0.00141593;0.00124291;0.00340745;-0.00173621;0.999809;-0.0053537;0.0040013;0.997356;0.0235436;0.980181;1;3;1
928.531;767.06;-2.16257;3.01676;0.00356393;-0.00155397;-0.0006163;0.0036371;-0.00162714;1.00274;-0.00614472;0.0050658;0.996519;0.0200445;0.989219;1;3;1
951.531;767.06;-1.99419;2.95875;0.00770437;-0.00237112;0.000466165;0.00772589;-0.00239264;1.00722;-0.00747112;0.000819937;0.996635;0.0214342;0.985046;1;4;1
974.531;767.06;-1.80972;2.88439;0.00786177;-0.00157535;-0.00024459;0.00786811;-0.00158169;1.01318;-0.00783307;0.000536713;0.996585;0.0220778;0.981942;1;3;1
997.531;767.06;-1.63405;2.8648;0.00686082;-0.00183058;0.00153085;0.00712257;-0.00209233;1.00453;-0.00319632;-0.00296966;0.998537;0.0201545;0.988488;1;3;1
1020.53;767.06;-1.49519;2.88625;0.00589168;-0.000450567;0.000266115;0.00590283;-0.000461713;1.00553;-0.00184295;0.00350709;0.999932;0.0213232;0.990751;1;3;1
1043.53;767.06;-1.36385;2.81941;0.00570907;-0.00033981;-0.000536733;0.00575633;-0.000387067;1.00776;-0.00331473;0.00472224;0.997456;0.0187889;0.988824;1;3;1
1066.53;767.06;-1.23348;2.76564;0.00481737;-0.000988622;0.000421942;0.00484788;-0.00101913;0.998988;-0.00382464;0.00161216;0.996759;0.020284;0.989221;1;3;1
1089.53;767.06;-1.14285;2.74113;0.00419146;-0.00085637;0.000905122;0.00434885;-0.00101376;1.00454;-0.000362934;-0.000256956;0.996788;0.0189693;0.988475;1;3;1
1112.53;767.06;-1.04107;2.76034;0.00636047;-0.000720592;0.000342611;0.00637701;-0.00073713;1.0075;0.0016208;0.000628323;0.997426;0.0226928;0.985373;1;3;1
1135.53;767.06;-0.851249;2.66827;0.00782678;-0.00175426;0.000671802;0.00787365;-0.00180114;1.00417;-0.00503813;0.00462997;0.993351;0.0257652;0.976129;1;3;1
1158.53;767.06;-0.682561;2.65474;0.00677437;-0.000335902;0.000793809;0.00686192;-0.000423447;1.00572;-0.000907651;-0.00515261;1.00194;0.0257292;0.982102;1;3;1
1181.53;767.06;-0.540721;2.60345;0.00567077;-0.000290139;0.00176589;0.00615463;-0.000774;1.00368;-0.00402553;0.00690685;1.0016;0.0228392;0.990161;1;3;1
1204.53;767.06;-0.422451;2.62463;0.00764423;-0.00120753;-0.000775022;0.00771158;-0.00127488;1.00744;-0.000301874;0.000342976;0.998718;0.0224024;0.989785;1;3;1
1227.53;767.06;-0.190534;2.50102;0.00693722;-0.00195294;-0.000145132;0.00693958;-0.00195531;1.00852;-0.00534535;0.00116221;0.997788;0.0227537;0.993064;1;3;1
1250.53;767.06;-0.104579;2.51062;0.00522307;-0.00128072;0.001022;0.00537989;-0.00143754;1.00954;-0.00777025;0.00104002;0.99809;0.0221284;0.98791;1;3;1
1273.53;767.06;0.0491011;2.48619;0.00670462;-0.000579118;0.000291762;0.00671629;-0.000590786;1.00064;-0.00540234;-0.000649609;1.00016;0.0276409;0.988188;1;3;1
31.5305;744.06;-5.918;5.29603;0.00160424;-0.00261977;-0.000837512;0.00176423;-0.00277977;0.9949;-0.000324354;0.00675185;0.993977;0.0282147;0.982826;1;3;1
54.5305;744.06;-5.88121;5.23795;0.00331572;-0.00315596;-0.00020917;0.00332247;-0.00316271;1.00839;-0.00127131;-0.00238535;0.992731;0.0235894;0.990353;1;3;1
77.5306;744.06;-5.76579;5.21941;0.00447427;-0.00152572;-0.00164666;0.00489648;-0.00194792;1.00645;-0.00563972;0.00280172;0.994296;0.020223;0.992059;1;3;1
100.531;744.06;-5.67623;5.0497;0.00287228;-0.00314102;-0.00135096;0.00316184;-0.00343059;1.00173;-0.005879;0.00430413;0.999516;0.0239337;0.989089;1;2;1
123.531;744.06;-5.63428;5.02089;0.00232893;-0.00372369;-0.000131566;0.00233179;-0.00372654;1.00367;-0.00133242;-0.000314088;0.996881;0.0220386;0.987963;1;3;1
146.531;744.06;-5.56929;4.97396;0.00268998;-0.00066516;-0.00176912;0.00345045;-0.00142563;1.00155;-0.00366912;0.000569587;0.999615;0.0216165;0.98928;1;3;1
169.531;744.06;-5.51101;4.85424;0.00256595;-0.00290816;-0.000709563;0.00265643;-0.00299864;1.00949;-0.00510736;0.00729416;1.00039;0.0317335;0.988695;1;3;1
192.531;744.06;-5.4516;4.83908;0.00396059;-0.00345477;-0.001086;0.00411636;-0.00361054;1.00243;-0.00307802;0.00342048;0.998267;0.0235253;0.98758;1;3;1
215.531;744.06;-5.32931;4.74592;0.00529714;-0.00295092;-0.000734598;0.00536205;-0.00301584;1.00237;0.00193619;7.58981e-05;0.996372;0.0211051;0.990827;1;3;1
238.531;744.06;-5.20886;4.67695;0.00182999;-0.0018981;-0.000435609;0.00188021;-0.00194833;0.999004;0.00210161;0.00590011;0.996126;0.0240359;0.984342;1;3;1
261.531;744.06;-5.24531;4.65071;0.00158996;-0.00268556;-0.000820618;0.00174206;-0.00283766;1.00446;-0.00119704;0.00268265;0.993068;0.0203834;0.990226;1;3;1
284.531;744.06;-5.13596;4.54832;0.00422775;-0.00244814;-0.000317965;0.00424286;-0.00246325;1.00643;-0.00358509;0.00103686;0.998692;0.0210879;0.989445;1;3;1
307.531;744.06;-5.05139;4.53223;0.00381572;-0.00287512;5.15089e-05;0.00381612;-0.00287552;1.0056;0.00180239;-0.000861171;0.999956;0.0227619;0.989465;1;4;1
330.531;744.06;-4.96088;4.44524;0.00333094;-0.00279905;-0.000418404;0.00335936;-0.00282748;1.00438;-0.00114677;0.00611578;0.998773;0.0199776;0.990394;1;3;1
353.531;744.06;-4.89876;4.35635;0.00480528;-0.00233922;-0.00107173;0.00496259;-0.00249652;1.00879;0.00117611;0.00391815;1.00289;0.0241122;0.98476;1;3;1
376.531;744.06;-4.74066;4.28201;0.00351359;-0.00327733;-0.000498815;0.00355004;-0.00331377;0.997744;0.013409;-0.000143348;1.00001;0.0208113;0.981859;1;3;1
399.531;744.06;-4.73745;4.30109;0.00282486;-0.00449497;0.000180249;0.0028293;-0.00449941;1.00493;-0.000204446;0.00504462;0.993342;0.021268;0.9869;1;4;1
422.531;744.06;-4.61096;4.20799;0.00373823;-0.00426363;-2.46865e-05;0.00373831;-0.0042637;1.00166;-0.00922132;0.00247729;0.993204;0.0210604;0.986102;1;4;1
445.531;744.06;-4.566;4.17003;0.00423809;-0.0039737;-0.000347547;0.00425278;-0.00398838;1.00792;-0.00429248;-0.00195142;0.999251;0.0181681;0.991554;1;3;1
468.531;744.06;-4.41654;4.10119;0.00506484;-0.00139214;0.0012822;0.00531014;-0.00163744;1.00368;-0.00174952;0.00834544;0.99797;0.0222668;0.98987;1;3;1
491.531;744.06;-4.33372;4.06481;0.00425565;-0.00315737;0.00030348;0.00426806;-0.00316977;0.997621;0.00380226;0.00493279;0.996012;0.0205705;0.990493;1;3;1
514.531;744.06;-4.22121;4.06045;0.00472182;-0.00179391;-0.00070421;0.00479706;-0.00186915;1.00802;0.00186835;0.00497557;0.999848;0.0213973;0.990828;1;3;1
537.531;744.06;-4.1172;3.93727;0.00384076;7.3629e-05;-0.00148713;0.00435706;-0.000442674;1.00749;-0.00327441;0.00107091;1.00484;0.0195751;0.992215;1;3;1
560.531;744.06;-4.04521;3.88595;0.0042678;-0.00293645;-7.91931e-05;0.00426867;-0.00293732;0.997907;0.000631068;0.00497365;0.99641;0.0195309;0.989264;1;3;1
583.531;744.06;-3.9214;3.84132;0.00417027;-0.000977917;0.000511722;0.00422064;-0.00102829;1.00756;-0.00174305;0.00202081;0.99809;0.0242804;0.982339;1;3;1
606.531;744.06;-3.85386;3.79692;0.00410563;-0.00259849;0.000230465;0.00411355;-0.0026064;1.00516;-0.00124692;-0.00213103;0.994479;0.0191114;0.98994;1;3;1
629.531;744.06;-3.73298;3.77111;0.00425179;-0.00297795;-0.000559572;0.00429484;-0.00302101;1.00611;-0.00153563;0.00605621;1.00144;0.0249083;0.981934;1;3;1
652.531;744.06;-3.65893;3.64774;0.00394934;-0.00434815;0.000211361;0.00395472;-0.00435353;1.0012;-0.00410909;0.00161211;0.995502;0.0209943;0.985827;1;4;1
675.531;744.06;-3.55187;3.6341;0.00618833;-0.0042185;0.00060561;0.00622345;-0.00425362;1.00528;-0.00589169;0.00212695;0.996722;0.0229276;0.981472;1;3;1
698.531;744.06;-3.37528;3.53465;0.00679624;-0.00374357;-0.000717715;0.00684489;-0.00379222;1.01082;-0.00624699;0.00450694;0.992848;0.0219158;0.985723;1;3;1
721.531;744.06;-3.24041;3.53177;0.00376142;-0.00028526;4.81751e-05;0.00376199;-0.000285834;1.00057;-0.0044373;0.000137199;0.998641;0.0276335;0.982792;1;3;1
744.531;744.06;-3.20262;3.47433;0.00409986;-0.000933796;0.000451932;0.00414011;-0.00097405;1.00308;-0.00753847;0.00388816;1.00172;0.0247129;0.981387;1;3;1
767.531;744.06;-3.05234;3.42181;0.00748833;-0.00190094;1.78492e-05;0.00748837;-0.00190097;1.0055;-0.00166116;-2.77095e-05;1.0021;0.027395;0.983616;1;3;1
790.531;744.06;-2.85951;3.39218;0.00566225;-0.00400205;0.000398349;0.00567864;-0.00401844;1.00422;-0.000942009;0.00371012;0.99293;0.0223183;0.983676;1;4;1
813.531;744.06;-2.79265;3.35775;0.00447526;-0.0026922;-1.84888e-05;0.00447531;-0.00269225;1.01019;-0.00298605;0.0039031;1.00227;0.0197986;0.988247;1;4;1
836.531;744.06;-2.65437;3.23492;0.00524264;-0.00334152;0.000715106;0.0053018;-0.00340069;1.0064;0.00195441;0.0046118;0.998554;0.020935;0.985339;1;3;1
859.531;744.06;-2.55235;3.2109;0.00274866;-0.00212253;0.00214286;0.00355713;-0.002931;0.997594;-0.00216651;-0.00291856;0.995622;0.0282444;0.983979;1;4;1
882.531;744.06;-2.52811;3.23723;0.00565624;-0.00389125;0.00209767;0.00609678;-0.00433179;1.00567;-0.000437721;0.000842639;0.998801;0.0228023;0.980926;1;3;1
905.531;744.06;-2.29293;3.15846;0.00786716;-0.00038266;0.000999149;0.00798644;-0.000501943;1.00972;-0.00148447;0.00583198;1.00205;0.0177673;0.989647;1;4;1
928.531;744.06;-2.16785;3.09492;0.00519599;-0.00226513;-0.000879439;0.00529825;-0.00236739;1.00227;-0.00349991;-0.00154918;0.998583;0.0183431;0.990055;1;3;1
951.531;744.06;-2.05473;3.02284;0.00699088;-0.00280266;-0.000796514;0.00705524;-0.00286702;1.00793;-0.00154773;0.00455691;0.999598;0.0199222;0.989371;1;3;1
974.531;744.06;-1.84753;2.98035;0.00695615;-0.00274187;-0.000652124;0.00699981;-0.00278552;1.00858;0.00374323;-0.00271006;0.99899;0.0188758;0.989304;1;3;1
997.531;744.06;-1.73596;2.92004;0.00610324;-0.00189669;0.000907555;0.0062049;-0.00199836;1.00328;-0.000875795;0.00151875;1.00236;0.0213424;0.989041;1;4;1
1020.53;744.06;-1.56772;2.8876;0.00716275;-0.000723758;0.00120664;0.00734323;-0.000904243;1.01079;-0.00193592;0.00360877;0.998401;0.0199438;0.989566;1;3;1
1043.53;744.06;-1.40775;2.8241;0.00541486;-0.0016555;9.50843e-05;0.00541614;-0.00165678;1.00283;0.00370417;0.00147883;1.00459;0.0180359;0.987435;1;3;1
1066.53;744.06;-1.31936;2.82126;0.0038991;-0.0019563;0.00104701;0.00408069;-0.00213789;1.0071;-0.0039848;0.00139421;1.0027;0.0218674;0.983861;1;3;1
1089.53;744.06;-1.22878;2.76019;0.00585415;-0.00151453;0.00101312;0.00599091;-0.00165129;1.00429;-0.00732212;0.00231247;0.997281;0.0213707;0.987879;1;3;1
1112.53;744.06;-1.05088;2.76652;0.00774067;-0.000570986;0.000872065;0.00783118;-0.000661498;1.00794;-0.00478591;0.00011204;1.0002;0.0184789;0.989923;1;3;1
1135.53;744.06;-0.87411;2.70622;0.00679982;-0.00125377;-0.000177267;0.00680372;-0.00125767;1.00408;-0.00446254;0.00270297;1.00136;0.0211861;0.98737;1;3;1
1158.53;744.06;-0.73931;2.64322;0.00576128;-0.0021061;0.000100312;0.00576256;-0.00210738;1.01063;-0.00521481;0.00502363;0.993428;0.0216828;0.984451;1;3;1
1181.53;744.06;-0.610065;2.56493;0.00703912;-0.00180434;0.00086929;0.00712376;-0.00188897;1.01083;0.00213796;0.00157869;0.998074;0.0226194;0.984466;1;3;1
1204.53;744.06;-0.416665;2.59742;0.00679111;-0.000442638;0.000967613;0.00691831;-0.000569834;1.00466;0.00126682;0.000269875;1.00016;0.0191653;0.989789;1;3;1
1227.53;744.06;-0.298728;2.55811;0.00552415;-0.00121877;0.000922288;0.00564802;-0.00134265;1.00387;0.00220996;0.000732937;0.996907;0.0228617;0.985995;1;3;1
1250.53;744.06;-0.163306;2.52708;0.00753601;-0.00123882;0.000569943;0.00757287;-0.00127568;1.01082;0.00178478;-0.00110623;0.998931;0.0254289;0.989866;1;3;1
1273.53;744.06;0.0465836;2.49151;0.00916847;-0.00141266;-0.000158683;0.00917084;-0.00141504;1.00378;0.00423614;0.00505537;0.995782;0.0264724;0.985612;1;3;1
31.5305;721.06;-5.95481;5.34775;0.00397606;-0.00340916;-0.0015059;0.00427132;-0.00370442;1.00186;-0.000217757;0.0016998;1.00139;0.0216962;0.988062;1;3;1
54.5305;721.06;-5.86371;5.26141;0.00339166;-0.0028216;-0.00186934;0.00391071;-0.00334065;1.00005;0.011292;0.00371857;0.999078;0.0247768;0.986127;1;4;1
77.5306;721.06;-5.79934;5.18716;0.0027657;-0.0016961;-0.000603143;0.0028458;-0.00177619;1.00924;-7.04562e-05;0.00242556;0.993992;0.0267841;0.989698;1;3;1
100.531;721.06;-5.73684;5.13183;0.00237918;-0.00321047;0.000228998;0.00238854;-0.00321984;1.00248;-0.00201158;0.000547175;0.995661;0.0246312;0.986185;1;2;1
123.531;721.06;-5.69013;5.09232;0.00381721;-0.00197245;-0.000721076;0.00390567;-0.0020609;0.99987;-0.00437595;0.0019228;1.00041;0.0204527;0.991333;1;3;1
146.531;721.06;-5.56183;4.98192;0.00348964;-0.0020612;-0.000575657;0.00354871;-0.00212027;1.00319;0.00236986;0.00408232;1.00144;0.0290224;0.984181;1;3;1
169.531;721.06;-5.53011;4.94862;0.00352236;-0.00396801;-0.000343838;0.00353811;-0.00398376;1.00281;0.00166471;0.00124876;0.995157;0.0214561;0.990118;1;3;1
192.531;721.06;-5.40015;4.9017;0.0028467;-0.00192417;-0.00172547;0.00340534;-0.00248281;1.00635;-0.00325801;0.0030078;1.00048;0.0214948;0.991282;1;3;1
215.531;721.06;-5.39961;4.79086;0.00282065;-0.00238875;-0.000189222;0.00282751;-0.00239562;1.00312;-0.00597519;0.00470213;0.999471;0.0206441;0.99011;1;3;1
238.531;721.06;-5.27089;4.73427;0.00380569;-0.00224876;0.000484707;0.00384425;-0.00228732;1.00452;-0.00338957;0.00110969;1.00049;0.0195941;0.988314;1;3;1
261.531;721.06;-5.22497;4.70048;0.00179671;-0.00166968;-0.000855496;0.00199635;-0.00186932;0.999948;-0.0035497;0.00324684;1.00329;0.0217564;0.991946;1;3;1
284.531;721.06;-5.18847;4.61338;0.00265307;-0.00242923;0.000243767;0.00266473;-0.0024409;1.00479;-0.00161922;0.00391383;0.995343;0.0220013;0.990918;1;2;1
307.531;721.06;-5.10321;4.59816;0.00382817;-0.00190096;-0.000625999;0.00389577;-0.00196856;1.00641;0.000744715;-0.00305294;0.995765;0.0205216;0.991333;1;3;1
330.531;721.06;-5.01281;4.51831;0.0044116;-0.00166883;-0.000867222;0.00453287;-0.0017901;1.00132;0.00069674;0.00595834;0.994971;0.0214423;0.990813;1;3;1
353.531;721.06;-4.90098;4.44233;0.00443702;-0.00302289;-0.00059891;0.0044848;-0.00307066;1.00404;-0.0016827;0.00240595;0.995548;0.0228256;0.984461;1;3;1
376.531;721.06;-4.80929;4.40934;0.00301657;-0.00346267;0.00107265;0.00318953;-0.00363563;1.00383;-0.00941;0.00095677;0.993061;0.0207291;0.989737;1;3;1
399.531;721.06;-4.76248;4.37403;0.00304625;-0.00195779;-9.35218e-05;0.003048;-0.00195954;1.00504;-0.00178632;0.00275895;0.998345;0.0214646;0.986132;1;3;1
422.531;721.06;-4.66951;4.29623;0.00355278;-0.00376521;2.79079e-05;0.00355289;-0.00376532;1.00222;0.000622207;0.00331554;0.997359;0.0204103;0.990139;1;3;1
445.531;721.06;-4.5995;4.25173;0.00292443;-0.00291893;-0.000751276;0.00301948;-0.00301398;1.00271;-0.000617466;0.00157315;0.993164;0.0203823;0.990568;1;3;1
468.531;721.06;-4.53545;4.13861;0.00491458;-0.00308858;-0.000915006;0.00501786;-0.00319186;1.00597;-0.003555;0.00360576;0.995728;0.0233648;0.986849;1;3;1
491.531;721.06;-4.37425;4.0938;0.00689163;-0.00181749;0.000657073;0.00694093;-0.00186678;1.00721;-0.00299231;0.00189943;0.992424;0.0215993;0.987689;1;3;1
514.531;721.06;-4.2196;4.0552;0.00443587;-0.00134879;-0.000231558;0.00444512;-0.00135804;1.00395;-0.00442428;0.00588369;0.993035;0.0235745;0.988354;1;3;1
537.531;721.06;-4.17093;3.9341;0.00298146;-0.00287619;0.000848747;0.00310196;-0.0029967;1.00489;-0.00372694;0.000784435;0.988472;0.0215389;0.985896;1;3;1
560.531;721.06;-4.08284;3.9257;0.00240559;-0.00164546;0.000514238;0.00246984;-0.00170971;1.00098;-0.00325459;0.00343245;0.999711;0.0206806;0.989206;1;3;1
583.531;721.06;-4.0605;3.84269;0.00337096;-0.00137802;0.00010718;0.00337338;-0.00138043;0.999141;-0.00742788;0.00264;0.99858;0.0222203;0.984576;1;4;1
606.531;721.06;-3.9281;3.84622;0.00700323;-0.00119516;0.000788426;0.00707837;-0.00127029;1.01015;-0.00379081;-0.00689817;1.0014;0.0218679;0.987995;1;3;1
629.531;721.06;-3.73947;3.82046;0.00619248;-0.000700148;0.000301387;0.00620563;-0.000713301;1.0063;-0.00312244;0.00801396;1.00148;0.022747;0.979517;1;3;1
652.531;721.06;-3.64421;3.75475;0.00406712;-0.00284866;0.00013355;0.0040697;-0.00285124;1.00149;-0.000364944;0.00405774;1.00025;0.0191688;0.988285;1;3;1
675.531;721.06;-3.55288;3.71787;0.00593326;-0.00188218;0.000187683;0.00593776;-0.00188668;1.00684;-0.00218321;0.00487992;0.998896;0.0214604;0.988133;1;3;1
698.531;721.06;-3.37221;3.64752;0.00581942;-0.00372155;-0.00187102;0.00617321;-0.00407534;1.00696;0.000574011;-0.00191301;0.996412;0.0222721;0.981474;1;3;1
721.531;721.06;-3.28641;3.51301;0.00407826;-0.00196695;-0.000379063;0.00410193;-0.00199062;1.00412;-0.00341365;0.0105531;0.997462;0.0206087;0.984312;1;4;1
744.531;721.06;-3.18538;3.45983;0.00466971;-0.00218639;5.94583e-05;0.00467022;-0.00218691;0.999837;-0.00091606;0.000507074;0.994843;0.0235913;0.984051;1;3;1
767.531;721.06;-3.07217;3.43339;0.00697363;-0.00213004;0.00155637;0.00723236;-0.00238877;1.00983;-0.00286128;-0.000760144;0.998289;0.0255435;0.987303;1;3;1
790.531;721.06;-2.8657;3.44789;0.00553796;-0.00146237;0.000755478;0.00561857;-0.00154297;1.00379;-0.00773807;0.00181238;0.999926;0.0227101;0.984079;1;3;1
813.531;721.06;-2.81817;3.37433;0.00161968;-0.00115051;-0.000346751;0.00166243;-0.00119326;1.0005;-0.00155268;0.00324295;0.997882;0.0238346;0.982409;1;3;1
836.531;721.06;-2.79136;3.35239;0.00467089;-0.00229964;-0.000307681;0.00468444;-0.0023132;1.00716;-0.000664416;0.00500707;1.00283;0.0258532;0.974003;1;4;1
859.531;721.06;-2.604;3.24031;0.00530451;-0.00228534;-0.000564313;0.00534624;-0.00232707;1.00715;0.00375552;0.00400682;0.996436;0.0243713;0.97649;1;4;1
882.531;721.06;-2.54821;3.21185;0.00466742;-0.000457396;-0.00139858;0.00502425;-0.00081423;1.0044;-0.00138869;-0.000133067;1.00318;0.0226071;0.978519;1;3;1
905.531;721.06;-2.38991;3.1381;0.00723468;-0.000881942;-4.51077e-05;0.00723493;-0.000882193;1.0105;-0.00389631;0.000607982;0.995958;0.0209568;0.986105;1;3;1
928.531;721.06;-2.21669;3.1211;0.00774839;-0.00124933;0.000726768;0.00780671;-0.00130766;1.00071;0.00592653;0.000149178;0.996776;0.0176231;0.988919;1;3;1
951.531;721.06;-2.03488;3.08787;0.00796359;-0.00178428;-0.000432197;0.00798272;-0.00180341;1.01336;0.00390507;0.00391278;0.996604;0.0203128;0.987529;1;3;1
974.531;721.06;-1.85195;3.01071;0.00492573;-0.00169665;-0.000124844;0.00492809;-0.00169901;1.00139;-0.00912133;-0.00131609;0.999249;0.0196197;0.983284;1;4;1
997.531;721.06;-1.80905;2.95246;0.00329737;-0.00250659;0.000287343;0.00331157;-0.00252078;0.998915;-0.00769223;0.00325111;0.991592;0.0237125;0.982051;1;3;1
1020.53;721.06;-1.70061;2.92001;0.00809028;-0.00242626;0.00131373;0.00825191;-0.00258788;1.01562;-0.0068822;0.00078485;0.995998;0.0213162;0.97826;1;3;1
1043.53;721.06;-1.43843;2.89568;0.00671115;-0.00355867;0.000983118;0.00680441;-0.00365194;1.00508;-0.00995517;0.00245102;0.989979;0.0193757;0.98578;1;3;1
1066.53;721.06;-1.39297;2.85599;0.00323676;-0.00200123;0.000534672;0.00329078;-0.00205525;1.00652;-0.00293211;0.00178889;0.9979;0.0186581;0.98738;1;3;1
1089.53;721.06;-1.28985;2.81109;0.00476781;-0.00200359;0.000595037;0.0048197;-0.00205548;1.00048;0.00494429;-0.00169147;0.99644;0.0233852;0.98505;1;3;1
1112.53;721.06;-1.17422;2.78681;0.00725583;-0.00123501;0.000235654;0.00726237;-0.00124155;1.00741;-0.000982986;0.00171348;0.999768;0.0217007;0.989312;1;3;1
1135.53;721.06;-0.957365;2.72611;0.00746924;-0.00126145;0.000578017;0.00750735;-0.00129955;1.00777;-0.000350523;0.00265175;0.997742;0.0175239;0.992099;1;3;1
1158.53;721.06;-0.831922;2.75197;0.00636443;-0.00156115;0.00125706;0.00655903;-0.00175575;1.00317;-0.000246329;-0.00157033;1.00222;0.0223913;0.983362;1;3;1
1181.53;721.06;-0.665544;2.6867;0.00685815;-0.00284617;0.000634702;0.00689948;-0.0028875;1.00986;-0.00365013;0.00187416;0.995183;0.020788;0.988327;1;3;1
1204.53;721.06;-0.517645;2.6451;0.00700136;-0.00197422;0.000642129;0.00704706;-0.00201993;1.00451;-0.00501805;0.000831743;0.996635;0.0215185;0.982292;1;3;1
1227.53;721.06;-0.344781;2.55738;0.00643501;-0.0013929;0.00163866;0.00676419;-0.00172208;1.01009;-0.00778122;0.00630888;0.998432;0.0240168;0.980241;1;3;1
1250.53;721.06;-0.222645;2.5678;0.00737365;-0.000707506;0.00120974;0.00755086;-0.000884717;1.00239;-0.00690992;-0.00049369;0.999795;0.0258602;0.9818;1;3;1
1273.53;721.06;-0.00683548;2.55125;0.00942732;-0.00140024;0.00233005;0.00990745;-0.00188036;1.0116;-0.00751735;0.000180529;1.00001;0.0295347;0.987689;1;3;1
31.5305;698.06;-5.95142;5.45313;0.00357899;-0.00315084;-0.00133664;0.00383474;-0.0034066;1.0028;0.000653264;0.00214106;0.994136;0.0191238;0.992215;1;3;1
54.5305;698.06;-5.86941;5.36792;0.00244246;-0.00377676;-0.000635475;0.00250673;-0.00384103;0.99649;-0.00578702;0.00133549;0.998138;0.0232006;0.985449;1;3;1
77.5306;698.06;-5.83946;5.29756;0.0017006;-0.00374172;-0.00143439;0.00205551;-0.00409663;1.00771;-0.00246036;0.00416107;0.997233;0.0208117;0.99086;1;3;1
100.531;698.06;-5.79156;5.19777;0.0026688;-0.00389227;-0.00152134;0.00300439;-0.00422786;0.998703;0.00281321;0.00770876;0.994345;0.0241034;0.98444;1;3;1
123.531;698.06;-5.71724;5.11179;0.00288059;-0.00160469;-0.000718747;0.00299295;-0.00171705;0.999041;0.00161925;0.00131388;0.99843;0.0221051;0.988903;1;3;1
146.531;698.06;-5.65942;5.06896;0.00344465;-0.00384392;0.000579884;0.0034905;-0.00388977;1.00513;-0.00938539;4.90175e-05;0.994344;0.0247375;0.986724;1;3;1
169.531;698.06;-5.55912;5.03716;0.0045608;-0.00343146;-0.000596304;0.00460504;-0.00347571;1.00655;-0.00672857;0.000926814;0.996604;0.0214046;0.991336;1;3;1
192.531;698.06;-5.45032;4.92768;0.00176154;-0.0013847;-0.00023408;0.00177886;-0.00140202;0.997601;-9.6597e-05;0.00585189;0.995798;0.0208874;0.990527;1;3;1
215.531;698.06;-5.47851;4.85618;0.0023383;-0.00270438;-0.00112238;0.00257683;-0.00294291;1.00508;-0.00184404;0.00121736;0.995859;0.0225011;0.990474;1;3;1
238.531;698.06;-5.34311;4.7807;0.00417108;-0.00372379;0.000657273;0.00422543;-0.00377813;1.00346;-0.0088922;0.00466236;0.993331;0.0232029;0.986852;1;3;1
261.531;698.06;-5.28722;4.7276;0.0018091;-0.00221605;-7.69454e-06;0.00180911;-0.00221607;0.996778;-0.001735;-0.000820417;0.997027;0.0197683;0.992142;1;2;1
284.531;698.06;-5.26013;4.66037;0.004331;-0.00322507;-0.000706758;0.00439653;-0.0032906;1.0085;-0.00175454;0.00426125;0.997389;0.0195836;0.992023;1;3;1
307.531;698.06;-5.08855;4.61977;0.00488136;-0.00177908;0.000306083;0.0048954;-0.00179311;0.999662;-0.00729816;0.00197974;0.999031;0.0190185;0.992594;1;3;1
330.531;698.06;-5.03634;4.52213;0.00297522;-0.003484;-0.000335803;0.00299264;-0.00350141;1.00228;-0.00362484;0.00253926;0.998141;0.0217567;0.989259;1;3;1
353.531;698.06;-4.95206;4.49564;0.00281911;-0.00215971;0.000859049;0.00296316;-0.00230377;1.00233;-0.00480096;0.000371688;0.999772;0.0186215;0.992553;1;3;1
376.531;698.06;-4.90691;4.44187;0.00241051;-0.00172721;0.000528843;0.00247704;-0.00179374;1.00726;-0.00502233;0.00247513;1.00064;0.0226207;0.987385;1;3;1
399.531;698.06;-4.84143;4.39136;0.0037468;-0.00160241;0.000486643;0.00379071;-0.00164632;0.999967;-0.00306;0.00172669;1.00051;0.019099;0.990404;1;3;1
422.531;698.06;-4.73492;4.38169;0.00408937;-0.0016879;0.00010401;0.00409124;-0.00168977;1.00147;0.000738449;0.00127543;0.998223;0.0189666;0.99225;1;3;1
445.531;698.06;-4.65378;4.30458;0.00535512;-0.00147559;-0.000455777;0.00538539;-0.00150587;1.00771;-0.00655338;0.00491179;0.998002;0.0230869;0.989309;1;3;1
468.531;698.06;-4.48945;4.24354;0.00386814;-0.00294832;-0.0011155;0.00404605;-0.00312622;1.00379;-0.0041142;0.0026964;0.994952;0.0216633;0.989784;1;3;1
491.531;698.06;-4.47645;4.14871;0.00284798;-0.0036742;0.00018276;0.0028531;-0.00367932;1.00151;-0.00352467;-0.000696533;1.00202;0.0209668;0.98836;1;3;1
514.531;698.06;-4.35878;4.12274;0.0033256;-0.00296864;0.00135786;0.00360604;-0.00324908;0.999211;-0.00443578;0.00675521;1.0038;0.0212574;0.98654;1;3;1
537.531;698.06;-4.32379;4.07023;0.00382526;-0.00421397;0.000111176;0.00382679;-0.00421551;1.00639;-0.00650186;0.0051677;1.00011;0.0212531;0.989038;1;3;1
560.531;698.06;-4.18344;3.96191;0.00684389;-0.0023953;-0.000586989;0.00688103;-0.00243245;1.00859;-0.00536703;0.000681538;0.996204;0.0212004;0.990719;1;3;1
583.531;698.06;-4.01034;3.90484;0.00513547;-0.0031397;-0.00100581;0.00525597;-0.00326019;1.00023;0.00329177;0.00416065;0.995962;0.0191734;0.986309;1;3;1
606.531;698.06;-3.94794;3.85202;0.00346391;-0.00201613;-0.000666986;0.00354392;-0.00209614;1.00698;0.00168384;0.000995442;0.997353;0.0208886;0.987987;1;3;1
629.531;698.06;-3.85139;3.80348;0.00381034;-0.0018227;0.00127568;0.00408577;-0.00209813;1.00341;-0.00461571;0.000301;1.00168;0.0239402;0.985583;1;4;1
652.531;698.06;-3.77305;3.77911;0.00383406;-0.00213421;0.00129693;0.0041037;-0.00240385;1.00055;-0.00642666;0.0016614;0.996197;0.0206382;0.988433;1;3;1
675.531;698.06;-3.67543;3.72093;0.00798937;-0.000583;0.000966217;0.00809692;-0.000690556;1.00972;-0.00726665;0.00610858;1.00033;0.019952;0.987422;1;3;1
698.531;698.06;-3.40706;3.70617;0.00617751;-0.000753785;0.000311858;0.00619152;-0.000767788;1.00326;-0.00596614;-0.00103176;0.999029;0.0252485;0.977938;1;3;1
721.531;698.06;-3.39224;3.62259;0.00261439;-0.00293192;0.00032796;0.00263371;-0.00295125;1.00495;-0.00197646;0.00555696;0.999526;0.0238482;0.986252;1;3;1
744.531;698.06;-3.28714;3.5751;0.00405125;-0.00300279;-1.8677e-05;0.0040513;-0.00300284;1.00158;0.00445022;-0.00163234;0.998539;0.0252397;0.974334;1;3;1
767.531;698.06;-3.20637;3.52015;0.0065429;-0.00200413;-0.000316467;0.0065546;-0.00201584;1.00922;0.00379395;0.00211661;0.994731;0.0230786;0.985422;1;4;1
790.531;698.06;-2.98729;3.45967;0.007648;-0.000256673;0.000916819;0.00775294;-0.000361617;1.0064;-0.00108621;0.00172734;0.998296;0.0234722;0.985215;1;3;1
813.531;698.06;-2.85603;3.41075;0.00497224;-0.00143872;0.000429883;0.00500094;-0.00146742;1.00374;0.000445547;0.00521683;1.00288;0.0212871;0.984489;1;3;1
836.531;698.06;-2.75928;3.34095;0.00470529;-0.000965679;-0.000914385;0.00484907;-0.00110947;1.00877;0.00167634;0.000773772;0.999461;0.0219737;0.984385;1;3;1
859.531;698.06;-2.64019;3.31623;0.0056163;-0.00352996;-0.000869332;0.00569819;-0.00361185;1.00648;-0.00509591;0.00142476;0.999068;0.0269976;0.979398;1;3;1
882.531;698.06;-2.50173;3.25829;0.00570123;-0.00110613;-0.000578268;0.00575;-0.0011549;1.00084;0.00112945;0.00194718;0.992147;0.0217654;0.982603;1;3;1
905.531;698.06;-2.37883;3.19913;0.00474746;-0.00148092;-0.000411921;0.00477459;-0.00150804;1.00466;-0.00368893;-0.000208445;0.997734;0.0225281;0.990475;1;4;1
928.531;698.06;-2.28398;3.15258;0.00554383;-0.000857742;-0.000115091;0.0055459;-0.00085981;1.00579;-0.00874376;0.00411938;1.00102;0.0199384;0.991185;1;3;1
951.531;698.06;-2.12461;3.10505;0.00683755;-0.00126044;0.00092532;0.00694194;-0.00136482;1.00721;-0.00914658;0.00417481;0.998689;0.0185405;0.989889;1;3;1
974.531;698.06;-1.97062;3.05862;0.00593442;-0.0036978;0.00202035;0.00634103;-0.0041044;1.00864;-0.000726032;-0.00218494;0.996431;0.0189853;0.989012;1;4;1
997.531;698.06;-1.85248;3.03564;0.00494366;-0.00221837;0.000369868;0.00496271;-0.00223742;1.0034;0.00814317;0.00356802;1.00067;0.0238129;0.972118;1;3;1
1020.53;698.06;-1.74381;2.99968;0.00635796;-0.00145828;0.000319008;0.00637096;-0.00147128;1.00962;0.00332627;0.0031984;1.0011;0.0196373;0.986548;1;3;1
1043.53;698.06;-1.56096;2.98835;0.00635355;-0.00219335;0.00180525;0.0067192;-0.00255901;1.00662;-0.00191773;-0.00221971;0.998551;0.025902;0.96312;1;3;1
1066.53;698.06;-1.45255;2.9136;0.00455768;-0.00167344;-1.6562e-06;0.00455768;-0.00167344;1.0001;-0.00234139;0.0067782;0.998139;0.0213108;0.98854;1;3;1
1089.53;698.06;-1.35198;2.85262;0.00645465;-0.00161589;0.000151012;0.00645747;-0.00161872;1.00428;-0.00573929;-0.00136554;1.00068;0.0259765;0.981512;1;3;1
1112.53;698.06;-1.15667;2.82349;0.00852817;-0.0020428;-0.000403116;0.00854352;-0.00205815;1.01126;-0.00146343;0.0048543;0.995322;0.0220891;0.988613;1;3;1
1135.53;698.06;-0.961432;2.76437;0.00574395;-0.0023952;0.000528367;0.0057781;-0.00242936;1.00681;-0.00283688;0.00213142;1.00211;0.0238993;0.983671;1;3;1
1158.53;698.06;-0.893331;2.71535;0.00408609;0.000288084;0.0004886;0.00414794;0.000226234;0.99952;-0.00517437;0.00566675;1.00129;0.0204085;0.985403;1;3;1
1181.53;698.06;-0.773904;2.69633;0.00632065;0.000335187;0.00135579;0.00661343;4.24034e-05;1.00934;-0.00522133;-0.00118705;1.00388;0.0196898;0.989469;1;3;1
1204.53;698.06;-0.603501;2.6887;0.00542191;6.43972e-05;0.00111103;0.00564317;-0.000156867;1.00023;-0.00399942;0.000551118;0.998812;0.0198298;0.985781;1;3;1
1227.53;698.06;-0.525227;2.62279;0.00706422;-0.00161682;0.000578949;0.00710266;-0.00165526;1.00722;-0.00353964;0.00458553;0.995445;0.0254459;0.983524;1;3;1
1250.53;698.06;-0.279866;2.55979;0.00712856;-0.000115389;0.00150178;0.00742756;-0.00041439;1.00927;-0.00212232;-0.00123327;0.996517;0.0220683;0.989668;1;3;1
1273.53;698.06;-0.198521;2.55662;0.003543;-0.00132459;0.00313914;0.0050813;-0.00286289;1.00581;-0.00281329;0.00206744;0.997648;0.0286196;0.984798;1;3;1
31.5305;675.06;-6.00155;5.49294;0.00181162;-0.00354831;0.000218365;0.00182051;-0.00355719;1.00444;-0.00349866;0.00503436;0.994542;0.0215958;0.99011;1;3;1
54.5305;675.06;-5.96;5.43557;0.00359153;-0.00285259;1.80273e-05;0.00359158;-0.00285264;1.00091;-0.00612896;0.00354401;0.99566;0.020052;0.991322;1;3;1
77.5306;675.06;-5.83683;5.35962;0.00388485;-0.00232037;6.25022e-05;0.00388547;-0.002321;1.01213;4.80989e-05;0.00338558;0.997835;0.0217578;0.990696;1;3;1
100.531;675.06;-5.78181;5.31124;0.00184539;-0.00399548;-0.00143774;0.00218011;-0.0043302;0.999454;-0.0018884;-0.000700503;0.997343;0.0252132;0.985738;1;4;1
123.531;675.06;-5.75243;5.16624;0.00202326;-0.00451208;-0.000777175;0.00211441;-0.00460322;1.00078;-0.00573678;-5.92514e-05;0.998295;0.0221736;0.986006;1;3;1
146.531;675.06;-5.68908;5.15926;0.00297877;-0.00394205;0.000402163;0.00300206;-0.00396535;1.00244;-0.00276303;-0.000202317;0.997829;0.0215132;0.992941;1;3;1
169.531;675.06;-5.61565;5.10682;0.00283917;-0.00291388;-0.00204502;0.00349203;-0.00356673;1.00423;0.0054801;0.00747481;0.995933;0.0258512;0.98679;1;3;1
192.531;675.06;-5.55907;4.96572;0.00377247;-0.00314145;-0.000593245;0.00382301;-0.00319198;1.00595;-0.0011122;-0.00101792;0.997641;0.022719;0.989265;1;3;1
215.531;675.06;-5.44283;4.91545;0.00218578;-0.00310351;0.000393114;0.00221484;-0.00313257;0.997683;0.0012116;0.00331853;0.997979;0.023595;0.985861;1;3;1
238.531;675.06;-5.45867;4.90627;0.0021515;-0.00350771;-0.000657761;0.00222694;-0.00358315;1.00701;0.00509423;0.00187575;0.995766;0.0232516;0.985015;1;3;1
261.531;675.06;-5.34411;4.80269;0.00497201;-0.00309171;-0.000397731;0.00499158;-0.00311128;1.00361;0.00100082;0.00593001;0.992402;0.0208873;0.991864;1;3;1
284.531;675.06;-5.23075;4.76199;0.0016474;-0.00399801;-0.000978459;0.00181218;-0.00416278;0.996468;0.00225731;0.00578289;0.994231;0.0201252;0.99227;1;3;1
307.531;675.06;-5.26855;4.68037;0.00273158;-0.00275087;0.00109665;0.0029428;-0.00296209;1.00397;-0.00338664;-0.00184929;0.991873;0.0199495;0.986302;1;3;1
330.531;675.06;-5.10534;4.67895;0.00455615;-0.00357015;1.38406e-05;0.00455617;-0.00357017;1.00296;-0.00144312;0.00275142;0.99299;0.0203255;0.990369;1;3;1
353.531;675.06;-5.05965;4.54206;0.00313655;-0.00195584;-0.000390649;0.00316634;-0.00198564;1.00238;0.00297043;0.00625821;0.999761;0.0204208;0.991003;1;3;1
376.531;675.06;-4.96168;4.48912;0.00420024;-0.00270577;-0.000339819;0.00421692;-0.00272245;1.00665;0.000795318;-0.000157088;0.998068;0.0189858;0.990448;1;3;1
399.531;675.06;-4.86694;4.44791;0.00428096;-0.00296666;-0.000631732;0.00433561;-0.00302131;1.00324;-0.00214503;0.00429676;0.997218;0.0210624;0.986669;1;3;1
422.531;675.06;-4.76532;4.37403;0.00374865;-0.0014611;-0.000559528;0.00380806;-0.00152052;1.00981;-0.0056335;0.0037167;0.999664;0.0195587;0.992282;1;3;1
445.531;675.06;-4.695;4.31976;0.00386361;-0.00151381;0.000349368;0.00388621;-0.00153642;1.00334;-0.000285488;0.000794553;0.999298;0.0221874;0.988959;1;3;1
468.531;675.06;-4.58804;4.27446;0.00400828;-0.0019552;0.000990718;0.00416857;-0.00211548;1.0016;-0.00476689;0.00259216;1.00379;0.0218113;0.988598;1;3;1
491.531;675.06;-4.51103;4.26333;0.00361563;-0.00243181;0.000155492;0.00361963;-0.00243581;1.0003;-0.00494037;0.000345148;0.997876;0.0209772;0.98763;1;4;1
514.531;675.06;-4.42209;4.19241;0.00371465;-0.0018452;-0.000449157;0.00375071;-0.00188126;1.00907;-0.00140151;0.00286365;0.996806;0.0185359;0.99226;1;4;1
537.531;675.06;-4.34066;4.12867;0.00499688;-0.00143814;-0.0016705;0.00540469;-0.00184595;1.00568;0.00234065;0.00306449;1.00018;0.0196534;0.991863;1;3;1
560.531;675.06;-4.19307;4.03615;0.00574389;-0.00244527;-0.000866708;0.00583461;-0.00253599;1.00594;0.00477173;0.00372787;0.997976;0.0218336;0.987797;1;3;1
583.531;675.06;-4.07742;3.98735;0.00491228;-0.00277238;0.000523633;0.00494779;-0.0028079;1.00148;-0.0062227;0.00440952;0.996149;0.0202149;0.988905;1;3;1
606.531;675.06;-3.96776;3.93907;0.00323555;-0.00323688;0.000560074;0.00328365;-0.00328499;1.005;-0.00582156;-8.44697e-05;0.994359;0.0204658;0.989797;1;2;1
629.531;675.06;-3.9289;3.90478;0.00267109;-0.00390757;0.000288759;0.00268374;-0.00392022;1.00197;0.000867794;0.00240303;0.989772;0.0200961;0.986432;1;3;1
652.531;675.06;-3.84514;3.85346;0.00470191;-0.00257689;-0.00102855;0.00484446;-0.00271945;1.00093;-0.00180762;0.000631601;0.998399;0.0185892;0.993436;1;3;1
675.531;675.06;-3.71339;3.74498;0.0075732;-0.00231833;-0.00118032;0.0077121;-0.00245723;1.01049;0.000653315;0.0046668;0.995473;0.0203234;0.986362;1;3;1
698.531;675.06;-3.49839;3.68238;0.00581332;-0.00119763;0.00076551;0.00589593;-0.00128025;1.00465;-0.00394191;0.00576215;0.999032;0.0205155;0.990344;1;3;1
721.531;675.06;-3.44685;3.64836;0.00464304;-0.00201261;0.00018412;0.00464813;-0.0020177;1.00229;-0.00277599;-0.00225091;0.996934;0.0207389;0.984403;1;3;1
744.531;675.06;-3.28538;3.59828;0.00630938;-0.0022285;1.81978e-05;0.00630942;-0.00222854;1.0072;-0.00535718;0.00530339;0.996556;0.021419;0.98848;1;3;1
767.531;675.06;-3.15769;3.52576;0.00496072;-0.00180885;-0.00125329;0.0051853;-0.00203343;1.00111;-0.000155365;0.00055024;0.997462;0.0236208;0.982859;1;3;1
790.531;675.06;-3.05796;3.4601;0.00397041;-0.00159062;0.000378725;0.00399608;-0.00161629;1.00451;-0.00427413;0.000735117;0.996435;0.0215653;0.98727;1;3;1
813.531;675.06;-2.97549;3.44083;0.00558924;-0.00184026;0.0010934;0.00574681;-0.00199784;1.00975;-0.00564337;0.00219321;0.992639;0.0225547;0.989883;1;3;1
836.531;675.06;-2.80161;3.39684;0.0080568;-0.0029751;0.00108453;0.00816241;-0.00308071;1.0014;-0.00542569;0.00336046;0.99588;0.0202133;0.98721;1;3;1
859.531;675.06;-2.60638;3.40298;0.00414315;-0.00241134;-9.60707e-05;0.00414456;-0.00241275;1.00421;-0.0103818;-0.00186419;0.997933;0.0285571;0.977523;1;3;1
882.531;675.06;-2.61162;3.26281;0.00325634;-0.00189826;-1.44113e-05;0.00325638;-0.0018983;1.00119;-0.005891;0.00408105;0.999745;0.0197739;0.990185;1;3;1
905.531;675.06;-2.45725;3.20632;0.00680737;-0.00113442;0.000936895;0.0069164;-0.00124345;1.01031;-0.00621022;0.0014518;0.998865;0.0211453;0.989832;1;3;1
928.531;675.06;-2.29965;3.16065;0.00533266;-0.00174706;-0.000365184;0.00535145;-0.00176584;1.00739;0.00244048;0.00375339;0.999622;0.0200429;0.989295;1;4;1
951.531;675.06;-2.21263;3.14623;0.00423024;-0.00146182;0.00142694;0.00456792;-0.00179951;0.999233;1.91996e-05;-0.00283904;0.996978;0.0219888;0.985538;1;4;1
974.531;675.06;-2.10547;3.18182;0.00679006;-0.00128313;0.000341533;0.00680448;-0.00129755;1.00924;-0.00876668;0.00543912;0.997408;0.0189941;0.990021;1;4;1
997.531;675.06;-1.90143;3.05471;0.00718188;-0.00244531;-0.000550489;0.00721326;-0.00247668;1.00721;-0.00784644;0.00398503;1.00165;0.0218286;0.98534;1;3;1
1020.53;675.06;-1.77669;2.98721;0.00463364;-0.000990016;0.000272482;0.00464681;-0.00100319;1.00834;-0.00240009;0.00291278;0.998181;0.0213567;0.991025;1;3;1
1043.53;675.06;-1.68881;2.99737;0.00542801;-0.000431958;0.00101044;0.00559735;-0.000601297;1.00715;-0.0052339;-0.00487317;1.00224;0.0197323;0.991627;1;3;1
1066.53;675.06;-1.52771;2.93323;0.00645329;-0.00116156;0.000338113;0.00646828;-0.00117655;1.00219;-0.00314062;0.00698547;0.997338;0.0213113;0.98865;1;3;1
1089.53;675.06;-1.39305;2.88559;0.00660787;-0.00206633;0.000172709;0.00661131;-0.00206977;1.00695;-0.00536983;0.00158206;0.993841;0.0205644;0.986015;1;3;1
1112.53;675.06;-1.22477;2.8809;0.00610795;-0.001273;0.0010421;0.00625226;-0.00141731;1.00338;0.000616118;-0.0016537;0.99951;0.0200789;0.987712;1;3;1
1135.53;675.06;-1.11296;2.83668;0.00611701;-0.00270328;0.000427442;0.00613767;-0.00272395;1.0113;-0.00236746;0.00403924;0.995216;0.0237954;0.976153;1;3;1
1158.53;675.06;-0.944465;2.73886;0.0064833;-0.00136409;-0.000657364;0.00653799;-0.00141877;1.00938;-0.0012838;0.00410836;0.998582;0.020492;0.989332;1;3;1
1181.53;675.06;-0.815986;2.67153;0.00549544;-0.00105231;9.64594e-05;0.00549686;-0.00105373;1.0028;0.00184908;0.00104446;0.996714;0.0225428;0.983387;1;3;1
1204.53;675.06;-0.692466;2.64247;0.00633573;3.27483e-05;0.000627397;0.00639758;-2.90957e-05;1.0022;-0.00070099;0.000585158;0.999599;0.0224682;0.985493;1;3;1
1227.53;675.06;-0.525477;2.63217;0.00582097;0.000306563;6.94424e-05;0.00582185;0.000305689;1.00776;-0.00180406;0.00352738;1.00241;0.0235263;0.990853;1;2;1
1250.53;675.06;-0.425528;2.57355;0.0048936;-0.00115932;0.00283418;0.00601347;-0.00227919;1.01077;-0.0101617;-0.00122854;1.00125;0.0275769;0.977394;1;3;1
1273.53;675.06;-0.300923;2.61316;0.00543374;-0.00171878;0.00187246;0.00589428;-0.00217932;0.99926;-0.00356382;-0.00374924;0.998671;0.0361788;0.964173;1;3;1
31.5305;652.06;-6.0856;5.61684;0.00358767;-0.00280373;-0.00226265;0.00430759;-0.00352365;1.00361;-0.00394336;0.00397722;0.997031;0.0219202;0.992019;1;3;1
54.5305;652.06;-6.00353;5.49953;0.002554;-0.0021532;-0.00188358;0.00321492;-0.00281412;0.998442;-0.00219503;0.00702901;1.00195;0.0195808;0.99243;1;3;1
77.5306;652.06;-5.96875;5.4046;0.00330759;-0.00246291;0.000685949;0.00338801;-0.00254333;1.0137;-0.00765336;-0.00473524;0.999283;0.0225652;0.990104;1;3;1
100.531;652.06;-5.85178;5.38197;0.00374527;-0.00159668;0.000441603;0.00378153;-0.00163294;0.998257;-0.00217648;0.00582208;0.999192;0.0201217;0.990977;1;3;1
123.531;652.06;-5.79687;5.31988;0.00210313;-0.00347202;-0.000373422;0.00212803;-0.00349692;1.00172;-0.000417981;0.00118631;0.996743;0.0238594;0.988311;1;3;1
146.531;652.06;-5.75532;5.25075;0.0050817;-0.00306297;-0.000719321;0.00514474;-0.00312601;1.00826;0.000742443;0.0042418;0.996678;0.0208138;0.99057;1;3;1
169.531;652.06;-5.56394;5.17139;0.00369538;-0.00298806;-0.00125228;0.00392232;-0.00321499;1.00451;0.000912672;0.0039657;0.996945;0.0233823;0.986993;1;3;1
192.531;652.06;-5.58599;5.07262;-0.00020577;-0.00350539;-0.000750087;-4.326e-05;-0.0036679;0.99478;-0.0025968;0.00479946;0.998577;0.0218312;0.991741;1;3;1
215.531;652.06;-5.57373;4.99926;0.00416785;-0.00255124;2.79031e-05;0.00416797;-0.00255135;1.00083;-0.00124652;0.000927883;1.00024;0.0207887;0.990502;1;4;1
238.531;652.06;-5.39485;4.94237;0.00392021;-0.00184388;-0.00121709;0.00416666;-0.00209033;1.00857;-0.000106946;0.00403267;0.997175;0.0208332;0.991508;1;3;1
261.531;652.06;-5.39393;4.87017;0.00224316;-0.0029791;-0.000112432;0.00224558;-0.00298152;1.0052;-0.0106275;-0.000116591;0.996938;0.0246849;0.98855;1;3;1
284.531;652.06;-5.29189;4.84466;0.0026631;-0.00259999;-0.000123666;0.00266601;-0.0026029;1.00259;-0.00282562;0.00295243;0.997275;0.0213548;0.990589;1;3;1
307.531;652.06;-5.27176;4.74685;0.00255456;-0.00129371;-0.000786367;0.00270905;-0.0014482;1.00158;-0.00229178;0.00475636;1.0039;0.0199969;0.989827;1;3;1
330.531;652.06;-5.1748;4.68686;0.00363573;-0.00207543;-0.000736301;0.00372913;-0.00216883;0.999888;-0.00316805;0.00325984;0.999868;0.019772;0.991413;1;3;1
353.531;652.06;-5.1051;4.58595;0.00448121;-0.00252427;-0.000848849;0.0045826;-0.00262566;1.00444;-0.00443834;0.00247102;0.995173;0.0193325;0.992409;1;3;1
376.531;652.06;-4.96928;4.56655;0.00451725;-0.00476885;0.000254188;0.00452421;-0.0047758;1.00323;-0.0020142;0.00067089;0.994654;0.0210326;0.990342;1;2;1
399.531;652.06;-4.89781;4.52806;0.00344721;-0.00472923;-0.000656079;0.00349952;-0.00478154;1.00454;0.000480707;0.00334873;0.99209;0.0190375;0.990129;1;3;1
422.531;652.06;-4.81113;4.44901;0.00246445;-0.00352996;-0.00120461;0.00269746;-0.00376297;1.0016;-0.0028743;0.00283534;0.995036;0.0200452;0.98518;1;3;1
445.531;652.06;-4.78484;4.37446;0.00381043;-0.00330337;-0.000649999;0.00386933;-0.00336228;1.00472;-0.00396392;0.0029794;0.997794;0.0217304;0.987719;1;3;1
468.531;652.06;-4.63632;4.3338;0.00463482;-0.0026896;-0.000346973;0.00465122;-0.002706;1.00302;-7.44399e-05;0.00232285;0.998152;0.020166;0.98781;1;3;1
491.531;652.06;-4.57227;4.26081;0.00402912;-0.00123701;-0.000328051;0.00404948;-0.00125736;1.00641;-0.000995672;0.00471164;0.995225;0.0202559;0.987457;1;3;1
514.531;652.06;-4.45153;4.2078;0.00536891;-0.00295869;-0.00117632;0.00553188;-0.00312166;1.00576;-0.00202025;0.00132205;0.996934;0.0195315;0.993414;1;3;1
537.531;652.06;-4.32612;4.13643;0.00451886;-0.00185491;-0.000837951;0.00462719;-0.00196323;1.00467;-0.00277333;0.00362461;0.996805;0.0174213;0.994504;1;2;1
560.531;652.06;-4.24432;4.07457;0.00373784;-0.00287391;-0.000146564;0.00374108;-0.00287716;1.00556;-0.00182569;-3.58337e-05;0.996595;0.0166776;0.994312;1;3;1
583.531;652.06;-4.15462;4.03278;0.00355054;-0.00233999;0.000409005;0.0035788;-0.00236826;1.00296;-0.000820931;0.00307313;0.99916;0.0186763;0.989645;1;3;1
606.531;652.06;-4.08134;4.00135;0.00417651;-0.00228071;0.000837879;0.00428346;-0.00238766;1.00464;-0.00285237;-0.000694085;0.999354;0.018376;0.989712;1;3;1
629.531;652.06;-3.96293;3.98371;0.00531726;-0.00147345;-0.000903639;0.00543545;-0.00159164;1.00707;-0.00358436;0.00309756;1.00041;0.0193882;0.989403;1;3;1
652.531;652.06;-3.83751;3.89784;0.0049279;-0.00234374;-0.00128657;0.00514882;-0.00256466;1.00077;-0.000120023;0.00177048;0.998395;0.0197982;0.987654;1;3;1
675.531;652.06;-3.73706;3.82774;0.00577068;-0.00244343;-0.000642352;0.0058206;-0.00249336;1.00697;-0.00206922;0.002517;0.996755;0.0215255;0.985224;1;3;1
698.531;652.06;-3.57302;3.76159;0.0053304;-0.00294054;0.000452174;0.00535504;-0.00296519;1.00901;0.0014496;0.00537974;0.995655;0.0229109;0.984323;1;3;1
721.531;652.06;-3.49265;3.71537;0.00354392;-0.00280726;0.000333363;0.00356137;-0.00282471;1.00098;-0.00103901;-0.00147785;0.996326;0.0209299;0.989564;1;3;1
744.531;652.06;-3.41037;3.67789;0.00575326;-0.0020582;0.000324859;0.00576675;-0.00207169;1.00565;-0.00381043;0.00465474;0.998409;0.0213767;0.987022;1;3;1
767.531;652.06;-3.22889;3.60344;0.00663359;-0.00355383;-0.000488943;0.00665701;-0.00357724;1.01023;-0.000324121;0.000405616;0.990365;0.0265075;0.977738;1;3;1
790.531;652.06;-3.10645;3.53306;0.00457911;-0.00438842;0.000258808;0.00458658;-0.00439588;1.00059;-2.05493e-05;0.0028377;0.995627;0.0227561;0.98453;1;3;1
813.531;652.06;-3.01886;3.49577;0.00459284;-0.00219125;0.000804378;0.00468691;-0.00228531;1.00844;-0.00197727;-0.00160606;0.998515;0.0228912;0.988313;1;3;1
836.531;652.06;-2.8957;3.47821;0.00554491;-0.00253483;0.00102463;0.00567282;-0.00266274;1.00866;-0.00101969;0.00339078;0.997438;0.0215453;0.989636;1;3;1
859.531;652.06;-2.76455;3.42745;0.00435362;-0.000684798;0.000936665;0.00452212;-0.000853293;0.996312;-0.00404905;0.00133502;0.996389;0.0241891;0.983428;1;3;1
882.531;652.06;-2.69605;3.3461;0.00433742;-0.0023999;-4.0718e-05;0.00433767;-0.00240014;1.004;0.000168735;0.00529939;0.997812;0.0213797;0.986709;1;3;1
905.531;652.06;-2.56579;3.25172;0.00842567;-0.00275393;0.000538195;0.00845152;-0.00277978;1.00834;0.000958401;-0.000276406;1.00071;0.0220473;0.986148;1;3;1
928.531;652.06;-2.31023;3.23302;0.00723416;-0.00351699;0.000660754;0.00727461;-0.00355745;1.00945;-0.00134899;0.00515195;0.996258;0.0224702;0.986062;1;3;1
951.531;652.06;-2.23428;3.17247;0.00474508;-0.00197797;-7.46532e-05;0.00474591;-0.0019788;1.0024;-0.00217134;0.000700934;1.00062;0.0213168;0.983632;1;3;1
974.531;652.06;-2.09261;3.11785;0.00521636;0.000214429;0.000316174;0.00523626;0.000194523;1.00816;0.00113282;0.00563452;1.0003;0.0192873;0.990937;1;3;1
997.531;652.06;-1.99496;3.14848;0.00581885;-0.00178576;0.000902;0.00592437;-0.00189128;1.00401;-0.00475285;0.000727713;0.993709;0.0214805;0.98692;1;3;1
1020.53;652.06;-1.82578;3.04532;0.00628232;-0.0019313;-3.44444e-05;0.00628246;-0.00193145;1.00972;-0.00681105;0.00415318;0.999937;0.0206009;0.989229;1;3;1
1043.53;652.06;-1.70708;3.00846;0.00504432;-0.00095626;0.000432946;0.0050754;-0.000987336;1.00401;-0.00442872;0.000380146;0.99571;0.0197368;0.989757;1;3;1
1066.53;652.06;-1.59439;2.96728;0.00626892;-0.00193347;0.00108329;0.00640957;-0.00207413;1.00523;-0.0022004;0.00244855;0.995719;0.0185246;0.992381;1;3;1
1089.53;652.06;-1.41965;2.94782;0.00641062;-0.00190183;-0.000172633;0.00641421;-0.00190542;1.00668;0.00438283;0.00363652;0.999732;0.0198353;0.98727;1;3;1
1112.53;652.06;-1.30052;2.88231;0.00606987;-0.000247413;0.0003693;0.00609138;-0.000268928;1.00521;-0.00436489;-0.00179798;0.999177;0.0198246;0.987812;1;3;1
1135.53;652.06;-1.14132;2.88924;0.00662006;-0.00110038;-6.89597e-05;0.00662067;-0.001101;1.00599;-0.00271893;0.00357001;1.00055;0.0211906;0.98809;1;3;1
1158.53;652.06;-0.997113;2.77826;0.00573485;-0.0010084;-0.00044777;0.00576445;-0.00103801;1.00425;-0.0053488;0.000397005;0.996665;0.0208965;0.987626;1;3;1
1181.53;652.06;-0.878492;2.74489;0.00648235;-0.00131507;-0.000211423;0.00648808;-0.0013208;1.00737;0.00146593;0.00240169;0.997373;0.0225196;0.985781;1;3;1
1204.53;652.06;-0.699974;2.6873;0.00607426;-0.00188974;-0.000747703;0.00614385;-0.00195933;1.00785;0.00207053;0.00532121;0.999465;0.021492;0.986447;1;3;1
1227.53;652.06;-0.60012;2.60875;0.00308737;-0.00105088;-1.11229e-05;0.0030874;-0.00105091;1.00164;-0.00204808;0.00309235;0.996593;0.0241507;0.98628;1;3;1
1250.53;652.06;-0.558232;2.61399;0.00673849;-0.000352863;-0.000170529;0.00674259;-0.000356961;1.01409;0.00812095;-0.00292424;0.99886;0.0265941;0.98216;1;3;1
1273.53;652.06;-0.291195;2.63585;0.0116781;6.30053e-05;0.000284296;0.0116851;5.60509e-05;1.00399;0.00165255;-0.00136912;0.999124;0.0225357;0.989624;1;3;1
31.5305;629.06;-6.02727;5.6221;0.00126341;-0.00255216;-0.0018053;0.00198217;-0.00327092;1.0125;-0.0014427;0.0057396;0.996255;0.0229228;0.987687;1;3;1
54.5305;629.06;-5.99839;5.53474;0.00023686;-0.00337689;-0.00144151;0.000741425;-0.00388146;0.989922;-5.77288e-05;0.00520316;0.990756;0.0230658;0.986062;1;3;1
77.5306;629.06;-6.01661;5.4734;0.00200387;-0.00370981;-0.00125181;0.00226609;-0.00397203;1.00794;0.00360224;0.000231054;0.993502;0.0220424;0.990404;1;3;1
100.531;629.06;-5.90655;5.38492;0.00366352;-0.00280845;-0.000576837;0.00371453;-0.00285946;1.00657;-0.00363465;0.00454701;0.996088;0.022364;0.984432;1;3;1
123.531;629.06;-5.84863;5.32633;0.00296315;-0.00150049;-0.000572235;0.00303535;-0.00157268;1.00146;0.00031605;0.000933738;0.998845;0.0264514;0.98101;1;3;1
146.531;629.06;-5.77052;5.30045;0.00372206;-0.00340475;-0.00132952;0.00396201;-0.0036447;1.00269;-0.00108655;-0.000235962;0.997768;0.021225;0.991033;1;3;1
169.531;629.06;-5.67781;5.24451;0.00237753;-0.00254618;-0.000325488;0.00239896;-0.0025676;1.00074;-0.00583091;0.00563117;0.998897;0.0210402;0.992639;1;2;1
192.531;629.06;-5.66161;5.12736;0.00225307;-0.00321769;-0.00189208;0.00284369;-0.00380831;1.00629;0.00139195;0.00150055;0.997895;0.0202103;0.991954;1;3;1
215.531;629.06;-5.57477;5.03314;0.00405873;-0.00348888;-0.0010083;0.00419111;-0.00362126;0.999757;-0.00105082;0.0054713;1.00146;0.0177158;0.993584;1;3;1
238.531;629.06;-5.47549;4.99117;0.00313257;-0.00269476;0.000346411;0.00315309;-0.00271528;1.0031;-0.00425536;0.00224011;1.00296;0.0259075;0.986867;1;3;1
261.531;629.06;-5.43099;4.94001;0.00290749;-0.00267386;-1.48759e-07;0.00290749;-0.00267386;1.00422;7.14307e-05;0.0039203;0.995371;0.0210125;0.990091;1;3;1
284.531;629.06;-5.34207;4.88188;0.00169351;-0.00295093;-0.00143772;0.00210255;-0.00335996;0.999729;-0.00431344;0.0022707;0.98987;0.0211896;0.989982;1;3;1
307.531;629.06;-5.35359;4.74;0.00314311;-0.00265049;-0.00091393;0.00328386;-0.00279124;0.998476;-0.00365889;0.00510773;1.00007;0.0230729;0.990286;1;3;1
330.531;629.06;-5.19784;4.77461;0.00549927;-0.0015489;-0.000776301;0.00558376;-0.00163339;1.00398;0.000708836;-0.00497455;0.997044;0.021846;0.985693;1;4;1
353.531;629.06;-5.10138;4.65834;0.00338762;-0.00306686;-0.000503044;0.00342659;-0.00310583;1.00851;-0.00248746;0.0115903;0.999615;0.0237479;0.988582;1;3;1
376.531;629.06;-5.04231;4.70908;0.00387742;-0.00329876;0.00156683;0.0042046;-0.00362594;0.999838;-0.00167602;0.00202605;0.993106;0.0201814;0.989627;1;3;1
399.531;629.06;-4.92337;4.66601;0.00512584;-0.00280033;-0.000825038;0.00521081;-0.0028853;1.00688;-0.000841239;0.00263613;1.00092;0.0211343;0.988015;1;3;1
422.531;629.06;-4.80745;4.53672;0.00378865;-0.00178483;-0.00147935;0.00415697;-0.00215315;1.00559;0.00131903;0.00290909;0.998667;0.0192005;0.991174;1;3;1
445.531;629.06;-4.74983;4.472;0.00301685;-0.00253024;-0.00142579;0.00336187;-0.00287526;1.00343;0.00499856;0.00690122;0.994598;0.0205681;0.988537;1;2;1
468.531;629.06;-4.66909;4.39842;0.00313019;-0.00412485;-0.000878684;0.0032351;-0.00422975;1.00425;-0.00166437;0.00226588;0.994492;0.0194268;0.990657;1;3;1
491.531;629.06;-4.60631;4.32036;0.00504191;-0.00276534;0.000295222;0.00505306;-0.00277649;1.00517;-0.000761128;0.00263931;0.996127;0.0209292;0.988515;1;2;1
514.531;629.06;-4.4378;4.32871;0.00457853;-0.00264769;0.000326395;0.00459324;-0.0026624;1.00474;-0.00261406;0.000795102;0.996287;0.0194889;0.992575;1;3;1
537.531;629.06;-4.3963;4.2141;0.00338531;-0.00369389;-0.000599192;0.00343566;-0.00374425;1.0084;0.000405349;0.00565734;0.994406;0.020412;0.99182;1;3;1
560.531;629.06;-4.28261;4.16863;0.00454848;-0.0040103;1.523e-05;0.0045485;-0.00401033;1.00365;-0.00166639;0.00116204;0.996051;0.0209938;0.989336;1;3;1
583.531;629.06;-4.1877;4.09525;0.00412816;-0.00280715;4.6205e-05;0.00412847;-0.00280746;1.00484;-0.00298018;0.00119159;0.993678;0.0224863;0.985662;1;3;1
606.531;629.06;-4.09327;4.04427;0.00520584;-0.00222608;-0.000325799;0.00522009;-0.00224033;0.999091;-0.00417473;0.00257056;0.996115;0.018608;0.992882;1;3;1
629.531;629.06;-3.94901;3.97261;0.00460072;-0.00118428;-0.000285032;0.00461473;-0.00119829;1.00874;0.000941366;0.00280548;0.99766;0.022171;0.985717;1;4;1
652.531;629.06;-3.8822;3.96142;0.00347084;-0.00236521;0.000270234;0.00348332;-0.00237769;1.00006;-0.0030254;-0.000502455;0.994392;0.0222545;0.987513;1;4;1
675.531;629.06;-3.78977;3.85758;0.00503889;-0.00194161;-0.000284378;0.00505045;-0.00195318;1.00779;-0.000668414;0.0067248;0.994521;0.0212108;0.987893;1;3;1
698.531;629.06;-3.65121;3.8181;0.00499623;-0.00338784;0.000808271;0.00507344;-0.00346506;1.00701;-0.00676966;2.39848e-05;0.997866;0.0194441;0.989402;1;3;1
721.531;629.06;-3.56059;3.77782;0.00490804;-0.00206655;-0.000483965;0.00494146;-0.00209997;1.00417;-0.0028012;0.00246218;1.00069;0.0221818;0.983165;1;3;1
744.531;629.06;-3.42616;3.69327;0.00663704;-0.00103648;-7.14804e-05;0.00663771;-0.00103715;1.00437;-0.00137247;0.00104741;0.999458;0.0196065;0.988092;1;3;1
767.531;629.06;-3.25637;3.68963;0.00518294;-0.00219143;0.00107058;0.00533522;-0.00234371;1.01111;-0.0055611;-0.000942664;1.00141;0.020401;0.988609;1;3;1
790.531;629.06;-3.18837;3.66259;0.00333106;-0.00315735;-0.000527756;0.0033737;-0.0032;1.00003;-0.00447557;0.00527498;0.996018;0.0259042;0.972241;1;3;1
813.531;629.06;-3.10364;3.54191;0.00491389;-0.001877;-0.000529435;0.00495492;-0.00191803;1.00528;-0.000462905;0.00105237;0.997391;0.0226878;0.985969;1;3;1
836.531;629.06;-2.96313;3.51387;0.00610845;-0.00078893;1.22985e-05;0.00610848;-0.000788952;1.00933;-0.00313288;0.00105108;1.00187;0.0182214;0.990876;1;3;1
859.531;629.06;-2.82362;3.43501;0.00394035;-0.00191857;1.60625e-05;0.00394039;-0.00191861;0.997725;-0.00229859;0.00262714;0.99862;0.0217436;0.986809;1;3;1
882.531;629.06;-2.78244;3.37365;0.00447859;-0.00164381;-0.000451781;0.00451174;-0.00167697;1.00388;-0.00328419;0.00484145;0.999873;0.0224263;0.988609;1;3;1
905.531;629.06;-2.61818;3.33346;0.00750751;-0.00196875;-0.000517636;0.0075357;-0.00199694;1.0085;0.000696697;0.000498759;0.998177;0.0266232;0.98278;1;3;1
928.531;629.06;-2.43841;3.32293;0.00650096;-0.00227668;0.00132529;0.00669669;-0.00247241;1.00837;-0.00850828;0.00324162;1.0013;0.0227806;0.984842;1;3;1
951.531;629.06;-2.3202;3.23744;0.00611368;-0.00222119;-0.00012715;0.00611561;-0.00222312;1.00361;-0.00308415;0.00036335;0.998276;0.0211469;0.987367;1;3;1
974.531;629.06;-2.15828;3.17199;0.00576405;-0.00176829;0.000742576;0.00583655;-0.0018408;1.00621;-0.00288684;0.000837216;1.00045;0.0204567;0.988691;1;3;1
997.531;629.06;-2.05592;3.13719;0.0053611;-0.000343568;-0.000173669;0.00536638;-0.00034885;1.00611;0.000927113;0.00236302;1.00083;0.0220468;0.988649;1;3;1
1020.53;629.06;-1.91243;3.07633;0.00544966;-0.00180693;0.000976492;0.00557876;-0.00193603;1.00907;-0.00107488;0.00543354;0.994123;0.0239117;0.983996;1;3;1
1043.53;629.06;-1.80602;3.04153;0.00491544;-0.000499994;0.000489671;0.00495936;-0.000543914;1.00236;-0.000497921;-0.000753657;1.00088;0.0222542;0.983825;1;3;1
1066.53;629.06;-1.6869;3.02253;0.0075177;-0.00077697;0.000930814;0.00762087;-0.000880141;1.00648;-0.00583307;0.00201521;1.00176;0.0234794;0.98877;1;2;1
1089.53;629.06;-1.46154;2.97321;0.00808299;0.000206036;-3.9843e-05;0.00808319;0.000205834;1.01055;-0.00837992;0.000170486;1.00039;0.0199953;0.98776;1;3;1
1112.53;629.06;-1.31676;2.89237;0.00548685;-0.000799442;0.000258962;0.0054975;-0.000810092;1.00208;-0.00181144;0.00155892;1.00118;0.0294971;0.972733;1;3;1
1135.53;629.06;-1.20992;2.88743;0.00588651;0.000405975;0.000309435;0.00590393;0.000388559;1.00625;-0.00209398;-0.00232765;0.997137;0.0261309;0.982367;1;3;1
1158.53;629.06;-1.04689;2.78538;0.00705201;-0.00073917;-0.000491407;0.00708288;-0.000770042;1.00823;-0.00139739;0.00689965;0.99965;0.0217652;0.985463;1;3;1
1181.53;629.06;-0.886919;2.73211;0.00627549;-0.00141442;0.000262387;0.00628443;-0.00142336;1.00714;-0.00375593;-0.000631975;0.998672;0.0236203;0.981445;1;3;1
1204.53;629.06;-0.759153;2.72953;0.00631305;-0.00101097;0.000146023;0.00631596;-0.00101388;1.00381;0.00041418;0.000777433;1.00056;0.0235546;0.987174;1;3;1
1227.53;629.06;-0.597459;2.68059;0.00821448;-0.00253435;-0.00178216;0.00850226;-0.00282212;1.00928;0.00480687;0.0041785;0.999325;0.0233893;0.990395;1;3;1
1250.53;629.06;-0.383037;2.58981;0.00684816;-0.00190353;-0.00142341;0.00707385;-0.00212922;1.01072;-0.00375047;1.21951e-05;0.999295;0.0215002;0.990893;1;3;1
1273.53;629.06;-0.283568;2.61027;0.00433449;-0.000398564;0.00248584;0.00540014;-0.00146422;0.99628;-0.00267828;0.000663778;1.00253;0.0272236;0.982377;1;4;1
31.5305;606.06;-6.09378;5.73439;0.00325791;-0.00376736;-0.0002641;0.00326782;-0.00377728;1.00324;-0.00438642;0.006307;0.998868;0.0226859;0.986586;1;3;1
54.5305;606.06;-6.0191;5.65513;0.001986;-0.00400237;-0.000999226;0.00214833;-0.0041647;1.00137;-0.00256752;0.00145909;1.00187;0.0222161;0.990942;1;3;1
77.5306;606.06;-6.00278;5.57558;0.00161649;-0.0039548;-0.00164811;0.00206752;-0.00440584;0.998772;-0.00614641;0.00284395;1.00017;0.0200929;0.989861;1;3;1
100.531;606.06;-5.94503;5.51143;0.00380475;-0.00577747;-0.0019085;0.00417088;-0.00614359;1.00263;-0.000907045;0.00712546;0.998831;0.022117;0.988019;1;3;1
123.531;606.06;-5.82847;5.38897;0.00502229;-0.00357537;-0.00102417;0.0051426;-0.00369569;1.00719;0.00275799;-0.00235224;0.999485;0.0270087;0.986285;1;3;1
146.531;606.06;-5.7147;5.40765;0.00266182;-0.00275539;-0.000526238;0.00271247;-0.00280604;0.997093;-0.0037609;0.00545166;1.00275;0.0235605;0.992887;1;3;1
169.531;606.06;-5.7063;5.28889;0.00201393;-0.00272769;-0.00106554;0.00224237;-0.00295614;1.0064;0.00208357;-0.00189092;0.994169;0.0230574;0.989425;1;3;1
192.531;606.06;-5.62253;5.22088;0.00195787;-0.00512094;-0.00107159;0.00211654;-0.0052796;1.00052;0.0017959;0.00291021;0.991027;0.0225994;0.988045;1;3;1
215.531;606.06;-5.61651;5.16005;0.00225411;-0.00419044;-0.000471956;0.00228849;-0.00422482;1.00544;-0.000930005;0.00303464;0.993813;0.0228091;0.989133;1;3;1
238.531;606.06;-5.51921;5.06666;0.00248588;-0.00472933;-0.000420118;0.00251026;-0.00475371;0.997055;0.000462267;0.00321476;0.988918;0.027366;0.97662;1;3;1
261.531;606.06;-5.5026;4.99346;0.00349226;-0.00354132;0.000128099;0.0034946;-0.00354366;1.00243;-0.00452342;0.00417402;0.996868;0.0203764;0.991929;1;3;1
284.531;606.06;-5.35893;4.98065;0.00453576;-0.00322343;-0.000281522;0.00454597;-0.00323363;1.00708;-0.00108695;-0.000548439;1.00039;0.0200189;0.991011;1;3;1
307.531;606.06;-5.29459;4.86894;0.00380317;-0.00456028;-0.00270958;0.00460428;-0.00536139;0.998633;0.00138911;0.0126139;0.994937;0.0219163;0.983249;1;3;1
330.531;606.06;-5.18485;4.75817;0.00371846;-0.00288039;-0.00132871;0.00397596;-0.00313788;1.00757;-0.00163311;0.000147374;0.999715;0.0202357;0.990079;1;3;1
353.531;606.06;-5.12408;4.72725;0.00173215;-0.00375221;0.000377344;0.00175799;-0.00377805;1.00008;-0.00051491;0.00280136;0.992282;0.023072;0.985818;1;3;1
376.531;606.06;-5.10526;4.71874;0.00284836;-0.000186314;0.000567025;0.00295085;-0.000288801;1.00636;-0.0015443;-0.00158994;1.00546;0.0227553;0.984224;1;3;1
399.531;606.06;-4.99329;4.65716;0.00516892;-0.00123279;-0.000763169;0.00525864;-0.00132251;1.00524;-0.00285914;0.00449463;0.999503;0.021216;0.987388;1;3;1
422.531;606.06;-4.86848;4.53122;0.00440098;-0.00350793;-0.000563196;0.00444088;-0.00354784;1.00673;-0.00233895;0.00409008;0.99769;0.0188329;0.993177;1;3;1
445.531;606.06;-4.79159;4.491;0.00353241;-0.00366793;0.000555892;0.00357507;-0.00371059;1.00003;-0.00392069;0.000947687;1.00061;0.0177506;0.993153;1;3;1
468.531;606.06;-4.70627;4.52399;0.00268277;-0.00359185;-0.000183381;0.00268812;-0.00359721;0.998547;-0.0016299;0.00305931;0.995336;0.0200912;0.992386;1;3;1
491.531;606.06;-4.66846;4.38829;0.00260703;-0.00384936;-0.00164748;0.00300312;-0.00424545;1.00393;-0.000670663;0.00456114;0.996674;0.0199186;0.993124;1;3;1
514.531;606.06;-4.58691;4.32995;0.00519606;-0.00212369;0.000898184;0.00530466;-0.00223229;1.0062;-0.0042288;0.00378485;1.00274;0.0213967;0.985495;1;3;1
537.531;606.06;-4.43013;4.30678;0.00486853;-0.00380883;0.000239056;0.00487511;-0.00381541;1.00419;-0.00389859;-9.78621e-05;0.996274;0.01754;0.991958;1;3;1
560.531;606.06;-4.36356;4.25957;0.00322278;-0.0027532;-0.000277961;0.00323568;-0.0027661;1.00318;-0.00120146;0.00431412;0.998099;0.0182927;0.991015;1;3;1
583.531;606.06;-4.28235;4.16227;0.0041512;-0.00224048;4.72636e-05;0.00415155;-0.00224083;1.00297;-0.0010448;0.00345105;0.998672;0.0237402;0.981706;1;3;1
606.531;606.06;-4.17326;4.10396;0.00574059;-0.00353424;-0.00119156;0.00589123;-0.00368488;1.00557;0.000494881;0.00378065;0.998168;0.0211965;0.984843;1;3;1
629.531;606.06;-4.0192;4.03826;0.00428546;-0.00289673;0.000461274;0.00431496;-0.00292623;1.00416;-0.00390229;0.00335933;0.99852;0.0218581;0.98823;1;4;1
652.531;606.06;-3.97665;4.00698;0.00361542;-0.00131009;0.000230006;0.00362614;-0.0013208;0.999044;-0.00411229;-0.000124341;1.00433;0.0210533;0.988247;1;3;1
675.531;606.06;-3.85335;3.91729;0.00546328;-0.00218817;-9.46935e-05;0.00546446;-0.00218935;1.00953;-0.00316564;0.00351659;1.0001;0.0213893;0.987763;1;3;1
698.531;606.06;-3.72611;3.91795;0.00613101;-0.00290825;0.000236088;0.00613717;-0.00291442;1.00498;0.000340067;-0.00157434;0.996062;0.020247;0.989017;1;3;1
721.531;606.06;-3.57231;3.8106;0.00512527;-0.00273321;-0.00114422;0.00528848;-0.00289643;1.00645;0.00126753;0.00787972;0.995764;0.0206895;0.987338;1;3;1
744.531;606.06;-3.49135;3.72566;0.00468703;-0.00330309;0.000394283;0.00470644;-0.0033225;1.00206;-0.00169617;-0.00162166;0.993617;0.0198584;0.988741;1;3;1
767.531;606.06;-3.35733;3.70454;0.00624872;-0.00117601;0.0010155;0.00638511;-0.00131239;1.00862;-0.0031554;0.00339043;1.00042;0.0208704;0.988488;1;3;1
790.531;606.06;-3.20482;3.67863;0.00521753;-0.00135964;2.40188e-05;0.00521762;-0.00135972;1.00526;-0.0011664;0.00265846;0.999278;0.0193631;0.990194;1;4;1
813.531;606.06;-3.11811;3.5823;0.00440345;-0.00196995;-0.000930583;0.00453655;-0.00210304;1.00256;-0.00350202;0.00573115;1.0017;0.0236722;0.986747;1;3;1
836.531;606.06;-3.003;3.51464;0.00463535;-0.0010732;0.000387299;0.0046615;-0.00109935;1.00235;-0.00190632;-0.00158324;0.997956;0.0183419;0.990472;1;3;1
859.531;606.06;-2.90542;3.51601;0.00539472;-0.00312062;0.000234196;0.00540116;-0.00312705;1.00847;-0.00542579;0.0031998;0.99594;0.019772;0.990667;1;3;1
882.531;606.06;-2.7556;3.42182;0.00735243;-0.00247457;-0.00134266;0.00753258;-0.00265471;1.00471;-0.0042279;0.00337783;0.996612;0.0245047;0.981574;1;4;1
905.531;606.06;-2.56877;3.34237;0.00499318;-0.00216811;0.00070296;0.00506153;-0.00223646;1.01072;-0.00522519;0.00233222;0.99873;0.0211899;0.991262;1;4;1
928.531;606.06;-2.52656;3.33838;0.00428032;-0.00212603;0.000206274;0.00428696;-0.00213267;0.99746;-0.000738413;0.00440772;0.99456;0.0232978;0.984142;1;3;1
951.531;606.06;-2.37234;3.27497;0.00581533;-0.00283113;-0.000748372;0.00587962;-0.00289542;1.00473;0.0022652;0.005021;0.998028;0.0213586;0.985716;1;3;1
974.531;606.06;-2.26004;3.19957;0.00650566;-0.0023088;-0.000185267;0.00650955;-0.0023127;1.01143;-0.000620014;-0.000874961;0.99685;0.0250094;0.985526;1;3;1
997.531;606.06;-2.07418;3.16436;0.0054493;-0.00243416;0.000220772;0.00545548;-0.00244034;1.00274;0.00109877;0.000616496;0.997544;0.0232876;0.987872;1;3;1
1020.53;606.06;-2.0101;3.12888;0.00586376;-0.00214932;-0.000202851;0.00586889;-0.00215446;1.00591;-0.00159814;0.00848064;0.999203;0.0227266;0.986419;1;3;1
1043.53;606.06;-1.80542;3.03157;0.00573653;-0.00252419;-0.000765835;0.00580693;-0.00259459;1.00785;0.00143394;0.00481678;0.996435;0.0218323;0.987485;1;3;1
1066.53;606.06;-1.74714;3.00329;0.00567592;-0.00079623;-0.00047703;0.00571089;-0.000831201;1.00041;-0.00180893;-0.00132673;0.996303;0.0222109;0.986309;1;3;1
1089.53;606.06;-1.54516;2.93851;0.00736961;-0.00116283;0.000405948;0.00738888;-0.0011821;1.01776;0.00217127;0.00414887;1.00002;0.0210614;0.9901;1;3;1
1112.53;606.06;-1.40946;2.91923;0.00586886;-0.00283246;0.000948616;0.00597108;-0.00293468;1.00115;-0.00151804;0.0015131;0.999185;0.0232536;0.987301;1;3;1
1135.53;606.06;-1.27603;2.87076;0.00661403;-0.000484575;-8.91713e-06;0.00661404;-0.000484586;1.00906;-0.00118322;0.00190415;0.9996;0.0207859;0.987479;1;3;1
1158.53;606.06;-1.10634;2.8124;0.00694049;-0.000942889;0.000949697;0.00705328;-0.00105568;1.00851;-0.0040398;-0.000149978;1.00282;0.0227433;0.988143;1;3;1
1181.53;606.06;-0.95791;2.81006;0.00746082;-0.00313722;0.00096333;0.00754767;-0.00322407;1.01005;-0.00283219;0.00293596;0.998693;0.0266166;0.989408;1;3;1
1204.53;606.06;-0.764476;2.73387;0.00834449;-0.00107595;0.000184917;0.00834812;-0.00107958;0.999286;-0.00580687;-0.000781362;0.995914;0.0215746;0.985714;1;3;1
1227.53;606.06;-0.575729;2.72548;0.00581271;-0.00173049;0.00141323;0.00606879;-0.00198656;1.01112;-0.00930895;0.00604888;0.996643;0.0199796;0.986951;1;3;1
1250.53;606.06;-0.497875;2.70168;0.00212425;-0.00220466;0.00170063;0.00271243;-0.00279284;1.00178;-0.00640585;-0.00353848;0.997911;0.0264173;0.981461;1;3;1
1273.53;606.06;-0.478172;2.65456;0.000859138;-0.00130393;0.000321403;0.000905884;-0.00135068;0.999466;-0.00825515;-0.000833316;0.997869;0.0291743;0.987845;1;3;1
31.5305;583.06;-6.16046;5.79592;0.00418621;-0.00374083;6.00907e-05;0.00418666;-0.00374129;1.00311;-0.00536829;0.00663128;0.996481;0.0250469;0.985163;1;3;1
54.5305;583.06;-6.06451;5.71927;0.00332175;-0.00325518;-0.000930766;0.00345094;-0.00338436;1.00183;-0.000542363;0.000373022;0.995256;0.0214377;0.99327;1;3;1
77.5306;583.06;-6.00813;5.65569;0.00322455;-0.00242044;0.000152522;0.00322867;-0.00242456;1.00223;0.00190905;0.000205083;0.992556;0.0224477;0.98771;1;3;1
100.531;583.06;-5.91646;5.65146;0.00328033;-0.00275476;-0.000878183;0.00340552;-0.00287995;1.00329;-0.00217051;0.0055118;0.988355;0.0252266;0.990631;1;2;1
123.531;583.06;-5.85777;5.49109;0.0020724;-0.0046889;-0.00114101;0.00225976;-0.00487626;0.999531;-0.0080866;0.0101564;0.990694;0.0240863;0.989807;1;3;1
146.531;583.06;-5.82178;5.4274;0.00200348;-0.00257851;-0.000214782;0.00201352;-0.00258856;1.00073;-0.00200098;0.00566304;0.995861;0.0215419;0.989594;1;3;1
169.531;583.06;-5.76586;5.37024;0.00284483;-0.00322672;0.000806955;0.00295025;-0.00333214;1.01234;-0.00242692;-0.007278;0.998462;0.0204912;0.991483;1;3;1
192.531;583.06;-5.69114;5.36354;0.00177144;-0.00235131;0.000554604;0.00184474;-0.00242461;1.00352;-0.00383913;0.00931542;0.999353;0.0225238;0.987136;1;3;1
215.531;583.06;-5.68467;5.22644;0.00193835;-0.00413028;-0.000808244;0.00204415;-0.00423608;0.996047;-0.00102033;0.00276453;0.993887;0.0232051;0.987097;1;3;1
238.531;583.06;-5.60232;5.20941;0.00341225;-0.00371064;0.000442898;0.00343968;-0.00373807;1.00617;-0.00455266;0.00318136;0.998455;0.0211486;0.990183;1;3;1
261.531;583.06;-5.52814;5.10331;0.00354619;-0.00543936;-0.00129149;0.00372813;-0.0056213;0.999353;0.00467217;0.00396485;0.995742;0.0202288;0.988881;1;3;1
284.531;583.06;-5.43984;5.0305;0.00441218;-0.00255567;0.000130379;0.00441462;-0.00255811;1.00342;-0.00446932;0.00433679;0.995289;0.0231719;0.987823;1;3;1
307.531;583.06;-5.32588;4.95026;0.0048637;-0.00301483;-1.47551e-05;0.00486372;-0.00301485;1.00324;0.000373516;0.00138252;0.993737;0.0198723;0.991052;1;3;1
330.531;583.06;-5.21681;4.9073;0.00328328;-0.00364828;0.000597808;0.00333446;-0.00369946;1.0088;-0.00686056;0.00329215;0.996773;0.0193882;0.991973;1;3;1
353.531;583.06;-5.17525;4.83133;0.00115256;-0.00359884;-0.000976279;0.00134534;-0.00379162;0.999052;-0.00334617;0.00535037;0.99879;0.0197717;0.989908;1;3;1
376.531;583.06;-5.16421;4.71781;0.00295067;-0.00203669;-0.000352412;0.00297545;-0.00206147;1.00181;-0.00359041;0.00238873;0.994104;0.020661;0.985802;1;3;1
399.531;583.06;-5.03984;4.7229;0.0053076;-0.00127825;0.000371832;0.00532853;-0.00129918;1.00265;-0.00175889;0.00337406;0.996878;0.0223553;0.985656;1;3;1
422.531;583.06;-4.92071;4.69851;0.00505505;-0.00271746;0.000457461;0.00508188;-0.00274429;1.00799;-0.00422508;0.00117202;0.994151;0.0216086;0.983666;1;3;1
445.531;583.06;-4.80797;4.64107;0.00362786;-0.00410039;8.08636e-05;0.00362871;-0.00410124;1.00094;-0.00427976;0.00494264;0.991536;0.019928;0.989924;1;3;1
468.531;583.06;-4.75433;4.56402;0.00349014;-0.000846008;-6.39025e-05;0.00349108;-0.000846949;1.00732;-0.00726555;-0.000909715;1.00256;0.0220211;0.989872;1;4;1
491.531;583.06;-4.64793;4.49779;0.00334505;-0.00280304;-0.000205008;0.00335188;-0.00280987;0.999896;-0.00529667;0.00670496;0.998579;0.0191575;0.99187;1;3;1
514.531;583.06;-4.60092;4.42679;0.00348629;-0.00353142;-0.000592422;0.00353595;-0.00358108;1.00439;-0.00236977;0.00103718;0.991748;0.0194937;0.990062;1;3;1
537.531;583.06;-4.48796;4.38974;0.00436432;-0.00223105;-0.000377751;0.00438588;-0.00225261;1.00284;0.00184017;0.00426424;0.994912;0.0221845;0.986113;1;3;1
560.531;583.06;-4.40078;4.2956;0.00308536;-0.000841789;-0.0012864;0.00346922;-0.00122565;1.00433;-0.00136766;0.00509364;0.99838;0.019036;0.990633;1;2;1
583.531;583.06;-4.34665;4.1987;0.0064057;-0.00201761;-0.000585574;0.00644622;-0.00205812;1.00308;-0.00333586;0.00327681;0.997264;0.0210039;0.987414;1;3;1
606.531;583.06;-4.10714;4.20714;0.00565041;-0.00222716;-0.000683509;0.00570927;-0.00228602;1.00562;-0.00151849;-0.00165051;0.999439;0.0243906;0.980349;1;4;1
629.531;583.06;-4.08755;4.10626;0.00182446;-0.00173392;-0.000385358;0.00186571;-0.00177518;1.00424;-0.00259608;0.00932931;0.995745;0.0215366;0.987773;1;3;1
652.531;583.06;-4.02366;4.02194;0.0047575;-0.00147008;-0.00105004;0.00492978;-0.00164236;0.997747;0.00397543;0.00143752;0.993214;0.0196817;0.991666;1;3;1
675.531;583.06;-3.86946;3.95841;0.00534434;-0.00317809;0.000523512;0.00537638;-0.00321012;1.00812;-0.00768281;0.00263318;0.991646;0.0212849;0.99044;1;3;1
698.531;583.06;-3.77853;3.95225;0.00485632;-0.000583001;0.000553854;0.00491215;-0.000638824;1.00814;-0.0055662;0.00226564;0.999041;0.0201764;0.991991;1;3;1
721.531;583.06;-3.64664;3.9038;0.00460099;-0.00312858;8.09576e-05;0.00460184;-0.00312943;1.00221;-0.00582979;0.00179488;0.994697;0.0176682;0.99179;1;3;1
744.531;583.06;-3.56749;3.84568;0.00547169;-0.00296329;-0.000588848;0.0055126;-0.0030042;1.00566;9.53963e-05;0.0060241;0.998565;0.0219322;0.983985;1;3;1
767.531;583.06;-3.39591;3.74397;0.00557272;-0.00290757;0.000334873;0.00558593;-0.00292077;1.00884;-0.000600856;0.000255828;0.998598;0.020167;0.988251;1;2;1
790.531;583.06;-3.31201;3.72535;0.00467812;-0.00209276;0.000321199;0.00469332;-0.00210797;1.00168;-0.00641033;0.00586651;0.998355;0.020748;0.982049;1;4;1
813.531;583.06;-3.18135;3.63269;0.00540122;-0.00290332;-0.000145533;0.00540377;-0.00290587;1.00591;0.000411666;0.00639611;0.99542;0.0200987;0.988457;1;3;1
836.531;583.06;-3.06451;3.56338;0.00532472;-0.00254813;0.0011124;0.00547888;-0.00270229;1.0062;-0.00405256;-0.000943897;0.996892;0.0202007;0.990196;1;3;1
859.531;583.06;-2.93709;3.57892;0.00507393;-0.00136269;-1.73119e-05;0.00507397;-0.00136273;1.01107;-0.00153269;0.00683554;1.00097;0.0225373;0.98283;1;3;1
882.531;583.06;-2.83176;3.48765;0.00374487;-0.00207104;-0.000427832;0.00377617;-0.00210235;0.996141;-0.00106487;-0.00296928;0.998243;0.0237894;0.983856;1;4;1
905.531;583.06;-2.76538;3.43354;0.00670767;-0.00230576;0.000165162;0.0067107;-0.00230878;1.00994;0.00361557;0.00442934;0.990711;0.0236036;0.979252;1;3;1
928.531;583.06;-2.52428;3.42091;0.0082086;-0.00207905;0.000917521;0.00828979;-0.00216024;1.00512;-0.00443403;0.00171414;0.999784;0.0249363;0.985218;1;3;1
951.531;583.06;-2.38936;3.3679;0.00596359;-0.00151809;-0.000569919;0.00600676;-0.00156126;1.00919;-0.00817875;0.00425829;0.995726;0.019229;0.988953;1;3;1
974.531;583.06;-2.25099;3.27841;0.0053023;-0.0025392;-9.12109e-05;0.00530336;-0.00254026;1.00389;-0.00444174;0.00183005;0.994957;0.0211725;0.988212;1;3;1
997.531;583.06;-2.14625;3.24939;0.00491417;-0.00198282;0.0001768;0.0049187;-0.00198735;1.00724;-0.0039714;0.00417563;0.995004;0.0227507;0.984363;1;3;1
1020.53;583.06;-2.0256;3.17545;0.00623286;-0.00164722;-0.000507348;0.0062654;-0.00167975;1.00424;0.00226969;0.000358004;1.00002;0.0212934;0.986533;1;3;1
1043.53;583.06;-1.86052;3.15782;0.00632489;-0.00351379;0.000401722;0.00634127;-0.00353017;1.00942;-0.0013038;0.00607968;0.994114;0.0222964;0.986007;1;3;1
1066.53;583.06;-1.73572;3.0592;0.0060778;-0.00185834;-0.000448083;0.00610302;-0.00188356;1.00221;0.000554761;0.000320096;0.998615;0.0222892;0.983995;1;3;1
1089.53;583.06;-1.58197;3.02689;0.00577863;-0.000900842;0.00176786;0.00621767;-0.00133988;1.0111;-0.00336753;0.00439108;0.999052;0.0210427;0.991195;1;3;1
1112.53;583.06;-1.47068;3.02311;0.00581999;-0.00107791;-7.40408e-05;0.00582079;-0.0010787;1.00578;0.00305974;0.0015901;1.00043;0.0221054;0.990147;1;3;1
1135.53;583.06;-1.31517;2.90985;0.00604417;-0.000617351;-0.0010484;0.00620527;-0.000778453;1.00512;0.000896542;0.00636013;0.997707;0.0236139;0.987793;1;3;1
1158.53;583.06;-1.19389;2.82901;0.0057247;-0.00174824;0.000651684;0.0057811;-0.00180465;1.00649;0.00409401;-0.00380528;0.992162;0.0240193;0.986163;1;3;1
1181.53;583.06;-1.0526;2.87695;0.0072894;-0.000636057;0.00131837;0.00750296;-0.000849607;1.00841;-0.00723465;0.00422577;0.996572;0.0212801;0.987593;1;3;1
1204.53;583.06;-0.859818;2.77916;0.00641322;-0.00237182;0.000653105;0.00646151;-0.00242011;1.00466;-0.000738577;0.00223715;1.00074;0.0207817;0.983085;1;3;1
1227.53;583.06;-0.758678;2.76054;0.00545228;-0.000861962;0.00121623;0.00567844;-0.00108813;1.00155;-0.00313519;0.00393777;1.00051;0.0207431;0.987948;1;3;1
1250.53;583.06;-0.609776;2.69189;0.00767338;-0.000593351;-2.87375e-05;0.00767348;-0.000593451;1.01075;-0.00236143;-0.00070592;0.995686;0.0194691;0.990128;1;3;1
1273.53;583.06;-0.407134;2.67046;0.00884976;-0.00158446;0.00177012;0.00914188;-0.00187658;1.00819;-0.0110493;0.00025121;0.996973;0.0345014;0.978206;1;3;1
31.5305;560.06;-6.25138;5.90706;0.00779237;-0.00372755;-0.00173663;0.00804847;-0.00398366;1.00642;0.00234542;-0.00216781;0.996329;0.0231636;0.990105;1;3;1
54.5305;560.06;-6.07307;5.80514;0.00365233;-0.00356215;-0.0012837;0.00387394;-0.00378376;1.00202;-0.00758539;0.00802652;0.996772;0.0202951;0.993947;1;3;1
77.5306;560.06;-6.0842;5.68713;0.000984688;-0.00244546;-0.000757202;0.0011444;-0.00260517;1.00199;-0.000109412;0.00342185;0.998626;0.022516;0.992254;1;3;1
100.531;560.06;-6.0281;5.6384;0.00300479;-0.00175149;0.000553488;0.00306835;-0.00181505;0.999836;-0.00270935;-0.00165564;1.00225;0.0244229;0.989737;1;3;1
123.531;560.06;-5.94626;5.60532;0.00464037;-0.00425998;0.000695239;0.00469435;-0.00431396;1.0015;-0.00718416;0.00705736;1.00723;0.0259111;0.981437;1;3;1
146.531;560.06;-5.81527;5.52653;0.00223649;-0.00338525;-0.000427314;0.00226879;-0.00341754;1.00519;-9.72395e-05;0.00173743;0.997808;0.0199491;0.991448;1;3;1
169.531;560.06;-5.8438;5.43776;-2.11962e-05;-0.00323033;-0.00156608;0.000616386;-0.00386791;1.00257;-0.00600159;0.00765055;0.99396;0.0228867;0.988995;1;3;1
192.531;560.06;-5.81667;5.32958;0.00323126;-0.0021294;0.000382828;0.00325846;-0.0021566;0.995481;-0.00620495;0.000158452;0.998753;0.0270314;0.984724;1;3;1
215.531;560.06;-5.69549;5.3505;0.00293208;-0.00397353;-0.000362685;0.00295108;-0.00399252;0.997938;0.000789995;0.00372999;0.996278;0.0189576;0.993633;1;3;1
238.531;560.06;-5.68208;5.23796;0.00291947;-0.00277006;-0.000981019;0.00308387;-0.00293447;1.00398;0.00442686;0.00313127;0.997025;0.0200153;0.994114;1;3;1
261.531;560.06;-5.56151;5.24439;0.00347197;-0.00338821;-0.000786534;0.00356099;-0.00347723;1.00563;-0.00295125;-0.00272116;0.993203;0.020983;0.988596;1;3;1
284.531;560.06;-5.52286;5.09866;0.00319278;-0.00378324;-0.00176177;0.00361246;-0.00420292;1.0019;-0.0010364;0.00836298;0.997185;0.0215328;0.990698;1;3;1
307.531;560.06;-5.41548;5.008;0.00360214;-0.00376101;-0.000356324;0.00361934;-0.00377821;1.00564;-0.00286433;0.000475475;1.00178;0.0211083;0.991459;1;3;1
330.531;560.06;-5.35778;4.92662;0.00419727;-0.00378092;0.000233033;0.00420407;-0.00378772;1.00104;0.00123694;0.00432909;0.996125;0.0195677;0.991212;1;3;1
353.531;560.06;-5.22295;4.8932;0.0038574;-0.00305761;0.000472518;0.00388954;-0.00308975;1.00014;-0.00469319;0.0073279;0.997619;0.0189971;0.992337;1;3;1
376.531;560.06;-5.18082;4.81259;0.00385068;-0.00372798;-0.00129463;0.00406574;-0.00394303;1.00744;0.0033316;-0.00200491;0.997593;0.0200466;0.992301;1;3;1
399.531;560.06;-5.0465;4.71602;0.00412867;-0.00309754;-0.000793639;0.00421481;-0.00318367;1.00027;-0.0005618;0.00791113;0.995298;0.020357;0.990472;1;3;1
422.531;560.06;-4.99155;4.65656;0.00248271;-0.00249501;0.00073588;0.00258922;-0.00260152;1.00419;0.00202869;-0.00120536;0.999489;0.0195398;0.990944;1;3;1
445.531;560.06;-4.93245;4.68022;0.00323516;-0.00123108;0.000776843;0.00336642;-0.00136234;1.00241;-0.00019957;0.00176987;1.00657;0.0197144;0.989172;1;3;1
468.531;560.06;-4.84307;4.56313;0.00319384;-0.00194337;-0.000527981;0.00324754;-0.00199707;1.00511;-0.00189612;0.000517734;1.00061;0.0192499;0.990123;1;2;1
491.531;560.06;-4.78606;4.51756;0.00442766;-0.00206478;0.000897727;0.00454951;-0.00218662;1.00746;-0.00449138;0.00598296;1.00072;0.0221782;0.986152;1;3;1
514.531;560.06;-4.6399;4.49271;0.00567517;-0.00213266;-0.000456538;0.00570177;-0.00215926;1.00263;-0.00373945;0.000266947;1.00169;0.018809;0.990608;1;3;1
537.531;560.06;-4.52586;4.40963;0.00445443;-0.00212455;-0.000763745;0.00454192;-0.00221205;1.00716;-0.0041702;0.00244329;1.00045;0.0183842;0.991087;1;3;1
560.531;560.06;-4.43586;4.29837;0.00456631;-0.00327264;-0.000433589;0.00459022;-0.00329655;1.00291;-0.00390552;0.00695224;0.996913;0.0203423;0.987297;1;3;1
583.531;560.06;-4.31655;4.25518;0.00508906;-0.00224412;-0.000535924;0.00512802;-0.00228308;1.00227;-4.10534e-05;0.00101685;0.998062;0.0190495;0.990147;1;3;1
606.531;560.06;-4.20245;4.20653;0.00323106;-0.00126315;-9.70356e-05;0.00323316;-0.00126524;1.00621;-6.39183e-05;7.25023e-05;0.997765;0.0197636;0.989174;1;3;1
629.531;560.06;-4.16836;4.11833;0.0038159;-0.00261117;-0.000156503;0.00381971;-0.00261498;1.00324;-0.00278739;0.00289941;0.999569;0.0203805;0.986777;1;3;1
652.531;560.06;-4.02744;4.07468;0.00431437;-0.00339995;-0.000275674;0.00432421;-0.00340979;1.00294;-0.00426498;0.00348441;0.999413;0.0207682;0.989555;1;3;1
675.531;560.06;-3.97036;4.06386;0.00428053;-0.00416117;-0.000422109;0.00430158;-0.00418222;1.0056;-0.00252998;0.000737845;1.00154;0.0210153;0.987135;1;3;1
698.531;560.06;-3.83114;3.9449;0.00621508;-0.00180923;-0.000413062;0.00623628;-0.00183044;1.00545;-0.00290507;0.00124522;1.00158;0.0196542;0.986837;1;3;1
721.531;560.06;-3.68547;3.95488;0.00512734;-0.00168905;0.000281733;0.00513896;-0.00170067;1.00458;-0.00175485;0.00351221;1.00143;0.0194327;0.98711;1;3;1
744.531;560.06;-3.59595;3.8623;0.00388428;-0.00210272;-0.000548466;0.00393411;-0.00215255;1.00594;-0.00469772;0.00354924;1.00058;0.0209049;0.984496;1;3;1
767.531;560.06;-3.50729;3.83873;0.00547719;-0.00263092;0.00039581;0.00549647;-0.0026502;1.00462;-0.00603135;-0.000248121;0.995542;0.0198363;0.988568;1;3;1
790.531;560.06;-3.34477;3.77521;0.0052753;-0.00247914;-0.000428664;0.00529893;-0.00250276;1.00719;0.00464432;0.00446822;0.995602;0.0243557;0.982815;1;4;1
813.531;560.06;-3.26542;3.71628;0.00407013;-0.00239958;-0.00028235;0.00408243;-0.00241188;1.00525;-0.00374583;0.00159853;1.00134;0.0222585;0.985701;1;4;1
836.531;560.06;-3.15815;3.63226;0.0062487;-0.00216489;-0.000150968;0.00625141;-0.0021676;1.00518;0.00371756;0.00603004;1.00013;0.0200085;0.988215;1;3;1
859.531;560.06;-2.97908;3.57879;0.00648532;-0.00109082;-9.08905e-05;0.00648641;-0.00109191;1.00483;0.00134812;0.00129943;0.998751;0.0239358;0.983755;1;4;1
882.531;560.06;-2.86092;3.5173;0.00718338;-0.0022999;-0.000106245;0.00718457;-0.00230109;1.00819;-0.00228057;0.000126218;0.998894;0.0201462;0.987426;1;4;1
905.531;560.06;-2.65001;3.44863;0.00404611;-0.0021144;-0.000893936;0.0041732;-0.0022415;1.00503;-0.00579318;0.00397129;1.00281;0.0218708;0.986756;1;4;1
928.531;560.06;-2.67525;3.43435;0.00410542;-0.000711756;-0.000940179;0.00428241;-0.00088875;1.00581;0.000100525;0.00117497;0.999986;0.0214392;0.987439;1;4;1
951.531;560.06;-2.46166;3.34494;0.00667694;-0.000663252;-0.000191765;0.00668195;-0.000668258;1.00662;0.00396671;0.000826892;1.00099;0.0206181;0.99351;1;3;1
974.531;560.06;-2.36928;3.31665;0.00586752;-0.00165934;0.00121696;0.00605939;-0.00185121;1.00996;-0.00500826;0.00568529;1.00387;0.0208209;0.987201;1;4;1
997.531;560.06;-2.19263;3.25581;0.00686806;-0.00151146;-0.000426912;0.00688976;-0.00153316;1.00669;-0.00324812;0.000312744;1.00429;0.0256397;0.983033;1;3;1
1020.53;560.06;-2.05456;3.20474;0.00513056;-0.000767342;0.000921867;0.00527129;-0.000908076;1.0029;-0.00948634;-0.00161647;0.999507;0.0196944;0.987332;1;3;1
1043.53;560.06;-1.95726;3.19374;0.00476432;-0.00235331;0.000196235;0.00476972;-0.00235872;1.00509;-0.0093221;0.00694617;1.00255;0.0203543;0.991631;1;3;1
1066.53;560.06;-1.83607;3.08894;0.00468553;-0.00206011;-0.000656925;0.00474891;-0.00212348;1.00539;-0.00819117;0.00280816;0.997325;0.0211697;0.987806;1;3;1
1089.53;560.06;-1.74272;2.98039;0.0069215;-0.0021539;7.46919e-05;0.00692212;-0.00215452;1.00733;-0.00967204;0.00275516;0.997436;0.0249223;0.980928;1;4;1
1112.53;560.06;-1.51893;2.96897;0.00807183;-0.00116804;0.000717022;0.00812714;-0.00122335;1.01104;-0.00699062;0.00377608;0.997466;0.0214659;0.985768;1;3;1
1135.53;560.06;-1.37298;2.89927;0.00698932;-0.00201297;-0.000175952;0.00699275;-0.00201641;1.00478;-0.00390933;-5.53275e-05;0.99899;0.018124;0.991882;1;3;1
1158.53;560.06;-1.1986;2.89298;0.00534532;-0.00115403;0.000293963;0.00535859;-0.0011673;1.00735;-0.0024532;0.00148925;1.00513;0.0215329;0.98678;1;3;1
1181.53;560.06;-1.12779;2.83965;0.00564741;-0.000480022;0.000898766;0.00577652;-0.000609131;1.00259;0.00340086;9.35675e-06;0.998348;0.0214578;0.98652;1;3;1
1204.53;560.06;-0.939575;2.84344;0.00772765;-0.00149277;0.00104495;0.00784459;-0.00160971;1.01114;-0.00390946;0.00179541;0.996337;0.0187203;0.989341;1;3;1
1227.53;560.06;-0.773736;2.76558;0.00774968;-0.00133371;-0.000782432;0.00781658;-0.00140062;1.00381;-0.000213871;0.00439758;0.999253;0.0194901;0.990858;1;3;1
1250.53;560.06;-0.584602;2.72906;0.00199591;-0.000781446;0.00024125;0.00201671;-0.000802246;1.0104;-0.00278901;0.000589083;1.00234;0.0216091;0.98806;1;3;1
1273.53;560.06;-0.682031;2.72796;-0.00422705;0.00142855;0.000776139;0.00153313;-0.00433163;0.984672;0.00434077;0.00344173;0.997088;0.034743;0.970921;1;3;1
31.5305;537.06;-6.20343;5.96773;0.00167092;-0.0018;-0.00107997;0.00197951;-0.00210859;1.00245;-0.000365584;0.00241799;0.994557;0.0218284;0.987534;1;3;1
54.5305;537.06;-6.16519;5.88353;0.00215807;-0.00312658;-0.000668692;0.00224137;-0.00320988;0.999697;0.0013589;0.00529706;0.995172;0.0190118;0.994156;1;3;1
77.5306;537.06;-6.1047;5.76842;0.00254188;-0.00309767;-0.000643398;0.00261436;-0.00317014;1.00298;-0.00109424;0.00520571;0.99545;0.021383;0.988256;1;3;1
100.531;537.06;-6.04866;5.73229;0.00157624;-0.00367138;-0.000514375;0.00162619;-0.00372133;1.00633;-0.000490147;-0.000316842;0.994472;0.0201431;0.991587;1;3;1
123.531;537.06;-6.03232;5.6878;0.00217048;-0.00279308;-0.000477259;0.00221595;-0.00283855;1.00076;-0.00115096;0.00363944;0.992365;0.0224247;0.987603;1;3;1
146.531;537.06;-5.94916;5.58356;0.00467468;-0.00365835;0.000117787;0.00467635;-0.00366002;0.99913;-0.00347376;0.0046671;0.99269;0.0214565;0.990522;1;3;1
169.531;537.06;-5.81809;5.51911;0.00296701;-0.00289921;-0.000510907;0.00301117;-0.00294337;1.00476;0.00437884;-0.000839634;0.994664;0.0252367;0.983405;1;3;1
192.531;537.06;-5.81305;5.46176;0.00164987;-0.00361281;-0.000697982;0.00174086;-0.00370381;1.00019;0.00256901;-0.000172892;0.992352;0.0223079;0.987723;1;3;1
215.531;537.06;-5.74239;5.40963;0.00425615;-0.00217772;-0.000707659;0.00433306;-0.00225464;1.00356;-0.003375;0.00275973;0.997119;0.0212641;0.989243;1;3;1
238.531;537.06;-5.61785;5.33702;0.00322819;-0.0027775;-0.00187263;0.00376425;-0.00331355;0.99802;-0.00437737;0.00496959;0.996585;0.0202957;0.990009;1;2;1
261.531;537.06;-5.59438;5.25948;0.0022856;-0.000261908;-0.000969373;0.00261251;-0.00058882;1.00214;0.00013523;0.00197627;1.00088;0.0192811;0.992992;1;2;1
284.531;537.06;-5.51302;5.20492;0.00284295;-0.0027879;-0.00119286;0.00308522;-0.00303018;1.00169;0.00179519;0.00449857;0.992639;0.0215559;0.988239;1;2;1
307.531;537.06;-5.46399;5.1238;0.00350915;-0.00343973;-0.000361026;0.00352786;-0.00345844;1.00345;-0.00202717;0.00452662;0.993718;0.0212268;0.990285;1;3;1
330.531;537.06;-5.35204;5.08175;0.00288317;-0.00593914;-0.000881726;0.00297043;-0.0060264;1.00247;-0.00177164;0.00334179;0.991452;0.0192784;0.993336;1;3;1
353.531;537.06;-5.3318;4.97246;0.00285276;-0.00269087;-0.000434559;0.00288662;-0.00272473;1.00122;0.0030216;0.00711622;0.993903;0.021864;0.99014;1;3;1
376.531;537.06;-5.2214;4.88966;0.00457325;-0.0029886;-0.00103018;0.00471108;-0.00312643;1.00423;0.00665769;0.00142501;0.993095;0.018827;0.992697;1;3;1
399.531;537.06;-5.12203;4.86568;0.00430474;-0.0049539;0.000754716;0.00436585;-0.00501502;1.00505;-0.00891543;-0.000468877;1.00004;0.0226169;0.989662;1;3;1
422.531;537.06;-5.02387;4.81354;0.00326859;-0.00425054;-0.000820606;0.0033571;-0.00433906;1.00568;-0.00393468;0.00778203;0.996615;0.0209185;0.99098;1;3;1
445.531;537.06;-4.97223;4.69803;0.00340609;-0.000555039;-0.000387622;0.00344367;-0.000592613;0.996059;0.00120657;0.00286355;0.998384;0.0200707;0.989113;1;3;1
468.531;537.06;-4.86773;4.65365;0.00375132;-0.00265395;0.000154482;0.00375504;-0.00265767;1.00678;-0.001289;-0.00119605;0.993472;0.0194904;0.991499;1;3;1
491.531;537.06;-4.80011;4.59312;0.00439359;-0.0041745;-0.00134295;0.00459915;-0.00438006;1.00452;1.08377e-05;0.00500524;0.992818;0.0211967;0.988434;1;2;1
514.531;537.06;-4.66625;4.52505;0.00412029;-0.00298608;-0.00029218;0.00413229;-0.00299807;1.00177;0.000597358;0.0011276;0.996481;0.017428;0.991876;1;2;1
537.531;537.06;-4.61109;4.48774;0.00330992;-0.0036767;0.000725124;0.00338439;-0.00375116;1.00414;-0.00496113;0.00330248;0.996583;0.0205064;0.987072;1;3;1
560.531;537.06;-4.51431;4.44653;0.00485307;-0.00291953;-0.000642059;0.00490575;-0.00297221;1.00211;-0.00619575;0.00496482;0.993596;0.0200952;0.984343;1;3;1
583.531;537.06;-4.38876;4.30207;0.00610953;-0.00229496;-0.000559897;0.00614667;-0.0023321;1.00466;-0.00731172;0.00463754;0.998338;0.0213043;0.990717;1;3;1
606.531;537.06;-4.23448;4.26546;0.00402118;-0.00169787;0.000498321;0.00406427;-0.00174096;1.00526;-0.00781007;-0.000745587;0.998522;0.0202018;0.988182;1;3;1
629.531;537.06;-4.20421;4.22668;0.00396655;-0.00291556;-0.00034781;0.00398408;-0.00293309;1.00533;-0.00219331;0.00591323;0.998299;0.020496;0.989593;1;3;1
652.531;537.06;-4.05246;4.17861;0.00533565;-0.0041887;0.000401625;0.00535256;-0.00420561;0.997535;-0.00520576;-0.00221647;0.996589;0.0204185;0.987495;1;3;1
675.531;537.06;-3.95949;4.15031;0.00444046;-0.00249853;-0.000769719;0.00452481;-0.00258288;1.00829;-0.0018941;0.00439881;0.994257;0.0254581;0.986529;1;3;1
698.531;537.06;-3.84887;4.03561;0.00447347;-0.00379072;-0.000255961;0.00448139;-0.00379864;1.00336;-0.00126501;0.00241837;0.993968;0.0189329;0.991732;1;2;1
721.531;537.06;-3.75447;3.98169;0.00471267;-0.000589599;0.000173452;0.00471833;-0.000595267;1.00564;-0.00407767;0.00285848;0.995644;0.0205899;0.989188;1;2;1
744.531;537.06;-3.63269;3.94255;0.00514611;-0.00341358;-0.000439648;0.00516863;-0.0034361;1.00338;-0.00156047;0.00509614;0.993746;0.0220754;0.987125;1;3;1
767.531;537.06;-3.51851;3.86532;0.00519875;-0.00209338;-0.000491408;0.00523172;-0.00212635;1.00631;0.00123295;0.00196174;0.995912;0.0204481;0.990379;1;3;1
790.531;537.06;-3.39428;3.8396;0.00481948;-0.00171665;0.000354117;0.00483861;-0.00173578;1.00489;-0.00648121;0.00519953;0.997915;0.0221792;0.990366;1;3;1
813.531;537.06;-3.2975;3.74335;0.00452265;-0.00124021;-0.000896843;0.004659;-0.00137655;1.00515;-0.000289789;0.00208952;0.996198;0.0200003;0.986205;1;3;1
836.531;537.06;-3.18705;3.66323;0.00555366;-0.00243423;-0.000637908;0.00560428;-0.00248485;0.999067;-0.00555443;0.00503933;0.995624;0.0182942;0.989908;1;3;1
859.531;537.06;-3.04288;3.62925;0.00514592;-0.00168309;0.000399282;0.00516918;-0.00170635;1.00963;-0.00286965;0.00248031;0.998211;0.0251097;0.979463;1;3;1
882.531;537.06;-2.95099;3.59372;0.00604155;-0.00114929;-0.000387879;0.00606242;-0.00117015;1.00435;-0.00162893;-0.00319398;0.999625;0.0192557;0.991293;1;3;1
905.531;537.06;-2.76591;3.5309;0.00894987;-0.00187689;-0.000174424;0.00895268;-0.0018797;1.0091;-0.00414667;0.0041335;0.997943;0.02628;0.982582;1;3;1
928.531;537.06;-2.54134;3.45367;0.00604883;-0.00186247;-0.00157391;0.00635045;-0.00216409;1.00963;0.00148447;0.00700453;0.995558;0.0242443;0.982119;1;4;1
951.531;537.06;-2.48869;3.39853;0.00197322;-0.00212387;-0.000253118;0.0019888;-0.00213944;1.0018;-0.00505471;0.000960126;0.995235;0.0213617;0.989852;1;4;1
974.531;537.06;-2.45076;3.35524;0.00589837;-0.00170261;0.00035549;0.00591496;-0.0017192;1.01098;-0.00522046;0.00318805;0.999294;0.0219671;0.988714;1;3;1
997.531;537.06;-2.21823;3.31902;0.00609006;-0.00186162;-8.91345e-05;0.00609106;-0.00186262;1.00609;-0.0069823;0.000823004;0.996728;0.0215884;0.98204;1;3;1
1020.53;537.06;-2.17169;3.21099;0.00489867;-0.00253227;0.000699904;0.00496402;-0.00259762;0.998235;-0.000889281;-0.00162038;0.997814;0.0216464;0.986099;1;3;1
1043.53;537.06;-1.99347;3.2664;0.00619836;-0.00106772;0.000528423;0.00623659;-0.00110595;0.999619;0.00231675;0.00132391;0.995561;0.021664;0.985478;1;3;1
1066.53;537.06;-1.88748;3.15432;0.00623647;-0.00198508;-0.000174767;0.00624018;-0.00198879;1.01099;-0.00166933;0.00312881;0.996356;0.0204138;0.989912;1;3;1
1089.53;537.06;-1.70769;3.12625;0.00590968;-0.00238771;-0.000785103;0.00598331;-0.00246134;1.00739;0.00324752;0.00471699;0.990495;0.0210939;0.987602;1;3;1
1112.53;537.06;-1.6165;3.0771;0.00727519;-0.00121885;-0.000688227;0.00733059;-0.00127425;1.00591;0.000922143;0.00372384;0.998024;0.0216391;0.990154;1;3;1
1135.53;537.06;-1.37441;3.00257;0.00735011;-0.00277004;-0.00101631;0.00745116;-0.00287109;1.00524;-0.00255568;0.00736155;0.997604;0.0212926;0.985986;1;3;1
1158.53;537.06;-1.28004;2.88221;0.00414882;-0.000762325;0.000232814;0.00415984;-0.000773337;1.00253;-0.005732;-3.75907e-05;0.992682;0.0224958;0.985579;1;3;1
1181.53;537.06;-1.18407;2.89923;0.00548095;-0.00180026;0.000493341;0.00551423;-0.00183353;1.00335;-0.00760983;0.00114493;0.996643;0.0254398;0.979306;1;2;1
1204.53;537.06;-1.02861;2.84819;0.00837258;0.000436204;0.000419448;0.00839469;0.000414097;1.01039;0.000286092;0.00153849;1.00256;0.0242808;0.98934;1;3;1
1227.53;537.06;-0.800594;2.82195;0.00784197;-0.00196119;1.90557e-05;0.007842;-0.00196123;1.00374;-0.00594612;0.00252175;0.992937;0.0287223;0.98155;1;3;1
1250.53;537.06;-0.669441;2.72789;0.00698169;-0.000977579;-0.000308403;0.00699362;-0.000989511;1.01144;-0.00344399;0.0055472;0.99814;0.0252837;0.987926;1;3;1
1273.53;537.06;-0.481059;2.60485;0.00823838;-0.000348639;-0.00287035;0.00910947;-0.00121973;0.999825;-0.00416026;0.0023883;0.996257;0.0400555;0.959974;1;4;1
31.5305;514.06;-6.32001;5.98999;0.00479807;-0.00207065;0.000288141;0.00481013;-0.00208271;1.00795;-0.00577652;0.00369989;1.00012;0.0230263;0.989451;1;3;1
54.5305;514.06;-6.20995;5.9494;0.00315123;-0.00318595;-0.000677315;0.00322281;-0.00325753;0.99648;-0.00153984;0.00221802;0.997487;0.021726;0.990098;1;3;1
77.5306;514.06;-6.17556;5.82993;0.0032471;-0.00358298;-0.000136102;0.00324981;-0.00358569;1.00721;-0.00377179;0.00107765;0.997495;0.0205059;0.991314;1;3;1
100.531;514.06;-6.06104;5.80761;0.00272585;-0.00386587;-0.000180138;0.00273077;-0.00387079;1.00356;-0.00240041;0.002586;0.997145;0.0252713;0.986862;1;3;1
123.531;514.06;-6.05044;5.7341;0.00147551;-0.00368769;-0.000888984;0.00162429;-0.00383647;0.997495;-0.00240101;0.0017471;0.997072;0.0226817;0.987046;1;3;1
146.531;514.06;-5.99336;5.69547;0.00288884;-0.00298201;-0.000967143;0.00304406;-0.00313723;1.00254;-0.000633123;0.00459917;0.998217;0.0228725;0.990904;1;3;1
169.531;514.06;-5.91803;5.57138;0.0028806;-0.00286815;-0.00021371;0.00288853;-0.00287608;1.00327;-0.0053596;0.00209432;1.00168;0.0236599;0.985036;1;3;1
192.531;514.06;-5.86147;5.4961;0.00356244;-0.00288961;-2.08844e-05;0.00356251;-0.00288967;1.00693;-0.00667009;0.00122554;0.998678;0.0214876;0.990188;1;3;1
215.531;514.06;-5.7546;5.45083;0.00440204;-0.0029621;-0.000539808;0.0044414;-0.00300146;1.00559;0.000141688;0.00240998;0.996094;0.0225568;0.989511;1;3;1
238.531;514.06;-5.6596;5.36591;0.00328198;-0.00296498;-0.000298603;0.00329622;-0.00297922;1.00114;-0.00124074;0.00544676;0.99729;0.0204582;0.99031;1;2;1
261.531;514.06;-5.60429;5.25646;0.00242619;-0.00307337;-0.0011825;0.00266967;-0.00331685;1.00193;-0.00174282;0.00481516;0.997132;0.0226491;0.990083;1;3;1
284.531;514.06;-5.54834;5.22709;0.00216927;-0.00275591;0.000318084;0.00218973;-0.00277637;1.0015;-0.00299121;-0.00327814;1.006;0.0222397;0.987237;1;3;1
307.531;514.06;-5.5047;5.16658;0.00264374;-0.00257902;0.000534966;0.00269797;-0.00263325;1.0013;-0.00222045;0.000955034;0.99911;0.0218643;0.988505;1;3;1
330.531;514.06;-5.4269;5.20069;0.00284792;-0.00303951;0.000187172;0.00285386;-0.00304546;0.999976;-0.00854244;0.00475423;0.999529;0.0190162;0.990876;1;3;1
353.531;514.06;-5.37412;5.0174;0.00512452;-0.00418525;-0.00228358;0.00565449;-0.00471521;1.00758;0.00104407;0.00511956;0.995912;0.0225793;0.98816;1;3;1
376.531;514.06;-5.19245;4.95027;0.00398888;-0.00456808;-0.000220292;0.00399455;-0.00457375;1.00296;-0.000407222;0.000850102;0.999499;0.0197175;0.992289;1;3;1
399.531;514.06;-5.19105;4.9447;0.00239086;-0.00243593;-0.000175228;0.00239721;-0.00244228;1.00342;0.00615945;-0.000552333;0.993483;0.0186798;0.992579;1;3;1
422.531;514.06;-5.0827;4.85259;0.00294999;-0.00291512;-0.00193773;0.00353235;-0.00349748;1.00271;-0.00795066;0.00854305;0.99364;0.0208737;0.989658;1;4;1
445.531;514.06;-5.05617;4.70593;0.00264571;-0.0028607;-0.000811503;0.00276282;-0.0029778;1.0038;-0.00973976;0.00275596;0.996773;0.0239114;0.984632;1;3;1
468.531;514.06;-4.96146;4.68552;0.00579118;-0.00180288;0.00117091;0.00596763;-0.00197932;1.00345;-0.00219647;0.000334568;0.995768;0.0179104;0.989817;1;3;1
491.531;514.06;-4.79054;4.70999;0.00531236;-0.0018775;0.000154356;0.00531567;-0.00188081;1.00995;-0.00189159;-0.00270353;0.996039;0.0190214;0.989573;1;3;1
514.531;514.06;-4.71777;4.63035;0.00262108;-0.00289353;-0.000610975;0.00268796;-0.00296041;0.997929;-0.00291886;0.00326032;0.991132;0.0193432;0.991496;1;3;1
537.531;514.06;-4.67032;4.57929;0.00341636;-0.00205134;-0.00140782;0.00375755;-0.00239253;1.00453;0.000475838;0.0109379;0.995239;0.0193261;0.99079;1;3;1
560.531;514.06;-4.56131;4.43303;0.00492339;-0.00302244;-0.00144372;0.00517758;-0.00327662;1.00427;-0.00103863;0.00299612;1.00146;0.0193832;0.989089;1;3;1
583.531;514.06;-4.44491;4.36105;0.00519777;-0.00419336;-0.000677163;0.00524634;-0.00424194;1.00752;-0.00147809;0.00325157;0.996328;0.0193367;0.988817;1;3;1
606.531;514.06;-4.32307;4.28486;0.00484433;-0.00326729;0.000349146;0.00485933;-0.00328229;1.00065;-0.00174479;-0.000300508;0.997701;0.0217954;0.99183;1;3;1
629.531;514.06;-4.22274;4.25267;0.00399132;-0.00228732;0.00072627;0.00407424;-0.00237023;1.00565;0.00081682;0.00131057;0.995836;0.0221794;0.985095;1;3;1
652.531;514.06;-4.13984;4.26791;0.00394084;-0.00267121;0.00070705;0.0040156;-0.00274597;1.00092;0.00132358;0.000427627;0.997512;0.0207415;0.990991;1;3;1
675.531;514.06;-4.04187;4.17899;0.00359646;-0.00110614;-0.000686749;0.0036947;-0.00120438;1.00424;-0.00103088;0.00837913;1.00238;0.0214602;0.989183;1;3;1
698.531;514.06;-3.97493;4.11983;0.00541402;-0.00272849;-0.000194385;0.00541866;-0.00273313;1.00158;-0.00731445;0.00132292;0.998298;0.0228991;0.987428;1;3;1
721.531;514.06;-3.79392;3.98214;0.00662945;-0.00193673;0.000527937;0.00666186;-0.00196915;1.01398;-0.0028897;0.00370674;1.00106;0.0233395;0.985738;1;4;1
744.531;514.06;-3.67109;4.01965;0.00499989;-0.00124899;0.000158777;0.00500392;-0.00125302;1.00234;-0.00326839;-0.00110432;1.00269;0.0199488;0.98919;1;3;1
767.531;514.06;-3.56452;3.93516;0.00376825;-0.00309754;-0.000821511;0.00386518;-0.00319446;1.00262;-0.000897102;0.00949986;0.999893;0.0214048;0.987149;1;3;1
790.531;514.06;-3.49837;3.8545;0.00449175;-0.00211094;-0.000346777;0.00450991;-0.0021291;1.00647;-0.00226298;-0.000851268;0.999277;0.0220765;0.984541;1;3;1
813.531;514.06;-3.35864;3.77346;0.00622635;-0.0018191;-0.000282945;0.00623629;-0.00182904;1.00181;-0.00699464;0.00360821;0.999219;0.0191917;0.986987;1;3;1
836.531;514.06;-3.21298;3.74441;0.00597699;-0.00346976;-4.30122e-05;0.00597718;-0.00346996;1.00686;-0.00505332;-0.0029666;1.00239;0.0190021;0.988139;1;4;1
859.531;514.06;-3.08467;3.6564;0.00632884;-0.00190611;-0.000473976;0.00635603;-0.0019333;1.00729;-0.00571211;0.00990561;1.00284;0.020853;0.984523;1;3;1
882.531;514.06;-2.92309;3.57024;0.00680927;-0.000830433;-0.000154194;0.00681238;-0.000833543;1.00809;-0.00224506;-0.00117286;1.00071;0.0193138;0.991428;1;4;1
905.531;514.06;-2.77266;3.53521;0.00567832;-0.0013776;0.000503221;0.00571403;-0.0014133;1.00574;-0.00469927;-0.00131376;1.00358;0.0218038;0.986961;1;3;1
928.531;514.06;-2.66266;3.52011;0.0051504;-0.00182639;0.00173509;0.00555808;-0.00223407;1.00186;-0.00558685;0.00809851;1.00202;0.0266348;0.972747;1;4;1
951.531;514.06;-2.53644;3.4428;0.00396699;-0.00185578;0.000358627;0.00398899;-0.00187778;1.00494;-0.00111454;-0.00219772;1.00134;0.0213129;0.986396;1;3;1
974.531;514.06;-2.4807;3.39517;0.00455303;-0.00140163;-0.000688552;0.00463161;-0.00148021;1.005;0.0041869;0.00757745;0.997027;0.0202626;0.988211;1;3;1
997.531;514.06;-2.32759;3.34172;0.0067592;-0.00137383;-8.29209e-05;0.00676005;-0.00137467;1.0089;0.00214129;-0.00459387;0.995956;0.023079;0.982777;1;3;1
1020.53;514.06;-2.17088;3.32152;0.00579586;-0.00263104;-0.000244781;0.00580297;-0.00263814;1.00649;0.00479826;0.005529;0.995867;0.0217685;0.990431;1;3;1
1043.53;514.06;-2.06185;3.243;0.0046194;5.41924e-05;-0.00045332;0.00466398;9.61366e-06;0.999359;-0.000685273;0.00181746;1.00082;0.0202224;0.989981;1;4;1
1066.53;514.06;-1.95909;3.18051;0.00686268;-0.00142859;-0.000332831;0.00687602;-0.00144193;1.01219;-0.00393293;0.00243977;1.00131;0.0205331;0.991074;1;2;1
1089.53;514.06;-1.74749;3.09036;0.00830922;-0.00129435;-0.000301807;0.00831869;-0.00130383;1.0047;0.000972902;0.00313451;1.00277;0.0241149;0.985923;1;4;1
1112.53;514.06;-1.57871;3.02511;0.00598378;-0.000551514;-0.000185342;0.00598903;-0.000556766;1.00855;0.00264485;0.0044868;1.00241;0.0208779;0.988774;1;3;1
1135.53;514.06;-1.4731;3.02698;0.00558143;-0.00098237;-7.54856e-05;0.0055823;-0.000983238;1.00756;-0.00546432;0.00611959;0.998252;0.0190501;0.990753;1;3;1
1158.53;514.06;-1.32277;2.92823;0.00581069;-0.00231579;-0.000596273;0.00585421;-0.00235931;1.00136;-0.00705971;-0.000474915;0.999307;0.0228301;0.986529;1;3;1
1181.53;514.06;-1.2067;2.9226;0.00585135;-0.000724084;-0.00176641;0.00629583;-0.00116856;1.00836;0.00218984;0.00293305;1.00116;0.020561;0.991251;1;3;1
1204.53;514.06;-1.05451;2.82352;0.00680874;-0.000902225;0.000431733;0.00683283;-0.000926322;1.00617;-0.000156782;-0.00273187;0.999535;0.0210802;0.986879;1;3;1
1227.53;514.06;-0.894605;2.85604;0.00616496;-0.000199071;0.00100713;0.00632054;-0.00035465;1.01026;0.00037835;0.00212173;1.0045;0.0223134;0.987629;1;3;1
1250.53;514.06;-0.771819;2.77443;0.00502639;-0.00216479;0.000167822;0.00503031;-0.00216871;1.00194;-8.77235e-05;0.000625806;1.00173;0.0223244;0.987646;1;3;1
1273.53;514.06;-0.664104;2.744;0.0046951;-0.002901;0.000672925;0.00475426;-0.00296016;1.00772;-0.00680432;-0.000719025;0.998686;0.030931;0.971097;1;3;1
31.5305;491.06;-6.31045;6.0632;0.0021046;-0.00367966;0.000315381;0.00212175;-0.0036968;0.998359;0.00127609;0.00420375;0.994585;0.0211892;0.991526;1;3;1
54.5305;491.06;-6.26212;6.03042;0.00168815;-0.00265188;-0.000546832;0.00175599;-0.00271972;1.00005;-0.00192293;0.00148705;0.994832;0.0208359;0.990127;1;3;1
77.5306;491.06;-6.23304;5.93371;0.00293763;-0.00354869;-0.000232883;0.00294598;-0.00355704;1.00614;0.00140531;0.00427633;0.994238;0.020573;0.992032;1;3;1
100.531;491.06;-6.12734;5.91053;0.00372179;-0.0025429;0.000806918;0.00382406;-0.00264516;1.00735;-0.00314841;-0.00458928;0.996547;0.0222797;0.988574;1;3;1
123.531;491.06;-6.06222;5.85776;0.00229659;-0.00393995;-0.0014605;0.00262167;-0.00426503;0.994847;-0.00039118;0.00773333;0.991539;0.0221063;0.990513;1;3;1
146.531;491.06;-6.02221;5.721;0.00143493;-0.002739;-0.00171786;0.00205101;-0.00335508;1.00669;-0.00470269;0.00143613;0.994708;0.0216698;0.990207;1;3;1
169.531;491.06;-5.99672;5.65158;0.00199044;-0.00310299;-0.000275264;0.00200527;-0.00311782;0.999317;-0.00536137;0.00503243;0.994444;0.0192412;0.992344;1;3;1
192.531;491.06;-5.93091;5.59503;0.00380418;-0.00351113;-0.000289988;0.00381566;-0.0035226;1.00393;-0.000852896;0.00370001;0.999023;0.0221763;0.990944;1;3;1
215.531;491.06;-5.82218;5.54615;0.00321051;-0.00315882;-0.000162745;0.00321467;-0.00316297;1.0028;-0.00786511;0.000617752;0.996728;0.0211866;0.988795;1;2;1
238.531;491.06;-5.78362;5.47391;0.00432445;-0.00335247;0.000790263;0.00440495;-0.00343298;1.00258;-0.00947394;0.00512348;0.997579;0.0204747;0.992678;1;2;1
261.531;491.06;-5.62391;5.40108;0.00331391;-0.00364237;-1.86874e-05;0.00331396;-0.00364242;1.00337;-0.00534365;0.00249355;0.995969;0.0230112;0.991323;1;3;1
284.531;491.06;-5.63165;5.33202;0.00184622;-0.00257276;-0.000978667;0.00205327;-0.0027798;1.00331;-0.00270204;0.000471129;0.995187;0.0206154;0.988786;1;3;1
307.531;491.06;-5.53934;5.24265;0.00248698;-0.00229561;-0.000380003;0.00251698;-0.00232562;0.996086;0.0017744;0.00321177;0.994513;0.0206288;0.991155;1;3;1
330.531;491.06;-5.51752;5.22208;0.00367013;-0.0014413;-0.000390233;0.00369975;-0.00147092;1.00563;0.00120207;0.00224181;0.99771;0.0206461;0.991891;1;3;1
353.531;491.06;-5.37088;5.1654;0.00532694;-0.00268596;-0.000706036;0.00538868;-0.0027477;1.00424;-0.00256617;0.00132266;0.994889;0.0202597;0.990684;1;3;1
376.531;491.06;-5.27329;5.1003;0.00366114;-0.00278125;3.24937e-05;0.0036613;-0.00278141;1.00545;-0.00618284;0.00523595;0.996184;0.0224319;0.987166;1;3;1
399.531;491.06;-5.20316;4.97794;0.00413991;-0.00248525;-0.000409067;0.00416507;-0.00251041;1.0024;-0.00531694;0.00292675;0.998845;0.0198087;0.991102;1;3;1
422.531;491.06;-5.0835;4.94787;0.00303665;-0.003164;-0.000429627;0.00306628;-0.00319363;1.0022;0.00516968;0.003713;0.998193;0.0221388;0.98793;1;3;1
445.531;491.06;-5.06392;4.8299;0.00246348;-0.0040372;-0.00193559;0.00299616;-0.00456988;1.00616;0.00566431;0.0044991;0.996795;0.0212313;0.988596;1;3;1
468.531;491.06;-4.9708;4.73677;0.00425132;-0.00188322;-0.000719303;0.00433453;-0.00196643;1.00172;-0.00259348;0.00285831;1.00166;0.0175365;0.993137;1;3;1
491.531;491.06;-4.86902;4.67962;0.00502791;-0.000253299;0.000439326;0.00506421;-0.000289596;1.00633;-0.00220663;0.00148125;1.0054;0.0214031;0.988564;1;3;1
514.531;491.06;-4.74017;4.6584;0.00415808;-0.00226808;0.000663155;0.0042258;-0.0023358;1.00549;0.000731319;0.000794699;0.997626;0.0197959;0.993077;1;3;1
537.531;491.06;-4.67825;4.58224;0.00308222;-0.000818186;-0.000126039;0.00308629;-0.000822255;1.00257;5.29664e-05;0.00480236;1.00082;0.0178985;0.988124;1;3;1
560.531;491.06;-4.59866;4.58585;0.00446121;-0.00288622;9.27448e-06;0.00446122;-0.00288623;1.00211;-0.000752645;-0.000214625;0.995938;0.0237257;0.979109;1;3;1
583.531;491.06;-4.47357;4.49545;0.00490369;-0.00195432;-0.000913075;0.00502317;-0.0020738;1.00423;-0.00195882;0.00303922;0.997435;0.0209401;0.989377;1;3;1
606.531;491.06;-4.37395;4.41621;0.00405699;-0.00371172;-0.000679534;0.00411598;-0.00377071;1.00181;-0.000760989;0.00817469;0.99263;0.0211469;0.989621;1;3;1
629.531;491.06;-4.28761;4.33209;0.00400014;-0.00212473;0.00041052;0.00402753;-0.00215213;0.998783;-0.00148049;-5.15152e-05;0.998792;0.0196478;0.987975;1;3;1
652.531;491.06;-4.19045;4.30186;0.00531574;-0.00104183;-3.99337e-05;0.00531599;-0.00104208;1.00768;-0.00562806;0.00103537;1.00096;0.0207185;0.993878;1;4;1
675.531;491.06;-4.04392;4.2013;0.00357852;-0.00204308;-0.00022879;0.00358781;-0.00205237;1.00335;-0.00680631;0.00388709;0.995718;0.022309;0.986231;1;3;1
698.531;491.06;-4.02635;4.16163;0.0030928;-0.00111668;-0.000658474;0.0031934;-0.00121728;1.00766;0.00340197;0.00476443;0.998891;0.0192126;0.990901;1;4;1
721.531;491.06;-3.90205;4.0711;0.00725898;-0.00307697;0.000265748;0.00726581;-0.0030838;1.00801;-0.0023542;0.00376787;0.9975;0.0216296;0.98608;1;4;1
744.531;491.06;-3.69392;4.00009;0.00643068;-0.000589609;0.00116555;0.00661913;-0.000778062;1.00444;-0.00206946;-0.000476979;0.997602;0.0206885;0.98833;1;3;1
767.531;491.06;-3.60723;4.00811;0.00372003;-0.00141015;0.000932442;0.00388425;-0.00157437;0.998608;-0.00435977;0.00255633;0.993043;0.0200367;0.986856;1;3;1
790.531;491.06;-3.52316;3.93699;0.00494123;-0.00257064;-0.000425167;0.00496522;-0.00259463;1.0062;-0.00644127;0.00426112;0.996807;0.0215582;0.989577;1;3;1
813.531;491.06;-3.38085;3.82718;0.0048863;-0.00221446;-0.000407144;0.00490957;-0.00223773;1.00474;0.00204833;0.000735632;0.994146;0.0259594;0.978542;1;4;1
836.531;491.06;-3.29907;3.82326;0.00454695;-0.00204868;0.000545488;0.00459176;-0.00209349;1.00345;-0.00130521;0.00269957;0.993824;0.0205215;0.987047;1;3;1
859.531;491.06;-3.17229;3.71719;0.00528118;-0.00174226;5.69545e-05;0.00528164;-0.00174272;1.00547;0.000801225;0.00587624;0.993593;0.0208349;0.987497;1;3;1
882.531;491.06;-3.05717;3.63206;0.00677772;-0.00289613;0.000995142;0.00687903;-0.00299744;1.00493;-0.00284327;-0.00312355;0.991177;0.0223084;0.988695;1;4;1
905.531;491.06;-2.86173;3.59442;0.00578506;-0.0018618;0.000767188;0.00586127;-0.00193801;1.0083;0.000981475;0.00486807;0.995313;0.0213596;0.990696;1;3;1
928.531;491.06;-2.79192;3.53844;0.00470875;0.000185978;0.00104696;0.00493935;-4.46214e-05;1.00464;-0.00688269;0.00365599;0.99697;0.0236986;0.988295;1;3;1
951.531;491.06;-2.64576;3.48425;0.0066281;-0.00168251;0.000179466;0.00663198;-0.00168638;1.00367;-0.00203725;0.0035995;0.995892;0.0205279;0.990033;1;3;1
974.531;491.06;-2.48818;3.41978;0.00790423;-0.00215077;6.44548e-05;0.00790464;-0.00215118;1.01356;-0.00794784;0.00419958;0.998683;0.0219514;0.986876;1;3;1
997.531;491.06;-2.28371;3.38231;0.00525432;-0.0015704;0.000299393;0.00526743;-0.00158351;0.998471;-0.000241946;-0.00382516;0.99825;0.0243299;0.98201;1;3;1
1020.53;491.06;-2.2472;3.33224;0.00417254;-0.000831368;0.000223914;0.00418254;-0.000841368;1.004;-0.00669249;0.00339108;0.997743;0.0225691;0.987656;1;4;1
1043.53;491.06;-2.09232;3.26401;0.00520653;-0.00115511;-0.000548929;0.00525355;-0.00120212;1.00283;-0.00236779;-0.00151885;0.997166;0.0198622;0.993621;1;3;1
1066.53;491.06;-2.00845;3.22024;0.00563116;-0.00195495;-0.000599808;0.00567829;-0.00200208;1.0124;0.00131645;0.00910859;0.996019;0.0178943;0.990906;1;3;1
1089.53;491.06;-1.83408;3.186;0.007552;-0.00274251;0.000317016;0.00756175;-0.00275227;1.00563;-0.000958307;-0.00163955;0.995896;0.0238353;0.984298;1;3;1
1112.53;491.06;-1.66251;3.1025;0.00808768;-0.00232692;0.000500126;0.00811164;-0.00235088;1.00678;-0.00495282;0.00217509;0.993492;0.021961;0.988176;1;3;1
1135.53;491.06;-1.46374;3.04787;0.00727886;-0.000105802;-0.000641955;0.00733425;-0.000161192;1.00374;0.00109514;0.00755939;0.998035;0.0226746;0.987766;1;3;1
1158.53;491.06;-1.32903;2.98888;0.00736071;-0.00137782;0.000252018;0.00736797;-0.00138508;1.00686;0.00161473;-0.000943661;0.999673;0.0238303;0.981519;1;3;1
1181.53;491.06;-1.12653;2.93258;0.00424868;-0.000796892;2.49809e-05;0.0042488;-0.000797015;1.00358;7.11165e-07;0.00574188;1.00539;0.0200912;0.987915;1;3;1
1204.53;491.06;-1.13412;2.88983;0.0040338;-0.00207234;0.000191206;0.00403978;-0.00207832;1.00724;-0.00861001;0.0049363;0.994948;0.0208812;0.988345;1;3;1
1227.53;491.06;-0.941461;2.83133;0.00737738;-0.00137911;0.00125718;0.0075543;-0.00155603;1.00739;-0.00731117;0.00104757;0.993958;0.0202242;0.986833;1;3;1
1250.53;491.06;-0.79604;2.82775;0.00738521;-0.0032062;0.000151867;0.00738739;-0.00320838;1.006;-0.00129727;0.00301845;0.98781;0.0240841;0.983031;1;3;1
1273.53;491.06;-0.603079;2.73865;0.00843229;-0.00128242;-0.00139112;0.00862757;-0.0014777;1.01202;0.000736054;0.00903636;0.998498;0.0381335;0.965601;1;4;1
31.5305;468.06;-6.41415;6.15966;0.00547824;-0.00327938;-0.000509477;0.00550778;-0.00330892;1.00129;-0.0056025;0.0034303;0.999256;0.0192582;0.991797;1;3;1
54.5305;468.06;-6.28866;6.07161;0.00307291;-0.00188879;-0.000820828;0.00320518;-0.00202106;1.00259;-0.00197194;0.00463712;1.00245;0.02101;0.991352;1;3;1
77.5306;468.06;-6.27331;5.99357;0.00170614;-0.00319915;-0.000522691;0.00176122;-0.00325423;0.999127;-0.00602708;0.00346217;0.994621;0.0210623;0.992178;1;3;1
100.531;468.06;-6.21048;5.92498;0.00367298;-0.00230934;0.00014943;0.00367671;-0.00231307;1.00904;-0.00437686;-0.000878187;0.999419;0.0202957;0.993627;1;3;1
123.531;468.06;-6.10473;5.91572;0.00369668;-0.00182119;7.94683e-05;0.00369783;-0.00182233;0.996671;-0.00247435;0.00323372;1.00205;0.0221031;0.990119;1;3;1
146.531;468.06;-6.04086;5.82166;0.00189488;-0.00552509;-0.00233453;0.00256828;-0.00619848;1.00329;0.00295989;0.00519873;0.99609;0.0201609;0.989936;1;2;1
169.531;468.06;-6.01809;5.71445;0.00221111;-0.00328905;-0.00124573;0.0024801;-0.00355805;1.00015;0.00059299;0.00472642;0.999372;0.0172793;0.993958;1;2;1
192.531;468.06;-5.93955;5.65796;0.00344519;-0.00396929;-0.000789262;0.00352827;-0.00405237;1.00691;-0.00521005;-0.000262041;0.9949;0.0200627;0.990732;1;3;1
215.531;468.06;-5.86003;5.59648;0.00138782;-0.00314161;-0.00137438;0.00177223;-0.00352602;0.999426;-0.00260787;0.00588865;0.99931;0.0230215;0.988875;1;3;1
238.531;468.06;-5.87596;5.52089;0.00254394;-0.00304969;-0.000799807;0.00265606;-0.0031618;1.00695;-0.00216858;0.000473091;0.995789;0.0220078;0.991138;1;3;1
261.531;468.06;-5.74348;5.42452;0.00567012;-0.00317663;-0.000351426;0.00568406;-0.00319057;1.00032;-0.00434547;0.00199233;0.999813;0.021634;0.990317;1;3;1
284.531;468.06;-5.6162;5.34564;0.0035822;-0.00165362;-0.000896259;0.00373137;-0.00180279;1.0027;-0.00301882;0.00373886;1.00225;0.018747;0.991977;1;3;1
307.531;468.06;-5.57924;5.27236;0.00322883;-0.00395104;0.000287628;0.00324033;-0.00396254;0.999717;-0.00754033;0.0066562;0.999179;0.020481;0.992207;1;3;1
330.531;468.06;-5.46798;5.26706;0.00324666;-0.00252966;-0.00202212;0.00388418;-0.00316718;1.00249;0.000426245;-0.000155762;0.99805;0.0215369;0.989037;1;3;1
353.531;468.06;-5.43032;5.14115;0.00188615;-0.00150263;-0.00078608;0.00205961;-0.0016761;1.0009;-0.00143562;0.00718353;1.00101;0.0224462;0.987643;1;3;1
376.531;468.06;-5.38168;5.07878;0.00272964;-0.00165206;0.000400018;0.00276586;-0.00168828;1.00109;-0.00347073;-0.000851241;0.998769;0.0194179;0.987696;1;3;1
399.531;468.06;-5.305;5.0593;0.00416793;-0.00276954;0.00108382;0.00433331;-0.00293492;1.00591;-0.00413799;0.00477094;0.996202;0.0182447;0.99392;1;3;1
422.531;468.06;-5.19043;4.9985;0.00472941;-0.00158877;0.000416292;0.00475672;-0.00161608;1.00465;-0.0065592;-0.00042929;0.998065;0.0175685;0.994884;1;3;1
445.531;468.06;-5.08826;4.89202;0.00318012;-0.00355368;-0.0013038;0.00342375;-0.00379731;1.00318;-0.00567965;0.01093;0.993605;0.020269;0.990228;1;3;1
468.531;468.06;-5.04493;4.77231;0.00391765;-0.00284877;-0.000454447;0.00394803;-0.00287916;1.00562;-0.0040985;0.00361304;1.0006;0.0253282;0.983146;1;3;1
491.531;468.06;-4.90872;4.7218;0.00369497;-0.00427759;0.00136266;0.00392144;-0.00450406;1.00315;-0.00447193;0.00175851;0.998485;0.0194365;0.992023;1;3;1
514.531;468.06;-4.87529;4.73507;0.00387295;-0.00301363;0.000379003;0.00389374;-0.00303443;0.999564;-0.00451323;0.0024997;1.00218;0.022689;0.989999;1;3;1
537.531;468.06;-4.73102;4.61699;0.00495293;-0.00358439;-0.000457945;0.00497743;-0.00360889;1.00384;0.000145088;0.00678916;1.00018;0.021181;0.985007;1;3;1
560.531;468.06;-4.64832;4.56607;0.00439044;-0.00115438;-0.0013086;0.00468376;-0.0014477;1.00418;-0.00443761;2.80663e-05;1.00157;0.0203528;0.991735;1;3;1
583.531;468.06;-4.5298;4.45112;0.00491549;-0.00212101;0.000275421;0.00492625;-0.00213177;1.00454;-0.0016796;0.0053132;0.998458;0.0206991;0.986152;1;3;1
606.531;468.06;-4.42289;4.45603;0.00339494;-0.00164265;0.000129243;0.00339826;-0.00164596;1.00235;-0.00404902;0.000499387;0.995991;0.0198364;0.992167;1;3;1
629.531;468.06;-4.37401;4.35077;0.00341797;-0.0029033;-0.000877125;0.00353742;-0.00302275;1.00167;-0.00313953;0.00662872;0.998964;0.0199261;0.990088;1;3;1
652.531;468.06;-4.26615;4.31603;0.00465715;-0.00208193;-0.000221534;0.00466443;-0.00208921;1.00333;0.00111208;-0.00199088;0.99669;0.0203616;0.988009;1;3;1
675.531;468.06;-4.16034;4.27322;0.00484162;-0.00103731;-0.000503793;0.00488448;-0.00108017;1.00581;0.00353145;0.00104574;0.994765;0.0205277;0.988152;1;3;1
698.531;468.06;-4.0442;4.17128;0.00397525;-0.000242409;-0.00134641;0.00436841;-0.000635576;1.00508;-0.0025144;0.00485126;0.999946;0.0237656;0.978555;1;3;1
721.531;468.06;-3.97808;4.12427;0.00444845;-0.000932809;-0.00112164;0.00467288;-0.00115724;1.00706;-0.00110763;0.0020797;1.00105;0.0213053;0.988336;1;3;1
744.531;468.06;-3.84019;4.04709;0.00578816;-0.00212253;-0.000287577;0.0057986;-0.00213297;1.00544;-0.00217108;0.00167012;1.00331;0.020341;0.987763;1;3;1
767.531;468.06;-3.71276;4.00031;0.00438381;0.000316441;0.000648314;0.00448465;0.000215604;1.00022;-0.00426723;0.00190582;1.00625;0.0188047;0.987884;1;3;1
790.531;468.06;-3.63903;3.97312;0.00607554;0.00130586;-0.000250184;0.00608863;0.00129278;1.00948;-0.00202283;0.00538203;1.00193;0.0209379;0.986413;1;3;1
813.531;468.06;-3.4343;3.8755;0.0058218;-0.0017111;-8.58971e-05;0.00582278;-0.00171208;0.999776;-0.00451714;-0.00138504;1.00454;0.0204617;0.987613;1;3;1
836.531;468.06;-3.3722;3.83902;0.00337004;-0.000125775;-0.000197139;0.00338112;-0.000136857;1.00592;-0.00386322;0.00352177;0.996439;0.0252879;0.982189;1;3;1
859.531;468.06;-3.27974;3.73703;0.0051603;-0.00152196;-0.000178792;0.00516508;-0.00152674;1.00073;-0.0114346;0.00422544;1.00106;0.0214554;0.990467;1;4;1
882.531;468.06;-3.13563;3.70415;0.00750938;-0.000850605;-0.000195687;0.00751396;-0.000855183;1.01551;-0.00320073;0.00134361;1.00642;0.0216876;0.986076;1;4;1
905.531;468.06;-2.93574;3.62123;0.00583928;-0.00238227;-0.000965949;0.00595124;-0.00249424;1.00053;0.000632543;0.00623367;0.997942;0.0214583;0.989826;1;3;1
928.531;468.06;-2.8682;3.51201;0.00578458;-0.0021785;0.000569993;0.00582518;-0.0022191;1.00498;-0.00102657;0.000217773;1.0012;0.0199894;0.990051;1;3;1
951.531;468.06;-2.67053;3.52046;0.00612074;-0.0028426;0.0017923;0.00646584;-0.0031877;1.00801;-0.0017283;0.00290718;1.00264;0.0190869;0.991659;1;3;1
974.531;468.06;-2.58751;3.49434;0.00498461;-0.00208029;0.000158047;0.00498814;-0.00208383;1.00171;-0.000607049;-0.00112329;0.996728;0.0230319;0.985754;1;3;1
997.531;468.06;-2.44193;3.41416;0.00607468;-0.000987312;0.000526234;0.00611368;-0.00102631;1.0085;-0.00548912;0.00164064;0.997614;0.01896;0.990255;1;3;1
1020.53;468.06;-2.30911;3.35998;0.00696256;-0.00125962;0.000204805;0.00696766;-0.00126472;1.00234;-0.00125932;0.0032547;1.0029;0.0213751;0.985623;1;3;1
1043.53;468.06;-2.12291;3.2962;0.0071462;0.000184216;0.000407163;0.00716993;0.000160485;1.00974;0.00170905;0.0035273;0.999327;0.0229787;0.982485;1;3;1
1066.53;468.06;-1.98164;3.27053;0.00501252;0.000317397;-0.00097967;0.00520873;0.000121182;1.00392;3.70618e-06;0.00360795;1.00049;0.0185039;0.986336;1;3;1
1089.53;468.06;-1.89297;3.21692;0.00481126;-0.00128381;-0.000707172;0.00489224;-0.00136478;1.01031;-0.00320259;0.00486322;1.00119;0.021215;0.989675;1;3;1
1112.53;468.06;-1.76106;3.13263;0.00799003;-0.00224968;-0.00104844;0.00809627;-0.00235593;0.998693;-0.00396597;-0.00313516;1.00171;0.024709;0.987457;1;3;1
1135.53;468.06;-1.52726;3.03188;0.006569;-0.00115169;0.000449081;0.00659503;-0.00117772;1.00925;8.74204e-05;0.00727246;1.00411;0.0251643;0.986101;1;3;1
1158.53;468.06;-1.46008;2.99186;0.00478903;-0.00255548;0.00133534;0.00502428;-0.00279073;1.00518;-0.00119955;0.00181747;0.997707;0.0221801;0.989152;1;3;1
1181.53;468.06;-1.30754;2.95938;0.0062688;-0.00164196;0.00208634;0.00678531;-0.00215848;1.00453;-0.00738984;0.000756507;0.99429;0.0230027;0.989624;1;3;1
1204.53;468.06;-1.17267;2.9191;0.00515679;-0.000594398;-3.65581e-05;0.00515702;-0.00059463;1.00462;0.00164558;0.000957705;1.00114;0.0184806;0.990424;1;3;1
1227.53;468.06;-1.07096;2.91986;0.00643974;-0.00164936;0.00157092;0.0067341;-0.00194372;1.00611;-0.0060022;-0.000579246;1.00246;0.0239484;0.979088;1;3;1
1250.53;468.06;-0.877393;2.92228;0.00780026;-0.00414617;-0.000341427;0.00781001;-0.00415592;1.0107;0.0016939;0.00465275;1.01144;0.0270678;0.97828;1;3;1
1273.53;468.06;-0.713682;2.80306;0.00715665;-0.00235821;-0.00160427;0.00741985;-0.00262142;1.00934;0.00735202;0.00375832;1.0031;0.0408278;0.963789;1;3;1
31.5305;445.06;-6.4384;6.21448;0.00376785;-0.00383454;-0.00201596;0.00426935;-0.00433604;1.00265;0.00210107;0.00683957;0.995595;0.0214048;0.988736;1;3;1
54.5305;445.06;-6.3521;6.11748;0.0023427;-0.00277275;0.000199929;0.0023505;-0.00278055;0.994844;-0.00377617;0.00411736;0.997189;0.0222795;0.986111;1;3;1
77.5306;445.06;-6.33095;6.08121;0.00291284;-0.00274612;-0.000559309;0.00296759;-0.00280087;1.00838;0.0036494;-0.00316242;1.00037;0.0235294;0.986171;1;3;1
100.531;445.06;-6.21842;6.01697;0.0034606;-0.00409635;-0.00107879;0.00361158;-0.00424733;1.00457;0.00645888;0.00598012;0.998905;0.0203134;0.990469;1;3;1
123.531;445.06;-6.17225;5.94175;0.00459353;-0.0021434;0.000668266;0.00465918;-0.00220905;1.00221;-0.00167858;0.00134962;0.999707;0.0201901;0.993701;1;3;1
146.531;445.06;-6.00762;5.97586;0.00277099;-0.0019896;-0.000507844;0.00282457;-0.00204318;0.999352;-0.00568344;0.00629212;0.998562;0.0245087;0.989924;1;3;1
169.531;445.06;-6.04517;5.80315;0.000704638;-0.00350305;-0.00111348;0.000981128;-0.00377954;1.0017;-0.00111226;0.00608324;0.991694;0.0199052;0.98859;1;3;1
192.531;445.06;-5.97564;5.778;0.00464006;-0.00356903;-0.000405993;0.00466009;-0.00358906;1.00623;-0.00444316;-0.00197753;0.994578;0.0227687;0.992341;1;4;1
215.531;445.06;-5.83236;5.6909;0.00206095;-0.0040975;-0.000853412;0.00217702;-0.00421358;1.0018;0.00364076;0.00664632;0.991532;0.0218583;0.990049;1;3;1
238.531;445.06;-5.88122;5.61451;0.00145979;-0.00225318;-0.00162105;0.00206792;-0.00286131;1.00315;-0.000688652;0.00346544;0.995405;0.0223861;0.987375;1;3;1
261.531;445.06;-5.76548;5.54766;0.00393873;-0.00286847;-0.00157478;0.00428539;-0.00321512;1.00161;0.000113572;0.00628444;0.994419;0.0229147;0.993344;1;3;1
284.531;445.06;-5.70086;5.4082;0.00265373;-0.00525714;-0.000829895;0.00273985;-0.00534326;1.00554;-0.000964675;-0.00127207;0.988335;0.0200095;0.993958;1;3;1
307.531;445.06;-5.64373;5.42488;0.00519531;-0.00387452;-0.000185228;0.00519909;-0.0038783;1.00812;0.00208381;0.00737793;0.991015;0.0203896;0.991217;1;3;1
330.531;445.06;-5.46254;5.33863;0.00343587;-0.00230829;-0.00128894;0.00371184;-0.00258426;0.992785;0.00396714;0.00576736;0.997678;0.0207142;0.989922;1;3;1
353.531;445.06;-5.48634;5.23472;0.00155218;-0.00372336;-0.000928029;0.00171067;-0.00388185;1.00664;-0.00156617;0.00126967;0.995066;0.0216534;0.98835;1;3;1
376.531;445.06;-5.39148;5.17651;0.00227082;-0.00402111;-0.00150415;0.00261191;-0.0043622;1.00032;0.00337325;0.00527814;0.994844;0.0194906;0.990351;1;3;1
399.531;445.06;-5.38218;5.10587;0.00226115;-0.00332998;-0.00149223;0.00263449;-0.00370331;1.00058;0.000904026;0.00596757;0.999436;0.020772;0.990802;1;3;1
422.531;445.06;-5.28785;5.02146;0.00464768;-0.00410923;-0.000740545;0.00470987;-0.00417141;1.006;0.00584486;-0.00552084;0.994565;0.020582;0.989537;1;3;1
445.531;445.06;-5.16902;4.99378;0.00413601;-0.00423684;-0.000101504;0.00413725;-0.00423807;1.00448;0.00220347;0.00949663;0.99863;0.0205156;0.990095;1;2;1
468.531;445.06;-5.09824;4.86818;0.00301101;-0.00450558;-0.00041465;0.00303382;-0.00452839;0.999474;0.000715703;0.00158324;0.993227;0.0238777;0.983801;1;3;1
491.531;445.06;-5.03087;4.8771;0.00477882;-0.00483714;0.00124523;0.00493745;-0.00499577;1.0018;-0.00111669;0.00468977;0.989311;0.0221871;0.987938;1;3;1
514.531;445.06;-4.87899;4.79745;0.00495067;-0.00197924;-0.0010118;0.00509537;-0.00212395;0.99948;0.00363668;0.00392209;0.996998;0.0225337;0.987532;1;3;1
537.531;445.06;-4.80388;4.74759;0.00513296;-0.00388129;-0.000656197;0.00518048;-0.00392881;1.0093;-0.00189678;-0.00186977;0.992035;0.0185881;0.992362;1;3;1
560.531;445.06;-4.64375;4.63901;0.00427166;-0.00421425;-0.00125311;0.00445284;-0.00439543;1.00377;0.000918345;0.00722365;0.993551;0.0270857;0.979144;1;3;1
583.531;445.06;-4.60806;4.59331;0.003448;-0.00387166;-0.000827448;0.00354037;-0.00396403;1.00765;-0.00190526;0.00258328;0.993174;0.0245743;0.978829;1;3;1
606.531;445.06;-4.48565;4.49197;0.00571037;-0.00237466;-0.000419156;0.00573205;-0.00239633;0.999582;-0.00323664;0.000973728;1.00327;0.0223909;0.989782;1;3;1
629.531;445.06;-4.3463;4.46588;0.00519945;-0.00286266;-0.000682789;0.00525687;-0.00292007;1.00921;-0.0020506;-0.00344684;0.99548;0.0190728;0.990614;1;3;1
652.531;445.06;-4.24719;4.39776;0.00446888;-0.00235793;-0.00178911;0.00490933;-0.00279838;0.997887;-0.00355807;0.0114131;0.996225;0.020733;0.98324;1;3;1
675.531;445.06;-4.1417;4.24915;0.00427955;0.000161884;-0.00129667;0.00465385;-0.000212416;1.00865;-0.00631227;0.0011354;1.00576;0.0227575;0.987182;1;3;1
698.531;445.06;-4.0513;4.17279;0.00477348;-0.00164397;-0.000686334;0.00484606;-0.00171655;1.00218;-0.00223825;0.00481083;0.996744;0.0213818;0.985833;1;3;1
721.531;445.06;-3.92284;4.11403;0.0056847;-0.000885668;-0.00027306;0.00569603;-0.000896996;1.0087;-0.00605304;-0.00293927;0.997517;0.0232752;0.984343;1;3;1
744.531;445.06;-3.7906;4.09793;0.0039798;-0.00268649;-0.000750179;0.00406317;-0.00276987;1.00143;0.00204542;0.0117248;0.990905;0.0288924;0.973319;1;3;1
767.531;445.06;-3.74029;3.99375;0.00362897;-0.00171511;-0.00181966;0.00418973;-0.00227587;1.00165;0.000427372;0.00172274;0.995773;0.023832;0.982956;1;2;1
790.531;445.06;-3.6245;3.87707;0.00510615;-0.0021724;-0.000745791;0.00518178;-0.00224803;1.01025;0.000820681;0.00444135;1.00097;0.0204669;0.99043;1;3;1
813.531;445.06;-3.50609;3.90613;0.00447812;-0.00319373;0.000533322;0.00451501;-0.00323062;1.00548;-0.00387069;-0.002314;0.99612;0.0232615;0.985986;1;3;1
836.531;445.06;-3.41899;3.8292;0.00471404;-0.00201597;-0.000959043;0.00484804;-0.00214997;1.00154;-0.00126978;0.00500641;1.00284;0.0247856;0.982858;1;3;1
859.531;445.06;-3.2899;3.78741;0.00577981;-0.00162303;-0.00140895;0.0060389;-0.00188212;1.00168;0.00628238;0.0011807;0.997151;0.024928;0.986175;1;4;1
882.531;445.06;-3.15415;3.67131;0.0071127;-0.000499311;-0.000548959;0.00715209;-0.000538697;1.00849;0.000167372;0.00269927;0.994291;0.0228492;0.987485;1;3;1
905.531;445.06;-2.96395;3.70425;0.00457847;-0.00113186;0.000579848;0.00463676;-0.00119014;1.00565;-0.0038837;0.00132479;1.00183;0.0236312;0.986893;1;3;1
928.531;445.06;-2.94403;3.63901;0.00297958;-0.00215128;-0.000349397;0.00300326;-0.00217496;1.00444;0.00111091;0.00334081;0.997638;0.0232608;0.98607;1;3;1
951.531;445.06;-2.82718;3.61555;0.00733083;-0.00226866;0.000744496;0.00738823;-0.00232606;1.00136;-0.0103069;-0.00357789;0.995974;0.0225205;0.986432;1;4;1
974.531;445.06;-2.6082;3.51573;0.00790739;-0.00136437;-0.000323024;0.00791863;-0.00137561;1.01296;-0.00934676;0.00716404;0.999882;0.0238041;0.983272;1;3;1
997.531;445.06;-2.46524;3.42811;0.00491351;-0.0021693;-0.000154875;0.00491689;-0.00217268;1.00638;-0.00254971;-0.00249567;1.00156;0.0217856;0.991178;1;3;1
1020.53;445.06;-2.3829;3.39042;0.00538857;-0.00222468;-8.45883e-05;0.00538951;-0.00222562;1.00863;-0.00402388;0.00599819;0.990902;0.0232944;0.982945;1;3;1
1043.53;445.06;-2.21835;3.25571;0.00841737;-0.00317495;-0.000607967;0.00844917;-0.00320674;1.01006;-0.00233711;0.00434174;1.00081;0.0247066;0.980343;1;3;1
1066.53;445.06;-1.99769;3.20564;0.00680475;-0.000155435;0.00121315;0.00701014;-0.000360824;1.0048;-0.00309782;-0.00362384;1.00177;0.020402;0.990582;1;3;1
1089.53;445.06;-1.90639;3.24515;0.00539945;-0.000374586;0.00100961;0.00557089;-0.000546029;1.00678;-0.00105711;0.00241894;0.995497;0.0207097;0.988552;1;3;1
1112.53;445.06;-1.74998;3.20619;0.00571473;-0.00117473;-0.000915362;0.00583427;-0.00129428;1.00337;-0.00327678;0.00275791;1.00041;0.0200234;0.988513;1;3;1
1135.53;445.06;-1.64449;3.10124;0.00494297;-0.00207884;0.000916421;0.0050606;-0.00219647;1.0047;-0.00849573;0.00277879;0.993727;0.0217047;0.988667;1;3;1
1158.53;445.06;-1.52327;3.107;0.00556112;-0.00146961;0.000281248;0.00557235;-0.00148084;1.01025;-0.00415168;0.00402772;1.00229;0.0259545;0.982394;1;3;1
1181.53;445.06;-1.38947;3.00893;0.00771639;-0.00111564;-0.000896746;0.00780652;-0.00120577;1.00807;-0.000480697;0.00115122;1.00088;0.0238729;0.984649;1;3;1
1204.53;445.06;-1.17006;2.91719;0.00671095;-0.000897245;-0.000122176;0.00671291;-0.000899206;1.00822;-0.00278154;0.00282525;0.992113;0.0222923;0.987713;1;3;1
1227.53;445.06;-1.08191;2.90748;0.0063217;-0.00066742;0.00169201;0.00670977;-0.00105549;1.00856;0.00481171;-0.00454369;0.99174;0.0230331;0.987601;1;3;1
1250.53;445.06;-0.880291;3.01895;0.0084973;0.00114244;-9.80733e-06;0.00849731;0.00114243;1.00257;-0.000106192;0.00524408;0.982993;0.0343653;0.961462;1;3;1
1273.53;445.06;-0.692721;2.84734;0.00821631;0.000450014;-0.00332693;0.00944661;-0.000780278;1.01023;-0.0039267;-0.00725495;1.00343;0.0345062;0.975041;1;3;1
31.5305;422.06;-6.42192;6.33639;-0.0007508;-0.00340082;-0.00218571;0.000480162;-0.00463178;0.992782;-0.000738885;0.00781837;0.992545;0.0226525;0.988852;1;3;1
54.5305;422.06;-6.4396;6.19958;0.00218687;-0.00394694;-0.00133192;0.00246361;-0.00422367;0.999167;-0.0022238;0.00474854;0.995986;0.020274;0.991344;1;3;1
77.5306;422.06;-6.32194;6.12009;0.00413232;-0.00442411;-0.000783317;0.00420343;-0.00449523;1.00439;-0.00394137;0.0010459;0.996037;0.0191698;0.989475;1;3;1
100.531;422.06;-6.24999;6.11381;0.00250964;-0.00381976;-0.000176293;0.00251455;-0.00382467;1.00176;-0.00683819;0.00340841;0.994363;0.0186426;0.991156;1;3;1
123.531;422.06;-6.20676;6.01454;0.00257334;-0.00460661;-0.00119317;0.00276643;-0.0047997;1.00004;-0.00205681;0.00474038;0.997043;0.0192401;0.992091;1;3;1
146.531;422.06;-6.1322;5.91336;0.00205047;-0.00157404;0.000110084;0.00205381;-0.00157738;1.00498;-0.00267988;0.0018658;0.998573;0.0171117;0.991998;1;3;1
169.531;422.06;-6.11275;5.87597;0.00258111;-0.00359785;0.000111656;0.00258313;-0.00359987;1.00002;-0.0014773;0.00401927;0.997906;0.0213285;0.985481;1;3;1
192.531;422.06;-6.01371;5.82249;0.00367358;-0.00345519;-0.000576382;0.00371988;-0.00350149;1.00179;0.0057366;-0.000305634;0.994708;0.0230081;0.986906;1;3;1
215.531;422.06;-5.94416;5.78543;0.00314375;-0.00341208;-0.000651361;0.00320784;-0.00347617;1.00363;-0.00474087;0.00457279;0.990555;0.0225212;0.984984;1;3;1
238.531;422.06;-5.86975;5.62466;0.00306232;-0.00388894;-0.0024285;0.00382669;-0.00465332;1.00753;0.00214621;0.00369817;0.998845;0.0243986;0.986619;1;3;1
261.531;422.06;-5.80407;5.5567;0.00452983;-0.00191514;0.000763889;0.00461914;-0.00200445;1.0042;-0.00349963;-3.69101e-05;1.0035;0.0225191;0.987735;1;3;1
284.531;422.06;-5.66186;5.58813;0.00376703;-0.00454002;-0.000545723;0.00380273;-0.00457572;1.0027;0.00282108;0.00248218;1.00017;0.0197152;0.992143;1;3;1
307.531;422.06;-5.63124;5.45097;0.00268817;-0.0023685;-0.0016111;0.00315785;-0.00283818;0.999247;-0.00569727;0.00694407;1.00539;0.0215824;0.991545;1;4;1
330.531;422.06;-5.53887;5.37342;0.00272338;-0.00256612;0.000241419;0.00273438;-0.00257711;1.00146;-0.00109278;0.00145202;0.99348;0.0202555;0.990055;1;4;1
353.531;422.06;-5.50634;5.31281;0.00364447;-0.00306308;-0.000814814;0.00374204;-0.00316064;1.00516;-0.000129786;0.00701123;0.999287;0.0204544;0.989376;1;3;1
376.531;422.06;-5.37166;5.26412;0.00401325;-0.00383952;-0.0012155;0.00419709;-0.00402336;1.00229;-0.00132823;-0.00316689;0.996298;0.0217321;0.98801;1;3;1
399.531;422.06;-5.32221;5.21274;0.00300447;-0.00421656;-0.00105716;0.00315606;-0.00436815;1.00567;-0.000702023;0.00482618;0.995875;0.0232402;0.987215;1;3;1
422.531;422.06;-5.23372;5.18793;0.00198901;-0.00378589;-0.000665906;0.0020648;-0.00386168;0.997712;-0.00501566;-0.000194945;0.993431;0.02053;0.990121;1;3;1
445.531;422.06;-5.23097;5.08756;0.00242667;-0.00280408;-0.0016672;0.00291287;-0.00329028;1.00865;-0.00633206;0.00998217;0.994743;0.0224647;0.990026;1;3;1
468.531;422.06;-5.1227;4.9801;0.00301335;-0.00394556;-0.000729039;0.00308891;-0.00402112;0.999507;-0.00164579;-0.000708491;0.996403;0.0200336;0.989056;1;3;1
491.531;422.06;-5.09279;4.94522;0.00461241;-0.00229161;-0.00181633;0.0050611;-0.00274029;1.00273;-0.00338201;0.00204341;1.0004;0.0227113;0.989125;1;2;1
514.531;422.06;-4.91127;4.82622;0.00577843;-0.00194649;-0.000993877;0.00590425;-0.00207231;1.00559;-0.000972176;0.00513397;0.997131;0.0186882;0.991527;1;3;1
537.531;422.06;-4.82798;4.79598;0.00489923;-0.00197369;0.000152039;0.00490259;-0.00197705;1.00685;-0.002407;-0.000690875;0.997321;0.0213758;0.989247;1;3;1
560.531;422.06;-4.6865;4.76035;0.00497709;-0.00385697;-0.000626431;0.00502129;-0.00390117;0.998807;0.00109095;0.00304353;1.00176;0.0240231;0.984853;1;3;1
583.531;422.06;-4.5999;4.62961;0.00383233;-0.00374734;-0.000843573;0.00392508;-0.00384009;1.00922;-0.000744076;0.00554324;0.997424;0.0211755;0.99035;1;3;1
606.531;422.06;-4.51096;4.56547;0.00425174;-0.00461942;-0.000452009;0.00427472;-0.00464239;0.997923;-0.000583832;0.00421039;0.992162;0.0272783;0.983191;1;3;1
629.531;422.06;-4.40497;4.48265;0.0042184;-0.00264945;-0.000106813;0.00422006;-0.00265111;1.00589;-0.0044591;0.000465199;0.998042;0.0230235;0.98824;1;3;1
652.531;422.06;-4.31754;4.42465;0.00304529;-0.00173258;-0.000947125;0.00322619;-0.00191348;1.00445;0.00212512;0.00766864;0.998891;0.0200995;0.990281;1;4;1
675.531;422.06;-4.26561;4.2659;0.004407;-0.00402949;-0.000792314;0.00448076;-0.00410326;1.00194;-0.000416175;0.000408153;0.993396;0.0214598;0.983056;1;3;1
698.531;422.06;-4.1156;4.24702;0.00519255;-0.00312532;-0.000401528;0.00521189;-0.00314466;1.00983;-0.00397322;0.00153313;0.993879;0.0226522;0.984863;1;3;1
721.531;422.06;-4.02748;4.16505;0.00489754;-0.00367102;0.000569652;0.00493524;-0.00370873;1.00226;-0.00309413;0.00771324;0.993326;0.024564;0.981676;1;3;1
744.531;422.06;-3.89093;4.17087;0.00571012;-0.00449818;0.00118255;0.00584532;-0.00463338;1.00087;-0.0054487;-0.00153532;0.996481;0.0222721;0.990076;1;3;1
767.531;422.06;-3.76564;4.0793;0.00508409;-0.00245119;0.000175586;0.00508818;-0.00245528;1.01103;0.00141515;0.00542021;1.00037;0.0210903;0.987009;1;4;1
790.531;422.06;-3.65776;4.07316;0.00512225;-0.00141456;0.000916825;0.00524841;-0.00154072;1.00169;0.0014165;-0.000762794;0.994809;0.0243778;0.985198;1;4;1
813.531;422.06;-3.53065;4.02275;0.00557345;-0.00359118;-0.00103567;0.00568902;-0.00370676;1.01;0.00154291;-0.00141665;0.993885;0.0282946;0.976138;1;4;1
836.531;422.06;-3.4023;3.93186;0.00487125;-0.00287991;-0.00156956;0.00517702;-0.00318568;0.998713;-0.00201761;0.00179352;1.00122;0.0234057;0.990595;1;3;1
859.531;422.06;-3.3076;3.81176;0.0051161;-0.00218994;-0.00138394;0.00536947;-0.0024433;1.00636;-0.00387442;0.0059062;1.00192;0.021352;0.986818;1;3;1
882.531;422.06;-3.16802;3.72714;0.00625521;-0.00383815;-0.000907378;0.00633613;-0.00391908;1.00713;-0.000695623;-0.00255303;0.998859;0.0228892;0.989666;1;3;1
905.531;422.06;-3.02096;3.6734;0.00531329;-0.00133335;-7.60441e-06;0.0053133;-0.00133336;1.00932;-0.00278344;0.00692188;0.997886;0.0219685;0.99068;1;3;1
928.531;422.06;-2.9244;3.61111;0.00349182;-0.00189208;0.000353588;0.00351494;-0.0019152;0.999848;-0.00541996;3.90457e-05;0.997065;0.0224861;0.985936;1;3;1
951.531;422.06;-2.86064;3.62533;0.00393557;-0.00178608;3.49965e-05;0.00393579;-0.00178629;1.00284;0.00205482;-0.000344266;1.00097;0.0213147;0.984231;1;3;1
974.531;422.06;-2.74375;3.55741;0.00673123;-0.00158613;0.000601917;0.00677457;-0.00162946;1.01051;-0.000680772;0.00333988;0.999627;0.0212861;0.983929;1;3;1
997.531;422.06;-2.55217;3.51419;0.00591685;-0.00227055;0.000232942;0.00592348;-0.00227718;1.00046;-0.00691892;-0.000973262;0.996161;0.020497;0.993559;1;3;1
1020.53;422.06;-2.47247;3.46272;0.00658949;-0.00285499;0.000387361;0.00660535;-0.00287085;1.01307;-0.00787515;0.00612076;1.00203;0.0233239;0.986358;1;3;1
1043.53;422.06;-2.2501;3.44266;0.00807268;-0.00315005;-0.000762324;0.00812423;-0.00320159;1.00369;-0.00505342;0.00349801;0.993433;0.0218346;0.987672;1;3;1
1066.53;422.06;-2.10298;3.27784;0.00579402;-0.00290087;0.000363822;0.00580921;-0.00291606;1.01028;-0.00563079;0.00377406;0.996946;0.0201191;0.986429;1;3;1
1089.53;422.06;-1.98481;3.23424;0.00616708;-0.000313539;-0.000258609;0.00617738;-0.000323842;1.00312;-0.00407169;0.00400365;1.0023;0.0216223;0.986746;1;3;1
1112.53;422.06;-1.82025;3.18674;0.00600226;-0.00056837;0.000841982;0.00610844;-0.000674548;1.00887;-0.00370517;0.00262813;0.997085;0.0203702;0.990329;1;3;1
1135.53;422.06;-1.70966;3.12797;0.00529545;-0.00184246;0.000266285;0.00530537;-0.00185238;1.00143;-0.00241041;-0.000828677;0.999225;0.0197265;0.989153;1;2;1
1158.53;422.06;-1.57748;3.05966;0.00645516;-0.000878543;6.07344e-05;0.00645566;-0.000879046;1.00474;-0.00480771;0.00591848;0.996204;0.0202724;0.989556;1;3;1
1181.53;422.06;-1.41382;3.01085;0.00687979;-0.000902893;-0.000458159;0.00690667;-0.000929771;1.00728;-0.00158903;0.00158953;0.995846;0.0210306;0.986077;1;3;1
1204.53;422.06;-1.2622;2.96048;0.00630812;-0.00180608;0.000822797;0.00639071;-0.00188867;1.00588;-0.00358611;0.00342209;1.00071;0.0254534;0.980363;1;3;1
1227.53;422.06;-1.12459;2.9506;0.00711407;-0.00173002;-0.00029365;0.00712381;-0.00173976;1.00316;-0.00197957;0.000130764;1.00311;0.0274552;0.970743;1;3;1
1250.53;422.06;-0.936193;2.86979;0.00816845;0.00331622;-0.00042109;0.00820472;0.00327995;1.01446;-0.00195685;0.00353215;0.998649;0.0290545;0.96678;1;3;1
1273.53;422.06;-0.750673;2.78238;0.00810584;0.00292838;-0.00060097;0.00817468;0.00285954;1.00565;-0.00711704;0.000611821;0.998036;0.0401495;0.947013;1;3;1
31.5305;399.06;-6.51005;6.37124;0.00284528;-0.00297196;0.000101632;0.00284706;-0.00297374;1.00069;-0.00277992;0.00383222;0.998055;0.0177885;0.995721;1;3;1
54.5305;399.06;-6.44481;6.29949;0.00361314;-0.00446614;-0.00065215;0.00366544;-0.00451844;1.00511;-0.00258457;-0.00155799;0.996143;0.0227589;0.984776;1;3;1
77.5306;399.06;-6.34422;6.28517;0.00300041;-0.00608366;-0.000558741;0.00303464;-0.0061179;1.00222;-0.00138265;0.00337186;0.996015;0.0191626;0.993873;1;3;1
100.531;399.06;-6.30712;6.1931;0.0017981;-0.00334289;-0.000221353;0.00180761;-0.00335241;1.00365;-0.00174186;0.00316824;0.998457;0.0221169;0.988872;1;3;1
123.531;399.06;-6.26177;6.15423;0.00330015;-0.0034195;-0.00105883;0.00346304;-0.00358239;1.00096;0.00425446;0.00507142;0.991566;0.0202499;0.991561;1;3;1
146.531;399.06;-6.15579;6.04856;0.00253391;-0.00488269;-0.00138396;0.00278374;-0.00513253;1.0067;0.00098457;0.00228174;0.992527;0.0225354;0.982904;1;3;1
169.531;399.06;-6.14573;5.96906;0.00311845;-0.00416211;-0.000906236;0.00322955;-0.00427322;1.00008;-0.000774636;0.00673006;0.997245;0.0183029;0.992928;1;3;1
192.531;399.06;-6.0127;5.93723;0.00384941;-0.00346456;-0.000738372;0.00392321;-0.00353836;1.00178;-0.000269793;-0.002672;0.998132;0.020876;0.989923;1;2;1
215.531;399.06;-5.96916;5.84833;0.00277118;-0.00321989;-4.06382e-06;0.00277119;-0.00321989;1.00414;0.00379005;0.00776946;1.00005;0.0185317;0.991058;1;3;1
238.531;399.06;-5.88563;5.79375;0.0021308;-0.00563342;-0.000588902;0.00217522;-0.00567783;1.00276;-0.00540262;0.00147728;0.99299;0.0203887;0.991409;1;3;1
261.531;399.06;-5.87173;5.63596;0.00283576;-0.00442886;-0.000529798;0.00287419;-0.00446729;1.00557;-0.0033785;0.00434917;0.991692;0.0207445;0.99299;1;3;1
284.531;399.06;-5.7557;5.61755;0.00353468;-0.00212817;7.46217e-05;0.00353566;-0.00212915;1.00018;-0.00459277;0.00183805;0.997163;0.0182404;0.992286;1;2;1
307.531;399.06;-5.70954;5.53401;0.00291419;-0.00247557;-0.000391023;0.00294241;-0.00250379;1.00363;-0.00248907;0.00418088;0.995495;0.0188339;0.992446;1;3;1
330.531;399.06;-5.62212;5.4571;0.00413008;-0.00391816;0.000249989;0.00413783;-0.00392592;1.00626;-0.00280241;0.00165869;0.999055;0.0217944;0.985711;1;3;1
353.531;399.06;-5.52021;5.37585;0.00529329;-0.00311898;0.000460347;0.0053184;-0.0031441;1.00388;-0.00395385;0.00167731;0.999589;0.0215701;0.988181;1;3;1
376.531;399.06;-5.37939;5.35347;0.00347161;-0.00373656;0.000348279;0.0034884;-0.00375335;1.00575;-0.00460854;0.00420549;0.994558;0.021934;0.986788;1;3;1
399.531;399.06;-5.36086;5.30025;0.000619458;-0.00395944;-0.000903988;0.000791466;-0.00413144;0.997506;-0.00311244;0.00329796;0.998491;0.0202035;0.991614;1;3;1
422.531;399.06;-5.35117;5.19599;0.00301418;-0.00176053;0.000164436;0.00301984;-0.00176619;1.00581;-0.00284802;0.00271682;0.999304;0.0215671;0.990597;1;3;1
445.531;399.06;-5.22275;5.12298;0.00389193;-0.00206132;-0.000334736;0.00391069;-0.00208009;1.00232;0.000799696;0.00418677;0.997689;0.0204562;0.98959;1;3;1
468.531;399.06;-5.17272;5.05009;0.0044797;-0.00288233;-0.000982572;0.00460859;-0.00301121;1.00269;-0.00374865;0.00117857;0.992406;0.0204287;0.990974;1;3;1
491.531;399.06;-5.01736;4.98264;0.00516185;-0.00252897;-0.00145678;0.00542854;-0.00279566;1.00733;0.00280728;0.00138558;0.997502;0.0243108;0.984316;1;4;1
514.531;399.06;-4.93617;4.88711;0.00292544;-0.00286352;-0.000245571;0.00293584;-0.00287392;1.00255;-0.00594085;0.0050123;0.992974;0.0204303;0.989244;1;4;1
537.531;399.06;-4.88321;4.83854;0.00402812;-0.00226706;0.000269317;0.00403962;-0.00227856;1.00547;-0.00443799;0.00156597;1.0044;0.0202757;0.991395;1;3;1
560.531;399.06;-4.75131;4.8169;0.00346495;-0.00194313;0.000641306;0.00353996;-0.00201814;1.00314;-0.00934938;0.00354756;0.996092;0.0246978;0.982689;1;3;1
583.531;399.06;-4.72416;4.76616;0.0035178;-0.00331682;0.000342033;0.00353488;-0.0033339;1.0033;-0.00391524;0.00248327;0.996238;0.0209255;0.988885;1;3;1
606.531;399.06;-4.58991;4.70508;0.00540847;-0.00350415;-0.000616803;0.00545095;-0.00354664;1.00308;-0.000568615;0.00343175;0.997028;0.0203707;0.98976;1;3;1
629.531;399.06;-4.47638;4.5881;0.00467238;-0.00386888;-0.00103588;0.00479622;-0.00399272;1.00669;-0.00272128;0.00587831;0.994786;0.0224764;0.984502;1;3;1
652.531;399.06;-4.37603;4.47771;0.00504224;-0.00322651;-0.000135472;0.00504446;-0.00322873;1.00833;-0.00555688;0.000854048;0.9923;0.0223262;0.988219;1;3;1
675.531;399.06;-4.24527;4.43499;0.00570661;-0.00380063;-0.000898255;0.00579073;-0.00388476;1.00071;-0.00147404;0.00545588;0.994517;0.0197192;0.991536;1;3;1
698.531;399.06;-4.11456;4.31682;0.00424861;-0.00424199;-0.00085553;0.00433395;-0.00432734;1.00694;0.000242061;0.00647172;0.998633;0.0265669;0.980861;1;3;1
721.531;399.06;-4.0505;4.28339;0.00284966;-0.00372905;0.000381286;0.00287168;-0.00375107;1.00063;0.00102548;-0.000418349;0.997634;0.0216721;0.985437;1;3;1
744.531;399.06;-3.98366;4.30572;0.00430274;-0.00366847;-0.0011906;0.00447677;-0.0038425;1.00659;0.00108655;0.00401957;0.993875;0.0222528;0.988072;1;3;1
767.531;399.06;-3.85333;4.10678;0.00480465;-0.00189928;-0.00263071;0.00571371;-0.00280834;1.00511;-0.00516868;0.00753999;0.995936;0.0266125;0.982891;1;4;1
790.531;399.06;-3.7646;3.9424;0.00658674;-0.00115862;-4.92225e-05;0.00658705;-0.00115894;1.0039;0.00111635;0.00182933;1.00091;0.0231892;0.989461;1;4;1
813.531;399.06;-3.55135;4.07164;0.00610448;-0.00268301;0.00130443;0.00629402;-0.00287256;1.01116;-0.00480611;-0.00306453;0.998684;0.0233772;0.987769;1;3;1
836.531;399.06;-3.48465;3.96191;0.00403528;-0.00203676;-0.000205335;0.00404221;-0.0020437;1.00007;-0.0101301;0.00773418;0.99501;0.0260633;0.982562;1;3;1
859.531;399.06;-3.36646;3.88832;0.0060318;-0.00298882;-0.000136263;0.00603385;-0.00299088;1.00724;-0.00543231;0.00334738;0.993787;0.0212945;0.987796;1;3;1
882.531;399.06;-3.20816;3.84823;0.00628297;-0.00347283;0.000469686;0.00630553;-0.00349539;1.00808;-0.000272407;0.00544332;0.992995;0.0205742;0.98784;1;3;1
905.531;399.06;-3.07851;3.76576;0.0040093;-0.00254813;-0.000207829;0.00401588;-0.00255471;0.999889;-0.000347629;-0.000529661;0.998262;0.020203;0.990873;1;3;1
928.531;399.06;-3.02426;3.7262;0.00424324;-0.00274675;0.000474766;0.00427534;-0.00277885;1.004;-0.00158287;0.00415926;0.996782;0.0237493;0.990507;1;3;1
951.531;399.06;-2.88378;3.69782;0.00547206;-0.00145307;-0.00148813;0.0057783;-0.00175931;0.9997;0.000757337;0.0025269;0.994942;0.0241314;0.983908;1;3;1
974.531;399.06;-2.77344;3.58904;0.00662219;-3.82333e-05;-0.00139257;0.00690163;-0.000317672;1.01005;0.000424441;0.000695718;0.998687;0.0209288;0.989295;1;3;1
997.531;399.06;-2.58046;3.53282;0.00619993;-0.000490379;0.000442299;0.00622904;-0.000519493;1.00481;-0.00371491;0.00625104;1.00206;0.0257625;0.980554;1;3;1
1020.53;399.06;-2.48917;3.52206;0.00542853;-0.00170709;-0.000461274;0.00545823;-0.00173679;1.00427;0.00404032;0.00392572;0.994294;0.0235664;0.983045;1;3;1
1043.53;399.06;-2.33161;3.40098;0.00549191;0.000372542;-0.000597413;0.0055607;0.00030375;1.00397;-0.00488287;0.00665097;0.997629;0.0203164;0.987242;1;3;1
1066.53;399.06;-2.23759;3.3399;0.00782518;-0.00263604;0.000316636;0.00783476;-0.00264561;1.01041;-0.00490495;0.00294529;0.999168;0.0205521;0.990827;1;3;1
1089.53;399.06;-1.97326;3.25963;0.00665559;-0.00102658;-0.000646082;0.00670955;-0.00108054;1.00354;0.00409661;0.000265105;0.996885;0.0230082;0.98341;1;3;1
1112.53;399.06;-1.93257;3.2327;0.00388331;-0.00105485;0.000513122;0.00393606;-0.0011076;1.00214;-0.000699169;0.00128702;0.997611;0.0228751;0.981764;1;4;1
1135.53;399.06;-1.79503;3.18631;0.00627076;-0.000627061;-0.000441043;0.00629884;-0.000655147;1.00261;-0.000630945;0.00426354;0.996765;0.0246014;0.985437;1;3;1
1158.53;399.06;-1.64509;3.14759;0.00762013;-0.00158681;-0.000933095;0.00771375;-0.00168043;1.0141;-0.00263734;0.00761617;0.999232;0.0246854;0.9822;1;3;1
1181.53;399.06;-1.44603;3.05051;0.00742449;-0.0011384;-0.000671397;0.00747682;-0.00119073;1.00178;-0.00347384;-0.00400401;1.001;0.0242324;0.983338;1;3;1
1204.53;399.06;-1.30505;3.00055;0.00656705;-0.000709985;0.000541648;0.00660715;-0.00075008;1.00814;-0.00492784;0.00261146;1.00033;0.0248982;0.980272;1;3;1
1227.53;399.06;-1.14498;2.98717;0.00645463;0.000114039;-0.000565775;0.00650472;6.39501e-05;1.00664;-0.00747194;0.00420914;0.995976;0.0267751;0.981727;1;3;1
1250.53;399.06;-1.00929;2.86684;0.00728673;-0.000261121;-0.00109059;0.00744115;-0.000415541;1.00667;-0.00644208;0.00377577;0.999467;0.0267219;0.972577;1;3;1
1273.53;399.06;-0.811811;2.71299;0.00864509;0.00018631;-0.00135582;0.0088571;-2.56964e-05;1.01237;-0.00221729;0.00986364;1.00097;0.0272229;0.979157;1;4;1
31.5305;376.06;-6.57392;6.47356;0.00474273;-0.00348293;-0.000532739;0.00477709;-0.00351729;1.00191;-0.0026902;0.00457999;0.996219;0.0211592;0.988146;1;3;1
54.5305;376.06;-6.4652;6.4055;0.00431071;-0.00373944;-0.000300663;0.00432192;-0.00375066;1.00483;-0.000192652;-0.00201861;0.99661;0.0209396;0.987197;1;2;1
77.5306;376.06;-6.37611;6.40083;0.00229541;-0.00316127;-0.00054341;0.002349;-0.00321486;1.00076;-0.00163799;0.00434469;0.99477;0.0176504;0.993616;1;2;1
100.531;376.06;-6.35993;6.26798;0.00268697;-0.00353283;-0.0015321;0.00304389;-0.00388975;1.00422;-0.00179232;0.00584711;0.99887;0.0190829;0.988755;1;3;1
123.531;376.06;-6.25324;6.17213;0.00372703;-0.00134055;-0.000131344;0.00373043;-0.00134395;0.999543;-0.00778174;0.00531198;1.00443;0.0205347;0.987243;1;3;1
146.531;376.06;-6.18899;6.13855;0.002464;-0.00303036;0.000446225;0.0025;-0.00306637;1.00513;-0.00308817;0.000683627;0.998045;0.0194651;0.987965;1;2;1
169.531;376.06;-6.14016;6.06784;0.0026852;-0.00430252;-0.000992885;0.00282354;-0.00444086;1.00045;-0.000618604;0.00481194;0.993193;0.0200206;0.988795;1;2;1
192.531;376.06;-6.0659;5.98216;0.00117341;-0.0026704;-0.00027033;0.00119233;-0.00268932;1.00215;-0.0016626;0.00401276;0.998373;0.0182986;0.992152;1;3;1
215.531;376.06;-6.08641;5.93401;0.000861258;-0.00313543;-6.00642e-05;0.00086216;-0.00313634;1.00453;-0.00298757;-0.00269938;0.999694;0.0190914;0.987982;1;3;1
238.531;376.06;-6.0264;5.8848;0.00340443;-0.00280469;-0.000223479;0.00341246;-0.00281272;0.998654;-0.00555452;0.00659424;0.998491;0.0232654;0.988078;1;3;1
261.531;376.06;-5.93039;5.76106;0.005597;-0.00469873;-0.00141434;0.00578776;-0.00488949;1.0037;-0.000348828;0.00663144;0.999507;0.0203411;0.991455;1;3;1
284.531;376.06;-5.77008;5.68626;0.00383002;-0.00362363;-0.000792419;0.00391334;-0.00370694;1.00502;-0.00201103;0.000212181;0.997417;0.0197435;0.99188;1;3;1
307.531;376.06;-5.75496;5.56515;0.00112261;-0.00360031;-0.00014514;0.00112706;-0.00360477;1.00074;0.000418006;0.00212295;0.995445;0.022327;0.990247;1;3;1
330.531;376.06;-5.71866;5.55436;0.00226037;-0.00374633;-0.000188441;0.00226627;-0.00375223;1.00035;-0.00362445;0.0025646;0.995921;0.0200503;0.989971;1;3;1
353.531;376.06;-5.65123;5.45674;0.00523445;-0.00339375;0.000111462;0.00523589;-0.00339519;1.00308;-0.00289561;0.00705013;0.995094;0.0197327;0.990546;1;2;1
376.531;376.06;-5.47865;5.43645;0.00556806;-0.00271312;0.00178614;0.00593688;-0.00308194;1.00862;-0.00247838;0.000553609;1.00305;0.0201627;0.993891;1;3;1
399.531;376.06;-5.39585;5.3953;0.00116868;-0.00218472;0.000112407;0.00117244;-0.00218849;0.995971;0.00268384;0.00873377;0.997651;0.024233;0.992378;1;3;1
422.531;376.06;-5.42523;5.26939;0.00110956;-0.0020595;-0.00143733;0.00166434;-0.00261428;1.00343;-0.00121177;0.000259766;1.00086;0.0200604;0.989699;1;3;1
445.531;376.06;-5.34533;5.18262;0.00552542;-0.00273498;-0.00014276;0.00552789;-0.00273744;1.00494;-0.00564034;0.00365393;0.992528;0.0196869;0.987405;1;3;1
468.531;376.06;-5.17202;5.11291;0.00488799;-0.00292141;-0.000470503;0.00491623;-0.00294966;1.00822;-0.00179345;-0.000625217;0.999952;0.01774;0.993574;1;3;1
491.531;376.06;-5.12119;5.06171;0.00305407;-0.00313736;-0.000523483;0.00309802;-0.0031813;1.00049;-0.00715978;0.00404886;0.998378;0.0242954;0.982831;1;4;1
514.531;376.06;-5.03201;4.95829;0.0043362;-0.00450246;-0.000617342;0.00437911;-0.00454537;1.00468;0.00324243;0.000295086;0.993018;0.0211741;0.991162;1;3;1
537.531;376.06;-4.92243;4.90048;0.00468141;-0.00420549;0.000267517;0.00468946;-0.00421354;1.0055;0.000275409;0.00285222;0.992077;0.0244404;0.984363;1;3;1
560.531;376.06;-4.81729;4.85001;0.00392645;-0.0023618;-1.53372e-05;0.00392649;-0.00236184;1.00176;-0.0027469;0.00545562;0.995786;0.0216916;0.987782;1;3;1
583.531;376.06;-4.74232;4.78266;0.00406134;-0.00157782;-0.00074323;0.00415765;-0.00167413;1.00813;-0.00468674;-0.00227737;1.00379;0.0227892;0.985336;1;3;1
606.531;376.06;-4.63101;4.72711;0.00450868;-0.00189907;6.53129e-06;0.00450869;-0.00189908;1.00352;-0.00227657;0.00342275;0.998797;0.0215539;0.987867;1;2;1
629.531;376.06;-4.53555;4.66115;0.00379594;-0.0028966;-0.000883009;0.00391048;-0.00301114;1.0085;0.00119875;0.000316016;0.999558;0.027664;0.985535;1;3;1
652.531;376.06;-4.45698;4.57352;0.00421022;-0.00301459;-0.00118137;0.00439848;-0.00320286;1.00148;-0.00295595;0.00894303;0.99891;0.0232342;0.985468;1;3;1
675.531;376.06;-4.34281;4.44112;0.0058784;-0.00210166;-0.000751101;0.00594848;-0.00217174;1.00678;-0.00289452;-0.000534897;0.999428;0.0304144;0.977063;1;3;1
698.531;376.06;-4.18755;4.44262;0.00587436;-0.00341778;0.000666121;0.00592187;-0.00346529;1.00789;-0.00344661;0.00403794;0.995007;0.0218347;0.989015;1;2;1
721.531;376.06;-4.07349;4.33693;0.00502556;-0.001889;-0.000497487;0.00506117;-0.00192461;1.00388;-0.00229218;0.00243149;0.999493;0.0208586;0.989871;1;3;1
744.531;376.06;-3.95707;4.33997;0.00409828;-0.000511084;-0.0016603;0.00463405;-0.00104685;1.0043;-0.00159222;0.00647932;1.00617;0.0252815;0.985339;1;3;1
767.531;376.06;-3.88567;4.16691;0.00587437;-0.0031466;-0.001638;0.00616259;-0.00343482;1.00669;-0.00333682;0.00201085;0.998342;0.023531;0.987834;1;3;1
790.531;376.06;-3.68813;4.1265;0.00556071;-0.00576606;0.000466265;0.00557987;-0.00578522;1.00536;-0.00589553;-0.00217251;0.990999;0.0220464;0.990063;1;3;1
813.531;376.06;-3.63059;4.14644;0.00266737;-0.0018466;5.62898e-05;0.00266807;-0.00184731;1.00795;-0.00281471;0.00508818;0.998224;0.0227074;0.983056;1;3;1
836.531;376.06;-3.5657;4.02594;0.00486412;-0.00244796;-0.0016479;0.00521834;-0.00280218;1.00562;0.00551753;-0.000113389;1.00034;0.0218315;0.988212;1;4;1
859.531;376.06;-3.4078;3.94956;0.00509083;-0.000891598;-0.000422374;0.0051205;-0.000921271;1.00052;0.00219718;0.0080896;1.00224;0.023366;0.986388;1;4;1
882.531;376.06;-3.33233;3.88746;0.00621309;-0.00162714;-1.92042e-05;0.00621314;-0.00162719;1.00738;-0.006038;0.000206937;0.993687;0.0217249;0.98839;1;3;1
905.531;376.06;-3.12315;3.79088;0.00648182;-0.00238267;-0.000183918;0.00648564;-0.00238649;1.00959;-0.000245636;0.00246859;0.998086;0.0224115;0.991825;1;4;1
928.531;376.06;-3.03536;3.73777;0.00572428;-0.00181783;-0.000355504;0.005741;-0.00183455;1.0026;0.000898905;0.00575911;0.996181;0.0223596;0.986362;1;3;1
951.531;376.06;-2.86069;3.69222;0.00556598;-0.00153837;-0.00181827;0.0060043;-0.00197669;1.00567;-0.000682873;0.00121341;1.00549;0.0231664;0.984797;1;3;1
974.531;376.06;-2.78038;3.55918;0.00439659;-0.00207123;-0.000898382;0.00451906;-0.00219369;1.00481;0.00149017;0.00134231;0.99598;0.0232292;0.984699;1;3;1
997.531;376.06;-2.65915;3.53688;0.00477705;-0.00166446;0.00079538;0.00487381;-0.00176122;1.00555;-0.000653048;0.00415568;0.995457;0.0216263;0.985847;1;3;1
1020.53;376.06;-2.56116;3.5414;0.0061625;-0.000234885;-0.000295756;0.00617615;-0.000248529;1.00566;-0.00379278;0.00151836;1.00016;0.0232788;0.987193;1;3;1
1043.53;376.06;-2.37668;3.4257;0.00631561;-0.00206491;-0.000335675;0.00632903;-0.00207833;1.00792;-0.000906211;0.00312372;0.998681;0.0195051;0.988295;1;3;1
1066.53;376.06;-2.27177;3.39957;0.0075227;-0.00208956;-0.0014199;0.00772806;-0.00229492;1.00876;0.0035789;0.00296546;0.995186;0.0203321;0.990016;1;3;1
1089.53;376.06;-2.03215;3.28152;0.00723982;-0.00366237;-0.00041279;0.00725543;-0.00367797;1.00627;-0.0040288;0.00431992;0.996954;0.0234934;0.979859;1;3;1
1112.53;376.06;-1.94023;3.23545;0.00607158;-0.000581719;-0.00103162;0.00622786;-0.000738005;1.00571;-0.00168722;0.00139079;1.00264;0.019084;0.994708;1;3;1
1135.53;376.06;-1.75387;3.15684;0.00683847;-0.000521839;-0.000350239;0.00685509;-0.000538467;1.00902;0.000597372;0.00290542;0.99884;0.0235246;0.98506;1;3;1
1158.53;376.06;-1.62684;3.13274;0.00557328;-0.00182475;0.000566505;0.00561641;-0.00186788;1.00305;-0.000763734;-0.000827256;0.995607;0.0218875;0.988607;1;3;1
1181.53;376.06;-1.4983;3.06333;0.00550334;-0.00211699;-0.000436573;0.00552827;-0.00214192;1.00679;0.00125464;0.0052332;0.996251;0.0242194;0.980136;1;3;1
1204.53;376.06;-1.37459;2.99328;0.00638341;-0.000205023;-0.000638942;0.0064448;-0.000266415;1.00201;0.00109064;0.00215637;0.996749;0.0247222;0.977135;1;3;1
1227.53;376.06;-1.20574;2.94543;0.00579957;0.000136484;-0.000130461;0.00580257;0.00013348;1.00951;0.00341091;0.00256646;1.00229;0.0250891;0.976458;1;3;1
1250.53;376.06;-1.10871;2.88213;0.00597271;-0.000766089;-0.000756755;0.00605665;-0.000850026;1.00671;-0.000802714;0.00119201;1.00156;0.02343;0.982101;1;3;1
1273.53;376.06;-0.932132;2.77417;0.007718;-0.00326493;-0.00142986;0.0079011;-0.00344803;1.00394;-0.00189902;0.00484148;0.997387;0.0315957;0.978922;1;4;1
31.5305;353.06;-6.59628;6.53182;0.00466035;-0.00507725;-0.00114956;0.00479422;-0.00521112;1.00748;-0.000236962;0.00111497;0.998319;0.0191524;0.993746;1;3;1
54.5305;353.06;-6.48942;6.47185;0.00359938;-0.00662452;-0.000280945;0.0036071;-0.00663224;0.999604;-0.00128625;0.00238463;0.99922;0.0212314;0.993804;1;3;1
77.5306;353.06;-6.43112;6.43091;0.00208346;-0.00155752;0.00206232;0.00301385;-0.00248791;1.00111;0.000894108;0.00296281;0.997552;0.0164477;0.99467;1;3;1
100.531;353.06;-6.39383;6.35598;0.00115534;-0.00510045;-0.00234321;0.00193568;-0.0058808;1.00577;0.00154396;0.00766582;0.989579;0.0195033;0.991117;1;3;1
123.531;353.06;-6.3785;6.21608;0.00203823;-0.00511082;-0.00130406;0.00226868;-0.00534127;1.00037;-0.00231418;0.000623409;0.995716;0.0200321;0.991152;1;2;1
146.531;353.06;-6.30047;6.1884;0.00367187;-0.00182519;0.00047702;0.00371296;-0.00186628;1.00289;-0.00391175;0.00414448;0.998298;0.018731;0.993855;1;2;1
169.531;353.06;-6.20993;6.16745;0.00390915;-0.00669524;-1.66431e-05;0.00390917;-0.00669526;1.00426;-0.00144702;0.00514033;0.996917;0.0198908;0.992658;1;3;1
192.531;353.06;-6.12117;6.06036;0.0032585;-0.00907199;-0.00125275;0.00338449;-0.00919798;1.00373;-0.00613336;0.00300071;0.992868;0.0188956;0.990851;1;3;1
215.531;353.06;-6.06061;5.99287;0.00183566;-0.00638486;-0.00188326;0.00224656;-0.00679576;1.00166;-4.95101e-05;-0.000538819;0.994542;0.0198043;0.989605;1;3;1
238.531;353.06;-6.03701;5.9232;0.00265532;-0.00407272;-0.00272453;0.00362024;-0.00503764;1.00204;0.000486666;0.00614494;0.996185;0.0192445;0.994002;1;2;1
261.531;353.06;-5.93884;5.85266;0.00347758;-0.00662832;-0.00074615;0.00353238;-0.00668311;1.00376;0.000763046;0.00588486;0.993378;0.0195697;0.99331;1;2;1
284.531;353.06;-5.87753;5.78471;0.00242953;-0.0037792;0.000687082;0.00250466;-0.00385433;0.998645;-0.00361911;0.00018751;0.995944;0.0224716;0.987614;1;3;1
307.531;353.06;-5.82747;5.70007;0.00359774;-0.00401767;-0.000162302;0.0036012;-0.00402112;1.00548;-0.00844004;0.00735102;0.991955;0.0204545;0.994575;1;3;1
330.531;353.06;-5.71259;5.62984;0.00393088;-0.0037099;-0.0022012;0.00451964;-0.00429866;1.00882;-0.00324451;0.002994;0.995292;0.0212793;0.991068;1;3;1
353.531;353.06;-5.64731;5.53241;0.00237451;-0.00423033;-0.00242276;0.00316792;-0.00502373;0.998989;0.00241463;-9.32276e-05;0.996487;0.018953;0.99204;1;2;1
376.531;353.06;-5.60374;5.47899;0.0023899;-0.00324219;-0.000621433;0.00245765;-0.00330994;1.00279;-0.00504556;0.00620594;0.998116;0.0193934;0.99307;1;4;1
399.531;353.06;-5.53769;5.40119;0.0037686;0.00036832;-0.000379871;0.00381052;0.000326399;1.001;-0.0111998;0.00437239;0.99618;0.020218;0.991971;1;3;1
422.531;353.06;-5.43109;5.29089;0.00376912;-0.0028578;-0.000853637;0.00387732;-0.00296599;1.00515;0.00056723;0.00190731;0.997729;0.0207178;0.99296;1;3;1
445.531;353.06;-5.36489;5.24918;0.00395552;-0.00324261;-0.000327858;0.00397042;-0.00325751;1.00239;-0.00299445;0.00245208;0.996722;0.0190569;0.991753;1;3;1
468.531;353.06;-5.24962;5.18474;0.00527552;-0.0024695;0.00037291;0.00529343;-0.00248742;1.00345;0.000755729;0.00385787;0.994723;0.0183627;0.993409;1;3;1
491.531;353.06;-5.12301;5.1273;0.00458163;-0.00310547;-0.000388894;0.00460126;-0.00312509;1.00534;0.00150794;0.00201985;0.998626;0.0225258;0.98863;1;4;1
514.531;353.06;-5.03943;5.09481;0.00235243;-0.00264729;-0.000848308;0.00249244;-0.0027873;0.999581;-0.00289684;0.00232505;1.00548;0.0238409;0.991484;1;4;1
537.531;353.06;-5.01503;5.03259;0.00376277;-0.0016959;-0.00190658;0.00436275;-0.00229588;1.00606;-0.00441405;0.0045562;0.995618;0.0230934;0.984682;1;3;1
560.531;353.06;-4.86698;4.92582;0.00516894;-0.000117718;-0.000881696;0.00531211;-0.000260888;1.00293;-0.000284656;0.00349725;0.996429;0.0186065;0.993974;1;3;1
583.531;353.06;-4.77827;4.83883;0.00339546;-0.00422027;-0.000618907;0.00344543;-0.00427024;1.0022;-0.00230769;0.00530057;0.993454;0.0232194;0.988296;1;3;1
606.531;353.06;-4.71124;4.79268;0.00502152;-0.00474047;-0.00047121;0.00504421;-0.00476316;1.00747;-0.00272118;0.00344779;0.996191;0.0224323;0.986163;1;3;1
629.531;353.06;-4.54801;4.72159;0.00491056;0.000461556;-0.000597822;0.00498949;0.000382625;1.00243;-0.0076746;0.000858471;0.997982;0.0215128;0.98907;1;3;1
652.531;353.06;-4.48624;4.61673;0.00527379;-0.00136138;-0.00106267;0.00543983;-0.00152742;1.00313;0.00110242;0.0073146;0.99778;0.0205768;0.991288;1;3;1
675.531;353.06;-4.30644;4.53181;0.00452654;-0.00416842;-0.00169772;0.00484627;-0.00448815;1.00755;0.000644661;7.91322e-05;0.997412;0.0226348;0.989897;1;3;1
698.531;353.06;-4.27871;4.47461;0.00435335;-0.00248115;-0.000147752;0.00435654;-0.00248434;1.00522;-0.00172683;0.00431508;1.00313;0.0201528;0.990124;1;3;1
721.531;353.06;-4.1069;4.3704;0.00606524;-0.00501706;9.02169e-05;0.00606597;-0.00501779;1.00574;-0.00236816;0.00202017;0.998054;0.0255336;0.984347;1;3;1
744.531;353.06;-4.00078;4.32924;0.0041821;-0.00195871;9.36442e-05;0.00418353;-0.00196013;1.00556;-0.00364183;0.00886947;0.998767;0.0245029;0.986741;1;3;1
767.531;353.06;-3.91508;4.2518;0.00377755;-0.00253301;-0.000209806;0.00378452;-0.00253997;1.00316;-0.00164789;0.00152361;0.997703;0.023354;0.991027;1;2;1
790.531;353.06;-3.8275;4.20845;0.00563647;-0.00249131;0.000557946;0.0056746;-0.00252944;1.00424;-0.00230056;-0.000796619;1.00023;0.0209459;0.991719;1;3;1
813.531;353.06;-3.65662;4.15678;0.00650933;0.00147947;-0.000309583;0.00652832;0.00146049;1.01024;0.00214458;0.00455351;0.995765;0.0209025;0.988216;1;4;1
836.531;353.06;-3.52923;4.07468;0.00417671;-0.00443428;-0.00230052;0.00475278;-0.00501035;1.0014;0.000154754;0.00692042;0.998276;0.0212398;0.986214;1;3;1
859.531;353.06;-3.46545;3.92946;0.003607;-0.00526867;-0.00174858;0.00393907;-0.00560073;1.00073;-0.00347138;0.00379441;0.996503;0.021167;0.991668;1;3;1
882.531;353.06;-3.36385;3.92341;0.00556789;-0.000726495;-5.59269e-05;0.00556839;-0.000726992;1.00584;-0.00223177;-0.00365741;1.00025;0.0191757;0.989126;1;3;1
905.531;353.06;-3.21007;3.87569;0.00598148;-0.00288277;-0.000174359;0.00598491;-0.00288619;1.0065;-0.00274143;0.0020202;1.00001;0.0202485;0.991333;1;3;1
928.531;353.06;-3.08966;3.80994;0.00688082;-0.00319479;0.000117477;0.00688219;-0.00319616;1.00847;0.00123525;0.00311366;0.997635;0.0200368;0.991574;1;3;1
951.531;353.06;-2.89476;3.76864;0.0053259;-0.00572989;0.00101338;0.00541802;-0.00582201;1.0066;-0.00364136;0.00618175;0.991776;0.0223853;0.985797;1;3;1
974.531;353.06;-2.84549;3.68448;0.00488327;-0.00330592;-0.000734091;0.00494855;-0.00337121;1.00535;0.000910896;-0.000694867;0.997081;0.0237837;0.986553;1;4;1
997.531;353.06;-2.67095;3.60954;0.00595559;-0.00189852;-3.72831e-05;0.00595577;-0.0018987;1.00627;-0.000927844;0.00688727;0.999503;0.0222294;0.984702;1;3;1
1020.53;353.06;-2.57259;3.53294;0.00500187;-0.000933646;0.000935745;0.00514589;-0.00107767;1.00439;-0.00160673;0.000670936;0.99987;0.0191785;0.991139;1;2;1
1043.53;353.06;-2.44157;3.4962;0.00702342;-0.00164903;0.000481014;0.00705001;-0.00167563;1.00996;-0.00487649;0.00214501;0.997646;0.0216725;0.98865;1;2;1
1066.53;353.06;-2.25074;3.43612;0.00749997;-0.000850263;-0.000629491;0.00754716;-0.000897451;1.00638;-0.00377906;0.00580512;1.00166;0.0188512;0.992623;1;3;1
1089.53;353.06;-2.09791;3.42857;0.0063024;-0.00446823;0.000487426;0.00632441;-0.00449024;1.00305;-0.00186896;0.00408699;0.997876;0.0220788;0.990547;1;3;1
1112.53;353.06;-1.96208;3.25948;0.00508756;-0.00245419;-0.00129657;0.00530425;-0.00267087;0.998562;-0.000985142;-0.00165007;0.993312;0.0271951;0.978805;1;3;1
1135.53;353.06;-1.86499;3.21038;0.00375345;-0.00418727;0.00133786;0.0039728;-0.00440662;1.00557;-0.00629484;0.00326025;0.996812;0.0189169;0.992072;1;3;1
1158.53;353.06;-1.78975;3.23183;0.0069926;-0.00132136;-0.000176511;0.00699635;-0.0013251;1.00402;-0.00526985;-0.00288375;0.998287;0.0217629;0.987904;1;3;1
1181.53;353.06;-1.54449;3.1481;0.00931492;-0.00164841;-0.00158606;0.00953976;-0.00187325;1.01191;-0.00629483;0.00627216;0.999991;0.0219403;0.989563;1;3;1
1204.53;353.06;-1.36377;3.01002;0.00656954;-0.000816866;-0.000979388;0.00669719;-0.00094452;1.00631;-0.00593978;0.00547058;0.997218;0.0221293;0.986744;1;3;1
1227.53;353.06;-1.24358;2.981;0.00553041;-0.00234576;0.00098893;0.00565268;-0.00246803;1.0047;-0.00582862;0.00146344;0.993635;0.0225879;0.982443;1;3;1
1250.53;353.06;-1.1102;2.9022;0.00761311;0.000296638;-0.000349443;0.00762976;0.000279986;1.011;-0.0021789;0.00578531;0.99779;0.0236538;0.980789;1;3;1
1273.53;353.06;-0.894845;2.8635;0.00940835;-0.00219775;0.000738198;0.00945511;-0.00224451;1.00881;-0.00263389;-0.000313207;0.994424;0.0298029;0.97678;1;3;1
31.5305;330.06;-6.58743;6.70771;0.00209379;-0.00761807;-0.000115316;0.00209516;-0.00761944;1.01055;-0.00345907;-0.00303453;0.989233;0.0320372;0.992505;1;4;1
54.5305;330.06;-6.53933;6.7113;-0.00201673;-0.0103544;-0.00143611;-0.0017763;-0.0105948;0.993892;-0.0081838;0.00891854;0.979887;0.0262911;0.993667;1;4;1
77.5306;330.06;-6.68089;6.47354;0.003958;-0.00179295;0.00319354;0.00537985;-0.0032148;0.999668;-0.0236971;0.000161956;1.00026;0.0275041;0.990276;1;4;1
100.531;330.06;-6.35809;6.5032;0.00831777;-0.00637896;-0.00149278;0.00846787;-0.00652905;0.999582;0.00172578;0.00196063;1.0017;0.0349078;0.988352;1;3;1
123.531;330.06;-6.2999;6.40786;0.00169407;-0.00829735;-0.00473528;0.00358167;-0.010185;1.00632;0.00606579;0.00551849;0.984009;0.0314249;0.993441;1;4;1
146.531;330.06;-6.28108;6.22268;0.000752324;-0.00148911;-0.000756413;0.000983704;-0.00172049;0.992884;0.00607584;0.00464698;0.991629;0.0384119;0.983627;1;4;1
169.531;330.06;-6.26532;6.37703;0.00344014;-0.00906745;0.00313327;0.00418115;-0.00980846;1.00264;-0.00255346;-0.000911689;0.98572;0.0374582;0.987078;1;3;1
192.531;330.06;-6.12345;6.40142;0.00470796;-0.0147188;-0.00153895;0.00482912;-0.01484;1.00449;0.00552582;0.00258267;0.978791;0.0369813;0.995314;1;3;1
215.531;330.06;-6.0495;6.22867;0.00455251;-0.0101993;-0.00377968;0.00546454;-0.0111114;1.00673;0.00946406;0.00391733;0.98513;0.0353207;0.986551;1;3;1
238.531;330.06;-5.91568;6.07266;0.00110277;-0.00646318;-0.00438618;0.00311199;-0.0084724;0.998964;0.0140689;0.00392841;0.986067;0.0349904;0.986619;1;3;1
261.531;330.06;-5.99908;6.06703;-0.00149065;-0.0092735;-0.000972417;-0.00137099;-0.00939316;0.994762;-0.00488659;0.00509908;0.986347;0.0361101;0.991729;1;3;1
284.531;330.06;-5.98479;5.86093;0.00231556;-0.00329782;-0.00109165;0.00252038;-0.00350264;1.00013;-0.00526947;0.00615187;0.995731;0.0358829;0.979346;1;3;1
307.531;330.06;-5.89377;5.75055;0.00657924;-0.00218805;-1.9797e-05;0.00657928;-0.00218809;1.01157;-0.00129288;-0.000422244;1.00734;0.0321516;0.98316;1;3;1
330.531;330.06;-5.68333;5.72535;0.00687477;-0.00414291;-0.00170934;0.00713387;-0.00440201;1.00337;0.00752483;0.00361864;0.996208;0.0270109;0.992902;1;3;1
353.531;330.06;-5.57872;5.6518;0.00286161;-0.00517314;-0.00300331;0.00386013;-0.00617165;1.00391;0.00562252;0.00807522;0.994511;0.0334452;0.985301;1;3;1
376.531;330.06;-5.55209;5.58589;0.000674912;-0.00463466;-0.00407913;0.00288708;-0.00684682;1.00324;0.00944759;0.000387569;0.987919;0.0287999;0.988116;1;2;1
399.531;330.06;-5.54849;5.37861;0.00118477;0.000982462;-0.00177564;0.00286214;-0.000694909;0.999562;0.0029832;0.00603698;1.00523;0.0337665;0.979831;1;3;1
422.531;330.06;-5.498;5.40109;0.00278295;-0.00477549;0.000955168;0.00290179;-0.00489433;1.00202;-0.00686312;0.010863;0.991601;0.0361258;0.991618;1;4;1
445.531;330.06;-5.42068;5.33208;0.00372942;-0.00359489;-0.000669184;0.00379006;-0.00365553;1.00518;0.00220564;-0.00317526;0.992307;0.0311923;0.992287;1;4;1
468.531;330.06;-5.32709;5.22691;0.00536299;-0.001826;0.000312329;0.00537653;-0.00183955;1.00527;-0.00795314;0.00622776;1.0001;0.0238346;0.992397;1;3;1
491.531;330.06;-5.17481;5.20481;0.00608228;-0.00336164;-0.000456043;0.00610425;-0.00338361;1.00381;-0.0074986;-0.000471897;0.999063;0.0275651;0.993363;1;3;1
514.531;330.06;-5.04838;5.08023;0.00565961;0.000634284;-0.00226514;0.00652989;-0.000236001;1.00349;-0.00196463;0.00727392;0.993845;0.0317113;0.987044;1;4;1
537.531;330.06;-4.91576;4.97856;0.00260325;0.00236157;-0.00461129;0.00709528;-0.00213046;1.00439;0.00734312;0.000304772;1.01034;0.0324869;0.987112;1;3;1
560.531;330.06;-4.92934;4.85556;0.00213398;0.00306275;0.00134449;0.0040208;0.00117594;1.00179;-0.00569152;0.00461828;1.00861;0.0313366;0.992501;1;3;1
583.531;330.06;-4.8177;4.97727;0.00491304;-0.00599935;0.00183566;0.00521355;-0.00629986;1.0036;0.00195793;-0.00319935;0.989042;0.0286989;0.990019;1;4;1
606.531;330.06;-4.70398;4.94575;0.00354847;-0.00663292;-0.00379918;0.00480986;-0.00789431;1.00105;0.0035265;0.0136308;0.989125;0.0287907;0.990331;1;3;1
629.531;330.06;-4.65599;4.64008;0.00341361;0.00356132;-0.00102028;0.00451041;0.00246452;1.00247;-0.00157212;-0.00128358;1.00989;0.0308908;0.989043;1;3;1
652.531;330.06;-4.54826;4.63628;0.00715113;-0.000846267;0.00128383;0.00735217;-0.00104731;1.00684;-0.00712198;0.00145188;1.00267;0.0286044;0.99242;1;3;1
675.531;330.06;-4.32821;4.63328;0.00466276;-0.00440123;-0.000381134;0.00467876;-0.00441723;1.00396;-0.00477115;0.00922421;0.99619;0.0293168;0.990064;1;3;1
698.531;330.06;-4.33434;4.55713;0.00223601;-0.00357867;0.000510941;0.00228057;-0.00362323;1.00838;-0.00382225;-0.000864799;0.987215;0.0287874;0.986395;1;3;1
721.531;330.06;-4.22551;4.56855;0.00547101;-0.00856496;0.00122618;0.00557732;-0.00867127;1.00523;-0.00663152;0.00448333;0.97995;0.0292663;0.988096;1;3;1
744.531;330.06;-4.08353;4.43034;0.00522928;-0.00437946;-0.00127454;0.00539547;-0.00454564;1.00254;-0.000470634;0.00503801;0.987961;0.0262908;0.991045;1;3;1
767.531;330.06;-3.98647;4.28369;0.00546036;-0.00138076;-0.000489638;0.00549523;-0.00141563;1.00117;-0.00311542;0.00241524;0.998512;0.0281108;0.990185;1;3;1
790.531;330.06;-3.83342;4.24147;0.00548292;-0.00143469;-0.00209703;0.00606898;-0.00202074;1.00648;0.000640409;0.00526416;0.998794;0.0286603;0.98807;1;4;1
813.531;330.06;-3.73539;4.07856;0.00551752;0.00341282;0.00160073;0.00638083;0.00254951;1.00452;-0.00773715;0.0058798;1.0117;0.0279894;0.990987;1;3;1
836.531;330.06;-3.58031;4.23037;0.00737689;-0.00674376;0.00234943;0.00775753;-0.0071244;1.00937;-0.00485501;-0.00591257;0.99317;0.0298434;0.993659;1;4;1
859.531;330.06;-3.39744;4.19256;0.00437265;-0.0113695;-0.00481013;0.00572606;-0.0127229;1.00377;0.00631849;0.00769396;0.981649;0.0327631;0.988847;1;4;1
882.531;330.06;-3.38064;3.92092;0.0038891;0.000108545;-0.00255546;0.00517743;-0.00117978;1.00576;0.00432792;0.0079002;1.00178;0.025212;0.991703;1;3;1
905.531;330.06;-3.21967;3.92378;0.00498149;-0.00208864;-0.000178625;0.004986;-0.00209315;1.00329;-0.00302572;0.0094218;0.997853;0.029553;0.988232;1;3;1
928.531;330.06;-3.15208;3.88512;0.00309537;-0.00325934;0.00172168;0.00353185;-0.00369582;1.00667;-0.00826;0.000740019;0.996933;0.0253781;0.991016;1;3;1
951.531;330.06;-3.07751;3.95707;0.00613655;-0.00812736;0.00212656;0.00644684;-0.00843765;1.0039;-0.0114283;-0.00164174;0.990371;0.0286573;0.994384;1;3;1
974.531;330.06;-2.87098;3.71159;0.00594407;-0.00117774;-0.00305288;0.0070736;-0.00230727;1.00585;0.0016925;0.00821279;1.00183;0.0277819;0.988946;1;3;1
997.531;330.06;-2.80609;3.62453;0.00243032;-0.000634238;0.00156768;0.00309019;-0.00129411;1.00617;-0.0107098;0.00324191;0.999694;0.0288485;0.987315;1;3;1
1020.53;330.06;-2.7595;3.5848;0.00631641;-0.00221902;0.00275812;0.00713009;-0.0030327;1.00332;-0.0102934;0.0036512;0.995654;0.0272478;0.986447;1;3;1
1043.53;330.06;-2.51661;3.50183;0.0104535;-0.000239763;6.05219e-05;0.0104538;-0.000240106;1.01224;-0.00108983;0.00425306;1.00218;0.024689;0.993317;1;3;1
1066.53;330.06;-2.28135;3.4387;0.00578068;-0.000111113;0.000519389;0.00582612;-0.000156549;1.00051;0.00558591;-8.2002e-05;0.997415;0.0239198;0.994146;1;3;1
1089.53;330.06;-2.25146;3.48804;0.00530381;-0.00255984;0.00237882;0.00596741;-0.00322345;1.00687;-0.0115202;0.00346952;0.992145;0.0267696;0.988963;1;4;1
1112.53;330.06;-2.03811;3.34858;0.00758837;-0.00386101;0.000171936;0.00759095;-0.00386359;1.00906;-0.00923485;0.00253033;1.0059;0.0302399;0.994265;1;4;1
1135.53;330.06;-1.90392;3.35011;0.0079858;-0.00605539;-0.000821449;0.0080337;-0.00610329;1.00079;0.00527519;0.00835955;0.992777;0.0245342;0.992192;1;3;1
1158.53;330.06;-1.67248;3.19359;0.00722724;0.00167727;-0.00486319;0.0100515;-0.00114696;1.01003;0.00888157;-0.000321706;1.00119;0.0273738;0.990059;1;4;1
1181.53;330.06;-1.57314;3.13928;0.00483342;0.000384662;-0.0011427;0.00510976;0.000108316;1.00491;0.00198841;0.00534538;1.00133;0.0336646;0.988673;1;4;1
1204.53;330.06;-1.45096;3.03094;0.00370294;-0.000902102;0.000975137;0.00390092;-0.00110008;1.00335;-0.00104923;0.00345475;1.00445;0.0252484;0.99075;1;3;1
1227.53;330.06;-1.4032;3.05389;0.00561979;-0.00314002;0.00173007;0.0059491;-0.00346933;1.00734;-0.0050198;0.00119449;0.997595;0.0286666;0.98509;1;3;1
1250.53;330.06;-1.19346;2.86856;0.00714708;0.00147024;-0.00011784;0.00714953;0.00146779;1.01123;-0.0073016;0.00679217;1.00682;0.0306313;0.980133;1;4;1
1273.53;330.06;-1.07594;2.8756;0.00512253;-0.000495002;0.00410985;0.00729172;-0.00266419;0.991738;-0.0105808;0.0020944;0.999536;0.0348559;0.978574;1;3;1
